Time_ms,LeftRotX,LeftRotY,LeftRotZ,LeftRotW,LeftConfidence,RightRotX,RightRotY,RightRotZ,RightRotW,RightConfidence
102468,-0,07093789,-0,01676857,-0,0152914,0,9972227,0,9980469,-0,07136495,-0,04373181,-0,01297339,0,9964068,0,9980469
102482,-0,07094063,-0,01675691,-0,01512759,0,9972251,0,9980469,-0,071372,-0,04372025,-0,01281206,0,9964088,0,9980469
102496,-0,07116559,-0,01691147,-0,01499687,0,9972085,0,9980469,-0,07157858,-0,04387559,-0,0126917,0,9963887,0,9980469
102509,-0,0711702,-0,01689213,-0,01472577,0,9972126,0,9980469,-0,07159071,-0,04385579,-0,01241615,0,9963923,0,9980469
102523,-0,07117555,-0,01686961,-0,0144103,0,9972171,0,9980469,-0,07160486,-0,04383272,-0,01209498,0,9963961,0,9980469
102537,-0,07106853,-0,01715851,-0,01442864,0,9972196,0,9980469,-0,07147331,-0,04412118,-0,01210382,0,9963928,0,9980469
102551,-0,07106214,-0,01718478,-0,01479735,0,9972141,0,9980469,-0,071457,-0,04414754,-0,01247154,0,9963883,0,9980469
102565,-0,07116872,-0,01766677,-0,01476638,0,9971985,0,9980469,-0,07154293,-0,04462954,-0,01244263,0,996361,0,9980469
102579,-0,07117461,-0,01764317,-0,01443562,0,9972034,0,9980469,-0,07155791,-0,04460564,-0,01210926,0,9963651,0,9980469
102593,-0,07118761,-0,01759065,-0,01369977,0,9972138,0,9980469,-0,0715913,-0,04455203,-0,01136297,0,996374,0,9980469
102607,-0,07104379,-0,0178768,-0,01341828,0,9972227,0,9980469,-0,07145239,-0,04483579,-0,01105245,0,9963745,0,9980469
102621,-0,07104311,-0,01787934,-0,01345384,0,9972222,0,9980469,-0,07145183,-0,04483666,-0,01106455,0,9963744,0,9980469
102634,-0,07258495,-0,0201265,-0,0134159,0,9970689,0,9980469,-0,07295056,-0,04708285,-0,01105369,0,9961623,0,9980469
102648,-0,07258189,-0,02013776,-0,01357042,0,9970669,0,9980469,-0,07294356,-0,04709372,-0,01120201,0,9961607,0,9980469
102662,-0,07194795,-0,02054864,-0,01364257,0,9971036,0,9980469,-0,07229424,-0,0475031,-0,01125129,0,9961879,0,9980469
102676,-0,07194694,-0,02055208,-0,01369037,0,9971027,0,9980469,-0,07229207,-0,0475063,-0,01129591,0,9961874,0,9980469
102690,-0,07194704,-0,02055173,-0,01368558,0,9971028,0,9980469,-0,0722923,-0,04750598,-0,01129136,0,9961875,0,9980469
102704,-0,06907834,-0,01943522,-0,01369725,0,9973278,0,9980469,-0,06943664,-0,04638655,-0,01121717,0,9964442,0,9980469
102718,-0,06907793,-0,01943674,-0,01371918,0,9973277,0,9980469,-0,06943588,-0,04638772,-0,01123387,0,9964441,0,9980469
102732,-0,06919819,-0,01882327,-0,01373405,0,9973308,0,9980469,-0,06956064,-0,04577486,-0,01124728,0,9964636,0,9980469
102746,-0,06920044,-0,01881497,-0,01361448,0,9973325,0,9980469,-0,06956612,-0,04576648,-0,01112743,0,9964648,0,9980469
102760,-0,06920451,-0,01880001,-0,0133989,0,9973355,0,9980469,-0,06957575,-0,04575191,-0,01091833,0,9964672,0,9980469
102773,-0,06950273,-0,01896882,-0,01330215,0,9973128,0,9980469,-0,06987188,-0,04592132,-0,01083573,0,9964395,0,9980469
102787,-0,06950482,-0,01896109,-0,01319118,0,9973142,0,9980469,-0,06987639,-0,0459145,-0,01073842,0,9964406,0,9980469
102801,-0,0704539,-0,01819692,-0,01303231,0,9972639,0,9980469,-0,07081921,-0,04515302,-0,01061354,0,9964102,0,9980469
102815,-0,07045744,-0,01818323,-0,01283851,0,9972665,0,9980469,-0,0708276,-0,04513986,-0,0104283,0,9964122,0,9980469
102829,-0,0701524,-0,01793883,-0,01261043,0,9972953,0,9980469,-0,07051137,-0,04489562,-0,01019668,0,996448,0,9980469
102843,-0,07015671,-0,01792205,-0,01237205,0,9972983,0,9980469,-0,07052216,-0,04487877,-0,009958162,0,9964505,0,9980469
102857,-0,07015925,-0,01791204,-0,01222964,0,9973,0,9980469,-0,07052901,-0,04486791,-0,009805208,0,9964519,0,9980469
102870,-0,06950269,-0,01722556,-0,01224365,0,997358,0,9980469,-0,06984966,-0,04418049,-0,009785931,0,9965307,0,9980469
102884,-0,06949887,-0,01724108,-0,01246625,0,9973553,0,9980469,-0,06984013,-0,04419562,-0,01000144,0,9965287,0,9980469
102898,-0,06901621,-0,01744437,-0,01253597,0,9973844,0,9980469,-0,06933748,-0,04439797,-0,01005087,0,9965543,0,9980469
102912,-0,06901506,-0,01744892,-0,01260172,0,9973835,0,9980469,-0,06933455,-0,04440256,-0,01011685,0,9965535,0,9980469
102927,-0,06901374,-0,01745398,-0,01267492,0,9973825,0,9980469,-0,06933141,-0,0444074,-0,01018669,0,9965527,0,9980469
102940,-0,06929462,-0,01817152,-0,01283403,0,9973482,0,9980469,-0,06960845,-0,04512425,-0,01034466,0,9964997,0,9980469
102954,-0,06929097,-0,01818545,-0,01303446,0,9973457,0,9980469,-0,06959986,-0,04513747,-0,01053386,0,9964978,0,9980469
102968,-0,06951316,-0,01992117,-0,01320167,0,9972947,0,9980469,-0,0698241,-0,04687106,-0,01069582,0,9964002,0,9980469
102981,-0,06951271,-0,01992288,-0,01322617,0,9972945,0,9980469,-0,06982268,-0,04687321,-0,01072632,0,9963999,0,9980469
102995,-0,07159248,-0,02103469,-0,01310743,0,9971261,0,9980469,-0,07192184,-0,04798722,-0,01067547,0,9961981,0,9980469
103009,-0,07159854,-0,02101407,-0,01282031,0,9971297,0,9980469,-0,07193401,-0,04796895,-0,01042248,0,9962008,0,9980469
103023,-0,07160101,-0,02100573,-0,01270412,0,9971313,0,9980469,-0,07193821,-0,04796266,-0,01033537,0,9962018,0,9980469
103037,-0,06865046,-0,0210693,-0,01260298,0,9973388,0,9980469,-0,06899371,-0,04802326,-0,01017216,0,9964087,0,9980469
103051,-0,06865355,-0,02105917,-0,01245584,0,9973405,0,9980469,-0,06900045,-0,04801357,-0,0100324,0,9964101,0,9980469
103065,-0,06862204,-0,0206112,-0,01240833,0,9973527,0,9980469,-0,06896275,-0,04756607,-0,009984164,0,9964347,0,9980469
103079,-0,06862067,-0,02061571,-0,0124739,0,9973519,0,9980469,-0,06895934,-0,04757105,-0,01005598,0,996434,0,9980469
103093,-0,06861617,-0,02063057,-0,01269005,0,9973491,0,9980469,-0,06894872,-0,04758636,-0,01027757,0,9964316,0,9980469
103106,-0,06812632,-0,01806736,-0,01314689,0,9974265,0,9980469,-0,06844639,-0,04502616,-0,01073259,0,9965805,0,9980469
103120,-0,06812265,-0,01808135,-0,01335179,0,9974238,0,9980469,-0,06843679,-0,04504075,-0,01094499,0,9965782,0,9980469
103134,-0,06776706,-0,01803627,-0,01359907,0,9974455,0,9980469,-0,068085,-0,04499552,-0,0111872,0,9966016,0,9980469
103148,-0,06776278,-0,0180525,-0,01383794,0,9974423,0,9980469,-0,06807442,-0,04501158,-0,01142198,0,9965991,0,9980469
103162,-0,06790396,-0,01996161,-0,01392877,0,9973951,0,9980469,-0,06823123,-0,04691873,-0,01151258,0,9964994,0,9980469
103176,-0,06790072,-0,01997262,-0,01409047,0,9973927,0,9980469,-0,06822368,-0,04692968,-0,01167278,0,9964974,0,9980469
103190,-0,06789666,-0,01998642,-0,01429313,0,9973899,0,9980469,-0,06821436,-0,04694317,-0,01186983,0,9964951,0,9980469
103204,-0,0679035,-0,0209527,-0,01414192,0,9973718,0,9980469,-0,06824982,-0,04790821,-0,01171951,0,9964486,0,9980469
103217,-0,06790859,-0,02093608,-0,01389794,0,9973751,0,9980469,-0,06826176,-0,0478912,-0,01147104,0,9964514,0,9980469
103231,-0,06973439,-0,02045206,-0,01373366,0,9972614,0,9980469,-0,07010914,-0,04740913,-0,01134897,0,9963475,0,9980469
103245,-0,06973479,-0,02045077,-0,01371512,0,9972617,0,9980469,-0,07011081,-0,04740668,-0,01131394,0,9963479,0,9980469
103260,-0,06973329,-0,02045581,-0,01378732,0,9972606,0,9980469,-0,07010793,-0,04741093,-0,01137446,0,9963472,0,9980469
103273,-0,07171227,-0,01930613,-0,01414379,0,9971382,0,9980469,-0,07207147,-0,04626408,-0,01176647,0,9962565,0,9980469
103287,-0,07170746,-0,01932415,-0,01439415,0,9971347,0,9980469,-0,07206111,-0,04628026,-0,01198994,0,9962539,0,9980469
103301,-0,07221264,-0,01642556,-0,01474065,0,9971451,0,9980469,-0,07257114,-0,04338277,-0,01232241,0,9963432,0,9980469
103315,-0,07221164,-0,01643002,-0,01480215,0,9971442,0,9980469,-0,07256937,-0,04338567,-0,01236247,0,9963426,0,9980469
103329,-0,07221207,-0,01642818,-0,01477678,0,9971446,0,9980469,-0,07257123,-0,04338263,-0,01232057,0,9963432,0,9980469
103342,-0,07031812,-0,01737282,-0,01470925,0,997265,0,9980469,-0,07069129,-0,04432366,-0,01220047,0,9964384,0,9980469
103356,-0,07032245,-0,01735518,-0,01445918,0,9972686,0,9980469,-0,070703,-0,04430502,-0,01193776,0,9964417,0,9980469
103370,-0,06898028,-0,01723039,-0,0141765,0,9973686,0,9980469,-0,06937595,-0,04417673,-0,01159405,0,9965446,0,9980469
103384,-0,06898347,-0,01721755,-0,01399099,0,9973711,0,9980469,-0,06938597,-0,04416101,-0,01136819,0,9965472,0,9980469
103398,-0,06866094,-0,01838439,-0,01392731,0,9973735,0,9980469,-0,06904946,-0,0453236,-0,01125225,0,9965197,0,9980469
103412,-0,06866213,-0,01837991,-0,01386223,0,9973744,0,9980469,-0,06905508,-0,04531505,-0,01112876,0,996521,0,9980469
103426,-0,06866376,-0,01837378,-0,01377323,0,9973756,0,9980469,-0,0690596,-0,04530813,-0,01102892,0,9965221,0,9980469
103439,-0,07015666,-0,01784814,-0,01376588,0,9972814,0,9980469,-0,07053797,-0,04478655,-0,0110887,0,9964415,0,9980469
103453,-0,07015704,-0,01784655,-0,0137433,0,9972817,0,9980469,-0,0705386,-0,04478551,-0,01107424,0,9964416,0,9980469
103467,-0,06881664,-0,01751714,-0,0136199,0,9973826,0,9980469,-0,06919105,-0,04445782,-0,01095447,0,9965522,0,9980469
103481,-0,06881901,-0,01750787,-0,01348551,0,9973844,0,9980469,-0,06919576,-0,0444505,-0,01084892,0,9965533,0,9980469
103495,-0,06882024,-0,01750321,-0,01341794,0,9973854,0,9980469,-0,06919779,-0,04444733,-0,01080329,0,9965538,0,9980469
103509,-0,06775063,-0,01726539,-0,01338765,0,9974632,0,9980469,-0,06811955,-0,04420979,-0,01075974,0,9966391,0,9980469
103523,-0,06775174,-0,01726102,-0,01332318,0,9974641,0,9980469,-0,06812218,-0,04420578,-0,01070093,0,9966398,0,9980469
103537,-0,06564035,-0,02201348,-0,01269926,0,9975198,0,9980469,-0,06600785,-0,04894906,-0,01001156,0,9965677,0,9980469
103551,-0,06564373,-0,02200341,-0,01254619,0,9975218,0,9980469,-0,06601606,-0,04893799,-0,009844639,0,9965692,0,9980469
103565,-0,06533119,-0,02583846,-0,01211793,0,9974555,0,9980469,-0,06569543,-0,05276457,-0,009404017,0,9963993,0,9980469
103578,-0,06532948,-0,02584271,-0,01218297,0,9974546,0,9980469,-0,06569205,-0,05276874,-0,009467485,0,9963987,0,9980469
103593,-0,06532378,-0,02585722,-0,01240444,0,9974521,0,9980469,-0,06568042,-0,05278321,-0,009686954,0,9963967,0,9980469
103606,-0,06781252,-0,02694888,-0,01252755,0,9972555,0,9980469,-0,0681517,-0,05387473,-0,009880789,0,9961705,0,9980469
103620,-0,06781153,-0,02695139,-0,01256442,0,997255,0,9980469,-0,06814933,-0,05387773,-0,009924676,0,9961699,0,9980469
103634,-0,06872037,-0,02726091,-0,01251671,0,997185,0,9980469,-0,06906646,-0,05418796,-0,009911148,0,9960902,0,9980469
103648,-0,06872065,-0,02726016,-0,01250583,0,9971851,0,9980469,-0,06906595,-0,05418861,-0,009920524,0,9960901,0,9980469
103662,-0,06872139,-0,02725825,-0,01247828,0,9971854,0,9980469,-0,06906593,-0,05418864,-0,009920934,0,9960899,0,9980469
103675,-0,06844512,-0,02772151,-0,01231815,0,9971936,0,9980469,-0,06879658,-0,05465195,-0,009776845,0,9960847,0,9980469
103689,-0,06845047,-0,02770827,-0,01212521,0,997196,0,9980469,-0,06880625,-0,05463976,-0,009600305,0,9960865,0,9980469
103703,-0,06769259,-0,02705479,-0,01205439,0,9972665,0,9980469,-0,06805097,-0,05398715,-0,00951538,0,9961747,0,9980469
103717,-0,06769598,-0,0270462,-0,01192787,0,997268,0,9980469,-0,06805655,-0,05398002,-0,009411464,0,9961756,0,9980469
103731,-0,06852645,-0,02572715,-0,012014,0,9972452,0,9980469,-0,06887329,-0,05266674,-0,009549784,0,9961885,0,9980469
103745,-0,06852713,-0,02572529,-0,01198705,0,9972454,0,9980469,-0,06887311,-0,05266691,-0,009552414,0,9961884,0,9980469
103759,-0,06852816,-0,0257226,-0,01194776,0,997246,0,9980469,-0,06887405,-0,05266571,-0,009534963,0,9961887,0,9980469
103773,-0,06760775,-0,02529309,-0,01198726,0,9973193,0,9980469,-0,0679432,-0,05223712,-0,009571198,0,9962748,0,9980469
103787,-0,06760843,-0,02529125,-0,01196014,0,9973197,0,9980469,-0,06794354,-0,05223664,-0,009564265,0,996275,0,9980469
103801,-0,06658024,-0,02626716,-0,01182928,0,9973652,0,9980469,-0,06691176,-0,05320971,-0,00942137,0,9962946,0,9980469
103814,-0,06657884,-0,02627078,-0,01188338,0,9973646,0,9980469,-0,06690856,-0,05321379,-0,00948168,0,9962941,0,9980469
103828,-0,06657465,-0,02628134,-0,01204175,0,9973626,0,9980469,-0,06689982,-0,05322473,-0,009645,0,9962924,0,9980469
103842,-0,06562177,-0,0263188,-0,01194618,0,997426,0,9980469,-0,06594874,-0,0532618,-0,009535306,0,996355,0,9980469
103856,-0,06562293,-0,02631594,-0,01190268,0,9974264,0,9980469,-0,06595109,-0,05325888,-0,009491125,0,9963554,0,9980469
103870,-0,0641873,-0,02650815,-0,01190224,0,9975148,0,9980469,-0,06452136,-0,05344934,-0,009453079,0,9964391,0,9980469
103884,-0,0641856,-0,02651225,-0,01196615,0,997514,0,9980469,-0,0645182,-0,05345315,-0,009512112,0,9964386,0,9980469
103898,-0,06399376,-0,02588007,-0,01210567,0,9975412,0,9980469,-0,06432703,-0,05282199,-0,009636647,0,9964834,0,9980469
103912,-0,06399274,-0,02588264,-0,0121456,0,9975408,0,9980469,-0,06432536,-0,05282401,-0,00966789,0,996483,0,9980469
103926,-0,06399082,-0,02588745,-0,01222055,0,9975399,0,9980469,-0,06432148,-0,05282879,-0,009741616,0,9964825,0,9980469
103939,-0,06414326,-0,02619149,-0,01228987,0,9975212,0,9980469,-0,06447682,-0,05313255,-0,009818031,0,9964554,0,9980469
103953,-0,06413994,-0,02619962,-0,01241617,0,9975197,0,9980469,-0,06446984,-0,05314105,-0,009949123,0,9964542,0,9980469
103967,-0,06539104,-0,02627708,-0,01254138,0,9974349,0,9980469,-0,06572352,-0,05322028,-0,01011735,0,9963663,0,9980469
103981,-0,06538966,-0,0262805,-0,01259356,0,9974342,0,9980469,-0,06572045,-0,05322404,-0,01017476,0,9963656,0,9980469
103995,-0,06538717,-0,02628672,-0,01268842,0,9974329,0,9980469,-0,06571513,-0,05323063,-0,01027449,0,9963647,0,9980469
104009,-0,06501438,-0,02644558,-0,01269841,0,997453,0,9980469,-0,06535332,-0,05338899,-0,01027774,0,9963799,0,9980469
104023,-0,06501181,-0,02645193,-0,0127958,0,9974518,0,9980469,-0,06534811,-0,05339537,-0,01037512,0,9963789,0,9980469
104037,-0,06481628,-0,02618568,-0,01275476,0,9974722,0,9980469,-0,06516375,-0,05312993,-0,01033134,0,9964058,0,9980469
104050,-0,06481603,-0,02618626,-0,01276372,0,9974719,0,9980469,-0,06516319,-0,0531306,-0,010342,0,9964056,0,9980469
104064,-0,0646967,-0,02526063,-0,01275018,0,9975039,0,9980469,-0,0650518,-0,05220725,-0,0103256,0,9964618,0,9980469
104078,-0,06469926,-0,02525405,-0,01264881,0,9975052,0,9980469,-0,06505739,-0,05220035,-0,01021959,0,9964629,0,9980469
104093,-0,06470176,-0,02524766,-0,01255037,0,9975063,0,9980469,-0,06506272,-0,05219369,-0,01011745,0,996464,0,9980469
104106,-0,06428394,-0,02487441,-0,01247068,0,9975438,0,9980469,-0,06464494,-0,05182065,-0,01001963,0,9965117,0,9980469
104120,-0,06428543,-0,02487055,-0,01241097,0,9975445,0,9980469,-0,06464832,-0,0518164,-0,009954101,0,9965122,0,9980469
104134,-0,06560984,-0,02568887,-0,01234591,0,9974382,0,9980469,-0,06596034,-0,05263437,-0,009919496,0,9963837,0,9980469
104148,-0,0656103,-0,02568786,-0,01233025,0,9974385,0,9980469,-0,06596131,-0,05263324,-0,009901971,0,9963839,0,9980469
104162,-0,06561282,-0,02568136,-0,01223156,0,9974398,0,9980469,-0,06596661,-0,05262656,-0,00980132,0,996385,0,9980469
104175,-0,06667928,-0,02386217,-0,01233688,0,9974127,0,9980469,-0,06702748,-0,05081229,-0,009930895,0,996407,0,9980469
104189,-0,0666808,-0,02385802,-0,01227487,0,9974137,0,9980469,-0,06703076,-0,05080798,-0,009866622,0,9964077,0,9980469
104203,-0,06687606,-0,02696541,-0,01206052,0,997324,0,9980469,-0,06721394,-0,05390838,-0,009648923,0,9962345,0,9980469
104217,-0,06687111,-0,02697762,-0,01224271,0,9973218,0,9980469,-0,06720456,-0,05392006,-0,00982202,0,9962329,0,9980469
104231,-0,06705721,-0,02537861,-0,01242235,0,997349,0,9980469,-0,06738885,-0,0523249,-0,01000837,0,9963035,0,9980469
104245,-0,067059,-0,02537407,-0,01235463,0,99735,0,9980469,-0,06739223,-0,05232061,-0,009944516,0,9963043,0,9980469
104259,-0,06706115,-0,02536825,-0,01226823,0,9973509,0,9980469,-0,06739654,-0,05231497,-0,009861633,0,996305,0,9980469
104273,-0,06630342,-0,02518266,-0,0122513,0,9974064,0,9980469,-0,06664439,-0,05212867,-0,009825231,0,9963657,0,9980469
104287,-0,06630422,-0,02518059,-0,01222003,0,9974068,0,9980469,-0,06664572,-0,05212703,-0,009800293,0,996366,0,9980469
104301,-0,06851785,-0,02495352,-0,01225895,0,9972626,0,9980469,-0,06885226,-0,05190347,-0,009905555,0,9962267,0,9980469
104314,-0,06851998,-0,02494756,-0,01217244,0,9972636,0,9980469,-0,06885652,-0,05189781,-0,00982376,0,9962274,0,9980469
104328,-0,06852275,-0,0249399,-0,01206093,0,9972649,0,9980469,-0,06886203,-0,05189043,-0,009717232,0,9962284,0,9980469
104342,-0,06672329,-0,02362224,-0,01207874,0,9974188,0,9980469,-0,06706464,-0,05057324,-0,009690528,0,9964191,0,9980469
104356,-0,06672452,-0,02361886,-0,01202801,0,9974195,0,9980469,-0,06706681,-0,05057036,-0,009647687,0,9964195,0,9980469
104370,-0,06858755,-0,02330991,-0,01203717,0,9973001,0,9980469,-0,06891979,-0,05026439,-0,009709165,0,9963078,0,9980469
104384,-0,06858803,-0,02330855,-0,01201739,0,9973004,0,9980469,-0,06892043,-0,05026355,-0,009696765,0,996308,0,9980469
104398,-0,06632035,-0,02200069,-0,01207993,0,9974827,0,9980469,-0,06665041,-0,04895582,-0,00970794,0,9965274,0,9980469
104412,-0,06632068,-0,02199975,-0,01206577,0,997483,0,9980469,-0,06665061,-0,04895554,-0,009703851,0,9965276,0,9980469
104426,-0,06632096,-0,02199883,-0,01205213,0,997483,0,9980469,-0,0666509,-0,04895516,-0,009698158,0,9965275,0,9980469
104439,-0,06804623,-0,02184268,-0,0122161,0,9973682,0,9980469,-0,0683656,-0,04880204,-0,009916129,0,9964167,0,9980469
104453,-0,06804366,-0,02185062,-0,01233267,0,9973668,0,9980469,-0,06835975,-0,04881024,-0,01003577,0,9964155,0,9980469
104467,-0,06950244,-0,02267156,-0,01224354,0,997249,0,9980469,-0,06981841,-0,04963199,-0,009992354,0,9962743,0,9980469
104481,-0,06950416,-0,02266631,-0,01216825,0,9972501,0,9980469,-0,06982182,-0,04962724,-0,009924408,0,9962749,0,9980469
104495,-0,06950556,-0,02266202,-0,01210664,0,9972507,0,9980469,-0,06982436,-0,04962365,-0,009873161,0,9962755,0,9980469
104509,-0,06920733,-0,0225798,-0,01209443,0,9972736,0,9980469,-0,06952908,-0,04954159,-0,009860832,0,9963003,0,9980469
104523,-0,06920731,-0,02257978,-0,01209426,0,9972735,0,9980469,-0,06952889,-0,04954183,-0,009864438,0,9963003,0,9980469
104537,-0,06620625,-0,02296297,-0,01201434,0,9974695,0,9980469,-0,06653021,-0,04992037,-0,00970856,0,9964876,0,9980469
104550,-0,06620653,-0,02296213,-0,01200183,0,9974695,0,9980469,-0,06653082,-0,04991958,-0,009696798,0,9964877,0,9980469
104564,-0,06596453,-0,02411118,-0,01196223,0,9974589,0,9980469,-0,06628581,-0,05106589,-0,009651981,0,9964463,0,9980469
104578,-0,06596373,-0,02411346,-0,01199654,0,9974586,0,9980469,-0,06628389,-0,05106845,-0,009690272,0,9964461,0,9980469
104593,-0,06596278,-0,02411604,-0,0120356,0,9974582,0,9980469,-0,06628177,-0,05107115,-0,009730995,0,9964456,0,9980469
104606,-0,0670839,-0,02395611,-0,01216402,0,9973856,0,9980469,-0,0674004,-0,05091281,-0,009888551,0,9963772,0,9980469
104620,-0,0670829,-0,02395893,-0,01220566,0,9973851,0,9980469,-0,06739831,-0,05091567,-0,009930734,0,9963768,0,9980469
104634,-0,06759025,-0,02374626,-0,01234105,0,9973542,0,9980469,-0,06790745,-0,05070399,-0,01008141,0,9963514,0,9980469
104647,-0,06758893,-0,02375006,-0,01239703,0,9973536,0,9980469,-0,06790465,-0,05070775,-0,01013653,0,9963508,0,9980469
104661,-0,06758645,-0,02375712,-0,01250122,0,9973522,0,9980469,-0,06789949,-0,05071469,-0,01023836,0,9963498,0,9980469
104675,-0,06694758,-0,02382098,-0,0125053,0,9973938,0,9980469,-0,06726979,-0,05077705,-0,01022439,0,9963896,0,9980469
104689,-0,06694719,-0,02382204,-0,01252118,0,9973936,0,9980469,-0,06726902,-0,05077801,-0,01023885,0,9963893,0,9980469
104703,-0,06756467,-0,02352304,-0,01254562,0,9973587,0,9980469,-0,06789424,-0,05048016,-0,010282,0,9963616,0,9980469
104717,-0,06756492,-0,02352224,-0,01253388,0,9973588,0,9980469,-0,0678949,-0,05047924,-0,01026857,0,9963617,0,9980469
104731,-0,06607619,-0,02238021,-0,01255342,0,9974847,0,9980469,-0,06641549,-0,04933735,-0,01024796,0,9965188,0,9980469
104745,-0,06607655,-0,02237913,-0,01253717,0,9974847,0,9980469,-0,06641629,-0,04933625,-0,0102319,0,996519,0,9980469
104759,-0,06607497,-0,02238385,-0,01260826,0,997484,0,9980469,-0,06641281,-0,04934095,-0,01030191,0,9965183,0,9980469
104772,-0,06610002,-0,02223652,-0,01256915,0,9974862,0,9980469,-0,06643847,-0,04919383,-0,01026435,0,9965243,0,9980469
104786,-0,06610078,-0,02223414,-0,01253347,0,9974865,0,9980469,-0,06644008,-0,04919158,-0,01023079,0,9965246,0,9980469
104800,-0,06540067,-0,02414238,-0,01231077,0,9974912,0,9980469,-0,06574097,-0,0510947,-0,009989354,0,9964777,0,9980469
104814,-0,06540057,-0,02414269,-0,01231554,0,997491,0,9980469,-0,06574073,-0,05109503,-0,009994336,0,9964777,0,9980469
104828,-0,06539571,-0,02415584,-0,01251607,0,9974884,0,9980469,-0,0657305,-0,05110814,-0,01019335,0,9964756,0,9980469
104842,-0,06390872,-0,02525212,-0,01258254,0,997557,0,9980469,-0,06423898,-0,05220021,-0,01021765,0,996516,0,9980469
104856,-0,06390826,-0,02525328,-0,0126007,0,9975567,0,9980469,-0,06423812,-0,05220132,-0,01023448,0,9965159,0,9980469
104870,-0,06391266,-0,02434794,-0,01251444,0,99758,0,9980469,-0,06425797,-0,05129803,-0,01014884,0,9965624,0,9980469
104884,-0,06391679,-0,02433711,-0,01234545,0,9975821,0,9980469,-0,06426647,-0,05128736,-0,009983502,0,996564,0,9980469
104897,-0,06383367,-0,02519642,-0,01208969,0,9975693,0,9980469,-0,06418656,-0,05214481,-0,009731784,0,9965271,0,9980469
104911,-0,06383487,-0,02519333,-0,01204162,0,9975697,0,9980469,-0,06418883,-0,05214199,-0,009688154,0,9965276,0,9980469
104926,-0,06383471,-0,0251938,-0,01204882,0,9975697,0,9980469,-0,06418823,-0,05214279,-0,009700038,0,9965275,0,9980469
104939,-0,06388387,-0,0243706,-0,01213007,0,997586,0,9980469,-0,06422618,-0,05132196,-0,009785259,0,996567,0,9980469
104953,-0,06388523,-0,02436691,-0,01207258,0,9975868,0,9980469,-0,06422906,-0,05131831,-0,009728925,0,9965673,0,9980469
104967,-0,06355016,-0,02442363,-0,01210289,0,9976065,0,9980469,-0,06388794,-0,05137461,-0,009748921,0,9965862,0,9980469
104980,-0,06354734,-0,02443103,-0,01221901,0,997605,0,9980469,-0,0638819,-0,05138209,-0,009865788,0,9965851,0,9980469
104994,-0,06354441,-0,02443859,-0,01233769,0,9976035,0,9980469,-0,06387579,-0,05138969,-0,009984205,0,9965839,0,9980469
105008,-0,06366155,-0,02472567,-0,01233367,0,9975891,0,9980469,-0,06399172,-0,05167657,-0,009982231,0,9965616,0,9980469
105022,-0,06366299,-0,02472187,-0,01227411,0,9975898,0,9980469,-0,06399464,-0,05167294,-0,009925953,0,9965622,0,9980469
105036,-0,06361626,-0,02384694,-0,01228128,0,9976141,0,9980469,-0,06395663,-0,05080005,-0,009927935,0,9966095,0,9980469
105050,-0,06361714,-0,02384461,-0,01224477,0,9976145,0,9980469,-0,06395894,-0,05079717,-0,009883042,0,9966099,0,9980469
105063,-0,06370314,-0,02587735,-0,01226457,0,9975581,0,9980469,-0,06403755,-0,05282498,-0,009895767,0,9964992,0,9980469
105077,-0,06370096,-0,02588273,-0,01234876,0,997557,0,9980469,-0,06403343,-0,05282995,-0,009972977,0,9964986,0,9980469
105091,-0,063703,-0,02587761,-0,01226884,0,9975578,0,9980469,-0,06403806,-0,05282434,-0,009885831,0,9964994,0,9980469
105105,-0,06251384,-0,02299931,-0,01251483,0,9977007,0,9980469,-0,06285818,-0,04995114,-0,0100978,0,9967207,0,9980469
105119,-0,06251128,-0,02300621,-0,01262509,0,9976993,0,9980469,-0,06285263,-0,04995804,-0,01020761,0,9967194,0,9980469
105133,-0,06197025,-0,02564944,-0,01250252,0,9976701,0,9980469,-0,06231223,-0,05259436,-0,01006762,0,9966192,0,9980469
105146,-0,06196756,-0,02565593,-0,01260708,0,9976687,0,9980469,-0,06230655,-0,05260109,-0,01017535,0,9966181,0,9980469
105160,-0,0619649,-0,02566234,-0,01271025,0,9976675,0,9980469,-0,062301,-0,05260764,-0,0102802,0,996617,0,9980469
105174,-0,06282572,-0,0230733,-0,01300963,0,997673,0,9980469,-0,06316904,-0,05002536,-0,01060746,0,9966919,0,9980469
105188,-0,06282489,-0,02307551,-0,01304476,0,9976726,0,9980469,-0,06316729,-0,05002753,-0,0106419,0,9966915,0,9980469
105202,-0,06300788,-0,02399934,-0,01298666,0,99764,0,9980469,-0,06335903,-0,0509494,-0,01059133,0,9966332,0,9980469
105216,-0,06300719,-0,02400114,-0,01301522,0,9976395,0,9980469,-0,06335743,-0,0509514,-0,01062277,0,9966329,0,9980469
105230,-0,06367512,-0,02390417,-0,0131295,0,9975979,0,9980469,-0,06402791,-0,05085573,-0,01076397,0,9965934,0,9980469
105243,-0,06367209,-0,02391242,-0,01325844,0,9975964,0,9980469,-0,06402075,-0,05086478,-0,01090451,0,9965919,0,9980469
105258,-0,06367039,-0,0239169,-0,01332878,0,9975954,0,9980469,-0,06401651,-0,05087007,-0,01098725,0,9965909,0,9980469
105271,-0,0672979,-0,02455043,-0,01338292,0,9973412,0,9980469,-0,06764229,-0,05150712,-0,01115004,0,9963169,0,9980469
105285,-0,06729841,-0,02454894,-0,01336098,0,9973413,0,9980469,-0,06764282,-0,05150637,-0,0111391,0,9963169,0,9980469
105299,-0,06690015,-0,02567652,-0,01327992,0,9973409,0,9980469,-0,06725215,-0,05263063,-0,01105404,0,9962856,0,9980469
105313,-0,06689876,-0,02568004,-0,01333256,0,9973402,0,9980469,-0,06724901,-0,05263462,-0,01111325,0,9962849,0,9980469
105327,-0,06689952,-0,02567806,-0,01330296,0,9973406,0,9980469,-0,06725034,-0,05263292,-0,01108819,0,9962851,0,9980469
105341,-0,06549414,-0,02401952,-0,01330194,0,9974752,0,9980469,-0,06585727,-0,05097619,-0,01105232,0,9964648,0,9980469
105355,-0,06549606,-0,02401429,-0,0132223,0,9974763,0,9980469,-0,06586144,-0,05097078,-0,01097055,0,9964658,0,9980469
105368,-0,06182273,-0,0233932,-0,01333878,0,9977239,0,9980469,-0,06219248,-0,05034634,-0,01098529,0,9967331,0,9980469
105382,-0,06181965,-0,02340133,-0,0134703,0,997722,0,9980469,-0,062186,-0,05035432,-0,01111326,0,9967317,0,9980469
105396,-0,06491443,-0,02293098,-0,0135555,0,9975352,0,9980469,-0,06527577,-0,0498878,-0,01128066,0,9965556,0,9980469
105410,-0,06491924,-0,02291732,-0,0133456,0,9975381,0,9980469,-0,06528643,-0,04987385,-0,01106786,0,9965581,0,9980469
105424,-0,06491955,-0,02291658,-0,01333405,0,9975383,0,9980469,-0,0652872,-0,04987288,-0,01105283,0,9965582,0,9980469
105438,-0,06165075,-0,02495771,-0,01310823,0,9976996,0,9980469,-0,06202608,-0,05190478,-0,0107375,0,9966662,0,9980469
105452,-0,06164401,-0,02497443,-0,01337872,0,9976961,0,9980469,-0,06201224,-0,05192133,-0,01100327,0,9966632,0,9980469
105466,-0,06509947,-0,02464967,-0,01370162,0,9974803,0,9980469,-0,06545204,-0,05160101,-0,01142134,0,9964553,0,9980469
105479,-0,06510112,-0,02464528,-0,01363435,0,9974812,0,9980469,-0,06545516,-0,05159705,-0,01136103,0,996456,0,9980469
105493,-0,06510298,-0,02464036,-0,01355891,0,9974822,0,9980469,-0,06545883,-0,05159239,-0,01129026,0,9964567,0,9980469
105507,-0,06200659,-0,02505063,-0,01328166,0,997673,0,9980469,-0,06238635,-0,05199804,-0,0109409,0,9966366,0,9980469
105521,-0,06201003,-0,0250421,-0,01314445,0,9976748,0,9980469,-0,06239311,-0,05198991,-0,01081131,0,9966381,0,9980469
105535,-0,06177202,-0,0227767,-0,01324224,0,9977425,0,9980469,-0,06215559,-0,04973023,-0,01091103,0,9967671,0,9980469
105549,-0,06177318,-0,02277347,-0,01319013,0,9977432,0,9980469,-0,06215804,-0,04972716,-0,01086183,0,9967676,0,9980469
105563,-0,06126628,-0,02263716,-0,01304451,0,9977795,0,9980469,-0,06164589,-0,04959079,-0,0107061,0,996808,0,9980469
105577,-0,06126844,-0,02263139,-0,01295036,0,9977808,0,9980469,-0,06165045,-0,04958515,-0,01061457,0,9968089,0,9980469
105591,-0,0612697,-0,02262792,-0,01289388,0,9977815,0,9980469,-0,06165273,-0,04958224,-0,0105682,0,9968094,0,9980469
105605,-0,06106561,-0,02259679,-0,01281845,0,9977956,0,9980469,-0,06143926,-0,04955185,-0,01049976,0,9968248,0,9980469
105618,-0,06106566,-0,02259662,-0,01281567,0,9977956,0,9980469,-0,06143875,-0,04955251,-0,01051012,0,9968247,0,9980469
105633,-0,06397191,-0,02107179,-0,0128973,0,9976459,0,9980469,-0,06433085,-0,04803577,-0,01068628,0,9967146,0,9980469
105646,-0,06397586,-0,02105989,-0,0127115,0,9976484,0,9980469,-0,06433933,-0,04802443,-0,01051077,0,9967164,0,9980469
105660,-0,06397873,-0,02105114,-0,01257515,0,99765,0,9980469,-0,06434578,-0,04801574,-0,0103763,0,9967179,0,9980469
105674,-0,06351689,-0,02401224,-0,01246264,0,9976141,0,9980469,-0,0638677,-0,05096962,-0,01024756,0,9966033,0,9980469
105688,-0,06351712,-0,02401166,-0,0124536,0,9976142,0,9980469,-0,06386823,-0,05096897,-0,01023749,0,9966033,0,9980469
105702,-0,06380988,-0,02419449,-0,01241118,0,9975916,0,9980469,-0,06415166,-0,05115182,-0,01019865,0,9965762,0,9980469
105716,-0,06381307,-0,02418601,-0,01227857,0,9975932,0,9980469,-0,06415848,-0,05114323,-0,01006523,0,9965776,0,9980469
105730,-0,06310349,-0,0242773,-0,01223554,0,9976366,0,9980469,-0,06344635,-0,05123381,-0,01000571,0,9966191,0,9980469
105743,-0,06310334,-0,02427778,-0,01224286,0,9976366,0,9980469,-0,06344585,-0,05123451,-0,01001642,0,9966191,0,9980469
105757,-0,06310273,-0,02427935,-0,01226768,0,9976363,0,9980469,-0,06344427,-0,05123647,-0,01004733,0,9966187,0,9980469
105771,-0,06405345,-0,02444713,-0,01227142,0,9975716,0,9980469,-0,0643876,-0,05140552,-0,01008374,0,9965491,0,9980469
105785,-0,06405395,-0,02444583,-0,01225105,0,9975718,0,9980469,-0,06438834,-0,05140457,-0,0100693,0,9965492,0,9980469
105799,-0,06827569,-0,02349586,-0,01241636,0,9973125,0,9980469,-0,06859935,-0,05046336,-0,01035222,0,9963135,0,9980469
105813,-0,06827649,-0,02349352,-0,01238221,0,997313,0,9980469,-0,06860086,-0,05046126,-0,0103218,0,9963138,0,9980469
105827,-0,06827639,-0,02349379,-0,0123863,0,9973129,0,9980469,-0,06860046,-0,05046184,-0,01033014,0,9963136,0,9980469
105841,-0,06808194,-0,02375356,-0,01236174,0,9973204,0,9980469,-0,06840373,-0,05072116,-0,01030613,0,9963143,0,9980469
105855,-0,06808069,-0,02375708,-0,01241332,0,9973196,0,9980469,-0,06840064,-0,05072527,-0,01036614,0,9963136,0,9980469
105869,-0,06643608,-0,02393256,-0,01235847,0,9974272,0,9980469,-0,06675897,-0,05089846,-0,01027418,0,9964172,0,9980469
105882,-0,06643739,-0,02392885,-0,01230279,0,9974279,0,9980469,-0,06676135,-0,05089533,-0,01022754,0,9964176,0,9980469
105896,-0,0651509,-0,02410017,-0,01229312,0,9975086,0,9980469,-0,06547686,-0,05106518,-0,01019232,0,9964945,0,9980469
105910,-0,0651508,-0,02410041,-0,01229699,0,9975086,0,9980469,-0,06547605,-0,05106617,-0,01020768,0,9964943,0,9980469
105924,-0,06515099,-0,02409988,-0,01228871,0,9975088,0,9980469,-0,06547591,-0,05106635,-0,01021021,0,9964944,0,9980469
105938,-0,06471677,-0,01892533,-0,01262126,0,9976444,0,9980469,-0,06504939,-0,04590349,-0,01054792,0,99677,0,9980469
105952,-0,06471847,-0,01891966,-0,01253391,0,9976456,0,9980469,-0,06505286,-0,04589855,-0,01047233,0,9967708,0,9980469
105966,-0,06775486,-0,01606464,-0,01276377,0,997491,0,9980469,-0,0680865,-0,04305375,-0,01079689,0,9966916,0,9980469
105980,-0,06775243,-0,01607496,-0,01291566,0,997489,0,9980469,-0,06807954,-0,04306475,-0,01095811,0,9966898,0,9980469
105994,-0,06775372,-0,01606953,-0,01283568,0,9974902,0,9980469,-0,06808251,-0,04306003,-0,01088896,0,9966907,0,9980469
106007,-0,06732237,-0,01700876,-0,01263752,0,9975063,0,9980469,-0,06765105,-0,04399772,-0,01068657,0,9966812,0,9980469
106021,-0,06732395,-0,01700242,-0,01254361,0,9975075,0,9980469,-0,06765492,-0,04399176,-0,01059901,0,9966821,0,9980469
106035,-0,06935579,-0,01646891,-0,01263565,0,9973761,0,9980469,-0,06968033,-0,04346315,-0,01075082,0,9965641,0,9980469
106049,-0,06935255,-0,0164827,-0,01283387,0,9973735,0,9980469,-0,06967142,-0,04347744,-0,01095502,0,9965619,0,9980469
106063,-0,07174063,-0,01666738,-0,01306527,0,9971985,0,9980469,-0,0720465,-0,04366746,-0,01125946,0,9963815,0,9980469
106077,-0,07173878,-0,01667532,-0,01317546,0,9971972,0,9980469,-0,07204096,-0,04367661,-0,01138613,0,9963799,0,9980469
106091,-0,0717416,-0,01666306,-0,01300523,0,9971993,0,9980469,-0,07204767,-0,04366549,-0,01123247,0,9963816,0,9980469
106105,-0,07197977,-0,01619798,-0,01299072,0,99719,0,9980469,-0,07229843,-0,0432028,-0,01124263,0,9963836,0,9980469
106118,-0,07198008,-0,01619638,-0,01296869,0,9971902,0,9980469,-0,07229865,-0,04320237,-0,01123693,0,9963835,0,9980469
106132,-0,07136461,-0,0161701,-0,01300739,0,9972345,0,9980469,-0,07168432,-0,04317576,-0,01127097,0,9964288,0,9980469
106146,-0,07136656,-0,01616151,-0,01288726,0,9972361,0,9980469,-0,07168896,-0,04316804,-0,01116361,0,99643,0,9980469
106160,-0,07136656,-0,01616151,-0,01288747,0,9972359,0,9980469,-0,07168852,-0,04316873,-0,01117341,0,9964299,0,9980469
106174,-0,0680917,-0,0162838,-0,01279247,0,9974641,0,9980469,-0,06841767,-0,04328508,-0,01100114,0,9966567,0,9980469
106188,-0,06809027,-0,01628986,-0,01288112,0,9974631,0,9980469,-0,06841343,-0,04329185,-0,01109953,0,9966555,0,9980469
106202,-0,06754736,-0,01634194,-0,01292693,0,9974986,0,9980469,-0,06786692,-0,04334372,-0,01114276,0,9966903,0,9980469
106216,-0,06754746,-0,01634153,-0,01292095,0,9974986,0,9980469,-0,06786681,-0,04334383,-0,01114466,0,9966902,0,9980469
106230,-0,0677895,-0,01541975,-0,01305919,0,9974951,0,9980469,-0,06810991,-0,04242429,-0,01129723,0,9967115,0,9980469
106243,-0,06779069,-0,0154145,-0,01298199,0,9974959,0,9980469,-0,06811294,-0,04241942,-0,01122613,0,9967121,0,9980469
106258,-0,06779058,-0,01541505,-0,01299003,0,9974959,0,9980469,-0,0681125,-0,04242015,-0,01123662,0,9967121,0,9980469
106271,-0,07264666,-0,01461375,-0,01312595,0,9971643,0,9980469,-0,07296734,-0,04162992,-0,01150219,0,9963988,0,9980469
106285,-0,07264376,-0,01462823,-0,01332462,0,9971617,0,9980469,-0,07295931,-0,04164399,-0,01169427,0,9963965,0,9980469
106299,-0,07249882,-0,01469856,-0,01338259,0,9971703,0,9980469,-0,07281576,-0,04171342,-0,01174139,0,9964036,0,9980469
106313,-0,07250012,-0,01469225,-0,01329577,0,9971716,0,9980469,-0,07281969,-0,04170662,-0,0116482,0,9964048,0,9980469
106327,-0,07250126,-0,01468655,-0,01321742,0,9971726,0,9980469,-0,07282323,-0,0417003,-0,01156221,0,9964057,0,9980469
106341,-0,06580146,-0,01446568,-0,01316905,0,997641,0,9980469,-0,06613619,-0,04146573,-0,01132583,0,9968843,0,9980469
106355,-0,06580127,-0,01446663,-0,01318339,0,9976408,0,9980469,-0,06613586,-0,04146628,-0,01133394,0,9968842,0,9980469
106369,-0,06606196,-0,0157131,-0,01308814,0,9976061,0,9980469,-0,06639371,-0,04271144,-0,01124094,0,9968157,0,9980469
106382,-0,06606157,-0,01571481,-0,01311384,0,9976056,0,9980469,-0,06639291,-0,04271271,-0,01125991,0,9968154,0,9980469
106396,-0,07121114,-0,01415095,-0,01335364,0,9972715,0,9980469,-0,07153839,-0,0411603,-0,01163555,0,9965203,0,9980469
106410,-0,07121004,-0,01415641,-0,01343012,0,9972706,0,9980469,-0,07153557,-0,04116523,-0,01170405,0,9965195,0,9980469
106425,-0,07120976,-0,01415804,-0,01345293,0,9972702,0,9980469,-0,07153491,-0,04116639,-0,01172023,0,9965194,0,9980469
106438,-0,07187951,-0,01351144,-0,0135695,0,9972295,0,9980469,-0,07220794,-0,04052147,-0,01185016,0,9964956,0,9980469
106452,-0,07187857,-0,01351663,-0,01364136,0,9972286,0,9980469,-0,07220522,-0,04052639,-0,01191786,0,9964949,0,9980469
106466,-0,07213017,-0,01341946,-0,01369208,0,997211,0,9980469,-0,07246155,-0,04042958,-0,01197291,0,9964795,0,9980469
106480,-0,07213055,-0,01341745,-0,01366432,0,9972115,0,9980469,-0,07246276,-0,04042748,-0,01194375,0,99648,0,9980469
106494,-0,07213105,-0,01341464,-0,01362548,0,9972119,0,9980469,-0,07246443,-0,04042446,-0,01190227,0,9964805,0,9980469
106507,-0,0682579,-0,01533546,-0,01346184,0,9974591,0,9980469,-0,06859566,-0,04233492,-0,01162932,0,9966781,0,9980469
106521,-0,06825858,-0,01533245,-0,01341777,0,9974597,0,9980469,-0,06859763,-0,04233177,-0,01158338,0,9966787,0,9980469
106535,-0,06840604,-0,01539454,-0,01335294,0,9974494,0,9980469,-0,06874651,-0,04239386,-0,01152141,0,9966664,0,9980469
106549,-0,06840652,-0,01539246,-0,0133225,0,9974499,0,9980469,-0,06874783,-0,04239171,-0,0114903,0,9966668,0,9980469
106563,-0,07141738,-0,01518738,-0,01333707,0,9972419,0,9980469,-0,07175329,-0,04219279,-0,01158515,0,9964625,0,9980469
106577,-0,07141694,-0,01518949,-0,01336645,0,9972414,0,9980469,-0,07175224,-0,0421946,-0,01161024,0,9964621,0,9980469
106591,-0,07141558,-0,01519571,-0,01345336,0,9972402,0,9980469,-0,07174859,-0,04220074,-0,0116956,0,996461,0,9980469
106605,-0,07152084,-0,01632963,-0,01336221,0,9972159,0,9980469,-0,07184905,-0,04333332,-0,01160636,0,9964062,0,9980469
106619,-0,07152124,-0,01632787,-0,01333757,0,9972163,0,9980469,-0,0718502,-0,04333146,-0,01158044,0,9964065,0,9980469
106633,-0,07021193,-0,01640454,-0,01330207,0,9973085,0,9980469,-0,07054418,-0,0434049,-0,0115036,0,9964974,0,9980469
106646,-0,07021088,-0,01640896,-0,0133649,0,9973077,0,9980469,-0,0705419,-0,04340861,-0,01155595,0,9964969,0,9980469
106660,-0,07020607,-0,01642949,-0,01365658,0,9973038,0,9980469,-0,0705297,-0,04342844,-0,01183587,0,9964936,0,9980469
106674,-0,07037051,-0,01582544,-0,01383026,0,9972995,0,9980469,-0,07069277,-0,04282577,-0,01201629,0,996506,0,9980469
106688,-0,07037152,-0,015821,-0,01376728,0,9973004,0,9980469,-0,07069538,-0,04282148,-0,01195573,0,9965068,0,9980469
106702,-0,07155038,-0,01385766,-0,01377449,0,9972457,0,9980469,-0,07189288,-0,04086336,-0,01200563,0,9965026,0,9980469
106716,-0,07155071,-0,01385589,-0,01374976,0,997246,0,9980469,-0,07189348,-0,04086232,-0,01199094,0,9965029,0,9980469
106730,-0,07153895,-0,01377388,-0,0137098,0,9972485,0,9980469,-0,07188345,-0,04078095,-0,01195935,0,9965073,0,9980469
106743,-0,07153955,-0,01377082,-0,0136672,0,9972491,0,9980469,-0,07188496,-0,04077833,-0,01192291,0,9965078,0,9980469
106757,-0,07153989,-0,01376923,-0,01364485,0,9972495,0,9980469,-0,07188571,-0,04077703,-0,01190489,0,996508,0,9980469
106771,-0,07133939,-0,0177011,-0,01340818,0,997205,0,9980469,-0,07167265,-0,04470331,-0,01166339,0,9963577,0,9980469
106785,-0,07133772,-0,01770792,-0,01350349,0,9972036,0,9980469,-0,0716681,-0,04471056,-0,01176426,0,9963565,0,9980469
106799,-0,0711198,-0,01765308,-0,01364185,0,9972183,0,9980469,-0,07144593,-0,0446557,-0,01190096,0,9963734,0,9980469
106813,-0,07111897,-0,01765635,-0,01368777,0,9972177,0,9980469,-0,07144365,-0,0446593,-0,01195119,0,9963728,0,9980469
106827,-0,07111687,-0,01766489,-0,01380736,0,997216,0,9980469,-0,07143805,-0,04466832,-0,01207689,0,9963713,0,9980469
106841,-0,07153372,-0,01699133,-0,01395233,0,997196,0,9980469,-0,07186055,-0,0439973,-0,01224187,0,9963687,0,9980469
106855,-0,07153438,-0,01698843,-0,01391185,0,9971966,0,9980469,-0,07186209,-0,04399475,-0,01220666,0,9963691,0,9980469
106869,-0,07218911,-0,01470638,-0,01408118,0,9971832,0,9980469,-0,07253123,-0,04171693,-0,01239199,0,9964163,0,9980469
106882,-0,07218683,-0,01471769,-0,01423737,0,9971809,0,9980469,-0,07252509,-0,04172765,-0,01253903,0,9964146,0,9980469
106896,-0,07515769,-0,01468041,-0,0144831,0,9969584,0,9980469,-0,07549393,-0,04169643,-0,01285298,0,9961913,0,9980469
106910,-0,07515797,-0,01467891,-0,01446324,0,9969587,0,9980469,-0,07549498,-0,04169454,-0,0128279,0,9961915,0,9980469
106924,-0,07515825,-0,01467752,-0,01444474,0,9969591,0,9980469,-0,07549606,-0,04169258,-0,01280209,0,9961919,0,9980469
106938,-0,07537474,-0,01476418,-0,01448473,0,9969408,0,9980469,-0,07572136,-0,04177916,-0,01284367,0,9961707,0,9980469
106952,-0,07537264,-0,01477458,-0,01462242,0,9969388,0,9980469,-0,07571587,-0,04178907,-0,01297411,0,996169,0,9980469
106966,-0,07283535,-0,01480602,-0,01467045,0,9971261,0,9980469,-0,07318634,-0,04181408,-0,01294847,0,9963572,0,9980469
106980,-0,07283454,-0,01481014,-0,0147268,0,9971254,0,9980469,-0,0731843,-0,04181772,-0,01299782,0,9963567,0,9980469
106994,-0,07283334,-0,01481606,-0,01480784,0,9971242,0,9980469,-0,07318109,-0,04182328,-0,01307363,0,9963556,0,9980469
107007,-0,07309238,-0,01476059,-0,01490109,0,9971047,0,9980469,-0,07344773,-0,04176784,-0,01316714,0,9963372,0,9980469
107021,-0,07309093,-0,01476772,-0,0149983,0,9971031,0,9980469,-0,07344402,-0,0417743,-0,01325493,0,9963359,0,9980469
107035,-0,07338645,-0,01586703,-0,01492568,0,9970657,0,9980469,-0,07374623,-0,04287223,-0,01318352,0,9962679,0,9980469
107049,-0,07338452,-0,01587601,-0,01504763,0,9970639,0,9980469,-0,07374116,-0,04288097,-0,01330148,0,9962663,0,9980469
107063,-0,07355729,-0,01594346,-0,01512371,0,9970489,0,9980469,-0,07392103,-0,04294859,-0,0133812,0,9962489,0,9980469
107077,-0,07355556,-0,01595165,-0,01523464,0,9970473,0,9980469,-0,07391624,-0,04295689,-0,0134929,0,9962475,0,9980469
107091,-0,073554,-0,0159587,-0,01533019,0,9970458,0,9980469,-0,07391211,-0,042964,-0,01358886,0,9962463,0,9980469
107105,-0,07370125,-0,01599452,-0,0153796,0,9970336,0,9980469,-0,07406819,-0,04300015,-0,01364455,0,9962323,0,9980469
107118,-0,07370066,-0,01599722,-0,01541607,0,997033,0,9980469,-0,07406648,-0,04300306,-0,01368372,0,9962319,0,9980469
107132,-0,07261512,-0,01392034,-0,01554289,0,9971418,0,9980469,-0,07299685,-0,04092658,-0,01378788,0,9963967,0,9980469
107146,-0,07261512,-0,01392019,-0,01554086,0,9971418,0,9980469,-0,07299667,-0,04092689,-0,01379203,0,9963967,0,9980469
107160,-0,07261477,-0,01392189,-0,01556423,0,9971415,0,9980469,-0,07299545,-0,04092906,-0,01382177,0,9963962,0,9980469
107174,-0,07465161,-0,01362977,-0,01564024,0,9969939,0,9980469,-0,07503515,-0,04064192,-0,01395454,0,9962547,0,9980469
107188,-0,07465056,-0,01363553,-0,0157172,0,9969927,0,9980469,-0,07503196,-0,0406478,-0,01403265,0,9962536,0,9980469
107202,-0,07442481,-0,01354294,-0,01585221,0,9970087,0,9980469,-0,07480723,-0,04055487,-0,01416314,0,9962724,0,9980469
107216,-0,07442489,-0,01354223,-0,01584286,0,9970087,0,9980469,-0,07480768,-0,04055392,-0,01415088,0,9962725,0,9980469
107230,-0,0743596,-0,01394433,-0,01585071,0,9970081,0,9980469,-0,07474769,-0,04095508,-0,01415364,0,9962606,0,9980469
107243,-0,07435858,-0,01394988,-0,01592502,0,997007,0,9980469,-0,07474502,-0,04096004,-0,01421971,0,9962598,0,9980469
107258,-0,07435573,-0,0139651,-0,01612911,0,9970036,0,9980469,-0,07473719,-0,04097434,-0,01441007,0,9962571,0,9980469
107271,-0,07445182,-0,01400679,-0,01638333,0,9969916,0,9980469,-0,07483313,-0,04101554,-0,01465757,0,9962444,0,9980469
107285,-0,07445072,-0,01401278,-0,01646339,0,9969903,0,9980469,-0,07483018,-0,04102092,-0,01472927,0,9962434,0,9980469
107299,-0,07302906,-0,01354828,-0,01638377,0,9971033,0,9980469,-0,07343096,-0,04055317,-0,01460833,0,9963684,0,9980469
107313,-0,07303043,-0,01354104,-0,01628497,0,9971049,0,9980469,-0,07343511,-0,04054573,-0,01450717,0,9963699,0,9980469
107327,-0,07303126,-0,01353656,-0,01622375,0,9971059,0,9980469,-0,07343742,-0,04054154,-0,0144505,0,9963708,0,9980469
107341,-0,07369,-0,01343233,-0,01619622,0,9970592,0,9980469,-0,07410245,-0,04043914,-0,01444666,0,9963257,0,9980469
107355,-0,07369028,-0,01343097,-0,01617783,0,9970596,0,9980469,-0,07410303,-0,04043811,-0,01443257,0,9963259,0,9980469
107368,-0,07258739,-0,01411638,-0,01607124,0,9971326,0,9980469,-0,07299782,-0,04112036,-0,01429662,0,9963815,0,9980469
107382,-0,07258782,-0,01411423,-0,01604173,0,9971332,0,9980469,-0,07299905,-0,04111817,-0,01426666,0,996382,0,9980469
107396,-0,07365744,-0,01415226,-0,01604062,0,9970542,0,9980469,-0,07406428,-0,04115831,-0,01429083,0,9963013,0,9980469
107410,-0,07365702,-0,01415446,-0,01607039,0,9970538,0,9980469,-0,07406334,-0,04116005,-0,01431404,0,9963011,0,9980469
107424,-0,07365683,-0,01415544,-0,01608367,0,9970536,0,9980469,-0,07406322,-0,04116023,-0,01431646,0,996301,0,9980469
107438,-0,07133146,-0,01358367,-0,01610883,0,9972302,0,9980469,-0,07173929,-0,04058339,-0,01426641,0,9964954,0,9980469
107452,-0,07133106,-0,01358564,-0,01613628,0,9972297,0,9980469,-0,071738,-0,04058567,-0,01429818,0,9964949,0,9980469
107466,-0,07159344,-0,01382761,-0,01607082,0,9972086,0,9980469,-0,07200135,-0,04082762,-0,01423493,0,996467,0,9980469
107479,-0,07159386,-0,01382564,-0,01604335,0,9972091,0,9980469,-0,07200281,-0,04082513,-0,01420036,0,9964675,0,9980469
107493,-0,07159039,-0,01384363,-0,01629399,0,997205,0,9980469,-0,07199252,-0,04084326,-0,01445131,0,9964638,0,9980469
107507,-0,07100549,-0,01446242,-0,01643602,0,9972357,0,9980469,-0,07140151,-0,04146046,-0,01457817,0,996479,0,9980469
107521,-0,07100523,-0,01446383,-0,01645588,0,9972354,0,9980469,-0,07140042,-0,04146238,-0,01460483,0,9964787,0,9980469
107535,-0,06758774,-0,01522818,-0,01636334,0,9974629,0,9980469,-0,06799512,-0,0422203,-0,01443274,0,9966876,0,9980469
107549,-0,06758888,-0,01522313,-0,01628889,0,9974642,0,9980469,-0,06799766,-0,04221622,-0,01437292,0,9966884,0,9980469
107563,-0,06736227,-0,01706205,-0,01621451,0,997451,0,9980469,-0,06777427,-0,04405262,-0,01429646,0,9966252,0,9980469
107577,-0,06736211,-0,01706272,-0,01622446,0,9974508,0,9980469,-0,0677738,-0,04405333,-0,01430692,0,9966249,0,9980469
107591,-0,06736178,-0,01706393,-0,01624235,0,9974505,0,9980469,-0,06777269,-0,04405507,-0,01433232,0,9966247,0,9980469
107604,-0,06707843,-0,01711702,-0,01629429,0,9974678,0,9980469,-0,06749126,-0,04410788,-0,01438178,0,9966407,0,9980469
107618,-0,06707648,-0,01712469,-0,01640839,0,997466,0,9980469,-0,06748588,-0,04411611,-0,01450321,0,996639,0,9980469
107632,-0,07127953,-0,01695173,-0,01660653,0,9971741,0,9980469,-0,07168549,-0,04395023,-0,0148005,0,9963487,0,9980469
107646,-0,07127814,-0,01695756,-0,01668812,0,9971727,0,9980469,-0,07168247,-0,04395515,-0,01486888,0,9963475,0,9980469
107660,-0,07127704,-0,0169624,-0,01675569,0,9971718,0,9980469,-0,07168108,-0,04395744,-0,01490054,0,9963471,0,9980469
107674,-0,07138789,-0,01866153,-0,01672327,0,9971339,0,9980469,-0,07179647,-0,04565363,-0,01486486,0,9962631,0,9980469
107688,-0,07139016,-0,01865306,-0,01660487,0,9971359,0,9980469,-0,07180175,-0,04564533,-0,01474984,0,9962648,0,9980469
107702,-0,06643366,-0,01991807,-0,01649561,0,9974556,0,9980469,-0,06685814,-0,04689941,-0,01450921,0,9965541,0,9980469
107716,-0,06643342,-0,01991886,-0,01650746,0,9974556,0,9980469,-0,06685662,-0,04690161,-0,01454172,0,9965537,0,9980469
107730,-0,06648254,-0,02010221,-0,01656174,0,9974477,0,9980469,-0,06690442,-0,04708802,-0,0146445,0,9965401,0,9980469
107743,-0,06648028,-0,02010969,-0,01667398,0,9974458,0,9980469,-0,06689852,-0,04709641,-0,01476934,0,9965383,0,9980469
107757,-0,06647778,-0,020118,-0,01679861,0,9974437,0,9980469,-0,06689311,-0,04710411,-0,01488392,0,9965366,0,9980469
107771,-0,06564228,-0,0196615,-0,01681658,0,9975078,0,9980469,-0,0660669,-0,04664601,-0,0148652,0,9966134,0,9980469
107785,-0,06564236,-0,01966133,-0,01681386,0,9975079,0,9980469,-0,06606872,-0,04664347,-0,01482675,0,9966141,0,9980469
107799,-0,0658472,-0,01957723,-0,01687266,0,9974951,0,9980469,-0,06628072,-0,04655823,-0,01486954,0,9966034,0,9980469
107813,-0,06584744,-0,01957635,-0,0168594,0,9974952,0,9980469,-0,06628155,-0,04655704,-0,01485166,0,9966036,0,9980469
107827,-0,06584842,-0,0195731,-0,01681017,0,9974961,0,9980469,-0,06628469,-0,04655257,-0,01478427,0,9966047,0,9980469
107840,-0,06645381,-0,01935707,-0,01682376,0,9974599,0,9980469,-0,06689361,-0,04633811,-0,01482208,0,9965734,0,9980469
107854,-0,06645429,-0,01935541,-0,01679893,0,9974604,0,9980469,-0,06689322,-0,04633863,-0,01482988,0,9965733,0,9980469
107868,-0,07241752,-0,01832275,-0,01699387,0,9970614,0,9980469,-0,07284479,-0,04532266,-0,01523845,0,9961964,0,9980469
107882,-0,07241464,-0,01833405,-0,01714957,0,9970586,0,9980469,-0,07283772,-0,04533399,-0,01539359,0,9961941,0,9980469
107896,-0,07173958,-0,0183779,-0,01721391,0,9971054,0,9980469,-0,07216365,-0,04537523,-0,0154237,0,9962407,0,9980469
107910,-0,07173777,-0,01838503,-0,01731296,0,9971038,0,9980469,-0,07216216,-0,04537763,-0,01545681,0,9962403,0,9980469
107924,-0,07173782,-0,01838478,-0,01730955,0,9971039,0,9980469,-0,07216422,-0,04537431,-0,01541103,0,996241,0,9980469
107938,-0,07079625,-0,01857971,-0,0172963,0,9971678,0,9980469,-0,0712326,-0,04556577,-0,01535561,0,9963002,0,9980469
107952,-0,07079823,-0,01857231,-0,01719197,0,9971697,0,9980469,-0,07123794,-0,04555748,-0,01523946,0,996302,0,9980469
107966,-0,06508741,-0,01953169,-0,01696346,0,9975443,0,9980469,-0,0655404,-0,04650562,-0,01485385,0,996655,0,9980469
107980,-0,06508863,-0,01952764,-0,01690128,0,9975454,0,9980469,-0,06554284,-0,04650221,-0,0148019,0,9966558,0,9980469
107993,-0,06508791,-0,01953006,-0,01693856,0,9975446,0,9980469,-0,0655372,-0,04651015,-0,01492268,0,9966539,0,9980469
108007,-0,06524724,-0,01995976,-0,0169912,0,9975248,0,9980469,-0,065688,-0,04694209,-0,01501769,0,9966224,0,9980469
108021,-0,06524651,-0,01996213,-0,0170273,0,9975243,0,9980469,-0,06568588,-0,04694501,-0,01506212,0,9966217,0,9980469
108035,-0,06450609,-0,01999616,-0,01700212,0,9975721,0,9980469,-0,06494903,-0,04697638,-0,01499409,0,9966695,0,9980469
108049,-0,06450713,-0,01999277,-0,01694974,0,9975729,0,9980469,-0,06495249,-0,04697157,-0,01492063,0,9966706,0,9980469
108063,-0,0668758,-0,01988019,-0,01700551,0,9974185,0,9980469,-0,06731988,-0,04686015,-0,01500114,0,9965177,0,9980469
108077,-0,06687385,-0,01988653,-0,01710029,0,9974167,0,9980469,-0,06731717,-0,04686397,-0,01505788,0,9965166,0,9980469
108091,-0,06687377,-0,01988686,-0,01710504,0,9974166,0,9980469,-0,06731758,-0,04686344,-0,01504983,0,9965169,0,9980469
108104,-0,06762651,-0,02064655,-0,0170163,0,9973519,0,9980469,-0,06806985,-0,04762277,-0,01497777,0,9964308,0,9980469
108118,-0,06762327,-0,0206572,-0,01717335,0,9973492,0,9980469,-0,06806174,-0,04763437,-0,01514765,0,9964282,0,9980469
108133,-0,06855115,-0,0208499,-0,01748869,0,9972765,0,9980469,-0,06898212,-0,04782688,-0,01546313,0,9963509,0,9980469
108146,-0,06854769,-0,02086119,-0,01765315,0,9972734,0,9980469,-0,0689754,-0,0478365,-0,0156023,0,9963487,0,9980469
108160,-0,06854905,-0,02085666,-0,01758715,0,9972748,0,9980469,-0,06897875,-0,04783171,-0,01553307,0,9963498,0,9980469
108174,-0,06901564,-0,01883707,-0,01776387,0,9972796,0,9980469,-0,06946076,-0,04581877,-0,01576116,0,9964073,0,9980469
108188,-0,06901575,-0,01883677,-0,01775958,0,9972796,0,9980469,-0,06945596,-0,04582606,-0,01586564,0,9964057,0,9980469
108202,-0,069809,-0,01675133,-0,01820467,0,9972537,0,9980469,-0,07025188,-0,04374803,-0,01637405,0,996435,0,9980469
108216,-0,06980794,-0,01675589,-0,01826974,0,9972525,0,9980469,-0,07025008,-0,04375097,-0,01641551,0,9964344,0,9980469
108229,-0,06831586,-0,01866139,-0,01806279,0,9973257,0,9980469,-0,06877274,-0,04564767,-0,01612661,0,996457,0,9980469
108243,-0,06832197,-0,01863892,-0,01773474,0,9973317,0,9980469,-0,06879229,-0,04561826,-0,01570044,0,996464,0,9980469
108257,-0,06832252,-0,01863688,-0,01770511,0,9973321,0,9980469,-0,06879492,-0,04561424,-0,01564231,0,9964647,0,9980469
108271,-0,06897942,-0,01907928,-0,01778153,0,9972771,0,9980469,-0,06944812,-0,04605602,-0,01572195,0,9963979,0,9980469
108285,-0,06897856,-0,01908231,-0,01782543,0,9972765,0,9980469,-0,0694458,-0,04605953,-0,01577236,0,9963971,0,9980469
108299,-0,07004503,-0,01932094,-0,01782013,0,9971976,0,9980469,-0,07050496,-0,04630037,-0,01580243,0,9963111,0,9980469
108313,-0,0700449,-0,01932136,-0,01782616,0,9971974,0,9980469,-0,07050273,-0,04630375,-0,01585034,0,9963102,0,9980469
108327,-0,0700452,-0,01932035,-0,0178116,0,9971978,0,9980469,-0,07050207,-0,04630484,-0,01586538,0,9963101,0,9980469
108341,-0,07060307,-0,02076763,-0,01773553,0,9971307,0,9980469,-0,07105468,-0,04775223,-0,01582168,0,9962032,0,9980469
108354,-0,07060657,-0,02075576,-0,01756791,0,9971336,0,9980469,-0,07106256,-0,04774052,-0,01565754,0,9962057,0,9980469
108369,-0,07050512,-0,0211362,-0,01746402,0,9971347,0,9980469,-0,07096282,-0,04812057,-0,01555378,0,9961962,0,9980469
108382,-0,07050867,-0,02112435,-0,01729655,0,9971375,0,9980469,-0,07097048,-0,04810928,-0,01539529,0,9961987,0,9980469
108396,-0,07053941,-0,02142357,-0,01721719,0,9971304,0,9980469,-0,07099288,-0,04840969,-0,0153346,0,9961835,0,9980469
108410,-0,07054266,-0,0214129,-0,01706637,0,997133,0,9980469,-0,07099904,-0,04840061,-0,0152074,0,9961854,0,9980469
108424,-0,07054337,-0,02141044,-0,01703174,0,9971336,0,9980469,-0,07099999,-0,04839922,-0,01518802,0,9961857,0,9980469
108438,-0,06993543,-0,02049518,-0,01702032,0,9971958,0,9980469,-0,07038384,-0,0474856,-0,01517246,0,9962736,0,9980469
108452,-0,06993652,-0,02049143,-0,01696686,0,9971966,0,9980469,-0,07038573,-0,04748277,-0,01513227,0,9962742,0,9980469
108466,-0,06773663,-0,01925977,-0,0170462,0,9973716,0,9980469,-0,06817975,-0,0462504,-0,01516902,0,996485,0,9980469
108480,-0,06773574,-0,019263,-0,01709364,0,9973708,0,9980469,-0,06817712,-0,0462543,-0,01522583,0,9964841,0,9980469
108493,-0,06773671,-0,0192595,-0,01704232,0,9973716,0,9980469,-0,06817906,-0,04625143,-0,015184,0,9964848,0,9980469
108507,-0,06654686,-0,01746147,-0,01696732,0,9974862,0,9980469,-0,06699564,-0,04445431,-0,01508429,0,9966483,0,9980469
108521,-0,06654849,-0,01745522,-0,01687356,0,9974879,0,9980469,-0,06699935,-0,04444875,-0,0150014,0,9966497,0,9980469
108535,-0,06603077,-0,01549417,-0,01702834,0,997552,0,9980469,-0,06647807,-0,04249048,-0,01516215,0,9967676,0,9980469
108549,-0,06603304,-0,01548443,-0,0168812,0,9975545,0,9980469,-0,06648365,-0,04248172,-0,01503102,0,9967694,0,9980469
108563,-0,06811846,-0,01553263,-0,01669094,0,9974167,0,9980469,-0,06856457,-0,04253341,-0,01489257,0,9966283,0,9980469
108577,-0,06812032,-0,01552449,-0,01657173,0,9974186,0,9980469,-0,06857001,-0,04252463,-0,01476501,0,9966303,0,9980469
108591,-0,0681216,-0,01551892,-0,01649024,0,99742,0,9980469,-0,06857508,-0,04251647,-0,01464639,0,996632,0,9980469
108605,-0,06792812,-0,01581496,-0,01662216,0,9974265,0,9980469,-0,06836337,-0,0428098,-0,01473734,0,9966328,0,9980469
108618,-0,06792624,-0,0158229,-0,0167389,0,9974244,0,9980469,-0,0683594,-0,04281609,-0,01482926,0,9966313,0,9980469
108632,-0,06800094,-0,01595273,-0,01672829,0,9974176,0,9980469,-0,06842747,-0,04294519,-0,0148082,0,9966214,0,9980469
108646,-0,0680009,-0,01595278,-0,01672927,0,9974175,0,9980469,-0,0684277,-0,0429448,-0,01480263,0,9966215,0,9980469
108660,-0,06800134,-0,0159507,-0,01669878,0,9974179,0,9980469,-0,06842899,-0,04294278,-0,01477319,0,9966218,0,9980469
108674,-0,06850756,-0,01564247,-0,0167615,0,9973873,0,9980469,-0,0689363,-0,04263532,-0,01484401,0,9965992,0,9980469
108688,-0,06850741,-0,01564307,-0,01677033,0,9973871,0,9980469,-0,06893645,-0,04263502,-0,01483987,0,9965993,0,9980469
108702,-0,06923549,-0,01526564,-0,01676546,0,9973427,0,9980469,-0,0696669,-0,04225843,-0,01484407,0,9965643,0,9980469
108716,-0,06923536,-0,01526633,-0,01677523,0,9973425,0,9980469,-0,06966695,-0,04225831,-0,0148425,0,9965643,0,9980469
108729,-0,07144153,-0,01639711,-0,0167179,0,99717,0,9980469,-0,07186821,-0,04339178,-0,01484152,0,9963593,0,9980469
108743,-0,07144228,-0,01639386,-0,01667242,0,9971706,0,9980469,-0,07186989,-0,04338895,-0,01480247,0,9963599,0,9980469
108757,-0,07144158,-0,01639687,-0,01671441,0,9971699,0,9980469,-0,07186728,-0,04339332,-0,01486297,0,996359,0,9980469
108771,-0,07171614,-0,01622629,-0,01680971,0,9971515,0,9980469,-0,07213645,-0,0432262,-0,01500283,0,9963447,0,9980469
108785,-0,07171563,-0,01622869,-0,016843,0,997151,0,9980469,-0,07213356,-0,0432311,-0,01507032,0,9963437,0,9980469
108799,-0,07302386,-0,01585394,-0,01684963,0,997062,0,9980469,-0,07344401,-0,04286169,-0,01514184,0,9962628,0,9980469
108813,-0,07302238,-0,01586059,-0,01694051,0,9970603,0,9980469,-0,07343943,-0,04286949,-0,01524788,0,9962612,0,9980469
108827,-0,07302047,-0,01586941,-0,01706093,0,9970583,0,9980469,-0,07343324,-0,0428801,-0,01539178,0,9962592,0,9980469
108840,-0,07196465,-0,01576651,-0,01721685,0,997134,0,9980469,-0,07237718,-0,04277658,-0,01554199,0,9963384,0,9980469
108854,-0,07196447,-0,01576765,-0,01723245,0,9971338,0,9980469,-0,07237551,-0,04277945,-0,01558144,0,9963378,0,9980469
108868,-0,07096546,-0,01616926,-0,01723295,0,9971988,0,9980469,-0,07138615,-0,04317947,-0,01557389,0,996392,0,9980469
108882,-0,07096415,-0,01617502,-0,0173139,0,9971974,0,9980469,-0,07138205,-0,04318622,-0,01566812,0,9963906,0,9980469
108896,-0,07751536,-0,01577509,-0,01748104,0,9967132,0,9980469,-0,07793423,-0,04280322,-0,01601921,0,9959105,0,9980469
108910,-0,0775146,-0,01577869,-0,01752741,0,9967123,0,9980469,-0,07793211,-0,04280702,-0,01606799,0,9959097,0,9980469
108924,-0,07751379,-0,01578262,-0,01757798,0,9967114,0,9980469,-0,07792997,-0,04281091,-0,01611768,0,9959089,0,9980469
108938,-0,07688014,-0,01335134,-0,01769713,0,996794,0,9980469,-0,07731414,-0,04037967,-0,01621383,0,9960569,0,9980469
108952,-0,07687971,-0,01335372,-0,01772813,0,9967934,0,9980469,-0,07731298,-0,04038184,-0,01624211,0,9960564,0,9980469
108966,-0,07675614,-0,01301468,-0,01778457,0,9968064,0,9980469,-0,07719455,-0,04004228,-0,01629038,0,9960784,0,9980469
108979,-0,07675491,-0,013022,-0,01787957,0,9968047,0,9980469,-0,07719088,-0,04004938,-0,01638217,0,996077,0,9980469
108993,-0,07675327,-0,01303168,-0,01800528,0,9968024,0,9980469,-0,07718612,-0,04005856,-0,01650048,0,996075,0,9980469
109007,-0,07451558,-0,01285931,-0,01804658,0,9969737,0,9980469,-0,07495472,-0,03988025,-0,01647824,0,996253,0,9980469
109021,-0,07451528,-0,01286135,-0,01807391,0,9969732,0,9980469,-0,07495347,-0,03988264,-0,01650992,0,9962524,0,9980469
109035,-0,07623081,-0,0121267,-0,01820725,0,9968503,0,9980469,-0,07667602,-0,0391533,-0,01669561,0,9961472,0,9980469
109049,-0,07623073,-0,01212719,-0,01821366,0,9968501,0,9980469,-0,07667569,-0,03915389,-0,01670346,0,996147,0,9980469
109063,-0,07619202,-0,01209069,-0,01827043,0,9968525,0,9980469,-0,07664289,-0,03911714,-0,01675825,0,9961501,0,9980469
109077,-0,07619202,-0,01209091,-0,01827332,0,9968526,0,9980469,-0,07664297,-0,03911705,-0,01675711,0,9961501,0,9980469
109091,-0,07619216,-0,01209004,-0,01826187,0,9968527,0,9980469,-0,07664354,-0,03911591,-0,01674229,0,9961504,0,9980469
109104,-0,07622395,-0,01230574,-0,01825056,0,9968478,0,9980469,-0,07667945,-0,03933131,-0,01673031,0,9961393,0,9980469
109118,-0,07622356,-0,01230847,-0,01828618,0,9968472,0,9980469,-0,07667788,-0,03933447,-0,01677115,0,9961388,0,9980469
109132,-0,0761377,-0,01311612,-0,01829918,0,9968432,0,9980469,-0,07658929,-0,04014145,-0,01678527,0,9961131,0,9980469
109146,-0,0761365,-0,01312294,-0,01838851,0,9968415,0,9980469,-0,07658558,-0,04014846,-0,01687661,0,9961114,0,9980469
109161,-0,07613507,-0,0131312,-0,01849656,0,9968396,0,9980469,-0,07658142,-0,04015642,-0,01697997,0,9961097,0,9980469
109174,-0,07477527,-0,01398514,-0,0184662,0,9969313,0,9980469,-0,07522514,-0,0410054,-0,01690606,0,9961798,0,9980469
109188,-0,07477551,-0,01398393,-0,01845016,0,9969317,0,9980469,-0,07522561,-0,04100458,-0,01689487,0,9961799,0,9980469
109202,-0,07207771,-0,01394883,-0,01839091,0,9971319,0,9980469,-0,07253887,-0,04096326,-0,0167683,0,9963831,0,9980469
109216,-0,07207723,-0,01395127,-0,01842475,0,9971313,0,9980469,-0,07253726,-0,0409661,-0,0168075,0,9963824,0,9980469
109229,-0,07200515,-0,0147288,-0,01839534,0,9971259,0,9980469,-0,07246526,-0,04174259,-0,01677639,0,9963558,0,9980469
109243,-0,0720043,-0,01473304,-0,01845402,0,9971249,0,9980469,-0,07246283,-0,04174688,-0,01683519,0,9963549,0,9980469
109257,-0,07200505,-0,01472941,-0,01840375,0,9971259,0,9980469,-0,07246493,-0,04174319,-0,0167847,0,9963557,0,9980469
109271,-0,07192574,-0,01479505,-0,01839519,0,9971308,0,9980469,-0,07238887,-0,04180861,-0,01677519,0,9963588,0,9980469
109285,-0,0719262,-0,01479255,-0,01836072,0,9971313,0,9980469,-0,07239027,-0,0418061,-0,01674099,0,9963593,0,9980469
109299,-0,07205306,-0,0165812,-0,01833493,0,9970945,0,9980469,-0,07251039,-0,043593,-0,01672176,0,9962742,0,9980469
109313,-0,07204878,-0,01659973,-0,01859142,0,9970897,0,9980469,-0,07249914,-0,04361169,-0,0169787,0,9962699,0,9980469
109327,-0,07204437,-0,01661876,-0,01885489,0,9970847,0,9980469,-0,07248783,-0,04363044,-0,01723634,0,9962655,0,9980469
109341,-0,07197332,-0,01661896,-0,01884069,0,9970902,0,9980469,-0,07242368,-0,04363037,-0,01722141,0,9962704,0,9980469
109354,-0,071973,-0,0166203,-0,01885918,0,9970897,0,9980469,-0,07242285,-0,04363175,-0,0172405,0,9962701,0,9980469
109368,-0,06793915,-0,01663547,-0,01878634,0,9973738,0,9980469,-0,06841,-0,04363837,-0,01706351,0,9965565,0,9980469
109382,-0,06793842,-0,01663845,-0,01883011,0,9973732,0,9980469,-0,0684078,-0,04364182,-0,01711388,0,9965557,0,9980469
109396,-0,0668573,-0,01673493,-0,01880661,0,9974449,0,9980469,-0,06733446,-0,04373624,-0,01706553,0,9966253,0,9980469
109410,-0,06685892,-0,01672854,-0,0187112,0,9974468,0,9980469,-0,06733849,-0,04373001,-0,01697322,0,9966269,0,9980469
109424,-0,06686077,-0,01672117,-0,01860129,0,9974488,0,9980469,-0,06734321,-0,04372275,-0,01686574,0,9966287,0,9980469
109438,-0,06669518,-0,01590296,-0,01855416,0,9974742,0,9980469,-0,0671832,-0,04290532,-0,01681498,0,9966758,0,9980469
109452,-0,06669615,-0,01589885,-0,01849266,0,9974753,0,9980469,-0,06718599,-0,04290097,-0,0167505,0,996677,0,9980469
109466,-0,067843,-0,01571135,-0,01841216,0,9974025,0,9980469,-0,06832616,-0,04271675,-0,01671125,0,9966081,0,9980469
109479,-0,06784227,-0,01571451,-0,01845865,0,9974015,0,9980469,-0,06832308,-0,04272161,-0,01678231,0,9966069,0,9980469
109493,-0,06784181,-0,0157165,-0,01848782,0,9974011,0,9980469,-0,06832173,-0,04272376,-0,01681384,0,9966062,0,9980469
109507,-0,06755371,-0,01360995,-0,01858126,0,9974498,0,9980469,-0,06803218,-0,04061882,-0,01689271,0,9967129,0,9980469
109521,-0,06755588,-0,01359923,-0,01842291,0,9974528,0,9980469,-0,06803906,-0,04060731,-0,01672406,0,9967157,0,9980469
109535,-0,06649119,-0,009248113,-0,01859992,0,9975709,0,9980469,-0,06698337,-0,03625717,-0,01687125,0,9969524,0,9980469
109549,-0,0664906,-0,00925239,-0,01866404,0,9975696,0,9980469,-0,06698043,-0,03626263,-0,0169524,0,996951,0,9980469
109563,-0,06579746,-0,009359759,-0,01861486,0,9976155,0,9980469,-0,06627946,-0,03637152,-0,01692595,0,9969943,0,9980469
109577,-0,06579771,-0,009358102,-0,01858968,0,997616,0,9980469,-0,06627892,-0,03637252,-0,0169409,0,9969942,0,9980469
109590,-0,06579774,-0,009357665,-0,01858309,0,9976161,0,9980469,-0,06627808,-0,03637403,-0,01696379,0,9969937,0,9980469
109604,-0,06566492,-0,0087265,-0,01866178,0,997629,0,9980469,-0,06614327,-0,03574514,-0,01707319,0,9970235,0,9980469
109618,-0,06566399,-0,008733515,-0,01876837,0,9976271,0,9980469,-0,06613924,-0,03575262,-0,01718566,0,9970216,0,9980469
109632,-0,06533439,-0,008744213,-0,01884815,0,9976473,0,9980469,-0,06581014,-0,03576167,-0,01724128,0,9970422,0,9980469
109646,-0,06533585,-0,008733047,-0,01867769,0,9976504,0,9980469,-0,06581687,-0,0357492,-0,01705265,0,9970453,0,9980469
109660,-0,06534075,-0,008696273,-0,01811622,0,9976606,0,9980469,-0,06583808,-0,03571013,-0,01646078,0,9970552,0,9980469
109674,-0,06516965,-0,008491741,-0,0181361,0,9976733,0,9980469,-0,06566788,-0,03550591,-0,01648423,0,9970735,0,9980469
109688,-0,06516577,-0,008521609,-0,01859346,0,9976649,0,9980469,-0,06565031,-0,03553838,-0,01697732,0,9970652,0,9980469
109702,-0,06546399,-0,01139216,-0,0189823,0,9976093,0,9980469,-0,06590796,-0,03841212,-0,01742592,0,9969338,0,9980469
109715,-0,06545958,-0,01141755,-0,01936923,0,9976019,0,9980469,-0,06589018,-0,03844267,-0,01788791,0,9969257,0,9980469
109729,-0,06604572,-0,01187778,-0,01946771,0,997556,0,9980469,-0,06649692,-0,03890715,-0,01805847,0,9968643,0,9980469
109743,-0,06604885,-0,01186043,-0,01920571,0,9975611,0,9980469,-0,06650591,-0,03889177,-0,01782793,0,9968684,0,9980469
109757,-0,06604836,-0,01186318,-0,01924722,0,9975604,0,9980469,-0,06650367,-0,03889558,-0,0178852,0,9968674,0,9980469
109771,-0,0691646,-0,009747781,-0,01980268,0,9973612,0,9980469,-0,06963995,-0,0367882,-0,01852266,0,9967217,0,9980469
109785,-0,06916083,-0,009774552,-0,02018871,0,9973534,0,9980469,-0,06962524,-0,03681606,-0,01892139,0,9967141,0,9980469
109799,-0,06887141,-0,009321293,-0,02026892,0,9973761,0,9980469,-0,06935402,-0,0363635,-0,01901518,0,9967478,0,9980469
109813,-0,06887554,-0,009290967,-0,01982972,0,9973849,0,9980469,-0,06936823,-0,03633639,-0,01862553,0,9967552,0,9980469
109827,-0,0688827,-0,009237754,-0,01905917,0,9974,0,9980469,-0,06939554,-0,03628425,-0,01787641,0,996769,0,9980469
109840,-0,06715043,-0,01294016,-0,01868299,0,9974841,0,9980469,-0,06767627,-0,03997847,-0,01743974,0,9967535,0,9980469
109854,-0,06714755,-0,01295505,-0,01890418,0,9974799,0,9980469,-0,06766897,-0,03999082,-0,01762151,0,9967503,0,9980469
109868,-0,06795555,-0,01291204,-0,01894162,0,997425,0,9980469,-0,06844985,-0,03994536,-0,01760751,0,9966992,0,9980469
109882,-0,06795726,-0,01290296,-0,01880848,0,9974275,0,9980469,-0,06845719,-0,03993269,-0,01742317,0,9967023,0,9980469
109896,-0,06796101,-0,01288325,-0,01851905,0,997433,0,9980469,-0,06847021,-0,0399104,-0,01709876,0,9967079,0,9980469
109910,-0,06499349,-0,01291397,-0,01835552,0,9976333,0,9980469,-0,06549595,-0,03993409,-0,01684207,0,9969112,0,9980469
109924,-0,06499306,-0,01291623,-0,01839009,0,9976327,0,9980469,-0,06549388,-0,03993747,-0,01689349,0,9969105,0,9980469
109938,-0,06670313,-0,009981837,-0,01874498,0,9975469,0,9980469,-0,0671862,-0,03701057,-0,01731357,0,9969035,0,9980469
109952,-0,06670055,-0,00999908,-0,0190029,0,997542,0,9980469,-0,0671773,-0,03702674,-0,01755361,0,9968993,0,9980469
109966,-0,06669188,-0,01293109,-0,01895584,0,9975097,0,9980469,-0,06715782,-0,0399534,-0,01745477,0,9967893,0,9980469
109979,-0,0666915,-0,01293309,-0,01898579,0,9975093,0,9980469,-0,06715786,-0,03995337,-0,01745422,0,9967895,0,9980469
109993,-0,06668957,-0,0129429,-0,01913252,0,9975064,0,9980469,-0,06715216,-0,03996289,-0,01759583,0,9967868,0,9980469
110007,-0,06747255,-0,01225061,-0,01964113,0,9974527,0,9980469,-0,06793527,-0,03927303,-0,01812748,0,9967518,0,9980469
110021,-0,06746986,-0,01226527,-0,01985789,0,9974483,0,9980469,-0,06792712,-0,03928708,-0,01833384,0,9967479,0,9980469
110035,-0,06816742,-0,01282846,-0,01987767,0,9973934,0,9980469,-0,06864182,-0,03985069,-0,01836814,0,9966759,0,9980469
110049,-0,06816678,-0,01283198,-0,0199291,0,9973924,0,9980469,-0,06864025,-0,03985345,-0,01840802,0,9966753,0,9980469
110063,-0,06918323,-0,01163184,-0,02014723,0,9973327,0,9980469,-0,06967864,-0,03865493,-0,01863826,0,996646,0,9980469
110076,-0,06918268,-0,01163521,-0,02019588,0,9973317,0,9980469,-0,06967707,-0,03865782,-0,01867939,0,9966453,0,9980469
110090,-0,06918213,-0,01163844,-0,02024243,0,9973308,0,9980469,-0,06967507,-0,03866143,-0,01873099,0,9966443,0,9980469
110104,-0,07103971,-0,01132997,-0,0202136,0,9972044,0,9980469,-0,0715468,-0,03835863,-0,01877384,0,9965227,0,9980469
110118,-0,07104041,-0,01132561,-0,02015247,0,9972056,0,9980469,-0,07154818,-0,03835601,-0,0187375,0,9965232,0,9980469
110132,-0,07170168,-0,009756556,-0,02015527,0,9971749,0,9980469,-0,07222028,-0,03679089,-0,01877822,0,996533,0,9980469
110146,-0,07170177,-0,009755816,-0,02014507,0,997175,0,9980469,-0,07221983,-0,03679175,-0,01879013,0,9965329,0,9980469
110160,-0,07170153,-0,009757625,-0,0201702,0,9971744,0,9980469,-0,07221828,-0,03679475,-0,01883157,0,996532,0,9980469
110174,-0,07105163,-0,009863498,-0,02009135,0,9972216,0,9980469,-0,07156676,-0,0368991,-0,01873863,0,996577,0,9980469
110188,-0,0710535,-0,00984989,-0,01990041,0,9972253,0,9980469,-0,07157431,-0,03688442,-0,01853413,0,9965807,0,9980469
110202,-0,07100852,-0,01118238,-0,01964852,0,9972195,0,9980469,-0,07152665,-0,03821425,-0,01826397,0,9965391,0,9980469
110215,-0,0710111,-0,01116628,-0,01942234,0,9972241,0,9980469,-0,07153565,-0,03819749,-0,01803021,0,9965433,0,9980469
110229,-0,0704622,-0,01213814,-0,0195122,0,9972498,0,9980469,-0,07096566,-0,03916642,-0,01809452,0,9965454,0,9980469
110243,-0,07045969,-0,0121526,-0,01971695,0,9972457,0,9980469,-0,07095784,-0,03918049,-0,01829241,0,9965417,0,9980469
110257,-0,07045897,-0,01215676,-0,01977573,0,9972447,0,9980469,-0,07095604,-0,03918386,-0,01833957,0,9965408,0,9980469
110271,-0,07140259,-0,01175219,-0,01982463,0,9971814,0,9980469,-0,07189406,-0,03878119,-0,01840307,0,9964881,0,9980469
110285,-0,07140246,-0,01175296,-0,01983539,0,9971811,0,9980469,-0,07189405,-0,03878122,-0,01840347,0,9964882,0,9980469
110299,-0,07182882,-0,01134048,-0,01991264,0,9971538,0,9980469,-0,07232523,-0,03836966,-0,01848491,0,9964715,0,9980469
110313,-0,0718282,-0,01134433,-0,01996616,0,9971526,0,9980469,-0,07232334,-0,03837327,-0,01853451,0,9964705,0,9980469
110327,-0,0718285,-0,01134259,-0,01994184,0,9971532,0,9980469,-0,07232457,-0,03837101,-0,01850322,0,996471,0,9980469
110340,-0,07733166,-0,00881753,-0,02011253,0,9967636,0,9980469,-0,0778367,-0,03586237,-0,01881474,0,9961433,0,9980469
110354,-0,07733253,-0,008809822,-0,02001317,0,9967656,0,9980469,-0,07784072,-0,03585366,-0,01870332,0,9961454,0,9980469
110368,-0,07892816,-0,00919605,-0,02000022,0,9966372,0,9980469,-0,07943598,-0,03624323,-0,01871932,0,9960049,0,9980469
110382,-0,07892874,-0,009191444,-0,01994205,0,9966385,0,9980469,-0,07943843,-0,03623791,-0,01865248,0,9960063,0,9980469
110396,-0,0794524,-0,0118032,-0,01970788,0,996574,0,9980469,-0,07995056,-0,03884821,-0,01842108,0,9958712,0,9980469
110410,-0,07945392,-0,01179274,-0,01957674,0,9965765,0,9980469,-0,07995589,-0,03883714,-0,01828343,0,9958738,0,9980469
110424,-0,07945495,-0,01178588,-0,01949066,0,9965783,0,9980469,-0,07995944,-0,03882992,-0,01819344,0,9958755,0,9980469
110438,-0,07988383,-0,0122055,-0,01937962,0,9965411,0,9980469,-0,08038067,-0,03925043,-0,01809069,0,995827,0,9980469
110452,-0,07988489,-0,01219852,-0,01929261,0,9965428,0,9980469,-0,08038399,-0,03924359,-0,01800595,0,9958284,0,9980469
110465,-0,07769111,-0,01253216,-0,01917618,0,9967144,0,9980469,-0,0781821,-0,03957092,-0,01783239,0,9959939,0,9980469
110479,-0,07769264,-0,01252252,-0,01905255,0,9967168,0,9980469,-0,07818702,-0,03956117,-0,01770812,0,9959961,0,9980469
110493,-0,07769337,-0,01251789,-0,01899308,0,9967179,0,9980469,-0,07818938,-0,03955644,-0,01764818,0,9959972,0,9980469
110507,-0,07774954,-0,01303967,-0,01879968,0,9967105,0,9980469,-0,07823633,-0,0400784,-0,01745897,0,995976,0,9980469
110521,-0,07774962,-0,01303899,-0,01879106,0,9967107,0,9980469,-0,07823639,-0,04007826,-0,01745731,0,995976,0,9980469
110535,-0,07663512,-0,01348053,-0,01871923,0,9967924,0,9980469,-0,07711086,-0,04051672,-0,01735782,0,9960476,0,9980469
110549,-0,07663616,-0,01347448,-0,01864054,0,9967938,0,9980469,-0,0771137,-0,04051129,-0,0172877,0,9960489,0,9980469
110563,-0,07643455,-0,01174102,-0,01862791,0,9968315,0,9980469,-0,07691177,-0,03877955,-0,01727579,0,9961337,0,9980469
110576,-0,07643452,-0,01174141,-0,01863292,0,9968315,0,9980469,-0,07691145,-0,03878019,-0,017284,0,9961336,0,9980469
110590,-0,07643409,-0,01174426,-0,01867018,0,9968308,0,9980469,-0,07690971,-0,03878368,-0,01732907,0,9961328,0,9980469
110605,-0,07444902,-0,01205369,-0,01853906,0,9969797,0,9980469,-0,07492001,-0,03908811,-0,0171515,0,9962755,0,9980469
110618,-0,07445065,-0,01204347,-0,01840225,0,9969822,0,9980469,-0,0749252,-0,03907812,-0,01701891,0,9962777,0,9980469
110632,-0,07421153,-0,01227519,-0,01819774,0,9970011,0,9980469,-0,07468585,-0,03930932,-0,01681145,0,9962903,0,9980469
110646,-0,07421215,-0,01227132,-0,01814586,0,9970019,0,9980469,-0,07468771,-0,03930574,-0,0167638,0,9962911,0,9980469
110660,-0,07421293,-0,01226663,-0,01808287,0,9970031,0,9980469,-0,0746901,-0,03930127,-0,01670404,0,996292,0,9980469
110674,-0,0740059,-0,01323039,-0,01806271,0,9970065,0,9980469,-0,07446799,-0,04026375,-0,01667597,0,9962707,0,9980469
110688,-0,07400488,-0,01323627,-0,01814198,0,9970052,0,9980469,-0,07446476,-0,04026969,-0,0167555,0,9962695,0,9980469
110702,-0,07006688,-0,010375,-0,0182964,0,9973206,0,9980469,-0,07053046,-0,03740147,-0,01681114,0,9966665,0,9980469
110715,-0,07006741,-0,01037144,-0,01824567,0,9973214,0,9980469,-0,07053194,-0,0373986,-0,01677069,0,9966671,0,9980469
110729,-0,0699249,-0,01142078,-0,01813113,0,9973222,0,9980469,-0,07038788,-0,03844786,-0,01666502,0,9966393,0,9980469
110743,-0,06992605,-0,01141372,-0,01803048,0,997324,0,9980469,-0,07039142,-0,03844134,-0,01657299,0,9966407,0,9980469
110757,-0,06992671,-0,01140969,-0,01797297,0,9973249,0,9980469,-0,07039337,-0,03843776,-0,01652227,0,9966415,0,9980469
110771,-0,07213473,-0,008579853,-0,01806486,0,9971944,0,9980469,-0,07260644,-0,03561524,-0,01668036,0,996585,0,9980469
110785,-0,0721356,-0,008572645,-0,01796519,0,9971963,0,9980469,-0,07260956,-0,03560883,-0,01659243,0,9965865,0,9980469
110799,-0,07184972,-0,01102184,-0,01779941,0,9971957,0,9980469,-0,07230931,-0,03805638,-0,01642087,0,9965207,0,9980469
110813,-0,07185053,-0,01101656,-0,01772617,0,9971972,0,9980469,-0,0723118,-0,03805167,-0,01635594,0,9965218,0,9980469
110827,-0,07185078,-0,01101477,-0,01770137,0,9971975,0,9980469,-0,07231261,-0,03805014,-0,0163349,0,9965221,0,9980469
110840,-0,06957281,-0,008975477,-0,01775924,0,9973785,0,9980469,-0,07003427,-0,03600681,-0,01633535,0,9967607,0,9980469
110854,-0,06957322,-0,00897198,-0,01770922,0,9973794,0,9980469,-0,07003591,-0,03600354,-0,01628901,0,9967615,0,9980469
110868,-0,06920107,-0,00904252,-0,01763577,0,9974058,0,9980469,-0,0696599,-0,0360731,-0,01620345,0,9967867,0,9980469
110882,-0,06920125,-0,009041146,-0,01761593,0,9974062,0,9980469,-0,06966075,-0,03607146,-0,01617987,0,9967871,0,9980469
110896,-0,0660094,-0,00705936,-0,01776806,0,9976358,0,9980469,-0,06646776,-0,03408281,-0,01623836,0,9970741,0,9980469
110910,-0,06600889,-0,007063828,-0,01783563,0,9976346,0,9980469,-0,06646584,-0,03408647,-0,0162938,0,9970732,0,9980469
110924,-0,06600872,-0,007065529,-0,01786121,0,9976342,0,9980469,-0,06646541,-0,03408736,-0,01630682,0,9970731,0,9980469
110938,-0,06621931,-0,007160112,-0,01766477,0,997623,0,9980469,-0,06668126,-0,03418119,-0,01610054,0,9970587,0,9980469
110951,-0,06622097,-0,007144984,-0,01743684,0,9976271,0,9980469,-0,06669007,-0,03416401,-0,01584357,0,9970628,0,9980469
110965,-0,06781501,-0,007212551,-0,01725656,0,9975227,0,9980469,-0,06828445,-0,03423277,-0,0156763,0,9969553,0,9980469
110979,-0,0678158,-0,007204989,-0,01714542,0,9975246,0,9980469,-0,06828887,-0,03422391,-0,01554724,0,9969572,0,9980469
110993,-0,0678162,-0,007201429,-0,01709297,0,9975256,0,9980469,-0,06829085,-0,03421997,-0,0154894,0,9969582,0,9980469
111007,-0,06874115,-0,008072918,-0,01697427,0,9974575,0,9980469,-0,06919738,-0,03509316,-0,01539076,0,9968668,0,9980469
111021,-0,06874114,-0,008073036,-0,01697591,0,9974574,0,9980469,-0,06919754,-0,0350928,-0,01538583,0,9968669,0,9980469
111035,-0,06230543,-0,007042233,-0,01694735,0,9978884,0,9980469,-0,06275247,-0,03404989,-0,01517698,0,9973328,0,9980469
111049,-0,06230579,-0,007038999,-0,01689558,0,9978893,0,9980469,-0,06275452,-0,03404614,-0,01511728,0,9973336,0,9980469
111063,-0,06055018,-0,01007629,-0,016688,0,9979748,0,9980469,-0,06098673,-0,03707955,-0,01485379,0,997339,0,9980469
111076,-0,06054878,-0,01008471,-0,01682687,0,9979725,0,9980469,-0,06098157,-0,03708803,-0,01499246,0,997337,0,9980469
111091,-0,06054718,-0,01009424,-0,01698399,0,9979699,0,9980469,-0,06097564,-0,03709782,-0,01515247,0,9973347,0,9980469
111104,-0,06291869,-0,007155709,-0,01735199,0,9978422,0,9980469,-0,06334677,-0,03416436,-0,01559377,0,9972847,0,9980469
111118,-0,06291802,-0,007161615,-0,01744564,0,9978406,0,9980469,-0,06334331,-0,03417083,-0,01569544,0,9972832,0,9980469
111132,-0,06413316,-0,01012019,-0,01736767,0,9977389,0,9980469,-0,06456205,-0,03713088,-0,01565585,0,9970998,0,9980469
111146,-0,06413312,-0,01012043,-0,01737139,0,9977388,0,9980469,-0,06456164,-0,03713153,-0,01566595,0,9970996,0,9980469
111160,-0,0641331,-0,01012062,-0,01737441,0,9977388,0,9980469,-0,06456127,-0,03713229,-0,01567752,0,9970995,0,9980469
111174,-0,06562649,-0,01003315,-0,01732497,0,9976434,0,9980469,-0,06606688,-0,03704852,-0,0156859,0,9970039,0,9980469
111187,-0,06562708,-0,01002939,-0,01726786,0,9976444,0,9980469,-0,06606839,-0,03704576,-0,01564429,0,9970046,0,9980469
111201,-0,06705839,-0,009746043,-0,0172217,0,9975529,0,9980469,-0,06750537,-0,03676593,-0,01564559,0,9969186,0,9980469
111215,-0,06705872,-0,009743709,-0,01718697,0,9975535,0,9980469,-0,06750651,-0,03676378,-0,01561402,0,9969191,0,9980469
111229,-0,06902121,-0,008594576,-0,01733538,0,9974276,0,9980469,-0,06946516,-0,03561985,-0,01582112,0,9968228,0,9980469
111243,-0,0690208,-0,008597864,-0,01738292,0,9974269,0,9980469,-0,06946327,-0,03562351,-0,01587364,0,996822,0,9980469
111257,-0,0690207,-0,008598546,-0,0173928,0,9974266,0,9980469,-0,06946277,-0,0356245,-0,015888,0,9968217,0,9980469
111271,-0,06923003,-0,008553753,-0,0173367,0,9974135,0,9980469,-0,06967349,-0,03558041,-0,01584086,0,9968094,0,9980469
111285,-0,06922912,-0,008560913,-0,0174399,0,9974116,0,9980469,-0,06966966,-0,03558781,-0,01594688,0,9968076,0,9980469
111299,-0,06906357,-0,01078053,-0,01737649,0,9974028,0,9980469,-0,06949804,-0,03780559,-0,01587284,0,9967391,0,9980469
111313,-0,06906304,-0,01078389,-0,01742505,0,9974019,0,9980469,-0,06949665,-0,03780813,-0,01590941,0,9967386,0,9980469
111327,-0,06906147,-0,01079387,-0,01756923,0,9973993,0,9980469,-0,06949098,-0,03781861,-0,01605954,0,9967362,0,9980469
111341,-0,06685272,-0,01129555,-0,01760978,0,9975434,0,9980469,-0,0672851,-0,03831577,-0,01604916,0,9968686,0,9980469
111354,-0,0668541,-0,01128773,-0,01749281,0,9975457,0,9980469,-0,06728881,-0,0383093,-0,0159531,0,9968703,0,9980469
111368,-0,06682312,-0,01506019,-0,01713623,0,9975041,0,9980469,-0,0672619,-0,04207895,-0,01560736,0,9967255,0,9980469
111382,-0,06682511,-0,01505136,-0,01700445,0,9975064,0,9980469,-0,06726726,-0,04207044,-0,01548088,0,9967276,0,9980469
111396,-0,06715295,-0,0150499,-0,01685175,0,9974869,0,9980469,-0,0675948,-0,04206973,-0,01533859,0,9967075,0,9980469
111410,-0,0671549,-0,01504133,-0,01672445,0,997489,0,9980469,-0,06760055,-0,04206055,-0,01520299,0,9967097,0,9980469
111424,-0,06715878,-0,01502381,-0,0164644,0,9974933,0,9980469,-0,06761186,-0,04204233,-0,01493467,0,9967137,0,9980469
111437,-0,07006855,-0,01571098,-0,01634565,0,9972845,0,9980469,-0,07050491,-0,04273438,-0,01488136,0,9964844,0,9980469
111451,-0,07006883,-0,01570991,-0,01633039,0,9972849,0,9980469,-0,07050592,-0,04273277,-0,0148583,0,9964849,0,9980469
111465,-0,07024686,-0,01371806,-0,01641105,0,9973004,0,9980469,-0,07067159,-0,04074346,-0,0149385,0,9965553,0,9980469
111479,-0,07024746,-0,013715,-0,01636764,0,997301,0,9980469,-0,07067385,-0,04073956,-0,01488362,0,9965562,0,9980469
111493,-0,07024599,-0,01372256,-0,01647492,0,9972994,0,9980469,-0,07066994,-0,04074632,-0,01497898,0,9965547,0,9980469
111507,-0,06773613,-0,01085147,-0,01653637,0,9975073,0,9980469,-0,06816195,-0,03787113,-0,01495887,0,9968432,0,9980469
111521,-0,06773634,-0,01085018,-0,01651745,0,9975076,0,9980469,-0,06816363,-0,03786809,-0,01491439,0,9968438,0,9980469
111535,-0,06824726,-0,01102288,-0,01646584,0,9974717,0,9980469,-0,06867345,-0,0380396,-0,01484499,0,9968033,0,9980469
111548,-0,06824654,-0,01102723,-0,01652937,0,9974707,0,9980469,-0,06867208,-0,03804208,-0,01488104,0,9968027,0,9980469
111563,-0,06921592,-0,01393977,-0,01637193,0,99737,0,9980469,-0,0696314,-0,04095227,-0,01471841,0,9966233,0,9980469
111577,-0,06921775,-0,01393055,-0,01623911,0,9973722,0,9980469,-0,06963791,-0,04094118,-0,01455987,0,9966256,0,9980469
111590,-0,06921917,-0,01392349,-0,01613727,0,9973737,0,9980469,-0,06964288,-0,04093268,-0,01443837,0,9966273,0,9980469
111604,-0,06496639,-0,01383865,-0,0159936,0,9976634,0,9980469,-0,06539337,-0,04083882,-0,01416277,0,996923,0,9980469
111618,-0,06496687,-0,01383653,-0,0159609,0,9976639,0,9980469,-0,06539556,-0,04083534,-0,01410965,0,9969239,0,9980469
111632,-0,06121673,-0,01218121,-0,01596991,0,9979224,0,9980469,-0,06164315,-0,03917497,-0,01400224,0,9972309,0,9980469
111646,-0,06121803,-0,01217457,-0,0158618,0,9979241,0,9980469,-0,06164787,-0,03916752,-0,01388193,0,9972326,0,9980469
111660,-0,06121892,-0,01217023,-0,01579086,0,9979253,0,9980469,-0,06165096,-0,03916274,-0,01380416,0,9972338,0,9980469
111673,-0,06177673,-0,01218061,-0,01576884,0,9978912,0,9980469,-0,06219948,-0,03917363,-0,01379088,0,9971994,0,9980469
111687,-0,06177636,-0,01218233,-0,01579676,0,9978907,0,9980469,-0,06219845,-0,03917519,-0,01381608,0,9971989,0,9980469
111701,-0,06229488,-0,01238524,-0,01570137,0,9978575,0,9980469,-0,06270949,-0,03937846,-0,01372938,0,9971603,0,9980469
111715,-0,0622956,-0,01238153,-0,01564206,0,9978583,0,9980469,-0,06271207,-0,03937433,-0,0136637,0,997161,0,9980469
111729,-0,06260701,-0,01302638,-0,01549548,0,997833,0,9980469,-0,06301924,-0,0400188,-0,01351922,0,9971181,0,9980469
111743,-0,06260805,-0,01302143,-0,0154166,0,9978342,0,9980469,-0,06302277,-0,04001323,-0,0134312,0,9971192,0,9980469
111757,-0,06260963,-0,01301377,-0,01529441,0,9978361,0,9980469,-0,06302785,-0,0400052,-0,01330417,0,9971209,0,9980469
111771,-0,0626396,-0,01108095,-0,01541362,0,9978558,0,9980469,-0,06305099,-0,03807384,-0,01342357,0,9971936,0,9980469
111785,-0,06263997,-0,01107878,-0,01537901,0,9978563,0,9980469,-0,06305243,-0,03807146,-0,01338618,0,997194,0,9980469
111799,-0,06286693,-0,01123796,-0,01530445,0,9978414,0,9980469,-0,06327166,-0,03823083,-0,01331498,0,997175,0,9980469
111813,-0,06286738,-0,01123562,-0,01526728,0,9978421,0,9980469,-0,0632733,-0,03822813,-0,01327241,0,9971756,0,9980469
111826,-0,06286816,-0,01123106,-0,01519482,0,997843,0,9980469,-0,06327628,-0,03822313,-0,01319393,0,9971765,0,9980469
111840,-0,06510673,-0,01116553,-0,01517283,0,9977005,0,9980469,-0,06550755,-0,0381607,-0,01322653,0,9970344,0,9980469
111854,-0,06510584,-0,0111707,-0,01525208,0,9976993,0,9980469,-0,06550481,-0,03816537,-0,01329758,0,9970335,0,9980469
111868,-0,06540063,-0,01493208,-0,01500483,0,9976346,0,9980469,-0,06578725,-0,04192383,-0,0130507,0,9968672,0,9980469
111882,-0,065401,-0,01493057,-0,01498186,0,9976349,0,9980469,-0,06578839,-0,04192206,-0,01302372,0,9968676,0,9980469
111896,-0,06317796,-0,01475853,-0,01492761,0,9977816,0,9980469,-0,06356843,-0,04174631,-0,01290134,0,9970205,0,9980469
111909,-0,06317908,-0,01475368,-0,01485101,0,9977826,0,9980469,-0,06357197,-0,04174089,-0,01281663,0,9970215,0,9980469
111924,-0,06317725,-0,01476149,-0,01497425,0,9977808,0,9980469,-0,06356737,-0,04174789,-0,01292618,0,9970202,0,9980469
111937,-0,0626995,-0,01340084,-0,01527607,0,9978257,0,9980469,-0,06308366,-0,04038738,-0,01320481,0,9971033,0,9980469
111951,-0,06269719,-0,01341173,-0,01544942,0,9978229,0,9980469,-0,06307688,-0,04039795,-0,01337188,0,9971012,0,9980469
111965,-0,06383853,-0,01281914,-0,01553042,0,9977571,0,9980469,-0,06422458,-0,03980718,-0,01348203,0,9970502,0,9980469
111979,-0,06383834,-0,01282007,-0,01554482,0,997757,0,9980469,-0,06422403,-0,03980809,-0,01349605,0,99705,0,9980469
111993,-0,06383741,-0,01282473,-0,01561776,0,9977558,0,9980469,-0,06422107,-0,03981286,-0,01357016,0,9970489,0,9980469
112007,-0,06654643,-0,01271062,-0,01559233,0,9975806,0,9980469,-0,06694026,-0,03970349,-0,0136294,0,9968736,0,9980469
112021,-0,0665459,-0,0127135,-0,01563558,0,9975799,0,9980469,-0,0669382,-0,03970701,-0,01368181,0,996873,0,9980469
112035,-0,06651816,-0,01239799,-0,015686,0,9975849,0,9980469,-0,06691512,-0,03939237,-0,01374294,0,9968861,0,9980469
112049,-0,06651786,-0,0123996,-0,01571006,0,9975845,0,9980469,-0,06691387,-0,03939448,-0,01377448,0,9968857,0,9980469
112062,-0,06615854,-0,01224911,-0,01574101,0,9976098,0,9980469,-0,06655794,-0,03924391,-0,01380334,0,996915,0,9980469
112076,-0,06615745,-0,01225502,-0,01583013,0,9976085,0,9980469,-0,06655416,-0,03925033,-0,01389943,0,9969136,0,9980469
112090,-0,06615692,-0,01225796,-0,01587449,0,9976078,0,9980469,-0,06655198,-0,03925411,-0,01395586,0,996913,0,9980469
112104,-0,06465334,-0,01253766,-0,01592034,0,9977021,0,9980469,-0,06505145,-0,03953151,-0,01396897,0,9970008,0,9980469
112118,-0,06465269,-0,01254101,-0,01597198,0,9977013,0,9980469,-0,06504899,-0,03953561,-0,01403165,0,997,0,9980469
112132,-0,06538574,-0,0113818,-0,01613789,0,9976647,0,9980469,-0,06578919,-0,03837926,-0,01423047,0,9969937,0,9980469
112146,-0,06538442,-0,01138938,-0,0162535,0,9976628,0,9980469,-0,06578447,-0,03838734,-0,01435301,0,996992,0,9980469
112160,-0,06538235,-0,01140119,-0,01643374,0,9976598,0,9980469,-0,06577747,-0,03839937,-0,01453522,0,9969893,0,9980469
112173,-0,06366105,-0,0121542,-0,01650532,0,9977612,0,9980469,-0,06406254,-0,03914862,-0,0145571,0,9970716,0,9980469
112187,-0,06366105,-0,0121543,-0,01650691,0,9977612,0,9980469,-0,06406268,-0,03914835,-0,01455304,0,9970716,0,9980469
112201,-0,06488921,-0,009647578,-0,01674009,0,9977056,0,9980469,-0,06530736,-0,03664483,-0,01481272,0,9970821,0,9980469
112215,-0,06488901,-0,009648858,-0,01675982,0,9977052,0,9980469,-0,06530675,-0,03664592,-0,01482941,0,9970819,0,9980469
112229,-0,06502146,-0,01150857,-0,01664928,0,9976786,0,9980469,-0,06544449,-0,03850402,-0,01472139,0,9970044,0,9980469
112243,-0,06502025,-0,01151542,-0,01675433,0,997677,0,9980469,-0,06544042,-0,03851097,-0,01482705,0,997003,0,9980469
112257,-0,06501985,-0,01151753,-0,01678672,0,9976763,0,9980469,-0,06543925,-0,03851292,-0,01485701,0,9970025,0,9980469
112271,-0,06849842,-0,01150958,-0,01685172,0,9974426,0,9980469,-0,0689203,-0,03851049,-0,01501223,0,9967657,0,9980469
112285,-0,06849742,-0,01151541,-0,01693666,0,9974411,0,9980469,-0,06891713,-0,03851616,-0,01509406,0,9967644,0,9980469
112299,-0,06861648,-0,01355236,-0,01685496,0,9974087,0,9980469,-0,06903727,-0,04055047,-0,01501404,0,9966766,0,9980469
112312,-0,0686161,-0,01355429,-0,01688307,0,9974083,0,9980469,-0,06903601,-0,04055264,-0,01504534,0,9966761,0,9980469
112326,-0,06861478,-0,01356093,-0,01697954,0,9974065,0,9980469,-0,06903198,-0,04055945,-0,01514366,0,9966746,0,9980469
112340,-0,06666283,-0,01326497,-0,01701418,0,9975423,0,9980469,-0,0670896,-0,04026008,-0,01512663,0,9968196,0,9980469
112354,-0,06666287,-0,01326495,-0,0170137,0,9975423,0,9980469,-0,06708965,-0,04026008,-0,01512657,0,9968196,0,9980469
112368,-0,06623331,-0,01389586,-0,01699958,0,9975626,0,9980469,-0,06666541,-0,04088923,-0,01510374,0,9968229,0,9980469
112382,-0,06623329,-0,01389585,-0,01699948,0,9975627,0,9980469,-0,06666531,-0,04088941,-0,01510625,0,9968228,0,9980469
112396,-0,06655631,-0,01325923,-0,01703878,0,9975492,0,9980469,-0,0669932,-0,04025434,-0,01516038,0,9968258,0,9980469
112410,-0,06655692,-0,01325609,-0,01699169,0,99755,0,9980469,-0,06699478,-0,04025172,-0,01512123,0,9968264,0,9980469
112423,-0,0665586,-0,01324759,-0,01686441,0,9975521,0,9980469,-0,06699961,-0,04024369,-0,01500192,0,9968283,0,9980469
112437,-0,06600174,-0,0152761,-0,01665038,0,9975637,0,9980469,-0,06644101,-0,04226817,-0,01477808,0,9967852,0,9980469
112451,-0,06600111,-0,01527884,-0,01669175,0,997563,0,9980469,-0,06643907,-0,04227125,-0,01482434,0,9967845,0,9980469
112465,-0,06775636,-0,01283107,-0,01685928,0,997477,0,9980469,-0,06819115,-0,03983104,-0,01504863,0,9967633,0,9980469
112479,-0,06775738,-0,01282562,-0,01677912,0,9974782,0,9980469,-0,06819417,-0,03982584,-0,01497283,0,9967644,0,9980469
112493,-0,06775831,-0,01282075,-0,01670739,0,9974796,0,9980469,-0,068197,-0,03982099,-0,01490175,0,9967656,0,9980469
112507,-0,0686185,-0,01393821,-0,01666912,0,9974064,0,9980469,-0,06904817,-0,0409384,-0,01488496,0,996662,0,9980469
112521,-0,06861801,-0,01394067,-0,01670497,0,9974058,0,9980469,-0,06904685,-0,04094067,-0,01491774,0,9966615,0,9980469
112535,-0,06851137,-0,0141092,-0,0168897,0,9974076,0,9980469,-0,06893093,-0,04110878,-0,01509583,0,9966598,0,9980469
112549,-0,06850965,-0,01411769,-0,01701318,0,9974056,0,9980469,-0,06892577,-0,04111741,-0,01522048,0,996658,0,9980469
112562,-0,06511311,-0,01541534,-0,01685146,0,9976166,0,9980469,-0,06554096,-0,04240729,-0,01497331,0,9968361,0,9980469
112576,-0,0651141,-0,01541115,-0,01678727,0,9976176,0,9980469,-0,06554333,-0,04240357,-0,014917,0,9968368,0,9980469
112590,-0,06511492,-0,01540773,-0,01673492,0,9976186,0,9980469,-0,06554527,-0,04240064,-0,01487222,0,9968375,0,9980469
112604,-0,06496316,-0,01553619,-0,01662734,0,9976283,0,9980469,-0,06539909,-0,04252906,-0,01476674,0,9968432,0,9980469
112618,-0,06496604,-0,01552397,-0,01643956,0,9976313,0,9980469,-0,0654069,-0,04251696,-0,0145826,0,9968458,0,9980469
112632,-0,06554978,-0,01544655,-0,01626094,0,9975973,0,9980469,-0,06598902,-0,04244106,-0,0144259,0,9968131,0,9980469
112646,-0,06555313,-0,01543234,-0,01604485,0,9976007,0,9980469,-0,06599789,-0,04242724,-0,01421732,0,996816,0,9980469
112660,-0,0655558,-0,01542108,-0,01587337,0,9976035,0,9980469,-0,06600479,-0,04241656,-0,01405575,0,9968184,0,9980469
112673,-0,06542538,-0,01464729,-0,01590412,0,9976233,0,9980469,-0,06585936,-0,04164505,-0,01409803,0,9968598,0,9980469
112687,-0,06542389,-0,01465393,-0,01600542,0,9976217,0,9980469,-0,06585456,-0,04165266,-0,01421323,0,9968582,0,9980469
112701,-0,06866433,-0,01383968,-0,01619714,0,9974124,0,9980469,-0,06907221,-0,04084703,-0,01450406,0,9966695,0,9980469
112715,-0,06866711,-0,01382605,-0,0159991,0,9974156,0,9980469,-0,06908,-0,04083391,-0,01431466,0,9966723,0,9980469
112729,-0,0701606,-0,01346683,-0,01592198,0,9973177,0,9980469,-0,07057138,-0,04047864,-0,01427785,0,9965828,0,9980469
112743,-0,07016097,-0,01346507,-0,01589688,0,9973183,0,9980469,-0,07057261,-0,04047649,-0,01424753,0,9965835,0,9980469
112757,-0,07015839,-0,01347845,-0,01608697,0,9973152,0,9980469,-0,07056519,-0,04048946,-0,01443053,0,9965807,0,9980469
112771,-0,06993063,-0,01398582,-0,01607653,0,9973243,0,9980469,-0,0703286,-0,04099596,-0,01441157,0,996577,0,9980469
112785,-0,06993292,-0,01397412,-0,01590973,0,997327,0,9980469,-0,07033549,-0,0409841,-0,01424376,0,9965793,0,9980469
112798,-0,06712051,-0,01553043,-0,01565964,0,9975011,0,9980469,-0,06752753,-0,04253284,-0,01392153,0,9967132,0,9980469
112812,-0,06712113,-0,01552767,-0,01561869,0,9975017,0,9980469,-0,06752898,-0,04253055,-0,01388747,0,9967138,0,9980469
112826,-0,0671218,-0,01552487,-0,01557699,0,9975026,0,9980469,-0,0675305,-0,04252817,-0,01385237,0,9967142,0,9980469
112840,-0,06706744,-0,01564457,-0,01549834,0,9975054,0,9980469,-0,06747062,-0,04264808,-0,01377704,0,9967142,0,9980469
112854,-0,06706788,-0,01564272,-0,01547083,0,9975058,0,9980469,-0,06747185,-0,04264612,-0,01374809,0,9967145,0,9980469
112868,-0,06890441,-0,01518478,-0,01555243,0,9973865,0,9980469,-0,06929874,-0,04219229,-0,0138741,0,9966069,0,9980469
112882,-0,06890376,-0,01518771,-0,01559481,0,9973858,0,9980469,-0,06929731,-0,04219458,-0,01390731,0,9966063,0,9980469
112896,-0,06895305,-0,01469673,-0,01567045,0,9973887,0,9980469,-0,06934465,-0,04170362,-0,01397339,0,9966228,0,9980469
112909,-0,0689505,-0,0147087,-0,01584364,0,9973859,0,9980469,-0,06933804,-0,04171461,-0,01413149,0,9966205,0,9980469
112923,-0,06894948,-0,01471331,-0,01591036,0,9973848,0,9980469,-0,06933546,-0,04171881,-0,01419216,0,9966196,0,9980469
112937,-0,06874144,-0,01456758,-0,01599978,0,9973999,0,9980469,-0,06913079,-0,04157227,-0,01426897,0,996639,0,9980469
112951,-0,06874012,-0,01457375,-0,01608935,0,9973984,0,9980469,-0,06912727,-0,04157809,-0,01435318,0,9966377,0,9980469
112965,-0,06908647,-0,01437198,-0,01619324,0,9973758,0,9980469,-0,06948151,-0,04137709,-0,01446642,0,9966198,0,9980469
112979,-0,06908619,-0,01437327,-0,01621185,0,9973755,0,9980469,-0,06948084,-0,04137817,-0,01448196,0,9966195,0,9980469
112993,-0,06908657,-0,01437142,-0,01618518,0,9973758,0,9980469,-0,06948194,-0,04137634,-0,01445568,0,9966199,0,9980469
113007,-0,07021645,-0,01601877,-0,01600938,0,9972746,0,9980469,-0,07061727,-0,04302293,-0,01430908,0,9964725,0,9980469
113021,-0,07021711,-0,01601597,-0,0159695,0,9972754,0,9980469,-0,07061906,-0,04302,-0,01426768,0,9964731,0,9980469
113035,-0,07148282,-0,01287264,-0,0162365,0,9972267,0,9980469,-0,0718891,-0,03988384,-0,01456616,0,9965084,0,9980469
113048,-0,07148257,-0,01287394,-0,0162546,0,9972264,0,9980469,-0,07188852,-0,03988488,-0,01458051,0,9965084,0,9980469
113062,-0,07038466,-0,01324947,-0,01614855,0,9973013,0,9980469,-0,07079358,-0,04025691,-0,01443886,0,9965737,0,9980469
113076,-0,07038501,-0,01324764,-0,01612264,0,9973017,0,9980469,-0,07079481,-0,04025478,-0,01440879,0,9965742,0,9980469
113090,-0,07038495,-0,013248,-0,01612764,0,9973016,0,9980469,-0,07079484,-0,04025476,-0,01440834,0,9965742,0,9980469
113104,-0,06913854,-0,01314061,-0,01620485,0,9973888,0,9980469,-0,06954581,-0,04014456,-0,01444632,0,996666,0,9980469
113118,-0,06913542,-0,01315733,-0,01644602,0,997385,0,9980469,-0,0695361,-0,04016147,-0,01468835,0,9966626,0,9980469
113132,-0,06829664,-0,01397819,-0,01659144,0,9974293,0,9980469,-0,06869545,-0,04098014,-0,01482169,0,9966856,0,9980469
113146,-0,06829849,-0,01396915,-0,01645941,0,9974314,0,9980469,-0,06870039,-0,04097179,-0,0147009,0,9966873,0,9980469
113160,-0,06830059,-0,01395894,-0,0163103,0,9974338,0,9980469,-0,06870623,-0,04096208,-0,01455978,0,9966894,0,9980469
113174,-0,06749754,-0,01393157,-0,01618762,0,9974908,0,9980469,-0,06791937,-0,0409334,-0,01442515,0,9967464,0,9980469
113187,-0,06749829,-0,01392803,-0,01613525,0,9974918,0,9980469,-0,06792124,-0,04093034,-0,0143801,0,9967471,0,9980469
113201,-0,06498642,-0,01386963,-0,01604239,0,9976609,0,9980469,-0,06541072,-0,0408677,-0,01422508,0,9969198,0,9980469
113215,-0,06498703,-0,01386688,-0,01600008,0,9976616,0,9980469,-0,06541225,-0,04086521,-0,01418721,0,9969203,0,9980469
113229,-0,06686762,-0,01338173,-0,01600569,0,9975438,0,9980469,-0,067284,-0,04038439,-0,0142491,0,9968145,0,9980469
113243,-0,06686795,-0,01338014,-0,01598192,0,9975442,0,9980469,-0,06728472,-0,0403833,-0,01423258,0,9968147,0,9980469
113257,-0,06686729,-0,01338339,-0,01603056,0,9975434,0,9980469,-0,06728238,-0,04038716,-0,01428986,0,9968138,0,9980469
113271,-0,06843685,-0,01238533,-0,01617688,0,9974474,0,9980469,-0,06884395,-0,03939374,-0,01447935,0,9967443,0,9980469
113285,-0,06843646,-0,01238761,-0,01621004,0,9974469,0,9980469,-0,06884278,-0,03939579,-0,01450907,0,9967439,0,9980469
113299,-0,07000238,-0,01245055,-0,01618431,0,9973378,0,9980469,-0,07040819,-0,03946235,-0,01453216,0,9966315,0,9980469
113312,-0,07000349,-0,01244441,-0,01609684,0,9973392,0,9980469,-0,07041038,-0,03945852,-0,01447776,0,9966323,0,9980469
113326,-0,07000203,-0,01245245,-0,0162114,0,9973375,0,9980469,-0,07040372,-0,03947034,-0,01464507,0,9966298,0,9980469
113340,-0,07007129,-0,01266911,-0,01653136,0,9973247,0,9980469,-0,07046304,-0,03968646,-0,01495631,0,9966125,0,9980469
113354,-0,07007219,-0,01266378,-0,01645559,0,9973258,0,9980469,-0,07046691,-0,03967951,-0,01485828,0,9966139,0,9980469
113368,-0,06932399,-0,01419804,-0,01608365,0,9973636,0,9980469,-0,06973218,-0,04120947,-0,01446525,0,9966093,0,9980469
113382,-0,06933271,-0,01415543,-0,01547064,0,9973733,0,9980469,-0,06975584,-0,04116949,-0,01389381,0,9966174,0,9980469
113396,-0,06913362,-0,01542108,-0,01539681,0,9973695,0,9980469,-0,06953998,-0,04243831,-0,01389298,0,9965793,0,9980469
113409,-0,06913073,-0,0154338,-0,01558046,0,9973665,0,9980469,-0,06953053,-0,04245371,-0,0141139,0,9965761,0,9980469
113423,-0,06913142,-0,01543084,-0,01553772,0,9973672,0,9980469,-0,06953394,-0,04244813,-0,0140338,0,9965773,0,9980469
113437,-0,06578508,-0,01595204,-0,01517172,0,997591,0,9980469,-0,06618647,-0,0429583,-0,01352236,0,9967904,0,9980469
113451,-0,06578925,-0,01593497,-0,01491285,0,9975949,0,9980469,-0,0661991,-0,0429389,-0,01323019,0,9967944,0,9980469
113465,-0,06537717,-0,01252439,-0,01499842,0,9976694,0,9980469,-0,0657842,-0,03953461,-0,0133226,0,9969615,0,9980469
113479,-0,06538128,-0,01250297,-0,01467168,0,9976743,0,9980469,-0,06579593,-0,03951507,-0,01302651,0,9969653,0,9980469
113493,-0,06538107,-0,01250405,-0,01468815,0,9976739,0,9980469,-0,06579366,-0,03951884,-0,01308358,0,9969646,0,9980469
113507,-0,06567438,-0,01233972,-0,01549117,0,9976447,0,9980469,-0,06604262,-0,03935669,-0,01389552,0,9969435,0,9980469
113520,-0,06566262,-0,0124021,-0,01643888,0,9976295,0,9980469,-0,06600658,-0,03941712,-0,01480809,0,9969304,0,9980469
113535,-0,07337122,-0,01396361,-0,01700182,0,997062,0,9980469,-0,07369921,-0,04099224,-0,01553742,0,9963165,0,9980469
113549,-0,07337324,-0,01395316,-0,0168597,0,9970646,0,9980469,-0,07370587,-0,04098029,-0,01537579,0,9963192,0,9980469
113562,-0,07384747,-0,01111544,-0,01676324,0,9970667,0,9980469,-0,07425496,-0,03814394,-0,01527991,0,9963925,0,9980469
113578,-0,07384995,-0,01109885,-0,01653928,0,9970706,0,9980469,-0,07426544,-0,03812348,-0,01500551,0,9963967,0,9980469
113590,-0,07385103,-0,01109149,-0,01644,0,9970721,0,9980469,-0,07427199,-0,03811065,-0,01483341,0,9963992,0,9980469
113604,-0,06800697,-0,01303542,-0,01589722,0,9974731,0,9980469,-0,06844808,-0,04003717,-0,01408659,0,9967516,0,9980469
113618,-0,06801052,-0,01301694,-0,01562611,0,9974774,0,9980469,-0,06845934,-0,04001792,-0,01380626,0,9967556,0,9980469
113632,-0,06991516,-0,0135524,-0,0152313,0,9973447,0,9980469,-0,07035045,-0,04055872,-0,01348961,0,9966061,0,9980469
113646,-0,06991818,-0,01353699,-0,01501146,0,9973481,0,9980469,-0,07035825,-0,04054523,-0,01329819,0,9966088,0,9980469
113660,-0,06991929,-0,01353124,-0,01492946,0,9973492,0,9980469,-0,07036044,-0,04054151,-0,01324536,0,9966096,0,9980469
113673,-0,07041688,-0,01115701,-0,015278,0,9973383,0,9980469,-0,07082354,-0,03816942,-0,01360124,0,9966657,0,9980469
113687,-0,07041386,-0,01117592,-0,01554586,0,9973342,0,9980469,-0,07081348,-0,03818803,-0,01386322,0,9966619,0,9980469
113701,-0,06850021,-0,01003621,-0,01599804,0,9974725,0,9980469,-0,06887595,-0,03704544,-0,01426414,0,9968352,0,9980469
113715,-0,06849607,-0,01006419,-0,01640558,0,9974657,0,9980469,-0,06886079,-0,03707355,-0,01467121,0,9968292,0,9980469
113729,-0,06849342,-0,01008239,-0,01667064,0,9974614,0,9980469,-0,06885137,-0,03709113,-0,01492549,0,9968255,0,9980469
113743,-0,065378,-0,009550348,-0,01692073,0,9976715,0,9980469,-0,06575351,-0,03655315,-0,01508462,0,9970521,0,9980469
113757,-0,06537342,-0,009581586,-0,0173975,0,9976632,0,9980469,-0,0657373,-0,03658229,-0,01552653,0,9970453,0,9980469
113771,-0,06513688,-0,01152037,-0,01819891,0,9976439,0,9980469,-0,06551143,-0,0385162,-0,01625979,0,9969757,0,9980469
113784,-0,06512141,-0,01160751,-0,01953363,0,9976187,0,9980469,-0,06546453,-0,03859589,-0,01747286,0,9969552,0,9980469
113798,-0,06686143,-0,01126937,-0,02092195,0,9974793,0,9980469,-0,06723529,-0,03825649,-0,01885207,0,9968254,0,9980469
113812,-0,06685808,-0,01128914,-0,02121693,0,9974731,0,9980469,-0,06722581,-0,0382731,-0,0190984,0,9968206,0,9980469
113826,-0,06686424,-0,01125262,-0,02067219,0,9974844,0,9980469,-0,06724711,-0,03823569,-0,01854386,0,996831,0,9980469
113840,-0,06920831,-0,01692243,-0,02022473,0,9972537,0,9980469,-0,06969249,-0,04390098,-0,0181423,0,996437,0,9980469
113854,-0,06919701,-0,01696863,-0,0208905,0,99724,0,9980469,-0,06966528,-0,04394415,-0,01875947,0,9964255,0,9980469
113868,-0,07140527,-0,01668149,-0,02158089,0,9970744,0,9980469,-0,07189548,-0,04365657,-0,01946053,0,9962662,0,9980469
113882,-0,07139963,-0,01670559,-0,02191743,0,9970671,0,9980469,-0,07188319,-0,04367683,-0,01974135,0,9962608,0,9980469
113896,-0,06941745,-0,01574437,-0,02219849,0,9972164,0,9980469,-0,06994819,-0,04270867,-0,01991717,0,9964369,0,9980469
113909,-0,06941326,-0,0157629,-0,02246472,0,9972106,0,9980469,-0,06993833,-0,04272493,-0,02014854,0,9964324,0,9980469
113923,-0,06940975,-0,01577827,-0,02268546,0,9972054,0,9980469,-0,06992926,-0,04273975,-0,02035972,0,996428,0,9980469
113937,-0,07263736,-0,01568299,-0,0229741,0,9969704,0,9980469,-0,07318864,-0,04264983,-0,02075422,0,9961896,0,9980469
113951,-0,07263432,-0,01569699,-0,0231663,0,9969661,0,9980469,-0,07317821,-0,0426677,-0,0209976,0,9961845,0,9980469
113965,-0,07202971,-0,01555465,-0,02337552,0,9970073,0,9980469,-0,07260165,-0,04252794,-0,02124905,0,9962274,0,9980469
113979,-0,07202582,-0,01557255,-0,02362345,0,9970015,0,9980469,-0,07258933,-0,04254894,-0,0215375,0,9962212,0,9980469
113993,-0,07202328,-0,01558433,-0,02378647,0,9969976,0,9980469,-0,07258118,-0,04256287,-0,02172839,0,9962171,0,9980469
114007,-0,0723258,-0,01797293,-0,02362769,0,9969392,0,9980469,-0,07290824,-0,04494907,-0,02159785,0,9960911,0,9980469
114020,-0,07232615,-0,01797142,-0,02360704,0,9969396,0,9980469,-0,07290589,-0,04495284,-0,02164955,0,9960901,0,9980469
114034,-0,07099063,-0,01813265,-0,02365165,0,9970319,0,9980469,-0,0715901,-0,04511496,-0,02171446,0,9961768,0,9980469
114048,-0,07098363,-0,01816003,-0,02403626,0,9970224,0,9980469,-0,07157183,-0,04514385,-0,02211671,0,9961679,0,9980469
114062,-0,06956106,-0,01807746,-0,02435492,0,9971166,0,9980469,-0,07015907,-0,04505702,-0,02237564,0,9962665,0,9980469
114076,-0,06955356,-0,01810626,-0,02476787,0,9971065,0,9980469,-0,07014344,-0,04508138,-0,02272143,0,9962588,0,9980469
114090,-0,0695499,-0,01812033,-0,02496955,0,9971013,0,9980469,-0,07013623,-0,04509261,-0,02288095,0,9962551,0,9980469
114104,-0,06924032,-0,0176313,-0,02523424,0,997125,0,9980469,-0,06985622,-0,0446016,-0,02311673,0,9962914,0,9980469
114118,-0,06923738,-0,01764289,-0,02540106,0,9971208,0,9980469,-0,06984867,-0,04461342,-0,02328544,0,9962875,0,9980469
114132,-0,07147581,-0,01717626,-0,02551631,0,996968,0,9980469,-0,07211564,-0,04415073,-0,02346737,0,9961423,0,9980469
114145,-0,07147536,-0,01717824,-0,02554385,0,9969674,0,9980469,-0,07211392,-0,04415355,-0,02350628,0,9961414,0,9980469
114160,-0,07147235,-0,01719062,-0,02571664,0,9969628,0,9980469,-0,07210539,-0,04416743,-0,02369802,0,9961368,0,9980469
114173,-0,07263317,-0,01486846,-0,02590048,0,9969115,0,9980469,-0,07328724,-0,04185327,-0,02395558,0,9961443,0,9980469
114187,-0,07263456,-0,01486166,-0,02580717,0,996914,0,9980469,-0,07329094,-0,04184687,-0,02386828,0,9961464,0,9980469
114201,-0,0721095,-0,01338657,-0,02581185,0,9969728,0,9980469,-0,07278497,-0,04037163,-0,02385107,0,9962448,0,9980469
114215,-0,07211336,-0,0133659,-0,02552609,0,9969802,0,9980469,-0,0727983,-0,04034764,-0,02352266,0,9962527,0,9980469
114229,-0,06765312,-0,01385164,-0,02524928,0,9972933,0,9980469,-0,06834298,-0,04082511,-0,02312487,0,9965581,0,9980469
114243,-0,06765417,-0,01384653,-0,02517392,0,9972952,0,9980469,-0,06834498,-0,0408218,-0,02307673,0,9965592,0,9980469
114257,-0,06765689,-0,01383307,-0,02497561,0,9973001,0,9980469,-0,06835197,-0,04081008,-0,02290566,0,996563,0,9980469
114271,-0,06775343,-0,01383203,-0,02484783,0,9972968,0,9980469,-0,06843334,-0,04081083,-0,02279628,0,9965601,0,9980469
114285,-0,06775314,-0,01383347,-0,02486902,0,9972964,0,9980469,-0,0684329,-0,04081152,-0,0228067,0,9965599,0,9980469
114299,-0,06556506,-0,01191345,-0,02489839,0,9974665,0,9980469,-0,06623579,-0,03889076,-0,02277477,0,9967858,0,9980469
114312,-0,06556722,-0,01190144,-0,02471567,0,997471,0,9980469,-0,06624147,-0,03888102,-0,02262837,0,996789,0,9980469
114326,-0,06556979,-0,01188756,-0,02450448,0,9974763,0,9980469,-0,06624628,-0,03887285,-0,02250555,0,9967918,0,9980469
114340,-0,06520548,-0,01228109,-0,0245122,0,9974952,0,9980469,-0,06586395,-0,03927299,-0,02261018,0,9967992,0,9980469
114354,-0,06520516,-0,01228276,-0,02453774,0,9974946,0,9980469,-0,06585958,-0,03928034,-0,02272135,0,9967966,0,9980469
114368,-0,06293772,-0,01316596,-0,02436786,0,9976331,0,9980469,-0,06358167,-0,04016247,-0,02253919,0,9969134,0,9980469
114382,-0,06294012,-0,01315467,-0,02418873,0,9976375,0,9980469,-0,06358839,-0,04015187,-0,02237287,0,9969172,0,9980469
114396,-0,06571037,-0,01354662,-0,02390095,0,9974605,0,9980469,-0,06635618,-0,04054873,-0,02217027,0,9967253,0,9980469
114410,-0,06571459,-0,01352606,-0,02358887,0,9974679,0,9980469,-0,06636768,-0,04052992,-0,02188776,0,9967315,0,9980469
114423,-0,06571722,-0,01351347,-0,02339765,0,9974725,0,9980469,-0,0663742,-0,04051929,-0,0217277,0,996735,0,9980469
114437,-0,06995347,-0,01327083,-0,02341023,0,9971873,0,9980469,-0,07058508,-0,04028821,-0,02188432,0,9964516,0,9980469
114451,-0,06995337,-0,01327136,-0,02341765,0,9971871,0,9980469,-0,07058466,-0,04028897,-0,02189495,0,9964514,0,9980469
114465,-0,07412791,-0,01173397,-0,02341218,0,9969049,0,9980469,-0,07474156,-0,03876484,-0,02201822,0,996206,0,9980469
114479,-0,07412954,-0,01172317,-0,02326703,0,9969082,0,9980469,-0,07474719,-0,03875392,-0,02187284,0,9962091,0,9980469
114493,-0,074131,-0,01171445,-0,0231496,0,9969112,0,9980469,-0,07475175,-0,03874521,-0,0217566,0,9962118,0,9980469
114507,-0,07338537,-0,01065792,-0,02316523,0,9969776,0,9980469,-0,07399737,-0,03768813,-0,02175516,0,9963087,0,9980469
114520,-0,07338547,-0,01065725,-0,02315604,0,9969779,0,9980469,-0,07399787,-0,03768718,-0,02174245,0,9963089,0,9980469
114534,-0,07706443,-0,01147061,-0,02309966,0,9966925,0,9980469,-0,0776602,-0,03850938,-0,02177556,0,995998,0,9980469
114548,-0,07706585,-0,0114611,-0,02297666,0,9966955,0,9980469,-0,07766588,-0,03849796,-0,02162919,0,9960011,0,9980469
114562,-0,07722525,-0,01136927,-0,02278129,0,9966887,0,9980469,-0,0778227,-0,0384059,-0,02142763,0,9959967,0,9980469
114576,-0,07722809,-0,01134993,-0,02253163,0,9966943,0,9980469,-0,07783245,-0,03838611,-0,02117432,0,9960021,0,9980469
114590,-0,07722851,-0,01134712,-0,0224953,0,996695,0,9980469,-0,07783366,-0,03838368,-0,02114313,0,9960029,0,9980469
114604,-0,07609972,-0,01142161,-0,02221441,0,9967874,0,9980469,-0,07669447,-0,0384554,-0,02083395,0,9960949,0,9980469
114618,-0,07610204,-0,01140599,-0,02200978,0,9967918,0,9980469,-0,07670043,-0,03844347,-0,0206792,0,9960982,0,9980469
114632,-0,07481375,-0,008630637,-0,02203216,0,9969168,0,9980469,-0,0754008,-0,03567383,-0,02075831,0,9962987,0,9980469
114645,-0,07481485,-0,00862106,-0,02190462,0,9969196,0,9980469,-0,07540373,-0,03566762,-0,0206765,0,9963005,0,9980469
114660,-0,07481492,-0,008620506,-0,02189721,0,9969198,0,9980469,-0,07540326,-0,0356687,-0,02069039,0,9963002,0,9980469
114673,-0,07006469,-0,008729089,-0,02177023,0,9972668,0,9980469,-0,07063893,-0,03576573,-0,02044613,0,996651,0,9980469
114687,-0,07006644,-0,008714763,-0,0215664,0,9972711,0,9980469,-0,07064559,-0,03575262,-0,02026116,0,9966546,0,9980469
114701,-0,0662028,-0,01229144,-0,02126922,0,9975039,0,9980469,-0,06676556,-0,03931925,-0,01988104,0,9967955,0,9980469
114715,-0,06620304,-0,01229004,-0,02124816,0,9975042,0,9980469,-0,0667662,-0,03931812,-0,01986417,0,9967958,0,9980469
114729,-0,06620296,-0,01229051,-0,0212552,0,9975042,0,9980469,-0,06676482,-0,0393205,-0,01989961,0,9967951,0,9980469
114743,-0,06522244,-0,01458367,-0,02105588,0,997542,0,9980469,-0,06576717,-0,04161181,-0,01971331,0,9967721,0,9980469
114756,-0,06522422,-0,01457575,-0,02093465,0,9975446,0,9980469,-0,06576992,-0,04160748,-0,01964775,0,9967734,0,9980469
114771,-0,06528916,-0,0147581,-0,02095464,0,9975373,0,9980469,-0,06582625,-0,04179202,-0,0197005,0,9967608,0,9980469
114784,-0,06528954,-0,01475632,-0,02092764,0,9975379,0,9980469,-0,06582769,-0,04178971,-0,01966559,0,9967616,0,9980469
114798,-0,06792755,-0,01486281,-0,02082776,0,9973623,0,9980469,-0,06846092,-0,04190148,-0,01962264,0,9965804,0,9980469
114812,-0,06792965,-0,0148533,-0,02068814,0,9973651,0,9980469,-0,0684688,-0,0418886,-0,0194351,0,9965842,0,9980469
114826,-0,06792971,-0,01485289,-0,02068214,0,9973652,0,9980469,-0,06846992,-0,04188675,-0,01940834,0,9965845,0,9980469
114840,-0,07231428,-0,01445377,-0,02070063,0,9970623,0,9980469,-0,07284269,-0,04149938,-0,01954222,0,9962882,0,9980469
114854,-0,07231421,-0,01445398,-0,02070354,0,9970623,0,9980469,-0,07284228,-0,04150002,-0,01955117,0,9962879,0,9980469
114868,-0,07381993,-0,01434544,-0,0208207,0,996951,0,9980469,-0,07433495,-0,04139654,-0,01971405,0,9961786,0,9980469
114881,-0,07381749,-0,0143581,-0,02099158,0,9969475,0,9980469,-0,07432791,-0,04140923,-0,01988413,0,9961755,0,9980469
114895,-0,07381841,-0,01435344,-0,02092873,0,9969488,0,9980469,-0,07433083,-0,04140395,-0,01981337,0,9961768,0,9980469
114909,-0,07396547,-0,01433243,-0,02045694,0,9969481,0,9980469,-0,07449093,-0,04138644,-0,01939175,0,9961739,0,9980469
114923,-0,07396954,-0,01431127,-0,02017175,0,9969538,0,9980469,-0,07449979,-0,04137046,-0,01917811,0,996178,0,9980469
114937,-0,07370926,-0,01439498,-0,02037576,0,9969679,0,9980469,-0,07422321,-0,04145911,-0,0194487,0,9961898,0,9980469
114951,-0,07369859,-0,01444934,-0,02111113,0,9969524,0,9980469,-0,07419148,-0,04151581,-0,02021003,0,9961745,0,9980469
114965,-0,07214598,-0,01418446,-0,02169398,0,9970573,0,9980469,-0,07262008,-0,04124651,-0,02074192,0,9962906,0,9980469
114979,-0,07213837,-0,01422296,-0,02222612,0,9970456,0,9980469,-0,07259879,-0,04128395,-0,02125566,0,9962797,0,9980469
114993,-0,07213626,-0,01423375,-0,02237514,0,9970422,0,9980469,-0,07259394,-0,04129248,-0,0213727,0,9962772,0,9980469
115006,-0,06744444,-0,01388434,-0,02219577,0,9973795,0,9980469,-0,0679594,-0,0409283,-0,0210489,0,996626,0,9980469
115020,-0,0674483,-0,01386566,-0,02191953,0,9973857,0,9980469,-0,06797099,-0,04090902,-0,0207665,0,996632,0,9980469
115034,-0,07091327,-0,01332167,-0,0217833,0,9971557,0,9980469,-0,07147127,-0,04037315,-0,02071377,0,9964101,0,9980469
115048,-0,07091653,-0,01330429,-0,02153893,0,997161,0,9980469,-0,07148162,-0,04035476,-0,02045762,0,9964153,0,9980469
115062,-0,07147406,-0,01379621,-0,02126648,0,9971204,0,9980469,-0,0720363,-0,04084644,-0,02018113,0,996361,0,9980469
115076,-0,07147749,-0,01377828,-0,02101641,0,9971256,0,9980469,-0,07204618,-0,04082896,-0,01993943,0,9963657,0,9980469
115090,-0,07148194,-0,01375522,-0,02069467,0,9971324,0,9980469,-0,07205851,-0,04080721,-0,0196389,0,9963717,0,9980469
115104,-0,07671387,-0,01404135,-0,02060526,0,9967414,0,9980469,-0,07726054,-0,041111,-0,01970751,0,9959682,0,9980469
115117,-0,07671426,-0,01403898,-0,02057459,0,9967419,0,9980469,-0,07726175,-0,04110862,-0,01967698,0,9959686,0,9980469
115132,-0,07646392,-0,01357802,-0,020792,0,9967632,0,9980469,-0,07698274,-0,04064696,-0,01986871,0,9960056,0,9980469
115145,-0,07646237,-0,0135867,-0,02090524,0,9967607,0,9980469,-0,07697894,-0,04065415,-0,01996179,0,9960035,0,9980469
115159,-0,07646254,-0,01358584,-0,02089391,0,9967611,0,9980469,-0,07697958,-0,04065293,-0,01994603,0,996004,0,9980469
115173,-0,07099583,-0,01359689,-0,0208788,0,9971656,0,9980469,-0,07151251,-0,04064876,-0,01979394,0,9964146,0,9980469
115187,-0,07099362,-0,01360837,-0,0210402,0,997162,0,9980469,-0,07150556,-0,0406609,-0,01996327,0,996411,0,9980469
115201,-0,06857831,-0,009104514,-0,02144526,0,9973737,0,9980469,-0,06910749,-0,03615271,-0,02029685,0,9967474,0,9980469
115215,-0,06857667,-0,009116964,-0,02162627,0,9973698,0,9980469,-0,06910142,-0,03616434,-0,02046437,0,996744,0,9980469
115229,-0,06865112,-0,008808151,-0,02171965,0,9973655,0,9980469,-0,06919149,-0,03585519,-0,02055417,0,996747,0,9980469
115243,-0,06865102,-0,008808788,-0,02172888,0,9973652,0,9980469,-0,06919097,-0,03585612,-0,02056771,0,9967467,0,9980469
115257,-0,0686507,-0,008811346,-0,02176608,0,9973645,0,9980469,-0,06918924,-0,0358595,-0,02061618,0,9967458,0,9980469
115270,-0,06891161,-0,01012844,-0,02174613,0,9973344,0,9980469,-0,0694577,-0,03717712,-0,02061,0,996679,0,9980469
115284,-0,06891011,-0,01013865,-0,02189384,0,9973313,0,9980469,-0,06945292,-0,03718606,-0,02073833,0,9966763,0,9980469
115298,-0,07569743,-0,009026452,-0,02220221,0,9968429,0,9980469,-0,07624249,-0,03609218,-0,02120759,0,9962102,0,9980469
115312,-0,07569717,-0,009028355,-0,02222728,0,9968423,0,9980469,-0,07624248,-0,03609215,-0,02120722,0,9962103,0,9980469
115326,-0,0756967,-0,009032324,-0,02227953,0,9968411,0,9980469,-0,0762414,-0,03609451,-0,02123792,0,9962096,0,9980469
115340,-0,07862737,-0,008336108,-0,02240872,0,9966174,0,9980469,-0,07918222,-0,03540644,-0,02142866,0,9960008,0,9980469
115354,-0,0786263,-0,008346202,-0,02253661,0,9966145,0,9980469,-0,07917815,-0,03541551,-0,0215428,0,9959983,0,9980469
115368,-0,07956344,-0,01378159,-0,02240187,0,9964828,0,9980469,-0,0800979,-0,04084764,-0,02141617,0,9957194,0,9980469
115382,-0,07956095,-0,01379597,-0,0225819,0,9964787,0,9980469,-0,08009091,-0,04086133,-0,02158642,0,9957157,0,9980469
115395,-0,07955971,-0,01380335,-0,02267423,0,9964767,0,9980469,-0,08008777,-0,04086763,-0,02166446,0,9957141,0,9980469
115409,-0,07874827,-0,01349421,-0,02267882,0,9965454,0,9980469,-0,07928984,-0,04055447,-0,02163081,0,9957916,0,9980469
115423,-0,07874948,-0,01348703,-0,02258802,0,9965473,0,9980469,-0,07929406,-0,04054619,-0,02152702,0,9957937,0,9980469
115437,-0,07931794,-0,01222674,-0,02259143,0,9965184,0,9980469,-0,07987882,-0,03928772,-0,021532,0,9957973,0,9980469
115451,-0,07931886,-0,01222063,-0,02251473,0,99652,0,9980469,-0,07988252,-0,03928028,-0,02143903,0,9957994,0,9980469
115465,-0,08051354,-0,01206074,-0,02244957,0,9964278,0,9980469,-0,08107881,-0,0391236,-0,02139672,0,9957098,0,9980469
115479,-0,08051397,-0,01205753,-0,02240996,0,9964286,0,9980469,-0,08108087,-0,03911923,-0,0213434,0,9957108,0,9980469
115493,-0,08051412,-0,01205649,-0,02239712,0,9964289,0,9980469,-0,08108182,-0,03911725,-0,02131904,0,9957113,0,9980469
115506,-0,08118064,-0,01469767,-0,02228712,0,9963418,0,9980469,-0,08172916,-0,04175603,-0,0212096,0,9955536,0,9980469
115520,-0,08118164,-0,01469215,-0,0222194,0,9963433,0,9980469,-0,08173239,-0,04174972,-0,02113268,0,9955552,0,9980469
115534,-0,07717389,-0,01532593,-0,02205119,0,996656,0,9980469,-0,07772557,-0,04236952,-0,02084913,0,9958559,0,9980469
115548,-0,07717388,-0,01532598,-0,02205184,0,996656,0,9980469,-0,07772599,-0,04236879,-0,02083967,0,9958562,0,9980469
115562,-0,0776425,-0,01540406,-0,0220934,0,9966175,0,9980469,-0,0781876,-0,04244715,-0,02087834,0,9958158,0,9980469
115576,-0,07764237,-0,01540451,-0,02209931,0,9966173,0,9980469,-0,07818782,-0,04244667,-0,02087237,0,9958159,0,9980469
115590,-0,07764003,-0,01541635,-0,02225117,0,9966139,0,9980469,-0,07818173,-0,04245788,-0,02101522,0,9958128,0,9980469
115604,-0,08039141,-0,01403259,-0,02238358,0,9964132,0,9980469,-0,08093224,-0,04108446,-0,02121865,0,9956464,0,9980469
115617,-0,08039173,-0,01403078,-0,02236111,0,9964138,0,9980469,-0,08093335,-0,04108237,-0,0211927,0,9956471,0,9980469
115632,-0,08076651,-0,01337,-0,0222761,0,9963944,0,9980469,-0,08131798,-0,04042374,-0,02112093,0,9956442,0,9980469
115645,-0,0807681,-0,01336061,-0,02216015,0,9963971,0,9980469,-0,08132251,-0,04041462,-0,02100937,0,9956466,0,9980469
115660,-0,08076986,-0,01334987,-0,02202778,0,9964,0,9980469,-0,08132762,-0,04040428,-0,02088272,0,9956492,0,9980469
115673,-0,07692545,-0,01200245,-0,0219466,0,9967232,0,9980469,-0,07749094,-0,03904719,-0,02070605,0,996013,0,9980469
115687,-0,07692689,-0,01199317,-0,02182645,0,9967257,0,9980469,-0,07749539,-0,03903835,-0,02059249,0,9960154,0,9980469
115701,-0,0767942,-0,01128378,-0,0217464,0,9967459,0,9980469,-0,07735724,-0,03833041,-0,0205214,0,9960551,0,9980469
115715,-0,07679404,-0,01128489,-0,02176087,0,9967456,0,9980469,-0,07735632,-0,0383322,-0,02054453,0,9960545,0,9980469
115729,-0,07679555,-0,01127478,-0,02162962,0,9967485,0,9980469,-0,07736082,-0,03832322,-0,02042871,0,996057,0,9980469
115743,-0,07651659,-0,01128711,-0,02154325,0,9967718,0,9980469,-0,07707252,-0,03833602,-0,02034918,0,9960805,0,9980469
115756,-0,07651855,-0,01127402,-0,02137277,0,9967754,0,9980469,-0,07707849,-0,03832404,-0,02019425,0,9960836,0,9980469
115770,-0,07770595,-0,009928904,-0,02115944,0,9967023,0,9980469,-0,07826713,-0,0369842,-0,02001839,0,9960451,0,9980469
115784,-0,07770885,-0,009906287,-0,02086931,0,9967086,0,9980469,-0,07827795,-0,03696131,-0,01972714,0,996051,0,9980469
115798,-0,07725595,-0,009988,-0,02052058,0,9967501,0,9980469,-0,07781494,-0,03704061,-0,01935053,0,9960916,0,9980469
115812,-0,07725736,-0,009976798,-0,02037607,0,996753,0,9980469,-0,07782131,-0,0370272,-0,01917913,0,9960949,0,9980469
115826,-0,07725808,-0,009971562,-0,02030848,0,9967545,0,9980469,-0,07782511,-0,03701928,-0,01907739,0,9960969,0,9980469
115840,-0,07745536,-0,0114343,-0,0201606,0,9967264,0,9980469,-0,07798855,-0,03847973,-0,01890618,0,996032,0,9980469
115854,-0,07745668,-0,01142503,-0,02004142,0,9967287,0,9980469,-0,07799336,-0,03846989,-0,01878079,0,9960343,0,9980469
115868,-0,07537083,-0,01172944,-0,02005178,0,9968851,0,9980469,-0,07588605,-0,03876895,-0,01873885,0,9961864,0,9980469
115881,-0,07537062,-0,01173084,-0,02007022,0,9968846,0,9980469,-0,07588481,-0,03877147,-0,01877163,0,9961858,0,9980469
115896,-0,07537133,-0,01172644,-0,02001203,0,9968858,0,9980469,-0,07588656,-0,03876799,-0,01872625,0,9961866,0,9980469
115909,-0,07546617,-0,01205181,-0,01993787,0,9968763,0,9980469,-0,07597122,-0,03909526,-0,01867666,0,9961683,0,9980469
115923,-0,07546741,-0,01204423,-0,0198377,0,9968782,0,9980469,-0,07597458,-0,03908872,-0,01859089,0,9961699,0,9980469
115937,-0,07493962,-0,01029974,-0,01982728,0,9969378,0,9980469,-0,0754513,-0,03734513,-0,01857619,0,9962768,0,9980469
115951,-0,07494083,-0,01029101,-0,01971112,0,9969401,0,9980469,-0,07545538,-0,03733692,-0,01846761,0,9962789,0,9980469
115965,-0,07161479,-0,01251386,-0,0194773,0,9971638,0,9980469,-0,07211934,-0,03954877,-0,01814259,0,9964465,0,9980469
115979,-0,07161657,-0,01250368,-0,01933567,0,9971665,0,9980469,-0,07212474,-0,03953892,-0,0180065,0,996449,0,9980469
115993,-0,07161749,-0,01249836,-0,01926156,0,997168,0,9980469,-0,07212768,-0,0395336,-0,01793284,0,9964504,0,9980469
116007,-0,07110915,-0,01310208,-0,01911605,0,9971994,0,9980469,-0,07160844,-0,04013581,-0,01777859,0,9964665,0,9980469
116020,-0,07110974,-0,01309881,-0,01907012,0,9972002,0,9980469,-0,07161036,-0,04013234,-0,01773051,0,9964674,0,9980469
116035,-0,07048359,-0,01289298,-0,01899133,0,9972489,0,9980469,-0,07097433,-0,03992551,-0,01763801,0,9965227,0,9980469
116048,-0,0704844,-0,01288852,-0,01892814,0,9972501,0,9980469,-0,07097678,-0,03992115,-0,01757681,0,9965239,0,9980469
116062,-0,07081488,-0,01268559,-0,0188824,0,9972301,0,9980469,-0,07129818,-0,03971976,-0,01754526,0,9965096,0,9980469
116076,-0,07081595,-0,01267943,-0,01879563,0,9972317,0,9980469,-0,07130142,-0,03971388,-0,01746332,0,9965109,0,9980469
116090,-0,07081673,-0,01267523,-0,01873651,0,9972329,0,9980469,-0,0713036,-0,03971004,-0,01740954,0,9965119,0,9980469
116104,-0,0741423,-0,01065245,-0,01876698,0,9970142,0,9980469,-0,07462564,-0,03769897,-0,01753862,0,9963445,0,9980469
116118,-0,0741424,-0,01065139,-0,01875286,0,9970145,0,9980469,-0,07462588,-0,03769844,-0,01753165,0,9963446,0,9980469
116132,-0,07393333,-0,01088225,-0,01877156,0,9970272,0,9980469,-0,07440649,-0,03792936,-0,01755289,0,996352,0,9980469
116145,-0,07393207,-0,01089056,-0,01888371,0,9970251,0,9980469,-0,07440177,-0,03793865,-0,01767711,0,9963498,0,9980469
116160,-0,07393217,-0,01089004,-0,01887667,0,9970252,0,9980469,-0,07440167,-0,03793885,-0,01767972,0,9963496,0,9980469
116173,-0,07217579,-0,01113146,-0,01873382,0,997154,0,9980469,-0,07264701,-0,03817609,-0,01750121,0,9964733,0,9980469
116187,-0,07217968,-0,01110597,-0,01838174,0,9971604,0,9980469,-0,07266004,-0,03815121,-0,01716034,0,9964791,0,9980469
116201,-0,07085282,-0,01114414,-0,01802506,0,9972617,0,9980469,-0,07134014,-0,03818616,-0,01677564,0,9965796,0,9980469
116215,-0,07085416,-0,0111356,-0,01790488,0,9972638,0,9980469,-0,07134417,-0,03817863,-0,01667039,0,9965814,0,9980469
116229,-0,06993464,-0,01577965,-0,01765542,0,9972706,0,9980469,-0,07038795,-0,04281513,-0,01640285,0,9964655,0,9980469
116243,-0,06993005,-0,01579999,-0,01794539,0,9972653,0,9980469,-0,07037558,-0,04283545,-0,0166907,0,9964606,0,9980469
116257,-0,06992657,-0,0158153,-0,01816385,0,9972613,0,9980469,-0,07036635,-0,04285062,-0,01690546,0,996457,0,9980469
116271,-0,04164451,-0,02170097,-0,01718773,0,998749,0,9980469,-0,04212938,-0,04868517,-0,01515273,0,9978103,0,9980469
116285,-0,04165042,-0,02168963,-0,0169157,0,9987537,0,9980469,-0,04214293,-0,04867345,-0,01487515,0,9978145,0,9980469
116299,-0,01846923,-0,02362292,-0,01613815,0,9994201,0,9980469,-0,01902906,-0,05061932,-0,01346208,0,998446,0,9980469
116312,-0,01846719,-0,02362452,-0,01622487,0,9994187,0,9980469,-0,01902509,-0,05062082,-0,01354032,0,9984449,0,9980469
116326,-0,0184648,-0,02362638,-0,01632562,0,9994171,0,9980469,-0,01902032,-0,05062262,-0,01363462,0,9984436,0,9980469
116340,-0,01866739,-0,02436334,-0,01622767,0,9993971,0,9980469,-0,01921407,-0,05135867,-0,0135421,0,9984035,0,9980469
116354,-0,01867224,-0,02435963,-0,01602897,0,9994005,0,9980469,-0,01922403,-0,05135495,-0,01334867,0,9984062,0,9980469
116368,-0,0625473,-0,003975431,-0,01804693,0,9978709,0,9980469,-0,0630298,-0,03100202,-0,01657917,0,9973923,0,9980469
116382,-0,06254758,-0,003971474,-0,01798372,0,9978722,0,9980469,-0,06303186,-0,03099786,-0,01651324,0,9973934,0,9980469
116396,-0,06253584,-0,004086694,-0,01794637,0,997873,0,9980469,-0,06301157,-0,03111253,-0,01646902,0,9973918,0,9980469
116410,-0,06253584,-0,004086735,-0,017947,0,997873,0,9980469,-0,06301178,-0,03111208,-0,01646194,0,997392,0,9980469
116423,-0,06253561,-0,004090305,-0,018004,0,997872,0,9980469,-0,06301018,-0,03111537,-0,01651393,0,9973912,0,9980469
116437,-0,06290457,-0,004472183,-0,01795965,0,997848,0,9980469,-0,06337205,-0,03149747,-0,01647301,0,9973568,0,9980469
116451,-0,06290467,-0,004470708,-0,01793632,0,9978485,0,9980469,-0,06337293,-0,03149568,-0,0164447,0,9973572,0,9980469
116465,-0,05971754,-0,007225621,-0,01774952,0,9980313,0,9980469,-0,06017902,-0,03424476,-0,01616796,0,9974691,0,9980469
116479,-0,0597176,-0,007225024,-0,0177396,0,9980316,0,9980469,-0,06017939,-0,03424407,-0,01615674,0,9974692,0,9980469
116493,-0,05971741,-0,007226756,-0,0177685,0,9980311,0,9980469,-0,06017837,-0,03424592,-0,01618714,0,9974688,0,9980469
116507,-0,05917608,-0,007774895,-0,01772102,0,9980599,0,9980469,-0,05963446,-0,03479332,-0,01612802,0,9974833,0,9980469
116521,-0,05917669,-0,007770391,-0,01764504,0,9980614,0,9980469,-0,05963705,-0,0347889,-0,01605406,0,9974846,0,9980469
116535,-0,05893883,-0,009761033,-0,01748623,0,9980608,0,9980469,-0,05939645,-0,03677823,-0,01588425,0,9974303,0,9980469
116549,-0,05893705,-0,009771863,-0,01766957,0,9980577,0,9980469,-0,0593899,-0,03678884,-0,01606243,0,9974275,0,9980469
116563,-0,05920474,-0,007476853,-0,01800027,0,9980556,0,9980469,-0,05965592,-0,03449517,-0,01639889,0,9974881,0,9980469
116576,-0,05920387,-0,007483998,-0,01812069,0,9980535,0,9980469,-0,05965189,-0,03450219,-0,01651593,0,9974861,0,9980469
116590,-0,05920305,-0,007490465,-0,01822973,0,9980515,0,9980469,-0,05964821,-0,03450855,-0,01662243,0,9974844,0,9980469
116604,-0,06089663,-0,009533331,-0,01818056,0,997933,0,9980469,-0,06134847,-0,03655316,-0,01661674,0,9973085,0,9980469
116618,-0,06089631,-0,009535419,-0,01821478,0,9979324,0,9980469,-0,06134713,-0,0365554,-0,01665313,0,997308,0,9980469
116632,-0,07050212,-0,007578183,-0,01844723,0,9973122,0,9980469,-0,07096373,-0,03461901,-0,0171436,0,9967305,0,9980469
116646,-0,07050173,-0,007582106,-0,01850274,0,9973113,0,9980469,-0,070962,-0,03462261,-0,01719397,0,9967297,0,9980469
116660,-0,07050175,-0,007581918,-0,01850004,0,9973114,0,9980469,-0,07096215,-0,03462229,-0,01718949,0,9967298,0,9980469
116673,-0,07059612,-0,007811511,-0,01859303,0,9973012,0,9980469,-0,07106131,-0,03485154,-0,01727973,0,9967132,0,9980469
116687,-0,0705957,-0,007815545,-0,01864998,0,9973001,0,9980469,-0,07105936,-0,03485546,-0,01733484,0,9967123,0,9980469
116701,-0,07249992,-0,006872525,-0,01878395,0,9971678,0,9980469,-0,07297098,-0,03391758,-0,01752345,0,9966031,0,9980469
116715,-0,07249922,-0,006879978,-0,01888642,0,9971659,0,9980469,-0,07296738,-0,03392538,-0,0176299,0,9966012,0,9980469
116729,-0,07253728,-0,007083235,-0,01901673,0,9971593,0,9980469,-0,07301039,-0,03412884,-0,01776552,0,9965888,0,9980469
116743,-0,07253661,-0,00709009,-0,01911101,0,9971576,0,9980469,-0,07300698,-0,03413622,-0,01786602,0,996587,0,9980469
116757,-0,07253593,-0,007096954,-0,01920534,0,9971557,0,9980469,-0,07300328,-0,03414404,-0,01797283,0,9965851,0,9980469
116771,-0,07239704,-0,007433206,-0,01932312,0,997161,0,9980469,-0,07287249,-0,03448039,-0,0180968,0,9965808,0,9980469
116785,-0,07239684,-0,007435508,-0,01935474,0,9971605,0,9980469,-0,07287096,-0,03448367,-0,01814166,0,9965801,0,9980469
116799,-0,0667005,-0,007510368,-0,0193302,0,9975576,0,9980469,-0,06718806,-0,03454503,-0,01797641,0,9969801,0,9980469
116812,-0,06670051,-0,007510241,-0,01932828,0,9975576,0,9980469,-0,06718767,-0,03454582,-0,01798829,0,9969798,0,9980469
116827,-0,06669982,-0,007516574,-0,019423,0,9975558,0,9980469,-0,06718399,-0,03455296,-0,01809415,0,996978,0,9980469
116840,-0,06619295,-0,007354392,-0,01941181,0,997591,0,9980469,-0,06668589,-0,0343905,-0,01808384,0,9970172,0,9980469
116854,-0,06619257,-0,007357925,-0,01946505,0,99759,0,9980469,-0,06668346,-0,03439515,-0,01815375,0,997016,0,9980469
116868,-0,06564183,-0,007278638,-0,01947826,0,9976267,0,9980469,-0,06613813,-0,03431574,-0,01816945,0,9970548,0,9980469
116882,-0,06564195,-0,007277392,-0,0194594,0,997627,0,9980469,-0,06613811,-0,03431574,-0,01816966,0,9970547,0,9980469
116896,-0,06908952,-0,01068693,-0,01936196,0,9973653,0,9980469,-0,06957763,-0,0377331,-0,01817632,0,9966971,0,9980469
116910,-0,06908914,-0,01068909,-0,01939315,0,9973647,0,9980469,-0,069576,-0,03773605,-0,01821874,0,9966962,0,9980469
116924,-0,06908944,-0,01068723,-0,01936633,0,9973652,0,9980469,-0,06957658,-0,03773498,-0,0182034,0,9966965,0,9980469
116937,-0,0679623,-0,01097459,-0,0193405,0,99744,0,9980469,-0,06845196,-0,03801992,-0,01815721,0,9967643,0,9980469
116951,-0,06796181,-0,01097765,-0,01938547,0,9974392,0,9980469,-0,06844996,-0,03802361,-0,01821073,0,9967633,0,9980469
116965,-0,06741502,-0,01079675,-0,01948964,0,9974763,0,9980469,-0,06790289,-0,03784163,-0,01830217,0,9968062,0,9980469
116979,-0,06741536,-0,01079462,-0,01945804,0,9974769,0,9980469,-0,06790391,-0,03783978,-0,01827505,0,9968066,0,9980469
116993,-0,0674168,-0,01078568,-0,01932568,0,9974795,0,9980469,-0,06790882,-0,03783092,-0,01814512,0,996809,0,9980469
117007,-0,06705438,-0,01068649,-0,01927871,0,997506,0,9980469,-0,06755233,-0,03773077,-0,01808771,0,9968382,0,9980469
117021,-0,06705485,-0,01068361,-0,01923571,0,9975067,0,9980469,-0,06755394,-0,0377279,-0,0180453,0,9968388,0,9980469
117035,-0,06946471,-0,01058179,-0,01942039,0,9973392,0,9980469,-0,06995379,-0,03763255,-0,01829672,0,9966723,0,9980469
117049,-0,06946244,-0,01059686,-0,01963678,0,997335,0,9980469,-0,0699455,-0,03764798,-0,01851659,0,9966682,0,9980469
117063,-0,07278308,-0,0101176,-0,01976856,0,9971006,0,9980469,-0,0732646,-0,03717892,-0,0187467,0,996443,0,9980469
117077,-0,07278395,-0,01011141,-0,01968374,0,9971024,0,9980469,-0,07326724,-0,0371737,-0,01867579,0,9964444,0,9980469
117090,-0,07278421,-0,01010944,-0,01965669,0,9971028,0,9980469,-0,07326775,-0,0371726,-0,0186611,0,9964446,0,9980469
117104,-0,07368985,-0,009713835,-0,01966353,0,99704,0,9980469,-0,07418251,-0,03678066,-0,0187043,0,9963906,0,9980469
117118,-0,07369066,-0,009707738,-0,019581,0,9970418,0,9980469,-0,07418531,-0,03677501,-0,0186285,0,9963921,0,9980469
117132,-0,07212001,-0,01070414,-0,01951069,0,9971477,0,9980469,-0,07261265,-0,03776607,-0,01851649,0,996473,0,9980469
117146,-0,07212035,-0,01070178,-0,01947817,0,9971484,0,9980469,-0,0726139,-0,03776363,-0,01848304,0,9964737,0,9980469
117160,-0,07212062,-0,01069992,-0,01945241,0,9971489,0,9980469,-0,07261476,-0,03776199,-0,0184605,0,996474,0,9980469
117174,-0,07028852,-0,01081766,-0,0193382,0,9972806,0,9980469,-0,07078201,-0,03787504,-0,01830536,0,9966045,0,9980469
117187,-0,07029059,-0,01080432,-0,0191489,0,9972844,0,9980469,-0,07078893,-0,03786211,-0,01812323,0,9966078,0,9980469
117202,-0,07007845,-0,0108811,-0,01896514,0,9973019,0,9980469,-0,0705753,-0,03793859,-0,01793847,0,9966234,0,9980469
117215,-0,07007958,-0,0108739,-0,01886269,0,9973038,0,9980469,-0,07057878,-0,03793208,-0,01784668,0,9966251,0,9980469
117229,-0,06993722,-0,011118,-0,01878547,0,9973125,0,9980469,-0,07042304,-0,03817679,-0,01777854,0,9966279,0,9980469
117243,-0,06994017,-0,01109949,-0,01852139,0,9973176,0,9980469,-0,07043215,-0,03816005,-0,01754141,0,9966321,0,9980469
117257,-0,06994065,-0,01109636,-0,01847685,0,9973183,0,9980469,-0,07043365,-0,03815721,-0,01750148,0,9966328,0,9980469
117271,-0,07024701,-0,01260784,-0,01838841,0,9972804,0,9980469,-0,07072004,-0,03966692,-0,01739816,0,9965554,0,9980469
117285,-0,07024703,-0,01260758,-0,01838477,0,9972806,0,9980469,-0,07072216,-0,03966311,-0,01734467,0,9965562,0,9980469
117299,-0,07227995,-0,0121113,-0,01831949,0,9971426,0,9980469,-0,07274663,-0,03917235,-0,01732038,0,9964305,0,9980469
117313,-0,07227992,-0,01211154,-0,01832282,0,9971426,0,9980469,-0,07274662,-0,03917233,-0,01732023,0,9964305,0,9980469
117327,-0,0722809,-0,01210555,-0,01824026,0,997144,0,9980469,-0,07274931,-0,03916733,-0,01725187,0,9964315,0,9980469
117340,-0,07088729,-0,01232931,-0,01817394,0,9972427,0,9980469,-0,07134867,-0,03938805,-0,01716173,0,9965258,0,9980469
117354,-0,07088667,-0,01233281,-0,01822329,0,9972416,0,9980469,-0,0713458,-0,03939324,-0,01723417,0,9965245,0,9980469
117368,-0,07179846,-0,01050748,-0,01827121,0,9971965,0,9980469,-0,07225835,-0,03757156,-0,01729954,0,9965279,0,9980469
117382,-0,07179819,-0,01050947,-0,01829886,0,997196,0,9980469,-0,07225781,-0,03757264,-0,01731422,0,9965277,0,9980469
117396,-0,07067464,-0,01046608,-0,01820637,0,9972784,0,9980469,-0,07113674,-0,03752426,-0,01716632,0,9966128,0,9980469
117410,-0,07067492,-0,01046416,-0,01817926,0,9972789,0,9980469,-0,07113796,-0,03752188,-0,01713332,0,9966133,0,9980469
117424,-0,07067551,-0,01046004,-0,01812112,0,9972799,0,9980469,-0,07114057,-0,0375169,-0,01706352,0,9966145,0,9980469
117438,-0,07200086,-0,008942878,-0,01813656,0,9971997,0,9980469,-0,07246823,-0,03600342,-0,01710134,0,996574,0,9980469
117451,-0,07200152,-0,008937447,-0,01806131,0,9972011,0,9980469,-0,0724716,-0,03599663,-0,0170081,0,9965756,0,9980469
117466,-0,07156673,-0,01128837,-0,01787718,0,9972116,0,9980469,-0,07202344,-0,03834425,-0,01680299,0,996524,0,9980469
117479,-0,07156803,-0,0112802,-0,01776336,0,9972138,0,9980469,-0,07202736,-0,03833689,-0,01670106,0,9965257,0,9980469
117493,-0,07156887,-0,01127491,-0,01768962,0,9972151,0,9980469,-0,07202975,-0,0383324,-0,0166389,0,9965267,0,9980469
117507,-0,07192396,-0,008425225,-0,01778881,0,997216,0,9980469,-0,07238494,-0,03548676,-0,01676247,0,9966044,0,9980469
117521,-0,07192525,-0,008413999,-0,01763321,0,9972188,0,9980469,-0,07239103,-0,03547429,-0,01659105,0,9966072,0,9980469
117535,-0,07179108,-0,008171866,-0,01736905,0,9972349,0,9980469,-0,07225652,-0,03523034,-0,016301,0,9966304,0,9980469
117549,-0,07179211,-0,00816277,-0,01724274,0,9972371,0,9980469,-0,07226174,-0,03521959,-0,01615301,0,9966328,0,9980469
117562,-0,07133408,-0,007992174,-0,01725288,0,9972713,0,9980469,-0,07178842,-0,03504545,-0,01611323,0,9966737,0,9980469
117576,-0,07133462,-0,007987479,-0,01718727,0,9972724,0,9980469,-0,07179186,-0,03503836,-0,01601487,0,9966754,0,9980469
117590,-0,07133444,-0,007989132,-0,01721032,0,997272,0,9980469,-0,07179206,-0,03503802,-0,01601001,0,9966756,0,9980469
117604,-0,07240013,-0,01025871,-0,0172828,0,9971731,0,9980469,-0,07283096,-0,03730736,-0,01608189,0,9965166,0,9980469
117618,-0,07239754,-0,01027703,-0,01753514,0,9971687,0,9980469,-0,07282254,-0,03732388,-0,01630763,0,9965129,0,9980469
117632,-0,07027218,-0,01102083,-0,01769249,0,9973102,0,9980469,-0,07069311,-0,03806023,-0,01638616,0,9966372,0,9980469
117646,-0,07026957,-0,0110374,-0,01792781,0,9973059,0,9980469,-0,07068476,-0,03807571,-0,01660456,0,9966335,0,9980469
117660,-0,07026848,-0,01104417,-0,01802381,0,9973041,0,9980469,-0,07068181,-0,03808113,-0,0166811,0,9966322,0,9980469
117673,-0,0686028,-0,00983757,-0,01807468,0,9974318,0,9980469,-0,06904086,-0,03687044,-0,01667961,0,9967927,0,9980469
117687,-0,0686029,-0,009837214,-0,01806942,0,9974321,0,9980469,-0,06904136,-0,03686961,-0,01666729,0,996793,0,9980469
117701,-0,06913639,-0,01024996,-0,01799399,0,9973924,0,9980469,-0,06959141,-0,03728262,-0,01660031,0,9967406,0,9980469
117715,-0,0691364,-0,01025,-0,01799456,0,9973923,0,9980469,-0,06959146,-0,03728249,-0,01659849,0,9967405,0,9980469
117729,-0,06913684,-0,01024668,-0,01794679,0,9973931,0,9980469,-0,06959321,-0,03727916,-0,01655096,0,9967413,0,9980469
117743,-0,06961274,-0,0112078,-0,01788765,0,9973508,0,9980469,-0,07006843,-0,0382419,-0,01652043,0,9966722,0,9980469
117757,-0,06961279,-0,01120743,-0,01788236,0,9973509,0,9980469,-0,07006773,-0,03824314,-0,01653819,0,9966717,0,9980469
117770,-0,06966083,-0,0121233,-0,01782936,0,9973377,0,9980469,-0,07011114,-0,03915852,-0,01648867,0,9966339,0,9980469
117784,-0,06966174,-0,01211841,-0,01775929,0,9973391,0,9980469,-0,07011398,-0,03915352,-0,01641736,0,9966353,0,9980469
117798,-0,07206526,-0,01058529,-0,01778914,0,9971852,0,9980469,-0,07251932,-0,03762829,-0,01652115,0,99652,0,9980469
117812,-0,07206517,-0,01058603,-0,0177993,0,997185,0,9980469,-0,07251804,-0,03763072,-0,01655461,0,9965196,0,9980469
117826,-0,07206365,-0,01059635,-0,01794204,0,9971824,0,9980469,-0,07251108,-0,03764414,-0,01673903,0,9965165,0,9980469
117840,-0,06946567,-0,01167245,-0,01805383,0,9973527,0,9980469,-0,06989941,-0,03871781,-0,01685205,0,9966599,0,9980469
117854,-0,06946393,-0,01168289,-0,0182037,0,9973499,0,9980469,-0,06989122,-0,03873263,-0,01706333,0,9966564,0,9980469
117868,-0,06800776,-0,01134149,-0,01832592,0,997452,0,9980469,-0,0684431,-0,03839043,-0,01718508,0,996768,0,9980469
117881,-0,06800511,-0,01135753,-0,01856123,0,9974477,0,9980469,-0,06843414,-0,03840639,-0,01741757,0,9967641,0,9980469
117895,-0,0680021,-0,01137548,-0,01882444,0,9974427,0,9980469,-0,06842522,-0,03842225,-0,01764875,0,99676,0,9980469
117909,-0,06612419,-0,01095046,-0,01895219,0,9975715,0,9980469,-0,06657009,-0,03798879,-0,0176678,0,9969018,0,9980469
117923,-0,06612362,-0,01095374,-0,01900178,0,9975705,0,9980469,-0,0665696,-0,03798968,-0,01768117,0,9969016,0,9980469
117937,-0,06366784,-0,01043958,-0,0190945,0,997734,0,9980469,-0,06413703,-0,03747011,-0,0177091,0,9970803,0,9980469
117951,-0,06366912,-0,01043179,-0,01897248,0,9977362,0,9980469,-0,06414129,-0,03746284,-0,01759589,0,9970824,0,9980469
117965,-0,06911069,-0,01011002,-0,01883199,0,9973801,0,9980469,-0,06959824,-0,03715456,-0,01761937,0,9967273,0,9980469
117978,-0,06911463,-0,01008291,-0,01844065,0,9973873,0,9980469,-0,06961149,-0,03712972,-0,0172637,0,9967335,0,9980469
117993,-0,06911698,-0,01006687,-0,01820934,0,9973916,0,9980469,-0,0696189,-0,03711584,-0,01706487,0,9967369,0,9980469
118006,-0,07029453,-0,007269125,-0,01805642,0,9973364,0,9980469,-0,07080034,-0,03432436,-0,0169723,0,9967552,0,9980469
118020,-0,07029592,-0,007255796,-0,01786728,0,9973398,0,9980469,-0,07080616,-0,03431236,-0,01680339,0,9967582,0,9980469
118034,-0,07010657,-0,00813655,-0,01778355,0,997348,0,9980469,-0,07058592,-0,03519493,-0,01673943,0,9967441,0,9980469
118048,-0,07010607,-0,008140589,-0,01784107,0,9973468,0,9980469,-0,07058374,-0,03519936,-0,01680188,0,996743,0,9980469
118062,-0,07010632,-0,008138509,-0,01781149,0,9973474,0,9980469,-0,07058465,-0,03519746,-0,0167753,0,9967435,0,9980469
118076,-0,07170501,-0,007840527,-0,01771072,0,9972379,0,9980469,-0,07216839,-0,03490428,-0,01671517,0,9966414,0,9980469
118090,-0,0717034,-0,007855061,-0,01791295,0,9972343,0,9980469,-0,07216094,-0,03491963,-0,01692741,0,9966379,0,9980469
118103,-0,0712907,-0,01159536,-0,01803762,0,9972252,0,9980469,-0,0717193,-0,0386577,-0,01705344,0,9965296,0,9980469
118117,-0,07128768,-0,0116138,-0,01829561,0,9972204,0,9980469,-0,0717089,-0,03867696,-0,01732125,0,996525,0,9980469
118131,-0,07088733,-0,01333475,-0,01828915,0,9972275,0,9980469,-0,07130893,-0,04040111,-0,01738951,0,996484,0,9980469
118145,-0,07088406,-0,01335222,-0,01853489,0,997223,0,9980469,-0,07129449,-0,04042654,-0,01774518,0,9964778,0,9980469
118159,-0,07088289,-0,01335845,-0,01862235,0,9972214,0,9980469,-0,07128732,-0,04043919,-0,01792174,0,9964746,0,9980469
118173,-0,07002798,-0,01256759,-0,01878184,0,9972892,0,9980469,-0,07045546,-0,03964811,-0,01808358,0,9965627,0,9980469
118187,-0,07002757,-0,01256979,-0,01881319,0,9972885,0,9980469,-0,07045477,-0,03964934,-0,018101,0,9965624,0,9980469
118201,-0,07075904,-0,01055422,-0,01861122,0,9972641,0,9980469,-0,07122567,-0,03763608,-0,01790681,0,9965892,0,9980469
118214,-0,07076038,-0,01054516,-0,01848351,0,9972664,0,9980469,-0,07123023,-0,03762744,-0,01778605,0,9965912,0,9980469
118228,-0,07075967,-0,01055009,-0,01855293,0,9972652,0,9980469,-0,07122755,-0,03763255,-0,01785745,0,9965901,0,9980469
118242,-0,06986859,-0,009362315,-0,01859283,0,9973391,0,9980469,-0,07034228,-0,03644323,-0,01788319,0,9966966,0,9980469
118256,-0,06986929,-0,009356985,-0,01851676,0,9973405,0,9980469,-0,07034446,-0,03643899,-0,0178231,0,9966977,0,9980469
118270,-0,06923988,-0,009329872,-0,01849623,0,997385,0,9980469,-0,06971262,-0,03641099,-0,01779956,0,9967434,0,9980469
118284,-0,06924123,-0,009319719,-0,01834997,0,9973876,0,9980469,-0,0697168,-0,03640299,-0,01768509,0,9967455,0,9980469
118298,-0,06870194,-0,009406822,-0,01802211,0,9974302,0,9980469,-0,06918251,-0,0364884,-0,01734466,0,9967856,0,9980469
118311,-0,06870546,-0,009381348,-0,01765233,0,9974367,0,9980469,-0,06919566,-0,03646347,-0,01698549,0,9967918,0,9980469
118326,-0,06870573,-0,009379305,-0,01762262,0,9974372,0,9980469,-0,06919633,-0,03646227,-0,01696795,0,9967921,0,9980469
118339,-0,06829283,-0,008090274,-0,01751727,0,9974788,0,9980469,-0,06877283,-0,03517295,-0,01685675,0,9968697,0,9980469
118353,-0,06829707,-0,008054327,-0,01699225,0,9974877,0,9980469,-0,06879102,-0,03513736,-0,01634089,0,9968782,0,9980469
118367,-0,06783966,-0,008385709,-0,01649492,0,9975247,0,9980469,-0,06832146,-0,03546819,-0,01584347,0,9969068,0,9980469
118381,-0,06784197,-0,008367049,-0,01622056,0,9975292,0,9980469,-0,06833155,-0,03544875,-0,01555976,0,9969114,0,9980469
118395,-0,06784203,-0,008366331,-0,01621001,0,9975293,0,9980469,-0,0683317,-0,03544845,-0,01555557,0,9969113,0,9980469
118409,-0,0675412,-0,01069099,-0,01633015,0,9975255,0,9980469,-0,06797686,-0,03776955,-0,01562846,0,9968493,0,9980469
118423,-0,06754603,-0,01066057,-0,01588089,0,9975328,0,9980469,-0,06799234,-0,0377417,-0,01522009,0,9968556,0,9980469
118437,-0,06864591,-0,01114924,-0,01589016,0,9974523,0,9980469,-0,06906238,-0,03823739,-0,01530949,0,9967619,0,9980469
118450,-0,06864128,-0,0111777,-0,01630379,0,9974456,0,9980469,-0,06904432,-0,03826993,-0,01577932,0,9967545,0,9980469
118464,-0,06868588,-0,0109194,-0,01633138,0,9974449,0,9980469,-0,06907864,-0,03801065,-0,01578694,0,9967619,0,9980469
118478,-0,06868665,-0,0109144,-0,01625888,0,997446,0,9980469,-0,0690822,-0,03800415,-0,01569321,0,9967633,0,9980469
118493,-0,06868698,-0,0109124,-0,01622971,0,9974467,0,9980469,-0,06908469,-0,03799969,-0,0156287,0,9967644,0,9980469
118506,-0,0679589,-0,009211774,-0,01635692,0,9975116,0,9980469,-0,06836634,-0,03629859,-0,01575136,0,9968754,0,9980469
118520,-0,06795709,-0,009225175,-0,01655362,0,9975083,0,9980469,-0,06835628,-0,03631749,-0,01602718,0,9968709,0,9980469
118534,-0,06657298,-0,008655667,-0,01721855,0,9975954,0,9980469,-0,06695985,-0,03574361,-0,0166443,0,9969764,0,9980469
118547,-0,06656915,-0,008685313,-0,01766286,0,9975877,0,9980469,-0,06694422,-0,0357729,-0,01708029,0,996969,0,9980469
118562,-0,06656734,-0,008699007,-0,01786807,0,9975841,0,9980469,-0,06693728,-0,03578582,-0,01727287,0,9969657,0,9980469
118575,-0,06487473,-0,008280097,-0,01823968,0,9976923,0,9980469,-0,06526972,-0,03536255,-0,01761045,0,9970855,0,9980469
118589,-0,06487147,-0,008305495,-0,01863033,0,9976851,0,9980469,-0,06525502,-0,03538967,-0,01802481,0,9970779,0,9980469
118603,-0,06585187,-0,01000263,-0,01868491,0,9976044,0,9980469,-0,0662697,-0,03708613,-0,01807212,0,9969486,0,9980469
118617,-0,06585655,-0,009971587,-0,0182147,0,9976131,0,9980469,-0,06628902,-0,03705158,-0,01755241,0,9969579,0,9980469
118631,-0,06643861,-0,008989586,-0,01757589,0,9975953,0,9980469,-0,06692207,-0,03606965,-0,01691016,0,9969627,0,9980469
118645,-0,0664418,-0,008965787,-0,01721859,0,9976015,0,9980469,-0,0669338,-0,03604788,-0,01658585,0,9969682,0,9980469
118659,-0,06644227,-0,008962584,-0,01717042,0,9976024,0,9980469,-0,06693412,-0,03604732,-0,01657752,0,9969683,0,9980469
118673,-0,06704417,-0,008769581,-0,01712543,0,9975644,0,9980469,-0,06750958,-0,03585656,-0,0165452,0,9969368,0,9980469
118687,-0,06704485,-0,008764434,-0,01704889,0,9975659,0,9980469,-0,0675139,-0,03584838,-0,01642437,0,9969388,0,9980469
118701,-0,06272833,-0,0123203,-0,01693669,0,9978109,0,9980469,-0,06316252,-0,03938635,-0,01614161,0,9970952,0,9980469
118714,-0,06272835,-0,01232,-0,01693201,0,9978111,0,9980469,-0,06316347,-0,03938483,-0,01611783,0,9970955,0,9980469
118728,-0,06272885,-0,01231759,-0,01689371,0,9978116,0,9980469,-0,06316523,-0,03938197,-0,0160727,0,9970963,0,9980469
118742,-0,0621026,-0,01270264,-0,01680525,0,9978474,0,9980469,-0,06252833,-0,03976601,-0,01598149,0,9971226,0,9980469
118756,-0,06210538,-0,01268912,-0,01658788,0,9978511,0,9980469,-0,06253459,-0,03975622,-0,01582523,0,9971251,0,9980469
118770,-0,06264062,-0,01294895,-0,01660435,0,9978141,0,9980469,-0,06305835,-0,04001994,-0,01590098,0,9970804,0,9980469
118784,-0,0626348,-0,01297712,-0,01705309,0,9978066,0,9980469,-0,063041,-0,04004728,-0,01633307,0,9970734,0,9980469
118798,-0,06173687,-0,01277094,-0,01772553,0,9978535,0,9980469,-0,06212416,-0,03983622,-0,01693221,0,9971293,0,9980469
118812,-0,06172708,-0,01281813,-0,01848831,0,9978396,0,9980469,-0,06209495,-0,0398817,-0,01766237,0,9971168,0,9980469
118826,-0,06171757,-0,01286384,-0,01922731,0,9978256,0,9980469,-0,06206516,-0,03992806,-0,01840699,0,9971033,0,9980469
118839,-0,0645211,-0,01232193,-0,01985127,0,9976429,0,9980469,-0,06489309,-0,03939521,-0,01913088,0,9969309,0,9980469
118854,-0,06451176,-0,01237057,-0,02060347,0,9976276,0,9980469,-0,06486331,-0,03944418,-0,01988355,0,9969161,0,9980469
118867,-0,06096212,-0,01178331,-0,02156511,0,9978375,0,9980469,-0,0613712,-0,03884465,-0,02070912,0,9971439,0,9980469
118881,-0,06095589,-0,01181558,-0,02209328,0,997826,0,9980469,-0,06135324,-0,03887305,-0,02117057,0,9971341,0,9980469
118895,-0,06095526,-0,0118189,-0,02214764,0,9978248,0,9980469,-0,06135343,-0,03887276,-0,02116563,0,9971342,0,9980469
118909,-0,0632822,-0,01189451,-0,02195602,0,9976833,0,9980469,-0,06377508,-0,03894997,-0,02100782,0,9969827,0,9980469
118923,-0,06328424,-0,01188357,-0,02178358,0,997687,0,9980469,-0,06378161,-0,03893923,-0,02084003,0,9969861,0,9980469
118937,-0,06476998,-0,01530329,-0,02140171,0,9975534,0,9980469,-0,06530713,-0,04235864,-0,020534,0,9967543,0,9980469
118951,-0,06477418,-0,0152855,-0,02112774,0,9975592,0,9980469,-0,06531705,-0,04234332,-0,02030021,0,9967591,0,9980469
118965,-0,06519392,-0,0151661,-0,0208569,0,9975394,0,9980469,-0,06573742,-0,04222669,-0,02006487,0,9967412,0,9980469
118979,-0,06519668,-0,01515425,-0,02067567,0,9975433,0,9980469,-0,06574494,-0,042215,-0,01988767,0,9967447,0,9980469
118993,-0,06519784,-0,01514931,-0,02060003,0,9975448,0,9980469,-0,0657488,-0,04220895,-0,01979604,0,9967466,0,9980469
119007,-0,06455073,-0,01622003,-0,02051312,0,9975718,0,9980469,-0,06507552,-0,04327613,-0,01968123,0,9967473,0,9980469
119020,-0,06455146,-0,01621715,-0,02046863,0,9975728,0,9980469,-0,06507688,-0,04327413,-0,01965065,0,9967478,0,9980469
119034,-0,06300181,-0,01383563,-0,02044219,0,9977082,0,9980469,-0,06352262,-0,0408942,-0,01960338,0,9969494,0,9980469
119048,-0,06300198,-0,01383485,-0,02042975,0,9977084,0,9980469,-0,06352387,-0,04089227,-0,01957298,0,9969501,0,9980469
119062,-0,06317322,-0,0147741,-0,02022591,0,9976884,0,9980469,-0,06368914,-0,04182645,-0,01930724,0,996906,0,9980469
119076,-0,06317648,-0,01476013,-0,0200052,0,9976928,0,9980469,-0,06370005,-0,04180985,-0,01904743,0,996911,0,9980469
119090,-0,06317554,-0,01476424,-0,02007004,0,9976915,0,9980469,-0,06369838,-0,04181243,-0,01908769,0,9969103,0,9980469
119104,-0,06413881,-0,01325366,-0,02002102,0,9976521,0,9980469,-0,0646529,-0,04030679,-0,0190654,0,9969111,0,9980469
119118,-0,0641427,-0,0132348,-0,01972751,0,9976581,0,9980469,-0,06466481,-0,04028773,-0,01877124,0,9969168,0,9980469
119132,-0,06776948,-0,01222912,-0,01980207,0,9974295,0,9980469,-0,06827639,-0,03929312,-0,01893973,0,9967125,0,9980469
119146,-0,06777187,-0,0122159,-0,01960755,0,9974334,0,9980469,-0,06828371,-0,03928033,-0,01875338,0,9967159,0,9980469
119160,-0,06777772,-0,01218349,-0,01913042,0,9974427,0,9980469,-0,06830127,-0,03924982,-0,01830779,0,9967243,0,9980469
119174,-0,06929623,-0,01111223,-0,01871578,0,9973586,0,9980469,-0,06981783,-0,03818474,-0,01793856,0,9966673,0,9980469
119187,-0,06929806,-0,01110111,-0,01855564,0,9973617,0,9980469,-0,06982522,-0,03817128,-0,0177461,0,9966708,0,9980469
119201,-0,06909923,-0,01287836,-0,01828345,0,9973592,0,9980469,-0,0695924,-0,03994427,-0,01743402,0,996623,0,9980469
119215,-0,06910162,-0,01286561,-0,01809936,0,9973624,0,9980469,-0,0696004,-0,03993034,-0,01723421,0,9966264,0,9980469
119229,-0,07004496,-0,01430585,-0,01793125,0,9972801,0,9980469,-0,07050621,-0,04137256,-0,01709407,0,9965064,0,9980469
119243,-0,07004654,-0,014298,-0,01781951,0,997282,0,9980469,-0,07051026,-0,04136563,-0,01699633,0,9965081,0,9980469
119257,-0,07004979,-0,01428223,-0,01759495,0,9972861,0,9980469,-0,07051947,-0,04134995,-0,01677446,0,9965119,0,9980469
119271,-0,06948024,-0,01574479,-0,01720351,0,9973108,0,9980469,-0,0699314,-0,04280843,-0,01635458,0,9964988,0,9980469
119285,-0,06948254,-0,01573473,-0,01705915,0,9973133,0,9980469,-0,06993983,-0,04279464,-0,01615826,0,9965019,0,9980469
119299,-0,0697625,-0,01642595,-0,01698742,0,9972838,0,9980469,-0,07019523,-0,0434831,-0,01604433,0,996456,0,9980469
119312,-0,06976119,-0,01643158,-0,01706792,0,9972824,0,9980469,-0,07019328,-0,04348619,-0,01608844,0,9964553,0,9980469
119327,-0,06976397,-0,01641968,-0,01689786,0,9972852,0,9980469,-0,0702012,-0,04347345,-0,01590741,0,9964581,0,9980469
119340,-0,0687997,-0,01635876,-0,01662423,0,997358,0,9980469,-0,06922692,-0,04341162,-0,01562182,0,9965336,0,9980469
119354,-0,06880105,-0,01635315,-0,01654288,0,9973592,0,9980469,-0,06922925,-0,04340784,-0,01556759,0,9965344,0,9980469
119368,-0,0718535,-0,01618716,-0,01639923,0,9971489,0,9980469,-0,07226664,-0,04325368,-0,01553885,0,996326,0,9980469
119382,-0,07185525,-0,01617951,-0,01629301,0,9971508,0,9980469,-0,07227074,-0,04324682,-0,01544439,0,9963274,0,9980469
119396,-0,07009761,-0,01694627,-0,01617485,0,9972651,0,9980469,-0,07049701,-0,04400752,-0,01527644,0,9964238,0,9980469
119410,-0,07009722,-0,01694786,-0,0161974,0,9972649,0,9980469,-0,07049707,-0,04400743,-0,01527522,0,9964238,0,9980469
119424,-0,0700964,-0,01695123,-0,01624553,0,997264,0,9980469,-0,07049702,-0,04400747,-0,01527577,0,9964238,0,9980469
119437,-0,07116574,-0,01686952,-0,01623724,0,9971897,0,9980469,-0,07155579,-0,04392731,-0,01527041,0,996352,0,9980469
119451,-0,07116804,-0,01685987,-0,01610192,0,9971919,0,9980469,-0,07156229,-0,04391675,-0,01512341,0,9963542,0,9980469
119465,-0,07145646,-0,01741415,-0,01598177,0,9971638,0,9980469,-0,07184653,-0,04447039,-0,01500049,0,9963109,0,9980469
119479,-0,07145789,-0,01740831,-0,01590027,0,9971651,0,9980469,-0,07185089,-0,04446338,-0,01490329,0,9963125,0,9980469
119493,-0,07145772,-0,01740893,-0,01590892,0,9971648,0,9980469,-0,07185119,-0,04446292,-0,01489687,0,9963126,0,9980469
119507,-0,07219746,-0,01755122,-0,0159068,0,9971091,0,9980469,-0,07258083,-0,04460593,-0,01489454,0,9962533,0,9980469
119521,-0,07219766,-0,01755057,-0,01589758,0,9971094,0,9980469,-0,07258178,-0,0446044,-0,01487317,0,9962536,0,9980469
119535,-0,07094179,-0,01990799,-0,01576911,0,9971571,0,9980469,-0,07131407,-0,04695328,-0,01469607,0,9962399,0,9980469
119549,-0,07094285,-0,01990431,-0,01571725,0,9971581,0,9980469,-0,07131794,-0,04694747,-0,01461454,0,9962411,0,9980469
119563,-0,07165763,-0,0199361,-0,01577205,0,9971054,0,9980469,-0,07202841,-0,04697865,-0,01465202,0,996188,0,9980469
119576,-0,07165856,-0,01993273,-0,01572515,0,9971061,0,9980469,-0,07203254,-0,04697228,-0,014564,0,9961892,0,9980469
119590,-0,07165878,-0,01993188,-0,01571329,0,9971063,0,9980469,-0,07203457,-0,04696918,-0,01452115,0,9961898,0,9980469
119604,-0,07391581,-0,01846254,-0,01579685,0,9969686,0,9980469,-0,07429131,-0,04550699,-0,01464199,0,9960902,0,9980469
119618,-0,07391637,-0,01846026,-0,01576615,0,996969,0,9980469,-0,07429372,-0,04550307,-0,01458941,0,9960909,0,9980469
119632,-0,07523942,-0,01752009,-0,01581248,0,9968863,0,9980469,-0,07561621,-0,04456659,-0,01464902,0,9960329,0,9980469
119646,-0,07523929,-0,01752047,-0,01581766,0,9968861,0,9980469,-0,07561678,-0,0445656,-0,01463618,0,9960331,0,9980469
119660,-0,07523758,-0,01752791,-0,01591622,0,9968846,0,9980469,-0,07561328,-0,04457152,-0,01471429,0,9960319,0,9980469
119674,-0,07287626,-0,01811781,-0,01601263,0,9970479,0,9980469,-0,07324808,-0,04515289,-0,0147291,0,9961823,0,9980469
119688,-0,0728709,-0,01813921,-0,01630554,0,9970431,0,9980469,-0,07323549,-0,04517327,-0,01500622,0,9961781,0,9980469
119701,-0,07376573,-0,0175267,-0,01636693,0,9969872,0,9980469,-0,07413885,-0,04456308,-0,01507574,0,9961377,0,9980469
119715,-0,07376617,-0,01752494,-0,016343,0,9969877,0,9980469,-0,07414075,-0,04455996,-0,01503368,0,9961384,0,9980469
119729,-0,0737683,-0,01751584,-0,01622019,0,9969896,0,9980469,-0,07414713,-0,04454923,-0,01488993,0,9961405,0,9980469
119743,-0,07457712,-0,01875008,-0,01612002,0,9969086,0,9980469,-0,07496631,-0,04578263,-0,01479776,0,9960245,0,9980469
119757,-0,07457648,-0,01875279,-0,01615616,0,9969082,0,9980469,-0,07496533,-0,04578428,-0,01481939,0,9960244,0,9980469
119771,-0,0708139,-0,02066415,-0,01585811,0,9971495,0,9980469,-0,07120736,-0,04768197,-0,01441223,0,996217,0,9980469
119785,-0,07081963,-0,02064457,-0,01558237,0,9971538,0,9980469,-0,07122061,-0,04766219,-0,01413542,0,996221,0,9980469
119799,-0,07141013,-0,02040024,-0,01536208,0,9971201,0,9980469,-0,07180957,-0,04741947,-0,0139349,0,9961932,0,9980469
119813,-0,07141266,-0,02039136,-0,01523832,0,9971221,0,9980469,-0,07181493,-0,04741129,-0,01382167,0,9961947,0,9980469
119827,-0,07141498,-0,02038326,-0,01512508,0,9971238,0,9980469,-0,07181937,-0,04740459,-0,01372846,0,996196,0,9980469
119840,-0,07152566,-0,01946218,-0,01514213,0,9971339,0,9980469,-0,07191151,-0,04648608,-0,01375968,0,9962322,0,9980469
119854,-0,07152614,-0,01946042,-0,01511757,0,9971343,0,9980469,-0,0719123,-0,04648486,-0,01374288,0,9962324,0,9980469
119868,-0,07126321,-0,01688776,-0,01534735,0,9971965,0,9980469,-0,07163788,-0,04391648,-0,01397278,0,9963654,0,9980469
119882,-0,07126091,-0,01689756,-0,01548459,0,9971945,0,9980469,-0,07163139,-0,04392704,-0,01411984,0,9963635,0,9980469
119896,-0,07111321,-0,01678667,-0,01576674,0,9972025,0,9980469,-0,0714745,-0,04381718,-0,01441132,0,9963753,0,9980469
119910,-0,07110945,-0,01680264,-0,01599075,0,9971989,0,9980469,-0,07146405,-0,04383423,-0,01464903,0,996372,0,9980469
119924,-0,07110566,-0,01681863,-0,01621499,0,9971952,0,9980469,-0,0714538,-0,04385095,-0,01488208,0,9963685,0,9980469
119937,-0,07116106,-0,01743362,-0,01642038,0,9971774,0,9980469,-0,07152003,-0,04446569,-0,01509304,0,9963332,0,9980469
119951,-0,07116003,-0,01743781,-0,0164792,0,9971764,0,9980469,-0,07151736,-0,04446992,-0,01515213,0,9963323,0,9980469
119965,-0,07075419,-0,01771963,-0,01655807,0,9971991,0,9980469,-0,07113524,-0,04475014,-0,01521583,0,9963463,0,9980469
119979,-0,07075285,-0,01772493,-0,01663285,0,9971978,0,9980469,-0,0711324,-0,04475467,-0,01527938,0,9963453,0,9980469
119993,-0,07074755,-0,01774586,-0,0169281,0,9971927,0,9980469,-0,07111997,-0,04477432,-0,01555495,0,9963409,0,9980469
120007,-0,07071301,-0,01828305,-0,01700561,0,9971843,0,9980469,-0,07109971,-0,04531023,-0,01562448,0,996317,0,9980469
120021,-0,07071149,-0,0182889,-0,01708801,0,9971828,0,9980469,-0,07109606,-0,04531589,-0,01570401,0,9963158,0,9980469
120035,-0,06953912,-0,02190965,-0,01705856,0,9971927,0,9980469,-0,06992994,-0,04892718,-0,01563866,0,9962286,0,9980469
120048,-0,06953672,-0,02191735,-0,01716897,0,9971909,0,9980469,-0,06992467,-0,04893478,-0,01574661,0,996227,0,9980469
120062,-0,07224438,-0,02198796,-0,01731543,0,9969943,0,9980469,-0,07264169,-0,04901223,-0,01597273,0,9960251,0,9980469
120076,-0,0722426,-0,02199378,-0,01739566,0,9969929,0,9980469,-0,07263747,-0,04901851,-0,01605883,0,9960238,0,9980469
120090,-0,07224116,-0,02199842,-0,01745988,0,9969917,0,9980469,-0,0726338,-0,04902386,-0,01613247,0,9960225,0,9980469
120104,-0,06867141,-0,01698592,-0,0176579,0,9973385,0,9980469,-0,06909918,-0,04401137,-0,01624423,0,9965062,0,9980469
120118,-0,06867163,-0,01698501,-0,01764471,0,9973388,0,9980469,-0,06909965,-0,04401064,-0,01623365,0,9965063,0,9980469
120132,-0,06847532,-0,01722485,-0,01759472,0,997349,0,9980469,-0,06891299,-0,04425019,-0,0161863,0,9965094,0,9980469
120146,-0,06847589,-0,01722267,-0,01756294,0,9973496,0,9980469,-0,06891411,-0,0442485,-0,01616163,0,9965099,0,9980469
120160,-0,06847686,-0,01721884,-0,01750707,0,9973506,0,9980469,-0,06891605,-0,04424544,-0,01611754,0,9965106,0,9980469
120173,-0,06828161,-0,01940025,-0,01724037,0,9973286,0,9980469,-0,06871989,-0,04642349,-0,0158467,0,9964294,0,9980469
120187,-0,06828264,-0,01939661,-0,01718727,0,9973294,0,9980469,-0,06872224,-0,04642,-0,01579618,0,9964302,0,9980469
120201,-0,07149474,-0,01966844,-0,01708321,0,9971008,0,9980469,-0,07192725,-0,04670003,-0,01578659,0,9961909,0,9980469
120215,-0,07149611,-0,01966343,-0,01701344,0,997102,0,9980469,-0,07193034,-0,04669526,-0,01572054,0,996192,0,9980469
120229,-0,07170799,-0,01979804,-0,01692235,0,9970856,0,9980469,-0,0721326,-0,04683077,-0,01563898,0,9961724,0,9980469
120243,-0,07170948,-0,01979271,-0,01684813,0,9970869,0,9980469,-0,07213642,-0,04682487,-0,01555774,0,9961737,0,9980469
120257,-0,07171203,-0,01978343,-0,01671908,0,9970891,0,9980469,-0,07214266,-0,04681528,-0,01542519,0,9961756,0,9980469
120271,-0,07110966,-0,01807282,-0,01670213,0,9971649,0,9980469,-0,07153739,-0,04510495,-0,01538245,0,9962988,0,9980469
120285,-0,07111186,-0,01806432,-0,01658262,0,997167,0,9980469,-0,07154319,-0,0450958,-0,01525484,0,9963009,0,9980469
120299,-0,07262054,-0,01807647,-0,01657564,0,9970581,0,9980469,-0,07303685,-0,04511111,-0,01527915,0,9961914,0,9980469
120312,-0,0726196,-0,01808027,-0,01662783,0,9970573,0,9980469,-0,07303487,-0,04511442,-0,01532407,0,9961907,0,9980469
120326,-0,07262006,-0,01807854,-0,01660392,0,9970577,0,9980469,-0,07303622,-0,04511222,-0,01529413,0,9961913,0,9980469
120340,-0,07291067,-0,0169651,-0,01679469,0,9970528,0,9980469,-0,07331708,-0,04400079,-0,01549003,0,9962172,0,9980469
120354,-0,07290965,-0,0169695,-0,01685473,0,9970517,0,9980469,-0,07331417,-0,04400568,-0,01555625,0,9962162,0,9980469
120368,-0,07489407,-0,01476273,-0,01706734,0,9969363,0,9980469,-0,07530016,-0,04180771,-0,01583453,0,9961584,0,9980469
120382,-0,07489569,-0,01475409,-0,01695245,0,9969381,0,9980469,-0,07530475,-0,04179934,-0,01572415,0,99616,0,9980469
120396,-0,07671346,-0,01436434,-0,0168513,0,9968073,0,9980469,-0,07712911,-0,04141557,-0,01567902,0,9960372,0,9980469
120410,-0,07671471,-0,01435771,-0,01676509,0,9968088,0,9980469,-0,07713243,-0,0414094,-0,01559919,0,9960385,0,9980469
120423,-0,07671399,-0,01436152,-0,01681464,0,9968079,0,9980469,-0,07713013,-0,04141378,-0,01565563,0,9960377,0,9980469
120437,-0,07647986,-0,01442657,-0,01691345,0,9968234,0,9980469,-0,0768864,-0,0414786,-0,01575373,0,9960523,0,9980469
120451,-0,07648153,-0,01441768,-0,01679756,0,9968253,0,9980469,-0,07689083,-0,04147037,-0,01564713,0,9960539,0,9980469
120465,-0,07605679,-0,01506884,-0,01643804,0,9968541,0,9980469,-0,07647265,-0,04212029,-0,01528902,0,9960642,0,9980469
120479,-0,0760601,-0,01505219,-0,01621977,0,9968578,0,9980469,-0,07648154,-0,04210424,-0,0150798,0,9960676,0,9980469
120493,-0,0760632,-0,01503641,-0,01601295,0,996861,0,9980469,-0,07649011,-0,04208861,-0,01487624,0,9960705,0,9980469
120507,-0,07459891,-0,01618556,-0,01569115,0,9969589,0,9980469,-0,07501447,-0,04323238,-0,01451783,0,9961392,0,9980469
120521,-0,0746033,-0,01616513,-0,01541822,0,9969631,0,9980469,-0,07502615,-0,04321209,-0,01424837,0,996143,0,9980469
120535,-0,0743381,-0,0173869,-0,01511971,0,996967,0,9980469,-0,07473697,-0,04443199,-0,01394607,0,9961155,0,9980469
120548,-0,07433936,-0,01738145,-0,01504663,0,996968,0,9980469,-0,07473981,-0,04442715,-0,01388163,0,9961162,0,9980469
120562,-0,07434003,-0,01737857,-0,01500807,0,9969686,0,9980469,-0,07474096,-0,0444252,-0,01385591,0,9961166,0,9980469
120576,-0,07411715,-0,01748408,-0,01492485,0,9969847,0,9980469,-0,07449117,-0,04453118,-0,01377644,0,9961317,0,9980469
120590,-0,0741176,-0,01748209,-0,01489814,0,996985,0,9980469,-0,07449193,-0,04452991,-0,01375945,0,996132,0,9980469
120604,-0,07596637,-0,01759014,-0,0148491,0,9968447,0,9980469,-0,07632328,-0,04464411,-0,013767,0,9959882,0,9980469
120618,-0,07596815,-0,01758229,-0,0147462,0,9968462,0,9980469,-0,07632764,-0,04463658,-0,01366905,0,9959895,0,9980469
120632,-0,07557793,-0,01808438,-0,01461651,0,9968688,0,9980469,-0,07592916,-0,04513703,-0,01353079,0,9959993,0,9980469
120646,-0,07557748,-0,01808614,-0,01463988,0,9968683,0,9980469,-0,07592786,-0,04513916,-0,01355887,0,9959987,0,9980469
120660,-0,0755754,-0,0180949,-0,01475528,0,9968667,0,9980469,-0,07592268,-0,04514793,-0,01367374,0,9959973,0,9980469
120673,-0,07268515,-0,01816381,-0,01480279,0,9970798,0,9980469,-0,07302651,-0,0452085,-0,01364291,0,9962115,0,9980469
120687,-0,07268582,-0,01816106,-0,01476512,0,9970802,0,9980469,-0,07302821,-0,04520566,-0,01360454,0,996212,0,9980469
120701,-0,07258441,-0,01787417,-0,01476043,0,997093,0,9980469,-0,07293115,-0,04491908,-0,0136003,0,9962322,0,9980469
120715,-0,07258421,-0,01787478,-0,01476896,0,9970928,0,9980469,-0,0729305,-0,04492011,-0,01361451,0,9962319,0,9980469
120729,-0,07366107,-0,01784169,-0,01483632,0,9970135,0,9980469,-0,0740049,-0,04489047,-0,01371574,0,9961527,0,9980469
120743,-0,07365999,-0,01784624,-0,01489787,0,9970125,0,9980469,-0,07400183,-0,04489549,-0,01378335,0,9961518,0,9980469
120757,-0,07365911,-0,01784986,-0,01494683,0,9970119,0,9980469,-0,07399957,-0,04489927,-0,0138342,0,9961511,0,9980469
120771,-0,07472386,-0,01791636,-0,01500043,0,9969305,0,9980469,-0,07506464,-0,04496867,-0,01391472,0,9960671,0,9980469
120784,-0,07472417,-0,017915,-0,0149823,0,9969308,0,9980469,-0,07506567,-0,044967,-0,01389227,0,9960674,0,9980469
120798,-0,07635703,-0,01817458,-0,0150059,0,996802,0,9980469,-0,07669967,-0,04523126,-0,01396127,0,99593,0,9980469
120812,-0,07635653,-0,01817654,-0,01503156,0,9968017,0,9980469,-0,07669838,-0,04523342,-0,01398942,0,9959295,0,9980469
120826,-0,07635549,-0,0181809,-0,01508844,0,9968008,0,9980469,-0,07669566,-0,0452381,-0,01405009,0,9959288,0,9980469
120840,-0,07462931,-0,01828922,-0,01511079,0,9969292,0,9980469,-0,07497297,-0,0453415,-0,01403,0,9960554,0,9980469
120854,-0,07462844,-0,01829278,-0,01515844,0,9969284,0,9980469,-0,07497053,-0,04534554,-0,01408366,0,9960548,0,9980469
120868,-0,072712,-0,01877779,-0,01512422,0,9970615,0,9980469,-0,07306041,-0,04582462,-0,01400197,0,9961759,0,9980469
120882,-0,07271233,-0,01877643,-0,01510554,0,9970617,0,9980469,-0,07306132,-0,04582318,-0,01398214,0,9961761,0,9980469
120896,-0,07257823,-0,01960668,-0,01506709,0,9970562,0,9980469,-0,07292873,-0,04665175,-0,01394073,0,9961479,0,9980469
120909,-0,07257932,-0,01960273,-0,01501277,0,997057,0,9980469,-0,07293122,-0,04664792,-0,01388838,0,9961488,0,9980469
120923,-0,07257919,-0,01960326,-0,01501997,0,997057,0,9980469,-0,07293078,-0,04664862,-0,01389786,0,9961485,0,9980469
120937,-0,07544571,-0,0194899,-0,01505917,0,9968458,0,9980469,-0,07579284,-0,04654413,-0,01401875,0,9959381,0,9980469
120951,-0,07544492,-0,01949296,-0,01509948,0,9968453,0,9980469,-0,07579065,-0,04654768,-0,01406546,0,9959375,0,9980469
120965,-0,07718809,-0,01873669,-0,01518691,0,9967248,0,9980469,-0,07753196,-0,04579859,-0,0142076,0,9958361,0,9980469
120979,-0,07718707,-0,01874097,-0,01524216,0,996724,0,9980469,-0,07752921,-0,04580325,-0,01426741,0,9958353,0,9980469
120993,-0,07718772,-0,01873822,-0,01520665,0,9967245,0,9980469,-0,07753056,-0,04580099,-0,01423834,0,9958357,0,9980469
121007,-0,07752668,-0,01832864,-0,01524693,0,9967053,0,9980469,-0,0778721,-0,04539336,-0,01429269,0,995827,0,9980469
121020,-0,07752381,-0,01834058,-0,01540056,0,9967028,0,9980469,-0,07786485,-0,0454057,-0,01445089,0,9958246,0,9980469
121034,-0,07671277,-0,01781604,-0,0153421,0,996776,0,9980469,-0,07706068,-0,04487941,-0,01437485,0,9959121,0,9980469
121048,-0,07671501,-0,01780657,-0,01521898,0,996778,0,9980469,-0,07706635,-0,04486974,-0,01424976,0,9959139,0,9980469
121062,-0,07633712,-0,01699352,-0,01519062,0,9968216,0,9980469,-0,07669478,-0,04405659,-0,01421331,0,9959795,0,9980469
121076,-0,07633628,-0,01699737,-0,01524093,0,9968207,0,9980469,-0,0766926,-0,04406039,-0,01426269,0,9959788,0,9980469
121090,-0,07633268,-0,01701342,-0,01545042,0,9968176,0,9980469,-0,07668337,-0,04407647,-0,01447146,0,9959758,0,9980469
121104,-0,07365759,-0,01676395,-0,01557308,0,9970211,0,9980469,-0,07400668,-0,04381939,-0,01452575,0,9961888,0,9980469
121117,-0,07365907,-0,01675742,-0,01548474,0,9970224,0,9980469,-0,07401013,-0,0438136,-0,01444774,0,9961899,0,9980469
121132,-0,07355891,-0,01536786,-0,01539167,0,9970538,0,9980469,-0,07392707,-0,04242643,-0,01436815,0,9962572,0,9980469
121145,-0,07355887,-0,01536806,-0,01539435,0,9970537,0,9980469,-0,07392654,-0,04242727,-0,01437986,0,996257,0,9980469
121160,-0,07355883,-0,01536802,-0,01539395,0,9970537,0,9980469,-0,07392615,-0,04242791,-0,01438868,0,9962568,0,9980469
121173,-0,07877991,-0,01493332,-0,01540522,0,9966612,0,9980469,-0,07914277,-0,04201101,-0,01455004,0,9958715,0,9980469
121187,-0,07878156,-0,01492434,-0,01529163,0,9966629,0,9980469,-0,07914724,-0,04200247,-0,0144429,0,995873,0,9980469
121201,-0,07842442,-0,01727309,-0,01519511,0,9966546,0,9980469,-0,07877474,-0,04434663,-0,01433873,0,9958023,0,9980469
121215,-0,07842497,-0,0172706,-0,01516344,0,9966551,0,9980469,-0,07877576,-0,04434481,-0,01431565,0,9958028,0,9980469
121229,-0,07226607,-0,01847723,-0,01505787,0,9971005,0,9980469,-0,07261452,-0,04553057,-0,01405373,0,9962212,0,9980469
121243,-0,07226588,-0,01847804,-0,01506894,0,9971005,0,9980469,-0,07261339,-0,0455324,-0,01407869,0,9962209,0,9980469
121257,-0,07226536,-0,01847987,-0,01509434,0,9971,0,9980469,-0,07261154,-0,04553536,-0,01411931,0,9962203,0,9980469
121270,-0,0718419,-0,01841545,-0,01510869,0,9971315,0,9980469,-0,07218639,-0,04547082,-0,01413668,0,9962539,0,9980469
121284,-0,07184442,-0,01840554,-0,01497121,0,9971336,0,9980469,-0,0721921,-0,04546177,-0,01401185,0,9962557,0,9980469
121298,-0,07369414,-0,01934906,-0,01494513,0,9969811,0,9980469,-0,0740343,-0,04640965,-0,01404349,0,9960763,0,9980469
121312,-0,07369273,-0,01935442,-0,01501768,0,9969801,0,9980469,-0,07403084,-0,04641513,-0,01411724,0,9960753,0,9980469
121326,-0,0736911,-0,01936071,-0,01510256,0,9969789,0,9980469,-0,07402676,-0,0464217,-0,01420557,0,996074,0,9980469
121340,-0,07666617,-0,01882506,-0,01523128,0,9967628,0,9980469,-0,07699466,-0,04589671,-0,01441427,0,9958703,0,9980469
121354,-0,07666798,-0,01881768,-0,01513533,0,9967643,0,9980469,-0,07699908,-0,04588931,-0,01431845,0,9958717,0,9980469
121368,-0,07304196,-0,01882334,-0,01498168,0,9970387,0,9980469,-0,07338582,-0,04588319,-0,01406674,0,9961482,0,9980469
121381,-0,07304242,-0,01882164,-0,01495842,0,997039,0,9980469,-0,0733869,-0,04588152,-0,01404393,0,9961486,0,9980469
121395,-0,07304226,-0,01882234,-0,01496796,0,997039,0,9980469,-0,07338636,-0,04588242,-0,0140559,0,9961485,0,9980469
121409,-0,07351291,-0,01879598,-0,01494049,0,9970053,0,9980469,-0,07385354,-0,0458573,-0,01403725,0,9961153,0,9980469
121423,-0,07351253,-0,01879744,-0,01496027,0,9970049,0,9980469,-0,07385282,-0,04585843,-0,01405265,0,9961151,0,9980469
121437,-0,07349184,-0,01803433,-0,01505449,0,9970191,0,9980469,-0,07383096,-0,04509658,-0,01414454,0,9961504,0,9980469
121451,-0,07349166,-0,01803509,-0,01506484,0,9970191,0,9980469,-0,0738307,-0,04509707,-0,0141511,0,9961502,0,9980469
121465,-0,07661215,-0,01786465,-0,01518691,0,9967853,0,9980469,-0,07694568,-0,04493685,-0,01435559,0,9959188,0,9980469
121479,-0,07661136,-0,01786805,-0,01523109,0,9967847,0,9980469,-0,07694371,-0,04494013,-0,01439822,0,9959182,0,9980469
121493,-0,07661191,-0,01786585,-0,01520243,0,9967852,0,9980469,-0,07694498,-0,04493798,-0,01437034,0,9959186,0,9980469
