Time_ms,TargetRotX,TargetRotY,LeftRotX,LeftRotY,LeftRotZ,LeftRotW,LeftConfidence,RightRotX,RightRotY,RightRotZ,RightRotW,RightConfidence
33037,0,0,-0,09642573,-0,0003087546,-0,03416648,0,9947536,0,9980469,-0,0973216,-0,02727154,-0,03203776,0,9943633,0,9980469
33051,0,0,-0,09642578,-0,0002888208,-0,03396084,0,9947606,0,9980469,-0,09732725,-0,0272513,-0,03183097,0,99437,0,9980469
33065,0,0,-0,09729443,-0,0002222038,-0,03361449,0,9946878,0,9980469,-0,09819133,-0,0271867,-0,03149907,0,9942974,0,9980469
33079,0,0,-0,09729443,-0,000211945,-0,03350961,0,9946914,0,9980469,-0,09819422,-0,02717622,-0,03139295,0,9943008,0,9980469
33092,0,0,-0,09632759,0,0002011617,-0,03363115,0,9947814,0,9980469,-0,09720912,-0,02676236,-0,03149205,0,9944056,0,9980469
33106,0,0,-0,0963276,0,0001989144,-0,03365436,0,9947805,0,9980469,-0,09720834,-0,0267652,-0,03152111,0,9944047,0,9980469
33120,0,0,-0,09782456,0,0006494902,-0,03371913,0,9946321,0,9980469,-0,09868794,-0,02632212,-0,03163596,0,994267,0,9980469
33134,0,0,-0,09782458,0,000647492,-0,03373946,0,9946315,0,9980469,-0,09868739,-0,02632413,-0,03165625,0,9942664,0,9980469
33149,0,0,-0,09782463,0,0006420098,-0,03379518,0,9946296,0,9980469,-0,09868637,-0,02632811,-0,03169631,0,9942652,0,9980469
33162,0,0,-0,0965671,0,0005551944,-0,03388062,0,9947496,0,9980469,-0,09742716,-0,02640799,-0,0317171,0,9943866,0,9980469
33176,0,0,-0,09656736,0,0005076656,-0,03437022,0,9947328,0,9980469,-0,09741431,-0,02645537,-0,03220072,0,994371,0,9980469
33190,0,0,-0,09732123,0,0005410064,-0,03466689,0,9946491,0,9980469,-0,09816422,-0,02642511,-0,03252375,0,9942876,0,9980469
33204,0,0,-0,09732129,0,000527686,-0,03480303,0,9946443,0,9980469,-0,09816042,-0,02643913,-0,03266582,0,994283,0,9980469
33218,0,0,-0,09732126,0,0005363775,-0,0347142,0,9946474,0,9980469,-0,09816285,-0,02643015,-0,03257482,0,9942859,0,9980469
33232,0,0,-0,09712817,0,0002343811,-0,03444238,0,9946758,0,9980469,-0,09800023,-0,02672986,-0,03230138,0,9943029,0,9980469
33246,0,0,-0,0971281,0,0002606642,-0,03417321,0,994685,0,9980469,-0,09800714,-0,02670446,-0,03204366,0,9943112,0,9980469
33260,0,0,-0,09694695,0,0003771624,-0,0340641,0,9947064,0,9980469,-0,0978357,-0,02658894,-0,03194846,0,9943343,0,9980469
33273,0,0,-0,09694701,0,0003558728,-0,03428254,0,9946989,0,9980469,-0,09782937,-0,02661215,-0,03218437,0,9943265,0,9980469
33287,0,0,-0,09500055,0,002040436,-0,03478381,0,9948673,0,9980469,-0,09587372,-0,0249278,-0,03265687,0,9945454,0,9980469
33301,0,0,-0,09500085,0,002025199,-0,03494336,0,9948617,0,9980469,-0,09586897,-0,02494596,-0,03284522,0,9945393,0,9980469
33316,0,0,-0,09500054,0,002039404,-0,03479461,0,9948668,0,9980469,-0,09587197,-0,02493447,-0,03272602,0,9945431,0,9980469
33329,0,0,-0,09530741,0,002586654,-0,03478846,0,9948366,0,9980469,-0,09619243,-0,02439049,-0,03275045,0,9945248,0,9980469
33343,0,0,-0,09530707,0,002598685,-0,03466288,0,9948409,0,9980469,-0,09619498,-0,02438039,-0,03264602,0,9945282,0,9980469
33357,0,0,-0,09431161,0,002976162,-0,03469922,0,9949334,0,9980469,-0,0952073,-0,02400107,-0,03267037,0,9946317,0,9980469
33371,0,0,-0,09431088,0,002999662,-0,03445131,0,9949421,0,9980469,-0,0952129,-0,02397884,-0,03243815,0,9946393,0,9980469
33385,0,0,-0,09431042,0,003015349,-0,03428584,0,9949479,0,9980469,-0,09521674,-0,02396368,-0,03227973,0,9946445,0,9980469
33399,0,0,-0,09748232,-0,0001093457,-0,03410617,0,9946527,0,9980469,-0,09836167,-0,02709216,-0,03218571,0,9942611,0,9980469
33413,0,0,-0,09748227,-0,0001393561,-0,03441237,0,9946423,0,9980469,-0,09835336,-0,02712245,-0,03249187,0,9942513,0,9980469
33427,0,0,-0,09705614,-0,002658542,-0,03463234,0,9946727,0,9980469,-0,09789654,-0,02963364,-0,03268959,0,9942181,0,9980469
33440,0,0,-0,097056,-0,002662865,-0,03467663,0,9946713,0,9980469,-0,09789544,-0,0296373,-0,03272678,0,9942169,0,9980469
33454,0,0,-0,09664717,-6,142538E-05,-0,03493967,0,9947053,0,9980469,-0,09750895,-0,02704037,-0,032979,0,9943206,0,9980469
33468,0,0,-0,0966472,-5,175825E-05,-0,03484019,0,9947088,0,9980469,-0,0975118,-0,02703015,-0,03287484,0,994324,0,9980469
33482,0,0,-0,0966472,-3,653765E-05,-0,03468353,0,9947142,0,9980469,-0,09751611,-0,02701447,-0,03271507,0,9943292,0,9980469
33496,0,0,-0,09697897,-0,004162812,-0,03438753,0,9946835,0,9980469,-0,09784245,-0,03113024,-0,03242085,0,9941865,0,9980469
33510,0,0,-0,0969788,-0,004167623,-0,03443686,0,9946818,0,9980469,-0,09784075,-0,03113567,-0,03247596,0,9941847,0,9980469
33524,0,0,-0,09561387,0,000274939,-0,03490566,0,9948063,0,9980469,-0,09649169,-0,02670106,-0,03292099,0,9944308,0,9980469
33538,0,0,-0,09561393,0,0002643927,-0,03501541,0,9948024,0,9980469,-0,09648858,-0,02671212,-0,03303505,0,9944271,0,9980469
33552,0,0,-0,09460595,-0,0042608,-0,03478063,0,994898,0,9980469,-0,09546986,-0,03122227,-0,03276905,0,9944029,0,9980469
33566,0,0,-0,0946055,-0,004270352,-0,03488106,0,9948944,0,9980469,-0,09546671,-0,03123196,-0,03286991,0,9943995,0,9980469
33580,0,0,-0,09460519,-0,004277191,-0,03495299,0,9948919,0,9980469,-0,09546437,-0,03123912,-0,0329445,0,994397,0,9980469
33594,0,0,-0,0918054,-0,0001306653,-0,03539789,0,9951477,0,9980469,-0,09269358,-0,02709581,-0,03332772,0,9947678,0,9980469
33608,0,0,-0,09180534,-0,0001431862,-0,0355336,0,9951428,0,9980469,-0,09268954,-0,02710946,-0,03347433,0,994763,0,9980469
33622,0,0,-0,09434005,-0,004557725,-0,03526198,0,9949051,0,9980469,-0,09521209,-0,03152066,-0,03327227,0,9944014,0,9980469
33635,0,0,-0,09433991,-0,004559661,-0,03528243,0,9949043,0,9980469,-0,09521098,-0,03152406,-0,03330764,0,9944003,0,9980469
33649,0,0,-0,09433957,-0,004567583,-0,03536593,0,9949014,0,9980469,-0,09520812,-0,03153273,-0,0333982,0,9943973,0,9980469
33663,0,0,-0,09560553,-0,0035912,-0,03541656,0,9947827,0,9980469,-0,09648679,-0,03056357,-0,03349078,0,9943012,0,9980469
33677,0,0,-0,09560555,-0,003590666,-0,03541099,0,9947829,0,9980469,-0,09648683,-0,03056344,-0,03348928,0,9943012,0,9980469
33691,0,0,-0,09522602,-0,003489241,-0,03534472,0,994822,0,9980469,-0,09611759,-0,03046058,-0,03341385,0,9943427,0,9980469
33705,0,0,-0,09522633,-0,003480447,-0,03525284,0,9948252,0,9980469,-0,09612036,-0,03045175,-0,03332265,0,9943457,0,9980469
33719,0,0,-0,09562718,-0,003228614,-0,03527433,0,9947869,0,9980469,-0,09652033,-0,03020084,-0,03334936,0,9943137,0,9980469
33733,0,0,-0,09562727,-0,003224342,-0,03522988,0,9947885,0,9980469,-0,09652197,-0,03019561,-0,03329545,0,9943154,0,9980469
33747,0,0,-0,09562665,-0,003241945,-0,03541299,0,994782,0,9980469,-0,09651714,-0,03021098,-0,03345378,0,9943103,0,9980469
33761,0,0,-0,0956424,-0,001992919,-0,03560187,0,994777,0,9980469,-0,09653229,-0,02896301,-0,03362242,0,9943402,0,9980469
33775,0,0,-0,09564205,-0,002009418,-0,03577347,0,9947708,0,9980469,-0,0965283,-0,02897638,-0,03376012,0,9943355,0,9980469
33789,0,0,-0,09596926,0,004047012,-0,03641344,0,9947099,0,9980469,-0,09687915,-0,0229313,-0,03438525,0,9944378,0,9980469
33803,0,0,-0,09596951,0,004040326,-0,03648274,0,9947073,0,9980469,-0,09687847,-0,02293424,-0,03441542,0,9944367,0,9980469
33817,0,0,-0,09597065,0,004012794,-0,03676808,0,9946968,0,9980469,-0,09687247,-0,02295926,-0,03467241,0,9944277,0,9980469
33830,0,0,-0,0970481,0,004297629,-0,0369815,0,9945831,0,9980469,-0,09795974,-0,02267653,-0,03490063,0,9943197,0,9980469
33844,0,0,-0,09704811,0,004297312,-0,03698475,0,994583,0,9980469,-0,09795996,-0,02267581,-0,03489333,0,99432,0,9980469
33858,0,0,-0,09277494,0,004124544,-0,03687562,0,9949955,0,9980469,-0,0937188,-0,02283434,-0,03466683,0,994733,0,9980469
33872,0,0,-0,09277455,0,004133509,-0,03677947,0,9949991,0,9980469,-0,09372113,-0,02282479,-0,03456545,0,9947367,0,9980469
33886,0,0,-0,09361614,0,001396205,-0,03641418,0,9949413,0,9980469,-0,09456491,-0,02555908,-0,03422135,0,994602,0,9980469
33900,0,0,-0,0936162,0,001392901,-0,03644928,0,9949401,0,9980469,-0,0945642,-0,02556196,-0,03425139,0,9946011,0,9980469
33914,0,0,-0,09361661,0,001364577,-0,0367503,0,994929,0,9980469,-0,09455679,-0,02558937,-0,03453971,0,9945911,0,9980469
33928,0,0,-0,0942055,-0,0002660453,-0,03678108,0,9948731,0,9980469,-0,09513221,-0,02721675,-0,03456441,0,9944921,0,9980469
33942,0,0,-0,09420551,-0,0002701464,-0,03682441,0,9948716,0,9980469,-0,09513184,-0,02721794,-0,03457686,0,9944917,0,9980469
33956,0,0,-0,09466294,-0,0002516764,-0,03677724,0,9948298,0,9980469,-0,09559999,-0,02719783,-0,03451494,0,9944496,0,9980469
33969,0,0,-0,09466293,-0,0002673306,-0,03694176,0,9948238,0,9980469,-0,09559616,-0,02721114,-0,03465338,0,9944447,0,9980469
33984,0,0,-0,09466287,-0,0002859756,-0,03713768,0,9948165,0,9980469,-0,09559133,-0,02722825,-0,03483132,0,9944384,0,9980469
33998,0,0,-0,09567029,-0,0004593409,-0,03730739,0,9947136,0,9980469,-0,09660079,-0,02740251,-0,03501607,0,9943296,0,9980469
34011,0,0,-0,09567031,-0,0004630708,-0,03734618,0,9947122,0,9980469,-0,09659995,-0,0274055,-0,03504695,0,9943284,0,9980469
34025,0,0,-0,0951662,-0,0003593997,-0,03734874,0,9947604,0,9980469,-0,09611359,-0,0272977,-0,03501948,0,9943796,0,9980469
34039,0,0,-0,09516622,-0,000371688,-0,0374772,0,9947557,0,9980469,-0,09611085,-0,02730748,-0,03512057,0,994376,0,9980469
34053,0,0,-0,0957692,5,833618E-05,-0,03795791,0,9946796,0,9980469,-0,0967154,-0,02687686,-0,03559252,0,9943123,0,9980469
34067,0,0,-0,09576923,9,954907E-06,-0,03846042,0,9946603,0,9980469,-0,09670256,-0,026923,-0,03606685,0,9942954,0,9980469
34082,0,0,-0,09576923,8,808449E-06,-0,03847233,0,9946599,0,9980469,-0,09670318,-0,02692078,-0,03604404,0,994296,0,9980469
34095,0,0,-0,0966338,0,001527919,-0,03841603,0,9945772,0,9980469,-0,09760236,-0,02540264,-0,03598122,0,9942504,0,9980469
34109,0,0,-0,09663354,0,001542946,-0,03826136,0,9945832,0,9980469,-0,09760718,-0,02538419,-0,03579316,0,9942572,0,9980469
34123,0,0,-0,09742311,0,001687568,-0,03810259,0,994512,0,9980469,-0,09842073,-0,02523898,-0,03563606,0,9941864,0,9980469
34137,0,0,-0,09742332,0,001675312,-0,03822769,0,9945072,0,9980469,-0,09841821,-0,02524902,-0,03573741,0,9941827,0,9980469
34151,0,0,-0,0974237,0,001655161,-0,03843341,0,9944994,0,9980469,-0,09841313,-0,02526873,-0,03593642,0,9941756,0,9980469
34164,0,0,-0,09540987,-0,002635939,-0,03818802,0,9947019,0,9980469,-0,09638797,-0,02954318,-0,03562464,0,9942673,0,9980469
34178,0,0,-0,09540974,-0,00264079,-0,03823862,0,9946999,0,9980469,-0,09638663,-0,02954766,-0,03567075,0,9942657,0,9980469
34193,0,0,-0,0955881,-0,005644743,-0,03798984,0,9946797,0,9980469,-0,0965634,-0,03254271,-0,03542018,0,994164,0,9980469
34206,0,0,-0,09558753,-0,005654655,-0,03809301,0,9946759,0,9980469,-0,09656013,-0,03255241,-0,03552004,0,9941604,0,9980469
34220,0,0,-0,09263777,-0,006297067,-0,03813191,0,9949496,0,9980469,-0,09362597,-0,03318641,-0,03548672,0,9944212,0,9980469
34234,0,0,-0,09263622,-0,006319926,-0,03837742,0,9949402,0,9980469,-0,09361705,-0,03321141,-0,03575239,0,9944118,0,9980469
34249,0,0,-0,09263521,-0,006334766,-0,03853678,0,994934,0,9980469,-0,09361101,-0,03322859,-0,03593473,0,9944051,0,9980469
34262,0,0,-0,09259813,-0,006231476,-0,03870371,0,9949316,0,9980469,-0,09358247,-0,03312729,-0,03611635,0,9944047,0,9980469
34276,0,0,-0,09259819,-0,006229956,-0,03868739,0,9949322,0,9980469,-0,0935825,-0,03312723,-0,03611578,0,9944047,0,9980469
34290,0,0,-0,09123952,-0,00609002,-0,0386663,0,9950594,0,9980469,-0,09224658,-0,03298523,-0,03607053,0,9945359,0,9980469
34304,0,0,-0,09124049,-0,006075361,-0,03850639,0,9950656,0,9980469,-0,09225157,-0,03297129,-0,03592028,0,9945413,0,9980469
34318,0,0,-0,09124203,-0,00605217,-0,03825351,0,9950753,0,9980469,-0,09225969,-0,03294853,-0,03567494,0,9945501,0,9980469
34332,0,0,-0,09180085,-0,005833905,-0,037946,0,9950372,0,9980469,-0,09283236,-0,03273194,-0,0353886,0,9945142,0,9980469
34346,0,0,-0,09180175,-0,005819701,-0,03779204,0,995043,0,9980469,-0,09283721,-0,03271822,-0,03524158,0,9945195,0,9980469
34359,0,0,-0,09134603,-0,005566117,-0,03776975,0,9950871,0,9980469,-0,09236953,-0,03246532,-0,03521796,0,994572,0,9980469
34373,0,0,-0,0913463,-0,005562269,-0,03772781,0,9950888,0,9980469,-0,09237041,-0,03246292,-0,03519202,0,9945731,0,9980469
34388,0,0,-0,09350225,-0,005207232,-0,03757506,0,9948961,0,9980469,-0,0945055,-0,03211484,-0,03510375,0,9943869,0,9980469
34401,0,0,-0,09350265,-0,005200099,-0,03749914,0,994899,0,9980469,-0,09450763,-0,03210858,-0,03503788,0,9943892,0,9980469
34416,0,0,-0,09350308,-0,005192708,-0,03742053,0,994902,0,9980469,-0,09451023,-0,03210078,-0,03495592,0,994392,0,9980469
34429,0,0,-0,09307893,-0,005124596,-0,03733936,0,9949453,0,9980469,-0,09407419,-0,03203097,-0,03485135,0,9944394,0,9980469
34443,0,0,-0,09307809,-0,005138753,-0,0374907,0,9949394,0,9980469,-0,09406936,-0,03204502,-0,03500006,0,9944341,0,9980469
34457,0,0,-0,09291236,-0,004900561,-0,03772725,0,9949474,0,9980469,-0,09388691,-0,03180866,-0,03523339,0,9944507,0,9980469
34471,0,0,-0,09291311,-0,004886542,-0,03757716,0,994953,0,9980469,-0,09389154,-0,03179497,-0,03508822,0,9944558,0,9980469
34485,0,0,-0,09387039,-0,004646964,-0,03741814,0,9948702,0,9980469,-0,09485319,-0,03156012,-0,03496349,0,9943764,0,9980469
34499,0,0,-0,09387132,-0,004627899,-0,03721608,0,9948777,0,9980469,-0,09485932,-0,03154166,-0,03477012,0,9943832,0,9980469
34513,0,0,-0,09387249,-0,004604346,-0,03696647,0,9948872,0,9980469,-0,09486698,-0,03151865,-0,03452885,0,9943916,0,9980469
34527,0,0,-0,096669,-0,004940832,-0,03670201,0,9946274,0,9980469,-0,09765269,-0,03186358,-0,0343452,0,9941173,0,9980469
34541,0,0,-0,09666905,-0,004940075,-0,03669421,0,9946277,0,9980469,-0,09765267,-0,03186376,-0,03434691,0,9941173,0,9980469
34555,0,0,-0,09635843,-0,003851197,-0,03690978,0,9946547,0,9980469,-0,09732244,-0,0307793,-0,0345571,0,9941765,0,9980469
34568,0,0,-0,09635857,-0,003848055,-0,03687734,0,994656,0,9980469,-0,09732339,-0,03077635,-0,03452704,0,9941776,0,9980469
34583,0,0,-0,09635834,-0,003854207,-0,03694085,0,9946535,0,9980469,-0,0973213,-0,03078302,-0,03459502,0,9941752,0,9980469
34596,0,0,-0,09612285,-0,004173222,-0,03697947,0,9946737,0,9980469,-0,09707293,-0,03110231,-0,03463374,0,9941881,0,9980469
34610,0,0,-0,09612192,-0,004193282,-0,03718704,0,9946659,0,9980469,-0,09706583,-0,03112437,-0,03485973,0,9941803,0,9980469
34624,0,0,-0,09763181,-0,004346318,-0,03737718,0,9945111,0,9980469,-0,09856685,-0,03128373,-0,03510723,0,9940188,0,9980469
34638,0,0,-0,09763213,-0,004338558,-0,03729813,0,994514,0,9980469,-0,09856864,-0,03127797,-0,03504923,0,9940208,0,9980469
34652,0,0,-0,09499419,-0,00437802,-0,03702401,0,9947795,0,9980469,-0,09595526,-0,03131074,-0,03472275,0,994287,0,9980469
34666,0,0,-0,09499542,-0,004351083,-0,03674193,0,99479,0,9980469,-0,09596366,-0,0312849,-0,03445514,0,9942962,0,9980469
34680,0,0,-0,09499498,-0,004360893,-0,03684464,0,9947861,0,9980469,-0,0959598,-0,0312968,-0,03457824,0,9942921,0,9980469
34694,0,0,-0,09429131,-0,004422604,-0,0371845,0,9948402,0,9980469,-0,09524119,-0,03135926,-0,03492248,0,994347,0,9980469
34708,0,0,-0,09429114,-0,004424909,-0,0372088,0,9948393,0,9980469,-0,09523983,-0,03136326,-0,03496418,0,9943456,0,9980469
34721,0,0,-0,09348471,-0,004412981,-0,03709748,0,9949195,0,9980469,-0,09443765,-0,03135019,-0,03484476,0,9944267,0,9980469
34735,0,0,-0,09348485,-0,004410004,-0,0370658,0,9949208,0,9980469,-0,09443834,-0,03134825,-0,03482434,0,9944276,0,9980469
34749,0,0,-0,09348497,-0,004406772,-0,0370314,0,9949221,0,9980469,-0,09443907,-0,0313459,-0,03479978,0,9944283,0,9980469
34763,0,0,-0,09480863,-0,00493162,-0,03697686,0,9947963,0,9980469,-0,09575968,-0,0318732,-0,03478081,0,9942859,0,9980469
34778,0,0,-0,09480818,-0,004940582,-0,03707089,0,9947928,0,9980469,-0,09575663,-0,03188238,-0,0348761,0,9942825,0,9980469
34791,0,0,-0,09810297,-0,004078481,-0,03717984,0,9944732,0,9980469,-0,09904169,-0,031034,-0,03508144,0,9939803,0,9980469
34805,0,0,-0,09810282,-0,004083523,-0,03723093,0,9944713,0,9980469,-0,09903994,-0,0310397,-0,03513855,0,9939784,0,9980469
34819,0,0,-0,09784864,-0,005072294,-0,03719392,0,9944932,0,9980469,-0,09878443,-0,03202584,-0,03510192,0,9939739,0,9980469
34833,0,0,-0,09784793,-0,005085826,-0,03733145,0,9944881,0,9980469,-0,09877954,-0,03204091,-0,03525351,0,9939685,0,9980469
34847,0,0,-0,09784707,-0,005102365,-0,03749955,0,9944817,0,9980469,-0,09877362,-0,03205922,-0,03543763,0,993962,0,9980469
34861,0,0,-0,09761015,-0,004793805,-0,03759655,0,9945028,0,9980469,-0,09854265,-0,03175209,-0,03554296,0,9939908,0,9980469
34874,0,0,-0,09761003,-0,00479608,-0,03761973,0,9945019,0,9980469,-0,09854155,-0,03175561,-0,0355782,0,9939896,0,9980469
34889,0,0,-0,09710591,-0,005354939,-0,03753869,0,9945517,0,9980469,-0,09804835,-0,03231131,-0,03549074,0,9940236,0,9980469
34902,0,0,-0,09710583,-0,005355967,-0,03754922,0,9945512,0,9980469,-0,09804784,-0,0323129,-0,03550692,0,9940231,0,9980469
34916,0,0,-0,09710597,-0,005353006,-0,0375189,0,9945523,0,9980469,-0,09804875,-0,03231007,-0,03547827,0,994024,0,9980469
34930,0,0,-0,09660567,-0,004507326,-0,0375988,0,9946021,0,9980469,-0,0975579,-0,03146497,-0,03555028,0,9940969,0,9980469
34944,0,0,-0,0966058,-0,00450569,-0,03758195,0,9946029,0,9980469,-0,09755829,-0,03146391,-0,03553947,0,9940973,0,9980469
34958,0,0,-0,0964215,-0,00425093,-0,03754802,0,9946231,0,9980469,-0,09737785,-0,0312092,-0,03550759,0,9941242,0,9980469
34972,0,0,-0,09642147,-0,004252429,-0,03756349,0,9946225,0,9980469,-0,0973771,-0,03121164,-0,03553243,0,9941232,0,9980469
34986,0,0,-0,09597921,-0,003134059,-0,03764685,0,9946663,0,9980469,-0,09693824,-0,03009581,-0,03561787,0,9941975,0,9980469
35000,0,0,-0,09597895,-0,003141845,-0,03772752,0,9946633,0,9980469,-0,09693553,-0,0301046,-0,03570798,0,9941943,0,9980469
35014,0,0,-0,09597945,-0,003125116,-0,03755419,0,9946697,0,9980469,-0,09694042,-0,03008868,-0,03554484,0,9942001,0,9980469
35028,0,0,-0,09429509,-0,003197179,-0,03740383,0,9948364,0,9980469,-0,09526433,-0,03015563,-0,03535428,0,9943669,0,9980469
35042,0,0,-0,09429517,-0,003194683,-0,0373775,0,9948373,0,9980469,-0,09526522,-0,0301528,-0,03532473,0,994368,0,9980469
35056,0,15,-0,0916348,0,002073154,-0,03776053,0,9950745,0,9980469,-0,09262352,-0,02488936,-0,03563395,0,9947522,0,9980469
35069,0,15,-0,09163528,0,002051864,-0,03799171,0,9950657,0,9980469,-0,09261812,-0,02490957,-0,03585095,0,9947442,0,9980469
35083,0,15,-0,0916361,0,002015254,-0,03838926,0,9950504,0,9980469,-0,09260814,-0,02494646,-0,03624728,0,9947299,0,9980469
35097,0,15,-0,09166472,0,001563112,-0,03853024,0,9950431,0,9980469,-0,09262773,-0,02539855,-0,03638546,0,9947116,0,9980469
35111,0,15,-0,0916645,0,001574508,-0,03840653,0,9950477,0,9980469,-0,09263091,-0,02538693,-0,03626068,0,9947162,0,9980469
35125,0,15,-0,09714016,0,0003558183,-0,0380859,0,9945418,0,9980469,-0,09811313,-0,02662067,-0,03609604,0,9941642,0,9980469
35139,0,15,-0,0971401,0,0003668969,-0,03797247,0,9945461,0,9980469,-0,09811552,-0,02661179,-0,03600605,0,9941676,0,9980469
35153,0,15,-0,09711672,-0,0003241001,-0,03791772,0,9945503,0,9980469,-0,09809156,-0,02730388,-0,03597129,0,9941521,0,9980469
35167,0,15,-0,09711669,-0,0003310222,-0,03798861,0,9945478,0,9980469,-0,09808896,-0,02731333,-0,03606702,0,9941487,0,9980469
35182,0,15,-0,09711671,-0,0003181433,-0,03785671,0,9945527,0,9980469,-0,09809173,-0,02730318,-0,03596422,0,9941524,0,9980469
35195,0,15,-0,09907678,-0,0003993243,-0,0375855,0,9943697,0,9980469,-0,1000499,-0,0273935,-0,03576911,0,9939619,0,9980469
35209,0,15,-0,09907687,-0,0003745733,-0,0373371,0,994379,0,9980469,-0,1000561,-0,02737078,-0,03554349,0,9939699,0,9980469
35223,0,15,-0,09893543,-0,001335976,-0,03710235,0,9944011,0,9980469,-0,09990389,-0,02833144,-0,0353219,0,9939663,0,9980469
35237,0,15,-0,09893532,-0,001340237,-0,03714518,0,9943995,0,9980469,-0,09990209,-0,0283376,-0,03538325,0,993964,0,9980469
35251,0,15,-0,09893528,-0,001345111,-0,03719416,0,9943976,0,9980469,-0,09990023,-0,02834431,-0,03544984,0,9939618,0,9980469
35265,0,15,-0,09935682,-0,001147736,-0,03724512,0,9943539,0,9980469,-0,1003014,-0,02815118,-0,035531,0,9939239,0,9980469
35279,0,15,-0,09935711,-0,001123321,-0,03700079,0,994363,0,9980469,-0,1003076,-0,02812892,-0,03531037,0,9939318,0,9980469
35293,0,15,-0,1018633,-0,0007937748,-0,03673751,0,9941195,0,9980469,-0,1028083,-0,02781086,-0,0351303,0,9936915,0,9980469
35306,0,15,-0,1018635,-0,0007706573,-0,03651189,0,9941278,0,9980469,-0,1028141,-0,02778913,-0,03492035,0,993699,0,9980469
35320,0,15,-0,1021503,0,04833562,-0,03943386,0,9928112,0,9980469,-0,1033385,0,02136259,-0,03796197,0,993692,0,9980469
35334,0,15,-0,102164,0,0483066,-0,03971585,0,9928,0,9980469,-0,1033447,0,02133244,-0,03825174,0,9936809,0,9980469
35349,0,15,-0,1021587,0,04831787,-0,03960637,0,9928043,0,9980469,-0,1033425,0,02134354,-0,03814512,0,9936849,0,9980469
35362,0,15,-0,09747322,0,1321463,-0,04373255,0,9854562,0,9980469,-0,09906679,0,1060305,-0,04235236,0,9885088,0,9980469
35376,0,15,-0,09743857,0,1321719,-0,04347407,0,9854676,0,9980469,-0,09903926,0,1060563,-0,04209558,0,9885198,0,9980469
35390,0,15,-0,09410477,0,1324053,-0,0439638,0,9857385,0,9980469,-0,09564843,0,1063011,-0,04250622,0,9888098,0,9980469
35403,0,15,-0,09408731,0,1324176,-0,04383416,0,9857442,0,9980469,-0,09563495,0,1063132,-0,04238072,0,9888151,0,9980469
35418,0,15,-0,09408765,0,1324175,-0,04383647,0,9857442,0,9980469,-0,09563617,0,1063122,-0,04239187,0,9888146,0,9980469
35432,0,15,-0,09259931,0,1330248,-0,04406342,0,9857932,0,9980469,-0,09411551,0,1069237,-0,04260334,0,9888856,0,9980469
35445,0,15,-0,09261987,0,1330105,-0,04421585,0,9857864,0,9980469,-0,09413348,0,1069079,-0,04276936,0,9888785,0,9980469
35459,0,15,-0,09224278,0,1346323,-0,04453246,0,9855873,0,9980469,-0,09374858,0,1085433,-0,04309694,0,9887226,0,9980469
35473,0,15,-0,09224349,0,1346319,-0,04453749,0,9855872,0,9980469,-0,09375058,0,1085416,-0,04311502,0,9887218,0,9980469
35487,0,15,-0,09164729,0,1354868,-0,04463603,0,9855211,0,9980469,-0,09316175,0,1094004,-0,04321261,0,9886786,0,9980469
35501,0,15,-0,09163874,0,1354926,-0,04457375,0,9855239,0,9980469,-0,09315709,0,1094044,-0,04317034,0,9886805,0,9980469
35516,0,15,-0,09162594,0,1355012,-0,04448108,0,9855281,0,9980469,-0,09314798,0,109412,-0,04308837,0,9886839,0,9980469
35529,0,15,-0,09125833,0,1324161,-0,04407366,0,9859998,0,9980469,-0,09278019,0,1062726,-0,04266252,0,9890794,0,9980469
35543,0,15,-0,09122995,0,1324356,-0,0438625,0,9860093,0,9980469,-0,09275755,0,1062923,-0,04245202,0,9890885,0,9980469
35557,0,15,-0,09258902,0,1327518,-0,04357123,0,9858528,0,9980469,-0,09414013,0,106605,-0,04219614,0,9889351,0,9980469
35571,0,15,-0,09256896,0,1327658,-0,04342227,0,9858596,0,9980469,-0,09412472,0,1066187,-0,04205284,0,9889412,0,9980469
35585,0,15,-0,0925464,0,1327815,-0,04325479,0,9858668,0,9980469,-0,09410772,0,1066336,-0,0418954,0,9889479,0,9980469
35598,0,15,-0,09216547,0,1351342,-0,0432545,0,9855828,0,9980469,-0,09372278,0,1090223,-0,04190447,0,9887235,0,9980469
35613,0,15,-0,09214209,0,1351501,-0,04308393,0,9855903,0,9980469,-0,09370434,0,1090383,-0,04173654,0,9887308,0,9980469
35626,0,15,-0,09159765,0,1392422,-0,04310328,0,9850705,0,9980469,-0,09316324,0,1131986,-0,04175702,0,9883134,0,9980469
35640,0,15,-0,0915863,0,1392496,-0,04302291,0,985074,0,9980469,-0,09315418,0,113206,-0,04167774,0,9883167,0,9980469
35654,0,15,-0,09181222,0,1402213,-0,04305575,0,9849136,0,9980469,-0,09337194,0,1141954,-0,04173082,0,9881801,0,9980469
35668,0,15,-0,09183132,0,1402088,-0,04318985,0,9849077,0,9980469,-0,09338859,0,1141817,-0,04187525,0,988174,0,9980469
35683,0,15,-0,09182867,0,1402105,-0,04317129,0,9849085,0,9980469,-0,09338737,0,1141827,-0,04186469,0,9881743,0,9980469
35696,0,15,-0,09170142,0,1430484,-0,04320213,0,984511,0,9980469,-0,09326752,0,117074,-0,04189415,0,9878461,0,9980469
35710,0,15,-0,09169839,0,1430504,-0,04318129,0,9845118,0,9980469,-0,09326455,0,1170763,-0,04186913,0,9878471,0,9980469
35724,0,15,-0,09670827,0,1430061,-0,04260451,0,9840639,0,9980469,-0,09835461,0,1170158,-0,04141515,0,9873796,0,9980469
35738,0,15,-0,09674829,0,1429791,-0,04287998,0,9840519,0,9980469,-0,0983875,0,1169882,-0,04169254,0,987368,0,9980469
35752,0,15,-0,0967561,0,1426617,-0,04292377,0,9840953,0,9980469,-0,09839754,0,1166675,-0,04173813,0,987403,0,9980469
35765,0,15,-0,09674551,0,142669,-0,04285057,0,9840985,0,9980469,-0,09838913,0,1166746,-0,04166722,0,987406,0,9980469
35780,0,15,-0,0967216,0,1426852,-0,04268561,0,9841056,0,9980469,-0,09837002,0,1166907,-0,04150537,0,9874128,0,9980469
35794,0,15,-0,0932173,0,1427598,-0,04300845,0,984419,0,9980469,-0,09482037,0,1167796,-0,04173884,0,9877397,0,9980469
35807,0,15,-0,0932194,0,1427584,-0,04302305,0,9844182,0,9980469,-0,09482207,0,1167782,-0,04175308,0,9877391,0,9980469
35821,0,15,-0,09290059,0,1423811,-0,04303479,0,9845026,0,9980469,-0,09449078,0,1163919,-0,04175334,0,9878165,0,9980469
35835,0,15,-0,09290815,0,1423761,-0,04308685,0,9845002,0,9980469,-0,09449627,0,1163874,-0,04180004,0,9878145,0,9980469
35849,0,15,-0,09289918,0,142382,-0,04302501,0,9845029,0,9980469,-0,09448889,0,1163934,-0,04173741,0,987817,0,9980469
35863,0,15,-0,09258679,0,1424457,-0,04305867,0,9845217,0,9980469,-0,0941655,0,1164556,-0,04175613,0,9878398,0,9980469
35877,0,15,-0,09258983,0,1424437,-0,04307976,0,9845208,0,9980469,-0,09416683,0,1164546,-0,04176735,0,9878393,0,9980469
35891,0,15,-0,09269927,0,1427888,-0,04302125,0,9844631,0,9980469,-0,09427524,0,1168013,-0,04170207,0,9877908,0,9980469
35905,0,15,-0,09271148,0,1427808,-0,04310577,0,9844593,0,9980469,-0,09428414,0,1167941,-0,04177763,0,9877876,0,9980469
35919,0,15,-0,09270404,0,1427856,-0,04305438,0,9844616,0,9980469,-0,09427624,0,1168005,-0,04171082,0,9877905,0,9980469
35933,0,15,-0,09435964,0,1439701,-0,04275347,0,9841449,0,9980469,-0,09595976,0,1179954,-0,0414392,0,9874977,0,9980469
35947,0,15,-0,09436569,0,1439662,-0,04279469,0,984143,0,9980469,-0,09596288,0,1179928,-0,04146535,0,9874967,0,9980469
35961,0,15,-0,09486879,0,1440713,-0,04292588,0,9840735,0,9980469,-0,09645669,0,1180984,-0,04158655,0,9874307,0,9980469
35974,0,15,-0,09493371,0,1440286,-0,04336915,0,9840541,0,9980469,-0,0965069,0,1180574,-0,04200633,0,987413,0,9980469
35989,0,15,-0,0953294,0,1397925,-0,04328042,0,9846305,0,9980469,-0,09687526,0,1137535,-0,04188836,0,9878871,0,9980469
36002,0,15,-0,0953491,0,139779,-0,04341941,0,9846244,0,9980469,-0,09688748,0,1137429,-0,04199506,0,9878826,0,9980469
36016,0,15,-0,09534046,0,1397849,-0,04335853,0,9846271,0,9980469,-0,09687771,0,1137513,-0,04191007,0,9878861,0,9980469
36030,0,15,-0,09366733,0,1396466,-0,04355849,0,9847984,0,9980469,-0,09518072,0,1136213,-0,0420387,0,9880606,0,9980469
36044,0,15,-0,09366176,0,1396503,-0,04351927,0,9848003,0,9980469,-0,09517256,0,1136281,-0,04196769,0,9880636,0,9980469
36058,0,15,-0,09617442,0,1395555,-0,04314634,0,9845878,0,9980469,-0,09771621,0,1135236,-0,04163416,0,9878414,0,9980469
36072,0,15,-0,09620619,0,1395336,-0,04337017,0,9845781,0,9980469,-0,09774069,0,1135027,-0,04184676,0,9878325,0,9980469
36086,0,15,-0,09402797,0,1418425,-0,0440635,0,9844277,0,9980469,-0,09551613,0,1158541,-0,04248657,0,9877498,0,9980469
36100,0,15,-0,09407678,0,1418101,-0,04440233,0,9844126,0,9980469,-0,09555482,0,1158222,-0,04281646,0,9877355,0,9980469
36114,0,15,-0,09411011,0,1417881,-0,04463347,0,9844021,0,9980469,-0,09558085,0,1158007,-0,04303828,0,9877259,0,9980469
36128,0,15,-0,09705033,0,1403065,-0,04441673,0,9843386,0,9980469,-0,09855776,0,1142787,-0,04287267,0,9876177,0,9980469
36142,0,15,-0,09706894,0,1402936,-0,04454741,0,9843326,0,9980469,-0,09857146,0,1142669,-0,04299113,0,9876125,0,9980469
36156,0,15,-0,09562815,0,1403309,-0,04484351,0,984455,0,9980469,-0,0971214,0,1143061,-0,04323017,0,9877412,0,9980469
36169,0,15,-0,0956506,0,1403156,-0,04500119,0,9844478,0,9980469,-0,09713718,0,1142927,-0,04336617,0,9877352,0,9980469
36183,0,15,-0,0956646,0,140306,-0,04509922,0,9844433,0,9980469,-0,09714651,0,1142848,-0,0434469,0,9877317,0,9980469
36197,0,15,-0,0965957,0,1356872,-0,04494563,0,9850067,0,9980469,-0,09807323,0,1095879,-0,04327219,0,98818,0,9980469
36211,0,15,-0,09660921,0,1356776,-0,04504364,0,9850022,0,9980469,-0,09808176,0,1095803,-0,04334891,0,9881766,0,9980469
36225,0,15,-0,09751738,0,1355745,-0,04511805,0,9849235,0,9980469,-0,0990024,0,109473,-0,04342085,0,9880937,0,9980469
36239,0,15,-0,09754387,0,1355555,-0,04531053,0,9849147,0,9980469,-0,09902085,0,1094564,-0,04358723,0,9880862,0,9980469
36253,0,15,-0,09747544,0,1351076,-0,04528188,0,9849844,0,9980469,-0,09895331,0,1090051,-0,04352565,0,9881456,0,9980469
36267,0,15,-0,09746403,0,1351159,-0,0451986,0,9849882,0,9980469,-0,09894222,0,1090151,-0,04342492,0,98815,0,9980469
36281,0,15,-0,09745586,0,1351218,-0,04513893,0,984991,0,9980469,-0,09893412,0,1090225,-0,04335174,0,9881533,0,9980469
36295,0,15,-0,09682909,0,1349745,-0,04525489,0,9850675,0,9980469,-0,09829439,0,1088772,-0,04344633,0,988229,0,9980469
36309,0,15,-0,0968262,0,1349765,-0,04523384,0,9850685,0,9980469,-0,09829213,0,1088792,-0,04342567,0,9882298,0,9980469
36323,0,15,-0,09776214,0,1321484,-0,04499593,0,9853703,0,9980469,-0,09921882,0,1060064,-0,04319669,0,9884595,0,9980469
36336,0,15,-0,0977408,0,1321642,-0,04483672,0,9853776,0,9980469,-0,09920062,0,1060235,-0,04302675,0,988467,0,9980469
36350,0,15,-0,09774544,0,1321607,-0,04487143,0,9853761,0,9980469,-0,09920274,0,1060215,-0,04304657,0,9884662,0,9980469
36364,0,15,-0,1004148,0,1347417,-0,04478322,0,9847621,0,9980469,-0,1019124,0,1086354,-0,04301461,0,987908,0,9980469
36378,0,15,-0,1004302,0,1347302,-0,04489571,0,9847568,0,9980469,-0,1019238,0,1086246,-0,0431184,0,9879034,0,9980469
36392,0,15,-0,1010993,0,134582,-0,04523588,0,9846931,0,9980469,-0,1025834,0,1084729,-0,04347784,0,9878361,0,9980469
36406,0,15,-0,1011177,0,1345681,-0,04537082,0,9846868,0,9980469,-0,1025994,0,1084578,-0,04362297,0,9878296,0,9980469
36420,0,15,-0,1013675,0,136606,-0,04537077,0,9843807,0,9980469,-0,1028762,0,1105259,-0,04363773,0,9875711,0,9980469
36434,0,15,-0,1013712,0,1366032,-0,04539748,0,9843792,0,9980469,-0,1028796,0,1105228,-0,04366792,0,9875697,0,9980469
36449,0,15,-0,1013674,0,136606,-0,04537031,0,9843806,0,9980469,-0,102878,0,1105242,-0,04365391,0,9875702,0,9980469
36462,0,15,-0,09861964,0,1383689,-0,04579249,0,984394,0,9980469,-0,1001116,0,1123233,-0,04402187,0,9876353,0,9980469
36476,0,15,-0,09861664,0,1383711,-0,04577099,0,984395,0,9980469,-0,10011,0,1123246,-0,04400838,0,9876358,0,9980469
36490,0,15,-0,09709213,0,1384982,-0,04598237,0,9845188,0,9980469,-0,09856881,0,1124567,-0,04418681,0,9877679,0,9980469
36504,0,15,-0,09706577,0,1385166,-0,04579512,0,9845273,0,9980469,-0,09854794,0,1124749,-0,04400407,0,987776,0,9980469
36518,0,15,-0,09706271,0,1385189,-0,04577324,0,9845285,0,9980469,-0,09854569,0,112477,-0,04398393,0,9877769,0,9980469
36531,0,15,-0,09744702,0,1362687,-0,04551043,0,9848167,0,9980469,-0,09892971,0,1101869,-0,04372568,0,988008,0,9980469
36545,0,15,-0,09744354,0,1362712,-0,04548536,0,9848178,0,9980469,-0,09892674,0,1101896,-0,04369894,0,9880092,0,9980469
36559,0,15,-0,09737523,0,1344347,-0,04544941,0,9850786,0,9980469,-0,09884228,0,1083227,-0,04365525,0,9882259,0,9980469
36573,0,15,-0,09737113,0,1344377,-0,04541938,0,98508,0,9980469,-0,09883955,0,1083252,-0,04363004,0,9882271,0,9980469
36587,0,15,-0,09715872,0,1366043,-0,04546735,0,9848006,0,9980469,-0,09863527,0,1105233,-0,04368587,0,9880017,0,9980469
36601,0,15,-0,09713107,0,136624,-0,04526805,0,9848098,0,9980469,-0,09861343,0,1105428,-0,04349067,0,9880103,0,9980469
36616,0,15,-0,09711859,0,1366329,-0,04517803,0,984814,0,9980469,-0,09860278,0,1105523,-0,04339533,0,9880145,0,9980469
36629,0,15,-0,09912557,0,1327723,-0,04474592,0,9851618,0,9980469,-0,1006141,0,1066236,-0,04299859,0,9882608,0,9980469
36643,0,15,-0,09915901,0,1327473,-0,04499421,0,9851505,0,9980469,-0,1006404,0,1065987,-0,04324269,0,9882501,0,9980469
36657,0,15,-0,09947161,0,1378896,-0,04546376,0,9843907,0,9980469,-0,1009704,0,1118186,-0,04373178,0,987618,0,9980469
36671,0,15,-0,09947804,0,1378849,-0,04550968,0,9843886,0,9980469,-0,100975,0,1118144,-0,04377288,0,9876161,0,9980469
36685,0,15,-0,09974773,0,1344606,-0,04513884,0,984852,0,9980469,-0,101244,0,1083349,-0,04339322,0,9879931,0,9980469
36699,0,15,-0,09971713,0,1344833,-0,04491483,0,9848622,0,9980469,-0,1012191,0,1083582,-0,04316604,0,988003,0,9980469
36712,0,15,-0,0996942,0,1345003,-0,04474697,0,9848698,0,9980469,-0,1012006,0,1083755,-0,04299751,0,9880104,0,9980469
36726,0,15,-0,1009147,0,1346077,-0,04444479,0,9847446,0,9980469,-0,10244,0,1084779,-0,04273631,0,9878827,0,9980469
36740,0,15,-0,1009072,0,1346132,-0,04438996,0,9847469,0,9980469,-0,1024362,0,1084815,-0,04270155,0,9878842,0,9980469
36754,0,15,-0,1013212,0,1302274,-0,04415546,0,9853046,0,9980469,-0,1028233,0,104026,-0,04248398,0,9883325,0,9980469
36768,0,15,-0,1013269,0,130223,-0,04419852,0,9853029,0,9980469,-0,1028292,0,1040202,-0,04253963,0,9883302,0,9980469
36783,0,15,-0,1013235,0,1302256,-0,04417329,0,9853038,0,9980469,-0,1028281,0,1040213,-0,04252918,0,9883306,0,9980469
36796,0,15,-0,1018665,0,1301962,-0,04403734,0,9852579,0,9980469,-0,103382,0,1039871,-0,04242621,0,9882808,0,9980469
36810,0,15,-0,1018858,0,130181,-0,0441837,0,9852513,0,9980469,-0,1033996,0,1039696,-0,04259409,0,9882736,0,9980469
36824,0,15,-0,101319,0,1291867,-0,04422992,0,9854386,0,9980469,-0,1028282,0,1029601,-0,04265002,0,9884366,0,9980469
36838,0,15,-0,10133,0,129178,-0,04431419,0,9854348,0,9980469,-0,1028379,0,1029504,-0,04274335,0,9884325,0,9980469
36852,0,15,-0,1004824,0,1292343,-0,04428738,0,9855154,0,9980469,-0,1019966,0,1030107,-0,04269373,0,9885155,0,9980469
36866,0,15,-0,1004631,0,1292493,-0,04413995,0,9855219,0,9980469,-0,1019814,0,1030257,-0,04254836,0,9885217,0,9980469
36880,0,15,-0,1004642,0,1292484,-0,04414872,0,9855216,0,9980469,-0,1019826,0,1030245,-0,04255977,0,9885213,0,9980469
36893,0,15,-0,09974764,0,1311173,-0,0442956,0,9853409,0,9980469,-0,1012718,0,1049202,-0,04270533,0,9883887,0,9980469
36907,0,15,-0,099741,0,1311224,-0,04424559,0,9853431,0,9980469,-0,1012677,0,1049242,-0,04266681,0,9883903,0,9980469
36921,0,15,-0,1002883,0,132493,-0,04404159,0,9851133,0,9980469,-0,1018348,0,1063092,-0,04248514,0,9881918,0,9980469
36935,0,15,-0,1002741,0,1325037,-0,04393632,0,985118,0,9980469,-0,1018235,0,1063199,-0,04238053,0,9881963,0,9980469
36949,0,15,-0,1002661,0,1325097,-0,04387734,0,9851207,0,9980469,-0,1018175,0,1063257,-0,0423247,0,9881987,0,9980469
36963,0,15,-0,09977186,0,1328567,-0,04397354,0,9851199,0,9980469,-0,1013114,0,1066792,-0,04240873,0,9882091,0,9980469
36977,0,15,-0,09976573,0,1328613,-0,04392808,0,985122,0,9980469,-0,1013061,0,1066842,-0,04235975,0,9882112,0,9980469
36991,0,15,-0,09960712,0,1327029,-0,04382722,0,9851637,0,9980469,-0,1011406,0,1065261,-0,0422505,0,9882498,0,9980469
37005,0,15,-0,09960829,0,1327021,-0,04383545,0,9851635,0,9980469,-0,1011413,0,1065255,-0,0422568,0,9882495,0,9980469
37019,0,15,-0,0996115,0,1326996,-0,04385959,0,9851623,0,9980469,-0,1011431,0,1065238,-0,04227323,0,9882488,0,9980469
37032,0,15,-0,09965137,0,1326396,-0,04396198,0,9851618,0,9980469,-0,1011724,0,1064667,-0,04236991,0,9882479,0,9980469
37047,0,15,-0,0996767,0,1326207,-0,04414973,0,9851536,0,9980469,-0,1011935,0,1064466,-0,04256621,0,9882395,0,9980469
37060,0,0,-0,1001727,0,1325231,-0,04419062,0,9851145,0,9980469,-0,1016933,0,106345,-0,04263752,0,988196,0,9980469
37074,0,0,-0,1001649,0,132529,-0,04413237,0,985117,0,9980469,-0,1016873,0,1063506,-0,04258259,0,9881983,0,9980469
37088,0,0,-0,1001961,0,1293875,-0,04391672,0,9855409,0,9980469,-0,1017141,0,1031593,-0,04236142,0,9885434,0,9980469
37102,0,0,-0,1001846,0,1293965,-0,04382846,0,985545,0,9980469,-0,1017055,0,103168,-0,04227779,0,988547,0,9980469
37116,0,0,-0,1001816,0,1293988,-0,04380569,0,9855461,0,9980469,-0,1017031,0,1031704,-0,0422547,0,988548,0,9980469
37130,0,0,-0,100173,0,1297226,-0,04394086,0,9854982,0,9980469,-0,1016962,0,1034945,-0,04238991,0,9885089,0,9980469
37144,0,0,-0,1001748,0,1297212,-0,04395492,0,9854975,0,9980469,-0,1016976,0,1034931,-0,04240347,0,9885083,0,9980469
37158,0,0,-0,1006507,0,1298746,-0,04382309,0,9854347,0,9980469,-0,1021842,0,1036438,-0,0422846,0,9884475,0,9980469
37172,0,0,-0,100633,0,1298883,-0,04368915,0,9854409,0,9980469,-0,1021708,0,103657,-0,04215687,0,988453,0,9980469
37186,0,0,-0,1032043,0,1294681,-0,04325955,0,9852489,0,9980469,-0,104779,0,1032188,-0,04180628,0,9882407,0,9980469
37200,0,0,-0,1032105,0,1294632,-0,04330606,0,985247,0,9980469,-0,1047852,0,1032125,-0,04186546,0,9882382,0,9980469
37214,0,0,-0,1032024,0,1294696,-0,04324492,0,9852496,0,9980469,-0,1047799,0,1032179,-0,04181506,0,9882403,0,9980469
37227,0,0,-0,102893,0,1292336,-0,04314199,0,9853176,0,9980469,-0,104468,0,102982,-0,04170898,0,9883025,0,9980469
37241,0,0,-0,1028414,0,1292746,-0,04274855,0,9853346,0,9980469,-0,1044276,0,1030228,-0,04132206,0,9883186,0,9980469
37255,0,0,-0,1024649,0,1285275,-0,04259327,0,9854784,0,9980469,-0,1040428,0,1022695,-0,04114987,0,9884447,0,9980469
37269,0,0,-0,1024588,0,1285323,-0,04254656,0,9854804,0,9980469,-0,1040382,0,1022742,-0,04110486,0,9884465,0,9980469
37283,0,0,-0,1024624,0,1285294,-0,04257403,0,9854791,0,9980469,-0,1040417,0,1022705,-0,04113981,0,9884452,0,9980469
37297,0,0,-0,1070548,0,04823672,-0,03819947,0,9923475,0,9980469,-0,1081973,0,02123526,-0,03670453,0,9932247,0,9980469
37311,0,0,-0,1070507,0,04824584,-0,0381148,0,9923507,0,9980469,-0,1081953,0,02124519,-0,03661329,0,993228,0,9980469
37325,0,0,-0,1082862,0,0142541,-0,03613169,0,9933607,0,9980469,-0,1092315,-0,01279347,-0,03459154,0,9933319,0,9980469
37339,0,0,-0,1082849,0,01426408,-0,03604018,0,993364,0,9980469,-0,1092326,-0,01278397,-0,0345051,0,9933349,0,9980469
37353,0,0,-0,1051201,0,01075798,-0,03594633,0,9937515,0,9980469,-0,1060425,-0,01627276,-0,03432278,0,9936358,0,9980469
37367,0,0,-0,1051211,0,01074871,-0,03603395,0,9937484,0,9980469,-0,1060411,-0,01628235,-0,03441263,0,9936327,0,9980469
37381,0,0,-0,1051218,0,01074191,-0,03609823,0,9937459,0,9980469,-0,10604,-0,01628857,-0,03447089,0,9936306,0,9980469
37395,0,0,-0,1051198,0,008667097,-0,03594418,0,993772,0,9980469,-0,1060262,-0,01835868,-0,03430252,0,993602,0,9980469
37408,0,0,-0,1051198,0,008667435,-0,035941,0,9937721,0,9980469,-0,1060265,-0,01835703,-0,03428708,0,9936025,0,9980469
37423,0,0,-0,1040172,0,009438163,-0,03611697,0,9938747,0,9980469,-0,1049286,-0,01758092,-0,03441325,0,9937286,0,9980469
37436,0,0,-0,1040173,0,00943687,-0,03612932,0,9938743,0,9980469,-0,1049285,-0,0175814,-0,03441779,0,9937286,0,9980469
37450,0,0,-0,1040191,0,009417337,-0,03631599,0,9938675,0,9980469,-0,1049253,-0,01760085,-0,03460203,0,9937222,0,9980469
37464,0,0,-0,1041046,0,007686916,-0,03649278,0,993867,0,9980469,-0,1049976,-0,01932852,-0,0347768,0,9936763,0,9980469
37478,0,0,-0,1041057,0,007671947,-0,03663561,0,9938617,0,9980469,-0,1049949,-0,01934282,-0,03491225,0,9936716,0,9980469
37492,0,0,-0,1026629,-0,001095877,-0,03599077,0,9940643,0,9980469,-0,1035281,-0,0280809,-0,03420094,0,9936416,0,9980469
37506,0,0,-0,1026629,-0,001094823,-0,03598057,0,9940647,0,9980469,-0,1035287,-0,0280784,-0,03417706,0,9936424,0,9980469
37520,0,0,-0,102937,-0,001388852,-0,0360758,0,9940326,0,9980469,-0,1038111,-0,02837114,-0,0342718,0,9936014,0,9980469
37534,0,0,-0,1029371,-0,001377891,-0,03596995,0,9940364,0,9980469,-0,1038145,-0,0283588,-0,03415368,0,9936056,0,9980469
37548,0,0,-0,1029374,-0,001358665,-0,03578431,0,9940431,0,9980469,-0,1038201,-0,02833831,-0,0339575,0,9936123,0,9980469
37562,0,0,-0,1031298,-0,00442046,-0,03532758,0,9940305,0,9980469,-0,1040097,-0,03138807,-0,03348861,0,9935166,0,9980469
37576,0,0,-0,10313,-0,004413899,-0,03526433,0,9940328,0,9980469,-0,1040123,-0,03137965,-0,03340821,0,9935194,0,9980469
37590,0,0,-0,1013211,-0,004413388,-0,03539876,0,9942141,0,9980469,-0,1021972,-0,03136998,-0,03346688,0,993706,0,9980469
37603,0,0,-0,1013215,-0,004405006,-0,03531651,0,994217,0,9980469,-0,1022006,-0,03135881,-0,03335813,0,9937097,0,9980469
37617,0,0,-0,1013222,-0,004388012,-0,03514976,0,9942228,0,9980469,-0,1022065,-0,03133946,-0,03317018,0,993716,0,9980469
37631,0,0,-0,1011658,-0,004699937,-0,03504868,0,994241,0,9980469,-0,1020457,-0,03164859,-0,03305135,0,9937267,0,9980469
37645,0,0,-0,1011653,-0,004710319,-0,03515069,0,9942374,0,9980469,-0,1020427,-0,03165827,-0,03314567,0,9937236,0,9980469
37659,0,0,-0,1015918,-0,004805423,-0,03532048,0,9941873,0,9980469,-0,1024549,-0,03175394,-0,03331738,0,9936724,0,9980469
37673,0,0,-0,1015907,-0,004829555,-0,03555663,0,994179,0,9980469,-0,1024475,-0,03177793,-0,03355016,0,9936644,0,9980469
37687,0,0,-0,1020079,-0,004686869,-0,03597074,0,9941221,0,9980469,-0,1028558,-0,0316378,-0,03398206,0,9936121,0,9980469
37701,0,0,-0,102008,-0,004683409,-0,03593703,0,9941232,0,9980469,-0,1028567,-0,03163474,-0,03395253,0,9936132,0,9980469
37715,0,0,-0,1020082,-0,004679581,-0,03589974,0,9941246,0,9980469,-0,1028577,-0,03163142,-0,03392056,0,9936141,0,9980469
37729,0,0,-0,1022132,-0,00498463,-0,03594531,0,9941005,0,9980469,-0,1030786,-0,03193509,-0,03397582,0,9935798,0,9980469
37743,0,0,-0,1022132,-0,004983703,-0,03593623,0,9941008,0,9980469,-0,1030786,-0,03193485,-0,03397362,0,9935799,0,9980469
37757,0,0,-0,1032712,-0,002575479,-0,03613639,0,9939933,0,9980469,-0,1041516,-0,0295391,-0,03421449,0,9935338,0,9980469
37770,0,0,-0,1032712,-0,002576362,-0,0361449,0,9939929,0,9980469,-0,1041512,-0,02954024,-0,0342253,0,9935334,0,9980469
37784,0,0,-0,1032712,-0,002571203,-0,03609525,0,9939948,0,9980469,-0,1041527,-0,02953498,-0,03417525,0,9935351,0,9980469
37798,0,0,-0,1031786,-0,005296497,-0,03581864,0,9940038,0,9980469,-0,1040544,-0,03225024,-0,03389644,0,9934705,0,9980469
37812,0,0,-0,1031796,-0,005276419,-0,03562521,0,9940106,0,9980469,-0,1040601,-0,03223201,-0,03372258,0,9934765,0,9980469
37826,0,0,-0,101409,-0,005483096,-0,03536218,0,994201,0,9980469,-0,1023002,-0,03243432,-0,03343668,0,9936624,0,9980469
37840,0,0,-0,1014098,-0,005468973,-0,03522371,0,994206,0,9980469,-0,1023038,-0,03242281,-0,03332504,0,9936661,0,9980469
37854,0,0,-0,1009066,-0,006007514,-0,03516721,0,9942561,0,9980469,-0,1017861,-0,03296192,-0,03328355,0,9937028,0,9980469
37868,0,0,-0,1009077,-0,005988201,-0,03497687,0,9942628,0,9980469,-0,1017917,-0,03294476,-0,03311602,0,9937085,0,9980469
37882,0,0,-0,1009091,-0,005964233,-0,03474074,0,9942711,0,9980469,-0,1017989,-0,03292255,-0,0328994,0,9937156,0,9980469
37896,0,0,-0,09999561,-0,006606134,-0,03440253,0,9943711,0,9980469,-0,1008775,-0,03356092,-0,03254158,0,9938002,0,9980469
37910,0,0,-0,09999658,-0,00659088,-0,03425087,0,9943762,0,9980469,-0,1008828,-0,03354511,-0,03238582,0,9938052,0,9980469
37924,0,0,-0,09937416,-0,010317,-0,03409541,0,9944124,0,9980469,-0,1002211,-0,03725684,-0,03220773,0,9937456,0,9980469
37938,0,0,-0,09937289,-0,01032929,-0,03421842,0,9944082,0,9980469,-0,1002166,-0,03726926,-0,03233082,0,9937416,0,9980469
37952,0,0,-0,09937341,-0,01032438,-0,03416925,0,9944099,0,9980469,-0,1002182,-0,0372647,-0,0322856,0,9937431,0,9980469
37965,0,0,-0,09921723,-0,01089492,-0,03389442,0,9944287,0,9980469,-0,1000519,-0,03783461,-0,03200635,0,9937475,0,9980469
37979,0,0,-0,09921823,-0,01088585,-0,0338036,0,9944319,0,9980469,-0,1000552,-0,03782589,-0,03191964,0,9937502,0,9980469
37993,0,0,-0,1004171,-0,01022172,-0,03365321,0,9943237,0,9980469,-0,1012495,-0,03717065,-0,03180852,0,9936576,0,9980469
38007,0,0,-0,1004179,-0,01021378,-0,03357456,0,9943264,0,9980469,-0,1012521,-0,03716352,-0,03173868,0,9936598,0,9980469
38021,0,0,-0,09893268,-0,01037556,-0,03359752,0,9944727,0,9980469,-0,0997562,-0,03732236,-0,03174239,0,9938049,0,9980469
38035,0,0,-0,09893158,-0,01038573,-0,03369985,0,9944692,0,9980469,-0,09975155,-0,03733468,-0,03186538,0,9938009,0,9980469
38049,0,0,-0,09893227,-0,01037902,-0,03363236,0,9944715,0,9980469,-0,09975372,-0,03732893,-0,03180801,0,9938028,0,9980469
38063,0,0,-0,0998023,-0,01021872,-0,03357214,0,9943883,0,9980469,-0,1006135,-0,03717186,-0,0317681,0,9937233,0,9980469
38077,0,0,-0,09980129,-0,01022849,-0,0336694,0,994385,0,9980469,-0,1006099,-0,03718187,-0,03186684,0,9937202,0,9980469
38091,0,0,-0,09961274,-0,01065435,-0,03377781,0,9943958,0,9980469,-0,1004137,-0,03760418,-0,03196341,0,993721,0,9980469
38104,0,0,-0,09961028,-0,01067772,-0,03401111,0,9943879,0,9980469,-0,1004053,-0,03762667,-0,03218575,0,9937139,0,9980469
38118,0,0,-0,09953686,-0,009868555,-0,03423787,0,9943957,0,9980469,-0,1003379,-0,03681958,-0,03240467,0,9937438,0,9980469
38132,0,0,-0,0995365,-0,009872676,-0,034279,0,9943944,0,9980469,-0,1003366,-0,03682338,-0,0324421,0,9937426,0,9980469
38147,0,0,-0,09953785,-0,00985863,-0,03413872,0,9943991,0,9980469,-0,1003417,-0,0368093,-0,03230277,0,993747,0,9980469
38160,0,0,-0,1032231,-0,01215687,-0,03395153,0,9940044,0,9980469,-0,1040143,-0,0391117,-0,03221972,0,9932842,0,9980469
38174,0,0,-0,1032246,-0,01214361,-0,03382386,0,9940088,0,9980469,-0,1040188,-0,03909972,-0,03210535,0,9932879,0,9980469
38188,0,0,-0,1004749,-0,006900308,-0,03396924,0,9943358,0,9980469,-0,1013086,-0,03386939,-0,03220135,0,9937569,0,9980469
38202,0,0,-0,1004752,-0,006894796,-0,03391473,0,9943374,0,9980469,-0,1013102,-0,03386452,-0,03215354,0,9937583,0,9980469
38216,0,0,-0,100476,-0,006883627,-0,03380416,0,9943414,0,9980469,-0,1013139,-0,03385354,-0,03204595,0,9937619,0,9980469
38230,0,0,-0,1013967,-0,01363913,-0,03339341,0,994192,0,9980469,-0,1021886,-0,04058405,-0,03164634,0,993433,0,9980469
38244,0,0,-0,1013963,-0,01364166,-0,03341822,0,9941912,0,9980469,-0,1021878,-0,04058604,-0,03166563,0,9934325,0,9980469
38258,0,0,-0,1011974,-0,01368194,-0,03340258,0,9942115,0,9980469,-0,1019824,-0,04062476,-0,03163489,0,9934528,0,9980469
38272,0,0,-0,1011983,-0,01367493,-0,03333382,0,9942136,0,9980469,-0,1019855,-0,04061675,-0,0315568,0,9934553,0,9980469
38286,0,0,-0,1013127,-0,0137075,-0,03334054,0,9942014,0,9980469,-0,1020964,-0,04064932,-0,03156174,0,9934424,0,9980469
38299,0,0,-0,1013125,-0,01370869,-0,03335221,0,994201,0,9980469,-0,1020963,-0,04064972,-0,03156545,0,9934424,0,9980469
38314,0,0,-0,1013114,-0,01371656,-0,03342941,0,9941984,0,9980469,-0,1020932,-0,04065738,-0,03163998,0,99344,0,9980469
38327,0,0,-0,09970632,-0,01001816,-0,03407767,0,9943828,0,9980469,-0,1004985,-0,03697184,-0,03226764,0,9937264,0,9980469
38341,0,0,-0,09970528,-0,01002861,-0,0341819,0,9943792,0,9980469,-0,1004939,-0,03698424,-0,03239031,0,9937223,0,9980469
38355,0,0,-0,09968266,-0,009736178,-0,03406873,0,9943883,0,9980469,-0,1004857,-0,03669246,-0,03228655,0,9937373,0,9980469
38369,0,0,-0,0996838,-0,009724468,-0,03395192,0,9943923,0,9980469,-0,1004897,-0,0366814,-0,03217708,0,993741,0,9980469
38383,0,0,-0,0996832,-0,009730441,-0,03401151,0,9943903,0,9980469,-0,1004874,-0,03668775,-0,0322401,0,993739,0,9980469
38397,0,0,-0,1006901,-0,01095016,-0,03399846,0,9942764,0,9980469,-0,101489,-0,03790453,-0,03225364,0,9935909,0,9980469
38411,0,0,-0,1006893,-0,01095787,-0,03407453,0,994274,0,9980469,-0,1014862,-0,03791206,-0,03232736,0,9935886,0,9980469
38425,0,0,-0,1004199,-0,01072071,-0,03424916,0,9942977,0,9980469,-0,1012168,-0,03767349,-0,03248911,0,9936197,0,9980469
38439,0,0,-0,1004196,-0,01072366,-0,03427842,0,9942967,0,9980469,-0,1012157,-0,03767648,-0,03251834,0,9936188,0,9980469
38453,0,0,-0,09919893,-0,009414635,-0,0343026,0,9944317,0,9980469,-0,1000158,-0,03636969,-0,0325237,0,993789,0,9980469
38466,0,0,-0,09919853,-0,009418751,-0,03434392,0,9944302,0,9980469,-0,1000132,-0,03637676,-0,03259397,0,9937866,0,9980469
38481,0,0,-0,09919775,-0,009426589,-0,0344225,0,9944276,0,9980469,-0,1000095,-0,03638684,-0,03269427,0,9937833,0,9980469
38495,0,0,-0,09893304,-0,009686698,-0,03433196,0,9944545,0,9980469,-0,09975015,-0,03664682,-0,03260837,0,9938027,0,9980469
38508,0,0,-0,09893613,-0,009655228,-0,03401562,0,9944655,0,9980469,-0,09976171,-0,0366154,-0,03229531,0,993813,0,9980469
38522,0,0,-0,09899789,-0,008224742,-0,03369604,0,994483,0,9980469,-0,09984103,-0,03519237,-0,03198989,0,9938663,0,9980469
38536,0,0,-0,09900027,-0,00819621,-0,03340937,0,9944927,0,9980469,-0,09985086,-0,03516455,-0,03171287,0,9938751,0,9980469
38550,0,0,-0,09900055,-0,0081922,-0,03336918,0,994494,0,9980469,-0,09985188,-0,0351615,-0,03168271,0,993876,0,9980469
38564,0,0,-0,1000525,-0,01077754,-0,0333799,0,9943636,0,9980469,-0,1008603,-0,03774314,-0,03173294,0,9936778,0,9980469
38578,0,0,-0,1000503,-0,01079857,-0,03358886,0,9943568,0,9980469,-0,1008519,-0,03776572,-0,03195525,0,9936708,0,9980469
38592,0,0,-0,1011795,-0,008463455,-0,0338148,0,9942574,0,9980469,-0,1019672,-0,0354467,-0,03222588,0,9936337,0,9980469
38606,0,0,-0,1011811,-0,008444738,-0,03363088,0,9942636,0,9980469,-0,1019733,-0,03542907,-0,03205412,0,9936392,0,9980469
38620,0,0,-0,09903273,-0,01088943,-0,03344083,0,9944626,0,9980469,-0,09982304,-0,03785615,-0,03181091,0,9937758,0,9980469
38634,0,0,-0,09903306,-0,0108859,-0,03340542,0,9944637,0,9980469,-0,09982384,-0,03785391,-0,0317887,0,9937766,0,9980469
38648,0,0,-0,09903333,-0,01088374,-0,03338383,0,9944644,0,9980469,-0,0998242,-0,03785307,-0,03178017,0,9937769,0,9980469
38662,0,0,-0,1020061,-0,008472421,-0,03359295,0,9941804,0,9980469,-0,1027905,-0,03546637,-0,03209833,0,9935522,0,9980469
38676,0,0,-0,1020057,-0,008476639,-0,03363412,0,994179,0,9980469,-0,1027884,-0,03547258,-0,03215842,0,9935504,0,9980469
38689,0,0,-0,09906193,-0,01087908,-0,03344155,0,9944597,0,9980469,-0,0998422,-0,03785475,-0,031896,0,9937713,0,9980469
38703,0,0,-0,09906204,-0,01087807,-0,03343146,0,9944602,0,9980469,-0,09984213,-0,03785487,-0,03189717,0,9937712,0,9980469
38717,0,0,-0,09906121,-0,01088566,-0,03350767,0,9944575,0,9980469,-0,099839,-0,03786327,-0,03198056,0,9937686,0,9980469
38731,0,0,-0,1006308,-0,008027227,-0,03378018,0,9943179,0,9980469,-0,1014122,-0,03502371,-0,03230695,0,9937029,0,9980469
38745,0,0,-0,1006298,-0,008039694,-0,03390346,0,9943136,0,9980469,-0,1014077,-0,03503663,-0,03243348,0,9936987,0,9980469
38759,0,0,-0,0991284,-0,009505059,-0,03379515,0,9944553,0,9980469,-0,09990825,-0,03649086,-0,0322869,0,993803,0,9980469
38773,0,0,-0,09912847,-0,009504222,-0,03378677,0,9944555,0,9980469,-0,09990839,-0,03649059,-0,03228409,0,9938031,0,9980469
38787,0,0,-0,1003853,-0,004873554,-0,03402528,0,9943549,0,9980469,-0,1011903,-0,03188302,-0,03256714,0,9938227,0,9980469
38801,0,0,-0,1003855,-0,004869999,-0,0339901,0,9943559,0,9980469,-0,1011914,-0,03187943,-0,03253205,0,9938238,0,9980469
38815,0,0,-0,1003858,-0,004863888,-0,03392953,0,9943581,0,9980469,-0,1011932,-0,03187351,-0,0324739,0,9938258,0,9980469
38829,0,0,-0,09855726,-0,00787871,-0,03367535,0,9945303,0,9980469,-0,09935987,-0,03487032,-0,03216656,0,9939201,0,9980469
38842,0,0,-0,09855793,-0,00786994,-0,03358689,0,9945333,0,9980469,-0,09936316,-0,03486092,-0,03207262,0,9939231,0,9980469
38857,0,0,-0,0992244,-0,007904714,-0,0335656,0,9944674,0,9980469,-0,1000236,-0,03489738,-0,03205838,0,9938561,0,9980469
38870,0,0,-0,09922462,-0,007902192,-0,03354033,0,9944683,0,9980469,-0,1000252,-0,03489245,-0,03200966,0,9938576,0,9980469
38884,0,0,-0,09922405,-0,00790912,-0,03360976,0,9944659,0,9980469,-0,1000235,-0,03489738,-0,03205854,0,993856,0,9980469
38898,0,0,-0,09948382,-0,01001347,-0,03359478,0,9944214,0,9980469,-0,1002642,-0,03699253,-0,03202518,0,9937571,0,9980469
38912,0,0,-0,09948254,-0,01002667,-0,03372658,0,9944171,0,9980469,-0,1002603,-0,03700328,-0,03213163,0,9937537,0,9980469
38926,0,0,-0,1001322,-0,01101197,-0,03366244,0,9943436,0,9980469,-0,1009055,-0,03798474,-0,03206241,0,9936535,0,9980469
38940,0,0,-0,1001313,-0,01101979,-0,03374001,0,994341,0,9980469,-0,1009037,-0,03798964,-0,03211053,0,9936519,0,9980469
38954,0,0,-0,1017945,-0,009971025,-0,03410183,0,994171,0,9980469,-0,1025665,-0,03694935,-0,03249557,0,9935085,0,9980469
38968,0,0,-0,1017894,-0,01002166,-0,03459641,0,9941537,0,9980469,-0,1025487,-0,03699883,-0,03297498,0,9934926,0,9980469
38982,0,0,-0,1017873,-0,01004326,-0,03480737,0,9941464,0,9980469,-0,102541,-0,03701995,-0,03317948,0,9934859,0,9980469
38996,0,0,-0,1006862,-0,005900084,-0,03484765,0,9942903,0,9980469,-0,1014912,-0,03288561,-0,03318588,0,9937388,0,9980469
39009,0,0,-0,1006869,-0,005888009,-0,03472844,0,9942945,0,9980469,-0,1014955,-0,03287233,-0,03305601,0,9937431,0,9980469
39023,0,0,-0,1013653,-0,005173777,-0,03460223,0,9942338,0,9980469,-0,1022015,-0,03215974,-0,03293793,0,9936979,0,9980469
39037,0,0,-0,1013656,-0,005167441,-0,03454008,0,9942362,0,9980469,-0,102204,-0,03215189,-0,03286159,0,9937006,0,9980469
39051,0,0,-0,1009165,-0,004983283,-0,0345947,0,9942808,0,9980469,-0,1017545,-0,03196518,-0,03290034,0,9937514,0,9980469
39065,0,345,-0,100915,-0,005014449,-0,03490177,0,99427,0,9980469,-0,1017448,-0,031996,-0,03320112,0,9937414,0,9980469
39079,0,345,-0,1009144,-0,005026678,-0,03502224,0,9942658,0,9980469,-0,1017411,-0,03200785,-0,03331705,0,9937376,0,9980469
39093,0,345,-0,1015849,-0,01127398,-0,03467046,0,9941586,0,9980469,-0,10238,-0,03823002,-0,03295989,0,9934639,0,9980469
39107,0,345,-0,1015835,-0,0112867,-0,03479485,0,9941543,0,9980469,-0,1023755,-0,03824215,-0,03307753,0,9934601,0,9980469
39121,0,345,-0,09971182,-0,01127727,-0,03490264,0,9943402,0,9980469,-0,1005212,-0,03822499,-0,03313265,0,9936482,0,9980469
39135,0,345,-0,09971067,-0,01128721,-0,03500178,0,9943366,0,9980469,-0,1005176,-0,03823434,-0,03322521,0,993645,0,9980469
39149,0,345,-0,09971192,-0,01127629,-0,03489297,0,9943405,0,9980469,-0,100522,-0,03822289,-0,03311198,0,9936488,0,9980469
39163,0,345,-0,09862299,-0,01045321,-0,03462534,0,9944675,0,9980469,-0,09946349,-0,0373987,-0,03281433,0,9937966,0,9980469
39177,0,345,-0,09862475,-0,01043623,-0,03445414,0,9944733,0,9980469,-0,09947014,-0,03738096,-0,03263714,0,9938025,0,9980469
39191,0,345,-0,09702289,-0,01065112,-0,0343727,0,9946314,0,9980469,-0,09787255,-0,03758933,-0,03250545,0,9939575,0,9980469
39204,0,345,-0,09702153,-0,01066365,-0,03450111,0,994627,0,9980469,-0,09786783,-0,03760169,-0,03263085,0,9939534,0,9980469
39218,0,345,-0,09702045,-0,01067379,-0,03460496,0,9946235,0,9980469,-0,09786411,-0,03761133,-0,0327289,0,9939501,0,9980469
39232,0,345,-0,09737044,-0,0138097,-0,03436573,0,994559,0,9980469,-0,09819281,-0,04073305,-0,03247775,0,9938031,0,9980469
39246,0,345,-0,09737251,-0,01379512,-0,0342168,0,9945641,0,9980469,-0,09819935,-0,04071715,-0,03231706,0,9938081,0,9980469
39260,0,345,-0,09383053,-0,01403612,-0,03405215,0,9949068,0,9980469,-0,09467867,-0,04094514,-0,03205746,0,9941489,0,9980469
39274,0,345,-0,0938299,-0,01404041,-0,0340976,0,9949052,0,9980469,-0,09467661,-0,04094996,-0,03210799,0,9941472,0,9980469
39288,0,345,-0,09265342,-0,107244,-0,026907,0,9895403,0,9980469,-0,09319265,-0,1331268,-0,02481147,0,9863959,0,9980469
39302,0,345,-0,09261328,-0,1072787,-0,02727716,0,9895302,0,9980469,-0,09313914,-0,1331642,-0,02520783,0,9863859,0,9980469
39316,0,345,-0,09260139,-0,107289,-0,02738716,0,9895272,0,9980469,-0,09312137,-0,1331767,-0,02533956,0,9863826,0,9980469
39330,0,345,-0,09217251,-0,1155095,-0,02683184,0,9886566,0,9980469,-0,09267309,-0,1412505,-0,02478287,0,9853151,0,9980469
39344,0,345,-0,09215662,-0,1155222,-0,02696791,0,9886529,0,9980469,-0,09265243,-0,1412641,-0,02492705,0,9853114,0,9980469
39358,0,345,-0,09142999,-0,1170624,-0,02685099,0,9885425,0,9980469,-0,091941,-0,1427729,-0,02479227,0,9851642,0,9980469
39372,0,345,-0,09142566,-0,1170657,-0,02688737,0,9885414,0,9980469,-0,09193582,-0,1427763,-0,02482812,0,9851632,0,9980469
39385,0,345,-0,08895624,-0,1171904,-0,02659815,0,9887598,0,9980469,-0,0895213,-0,1428929,-0,02447975,0,9853773,0,9980469
39399,0,345,-0,08895722,-0,1171896,-0,02659001,0,9887601,0,9980469,-0,08952311,-0,1428918,-0,02446737,0,9853777,0,9980469
39414,0,345,-0,08895729,-0,1171896,-0,02658951,0,98876,0,9980469,-0,08952334,-0,1428916,-0,02446575,0,9853777,0,9980469
39427,0,345,-0,08885192,-0,1165722,-0,02663821,0,9888411,0,9980469,-0,08942727,-0,1422865,-0,02451304,0,9854727,0,9980469
39441,0,345,-0,08885258,-0,1165717,-0,02663253,0,9888412,0,9980469,-0,08942778,-0,1422863,-0,0245096,0,9854729,0,9980469
39455,0,345,-0,09095995,-0,1164792,-0,02687413,0,988654,0,9980469,-0,09149933,-0,1422006,-0,02480575,0,9852877,0,9980469
39469,0,345,-0,09096725,-0,1164735,-0,02681197,0,9886557,0,9980469,-0,09150733,-0,1421954,-0,02475,0,985289,0,9980469
39483,0,345,-0,09097626,-0,1164664,-0,02673529,0,9886577,0,9980469,-0,09151741,-0,1421888,-0,02467988,0,9852908,0,9980469
39497,0,345,-0,09109649,-0,1212326,-0,02634059,0,9880843,0,9980469,-0,09161989,-0,1468656,-0,02428978,0,9846048,0,9980469
39511,0,345,-0,09110299,-0,1212275,-0,02628696,0,9880856,0,9980469,-0,09162796,-0,1468603,-0,02423505,0,984606,0,9980469
39525,0,345,-0,09180468,-0,1224913,-0,0262111,0,9878668,0,9980469,-0,09230991,-0,1480994,-0,02416128,0,9843586,0,9980469
39539,0,345,-0,09181009,-0,1224872,-0,02616742,0,987868,0,9980469,-0,09231865,-0,1480939,-0,02410325,0,9843599,0,9980469
39552,0,345,-0,09452396,-0,1259307,-0,02608102,0,9871812,0,9980469,-0,09497399,-0,1514748,-0,02405491,0,9835938,0,9980469
39566,0,345,-0,09452246,-0,125932,-0,02609312,0,9871809,0,9980469,-0,09497459,-0,1514745,-0,02405132,0,9835939,0,9980469
39581,0,345,-0,09453715,-0,1259208,-0,02597774,0,9871837,0,9980469,-0,0949951,-0,1514615,-0,02391785,0,9835971,0,9980469
39594,0,345,-0,09505568,-0,1258722,-0,02615215,0,9871357,0,9980469,-0,09550364,-0,1514134,-0,0240903,0,9835511,0,9980469
39608,0,345,-0,09501574,-0,1259024,-0,02646559,0,9871273,0,9980469,-0,09545659,-0,151443,-0,02439608,0,9835436,0,9980469
39622,0,345,-0,0954249,-0,1260278,-0,02678914,0,9870632,0,9980469,-0,09585628,-0,1515661,-0,0247313,0,9834774,0,9980469
39636,0,345,-0,0954472,-0,1260109,-0,02661452,0,9870678,0,9980469,-0,09588307,-0,1515491,-0,02455736,0,9834817,0,9980469
39650,0,345,-0,09545171,-0,1260076,-0,02657968,0,9870687,0,9980469,-0,09588955,-0,1515451,-0,02451561,0,9834829,0,9980469
39664,0,345,-0,09468153,-0,1265412,-0,02643491,0,9870785,0,9980469,-0,09515063,-0,1520624,-0,02435431,0,9834787,0,9980469
39678,0,345,-0,09469023,-0,1265347,-0,02636681,0,9870805,0,9980469,-0,09516197,-0,1520553,-0,02428099,0,9834805,0,9980469
39692,0,345,-0,09491482,-0,1265281,-0,02639281,0,987059,0,9980469,-0,09538996,-0,1520449,-0,02430185,0,9834595,0,9980469
39706,0,345,-0,09492737,-0,1265187,-0,02629497,0,9870616,0,9980469,-0,09540591,-0,1520348,-0,02419831,0,983462,0,9980469
39719,0,345,-0,09524117,-0,1279798,-0,02616289,0,9868463,0,9980469,-0,09571247,-0,1534647,-0,02407082,0,9832132,0,9980469
39733,0,345,-0,09524289,-0,1279785,-0,02614976,0,9868467,0,9980469,-0,09571351,-0,1534641,-0,02406417,0,9832135,0,9980469
39748,0,345,-0,09522884,-0,1279889,-0,02625802,0,9868438,0,9980469,-0,09569572,-0,1534751,-0,02417802,0,9832107,0,9980469
39762,0,345,-0,09233212,-0,1290748,-0,02598239,0,986985,0,9980469,-0,09284449,-0,1545325,-0,02384827,0,9833264,0,9980469
39775,0,345,-0,09229977,-0,1290979,-0,02622974,0,9869785,0,9980469,-0,09280442,-0,1545565,-0,02410307,0,9833202,0,9980469
39789,0,345,-0,09110298,-0,1295066,-0,02624976,0,9870357,0,9980469,-0,09162685,-0,154957,-0,02410718,0,9833676,0,9980469
39803,0,345,-0,09110802,-0,129503,-0,02621124,0,9870366,0,9980469,-0,09162987,-0,1549552,-0,02408799,0,9833681,0,9980469
39817,0,345,-0,09109753,-0,1295104,-0,02629148,0,9870345,0,9980469,-0,09161648,-0,1549631,-0,02417304,0,983366,0,9980469
39831,0,345,-0,09072864,-0,1294126,-0,02614244,0,9870853,0,9980469,-0,09126721,-0,1548693,-0,02402343,0,9834169,0,9980469
39845,0,345,-0,09073393,-0,1294089,-0,0261021,0,9870864,0,9980469,-0,09127407,-0,1548652,-0,02397987,0,983418,0,9980469
39859,0,345,-0,09027885,-0,1267544,-0,0260665,0,9874734,0,9980469,-0,09084407,-0,1522642,-0,02392088,0,9838652,0,9980469
39873,0,345,-0,09034045,-0,1267105,-0,02558654,0,987486,0,9980469,-0,0909207,-0,1522185,-0,0234257,0,9838772,0,9980469
39887,0,345,-0,0909731,-0,1266841,-0,02547404,0,9874342,0,9980469,-0,09153745,-0,1521938,-0,02332565,0,9838262,0,9980469
39900,0,345,-0,090979,-0,1266799,-0,02542792,0,9874354,0,9980469,-0,09154309,-0,1521904,-0,02328921,0,9838271,0,9980469
39915,0,345,-0,09095792,-0,126695,-0,0255922,0,9874311,0,9980469,-0,09151556,-0,152207,-0,02346708,0,9838229,0,9980469
39929,0,345,-0,09107223,-0,1265173,-0,02578919,0,9874381,0,9980469,-0,09160154,-0,1520312,-0,02368307,0,9838368,0,9980469
39942,0,345,-0,09104124,-0,1265397,-0,0260317,0,9874319,0,9980469,-0,09156246,-0,1520548,-0,02393622,0,9838307,0,9980469
39956,0,345,-0,0918279,-0,1268782,-0,02627598,0,9873092,0,9980469,-0,09231754,-0,1523862,-0,02421884,0,983702,0,9980469
39970,0,345,-0,09179395,-0,1269027,-0,02653997,0,9873022,0,9980469,-0,09227383,-0,1524127,-0,02450094,0,983695,0,9980469
39984,0,345,-0,09175578,-0,1269303,-0,02683713,0,987294,0,9980469,-0,09222604,-0,1524416,-0,02480933,0,9836872,0,9980469
39998,0,345,-0,09111262,-0,1261905,-0,02691957,0,9874462,0,9980469,-0,09159967,-0,151714,-0,02488842,0,9838562,0,9980469
40012,0,345,-0,09110519,-0,1261958,-0,02697741,0,9874446,0,9980469,-0,09159123,-0,1517191,-0,02494301,0,9838548,0,9980469
40026,0,345,-0,09228366,-0,122445,-0,02742449,0,9877949,0,9980469,-0,09277207,-0,1480462,-0,02542228,0,9842913,0,9980469
40040,0,345,-0,09228019,-0,1224476,-0,02745283,0,9877943,0,9980469,-0,09276798,-0,1480488,-0,02544959,0,9842906,0,9980469
40054,0,345,-0,0923787,-0,1226238,-0,02738312,0,9877651,0,9980469,-0,09287632,-0,1482241,-0,02537796,0,9842559,0,9980469
40068,0,345,-0,09239636,-0,1226105,-0,02724058,0,9877689,0,9980469,-0,09289815,-0,1482103,-0,0252327,0,9842596,0,9980469
40082,0,345,-0,09241124,-0,1225994,-0,02712091,0,9877723,0,9980469,-0,09291591,-0,1481992,-0,02511492,0,9842627,0,9980469
40096,0,345,-0,09244279,-0,1210951,-0,02714698,0,9879541,0,9980469,-0,09295356,-0,1467246,-0,02514946,0,9844791,0,9980469
40109,0,345,-0,09245346,-0,1210871,-0,02706035,0,9879566,0,9980469,-0,09296572,-0,146717,-0,02506798,0,9844812,0,9980469
40123,0,345,-0,09244727,-0,1227975,-0,02668377,0,9877562,0,9980469,-0,09295056,-0,1483937,-0,02469803,0,9842406,0,9980469
40137,0,345,-0,09245664,-0,1227905,-0,02660868,0,9877583,0,9980469,-0,09296262,-0,1483862,-0,02461818,0,9842426,0,9980469
40151,0,345,-0,09246976,-0,1227806,-0,02650312,0,987761,0,9980469,-0,09297851,-0,1483762,-0,02451291,0,9842452,0,9980469
40165,0,345,-0,09177546,-0,1196431,-0,02665363,0,9882067,0,9980469,-0,09229305,-0,1452942,-0,0246428,0,9847662,0,9980469
40179,0,345,-0,09177884,-0,1196406,-0,02662569,0,9882075,0,9980469,-0,0922984,-0,1452908,-0,02460654,0,9847671,0,9980469
40193,0,345,-0,09183428,-0,1217326,-0,02635287,0,987954,0,9980469,-0,09233961,-0,1473419,-0,0243244,0,9844653,0,9980469
40207,0,345,-0,09184603,-0,1217237,-0,02625741,0,9879566,0,9980469,-0,09235603,-0,1473317,-0,02421483,0,9844682,0,9980469
40221,0,345,-0,0927389,-0,1195102,-0,02648542,0,9881374,0,9980469,-0,09323425,-0,1451642,-0,02445984,0,9847012,0,9980469
40235,0,345,-0,09272077,-0,1195243,-0,02663515,0,9881333,0,9980469,-0,0932125,-0,1451782,-0,0246075,0,9846975,0,9980469
40249,0,345,-0,09266968,-0,119564,-0,02705787,0,9881219,0,9980469,-0,09314944,-0,1452187,-0,02503514,0,9846868,0,9980469
40263,0,345,-0,09295965,-0,1220396,-0,0272256,0,9877872,0,9980469,-0,09341406,-0,1476524,-0,02522161,0,984295,0,9980469
40277,0,345,-0,09296401,-0,1220362,-0,02719041,0,9877883,0,9980469,-0,09341782,-0,14765,-0,02519645,0,9842957,0,9980469
40291,0,345,-0,09303385,-0,1244935,-0,02690636,0,9874828,0,9980469,-0,09349623,-0,1500609,-0,02492988,0,9839303,0,9980469
40304,0,345,-0,09304176,-0,1244876,-0,02684327,0,9874845,0,9980469,-0,09350425,-0,1500558,-0,02487723,0,9839317,0,9980469
40318,0,345,-0,09304313,-0,1244866,-0,02683285,0,9874849,0,9980469,-0,09350417,-0,1500559,-0,02487784,0,9839316,0,9980469
40332,0,345,-0,09550048,-0,1253132,-0,0271293,0,9871374,0,9980469,-0,09591268,-0,1508722,-0,02523699,0,9835657,0,9980469
40346,0,345,-0,09551251,-0,1253041,-0,02703484,0,9871401,0,9980469,-0,09592625,-0,1508637,-0,02514871,0,983568,0,9980469
40360,0,345,-0,09507763,-0,1241481,-0,02690364,0,9873316,0,9980469,-0,09550111,-0,1497267,-0,02501111,0,9837866,0,9980469
40374,0,345,-0,09511174,-0,124122,-0,02663259,0,9873391,0,9980469,-0,09554137,-0,149701,-0,02474641,0,9837933,0,9980469
40388,0,345,-0,09441009,-0,1250831,-0,02651376,0,9872882,0,9980469,-0,09483695,-0,1506412,-0,02461343,0,9837212,0,9980469
40402,0,345,-0,09439269,-0,1250963,-0,02665129,0,9872846,0,9980469,-0,09481523,-0,1506549,-0,02475532,0,9837178,0,9980469
40416,0,345,-0,0943657,-0,1251166,-0,02686408,0,9872788,0,9980469,-0,09478061,-0,1506767,-0,02498132,0,9837119,0,9980469
40430,0,345,-0,09290469,-0,1213576,-0,02703728,0,9878817,0,9980469,-0,09334688,-0,1469876,-0,02513449,0,984403,0,9980469
40444,0,345,-0,09290807,-0,121355,-0,02700975,0,9878824,0,9980469,-0,09334834,-0,1469868,-0,02512478,0,9844034,0,9980469
40458,0,345,-0,09256328,-0,1245916,-0,02672169,0,9875196,0,9980469,-0,09299823,-0,1501632,-0,02483027,0,9839643,0,9980469
40471,0,345,-0,09254522,-0,124605,-0,0268647,0,9875157,0,9980469,-0,09297606,-0,1501769,-0,02497551,0,9839606,0,9980469
40485,0,345,-0,08918228,-0,1219207,-0,02694721,0,9881578,0,9980469,-0,08967797,-0,1475391,-0,02497086,0,9846659,0,9980469
40499,0,345,-0,08916304,-0,1219347,-0,02710299,0,9881535,0,9980469,-0,08965696,-0,1475518,-0,02511091,0,9846622,0,9980469
40513,0,345,-0,08917231,-0,1219279,-0,0270276,0,9881556,0,9980469,-0,08966938,-0,1475442,-0,02502808,0,9846643,0,9980469
40527,0,345,-0,0891908,-0,1232093,-0,02654631,0,9880081,0,9980469,-0,08971022,-0,148801,-0,02453465,0,9844839,0,9980469
40541,0,345,-0,08920789,-0,1231968,-0,02640898,0,9880117,0,9980469,-0,08973135,-0,1487882,-0,02439462,0,9844873,0,9980469
40555,0,345,-0,09053782,-0,1231556,-0,02668112,0,9878886,0,9980469,-0,09103681,-0,1487511,-0,02469699,0,9843656,0,9980469
40569,0,345,-0,09052862,-0,1231624,-0,02675498,0,9878865,0,9980469,-0,09102491,-0,1487583,-0,02477559,0,9843636,0,9980469
40583,0,345,-0,09051672,-0,1231712,-0,02685056,0,987884,0,9980469,-0,09100963,-0,1487677,-0,02487674,0,9843611,0,9980469
40597,0,345,-0,09316052,-0,1229206,-0,02727207,0,9876577,0,9980469,-0,09359952,-0,1485268,-0,02536358,0,9841421,0,9980469
40610,0,345,-0,09315507,-0,1229248,-0,02731631,0,9876566,0,9980469,-0,09359246,-0,1485313,-0,0254107,0,9841409,0,9980469
40624,0,345,-0,0930538,-0,1211828,-0,02758921,0,9878738,0,9980469,-0,09349826,-0,1468202,-0,0256841,0,9843994,0,9980469
40638,0,345,-0,09304212,-0,1211919,-0,0276848,0,9878711,0,9980469,-0,09348363,-0,1468295,-0,02578238,0,9843971,0,9980469
40652,0,345,-0,09264405,-0,1211161,-0,02764795,0,9879189,0,9980469,-0,0931014,-0,1467521,-0,02573172,0,9844459,0,9980469
40666,0,345,-0,0926502,-0,1211114,-0,02759775,0,9879203,0,9980469,-0,09311,-0,1467466,-0,02567407,0,9844475,0,9980469
40681,0,345,-0,09264269,-0,1211171,-0,02765883,0,9879187,0,9980469,-0,09310254,-0,1467513,-0,02572421,0,9844462,0,9980469
40694,0,345,-0,09226021,-0,1234554,-0,02736153,0,9876731,0,9980469,-0,09273068,-0,1490401,-0,02540031,0,9841458,0,9980469
40708,0,345,-0,09228212,-0,1234391,-0,02718641,0,987678,0,9980469,-0,09275781,-0,1490232,-0,0252213,0,9841505,0,9980469
40722,0,345,-0,09125404,-0,1232948,-0,02705745,0,987795,0,9980469,-0,09175658,-0,1488758,-0,02506606,0,9842706,0,9980469
40736,0,345,-0,09125283,-0,1232956,-0,02706711,0,9877949,0,9980469,-0,09175515,-0,1488766,-0,02507561,0,9842705,0,9980469
40750,0,345,-0,09125666,-0,1232927,-0,0270361,0,9877955,0,9980469,-0,09175943,-0,1488739,-0,0250472,0,984271,0,9980469
40764,0,345,-0,0914935,-0,1212409,-0,02708162,0,9880265,0,9980469,-0,09200085,-0,1468598,-0,02510194,0,9845498,0,9980469
40778,0,345,-0,091516,-0,1212238,-0,02689807,0,9880315,0,9980469,-0,09202768,-0,1468429,-0,02492179,0,9845543,0,9980469
40792,0,345,-0,09165426,-0,1152358,-0,02732797,0,9887233,0,9980469,-0,09217744,-0,1409663,-0,02535541,0,9853878,0,9980469
40805,0,345,-0,09166005,-0,1152312,-0,02727846,0,9887245,0,9980469,-0,09218432,-0,1409618,-0,0253071,0,985389,0,9980469
40819,0,345,-0,09334759,-0,0916464,-0,02927283,0,9909744,0,9980469,-0,09391031,-0,1177781,-0,02735581,0,988211,0,9980469
40833,0,345,-0,09334757,-0,09164646,-0,02927328,0,9909745,0,9980469,-0,09391039,-0,1177781,-0,02735555,0,988211,0,9980469
40848,0,345,-0,09334314,-0,09165096,-0,02932116,0,9909731,0,9980469,-0,09390462,-0,1177827,-0,02740377,0,9882097,0,9980469
40861,0,345,-0,09851027,-0,06155176,-0,03203142,0,9927142,0,9980469,-0,09911076,-0,08810174,-0,03027003,0,9907063,0,9980469
40875,0,345,-0,09850633,-0,06155805,-0,03209503,0,992712,0,9980469,-0,09910563,-0,08810744,-0,0303274,0,9907045,0,9980469
40889,0,345,-0,09865553,-0,06089559,-0,03233948,0,9927302,0,9980469,-0,09925588,-0,08745584,-0,03057525,0,9907396,0,9980469
40903,0,345,-0,09863724,-0,06092517,-0,0326373,0,9927204,0,9980469,-0,09922859,-0,08748677,-0,03088417,0,9907301,0,9980469
40917,0,345,-0,09864103,-0,06091906,-0,03257561,0,9927223,0,9980469,-0,09923275,-0,08748202,-0,03083686,0,9907315,0,9980469
40931,0,345,-0,09864717,-0,0588509,-0,03246324,0,9928502,0,9980469,-0,09926844,-0,08543758,-0,03073809,0,9909094,0,9980469
40945,0,345,-0,09865783,-0,05883307,-0,03228367,0,9928561,0,9980469,-0,09928317,-0,08542051,-0,03056752,0,9909147,0,9980469
40959,0,345,-0,1020236,-0,0584646,-0,03234741,0,9925357,0,9980469,-0,1026208,-0,08506726,-0,03073192,0,9905998,0,9980469
40973,0,345,-0,1020236,-0,05846451,-0,03234643,0,9925356,0,9980469,-0,10262,-0,08506824,-0,03074154,0,9905996,0,9980469
40987,0,345,-0,1016306,-0,05810768,-0,03238035,0,9925959,0,9980469,-0,1022179,-0,08471125,-0,03076845,0,990671,0,9980469
41000,0,345,-0,1016292,-0,0581101,-0,03240415,0,992595,0,9980469,-0,1022153,-0,0847144,-0,03079901,0,99067,0,9980469
41015,0,345,-0,1016297,-0,05810933,-0,03239659,0,9925953,0,9980469,-0,1022158,-0,08471384,-0,03079359,0,9906702,0,9980469
41029,0,345,-0,1026458,-0,05762377,-0,03247944,0,9925162,0,9980469,-0,1032147,-0,08423507,-0,03090265,0,990604,0,9980469
41042,0,345,-0,1026389,-0,05763609,-0,03259839,0,9925125,0,9980469,-0,1032049,-0,08424703,-0,03101726,0,9906004,0,9980469
41056,0,345,-0,09910045,-0,05779739,-0,03240961,0,9928686,0,9980469,-0,09970189,-0,08439364,-0,03073499,0,9909554,0,9980469
41070,0,0,-0,09910645,-0,05778706,-0,03230605,0,9928721,0,9980469,-0,09971032,-0,08438367,-0,03063595,0,9909585,0,9980469
41084,0,0,-0,09911759,-0,05776807,-0,03211563,0,9928783,0,9980469,-0,09972534,-0,08436598,-0,03045997,0,9909639,0,9980469
41098,0,0,-0,1067192,-0,0569623,-0,03231226,0,9921303,0,9980469,-0,1072572,-0,08360262,-0,03087016,0,9902292,0,9980469
41112,0,0,-0,106726,-0,05694956,-0,03219357,0,9921342,0,9980469,-0,1072673,-0,08358972,-0,03075102,0,9902329,0,9980469
41126,0,0,-0,1064705,-0,0572337,-0,03217915,0,9921458,0,9980469,-0,1070008,-0,08387218,-0,03072591,0,9902385,0,9980469
41140,0,0,-0,1064602,-0,0572527,-0,03235638,0,9921398,0,9980469,-0,1069865,-0,08389034,-0,03089414,0,9902334,0,9980469
41154,0,0,-0,1062704,-0,05654741,-0,03257649,0,9921934,0,9980469,-0,106787,-0,08319197,-0,0310933,0,9903076,0,9980469
41167,0,0,-0,1062775,-0,05653394,-0,03245064,0,9921977,0,9980469,-0,1067999,-0,08317537,-0,03093942,0,9903123,0,9980469
41182,0,0,-0,1062849,-0,05652009,-0,03232139,0,9922018,0,9980469,-0,1068116,-0,08316042,-0,03080073,0,9903167,0,9980469
41195,0,0,-0,1017265,-0,04886722,-0,03256262,0,9930777,0,9980469,-0,1023444,-0,07556719,-0,03093523,0,991392,0,9980469
41209,0,0,-0,1017221,-0,04887658,-0,03265388,0,9930748,0,9980469,-0,1023378,-0,07557613,-0,03102195,0,9913894,0,9980469
41223,0,0,-0,0997242,-0,03157938,-0,03379922,0,9939393,0,9980469,-0,1004355,-0,05841888,-0,0321502,0,9927065,0,9980469
41237,0,0,-0,0997192,-0,0315953,-0,03395785,0,993934,0,9980469,-0,1004257,-0,0584357,-0,03231623,0,9927012,0,9980469
41251,0,0,-0,09971613,-0,0316049,-0,03405374,0,9939307,0,9980469,-0,1004194,-0,05844649,-0,03242288,0,9926978,0,9980469
41265,0,0,-0,09978043,-0,03079845,-0,03408878,0,9939483,0,9980469,-0,1004948,-0,05764658,-0,03247055,0,9927353,0,9980469
41279,0,0,-0,09978067,-0,03079783,-0,03408242,0,9939486,0,9980469,-0,100495,-0,05764632,-0,03246792,0,9927355,0,9980469
41293,0,0,-0,1011612,0,000857329,-0,03599143,0,9942185,0,9980469,-0,1020323,-0,02615773,-0,0344753,0,9938394,0,9980469
41307,0,0,-0,1011612,0,0008644992,-0,03592096,0,9942211,0,9980469,-0,1020342,-0,02615054,-0,0344053,0,9938418,0,9980469
41321,0,0,-0,1010084,0,0009629698,-0,0358319,0,9942397,0,9980469,-0,1018878,-0,02605124,-0,03431178,0,9938627,0,9980469
41334,0,0,-0,1010084,0,0009592809,-0,03586819,0,9942384,0,9980469,-0,1018872,-0,02605406,-0,03433925,0,9938617,0,9980469
41349,0,0,-0,1010085,0,0009498084,-0,03596145,0,994235,0,9980469,-0,1018849,-0,02606288,-0,03442534,0,9938588,0,9980469
41362,0,0,-0,1009186,0,00243559,-0,03606099,0,994238,0,9980469,-0,101801,-0,02457986,-0,03452029,0,9939018,0,9980469
41376,0,0,-0,1009189,0,002426553,-0,03615003,0,9942349,0,9980469,-0,1017988,-0,02458888,-0,03460821,0,9938989,0,9980469
41390,0,0,-0,1020679,0,000823983,-0,03602905,0,9941244,0,9980469,-0,1029391,-0,02619027,-0,03451429,0,9937436,0,9980469
41404,0,0,-0,1020679,0,0008283071,-0,03598693,0,994126,0,9980469,-0,1029402,-0,02618615,-0,03447446,0,993745,0,9980469
41418,0,0,-0,1020678,0,0008379072,-0,03589344,0,9941294,0,9980469,-0,1029425,-0,02617732,-0,03438915,0,993748,0,9980469
41432,0,0,-0,1021378,0,001078021,-0,0358627,0,9941232,0,9980469,-0,1030161,-0,02593763,-0,03436189,0,9937476,0,9980469
41446,0,0,-0,1021377,0,001084876,-0,03579597,0,9941254,0,9980469,-0,1030178,-0,0259305,-0,03429316,0,9937499,0,9980469
41460,0,0,-0,09804096,-0,0001378171,-0,03572164,0,994541,0,9980469,-0,09892504,-0,02713317,-0,03410251,0,9941401,0,9980469
41473,0,0,-0,09804094,-0,0001467448,-0,0358122,0,9945378,0,9980469,-0,09892275,-0,02714156,-0,03418694,0,9941373,0,9980469
41488,0,0,-0,098102,-0,000468879,-0,03596899,0,994526,0,9980469,-0,09897468,-0,02746304,-0,03433895,0,9941181,0,9980469
41501,0,0,-0,098102,-0,0004693437,-0,03597368,0,994526,0,9980469,-0,0989747,-0,02746294,-0,03433787,0,9941182,0,9980469
41516,0,0,-0,09810201,-0,0004566796,-0,03584529,0,9945305,0,9980469,-0,09897827,-0,02744998,-0,03420792,0,9941226,0,9980469
41530,0,0,-0,09854008,-0,008156438,-0,03535527,0,9944715,0,9980469,-0,09938499,-0,03512269,-0,03371174,0,9938574,0,9980469
41543,0,0,-0,09854037,-0,008152907,-0,03531959,0,9944727,0,9980469,-0,09938639,-0,0351188,-0,03367293,0,9938588,0,9980469
41557,0,0,-0,1002652,-0,008197956,-0,03547226,0,9942945,0,9980469,-0,1010982,-0,03517141,-0,03387854,0,9936773,0,9980469
41571,0,0,-0,100262,-0,008237259,-0,03586199,0,9942806,0,9980469,-0,1010835,-0,03521361,-0,03429334,0,9936631,0,9980469
41585,0,0,-0,09768216,-0,008113947,-0,03584607,0,9945388,0,9980469,-0,0985204,-0,03508156,-0,03422258,0,9939275,0,9980469
41599,0,0,-0,09768371,-0,008095464,-0,03565791,0,9945456,0,9980469,-0,09852686,-0,03506346,-0,03403994,0,9939339,0,9980469
41613,0,0,-0,09768499,-0,008079904,-0,03549949,0,9945513,0,9980469,-0,09853216,-0,03504851,-0,03388933,0,993939,0,9980469
41627,0,0,-0,0990555,-0,005203184,-0,03570272,0,9944277,0,9980469,-0,09991695,-0,0321871,-0,03413377,0,9938892,0,9980469
41641,0,0,-0,09905536,-0,005205666,-0,03572765,0,9944268,0,9980469,-0,09991616,-0,03218945,-0,0341574,0,9938883,0,9980469
41655,0,0,-0,09886943,-0,007669722,-0,03580189,0,9944265,0,9980469,-0,0997091,-0,03464123,-0,03421078,0,9938248,0,9980469
41668,0,0,-0,09886841,-0,007682362,-0,03592902,0,994422,0,9980469,-0,09970486,-0,03465346,-0,03433265,0,9938206,0,9980469
41683,0,0,-0,09886905,-0,007674843,-0,0358534,0,9944248,0,9980469,-0,0997075,-0,03464595,-0,03425766,0,9938232,0,9980469
41697,0,0,-0,1004607,-0,007434473,-0,03575548,0,9942706,0,9980469,-0,1013034,-0,03441193,-0,03420267,0,993672,0,9980469
41710,0,0,-0,1004604,-0,007438134,-0,0357917,0,9942694,0,9980469,-0,1013021,-0,03441589,-0,03424158,0,9936706,0,9980469
41724,0,0,-0,1005121,-0,007509135,-0,0359531,0,9942578,0,9980469,-0,1013496,-0,03448758,-0,03440821,0,9936575,0,9980469
41738,0,0,-0,100511,-0,007523627,-0,03609649,0,9942526,0,9980469,-0,1013446,-0,03450239,-0,03455348,0,9936523,0,9980469
41752,0,0,-0,1004649,-0,007587439,-0,03616339,0,9942544,0,9980469,-0,101303,-0,03456613,-0,03462189,0,9936521,0,9980469
41766,0,0,-0,100466,-0,00757296,-0,03602013,0,9942594,0,9980469,-0,1013079,-0,03455178,-0,03448126,0,9936568,0,9980469
41781,0,0,-0,1004668,-0,007562239,-0,03591406,0,9942632,0,9980469,-0,101312,-0,03453965,-0,03436242,0,9936609,0,9980469
41794,0,0,-0,1001854,-0,007384251,-0,03593958,0,9942922,0,9980469,-0,1010377,-0,03435816,-0,03434972,0,9936957,0,9980469
41808,0,0,-0,1001825,-0,007423325,-0,03632741,0,9942781,0,9980469,-0,1010251,-0,03439511,-0,03471337,0,993683,0,9980469
41822,0,0,-0,1011145,-0,00875832,-0,03652697,0,9941655,0,9980469,-0,1019417,-0,03572557,-0,03490755,0,9935356,0,9980469
41836,0,0,-0,1011147,-0,008756705,-0,03651112,0,994166,0,9980469,-0,101943,-0,03572208,-0,03487352,0,9935368,0,9980469
41850,0,0,-0,101115,-0,008753497,-0,03647958,0,9941673,0,9980469,-0,1019443,-0,03571839,-0,03483748,0,9935383,0,9980469
41864,0,0,-0,1013932,-0,008747363,-0,03652104,0,9941374,0,9980469,-0,1022385,-0,03571326,-0,03489433,0,993506,0,9980469
41877,0,0,-0,1013923,-0,008758214,-0,03662743,0,9941335,0,9980469,-0,1022342,-0,03572568,-0,03501504,0,9935018,0,9980469
41891,0,0,-0,1020165,-0,008548649,-0,03692706,0,9940603,0,9980469,-0,1028589,-0,03552057,-0,0353501,0,9934329,0,9980469
41905,0,0,-0,1020157,-0,008557476,-0,03701313,0,9940572,0,9980469,-0,1028551,-0,03553141,-0,03545491,0,9934291,0,9980469
41919,0,0,-0,1011669,-0,008186088,-0,03706055,0,9941453,0,9980469,-0,1020231,-0,03515724,-0,03548838,0,9935271,0,9980469
41933,0,0,-0,1011674,-0,008180047,-0,0370012,0,9941475,0,9980469,-0,1020251,-0,03515156,-0,03543304,0,993529,0,9980469
41947,0,0,-0,101168,-0,008172956,-0,03693154,0,9941501,0,9980469,-0,1020276,-0,03514427,-0,03536194,0,9935315,0,9980469
41961,0,0,-0,09870814,-0,009169582,-0,03685784,0,9943916,0,9980469,-0,09958241,-0,03612526,-0,03522002,0,9937496,0,9980469
41975,0,0,-0,09870744,-0,009176848,-0,03693105,0,9943886,0,9980469,-0,09957977,-0,03613248,-0,03529222,0,9937468,0,9980469
41989,0,0,-0,0985871,-0,01044752,-0,03700202,0,9943854,0,9980469,-0,09945124,-0,0373962,-0,03535758,0,9937106,0,9980469
42002,0,0,-0,09858555,-0,01046228,-0,03715099,0,9943799,0,9980469,-0,09944575,-0,03741084,-0,03550392,0,9937055,0,9980469
42017,0,0,-0,09858429,-0,01047396,-0,0372688,0,9943755,0,9980469,-0,09944123,-0,03742277,-0,03562316,0,9937012,0,9980469
42030,0,0,-0,1010521,-0,01031904,-0,03734802,0,9941264,0,9980469,-0,101905,-0,03727743,-0,03576897,0,9934518,0,9980469
42044,0,0,-0,1010512,-0,01032835,-0,03743971,0,9941229,0,9980469,-0,1019017,-0,0372863,-0,03585543,0,9934487,0,9980469
42058,0,0,-0,1026265,-0,009652354,-0,03761103,0,9939619,0,9980469,-0,1034812,-0,03661877,-0,03606395,0,9933026,0,9980469
42072,0,0,-0,1026263,-0,009653906,-0,03762602,0,9939612,0,9980469,-0,1034807,-0,03662012,-0,03607677,0,9933022,0,9980469
42086,0,0,-0,1028497,-0,009651599,-0,03752054,0,9939423,0,9980469,-0,1037173,-0,03661801,-0,03597506,0,9932813,0,9980469
42100,0,0,-0,1028512,-0,009635169,-0,03736177,0,9939481,0,9980469,-0,1037233,-0,03660116,-0,03581357,0,9932871,0,9980469
42115,0,0,-0,1028534,-0,009610891,-0,03712719,0,9939569,0,9980469,-0,1037324,-0,03657509,-0,03556405,0,9932961,0,9980469
42128,0,0,-0,1029813,-0,009583165,-0,03702692,0,9939477,0,9980469,-0,1038631,-0,03654604,-0,03545035,0,9932875,0,9980469
42142,0,0,-0,1029822,-0,009573005,-0,03692885,0,9939513,0,9980469,-0,1038672,-0,03653457,-0,03534072,0,9932914,0,9980469
42156,0,0,-0,1017956,-0,00914418,-0,03697202,0,9940761,0,9980469,-0,1026765,-0,03610107,-0,03533435,0,9934313,0,9980469
42170,0,0,-0,1017957,-0,009142919,-0,03695976,0,9940764,0,9980469,-0,1026776,-0,03609796,-0,03530413,0,9934324,0,9980469
42184,0,0,-0,101795,-0,00915115,-0,03704005,0,9940736,0,9980469,-0,1026751,-0,03610525,-0,03537453,0,99343,0,9980469
42198,0,0,-0,1023489,-0,008974994,-0,03719498,0,9940126,0,9980469,-0,1032158,-0,03593206,-0,03554668,0,993374,0,9980469
42212,0,0,-0,102347,-0,008997045,-0,03740916,0,9940045,0,9980469,-0,103208,-0,03595424,-0,03576029,0,9933665,0,9980469
42226,0,0,-0,1028811,-0,009265731,-0,03765603,0,9939376,0,9980469,-0,1037341,-0,03622323,-0,03602073,0,9932924,0,9980469
42239,0,0,-0,1028785,-0,009295079,-0,03793962,0,9939268,0,9980469,-0,1037237,-0,03625304,-0,03630622,0,993282,0,9980469
42253,0,0,-0,1046333,-0,009683627,-0,03780762,0,9937448,0,9980469,-0,1054884,-0,03664576,-0,03622547,0,9930846,0,9980469
42267,0,0,-0,1046336,-0,009680129,-0,03777442,0,993746,0,9980469,-0,1054895,-0,03664237,-0,03619347,0,9930858,0,9980469
42282,0,0,-0,1046354,-0,009660003,-0,03758328,0,9937533,0,9980469,-0,1054964,-0,03662263,-0,03600766,0,9930925,0,9980469
42295,0,0,-0,1030968,-0,009512772,-0,03733396,0,993925,0,9980469,-0,1039836,-0,03646935,-0,03572651,0,993268,0,9980469
42309,0,0,-0,103098,-0,009499845,-0,03720937,0,9939297,0,9980469,-0,1039877,-0,03645773,-0,03561566,0,9932719,0,9980469
42323,0,0,-0,1017913,-0,01209292,-0,03701538,0,9940434,0,9980469,-0,1026659,-0,03903342,-0,035389,0,9933196,0,9980469
42337,0,0,-0,1017904,-0,01210087,-0,03709296,0,9940404,0,9980469,-0,1026626,-0,03904214,-0,03547354,0,9933165,0,9980469
42351,0,0,-0,1017919,-0,01208752,-0,03696269,0,9940453,0,9980469,-0,1026674,-0,03902958,-0,03535202,0,9933209,0,9980469
42365,0,0,-0,1005679,-0,01214134,-0,03706795,0,9941654,0,9980469,-0,1014358,-0,03908017,-0,0354363,0,9934425,0,9980469
42379,0,0,-0,1005646,-0,01216882,-0,03733961,0,9941553,0,9980469,-0,1014244,-0,03910983,-0,03572699,0,993432,0,9980469
42393,0,0,-0,101065,-0,01135055,-0,0374928,0,9941084,0,9980469,-0,1019189,-0,03829996,-0,03590912,0,9934064,0,9980469
42406,0,0,-0,1010641,-0,01135881,-0,037574,0,9941053,0,9980469,-0,1019155,-0,03830918,-0,0359989,0,9934033,0,9980469
42420,0,0,-0,1015355,-0,01072544,-0,03748481,0,9940677,0,9980469,-0,102401,-0,03768025,-0,03591655,0,9933802,0,9980469
42434,0,0,-0,101536,-0,01072029,-0,03743433,0,9940696,0,9980469,-0,1024034,-0,03767383,-0,03585423,0,9933825,0,9980469
42449,0,0,-0,1015374,-0,01070694,-0,03730366,0,9940745,0,9980469,-0,1024091,-0,03765833,-0,03570379,0,9933879,0,9980469
42462,0,0,-0,1017849,-0,01086948,-0,03736122,0,9940453,0,9980469,-0,1026574,-0,03781827,-0,03573444,0,9933552,0,9980469
42476,0,0,-0,1017826,-0,01089142,-0,0375755,0,9940372,0,9980469,-0,1026499,-0,03783845,-0,03592968,0,993348,0,9980469
42490,0,0,-0,1018156,-0,01089564,-0,03762784,0,9940318,0,9980469,-0,1026811,-0,03784135,-0,03596808,0,9933434,0,9980469
42504,0,0,-0,1018161,-0,01089047,-0,03757741,0,9940336,0,9980469,-0,1026831,-0,03783602,-0,0359166,0,9933452,0,9980469
42518,0,0,-0,09973744,-0,0119333,-0,03737081,0,9942403,0,9980469,-0,1006203,-0,0388652,-0,03566006,0,9935257,0,9980469
42532,0,0,-0,09973706,-0,01193651,-0,03740282,0,994239,0,9980469,-0,1006188,-0,03886898,-0,03569746,0,9935245,0,9980469
42546,0,0,-0,09973633,-0,01194248,-0,0374623,0,9942367,0,9980469,-0,100616,-0,03887624,-0,03576919,0,9935217,0,9980469
42560,0,0,-0,09986407,-0,009690548,-0,03762584,0,9942423,0,9980469,-0,1007527,-0,03663494,-0,035947,0,9935868,0,9980469
42574,0,0,-0,09986398,-0,009691615,-0,03763645,0,9942418,0,9980469,-0,1007523,-0,03663626,-0,03595993,0,9935862,0,9980469
42587,0,0,-0,1004339,-0,0122816,-0,03744808,0,9941629,0,9980469,-0,1013086,-0,03921535,-0,03579374,0,9934373,0,9980469
42601,0,0,-0,1004319,-0,01229762,-0,03760659,0,9941569,0,9980469,-0,1013013,-0,03923423,-0,03597899,0,9934306,0,9980469
42616,0,0,-0,1004304,-0,01231042,-0,03773336,0,9941522,0,9980469,-0,1012954,-0,03924962,-0,03612979,0,9934252,0,9980469
42630,0,0,-0,1019225,-0,008074516,-0,03808108,0,9940305,0,9980469,-0,1027997,-0,03504146,-0,03653669,0,993413,0,9980469
42643,0,0,-0,1019227,-0,008071999,-0,03805649,0,9940314,0,9980469,-0,1028006,-0,03503888,-0,03651173,0,993414,0,9980469
42657,0,0,-0,1007811,-0,008770978,-0,03790354,0,9941477,0,9980469,-0,1016714,-0,03573002,-0,03631749,0,9935126,0,9980469
42671,0,0,-0,1007826,-0,00875346,-0,03773075,0,9941543,0,9980469,-0,1016777,-0,03571199,-0,03614148,0,9935189,0,9980469
42685,0,0,-0,1010193,-0,008741589,-0,0376133,0,9941348,0,9980469,-0,1019185,-0,03570265,-0,03603366,0,9934987,0,9980469
42699,0,0,-0,10102,-0,008733491,-0,03753362,0,9941378,0,9980469,-0,1019212,-0,03569497,-0,03595884,0,9935014,0,9980469
42713,0,0,-0,1010208,-0,008723753,-0,03743778,0,9941415,0,9980469,-0,1019239,-0,03568717,-0,03588277,0,9935042,0,9980469
42727,0,0,-0,1037354,-0,009041169,-0,03732156,0,9938634,0,9980469,-0,1046163,-0,03601542,-0,03584635,0,9932137,0,9980469
42741,0,0,-0,1037371,-0,009022467,-0,03714235,0,9938701,0,9980469,-0,1046226,-0,03599711,-0,03567233,0,99322,0,9980469
42755,0,0,-0,1035014,-0,01078402,-0,03692701,0,993885,0,9980469,-0,1043684,-0,03774864,-0,03544552,0,9931898,0,9980469
42769,0,0,-0,1035018,-0,01077993,-0,03688783,0,9938865,0,9980469,-0,1043698,-0,03774484,-0,03540918,0,9931911,0,9980469
42783,0,0,-0,103502,-0,01077802,-0,03686945,0,9938872,0,9980469,-0,1043705,-0,03774279,-0,03538968,0,9931918,0,9980469
42797,0,0,-0,1029445,-0,01112964,-0,03681292,0,9939435,0,9980469,-0,1037997,-0,03808993,-0,03531561,0,993241,0,9980469
42810,0,0,-0,1029453,-0,01112154,-0,03673483,0,9939463,0,9980469,-0,1038029,-0,03808121,-0,03523227,0,9932439,0,9980469
42824,0,0,-0,1009245,-0,01120016,-0,0366156,0,9941571,0,9980469,-0,1017857,-0,03815068,-0,03504983,0,9934565,0,9980469
42838,0,0,-0,1009251,-0,01119501,-0,03656486,0,9941589,0,9980469,-0,1017881,-0,03814441,-0,0349888,0,9934586,0,9980469
42852,0,0,-0,1013613,-0,01134616,-0,03659133,0,9941118,0,9980469,-0,1022127,-0,03829577,-0,03500648,0,9934086,0,9980469
42866,0,0,-0,1013592,-0,01136422,-0,03676845,0,9941054,0,9980469,-0,1022061,-0,03831341,-0,03517794,0,9934025,0,9980469
42880,0,0,-0,1013556,-0,01139718,-0,03709172,0,9940934,0,9980469,-0,1021933,-0,03834737,-0,03550804,0,9933907,0,9980469
42894,0,0,-0,1014066,-0,008973625,-0,03727272,0,9941061,0,9980469,-0,1022547,-0,03593726,-0,03570407,0,9934676,0,9980469
42908,0,0,-0,1014076,-0,008962044,-0,0371592,0,9941104,0,9980469,-0,1022579,-0,03592838,-0,03561769,0,9934707,0,9980469
42922,0,0,-0,1016195,-0,008883311,-0,0371656,0,9940893,0,9980469,-0,1024805,-0,03585193,-0,03564707,0,9934495,0,9980469
42936,0,0,-0,1016207,-0,008869676,-0,03703224,0,9940942,0,9980469,-0,102485,-0,03583905,-0,03552231,0,9934539,0,9980469
42950,0,0,-0,1016214,-0,00886236,-0,03696063,0,994097,0,9980469,-0,1024875,-0,03583197,-0,03545355,0,9934563,0,9980469
42963,0,0,-0,1015519,-0,008297472,-0,03696377,0,9941087,0,9980469,-0,1024234,-0,03526827,-0,03545193,0,9934832,0,9980469
42977,0,0,-0,1015524,-0,008290991,-0,0369003,0,9941111,0,9980469,-0,1024259,-0,035261,-0,03538153,0,9934857,0,9980469
42991,0,0,-0,1017518,-0,008118032,-0,03684206,0,9940942,0,9980469,-0,1026205,-0,035089,-0,03532768,0,9934736,0,9980469
43005,0,0,-0,1017527,-0,008107035,-0,0367346,0,9940982,0,9980469,-0,1026242,-0,03507817,-0,03522279,0,9934773,0,9980469
43019,0,0,-0,1013187,-0,009298676,-0,0367022,0,9941334,0,9980469,-0,1021772,-0,03626327,-0,03518224,0,9934823,0,9980469
43033,0,0,-0,1013179,-0,009308038,-0,03679406,0,99413,0,9980469,-0,1021735,-0,03627378,-0,03528439,0,9934787,0,9980469
43047,0,0,-0,101316,-0,009327897,-0,03698894,0,9941226,0,9980469,-0,1021658,-0,03629529,-0,03549349,0,9934713,0,9980469
43061,0,0,-0,1014509,-0,009424933,-0,03691808,0,9941109,0,9980469,-0,1022985,-0,03639364,-0,03543402,0,9934562,0,9980469
43075,350,0,-0,101453,-0,009401478,-0,03668826,0,9941192,0,9980469,-0,1023065,-0,03637099,-0,03521398,0,9934639,0,9980469
43089,350,0,-0,1010902,-0,00883013,-0,03658611,0,9941651,0,9980469,-0,1019542,-0,03580103,-0,03510156,0,9935248,0,9980469
43103,350,0,-0,1010905,-0,008826305,-0,03654842,0,9941666,0,9980469,-0,1019554,-0,03579764,-0,03506846,0,993526,0,9980469
43117,350,0,-0,1010891,-0,008842887,-0,03671154,0,9941606,0,9980469,-0,1019495,-0,0358145,-0,0352327,0,9935203,0,9980469
43131,350,0,-0,1013375,-0,00907396,-0,03680179,0,9941299,0,9980469,-0,1021844,-0,0360465,-0,0353257,0,9934844,0,9980469
43145,350,0,-0,1013383,-0,00906386,-0,03670271,0,9941334,0,9980469,-0,1021881,-0,03603576,-0,03522132,0,993488,0,9980469
43158,350,0,-0,1012644,-0,009895053,-0,03657851,0,9941376,0,9980469,-0,1021145,-0,03686334,-0,03509415,0,9934699,0,9980469
43172,350,0,-0,1012645,-0,0098939,-0,03656716,0,9941381,0,9980469,-0,1021147,-0,03686274,-0,03508831,0,9934701,0,9980469
43186,350,0,-0,1014312,-0,009862835,-0,03664083,0,9941188,0,9980469,-0,1022751,-0,03683361,-0,0351765,0,9934515,0,9980469
43200,350,0,-0,1014301,-0,009874482,-0,03675501,0,9941145,0,9980469,-0,1022702,-0,03684698,-0,03530648,0,9934469,0,9980469
43215,350,0,-0,1014295,-0,009880741,-0,03681631,0,9941123,0,9980469,-0,1022674,-0,03685478,-0,03538218,0,9934441,0,9980469
43229,350,0,-0,1008793,-0,009571102,-0,03692158,0,9941673,0,9980469,-0,1017191,-0,03654423,-0,03548048,0,9935085,0,9980469
43242,350,0,-0,1008782,-0,00958255,-0,03703444,0,9941632,0,9980469,-0,1017147,-0,03655641,-0,03559949,0,9935042,0,9980469
43256,350,0,-0,1018673,-0,009285837,-0,03722297,0,9940581,0,9980469,-0,1027009,-0,03626594,-0,03583053,0,993405,0,9980469
43270,350,0,-0,1018667,-0,00929258,-0,03728882,0,9940556,0,9980469,-0,1026979,-0,0362746,-0,0359142,0,9934021,0,9980469
43284,350,0,-0,1018669,-0,009291016,-0,03727354,0,9940562,0,9980469,-0,1026982,-0,03627364,-0,03590484,0,9934025,0,9980469
43298,350,0,-0,1038899,-0,009380196,-0,03725725,0,9938465,0,9980469,-0,1047224,-0,0363709,-0,0359458,0,9931859,0,9980469
43311,350,0,-0,1038899,-0,009380201,-0,03725731,0,9938465,0,9980469,-0,1047224,-0,03637109,-0,03594756,0,9931859,0,9980469
43325,350,0,-0,160682,-0,007543703,-0,03772645,0,9862561,0,9980469,-0,1612623,-0,03492672,-0,03795825,0,9855627,0,9980469
43339,350,0,-0,1606818,-0,007547171,-0,03774774,0,9862553,0,9980469,-0,1612618,-0,03492943,-0,03797487,0,985562,0,9980469
43353,350,0,-0,1636722,-0,0006833225,-0,03764443,0,9857961,0,9980469,-0,1643352,-0,02812209,-0,03796562,0,9852725,0,9980469
43367,350,0,-0,1636722,-0,0006804429,-0,03762709,0,9857968,0,9980469,-0,1643358,-0,0281182,-0,03794241,0,9852734,0,9980469
43382,350,0,-0,1636723,-0,0006785588,-0,03761572,0,9857971,0,9980469,-0,1643362,-0,02811592,-0,03792876,0,9852738,0,9980469
43395,350,0,-0,1637405,-0,0005835276,-0,0375737,0,9857875,0,9980469,-0,1644048,-0,02802251,-0,03789419,0,9852664,0,9980469
43409,350,0,-0,1637406,-0,000573867,-0,03751555,0,9857897,0,9980469,-0,1644062,-0,02801436,-0,03784534,0,9852683,0,9980469
43423,350,0,-0,1643411,-0,001050307,-0,03747492,0,985691,0,9980469,-0,164995,-0,02849399,-0,03781947,0,9851571,0,9980469
43437,350,0,-0,1643411,-0,001038928,-0,03740664,0,9856935,0,9980469,-0,1649972,-0,02848135,-0,03774402,0,9851599,0,9980469
43451,350,0,-0,1643412,-0,00103422,-0,03737839,0,9856946,0,9980469,-0,1649983,-0,02847506,-0,0377064,0,9851615,0,9980469
43465,350,0,-0,1645662,-0,001138498,-0,03732014,0,9856591,0,9980469,-0,165217,-0,02857941,-0,03764534,0,9851241,0,9980469
43478,350,0,-0,1645663,-0,001136241,-0,03730664,0,9856597,0,9980469,-0,1652175,-0,02857675,-0,03762946,0,9851248,0,9980469
43492,350,0,-0,1655989,-0,0007946361,-0,03703685,0,9854972,0,9980469,-0,166251,-0,02824612,-0,03738973,0,9849694,0,9980469
43506,350,0,-0,165599,-0,0007696114,-0,0368879,0,9855028,0,9980469,-0,1662557,-0,0282186,-0,03722666,0,9849756,0,9980469
43520,350,0,-0,173244,0,001161144,-0,03709954,0,9841793,0,9980469,-0,1738818,-0,02637061,-0,03764308,0,9836935,0,9980469
43534,350,0,-0,1732442,0,001111385,-0,03738221,0,9841686,0,9980469,-0,1738741,-0,02642106,-0,03792857,0,9836825,0,9980469
43549,350,0,-0,1732441,0,001127439,-0,03729102,0,9841721,0,9980469,-0,1738765,-0,02640552,-0,03784057,0,9836859,0,9980469
43562,350,0,-0,1749432,0,001442939,-0,03709772,0,9838784,0,9980469,-0,1755803,-0,02611019,-0,03770092,0,9833966,0,9980469
43576,350,0,-0,1749429,0,001475474,-0,03691478,0,9838853,0,9980469,-0,1755851,-0,02607773,-0,03751911,0,9834034,0,9980469
43590,350,0,-0,1749822,0,001926769,-0,03676893,0,9838829,0,9980469,-0,1756348,-0,02563,-0,03738256,0,9834115,0,9980469
43604,350,0,-0,1749822,0,001924252,-0,0367831,0,9838825,0,9980469,-0,1756342,-0,02563391,-0,03740444,0,9834106,0,9980469
43618,350,0,-0,1749823,0,001919379,-0,03681051,0,9838815,0,9980469,-0,1756335,-0,02563916,-0,03743383,0,9834095,0,9980469
43632,350,0,-0,1748384,0,001229515,-0,03684777,0,9839067,0,9980469,-0,1754695,-0,02632614,-0,03746824,0,9834194,0,9980469
43646,350,0,-0,1748382,0,001248272,-0,0367422,0,9839107,0,9980469,-0,1754722,-0,02630786,-0,03736584,0,9834232,0,9980469
43660,350,0,-0,1746742,0,001949139,-0,03658639,0,9839445,0,9980469,-0,1753185,-0,02560941,-0,03721764,0,9834747,0,9980469
43674,350,0,-0,1746741,0,001955086,-0,03655286,0,9839457,0,9980469,-0,1753192,-0,02560529,-0,0371945,0,9834756,0,9980469
43688,350,0,-0,1744803,0,0007178541,-0,03660251,0,9839799,0,9980469,-0,1750973,-0,02683772,-0,03724487,0,9834803,0,9980469
43701,350,0,-0,1744803,0,0007101251,-0,03664615,0,9839783,0,9980469,-0,175096,-0,02684694,-0,03729661,0,9834784,0,9980469
43716,350,0,-0,1744802,0,0007325318,-0,03651977,0,983983,0,9980469,-0,1750991,-0,02682622,-0,03718025,0,9834828,0,9980469
43729,350,0,-0,1747484,0,0008306373,-0,0363117,0,9839431,0,9980469,-0,1753678,-0,02673176,-0,03698386,0,983445,0,9980469
43743,350,0,-0,1747482,0,0008721966,-0,03607769,0,9839516,0,9980469,-0,1753742,-0,02668916,-0,03674496,0,9834538,0,9980469
43757,350,0,-0,1776438,-0,000403312,-0,03611257,0,9834319,0,9980469,-0,1782296,-0,02799249,-0,03686216,0,9828997,0,9980469
43771,350,0,-0,1776437,-0,0004487587,-0,03636418,0,9834227,0,9980469,-0,1782223,-0,02803927,-0,03712012,0,9828901,0,9980469
43785,350,0,-0,1774832,-0,0006738873,-0,03654347,0,9834449,0,9980469,-0,1780468,-0,02826393,-0,03730059,0,9829085,0,9980469
43799,350,0,-0,1774833,-0,0006508837,-0,03641601,0,9834496,0,9980469,-0,1780504,-0,02824173,-0,03717798,0,9829131,0,9980469
43813,350,0,-0,1774835,-0,0005799001,-0,03602268,0,9834642,0,9980469,-0,1780617,-0,02817066,-0,03678562,0,982928,0,9980469
43827,350,0,-0,1759197,0,001437073,-0,03584695,0,9837506,0,9980469,-0,1765417,-0,02614585,-0,03657825,0,9832658,0,9980469
43841,350,0,-0,1759197,0,001450646,-0,03577106,0,9837534,0,9980469,-0,1765434,-0,02613455,-0,03651535,0,9832681,0,9980469
43855,350,0,-0,1728167,0,00120657,-0,03587109,0,9842998,0,9980469,-0,1734338,-0,02634783,-0,03653916,0,9838148,0,9980469
43868,350,0,-0,1728167,0,001203607,-0,03588799,0,9842992,0,9980469,-0,1734328,-0,02635404,-0,03657443,0,9838135,0,9980469
43883,350,0,-0,1728167,0,001207917,-0,03586343,0,9843001,0,9980469,-0,1734332,-0,02635128,-0,03655874,0,9838141,0,9980469
43896,350,0,-0,1753315,0,001157658,-0,03592378,0,9838533,0,9980469,-0,1759288,-0,02642975,-0,03669475,0,9833638,0,9980469
43910,350,0,-0,1753316,0,001144114,-0,03599978,0,9838504,0,9980469,-0,1759265,-0,02644468,-0,03677819,0,9833606,0,9980469
43924,350,0,-0,1749964,0,002281692,-0,03606452,0,9839058,0,9980469,-0,1756071,-0,02530965,-0,0368461,0,983445,0,9980469
43938,350,0,-0,1749963,0,002283005,-0,03605711,0,983906,0,9980469,-0,1756068,-0,02531072,-0,03685212,0,9834447,0,9980469
43952,350,0,-0,1746168,0,002162495,-0,03619172,0,9839687,0,9980469,-0,1752289,-0,02542712,-0,03697642,0,9835045,0,9980469
43966,350,0,-0,1746171,0,002136295,-0,03633937,0,9839634,0,9980469,-0,1752251,-0,02545378,-0,03712598,0,9834989,0,9980469
43980,350,0,-0,1746171,0,00213953,-0,03632113,0,9839641,0,9980469,-0,1752256,-0,02545045,-0,03710728,0,9834996,0,9980469
43994,350,0,-0,1739785,-0,001489326,-0,03631336,0,9840785,0,9980469,-0,1745447,-0,02905833,-0,03706957,0,9835221,0,9980469
44008,350,0,-0,173979,-0,001443734,-0,03605548,0,9840882,0,9980469,-0,1745527,-0,02901055,-0,03680028,0,9835323,0,9980469
44022,350,0,-0,173603,-0,001776641,-0,03571545,0,9841663,0,9980469,-0,1741825,-0,02933372,-0,03642743,0,9836022,0,9980469
44035,350,0,-0,1736032,-0,001747649,-0,03555108,0,9841722,0,9980469,-0,1741876,-0,02930292,-0,03625361,0,9836085,0,9980469
44049,350,0,-0,1736035,-0,001729432,-0,0354478,0,9841761,0,9980469,-0,1741911,-0,02928282,-0,03614004,0,9836128,0,9980469
44063,350,0,-0,1742178,-0,001662666,-0,03540104,0,9840692,0,9980469,-0,1747869,-0,02922128,-0,03610045,0,9835103,0,9980469
44077,350,0,-0,1742179,-0,001660653,-0,03538968,0,9840697,0,9980469,-0,1747877,-0,02921724,-0,03607766,0,9835111,0,9980469
44091,350,0,-0,1725799,-0,00158607,-0,0353694,0,9843591,0,9980469,-0,1731409,-0,02912405,-0,03600241,0,9838079,0,9980469
44105,350,0,-0,1725798,-0,001586883,-0,03537406,0,9843588,0,9980469,-0,1731408,-0,02912426,-0,03600371,0,9838077,0,9980469
44119,350,0,-0,1729229,0,000550353,-0,03533215,0,9843013,0,9980469,-0,1735076,-0,02699791,-0,03597121,0,9838052,0,9980469
44133,350,0,-0,1729229,0,0005501378,-0,0353334,0,9843013,0,9980469,-0,1735075,-0,02699825,-0,03597309,0,983805,0,9980469
44147,350,0,-0,1729229,0,0005544154,-0,03530905,0,9843021,0,9980469,-0,1735085,-0,02699173,-0,03593614,0,9838063,0,9980469
44161,350,0,-0,1731151,0,002845455,-0,03520887,0,9842681,0,9980469,-0,173736,-0,02470851,-0,03583225,0,98383,0,9980469
44175,350,0,-0,1731162,0,002779552,-0,03558357,0,9842545,0,9980469,-0,1737269,-0,0247724,-0,03619402,0,9838167,0,9980469
44189,350,0,-0,172219,0,00250384,-0,03591915,0,9844005,0,9980469,-0,1728226,-0,02503832,-0,03650147,0,9839579,0,9980469
44202,350,0,-0,1722188,0,002520831,-0,03582201,0,984404,0,9980469,-0,1728251,-0,02502075,-0,03640149,0,9839615,0,9980469
44217,350,0,-0,1722184,0,002548247,-0,03566532,0,9844096,0,9980469,-0,1728293,-0,02499199,-0,03623778,0,9839675,0,9980469
44230,350,0,-0,1747529,0,0009875288,-0,03559779,0,9839681,0,9980469,-0,1753486,-0,02657293,-0,03623639,0,9834804,0,9980469
44244,350,0,-0,1747528,0,001005465,-0,0354968,0,9839718,0,9980469,-0,1753512,-0,02655611,-0,03614207,0,9834839,0,9980469
44258,350,0,-0,1726871,0,001172155,-0,03536179,0,9843411,0,9980469,-0,1732976,-0,02636887,-0,03595723,0,9838596,0,9980469
44272,350,0,-0,1726872,0,001165024,-0,03540243,0,9843397,0,9980469,-0,1732963,-0,02637781,-0,03600796,0,9838579,0,9980469
44286,350,0,-0,1730289,0,001358535,-0,03541653,0,9842789,0,9980469,-0,1736295,-0,02619276,-0,03605791,0,9838021,0,9980469
44300,350,0,-0,1730289,0,001372852,-0,03533509,0,9842818,0,9980469,-0,1736309,-0,02618362,-0,03600606,0,983804,0,9980469
44314,350,0,-0,1730288,0,001378435,-0,03530332,0,984283,0,9980469,-0,1736313,-0,02618165,-0,03599489,0,9838044,0,9980469
44328,350,0,-0,1726128,-0,001234163,-0,03538857,0,9843531,0,9980469,-0,1731711,-0,02878086,-0,03606619,0,9838102,0,9980469
44342,350,0,-0,1726128,-0,001241948,-0,03543297,0,9843516,0,9980469,-0,1731701,-0,02878682,-0,03609997,0,9838091,0,9980469
44356,350,0,-0,1767123,-0,00122897,-0,03536937,0,9836261,0,9980469,-0,1772524,-0,02881797,-0,03615071,0,983079,0,9980469
44370,350,0,-0,1767125,-0,001204208,-0,03523153,0,983631,0,9980469,-0,1772564,-0,0287931,-0,03601283,0,983084,0,9980469
44384,350,0,-0,1767127,-0,001188298,-0,03514297,0,9836343,0,9980469,-0,1772587,-0,02877982,-0,03593907,0,9830869,0,9980469
44397,350,0,-0,1765532,-0,00195454,-0,03508211,0,9836638,0,9980469,-0,1770847,-0,02954413,-0,03588627,0,9830975,0,9980469
44411,350,0,-0,176553,-0,001967412,-0,03515382,0,9836612,0,9980469,-0,1770823,-0,02955783,-0,03596241,0,9830946,0,9980469
44425,350,0,-0,1709909,0,001327291,-0,03532426,0,9846384,0,9980469,-0,1715779,-0,02621786,-0,03599032,0,9841639,0,9980469
44439,350,0,-0,1709909,0,001300409,-0,03547905,0,9846327,0,9980469,-0,1715738,-0,02624434,-0,03614227,0,9841582,0,9980469
44453,350,0,-0,1707233,0,001150294,-0,03556269,0,9846763,0,9980469,-0,1713072,-0,02639017,-0,03621265,0,9841982,0,9980469
44467,350,0,-0,1707233,0,001159106,-0,03551186,0,9846783,0,9980469,-0,1713085,-0,02638171,-0,03616397,0,9842,0,9980469
44481,350,0,-0,1707232,0,001167553,-0,03546316,0,98468,0,9980469,-0,1713098,-0,02637344,-0,03611653,0,9842018,0,9980469
44495,350,0,-0,1745862,0,001395009,-0,03535423,0,9840061,0,9980469,-0,175172,-0,02618769,-0,03612052,0,9835266,0,9980469
44509,350,0,-0,1745862,0,001399874,-0,0353268,0,9840071,0,9980469,-0,1751726,-0,02618354,-0,03609723,0,9835274,0,9980469
44523,350,0,-0,1745045,0,00131714,-0,03525506,0,9840243,0,9980469,-0,1750896,-0,02626676,-0,0360343,0,9835423,0,9980469
44537,350,0,-0,1745045,0,00131365,-0,03527473,0,9840237,0,9980469,-0,1750887,-0,02627225,-0,03606511,0,9835411,0,9980469
44551,350,0,-0,1745046,0,001286849,-0,03542585,0,984018,0,9980469,-0,1750844,-0,0263011,-0,03622726,0,9835351,0,9980469
44564,350,0,-0,1733537,-0,001374874,-0,03564966,0,9842133,0,9980469,-0,1738891,-0,02894088,-0,03641361,0,9836662,0,9980469
44578,350,0,-0,1733534,-0,001412575,-0,03586369,0,9842056,0,9980469,-0,1738828,-0,02897873,-0,03662764,0,9836583,0,9980469
44592,350,0,-0,1726954,0,001245677,-0,03595385,0,9843181,0,9980469,-0,1732706,-0,02632367,-0,03670523,0,983838,0,9980469
44606,350,0,-0,1726955,0,001221857,-0,03608963,0,9843132,0,9980469,-0,1732671,-0,02634683,-0,03683673,0,9838331,0,9980469
44620,350,0,-0,1705037,-0,001780788,-0,03616326,0,9846916,0,9980469,-0,1710559,-0,02931262,-0,03682784,0,9841363,0,9980469
44634,350,0,-0,1705044,-0,001723422,-0,03583197,0,9847038,0,9980469,-0,1710665,-0,02925124,-0,03647468,0,9841496,0,9980469
44649,350,0,-0,1705047,-0,001695031,-0,03566801,0,9847096,0,9980469,-0,1710717,-0,02922023,-0,03629636,0,9841561,0,9980469
44662,350,0,-0,1727983,0,001438091,-0,03556903,0,9843138,0,9980469,-0,1734113,-0,02612101,-0,03626049,0,9838352,0,9980469
44676,350,0,-0,1727982,0,001456037,-0,03546679,0,9843175,0,9980469,-0,1734141,-0,02610216,-0,03615355,0,983839,0,9980469
44690,350,0,-0,1711178,0,001778168,-0,03533037,0,9846153,0,9980469,-0,171741,-0,02576398,-0,03597205,0,9841481,0,9980469
44704,350,0,-0,1711172,0,001830223,-0,03503085,0,9846261,0,9980469,-0,1717487,-0,02571145,-0,03567104,0,984159,0,9980469
44718,350,0,-0,1711172,0,001837635,-0,03498821,0,9846276,0,9980469,-0,1717503,-0,02570186,-0,03561606,0,9841611,0,9980469
44732,350,0,-0,1748565,0,001806539,-0,03499181,0,9839703,0,9980469,-0,1754634,-0,02576863,-0,03569958,0,9835011,0,9980469
44745,350,0,-0,1748564,0,001808206,-0,03498243,0,9839706,0,9980469,-0,175464,-0,02576349,-0,03567084,0,9835021,0,9980469
44759,350,0,-0,1735828,3,7455E-05,-0,03508862,0,984194,0,9980469,-0,1741557,-0,02751335,-0,0357245,0,9836853,0,9980469
44773,350,0,-0,1735827,4,232582E-05,-0,035061,0,984195,0,9980469,-0,1741566,-0,02750698,-0,0356886,0,9836866,0,9980469
44787,350,0,-0,1759166,-0,001977607,-0,03513375,0,983776,0,9980469,-0,176447,-0,02954394,-0,03581782,0,9832144,0,9980469
44801,350,0,-0,1759164,-0,001989219,-0,0351987,0,9837736,0,9980469,-0,1764454,-0,02955287,-0,03586757,0,9832126,0,9980469
44816,350,0,-0,1759164,-0,001993369,-0,03522191,0,9837727,0,9980469,-0,1764451,-0,029555,-0,03587944,0,9832122,0,9980469
44829,350,0,-0,1747006,-0,002221536,-0,03565761,0,9839733,0,9980469,-0,1752217,-0,0297698,-0,03627796,0,98341,0,9980469
44843,350,0,-0,1746997,-0,002286637,-0,0360243,0,9839599,0,9980469,-0,1752102,-0,02983655,-0,03665269,0,9833961,0,9980469
44857,350,0,-0,1727007,0,001249736,-0,03602391,0,9843147,0,9980469,-0,1732827,-0,02629292,-0,03661179,0,9838402,0,9980469
44871,350,0,-0,1727006,0,001262671,-0,03595019,0,9843173,0,9980469,-0,1732844,-0,02628133,-0,03654598,0,9838426,0,9980469
44885,350,0,-0,1727004,0,001284077,-0,03582818,0,9843218,0,9980469,-0,1732875,-0,02626081,-0,0364295,0,983847,0,9980469
44898,350,0,-0,1727035,0,001726263,-0,03585684,0,9843196,0,9980469,-0,1733143,-0,0258202,-0,03646827,0,9838526,0,9980469
44912,350,0,-0,1727036,0,001714769,-0,03592232,0,9843171,0,9980469,-0,1733123,-0,02583322,-0,03654227,0,9838496,0,9980469
44926,350,0,-0,1721144,0,001907832,-0,03611207,0,9844131,0,9980469,-0,1727262,-0,02563589,-0,03672688,0,9839511,0,9980469
44940,350,0,-0,1721143,0,00191458,-0,03607346,0,9844145,0,9980469,-0,172727,-0,02563035,-0,03669532,0,9839523,0,9980469
44954,350,0,-0,1717973,0,001991152,-0,03594514,0,9844745,0,9980469,-0,1724212,-0,02555071,-0,03656088,0,984013,0,9980469
44968,350,0,-0,1717967,0,002041553,-0,03565629,0,9844849,0,9980469,-0,1724285,-0,02550041,-0,03627382,0,9840235,0,9980469
44982,350,0,-0,1717961,0,00208646,-0,03539895,0,9844941,0,9980469,-0,1724353,-0,02545516,-0,03601558,0,9840332,0,9980469
44996,350,0,-0,1715876,0,001495363,-0,03545539,0,9845296,0,9980469,-0,172213,-0,0260439,-0,03607248,0,9840546,0,9980469
45010,350,0,-0,1715877,0,001482613,-0,03552853,0,984527,0,9980469,-0,1722105,-0,02606061,-0,03616806,0,984051,0,9980469
45024,350,0,-0,1720366,0,001782441,-0,03558043,0,9844463,0,9980469,-0,1726482,-0,02576956,-0,03624808,0,983979,0,9980469
45038,350,0,-0,1720362,0,001812831,-0,03540652,0,9844525,0,9980469,-0,1726524,-0,0257411,-0,03608592,0,9839849,0,9980469
45052,350,0,-0,1726151,0,0002838466,-0,03557019,0,9843469,0,9980469,-0,1731963,-0,02727061,-0,03626111,0,9838418,0,9980469
45066,350,0,-0,1726151,0,0002462892,-0,03578434,0,9843392,0,9980469,-0,1731903,-0,02730834,-0,03647545,0,9838338,0,9980469
45080,0,0,-0,1726152,0,0001516379,-0,03632409,0,9843194,0,9980469,-0,1731757,-0,02740106,-0,03700215,0,9838142,0,9980469
45093,0,0,-0,1724265,0,0001862654,-0,03644504,0,984348,0,9980469,-0,1729889,-0,02736131,-0,03710032,0,9838444,0,9980469
45107,0,0,-0,1724266,0,0001858883,-0,03644718,0,9843479,0,9980469,-0,1729891,-0,02736086,-0,03709773,0,9838445,0,9980469
45121,0,0,-0,1728794,0,0002184426,-0,03652796,0,9842654,0,9980469,-0,1734619,-0,0273322,-0,03718879,0,9837586,0,9980469
45135,0,0,-0,1728794,0,0002110535,-0,03657004,0,9842638,0,9980469,-0,1734608,-0,02733952,-0,0372303,0,9837569,0,9980469
45149,0,0,-0,1728794,0,0002083872,-0,03658522,0,9842633,0,9980469,-0,1734602,-0,02734346,-0,03725267,0,9837562,0,9980469
45163,0,0,-0,1730143,0,001621767,-0,03676201,0,9842317,0,9980469,-0,1736252,-0,0259395,-0,03745421,0,9837574,0,9980469
45177,0,0,-0,1730144,0,0016065,-0,03684886,0,9842284,0,9980469,-0,1736226,-0,02595668,-0,03755158,0,9837537,0,9980469
45191,0,0,-0,172852,0,003402675,-0,03688701,0,9842509,0,9980469,-0,1734947,-0,02416588,-0,03759919,0,9838201,0,9980469
45205,0,0,-0,1728519,0,003409337,-0,03684908,0,9842525,0,9980469,-0,1734957,-0,02415922,-0,03756144,0,9838216,0,9980469
45219,0,0,-0,172852,0,003407382,-0,0368602,0,984252,0,9980469,-0,1734954,-0,0241612,-0,03757258,0,9838211,0,9980469
45233,0,0,-0,1732355,0,003654439,-0,03691708,0,9841816,0,9980469,-0,173888,-0,02391878,-0,03764414,0,983755,0,9980469
45247,0,0,-0,1732361,0,003622558,-0,0370982,0,9841748,0,9980469,-0,1738835,-0,02395172,-0,03783051,0,9837479,0,9980469
45261,0,0,-0,172466,0,001403203,-0,03724373,0,9843102,0,9980469,-0,1730852,-0,0261569,-0,03796083,0,9838275,0,9980469
45274,0,0,-0,1724659,0,001403413,-0,03724252,0,9843102,0,9980469,-0,173085,-0,02615753,-0,03796439,0,9838272,0,9980469
45288,0,0,-0,1722244,0,001525995,-0,03716869,0,9843553,0,9980469,-0,172857,-0,02603281,-0,03788782,0,9838737,0,9980469
45302,0,0,-0,1722244,0,001530963,-0,03714029,0,9843563,0,9980469,-0,1728579,-0,02602714,-0,03785559,0,9838749,0,9980469
45316,0,0,-0,1722243,0,001542015,-0,03707713,0,9843586,0,9980469,-0,1728597,-0,02601511,-0,03778707,0,9838775,0,9980469
45330,0,0,-0,1089032,-0,001178028,-0,03697578,0,9933639,0,9980469,-0,1097554,-0,02823933,-0,03594241,0,9929071,0,9980469
45344,0,0,-0,1089033,-0,001160689,-0,03681762,0,9933697,0,9980469,-0,1097598,-0,02822229,-0,03578835,0,9929127,0,9980469
45358,0,0,-0,1030491,-5,732756E-05,-0,03674637,0,9939973,0,9980469,-0,1039324,-0,02709594,-0,03556532,0,9935789,0,9980469
45372,0,0,-0,1030491,-4,502945E-05,-0,03662774,0,9940016,0,9980469,-0,1039354,-0,02708405,-0,03545171,0,9935829,0,9980469
45386,0,0,-0,102392,-0,000983268,-0,0366213,0,9940693,0,9980469,-0,1032624,-0,02801647,-0,03542162,0,9936283,0,9980469
45400,0,0,-0,1023921,-0,0009831693,-0,03662033,0,9940694,0,9980469,-0,1032627,-0,02801553,-0,03541237,0,9936288,0,9980469
45414,0,0,-0,102392,-0,0009869589,-0,03665714,0,9940681,0,9980469,-0,1032619,-0,02801847,-0,03544082,0,9936278,0,9980469
45428,0,0,-0,1029515,-0,0003537992,-0,03668886,0,9940094,0,9980469,-0,1038177,-0,02738984,-0,03547998,0,9935858,0,9980469
45441,0,0,-0,1029514,-0,000357531,-0,03672489,0,9940082,0,9980469,-0,1038168,-0,02739331,-0,03551321,0,9935847,0,9980469
45455,0,0,-0,1030753,-0,0002995599,-0,03679003,0,9939929,0,9980469,-0,1039386,-0,02733578,-0,03557192,0,9935714,0,9980469
45469,0,0,-0,1030754,-0,0003068428,-0,03686028,0,9939904,0,9980469,-0,1039373,-0,02734086,-0,03562053,0,9935697,0,9980469
45483,0,0,-0,1030753,-0,0003337273,-0,03711951,0,9939807,0,9980469,-0,1039305,-0,02736702,-0,03587047,0,9935608,0,9980469
45498,0,0,-0,1035034,-0,0004714243,-0,03731646,0,9939287,0,9980469,-0,1043556,-0,0275077,-0,03608933,0,9935043,0,9980469
45511,0,0,-0,1035034,-0,0004664799,-0,03726892,0,9939306,0,9980469,-0,1043567,-0,0275037,-0,0360511,0,9935058,0,9980469
45525,0,0,-0,1037092,-0,0002478315,-0,03725355,0,9939098,0,9980469,-0,1045764,-0,02728596,-0,03604482,0,9934888,0,9980469
45539,0,0,-0,1037092,-0,0002433304,-0,03721043,0,9939114,0,9980469,-0,1045774,-0,02728203,-0,03600759,0,9934902,0,9980469
45553,0,0,-0,1022173,-0,002024038,-0,03715689,0,9940659,0,9980469,-0,1030851,-0,02904947,-0,03591779,0,9935994,0,9980469
45567,0,0,-0,1022173,-0,00202453,-0,03716168,0,9940658,0,9980469,-0,103085,-0,02904993,-0,03592212,0,9935993,0,9980469
45581,0,0,-0,1022171,-0,0020328,-0,0372421,0,9940627,0,9980469,-0,1030828,-0,02905748,-0,03599519,0,9935965,0,9980469
45595,0,0,-0,1006744,-0,0009283433,-0,0373663,0,9942171,0,9980469,-0,1015526,-0,02794911,-0,03607162,0,9937831,0,9980469
45609,0,0,-0,1006744,-0,0009250799,-0,03733407,0,9942183,0,9980469,-0,1015538,-0,027945,-0,03603126,0,9937845,0,9980469
45623,0,0,-0,09924489,-0,0009900462,-0,03726399,0,9943647,0,9980469,-0,1001367,-0,02800376,-0,03592401,0,9939306,0,9980469
45636,0,0,-0,09924489,-0,0009889146,-0,03725269,0,994365,0,9980469,-0,1001369,-0,02800299,-0,03591662,0,9939309,0,9980469
45650,0,0,-0,09924481,-0,0009943815,-0,03730744,0,994363,0,9980469,-0,100135,-0,02800945,-0,03598079,0,9939285,0,9980469
45664,0,0,-0,1008637,-0,0006797807,-0,03732782,0,9941995,0,9980469,-0,1017495,-0,02770415,-0,03605663,0,9937704,0,9980469
45678,0,0,-0,1008638,-0,0006682593,-0,03721425,0,9942037,0,9980469,-0,1017524,-0,02769338,-0,03595139,0,9937742,0,9980469
45692,0,0,-0,09815208,-0,0009147776,-0,03708344,0,99448,0,9980469,-0,09905377,-0,02792798,-0,03574536,0,9940476,0,9980469
45706,0,0,-0,09815221,-0,0008977298,-0,03691071,0,9944863,0,9980469,-0,09905879,-0,02790997,-0,03556481,0,9940541,0,9980469
45720,0,0,-0,1012372,-0,001584447,-0,03680167,0,9941803,0,9980469,-0,1021242,-0,02860662,-0,03552499,0,9937256,0,9980469
45734,0,0,-0,101237,-0,001596001,-0,03691512,0,9941761,0,9980469,-0,1021212,-0,0286175,-0,03563092,0,9937217,0,9980469
45749,0,0,-0,1012368,-0,00160811,-0,03703403,0,9941716,0,9980469,-0,102118,-0,02862871,-0,03574018,0,9937178,0,9980469
45762,0,0,-0,09996989,-0,005426185,-0,03681007,0,9942946,0,9980469,-0,1008291,-0,03242736,-0,03547104,0,9937424,0,9980469
45776,0,0,-0,0999708,-0,005410063,-0,03664973,0,9943005,0,9980469,-0,1008343,-0,03241083,-0,03530835,0,9937481,0,9980469
45790,0,0,-0,1002249,-0,005185313,-0,03652301,0,9942808,0,9980469,-0,1010923,-0,03218781,-0,03518991,0,9937334,0,9980469
45804,0,0,-0,1002249,-0,005186032,-0,03653014,0,9942805,0,9980469,-0,1010918,-0,03218937,-0,0352052,0,9937328,0,9980469
45818,0,0,-0,1002245,-0,005193417,-0,03660339,0,9942779,0,9980469,-0,1010893,-0,0321974,-0,03528404,0,9937301,0,9980469
45831,0,0,-0,09989259,-0,005242009,-0,03670441,0,9943072,0,9980469,-0,1007468,-0,03224547,-0,03538678,0,9937597,0,9980469
45845,0,0,-0,0998922,-0,005249044,-0,03677442,0,9943047,0,9980469,-0,100744,-0,03225423,-0,03547326,0,9937567,0,9980469
45859,0,0,-0,09971389,-0,004990849,-0,03667479,0,9943276,0,9980469,-0,1005703,-0,03199736,-0,03538398,0,9937856,0,9980469
45873,0,0,-0,09971376,-0,004993914,-0,03670532,0,9943264,0,9980469,-0,1005689,-0,03200175,-0,03542722,0,9937842,0,9980469
45887,0,0,-0,09933897,-0,00637032,-0,03659718,0,9943601,0,9980469,-0,1001895,-0,03337231,-0,03531944,0,9937811,0,9980469
45901,0,0,-0,09933891,-0,006372199,-0,03661599,0,9943594,0,9980469,-0,1001882,-0,0333763,-0,03535905,0,9937797,0,9980469
45916,0,0,-0,09933834,-0,006380513,-0,03669921,0,9943564,0,9980469,-0,1001849,-0,0333862,-0,03545711,0,9937763,0,9980469
45929,0,0,-0,0992794,-0,007520619,-0,03656228,0,9943592,0,9980469,-0,1001203,-0,03452237,-0,03532712,0,9937486,0,9980469
45943,0,0,-0,09928009,-0,007511675,-0,03647269,0,9943626,0,9980469,-0,1001232,-0,03451388,-0,03524266,0,9937515,0,9980469
45957,0,0,-0,09894974,-0,007550517,-0,03627941,0,9944022,0,9980469,-0,09979802,-0,03455128,-0,03504206,0,99379,0,9980469
45971,0,0,-0,09895114,-0,007532171,-0,03609509,0,994409,0,9980469,-0,09980433,-0,034533,-0,03486019,0,9937965,0,9980469
45985,0,0,-0,0989517,-0,00752511,-0,03602412,0,9944116,0,9980469,-0,09980664,-0,03452642,-0,03479452,0,9937989,0,9980469
45998,0,0,-0,09907769,-0,007608501,-0,03598668,0,9943996,0,9980469,-0,09992223,-0,03461195,-0,03477258,0,9937849,0,9980469
46012,0,0,-0,09907791,-0,007605735,-0,03595885,0,9944007,0,9980469,-0,0999227,-0,03461063,-0,03475949,0,9937854,0,9980469
46026,0,0,-0,1000893,-0,005825208,-0,03599358,0,9943103,0,9980469,-0,100928,-0,03284489,-0,03484392,0,9937408,0,9980469
46040,0,0,-0,1000895,-0,005823431,-0,03597592,0,9943109,0,9980469,-0,1009282,-0,03284419,-0,03483706,0,993741,0,9980469
46054,0,0,-0,09823188,-0,006092434,-0,03593898,0,9944958,0,9980469,-0,09906873,-0,03310521,-0,03474957,0,9939224,0,9980469
46068,0,0,-0,09823284,-0,006076805,-0,03578074,0,9945014,0,9980469,-0,09907389,-0,03308976,-0,03459463,0,9939279,0,9980469
46082,0,0,-0,09823338,-0,006068357,-0,03569524,0,9945046,0,9980469,-0,0990767,-0,03308135,-0,03451012,0,9939309,0,9980469
46096,0,0,-0,1001874,-0,00542901,-0,03561088,0,9943163,0,9980469,-0,1010231,-0,03245288,-0,0344721,0,9937569,0,9980469
46110,0,0,-0,1001871,-0,005436424,-0,03568443,0,9943137,0,9980469,-0,1010211,-0,03245907,-0,03453282,0,9937549,0,9980469
46124,0,0,-0,1008797,-0,00527146,-0,03577206,0,9942414,0,9980469,-0,1017008,-0,03229633,-0,03461492,0,9936879,0,9980469
46138,0,0,-0,1008793,-0,00527885,-0,03584487,0,9942387,0,9980469,-0,1016989,-0,03230218,-0,03467229,0,9936859,0,9980469
46151,0,0,-0,1008772,-0,005319349,-0,03624403,0,9942244,0,9980469,-0,1016861,-0,03234253,-0,0350664,0,9936722,0,9980469
46165,0,0,-0,1013759,-0,00581999,-0,03649704,0,9941615,0,9980469,-0,102172,-0,03284455,-0,03533503,0,9935963,0,9980469
46179,0,0,-0,1013752,-0,00583081,-0,03660315,0,9941576,0,9980469,-0,1021686,-0,0328551,-0,03543776,0,9935926,0,9980469
46193,0,0,-0,1017137,-0,005440039,-0,03661308,0,9941248,0,9980469,-0,1025259,-0,0324669,-0,03545974,0,9935678,0,9980469
46207,0,0,-0,1017137,-0,005441257,-0,03662499,0,9941246,0,9980469,-0,1025257,-0,03246749,-0,03546548,0,9935677,0,9980469
46221,0,0,-0,1012009,-0,00695517,-0,03640675,0,9941753,0,9980469,-0,1020276,-0,03397127,-0,03522706,0,9935771,0,9980469
46235,0,0,-0,1012022,-0,006936671,-0,03622502,0,994182,0,9980469,-0,1020344,-0,03395088,-0,03502846,0,9935841,0,9980469
46249,0,0,-0,1012024,-0,00693357,-0,03619457,0,994183,0,9980469,-0,1020357,-0,03394712,-0,03499196,0,9935854,0,9980469
46263,0,0,-0,09881172,-0,005866501,-0,03616088,0,9944317,0,9980469,-0,09966251,-0,032874,-0,03489697,0,9938657,0,9980469
46277,0,0,-0,09881173,-0,00586571,-0,03615293,0,994432,0,9980469,-0,0996629,-0,03287271,-0,03488413,0,9938661,0,9980469
46291,0,0,-0,09911939,-0,006310813,-0,03611381,0,9944001,0,9980469,-0,09996168,-0,03331687,-0,0348529,0,9938225,0,9980469
46305,0,0,-0,09911864,-0,006322351,-0,03622955,0,9943958,0,9980469,-0,09995787,-0,03332844,-0,03496792,0,9938185,0,9980469
46319,0,0,-0,09955777,-0,006216605,-0,03630641,0,9943499,0,9980469,-0,1003912,-0,03322488,-0,03505783,0,993775,0,9980469
46332,0,0,-0,09955767,-0,006218034,-0,03632065,0,9943493,0,9980469,-0,1003906,-0,03322654,-0,03507428,0,9937744,0,9980469
46347,0,0,-0,09955829,-0,006208561,-0,03622603,0,9943528,0,9980469,-0,1003936,-0,0332173,-0,0349828,0,9937776,0,9980469
46360,0,0,-0,1005345,-0,006113824,-0,03602155,0,9942626,0,9980469,-0,1013748,-0,03312686,-0,03480772,0,9936873,0,9980469
46374,0,0,-0,1005353,-0,006100495,-0,03588979,0,9942673,0,9980469,-0,1013793,-0,03311328,-0,03467457,0,9936919,0,9980469
46388,0,0,-0,1003606,-0,007836784,-0,03586484,0,9942737,0,9980469,-0,1011862,-0,03484157,-0,03464198,0,9936536,0,9980469
46402,0,0,-0,1003583,-0,007865924,-0,03615356,0,9942632,0,9980469,-0,1011762,-0,03487074,-0,03492835,0,9936435,0,9980469
46416,0,0,-0,100358,-0,007869762,-0,0361916,0,9942619,0,9980469,-0,101175,-0,03487405,-0,03496095,0,9936425,0,9980469
46430,0,0,-0,1012271,-0,004246683,-0,03619251,0,9941958,0,9980469,-0,1020641,-0,03126904,-0,03498809,0,9936706,0,9980469
46444,0,0,-0,1012283,-0,004218352,-0,03591429,0,9942059,0,9980469,-0,1020728,-0,03124046,-0,03470987,0,9936803,0,9980469
46458,0,0,-0,1004788,-0,008633947,-0,03558474,0,9942653,0,9980469,-0,1013045,-0,03563469,-0,03435754,0,9936233,0,9980469
46472,0,0,-0,1004791,-0,008629723,-0,035543,0,9942667,0,9980469,-0,1013056,-0,0356315,-0,03432637,0,9936243,0,9980469
46486,0,0,-0,09724025,-0,008786276,-0,0355428,0,9945873,0,9980469,-0,0980664,-0,03577779,-0,03427128,0,993946,0,9980469
46499,0,0,-0,0972392,-0,008797515,-0,03565782,0,9945831,0,9980469,-0,09806111,-0,03579217,-0,03441706,0,9939408,0,9980469
46514,0,0,-0,09723932,-0,008796687,-0,03564929,0,9945836,0,9980469,-0,09806048,-0,03579414,-0,03443686,0,9939404,0,9980469
46527,0,0,-0,09415877,-0,009993482,-0,03562127,0,9948696,0,9980469,-0,09497957,-0,03697517,-0,03434385,0,9941993,0,9980469
46541,0,0,-0,09415801,-0,01000114,-0,03570216,0,9948668,0,9980469,-0,09497593,-0,03698472,-0,03444346,0,9941959,0,9980469
46555,0,0,-0,0957997,-0,01171425,-0,03569381,0,9946915,0,9980469,-0,09659769,-0,03869799,-0,03449535,0,9939725,0,9980469
46569,0,0,-0,09579904,-0,01172012,-0,03575476,0,9946894,0,9980469,-0,09659524,-0,03870424,-0,0345595,0,9939704,0,9980469
46583,0,0,-0,09580021,-0,01171069,-0,03565684,0,9946929,0,9980469,-0,09659869,-0,03869554,-0,03447011,0,9939736,0,9980469
46597,0,0,-0,09277544,-0,01201265,-0,035644,0,9949765,0,9980469,-0,09359013,-0,03898504,-0,03437999,0,994253,0,9980469
46611,0,0,-0,09277722,-0,0119989,-0,03549657,0,9949817,0,9980469,-0,09359558,-0,03897209,-0,03424228,0,9942579,0,9980469
46625,0,0,-0,09357785,-0,01305331,-0,03527329,0,9949014,0,9980469,-0,09439086,-0,04002604,-0,03405481,0,9941472,0,9980469
46639,0,0,-0,09357861,-0,01304792,-0,03521603,0,9949034,0,9980469,-0,09439227,-0,04002278,-0,03402039,0,9941484,0,9980469
46653,0,0,-0,0930678,-0,01307707,-0,03515278,0,9949532,0,9980469,-0,0938756,-0,04005228,-0,03396638,0,994198,0,9980469
46666,0,0,-0,09306711,-0,01308185,-0,03520391,0,9949514,0,9980469,-0,09387296,-0,04005849,-0,0340322,0,9941957,0,9980469
46681,0,0,-0,0930679,-0,01307632,-0,03514474,0,9949535,0,9980469,-0,09387482,-0,04005416,-0,03398622,0,9941972,0,9980469
46695,0,0,-0,09201162,-0,003975031,-0,03538039,0,9951212,0,9980469,-0,0928645,-0,03098954,-0,03421151,0,9946081,0,9980469
46708,0,0,-0,092013,-0,003943828,-0,0350429,0,9951332,0,9980469,-0,0928753,-0,03095728,-0,03386581,0,9946201,0,9980469
46722,0,0,-0,09583998,-0,001409759,-0,03500291,0,9947801,0,9980469,-0,09669501,-0,02844732,-0,03392475,0,994329,0,9980469
46736,0,0,-0,09584004,-0,001408347,-0,03498823,0,9947807,0,9980469,-0,0966955,-0,02844569,-0,03390794,0,9943296,0,9980469
46750,0,0,-0,09583984,-0,001418225,-0,03509079,0,994777,0,9980469,-0,0966926,-0,02845537,-0,03400758,0,9943261,0,9980469
46764,0,0,-0,09573939,-0,0001906808,-0,03525751,0,9947819,0,9980469,-0,09657972,-0,02723178,-0,03416422,0,994366,0,9980469
46778,0,0,-0,09573936,-0,0001981556,-0,03533518,0,9947791,0,9980469,-0,09657778,-0,02723858,-0,03423431,0,9943635,0,9980469
46794,0,0,-0,09630509,0,001707927,-0,03575079,0,9947081,0,9980469,-0,09714141,-0,02534029,-0,03465405,0,9943443,0,9980469
46806,0,0,-0,09630528,0,001695654,-0,03587756,0,9947036,0,9980469,-0,09713858,-0,02535113,-0,03476497,0,9943404,0,9980469
46820,0,0,-0,09662431,0,001782045,-0,03604909,0,9946662,0,9980469,-0,09746445,-0,025265,-0,0349302,0,994305,0,9980469
46834,0,0,-0,09662499,0,001746755,-0,03641234,0,9946532,0,9980469,-0,09745551,-0,02529948,-0,03528194,0,9942926,0,9980469
46848,0,0,-0,09662495,0,001749971,-0,03637929,0,9946543,0,9980469,-0,09745668,-0,02529496,-0,03523579,0,9942942,0,9980469
46862,0,0,-0,09421061,0,001720566,-0,03625657,0,9948905,0,9980469,-0,09507514,-0,02531149,-0,03502614,0,9945317,0,9980469
46876,0,0,-0,09421013,0,001744843,-0,03600021,0,9948997,0,9980469,-0,09508213,-0,025285,-0,03474911,0,9945414,0,9980469
46889,0,0,-0,09446648,0,002722727,-0,03593779,0,9948754,0,9980469,-0,09535773,-0,02430832,-0,03467887,0,9945418,0,9980469
46903,0,0,-0,09446655,0,002721455,-0,03595125,0,994875,0,9980469,-0,09535769,-0,02430857,-0,03468142,0,9945418,0,9980469
46917,0,0,-0,0944666,0,002718295,-0,03598452,0,9948738,0,9980469,-0,09535705,-0,02431099,-0,03470673,0,9945408,0,9980469
46931,0,0,-0,09528782,0,0006733062,-0,03592307,0,9948011,0,9980469,-0,09615722,-0,0263524,-0,03466465,0,9944133,0,9980469
46945,0,0,-0,09528777,0,0006807866,-0,035845,0,994804,0,9980469,-0,09615927,-0,02634505,-0,03458863,0,9944159,0,9980469
46959,0,0,-0,09577353,0,001013344,-0,03589255,0,9947554,0,9980469,-0,09664056,-0,02601578,-0,03466055,0,9943755,0,9980469
46973,0,0,-0,09577355,0,001011569,-0,035911,0,9947547,0,9980469,-0,0966397,-0,02601881,-0,0346918,0,9943743,0,9980469
46987,0,0,-0,09964256,-0,00500854,-0,03572842,0,9943691,0,9980469,-0,1004565,-0,03203358,-0,03460982,0,9938232,0,9980469
47001,0,0,-0,09964306,-0,004998925,-0,03563247,0,9943726,0,9980469,-0,1004592,-0,03202511,-0,03452603,0,9938262,0,9980469
47015,0,0,-0,09964387,-0,004983114,-0,03547466,0,9943782,0,9980469,-0,1004639,-0,03201027,-0,03437919,0,9938312,0,9980469
47029,0,0,-0,09951793,-0,008864296,-0,03507907,0,9943778,0,9980469,-0,1003218,-0,0358764,-0,03399414,0,9937268,0,9980469
47043,0,0,-0,0995197,-0,0088446,-0,03488223,0,9943848,0,9980469,-0,1003282,-0,03585866,-0,03381831,0,9937328,0,9980469
47057,0,0,-0,09747536,-0,009186056,-0,03487525,0,9945843,0,9980469,-0,09827878,-0,0361934,-0,03377721,0,9939269,0,9980469
47071,0,0,-0,09747396,-0,009201248,-0,0350303,0,9945788,0,9980469,-0,0982722,-0,03621143,-0,03395941,0,9939207,0,9980469
47085,9,999999,0,-0,09670416,-0,008888043,-0,03516893,0,994652,0,9980469,-0,09749141,-0,03589891,-0,03408983,0,9940045,0,9980469
47098,9,999999,0,-0,09670373,-0,008892761,-0,03521749,0,9946503,0,9980469,-0,0974891,-0,03590511,-0,03415293,0,9940022,0,9980469
47112,9,999999,0,-0,09670511,-0,008877574,-0,03506129,0,9946558,0,9980469,-0,097494,-0,03589181,-0,03401742,0,9940068,0,9980469
47126,9,999999,0,-0,09696472,-0,003507142,-0,03510713,0,9946624,0,9980469,-0,09778763,-0,03054768,-0,03411064,0,9941535,0,9980469
47140,9,999999,0,-0,09696506,-0,003497143,-0,03500453,0,9946659,0,9980469,-0,09778965,-0,03054123,-0,0340451,0,9941556,0,9980469
47154,9,999999,0,-0,09602189,-0,003464399,-0,03505238,0,9947558,0,9980469,-0,09684019,-0,03050835,-0,03410551,0,9942477,0,9980469
47168,9,999999,0,-0,09602158,-0,003472006,-0,03513123,0,9947531,0,9980469,-0,0968364,-0,03052027,-0,03422795,0,9942433,0,9980469
47182,9,999999,0,-0,0960215,-0,00347547,-0,0351671,0,9947519,0,9980469,-0,09683409,-0,03052764,-0,03430348,0,9942408,0,9980469
47196,9,999999,0,-0,09659831,-0,003843405,-0,03515803,0,9946949,0,9980469,-0,09739725,-0,0309009,-0,03435546,0,9941724,0,9980469
47210,9,999999,0,-0,09659768,-0,003858743,-0,03531596,0,9946893,0,9980469,-0,09739138,-0,03091943,-0,03454462,0,9941658,0,9980469
47223,9,999999,0,-0,09513018,-0,003783845,-0,03548634,0,9948251,0,9980469,-0,09592277,-0,03083974,-0,03469202,0,9943059,0,9980469
47237,9,999999,0,-0,09513,-0,003789354,-0,03554395,0,9948229,0,9980469,-0,09592053,-0,03084663,-0,03476356,0,9943035,0,9980469
47252,9,999999,0,-0,09513026,-0,00378212,-0,03546833,0,9948258,0,9980469,-0,09592254,-0,03084049,-0,03469976,0,9943057,0,9980469
47265,9,999999,0,-0,09503782,-0,005035527,-0,0353973,0,9948314,0,9980469,-0,09582961,-0,03208996,-0,03463638,0,9942772,0,9980469
47279,9,999999,0,-0,09503756,-0,005040177,-0,03544598,0,9948297,0,9980469,-0,09582798,-0,03209481,-0,03468668,0,9942755,0,9980469
47293,9,999999,0,-0,09640577,-0,003062448,-0,03538325,0,9947084,0,9980469,-0,09721146,-0,03013195,-0,03466738,0,9942034,0,9980469
47307,9,999999,0,-0,09640668,-0,003033805,-0,03508773,0,9947189,0,9980469,-0,09722024,-0,03010359,-0,03437727,0,9942135,0,9980469
47321,9,999999,0,-0,09610608,-0,006330738,-0,03479493,0,9947426,0,9980469,-0,09690297,-0,03338764,-0,03407471,0,9941499,0,9980469
47335,9,999999,0,-0,09610711,-0,006315592,-0,03463811,0,9947481,0,9980469,-0,09690787,-0,03337356,-0,03393009,0,9941549,0,9980469
47349,9,999999,0,-0,09610787,-0,00630395,-0,03451763,0,9947523,0,9980469,-0,09691134,-0,03336345,-0,03382653,0,9941585,0,9980469
47363,9,999999,0,-0,09574878,-0,006470449,-0,03438769,0,9947904,0,9980469,-0,09653822,-0,03353114,-0,03371293,0,9941928,0,9980469
47377,9,999999,0,-0,09574908,-0,006466036,-0,03434182,0,9947919,0,9980469,-0,09653919,-0,03352843,-0,03368483,0,9941939,0,9980469
47391,9,999999,0,-0,0230949,-0,01169563,-0,03330085,0,9991102,0,9980469,-0,02417934,-0,03862133,-0,03069985,0,9984896,0,9980469
47404,9,999999,0,-0,02309648,-0,01169247,-0,03316456,0,9991146,0,9980469,-0,02418396,-0,0386184,-0,03058002,0,9984931,0,9980469
47418,9,999999,0,-0,02309559,-0,01169425,-0,03324148,0,9991121,0,9980469,-0,02418013,-0,03862083,-0,03067943,0,9984902,0,9980469
47432,9,999999,0,-0,02234215,-0,01190529,-0,0333496,0,9991231,0,9980469,-0,02340735,-0,03883311,-0,03079254,0,9984969,0,9980469
47446,9,999999,0,-0,02233966,-0,01190997,-0,03355873,0,9991162,0,9980469,-0,02339863,-0,03883836,-0,03101676,0,9984899,0,9980469
47460,9,999999,0,-0,02373332,-0,01293135,-0,03365235,0,9990681,0,9980469,-0,02477472,-0,0398543,-0,03116412,0,9984121,0,9980469
47474,9,999999,0,-0,02373089,-0,01293575,-0,03383788,0,9990618,0,9980469,-0,0247673,-0,03985887,-0,03134945,0,9984062,0,9980469
47488,9,999999,0,-0,02631481,-0,01307369,-0,03394087,0,9989918,0,9980469,-0,02734478,-0,03999404,-0,03152083,0,9983283,0,9980469
47502,9,999999,0,-0,02631309,-0,01307711,-0,03407114,0,9989874,0,9980469,-0,02733933,-0,03999774,-0,03165646,0,9983239,0,9980469
47516,9,999999,0,-0,02631033,-0,01308269,-0,03428269,0,9989802,0,9980469,-0,02733043,-0,04000383,-0,03187869,0,9983169,0,9980469
47530,9,999999,0,-0,02742413,-0,01317652,-0,03425149,0,9989501,0,9980469,-0,02845462,-0,04009707,-0,03188645,0,9982814,0,9980469
47544,9,999999,0,-0,02742564,-0,01317338,-0,03413707,0,998954,0,9980469,-0,02845894,-0,040094,-0,03177901,0,9982849,0,9980469
47558,9,999999,0,-0,02704987,-0,01258922,-0,03413858,0,9989718,0,9980469,-0,02809832,-0,03951328,-0,0317778,0,9983184,0,9980469
47572,9,999999,0,-0,0270494,-0,01259022,-0,03417565,0,9989704,0,9980469,-0,02809694,-0,03951427,-0,03181281,0,9983172,0,9980469
47586,9,999999,0,-0,02464531,-0,01325602,-0,0340732,0,9990275,0,9980469,-0,02570704,-0,04017935,-0,03163788,0,9983606,0,9980469
47599,9,999999,0,-0,0246442,-0,01325809,-0,03415691,0,9990246,0,9980469,-0,02570426,-0,04018113,-0,03170718,0,9983585,0,9980469
47614,9,999999,0,-0,0246437,-0,013259,-0,03419428,0,9990234,0,9980469,-0,02570318,-0,04018181,-0,03173362,0,9983575,0,9980469
47627,9,999999,0,-0,02371027,-0,01273392,-0,03428943,0,9990497,0,9980469,-0,02477367,-0,03965997,-0,03180061,0,9984,0,9980469
47641,9,999999,0,-0,02370989,-0,01273462,-0,03431887,0,9990485,0,9980469,-0,02477264,-0,0396606,-0,03182644,0,998399,0,9980469
47655,9,999999,0,-0,02034733,-0,01324888,-0,03423061,0,999119,0,9980469,-0,02143308,-0,04017618,-0,03164154,0,9984615,0,9980469
47669,9,999999,0,-0,02034669,-0,0132499,-0,03427996,0,9991173,0,9980469,-0,02143149,-0,04017704,-0,0316813,0,9984602,0,9980469
47683,9,999999,0,-0,02034689,-0,01324958,-0,03426468,0,999118,0,9980469,-0,0214324,-0,04017657,-0,03165889,0,998461,0,9980469
47697,9,999999,0,-0,0198821,-0,01194335,-0,034059,0,9991507,0,9980469,-0,02097892,-0,03887538,-0,03143183,0,9985293,0,9980469
47711,9,999999,0,-0,01988386,-0,01194042,-0,03391201,0,9991558,0,9980469,-0,02098548,-0,03887183,-0,03126334,0,9985346,0,9980469
47725,9,999999,0,-0,01956664,-0,01010732,-0,03417168,0,9991733,0,9980469,-0,02065963,-0,03704581,-0,03149475,0,9986036,0,9980469
47739,9,999999,0,-0,01956146,-0,01011732,-0,0346829,0,9991556,0,9980469,-0,02064178,-0,03705575,-0,03197565,0,9985881,0,9980469
47753,9,999999,0,-0,02022156,-0,009762617,-0,03488413,0,9991391,0,9980469,-0,02129331,-0,03670008,-0,03217243,0,9985814,0,9980469
47766,9,999999,0,-0,0202222,-0,009761299,-0,03481878,0,9991414,0,9980469,-0,02129694,-0,03669799,-0,03207383,0,9985845,0,9980469
47781,9,999999,0,-0,02022235,-0,00976098,-0,0348032,0,9991419,0,9980469,-0,02129842,-0,0366971,-0,03203327,0,9985858,0,9980469
47795,9,999999,0,-0,02122996,-0,01036508,-0,03465806,0,99912,0,9980469,-0,02232416,-0,03729471,-0,03189304,0,9985458,0,9980469
47808,9,999999,0,-0,02122835,-0,01036836,-0,03481294,0,9991145,0,9980469,-0,02231897,-0,03729778,-0,0320313,0,9985414,0,9980469
47822,9,999999,0,-0,0228335,-0,01203425,-0,03471699,0,9990638,0,9980469,-0,02392914,-0,03895242,-0,03196702,0,9984429,0,9980469
47836,9,999999,0,-0,02283273,-0,01203576,-0,03478315,0,9990616,0,9980469,-0,02392692,-0,03895379,-0,03202381,0,9984412,0,9980469
47850,9,999999,0,-0,02283302,-0,01203519,-0,03475809,0,9990625,0,9980469,-0,02392825,-0,03895298,-0,03199009,0,9984422,0,9980469
47864,9,999999,0,-0,02196779,-0,01190935,-0,0349192,0,9990778,0,9980469,-0,02307215,-0,03882794,-0,03211222,0,9984633,0,9980469
47878,9,999999,0,-0,02196664,-0,01191148,-0,03501635,0,9990743,0,9980469,-0,02306872,-0,03882997,-0,0322004,0,9984605,0,9980469
47892,9,999999,0,-0,02260008,-0,01271189,-0,03507843,0,9990482,0,9980469,-0,02370851,-0,03962445,-0,0322664,0,9984121,0,9980469
47906,9,999999,0,-0,02259692,-0,01271751,-0,03532677,0,9990394,0,9980469,-0,02369927,-0,03962996,-0,03249899,0,9984046,0,9980469
47920,9,999999,0,-0,0197609,-0,01048662,-0,03570925,0,999112,0,9980469,-0,02087775,-0,03741337,-0,03279448,0,9985435,0,9980469
47934,9,999999,0,-0,01975939,-0,01048943,-0,03585188,0,9991067,0,9980469,-0,0208727,-0,03741619,-0,03292942,0,9985391,0,9980469
47948,9,999999,0,-0,01975949,-0,01048923,-0,03584189,0,9991071,0,9980469,-0,02087318,-0,0374159,-0,03291654,0,9985394,0,9980469
47962,9,999999,0,-0,02029126,-0,01160808,-0,03580698,0,9990854,0,9980469,-0,02142585,-0,03852735,-0,0328862,0,9984864,0,9980469
47975,9,999999,0,-0,02029177,-0,01160719,-0,03576329,0,9990869,0,9980469,-0,02142762,-0,03852638,-0,03284032,0,9984881,0,9980469
47989,9,999999,0,-0,0198637,-0,01152242,-0,03581744,0,9990945,0,9980469,-0,02101563,-0,03844155,-0,03287037,0,9984991,0,9980469
48003,9,999999,0,-0,01986409,-0,01152175,-0,03578376,0,9990957,0,9980469,-0,02101739,-0,03844058,-0,03282446,0,9985005,0,9980469
48017,9,999999,0,-0,01986727,-0,01151626,-0,03550763,0,9991057,0,9980469,-0,0210286,-0,03843445,-0,0325332,0,9985101,0,9980469
48031,9,999999,0,-0,02114492,-0,014535,-0,03497957,0,9990585,0,9980469,-0,02232593,-0,04143456,-0,03202126,0,9983784,0,9980469
48045,9,999999,0,-0,02114586,-0,01453365,-0,03491605,0,9990609,0,9980469,-0,02232902,-0,0414329,-0,03194661,0,9983808,0,9980469
48059,9,999999,0,-0,02186232,-0,01438625,-0,03495296,0,9990463,0,9980469,-0,02303358,-0,04128456,-0,03199171,0,9983696,0,9980469
48073,9,999999,0,-0,0218635,-0,01438446,-0,03487123,0,9990491,0,9980469,-0,02303744,-0,0412824,-0,03189797,0,9983726,0,9980469
48087,9,999999,0,-0,02239677,-0,01380727,-0,03494302,0,999043,0,9980469,-0,0235569,-0,0407065,-0,03196635,0,9983819,0,9980469
48100,9,999999,0,-0,02239634,-0,01380796,-0,03497391,0,9990419,0,9980469,-0,02355634,-0,04070682,-0,03198015,0,9983814,0,9980469
48115,9,999999,0,-0,02239486,-0,01381035,-0,03508077,0,9990381,0,9980469,-0,02355266,-0,04070894,-0,03207059,0,9983784,0,9980469
48129,9,999999,0,-0,02219732,-0,01357326,-0,03524577,0,99904,0,9980469,-0,02334861,-0,04047287,-0,03220265,0,9983887,0,9980469
48142,9,999999,0,-0,02219546,-0,01357631,-0,03538324,0,9990352,0,9980469,-0,02334423,-0,04047542,-0,03231098,0,9983852,0,9980469
48156,9,999999,0,-0,02076343,-0,01374355,-0,03571458,0,9990519,0,9980469,-0,02191795,-0,04064409,-0,03257596,0,9984021,0,9980469
48170,9,999999,0,-0,02076242,-0,01374508,-0,03578816,0,9990492,0,9980469,-0,02191564,-0,04064538,-0,03263311,0,9984003,0,9980469
48184,9,999999,0,-0,02076295,-0,01374424,-0,03574827,0,9990506,0,9980469,-0,02191804,-0,04064404,-0,03257364,0,998402,0,9980469
48198,9,999999,0,-0,02179351,-0,0148474,-0,03551894,0,9990211,0,9980469,-0,02297357,-0,04173773,-0,03235694,0,9983404,0,9980469
48212,9,999999,0,-0,02179521,-0,01484488,-0,03540354,0,9990251,0,9980469,-0,02297894,-0,04173475,-0,03222823,0,9983444,0,9980469
48226,9,999999,0,-0,02233248,-0,01616858,-0,0352413,0,9989985,0,9980469,-0,02353344,-0,04304825,-0,03206791,0,9982809,0,9980469
48240,9,999999,0,-0,02233252,-0,01616854,-0,03523972,0,9989986,0,9980469,-0,02353423,-0,04304782,-0,03204981,0,9982816,0,9980469
48254,9,999999,0,-0,02118729,-0,01592272,-0,03539454,0,9990219,0,9980469,-0,02239251,-0,04280394,-0,03215095,0,9983149,0,9980469
48268,9,999999,0,-0,0211862,-0,01592417,-0,03546311,0,9990195,0,9980469,-0,02239026,-0,04280512,-0,0322031,0,9983132,0,9980469
48282,9,999999,0,-0,02118541,-0,01592521,-0,03551205,0,9990178,0,9980469,-0,02238867,-0,04280594,-0,03224036,0,9983121,0,9980469
48296,9,999999,0,-0,02184277,-0,01349721,-0,03579584,0,9990293,0,9980469,-0,02303784,-0,04038858,-0,03253858,0,9983884,0,9980469
48309,9,999999,0,-0,0218419,-0,01349863,-0,03586072,0,999027,0,9980469,-0,02303543,-0,04038999,-0,0325986,0,9983866,0,9980469
48323,9,999999,0,-0,02246451,-0,0135528,-0,03600279,0,9990072,0,9980469,-0,02365842,-0,04044276,-0,0327565,0,9983646,0,9980469
48337,9,999999,0,-0,02246498,-0,013552,-0,03596751,0,9990087,0,9980469,-0,02366003,-0,04044184,-0,03271696,0,9983658,0,9980469
48351,9,999999,0,-0,0221805,-0,01304733,-0,03580068,0,9990277,0,9980469,-0,02338676,-0,03994025,-0,03254476,0,9983981,0,9980469
48365,9,999999,0,-0,02218367,-0,01304191,-0,03555683,0,9990364,0,9980469,-0,0233965,-0,03993453,-0,03230117,0,9984061,0,9980469
48379,9,999999,0,-0,02218507,-0,01303953,-0,03544943,0,9990402,0,9980469,-0,02340066,-0,03993209,-0,0321971,0,9984095,0,9980469
48393,9,999999,0,-0,0190149,-0,01466563,-0,03544006,0,9990833,0,9980469,-0,02023819,-0,04155818,-0,03211121,0,9984148,0,9980469
48407,9,999999,0,-0,01901054,-0,0146713,-0,03573793,0,9990727,0,9980469,-0,02022526,-0,0415645,-0,03242217,0,998405,0,9980469
48421,9,999999,0,-0,01875575,-0,01177351,-0,0359698,0,9991075,0,9980469,-0,01995692,-0,03868278,-0,03264645,0,9985186,0,9980469
48435,9,999999,0,-0,01876052,-0,01176593,-0,03556614,0,999122,0,9980469,-0,01997238,-0,03867482,-0,03224764,0,9985317,0,9980469
48449,9,999999,0,-0,01876428,-0,0117599,-0,03524474,0,9991334,0,9980469,-0,01998425,-0,03866867,-0,03194068,0,9985416,0,9980469
48463,9,999999,0,-0,02030747,-0,01445613,-0,03479857,0,9990835,0,9980469,-0,02153195,-0,04134979,-0,03156042,0,998414,0,9980469
48477,9,999999,0,-0,02030694,-0,01445687,-0,03483503,0,9990821,0,9980469,-0,02152933,-0,04135114,-0,0316239,0,998412,0,9980469
48491,9,999999,0,-0,01988705,-0,01452686,-0,03464697,0,9990962,0,9980469,-0,02109393,-0,04142323,-0,03145261,0,9984238,0,9980469
48505,9,999999,0,-0,01989004,-0,0145228,-0,03444329,0,9991032,0,9980469,-0,02110118,-0,04141955,-0,03127813,0,9984292,0,9980469
48518,9,999999,0,-0,02068371,-0,01471756,-0,03435448,0,9990873,0,9980469,-0,02187415,-0,04161271,-0,03123299,0,998406,0,9980469
48532,9,999999,0,-0,02068155,-0,01472059,-0,03450048,0,9990823,0,9980469,-0,02186763,-0,04161615,-0,03138953,0,998401,0,9980469
48546,9,999999,0,-0,02067755,-0,01472622,-0,03477239,0,9990728,0,9980469,-0,02185617,-0,04162216,-0,03166433,0,9983923,0,9980469
48560,9,999999,0,-0,02753298,-0,02074253,-0,03426613,0,9988182,0,9980469,-0,02867971,-0,0475959,-0,03134591,0,9979628,0,9980469
48574,9,999999,0,-0,02753248,-0,02074316,-0,03428936,0,9988173,0,9980469,-0,02867811,-0,04759686,-0,03137939,0,9979617,0,9980469
48588,9,999999,0,-0,02967498,-0,02682218,-0,03356625,0,9986357,0,9980469,-0,03083288,-0,05363858,-0,0307213,0,9976114,0,9980469
48602,9,999999,0,-0,02968386,-0,02681236,-0,03323562,0,9986469,0,9980469,-0,03085034,-0,05362855,-0,0303966,0,9976213,0,9980469
48616,9,999999,0,-0,02969341,-0,02680178,-0,03287975,0,9986585,0,9980469,-0,03086889,-0,05361789,-0,03005191,0,9976318,0,9980469
48630,9,999999,0,-0,02927267,-0,02886015,-0,03233498,0,9986315,0,9980469,-0,03045949,-0,05566642,-0,02951082,0,9975484,0,9980469
48644,9,999999,0,-0,0292771,-0,02885563,-0,03218092,0,9986365,0,9980469,-0,03046685,-0,05566239,-0,02937891,0,9975523,0,9980469
48658,9,999999,0,-0,02947137,-0,02895861,-0,03192033,0,9986361,0,9980469,-0,03063875,-0,05576666,-0,02914783,0,997548,0,9980469
48671,9,999999,0,-0,02948009,-0,02894974,-0,03161949,0,9986457,0,9980469,-0,03065365,-0,05575849,-0,02888108,0,9975557,0,9980469
48685,9,999999,0,-0,03064217,-0,03062815,-0,0313093,0,9985705,0,9980469,-0,03178238,-0,05742545,-0,02863783,0,9974328,0,9980469
48699,9,999999,0,-0,03064586,-0,03062445,-0,03118889,0,9985743,0,9980469,-0,03178735,-0,0574227,-0,0285517,0,9974353,0,9980469
48714,9,999999,0,-0,03064245,-0,03062787,-0,03130018,0,9985707,0,9980469,-0,03177899,-0,05742733,-0,02869704,0,9974312,0,9980469
48727,9,999999,0,-0,02982409,-0,03048612,-0,03137068,0,9985976,0,9980469,-0,03092973,-0,05728865,-0,02877194,0,9974637,0,9980469
48741,9,999999,0,-0,0298234,-0,03048678,-0,03139329,0,9985968,0,9980469,-0,03092713,-0,05729004,-0,02881729,0,9974623,0,9980469
48755,9,999999,0,-0,02835621,-0,02742035,-0,03148082,0,9987258,0,9980469,-0,02944933,-0,05424774,-0,02889823,0,9976748,0,9980469
48769,9,999999,0,-0,02835476,-0,02742186,-0,03153397,0,998724,0,9980469,-0,02944612,-0,05424948,-0,02895721,0,997673,0,9980469
48783,9,999999,0,-0,02835149,-0,02742524,-0,03165297,0,9987202,0,9980469,-0,02944009,-0,05425276,-0,0290679,0,9976698,0,9980469
48797,9,999999,0,-0,02719714,-0,02782271,-0,03169868,0,9987399,0,9980469,-0,0282822,-0,05465078,-0,02906357,0,9976817,0,9980469
48811,9,999999,0,-0,02719002,-0,0278297,-0,03195465,0,9987319,0,9980469,-0,0282684,-0,05465796,-0,02931566,0,9976743,0,9980469
48825,9,999999,0,-0,03016397,-0,02839199,-0,03204752,0,9986276,0,9980469,-0,03122316,-0,05521604,-0,02948437,0,9975506,0,9980469
48838,9,999999,0,-0,03016821,-0,02838749,-0,03189826,0,9986323,0,9980469,-0,03123196,-0,05521107,-0,02932549,0,9975552,0,9980469
48853,9,999999,0,-0,03096789,-0,02870047,-0,0316363,0,9986072,0,9980469,-0,03204447,-0,05552254,-0,02908343,0,9975192,0,9980469
48866,9,999999,0,-0,03096968,-0,02869855,-0,03157436,0,9986092,0,9980469,-0,03204783,-0,05552062,-0,02902334,0,997521,0,9980469
48881,9,999999,0,-0,03097109,-0,02869703,-0,03152508,0,998611,0,9980469,-0,03205026,-0,05551923,-0,0289797,0,9975223,0,9980469
48894,9,999999,0,-0,03242091,-0,02893411,-0,03166395,0,9985535,0,9980469,-0,03348085,-0,05575564,-0,02916265,0,9974567,0,9980469
48908,9,999999,0,-0,03241718,-0,02893831,-0,03179298,0,9985495,0,9980469,-0,03347262,-0,0557606,-0,0293103,0,9974525,0,9980469
48922,9,999999,0,-0,03095686,-0,02788792,-0,03177045,0,9986264,0,9980469,-0,03201631,-0,05472076,-0,02928164,0,9975587,0,9980469
48936,9,999999,0,-0,03095817,-0,02788647,-0,03172334,0,9986278,0,9980469,-0,03201697,-0,05472036,-0,02926973,0,9975591,0,9980469
48950,9,999999,0,-0,03096159,-0,02788265,-0,03160052,0,9986318,0,9980469,-0,03202147,-0,05471773,-0,02918744,0,9975615,0,9980469
48964,9,999999,0,-0,02900217,-0,02618329,-0,03173723,0,9987323,0,9980469,-0,03006466,-0,05303385,-0,02931747,0,9977095,0,9980469
48978,9,999999,0,-0,0290033,-0,02618202,-0,0316939,0,9987337,0,9980469,-0,03006438,-0,05303401,-0,02932291,0,9977092,0,9980469
48992,9,999999,0,-0,02767598,-0,02637806,-0,03153643,0,9987711,0,9980469,-0,02873695,-0,05323209,-0,02916703,0,9977424,0,9980469
49006,9,999999,0,-0,02768264,-0,02637109,-0,03128448,0,9987791,0,9980469,-0,02874788,-0,0532262,-0,02896218,0,9977483,0,9980469
49020,9,999999,0,-0,02718731,-0,02822383,-0,030746,0,9987588,0,9980469,-0,02825341,-0,05506852,-0,0284508,0,9976773,0,9980469
49033,9,999999,0,-0,02718886,-0,02822232,-0,03069074,0,9987605,0,9980469,-0,02825477,-0,05506784,-0,02842605,0,997678,0,9980469
49048,9,999999,0,-0,02718168,-0,02822924,-0,03094493,0,9987526,0,9980469,-0,02823901,-0,05507591,-0,02871141,0,9976698,0,9980469
49062,9,999999,0,-0,02953251,-0,02812898,-0,03127358,0,9986786,0,9980469,-0,0305382,-0,05497648,-0,02912408,0,9975956,0,9980469
49075,9,999999,0,-0,02953497,-0,02812639,-0,03118616,0,9986811,0,9980469,-0,03054185,-0,05497444,-0,02905783,0,9975975,0,9980469
49089,0,0,-0,03898938,-0,02310602,-0,0314772,0,9984765,0,9980469,-0,03993311,-0,04998393,-0,0296167,0,9975118,0,9980469
49103,0,0,-0,03899503,-0,02309646,-0,03123248,0,9984842,0,9980469,-0,03994454,-0,04997481,-0,02938865,0,9975187,0,9980469
49117,0,0,-0,03899699,-0,02309319,-0,0311489,0,9984868,0,9980469,-0,03994782,-0,04997217,-0,02932304,0,9975204,0,9980469
49131,0,0,-0,03867801,-0,02207426,-0,03126416,0,9985186,0,9980469,-0,03961663,-0,0489601,-0,02945015,0,9975802,0,9980469
49145,0,0,-0,03867627,-0,0220773,-0,03134281,0,9985162,0,9980469,-0,03961142,-0,04896431,-0,0295563,0,997577,0,9980469
49159,0,0,-0,04099542,-0,0208891,-0,03155443,0,9984425,0,9980469,-0,04189785,-0,04778474,-0,02985394,0,9975321,0,9980469
49173,0,0,-0,04099316,-0,02089357,-0,03166332,0,9984392,0,9980469,-0,04189144,-0,04779037,-0,02998779,0,997528,0,9980469
49187,0,0,-0,04067382,-0,02074537,-0,03179386,0,9984511,0,9980469,-0,04156755,-0,04764295,-0,03012575,0,9975444,0,9980469
49200,0,0,-0,0406713,-0,02075033,-0,03191563,0,9984472,0,9980469,-0,04156174,-0,04764803,-0,03024726,0,9975408,0,9980469
49215,0,0,-0,04067199,-0,02074898,-0,03188254,0,9984483,0,9980469,-0,04156354,-0,04764645,-0,03020965,0,997542,0,9980469
49229,0,0,-0,03983322,-0,02071819,-0,03194297,0,9984809,0,9980469,-0,04073437,-0,04761505,-0,03024918,0,9975763,0,9980469
49242,0,0,-0,0398316,-0,02072131,-0,03202109,0,9984782,0,9980469,-0,04073105,-0,04761789,-0,03031855,0,9975743,0,9980469
49256,0,0,-0,03851129,-0,02052886,-0,03203704,0,9985335,0,9980469,-0,03942454,-0,04742536,-0,03029115,0,9976367,0,9980469
49270,0,0,-0,03851277,-0,02052604,-0,03196412,0,9985359,0,9980469,-0,03942847,-0,04742205,-0,03020814,0,9976391,0,9980469
49284,0,0,-0,03851795,-0,02051633,-0,03171209,0,9985439,0,9980469,-0,03944141,-0,04741132,-0,0299362,0,9976474,0,9980469
49298,0,0,-0,03845485,-0,01551887,-0,03198216,0,9986279,0,9980469,-0,03938407,-0,0424392,-0,03019579,0,9978658,0,9980469
49312,0,0,-0,0384553,-0,01551771,-0,03195229,0,9986287,0,9980469,-0,0393856,-0,04243775,-0,03015946,0,9978669,0,9980469
49326,0,0,-0,08786269,-0,006936352,-0,03291425,0,9955645,0,9980469,-0,08858569,-0,03400727,-0,03245046,0,9949589,0,9980469
49340,0,0,-0,08786383,-0,006922241,-0,03275431,0,9955699,0,9980469,-0,08859153,-0,03399206,-0,03227958,0,9949644,0,9980469
49354,0,0,-0,08828875,-0,006025648,-0,03276692,0,9955376,0,9980469,-0,08901793,-0,03310035,-0,03229574,0,9949559,0,9980469
49368,0,0,-0,08828864,-0,006027069,-0,03278295,0,9955372,0,9980469,-0,08901782,-0,03310065,-0,03229909,0,9949558,0,9980469
49382,0,0,-0,08828761,-0,006042101,-0,03295247,0,9955314,0,9980469,-0,08901282,-0,03311405,-0,03244904,0,9949509,0,9980469
49396,0,0,-0,08521073,-0,002688218,-0,03297707,0,9958135,0,9980469,-0,08596692,-0,02975816,-0,03237133,0,9953272,0,9980469
49409,0,0,-0,08521118,-0,002674302,-0,03281444,0,9958189,0,9980469,-0,08597271,-0,02974156,-0,03217892,0,9953336,0,9980469
49423,0,0,-0,08591284,-0,002892883,-0,03289337,0,9957553,0,9980469,-0,08667378,-0,02996016,-0,03224549,0,9952639,0,9980469
49437,0,0,-0,08591257,-0,00290044,-0,03298099,0,9957525,0,9980469,-0,08667223,-0,02996467,-0,03229721,0,9952623,0,9980469
49451,0,0,-0,08591182,-0,00292308,-0,03324341,0,9957437,0,9980469,-0,08666509,-0,0299853,-0,0325341,0,9952546,0,9980469
49465,0,0,-0,08641869,-0,003453545,-0,03362725,0,9956852,0,9980469,-0,08715859,-0,03051568,-0,03292368,0,9951825,0,9980469
49479,0,0,-0,08641854,-0,003457,-0,03366706,0,995684,0,9980469,-0,08715753,-0,03051867,-0,03295788,0,9951814,0,9980469
49493,0,0,-0,08991063,-0,00296022,-0,03370589,0,9953749,0,9980469,-0,09065658,-0,03003579,-0,03308495,0,9948792,0,9980469
49507,0,0,-0,08991086,-0,002953542,-0,03363198,0,9953775,0,9980469,-0,0906589,-0,03002889,-0,0330092,0,9948817,0,9980469
49521,0,0,-0,09561954,0,001518618,-0,03365661,0,9948477,0,9980469,-0,09639359,-0,02559497,-0,03319831,0,9944602,0,9980469
49535,0,0,-0,09561945,0,001524261,-0,03359793,0,9948497,0,9980469,-0,09639509,-0,02558935,-0,03314026,0,9944622,0,9980469
49549,0,0,-0,09561962,0,001514648,-0,03369794,0,9948464,0,9980469,-0,09639259,-0,02559897,-0,03323951,0,9944589,0,9980469
49563,0,0,-0,0958117,0,003299271,-0,03374825,0,9948218,0,9980469,-0,09659609,-0,0238195,-0,0333005,0,9944812,0,9980469
49577,0,0,-0,09581138,0,003307759,-0,0336601,0,9948248,0,9980469,-0,09659828,-0,02381058,-0,03320871,0,9944843,0,9980469
49591,0,0,-0,09566328,0,002112686,-0,03349065,0,994848,0,9980469,-0,09644741,-0,0250003,-0,03302604,0,9944759,0,9980469
49604,0,0,-0,09566331,0,002110364,-0,03351479,0,9948472,0,9980469,-0,09644686,-0,0250025,-0,03304862,0,9944751,0,9980469
49618,0,0,-0,09566373,0,002091073,-0,03371539,0,9948404,0,9980469,-0,09644181,-0,02502183,-0,03324813,0,9944685,0,9980469
49632,0,0,-0,09510364,0,000327277,-0,03388051,0,9948907,0,9980469,-0,09586185,-0,02677854,-0,03339862,0,9944738,0,9980469
49646,0,0,-0,09510365,0,0003229035,-0,03392626,0,9948892,0,9980469,-0,09586045,-0,02678355,-0,03345058,0,994472,0,9980469
49660,0,0,-0,09516437,0,0002589654,-0,03382002,0,9948869,0,9980469,-0,09593182,-0,02684886,-0,03336126,0,9944664,0,9980469
49674,0,0,-0,09516436,0,0002621813,-0,03378641,0,9948881,0,9980469,-0,09593253,-0,02684619,-0,03333356,0,9944673,0,9980469
49688,0,0,-0,09242262,0,0009239512,-0,03387891,0,9951429,0,9980469,-0,09320565,-0,02617344,-0,03334602,0,9947441,0,9980469
49702,0,0,-0,09242279,0,0009060157,-0,03407202,0,9951364,0,9980469,-0,09320094,-0,02619,-0,03352287,0,9947382,0,9980469
49716,0,0,-0,09242307,0,0008791117,-0,03436172,0,9951264,0,9980469,-0,09319414,-0,02621432,-0,03378244,0,9947295,0,9980469
49730,0,0,-0,0924225,0,00145461,-0,03424399,0,9951299,0,9980469,-0,09320799,-0,02563867,-0,03364417,0,9947478,0,9980469
49743,0,0,-0,09242226,0,001468867,-0,03409049,0,9951352,0,9980469,-0,09321253,-0,02562211,-0,03346745,0,9947537,0,9980469
49757,0,0,-0,09296793,0,001486295,-0,03386973,0,9950919,0,9980469,-0,09377576,-0,02560501,-0,03324381,0,9947087,0,9980469
49771,0,0,-0,09296791,0,001487046,-0,0338617,0,9950922,0,9980469,-0,09377632,-0,0256028,-0,03322053,0,9947095,0,9980469
49785,0,0,-0,093916,0,001494436,-0,0339186,0,9950011,0,9980469,-0,09471494,-0,02559849,-0,03329055,0,9946184,0,9980469
49799,0,0,-0,09391628,0,001476388,-0,03410979,0,9949946,0,9980469,-0,09471018,-0,0256162,-0,03347649,0,9946122,0,9980469
49813,0,0,-0,09391654,0,001459814,-0,0342854,0,9949885,0,9980469,-0,09470586,-0,02563213,-0,03364386,0,9946064,0,9980469
49827,0,0,-0,09456776,0,001476664,-0,0343911,0,9949232,0,9980469,-0,09535164,-0,02561678,-0,03375561,0,9945413,0,9980469
49841,0,0,-0,09456792,0,001466496,-0,03449805,0,9949195,0,9980469,-0,09534919,-0,02562588,-0,03385051,0,9945382,0,9980469
49855,0,0,-0,09606066,0,0009420449,-0,03460872,0,9947732,0,9980469,-0,09684244,-0,02615368,-0,03398872,0,9943754,0,9980469
49869,0,0,-0,09606086,0,0009283125,-0,03475095,0,9947684,0,9980469,-0,09683894,-0,02616682,-0,03412363,0,9943709,0,9980469
49883,0,0,-0,09606092,0,0009218454,-0,03481791,0,994766,0,9980469,-0,09683728,-0,0261729,-0,03418606,0,9943686,0,9980469
49897,0,0,-0,09559715,-0,001451639,-0,03482928,0,9948096,0,9980469,-0,09637192,-0,02853518,-0,03417515,0,9943492,0,9980469
49910,0,0,-0,09559698,-0,001465394,-0,0349724,0,9948047,0,9980469,-0,09636803,-0,02854846,-0,03431212,0,9943445,0,9980469
49924,0,0,-0,09590063,0,0001322655,-0,03510351,0,9947717,0,9980469,-0,09669229,-0,02695596,-0,03444583,0,9943529,0,9980469
49938,0,0,-0,09590064,0,0001289751,-0,03513763,0,9947706,0,9980469,-0,09669169,-0,02695809,-0,03446773,0,9943521,0,9980469
49953,0,0,-0,09627268,-0,002620741,-0,03496252,0,9947374,0,9980469,-0,09706096,-0,02969879,-0,03428924,0,9942442,0,9980469
49966,0,0,-0,09627312,-0,0026046,-0,03479574,0,9947432,0,9980469,-0,09706607,-0,02968208,-0,03411809,0,9942501,0,9980469
49980,0,0,-0,09627356,-0,002587585,-0,03461996,0,9947494,0,9980469,-0,09707135,-0,02966479,-0,03394089,0,9942561,0,9980469
49994,0,0,-0,09667742,-0,00398393,-0,03455137,0,9947078,0,9980469,-0,09746678,-0,0310572,-0,03387723,0,9941771,0,9980469
50008,0,0,-0,09667741,-0,003985004,-0,03456245,0,9947076,0,9980469,-0,09746677,-0,03105725,-0,03387777,0,994177,0,9980469
50022,0,0,-0,1008053,-0,009006657,-0,03452518,0,9942662,0,9980469,-0,1015343,-0,03607598,-0,03392165,0,9935988,0,9980469
50036,0,0,-0,100804,-0,009020773,-0,03466441,0,9942613,0,9980469,-0,1015299,-0,03608847,-0,03404402,0,9935946,0,9980469
50050,0,0,-0,1008016,-0,00904833,-0,0349362,0,9942518,0,9980469,-0,1015207,-0,03611434,-0,03429703,0,993586,0,9980469
50064,0,0,-0,1016767,-0,01068132,-0,03491418,0,9941472,0,9980469,-0,1023807,-0,03774194,-0,03427321,0,9934381,0,9980469
50078,0,0,-0,1016769,-0,01067954,-0,03489671,0,9941479,0,9980469,-0,1023824,-0,03773756,-0,03423066,0,9934396,0,9980469
50092,0,0,-0,1023799,-0,01134146,-0,03484619,0,9940702,0,9980469,-0,1030915,-0,03839651,-0,0341693,0,9933432,0,9980469
50105,0,0,-0,1023772,-0,0113657,-0,03508167,0,9940619,0,9980469,-0,1030832,-0,03841892,-0,03438532,0,9933355,0,9980469
50119,0,0,-0,1021633,-0,01131754,-0,03544687,0,9940715,0,9980469,-0,10287,-0,03836878,-0,03473559,0,9933473,0,9980469
50133,0,0,-0,102162,-0,01133035,-0,03557141,0,9940671,0,9980469,-0,1028655,-0,03838086,-0,03485214,0,9933434,0,9980469
50148,0,0,-0,1021638,-0,01131346,-0,03540713,0,9940729,0,9980469,-0,1028722,-0,03836284,-0,03467811,0,9933495,0,9980469
50161,0,0,-0,1029291,-0,01092569,-0,03523553,0,9940044,0,9980469,-0,1036604,-0,0379779,-0,03452257,0,9932877,0,9980469
50175,0,0,-0,1029298,-0,01092013,-0,03518179,0,9940064,0,9980469,-0,1036625,-0,03797238,-0,03446966,0,9932896,0,9980469
50189,0,0,-0,1000077,-0,01363198,-0,03505461,0,9942756,0,9980469,-0,1007408,-0,04065535,-0,03426068,0,9934912,0,9980469
50203,0,0,-0,1000066,-0,01364011,-0,0351355,0,9942727,0,9980469,-0,1007376,-0,04066331,-0,03433919,0,9934885,0,9980469
50217,0,0,-0,1000066,-0,0136402,-0,03513643,0,9942726,0,9980469,-0,1007374,-0,04066365,-0,03434248,0,9934884,0,9980469
50231,0,0,-0,1002028,-0,01329121,-0,03525745,0,9942533,0,9980469,-0,1009278,-0,04031713,-0,03447986,0,9934783,0,9980469
50245,0,0,-0,1002013,-0,01330285,-0,03537289,0,9942493,0,9980469,-0,1009223,-0,04033122,-0,03461834,0,9934736,0,9980469
50259,0,0,-0,1001266,-0,01332135,-0,03544387,0,9942541,0,9980469,-0,1008473,-0,04034996,-0,03470401,0,9934775,0,9980469
50272,0,0,-0,1001257,-0,01332773,-0,03550722,0,9942518,0,9980469,-0,100844,-0,04035818,-0,03478495,0,9934747,0,9980469
50286,0,0,-0,1003071,-0,01262688,-0,03547543,0,9942437,0,9980469,-0,1010357,-0,03966357,-0,03478527,0,9934832,0,9980469
50300,0,0,-0,1003078,-0,01262147,-0,03542176,0,9942458,0,9980469,-0,1010367,-0,03966106,-0,03476069,0,993484,0,9980469
50315,0,0,-0,1003095,-0,01260756,-0,03528383,0,9942507,0,9980469,-0,1010406,-0,0396511,-0,0346627,0,9934874,0,9980469
50328,0,0,-0,1007167,-0,01045365,-0,03528546,0,9942342,0,9980469,-0,1014607,-0,037512,-0,03470636,0,9935261,0,9980469
50342,0,0,-0,1007163,-0,01045804,-0,03532884,0,9942328,0,9980469,-0,1014583,-0,03751873,-0,03477208,0,9935239,0,9980469
50356,0,0,-0,09954551,-0,01049779,-0,03565301,0,9943388,0,9980469,-0,100275,-0,03755502,-0,03508312,0,9936317,0,9980469
50370,0,0,-0,09954476,-0,01050458,-0,03572081,0,9943362,0,9980469,-0,1002724,-0,03756214,-0,03515372,0,993629,0,9980469
50384,0,0,-0,09954651,-0,01048829,-0,03555803,0,994342,0,9980469,-0,1002784,-0,03754592,-0,0349929,0,9936349,0,9980469
50398,0,0,-0,09758645,-0,01068311,-0,03549615,0,9945365,0,9980469,-0,09833231,-0,03773174,-0,03488756,0,9938259,0,9980469
50412,0,0,-0,09758763,-0,01067262,-0,03538926,0,9945403,0,9980469,-0,0983357,-0,03772293,-0,0347985,0,9938291,0,9980469
50426,0,0,-0,09699915,-0,01045478,-0,03541102,0,9945994,0,9980469,-0,09775168,-0,03750616,-0,03482568,0,9938939,0,9980469
50440,0,0,-0,09700014,-0,01044548,-0,03531564,0,9946027,0,9980469,-0,09775377,-0,03750076,-0,0347708,0,9938959,0,9980469
50454,0,0,-0,1000699,-0,01005234,-0,03574161,0,9942874,0,9980469,-0,1007936,-0,03712681,-0,03529979,0,9935875,0,9980469
50467,0,0,-0,100065,-0,01010086,-0,03622368,0,9942701,0,9980469,-0,100775,-0,03717735,-0,03579771,0,9935699,0,9980469
50482,0,0,-0,1000627,-0,0101241,-0,03645471,0,9942617,0,9980469,-0,1007662,-0,03720145,-0,0360353,0,9935613,0,9980469
50495,0,0,-0,1010453,-0,01003016,-0,03670882,0,9941539,0,9980469,-0,1017479,-0,0371133,-0,03632428,0,9934539,0,9980469
50509,0,0,-0,1010427,-0,01005533,-0,03695656,0,9941446,0,9980469,-0,1017384,-0,03713937,-0,0365791,0,9934446,0,9980469
50523,0,0,-0,1008454,-0,01028849,-0,03730459,0,9941494,0,9980469,-0,1015601,-0,03737141,-0,03692728,0,9934412,0,9980469
50537,0,0,-0,100844,-0,01030181,-0,03743593,0,9941444,0,9980469,-0,1015549,-0,03738544,-0,03706462,0,993436,0,9980469
50551,0,0,-0,1008437,-0,01030453,-0,03746269,0,9941434,0,9980469,-0,1015538,-0,0373885,-0,03709451,0,9934351,0,9980469
50565,0,0,-0,1003551,-0,009021488,-0,03743658,0,9942064,0,9980469,-0,1011109,-0,03610959,-0,03706361,0,9935287,0,9980469
50579,0,0,-0,1003563,-0,009007964,-0,03730267,0,9942113,0,9980469,-0,1011153,-0,03609731,-0,03694307,0,993533,0,9980469
50593,0,0,-0,1000748,-0,009261744,-0,03721078,0,9942409,0,9980469,-0,100854,-0,0363511,-0,03686617,0,9935532,0,9980469
50607,0,0,-0,1000767,-0,009240934,-0,03700401,0,9942485,0,9980469,-0,1008604,-0,0363333,-0,03669086,0,9935597,0,9980469
50621,0,0,-0,09905094,-0,007275149,-0,03689042,0,9943718,0,9980469,-0,09985447,-0,03437411,-0,03658414,0,993735,0,9980469
50635,0,0,-0,09905118,-0,007272086,-0,0368596,0,9943729,0,9980469,-0,09985468,-0,03437357,-0,03657864,0,9937353,0,9980469
50649,0,0,-0,09904984,-0,007290268,-0,03704213,0,9943661,0,9980469,-0,09984824,-0,03439215,-0,03676352,0,9937284,0,9980469
50662,0,0,-0,09813207,-0,00734912,-0,03732083,0,9944462,0,9980469,-0,09891385,-0,03444558,-0,03700512,0,993811,0,9980469
50676,0,0,-0,09813029,-0,007373095,-0,03756382,0,9944372,0,9980469,-0,09890602,-0,03446797,-0,03723017,0,9938025,0,9980469
50690,0,0,-0,1006218,-0,006013383,-0,03763471,0,9941946,0,9980469,-0,1014007,-0,03312567,-0,03735945,0,993592,0,9980469
50704,0,0,-0,1006213,-0,006021632,-0,03771621,0,9941914,0,9980469,-0,1013979,-0,03313408,-0,03744201,0,9935887,0,9980469
50718,0,0,-0,1007104,-0,006125765,-0,03777287,0,9941795,0,9980469,-0,1015007,-0,03323774,-0,03749667,0,9935728,0,9980469
50732,0,0,-0,1007102,-0,00613053,-0,03781993,0,9941779,0,9980469,-0,1014991,-0,0332425,-0,03754315,0,9935712,0,9980469
50746,0,0,-0,1007091,-0,006148192,-0,03799424,0,9941713,0,9980469,-0,1014932,-0,03326073,-0,03772146,0,9935644,0,9980469
50760,0,0,-0,09826871,-0,004888201,-0,03806121,0,9944198,0,9980469,-0,09908236,-0,03199363,-0,03773016,0,9938489,0,9980469
50774,0,0,-0,09826924,-0,004877934,-0,03795736,0,9944239,0,9980469,-0,09908566,-0,03198344,-0,03762782,0,9938529,0,9980469
50788,0,0,-0,09833285,-0,007579101,-0,03772538,0,9944093,0,9980469,-0,09914511,-0,03467379,-0,03739733,0,9937654,0,9980469
50802,0,0,-0,09833486,-0,007552989,-0,03746131,0,9944195,0,9980469,-0,09915368,-0,03464937,-0,03715258,0,9937746,0,9980469
50816,0,0,-0,09833553,-0,007544505,-0,03737551,0,9944227,0,9980469,-0,09915575,-0,03464331,-0,03709184,0,9937769,0,9980469
50829,0,0,-0,100326,-0,004663734,-0,03734002,0,9942427,0,9980469,-0,1011533,-0,03178732,-0,03714369,0,9936689,0,9980469
50843,0,0,-0,1003264,-0,004656214,-0,0372655,0,9942456,0,9980469,-0,1011549,-0,03178245,-0,03709591,0,9936708,0,9980469
50857,0,0,-0,09966066,-0,003988604,-0,03721745,0,9943173,0,9980469,-0,1004826,-0,03111798,-0,03707158,0,993761,0,9980469
50871,0,0,-0,09965976,-0,004011698,-0,03744786,0,9943087,0,9980469,-0,1004744,-0,03114449,-0,03733383,0,993751,0,9980469
50885,0,0,-0,09746584,-0,003325181,-0,0377354,0,9945177,0,9980469,-0,09827594,-0,03045215,-0,03758869,0,9939829,0,9980469
50899,0,0,-0,09746544,-0,003337109,-0,03785709,0,9945132,0,9980469,-0,09827174,-0,03046568,-0,03772551,0,9939777,0,9980469
50913,0,0,-0,09746563,-0,003331043,-0,03779522,0,9945154,0,9980469,-0,09827334,-0,03046051,-0,03767329,0,9939796,0,9980469
50927,0,0,-0,09609768,0,001199794,-0,03754416,0,9946629,0,9980469,-0,09696121,-0,02593909,-0,03740712,0,9942468,0,9980469
50941,0,0,-0,09609713,0,001241748,-0,0371099,0,9946792,0,9980469,-0,09697215,-0,02589805,-0,03698643,0,9942625,0,9980469
50955,0,0,-0,09283882,0,007348345,-0,03686067,0,9949714,0,9980469,-0,09377535,-0,01979195,-0,03666496,0,9947212,0,9980469
50969,0,0,-0,09283754,0,007365336,-0,03667861,0,9949784,0,9980469,-0,09377879,-0,01977577,-0,03649317,0,9947276,0,9980469
50983,0,0,-0,09283818,0,00735724,-0,03676538,0,9949751,0,9980469,-0,0937767,-0,01978571,-0,03659875,0,9947237,0,9980469
50997,0,0,-0,0929413,0,008079326,-0,03662359,0,994965,0,9980469,-0,09386446,-0,01906836,-0,0364774,0,9947338,0,9980469
51010,0,0,-0,09294105,0,00808247,-0,03658998,0,9949663,0,9980469,-0,09386507,-0,01906553,-0,03644741,0,9947349,0,9980469
51024,0,0,-0,09225281,0,01131221,-0,03647663,0,9950031,0,9980469,-0,09318755,-0,01583956,-0,03632815,0,9948595,0,9980469
51038,0,0,-0,09225208,0,0113179,-0,03641526,0,9950052,0,9980469,-0,0931884,-0,01583442,-0,03627326,0,9948615,0,9980469
51052,0,0,-0,09282608,0,007985402,-0,03637756,0,9949856,0,9980469,-0,0937243,-0,01916486,-0,03625297,0,9947534,0,9980469
51066,0,0,-0,09282626,0,007983394,-0,0363991,0,9949849,0,9980469,-0,09372379,-0,01916721,-0,03627795,0,9947525,0,9980469
51080,0,0,-0,09282611,0,007984985,-0,03638203,0,9949855,0,9980469,-0,09372404,-0,01916588,-0,03626388,0,9947529,0,9980469
51094,0,15,-0,09258305,0,005870206,-0,03629018,0,9950261,0,9980469,-0,09346055,-0,02127488,-0,03616201,0,9947386,0,9980469
51108,0,15,-0,09258249,0,005879426,-0,03619113,0,9950298,0,9980469,-0,09346263,-0,02126581,-0,03606542,0,9947422,0,9980469
51122,0,15,-0,09367372,0,006071114,-0,03609649,0,9949299,0,9980469,-0,09454766,-0,02108018,-0,03600404,0,9946459,0,9980469
51136,0,15,-0,09367386,0,006069608,-0,0361125,0,9949293,0,9980469,-0,09454741,-0,02108128,-0,03601553,0,9946454,0,9980469
51150,0,15,-0,09367351,0,006074559,-0,0360599,0,9949312,0,9980469,-0,09454892,-0,02107445,-0,03594375,0,994648,0,9980469
51163,0,15,-0,09261911,0,008726081,-0,03629122,0,9950017,0,9980469,-0,09350288,-0,01842035,-0,03611706,0,9947932,0,9980469
51177,0,15,-0,09262042,0,008712126,-0,03644115,0,9949963,0,9980469,-0,09350051,-0,01843226,-0,03624367,0,9947886,0,9980469
51191,0,15,-0,09302162,0,008925341,-0,03649527,0,9949551,0,9980469,-0,09389956,-0,0182189,-0,03628481,0,9947535,0,9980469
51205,0,15,-0,09302157,0,008925287,-0,03649581,0,9949549,0,9980469,-0,09389997,-0,01821674,-0,03626208,0,9947543,0,9980469
51219,0,15,-0,09384177,0,009215976,-0,03635882,0,9948803,0,9980469,-0,09473251,-0,01792699,-0,03611852,0,9946858,0,9980469
51233,0,15,-0,09384103,0,00922347,-0,0362794,0,9948832,0,9980469,-0,09473455,-0,01791626,-0,03600574,0,9946899,0,9980469
51248,0,15,-0,09384023,0,009231606,-0,03619313,0,9948864,0,9980469,-0,09473687,-0,01790411,-0,03587819,0,9946947,0,9980469
51261,0,15,-0,09453259,0,01012018,-0,03617906,0,9948127,0,9980469,-0,09543376,-0,01701592,-0,03584138,0,9946449,0,9980469
51275,0,15,-0,09453261,0,01011965,-0,03618456,0,9948125,0,9980469,-0,09543444,-0,01701197,-0,0358002,0,9946463,0,9980469
51289,0,15,-0,09691042,0,01390052,-0,03607475,0,9945421,0,9980469,-0,09783132,-0,01324444,-0,03572004,0,9944737,0,9980469
51303,0,15,-0,09691059,0,01389926,-0,03608772,0,9945415,0,9980469,-0,09783165,-0,01324205,-0,03569577,0,9944746,0,9980469
51317,0,15,-0,09691195,0,01389013,-0,03618145,0,9945381,0,9980469,-0,09783084,-0,01324822,-0,03575845,0,9944724,0,9980469
51330,0,15,-0,1003067,0,1053243,-0,03701572,0,9886734,0,9980469,-0,1019105,0,07859766,-0,03680807,0,9910004,0,9980469
51345,0,15,-0,1003599,0,1052736,-0,03751518,0,9886546,0,9980469,-0,1019472,0,0785501,-0,03727058,0,9909831,0,9980469
51359,0,15,-0,1014753,0,1175819,-0,03792571,0,9871369,0,9980469,-0,1031596,0,09099181,-0,03771064,0,9897761,0,9980469
51372,0,15,-0,1014991,0,1175613,-0,03812599,0,987129,0,9980469,-0,1031765,0,09097265,-0,03789447,0,989769,0,9980469
51387,0,15,-0,1021479,0,1185041,-0,03797152,0,9869553,0,9980469,-0,1038651,0,09192074,-0,03774013,0,9896154,0,9980469
51400,0,15,-0,1021387,0,118512,-0,03789467,0,9869584,0,9980469,-0,1038566,0,09193034,-0,03764898,0,9896188,0,9980469
51414,0,15,-0,1021379,0,1185127,-0,03788802,0,9869585,0,9980469,-0,1038553,0,09193183,-0,03763453,0,9896194,0,9980469
51428,0,15,-0,1015299,0,1198209,-0,03802884,0,986858,0,9980469,-0,1032608,0,09325889,-0,0377464,0,9895532,0,9980469
51442,0,15,-0,10154,0,1198123,-0,0381123,0,9868548,0,9980469,-0,1032668,0,09325223,-0,03781006,0,9895507,0,9980469
51456,0,15,-0,09878656,0,1208806,-0,03851209,0,9869884,0,9980469,-0,1004848,0,09435066,-0,03811562,0,9897213,0,9980469
51470,0,15,-0,09876822,0,1208955,-0,03836263,0,9869941,0,9980469,-0,1004695,0,09436692,-0,0379556,0,9897273,0,9980469
51484,0,15,-0,09875583,0,1209057,-0,03826135,0,9869981,0,9980469,-0,10046,0,09437703,-0,03785593,0,9897313,0,9980469
51498,0,15,-0,0971386,0,1329661,-0,03861909,0,9855927,0,9980469,-0,09890474,0,1066085,-0,0381925,0,9886324,0,9980469
51512,0,15,-0,09714298,0,1329629,-0,03865188,0,9855914,0,9980469,-0,0989074,0,1066059,-0,03821753,0,9886313,0,9980469
51526,0,15,-0,09755549,0,1341029,-0,03882949,0,9853891,0,9980469,-0,09931859,0,1077592,-0,0383957,0,9884581,0,9980469
51539,0,15,-0,09757044,0,1340921,-0,03893904,0,9853849,0,9980469,-0,09932816,0,1077504,-0,03848305,0,9884548,0,9980469
51553,0,15,-0,09996036,0,1342709,-0,03841252,0,9851416,0,9980469,-0,1017587,0,1079202,-0,0380013,0,9882078,0,9980469
51567,0,15,-0,09993672,0,1342885,-0,03823926,0,9851483,0,9980469,-0,1017361,0,1079415,-0,03779485,0,9882156,0,9980469
51582,0,15,-0,09992251,0,1342991,-0,0381351,0,9851523,0,9980469,-0,101721,0,1079557,-0,03765698,0,9882209,0,9980469
51595,0,15,-0,1006889,0,1342057,-0,03831828,0,9850799,0,9980469,-0,102479,0,1078604,-0,03783721,0,9881461,0,9980469
51609,0,15,-0,1006738,0,1342169,-0,03820782,0,9850842,0,9980469,-0,1024648,0,1078739,-0,03770695,0,9881511,0,9980469
51623,0,15,-0,09937735,0,1340025,-0,03813914,0,9852478,0,9980469,-0,1011376,0,1076654,-0,03759217,0,9883149,0,9980469
51637,0,15,-0,0993398,0,1340303,-0,03786298,0,9852583,0,9980469,-0,1011075,0,1076936,-0,03731648,0,9883253,0,9980469
51651,0,15,-0,09930642,0,134055,-0,03761763,0,9852678,0,9980469,-0,1010806,0,107719,-0,03706879,0,9883347,0,9980469
51665,0,15,-0,09933829,0,1315301,-0,0374836,0,9856099,0,9980469,-0,1010777,0,1051568,-0,03693535,0,9886159,0,9980469
51679,0,15,-0,09933934,0,1315293,-0,03749145,0,9856097,0,9980469,-0,1010778,0,1051567,-0,03693659,0,9886158,0,9980469
51693,0,15,-0,09734522,0,1312915,-0,03795105,0,9858226,0,9980469,-0,09902301,0,1049269,-0,03733907,0,988833,0,9980469
51706,0,15,-0,09734116,0,1312944,-0,03792079,0,9858239,0,9980469,-0,09901941,0,1049302,-0,03730525,0,9888343,0,9980469
51720,0,15,-0,09526197,0,1337175,-0,03830816,0,9856862,0,9980469,-0,09691571,0,1074001,-0,03764719,0,9887645,0,9980469
51734,0,15,-0,09525626,0,1337216,-0,03826628,0,985688,0,9980469,-0,09691261,0,107403,-0,03761847,0,9887657,0,9980469
51749,0,15,-0,09526138,0,1337179,-0,03830399,0,9856864,0,9980469,-0,09691791,0,1073982,-0,037667,0,9887639,0,9980469
51763,0,15,-0,09749476,0,1340614,-0,03797283,0,9854342,0,9980469,-0,09918806,0,1077367,-0,03740206,0,988512,0,9980469
51776,0,15,-0,09747319,0,134077,-0,03781444,0,9854403,0,9980469,-0,09917206,0,1077514,-0,0372553,0,9885173,0,9980469
51790,0,15,-0,09610501,0,1339743,-0,03793442,0,9855841,0,9980469,-0,09778984,0,1076527,-0,03735733,0,9886621,0,9980469
51804,0,15,-0,09607466,0,1339961,-0,03771086,0,9855927,0,9980469,-0,09776738,0,1076732,-0,03715069,0,9886699,0,9980469
51818,0,15,-0,09604877,0,1340145,-0,03752122,0,9855998,0,9980469,-0,09774864,0,1076901,-0,03697914,0,9886762,0,9980469
51832,0,15,-0,09808475,0,1320859,-0,03710378,0,9856755,0,9980469,-0,09980062,0,1057198,-0,03661892,0,9886974,0,9980469
51846,0,15,-0,09808258,0,1320873,-0,03708815,0,9856761,0,9980469,-0,09980003,0,1057203,-0,03661358,0,9886975,0,9980469
51860,0,15,-0,09759474,0,132333,-0,03691938,0,9856979,0,9980469,-0,09930535,0,1059676,-0,03644392,0,9887272,0,9980469
51874,0,15,-0,09756413,0,1323555,-0,03669176,0,9857063,0,9980469,-0,09928241,0,1059889,-0,03623072,0,9887348,0,9980469
51888,0,15,-0,09695551,0,1328119,-0,03650949,0,9857119,0,9980469,-0,09866738,0,1064505,-0,03605532,0,9887534,0,9980469
51902,0,15,-0,0969073,0,132847,-0,0361517,0,985725,0,9980469,-0,0986318,0,1064834,-0,03572512,0,9887653,0,9980469
51916,0,15,-0,09687242,0,1328725,-0,03589289,0,9857345,0,9980469,-0,09860603,0,1065073,-0,03548573,0,9887739,0,9980469
51929,0,15,-0,09637555,0,1334539,-0,03557754,0,985716,0,9980469,-0,09810423,0,107095,-0,03519933,0,9887706,0,9980469
51943,0,15,-0,09635285,0,1334704,-0,03540976,0,9857222,0,9980469,-0,09808844,0,1071095,-0,03505344,0,9887758,0,9980469
51957,0,15,-0,09583496,0,1332612,-0,03546996,0,9857987,0,9980469,-0,09754118,0,1069015,-0,03509716,0,9888509,0,9980469
51971,0,15,-0,0958704,0,1332359,-0,03573182,0,9857893,0,9980469,-0,09756612,0,1068788,-0,03532746,0,9888428,0,9980469
51985,0,15,-0,09596857,0,133165,-0,03645878,0,9857626,0,9980469,-0,09763907,0,1068121,-0,03600301,0,9888182,0,9980469
51999,0,15,-0,09738487,0,1329204,-0,03687399,0,9856413,0,9980469,-0,09903835,0,1065657,-0,0363953,0,9886914,0,9980469
52013,0,15,-0,0974513,0,1328716,-0,03736677,0,9856227,0,9980469,-0,09908602,0,1065213,-0,03683794,0,9886749,0,9980469
52027,0,15,-0,09836084,0,1324665,-0,0374374,0,9855843,0,9980469,-0,1000128,0,1061122,-0,03689542,0,9886236,0,9980469
52041,0,15,-0,09838009,0,1324523,-0,03758058,0,9855788,0,9980469,-0,1000252,0,1061005,-0,03701134,0,9886192,0,9980469
52055,0,15,-0,1021648,0,1328118,-0,03707787,0,9851643,0,9980469,-0,1038862,0,1064473,-0,03657527,0,9881999,0,9980469
52069,0,15,-0,1021856,0,1327959,-0,03723193,0,9851585,0,9980469,-0,103901,0,106433,-0,03671204,0,9881949,0,9980469
52083,0,15,-0,1022357,0,1327572,-0,03760397,0,9851443,0,9980469,-0,1039401,0,1063948,-0,03707504,0,9881812,0,9980469
52097,0,15,-0,1010282,0,1336185,-0,03810804,0,9851331,0,9980469,-0,1027197,0,1072721,-0,03753818,0,9881966,0,9980469
52110,0,15,-0,1010504,0,1336017,-0,03827143,0,9851269,0,9980469,-0,1027345,0,1072578,-0,03767483,0,9881914,0,9980469
52124,0,15,-0,1008122,0,133932,-0,038355,0,9851031,0,9980469,-0,1025088,0,1075939,-0,03772722,0,9881762,0,9980469
52138,0,15,-0,1008326,0,1339166,-0,03850571,0,9850972,0,9980469,-0,1025233,0,1075801,-0,03786042,0,988171,0,9980469
52152,0,15,-0,09908406,0,1299434,-0,03869301,0,9857993,0,9980469,-0,1007326,0,1035595,-0,03798249,0,98878,0,9980469
52166,0,15,-0,09904873,0,1299703,-0,03842508,0,9858097,0,9980469,-0,1007038,0,1035875,-0,03770775,0,9887903,0,9980469
52180,0,15,-0,09900863,0,1300008,-0,038121,0,9858214,0,9980469,-0,1006723,0,1036181,-0,03740752,0,9888019,0,9980469
52194,0,15,-0,09838712,0,1301586,-0,03802005,0,9858667,0,9980469,-0,1000477,0,1037792,-0,03729181,0,9888527,0,9980469
52208,0,15,-0,09839861,0,1301499,-0,03810711,0,9858633,0,9980469,-0,1000561,0,1037712,-0,03737128,0,9888498,0,9980469
52222,0,15,-0,09859772,0,1324556,-0,03822797,0,9855316,0,9980469,-0,1002546,0,1061071,-0,03750077,0,9885768,0,9980469
52236,0,15,-0,0986182,0,1324403,-0,03838038,0,9855258,0,9980469,-0,1002706,0,106092,-0,03765055,0,9885711,0,9980469
52250,0,15,-0,09860399,0,1324509,-0,03827475,0,9855298,0,9980469,-0,1002584,0,1061034,-0,03753722,0,9885754,0,9980469
52263,0,15,-0,09579223,0,1328028,-0,03842515,0,985754,0,9980469,-0,09741169,0,1064744,-0,03761507,0,9888172,0,9980469
52277,0,15,-0,09577465,0,1328154,-0,03829503,0,9857591,0,9980469,-0,09739731,0,1064875,-0,03748183,0,9888222,0,9980469
52292,0,15,-0,09512223,0,1326523,-0,03826801,0,9858452,0,9980469,-0,09672954,0,1063262,-0,03744037,0,9889066,0,9980469
52305,0,15,-0,09509476,0,1326721,-0,03806366,0,9858531,0,9980469,-0,09670873,0,1063452,-0,03724674,0,9889141,0,9980469
52319,0,15,-0,09508336,0,1333001,-0,03758779,0,9857879,0,9980469,-0,09670194,0,1069781,-0,03679719,0,9888633,0,9980469
52333,0,15,-0,09504566,0,133327,-0,03730888,0,9857984,0,9980469,-0,09667487,0,1070025,-0,03654728,0,9888726,0,9980469
52348,0,15,-0,0950349,0,1333346,-0,03722948,0,9858013,0,9980469,-0,09666812,0,1070086,-0,03648507,0,9888748,0,9980469
52361,0,15,-0,09881201,0,1442861,-0,03661932,0,9839088,0,9980469,-0,1005611,0,1180998,-0,03600471,0,9872404,0,9980469
52375,0,15,-0,09876432,0,1443189,-0,03629372,0,9839211,0,9980469,-0,1005235,0,118132,-0,03568929,0,9872519,0,9980469
52389,0,15,-0,09970102,0,1447461,-0,03615503,0,9837689,0,9980469,-0,101459,0,1185534,-0,03559485,0,9871091,0,9980469
52403,0,15,-0,09973246,0,1447245,-0,03636853,0,983761,0,9980469,-0,1014872,0,1185293,-0,03582911,0,9871006,0,9980469
52417,0,15,-0,0997273,0,144728,-0,03633358,0,9837623,0,9980469,-0,1014865,0,1185298,-0,03582385,0,9871007,0,9980469
52431,0,15,-0,1007013,0,1440129,-0,03602437,0,9837794,0,9980469,-0,1024655,0,1177874,-0,03557389,0,9870976,0,9980469
52445,0,15,-0,1006651,0,1440382,-0,03577704,0,9837884,0,9980469,-0,1024389,0,1178105,-0,03535135,0,9871055,0,9980469
52459,0,15,-0,1005523,0,1437437,-0,0355631,0,9838508,0,9980469,-0,1023341,0,1175031,-0,03515518,0,98716,0,9980469
52472,0,15,-0,1005347,0,1437559,-0,03544308,0,9838551,0,9980469,-0,1023214,0,1175142,-0,03504824,0,9871638,0,9980469
52486,0,15,-0,09944347,0,1435268,-0,03546262,0,9839988,0,9980469,-0,1012142,0,1172805,-0,03506173,0,9873054,0,9980469
52500,0,15,-0,09944172,0,143528,-0,03545097,0,9839991,0,9980469,-0,1012143,0,1172804,-0,0350624,0,9873052,0,9980469
52515,0,15,-0,09943517,0,1435325,-0,03540592,0,9840009,0,9980469,-0,10121,0,1172841,-0,03502611,0,9873066,0,9980469
52528,0,15,-0,1000858,0,141595,-0,03521486,0,9842224,0,9980469,-0,1018538,0,1153109,-0,03485525,0,9874788,0,9980469
52542,0,15,-0,1000506,0,1416199,-0,03497007,0,9842311,0,9980469,-0,1018269,0,1153347,-0,03462493,0,9874869,0,9980469
52556,0,15,-0,100643,0,1413849,-0,03464557,0,984216,0,9980469,-0,1024327,0,1150944,-0,03432966,0,9874626,0,9980469
52570,0,15,-0,1006177,0,1414029,-0,03446961,0,9842221,0,9980469,-0,102413,0,1151118,-0,03416067,0,9874685,0,9980469
52584,0,15,-0,1006078,0,1414101,-0,03439988,0,9842246,0,9980469,-0,1024054,0,1151186,-0,03409604,0,9874707,0,9980469
52598,0,15,-0,1000364,0,1420134,-0,03460421,0,9841887,0,9980469,-0,1018166,0,1157388,-0,03429061,0,9874523,0,9980469
52612,0,15,-0,1000417,0,1420097,-0,0346407,0,9841875,0,9980469,-0,1018232,0,115733,-0,03434686,0,9874503,0,9980469
52625,0,15,-0,1004059,0,1417387,-0,03460959,0,9841905,0,9980469,-0,1021833,0,1154581,-0,03433258,0,9874459,0,9980469
52639,0,15,-0,1004033,0,1417405,-0,03459145,0,9841912,0,9980469,-0,1021811,0,1154601,-0,03431351,0,9874465,0,9980469
52653,0,15,-0,1005046,0,1420384,-0,0345835,0,9841383,0,9980469,-0,1022915,0,1157626,-0,03431304,0,9873998,0,9980469
52667,0,15,-0,1004889,0,1420496,-0,03447428,0,984142,0,9980469,-0,1022784,0,1157742,-0,03420141,0,9874036,0,9980469
52682,0,15,-0,1004844,0,1420528,-0,03444314,0,9841431,0,9980469,-0,1022741,0,1157779,-0,03416484,0,9874049,0,9980469
52695,0,15,-0,1016452,0,1422938,-0,03431068,0,9839938,0,9980469,-0,1034534,0,1160165,-0,03406085,0,9872576,0,9980469
52709,0,15,-0,1016545,0,1422872,-0,03437455,0,9839915,0,9980469,-0,1034619,0,116009,-0,03413256,0,9872552,0,9980469
52723,0,15,-0,1001773,0,1442774,-0,03461054,0,9838448,0,9980469,-0,1019755,0,1180356,-0,03434151,0,9871622,0,9980469
52737,0,15,-0,1001648,0,144286,-0,03452556,0,9838479,0,9980469,-0,1019665,0,1180433,-0,03426632,0,9871649,0,9980469
52751,0,15,-0,1001503,0,1442962,-0,03442641,0,9838514,0,9980469,-0,101955,0,1180533,-0,03417012,0,9871682,0,9980469
52765,0,15,-0,09992309,0,1444964,-0,03438875,0,9838465,0,9980469,-0,1017297,0,1182554,-0,03412747,0,9871688,0,9980469
52779,0,15,-0,09991479,0,144502,-0,03433241,0,9838484,0,9980469,-0,1017225,0,1182616,-0,03406719,0,9871709,0,9980469
52793,0,15,-0,0981997,0,1432958,-0,03468323,0,9841852,0,9980469,-0,09996452,0,1170467,-0,03436365,0,987485,0,9980469
52807,0,15,-0,0982109,0,1432881,-0,03476027,0,9841825,0,9980469,-0,09997095,0,1170412,-0,03441798,0,987483,0,9980469
52821,0,15,-0,0984017,0,1419815,-0,03480566,0,9843512,0,9980469,-0,1001474,0,1157185,-0,0344403,0,9876203,0,9980469
52834,0,15,-0,09842223,0,1419671,-0,03494837,0,984346,0,9980469,-0,1001616,0,1157061,-0,0345617,0,987616,0,9980469
52849,0,15,-0,09845465,0,1419447,-0,0351731,0,984338,0,9980469,-0,1001862,0,1156849,-0,03477118,0,9876086,0,9980469
52862,0,15,-0,1005405,0,1418076,-0,03515094,0,9841475,0,9980469,-0,1022916,0,1155385,-0,03478653,0,9874093,0,9980469
52876,0,15,-0,1005353,0,1418115,-0,03511373,0,984149,0,9980469,-0,1022854,0,1155442,-0,03473255,0,9874114,0,9980469
52890,0,15,-0,1017807,0,1315697,-0,03478057,0,9854544,0,9980469,-0,1034783,0,1051464,-0,03440748,0,9884598,0,9980469
52904,0,15,-0,1017747,0,1315744,-0,03473549,0,9854561,0,9980469,-0,1034727,0,1051519,-0,0343549,0,9884617,0,9980469
52918,0,15,-0,1017882,0,1315639,-0,03483679,0,9854525,0,9980469,-0,1034825,0,1051423,-0,0344468,0,9884584,0,9980469
52932,0,15,-0,1050813,0,1317397,-0,03447968,0,9850959,0,9980469,-0,1068176,0,1053024,-0,03416538,0,9880964,0,9980469
52946,0,15,-0,1050953,0,1317285,-0,03458438,0,9850923,0,9980469,-0,1068289,0,1052909,-0,03427124,0,9880926,0,9980469
52960,0,15,-0,1008519,0,1316115,-0,03549042,0,9855191,0,9980469,-0,1025166,0,1051934,-0,0350797,0,9885315,0,9980469
52974,0,15,-0,1008697,0,1315978,-0,03562367,0,9855142,0,9980469,-0,102532,0,1051783,-0,03522482,0,9885262,0,9980469
52988,0,15,-0,1010098,0,1317115,-0,03568734,0,9854825,0,9980469,-0,1026862,0,1052913,-0,03529992,0,9884955,0,9980469
53002,0,15,-0,1010169,0,131706,-0,03574016,0,9854805,0,9980469,-0,1026937,0,105284,-0,0353701,0,9884929,0,9980469
53016,0,15,-0,1010094,0,1317117,-0,03568418,0,9854825,0,9980469,-0,1026888,0,1052887,-0,03532479,0,9884945,0,9980469
53029,0,15,-0,100323,0,1305489,-0,03549749,0,9857141,0,9980469,-0,1020115,0,1041136,-0,03512498,0,9886963,0,9980469
53043,0,15,-0,10033,0,1305434,-0,03555102,0,9857121,0,9980469,-0,1020175,0,1041077,-0,03518177,0,9886943,0,9980469
53057,0,15,-0,09996305,0,1296411,-0,03574283,0,9858616,0,9980469,-0,1016418,0,1031963,-0,03536115,0,9888221,0,9980469
53071,0,15,-0,1000005,0,1296123,-0,03602735,0,9858513,0,9980469,-0,1016692,0,1031693,-0,0356236,0,9888127,0,9980469
53085,0,15,-0,09976456,0,1294065,-0,03614796,0,9858977,0,9980469,-0,10143,0,1029674,-0,03570666,0,9888552,0,9980469
53099,0,0,-0,09974897,0,1294185,-0,03602935,0,9859021,0,9980469,-0,1014156,0,1029816,-0,03556823,0,9888602,0,9980469
53113,0,0,-0,09974918,0,1294183,-0,03603118,0,985902,0,9980469,-0,1014136,0,1029834,-0,03554977,0,988861,0,9980469
53127,0,0,-0,1012259,0,1308272,-0,03591513,0,9855699,0,9980469,-0,1029217,0,1044087,-0,03545904,0,988559,0,9980469
53141,0,0,-0,1012367,0,1308188,-0,03599667,0,9855669,0,9980469,-0,1029287,0,1044018,-0,03552509,0,9885566,0,9980469
53155,0,0,-0,1023882,0,1315631,-0,03580172,0,9853558,0,9980469,-0,1040981,0,1051538,-0,0353475,0,9883608,0,9980469
53169,0,0,-0,1023906,0,1315611,-0,03582026,0,9853551,0,9980469,-0,104098,0,1051539,-0,03534637,0,9883608,0,9980469
53183,0,0,-0,1024343,0,1315272,-0,03614725,0,9853432,0,9980469,-0,1041304,0,1051219,-0,03565041,0,9883498,0,9980469
53196,0,0,-0,1031769,0,1314798,-0,03622844,0,9852691,0,9980469,-0,1048707,0,1050726,-0,03573031,0,988274,0,9980469
53210,0,0,-0,1032087,0,1314548,-0,03646711,0,9852603,0,9980469,-0,1048945,0,1050488,-0,03595458,0,9882658,0,9980469
53224,0,0,-0,1031696,0,1311296,-0,0366289,0,9853017,0,9980469,-0,1048503,0,104721,-0,03609854,0,9883,0,9980469
53238,0,0,-0,1032018,0,1311043,-0,03687064,0,9852927,0,9980469,-0,1048743,0,104697,-0,03632512,0,9882918,0,9980469
53252,0,0,-0,1019639,0,131156,-0,03736009,0,9853963,0,9980469,-0,1036227,0,1047554,-0,03678044,0,9884008,0,9980469
53266,0,0,-0,1019908,0,1311351,-0,03756221,0,9853886,0,9980469,-0,1036442,0,1047342,-0,03698295,0,9883932,0,9980469
53280,0,0,-0,1019867,0,1311382,-0,0375315,0,9853897,0,9980469,-0,1036406,0,1047376,-0,03694967,0,9883943,0,9980469
53294,0,0,-0,1025743,0,1284265,-0,03724072,0,9856969,0,9980469,-0,104242,0,1019828,-0,0366717,0,9886295,0,9980469
53308,0,0,-0,1025731,0,1284274,-0,037232,0,9856973,0,9980469,-0,1042418,0,101983,-0,03667014,0,9886296,0,9980469
53322,0,0,-0,1067167,0,04206334,-0,03537398,0,9927693,0,9980469,-0,107779,0,01492792,-0,03478947,0,9934539,0,9980469
53336,0,0,-0,1067209,0,04205264,-0,03547344,0,9927657,0,9980469,-0,1077805,0,01491624,-0,03489716,0,99345,0,9980469
53350,0,0,-0,1067212,0,04205192,-0,03548012,0,9927655,0,9980469,-0,1077806,0,01491568,-0,03490224,0,9934499,0,9980469
53363,0,0,-0,1033849,0,009542996,-0,03474423,0,9939886,0,9980469,-0,1042144,-0,01756326,-0,03401013,0,993818,0,9980469
53377,0,0,-0,1033856,0,009535387,-0,0348174,0,9939862,0,9980469,-0,1042129,-0,01757188,-0,03409242,0,9938152,0,9980469
53391,0,0,-0,1032774,0,006886346,-0,03488092,0,9940169,0,9980469,-0,1040846,-0,02021626,-0,03417272,0,9937756,0,9980469
53405,0,0,-0,1032779,0,006880096,-0,03494113,0,9940149,0,9980469,-0,1040831,-0,02022417,-0,03424808,0,9937731,0,9980469
53419,0,0,-0,1017303,0,006698581,-0,03480459,0,9941806,0,9980469,-0,102548,-0,02039832,-0,03407623,0,993935,0,9980469
53433,0,0,-0,1017286,0,006724079,-0,03455542,0,9941892,0,9980469,-0,102553,-0,02037289,-0,0338298,0,9939435,0,9980469
53447,0,0,-0,1017259,0,006764577,-0,0341596,0,9942029,0,9980469,-0,1025608,-0,02033366,-0,03344964,0,9939563,0,9980469
53461,0,0,-0,1008406,0,007189565,-0,03398212,0,9942961,0,9980469,-0,101682,-0,01990469,-0,03323838,0,9940624,0,9980469
53475,0,0,-0,1008426,0,007161543,-0,03425843,0,9942867,0,9980469,-0,1016773,-0,01992881,-0,03347425,0,9940544,0,9980469
53489,0,0,-0,1006835,0,006943347,-0,03457528,0,9942933,0,9980469,-0,101491,-0,02014301,-0,03374724,0,9940598,0,9980469
53503,0,0,-0,100686,0,006906899,-0,03493522,0,9942808,0,9980469,-0,1014848,-0,0201743,-0,03405364,0,9940494,0,9980469
53517,0,0,-0,1006854,0,006916152,-0,03484382,0,994284,0,9980469,-0,1014877,-0,02015965,-0,03391011,0,9940544,0,9980469
53531,0,0,-0,103002,0,001217174,-0,03422592,0,9940915,0,9980469,-0,1037817,-0,02584805,-0,03330875,0,9937062,0,9980469
53544,0,0,-0,1030016,0,001255155,-0,03385938,0,994104,0,9980469,-0,1037915,-0,02580856,-0,03293056,0,9937187,0,9980469
53558,0,0,-0,1045872,0,0007378068,-0,03367065,0,9939454,0,9980469,-0,1053793,-0,02633261,-0,0327793,0,9935429,0,9980469
53572,0,0,-0,1045871,0,0007511033,-0,03354431,0,9939496,0,9980469,-0,1053826,-0,0263194,-0,0326548,0,9935469,0,9980469
53586,0,0,-0,1012544,0,001822657,-0,0333446,0,9943,0,9980469,-0,1020568,-0,02523745,-0,03237062,0,9939315,0,9980469
53600,0,0,-0,1012543,0,001827022,-0,03330169,0,9943014,0,9980469,-0,1020579,-0,02523292,-0,0323265,0,9939328,0,9980469
53615,0,0,-0,1012545,0,001818761,-0,03338285,0,9942988,0,9980469,-0,102056,-0,02524086,-0,03240382,0,9939303,0,9980469
53628,0,0,-0,1011736,0,001788234,-0,03373564,0,9942951,0,9980469,-0,1019451,-0,02527084,-0,03274377,0,9939299,0,9980469
53642,0,0,-0,1011744,0,001744356,-0,03416687,0,9942804,0,9980469,-0,1019343,-0,02531429,-0,03316747,0,9939158,0,9980469
53656,0,0,-0,0989152,0,0006496068,-0,03437064,0,9945019,0,9980469,-0,09967558,-0,02639463,-0,03330306,0,9941123,0,9980469
53670,0,0,-0,09891537,0,0006244555,-0,03462351,0,9944932,0,9980469,-0,09966888,-0,02641998,-0,03355587,0,9941038,0,9980469
53684,0,0,-0,09891538,0,0006197095,-0,03467121,0,9944915,0,9980469,-0,0996675,-0,02642509,-0,03360682,0,9941021,0,9980469
53697,0,0,-0,09918485,-0,0008313749,-0,03478191,0,9944606,0,9980469,-0,09994718,-0,02787085,-0,0337194,0,9940307,0,9980469
53711,0,0,-0,09918484,-0,0008345414,-0,03481368,0,9944596,0,9980469,-0,09994613,-0,02787467,-0,03375735,0,9940293,0,9980469
53726,0,0,-0,09930453,-0,002042158,-0,03484946,0,9944446,0,9980469,-0,1000769,-0,02907685,-0,03379618,0,9939803,0,9980469
53739,0,0,-0,0993045,-0,002045985,-0,03488781,0,9944432,0,9980469,-0,1000754,-0,02908202,-0,03384731,0,9939786,0,9980469
53753,0,0,-0,09983332,-0,002322827,-0,03497906,0,9943866,0,9980469,-0,1006101,-0,02935894,-0,0339625,0,9939126,0,9980469
53767,0,0,-0,09983321,-0,002327483,-0,03502545,0,9943848,0,9980469,-0,1006084,-0,02936491,-0,0340215,0,9939106,0,9980469
53782,0,0,-0,09983322,-0,002329191,-0,03504248,0,9943843,0,9980469,-0,1006073,-0,0293685,-0,03405697,0,9939094,0,9980469
53795,0,0,-0,09949885,-0,001765167,-0,03495527,0,994422,0,9980469,-0,1002887,-0,02880402,-0,03397318,0,993961,0,9980469
53809,0,0,-0,09949908,-0,00175452,-0,03484884,0,9944259,0,9980469,-0,1002914,-0,02879498,-0,03388346,0,9939641,0,9980469
53823,0,0,-0,1003216,0,0009839702,-0,03493938,0,9943411,0,9980469,-0,1011277,-0,02607101,-0,03401577,0,9939499,0,9980469
53837,0,0,-0,1003215,0,0009890012,-0,03488949,0,9943428,0,9980469,-0,1011287,-0,02606723,-0,03397866,0,9939512,0,9980469
53851,0,0,-0,1003216,0,0009842077,-0,03493699,0,9943411,0,9980469,-0,1011271,-0,02607303,-0,03403558,0,9939493,0,9980469
53865,0,0,-0,09991847,0,001487575,-0,03510465,0,9943751,0,9980469,-0,1007196,-0,02557032,-0,03419781,0,9939982,0,9980469
53879,0,0,-0,09991871,0,001473474,-0,03524499,0,9943702,0,9980469,-0,1007158,-0,02558542,-0,03434671,0,9939931,0,9980469
53893,0,0,-0,1036909,0,001328008,-0,03564481,0,9939699,0,9980469,-0,1044628,-0,02575169,-0,0348691,0,9935837,0,9980469
53906,0,0,-0,1036911,0,001313772,-0,03578126,0,9939649,0,9980469,-0,1044582,-0,02577036,-0,03504682,0,9935774,0,9980469
53920,0,0,-0,1030976,0,001515925,-0,03567141,0,9940303,0,9980469,-0,1038875,-0,02557063,-0,03496277,0,9936454,0,9980469
53934,0,0,-0,1030973,0,001532871,-0,03550803,0,9940362,0,9980469,-0,1038903,-0,02555913,-0,03485274,0,9936493,0,9980469
53949,0,0,-0,1030971,0,001550825,-0,03533493,0,9940423,0,9980469,-0,1038935,-0,02554643,-0,03473134,0,9936536,0,9980469
53962,0,0,-0,1017984,0,001390356,-0,03535419,0,9941756,0,9980469,-0,1026056,-0,02570334,-0,03474763,0,9937828,0,9980469
53976,0,0,-0,1017986,0,001382387,-0,035432,0,9941729,0,9980469,-0,1026034,-0,02571194,-0,03483093,0,9937798,0,9980469
53990,0,0,-0,1018792,-0,001003257,-0,03539728,0,9941664,0,9980469,-0,1026614,-0,02808778,-0,03477006,0,9937116,0,9980469
54004,0,0,-0,1018791,-0,001008303,-0,03544652,0,9941646,0,9980469,-0,1026607,-0,0280904,-0,03479544,0,9937109,0,9980469
54018,0,0,-0,101879,-0,001017417,-0,03553543,0,9941614,0,9980469,-0,1026586,-0,02809787,-0,03486776,0,9937082,0,9980469
54032,0,0,-0,1015837,-0,007073133,-0,03552972,0,9941673,0,9980469,-0,1023213,-0,03412855,-0,03483756,0,9935552,0,9980469
54046,0,0,-0,1015834,-0,00707736,-0,03557112,0,9941657,0,9980469,-0,1023197,-0,03413343,-0,03488497,0,9935536,0,9980469
54059,0,0,-0,1039809,-0,004586851,-0,03567789,0,9939285,0,9980469,-0,1047321,-0,03166826,-0,03506485,0,9933774,0,9980469
54073,0,0,-0,1039813,-0,004578678,-0,03559979,0,9939314,0,9980469,-0,1047343,-0,03166096,-0,03499561,0,9933799,0,9980469
54087,0,0,-0,1040497,-0,005280612,-0,03549497,0,9939245,0,9980469,-0,1048065,-0,03236169,-0,03490151,0,9933531,0,9980469
54101,0,0,-0,10405,-0,005274967,-0,03544107,0,9939265,0,9980469,-0,1048079,-0,03235715,-0,03485832,0,9933546,0,9980469
54116,0,0,-0,1040491,-0,005293385,-0,03561698,0,9939203,0,9980469,-0,104802,-0,0323765,-0,0350417,0,9933482,0,9980469
54129,0,0,-0,1049809,-0,005111825,-0,03592299,0,9938121,0,9980469,-0,1057198,-0,03220154,-0,03538481,0,9932445,0,9980469
54143,0,0,-0,1049811,-0,005106355,-0,03587114,0,993814,0,9980469,-0,1057213,-0,03219659,-0,03533836,0,9932461,0,9980469
54157,0,0,-0,1050592,-0,00576358,-0,03560027,0,9938118,0,9980469,-0,1058071,-0,03284941,-0,03506479,0,9932251,0,9980469
54171,0,0,-0,105061,-0,005731977,-0,03530135,0,9938226,0,9980469,-0,105817,-0,03281752,-0,03476547,0,9932358,0,9980469
54185,0,0,-0,1049166,-0,007503213,-0,0352261,0,9938287,0,9980469,-0,1056572,-0,0345797,-0,03469176,0,9931955,0,9980469
54199,0,0,-0,1049159,-0,007511558,-0,0353051,0,9938258,0,9980469,-0,1056538,-0,0345902,-0,03479034,0,9931921,0,9980469
54213,0,0,-0,1049136,-0,00754434,-0,03561568,0,9938148,0,9980469,-0,105643,-0,03462301,-0,0350988,0,9931812,0,9980469
54227,0,0,-0,1036644,-0,0073059,-0,03571145,0,9939442,0,9980469,-0,1043876,-0,03437801,-0,03515688,0,9933205,0,9980469
54240,0,0,-0,103664,-0,007312062,-0,03577052,0,9939421,0,9980469,-0,104386,-0,03438283,-0,03520261,0,9933189,0,9980469
54254,0,0,-0,1035297,-0,007299412,-0,03583743,0,9939538,0,9980469,-0,1042598,-0,03436651,-0,0352389,0,9933313,0,9980469
54268,0,0,-0,1035285,-0,007316748,-0,03600385,0,9939477,0,9980469,-0,1042545,-0,03438267,-0,03539287,0,9933258,0,9980469
54282,0,0,-0,1035266,-0,007342413,-0,03625025,0,9939387,0,9980469,-0,1042465,-0,03440684,-0,03562315,0,9933176,0,9980469
54296,0,0,-0,1041836,-0,006142179,-0,03635452,0,9938744,0,9980469,-0,10492,-0,03321522,-0,03574328,0,9932829,0,9980469
54310,0,0,-0,1041835,-0,006145577,-0,0363869,0,9938733,0,9980469,-0,1049189,-0,03321882,-0,03577734,0,9932817,0,9980469
54324,0,0,-0,1046315,-0,005644589,-0,03650878,0,9938248,0,9980469,-0,1053838,-0,03272206,-0,03591141,0,9932442,0,9980469
54338,0,0,-0,104631,-0,005653257,-0,03659116,0,9938217,0,9980469,-0,1053809,-0,03273135,-0,03599906,0,9932409,0,9980469
54352,0,0,-0,1025,-0,004647589,-0,03664108,0,994047,0,9980469,-0,1032781,-0,03171967,-0,03600262,0,9934945,0,9980469
54366,0,0,-0,1025003,-0,004641392,-0,03658096,0,9940494,0,9980469,-0,1032797,-0,03171421,-0,03595016,0,9934964,0,9980469
54380,0,0,-0,1025014,-0,004616239,-0,03633706,0,9940583,0,9980469,-0,1032876,-0,03168877,-0,03570544,0,9935054,0,9980469
54394,0,0,-0,1012249,-0,004631354,-0,03586522,0,9942062,0,9980469,-0,1020347,-0,03169698,-0,03520084,0,9936526,0,9980469
54408,0,0,-0,1012255,-0,004615877,-0,03571325,0,9942116,0,9980469,-0,1020395,-0,03168127,-0,03504788,0,9936578,0,9980469
54421,0,0,-0,1023486,-0,004768112,-0,03577923,0,9940935,0,9980469,-0,1031388,-0,03184065,-0,03515325,0,9935355,0,9980469
54435,0,0,-0,1023486,-0,004766408,-0,03576268,0,9940941,0,9980469,-0,1031389,-0,0318404,-0,03515082,0,9935356,0,9980469
54449,0,0,-0,1023486,-0,00476701,-0,03576854,0,9940939,0,9980469,-0,1031384,-0,0318419,-0,03516543,0,9935351,0,9980469
54463,0,0,-0,1046365,-0,005985552,-0,03561312,0,9938548,0,9980469,-0,1053971,-0,03306839,-0,0350746,0,9932613,0,9980469
54477,0,0,-0,1046362,-0,005991646,-0,03567103,0,9938526,0,9980469,-0,1053951,-0,03307469,-0,03513409,0,9932591,0,9980469
54491,0,0,-0,1049151,-0,006202394,-0,03577868,0,993818,0,9980469,-0,1056613,-0,03328671,-0,03524516,0,9932198,0,9980469
54505,0,0,-0,1049139,-0,006221118,-0,03595603,0,9938116,0,9980469,-0,1056559,-0,03330373,-0,03540518,0,9932141,0,9980469
54519,0,0,-0,1051095,-0,004245525,-0,03635048,0,9937871,0,9980469,-0,1058588,-0,03133721,-0,03579587,0,9932426,0,9980469
54533,0,0,-0,1051086,-0,004268419,-0,03656697,0,9937791,0,9980469,-0,1058521,-0,03135981,-0,03600793,0,9932348,0,9980469
54547,0,0,-0,1051086,-0,00426864,-0,03656903,0,9937791,0,9980469,-0,1058522,-0,03135939,-0,03600381,0,993235,0,9980469
54561,0,0,-0,1053068,-0,003284203,-0,03625883,0,9937732,0,9980469,-0,1060848,-0,03037718,-0,03568454,0,9932522,0,9980469
54575,0,0,-0,1053077,-0,003252557,-0,0359602,0,993784,0,9980469,-0,1060945,-0,03034338,-0,03536814,0,9932635,0,9980469
54589,0,0,-0,1043903,-0,003138107,-0,03573273,0,9938893,0,9980469,-0,105194,-0,03022278,-0,035104,0,9933724,0,9980469
54602,0,0,-0,1043899,-0,003153185,-0,03587628,0,9938843,0,9980469,-0,10519,-0,03023649,-0,0352334,0,9933678,0,9980469
54617,0,0,-0,1043887,-0,003192603,-0,03625154,0,9938706,0,9980469,-0,1051795,-0,03027309,-0,0355791,0,9933556,0,9980469
54630,0,0,-0,1031411,-0,002762944,-0,03668765,0,9939861,0,9980469,-0,1039172,-0,02983375,-0,03592879,0,993489,0,9980469
54644,0,0,-0,1031402,-0,002797719,-0,03702279,0,9939737,0,9980469,-0,1039084,-0,02986413,-0,0362193,0,9934785,0,9980469
54658,0,0,-0,103431,-0,002857426,-0,0368067,0,9939513,0,9980469,-0,1042185,-0,02992004,-0,03598446,0,9934528,0,9980469
54672,0,0,-0,1034315,-0,002841428,-0,03665292,0,993957,0,9980469,-0,1042233,-0,02990363,-0,0358279,0,9934584,0,9980469
54686,0,0,-0,1028844,-0,002540493,-0,03679577,0,9940093,0,9980469,-0,1036946,-0,02959987,-0,03596818,0,9935178,0,9980469
54700,0,0,-0,1028839,-0,002561076,-0,03699462,0,9940019,0,9980469,-0,103688,-0,02962311,-0,03619102,0,9935096,0,9980469
54714,0,0,-0,1028837,-0,002571583,-0,03709613,0,9939982,0,9980469,-0,1036844,-0,02963574,-0,03631189,0,9935053,0,9980469
54728,0,0,-0,1022924,-0,006679505,-0,0369625,0,994045,0,9980469,-0,1030764,-0,03371869,-0,03614066,0,9934447,0,9980469
54742,0,0,-0,1022947,-0,006644161,-0,0366191,0,9940577,0,9980469,-0,10309,-0,03367718,-0,03574059,0,9934591,0,9980469
54756,0,0,-0,09969713,-0,006687712,-0,0361516,0,9943384,0,9980469,-0,1005243,-0,03370223,-0,03515739,0,9937419,0,9980469
54769,0,0,-0,09969831,-0,006670414,-0,03597904,0,9943447,0,9980469,-0,1005313,-0,03368143,-0,0349518,0,9937491,0,9980469
54784,0,0,-0,09969969,-0,006649932,-0,0357748,0,994352,0,9980469,-0,1005387,-0,03365936,-0,03473356,0,9937568,0,9980469
54797,0,0,-0,1006691,-0,008249622,-0,03523329,0,9942617,0,9980469,-0,1014909,-0,03525662,-0,03422,0,9936225,0,9980469
54811,0,0,-0,1006727,-0,008205138,-0,03479394,0,9942772,0,9980469,-0,1015062,-0,03521283,-0,03379118,0,9936371,0,9980469
54826,0,0,-0,09728681,-0,006984733,-0,03446743,0,9946349,0,9980469,-0,09812436,-0,03398551,-0,03338667,0,9940332,0,9980469
54839,0,0,-0,09728851,-0,006961359,-0,0342285,0,9946433,0,9980469,-0,09813297,-0,03396069,-0,03313518,0,9940416,0,9980469
54853,0,0,-0,097598,-0,008939972,-0,03393546,0,994607,0,9980469,-0,09839478,-0,03592878,-0,03280687,0,9939575,0,9980469
54867,0,0,-0,09759741,-0,008946337,-0,03400032,0,9946048,0,9980469,-0,09839427,-0,03592996,-0,03281906,0,993957,0,9980469
54882,0,0,-0,09759672,-0,008953574,-0,03407405,0,9946023,0,9980469,-0,0983922,-0,03593567,-0,03287661,0,9939552,0,9980469
54895,0,0,-0,1024883,-0,009396523,-0,03401263,0,9941081,0,9980469,-0,1032296,-0,03640189,-0,03295744,0,9934447,0,9980469
54909,0,0,-0,1024886,-0,009393919,-0,03398737,0,9941091,0,9980469,-0,1032301,-0,03640066,-0,03294561,0,9934451,0,9980469
54923,0,0,-0,1032988,-0,01052588,-0,03399068,0,9940137,0,9980469,-0,1040208,-0,03753693,-0,03297852,0,9933192,0,9980469
54937,0,0,-0,1032978,-0,01053573,-0,0340854,0,9940105,0,9980469,-0,1040169,-0,03754762,-0,03308034,0,9933159,0,9980469
54951,0,0,-0,1032982,-0,01053217,-0,03405115,0,9940116,0,9980469,-0,104018,-0,0375446,-0,03305171,0,9933168,0,9980469
54965,0,0,-0,102028,-0,008808298,-0,03381435,0,9941677,0,9980469,-0,1027735,-0,03582749,-0,0327835,0,9935187,0,9980469
54978,0,0,-0,1020288,-0,008800228,-0,03373571,0,9941705,0,9980469,-0,1027766,-0,03581876,-0,03269886,0,9935215,0,9980469
54993,0,0,-0,1005476,-0,00635764,-0,0337543,0,9943392,0,9980469,-0,1013163,-0,03338274,-0,03268079,0,9937568,0,9980469
55006,0,0,-0,1005471,-0,006367065,-0,03384752,0,9943361,0,9980469,-0,1013134,-0,03339172,-0,03276877,0,9937539,0,9980469
55020,0,0,-0,09798639,-0,006527159,-0,03376803,0,9945933,0,9980469,-0,09875619,-0,03354048,-0,03261896,0,9940112,0,9980469
55034,0,0,-0,09798853,-0,006494704,-0,03343863,0,9946045,0,9980469,-0,09876765,-0,03350684,-0,03228017,0,9940223,0,9980469
55049,0,0,-0,09798947,-0,006480759,-0,03329706,0,9946093,0,9980469,-0,09877302,-0,03349108,-0,03212145,0,9940275,0,9980469
55062,0,0,-0,09812567,-0,006327831,-0,03332404,0,9945959,0,9980469,-0,09889944,-0,03333755,-0,032143,0,9940193,0,9980469
55076,0,0,-0,09812652,-0,006314416,-0,03318805,0,9946004,0,9980469,-0,09890392,-0,03332428,-0,03200962,0,9940237,0,9980469
55090,0,0,-0,101175,-0,00867088,-0,03289523,0,994287,0,9980469,-0,101914,-0,03568309,-0,03181071,0,993644,0,9980469
55104,0,345,-0,1011753,-0,008667211,-0,03285924,0,9942881,0,9980469,-0,1019148,-0,0356807,-0,03178746,0,9936448,0,9980469
55118,0,345,-0,101176,-0,00865782,-0,03276696,0,9942911,0,9980469,-0,1019177,-0,03567239,-0,03170649,0,9936472,0,9980469
55132,0,345,-0,1012067,-0,009831784,-0,03270429,0,9942791,0,9980469,-0,1019244,-0,03684027,-0,03164697,0,9936059,0,9980469
55146,0,345,-0,1012056,-0,00984343,-0,0328187,0,9942755,0,9980469,-0,1019191,-0,03685496,-0,0317901,0,9936014,0,9980469
55159,0,345,-0,09906749,-0,009867663,-0,03312707,0,9944803,0,9980469,-0,0997688,-0,03687397,-0,03207906,0,9938096,0,9980469
55173,0,345,-0,09906773,-0,009865219,-0,03310258,0,9944811,0,9980469,-0,09976828,-0,03687545,-0,03209382,0,9938091,0,9980469
55187,0,345,-0,09812526,-0,006838775,-0,03294353,0,9946051,0,9980469,-0,09885764,-0,03386344,-0,0319563,0,9940118,0,9980469
55201,0,345,-0,09812619,-0,006825768,-0,03281169,0,9946097,0,9980469,-0,09886113,-0,03385329,-0,03185416,0,9940151,0,9980469
55216,0,345,-0,09812581,-0,006831285,-0,03286762,0,9946077,0,9980469,-0,09885886,-0,03385989,-0,03192057,0,9940128,0,9980469
55229,0,345,-0,09926407,-0,007102386,-0,03283124,0,9944941,0,9980469,-0,09998697,-0,03413562,-0,03190914,0,993891,0,9980469
55243,0,345,-0,0992649,-0,007090529,-0,0327125,0,994498,0,9980469,-0,09999094,-0,03412402,-0,03179372,0,9938948,0,9980469
55257,0,345,-0,09992564,-0,007743894,-0,0327771,0,9944248,0,9980469,-0,1006353,-0,03478,-0,03188419,0,993804,0,9980469
55271,0,345,-0,09992494,-0,007753779,-0,03287549,0,9944216,0,9980469,-0,1006314,-0,0347915,-0,03199765,0,9938003,0,9980469
55285,0,345,-0,1049559,-0,008269154,-0,03278815,0,993902,0,9980469,-0,1056337,-0,03533155,-0,03206722,0,9932598,0,9980469
55298,0,345,-0,1049572,-0,008253232,-0,03263738,0,9939069,0,9980469,-0,1056385,-0,03531724,-0,03193272,0,9932641,0,9980469
55312,0,345,-0,1049573,-0,008250904,-0,03261536,0,9939075,0,9980469,-0,1056383,-0,03531755,-0,03193567,0,9932639,0,9980469
55327,0,345,-0,106547,-0,08184673,-0,03073818,0,9904566,0,9980469,-0,1066912,-0,1082264,-0,02997595,0,9879299,0,9980469
55340,0,345,-0,1065513,-0,08184113,-0,03068581,0,9904581,0,9980469,-0,1066944,-0,1082233,-0,02994718,0,9879308,0,9980469
55355,0,345,-0,09682386,-0,1184859,-0,02828092,0,9878191,0,9980469,-0,09689736,-0,1442174,-0,02726389,0,9844131,0,9980469
55368,0,345,-0,09684651,-0,1184673,-0,02809191,0,9878246,0,9980469,-0,09692273,-0,1442003,-0,02709063,0,9844179,0,9980469
55382,0,345,-0,09685449,-0,1184607,-0,02802498,0,9878263,0,9980469,-0,09693004,-0,1441953,-0,02704044,0,9844191,0,9980469
55396,0,345,-0,09593959,-0,1207335,-0,02817001,0,9876363,0,9980469,-0,09598996,-0,1464241,-0,02717477,0,9841785,0,9980469
55410,0,345,-0,09589736,-0,1207671,-0,02851598,0,9876265,0,9980469,-0,09593505,-0,1464602,-0,02754395,0,9841684,0,9980469
55424,0,345,-0,09742352,-0,1212076,-0,02880394,0,9874147,0,9980469,-0,09740924,-0,1469018,-0,02788652,0,983948,0,9980469
55438,0,345,-0,09743632,-0,1211973,-0,02869934,0,9874178,0,9980469,-0,09742224,-0,1468932,-0,0277994,0,9839505,0,9980469
55452,0,345,-0,09652126,-0,120882,-0,02848257,0,9875525,0,9980469,-0,09652834,-0,1465842,-0,02758728,0,9840907,0,9980469
55465,0,345,-0,09652722,-0,1208772,-0,02843378,0,987554,0,9980469,-0,09653079,-0,1465826,-0,02757075,0,9840911,0,9980469
55480,0,345,-0,09651773,-0,1208848,-0,02851144,0,9875517,0,9980469,-0,0965138,-0,1465937,-0,02768481,0,984088,0,9980469
55494,0,345,-0,09545019,-0,1213905,-0,02849799,0,9875938,0,9980469,-0,09544328,-0,1470889,-0,02766955,0,9841189,0,9980469
55508,0,345,-0,09542924,-0,1214069,-0,02866833,0,987589,0,9980469,-0,09541544,-0,1471071,-0,02785581,0,9841136,0,9980469
55522,0,345,-0,09434646,-0,118662,-0,02877973,0,9880232,0,9980469,-0,09434952,-0,14441,-0,0279525,0,9846129,0,9980469
55535,0,345,-0,09433149,-0,1186739,-0,02890464,0,9880196,0,9980469,-0,094329,-0,1444235,-0,02809257,0,9846089,0,9980469
55549,0,345,-0,09431466,-0,1186872,-0,02904435,0,9880154,0,9980469,-0,09430569,-0,1444386,-0,02825113,0,9846045,0,9980469
55563,0,345,-0,09496013,-0,1194017,-0,0293619,0,9878582,0,9980469,-0,09492464,-0,1451419,-0,02859732,0,9844316,0,9980469
55577,0,345,-0,09493871,-0,1194187,-0,02953893,0,9878529,0,9980469,-0,09489563,-0,1451609,-0,02879395,0,9844258,0,9980469
55591,0,345,-0,09410796,-0,1192289,-0,0294758,0,9879572,0,9980469,-0,09408483,-0,144969,-0,0287215,0,984534,0,9980469
55605,0,345,-0,09411831,-0,1192208,-0,02939012,0,9879597,0,9980469,-0,09409516,-0,1449623,-0,02865149,0,9845361,0,9980469
55619,0,345,-0,09179637,-0,1214793,-0,02900034,0,9879146,0,9980469,-0,09180887,-0,1471654,-0,02821804,0,9844376,0,9980469
55632,0,345,-0,09177229,-0,1214974,-0,02919582,0,9879088,0,9980469,-0,09177819,-0,1471845,-0,02842304,0,9844317,0,9980469
55647,0,345,-0,09174679,-0,1215167,-0,02940324,0,9879027,0,9980469,-0,09174588,-0,1472046,-0,02863913,0,9844254,0,9980469
55661,0,345,-0,09104607,-0,1212196,-0,02952709,0,9880004,0,9980469,-0,09105177,-0,1469053,-0,02874065,0,9845317,0,9980469
55675,0,345,-0,0910431,-0,1212218,-0,02955141,0,9879996,0,9980469,-0,09104806,-0,1469076,-0,02876528,0,984531,0,9980469
55688,0,345,-0,09198789,-0,1206784,-0,02977036,0,9879721,0,9980469,-0,09198274,-0,1463759,-0,02900877,0,9845161,0,9980469
55702,0,345,-0,09198144,-0,1206833,-0,02982308,0,9879704,0,9980469,-0,09197412,-0,1463813,-0,02906662,0,9845144,0,9980469
55716,0,345,-0,09198974,-0,1206769,-0,02975504,0,9879726,0,9980469,-0,09198286,-0,1463758,-0,02900771,0,984516,0,9980469
55730,0,345,-0,09578717,-0,1206074,-0,03006894,0,9876105,0,9980469,-0,09571946,-0,1463253,-0,02942426,0,9841549,0,9980469
55744,0,345,-0,09580584,-0,1205927,-0,02991634,0,9876151,0,9980469,-0,09574114,-0,1463111,-0,02927855,0,9841594,0,9980469
55758,0,345,-0,09497291,-0,1208455,-0,02977098,0,9876691,0,9980469,-0,09492126,-0,1465593,-0,02911535,0,9842067,0,9980469
55772,0,345,-0,09498079,-0,1208393,-0,02970678,0,9876711,0,9980469,-0,09492896,-0,1465544,-0,02906351,0,9842082,0,9980469
55786,0,345,-0,09521876,-0,1191697,-0,02983465,0,9878473,0,9980469,-0,09516091,-0,1449215,-0,02920074,0,9844235,0,9980469
55800,0,345,-0,09519929,-0,1191852,-0,02999561,0,9878423,0,9980469,-0,09513682,-0,1449373,-0,02936414,0,9844186,0,9980469
55814,0,345,-0,09514628,-0,1192275,-0,03043504,0,9878289,0,9980469,-0,09507199,-0,1449798,-0,02980454,0,9844054,0,9980469
55828,0,345,-0,09483384,-0,1193418,-0,03058485,0,9878404,0,9980469,-0,09475626,-0,1450931,-0,02995382,0,9844145,0,9980469
55841,0,345,-0,0948435,-0,1193341,-0,03050517,0,9878429,0,9980469,-0,09476636,-0,1450866,-0,02988564,0,9844166,0,9980469
55856,0,345,-0,09544997,-0,11951,-0,03049204,0,9877636,0,9980469,-0,09537512,-0,1452616,-0,02989305,0,9843319,0,9980469
55869,0,345,-0,09547099,-0,1194931,-0,03031785,0,9877689,0,9980469,-0,09539902,-0,1452458,-0,02973066,0,9843367,0,9980469
55883,0,345,-0,09549125,-0,119477,-0,03015083,0,9877741,0,9980469,-0,09542206,-0,1452308,-0,02957492,0,9843415,0,9980469
55897,0,345,-0,09522724,-0,121589,-0,03001556,0,987546,0,9980469,-0,09514995,-0,1473035,-0,02944477,0,9840636,0,9980469
55911,0,345,-0,09522656,-0,1215896,-0,03002095,0,9875457,0,9980469,-0,09514619,-0,147306,-0,02946987,0,9840629,0,9980469
55925,0,345,-0,09479794,-0,1221855,-0,02989051,0,9875174,0,9980469,-0,09470712,-0,1478931,-0,02934761,0,9840208,0,9980469
55939,0,345,-0,09480903,-0,1221769,-0,02980101,0,9875202,0,9980469,-0,09471634,-0,1478872,-0,02928642,0,9840228,0,9980469
55953,0,345,-0,09417011,-0,1223946,-0,02985679,0,9875527,0,9980469,-0,09406504,-0,1481023,-0,02933268,0,9840515,0,9980469
55967,0,345,-0,09414746,-0,1224119,-0,03003915,0,9875472,0,9980469,-0,09403603,-0,1481207,-0,02952529,0,9840456,0,9980469
55981,0,345,-0,09414616,-0,122413,-0,03004997,0,9875468,0,9980469,-0,09403321,-0,1481225,-0,02954401,0,9840451,0,9980469
55995,0,345,-0,09566576,-0,1237008,-0,03034472,0,9872313,0,9980469,-0,09550045,-0,1493982,-0,02987712,0,9837009,0,9980469
56009,0,345,-0,09566572,-0,1237009,-0,0303451,0,9872312,0,9980469,-0,0954999,-0,1493986,-0,02988094,0,9837007,0,9980469
56023,0,345,-0,0952998,-0,1319401,-0,03012862,0,9862059,0,9980469,-0,09509047,-0,1574778,-0,02964403,0,9824865,0,9980469
56036,0,345,-0,09533748,-0,1319129,-0,02984697,0,9862145,0,9980469,-0,09513478,-0,157451,-0,02936762,0,9824949,0,9980469
56050,0,345,-0,09537017,-0,1318891,-0,02960212,0,9862218,0,9980469,-0,09517342,-0,1574277,-0,02912659,0,982502,0,9980469
56064,0,345,-0,09072286,-0,1324264,-0,02899262,0,9866064,0,9980469,-0,09061417,-0,157941,-0,02841397,0,9828716,0,9980469
56078,0,345,-0,09074751,-0,1324096,-0,02880913,0,9866119,0,9980469,-0,09064309,-0,1579245,-0,02823402,0,9828768,0,9980469
56092,0,345,-0,09055238,-0,1326295,-0,02840577,0,9866119,0,9980469,-0,09044392,-0,1581431,-0,02783157,0,9828714,0,9980469
56106,0,345,-0,0905909,-0,1326031,-0,02811902,0,98662,0,9980469,-0,09048759,-0,1581181,-0,02755994,0,982879,0,9980469
56120,0,345,-0,09068708,-0,1320514,-0,02799128,0,9866889,0,9980469,-0,09056437,-0,1575797,-0,02743683,0,9829619,0,9980469
56134,0,345,-0,09068079,-0,1320557,-0,02803823,0,9866875,0,9980469,-0,09055579,-0,1575846,-0,02749024,0,9829603,0,9980469
56149,0,345,-0,0906812,-0,1320554,-0,02803523,0,9866876,0,9980469,-0,09055635,-0,1575843,-0,02748684,0,9829605,0,9980469
56162,0,345,-0,09037796,-0,1335791,-0,02808459,0,9865088,0,9980469,-0,09022163,-0,1590762,-0,0275156,0,9827501,0,9980469
56176,0,345,-0,09035812,-0,1335925,-0,02823109,0,9865047,0,9980469,-0,09020044,-0,1590883,-0,02764659,0,9827465,0,9980469
56190,0,345,-0,09025346,-0,1322469,-0,02822448,0,9866958,0,9980469,-0,09010325,-0,1577704,-0,02762611,0,9829684,0,9980469
56203,0,345,-0,09028889,-0,1322227,-0,02795985,0,9867033,0,9980469,-0,09014724,-0,1577452,-0,02735182,0,982976,0,9980469
56218,0,345,-0,09031639,-0,132204,-0,02775501,0,9867092,0,9980469,-0,09018174,-0,1577256,-0,02713721,0,9829821,0,9980469
56232,0,345,-0,09612502,-0,1198362,-0,02840311,0,987721,0,9980469,-0,09596553,-0,1456245,-0,02793494,0,9842783,0,9980469
56245,0,345,-0,09616882,-0,119801,-0,02804236,0,9877313,0,9980469,-0,09602115,-0,1455879,-0,02755915,0,9842891,0,9980469
56259,0,345,-0,09653594,-0,1170733,-0,02779429,0,9880295,0,9980469,-0,09639834,-0,1429069,-0,02730713,0,984652,0,9980469
56273,0,345,-0,09655634,-0,1170564,-0,02762175,0,9880342,0,9980469,-0,09642752,-0,1428872,-0,02710598,0,9846574,0,9980469
56287,0,345,-0,0943763,-0,1166277,-0,0270655,0,988311,0,9980469,-0,09427994,-0,1424464,-0,02646972,0,9849466,0,9980469
56301,0,345,-0,0944259,-0,1165875,-0,02664512,0,9883224,0,9980469,-0,09434351,-0,1424043,-0,02603041,0,9849584,0,9980469
56316,0,345,-0,09446059,-0,1165594,-0,02635071,0,9883303,0,9980469,-0,09438964,-0,1423737,-0,02571103,0,9849667,0,9980469
56329,0,345,-0,09502135,-0,1159641,-0,02619879,0,9883507,0,9980469,-0,09492926,-0,1417811,-0,02555254,0,9850045,0,9980469
56343,0,345,-0,09503905,-0,1159496,-0,02604787,0,9883546,0,9980469,-0,09495402,-0,1417645,-0,02538041,0,9850089,0,9980469
56357,0,345,-0,09566795,-0,1160795,-0,02599765,0,98828,0,9980469,-0,0955518,-0,1418864,-0,02532998,0,9849349,0,9980469
56371,0,345,-0,09568129,-0,1160686,-0,02588434,0,988283,0,9980469,-0,09557067,-0,1418736,-0,02519905,0,9849383,0,9980469
56385,0,345,-0,09568647,-0,1160643,-0,02584001,0,9882841,0,9980469,-0,09557983,-0,1418675,-0,02513554,0,9849398,0,9980469
56399,0,345,-0,09657855,-0,1179047,-0,02584396,0,9879794,0,9980469,-0,09643424,-0,1436717,-0,02513351,0,9845951,0,9980469
56412,0,345,-0,09655939,-0,1179204,-0,0260047,0,9879752,0,9980469,-0,09641485,-0,1436846,-0,02526622,0,9845916,0,9980469
56426,0,345,-0,09557158,-0,1190686,-0,02579654,0,9879389,0,9980469,-0,09544176,-0,1448049,-0,02500925,0,9845288,0,9980469
56440,0,345,-0,0955851,-0,1190578,-0,02568442,0,9879419,0,9980469,-0,09546278,-0,1447911,-0,02486633,0,9845325,0,9980469
56454,0,345,-0,09667826,-0,1208191,-0,02552595,0,9876257,0,9980469,-0,09654737,-0,1465232,-0,02469754,0,9841745,0,9980469
56468,0,345,-0,09670737,-0,1207959,-0,02528815,0,9876318,0,9980469,-0,09658694,-0,1464972,-0,02443185,0,9841812,0,9980469
56483,0,345,-0,0966879,-0,1208114,-0,02544732,0,9876277,0,9980469,-0,09656654,-0,1465105,-0,0245686,0,9841778,0,9980469
56496,0,345,-0,09659456,-0,1212543,-0,02552987,0,9875804,0,9980469,-0,09647842,-0,1469429,-0,02462712,0,9841205,0,9980469
56510,0,345,-0,09664394,-0,121215,-0,02512782,0,9875908,0,9980469,-0,09654275,-0,1469006,-0,02419636,0,9841312,0,9980469
56524,0,345,-0,09801,-0,1208677,-0,02475177,0,9875082,0,9980469,-0,09791398,-0,1465574,-0,02382249,0,984056,0,9980469
56538,0,345,-0,0980395,-0,1208438,-0,0245108,0,9875143,0,9980469,-0,09795362,-0,1465309,-0,02355639,0,9840625,0,9980469
56552,0,345,-0,09612764,-0,1207956,-0,02413154,0,9877175,0,9980469,-0,09607786,-0,1464731,-0,02311776,0,9842663,0,9980469
56565,0,345,-0,09612338,-0,1207989,-0,02416591,0,9877165,0,9980469,-0,0960753,-0,1464747,-0,02313482,0,984266,0,9980469
56579,0,345,-0,09611151,-0,1208084,-0,0242632,0,9877142,0,9980469,-0,09606428,-0,1464819,-0,02320898,0,9842643,0,9980469
56593,0,345,-0,09109291,-0,1171847,-0,02391168,0,9886344,0,9980469,-0,09115195,-0,1429081,-0,02271876,0,9852678,0,9980469
56607,0,345,-0,09109105,-0,1171862,-0,02392739,0,9886341,0,9980469,-0,09115425,-0,1429066,-0,02270285,0,9852681,0,9980469
56621,0,345,-0,09217146,-0,1190451,-0,02385521,0,9883136,0,9980469,-0,09222453,-0,1447355,-0,02262257,0,9849034,0,9980469
56635,0,345,-0,09217981,-0,1190386,-0,02378601,0,9883153,0,9980469,-0,09223876,-0,1447265,-0,02252584,0,9849057,0,9980469
56649,0,345,-0,09219129,-0,1190297,-0,02369058,0,9883175,0,9980469,-0,09225515,-0,144716,-0,02241429,0,9849081,0,9980469
56663,0,345,-0,09456854,-0,1190962,-0,02396254,0,9880784,0,9980469,-0,09460393,-0,1447899,-0,02272949,0,9846672,0,9980469
56677,0,345,-0,09455397,-0,1191078,-0,02408353,0,9880754,0,9980469,-0,094588,-0,1448004,-0,02283786,0,9846647,0,9980469
56691,0,345,-0,0956313,-0,1187777,-0,02418492,0,9880089,0,9980469,-0,09565874,-0,144474,-0,02295075,0,9846065,0,9980469
56705,0,345,-0,09566499,-0,1187506,-0,0239048,0,9880158,0,9980469,-0,0957029,-0,1444447,-0,02265,0,9846136,0,9980469
56719,0,345,-0,09570095,-0,1187216,-0,02360552,0,9880229,0,9980469,-0,09574874,-0,1444144,-0,02233746,0,9846207,0,9980469
56732,0,345,-0,09552967,-0,1216604,-0,02375526,0,9876785,0,9980469,-0,09556788,-0,1472885,-0,02246011,0,9842096,0,9980469
56747,0,345,-0,09551021,-0,1216757,-0,02391334,0,9876747,0,9980469,-0,09554714,-0,147302,-0,02259878,0,9842065,0,9980469
56760,0,345,-0,09317416,-0,1219373,-0,02371382,0,9878703,0,9980469,-0,09325629,-0,1475411,-0,02232959,0,9843965,0,9980469
56774,0,345,-0,09317624,-0,1219357,-0,02369705,0,9878708,0,9980469,-0,09325884,-0,1475394,-0,02231248,0,9843967,0,9980469
56788,0,345,-0,09264393,-0,1216331,-0,02370234,0,987958,0,9980469,-0,09275311,-0,1472328,-0,02230016,0,9844908,0,9980469
56802,0,345,-0,09263729,-0,1216381,-0,02375607,0,9879566,0,9980469,-0,09274821,-0,1472358,-0,0223326,0,98449,0,9980469
56816,0,345,-0,09264773,-0,1216301,-0,0236714,0,9879587,0,9980469,-0,09276374,-0,1472261,-0,02222916,0,9844924,0,9980469
56830,0,345,-0,09320424,-0,1212819,-0,02374737,0,9879473,0,9980469,-0,09332553,-0,1468829,-0,02231498,0,9844886,0,9980469
56844,0,345,-0,09319256,-0,1212909,-0,02384277,0,987945,0,9980469,-0,09331183,-0,1468916,-0,02240676,0,9844865,0,9980469
56858,0,345,-0,09496004,-0,1211671,-0,02425265,0,9877818,0,9980469,-0,09505059,-0,1467748,-0,02285694,0,9843273,0,9980469
56872,0,345,-0,09492557,-0,1211942,-0,02453383,0,9877749,0,9980469,-0,09500799,-0,1468025,-0,02314279,0,9843206,0,9980469
56886,0,345,-0,09530379,-0,1254281,-0,02469441,0,9872057,0,9980469,-0,09536303,-0,150957,-0,02331519,0,9836536,0,9980469
56900,0,345,-0,09527925,-0,1254468,-0,02488757,0,9872009,0,9980469,-0,09533209,-0,1509766,-0,02351677,0,9836487,0,9980469
56914,0,345,-0,09527621,-0,1254491,-0,02491168,0,9872003,0,9980469,-0,0953283,-0,1509789,-0,02354134,0,9836482,0,9980469
56927,0,345,-0,09171909,-0,1258453,-0,02463753,0,9874936,0,9980469,-0,09186031,-0,1513592,-0,02317774,0,9839284,0,9980469
56941,0,345,-0,09169538,-0,1258626,-0,0248234,0,987489,0,9980469,-0,0918337,-0,1513753,-0,02335085,0,9839243,0,9980469
56955,0,345,-0,09168045,-0,1252714,-0,0248386,0,9875652,0,9980469,-0,0918436,-0,150798,-0,02336556,0,9840116,0,9980469
56969,0,345,-0,09168139,-0,1252706,-0,02483103,0,9875653,0,9980469,-0,09184367,-0,1507979,-0,02336504,0,9840117,0,9980469
56983,0,345,-0,09164406,-0,125298,-0,02512534,0,987558,0,9980469,-0,09179723,-0,1508262,-0,02366802,0,9840044,0,9980469
56997,0,345,-0,09163477,-0,1232514,-0,02535557,0,9878104,0,9980469,-0,09180862,-0,1488167,-0,02390834,0,9843035,0,9980469
57011,0,345,-0,09164329,-0,1232452,-0,02528771,0,9878122,0,9980469,-0,0918175,-0,1488113,-0,02384976,0,984305,0,9980469
57025,0,345,-0,09149275,-0,1218764,-0,02529991,0,9879956,0,9980469,-0,09168717,-0,1474644,-0,02387486,0,9845191,0,9980469
57039,0,345,-0,09148791,-0,12188,-0,02533895,0,9879947,0,9980469,-0,09167895,-0,1474695,-0,02392961,0,9845177,0,9980469
57053,0,345,-0,09103464,-0,1188119,-0,02569594,0,9884008,0,9980469,-0,09124077,-0,1444574,-0,02428386,0,9849961,0,9980469
57067,0,345,-0,09101584,-0,1188264,-0,02585271,0,9883968,0,9980469,-0,09121662,-0,1444726,-0,02444868,0,9849922,0,9980469
57081,0,345,-0,09099119,-0,1188453,-0,02605764,0,9883914,0,9980469,-0,09118661,-0,1444916,-0,02465343,0,9849871,0,9980469
57095,0,345,-0,0981738,-0,07951073,-0,02890941,0,9915667,0,9980469,-0,098436,-0,1058419,-0,02773863,0,98911,0,9980469
57109,0,0,-0,09815641,-0,07953221,-0,02912627,0,9915603,0,9980469,-0,09841135,-0,1058649,-0,02796926,0,9891035,0,9980469
57122,0,0,-0,09667321,-0,03920436,-0,03107193,0,9940583,0,9980469,-0,09717048,-0,06600025,-0,02995992,0,9926249,0,9980469
57136,0,0,-0,09666627,-0,03922151,-0,03124821,0,9940528,0,9980469,-0,09715915,-0,06601691,-0,03013017,0,9926199,0,9980469
57150,0,0,-0,09666011,-0,03923662,-0,03140363,0,9940479,0,9980469,-0,0971487,-0,06603222,-0,03028677,0,992615,0,9980469
57164,0,0,-0,09589694,-0,0328076,-0,03162938,0,9943475,0,9980469,-0,09644722,-0,05965763,-0,03052951,0,9930795,0,9980469
57178,0,0,-0,09590582,-0,03278171,-0,03136088,0,9943561,0,9980469,-0,09646171,-0,05963421,-0,03028844,0,9930869,0,9980469
57192,0,0,-0,09559245,-0,03447261,-0,03090818,0,9943432,0,9980469,-0,09616551,-0,06131226,-0,0298627,0,9930263,0,9980469
57206,0,0,-0,09559712,-0,03445975,-0,03077433,0,9943475,0,9980469,-0,09617116,-0,06130349,-0,02977188,0,9930291,0,9980469
57220,0,0,-0,09690983,-0,03225164,-0,03087093,0,9942914,0,9980469,-0,09747005,-0,05912288,-0,02995884,0,9930289,0,9980469
57234,0,0,-0,09691426,-0,03223845,-0,03073549,0,9942957,0,9980469,-0,09747528,-0,05911424,-0,02987085,0,9930317,0,9980469
57248,0,0,-0,09690915,-0,03225388,-0,03089366,0,9942906,0,9980469,-0,09746391,-0,059133,-0,03006187,0,9930258,0,9980469
57262,0,0,-0,09755289,-0,03431104,-0,0309482,0,9941573,0,9980469,-0,09806313,-0,06117906,-0,03014122,0,9928405,0,9980469
57276,0,0,-0,09755385,-0,03430831,-0,03092053,0,9941581,0,9980469,-0,09806418,-0,06117744,-0,03012469,0,9928411,0,9980469
57290,0,0,-0,09435582,-0,03131826,-0,0308278,0,9945682,0,9980469,-0,09490229,-0,05820322,-0,02997822,0,9933313,0,9980469
57303,0,0,-0,09435214,-0,03132937,-0,0309449,0,9945647,0,9980469,-0,09489359,-0,05821753,-0,03012765,0,993327,0,9980469
57317,0,0,-0,09434623,-0,03134711,-0,03113205,0,9945586,0,9980469,-0,09487972,-0,05823998,-0,0303631,0,9933196,0,9980469
57331,0,0,-0,09309019,-0,005149192,-0,03177289,0,9951373,0,9980469,-0,09378484,-0,03220076,-0,03106764,0,9945865,0,9980469
57345,0,0,-0,09309188,-0,005119241,-0,03145271,0,9951476,0,9980469,-0,09379378,-0,03217478,-0,03079206,0,9945951,0,9980469
57359,0,0,-0,09154436,-0,005356678,-0,03110864,0,9953006,0,9980469,-0,09225741,-0,03240812,-0,03043978,0,9947422,0,9980469
57373,0,0,-0,09154432,-0,005357592,-0,03111863,0,9953004,0,9980469,-0,09225685,-0,03240974,-0,03045721,0,9947415,0,9980469
57387,0,0,-0,09008369,-0,006087456,-0,03138835,0,9954209,0,9980469,-0,09077147,-0,03313342,-0,03070448,0,9948467,0,9980469
57401,0,0,-0,09008154,-0,006119532,-0,03174285,0,9954096,0,9980469,-0,09075934,-0,03316665,-0,03106859,0,9948354,0,9980469
57416,0,0,-0,0900826,-0,006103634,-0,0315672,0,9954152,0,9980469,-0,09076516,-0,03315061,-0,03089287,0,9948409,0,9980469
57429,0,0,-0,08899918,-0,006317345,-0,03128206,0,9955204,0,9980469,-0,08969126,-0,03335959,-0,03058052,0,994941,0,9980469
57443,0,0,-0,08900088,-0,006293065,-0,03101047,0,9955289,0,9980469,-0,0897,-0,03333607,-0,03031965,0,9949489,0,9980469
57457,0,0,-0,08838651,-0,004253224,-0,03104542,0,9955932,0,9980469,-0,08909877,-0,03130427,-0,03035341,0,9950679,0,9980469
57470,0,0,-0,08838628,-0,004258608,-0,03110606,0,9955914,0,9980469,-0,08909636,-0,03131114,-0,03043017,0,9950656,0,9980469
57485,0,0,-0,09488076,-0,002530795,-0,03105372,0,995001,0,9980469,-0,09556491,-0,02962208,-0,03058655,0,9945121,0,9980469
57499,0,0,-0,09488079,-0,002529863,-0,03104399,0,9950013,0,9980469,-0,09556405,-0,0296247,-0,03061399,0,9945114,0,9980469
57513,0,0,-0,09488098,-0,002523045,-0,03097245,0,9950036,0,9980469,-0,09556498,-0,02962178,-0,03058348,0,9945123,0,9980469
57526,0,0,-0,09402251,-0,002360682,-0,03117166,0,9950792,0,9980469,-0,09469427,-0,02945899,-0,03079405,0,9945939,0,9980469
57540,0,0,-0,09402235,-0,00236739,-0,03124267,0,995077,0,9980469,-0,09469126,-0,02946862,-0,03089519,0,9945907,0,9980469
57554,0,0,-0,0932293,-0,002583962,-0,03121509,0,9951519,0,9980469,-0,09389478,-0,02968332,-0,03088078,0,9946602,0,9980469
57568,0,0,-0,09322918,-0,002589162,-0,03127057,0,9951502,0,9980469,-0,09389207,-0,02969196,-0,03097215,0,9946574,0,9980469
57582,0,0,-0,09322888,-0,002599776,-0,03138384,0,9951466,0,9980469,-0,09388752,-0,02970632,-0,03112436,0,9946527,0,9980469
57596,0,0,-0,09177355,-0,00253284,-0,03147814,0,9952791,0,9980469,-0,0924361,-0,02963528,-0,03121041,0,9947881,0,9980469
57610,0,0,-0,0917739,-0,002520257,-0,03134165,0,9952834,0,9980469,-0,09243934,-0,02962516,-0,03110156,0,9947914,0,9980469
57624,0,0,-0,09373297,-0,0008789618,-0,03123779,0,9951068,0,9980469,-0,09440915,-0,02800143,-0,03107929,0,9946542,0,9980469
57637,0,0,-0,0937331,-0,0008686502,-0,03112831,0,9951103,0,9980469,-0,09441164,-0,0279932,-0,03099249,0,9946569,0,9980469
57651,0,0,-0,09282621,-0,0009038551,-0,03108378,0,9951967,0,9980469,-0,09350384,-0,02802576,-0,03094323,0,9947433,0,9980469
57665,0,0,-0,09282632,-0,0008874694,-0,03090807,0,9952021,0,9980469,-0,09350821,-0,02801108,-0,03078733,0,994748,0,9980469
57679,0,0,-0,0928265,-0,0008720644,-0,03074294,0,9952072,0,9980469,-0,09351227,-0,02799755,-0,03064325,0,9947525,0,9980469
57693,0,0,-0,09349824,-0,0009106891,-0,03058677,0,9951493,0,9980469,-0,09417343,-0,02804151,-0,03052591,0,9946926,0,9980469
57707,0,0,-0,09349838,-0,0008951481,-0,03042138,0,9951543,0,9980469,-0,09417737,-0,02802816,-0,03038503,0,9946969,0,9980469
57721,0,0,-0,09077828,-0,0009911526,-0,03034964,0,9954081,0,9980469,-0,09144959,-0,02811259,-0,03025893,0,9949529,0,9980469
57735,0,0,-0,09077835,-0,000982604,-0,0302559,0,995411,0,9980469,-0,09145184,-0,02810525,-0,03017895,0,9949553,0,9980469
57749,0,0,-0,09077834,-0,0009860676,-0,03029388,0,99541,0,9980469,-0,09145086,-0,02810856,-0,03021493,0,9949542,0,9980469
57763,0,0,-0,09285874,0,0005535437,-0,03052347,0,9952111,0,9980469,-0,09351118,-0,02658665,-0,03051372,0,9947953,0,9980469
57777,0,0,-0,09285893,0,0005302029,-0,03077363,0,9952035,0,9980469,-0,09350439,-0,02661058,-0,0307682,0,9947876,0,9980469
57791,0,0,-0,09101266,0,001251578,-0,0310515,0,9953647,0,9980469,-0,09165964,-0,0258839,-0,03100472,0,994971,0,9980469
57805,0,0,-0,09101319,0,001214966,-0,03145193,0,9953523,0,9980469,-0,09164895,-0,02592184,-0,03141644,0,9949582,0,9980469
57819,0,0,-0,09184456,0,00229976,-0,0317592,0,9952642,0,9980469,-0,09249628,-0,02484611,-0,03176516,0,994896,0,9980469
57833,0,0,-0,09184447,0,002304801,-0,03170457,0,9952659,0,9980469,-0,09249724,-0,02484276,-0,0317291,0,9948972,0,9980469
57846,0,0,-0,09184435,0,002308784,-0,03166143,0,9952673,0,9980469,-0,09249802,-0,02483977,-0,03169694,0,9948983,0,9980469
57860,0,0,-0,09463517,0,002579446,-0,03164775,0,9950055,0,9980469,-0,09530787,-0,0245854,-0,03178242,0,9946366,0,9980469
57874,0,0,-0,09463523,0,002578251,-0,03166033,0,9950052,0,9980469,-0,09530704,-0,02458874,-0,03181715,0,9946355,0,9980469
57888,0,0,-0,09478445,-0,0002242737,-0,03161767,0,9949955,0,9980469,-0,09544387,-0,02738365,-0,03179398,0,99455,0,9980469
57902,0,0,-0,09478442,-0,0002288427,-0,03166563,0,9949941,0,9980469,-0,09544198,-0,02739036,-0,03186373,0,9945478,0,9980469
57916,0,0,-0,09478438,-0,000235375,-0,0317342,0,9949918,0,9980469,-0,09543947,-0,02739903,-0,03195414,0,9945449,0,9980469
57930,0,0,-0,09412724,-0,000101665,-0,03167851,0,9950561,0,9980469,-0,0947875,-0,02726465,-0,03191171,0,9946123,0,9980469
57944,0,0,-0,09412722,-0,0001041163,-0,03170444,0,9950553,0,9980469,-0,0947863,-0,02726888,-0,03195605,0,994611,0,9980469
57958,0,0,-0,09406753,-0,001081363,-0,03178996,0,9950577,0,9980469,-0,09471793,-0,02824391,-0,03205019,0,9945872,0,9980469
57972,0,0,-0,09406729,-0,001103321,-0,03202223,0,9950502,0,9980469,-0,09471125,-0,02826637,-0,03228593,0,9945796,0,9980469
57986,0,0,-0,09406714,-0,001119308,-0,03219136,0,9950448,0,9980469,-0,09470618,-0,02828338,-0,03246464,0,9945738,0,9980469
57999,0,0,-0,09433766,-0,0005627023,-0,03223254,0,9950182,0,9980469,-0,09498441,-0,02773261,-0,03252711,0,9945607,0,9980469
58014,0,0,-0,09433782,-0,0005403999,-0,03199731,0,9950258,0,9980469,-0,0949908,-0,02771077,-0,0322984,0,9945681,0,9980469
58027,0,0,-0,09567128,-0,000855851,-0,03194921,0,9948997,0,9980469,-0,09633137,-0,02803315,-0,03228511,0,9944306,0,9980469
58041,0,0,-0,09567138,-0,0008516833,-0,03190589,0,9949012,0,9980469,-0,09633283,-0,02802831,-0,03223503,0,9944322,0,9980469
58055,0,0,-0,09345433,-0,0004747491,-0,03187909,0,9951129,0,9980469,-0,09412714,-0,0276402,-0,03213944,0,9946572,0,9980469
58069,0,0,-0,09345441,-0,0004586969,-0,03170818,0,9951184,0,9980469,-0,09413234,-0,02762266,-0,03195402,0,9946634,0,9980469
58083,0,0,-0,09345463,-0,0004210668,-0,03130748,0,9951312,0,9980469,-0,09414384,-0,02758346,-0,03153978,0,9946765,0,9980469
58097,0,0,-0,09381982,0,001068838,-0,03110664,0,9951027,0,9980469,-0,09451883,-0,02609846,-0,03133224,0,9946877,0,9980469
58111,0,0,-0,09381989,0,001063295,-0,03116544,0,9951009,0,9980469,-0,09451775,-0,02610241,-0,03137375,0,9946864,0,9980469
58125,0,0,-0,09428594,-0,0002125259,-0,03136177,0,995051,0,9980469,-0,09494787,-0,02737477,-0,03155917,0,9946052,0,9980469
58139,0,0,-0,09428594,-0,0002293652,-0,03153946,0,9950455,0,9980469,-0,09494373,-0,02738919,-0,03171005,0,9946005,0,9980469
58153,0,0,-0,09497055,-0,0005011233,-0,03162907,0,9949774,0,9980469,-0,09561713,-0,0276612,-0,03179222,0,9945258,0,9980469
58166,0,0,-0,09497048,-0,0005142307,-0,0317664,0,9949731,0,9980469,-0,09561432,-0,0276709,-0,03189312,0,9945226,0,9980469
58181,0,0,-0,09497043,-0,0005207472,-0,03183467,0,994971,0,9980469,-0,09561329,-0,02767445,-0,03193001,0,9945214,0,9980469
58194,0,0,-0,09309528,-0,0005633011,-0,03194596,0,9951444,0,9980469,-0,09375335,-0,02770362,-0,03195618,0,9946967,0,9980469
58208,0,0,-0,09309524,-0,0005749557,-0,03207057,0,9951405,0,9980469,-0,09375075,-0,02771255,-0,03205089,0,9946938,0,9980469
58222,0,0,-0,09433183,0,0006101187,-0,03220777,0,9950195,0,9980469,-0,09500329,-0,02653435,-0,03219024,0,9946026,0,9980469
58236,0,0,-0,09433186,0,0006033992,-0,03227862,0,9950172,0,9980469,-0,09500215,-0,02653851,-0,03223375,0,9946011,0,9980469
58250,0,0,-0,09433184,0,000608623,-0,03222356,0,9950191,0,9980469,-0,09500464,-0,02652953,-0,03213985,0,9946041,0,9980469
58264,0,0,-0,0967879,0,001395704,-0,03197642,0,9947904,0,9980469,-0,09748089,-0,02575243,-0,03191756,0,9943922,0,9980469
58278,0,0,-0,09678774,0,001405714,-0,03187355,0,9947936,0,9980469,-0,09748431,-0,02573942,-0,03178503,0,9943963,0,9980469
58292,0,0,-0,09827147,0,001656023,-0,0319204,0,9946462,0,9980469,-0,09896754,-0,0254948,-0,03185017,0,9942541,0,9980469
58306,0,0,-0,09827152,0,001653891,-0,031942,0,9946455,0,9980469,-0,09896752,-0,02549486,-0,03185079,0,9942541,0,9980469
58320,0,0,-0,0961733,0,001917299,-0,03193805,0,9948502,0,9980469,-0,09687483,-0,02521657,-0,03174959,0,9944704,0,9980469
58333,0,0,-0,09617332,0,001917195,-0,03193913,0,9948503,0,9980469,-0,09687598,-0,02521218,-0,03170443,0,9944719,0,9980469
58348,0,0,-0,09617354,0,001905167,-0,03206356,0,9948462,0,9980469,-0,09687386,-0,02522024,-0,0317873,0,9944692,0,9980469
58361,0,0,-0,09731811,0,0007470744,-0,03222828,0,9947311,0,9980469,-0,09800215,-0,02637436,-0,03192889,0,9943241,0,9980469
58375,0,0,-0,09731823,0,0007318035,-0,03238437,0,994726,0,9980469,-0,0979995,-0,02638426,-0,03202929,0,9943209,0,9980469
58389,0,0,-0,09768258,0,0008069538,-0,03274332,0,9946786,0,9980469,-0,09836438,-0,02630619,-0,03234972,0,9942765,0,9980469
58403,0,0,-0,09768294,0,0007655937,-0,03316446,0,9946647,0,9980469,-0,0983545,-0,02634322,-0,03272387,0,9942644,0,9980469
58417,0,0,-0,09768327,0,0007213475,-0,033615,0,9946495,0,9980469,-0,09834373,-0,02638346,-0,03313067,0,994251,0,9980469
58431,0,0,-0,09444478,0,0004228512,-0,03397366,0,9949502,0,9980469,-0,0951333,-0,02666219,-0,03336494,0,9945481,0,9980469
58445,0,0,-0,09444489,0,0003985902,-0,03422926,0,9949415,0,9980469,-0,09512737,-0,02668324,-0,03358515,0,9945406,0,9980469
58459,0,0,-0,09654965,-0,004095973,-0,03442221,0,9947244,0,9980469,-0,09723273,-0,03116811,-0,03380737,0,9941989,0,9980469
58473,0,0,-0,09654901,-0,004111372,-0,03458088,0,9947188,0,9980469,-0,09722852,-0,0311813,-0,03394218,0,9941943,0,9980469
58487,0,0,-0,0968011,-0,00391367,-0,03438051,0,9947022,0,9980469,-0,0975282,-0,03098131,-0,03372597,0,9941787,0,9980469
58501,0,0,-0,09680228,-0,003884193,-0,0340776,0,9947126,0,9980469,-0,09753815,-0,03094997,-0,03340645,0,9941895,0,9980469
58515,0,0,-0,09680358,-0,003852437,-0,0337513,0,9947237,0,9980469,-0,09754849,-0,0309174,-0,03307459,0,9942006,0,9980469
58529,0,0,-0,09596074,-0,00403302,-0,03354376,0,9948117,0,9980469,-0,09672768,-0,03109159,-0,03284311,0,994283,0,9980469
58542,0,0,-0,09596056,-0,004036359,-0,0335784,0,9948105,0,9980469,-0,09672696,-0,03109376,-0,03286549,0,9942822,0,9980469
58556,0,0,-0,09666862,-0,003122207,-0,0336399,0,9947431,0,9980469,-0,09742275,-0,03018395,-0,0329272,0,9942402,0,9980469
58570,0,0,-0,09666874,-0,003117839,-0,03359495,0,9947446,0,9980469,-0,09742472,-0,03017768,-0,03286314,0,9942423,0,9980469
58584,0,0,-0,09666933,-0,00310073,-0,03341891,0,9947506,0,9980469,-0,0974304,-0,03015931,-0,03267574,0,9942485,0,9980469
58598,0,0,-0,09735534,-0,00508331,-0,03335451,0,9946777,0,9980469,-0,09809182,-0,03213582,-0,03261993,0,9941235,0,9980469
58612,0,0,-0,09735514,-0,005086813,-0,03339031,0,9946765,0,9980469,-0,09809063,-0,03213936,-0,03265604,0,9941223,0,9980469
58626,0,0,-0,09526278,-0,01030281,-0,03328189,0,9948424,0,9980469,-0,09596619,-0,03732193,-0,03247776,0,9941543,0,9980469
58640,0,0,-0,0952632,-0,01029867,-0,0332387,0,9948438,0,9980469,-0,09596793,-0,0373175,-0,03243172,0,9941559,0,9980469
58654,0,0,-0,0886474,-0,01067478,-0,03308978,0,995456,0,9980469,-0,08938346,-0,03766622,-0,03211491,0,9947665,0,9980469
58668,0,0,-0,08864861,-0,01066503,-0,03298026,0,9954597,0,9980469,-0,08938722,-0,03765737,-0,0320164,0,9947698,0,9980469
58682,0,0,-0,08865208,-0,01063639,-0,03265863,0,9954705,0,9980469,-0,08939978,-0,03762765,-0,03168543,0,9947805,0,9980469
58696,0,0,-0,08862585,-0,01030508,-0,03254008,0,9954799,0,9980469,-0,08937439,-0,03729728,-0,03155106,0,9947993,0,9980469
58709,0,0,-0,08862597,-0,01030397,-0,03252763,0,9954804,0,9980469,-0,08937538,-0,03729481,-0,03152376,0,9948002,0,9980469
58723,0,0,-0,08985048,-0,01041881,-0,03249677,0,9953706,0,9980469,-0,09057905,-0,03741353,-0,03151032,0,9946874,0,9980469
58737,0,0,-0,08985259,-0,01040067,-0,03229573,0,9953771,0,9980469,-0,09058681,-0,03739472,-0,03130373,0,9946939,0,9980469
58751,0,0,-0,08985573,-0,01037386,-0,03199872,0,9953868,0,9980469,-0,09059785,-0,03736799,-0,0310101,0,9947031,0,9980469
58765,0,0,-0,09029447,-0,01035411,-0,03200736,0,9953468,0,9980469,-0,09102296,-0,03735095,-0,03104009,0,9946639,0,9980469
58779,0,0,-0,09029451,-0,01035433,-0,03200968,0,9953467,0,9980469,-0,09102303,-0,03735089,-0,03103933,0,994664,0,9980469
58793,0,0,-0,08705635,-0,01029426,-0,03198153,0,9956368,0,9980469,-0,08778421,-0,03727913,-0,03092955,0,9949613,0,9980469
58807,0,0,-0,08705653,-0,0102928,-0,03196485,0,9956373,0,9980469,-0,08778471,-0,03727791,-0,03091585,0,9949616,0,9980469
58821,0,0,-0,08699232,-0,009357011,-0,03216099,0,9956458,0,9980469,-0,08771276,-0,03634664,-0,03111633,0,9949961,0,9980469
58835,0,0,-0,08699079,-0,009371317,-0,0323248,0,9956405,0,9980469,-0,08770634,-0,03636221,-0,0312929,0,9949906,0,9980469
58849,0,0,-0,08698876,-0,009390114,-0,03253994,0,9956334,0,9980469,-0,08769767,-0,03638306,-0,03152954,0,9949831,0,9980469
58863,0,0,-0,09127111,-0,00221911,-0,0328055,0,9952831,0,9980469,-0,09200185,-0,02926138,-0,03194349,0,9948161,0,9980469
58876,0,0,-0,091271,-0,002224794,-0,03286747,0,9952812,0,9980469,-0,09199944,-0,02926912,-0,0320271,0,9948136,0,9980469
58890,0,0,-0,09362982,0,001031817,-0,03305855,0,9950576,0,9980469,-0,09437486,-0,0260364,-0,0323112,0,9946716,0,9980469
58904,0,0,-0,09362972,0,001041582,-0,03295479,0,9950611,0,9980469,-0,09437697,-0,02602881,-0,03223139,0,9946743,0,9980469
58918,0,0,-0,09362954,0,001058822,-0,03277157,0,9950671,0,9980469,-0,09438099,-0,02601412,-0,03207654,0,9946792,0,9980469
58932,0,0,-0,09281245,0,001142844,-0,03257746,0,9951499,0,9980469,-0,09357734,-0,02592937,-0,03189477,0,9947631,0,9980469
58946,0,0,-0,0928122,0,001164159,-0,03234887,0,9951572,0,9980469,-0,09358231,-0,02591143,-0,03170403,0,9947693,0,9980469
58960,0,0,-0,09433138,0,004292177,-0,03224734,0,9950092,0,9980469,-0,09511028,-0,022805,-0,03169779,0,9947007,0,9980469
58974,0,0,-0,09433177,0,004283692,-0,03233688,0,9950064,0,9980469,-0,09510718,-0,02281781,-0,03183187,0,9946963,0,9980469
58988,0,0,-0,09319219,-9,825546E-05,-0,03242163,0,9951202,0,9980469,-0,09391849,-0,02718401,-0,03191025,0,994697,0,9980469
59002,0,0,-0,0931922,-0,000106914,-0,03251413,0,9951172,0,9980469,-0,09391531,-0,02719517,-0,03202842,0,9946932,0,9980469
59016,0,0,-0,09319222,-0,0001059566,-0,03250389,0,9951175,0,9980469,-0,0939149,-0,02719651,-0,03204259,0,9946928,0,9980469
59030,0,0,-0,09297594,0,003974263,-0,03244786,0,9951316,0,9980469,-0,09372453,-0,0231323,-0,03202004,0,9948142,0,9980469
59044,0,0,-0,092976,0,003973161,-0,03245965,0,9951313,0,9980469,-0,0937236,-0,02313608,-0,03206006,0,994813,0,9980469
59058,0,0,-0,09382013,0,003280847,-0,03226955,0,9950606,0,9980469,-0,09456353,-0,02383298,-0,03192222,0,9947215,0,9980469
59071,0,0,-0,09381911,0,003310575,-0,0319543,0,9950709,0,9980469,-0,09457052,-0,02380532,-0,03163125,0,9947308,0,9980469
59085,0,0,-0,09363438,0,003185548,-0,03163924,0,9950988,0,9980469,-0,09438355,-0,02393183,-0,03133639,0,9947549,0,9980469
59099,0,0,-0,09363478,0,003173841,-0,03176366,0,9950948,0,9980469,-0,0943798,-0,02394667,-0,03149271,0,99475,0,9980469
59114,350,0,-0,09363595,0,003139901,-0,03212435,0,9950833,0,9980469,-0,09437029,-0,02398407,-0,03188695,0,9947374,0,9980469
59127,350,0,-0,09391481,0,00280537,-0,03228375,0,9950527,0,9980469,-0,09462254,-0,0243235,-0,03208466,0,9946987,0,9980469
59141,350,0,-0,09391442,0,002820268,-0,03212593,0,9950578,0,9980469,-0,0946257,-0,02431139,-0,03195733,0,9947029,0,9980469
59155,350,0,-0,09259135,0,001989052,-0,03185115,0,9951928,0,9980469,-0,09331314,-0,02513713,-0,03167387,0,9948154,0,9980469
59169,350,0,-0,09259093,0,00200669,-0,03166152,0,9951987,0,9980469,-0,09331695,-0,02512286,-0,03152175,0,9948202,0,9980469
59183,350,0,-0,09259059,0,00202295,-0,03148679,0,9952043,0,9980469,-0,09332038,-0,02511022,-0,03138697,0,9948245,0,9980469
59197,350,0,-0,09118793,0,003864525,-0,03138586,0,9953315,0,9980469,-0,09193167,-0,02327347,-0,03129419,0,9950013,0,9980469
59211,350,0,-0,09118719,0,003881791,-0,03119738,0,9953375,0,9980469,-0,09193513,-0,0232598,-0,03114624,0,995006,0,9980469
59225,350,0,-0,08964509,0,003248215,-0,03096589,0,9954869,0,9980469,-0,09038251,-0,02389028,-0,03091361,0,9951405,0,9980469
59238,350,0,-0,08964478,0,003257943,-0,03085789,0,9954904,0,9980469,-0,09038404,-0,02388457,-0,03085075,0,9951426,0,9980469
59252,350,0,-0,08874724,0,002409555,-0,03092031,0,9955713,0,9980469,-0,08946078,-0,02473249,-0,03092771,0,9952029,0,9980469
59266,350,0,-0,08874749,0,002400503,-0,03102186,0,9955682,0,9980469,-0,08945728,-0,02474495,-0,03106641,0,9951985,0,9980469
59281,350,0,-0,08874761,0,002395361,-0,03107954,0,9955664,0,9980469,-0,08945493,-0,0247535,-0,0311614,0,9951955,0,9980469
59294,350,0,-0,08919962,0,00511395,-0,03112899,0,995514,0,9980469,-0,0899137,-0,02204785,-0,03124898,0,995215,0,9980469
59308,350,0,-0,08919843,0,005135684,-0,03088643,0,9955217,0,9980469,-0,08991881,-0,02202709,-0,03101917,0,9952223,0,9980469
59322,350,0,-0,1121946,0,00190228,-0,03074727,0,9932087,0,9980469,-0,1128214,-0,02539069,-0,03151051,0,9927909,0,9980469
59336,350,0,-0,1121946,0,001900209,-0,0307656,0,9932081,0,9980469,-0,112821,-0,02539245,-0,03152598,0,9927904,0,9980469
59350,350,0,-0,1121949,0,001888764,-0,03086692,0,9932051,0,9980469,-0,1128185,-0,02540378,-0,03162564,0,9927872,0,9980469
59364,350,0,-0,1552637,0,0007261224,-0,03109977,0,9873832,0,9980469,-0,1557121,-0,02694543,-0,03305323,0,9868816,0,9980469
59378,350,0,-0,1552636,0,0007364741,-0,03103394,0,9873853,0,9980469,-0,1557144,-0,02693206,-0,03296858,0,9868844,0,9980469
59392,350,0,-0,1551223,0,000864285,-0,03069988,0,9874178,0,9980469,-0,1555858,-0,02680007,-0,03261489,0,9869199,0,9980469
59406,350,0,-0,1551221,0,000911531,-0,03039914,0,9874271,0,9980469,-0,1555939,-0,02675237,-0,03231231,0,9869299,0,9980469
59420,350,0,-0,1625661,0,004695812,-0,03009281,0,9862274,0,9980469,-0,1630686,-0,02306353,-0,03222887,0,9858184,0,9980469
59433,350,0,-0,1625667,0,004676967,-0,03020714,0,9862241,0,9980469,-0,1630658,-0,02308376,-0,03235111,0,9858145,0,9980469
59448,350,0,-0,162569,0,004592212,-0,03072131,0,9862081,0,9980469,-0,1630533,-0,02317156,-0,03288197,0,9857969,0,9980469
59461,350,0,-0,1685348,0,005188355,-0,03074461,0,9852026,0,9980469,-0,1690022,-0,02265059,-0,03308956,0,9847997,0,9980469
59475,350,0,-0,1685352,0,005174061,-0,03082819,0,9851999,0,9980469,-0,1690003,-0,02266504,-0,03317374,0,9847969,0,9980469
59489,350,0,-0,1713419,0,005707137,-0,03106047,0,9847054,0,9980469,-0,1718162,-0,02216895,-0,03349177,0,9843099,0,9980469
59503,350,0,-0,1713443,0,005633833,-0,03148174,0,984692,0,9980469,-0,1718066,-0,02224387,-0,03392097,0,9842953,0,9980469
59517,350,0,-0,1713465,0,00556431,-0,03188126,0,9846791,0,9980469,-0,1717972,-0,02231546,-0,0343312,0,984281,0,9980469
59531,350,0,-0,1711652,0,005591974,-0,03196525,0,984708,0,9980469,-0,1716356,-0,02228811,-0,03442648,0,9843066,0,9980469
59545,350,0,-0,1711663,0,005557303,-0,0321647,0,9847014,0,9980469,-0,1716306,-0,02232605,-0,03464404,0,9842989,0,9980469
59559,350,0,-0,1708063,0,005918905,-0,03236818,0,984755,0,9980469,-0,1712994,-0,02196348,-0,03485955,0,9843571,0,9980469
59573,350,0,-0,1708065,0,0059151,-0,03239011,0,9847544,0,9980469,-0,171299,-0,0219665,-0,03487687,0,9843566,0,9980469
59587,350,0,-0,1708057,0,005938713,-0,03225397,0,9847587,0,9980469,-0,1713018,-0,02194402,-0,03474774,0,9843611,0,9980469
59600,350,0,-0,1735347,0,00811547,-0,03194616,0,9842762,0,9980469,-0,1740867,-0,01980914,-0,03454416,0,9839249,0,9980469
59615,350,0,-0,1735341,0,008127932,-0,03187549,0,9842784,0,9980469,-0,1740877,-0,01980058,-0,03449573,0,9839267,0,9980469
59629,350,0,-0,1731029,0,008612651,-0,03186012,0,9843506,0,9980469,-0,173668,-0,01931462,-0,03449271,0,9840105,0,9980469
59642,350,0,-0,1731032,0,008606628,-0,03189438,0,9843495,0,9980469,-0,1736671,-0,01932254,-0,03453758,0,9840089,0,9980469
59656,350,0,-0,1715408,0,008787443,-0,03185116,0,9846228,0,9980469,-0,1721078,-0,01911988,-0,03443779,0,9842904,0,9980469
59670,350,0,-0,1715409,0,00878448,-0,03186814,0,9846223,0,9980469,-0,1721073,-0,0191227,-0,03445397,0,9842898,0,9980469
59684,350,0,-0,171541,0,00878183,-0,03188337,0,9846218,0,9980469,-0,1721072,-0,01912444,-0,03446392,0,9842894,0,9980469
59698,350,0,-0,1712832,0,004898244,-0,03233616,0,984679,0,9980469,-0,1717757,-0,02299407,-0,03489711,0,9842493,0,9980469
59712,350,0,-0,1712837,0,004880124,-0,03244033,0,9846755,0,9980469,-0,1717733,-0,02301215,-0,03500069,0,9842457,0,9980469
59726,350,0,-0,1739476,0,008788135,-0,03216415,0,9841903,0,9980469,-0,174505,-0,01914976,-0,03481635,0,9838542,0,9980469
59740,350,0,-0,1739486,0,008769192,-0,03227133,0,9841868,0,9980469,-0,174503,-0,01916822,-0,03492039,0,9838507,0,9980469
59754,350,0,-0,1739087,0,009459222,-0,03219856,0,9841897,0,9980469,-0,1744871,-0,01847771,-0,03483908,0,9838695,0,9980469
59767,350,0,-0,1739094,0,009446949,-0,03226802,0,9841876,0,9980469,-0,1744859,-0,01848853,-0,03490015,0,9838672,0,9980469
59782,350,0,-0,1739101,0,009433629,-0,03234341,0,984185,0,9980469,-0,1744846,-0,01850193,-0,03497568,0,9838646,0,9980469
59796,350,0,-0,1741062,0,009571757,-0,03223395,0,9841526,0,9980469,-0,1746919,-0,01836751,-0,03487966,0,9838337,0,9980469
59809,350,0,-0,1741047,0,009599391,-0,03207777,0,9841578,0,9980469,-0,1746948,-0,01834102,-0,03473058,0,983839,0,9980469
59823,350,0,-0,1714914,0,01111579,-0,03197201,0,984604,0,9980469,-0,1721152,-0,01679343,-0,03454782,0,9843277,0,9980469
59837,350,0,-0,1714908,0,01112449,-0,03192205,0,9846056,0,9980469,-0,1721162,-0,01678229,-0,03448416,0,9843299,0,9980469
59851,350,0,-0,1714903,0,01113299,-0,03187328,0,9846072,0,9980469,-0,1721177,-0,01676731,-0,0343985,0,984333,0,9980469
59865,350,0,-0,1742492,0,006737745,-0,03233549,0,9841476,0,9980469,-0,1747808,-0,0211791,-0,0348866,0,9837613,0,9980469
59879,350,0,-0,1742508,0,006694427,-0,03258013,0,9841395,0,9980469,-0,1747764,-0,02121516,-0,03508958,0,983754,0,9980469
59893,350,0,-0,1756685,0,0100396,-0,032389,0,9838653,0,9980469,-0,1762534,-0,01788884,-0,03490113,0,9835632,0,9980469
59907,350,0,-0,1756684,0,01004159,-0,03237789,0,9838657,0,9980469,-0,1762544,-0,01787917,-0,03484722,0,9835652,0,9980469
59921,350,0,-0,1770584,0,009721052,-0,03263516,0,9836112,0,9980469,-0,1776444,-0,01820969,-0,0351015,0,9833001,0,9980469
59935,350,0,-0,1770603,0,00968699,-0,03282439,0,9836048,0,9980469,-0,1776415,-0,01823694,-0,03525234,0,9832945,0,9980469
59949,350,0,-0,177061,0,009673752,-0,03289792,0,9836023,0,9980469,-0,177641,-0,01824211,-0,035281,0,9832935,0,9980469
59962,350,0,-0,1750473,0,009606631,-0,03294962,0,9839617,0,9980469,-0,1756468,-0,01827688,-0,03523812,0,9836527,0,9980469
59976,350,0,-0,1750485,0,009586493,-0,03306283,0,9839579,0,9980469,-0,1756458,-0,01828733,-0,03529667,0,9836506,0,9980469
59990,350,0,-0,1766025,0,0111563,-0,03303113,0,9836647,0,9980469,-0,1772343,-0,01672803,-0,03524914,0,983395,0,9980469
60004,350,0,-0,1766038,0,01113587,-0,03314492,0,9836608,0,9980469,-0,1772335,-0,01673614,-0,03529412,0,9833935,0,9980469
60018,350,0,-0,1766059,0,01110284,-0,0333289,0,9836546,0,9980469,-0,1772315,-0,01675759,-0,03541311,0,9833891,0,9980469
60032,350,0,-0,1771355,0,01060538,-0,03339441,0,9835627,0,9980469,-0,1777578,-0,01724871,-0,0354336,0,983285,0,9980469
60046,350,0,-0,1771355,0,01060542,-0,03339418,0,9835626,0,9980469,-0,1777588,-0,01723783,-0,03537343,0,9832871,0,9980469
60060,350,0,-0,1755894,0,01120094,-0,03334845,0,9838348,0,9980469,-0,1762377,-0,01661442,-0,0352348,0,9835766,0,9980469
60074,350,0,-0,1755906,0,01118123,-0,03345887,0,983831,0,9980469,-0,1762368,-0,01662353,-0,03528566,0,9835747,0,9980469
60088,350,0,-0,1768106,0,01158713,-0,03349625,0,9836065,0,9980469,-0,1774635,-0,01622307,-0,03530752,0,98336,0,9980469
60102,350,0,-0,17681,0,01159804,-0,03343559,0,9836087,0,9980469,-0,1774653,-0,01620394,-0,03520142,0,9833639,0,9980469
60116,350,0,-0,1768109,0,01158408,-0,03351323,0,983606,0,9980469,-0,1774647,-0,01621019,-0,03523602,0,9833626,0,9980469
60130,350,0,-0,1762877,0,01025646,-0,03371757,0,9837076,0,9980469,-0,1769197,-0,0175216,-0,03538875,0,9834329,0,9980469
60144,350,0,-0,1762914,0,01019129,-0,03408123,0,9836951,0,9980469,-0,1769138,-0,01758102,-0,03571905,0,9834209,0,9980469
60158,350,0,-0,1768806,0,008541081,-0,03443283,0,9835929,0,9980469,-0,1774703,-0,01922797,-0,03605462,0,9832776,0,9980469
60171,350,0,-0,1768835,0,008477565,-0,034786,0,9835804,0,9980469,-0,1774641,-0,01928424,-0,03636644,0,9832661,0,9980469
60185,350,0,-0,1773315,0,006066037,-0,03508617,0,9835069,0,9980469,-0,1778881,-0,02168465,-0,03662648,0,9831298,0,9980469
60199,350,0,-0,1773326,0,006033821,-0,03526484,0,9835005,0,9980469,-0,1778849,-0,02170987,-0,03676596,0,9831246,0,9980469
60213,350,0,-0,1773342,0,005987056,-0,0355242,0,9834912,0,9980469,-0,1778801,-0,02174998,-0,03698757,0,9831164,0,9980469
60227,350,0,-0,1782566,0,006088878,-0,0356817,0,983318,0,9980469,-0,1788275,-0,02165379,-0,03714527,0,9829406,0,9980469
60241,350,0,-0,1782575,0,006066178,-0,03580692,0,9833135,0,9980469,-0,1788254,-0,0216717,-0,03724366,0,9829369,0,9980469
60255,350,0,-0,177458,0,005530541,-0,03588025,0,9834586,0,9980469,-0,1780471,-0,02219212,-0,03727409,0,9830654,0,9980469
60268,350,0,-0,1774585,0,005516039,-0,0359606,0,9834557,0,9980469,-0,1780458,-0,02220256,-0,03733176,0,9830632,0,9980469
60283,350,0,-0,1774591,0,00549678,-0,03606734,0,9834517,0,9980469,-0,1780437,-0,0222191,-0,03742311,0,9830598,0,9980469
60297,350,0,-0,1739158,0,001667951,-0,03664891,0,9840769,0,9980469,-0,1744583,-0,02598971,-0,03786929,0,9835929,0,9980469
60310,350,0,-0,1739163,0,001619144,-0,03692508,0,9840667,0,9980469,-0,1744515,-0,02603551,-0,03812753,0,9835829,0,9980469
60324,350,0,-0,174729,0,0004746746,-0,03708246,0,9839179,0,9980469,-0,1752614,-0,02718197,-0,03829121,0,9834014,0,9980469
60338,350,0,-0,174729,0,0004771231,-0,03706865,0,9839184,0,9980469,-0,1752623,-0,0271768,-0,0382622,0,9834026,0,9980469
60352,350,0,-0,1757169,7,126946E-05,-0,03697514,0,9837462,0,9980469,-0,1762719,-0,02759007,-0,03818259,0,9832137,0,9980469
60366,350,0,-0,1757168,9,429269E-05,-0,03684624,0,983751,0,9980469,-0,1762757,-0,02756585,-0,0380475,0,983219,0,9980469
60380,350,0,-0,1757168,0,0001215748,-0,03669351,0,9837567,0,9980469,-0,1762801,-0,02753783,-0,0378912,0,9832249,0,9980469
60394,350,0,-0,1756351,-0,0002214788,-0,03673756,0,9837697,0,9980469,-0,1762026,-0,02787925,-0,03793047,0,9832278,0,9980469
60408,350,0,-0,1756352,-0,0002216697,-0,03673864,0,9837697,0,9980469,-0,1762022,-0,02788159,-0,03794352,0,9832272,0,9980469
60422,350,0,-0,1767222,0,003403001,-0,03646943,0,9835791,0,9980469,-0,1773436,-0,02428275,-0,03771672,0,9831262,0,9980469
60436,350,0,-0,1767214,0,003444227,-0,03623998,0,9835876,0,9980469,-0,1773496,-0,02423951,-0,03747696,0,9831353,0,9980469
60450,350,0,-0,1767212,0,003455141,-0,03617926,0,9835898,0,9980469,-0,1773509,-0,02422944,-0,03742123,0,9831375,0,9980469
60464,350,0,-0,1751249,0,003663561,-0,03618226,0,9838743,0,9980469,-0,1757518,-0,02400578,-0,03739374,0,9834311,0,9980469
60477,350,0,-0,1751245,0,003688212,-0,0360438,0,9838796,0,9980469,-0,1757548,-0,02398402,-0,03727201,0,9834359,0,9980469
60491,350,0,-0,1740644,0,004007184,-0,03613065,0,9840631,0,9980469,-0,1746854,-0,02365442,-0,03733482,0,9836318,0,9980469
60505,350,0,-0,1740644,0,004002281,-0,03615835,0,984062,0,9980469,-0,1746846,-0,0236609,-0,03737134,0,9836304,0,9980469
60519,350,0,-0,1737516,0,003809656,-0,0362901,0,9841133,0,9980469,-0,1743583,-0,02385041,-0,03750103,0,9836789,0,9980469
60533,350,0,-0,1737516,0,003807805,-0,0363006,0,9841129,0,9980469,-0,174358,-0,02385255,-0,03751315,0,9836783,0,9980469
60547,350,0,-0,1737516,0,003811811,-0,0362779,0,9841139,0,9980469,-0,1743587,-0,02384723,-0,03748311,0,9836797,0,9980469
60561,350,0,-0,1745119,0,002683858,-0,03626328,0,9839835,0,9980469,-0,1751037,-0,02498098,-0,03749166,0,9835188,0,9980469
60575,350,0,-0,1745119,0,00269027,-0,03622716,0,9839848,0,9980469,-0,1751041,-0,02497853,-0,03747788,0,9835194,0,9980469
60589,350,0,-0,1757557,0,003421455,-0,03599217,0,9837698,0,9980469,-0,1763635,-0,02427062,-0,03731344,0,9833182,0,9980469
60603,350,0,-0,1757545,0,003483335,-0,03564579,0,9837824,0,9980469,-0,1763715,-0,02421268,-0,03699042,0,9833304,0,9980469
60617,350,0,-0,1757536,0,003523555,-0,03542066,0,9837905,0,9980469,-0,1763763,-0,02417658,-0,03678916,0,9833379,0,9980469
60631,350,0,-0,175465,0,003558208,-0,03566008,0,9838332,0,9980469,-0,1760722,-0,02414441,-0,03704703,0,9833836,0,9980469
60645,350,0,-0,1754659,0,00351792,-0,03588599,0,983825,0,9980469,-0,1760663,-0,02418775,-0,03728893,0,9833744,0,9980469
60658,350,0,-0,175261,0,003450665,-0,03581645,0,9838642,0,9980469,-0,1758472,-0,02425648,-0,03723353,0,983414,0,9980469
60672,350,0,-0,1752609,0,003464692,-0,03573773,0,9838673,0,9980469,-0,1758488,-0,02424545,-0,03717184,0,9834164,0,9980469
60686,350,0,-0,1739099,0,003552685,-0,03539374,0,9841189,0,9980469,-0,1745144,-0,02414395,-0,03679926,0,9836706,0,9980469
60700,350,0,-0,1739096,0,003571065,-0,03528974,0,9841227,0,9980469,-0,1745166,-0,02412833,-0,03671119,0,9836739,0,9980469
60715,350,0,-0,1739101,0,003552197,-0,03539652,0,9841189,0,9980469,-0,1745136,-0,02415015,-0,03683417,0,9836692,0,9980469
60728,350,0,-0,1736756,0,003344822,-0,03538802,0,9841613,0,9980469,-0,1742683,-0,02435774,-0,03683205,0,9837077,0,9980469
60742,350,0,-0,1736749,0,003376815,-0,03520669,0,9841678,0,9980469,-0,1742724,-0,02432798,-0,03666412,0,983714,0,9980469
60756,350,0,-0,1736742,0,003417544,-0,03497591,0,984176,0,9980469,-0,1742777,-0,02429032,-0,03645152,0,9837218,0,9980469
60770,350,0,-0,1738539,0,004289594,-0,03484984,0,9841454,0,9980469,-0,1744656,-0,02342941,-0,03636428,0,9837127,0,9980469
60784,350,0,-0,1738538,0,004293325,-0,0348287,0,9841461,0,9980469,-0,1744651,-0,02343302,-0,03638468,0,983712,0,9980469
60798,350,0,-0,174032,0,004450943,-0,03488228,0,9841119,0,9980469,-0,1746278,-0,02328447,-0,0364779,0,9836831,0,9980469
60812,350,0,-0,1740326,0,004424814,-0,03503002,0,9841068,0,9980469,-0,1746238,-0,02331417,-0,03664527,0,9836769,0,9980469
60826,350,0,-0,1748905,0,005292708,-0,03522553,0,9839433,0,9980469,-0,1754765,-0,02245972,-0,03686882,0,9835367,0,9980469
60839,350,0,-0,1748911,0,005276555,-0,03531642,0,9839401,0,9980469,-0,1754749,-0,0224725,-0,0369404,0,983534,0,9980469
60853,350,0,-0,1746421,0,006427073,-0,03525461,0,9839797,0,9980469,-0,1752563,-0,02131739,-0,03684477,0,9836022,0,9980469
60867,350,0,-0,1746414,0,006447296,-0,03514068,0,9839838,0,9980469,-0,1752591,-0,02129448,-0,03671613,0,9836069,0,9980469
60882,350,0,-0,1746401,0,006482294,-0,03494347,0,9839907,0,9980469,-0,1752634,-0,02125832,-0,03651324,0,9836146,0,9980469
60896,350,0,-0,1749412,0,006340504,-0,03465244,0,9839485,0,9980469,-0,1755799,-0,02140414,-0,03623427,0,9835653,0,9980469
60909,350,0,-0,1749393,0,006390881,-0,03436906,0,9839584,0,9980469,-0,1755859,-0,02135424,-0,03595475,0,9835755,0,9980469
60923,350,0,-0,1765447,0,009438562,-0,03413983,0,9836552,0,9980469,-0,177232,-0,01833442,-0,03577956,0,9833477,0,9980469
60937,350,0,-0,1765443,0,009444643,-0,03410595,0,9836563,0,9980469,-0,1772326,-0,01832858,-0,03574718,0,9833488,0,9980469
60951,350,0,-0,1765441,0,009449217,-0,03408046,0,9836572,0,9980469,-0,177233,-0,0183255,-0,03573003,0,9833495,0,9980469
60965,350,0,-0,1766196,0,0093715,-0,03401997,0,9836465,0,9980469,-0,177291,-0,01840662,-0,03568348,0,9833392,0,9980469
60979,350,0,-0,1766184,0,009391618,-0,03390789,0,9836503,0,9980469,-0,1772927,-0,01838923,-0,03558705,0,9833426,0,9980469
60993,350,0,-0,176463,0,009305539,-0,03389888,0,9836794,0,9980469,-0,1771264,-0,01847392,-0,03557485,0,9833714,0,9980469
61007,350,0,-0,1764633,0,00930064,-0,0339262,0,9836785,0,9980469,-0,1771258,-0,01848053,-0,03561154,0,9833702,0,9980469
61021,350,0,-0,1740844,0,01211439,-0,03401888,0,9840685,0,9980469,-0,1747877,-0,01565058,-0,03567074,0,9838353,0,9980469
61034,350,0,-0,1740837,0,01212543,-0,03395651,0,9840707,0,9980469,-0,1747882,-0,01564557,-0,03564255,0,9838364,0,9980469
61049,350,0,-0,1740808,0,01216629,-0,0337255,0,9840785,0,9980469,-0,1747912,-0,01561244,-0,035456,0,9838432,0,9980469
61062,350,0,-0,1767755,0,008531512,-0,03373457,0,983636,0,9980469,-0,1774202,-0,01928051,-0,03558758,0,9833026,0,9980469
61076,350,0,-0,1767756,0,008530868,-0,03373815,0,9836358,0,9980469,-0,1774191,-0,01929042,-0,03564255,0,9833007,0,9980469
61090,350,0,-0,1753246,0,01200937,-0,03344579,0,9838692,0,9980469,-0,1760257,-0,01580882,-0,03535208,0,9836236,0,9980469
61104,350,0,-0,1753228,0,01203453,-0,03330458,0,983874,0,9980469,-0,1760277,-0,01578618,-0,03522557,0,9836281,0,9980469
61118,0,0,-0,1753194,0,01208504,-0,03302113,0,9838835,0,9980469,-0,1760322,-0,01573548,-0,03494222,0,9836382,0,9980469
61132,0,0,-0,1758359,0,01144927,-0,03270143,0,9838096,0,9980469,-0,1765366,-0,01637707,-0,03463891,0,9835482,0,9980469
61146,0,0,-0,175833,0,01149301,-0,03245672,0,9838178,0,9980469,-0,1765404,-0,01633583,-0,03440918,0,9835562,0,9980469
61160,0,0,-0,1749486,0,01140487,-0,03219975,0,9839848,0,9980469,-0,175648,-0,01641842,-0,03415012,0,9837235,0,9980469
61174,0,0,-0,1749464,0,01143939,-0,0320056,0,9839912,0,9980469,-0,175651,-0,01638791,-0,03397917,0,9837295,0,9980469
61188,0,0,-0,1768645,0,01198199,-0,03182746,0,9836476,0,9980469,-0,1775553,-0,01587626,-0,03388274,0,9833993,0,9980469
61202,0,0,-0,1768619,0,01202183,-0,03160591,0,9836547,0,9980469,-0,1775584,-0,01584141,-0,03368965,0,983406,0,9980469
61216,0,0,-0,176858,0,01207838,-0,03129139,0,9836648,0,9980469,-0,1775629,-0,01579151,-0,03341333,0,9834153,0,9980469
61230,0,0,-0,176183,0,01203542,-0,03136122,0,9837843,0,9980469,-0,1768682,-0,01583387,-0,03349782,0,983537,0,9980469
61243,0,0,-0,1761866,0,01198185,-0,03166033,0,9837747,0,9980469,-0,1768629,-0,01589254,-0,03382404,0,9835259,0,9980469
61257,0,0,-0,1772007,0,01128355,-0,03219248,0,9835834,0,9980469,-0,1778349,-0,01660803,-0,03440612,0,9833184,0,9980469
61271,0,0,-0,177205,0,01121596,-0,03256772,0,9835711,0,9980469,-0,1778281,-0,01667924,-0,03479989,0,9833046,0,9980469
61285,0,0,-0,1760898,0,01012019,-0,03253288,0,9837843,0,9980469,-0,1767167,-0,01775991,-0,03473594,0,9834884,0,9980469
61299,0,0,-0,1760876,0,01015916,-0,03231518,0,9837915,0,9980469,-0,1767205,-0,01772149,-0,03452211,0,9834959,0,9980469
61313,0,0,-0,1760851,0,01020224,-0,03207444,0,9837994,0,9980469,-0,1767248,-0,01767904,-0,0342859,0,9835041,0,9980469
61327,0,0,-0,1754029,0,008484928,-0,03228954,0,9839305,0,9980469,-0,1760235,-0,0193853,-0,03448439,0,9835908,0,9980469
61341,0,0,-0,1754037,0,008469012,-0,03237882,0,9839276,0,9980469,-0,1760214,-0,01940493,-0,03459407,0,9835869,0,9980469
61355,0,0,-0,135209,0,005085068,-0,03284108,0,9902597,0,9980469,-0,1358713,-0,02235668,-0,03390931,0,9898936,0,9980469
61369,0,0,-0,1352085,0,005099403,-0,03273611,0,9902632,0,9980469,-0,1358734,-0,02234374,-0,03381507,0,9898969,0,9980469
61383,0,0,-0,1352087,0,005091971,-0,03279055,0,9902614,0,9980469,-0,135872,-0,02235232,-0,03387768,0,9898948,0,9980469
61397,0,0,-0,09287946,0,003400463,-0,0332757,0,9951155,0,9980469,-0,09363134,-0,02374971,-0,03320275,0,9947697,0,9980469
61410,0,0,-0,09288069,0,003365413,-0,0336512,0,9951027,0,9980469,-0,09362209,-0,02378603,-0,03358881,0,9947567,0,9980469
61425,0,0,-0,09206066,0,00113624,-0,03412447,0,995168,0,9980469,-0,09277959,-0,02600456,-0,03404482,0,9947648,0,9980469
61438,0,0,-0,09206085,0,00111825,-0,03431893,0,9951613,0,9980469,-0,09277421,-0,02602379,-0,03425106,0,9947576,0,9980469
61452,0,0,-0,0920482,0,0008112015,-0,03426128,0,9951648,0,9980469,-0,09278837,-0,02632856,-0,03419884,0,9947501,0,9980469
61466,0,0,-0,09204812,0,0008159718,-0,03420968,0,9951665,0,9980469,-0,09278968,-0,0263239,-0,03414884,0,9947518,0,9980469
61480,0,0,-0,09204803,0,0008224435,-0,03413973,0,9951688,0,9980469,-0,09279144,-0,02631752,-0,03408065,0,994754,0,9980469
61494,0,0,-0,09411554,-0,001298727,-0,0338465,0,994985,0,9980469,-0,09486332,-0,02844279,-0,03385504,0,9945078,0,9980469
61508,0,0,-0,09411573,-0,001283615,-0,03368674,0,9949903,0,9980469,-0,09486716,-0,02842983,-0,03371922,0,9945124,0,9980469
61522,0,0,-0,09379235,-0,001373352,-0,03354431,0,9950256,0,9980469,-0,09454428,-0,02851988,-0,03358958,0,994545,0,9980469
61536,0,0,-0,0937925,-0,0013641,-0,03344614,0,995029,0,9980469,-0,09454644,-0,02851279,-0,03351493,0,9945475,0,9980469
61550,0,0,-0,09379241,-0,00136843,-0,03349207,0,9950274,0,9980469,-0,09454447,-0,02851926,-0,03358307,0,9945452,0,9980469
61564,0,0,-0,09307592,-0,0004672641,-0,03351032,0,9950948,0,9980469,-0,09382173,-0,02762139,-0,0336182,0,9946378,0,9980469
61578,0,0,-0,09307587,-0,0004814388,-0,03366186,0,9950898,0,9980469,-0,09381695,-0,02763785,-0,0337925,0,9946319,0,9980469
61592,0,0,-0,09475909,0,002078155,-0,03394955,0,9949189,0,9980469,-0,09549874,-0,02509736,-0,03414733,0,994527,0,9980469
61605,0,0,-0,09475929,0,00206913,-0,03404435,0,9949158,0,9980469,-0,09549607,-0,02510751,-0,03425312,0,9945235,0,9980469
61619,0,0,-0,0937778,0,002194832,-0,03409797,0,9950067,0,9980469,-0,09452537,-0,02497742,-0,03428361,0,9946184,0,9980469
61633,0,0,-0,09377814,0,002179342,-0,03426231,0,9950011,0,9980469,-0,09452093,-0,02499412,-0,03445942,0,9946123,0,9980469
61648,0,0,-0,09377901,0,00214356,-0,03464198,0,994988,0,9980469,-0,09451094,-0,02503199,-0,03485784,0,9945984,0,9980469
61661,0,0,-0,09719314,0,004108138,-0,03477755,0,9946492,0,9980469,-0,09794129,-0,02309408,-0,03511474,0,9943044,0,9980469
61675,0,0,-0,09719275,0,004117434,-0,03468241,0,9946526,0,9980469,-0,0979428,-0,02308744,-0,03504741,0,9943067,0,9980469
61689,0,0,-0,09171647,0,007938817,-0,03439983,0,9951593,0,9980469,-0,09254096,-0,01924724,-0,03465943,0,9949194,0,9980469
61703,0,0,-0,09171455,0,007961256,-0,03415634,0,9951677,0,9980469,-0,09254499,-0,01922787,-0,03445114,0,9949267,0,9980469
61717,0,0,-0,09171277,0,007981362,-0,0339382,0,9951751,0,9980469,-0,09254834,-0,01921172,-0,03427758,0,9949326,0,9980469
61731,0,0,-0,09308038,0,004193819,-0,03385142,0,9950742,0,9980469,-0,09388277,-0,02300198,-0,03426701,0,9947276,0,9980469
61745,0,0,-0,0930796,0,004210202,-0,03367626,0,9950801,0,9980469,-0,09388588,-0,02298912,-0,03413085,0,9947321,0,9980469
61759,0,0,-0,09147421,0,006557898,-0,03351278,0,9952219,0,9980469,-0,09228856,-0,02064093,-0,03395677,0,994939,0,9980469
61772,0,0,-0,09147376,0,006564619,-0,03343968,0,9952242,0,9980469,-0,09228963,-0,02063629,-0,03390664,0,9949409,0,9980469
61786,0,0,-0,09301011,0,006639278,-0,03331604,0,9950855,0,9980469,-0,0938058,-0,02057258,-0,03384382,0,9948025,0,9980469
61800,0,0,-0,09301046,0,006634194,-0,03337044,0,9950836,0,9980469,-0,09380434,-0,02057932,-0,0339153,0,9948,0,9980469
61814,0,0,-0,09301031,0,006636999,-0,03334045,0,9950848,0,9980469,-0,09380464,-0,0205779,-0,0339002,0,9948005,0,9980469
61828,0,0,-0,0918369,0,006419462,-0,03320969,0,9951996,0,9980469,-0,09262224,-0,02078984,-0,03374635,0,9949122,0,9980469
61842,0,0,-0,09183408,0,006459774,-0,03277282,0,995214,0,9980469,-0,09263121,-0,0207498,-0,03331612,0,9949268,0,9980469
61856,0,0,-0,09261414,0,006286012,-0,03225487,0,9951597,0,9980469,-0,09341198,-0,02092826,-0,03282306,0,9948663,0,9980469
61870,0,0,-0,09261194,0,006318799,-0,03190255,0,9951711,0,9980469,-0,09341954,-0,02089447,-0,03246327,0,9948781,0,9980469
61884,0,0,-0,0926113,0,006328552,-0,03179777,0,9951745,0,9980469,-0,09342191,-0,02088392,-0,0323508,0,9948817,0,9980469
61898,0,0,-0,09214886,0,005676243,-0,03199922,0,9952149,0,9980469,-0,09291726,-0,02153221,-0,03252115,0,9949097,0,9980469
61912,0,0,-0,09214817,0,005687036,-0,03188264,0,9952185,0,9980469,-0,0929202,-0,02151936,-0,03238353,0,9949142,0,9980469
61926,0,0,-0,09304544,0,006003221,-0,03169275,0,9951392,0,9980469,-0,09379711,-0,02120773,-0,03219714,0,9948447,0,9980469
61939,0,0,-0,09304446,0,006018397,-0,03153044,0,9951444,0,9980469,-0,09380095,-0,02119075,-0,03201697,0,9948504,0,9980469
61953,0,0,-0,09589174,0,00846791,-0,03143947,0,9948592,0,9980469,-0,09664769,-0,01876198,-0,03199629,0,9946274,0,9980469
61967,0,0,-0,09589262,0,008457921,-0,0315431,0,9948559,0,9980469,-0,09664582,-0,01877163,-0,03209564,0,9946241,0,9980469
61982,0,0,-0,09589263,0,008457197,-0,03155059,0,9948556,0,9980469,-0,09664553,-0,01877279,-0,03210758,0,9946237,0,9980469
61995,0,0,-0,09668003,0,008613116,-0,03164658,0,9947751,0,9980469,-0,09741864,-0,01862154,-0,03222118,0,9945474,0,9980469
62009,0,0,-0,09668027,0,008610371,-0,03167481,0,9947741,0,9980469,-0,09741828,-0,01862328,-0,03223898,0,9945468,0,9980469
62023,0,0,-0,09861066,0,006570797,-0,03191302,0,9945925,0,9980469,-0,09932077,-0,02066686,-0,03249431,0,9943101,0,9980469
62037,0,0,-0,09861156,0,006557257,-0,03204957,0,9945881,0,9980469,-0,09931868,-0,02067697,-0,03259553,0,9943069,0,9980469
62051,0,0,-0,09861288,0,006536856,-0,03225532,0,9945815,0,9980469,-0,09931516,-0,02069368,-0,03276283,0,9943012,0,9980469
62066,0,0,-0,09954594,-0,00341553,-0,03238828,0,9944999,0,9980469,-0,1001667,-0,03061875,-0,03286776,0,9939563,0,9980469
62079,0,0,-0,09954582,-0,003418256,-0,03241552,0,994499,0,9980469,-0,1001672,-0,03061713,-0,03285185,0,9939566,0,9980469
62093,0,0,-0,09938404,-0,004670674,-0,03236336,0,9945118,0,9980469,-0,1000118,-0,03185934,-0,03275401,0,9939367,0,9980469
62106,0,0,-0,09938446,-0,004661508,-0,03227166,0,9945148,0,9980469,-0,100016,-0,03184624,-0,03262377,0,9939408,0,9980469
62120,0,0,-0,1006322,-0,003104727,-0,03228412,0,994395,0,9980469,-0,1012781,-0,03029837,-0,03263941,0,9938609,0,9980469
62134,0,0,-0,1006321,-0,00310777,-0,03231421,0,9943939,0,9980469,-0,1012778,-0,0302991,-0,03264673,0,9938605,0,9980469
62149,0,0,-0,1006317,-0,003122387,-0,0324587,0,9943894,0,9980469,-0,1012743,-0,03031105,-0,03276378,0,9938568,0,9980469
62162,0,0,-0,09903803,-0,002059679,-0,03237962,0,9945546,0,9980469,-0,09969863,-0,02923958,-0,0326189,0,994053,0,9980469
62176,0,0,-0,09903794,-0,002063777,-0,03242078,0,9945532,0,9980469,-0,09969855,-0,02923985,-0,03262161,0,9940528,0,9980469
62190,0,0,-0,09882901,-0,0004202127,-0,03237362,0,9945776,0,9980469,-0,09951061,-0,02759611,-0,03253428,0,9941216,0,9980469
62204,0,0,-0,09882903,-0,0004183464,-0,03235481,0,9945782,0,9980469,-0,09951211,-0,02759071,-0,03248039,0,9941233,0,9980469
62218,0,0,-0,09882906,-0,0004197396,-0,03236885,0,9945779,0,9980469,-0,09951262,-0,02758902,-0,0324634,0,9941239,0,9980469
62232,0,0,-0,09873695,-0,001743942,-0,03231588,0,9945872,0,9980469,-0,09941496,-0,02890524,-0,03238011,0,994099,0,9980469
62246,0,0,-0,09873691,-0,001745708,-0,03233366,0,9945866,0,9980469,-0,09941499,-0,02890522,-0,03237985,0,9940991,0,9980469
62260,0,0,-0,09924895,-0,003207057,-0,03237123,0,9945309,0,9980469,-0,09991331,-0,03036183,-0,03241121,0,9940046,0,9980469
62273,0,0,-0,09924816,-0,003231687,-0,03261804,0,9945228,0,9980469,-0,09990624,-0,03038521,-0,03264384,0,993997,0,9980469
62287,0,0,-0,10037,-0,004747825,-0,0330163,0,9943911,0,9980469,-0,1010027,-0,0319012,-0,03307165,0,9938246,0,9980469
62301,0,0,-0,1003686,-0,004776511,-0,03330055,0,9943814,0,9980469,-0,1009934,-0,03193037,-0,03335886,0,9938149,0,9980469
62316,0,0,-0,1003684,-0,004781626,-0,03335119,0,9943797,0,9980469,-0,1009917,-0,03193593,-0,0334135,0,9938131,0,9980469
62329,0,0,-0,09935213,-0,005125077,-0,03345582,0,9944767,0,9980469,-0,0999929,-0,03227044,-0,03348846,0,9939008,0,9980469
62343,0,0,-0,09935186,-0,005129262,-0,03349772,0,9944751,0,9980469,-0,09999178,-0,03227381,-0,033522,0,9938995,0,9980469
62357,0,0,-0,1007709,-0,007169403,-0,03348953,0,99432,0,9980469,-0,1014092,-0,03430971,-0,03352357,0,9936878,0,9980469
62371,0,0,-0,1007702,-0,007178817,-0,03358245,0,9943169,0,9980469,-0,1014072,-0,03431573,-0,0335827,0,9936857,0,9980469
62385,0,0,-0,1007704,-0,007175518,-0,03354989,0,9943181,0,9980469,-0,101409,-0,03431014,-0,03352797,0,9936876,0,9980469
62399,0,0,-0,09989299,-0,005152325,-0,03356315,0,9944186,0,9980469,-0,1005662,-0,03228922,-0,03350521,0,9938416,0,9980469
62413,0,0,-0,09989338,-0,005145353,-0,03349371,0,9944209,0,9980469,-0,1005689,-0,0322808,-0,033422,0,9938446,0,9980469
62427,0,0,-0,1019164,-0,007711918,-0,03346598,0,9942001,0,9980469,-0,1025726,-0,03484602,-0,03342213,0,9935531,0,9980469
62440,0,0,-0,1019162,-0,007714146,-0,0334877,0,9941994,0,9980469,-0,1025724,-0,03484651,-0,03342713,0,9935529,0,9980469
62454,0,0,-0,1014599,-0,009816985,-0,03362118,0,9942229,0,9980469,-0,1021002,-0,03693518,-0,03351603,0,9935231,0,9980469
62468,0,0,-0,10146,-0,009816273,-0,03361421,0,9942231,0,9980469,-0,1021013,-0,03693201,-0,03348518,0,9935241,0,9980469
62483,0,0,-0,1014614,-0,009801663,-0,03347099,0,9942281,0,9980469,-0,1021077,-0,03691447,-0,03331454,0,9935298,0,9980469
62496,0,0,-0,1017028,-0,009875749,-0,03349314,0,9942018,0,9980469,-0,1023534,-0,03698642,-0,03331143,0,993502,0,9980469
62510,0,0,-0,101702,-0,009884256,-0,03357628,0,994199,0,9980469,-0,102351,-0,03699324,-0,0333777,0,9934998,0,9980469
62524,0,0,-0,102057,-0,007107753,-0,03396398,0,9941732,0,9980469,-0,1027192,-0,03422967,-0,03376294,0,9935477,0,9980469
62538,0,0,-0,1020564,-0,00711702,-0,03405428,0,9941701,0,9980469,-0,1027168,-0,03423701,-0,03383385,0,9935455,0,9980469
62552,0,0,-0,101322,-0,00702073,-0,03391858,0,9942506,0,9980469,-0,1020029,-0,03413374,-0,0336531,0,9936287,0,9980469
62566,0,0,-0,1013228,-0,007007476,-0,03378858,0,9942549,0,9980469,-0,102008,-0,03411812,-0,03350096,0,9936337,0,9980469
62580,0,0,-0,1013231,-0,007003958,-0,03375401,0,9942563,0,9980469,-0,1020101,-0,03411189,-0,03344043,0,9936358,0,9980469
62594,0,0,-0,1019213,-0,006077405,-0,03370746,0,9942027,0,9980469,-0,1026223,-0,0331892,-0,03338669,0,9936057,0,9980469
62608,0,0,-0,1019218,-0,006068821,-0,03362368,0,9942055,0,9980469,-0,102626,-0,03317792,-0,03327722,0,9936095,0,9980469
62622,0,0,-0,1012948,-0,007753686,-0,03365154,0,9942569,0,9980469,-0,101986,-0,03484991,-0,03326291,0,9936186,0,9980469
62636,0,0,-0,1012947,-0,007755206,-0,03366639,0,9942564,0,9980469,-0,1019862,-0,03484952,-0,03325907,0,9936188,0,9980469
62649,0,0,-0,101294,-0,007764478,-0,03375745,0,9942533,0,9980469,-0,1019835,-0,03485727,-0,0333346,0,9936162,0,9980469
62663,0,0,-0,1038816,-0,01018451,-0,03379018,0,9939634,0,9980469,-0,1045387,-0,0372782,-0,03342153,0,9932599,0,9980469
62678,0,0,-0,1038797,-0,01020306,-0,03396768,0,9939574,0,9980469,-0,1045321,-0,03729641,-0,03359456,0,993254,0,9980469
62691,0,0,-0,1028396,-0,01026965,-0,03417644,0,9940577,0,9980469,-0,1034946,-0,03735618,-0,03377129,0,9933544,0,9980469
62705,0,0,-0,1028377,-0,01028863,-0,03435995,0,9940515,0,9980469,-0,1034883,-0,03737362,-0,03393877,0,9933487,0,9980469
62719,0,0,-0,09878502,-0,01025665,-0,03447724,0,9944585,0,9980469,-0,09946742,-0,03731906,-0,03393237,0,9937617,0,9980469
62733,0,0,-0,09878604,-0,01024695,-0,03437947,0,994462,0,9980469,-0,09947172,-0,03730761,-0,0338179,0,9937657,0,9980469
62747,0,0,-0,0987868,-0,01023947,-0,0343042,0,9944646,0,9980469,-0,09947497,-0,03729897,-0,03373154,0,9937686,0,9980469
62761,0,0,-0,09917095,-0,0101365,-0,03426044,0,9944288,0,9980469,-0,09987493,-0,03719702,-0,03369721,0,9937333,0,9980469
62775,0,0,-0,0991707,-0,0101386,-0,03428155,0,994428,0,9980469,-0,09987404,-0,03719946,-0,03372135,0,9937325,0,9980469
62789,0,0,-0,0995924,-0,008902837,-0,03428381,0,9943978,0,9980469,-0,1003053,-0,03597113,-0,0337445,0,9937335,0,9980469
62803,0,0,-0,09959289,-0,00889683,-0,0342239,0,9943997,0,9980469,-0,1003068,-0,03596672,-0,03370066,0,993735,0,9980469
62817,0,0,-0,09959333,-0,008892399,-0,03417962,0,9944014,0,9980469,-0,1003081,-0,03596331,-0,03366688,0,9937362,0,9980469
62831,0,0,-0,09974204,-0,0111617,-0,03414511,0,9943648,0,9980469,-0,1004365,-0,0382229,-0,03364288,0,9936397,0,9980469
62845,0,0,-0,09973995,-0,01118016,-0,03432919,0,9943584,0,9980469,-0,1004289,-0,03824275,-0,03383921,0,9936332,0,9980469
62858,0,0,-0,09951074,-0,01348932,-0,03436859,0,9943513,0,9980469,-0,1001781,-0,04054006,-0,03387737,0,9935659,0,9980469
62872,0,0,-0,09950989,-0,01349579,-0,03443316,0,9943491,0,9980469,-0,1001751,-0,04054766,-0,03395273,0,9935634,0,9980469
62886,0,0,-0,09958564,-0,01362852,-0,03440635,0,9943407,0,9980469,-0,1002559,-0,04068151,-0,03393798,0,9935502,0,9980469
62900,0,0,-0,09958497,-0,01363326,-0,03445372,0,9943389,0,9980469,-0,1002539,-0,04068656,-0,03398786,0,9935485,0,9980469
62915,0,0,-0,09958276,-0,01364957,-0,03461651,0,9943335,0,9980469,-0,1002469,-0,04070394,-0,03416012,0,9935427,0,9980469
62928,0,0,-0,09876004,-0,01172071,-0,03479097,0,9944339,0,9980469,-0,09944263,-0,03878421,-0,03434415,0,9936938,0,9980469
62942,0,0,-0,09876184,-0,01170552,-0,03463808,0,9944392,0,9980469,-0,09944689,-0,03877323,-0,03423438,0,9936976,0,9980469
62956,0,0,-0,09854826,-0,01152794,-0,03437359,0,9944717,0,9980469,-0,0992482,-0,03859929,-0,03401488,0,9937319,0,9980469
62970,0,0,-0,09855026,-0,01151073,-0,03419988,0,9944776,0,9980469,-0,09925244,-0,03858827,-0,0339047,0,9937356,0,9980469
62984,0,0,-0,09855101,-0,01150435,-0,03413554,0,9944798,0,9980469,-0,09925245,-0,03858829,-0,03390484,0,9937356,0,9980469
62998,0,0,-0,09675822,-0,01131003,-0,03430168,0,9946525,0,9980469,-0,09745263,-0,03838791,-0,03404989,0,9939166,0,9980469
63012,0,0,-0,09675673,-0,01132284,-0,03443333,0,9946478,0,9980469,-0,09744741,-0,03840121,-0,03418538,0,9939119,0,9980469
63025,0,0,-0,0964909,-0,00847266,-0,03460395,0,9946961,0,9980469,-0,09718763,-0,03556395,-0,03435389,0,994037,0,9980469
63039,0,0,-0,09649023,-0,008480677,-0,03468658,0,9946933,0,9980469,-0,09718449,-0,03557272,-0,03444333,0,994034,0,9980469
63053,0,0,-0,09802113,-0,008929111,-0,03470301,0,9945391,0,9980469,-0,0987106,-0,03603055,-0,03451864,0,9938645,0,9980469
63067,0,0,-0,09802131,-0,008926713,-0,03467865,0,9945399,0,9980469,-0,09871064,-0,03603031,-0,03451653,0,9938645,0,9980469
63082,0,0,-0,09802195,-0,00891967,-0,03460723,0,9945423,0,9980469,-0,09871247,-0,03602535,-0,03446642,0,9938663,0,9980469
63096,0,0,-0,09810205,-0,0091855,-0,03454968,0,9945341,0,9980469,-0,09879831,-0,03629316,-0,03442192,0,9938496,0,9980469
63109,0,0,-0,09810412,-0,009163252,-0,03432416,0,9945419,0,9980469,-0,09880595,-0,03627232,-0,03421237,0,9938568,0,9980469
63123,9,999999,0,-0,09896047,-0,009545785,-0,03413166,0,9944601,0,9980469,-0,09965765,-0,03665789,-0,03404342,0,9937635,0,9980469
63137,9,999999,0,-0,0989617,-0,009533071,-0,03400388,0,9944644,0,9980469,-0,09966207,-0,03664577,-0,03392288,0,9937674,0,9980469
63151,9,999999,0,-0,09895928,-0,009558157,-0,03425599,0,9944559,0,9980469,-0,09965213,-0,03667285,-0,03419271,0,9937583,0,9980469
63165,9,999999,0,-0,09836712,-0,008530965,-0,03453024,0,9945143,0,9980469,-0,09904768,-0,03564932,-0,03446902,0,9938464,0,9980469
63179,9,999999,0,-0,09836651,-0,008538149,-0,03460282,0,9945119,0,9980469,-0,09904492,-0,03565706,-0,03454657,0,9938437,0,9980469
63193,9,999999,0,-0,09853702,-0,007553961,-0,03459831,0,9945031,0,9980469,-0,09922196,-0,03467803,-0,03454615,0,9938607,0,9980469
63207,9,999999,0,-0,09853816,-0,007539087,-0,03444818,0,9945083,0,9980469,-0,09922746,-0,03466242,-0,03438964,0,9938663,0,9980469
63220,9,999999,0,-0,09717583,-0,006810983,-0,03433517,0,9946514,0,9980469,-0,09788749,-0,03393034,-0,03423403,0,9940296,0,9980469
63234,9,999999,0,-0,09717647,-0,006802197,-0,03424524,0,9946547,0,9980469,-0,09789093,-0,03392048,-0,03413394,0,994033,0,9980469
63249,9,999999,0,-0,09717593,-0,006810251,-0,03432763,0,9946519,0,9980469,-0,09788845,-0,03392773,-0,03420742,0,9940305,0,9980469
63262,9,999999,0,-0,08848108,0,01336335,-0,03458943,0,9953875,0,9980469,-0,0893579,-0,01376876,-0,03426838,0,9953148,0,9980469
63276,9,999999,0,-0,08848284,0,01335159,-0,03472165,0,9953828,0,9980469,-0,08935613,-0,01378007,-0,03439436,0,9953103,0,9980469
63290,9,999999,0,-0,08875314,0,01325345,-0,03484502,0,9953558,0,9980469,-0,08962399,-0,01387909,-0,03452037,0,9952804,0,9980469
63304,9,999999,0,-0,0887546,0,0132441,-0,03494994,0,9953522,0,9980469,-0,08962253,-0,01388877,-0,03462788,0,9952768,0,9980469
63318,9,999999,0,-0,088756,0,0132345,-0,03505756,0,9953483,0,9980469,-0,08962098,-0,01389879,-0,03473909,0,9952729,0,9980469
63332,9,999999,0,-0,08976436,0,01279786,-0,03508237,0,9952627,0,9980469,-0,09063151,-0,01433993,-0,03480107,0,9951731,0,9980469
63346,9,999999,0,-0,08976601,0,01278618,-0,03521176,0,9952582,0,9980469,-0,09062941,-0,01435313,-0,03494594,0,995168,0,9980469
63360,9,999999,0,-0,08974501,0,01262904,-0,03521403,0,995262,0,9980469,-0,09061645,-0,0145107,-0,03496562,0,9951661,0,9980469
63373,9,999999,0,-0,0897441,0,01263519,-0,03514579,0,9952644,0,9980469,-0,09061721,-0,01450557,-0,03490924,0,995168,0,9980469
63388,9,999999,0,-0,08715378,0,008753362,-0,03500022,0,9955415,0,9980469,-0,08801674,-0,01836924,-0,03470798,0,9953447,0,9980469
63401,9,999999,0,-0,08715271,0,008763955,-0,03487916,0,9955457,0,9980469,-0,0880187,-0,01835994,-0,03460277,0,9953483,0,9980469
63416,9,999999,0,-0,08715133,0,008777268,-0,03472707,0,9955509,0,9980469,-0,08802113,-0,01834806,-0,03446859,0,995353,0,9980469
63429,9,999999,0,-0,08223106,0,001869073,-0,03452614,0,9960134,0,9980469,-0,08307006,-0,02521821,-0,03414407,0,9956393,0,9980469
63443,9,999999,0,-0,08223126,0,001860143,-0,0346343,0,9960096,0,9980469,-0,08306673,-0,0252291,-0,03427447,0,9956348,0,9980469
63457,9,999999,0,-0,02367631,-0,00576051,-0,03434615,0,999113,0,9980469,-0,02468817,-0,03272282,-0,0324246,0,9986333,0,9980469
63471,9,999999,0,-0,02367629,-0,00576061,-0,03435037,0,9991128,0,9980469,-0,02468721,-0,03272356,-0,03245412,0,9986324,0,9980469
63485,9,999999,0,-0,02274063,-0,005861275,-0,03420221,0,999139,0,9980469,-0,02375341,-0,03282513,-0,03229716,0,9986567,0,9980469
63499,9,999999,0,-0,02274124,-0,005858927,-0,03409896,0,9991425,0,9980469,-0,02375586,-0,03282337,-0,03222331,0,9986592,0,9980469
63513,9,999999,0,-0,02274127,-0,005858795,-0,03409308,0,9991428,0,9980469,-0,0237549,-0,03282407,-0,03225221,0,9986582,0,9980469
63527,9,999999,0,-0,02160007,-0,002427838,-0,03434846,0,9991736,0,9980469,-0,02260133,-0,02940897,-0,0325291,0,9987824,0,9980469
63541,9,999999,0,-0,0216001,-0,002427621,-0,03433829,0,999174,0,9980469,-0,02260002,-0,02940997,-0,03257344,0,9987809,0,9980469
63555,9,999999,0,-0,02183906,-0,00277975,-0,03429798,0,9991692,0,9980469,-0,02282972,-0,02976336,-0,03259427,0,9987646,0,9980469
63568,9,999999,0,-0,02183971,-0,002774735,-0,03406859,0,999177,0,9980469,-0,02283532,-0,02975908,-0,03240668,0,9987708,0,9980469
63583,9,999999,0,-0,02184,-0,00277245,-0,03396386,0,9991806,0,9980469,-0,02283731,-0,02975756,-0,03234016,0,9987729,0,9980469
63597,9,999999,0,-0,0234353,-0,003478756,-0,03388863,0,9991448,0,9980469,-0,02441871,-0,03046304,-0,0323512,0,9987137,0,9980469
63610,9,999999,0,-0,0234354,-0,003478129,-0,03386195,0,9991456,0,9980469,-0,02441814,-0,0304635,-0,03236974,0,9987131,0,9980469
63624,9,999999,0,-0,02154764,-0,004281648,-0,03387109,0,9991847,0,9980469,-0,0225206,-0,03126719,-0,03237601,0,9987327,0,9980469
63638,9,999999,0,-0,02154782,-0,004280735,-0,03382866,0,9991862,0,9980469,-0,02252073,-0,03126709,-0,03237152,0,9987328,0,9980469
63652,9,999999,0,-0,01842329,-0,004788521,-0,03375734,0,9992489,0,9980469,-0,01939895,-0,03177639,-0,03226311,0,9987859,0,9980469
63666,9,999999,0,-0,01842381,-0,004786515,-0,03364858,0,9992525,0,9980469,-0,01940083,-0,03177521,-0,03220377,0,9987876,0,9980469
63680,9,999999,0,-0,01842481,-0,004782652,-0,03343915,0,9992596,0,9980469,-0,01940581,-0,03177217,-0,03204689,0,9987928,0,9980469
63694,9,999999,0,-0,01645029,-0,005539468,-0,03326766,0,9992958,0,9980469,-0,01743257,-0,03252867,-0,0318689,0,9988105,0,9980469
63708,9,999999,0,-0,01645001,-0,005540301,-0,03331826,0,999294,0,9980469,-0,01742954,-0,0325303,-0,03196201,0,9988075,0,9980469
63721,9,999999,0,-0,01707108,-0,006230108,-0,03330689,0,99928,0,9980469,-0,01803219,-0,0332184,-0,03199583,0,9987731,0,9980469
63735,9,999999,0,-0,01707279,-0,006225436,-0,03303315,0,9992891,0,9980469,-0,01804018,-0,03321406,-0,03175562,0,9987807,0,9980469
63750,9,999999,0,-0,01707359,-0,006223221,-0,03290379,0,9992933,0,9980469,-0,01804397,-0,03321199,-0,03164145,0,9987843,0,9980469
63763,9,999999,0,-0,02028358,-0,008026636,-0,03276794,0,999225,0,9980469,-0,02123288,-0,03500847,-0,03160631,0,9986614,0,9980469
63777,9,999999,0,-0,02028177,-0,008031241,-0,03299488,0,9992176,0,9980469,-0,02122402,-0,03501385,-0,03185928,0,9986534,0,9980469
63791,9,999999,0,-0,01894692,-0,007919668,-0,03292904,0,9992467,0,9980469,-0,0198804,-0,0349041,-0,03178207,0,9986874,0,9980469
63805,9,999999,0,-0,01894865,-0,007915531,-0,03271063,0,999254,0,9980469,-0,01988693,-0,03490038,-0,03159502,0,9986933,0,9980469
63819,9,999999,0,-0,01780251,-0,008129465,-0,03249404,0,9992805,0,9980469,-0,01874238,-0,03511496,-0,03138454,0,9987146,0,9980469
63833,9,999999,0,-0,01780371,-0,00812683,-0,03234613,0,9992852,0,9980469,-0,01874655,-0,03511273,-0,03126572,0,9987183,0,9980469
63847,9,999999,0,-0,01780365,-0,008126971,-0,03235416,0,9992849,0,9980469,-0,01874549,-0,0351133,-0,03129576,0,9987174,0,9980469
63861,9,999999,0,-0,01691706,-0,007159325,-0,03230284,0,9993094,0,9980469,-0,0178459,-0,03415087,-0,03124028,0,998769,0,9980469
63874,9,999999,0,-0,01691776,-0,00715767,-0,03220536,0,9993125,0,9980469,-0,01784858,-0,03414946,-0,03116154,0,9987714,0,9980469
63888,9,999999,0,-0,01866534,-0,006469728,-0,03206474,0,9992906,0,9980469,-0,01958009,-0,0334648,-0,03108403,0,9987646,0,9980469
63902,9,999999,0,-0,0186661,-0,006467504,-0,03194563,0,9992943,0,9980469,-0,01958365,-0,03346271,-0,03097765,0,9987678,0,9980469
63917,9,999999,0,-0,01866641,-0,006466649,-0,03189982,0,9992959,0,9980469,-0,01958464,-0,03346213,-0,03094808,0,9987688,0,9980469
63930,9,999999,0,-0,01824822,-0,006579163,-0,03193932,0,9993016,0,9980469,-0,01915075,-0,03357536,-0,03099004,0,998772,0,9980469
63944,9,999999,0,-0,018247,-0,00658252,-0,03212322,0,9992956,0,9980469,-0,01914413,-0,03357912,-0,03118649,0,9987659,0,9980469
63958,9,999999,0,-0,01775531,-0,006680055,-0,03219928,0,9993014,0,9980469,-0,0186409,-0,03367718,-0,03126109,0,9987698,0,9980469
63972,9,999999,0,-0,0177548,-0,006681441,-0,03227726,0,999299,0,9980469,-0,01863788,-0,03367887,-0,0313505,0,9987671,0,9980469
63986,9,999999,0,-0,01775447,-0,006682321,-0,0323269,0,9992974,0,9980469,-0,01863594,-0,03367995,-0,03140821,0,9987653,0,9980469
64000,9,999999,0,-0,01715143,-0,006941593,-0,03237449,0,9993046,0,9980469,-0,01803655,-0,03393847,-0,03144816,0,9987662,0,9980469
64014,9,999999,0,-0,01715221,-0,00693968,-0,0322629,0,9993082,0,9980469,-0,01803989,-0,03393669,-0,03134969,0,9987693,0,9980469
64028,9,999999,0,-0,01839563,-0,005448089,-0,03219491,0,9992975,0,9980469,-0,0192877,-0,03245058,-0,03132885,0,9987962,0,9980469
64042,9,999999,0,-0,01839671,-0,005444464,-0,03199795,0,9993039,0,9980469,-0,01929399,-0,03244683,-0,03113516,0,9988021,0,9980469
64056,9,999999,0,-0,01796638,-0,0069398,-0,03173857,0,9993107,0,9980469,-0,01886773,-0,0339366,-0,03086087,0,9987693,0,9980469
64069,9,999999,0,-0,01796663,-0,006939153,-0,03170263,0,9993119,0,9980469,-0,0188689,-0,03393596,-0,03082645,0,9987704,0,9980469
64083,9,999999,0,-0,01796654,-0,006939383,-0,03171532,0,9993114,0,9980469,-0,0188685,-0,03393617,-0,0308383,0,9987699,0,9980469
64097,9,999999,0,-0,01774651,-0,007914598,-0,03177164,0,9993063,0,9980469,-0,01863359,-0,03490812,-0,03088232,0,9987394,0,9980469
64111,9,999999,0,-0,01774636,-0,007914954,-0,03179152,0,9993058,0,9980469,-0,01863315,-0,03490838,-0,03089496,0,9987391,0,9980469
64125,9,999999,0,-0,0182458,-0,01006734,-0,03178089,0,9992776,0,9980469,-0,01912498,-0,03705197,-0,0308811,0,9986529,0,9980469
64139,9,999999,0,-0,01824655,-0,01006599,-0,0317065,0,99928,0,9980469,-0,01912874,-0,03705005,-0,03078012,0,9986562,0,9980469
64153,9,999999,0,-0,01954199,-0,009821609,-0,03162713,0,9992605,0,9980469,-0,02042284,-0,03680619,-0,03070639,0,9986418,0,9980469
64167,9,999999,0,-0,01954027,-0,009825015,-0,03180146,0,9992549,0,9980469,-0,02041699,-0,03680943,-0,03086513,0,9986369,0,9980469
64181,9,999999,0,-0,01953759,-0,009830331,-0,03207352,0,9992462,0,9980469,-0,02040733,-0,03681477,-0,03112683,0,9986288,0,9980469
64195,9,999999,0,-0,01920574,-0,009852896,-0,03206499,0,9992526,0,9980469,-0,02007773,-0,03683696,-0,03109505,0,9986356,0,9980469
64209,9,999999,0,-0,01920815,-0,009848199,-0,03182045,0,9992605,0,9980469,-0,02008723,-0,03683178,-0,03083754,0,9986436,0,9980469
64223,9,999999,0,-0,01926262,-0,008059629,-0,03183839,0,9992749,0,9980469,-0,02015169,-0,0350495,-0,03085066,0,998706,0,9980469
64236,9,999999,0,-0,01926414,-0,008056023,-0,03165115,0,9992809,0,9980469,-0,02015829,-0,03504572,-0,03066271,0,9987119,0,9980469
64251,9,999999,0,-0,01926501,-0,008053937,-0,03154298,0,9992844,0,9980469,-0,02016231,-0,03504342,-0,03054818,0,9987153,0,9980469
64265,9,999999,0,-0,0185148,-0,006961293,-0,03156586,0,999306,0,9980469,-0,01941196,-0,0339541,-0,03054653,0,9987679,0,9980469
64278,9,999999,0,-0,01851522,-0,006960198,-0,03150644,0,9993079,0,9980469,-0,01941416,-0,03395286,-0,03048192,0,9987699,0,9980469
64292,9,999999,0,-0,01882246,-0,00675154,-0,03156405,0,9993019,0,9980469,-0,01970907,-0,03374453,-0,03053825,0,9987695,0,9980469
64306,9,999999,0,-0,01882151,-0,006754174,-0,03170399,0,9992973,0,9980469,-0,0197047,-0,03374706,-0,03066721,0,9987655,0,9980469
64320,9,999999,0,-0,01923943,-0,009749259,-0,03177567,0,9992623,0,9980469,-0,02011463,-0,03673047,-0,03072842,0,9986501,0,9980469
64334,9,999999,0,-0,01923905,-0,009750042,-0,03181615,0,9992611,0,9980469,-0,02011361,-0,03673106,-0,0307566,0,9986493,0,9980469
64348,9,999999,0,-0,01923843,-0,009751259,-0,03187935,0,9992591,0,9980469,-0,02011183,-0,03673203,-0,03080478,0,9986477,0,9980469
64362,9,999999,0,-0,02021093,-0,01038921,-0,03166285,0,9992403,0,9980469,-0,02109423,-0,03736791,-0,03059627,0,9986104,0,9980469
64376,9,999999,0,-0,02021359,-0,010384,-0,03140531,0,9992484,0,9980469,-0,02110458,-0,03736204,-0,03031938,0,9986188,0,9980469
64390,9,999999,0,-0,02083764,-0,01075126,-0,03115556,0,9992394,0,9980469,-0,02173674,-0,03772806,-0,03006217,0,9985992,0,9980469
64404,9,999999,0,-0,02083854,-0,01074953,-0,03107232,0,9992421,0,9980469,-0,0217404,-0,03772597,-0,02996551,0,9986022,0,9980469
64418,9,999999,0,-0,02083615,-0,01075417,-0,0312946,0,9992352,0,9980469,-0,02173254,-0,03773051,-0,03017369,0,998596,0,9980469
64431,9,999999,0,-0,01814055,-0,0109864,-0,03135964,0,9992833,0,9980469,-0,01903229,-0,03796288,-0,03015358,0,9986428,0,9980469
64445,9,999999,0,-0,01813988,-0,01098749,-0,03142015,0,9992813,0,9980469,-0,01903082,-0,03796359,-0,03019197,0,9986416,0,9980469
64459,9,999999,0,-0,01880533,-0,009715033,-0,03138282,0,9992834,0,9980469,-0,01969479,-0,03669623,-0,03015713,0,9986772,0,9980469
64473,9,999999,0,-0,01880484,-0,009715961,-0,03143236,0,9992818,0,9980469,-0,01969371,-0,0366968,-0,0301864,0,9986763,0,9980469
64487,9,999999,0,-0,019142,-0,009857655,-0,03151382,0,9992715,0,9980469,-0,02003074,-0,03683798,-0,03025887,0,9986622,0,9980469
64501,9,999999,0,-0,01914255,-0,0098566,-0,0314586,0,9992733,0,9980469,-0,02003327,-0,03683662,-0,03019064,0,9986643,0,9980469
64515,9,999999,0,-0,01914424,-0,00985331,-0,03128702,0,9992785,0,9980469,-0,02004007,-0,03683289,-0,03000593,0,9986697,0,9980469
64529,9,999999,0,-0,01840498,-0,02380922,-0,03043692,0,9990837,0,9980469,-0,01932887,-0,05071872,-0,02909932,0,9981019,0,9980469
64543,9,999999,0,-0,01840604,-0,02380841,-0,03039204,0,999085,0,9980469,-0,01933248,-0,05071735,-0,02902823,0,998104,0,9980469
64557,9,999999,0,-0,01899602,-0,02378517,-0,03037827,0,9990749,0,9980469,-0,01991542,-0,05069363,-0,02900187,0,9980944,0,9980469
64571,9,999999,0,-0,01899332,-0,02378731,-0,0304914,0,9990714,0,9980469,-0,01991102,-0,05069532,-0,02908841,0,9980919,0,9980469
64585,9,999999,0,-0,01898842,-0,02379123,-0,03069699,0,9990651,0,9980469,-0,01990192,-0,05069891,-0,02926771,0,9980867,0,9980469
64599,9,999999,0,-0,01989309,-0,02223751,-0,03109515,0,9990711,0,9980469,-0,02078934,-0,04915291,-0,02965843,0,9981344,0,9980469
64612,9,999999,0,-0,01988938,-0,02224081,-0,03126151,0,9990659,0,9980469,-0,02078278,-0,04915568,-0,02979164,0,9981305,0,9980469
64627,9,999999,0,-0,01626338,-0,02147448,-0,03142852,0,9991429,0,9980469,-0,01718683,-0,04839394,-0,02983074,0,9982349,0,9980469
64640,9,999999,0,-0,01626115,-0,02147616,-0,03153224,0,9991397,0,9980469,-0,01718312,-0,04839526,-0,02990732,0,9982325,0,9980469
64654,9,999999,0,-0,01726987,-0,01234922,-0,03217702,0,9992568,0,9980469,-0,01819388,-0,0393117,-0,03057021,0,9985936,0,9980469
64668,9,999999,0,-0,01726866,-0,01235092,-0,03227513,0,9992536,0,9980469,-0,01819108,-0,039313,-0,03064122,0,9985915,0,9980469
64682,9,999999,0,-0,01726926,-0,01235007,-0,03222645,0,9992551,0,9980469,-0,01819399,-0,03931163,-0,03056721,0,9985937,0,9980469
64696,9,999999,0,-0,01870164,-0,004450805,-0,03263434,0,9992825,0,9980469,-0,01963184,-0,0314403,-0,03099866,0,9988319,0,9980469
64710,9,999999,0,-0,01870172,-0,004450468,-0,0326161,0,9992832,0,9980469,-0,01963321,-0,03143946,-0,03095565,0,9988333,0,9980469
64724,9,999999,0,-0,0198502,-0,004092357,-0,0327755,0,9992572,0,9980469,-0,02078366,-0,03108035,-0,03112674,0,998816,0,9980469
64738,9,999999,0,-0,01984993,-0,004093686,-0,0328425,0,9992551,0,9980469,-0,02078202,-0,03108143,-0,03117945,0,9988143,0,9980469
64752,9,999999,0,-0,0209414,-0,005111544,-0,03278643,0,9992299,0,9980469,-0,02187782,-0,03209369,-0,03113803,0,9987603,0,9980469
64766,9,999999,0,-0,02094141,-0,005111472,-0,03278304,0,99923,0,9980469,-0,02187811,-0,03209349,-0,03112897,0,9987604,0,9980469
64780,9,999999,0,-0,02094061,-0,005114767,-0,03294019,0,9992248,0,9980469,-0,02187337,-0,03209671,-0,03127638,0,9987559,0,9980469
64794,9,999999,0,-0,02117013,-0,005489001,-0,03305596,0,9992142,0,9980469,-0,02210621,-0,0324681,-0,03137827,0,9987355,0,9980469
64807,9,999999,0,-0,02116896,-0,005493535,-0,03326992,0,9992071,0,9980469,-0,02209949,-0,03247267,-0,03158488,0,9987289,0,9980469
64821,9,999999,0,-0,01986938,-0,00821629,-0,03359109,0,9992043,0,9980469,-0,02080787,-0,03518497,-0,03186992,0,9986557,0,9980469
64835,9,999999,0,-0,01986772,-0,008220322,-0,03379381,0,9991975,0,9980469,-0,02080081,-0,03518916,-0,03207032,0,9986494,0,9980469
64850,9,999999,0,-0,01986859,-0,008218201,-0,03368711,0,9992011,0,9980469,-0,02080526,-0,03518651,-0,0319442,0,9986534,0,9980469
64863,9,999999,0,-0,02018228,-0,006569542,-0,0336638,0,9992078,0,9980469,-0,02114611,-0,03354266,-0,0319201,0,9987035,0,9980469
64877,9,999999,0,-0,02018291,-0,00656766,-0,03357053,0,9992111,0,9980469,-0,02114964,-0,03354045,-0,03181507,0,998707,0,9980469
64891,9,999999,0,-0,02131512,-0,006597006,-0,03366233,0,9991843,0,9980469,-0,02228982,-0,0335687,-0,03193364,0,9986776,0,9980469
64905,9,999999,0,-0,02131512,-0,006596924,-0,03365846,0,9991843,0,9980469,-0,02229001,-0,03356855,-0,03192788,0,9986777,0,9980469
64919,9,999999,0,-0,02169467,-0,006374162,-0,03375621,0,9991743,0,9980469,-0,0226677,-0,03334671,-0,03203242,0,9986732,0,9980469
64933,9,999999,0,-0,02169463,-0,006374288,-0,03376207,0,9991741,0,9980469,-0,02266766,-0,03334673,-0,0320336,0,9986732,0,9980469
64947,9,999999,0,-0,02169453,-0,00637463,-0,03377782,0,9991736,0,9980469,-0,02266745,-0,0333469,-0,03204035,0,998673,0,9980469
64961,9,999999,0,-0,02073535,-0,006529664,-0,03367593,0,9991965,0,9980469,-0,02171865,-0,03350179,-0,03189906,0,9986934,0,9980469
64975,9,999999,0,-0,020735,-0,006530805,-0,03373087,0,9991946,0,9980469,-0,02171714,-0,03350278,-0,03194414,0,998692,0,9980469
64989,9,999999,0,-0,02108296,-0,006523253,-0,03376282,0,9991862,0,9980469,-0,02206507,-0,0334948,-0,03197609,0,9986835,0,9980469
65002,9,999999,0,-0,02108254,-0,006524572,-0,03382546,0,9991841,0,9980469,-0,02206297,-0,03349617,-0,03203876,0,9986815,0,9980469
65016,9,999999,0,-0,02108278,-0,006523809,-0,03378934,0,9991854,0,9980469,-0,0220643,-0,03349529,-0,03199872,0,9986827,0,9980469
65030,9,999999,0,-0,04685751,-0,001955593,-0,03394265,0,9983228,0,9980469,-0,04775353,-0,02895296,-0,03284602,0,9978991,0,9980469
65044,9,999999,0,-0,04685754,-0,001954215,-0,03391325,0,9983237,0,9980469,-0,04775495,-0,02895056,-0,03279611,0,9979007,0,9980469
65058,9,999999,0,-0,05552328,-0,001639988,-0,03413259,0,9978725,0,9980469,-0,05638479,-0,02865209,-0,03323304,0,9974446,0,9980469
65072,9,999999,0,-0,05552271,-0,001658281,-0,03446133,0,9978613,0,9980469,-0,05637598,-0,0286694,-0,03353916,0,9974343,0,9980469
65086,9,999999,0,-0,06855689,-0,001436519,-0,0342801,0,9970571,0,9980469,-0,06937779,-0,02848129,-0,03369397,0,9966145,0,9980469
65100,9,999999,0,-0,06855732,-0,001416169,-0,0339841,0,9970672,0,9980469,-0,06938636,-0,02846042,-0,03339429,0,9966245,0,9980469
65114,9,999999,0,-0,06855758,-0,001403616,-0,03380156,0,9970735,0,9980469,-0,06939144,-0,02844794,-0,03321499,0,9966305,0,9980469
65128,0,0,-0,07087592,-0,001242125,-0,0337923,0,9969119,0,9980469,-0,0717048,-0,02829499,-0,03328016,0,996469,0,9980469
65142,0,0,-0,07087592,-0,001241047,-0,03377712,0,9969124,0,9980469,-0,07170492,-0,02829457,-0,03327467,0,9964691,0,9980469
65156,0,0,-0,075507,-0,000818464,-0,03370126,0,9965752,0,9980469,-0,07631253,-0,0278902,-0,03333547,0,9961362,0,9980469
65169,0,0,-0,07550705,-0,000815616,-0,03366368,0,9965765,0,9980469,-0,07631366,-0,02788732,-0,0332978,0,9961376,0,9980469
65183,0,0,-0,07550699,-0,0008216985,-0,03374392,0,9965737,0,9980469,-0,07631155,-0,02789298,-0,03337157,0,996135,0,9980469
65197,0,0,-0,07529812,0,0001749452,-0,03387753,0,9965854,0,9980469,-0,07609643,-0,02689812,-0,03349334,0,9961747,0,9980469
65211,0,0,-0,07529815,0,0001608031,-0,03406473,0,9965791,0,9980469,-0,0760915,-0,02691215,-0,03367685,0,9961685,0,9980469
65225,0,0,-0,0746601,7,810537E-05,-0,034186,0,9966229,0,9980469,-0,07545409,-0,02699267,-0,03378395,0,9962112,0,9980469
65239,0,0,-0,07466011,7,396284E-05,-0,03424129,0,996621,0,9980469,-0,07545218,-0,02699797,-0,03385402,0,9962088,0,9980469
65253,0,0,-0,07459026,0,001285721,-0,03414588,0,9966287,0,9980469,-0,07540159,-0,02579197,-0,03379225,0,9962468,0,9980469
65267,0,0,-0,07459018,0,00129015,-0,03408672,0,9966308,0,9980469,-0,0754021,-0,0257904,-0,03377157,0,9962474,0,9980469
65281,0,0,-0,07458995,0,001305676,-0,03387926,0,9966378,0,9980469,-0,07540648,-0,0257777,-0,03360374,0,9962531,0,9980469
65295,0,0,-0,07419682,0,002578038,-0,03373459,0,9966695,0,9980469,-0,07502639,-0,02451042,-0,03349288,0,9963176,0,9980469
65309,0,0,-0,07419641,0,00259086,-0,03356241,0,9966754,0,9980469,-0,07502998,-0,02449946,-0,03334726,0,9963225,0,9980469
65323,0,0,-0,07454073,0,002615154,-0,03342736,0,9966541,0,9980469,-0,07536462,-0,02447793,-0,03323678,0,9963014,0,9980469
65336,0,0,-0,07454023,0,002629721,-0,03323258,0,9966606,0,9980469,-0,07536925,-0,02446368,-0,03304842,0,9963077,0,9980469
65350,0,0,-0,07453986,0,002640317,-0,03309094,0,9966654,0,9980469,-0,07537261,-0,02445325,-0,03291072,0,9963122,0,9980469
65364,0,0,-0,09289292,0,00302257,-0,03291098,0,9951275,0,9980469,-0,09365879,-0,02415909,-0,03323572,0,9947563,0,9980469
65378,0,0,-0,09289286,0,003024303,-0,03289241,0,9951281,0,9980469,-0,09365895,-0,02415835,-0,03322791,0,9947565,0,9980469
65392,0,0,-0,09322882,0,002332253,-0,03290424,0,9950983,0,9980469,-0,09397022,-0,02485431,-0,03327406,0,9947084,0,9980469
65406,0,0,-0,09322891,0,002329103,-0,03293788,0,9950972,0,9980469,-0,09396861,-0,02486053,-0,03333991,0,9947063,0,9980469
65420,0,0,-0,09308377,0,001945617,-0,03299657,0,9951096,0,9980469,-0,0938092,-0,02524626,-0,03342455,0,9947088,0,9980469
65434,0,0,-0,09308372,0,001947131,-0,03298036,0,9951101,0,9980469,-0,09380902,-0,02524688,-0,03343105,0,9947085,0,9980469
65448,0,0,-0,09308385,0,001942078,-0,0330344,0,9951082,0,9980469,-0,09380746,-0,02525258,-0,03349162,0,9947065,0,9980469
65462,0,0,-0,09206989,0,001621531,-0,03314681,0,9951994,0,9980469,-0,09279051,-0,02556627,-0,0335631,0,9947913,0,9980469
