Time_ms,HeadRotX,HeadRotY,HeadRotZ,HeadRotW,LeftLocalRotX,LeftLocalRotY,LeftLocalRotZ,LeftLocalRotW,LeftWorldRotX,LeftWorldRotY,LeftWorldRotZ,LeftWorldRotW,LeftConfidence,RightLocalRotX,RightLocalRotY,RightLocalRotZ,RightLocalRotW,RightWorldRotX,RightWorldRotY,RightWorldRotZ,RightWorldRotW,RightConfidence
0,-0.03860,0.00403,0.01110,-0.99919,-0.05193,-0.02345,0.00122,-0.99837,0.09069,0.01888,-0.01118,0.99564,1.00,-0.05201,0.00373,-0.00019,-0.99864,0.09048,-0.00833,-0.01082,0.99581,1.00
333,-0.03526,0.00470,0.00919,-0.99933,-0.05536,-0.01455,0.00081,-0.99836,0.09066,0.00937,-0.00920,0.99580,1.00,-0.05536,0.01265,-0.00070,-0.99839,0.09041,-0.01786,-0.00866,0.99571,1.00
342,-0.03518,0.00466,0.00913,-0.99933,-0.05708,-0.01411,0.00081,-0.99827,0.09229,0.00896,-0.00916,0.99565,1.00,-0.05708,0.01309,-0.00075,-0.99828,0.09203,-0.01828,-0.00856,0.99555,1.00
352,-0.03515,0.00462,0.00912,-0.99933,-0.05711,-0.01408,0.00081,-0.99827,0.09229,0.00896,-0.00915,0.99565,1.00,-0.05710,0.01313,-0.00075,-0.99828,0.09203,-0.01828,-0.00856,0.99555,1.00
363,-0.03517,0.00459,0.00908,-0.99933,-0.05688,-0.01403,0.00080,-0.99828,0.09208,0.00895,-0.00911,0.99567,1.00,-0.05688,0.01318,-0.00075,-0.99829,0.09183,-0.01830,-0.00852,0.99557,1.00
375,-0.03522,0.00453,0.00907,-0.99933,-0.05582,-0.01399,0.00078,-0.99834,0.09108,0.00898,-0.00909,0.99576,1.00,-0.05582,0.01321,-0.00074,-0.99835,0.09083,-0.01826,-0.00853,0.99566,1.00
386,-0.03523,0.00448,0.00906,-0.99933,-0.05547,-0.01432,0.00080,-0.99836,0.09074,0.00936,-0.00909,0.99579,1.00,-0.05548,0.01288,-0.00072,-0.99838,0.09049,-0.01788,-0.00854,0.99570,1.00
396,-0.03519,0.00440,0.00905,-0.99933,-0.05552,-0.01423,0.00079,-0.99836,0.09074,0.00936,-0.00908,0.99579,1.00,-0.05552,0.01297,-0.00072,-0.99837,0.09049,-0.01788,-0.00853,0.99570,1.00
408,-0.03508,0.00437,0.00909,-0.99933,-0.05559,-0.01536,0.00086,-0.99834,0.09072,0.01051,-0.00915,0.99578,1.00,-0.05560,0.01184,-0.00066,-0.99838,0.09048,-0.01673,-0.00859,0.99572,1.00
419,-0.03497,0.00433,0.00912,-0.99934,-0.05565,-0.01431,0.00080,-0.99835,0.09066,0.00950,-0.00916,0.99579,1.00,-0.05565,0.01289,-0.00072,-0.99837,0.09041,-0.01774,-0.00859,0.99571,1.00
430,-0.03477,0.00421,0.00916,-0.99934,-0.05584,-0.01420,0.00079,-0.99834,0.09066,0.00951,-0.00921,0.99579,1.00,-0.05585,0.01300,-0.00073,-0.99835,0.09041,-0.01773,-0.00864,0.99571,1.00
441,-0.03461,0.00414,0.00916,-0.99935,-0.05611,-0.01323,0.00074,-0.99834,0.09075,0.00860,-0.00920,0.99579,1.00,-0.05611,0.01397,-0.00079,-0.99833,0.09050,-0.01864,-0.00861,0.99569,1.00
452,-0.03448,0.00411,0.00919,-0.99935,-0.05624,-0.01320,0.00074,-0.99833,0.09075,0.00860,-0.00923,0.99579,1.00,-0.05624,0.01400,-0.00079,-0.99832,0.09050,-0.01864,-0.00863,0.99569,1.00
463,-0.03438,0.00400,0.00918,-0.99936,-0.05666,-0.01318,0.00075,-0.99831,0.09106,0.00868,-0.00923,0.99576,1.00,-0.05666,0.01403,-0.00080,-0.99829,0.09081,-0.01856,-0.00863,0.99566,1.00
475,-0.03425,0.00395,0.00922,-0.99936,-0.05659,-0.01350,0.00077,-0.99831,0.09088,0.00905,-0.00929,0.99578,1.00,-0.05659,0.01370,-0.00078,-0.99830,0.09062,-0.01819,-0.00868,0.99568,1.00
485,-0.03412,0.00395,0.00916,-0.99937,-0.05672,-0.01349,0.00077,-0.99830,0.09088,0.00905,-0.00923,0.99578,1.00,-0.05672,0.01371,-0.00078,-0.99830,0.09062,-0.01819,-0.00861,0.99568,1.00
496,-0.03406,0.00384,0.00917,-0.99937,-0.05590,-0.01372,0.00077,-0.99834,0.09000,0.00939,-0.00924,0.99585,1.00,-0.05591,0.01349,-0.00076,-0.99834,0.08975,-0.01785,-0.00865,0.99577,1.00
507,-0.03395,0.00378,0.00916,-0.99937,-0.05584,-0.01374,0.00077,-0.99835,0.08983,0.00947,-0.00923,0.99587,1.00,-0.05584,0.01346,-0.00075,-0.99835,0.08958,-0.01776,-0.00863,0.99578,1.00
519,-0.03384,0.00370,0.00911,-0.99938,-0.05595,-0.01365,0.00077,-0.99834,0.08983,0.00947,-0.00919,0.99587,1.00,-0.05595,0.01355,-0.00076,-0.99834,0.08957,-0.01777,-0.00858,0.99578,1.00
530,-0.03366,0.00368,0.00897,-0.99939,-0.05032,-0.01369,0.00069,-0.99864,0.08403,0.00959,-0.00901,0.99638,1.00,-0.05031,0.01349,-0.00068,-0.99864,0.08377,-0.01762,-0.00855,0.99629,1.00
541,-0.03350,0.00353,0.00884,-0.99939,-0.04093,-0.01572,0.00064,-0.99904,0.07451,0.01184,-0.00880,0.99711,1.00,-0.04093,0.01143,-0.00047,-0.99910,0.07427,-0.01533,-0.00860,0.99708,1.00
552,-0.03337,0.00350,0.00868,-0.99940,-0.01450,-0.01791,0.00026,-0.99973,0.04800,0.01428,-0.00829,0.99871,1.00,-0.01449,0.00917,-0.00013,-0.99985,0.04776,-0.01280,-0.00880,0.99874,1.00
563,-0.03333,0.00342,0.00859,-0.99940,-0.01454,-0.01782,0.00026,-0.99974,0.04800,0.01428,-0.00821,0.99871,1.00,-0.01452,0.00926,-0.00013,-0.99985,0.04776,-0.01280,-0.00872,0.99874,1.00
574,-0.03328,0.00344,0.00845,-0.99940,-0.01438,-0.01636,0.00024,-0.99976,0.04779,0.01279,-0.00809,0.99874,1.00,-0.01436,0.01073,-0.00015,-0.99984,0.04754,-0.01429,-0.00860,0.99873,1.00
585,-0.03328,0.00342,0.00825,-0.99941,-0.01439,-0.01632,0.00023,-0.99976,0.04779,0.01278,-0.00789,0.99874,1.00,-0.01436,0.01076,-0.00015,-0.99984,0.04754,-0.01430,-0.00840,0.99873,1.00
597,-0.03319,0.00343,0.00811,-0.99941,-0.01290,-0.01818,0.00023,-0.99975,0.04622,0.01464,-0.00770,0.99879,1.00,-0.01288,0.00890,-0.00011,-0.99988,0.04598,-0.01243,-0.00825,0.99883,1.00
608,-0.03300,0.00350,0.00796,-0.99942,-0.01298,-0.01863,0.00024,-0.99974,0.04611,0.01502,-0.00754,0.99880,1.00,-0.01295,0.00845,-0.00011,-0.99988,0.04588,-0.01205,-0.00809,0.99884,1.00
619,-0.03281,0.00355,0.00801,-0.99942,-0.01317,-0.01868,0.00025,-0.99974,0.04611,0.01503,-0.00760,0.99879,1.00,-0.01315,0.00840,-0.00011,-0.99988,0.04588,-0.01205,-0.00813,0.99884,1.00
630,-0.03248,0.00369,0.00796,-0.99943,-0.01308,-0.01886,0.00025,-0.99974,0.04570,0.01506,-0.00754,0.99881,1.00,-0.01307,0.00823,-0.00011,-0.99988,0.04547,-0.01202,-0.00807,0.99886,1.00
642,-0.03209,0.00380,0.00805,-0.99945,-0.01327,-0.01893,0.00025,-0.99973,0.04551,0.01503,-0.00764,0.99882,1.00,-0.01328,0.00815,-0.00011,-0.99988,0.04529,-0.01205,-0.00815,0.99887,1.00
652,-0.03175,0.00391,0.00807,-0.99946,-0.01331,-0.01884,0.00025,-0.99973,0.04520,0.01481,-0.00767,0.99884,1.00,-0.01332,0.00825,-0.00011,-0.99988,0.04499,-0.01227,-0.00817,0.99888,1.00
663,-0.03146,0.00395,0.00809,-0.99946,-0.01361,-0.01888,0.00026,-0.99973,0.04520,0.01481,-0.00769,0.99884,1.00,-0.01362,0.00820,-0.00011,-0.99987,0.04499,-0.01227,-0.00818,0.99888,1.00
675,-0.03110,0.00401,0.00811,-0.99948,-0.01561,-0.01956,0.00031,-0.99969,0.04685,0.01543,-0.00774,0.99875,1.00,-0.01562,0.00752,-0.00012,-0.99985,0.04665,-0.01166,-0.00816,0.99881,1.00
686,-0.03082,0.00404,0.00802,-0.99948,-0.01589,-0.01959,0.00031,-0.99968,0.04685,0.01542,-0.00766,0.99875,1.00,-0.01590,0.00749,-0.00012,-0.99985,0.04665,-0.01166,-0.00807,0.99881,1.00
698,-0.03054,0.00397,0.00805,-0.99949,-0.01573,-0.02018,0.00032,-0.99967,0.04641,0.01608,-0.00768,0.99876,1.00,-0.01574,0.00691,-0.00011,-0.99985,0.04621,-0.01100,-0.00809,0.99884,1.00
708,-0.03031,0.00397,0.00802,-0.99950,-0.01836,-0.02008,0.00037,-0.99963,0.04882,0.01597,-0.00770,0.99865,1.00,-0.01837,0.00701,-0.00013,-0.99981,0.04862,-0.01112,-0.00802,0.99872,1.00
719,-0.03002,0.00391,0.00798,-0.99951,-0.01866,-0.02003,0.00037,-0.99963,0.04882,0.01597,-0.00767,0.99865,1.00,-0.01867,0.00706,-0.00013,-0.99980,0.04862,-0.01112,-0.00798,0.99872,1.00
730,-0.02973,0.00387,0.00785,-0.99952,-0.01942,-0.01945,0.00038,-0.99962,0.04929,0.01544,-0.00757,0.99864,1.00,-0.01942,0.00763,-0.00015,-0.99978,0.04908,-0.01165,-0.00785,0.99870,1.00
742,-0.02935,0.00376,0.00789,-0.99953,-0.01847,-0.01936,0.00036,-0.99964,0.04795,0.01546,-0.00761,0.99870,1.00,-0.01848,0.00773,-0.00014,-0.99980,0.04775,-0.01163,-0.00790,0.99876,1.00
752,-0.02885,0.00373,0.00789,-0.99955,-0.01897,-0.01934,0.00037,-0.99963,0.04795,0.01546,-0.00763,0.99870,1.00,-0.01898,0.00775,-0.00015,-0.99979,0.04775,-0.01163,-0.00790,0.99876,1.00
764,-0.02836,0.00366,0.00793,-0.99956,-0.01978,-0.02033,0.00040,-0.99960,0.04828,0.01652,-0.00768,0.99867,1.00,-0.01979,0.00676,-0.00013,-0.99978,0.04808,-0.01057,-0.00791,0.99876,1.00
775,-0.02792,0.00380,0.00783,-0.99957,-0.01970,-0.02078,0.00041,-0.99959,0.04776,0.01683,-0.00758,0.99869,1.00,-0.01971,0.00631,-0.00012,-0.99979,0.04756,-0.01026,-0.00780,0.99879,1.00
785,-0.02752,0.00383,0.00765,-0.99958,-0.02010,-0.02080,0.00042,-0.99958,0.04776,0.01682,-0.00742,0.99869,1.00,-0.02010,0.00629,-0.00013,-0.99978,0.04756,-0.01027,-0.00762,0.99879,1.00
798,-0.02706,0.00391,0.00759,-0.99960,-0.02009,-0.02093,0.00042,-0.99958,0.04729,0.01687,-0.00736,0.99871,1.00,-0.02009,0.00616,-0.00012,-0.99978,0.04709,-0.01023,-0.00755,0.99881,1.00
808,-0.02665,0.00398,0.00752,-0.99961,-0.02150,-0.02211,0.00048,-0.99952,0.04830,0.01797,-0.00732,0.99864,1.00,-0.02151,0.00498,-0.00011,-0.99976,0.04810,-0.00913,-0.00746,0.99877,1.00
819,-0.02624,0.00406,0.00738,-0.99962,-0.02203,-0.02213,0.00049,-0.99951,0.04842,0.01792,-0.00719,0.99864,1.00,-0.02204,0.00496,-0.00011,-0.99975,0.04823,-0.00918,-0.00731,0.99877,1.00
830,-0.02593,0.00427,0.00727,-0.99963,-0.02235,-0.02234,0.00050,-0.99950,0.04842,0.01791,-0.00709,0.99864,1.00,-0.02235,0.00476,-0.00011,-0.99974,0.04823,-0.00918,-0.00719,0.99877,1.00
841,-0.02582,0.00442,0.00731,-0.99963,-0.02239,-0.02189,0.00049,-0.99951,0.04835,0.01731,-0.00713,0.99866,1.00,-0.02239,0.00520,-0.00012,-0.99974,0.04816,-0.00978,-0.00723,0.99877,1.00
852,-0.02573,0.00451,0.00742,-0.99963,-0.02141,-0.02092,0.00045,-0.99955,0.04728,0.01627,-0.00723,0.99872,1.00,-0.02143,0.00617,-0.00013,-0.99975,0.04710,-0.01083,-0.00735,0.99880,1.00
864,-0.02579,0.00460,0.00758,-0.99963,-0.02135,-0.02103,0.00045,-0.99955,0.04728,0.01627,-0.00738,0.99872,1.00,-0.02137,0.00606,-0.00013,-0.99975,0.04710,-0.01082,-0.00751,0.99880,1.00
875,-0.02585,0.00471,0.00760,-0.99963,-0.02140,-0.02097,0.00045,-0.99955,0.04739,0.01610,-0.00741,0.99872,1.00,-0.02143,0.00612,-0.00013,-0.99975,0.04722,-0.01100,-0.00753,0.99880,1.00
886,-0.02590,0.00479,0.00756,-0.99962,-0.02256,-0.02151,0.00049,-0.99951,0.04861,0.01656,-0.00738,0.99865,1.00,-0.02259,0.00558,-0.00013,-0.99973,0.04843,-0.01054,-0.00747,0.99874,1.00
898,-0.02603,0.00483,0.00741,-0.99962,-0.02244,-0.02154,0.00048,-0.99952,0.04861,0.01655,-0.00722,0.99865,1.00,-0.02246,0.00555,-0.00012,-0.99973,0.04843,-0.01055,-0.00732,0.99874,1.00
909,-0.02614,0.00480,0.00720,-0.99962,-0.02228,-0.02135,0.00048,-0.99952,0.04856,0.01639,-0.00701,0.99866,1.00,-0.02229,0.00574,-0.00013,-0.99974,0.04837,-0.01071,-0.00712,0.99875,1.00
920,-0.02618,0.00480,0.00689,-0.99962,-0.02226,-0.02132,0.00047,-0.99952,0.04856,0.01638,-0.00670,0.99866,1.00,-0.02225,0.00577,-0.00013,-0.99974,0.04837,-0.01072,-0.00680,0.99875,1.00
932,-0.02615,0.00478,0.00677,-0.99962,-0.02270,-0.02155,0.00049,-0.99951,0.04897,0.01662,-0.00658,0.99864,1.00,-0.02269,0.00554,-0.00013,-0.99973,0.04878,-0.01048,-0.00668,0.99873,1.00
943,-0.02609,0.00480,0.00671,-0.99963,-0.02195,-0.02017,0.00044,-0.99956,0.04815,0.01523,-0.00652,0.99870,1.00,-0.02194,0.00692,-0.00015,-0.99974,0.04796,-0.01187,-0.00663,0.99876,1.00
953,-0.02613,0.00486,0.00661,-0.99963,-0.02194,-0.02172,0.00048,-0.99952,0.04819,0.01672,-0.00641,0.99868,1.00,-0.02194,0.00537,-0.00012,-0.99975,0.04801,-0.01038,-0.00652,0.99877,1.00
965,-0.02619,0.00499,0.00655,-0.99962,-0.02187,-0.02185,0.00048,-0.99952,0.04819,0.01672,-0.00634,0.99868,1.00,-0.02187,0.00524,-0.00011,-0.99975,0.04801,-0.01038,-0.00646,0.99877,1.00
976,-0.02625,0.00517,0.00644,-0.99962,-0.02183,-0.02199,0.00048,-0.99952,0.04820,0.01669,-0.00623,0.99868,1.00,-0.02183,0.00510,-0.00011,-0.99975,0.04803,-0.01041,-0.00635,0.99877,1.00
987,-0.02625,0.00538,0.00631,-0.99962,-0.02248,-0.02242,0.00050,-0.99950,0.04885,0.01691,-0.00610,0.99864,1.00,-0.02248,0.00467,-0.00010,-0.99974,0.04869,-0.01019,-0.00620,0.99874,1.00
998,-0.02621,0.00556,0.00628,-0.99962,-0.02252,-0.02260,0.00051,-0.99949,0.04885,0.01691,-0.00607,0.99864,1.00,-0.02253,0.00449,-0.00010,-0.99974,0.04869,-0.01019,-0.00617,0.99874,1.00
1009,-0.02606,0.00569,0.00639,-0.99962,-0.02391,-0.02259,0.00054,-0.99946,0.05009,0.01675,-0.00620,0.99858,1.00,-0.02393,0.00451,-0.00011,-0.99970,0.04994,-0.01035,-0.00626,0.99868,1.00
1020,-0.02575,0.00586,0.00647,-0.99963,-0.02440,-0.02228,0.00054,-0.99945,0.05028,0.01627,-0.00629,0.99858,1.00,-0.02443,0.00482,-0.00012,-0.99969,0.05013,-0.01083,-0.00633,0.99866,1.00
1031,-0.02549,0.00595,0.00654,-0.99964,-0.02466,-0.02238,0.00055,-0.99945,0.05028,0.01628,-0.00638,0.99858,1.00,-0.02469,0.00472,-0.00012,-0.99968,0.05014,-0.01083,-0.00640,0.99866,1.00
1042,-0.02513,0.00603,0.00651,-0.99964,-0.02490,-0.02223,0.00055,-0.99944,0.05015,0.01606,-0.00635,0.99859,1.00,-0.02493,0.00486,-0.00012,-0.99968,0.05001,-0.01105,-0.00636,0.99867,1.00
1053,-0.02487,0.00609,0.00646,-0.99965,-0.02490,-0.02220,0.00055,-0.99944,0.04989,0.01597,-0.00631,0.99861,1.00,-0.02492,0.00489,-0.00012,-0.99968,0.04975,-0.01114,-0.00631,0.99868,1.00
1065,-0.02462,0.00598,0.00645,-0.99966,-0.02515,-0.02210,0.00056,-0.99944,0.04989,0.01597,-0.00630,0.99861,1.00,-0.02518,0.00500,-0.00013,-0.99967,0.04975,-0.01114,-0.00629,0.99868,1.00
1076,-0.02451,0.00585,0.00648,-0.99966,-0.02301,-0.02391,0.00055,-0.99945,0.04766,0.01792,-0.00630,0.99868,1.00,-0.02304,0.00318,-0.00007,-0.99973,0.04752,-0.00917,-0.00635,0.99881,1.00
1087,-0.02453,0.00572,0.00651,-0.99966,-0.02327,-0.02372,0.00055,-0.99945,0.04794,0.01786,-0.00634,0.99867,1.00,-0.02331,0.00337,-0.00008,-0.99972,0.04780,-0.00923,-0.00638,0.99879,1.00
1098,-0.02457,0.00545,0.00641,-0.99966,-0.02324,-0.02345,0.00055,-0.99945,0.04794,0.01786,-0.00625,0.99867,1.00,-0.02327,0.00364,-0.00008,-0.99972,0.04780,-0.00924,-0.00629,0.99879,1.00
1109,-0.02459,0.00519,0.00625,-0.99966,-0.02281,-0.02220,0.00051,-0.99949,0.04752,0.01688,-0.00609,0.99871,1.00,-0.02283,0.00489,-0.00011,-0.99973,0.04737,-0.01022,-0.00614,0.99881,1.00
1121,-0.02471,0.00487,0.00604,-0.99966,-0.02271,-0.02191,0.00050,-0.99950,0.04754,0.01691,-0.00588,0.99871,1.00,-0.02272,0.00518,-0.00012,-0.99973,0.04739,-0.01019,-0.00594,0.99881,1.00
1132,-0.02495,0.00456,0.00589,-0.99966,-0.02249,-0.02159,0.00049,-0.99951,0.04754,0.01690,-0.00573,0.99871,1.00,-0.02248,0.00550,-0.00012,-0.99973,0.04739,-0.01019,-0.00580,0.99881,1.00
1143,-0.02522,0.00430,0.00562,-0.99966,-0.02276,-0.02094,0.00048,-0.99952,0.04807,0.01652,-0.00547,0.99869,1.00,-0.02274,0.00616,-0.00014,-0.99972,0.04791,-0.01058,-0.00553,0.99878,1.00
1155,-0.02531,0.00408,0.00538,-0.99966,-0.02402,-0.02109,0.00051,-0.99949,0.04942,0.01688,-0.00525,0.99862,1.00,-0.02401,0.00601,-0.00014,-0.99969,0.04927,-0.01022,-0.00529,0.99872,1.00
1166,-0.02526,0.00396,0.00519,-0.99966,-0.02408,-0.02095,0.00050,-0.99949,0.04942,0.01687,-0.00506,0.99862,1.00,-0.02406,0.00614,-0.00015,-0.99969,0.04926,-0.01023,-0.00510,0.99872,1.00
1176,-0.02501,0.00395,0.00505,-0.99967,-0.02357,-0.02129,0.00050,-0.99950,0.04867,0.01723,-0.00492,0.99865,1.00,-0.02355,0.00581,-0.00014,-0.99971,0.04852,-0.00987,-0.00496,0.99876,1.00
1187,-0.02473,0.00398,0.00495,-0.99967,-0.02401,-0.02194,0.00053,-0.99947,0.04883,0.01785,-0.00484,0.99864,1.00,-0.02400,0.00516,-0.00012,-0.99970,0.04869,-0.00926,-0.00486,0.99876,1.00
1198,-0.02447,0.00414,0.00502,-0.99968,-0.02427,-0.02210,0.00054,-0.99946,0.04882,0.01785,-0.00492,0.99864,1.00,-0.02427,0.00499,-0.00012,-0.99969,0.04869,-0.00925,-0.00492,0.99876,1.00
1210,-0.02431,0.00432,0.00515,-0.99968,-0.02425,-0.02249,0.00055,-0.99945,0.04866,0.01806,-0.00504,0.99864,1.00,-0.02427,0.00460,-0.00011,-0.99969,0.04855,-0.00905,-0.00504,0.99877,1.00
1221,-0.02433,0.00446,0.00533,-0.99968,-0.02299,-0.02268,0.00052,-0.99948,0.04742,0.01811,-0.00519,0.99870,1.00,-0.02302,0.00441,-0.00010,-0.99973,0.04732,-0.00899,-0.00523,0.99883,1.00
1233,-0.02446,0.00458,0.00552,-0.99968,-0.02285,-0.02281,0.00052,-0.99948,0.04742,0.01812,-0.00538,0.99870,1.00,-0.02289,0.00428,-0.00010,-0.99973,0.04732,-0.00898,-0.00542,0.99882,1.00
1243,-0.02465,0.00466,0.00564,-0.99967,-0.02246,-0.02227,0.00050,-0.99950,0.04721,0.01749,-0.00549,0.99872,1.00,-0.02251,0.00482,-0.00011,-0.99974,0.04711,-0.00961,-0.00555,0.99883,1.00
1254,-0.02494,0.00457,0.00581,-0.99966,-0.02215,-0.02219,0.00049,-0.99951,0.04721,0.01750,-0.00565,0.99872,1.00,-0.02221,0.00490,-0.00011,-0.99974,0.04711,-0.00960,-0.00572,0.99883,1.00
1266,-0.02520,0.00437,0.00596,-0.99966,-0.02264,-0.02185,0.00049,-0.99950,0.04795,0.01735,-0.00581,0.99868,1.00,-0.02270,0.00524,-0.00012,-0.99973,0.04786,-0.00975,-0.00588,0.99879,1.00
1277,-0.02540,0.00405,0.00609,-0.99965,-0.02255,-0.02237,0.00050,-0.99950,0.04807,0.01819,-0.00593,0.99866,1.00,-0.02261,0.00472,-0.00011,-0.99973,0.04797,-0.00891,-0.00601,0.99879,1.00
1288,-0.02547,0.00381,0.00600,-0.99965,-0.02249,-0.02213,0.00050,-0.99950,0.04807,0.01819,-0.00585,0.99866,1.00,-0.02254,0.00496,-0.00011,-0.99973,0.04797,-0.00891,-0.00593,0.99879,1.00
1300,-0.02544,0.00363,0.00581,-0.99965,-0.02341,-0.02197,0.00051,-0.99948,0.04896,0.01821,-0.00568,0.99862,1.00,-0.02345,0.00512,-0.00012,-0.99971,0.04884,-0.00889,-0.00574,0.99875,1.00
1309,-0.02519,0.00338,0.00568,-0.99966,-0.02256,-0.02079,0.00047,-0.99953,0.04785,0.01729,-0.00555,0.99869,1.00,-0.02258,0.00630,-0.00014,-0.99973,0.04772,-0.00981,-0.00562,0.99880,1.00
1321,-0.02481,0.00312,0.00573,-0.99967,-0.02239,-0.01924,0.00043,-0.99956,0.04729,0.01600,-0.00561,0.99874,1.00,-0.02240,0.00785,-0.00018,-0.99972,0.04715,-0.01110,-0.00567,0.99881,1.00
1333,-0.02438,0.00307,0.00582,-0.99968,-0.02281,-0.01921,0.00044,-0.99956,0.04729,0.01600,-0.00572,0.99874,1.00,-0.02283,0.00789,-0.00018,-0.99971,0.04715,-0.01110,-0.00576,0.99881,1.00
1344,-0.02394,0.00293,0.00587,-0.99969,-0.02316,-0.01914,0.00044,-0.99955,0.04720,0.01609,-0.00578,0.99874,1.00,-0.02318,0.00795,-0.00018,-0.99970,0.04706,-0.01102,-0.00580,0.99881,1.00
1355,-0.02360,0.00294,0.00595,-0.99970,-0.02469,-0.01967,0.00049,-0.99950,0.04838,0.01659,-0.00589,0.99867,1.00,-0.02472,0.00743,-0.00018,-0.99967,0.04825,-0.01052,-0.00586,0.99876,1.00
1366,-0.02338,0.00289,0.00596,-0.99970,-0.02490,-0.01962,0.00049,-0.99950,0.04838,0.01659,-0.00592,0.99867,1.00,-0.02493,0.00748,-0.00019,-0.99966,0.04825,-0.01052,-0.00588,0.99876,1.00
1376,-0.02327,0.00283,0.00606,-0.99971,-0.02456,-0.01841,0.00045,-0.99953,0.04792,0.01543,-0.00601,0.99871,1.00,-0.02459,0.00869,-0.00021,-0.99966,0.04779,-0.01167,-0.00597,0.99877,1.00
1388,-0.02323,0.00280,0.00600,-0.99971,-0.02418,-0.01923,0.00047,-0.99952,0.04750,0.01629,-0.00595,0.99872,1.00,-0.02420,0.00787,-0.00019,-0.99968,0.04736,-0.01082,-0.00593,0.99880,1.00
1400,-0.02316,0.00278,0.00607,-0.99971,-0.02424,-0.01921,0.00047,-0.99952,0.04750,0.01629,-0.00603,0.99872,1.00,-0.02427,0.00789,-0.00019,-0.99967,0.04736,-0.01081,-0.00600,0.99880,1.00
1411,-0.02304,0.00276,0.00614,-0.99971,-0.02405,-0.01929,0.00046,-0.99952,0.04719,0.01639,-0.00609,0.99873,1.00,-0.02408,0.00780,-0.00019,-0.99968,0.04705,-0.01071,-0.00606,0.99882,1.00
1421,-0.02295,0.00268,0.00626,-0.99971,-0.02503,-0.01929,0.00048,-0.99950,0.04808,0.01647,-0.00623,0.99869,1.00,-0.02506,0.00780,-0.00020,-0.99966,0.04794,-0.01064,-0.00617,0.99877,1.00
1433,-0.02275,0.00257,0.00644,-0.99972,-0.02522,-0.01920,0.00048,-0.99950,0.04808,0.01648,-0.00642,0.99869,1.00,-0.02526,0.00789,-0.00020,-0.99965,0.04795,-0.01063,-0.00635,0.99877,1.00
1443,-0.02267,0.00239,0.00655,-0.99972,-0.02555,-0.01837,0.00047,-0.99950,0.04832,0.01582,-0.00654,0.99869,1.00,-0.02559,0.00873,-0.00022,-0.99963,0.04819,-0.01129,-0.00646,0.99875,1.00
1454,-0.02252,0.00226,0.00652,-0.99972,-0.02564,-0.01815,0.00047,-0.99951,0.04825,0.01573,-0.00652,0.99869,1.00,-0.02567,0.00895,-0.00023,-0.99963,0.04811,-0.01138,-0.00643,0.99876,1.00
1466,-0.02234,0.00211,0.00634,-0.99973,-0.02582,-0.01799,0.00046,-0.99950,0.04826,0.01572,-0.00635,0.99869,1.00,-0.02584,0.00911,-0.00024,-0.99962,0.04811,-0.01139,-0.00625,0.99876,1.00
1476,-0.02218,0.00197,0.00608,-0.99973,-0.02642,-0.01632,0.00043,-0.99952,0.04869,0.01419,-0.00610,0.99869,1.00,-0.02642,0.01079,-0.00029,-0.99959,0.04852,-0.01292,-0.00598,0.99872,1.00
1488,-0.02199,0.00187,0.00591,-0.99974,-0.02641,-0.01638,0.00043,-0.99952,0.04848,0.01436,-0.00593,0.99870,1.00,-0.02640,0.01072,-0.00028,-0.99959,0.04831,-0.01275,-0.00581,0.99873,1.00
1500,-0.02176,0.00176,0.00591,-0.99974,-0.02664,-0.01627,0.00043,-0.99951,0.04848,0.01436,-0.00594,0.99870,1.00,-0.02662,0.01083,-0.00029,-0.99959,0.04831,-0.01275,-0.00580,0.99873,1.00
1510,-0.02154,0.00178,0.00588,-0.99975,-0.02631,-0.01879,0.00049,-0.99948,0.04794,0.01685,-0.00592,0.99869,1.00,-0.02631,0.00832,-0.00022,-0.99962,0.04778,-0.01026,-0.00579,0.99879,1.00
1521,-0.02146,0.00175,0.00592,-0.99975,-0.02555,-0.01893,0.00048,-0.99949,0.04711,0.01703,-0.00595,0.99873,1.00,-0.02556,0.00817,-0.00021,-0.99964,0.04696,-0.01008,-0.00584,0.99883,1.00
1533,-0.02145,0.00183,0.00592,-0.99975,-0.02556,-0.01901,0.00049,-0.99949,0.04711,0.01703,-0.00595,0.99873,1.00,-0.02557,0.00809,-0.00021,-0.99964,0.04696,-0.01008,-0.00584,0.99883,1.00
1544,-0.02143,0.00181,0.00590,-0.99975,-0.02588,-0.01750,0.00045,-0.99951,0.04739,0.01554,-0.00593,0.99874,1.00,-0.02589,0.00960,-0.00025,-0.99962,0.04724,-0.01157,-0.00581,0.99880,1.00
1555,-0.02148,0.00187,0.00593,-0.99975,-0.02665,-0.01708,0.00046,-0.99950,0.04821,0.01506,-0.00597,0.99871,1.00,-0.02666,0.01002,-0.00027,-0.99959,0.04806,-0.01205,-0.00583,0.99875,1.00
1566,-0.02147,0.00183,0.00605,-0.99975,-0.02666,-0.01705,0.00045,-0.99950,0.04821,0.01506,-0.00609,0.99871,1.00,-0.02667,0.01006,-0.00027,-0.99959,0.04806,-0.01205,-0.00595,0.99875,1.00
1577,-0.02141,0.00172,0.00615,-0.99975,-0.02663,-0.01747,0.00047,-0.99949,0.04813,0.01559,-0.00620,0.99870,1.00,-0.02665,0.00964,-0.00026,-0.99960,0.04799,-0.01152,-0.00606,0.99876,1.00
1588,-0.02133,0.00162,0.00617,-0.99975,-0.02587,-0.01783,0.00046,-0.99951,0.04729,0.01606,-0.00620,0.99873,1.00,-0.02589,0.00927,-0.00024,-0.99962,0.04715,-0.01105,-0.00608,0.99881,1.00
1600,-0.02129,0.00150,0.00601,-0.99975,-0.02592,-0.01771,0.00046,-0.99951,0.04730,0.01605,-0.00605,0.99873,1.00,-0.02593,0.00940,-0.00024,-0.99962,0.04715,-0.01106,-0.00592,0.99881,1.00
1611,-0.02122,0.00126,0.00561,-0.99976,-0.02593,-0.01750,0.00045,-0.99951,0.04723,0.01610,-0.00565,0.99874,1.00,-0.02592,0.00960,-0.00025,-0.99962,0.04707,-0.01101,-0.00553,0.99882,1.00
1621,-0.02112,0.00104,0.00529,-0.99976,-0.02780,-0.01580,0.00044,-0.99949,0.04899,0.01462,-0.00536,0.99868,1.00,-0.02777,0.01131,-0.00031,-0.99955,0.04882,-0.01250,-0.00518,0.99872,1.00
1633,-0.02086,0.00088,0.00492,-0.99977,-0.02807,-0.01562,0.00044,-0.99948,0.04899,0.01460,-0.00501,0.99868,1.00,-0.02802,0.01149,-0.00032,-0.99954,0.04881,-0.01251,-0.00481,0.99872,1.00
1644,-0.02062,0.00073,0.00468,-0.99978,-0.02853,-0.01500,0.00043,-0.99948,0.04920,0.01414,-0.00478,0.99868,1.00,-0.02848,0.01211,-0.00034,-0.99952,0.04903,-0.01297,-0.00456,0.99870,1.00
1655,-0.02027,0.00065,0.00452,-0.99978,-0.02869,-0.01517,0.00044,-0.99947,0.04901,0.01440,-0.00463,0.99868,1.00,-0.02865,0.01194,-0.00034,-0.99952,0.04885,-0.01272,-0.00440,0.99872,1.00
1667,-0.02002,0.00070,0.00442,-0.99979,-0.02894,-0.01522,0.00044,-0.99947,0.04901,0.01439,-0.00453,0.99868,1.00,-0.02890,0.01189,-0.00034,-0.99951,0.04885,-0.01273,-0.00429,0.99872,1.00
1678,-0.01983,0.00096,0.00416,-0.99979,-0.02885,-0.01687,0.00049,-0.99944,0.04873,0.01579,-0.00428,0.99868,1.00,-0.02881,0.01024,-0.00030,-0.99953,0.04859,-0.01133,-0.00403,0.99875,1.00
1688,-0.01965,0.00128,0.00394,-0.99980,-0.02869,-0.01731,0.00050,-0.99944,0.04839,0.01592,-0.00406,0.99869,1.00,-0.02865,0.00980,-0.00028,-0.99954,0.04825,-0.01120,-0.00382,0.99877,1.00
1700,-0.01947,0.00176,0.00377,-0.99980,-0.02887,-0.01777,0.00051,-0.99943,0.04839,0.01591,-0.00388,0.99869,1.00,-0.02883,0.00934,-0.00027,-0.99954,0.04825,-0.01121,-0.00363,0.99877,1.00
1712,-0.01929,0.00230,0.00373,-0.99980,-0.02822,-0.01785,0.00050,-0.99944,0.04756,0.01546,-0.00382,0.99874,1.00,-0.02819,0.00925,-0.00026,-0.99956,0.04743,-0.01166,-0.00358,0.99880,1.00
1723,-0.01908,0.00281,0.00380,-0.99981,-0.02851,-0.01807,0.00052,-0.99943,0.04764,0.01516,-0.00389,0.99874,1.00,-0.02850,0.00904,-0.00026,-0.99955,0.04753,-0.01196,-0.00363,0.99879,1.00
1734,-0.01891,0.00341,0.00388,-0.99981,-0.02867,-0.01867,0.00054,-0.99941,0.04764,0.01516,-0.00396,0.99874,1.00,-0.02867,0.00844,-0.00024,-0.99955,0.04753,-0.01196,-0.00369,0.99879,1.00
1744,-0.01874,0.00392,0.00402,-0.99981,-0.02853,-0.01866,0.00053,-0.99942,0.04733,0.01463,-0.00409,0.99876,1.00,-0.02855,0.00845,-0.00024,-0.99956,0.04724,-0.01249,-0.00382,0.99880,1.00
1756,-0.01856,0.00441,0.00416,-0.99981,-0.02850,-0.01849,0.00053,-0.99942,0.04712,0.01397,-0.00421,0.99878,1.00,-0.02852,0.00861,-0.00025,-0.99956,0.04703,-0.01315,-0.00394,0.99880,1.00
1766,-0.01846,0.00478,0.00436,-0.99981,-0.02859,-0.01887,0.00054,-0.99941,0.04712,0.01398,-0.00441,0.99878,1.00,-0.02863,0.00823,-0.00024,-0.99956,0.04704,-0.01314,-0.00414,0.99880,1.00
1778,-0.01835,0.00509,0.00445,-0.99981,-0.02992,-0.01845,0.00055,-0.99938,0.04833,0.01324,-0.00451,0.99873,1.00,-0.02996,0.00866,-0.00026,-0.99951,0.04825,-0.01388,-0.00420,0.99873,1.00
1788,-0.01821,0.00531,0.00453,-0.99981,-0.03135,-0.02012,0.00063,-0.99931,0.04963,0.01468,-0.00463,0.99865,1.00,-0.03139,0.00699,-0.00022,-0.99948,0.04955,-0.01244,-0.00427,0.99868,1.00
1800,-0.01794,0.00550,0.00452,-0.99981,-0.03162,-0.02032,0.00064,-0.99929,0.04963,0.01468,-0.00462,0.99865,1.00,-0.03166,0.00680,-0.00022,-0.99948,0.04955,-0.01244,-0.00425,0.99869,1.00
1812,-0.01762,0.00557,0.00455,-0.99982,-0.03221,-0.02131,0.00069,-0.99925,0.04992,0.01560,-0.00467,0.99862,1.00,-0.03226,0.00581,-0.00019,-0.99946,0.04983,-0.01152,-0.00428,0.99868,1.00
1822,-0.01728,0.00559,0.00460,-0.99982,-0.03236,-0.02138,0.00069,-0.99925,0.04973,0.01566,-0.00473,0.99863,1.00,-0.03241,0.00573,-0.00019,-0.99946,0.04965,-0.01147,-0.00433,0.99869,1.00
1834,-0.01692,0.00557,0.00464,-0.99983,-0.03273,-0.02137,0.00070,-0.99924,0.04973,0.01566,-0.00479,0.99863,1.00,-0.03277,0.00575,-0.00019,-0.99945,0.04965,-0.01147,-0.00437,0.99869,1.00
1845,-0.01675,0.00549,0.00465,-0.99983,-0.03274,-0.02098,0.00069,-0.99924,0.04957,0.01535,-0.00480,0.99864,1.00,-0.03278,0.00614,-0.00020,-0.99944,0.04949,-0.01178,-0.00436,0.99870,1.00
1856,-0.01658,0.00548,0.00454,-0.99984,-0.03336,-0.02079,0.00069,-0.99923,0.05002,0.01517,-0.00470,0.99862,1.00,-0.03339,0.00633,-0.00021,-0.99942,0.04993,-0.01196,-0.00425,0.99867,1.00
1867,-0.01653,0.00541,0.00452,-0.99984,-0.03341,-0.02072,0.00069,-0.99923,0.05002,0.01517,-0.00469,0.99862,1.00,-0.03344,0.00640,-0.00021,-0.99942,0.04993,-0.01196,-0.00423,0.99867,1.00
1879,-0.01654,0.00534,0.00454,-0.99984,-0.03303,-0.02038,0.00067,-0.99925,0.04964,0.01490,-0.00469,0.99864,1.00,-0.03306,0.00674,-0.00022,-0.99943,0.04954,-0.01223,-0.00425,0.99869,1.00
1889,-0.01653,0.00523,0.00464,-0.99984,-0.03461,-0.02010,0.00070,-0.99920,0.05122,0.01472,-0.00482,0.99857,1.00,-0.03465,0.00702,-0.00024,-0.99937,0.05113,-0.01242,-0.00433,0.99861,1.00
1901,-0.01670,0.00507,0.00471,-0.99984,-0.03444,-0.01994,0.00069,-0.99921,0.05122,0.01472,-0.00489,0.99857,1.00,-0.03448,0.00718,-0.00025,-0.99938,0.05113,-0.01241,-0.00441,0.99861,1.00
1912,-0.01703,0.00482,0.00478,-0.99983,-0.03427,-0.01935,0.00066,-0.99923,0.05137,0.01437,-0.00494,0.99856,1.00,-0.03431,0.00777,-0.00027,-0.99938,0.05128,-0.01276,-0.00447,0.99859,1.00
1922,-0.01723,0.00472,0.00475,-0.99983,-0.03569,-0.01981,0.00071,-0.99917,0.05299,0.01493,-0.00494,0.99847,1.00,-0.03573,0.00732,-0.00026,-0.99933,0.05290,-0.01221,-0.00444,0.99852,1.00
1934,-0.01752,0.00456,0.00468,-0.99983,-0.03540,-0.01964,0.00070,-0.99918,0.05300,0.01493,-0.00487,0.99847,1.00,-0.03543,0.00749,-0.00027,-0.99934,0.05290,-0.01221,-0.00438,0.99852,1.00
1945,-0.01781,0.00447,0.00472,-0.99982,-0.03745,-0.01891,0.00071,-0.99912,0.05533,0.01428,-0.00492,0.99835,1.00,-0.03748,0.00822,-0.00031,-0.99926,0.05523,-0.01287,-0.00438,0.99838,1.00
1956,-0.01815,0.00438,0.00478,-0.99981,-0.03737,-0.02012,0.00075,-0.99910,0.05560,0.01557,-0.00500,0.99832,1.00,-0.03741,0.00701,-0.00026,-0.99928,0.05551,-0.01157,-0.00448,0.99838,1.00
1967,-0.01850,0.00437,0.00488,-0.99981,-0.03702,-0.02012,0.00075,-0.99911,0.05559,0.01558,-0.00509,0.99832,1.00,-0.03706,0.00701,-0.00026,-0.99929,0.05551,-0.01156,-0.00459,0.99838,1.00
1978,-0.01884,0.00439,0.00496,-0.99980,-0.03446,-0.01923,0.00066,-0.99922,0.05337,0.01468,-0.00511,0.99845,1.00,-0.03450,0.00790,-0.00027,-0.99937,0.05328,-0.01246,-0.00468,0.99849,1.00
1989,-0.01910,0.00439,0.00513,-0.99979,-0.03054,-0.01876,0.00057,-0.99936,0.04972,0.01422,-0.00521,0.99865,1.00,-0.03058,0.00836,-0.00026,-0.99950,0.04962,-0.01291,-0.00490,0.99867,1.00
2001,-0.01936,0.00443,0.00517,-0.99979,-0.03028,-0.01879,0.00057,-0.99936,0.04972,0.01422,-0.00524,0.99865,1.00,-0.03033,0.00832,-0.00025,-0.99951,0.04962,-0.01290,-0.00494,0.99867,1.00
2012,-0.01960,0.00440,0.00528,-0.99978,-0.02891,-0.01883,0.00054,-0.99940,0.04860,0.01429,-0.00533,0.99870,1.00,-0.02895,0.00828,-0.00024,-0.99955,0.04850,-0.01283,-0.00508,0.99873,1.00
2023,-0.01965,0.00437,0.00533,-0.99978,-0.02930,-0.01938,0.00057,-0.99938,0.04904,0.01486,-0.00538,0.99867,1.00,-0.02934,0.00773,-0.00023,-0.99954,0.04894,-0.01226,-0.00512,0.99871,1.00
2034,-0.01976,0.00425,0.00543,-0.99978,-0.02919,-0.01926,0.00056,-0.99939,0.04904,0.01486,-0.00548,0.99867,1.00,-0.02923,0.00785,-0.00023,-0.99954,0.04894,-0.01226,-0.00523,0.99871,1.00
2046,-0.01972,0.00408,0.00551,-0.99978,-0.02973,-0.02000,0.00059,-0.99936,0.04955,0.01576,-0.00558,0.99863,1.00,-0.02978,0.00711,-0.00021,-0.99953,0.04945,-0.01136,-0.00531,0.99870,1.00
2057,-0.01968,0.00387,0.00554,-0.99978,-0.03004,-0.01895,0.00057,-0.99937,0.04981,0.01493,-0.00561,0.99863,1.00,-0.03008,0.00816,-0.00025,-0.99951,0.04970,-0.01219,-0.00533,0.99868,1.00
2067,-0.01956,0.00364,0.00556,-0.99979,-0.03017,-0.01872,0.00057,-0.99937,0.04981,0.01493,-0.00565,0.99863,1.00,-0.03021,0.00839,-0.00025,-0.99951,0.04970,-0.01219,-0.00536,0.99868,1.00
2079,-0.01942,0.00328,0.00559,-0.99979,-0.02988,-0.01802,0.00054,-0.99939,0.04938,0.01458,-0.00568,0.99866,1.00,-0.02992,0.00909,-0.00027,-0.99951,0.04927,-0.01254,-0.00540,0.99869,1.00
2091,-0.01923,0.00301,0.00558,-0.99980,-0.02854,-0.01771,0.00051,-0.99944,0.04784,0.01455,-0.00566,0.99873,1.00,-0.02856,0.00940,-0.00027,-0.99955,0.04772,-0.01257,-0.00540,0.99877,1.00
2101,-0.01907,0.00266,0.00558,-0.99980,-0.02869,-0.01736,0.00050,-0.99944,0.04784,0.01455,-0.00567,0.99873,1.00,-0.02872,0.00975,-0.00028,-0.99954,0.04772,-0.01257,-0.00541,0.99877,1.00
2112,-0.01893,0.00233,0.00563,-0.99980,-0.02874,-0.01763,0.00051,-0.99943,0.04775,0.01515,-0.00574,0.99873,1.00,-0.02876,0.00948,-0.00027,-0.99954,0.04763,-0.01197,-0.00547,0.99878,1.00
2123,-0.01869,0.00202,0.00561,-0.99981,-0.02904,-0.01757,0.00051,-0.99942,0.04781,0.01540,-0.00573,0.99872,1.00,-0.02906,0.00954,-0.00028,-0.99953,0.04768,-0.01172,-0.00545,0.99878,1.00
2134,-0.01850,0.00172,0.00568,-0.99981,-0.02923,-0.01728,0.00051,-0.99942,0.04781,0.01540,-0.00582,0.99872,1.00,-0.02926,0.00983,-0.00029,-0.99952,0.04768,-0.01172,-0.00553,0.99878,1.00
2145,-0.01826,0.00144,0.00569,-0.99982,-0.03163,-0.01743,0.00055,-0.99935,0.04997,0.01583,-0.00587,0.99861,1.00,-0.03166,0.00968,-0.00031,-0.99945,0.04984,-0.01130,-0.00551,0.99868,1.00
2157,-0.01806,0.00122,0.00573,-0.99982,-0.03157,-0.01733,0.00055,-0.99935,0.04971,0.01593,-0.00592,0.99862,1.00,-0.03159,0.00979,-0.00031,-0.99945,0.04958,-0.01120,-0.00556,0.99869,1.00
2168,-0.01780,0.00106,0.00573,-0.99982,-0.03182,-0.01717,0.00055,-0.99935,0.04971,0.01593,-0.00593,0.99862,1.00,-0.03185,0.00995,-0.00032,-0.99944,0.04958,-0.01120,-0.00555,0.99869,1.00
2179,-0.01758,0.00091,0.00575,-0.99983,-0.03032,-0.01570,0.00048,-0.99942,0.04798,0.01462,-0.00592,0.99872,1.00,-0.03034,0.01141,-0.00035,-0.99947,0.04784,-0.01250,-0.00557,0.99876,1.00
2190,-0.01731,0.00091,0.00565,-0.99983,-0.03002,-0.01536,0.00046,-0.99943,0.04739,0.01429,-0.00582,0.99876,1.00,-0.03002,0.01176,-0.00035,-0.99948,0.04725,-0.01284,-0.00547,0.99879,1.00
2201,-0.01703,0.00087,0.00569,-0.99984,-0.03030,-0.01533,0.00046,-0.99942,0.04739,0.01429,-0.00586,0.99876,1.00,-0.03031,0.01179,-0.00036,-0.99947,0.04725,-0.01284,-0.00550,0.99879,1.00
2213,-0.01667,0.00091,0.00579,-0.99984,-0.03031,-0.01524,0.00046,-0.99942,0.04705,0.01416,-0.00597,0.99877,1.00,-0.03032,0.01187,-0.00036,-0.99947,0.04691,-0.01296,-0.00560,0.99880,1.00
2224,-0.01625,0.00089,0.00589,-0.99985,-0.02910,-0.01515,0.00044,-0.99946,0.04542,0.01410,-0.00605,0.99885,1.00,-0.02911,0.01196,-0.00035,-0.99950,0.04528,-0.01302,-0.00570,0.99887,1.00
2235,-0.01577,0.00086,0.00597,-0.99986,-0.02957,-0.01513,0.00045,-0.99945,0.04542,0.01410,-0.00615,0.99885,1.00,-0.02959,0.01198,-0.00035,-0.99949,0.04528,-0.01302,-0.00578,0.99887,1.00
2245,-0.01531,0.00082,0.00595,-0.99986,-0.02958,-0.01518,0.00045,-0.99945,0.04498,0.01419,-0.00614,0.99887,1.00,-0.02960,0.01193,-0.00035,-0.99949,0.04483,-0.01293,-0.00576,0.99889,1.00
2257,-0.01483,0.00078,0.00595,-0.99987,-0.03202,-0.01491,0.00048,-0.99938,0.04693,0.01395,-0.00617,0.99878,1.00,-0.03204,0.01220,-0.00039,-0.99941,0.04678,-0.01318,-0.00571,0.99880,1.00
2268,-0.01442,0.00078,0.00582,-0.99988,-0.03244,-0.01490,0.00048,-0.99936,0.04693,0.01394,-0.00606,0.99878,1.00,-0.03245,0.01221,-0.00040,-0.99940,0.04678,-0.01319,-0.00557,0.99880,1.00
2280,-0.01407,0.00072,0.00583,-0.99988,-0.03351,-0.01571,0.00053,-0.99931,0.04766,0.01481,-0.00610,0.99874,1.00,-0.03351,0.01141,-0.00038,-0.99937,0.04751,-0.01232,-0.00558,0.99878,1.00
2290,-0.01378,0.00076,0.00578,-0.99989,-0.03329,-0.01580,0.00053,-0.99932,0.04714,0.01485,-0.00606,0.99876,1.00,-0.03329,0.01133,-0.00038,-0.99938,0.04699,-0.01228,-0.00553,0.99880,1.00
2301,-0.01346,0.00079,0.00576,-0.99989,-0.03360,-0.01583,0.00053,-0.99931,0.04714,0.01485,-0.00604,0.99876,1.00,-0.03360,0.01129,-0.00038,-0.99937,0.04699,-0.01228,-0.00550,0.99880,1.00
2312,-0.01315,0.00092,0.00573,-0.99990,-0.03356,-0.01600,0.00054,-0.99931,0.04679,0.01489,-0.00602,0.99878,1.00,-0.03357,0.01112,-0.00037,-0.99937,0.04664,-0.01224,-0.00547,0.99882,1.00
2323,-0.01286,0.00093,0.00575,-0.99990,-0.03333,-0.01556,0.00052,-0.99932,0.04626,0.01444,-0.00603,0.99881,1.00,-0.03333,0.01156,-0.00039,-0.99938,0.04611,-0.01269,-0.00548,0.99884,1.00
2335,-0.01257,0.00107,0.00567,-0.99990,-0.03361,-0.01570,0.00053,-0.99931,0.04626,0.01444,-0.00596,0.99881,1.00,-0.03361,0.01142,-0.00038,-0.99937,0.04611,-0.01269,-0.00539,0.99884,1.00
2345,-0.01231,0.00120,0.00566,-0.99991,-0.03530,-0.01579,0.00056,-0.99925,0.04769,0.01439,-0.00597,0.99874,1.00,-0.03530,0.01134,-0.00040,-0.99931,0.04754,-0.01275,-0.00535,0.99877,1.00
2358,-0.01209,0.00136,0.00567,-0.99991,-0.03659,-0.01816,0.00066,-0.99917,0.04877,0.01660,-0.00606,0.99865,1.00,-0.03661,0.00897,-0.00033,-0.99929,0.04863,-0.01054,-0.00539,0.99875,1.00
2368,-0.01192,0.00155,0.00565,-0.99991,-0.03676,-0.01835,0.00067,-0.99916,0.04877,0.01660,-0.00604,0.99865,1.00,-0.03677,0.00878,-0.00032,-0.99929,0.04863,-0.01054,-0.00537,0.99875,1.00
2379,-0.01181,0.00175,0.00551,-0.99991,-0.03644,-0.01853,0.00068,-0.99916,0.04834,0.01658,-0.00590,0.99868,1.00,-0.03645,0.00860,-0.00031,-0.99930,0.04820,-0.01056,-0.00523,0.99877,1.00
2391,-0.01160,0.00194,0.00539,-0.99992,-0.03630,-0.01830,0.00066,-0.99917,0.04798,0.01617,-0.00577,0.99870,1.00,-0.03630,0.00883,-0.00032,-0.99930,0.04784,-0.01097,-0.00510,0.99878,1.00
2402,-0.01134,0.00209,0.00535,-0.99992,-0.03655,-0.01845,0.00067,-0.99916,0.04798,0.01617,-0.00573,0.99870,1.00,-0.03655,0.00868,-0.00032,-0.99929,0.04784,-0.01097,-0.00505,0.99878,1.00
2413,-0.01103,0.00230,0.00530,-0.99992,-0.03435,-0.01770,0.00061,-0.99925,0.04547,0.01523,-0.00563,0.99883,1.00,-0.03435,0.00942,-0.00032,-0.99937,0.04532,-0.01190,-0.00499,0.99889,1.00
2424,-0.01071,0.00249,0.00525,-0.99993,-0.03680,-0.01765,0.00065,-0.99917,0.04760,0.01497,-0.00561,0.99874,1.00,-0.03681,0.00949,-0.00035,-0.99928,0.04746,-0.01217,-0.00490,0.99879,1.00
2435,-0.01051,0.00269,0.00523,-0.99993,-0.03700,-0.01785,0.00066,-0.99916,0.04760,0.01497,-0.00560,0.99874,1.00,-0.03701,0.00928,-0.00034,-0.99927,0.04746,-0.01217,-0.00488,0.99879,1.00
2447,-0.01033,0.00283,0.00541,-0.99993,-0.03791,-0.01837,0.00070,-0.99911,0.04833,0.01535,-0.00580,0.99870,1.00,-0.03793,0.00876,-0.00033,-0.99924,0.04820,-0.01180,-0.00505,0.99876,1.00
2458,-0.01021,0.00299,0.00553,-0.99993,-0.03904,-0.01881,0.00074,-0.99906,0.04935,0.01562,-0.00595,0.99864,1.00,-0.03907,0.00832,-0.00033,-0.99920,0.04923,-0.01153,-0.00517,0.99871,1.00
2468,-0.01017,0.00311,0.00563,-0.99993,-0.03908,-0.01894,0.00074,-0.99906,0.04934,0.01562,-0.00605,0.99864,1.00,-0.03912,0.00819,-0.00032,-0.99920,0.04923,-0.01153,-0.00526,0.99871,1.00
2480,-0.01013,0.00323,0.00561,-0.99993,-0.03740,-0.01879,0.00070,-0.99912,0.04762,0.01536,-0.00599,0.99873,1.00,-0.03743,0.00834,-0.00031,-0.99926,0.04751,-0.01178,-0.00525,0.99879,1.00
2492,-0.01019,0.00336,0.00558,-0.99993,-0.03866,-0.01869,0.00072,-0.99908,0.04894,0.01513,-0.00598,0.99867,1.00,-0.03869,0.00844,-0.00033,-0.99922,0.04881,-0.01202,-0.00520,0.99872,1.00
2502,-0.01037,0.00344,0.00549,-0.99993,-0.03847,-0.01876,0.00072,-0.99908,0.04894,0.01513,-0.00588,0.99867,1.00,-0.03850,0.00837,-0.00032,-0.99922,0.04881,-0.01202,-0.00512,0.99872,1.00
2513,-0.01045,0.00348,0.00549,-0.99992,-0.03847,-0.01898,0.00073,-0.99908,0.04902,0.01530,-0.00588,0.99866,1.00,-0.03850,0.00816,-0.00031,-0.99923,0.04889,-0.01185,-0.00512,0.99872,1.00
2524,-0.01078,0.00346,0.00543,-0.99992,-0.03961,-0.01996,0.00079,-0.99902,0.05049,0.01629,-0.00587,0.99857,1.00,-0.03964,0.00718,-0.00028,-0.99919,0.05037,-0.01085,-0.00509,0.99866,1.00
2535,-0.01096,0.00342,0.00544,-0.99992,-0.03944,-0.01992,0.00079,-0.99902,0.05049,0.01629,-0.00587,0.99857,1.00,-0.03947,0.00721,-0.00028,-0.99919,0.05037,-0.01085,-0.00510,0.99866,1.00
2546,-0.01110,0.00335,0.00543,-0.99992,-0.03941,-0.01975,0.00078,-0.99903,0.05061,0.01620,-0.00586,0.99857,1.00,-0.03944,0.00739,-0.00029,-0.99919,0.05049,-0.01095,-0.00509,0.99865,1.00
2558,-0.01117,0.00335,0.00539,-0.99992,-0.03861,-0.01969,0.00076,-0.99906,0.04988,0.01615,-0.00580,0.99861,1.00,-0.03864,0.00744,-0.00029,-0.99923,0.04976,-0.01100,-0.00505,0.99869,1.00
2568,-0.01123,0.00327,0.00536,-0.99992,-0.03856,-0.01961,0.00076,-0.99906,0.04988,0.01614,-0.00576,0.99861,1.00,-0.03858,0.00753,-0.00029,-0.99923,0.04976,-0.01100,-0.00502,0.99869,1.00
2580,-0.01128,0.00323,0.00530,-0.99992,-0.03751,-0.01962,0.00074,-0.99910,0.04888,0.01619,-0.00569,0.99866,1.00,-0.03753,0.00751,-0.00028,-0.99927,0.04876,-0.01095,-0.00498,0.99874,1.00
2591,-0.01128,0.00315,0.00524,-0.99992,-0.03731,-0.02036,0.00076,-0.99910,0.04869,0.01702,-0.00564,0.99865,1.00,-0.03733,0.00677,-0.00025,-0.99928,0.04857,-0.01012,-0.00494,0.99876,1.00
2603,-0.01129,0.00306,0.00513,-0.99992,-0.03730,-0.02026,0.00076,-0.99910,0.04869,0.01701,-0.00554,0.99865,1.00,-0.03732,0.00687,-0.00026,-0.99928,0.04857,-0.01012,-0.00483,0.99876,1.00
2613,-0.01135,0.00295,0.00509,-0.99992,-0.03662,-0.02021,0.00074,-0.99912,0.04806,0.01708,-0.00549,0.99868,1.00,-0.03664,0.00691,-0.00025,-0.99930,0.04794,-0.01005,-0.00480,0.99879,1.00
2625,-0.01148,0.00280,0.00501,-0.99992,-0.03656,-0.01952,0.00071,-0.99914,0.04812,0.01654,-0.00540,0.99869,1.00,-0.03657,0.00761,-0.00028,-0.99930,0.04800,-0.01060,-0.00472,0.99878,1.00
2635,-0.01154,0.00273,0.00488,-0.99992,-0.03650,-0.01944,0.00071,-0.99914,0.04812,0.01653,-0.00526,0.99869,1.00,-0.03651,0.00769,-0.00028,-0.99930,0.04800,-0.01060,-0.00458,0.99878,1.00
2647,-0.01169,0.00259,0.00477,-0.99992,-0.03643,-0.01942,0.00071,-0.99915,0.04820,0.01667,-0.00515,0.99869,1.00,-0.03644,0.00771,-0.00028,-0.99931,0.04808,-0.01047,-0.00448,0.99878,1.00
2659,-0.01177,0.00251,0.00459,-0.99992,-0.03761,-0.01947,0.00073,-0.99910,0.04946,0.01681,-0.00499,0.99862,1.00,-0.03761,0.00766,-0.00029,-0.99926,0.04934,-0.01033,-0.00429,0.99872,1.00
2669,-0.01183,0.00237,0.00460,-0.99992,-0.03833,-0.01956,0.00075,-0.99907,0.05024,0.01703,-0.00503,0.99858,1.00,-0.03834,0.00757,-0.00029,-0.99924,0.05013,-0.01012,-0.00431,0.99868,1.00
2680,-0.01175,0.00225,0.00465,-0.99992,-0.03841,-0.01945,0.00075,-0.99907,0.05023,0.01703,-0.00507,0.99858,1.00,-0.03843,0.00769,-0.00030,-0.99923,0.05013,-0.01011,-0.00435,0.99868,1.00
2692,-0.01157,0.00210,0.00478,-0.99992,-0.03805,-0.01786,0.00068,-0.99912,0.04969,0.01558,-0.00517,0.99863,1.00,-0.03808,0.00928,-0.00035,-0.99923,0.04959,-0.01156,-0.00445,0.99869,1.00
2703,-0.01128,0.00197,0.00486,-0.99992,-0.03926,-0.01792,0.00070,-0.99907,0.05061,0.01577,-0.00528,0.99858,1.00,-0.03929,0.00922,-0.00036,-0.99919,0.05051,-0.01138,-0.00452,0.99865,1.00
2714,-0.01098,0.00185,0.00497,-0.99993,-0.03956,-0.01781,0.00071,-0.99906,0.05061,0.01577,-0.00540,0.99858,1.00,-0.03960,0.00933,-0.00037,-0.99917,0.05052,-0.01138,-0.00463,0.99865,1.00
2725,-0.01076,0.00167,0.00501,-0.99993,-0.03799,-0.01782,0.00068,-0.99912,0.04883,0.01596,-0.00543,0.99866,1.00,-0.03803,0.00932,-0.00035,-0.99923,0.04873,-0.01118,-0.00469,0.99874,1.00
2736,-0.01055,0.00140,0.00510,-0.99993,-0.03820,-0.01756,0.00067,-0.99912,0.04883,0.01597,-0.00553,0.99866,1.00,-0.03824,0.00958,-0.00037,-0.99922,0.04873,-0.01118,-0.00478,0.99874,1.00
2747,-0.01040,0.00115,0.00512,-0.99993,-0.03958,-0.01849,0.00073,-0.99905,0.05007,0.01714,-0.00561,0.99858,1.00,-0.03963,0.00865,-0.00034,-0.99918,0.04998,-0.01001,-0.00482,0.99869,1.00
2759,-0.01026,0.00082,0.00516,-0.99993,-0.03770,-0.01840,0.00069,-0.99912,0.04804,0.01739,-0.00563,0.99868,1.00,-0.03774,0.00873,-0.00033,-0.99925,0.04794,-0.00975,-0.00488,0.99879,1.00
2770,-0.01014,0.00053,0.00521,-0.99993,-0.03688,-0.01802,0.00067,-0.99916,0.04710,0.01730,-0.00567,0.99872,1.00,-0.03692,0.00911,-0.00034,-0.99928,0.04699,-0.00983,-0.00494,0.99883,1.00
2780,-0.01013,0.00023,0.00528,-0.99993,-0.03688,-0.01773,0.00065,-0.99916,0.04710,0.01731,-0.00574,0.99872,1.00,-0.03692,0.00940,-0.00035,-0.99927,0.04699,-0.00983,-0.00501,0.99883,1.00
2792,-0.01013,-0.00009,0.00536,-0.99993,-0.03664,-0.01778,0.00065,-0.99917,0.04685,0.01768,-0.00583,0.99873,1.00,-0.03668,0.00935,-0.00034,-0.99928,0.04675,-0.00946,-0.00511,0.99885,1.00
2803,-0.01022,-0.00037,0.00535,-0.99993,-0.03655,-0.01750,0.00064,-0.99918,0.04685,0.01768,-0.00582,0.99873,1.00,-0.03659,0.00963,-0.00035,-0.99928,0.04675,-0.00946,-0.00510,0.99885,1.00
2814,-0.01028,-0.00067,0.00550,-0.99993,-0.03632,-0.01707,0.00062,-0.99919,0.04669,0.01755,-0.00597,0.99874,1.00,-0.03636,0.01005,-0.00037,-0.99929,0.04658,-0.00959,-0.00526,0.99885,1.00
2825,-0.01034,-0.00082,0.00553,-0.99993,-0.03669,-0.01637,0.00060,-0.99919,0.04711,0.01700,-0.00599,0.99873,1.00,-0.03672,0.01076,-0.00040,-0.99927,0.04699,-0.01014,-0.00528,0.99883,1.00
2836,-0.01036,-0.00102,0.00570,-0.99993,-0.03667,-0.01619,0.00059,-0.99920,0.04711,0.01700,-0.00616,0.99873,1.00,-0.03671,0.01094,-0.00040,-0.99927,0.04699,-0.01013,-0.00545,0.99883,1.00
2848,-0.01034,-0.00116,0.00577,-0.99993,-0.03819,-0.01646,0.00063,-0.99913,0.04861,0.01740,-0.00627,0.99865,1.00,-0.03823,0.01068,-0.00041,-0.99921,0.04850,-0.00974,-0.00551,0.99876,1.00
2859,-0.01020,-0.00132,0.00599,-0.99993,-0.03837,-0.01618,0.00062,-0.99913,0.04865,0.01727,-0.00649,0.99865,1.00,-0.03841,0.01095,-0.00042,-0.99920,0.04853,-0.00987,-0.00572,0.99876,1.00
2870,-0.01009,-0.00135,0.00609,-0.99993,-0.03810,-0.01647,0.00063,-0.99914,0.04828,0.01760,-0.00660,0.99866,1.00,-0.03815,0.01066,-0.00041,-0.99922,0.04816,-0.00955,-0.00584,0.99878,1.00
2881,-0.00993,-0.00147,0.00624,-0.99993,-0.03826,-0.01637,0.00063,-0.99913,0.04828,0.01760,-0.00676,0.99866,1.00,-0.03831,0.01076,-0.00041,-0.99921,0.04817,-0.00954,-0.00599,0.99878,1.00
2892,-0.00972,-0.00150,0.00636,-0.99993,-0.03735,-0.01635,0.00061,-0.99917,0.04717,0.01762,-0.00686,0.99871,1.00,-0.03740,0.01078,-0.00040,-0.99924,0.04705,-0.00952,-0.00611,0.99883,1.00
2903,-0.00951,-0.00157,0.00649,-0.99993,-0.03849,-0.01554,0.00060,-0.99914,0.04809,0.01687,-0.00700,0.99868,1.00,-0.03853,0.01159,-0.00045,-0.99919,0.04796,-0.01028,-0.00621,0.99878,1.00
2915,-0.00939,-0.00167,0.00658,-0.99993,-0.03862,-0.01545,0.00060,-0.99913,0.04809,0.01687,-0.00709,0.99868,1.00,-0.03866,0.01168,-0.00045,-0.99918,0.04796,-0.01027,-0.00629,0.99878,1.00
2926,-0.00925,-0.00170,0.00657,-0.99993,-0.03589,-0.01482,0.00053,-0.99925,0.04522,0.01628,-0.00703,0.99882,1.00,-0.03591,0.01231,-0.00044,-0.99928,0.04507,-0.01085,-0.00630,0.99891,1.00
2937,-0.00917,-0.00176,0.00661,-0.99993,-0.03596,-0.01476,0.00053,-0.99924,0.04522,0.01628,-0.00707,0.99882,1.00,-0.03599,0.01237,-0.00045,-0.99928,0.04507,-0.01085,-0.00634,0.99890,1.00
2947,-0.00915,-0.00182,0.00661,-0.99993,-0.03991,-0.01482,0.00059,-0.99909,0.04915,0.01637,-0.00713,0.99863,1.00,-0.03993,0.01233,-0.00049,-0.99913,0.04900,-0.01078,-0.00630,0.99872,1.00
2958,-0.00915,-0.00190,0.00672,-0.99993,-0.03742,-0.01442,0.00054,-0.99920,0.04665,0.01607,-0.00720,0.99876,1.00,-0.03744,0.01272,-0.00048,-0.99922,0.04649,-0.01108,-0.00643,0.99884,1.00
2969,-0.00916,-0.00193,0.00673,-0.99993,-0.03741,-0.01439,0.00054,-0.99920,0.04665,0.01607,-0.00721,0.99876,1.00,-0.03743,0.01275,-0.00048,-0.99922,0.04649,-0.01107,-0.00644,0.99884,1.00
2982,-0.00922,-0.00194,0.00681,-0.99993,-0.03721,-0.01447,0.00054,-0.99920,0.04651,0.01616,-0.00728,0.99876,1.00,-0.03723,0.01266,-0.00047,-0.99923,0.04635,-0.01098,-0.00652,0.99884,1.00
2992,-0.00929,-0.00194,0.00680,-0.99993,-0.03708,-0.01568,0.00058,-0.99919,0.04646,0.01737,-0.00730,0.99874,1.00,-0.03710,0.01145,-0.00043,-0.99925,0.04630,-0.00977,-0.00654,0.99886,1.00
3003,-0.00935,-0.00191,0.00682,-0.99993,-0.03632,-0.01576,0.00057,-0.99922,0.04576,0.01743,-0.00731,0.99877,1.00,-0.03634,0.01137,-0.00041,-0.99927,0.04560,-0.00971,-0.00658,0.99889,1.00
3013,-0.00943,-0.00185,0.00684,-0.99993,-0.03624,-0.01582,0.00057,-0.99922,0.04576,0.01743,-0.00733,0.99877,1.00,-0.03626,0.01131,-0.00041,-0.99928,0.04560,-0.00971,-0.00660,0.99889,1.00
3025,-0.00948,-0.00174,0.00691,-0.99993,-0.03655,-0.01548,0.00057,-0.99921,0.04613,0.01697,-0.00739,0.99876,1.00,-0.03657,0.01165,-0.00043,-0.99926,0.04597,-0.01016,-0.00666,0.99887,1.00
3037,-0.00956,-0.00164,0.00706,-0.99993,-0.03597,-0.01555,0.00056,-0.99923,0.04563,0.01694,-0.00753,0.99879,1.00,-0.03599,0.01158,-0.00042,-0.99928,0.04546,-0.01019,-0.00681,0.99889,1.00
3048,-0.00958,-0.00156,0.00721,-0.99993,-0.03594,-0.01564,0.00056,-0.99923,0.04562,0.01695,-0.00768,0.99879,1.00,-0.03597,0.01149,-0.00041,-0.99929,0.04546,-0.01019,-0.00696,0.99889,1.00
3059,-0.00963,-0.00148,0.00734,-0.99993,-0.03598,-0.01373,0.00049,-0.99926,0.04570,0.01494,-0.00775,0.99881,1.00,-0.03600,0.01340,-0.00048,-0.99926,0.04552,-0.01219,-0.00704,0.99886,1.00
3070,-0.00971,-0.00145,0.00735,-0.99992,-0.03445,-0.01501,0.00052,-0.99929,0.04426,0.01621,-0.00777,0.99886,1.00,-0.03447,0.01211,-0.00042,-0.99933,0.04409,-0.01093,-0.00709,0.99894,1.00
3081,-0.00975,-0.00143,0.00741,-0.99992,-0.03441,-0.01503,0.00052,-0.99929,0.04426,0.01621,-0.00782,0.99886,1.00,-0.03443,0.01209,-0.00042,-0.99933,0.04409,-0.01092,-0.00715,0.99894,1.00
3092,-0.00975,-0.00135,0.00737,-0.99992,-0.03449,-0.01500,0.00052,-0.99929,0.04435,0.01610,-0.00778,0.99886,1.00,-0.03451,0.01212,-0.00042,-0.99933,0.04416,-0.01103,-0.00711,0.99894,1.00
3103,-0.00972,-0.00139,0.00738,-0.99992,-0.03459,-0.01490,0.00052,-0.99929,0.04441,0.01604,-0.00779,0.99885,1.00,-0.03460,0.01223,-0.00042,-0.99933,0.04422,-0.01109,-0.00711,0.99893,1.00
3115,-0.00966,-0.00139,0.00740,-0.99993,-0.03465,-0.01491,0.00052,-0.99929,0.04441,0.01604,-0.00782,0.99885,1.00,-0.03467,0.01222,-0.00042,-0.99932,0.04422,-0.01109,-0.00714,0.99893,1.00
3125,-0.00953,-0.00139,0.00739,-0.99993,-0.03577,-0.01535,0.00055,-0.99924,0.04540,0.01648,-0.00784,0.99880,1.00,-0.03578,0.01178,-0.00042,-0.99929,0.04521,-0.01066,-0.00713,0.99890,1.00
3136,-0.00935,-0.00133,0.00737,-0.99993,-0.03594,-0.01541,0.00055,-0.99923,0.04540,0.01648,-0.00782,0.99880,1.00,-0.03595,0.01172,-0.00042,-0.99928,0.04521,-0.01066,-0.00710,0.99890,1.00
3148,-0.00894,-0.00130,0.00737,-0.99993,-0.03772,-0.01517,0.00057,-0.99917,0.04676,0.01619,-0.00785,0.99874,1.00,-0.03773,0.01196,-0.00045,-0.99922,0.04657,-0.01095,-0.00707,0.99883,1.00
3159,-0.00845,-0.00128,0.00734,-0.99994,-0.03830,-0.01515,0.00058,-0.99915,0.04685,0.01615,-0.00784,0.99874,1.00,-0.03831,0.01198,-0.00046,-0.99919,0.04666,-0.01099,-0.00703,0.99883,1.00
3170,-0.00790,-0.00120,0.00732,-0.99994,-0.03857,-0.01487,0.00057,-0.99915,0.04657,0.01579,-0.00782,0.99876,1.00,-0.03858,0.01227,-0.00047,-0.99918,0.04637,-0.01136,-0.00698,0.99884,1.00
3182,-0.00742,-0.00120,0.00724,-0.99995,-0.03905,-0.01487,0.00058,-0.99913,0.04657,0.01578,-0.00775,0.99876,1.00,-0.03905,0.01227,-0.00048,-0.99916,0.04637,-0.01136,-0.00689,0.99884,1.00
3192,-0.00712,-0.00117,0.00728,-0.99995,-0.03967,-0.01485,0.00059,-0.99910,0.04690,0.01573,-0.00780,0.99875,1.00,-0.03968,0.01229,-0.00049,-0.99914,0.04670,-0.01141,-0.00692,0.99882,1.00
3203,-0.00694,-0.00122,0.00735,-0.99995,-0.03867,-0.01477,0.00057,-0.99914,0.04571,0.01570,-0.00786,0.99880,1.00,-0.03868,0.01237,-0.00048,-0.99918,0.04552,-0.01144,-0.00700,0.99887,1.00
3215,-0.00687,-0.00123,0.00751,-0.99995,-0.03873,-0.01476,0.00057,-0.99914,0.04571,0.01571,-0.00802,0.99880,1.00,-0.03875,0.01237,-0.00048,-0.99917,0.04552,-0.01143,-0.00715,0.99887,1.00
3226,-0.00698,-0.00122,0.00769,-0.99995,-0.04062,-0.01492,0.00061,-0.99906,0.04770,0.01582,-0.00823,0.99870,1.00,-0.04064,0.01223,-0.00050,-0.99910,0.04752,-0.01133,-0.00732,0.99878,1.00
3237,-0.00710,-0.00115,0.00767,-0.99994,-0.04062,-0.01451,0.00059,-0.99907,0.04782,0.01535,-0.00819,0.99870,1.00,-0.04064,0.01263,-0.00051,-0.99909,0.04763,-0.01180,-0.00728,0.99877,1.00
3249,-0.00716,-0.00112,0.00770,-0.99994,-0.04056,-0.01455,0.00059,-0.99907,0.04782,0.01536,-0.00822,0.99870,1.00,-0.04058,0.01259,-0.00051,-0.99910,0.04763,-0.01179,-0.00732,0.99877,1.00
3259,-0.00730,-0.00105,0.00772,-0.99994,-0.04031,-0.01503,0.00061,-0.99907,0.04772,0.01577,-0.00826,0.99870,1.00,-0.04033,0.01211,-0.00049,-0.99911,0.04753,-0.01137,-0.00736,0.99878,1.00
3270,-0.00741,-0.00106,0.00774,-0.99994,-0.04084,-0.01530,0.00063,-0.99905,0.04835,0.01605,-0.00828,0.99867,1.00,-0.04086,0.01184,-0.00048,-0.99909,0.04816,-0.01110,-0.00738,0.99875,1.00
3282,-0.00745,-0.00104,0.00768,-0.99994,-0.04080,-0.01532,0.00063,-0.99905,0.04835,0.01605,-0.00823,0.99867,1.00,-0.04082,0.01183,-0.00048,-0.99910,0.04816,-0.01111,-0.00732,0.99875,1.00
3293,-0.00741,-0.00103,0.00765,-0.99994,-0.04092,-0.01528,0.00063,-0.99905,0.04844,0.01600,-0.00819,0.99866,1.00,-0.04093,0.01186,-0.00049,-0.99909,0.04824,-0.01115,-0.00728,0.99875,1.00
3303,-0.00738,-0.00102,0.00757,-0.99994,-0.04023,-0.01501,0.00060,-0.99908,0.04771,0.01572,-0.00809,0.99870,1.00,-0.04024,0.01213,-0.00049,-0.99912,0.04751,-0.01142,-0.00720,0.99878,1.00
3316,-0.00735,-0.00097,0.00751,-0.99994,-0.04026,-0.01505,0.00061,-0.99908,0.04772,0.01572,-0.00804,0.99871,1.00,-0.04026,0.01209,-0.00049,-0.99912,0.04751,-0.01143,-0.00715,0.99878,1.00
3326,-0.00734,-0.00098,0.00749,-0.99994,-0.03949,-0.01501,0.00059,-0.99911,0.04694,0.01570,-0.00801,0.99874,1.00,-0.03949,0.01213,-0.00048,-0.99915,0.04673,-0.01145,-0.00714,0.99882,1.00
3337,-0.00736,-0.00091,0.00742,-0.99994,-0.03948,-0.01507,0.00060,-0.99911,0.04694,0.01569,-0.00794,0.99874,1.00,-0.03947,0.01207,-0.00048,-0.99915,0.04673,-0.01145,-0.00707,0.99882,1.00
3350,-0.00741,-0.00087,0.00738,-0.99994,-0.04007,-0.01425,0.00057,-0.99910,0.04758,0.01483,-0.00788,0.99873,1.00,-0.04006,0.01289,-0.00052,-0.99911,0.04737,-0.01232,-0.00699,0.99878,1.00
3360,-0.00751,-0.00082,0.00733,-0.99994,-0.03928,-0.01426,0.00056,-0.99913,0.04688,0.01479,-0.00781,0.99876,1.00,-0.03927,0.01288,-0.00051,-0.99915,0.04668,-0.01235,-0.00695,0.99881,1.00
3370,-0.00761,-0.00079,0.00735,-0.99994,-0.03942,-0.01424,0.00056,-0.99912,0.04713,0.01474,-0.00782,0.99875,1.00,-0.03942,0.01290,-0.00051,-0.99914,0.04693,-0.01240,-0.00696,0.99880,1.00
3382,-0.00768,-0.00072,0.00735,-0.99994,-0.03935,-0.01431,0.00056,-0.99912,0.04713,0.01474,-0.00783,0.99875,1.00,-0.03935,0.01283,-0.00051,-0.99914,0.04693,-0.01240,-0.00697,0.99880,1.00
3392,-0.00776,-0.00063,0.00732,-0.99994,-0.03744,-0.01502,0.00056,-0.99919,0.04530,0.01538,-0.00778,0.99882,1.00,-0.03744,0.01211,-0.00045,-0.99923,0.04510,-0.01175,-0.00698,0.99889,1.00
3404,-0.00781,-0.00056,0.00728,-0.99994,-0.03940,-0.01502,0.00059,-0.99911,0.04731,0.01530,-0.00777,0.99873,1.00,-0.03940,0.01211,-0.00048,-0.99915,0.04712,-0.01184,-0.00692,0.99880,1.00
3416,-0.00782,-0.00047,0.00726,-0.99994,-0.03939,-0.01512,0.00060,-0.99911,0.04731,0.01530,-0.00775,0.99873,1.00,-0.03939,0.01202,-0.00047,-0.99915,0.04712,-0.01184,-0.00689,0.99880,1.00
3427,-0.00779,-0.00040,0.00729,-0.99994,-0.04120,-0.01510,0.00062,-0.99904,0.04909,0.01521,-0.00781,0.99865,1.00,-0.04121,0.01204,-0.00050,-0.99908,0.04890,-0.01194,-0.00690,0.99871,1.00
3437,-0.00779,-0.00033,0.00740,-0.99994,-0.04134,-0.01515,0.00063,-0.99903,0.04923,0.01518,-0.00792,0.99864,1.00,-0.04136,0.01199,-0.00050,-0.99907,0.04905,-0.01197,-0.00701,0.99870,1.00
3449,-0.00774,-0.00034,0.00761,-0.99994,-0.04138,-0.01517,0.00063,-0.99903,0.04923,0.01519,-0.00813,0.99864,1.00,-0.04141,0.01198,-0.00050,-0.99907,0.04905,-0.01196,-0.00721,0.99870,1.00
3460,-0.00768,-0.00032,0.00775,-0.99994,-0.04146,-0.01688,0.00070,-0.99900,0.04926,0.01688,-0.00833,0.99861,1.00,-0.04150,0.01027,-0.00043,-0.99909,0.04909,-0.01027,-0.00741,0.99871,1.00
3470,-0.00764,-0.00036,0.00782,-0.99994,-0.04149,-0.01498,0.00062,-0.99903,0.04924,0.01502,-0.00834,0.99864,1.00,-0.04152,0.01217,-0.00051,-0.99906,0.04906,-0.01213,-0.00742,0.99869,1.00
3483,-0.00758,-0.00041,0.00780,-0.99994,-0.04156,-0.01493,0.00062,-0.99902,0.04924,0.01502,-0.00832,0.99864,1.00,-0.04158,0.01222,-0.00051,-0.99906,0.04906,-0.01213,-0.00739,0.99870,1.00
3493,-0.00752,-0.00054,0.00778,-0.99994,-0.04210,-0.01460,0.00062,-0.99901,0.04973,0.01481,-0.00830,0.99862,1.00,-0.04212,0.01255,-0.00053,-0.99903,0.04953,-0.01234,-0.00736,0.99867,1.00
3504,-0.00747,-0.00064,0.00774,-0.99994,-0.04209,-0.01451,0.00061,-0.99901,0.04967,0.01482,-0.00826,0.99862,1.00,-0.04210,0.01264,-0.00053,-0.99903,0.04947,-0.01233,-0.00732,0.99867,1.00
3516,-0.00744,-0.00076,0.00772,-0.99994,-0.04213,-0.01439,0.00061,-0.99901,0.04967,0.01482,-0.00825,0.99862,1.00,-0.04213,0.01276,-0.00054,-0.99903,0.04947,-0.01233,-0.00731,0.99867,1.00
3526,-0.00742,-0.00085,0.00771,-0.99994,-0.04279,-0.01559,0.00067,-0.99896,0.05033,0.01611,-0.00829,0.99857,1.00,-0.04281,0.01156,-0.00050,-0.99902,0.05013,-0.01105,-0.00733,0.99865,1.00
3538,-0.00738,-0.00093,0.00775,-0.99994,-0.04277,-0.01563,0.00067,-0.99896,0.05026,0.01623,-0.00833,0.99857,1.00,-0.04279,0.01152,-0.00049,-0.99902,0.05007,-0.01093,-0.00737,0.99866,1.00
3549,-0.00735,-0.00101,0.00777,-0.99994,-0.04280,-0.01555,0.00067,-0.99896,0.05026,0.01623,-0.00836,0.99857,1.00,-0.04282,0.01160,-0.00050,-0.99902,0.05007,-0.01092,-0.00739,0.99866,1.00
3561,-0.00734,-0.00106,0.00787,-0.99994,-0.04254,-0.01441,0.00061,-0.99899,0.04999,0.01514,-0.00842,0.99860,1.00,-0.04255,0.01274,-0.00054,-0.99901,0.04979,-0.01202,-0.00746,0.99866,1.00
3571,-0.00730,-0.00109,0.00795,-0.99994,-0.04253,-0.01353,0.00058,-0.99900,0.04993,0.01428,-0.00846,0.99861,1.00,-0.04255,0.01362,-0.00058,-0.99900,0.04973,-0.01288,-0.00751,0.99865,1.00
3583,-0.00727,-0.00111,0.00796,-0.99994,-0.04257,-0.01351,0.00058,-0.99900,0.04993,0.01428,-0.00847,0.99861,1.00,-0.04258,0.01364,-0.00058,-0.99900,0.04973,-0.01288,-0.00752,0.99865,1.00
3593,-0.00717,-0.00112,0.00793,-0.99994,-0.04262,-0.01358,0.00058,-0.99900,0.04989,0.01437,-0.00845,0.99862,1.00,-0.04263,0.01357,-0.00058,-0.99900,0.04968,-0.01279,-0.00749,0.99866,1.00
3604,-0.00708,-0.00106,0.00789,-0.99994,-0.04272,-0.01364,0.00058,-0.99899,0.04989,0.01437,-0.00841,0.99862,1.00,-0.04272,0.01351,-0.00058,-0.99900,0.04968,-0.01279,-0.00744,0.99866,1.00
3616,-0.00693,-0.00102,0.00790,-0.99994,-0.04271,-0.01535,0.00066,-0.99897,0.04975,0.01604,-0.00848,0.99860,1.00,-0.04272,0.01180,-0.00050,-0.99902,0.04955,-0.01111,-0.00751,0.99868,1.00
3627,-0.00684,-0.00097,0.00791,-0.99994,-0.04241,-0.01543,0.00065,-0.99898,0.04936,0.01607,-0.00849,0.99862,1.00,-0.04242,0.01172,-0.00050,-0.99903,0.04916,-0.01109,-0.00753,0.99870,1.00
3638,-0.00672,-0.00090,0.00797,-0.99995,-0.04269,-0.01537,0.00066,-0.99897,0.04953,0.01593,-0.00855,0.99861,1.00,-0.04271,0.01178,-0.00050,-0.99902,0.04933,-0.01122,-0.00758,0.99869,1.00
3650,-0.00667,-0.00083,0.00800,-0.99995,-0.04274,-0.01545,0.00066,-0.99897,0.04953,0.01594,-0.00858,0.99861,1.00,-0.04276,0.01170,-0.00050,-0.99902,0.04933,-0.01122,-0.00760,0.99869,1.00
3660,-0.00662,-0.00077,0.00807,-0.99995,-0.04235,-0.01519,0.00064,-0.99899,0.04908,0.01562,-0.00864,0.99864,1.00,-0.04237,0.01196,-0.00051,-0.99903,0.04888,-0.01154,-0.00767,0.99871,1.00
3672,-0.00661,-0.00074,0.00815,-0.99994,-0.04165,-0.01500,0.00063,-0.99902,0.04836,0.01541,-0.00870,0.99867,1.00,-0.04166,0.01215,-0.00051,-0.99906,0.04816,-0.01175,-0.00774,0.99874,1.00
3683,-0.00661,-0.00074,0.00825,-0.99994,-0.04163,-0.01501,0.00063,-0.99902,0.04836,0.01541,-0.00879,0.99867,1.00,-0.04166,0.01214,-0.00051,-0.99906,0.04816,-0.01174,-0.00784,0.99874,1.00
3694,-0.00662,-0.00076,0.00828,-0.99994,-0.04154,-0.01492,0.00062,-0.99903,0.04827,0.01534,-0.00882,0.99868,1.00,-0.04156,0.01223,-0.00051,-0.99906,0.04807,-0.01182,-0.00787,0.99874,1.00
3705,-0.00663,-0.00077,0.00828,-0.99994,-0.04201,-0.01424,0.00060,-0.99902,0.04874,0.01466,-0.00881,0.99867,1.00,-0.04202,0.01291,-0.00054,-0.99903,0.04853,-0.01249,-0.00785,0.99871,1.00
3716,-0.00669,-0.00076,0.00829,-0.99994,-0.04194,-0.01425,0.00060,-0.99902,0.04874,0.01466,-0.00881,0.99867,1.00,-0.04195,0.01290,-0.00054,-0.99904,0.04853,-0.01249,-0.00786,0.99871,1.00
3727,-0.00670,-0.00076,0.00828,-0.99994,-0.04191,-0.01531,0.00064,-0.99900,0.04873,0.01572,-0.00884,0.99865,1.00,-0.04192,0.01184,-0.00050,-0.99905,0.04852,-0.01143,-0.00788,0.99873,1.00
3738,-0.00669,-0.00074,0.00832,-0.99994,-0.04354,-0.01501,0.00065,-0.99894,0.05035,0.01539,-0.00889,0.99857,1.00,-0.04356,0.01215,-0.00053,-0.99898,0.05014,-0.01177,-0.00789,0.99864,1.00
3750,-0.00667,-0.00066,0.00831,-0.99994,-0.04356,-0.01509,0.00066,-0.99894,0.05035,0.01539,-0.00889,0.99857,1.00,-0.04357,0.01206,-0.00053,-0.99898,0.05014,-0.01177,-0.00789,0.99864,1.00
3761,-0.00660,-0.00062,0.00837,-0.99994,-0.04156,-0.01512,0.00063,-0.99902,0.04828,0.01539,-0.00892,0.99868,1.00,-0.04158,0.01202,-0.00050,-0.99906,0.04807,-0.01176,-0.00797,0.99874,1.00
3771,-0.00654,-0.00054,0.00847,-0.99994,-0.04368,-0.01517,0.00066,-0.99893,0.05034,0.01534,-0.00905,0.99857,1.00,-0.04370,0.01198,-0.00052,-0.99897,0.05013,-0.01182,-0.00804,0.99864,1.00
3783,-0.00643,-0.00046,0.00858,-0.99994,-0.04379,-0.01526,0.00067,-0.99892,0.05034,0.01535,-0.00916,0.99857,1.00,-0.04381,0.01189,-0.00052,-0.99897,0.05013,-0.01181,-0.00815,0.99864,1.00
3794,-0.00624,-0.00039,0.00872,-0.99994,-0.04319,-0.01618,0.00070,-0.99894,0.04957,0.01620,-0.00932,0.99860,1.00,-0.04323,0.01097,-0.00047,-0.99901,0.04937,-0.01096,-0.00832,0.99869,1.00
3805,-0.00613,-0.00040,0.00884,-0.99994,-0.04439,-0.01611,0.00072,-0.99888,0.05066,0.01613,-0.00947,0.99854,1.00,-0.04443,0.01104,-0.00049,-0.99895,0.05045,-0.01103,-0.00843,0.99863,1.00
3817,-0.00599,-0.00049,0.00889,-0.99994,-0.04453,-0.01604,0.00071,-0.99888,0.05066,0.01613,-0.00952,0.99854,1.00,-0.04457,0.01112,-0.00050,-0.99894,0.05045,-0.01103,-0.00847,0.99863,1.00
3828,-0.00591,-0.00051,0.00886,-0.99994,-0.04330,-0.01588,0.00069,-0.99894,0.04934,0.01602,-0.00947,0.99861,1.00,-0.04333,0.01127,-0.00049,-0.99900,0.04913,-0.01114,-0.00845,0.99869,1.00
3838,-0.00585,-0.00054,0.00880,-0.99994,-0.04309,-0.01584,0.00068,-0.99895,0.04907,0.01600,-0.00941,0.99862,1.00,-0.04311,0.01131,-0.00049,-0.99901,0.04885,-0.01115,-0.00840,0.99871,1.00
3850,-0.00586,-0.00064,0.00860,-0.99995,-0.04309,-0.01572,0.00068,-0.99895,0.04908,0.01599,-0.00921,0.99862,1.00,-0.04310,0.01143,-0.00049,-0.99901,0.04885,-0.01116,-0.00820,0.99871,1.00
3861,-0.00581,-0.00076,0.00836,-0.99995,-0.04300,-0.01554,0.00067,-0.99895,0.04893,0.01594,-0.00896,0.99863,1.00,-0.04299,0.01161,-0.00050,-0.99901,0.04870,-0.01121,-0.00795,0.99872,1.00
3872,-0.00571,-0.00076,0.00818,-0.99995,-0.04406,-0.01560,0.00069,-0.99891,0.04988,0.01600,-0.00880,0.99859,1.00,-0.04404,0.01156,-0.00051,-0.99896,0.04965,-0.01116,-0.00776,0.99867,1.00
3884,-0.00543,-0.00079,0.00817,-0.99995,-0.04433,-0.01557,0.00069,-0.99890,0.04988,0.01600,-0.00880,0.99859,1.00,-0.04432,0.01158,-0.00051,-0.99895,0.04965,-0.01116,-0.00774,0.99867,1.00
3895,-0.00533,-0.00074,0.00820,-0.99995,-0.04443,-0.01369,0.00061,-0.99892,0.04986,0.01406,-0.00876,0.99862,1.00,-0.04441,0.01347,-0.00060,-0.99892,0.04962,-0.01310,-0.00770,0.99865,1.00
3905,-0.00520,-0.00077,0.00841,-0.99995,-0.04444,-0.01375,0.00061,-0.99892,0.04975,0.01415,-0.00898,0.99862,1.00,-0.04444,0.01340,-0.00060,-0.99892,0.04952,-0.01302,-0.00791,0.99866,1.00
3916,-0.00506,-0.00070,0.00860,-0.99995,-0.04458,-0.01384,0.00062,-0.99891,0.04974,0.01416,-0.00917,0.99862,1.00,-0.04459,0.01332,-0.00059,-0.99892,0.04953,-0.01301,-0.00810,0.99866,1.00
3928,-0.00497,-0.00070,0.00887,-0.99995,-0.04472,-0.01503,0.00067,-0.99889,0.04982,0.01534,-0.00949,0.99860,1.00,-0.04476,0.01213,-0.00054,-0.99892,0.04961,-0.01183,-0.00841,0.99866,1.00
3939,-0.00492,-0.00069,0.00903,-0.99995,-0.04430,-0.01504,0.00067,-0.99890,0.04935,0.01534,-0.00965,0.99862,1.00,-0.04434,0.01211,-0.00054,-0.99894,0.04914,-0.01183,-0.00858,0.99868,1.00
3950,-0.00499,-0.00070,0.00905,-0.99995,-0.04423,-0.01503,0.00067,-0.99891,0.04935,0.01534,-0.00966,0.99862,1.00,-0.04427,0.01212,-0.00054,-0.99895,0.04914,-0.01182,-0.00859,0.99868,1.00
3962,-0.00506,-0.00076,0.00903,-0.99995,-0.04251,-0.01493,0.00064,-0.99898,0.04770,0.01531,-0.00961,0.99870,1.00,-0.04254,0.01222,-0.00052,-0.99902,0.04749,-0.01184,-0.00859,0.99876,1.00
3972,-0.00519,-0.00083,0.00894,-0.99995,-0.04232,-0.01573,0.00067,-0.99898,0.04764,0.01618,-0.00955,0.99869,1.00,-0.04234,0.01142,-0.00048,-0.99904,0.04742,-0.01097,-0.00854,0.99878,1.00
3983,-0.00530,-0.00097,0.00883,-0.99995,-0.04221,-0.01558,0.00066,-0.99899,0.04765,0.01618,-0.00943,0.99869,1.00,-0.04223,0.01157,-0.00049,-0.99904,0.04742,-0.01097,-0.00843,0.99878,1.00
3995,-0.00541,-0.00115,0.00866,-0.99995,-0.04185,-0.01543,0.00065,-0.99900,0.04739,0.01621,-0.00927,0.99870,1.00,-0.04185,0.01172,-0.00049,-0.99905,0.04716,-0.01094,-0.00828,0.99879,1.00
4006,-0.00534,-0.00129,0.00864,-0.99995,-0.04196,-0.01538,0.00065,-0.99900,0.04743,0.01631,-0.00925,0.99870,1.00,-0.04197,0.01176,-0.00049,-0.99905,0.04720,-0.01084,-0.00825,0.99879,1.00
4017,-0.00530,-0.00138,0.00856,-0.99995,-0.04200,-0.01529,0.00064,-0.99900,0.04743,0.01631,-0.00917,0.99870,1.00,-0.04200,0.01186,-0.00050,-0.99905,0.04720,-0.01084,-0.00818,0.99879,1.00
4029,-0.00524,-0.00148,0.00848,-0.99995,-0.04215,-0.01476,0.00062,-0.99900,0.04750,0.01588,-0.00908,0.99870,1.00,-0.04214,0.01238,-0.00052,-0.99903,0.04726,-0.01127,-0.00808,0.99879,1.00
4040,-0.00529,-0.00149,0.00838,-0.99995,-0.04322,-0.01737,0.00075,-0.99891,0.04865,0.01849,-0.00910,0.99860,1.00,-0.04323,0.00978,-0.00042,-0.99902,0.04843,-0.00866,-0.00807,0.99876,1.00
4051,-0.00531,-0.00148,0.00831,-0.99995,-0.04320,-0.01737,0.00075,-0.99892,0.04865,0.01849,-0.00903,0.99860,1.00,-0.04321,0.00978,-0.00042,-0.99902,0.04843,-0.00867,-0.00800,0.99876,1.00
4061,-0.00534,-0.00142,0.00820,-0.99995,-0.04362,-0.01510,0.00066,-0.99893,0.04908,0.01617,-0.00883,0.99863,1.00,-0.04361,0.01205,-0.00053,-0.99898,0.04885,-0.01099,-0.00779,0.99872,1.00
4072,-0.00534,-0.00129,0.00809,-0.99995,-0.04317,-0.01575,0.00068,-0.99894,0.04863,0.01669,-0.00873,0.99864,1.00,-0.04316,0.01140,-0.00049,-0.99900,0.04841,-0.01047,-0.00770,0.99874,1.00
4084,-0.00532,-0.00111,0.00804,-0.99995,-0.04319,-0.01592,0.00069,-0.99894,0.04863,0.01669,-0.00868,0.99864,1.00,-0.04318,0.01123,-0.00049,-0.99900,0.04841,-0.01047,-0.00765,0.99874,1.00
4095,-0.00532,-0.00095,0.00814,-0.99995,-0.04366,-0.01497,0.00065,-0.99893,0.04910,0.01557,-0.00875,0.99863,1.00,-0.04366,0.01218,-0.00053,-0.99897,0.04887,-0.01159,-0.00771,0.99871,1.00
4105,-0.00536,-0.00075,0.00828,-0.99995,-0.04185,-0.01608,0.00067,-0.99899,0.04733,0.01648,-0.00890,0.99870,1.00,-0.04187,0.01107,-0.00046,-0.99906,0.04713,-0.01067,-0.00790,0.99880,1.00
4117,-0.00536,-0.00063,0.00829,-0.99995,-0.04185,-0.01619,0.00068,-0.99899,0.04733,0.01648,-0.00890,0.99870,1.00,-0.04186,0.01095,-0.00046,-0.99906,0.04713,-0.01067,-0.00791,0.99880,1.00
4129,-0.00519,-0.00047,0.00830,-0.99995,-0.04407,-0.01549,0.00068,-0.99891,0.04939,0.01560,-0.00891,0.99862,1.00,-0.04409,0.01167,-0.00051,-0.99896,0.04918,-0.01156,-0.00785,0.99869,1.00
4139,-0.00507,-0.00041,0.00834,-0.99995,-0.04395,-0.01607,0.00071,-0.99890,0.04914,0.01611,-0.00897,0.99862,1.00,-0.04396,0.01109,-0.00049,-0.99897,0.04893,-0.01105,-0.00792,0.99871,1.00
4150,-0.00485,-0.00043,0.00851,-0.99995,-0.04416,-0.01606,0.00071,-0.99890,0.04914,0.01612,-0.00915,0.99862,1.00,-0.04419,0.01110,-0.00049,-0.99896,0.04894,-0.01104,-0.00808,0.99871,1.00
4161,-0.00467,-0.00045,0.00868,-0.99995,-0.04427,-0.01516,0.00067,-0.99890,0.04906,0.01523,-0.00929,0.99864,1.00,-0.04430,0.01200,-0.00053,-0.99895,0.04886,-0.01193,-0.00821,0.99870,1.00
4173,-0.00447,-0.00052,0.00872,-0.99995,-0.04353,-0.01644,0.00072,-0.99892,0.04814,0.01659,-0.00938,0.99866,1.00,-0.04357,0.01071,-0.00047,-0.99899,0.04794,-0.01057,-0.00832,0.99876,1.00
4184,-0.00439,-0.00062,0.00869,-0.99995,-0.04362,-0.01634,0.00071,-0.99891,0.04814,0.01658,-0.00935,0.99866,1.00,-0.04366,0.01081,-0.00047,-0.99899,0.04794,-0.01057,-0.00828,0.99876,1.00
4195,-0.00437,-0.00073,0.00864,-0.99995,-0.04343,-0.01504,0.00065,-0.99894,0.04792,0.01540,-0.00925,0.99869,1.00,-0.04345,0.01211,-0.00053,-0.99898,0.04771,-0.01176,-0.00818,0.99876,1.00
4206,-0.00437,-0.00081,0.00859,-0.99995,-0.04294,-0.01498,0.00064,-0.99897,0.04743,0.01542,-0.00920,0.99871,1.00,-0.04295,0.01217,-0.00052,-0.99900,0.04721,-0.01173,-0.00815,0.99878,1.00
4217,-0.00447,-0.00092,0.00850,-0.99995,-0.04285,-0.01486,0.00064,-0.99897,0.04744,0.01542,-0.00910,0.99871,1.00,-0.04285,0.01229,-0.00053,-0.99901,0.04721,-0.01174,-0.00806,0.99878,1.00
4228,-0.00461,-0.00101,0.00844,-0.99995,-0.04514,-0.01486,0.00067,-0.99887,0.04987,0.01549,-0.00908,0.99859,1.00,-0.04514,0.01230,-0.00056,-0.99890,0.04964,-0.01168,-0.00798,0.99867,1.00
4240,-0.00474,-0.00109,0.00841,-0.99995,-0.04243,-0.01527,0.00065,-0.99898,0.04728,0.01601,-0.00902,0.99871,1.00,-0.04243,0.01188,-0.00050,-0.99903,0.04706,-0.01115,-0.00800,0.99880,1.00
4250,-0.00482,-0.00114,0.00834,-0.99995,-0.04235,-0.01522,0.00064,-0.99899,0.04728,0.01600,-0.00895,0.99871,1.00,-0.04234,0.01193,-0.00051,-0.99903,0.04706,-0.01115,-0.00793,0.99880,1.00
4262,-0.00483,-0.00109,0.00832,-0.99995,-0.04472,-0.01586,0.00071,-0.99887,0.04968,0.01658,-0.00899,0.99859,1.00,-0.04472,0.01130,-0.00051,-0.99894,0.04946,-0.01059,-0.00791,0.99869,1.00
4273,-0.00478,-0.00101,0.00828,-0.99995,-0.04265,-0.01603,0.00068,-0.99896,0.04755,0.01669,-0.00893,0.99869,1.00,-0.04266,0.01112,-0.00047,-0.99903,0.04734,-0.01047,-0.00790,0.99879,1.00
4284,-0.00469,-0.00089,0.00826,-0.99995,-0.04274,-0.01615,0.00069,-0.99896,0.04755,0.01669,-0.00891,0.99869,1.00,-0.04274,0.01100,-0.00047,-0.99903,0.04734,-0.01047,-0.00787,0.99879,1.00
4295,-0.00458,-0.00076,0.00835,-0.99995,-0.04436,-0.01696,0.00075,-0.99887,0.04908,0.01735,-0.00905,0.99860,1.00,-0.04438,0.01020,-0.00045,-0.99896,0.04887,-0.00981,-0.00797,0.99873,1.00
4307,-0.00442,-0.00054,0.00847,-0.99995,-0.04449,-0.01715,0.00076,-0.99886,0.04905,0.01731,-0.00918,0.99860,1.00,-0.04452,0.01001,-0.00045,-0.99896,0.04885,-0.00985,-0.00809,0.99872,1.00
4317,-0.00436,-0.00046,0.00862,-0.99995,-0.04455,-0.01723,0.00077,-0.99886,0.04905,0.01732,-0.00932,0.99860,1.00,-0.04459,0.00992,-0.00044,-0.99896,0.04885,-0.00985,-0.00823,0.99872,1.00
4328,-0.00426,-0.00028,0.00867,-0.99995,-0.04457,-0.01736,0.00077,-0.99886,0.04897,0.01725,-0.00937,0.99861,1.00,-0.04460,0.00980,-0.00044,-0.99896,0.04877,-0.00991,-0.00828,0.99873,1.00
4340,-0.00419,-0.00022,0.00871,-0.99995,-0.04607,-0.01653,0.00076,-0.99880,0.05039,0.01635,-0.00940,0.99855,1.00,-0.04610,0.01063,-0.00049,-0.99888,0.05019,-0.01081,-0.00826,0.99865,1.00
4351,-0.00418,-0.00019,0.00874,-0.99995,-0.04608,-0.01656,0.00076,-0.99880,0.05039,0.01636,-0.00943,0.99855,1.00,-0.04611,0.01060,-0.00049,-0.99888,0.05019,-0.01081,-0.00829,0.99865,1.00
4363,-0.00412,-0.00013,0.00870,-0.99995,-0.04374,-0.01572,0.00069,-0.99892,0.04799,0.01547,-0.00932,0.99868,1.00,-0.04376,0.01143,-0.00050,-0.99898,0.04777,-0.01169,-0.00825,0.99876,1.00
4374,-0.00413,-0.00009,0.00867,-0.99995,-0.04381,-0.01561,0.00068,-0.99892,0.04807,0.01532,-0.00928,0.99868,1.00,-0.04383,0.01155,-0.00051,-0.99897,0.04784,-0.01184,-0.00821,0.99875,1.00
4384,-0.00413,-0.00011,0.00863,-0.99995,-0.04381,-0.01558,0.00068,-0.99892,0.04807,0.01532,-0.00925,0.99868,1.00,-0.04382,0.01157,-0.00051,-0.99897,0.04784,-0.01184,-0.00817,0.99875,1.00
4395,-0.00412,-0.00016,0.00861,-0.99995,-0.04357,-0.01561,0.00068,-0.99893,0.04782,0.01540,-0.00923,0.99869,1.00,-0.04358,0.01155,-0.00050,-0.99898,0.04759,-0.01176,-0.00815,0.99876,1.00
4407,-0.00416,-0.00016,0.00857,-0.99995,-0.04340,-0.01556,0.00068,-0.99894,0.04768,0.01535,-0.00918,0.99870,1.00,-0.04341,0.01159,-0.00050,-0.99899,0.04746,-0.01181,-0.00811,0.99877,1.00
4418,-0.00421,-0.00022,0.00858,-0.99995,-0.04334,-0.01550,0.00067,-0.99894,0.04768,0.01535,-0.00919,0.99870,1.00,-0.04335,0.01166,-0.00051,-0.99899,0.04746,-0.01181,-0.00813,0.99877,1.00
4428,-0.00431,-0.00025,0.00857,-0.99995,-0.04324,-0.01546,0.00067,-0.99895,0.04767,0.01534,-0.00918,0.99870,1.00,-0.04325,0.01169,-0.00051,-0.99900,0.04744,-0.01182,-0.00812,0.99877,1.00
4441,-0.00444,-0.00036,0.00859,-0.99995,-0.04251,-0.01440,0.00061,-0.99899,0.04706,0.01440,-0.00915,0.99875,1.00,-0.04251,0.01275,-0.00054,-0.99901,0.04683,-0.01276,-0.00811,0.99879,1.00
4451,-0.00456,-0.00040,0.00865,-0.99995,-0.04238,-0.01436,0.00061,-0.99900,0.04706,0.01440,-0.00920,0.99875,1.00,-0.04239,0.01278,-0.00054,-0.99902,0.04683,-0.01275,-0.00818,0.99879,1.00
4462,-0.00471,-0.00060,0.00869,-0.99995,-0.04231,-0.01543,0.00065,-0.99899,0.04715,0.01567,-0.00929,0.99872,1.00,-0.04232,0.01171,-0.00050,-0.99904,0.04693,-0.01149,-0.00827,0.99880,1.00
4474,-0.00481,-0.00069,0.00870,-0.99995,-0.04234,-0.01568,0.00066,-0.99898,0.04728,0.01600,-0.00931,0.99871,1.00,-0.04236,0.01147,-0.00049,-0.99904,0.04706,-0.01115,-0.00829,0.99880,1.00
4484,-0.00497,-0.00084,0.00875,-0.99995,-0.04218,-0.01553,0.00066,-0.99899,0.04728,0.01601,-0.00936,0.99871,1.00,-0.04220,0.01162,-0.00049,-0.99904,0.04706,-0.01115,-0.00835,0.99880,1.00
4496,-0.00512,-0.00097,0.00874,-0.99995,-0.04266,-0.01552,0.00066,-0.99897,0.04791,0.01612,-0.00936,0.99868,1.00,-0.04268,0.01163,-0.00050,-0.99902,0.04769,-0.01104,-0.00834,0.99877,1.00
4507,-0.00531,-0.00104,0.00876,-0.99995,-0.04417,-0.01504,0.00066,-0.99891,0.04961,0.01569,-0.00938,0.99860,1.00,-0.04419,0.01212,-0.00054,-0.99895,0.04938,-0.01147,-0.00833,0.99868,1.00
4518,-0.00547,-0.00113,0.00873,-0.99995,-0.04401,-0.01493,0.00066,-0.99892,0.04961,0.01569,-0.00935,0.99860,1.00,-0.04402,0.01222,-0.00054,-0.99896,0.04938,-0.01147,-0.00830,0.99868,1.00
4530,-0.00566,-0.00121,0.00872,-0.99995,-0.04250,-0.01332,0.00057,-0.99901,0.04827,0.01416,-0.00925,0.99869,1.00,-0.04250,0.01383,-0.00059,-0.99900,0.04803,-0.01299,-0.00825,0.99873,1.00
4541,-0.00573,-0.00130,0.00869,-0.99994,-0.04320,-0.01338,0.00058,-0.99898,0.04904,0.01431,-0.00924,0.99865,1.00,-0.04320,0.01377,-0.00060,-0.99897,0.04881,-0.01284,-0.00823,0.99869,1.00
4552,-0.00570,-0.00138,0.00871,-0.99994,-0.04323,-0.01331,0.00058,-0.99898,0.04904,0.01431,-0.00926,0.99865,1.00,-0.04323,0.01384,-0.00060,-0.99897,0.04881,-0.01284,-0.00824,0.99869,1.00
4563,-0.00566,-0.00140,0.00874,-0.99994,-0.04332,-0.01487,0.00064,-0.99895,0.04910,0.01590,-0.00935,0.99862,1.00,-0.04333,0.01228,-0.00053,-0.99899,0.04888,-0.01126,-0.00833,0.99871,1.00
4574,-0.00549,-0.00142,0.00882,-0.99995,-0.04382,-0.01499,0.00066,-0.99893,0.04943,0.01603,-0.00945,0.99860,1.00,-0.04383,0.01216,-0.00053,-0.99896,0.04921,-0.01113,-0.00841,0.99869,1.00
4585,-0.00527,-0.00145,0.00913,-0.99994,-0.04403,-0.01500,0.00066,-0.99892,0.04943,0.01605,-0.00977,0.99860,1.00,-0.04406,0.01216,-0.00054,-0.99895,0.04921,-0.01111,-0.00872,0.99869,1.00
4596,-0.00517,-0.00148,0.00935,-0.99994,-0.04395,-0.01480,0.00065,-0.99892,0.04925,0.01586,-0.00998,0.99861,1.00,-0.04399,0.01236,-0.00054,-0.99896,0.04904,-0.01130,-0.00893,0.99869,1.00
4607,-0.00517,-0.00144,0.00958,-0.99994,-0.04495,-0.01491,0.00067,-0.99888,0.05025,0.01592,-0.01022,0.99856,1.00,-0.04500,0.01225,-0.00055,-0.99891,0.05004,-0.01125,-0.00914,0.99864,1.00
4618,-0.00520,-0.00145,0.00965,-0.99994,-0.04492,-0.01490,0.00067,-0.99888,0.05025,0.01592,-0.01029,0.99856,1.00,-0.04497,0.01225,-0.00055,-0.99891,0.05004,-0.01124,-0.00921,0.99864,1.00
4629,-0.00525,-0.00149,0.00967,-0.99994,-0.04334,-0.01521,0.00066,-0.99894,0.04873,0.01628,-0.01030,0.99863,1.00,-0.04338,0.01195,-0.00052,-0.99899,0.04851,-0.01088,-0.00926,0.99872,1.00
4640,-0.00523,-0.00156,0.00974,-0.99994,-0.04266,-0.01517,0.00065,-0.99897,0.04803,0.01632,-0.01036,0.99866,1.00,-0.04269,0.01198,-0.00051,-0.99902,0.04780,-0.01083,-0.00934,0.99875,1.00
4651,-0.00529,-0.00164,0.00972,-0.99994,-0.04261,-0.01510,0.00064,-0.99898,0.04803,0.01632,-0.01035,0.99866,1.00,-0.04264,0.01205,-0.00051,-0.99902,0.04780,-0.01083,-0.00933,0.99875,1.00
4664,-0.00530,-0.00177,0.00971,-0.99994,-0.04184,-0.01486,0.00062,-0.99901,0.04727,0.01622,-0.01031,0.99870,1.00,-0.04186,0.01229,-0.00052,-0.99905,0.04703,-0.01093,-0.00932,0.99879,1.00
4675,-0.00527,-0.00190,0.00969,-0.99994,-0.04189,-0.01482,0.00062,-0.99901,0.04729,0.01631,-0.01030,0.99870,1.00,-0.04190,0.01233,-0.00052,-0.99905,0.04704,-0.01084,-0.00931,0.99879,1.00
4686,-0.00523,-0.00197,0.00963,-0.99994,-0.04289,-0.01526,0.00066,-0.99896,0.04825,0.01682,-0.01028,0.99864,1.00,-0.04290,0.01189,-0.00051,-0.99901,0.04800,-0.01034,-0.00926,0.99875,1.00
4698,-0.00518,-0.00201,0.00957,-0.99994,-0.04293,-0.01522,0.00065,-0.99896,0.04825,0.01682,-0.01022,0.99864,1.00,-0.04294,0.01194,-0.00051,-0.99901,0.04800,-0.01034,-0.00919,0.99875,1.00
4709,-0.00514,-0.00200,0.00952,-0.99994,-0.04296,-0.01535,0.00066,-0.99896,0.04823,0.01694,-0.01017,0.99864,1.00,-0.04297,0.01180,-0.00051,-0.99901,0.04798,-0.01022,-0.00915,0.99875,1.00
4720,-0.00511,-0.00198,0.00948,-0.99994,-0.04299,-0.01536,0.00066,-0.99896,0.04824,0.01693,-0.01013,0.99864,1.00,-0.04299,0.01179,-0.00051,-0.99901,0.04798,-0.01022,-0.00911,0.99875,1.00
4732,-0.00509,-0.00191,0.00945,-0.99994,-0.04267,-0.01553,0.00066,-0.99897,0.04790,0.01704,-0.01010,0.99866,1.00,-0.04267,0.01162,-0.00050,-0.99902,0.04765,-0.01012,-0.00908,0.99877,1.00
4742,-0.00506,-0.00180,0.00938,-0.99994,-0.04266,-0.01375,0.00059,-0.99899,0.04784,0.01516,-0.00997,0.99869,1.00,-0.04265,0.01340,-0.00057,-0.99900,0.04758,-0.01200,-0.00895,0.99876,1.00
4754,-0.00507,-0.00171,0.00931,-0.99994,-0.04368,-0.01495,0.00065,-0.99893,0.04889,0.01625,-0.00995,0.99862,1.00,-0.04368,0.01221,-0.00053,-0.99897,0.04863,-0.01091,-0.00890,0.99872,1.00
4765,-0.00511,-0.00162,0.00921,-0.99994,-0.04365,-0.01502,0.00066,-0.99893,0.04889,0.01624,-0.00985,0.99862,1.00,-0.04364,0.01213,-0.00053,-0.99897,0.04863,-0.01092,-0.00880,0.99872,1.00
4775,-0.00527,-0.00146,0.00907,-0.99994,-0.04359,-0.01510,0.00066,-0.99894,0.04899,0.01616,-0.00970,0.99862,1.00,-0.04358,0.01205,-0.00053,-0.99898,0.04873,-0.01099,-0.00866,0.99871,1.00
4787,-0.00537,-0.00133,0.00888,-0.99995,-0.04340,-0.01596,0.00069,-0.99893,0.04889,0.01691,-0.00954,0.99862,1.00,-0.04338,0.01119,-0.00049,-0.99900,0.04864,-0.01025,-0.00851,0.99873,1.00
4798,-0.00551,-0.00119,0.00867,-0.99995,-0.04325,-0.01608,0.00070,-0.99893,0.04890,0.01689,-0.00932,0.99862,1.00,-0.04323,0.01107,-0.00048,-0.99900,0.04864,-0.01026,-0.00829,0.99873,1.00
4809,-0.00556,-0.00102,0.00859,-0.99995,-0.04316,-0.01660,0.00072,-0.99893,0.04886,0.01726,-0.00925,0.99861,1.00,-0.04314,0.01055,-0.00046,-0.99901,0.04861,-0.00990,-0.00823,0.99874,1.00
4820,-0.00563,-0.00090,0.00861,-0.99995,-0.04317,-0.01668,0.00072,-0.99893,0.04894,0.01722,-0.00926,0.99861,1.00,-0.04317,0.01047,-0.00045,-0.99901,0.04870,-0.00994,-0.00824,0.99873,1.00
4830,-0.00557,-0.00079,0.00867,-0.99995,-0.04323,-0.01680,0.00073,-0.99892,0.04893,0.01722,-0.00933,0.99861,1.00,-0.04323,0.01035,-0.00045,-0.99901,0.04870,-0.00994,-0.00831,0.99873,1.00
4841,-0.00556,-0.00067,0.00867,-0.99995,-0.04335,-0.01672,0.00073,-0.99892,0.04905,0.01702,-0.00933,0.99861,1.00,-0.04336,0.01043,-0.00045,-0.99901,0.04882,-0.01014,-0.00830,0.99872,1.00
4852,-0.00550,-0.00057,0.00873,-0.99995,-0.04341,-0.01683,0.00073,-0.99892,0.04904,0.01702,-0.00938,0.99861,1.00,-0.04342,0.01032,-0.00045,-0.99900,0.04882,-0.01013,-0.00835,0.99872,1.00
4863,-0.00547,-0.00050,0.00868,-0.99995,-0.04350,-0.01665,0.00073,-0.99891,0.04911,0.01677,-0.00932,0.99861,1.00,-0.04351,0.01050,-0.00046,-0.99900,0.04888,-0.01038,-0.00829,0.99872,1.00
4875,-0.00542,-0.00047,0.00869,-0.99995,-0.04389,-0.01651,0.00073,-0.99890,0.04944,0.01660,-0.00933,0.99860,1.00,-0.04391,0.01065,-0.00047,-0.99898,0.04922,-0.01056,-0.00829,0.99870,1.00
4886,-0.00532,-0.00050,0.00867,-0.99995,-0.04400,-0.01648,0.00073,-0.99890,0.04945,0.01659,-0.00932,0.99860,1.00,-0.04401,0.01068,-0.00047,-0.99897,0.04922,-0.01056,-0.00827,0.99870,1.00
4897,-0.00528,-0.00057,0.00870,-0.99995,-0.04400,-0.01632,0.00072,-0.99890,0.04941,0.01650,-0.00935,0.99860,1.00,-0.04401,0.01084,-0.00048,-0.99897,0.04919,-0.01066,-0.00829,0.99870,1.00
4908,-0.00522,-0.00064,0.00870,-0.99995,-0.04423,-0.01616,0.00072,-0.99889,0.04958,0.01642,-0.00935,0.99859,1.00,-0.04424,0.01099,-0.00049,-0.99896,0.04936,-0.01074,-0.00829,0.99869,1.00
4920,-0.00517,-0.00080,0.00878,-0.99995,-0.04427,-0.01601,0.00071,-0.99889,0.04958,0.01642,-0.00943,0.99859,1.00,-0.04429,0.01114,-0.00049,-0.99896,0.04936,-0.01074,-0.00837,0.99869,1.00
4930,-0.00515,-0.00090,0.00878,-0.99995,-0.04421,-0.01674,0.00074,-0.99888,0.04950,0.01726,-0.00946,0.99858,1.00,-0.04423,0.01042,-0.00046,-0.99897,0.04929,-0.00990,-0.00840,0.99870,1.00
4942,-0.00516,-0.00106,0.00878,-0.99995,-0.04414,-0.01500,0.00066,-0.99891,0.04942,0.01567,-0.00940,0.99861,1.00,-0.04415,0.01216,-0.00054,-0.99895,0.04919,-0.01149,-0.00834,0.99869,1.00
4953,-0.00511,-0.00121,0.00875,-0.99995,-0.04430,-0.01663,0.00074,-0.99888,0.04955,0.01745,-0.00944,0.99857,1.00,-0.04432,0.01053,-0.00047,-0.99896,0.04933,-0.00971,-0.00838,0.99870,1.00
4964,-0.00505,-0.00130,0.00876,-0.99995,-0.04436,-0.01654,0.00073,-0.99888,0.04955,0.01745,-0.00946,0.99857,1.00,-0.04438,0.01061,-0.00047,-0.99896,0.04933,-0.00971,-0.00839,0.99870,1.00
4975,-0.00501,-0.00138,0.00885,-0.99995,-0.04412,-0.01496,0.00066,-0.99891,0.04925,0.01596,-0.00949,0.99861,1.00,-0.04413,0.01219,-0.00054,-0.99895,0.04903,-0.01120,-0.00842,0.99870,1.00
4986,-0.00492,-0.00144,0.00889,-0.99995,-0.04477,-0.01443,0.00065,-0.99889,0.04980,0.01547,-0.00952,0.99859,1.00,-0.04478,0.01273,-0.00057,-0.99892,0.04958,-0.01169,-0.00844,0.99867,1.00
4998,-0.00483,-0.00150,0.00905,-0.99995,-0.04485,-0.01439,0.00065,-0.99889,0.04980,0.01548,-0.00969,0.99859,1.00,-0.04488,0.01277,-0.00057,-0.99891,0.04958,-0.01168,-0.00860,0.99866,1.00
5009,-0.00474,-0.00153,0.00915,-0.99995,-0.04425,-0.01449,0.00064,-0.99892,0.04911,0.01562,-0.00978,0.99862,1.00,-0.04427,0.01266,-0.00056,-0.99894,0.04889,-0.01154,-0.00871,0.99870,1.00
5020,-0.00463,-0.00158,0.00935,-0.99994,-0.04435,-0.01446,0.00064,-0.99891,0.04911,0.01563,-0.00998,0.99862,1.00,-0.04439,0.01269,-0.00056,-0.99893,0.04889,-0.01153,-0.00890,0.99870,1.00
5032,-0.00454,-0.00162,0.00947,-0.99994,-0.04208,-0.01434,0.00060,-0.99901,0.04675,0.01555,-0.01007,0.99873,1.00,-0.04212,0.01281,-0.00054,-0.99903,0.04653,-0.01160,-0.00905,0.99881,1.00
5042,-0.00447,-0.00173,0.00965,-0.99994,-0.04203,-0.01427,0.00060,-0.99901,0.04663,0.01560,-0.01025,0.99874,1.00,-0.04207,0.01287,-0.00054,-0.99903,0.04641,-0.01155,-0.00923,0.99881,1.00
5053,-0.00440,-0.00177,0.00972,-0.99994,-0.04396,-0.01319,0.00058,-0.99895,0.04848,0.01454,-0.01031,0.99867,1.00,-0.04398,0.01396,-0.00061,-0.99893,0.04824,-0.01262,-0.00923,0.99871,1.00
5064,-0.00448,-0.00191,0.00982,-0.99994,-0.04388,-0.01306,0.00057,-0.99895,0.04848,0.01454,-0.01041,0.99866,1.00,-0.04391,0.01409,-0.00062,-0.99894,0.04825,-0.01262,-0.00934,0.99871,1.00
5076,-0.00457,-0.00205,0.00988,-0.99994,-0.04371,-0.01301,0.00057,-0.99896,0.04841,0.01463,-0.01047,0.99867,1.00,-0.04374,0.01414,-0.00062,-0.99894,0.04817,-0.01253,-0.00941,0.99872,1.00
5086,-0.00464,-0.00218,0.00991,-0.99994,-0.04366,-0.01288,0.00056,-0.99896,0.04841,0.01463,-0.01049,0.99867,1.00,-0.04368,0.01428,-0.00062,-0.99894,0.04817,-0.01253,-0.00943,0.99872,1.00
5096,-0.00476,-0.00238,0.00994,-0.99994,-0.04602,-0.01280,0.00059,-0.99886,0.05090,0.01472,-0.01057,0.99854,1.00,-0.04603,0.01437,-0.00066,-0.99884,0.05065,-0.01245,-0.00945,0.99859,1.00
5108,-0.00475,-0.00250,0.00996,-0.99994,-0.04607,-0.01267,0.00058,-0.99886,0.05093,0.01471,-0.01059,0.99854,1.00,-0.04608,0.01450,-0.00067,-0.99883,0.05067,-0.01246,-0.00947,0.99859,1.00
5120,-0.00475,-0.00264,0.00999,-0.99994,-0.04607,-0.01253,0.00058,-0.99886,0.05093,0.01471,-0.01061,0.99854,1.00,-0.04608,0.01463,-0.00068,-0.99883,0.05067,-0.01246,-0.00949,0.99859,1.00
5132,-0.00465,-0.00270,0.00996,-0.99994,-0.04317,-0.01246,0.00054,-0.99899,0.04794,0.01473,-0.01054,0.99869,1.00,-0.04317,0.01469,-0.00063,-0.99896,0.04767,-0.01242,-0.00950,0.99874,1.00
5142,-0.00461,-0.00283,0.01003,-0.99994,-0.04299,-0.01254,0.00054,-0.99900,0.04772,0.01494,-0.01063,0.99869,1.00,-0.04299,0.01461,-0.00063,-0.99897,0.04745,-0.01221,-0.00958,0.99875,1.00
5154,-0.00461,-0.00289,0.01011,-0.99993,-0.04298,-0.01414,0.00061,-0.99898,0.04772,0.01659,-0.01076,0.99866,1.00,-0.04299,0.01301,-0.00056,-0.99899,0.04747,-0.01056,-0.00972,0.99877,1.00
5164,-0.00466,-0.00293,0.01018,-0.99993,-0.04293,-0.01410,0.00061,-0.99898,0.04772,0.01659,-0.01083,0.99866,1.00,-0.04295,0.01305,-0.00056,-0.99899,0.04747,-0.01056,-0.00979,0.99877,1.00
5175,-0.00476,-0.00294,0.01025,-0.99993,-0.04341,-0.01424,0.00062,-0.99896,0.04831,0.01674,-0.01091,0.99863,1.00,-0.04343,0.01292,-0.00056,-0.99897,0.04805,-0.01042,-0.00986,0.99874,1.00
5186,-0.00488,-0.00290,0.01027,-0.99993,-0.04332,-0.01126,0.00049,-0.99900,0.04830,0.01372,-0.01082,0.99868,1.00,-0.04331,0.01590,-0.00069,-0.99893,0.04803,-0.01344,-0.00978,0.99871,1.00
5198,-0.00500,-0.00289,0.01025,-0.99993,-0.04320,-0.01127,0.00049,-0.99900,0.04831,0.01371,-0.01080,0.99868,1.00,-0.04319,0.01588,-0.00069,-0.99894,0.04803,-0.01344,-0.00976,0.99871,1.00
5209,-0.00509,-0.00284,0.01018,-0.99993,-0.04320,-0.01083,0.00047,-0.99901,0.04839,0.01323,-0.01071,0.99868,1.00,-0.04318,0.01632,-0.00071,-0.99893,0.04810,-0.01393,-0.00967,0.99870,1.00
5219,-0.00514,-0.00274,0.01016,-0.99993,-0.04367,-0.01147,0.00050,-0.99898,0.04892,0.01377,-0.01071,0.99865,1.00,-0.04366,0.01568,-0.00069,-0.99892,0.04863,-0.01339,-0.00967,0.99868,1.00
5231,-0.00518,-0.00259,0.01008,-0.99993,-0.04363,-0.01162,0.00051,-0.99898,0.04892,0.01376,-0.01063,0.99865,1.00,-0.04361,0.01554,-0.00068,-0.99893,0.04863,-0.01340,-0.00959,0.99868,1.00
5242,-0.00520,-0.00245,0.01009,-0.99993,-0.04430,-0.01088,0.00048,-0.99896,0.04959,0.01288,-0.01061,0.99863,1.00,-0.04427,0.01627,-0.00072,-0.99889,0.04930,-0.01428,-0.00955,0.99864,1.00
5253,-0.00523,-0.00222,0.01024,-0.99993,-0.04426,-0.01112,0.00049,-0.99896,0.04959,0.01289,-0.01076,0.99863,1.00,-0.04424,0.01603,-0.00071,-0.99889,0.04930,-0.01427,-0.00970,0.99863,1.00
5265,-0.00526,-0.00207,0.01036,-0.99993,-0.04373,-0.01426,0.00062,-0.99894,0.04912,0.01588,-0.01099,0.99861,1.00,-0.04374,0.01289,-0.00056,-0.99896,0.04885,-0.01128,-0.00995,0.99869,1.00
5276,-0.00527,-0.00184,0.01045,-0.99993,-0.04381,-0.01343,0.00059,-0.99895,0.04921,0.01480,-0.01103,0.99862,1.00,-0.04382,0.01373,-0.00060,-0.99894,0.04894,-0.01235,-0.00999,0.99868,1.00
5286,-0.00527,-0.00174,0.01052,-0.99993,-0.04262,-0.01330,0.00057,-0.99900,0.04801,0.01460,-0.01108,0.99868,1.00,-0.04263,0.01385,-0.00059,-0.99900,0.04774,-0.01256,-0.01006,0.99873,1.00
5298,-0.00523,-0.00159,0.01053,-0.99993,-0.04265,-0.01346,0.00057,-0.99900,0.04801,0.01460,-0.01109,0.99868,1.00,-0.04266,0.01369,-0.00058,-0.99900,0.04774,-0.01256,-0.01007,0.99873,1.00
5308,-0.00522,-0.00153,0.01064,-0.99993,-0.04395,-0.01328,0.00058,-0.99895,0.04930,0.01435,-0.01121,0.99862,1.00,-0.04396,0.01387,-0.00061,-0.99894,0.04903,-0.01281,-0.01016,0.99866,1.00
5320,-0.00521,-0.00152,0.01066,-0.99993,-0.04396,-0.01330,0.00059,-0.99894,0.04930,0.01435,-0.01123,0.99862,1.00,-0.04398,0.01385,-0.00061,-0.99894,0.04903,-0.01281,-0.01018,0.99866,1.00
5332,-0.00521,-0.00155,0.01066,-0.99993,-0.04336,-0.01393,0.00060,-0.99896,0.04870,0.01502,-0.01125,0.99864,1.00,-0.04337,0.01323,-0.00057,-0.99897,0.04843,-0.01214,-0.01021,0.99870,1.00
5343,-0.00520,-0.00158,0.01062,-0.99993,-0.04337,-0.01385,0.00060,-0.99896,0.04870,0.01497,-0.01120,0.99864,1.00,-0.04337,0.01330,-0.00058,-0.99897,0.04842,-0.01218,-0.01016,0.99870,1.00
5353,-0.00518,-0.00165,0.01054,-0.99993,-0.04338,-0.01362,0.00059,-0.99897,0.04869,0.01481,-0.01112,0.99864,1.00,-0.04338,0.01353,-0.00059,-0.99897,0.04841,-0.01234,-0.01008,0.99870,1.00
5365,-0.00517,-0.00172,0.01049,-0.99993,-0.04339,-0.01354,0.00059,-0.99897,0.04870,0.01481,-0.01107,0.99864,1.00,-0.04338,0.01361,-0.00059,-0.99897,0.04841,-0.01235,-0.01003,0.99870,1.00
5376,-0.00513,-0.00174,0.01042,-0.99993,-0.04311,-0.01341,0.00058,-0.99898,0.04837,0.01471,-0.01099,0.99866,1.00,-0.04310,0.01374,-0.00059,-0.99898,0.04808,-0.01245,-0.00996,0.99872,1.00
5387,-0.00505,-0.00179,0.01030,-0.99993,-0.04320,-0.01339,0.00058,-0.99898,0.04838,0.01474,-0.01088,0.99866,1.00,-0.04319,0.01376,-0.00059,-0.99897,0.04809,-0.01242,-0.00985,0.99872,1.00
5399,-0.00493,-0.00180,0.01024,-0.99993,-0.04333,-0.01338,0.00058,-0.99897,0.04839,0.01474,-0.01082,0.99866,1.00,-0.04331,0.01377,-0.00060,-0.99897,0.04809,-0.01242,-0.00978,0.99872,1.00
5409,-0.00481,-0.00184,0.01023,-0.99993,-0.04312,-0.01185,0.00051,-0.99900,0.04804,0.01324,-0.01075,0.99870,1.00,-0.04310,0.01530,-0.00066,-0.99895,0.04775,-0.01391,-0.00971,0.99872,1.00
5420,-0.00474,-0.00179,0.01021,-0.99994,-0.04336,-0.01190,0.00052,-0.99899,0.04821,0.01324,-0.01074,0.99869,1.00,-0.04335,0.01526,-0.00066,-0.99894,0.04792,-0.01392,-0.00969,0.99871,1.00
5431,-0.00477,-0.00178,0.01023,-0.99993,-0.04333,-0.01190,0.00052,-0.99899,0.04821,0.01324,-0.01076,0.99869,1.00,-0.04331,0.01525,-0.00066,-0.99895,0.04792,-0.01392,-0.00971,0.99871,1.00
5442,-0.00483,-0.00177,0.01018,-0.99993,-0.04447,-0.01193,0.00053,-0.99894,0.04940,0.01324,-0.01072,0.99863,1.00,-0.04445,0.01523,-0.00068,-0.99890,0.04911,-0.01392,-0.00965,0.99865,1.00
5454,-0.00494,-0.00175,0.01009,-0.99994,-0.04438,-0.01235,0.00055,-0.99894,0.04944,0.01366,-0.01064,0.99863,1.00,-0.04437,0.01480,-0.00066,-0.99891,0.04915,-0.01350,-0.00957,0.99865,1.00
5465,-0.00502,-0.00172,0.00989,-0.99994,-0.04431,-0.01236,0.00055,-0.99894,0.04944,0.01365,-0.01044,0.99863,1.00,-0.04428,0.01479,-0.00066,-0.99891,0.04915,-0.01351,-0.00938,0.99866,1.00
5477,-0.00503,-0.00164,0.00974,-0.99994,-0.04432,-0.01370,0.00061,-0.99892,0.04947,0.01491,-0.01035,0.99861,1.00,-0.04430,0.01345,-0.00060,-0.99893,0.04919,-0.01225,-0.00928,0.99867,1.00
5487,-0.00495,-0.00162,0.00969,-0.99994,-0.04489,-0.01567,0.00070,-0.99887,0.04998,0.01686,-0.01038,0.99855,1.00,-0.04488,0.01149,-0.00052,-0.99893,0.04971,-0.01030,-0.00929,0.99867,1.00
5498,-0.00479,-0.00154,0.00966,-0.99994,-0.04504,-0.01575,0.00071,-0.99886,0.04998,0.01686,-0.01035,0.99855,1.00,-0.04503,0.01140,-0.00051,-0.99892,0.04971,-0.01031,-0.00926,0.99867,1.00
5510,-0.00466,-0.00150,0.00973,-0.99994,-0.04441,-0.01576,0.00070,-0.99889,0.04921,0.01683,-0.01041,0.99859,1.00,-0.04441,0.01139,-0.00051,-0.99895,0.04895,-0.01033,-0.00933,0.99870,1.00
5521,-0.00457,-0.00138,0.00978,-0.99994,-0.04450,-0.01589,0.00071,-0.99888,0.04921,0.01684,-0.01047,0.99859,1.00,-0.04450,0.01127,-0.00050,-0.99895,0.04895,-0.01032,-0.00938,0.99870,1.00
5532,-0.00458,-0.00128,0.00982,-0.99994,-0.04432,-0.01367,0.00061,-0.99892,0.04902,0.01452,-0.01041,0.99864,1.00,-0.04432,0.01348,-0.00060,-0.99893,0.04875,-0.01264,-0.00933,0.99869,1.00
5544,-0.00455,-0.00118,0.00977,-0.99994,-0.04262,-0.01317,0.00056,-0.99900,0.04729,0.01393,-0.01032,0.99873,1.00,-0.04262,0.01398,-0.00060,-0.99899,0.04702,-0.01322,-0.00928,0.99876,1.00
5554,-0.00454,-0.00111,0.00976,-0.99994,-0.04417,-0.01312,0.00058,-0.99894,0.04882,0.01380,-0.01032,0.99866,1.00,-0.04416,0.01403,-0.00062,-0.99893,0.04855,-0.01336,-0.00924,0.99869,1.00
5566,-0.00444,-0.00102,0.00972,-0.99994,-0.04427,-0.01321,0.00059,-0.99893,0.04883,0.01380,-0.01029,0.99866,1.00,-0.04426,0.01395,-0.00062,-0.99892,0.04855,-0.01336,-0.00920,0.99869,1.00
5576,-0.00430,-0.00100,0.00967,-0.99994,-0.04372,-0.01413,0.00062,-0.99894,0.04815,0.01472,-0.01026,0.99868,1.00,-0.04372,0.01302,-0.00057,-0.99896,0.04788,-0.01244,-0.00919,0.99873,1.00
5587,-0.00413,-0.00090,0.00946,-0.99995,-0.04420,-0.01501,0.00066,-0.99891,0.04847,0.01550,-0.01009,0.99865,1.00,-0.04419,0.01214,-0.00054,-0.99895,0.04820,-0.01166,-0.00901,0.99873,1.00
5600,-0.00403,-0.00075,0.00927,-0.99995,-0.04431,-0.01515,0.00067,-0.99890,0.04847,0.01549,-0.00991,0.99866,1.00,-0.04429,0.01201,-0.00053,-0.99895,0.04820,-0.01167,-0.00881,0.99873,1.00
5610,-0.00399,-0.00058,0.00909,-0.99995,-0.04421,-0.01520,0.00067,-0.99891,0.04833,0.01538,-0.00972,0.99867,1.00,-0.04418,0.01195,-0.00053,-0.99895,0.04806,-0.01178,-0.00863,0.99874,1.00
5620,-0.00396,-0.00034,0.00892,-0.99995,-0.04419,-0.01503,0.00067,-0.99891,0.04828,0.01498,-0.00953,0.99868,1.00,-0.04416,0.01212,-0.00054,-0.99895,0.04801,-0.01218,-0.00844,0.99874,1.00
5633,-0.00391,-0.00002,0.00880,-0.99995,-0.04424,-0.01533,0.00068,-0.99890,0.04828,0.01497,-0.00941,0.99868,1.00,-0.04421,0.01182,-0.00052,-0.99895,0.04801,-0.01219,-0.00832,0.99874,1.00
5643,-0.00385,0.00028,0.00868,-0.99995,-0.04594,-0.01417,0.00065,-0.99884,0.04991,0.01349,-0.00926,0.99862,1.00,-0.04590,0.01299,-0.00060,-0.99886,0.04964,-0.01367,-0.00811,0.99864,1.00
5654,-0.00379,0.00067,0.00873,-0.99995,-0.04589,-0.01555,0.00071,-0.99883,0.04981,0.01448,-0.00934,0.99861,1.00,-0.04587,0.01162,-0.00053,-0.99888,0.04956,-0.01269,-0.00820,0.99866,1.00
5666,-0.00375,0.00097,0.00865,-0.99996,-0.04593,-0.01583,0.00073,-0.99882,0.04981,0.01447,-0.00927,0.99861,1.00,-0.04591,0.01133,-0.00052,-0.99888,0.04956,-0.01269,-0.00812,0.99866,1.00
5677,-0.00377,0.00122,0.00869,-0.99995,-0.04582,-0.01586,0.00073,-0.99882,0.04972,0.01424,-0.00929,0.99862,1.00,-0.04581,0.01130,-0.00052,-0.99889,0.04948,-0.01292,-0.00815,0.99866,1.00
5688,-0.00374,0.00156,0.00866,-0.99995,-0.04483,-0.01582,0.00071,-0.99887,0.04870,0.01388,-0.00924,0.99867,1.00,-0.04483,0.01134,-0.00051,-0.99893,0.04846,-0.01328,-0.00812,0.99870,1.00
5699,-0.00376,0.00159,0.00860,-0.99995,-0.04482,-0.01585,0.00071,-0.99887,0.04870,0.01387,-0.00917,0.99868,1.00,-0.04481,0.01131,-0.00051,-0.99893,0.04846,-0.01329,-0.00805,0.99870,1.00
5711,-0.00384,0.00176,0.00853,-0.99995,-0.04527,-0.01561,0.00071,-0.99885,0.04924,0.01347,-0.00909,0.99866,1.00,-0.04526,0.01155,-0.00052,-0.99891,0.04900,-0.01369,-0.00796,0.99867,1.00
5722,-0.00392,0.00174,0.00850,-0.99995,-0.04518,-0.01603,0.00073,-0.99885,0.04922,0.01391,-0.00908,0.99865,1.00,-0.04518,0.01113,-0.00050,-0.99892,0.04900,-0.01325,-0.00795,0.99868,1.00
5734,-0.00402,0.00168,0.00841,-0.99996,-0.04507,-0.01596,0.00072,-0.99886,0.04923,0.01390,-0.00898,0.99865,1.00,-0.04507,0.01120,-0.00051,-0.99892,0.04899,-0.01326,-0.00786,0.99868,1.00
5743,-0.00407,0.00172,0.00833,-0.99996,-0.04570,-0.01578,0.00072,-0.99883,0.04990,0.01369,-0.00890,0.99862,1.00,-0.04570,0.01138,-0.00052,-0.99889,0.04967,-0.01348,-0.00777,0.99864,1.00
5754,-0.00423,0.00156,0.00820,-0.99996,-0.04644,-0.01544,0.00072,-0.99880,0.05079,0.01351,-0.00877,0.99858,1.00,-0.04643,0.01172,-0.00054,-0.99885,0.05056,-0.01366,-0.00763,0.99860,1.00
5767,-0.00431,0.00137,0.00822,-0.99996,-0.04636,-0.01526,0.00071,-0.99881,0.05079,0.01351,-0.00879,0.99858,1.00,-0.04635,0.01190,-0.00055,-0.99885,0.05056,-0.01366,-0.00764,0.99860,1.00
5777,-0.00443,0.00117,0.00813,-0.99996,-0.04555,-0.01508,0.00069,-0.99885,0.05009,0.01354,-0.00869,0.99861,1.00,-0.04555,0.01208,-0.00055,-0.99889,0.04987,-0.01362,-0.00757,0.99863,1.00
5789,-0.00454,0.00099,0.00804,-0.99996,-0.04404,-0.01558,0.00069,-0.99891,0.04869,0.01424,-0.00860,0.99868,1.00,-0.04404,0.01157,-0.00051,-0.99896,0.04848,-0.01292,-0.00753,0.99871,1.00
5800,-0.00460,0.00080,0.00801,-0.99996,-0.04397,-0.01539,0.00068,-0.99891,0.04869,0.01424,-0.00857,0.99868,1.00,-0.04397,0.01176,-0.00052,-0.99896,0.04847,-0.01292,-0.00750,0.99871,1.00
5810,-0.00469,0.00065,0.00798,-0.99996,-0.04403,-0.01595,0.00070,-0.99890,0.04884,0.01495,-0.00857,0.99866,1.00,-0.04404,0.01120,-0.00049,-0.99897,0.04863,-0.01221,-0.00750,0.99871,1.00
5821,-0.00475,0.00043,0.00800,-0.99996,-0.04268,-0.01543,0.00066,-0.99897,0.04755,0.01466,-0.00856,0.99872,1.00,-0.04269,0.01172,-0.00050,-0.99902,0.04734,-0.01249,-0.00753,0.99877,1.00
5833,-0.00478,0.00042,0.00792,-0.99996,-0.04266,-0.01541,0.00066,-0.99897,0.04755,0.01466,-0.00848,0.99873,1.00,-0.04266,0.01174,-0.00050,-0.99902,0.04734,-0.01250,-0.00745,0.99877,1.00
5843,-0.00476,0.00034,0.00797,-0.99996,-0.04298,-0.01373,0.00059,-0.99898,0.04784,0.01305,-0.00847,0.99873,1.00,-0.04298,0.01342,-0.00058,-0.99899,0.04763,-0.01411,-0.00743,0.99874,1.00
5854,-0.00473,0.00028,0.00794,-0.99996,-0.04310,-0.01387,0.00060,-0.99897,0.04794,0.01326,-0.00845,0.99873,1.00,-0.04310,0.01328,-0.00057,-0.99898,0.04772,-0.01390,-0.00741,0.99874,1.00
5867,-0.00463,0.00030,0.00806,-0.99996,-0.04320,-0.01391,0.00060,-0.99897,0.04793,0.01326,-0.00858,0.99873,1.00,-0.04320,0.01325,-0.00057,-0.99898,0.04772,-0.01389,-0.00753,0.99874,1.00
5877,-0.00453,0.00030,0.00816,-0.99996,-0.04496,-0.01511,0.00068,-0.99887,0.04960,0.01445,-0.00875,0.99863,1.00,-0.04498,0.01204,-0.00054,-0.99892,0.04940,-0.01271,-0.00765,0.99867,1.00
5888,-0.00438,0.00040,0.00826,-0.99996,-0.04507,-0.01530,0.00069,-0.99887,0.04956,0.01453,-0.00885,0.99863,1.00,-0.04509,0.01186,-0.00054,-0.99891,0.04936,-0.01263,-0.00775,0.99867,1.00
5900,-0.00425,0.00052,0.00846,-0.99996,-0.04519,-0.01544,0.00070,-0.99886,0.04956,0.01454,-0.00906,0.99862,1.00,-0.04522,0.01172,-0.00053,-0.99891,0.04936,-0.01262,-0.00794,0.99867,1.00
5911,-0.00422,0.00058,0.00867,-0.99995,-0.04426,-0.01400,0.00062,-0.99892,0.04860,0.01303,-0.00919,0.99869,1.00,-0.04429,0.01316,-0.00058,-0.99893,0.04840,-0.01413,-0.00811,0.99870,1.00
5921,-0.00427,0.00062,0.00878,-0.99995,-0.04409,-0.01396,0.00062,-0.99893,0.04848,0.01296,-0.00930,0.99870,1.00,-0.04412,0.01319,-0.00058,-0.99894,0.04827,-0.01420,-0.00822,0.99870,1.00
5933,-0.00438,0.00072,0.00888,-0.99995,-0.04398,-0.01407,0.00062,-0.99893,0.04848,0.01296,-0.00940,0.99870,1.00,-0.04401,0.01309,-0.00058,-0.99895,0.04827,-0.01420,-0.00832,0.99870,1.00
5945,-0.00456,0.00071,0.00890,-0.99995,-0.04435,-0.01414,0.00063,-0.99892,0.04903,0.01304,-0.00942,0.99867,1.00,-0.04438,0.01302,-0.00058,-0.99893,0.04881,-0.01412,-0.00834,0.99867,1.00
5955,-0.00460,0.00078,0.00892,-0.99995,-0.04432,-0.01412,0.00063,-0.99892,0.04904,0.01295,-0.00944,0.99867,1.00,-0.04434,0.01304,-0.00058,-0.99893,0.04881,-0.01421,-0.00836,0.99867,1.00
5966,-0.00462,0.00074,0.00894,-0.99995,-0.04430,-0.01408,0.00062,-0.99892,0.04904,0.01295,-0.00946,0.99867,1.00,-0.04432,0.01308,-0.00058,-0.99893,0.04881,-0.01421,-0.00838,0.99867,1.00
5978,-0.00462,0.00068,0.00895,-0.99995,-0.04438,-0.01507,0.00067,-0.99890,0.04913,0.01399,-0.00950,0.99865,1.00,-0.04440,0.01209,-0.00054,-0.99894,0.04891,-0.01317,-0.00842,0.99868,1.00
5989,-0.00458,0.00065,0.00903,-0.99995,-0.04600,-0.01481,0.00068,-0.99883,0.05070,0.01375,-0.00961,0.99857,1.00,-0.04602,0.01236,-0.00057,-0.99886,0.05048,-0.01342,-0.00848,0.99860,1.00
6000,-0.00453,0.00060,0.00909,-0.99995,-0.04605,-0.01476,0.00068,-0.99883,0.05070,0.01375,-0.00967,0.99857,1.00,-0.04607,0.01240,-0.00057,-0.99886,0.05048,-0.01342,-0.00854,0.99860,1.00
6012,-0.00447,0.00055,0.00913,-0.99995,-0.04614,-0.01617,0.00075,-0.99880,0.05075,0.01521,-0.00977,0.99855,1.00,-0.04617,0.01099,-0.00051,-0.99887,0.05053,-0.01196,-0.00864,0.99861,1.00
6022,-0.00439,0.00053,0.00921,-0.99995,-0.04506,-0.01569,0.00071,-0.99886,0.04959,0.01475,-0.00981,0.99861,1.00,-0.04509,0.01147,-0.00052,-0.99892,0.04937,-0.01241,-0.00871,0.99867,1.00
6033,-0.00434,0.00047,0.00921,-0.99995,-0.04512,-0.01563,0.00071,-0.99886,0.04959,0.01475,-0.00981,0.99861,1.00,-0.04514,0.01153,-0.00052,-0.99891,0.04937,-0.01241,-0.00870,0.99867,1.00
6044,-0.00424,0.00042,0.00922,-0.99995,-0.04375,-0.01577,0.00069,-0.99892,0.04813,0.01494,-0.00982,0.99868,1.00,-0.04377,0.01139,-0.00050,-0.99898,0.04790,-0.01221,-0.00874,0.99874,1.00
6055,-0.00419,0.00038,0.00914,-0.99995,-0.04515,-0.01557,0.00070,-0.99886,0.04947,0.01477,-0.00975,0.99862,1.00,-0.04516,0.01159,-0.00052,-0.99891,0.04924,-0.01239,-0.00864,0.99867,1.00
6066,-0.00412,0.00040,0.00912,-0.99995,-0.04521,-0.01559,0.00071,-0.99886,0.04947,0.01477,-0.00974,0.99862,1.00,-0.04522,0.01157,-0.00052,-0.99891,0.04924,-0.01239,-0.00862,0.99867,1.00
6078,-0.00409,0.00039,0.00912,-0.99995,-0.04532,-0.01332,0.00060,-0.99888,0.04952,0.01252,-0.00964,0.99865,1.00,-0.04531,0.01384,-0.00063,-0.99888,0.04927,-0.01465,-0.00852,0.99864,1.00
6089,-0.00408,0.00038,0.00915,-0.99995,-0.04533,-0.01335,0.00061,-0.99888,0.04952,0.01256,-0.00967,0.99865,1.00,-0.04533,0.01381,-0.00063,-0.99888,0.04927,-0.01461,-0.00855,0.99864,1.00
6101,-0.00412,0.00040,0.00916,-0.99995,-0.04528,-0.01337,0.00061,-0.99888,0.04952,0.01256,-0.00968,0.99865,1.00,-0.04528,0.01379,-0.00063,-0.99888,0.04927,-0.01460,-0.00856,0.99864,1.00
6111,-0.00416,0.00042,0.00921,-0.99995,-0.04555,-0.01521,0.00069,-0.99885,0.04985,0.01437,-0.00981,0.99861,1.00,-0.04556,0.01195,-0.00055,-0.99889,0.04961,-0.01279,-0.00868,0.99865,1.00
6123,-0.00424,0.00050,0.00917,-0.99995,-0.04697,-0.01565,0.00074,-0.99877,0.05135,0.01472,-0.00980,0.99852,1.00,-0.04699,0.01151,-0.00054,-0.99883,0.05112,-0.01245,-0.00864,0.99858,1.00
6134,-0.00433,0.00052,0.00928,-0.99995,-0.04688,-0.01568,0.00074,-0.99878,0.05135,0.01473,-0.00991,0.99852,1.00,-0.04690,0.01149,-0.00054,-0.99883,0.05112,-0.01244,-0.00875,0.99858,1.00
6145,-0.00446,0.00057,0.00945,-0.99995,-0.04531,-0.01571,0.00071,-0.99885,0.04991,0.01472,-0.01006,0.99859,1.00,-0.04533,0.01145,-0.00052,-0.99891,0.04968,-0.01244,-0.00895,0.99865,1.00
6156,-0.00456,0.00063,0.00964,-0.99994,-0.04528,-0.01575,0.00071,-0.99885,0.04998,0.01469,-0.01024,0.99859,1.00,-0.04531,0.01141,-0.00052,-0.99891,0.04976,-0.01248,-0.00913,0.99864,1.00
6167,-0.00458,0.00069,0.00980,-0.99994,-0.04525,-0.01582,0.00072,-0.99885,0.04998,0.01470,-0.01041,0.99859,1.00,-0.04529,0.01134,-0.00051,-0.99891,0.04976,-0.01247,-0.00930,0.99864,1.00
6178,-0.00460,0.00073,0.00978,-0.99994,-0.04535,-0.01516,0.00069,-0.99886,0.05009,0.01399,-0.01036,0.99859,1.00,-0.04538,0.01200,-0.00055,-0.99890,0.04986,-0.01318,-0.00925,0.99863,1.00
6189,-0.00460,0.00073,0.00983,-0.99994,-0.04499,-0.01485,0.00067,-0.99888,0.04973,0.01368,-0.01039,0.99862,1.00,-0.04501,0.01231,-0.00055,-0.99891,0.04948,-0.01348,-0.00929,0.99864,1.00
6200,-0.00460,0.00076,0.00978,-0.99994,-0.04499,-0.01488,0.00067,-0.99888,0.04973,0.01368,-0.01034,0.99862,1.00,-0.04501,0.01228,-0.00055,-0.99891,0.04948,-0.01348,-0.00924,0.99864,1.00
6212,-0.00457,0.00071,0.00971,-0.99994,-0.04565,-0.01487,0.00068,-0.99885,0.05035,0.01371,-0.01027,0.99858,1.00,-0.04566,0.01229,-0.00056,-0.99888,0.05010,-0.01345,-0.00916,0.99861,1.00
6223,-0.00455,0.00068,0.00960,-0.99994,-0.04776,-0.01479,0.00071,-0.99875,0.05244,0.01365,-0.01019,0.99848,1.00,-0.04776,0.01238,-0.00059,-0.99878,0.05218,-0.01352,-0.00902,0.99851,1.00
6234,-0.00451,0.00069,0.00954,-0.99994,-0.04779,-0.01479,0.00071,-0.99875,0.05244,0.01365,-0.01013,0.99848,1.00,-0.04779,0.01238,-0.00059,-0.99878,0.05218,-0.01352,-0.00896,0.99851,1.00
6245,-0.00448,0.00073,0.00943,-0.99995,-0.04782,-0.01583,0.00076,-0.99873,0.05245,0.01464,-0.01007,0.99847,1.00,-0.04782,0.01134,-0.00054,-0.99879,0.05219,-0.01253,-0.00889,0.99852,1.00
6256,-0.00440,0.00081,0.00936,-0.99995,-0.04446,-0.01631,0.00073,-0.99888,0.04900,0.01508,-0.00996,0.99864,1.00,-0.04446,0.01085,-0.00048,-0.99895,0.04875,-0.01208,-0.00887,0.99870,1.00
6267,-0.00440,0.00098,0.00931,-0.99995,-0.04446,-0.01647,0.00073,-0.99888,0.04900,0.01508,-0.00992,0.99864,1.00,-0.04446,0.01068,-0.00048,-0.99895,0.04875,-0.01208,-0.00883,0.99870,1.00
6278,-0.00439,0.00123,0.00936,-0.99995,-0.04442,-0.01627,0.00072,-0.99888,0.04896,0.01464,-0.00995,0.99864,1.00,-0.04443,0.01088,-0.00048,-0.99895,0.04871,-0.01252,-0.00886,0.99870,1.00
6290,-0.00439,0.00142,0.00941,-0.99995,-0.04251,-0.01641,0.00070,-0.99896,0.04704,0.01459,-0.00997,0.99874,1.00,-0.04252,0.01074,-0.00046,-0.99904,0.04680,-0.01256,-0.00893,0.99879,1.00
6300,-0.00441,0.00164,0.00942,-0.99994,-0.04249,-0.01663,0.00071,-0.99896,0.04704,0.01459,-0.00997,0.99874,1.00,-0.04250,0.01052,-0.00045,-0.99904,0.04680,-0.01256,-0.00894,0.99879,1.00
6312,-0.00445,0.00176,0.00954,-0.99994,-0.04743,-0.01569,0.00075,-0.99875,0.05202,0.01348,-0.01012,0.99850,1.00,-0.04744,0.01148,-0.00055,-0.99881,0.05177,-0.01369,-0.00895,0.99853,1.00
6323,-0.00448,0.00192,0.00950,-0.99994,-0.04465,-0.01521,0.00068,-0.99889,0.04927,0.01287,-0.01002,0.99865,1.00,-0.04466,0.01194,-0.00053,-0.99893,0.04902,-0.01429,-0.00892,0.99866,1.00
6334,-0.00448,0.00200,0.00958,-0.99994,-0.04465,-0.01529,0.00068,-0.99889,0.04927,0.01287,-0.01009,0.99865,1.00,-0.04467,0.01186,-0.00053,-0.99893,0.04902,-0.01429,-0.00900,0.99865,1.00
6345,-0.00447,0.00203,0.00959,-0.99994,-0.04599,-0.01508,0.00069,-0.99883,0.05060,0.01262,-0.01011,0.99859,1.00,-0.04600,0.01208,-0.00056,-0.99887,0.05035,-0.01455,-0.00898,0.99859,1.00
6356,-0.00444,0.00207,0.00965,-0.99994,-0.04604,-0.01593,0.00073,-0.99881,0.05063,0.01342,-0.01020,0.99858,1.00,-0.04606,0.01123,-0.00052,-0.99888,0.05039,-0.01374,-0.00907,0.99859,1.00
6367,-0.00439,0.00201,0.00960,-0.99994,-0.04610,-0.01587,0.00073,-0.99881,0.05063,0.01342,-0.01015,0.99858,1.00,-0.04612,0.01129,-0.00052,-0.99887,0.05039,-0.01374,-0.00902,0.99859,1.00
6378,-0.00428,0.00188,0.00958,-0.99994,-0.04827,-0.01599,0.00077,-0.99871,0.05270,0.01365,-0.01018,0.99847,1.00,-0.04829,0.01118,-0.00054,-0.99877,0.05245,-0.01352,-0.00899,0.99849,1.00
6389,-0.00414,0.00173,0.00952,-0.99994,-0.04838,-0.01540,0.00075,-0.99871,0.05266,0.01321,-0.01010,0.99847,1.00,-0.04839,0.01177,-0.00057,-0.99876,0.05241,-0.01396,-0.00890,0.99849,1.00
6401,-0.00399,0.00153,0.00942,-0.99995,-0.04854,-0.01519,0.00074,-0.99871,0.05266,0.01321,-0.01001,0.99847,1.00,-0.04854,0.01198,-0.00058,-0.99875,0.05241,-0.01397,-0.00880,0.99849,1.00
6412,-0.00391,0.00140,0.00939,-0.99995,-0.04829,-0.01306,0.00063,-0.99875,0.05231,0.01120,-0.00989,0.99852,1.00,-0.04828,0.01411,-0.00068,-0.99873,0.05205,-0.01597,-0.00868,0.99848,1.00
6424,-0.00382,0.00128,0.00938,-0.99995,-0.04758,-0.01283,0.00061,-0.99879,0.05152,0.01111,-0.00987,0.99856,1.00,-0.04757,0.01434,-0.00068,-0.99876,0.05125,-0.01607,-0.00868,0.99852,1.00
6435,-0.00375,0.00113,0.00937,-0.99995,-0.04766,-0.01268,0.00060,-0.99878,0.05152,0.01110,-0.00986,0.99856,1.00,-0.04765,0.01449,-0.00069,-0.99876,0.05125,-0.01607,-0.00867,0.99852,1.00
6445,-0.00362,0.00110,0.00928,-0.99995,-0.04764,-0.01299,0.00062,-0.99878,0.05137,0.01145,-0.00979,0.99857,1.00,-0.04763,0.01418,-0.00068,-0.99876,0.05111,-0.01572,-0.00859,0.99853,1.00
6457,-0.00362,0.00101,0.00936,-0.99995,-0.04606,-0.01381,0.00064,-0.99884,0.04979,0.01237,-0.00989,0.99863,1.00,-0.04606,0.01335,-0.00062,-0.99885,0.04954,-0.01480,-0.00873,0.99862,1.00
6468,-0.00359,0.00100,0.00932,-0.99995,-0.04608,-0.01380,0.00064,-0.99884,0.04980,0.01237,-0.00985,0.99863,1.00,-0.04608,0.01337,-0.00062,-0.99885,0.04954,-0.01480,-0.00869,0.99862,1.00
6478,-0.00361,0.00100,0.00931,-0.99995,-0.04593,-0.01542,0.00071,-0.99883,0.04968,0.01400,-0.00991,0.99862,1.00,-0.04594,0.01174,-0.00054,-0.99888,0.04943,-0.01316,-0.00876,0.99865,1.00
6491,-0.00370,0.00108,0.00931,-0.99995,-0.04576,-0.01592,0.00073,-0.99883,0.04960,0.01441,-0.00992,0.99862,1.00,-0.04578,0.01124,-0.00052,-0.99889,0.04936,-0.01275,-0.00878,0.99866,1.00
6501,-0.00374,0.00113,0.00928,-0.99995,-0.04572,-0.01596,0.00073,-0.99883,0.04960,0.01441,-0.00989,0.99862,1.00,-0.04573,0.01120,-0.00051,-0.99889,0.04936,-0.01275,-0.00875,0.99866,1.00
6512,-0.00370,0.00122,0.00926,-0.99995,-0.04561,-0.01615,0.00074,-0.99883,0.04945,0.01452,-0.00987,0.99862,1.00,-0.04562,0.01101,-0.00050,-0.99890,0.04921,-0.01265,-0.00874,0.99867,1.00
6523,-0.00355,0.00128,0.00924,-0.99995,-0.04740,-0.01621,0.00077,-0.99874,0.05109,0.01449,-0.00988,0.99854,1.00,-0.04742,0.01096,-0.00052,-0.99881,0.05085,-0.01268,-0.00869,0.99859,1.00
6535,-0.00335,0.00139,0.00926,-0.99995,-0.04759,-0.01632,0.00078,-0.99873,0.05109,0.01450,-0.00991,0.99854,1.00,-0.04761,0.01085,-0.00052,-0.99881,0.05085,-0.01268,-0.00870,0.99859,1.00
6546,-0.00306,0.00152,0.00931,-0.99995,-0.04621,-0.01528,0.00071,-0.99881,0.04941,0.01333,-0.00989,0.99864,1.00,-0.04622,0.01189,-0.00055,-0.99886,0.04917,-0.01384,-0.00872,0.99866,1.00
6557,-0.00288,0.00164,0.00948,-0.99995,-0.04739,-0.01532,0.00073,-0.99876,0.05041,0.01324,-0.01007,0.99859,1.00,-0.04741,0.01185,-0.00056,-0.99881,0.05017,-0.01393,-0.00886,0.99860,1.00
6568,-0.00280,0.00170,0.00962,-0.99995,-0.04747,-0.01540,0.00073,-0.99875,0.05041,0.01324,-0.01022,0.99859,1.00,-0.04750,0.01177,-0.00056,-0.99880,0.05017,-0.01393,-0.00901,0.99860,1.00
6579,-0.00277,0.00178,0.00976,-0.99995,-0.04658,-0.01680,0.00078,-0.99877,0.04951,0.01457,-0.01040,0.99861,1.00,-0.04662,0.01036,-0.00048,-0.99886,0.04928,-0.01260,-0.00921,0.99866,1.00
6591,-0.00282,0.00190,0.00979,-0.99995,-0.04702,-0.01678,0.00079,-0.99875,0.05000,0.01443,-0.01043,0.99859,1.00,-0.04706,0.01038,-0.00049,-0.99884,0.04977,-0.01274,-0.00923,0.99864,1.00
6602,-0.00286,0.00189,0.00980,-0.99995,-0.04734,-0.01537,0.00073,-0.99876,0.05034,0.01302,-0.01038,0.99859,1.00,-0.04736,0.01180,-0.00056,-0.99881,0.05010,-0.01415,-0.00917,0.99860,1.00
6613,-0.00297,0.00189,0.00976,-0.99995,-0.04723,-0.01536,0.00073,-0.99877,0.05034,0.01302,-0.01034,0.99859,1.00,-0.04725,0.01181,-0.00056,-0.99881,0.05010,-0.01415,-0.00914,0.99860,1.00
6624,-0.00311,0.00173,0.00967,-0.99995,-0.04744,-0.01492,0.00071,-0.99876,0.05069,0.01273,-0.01024,0.99858,1.00,-0.04745,0.01225,-0.00058,-0.99880,0.05044,-0.01444,-0.00904,0.99858,1.00
6635,-0.00318,0.00166,0.00957,-0.99995,-0.04738,-0.01484,0.00070,-0.99877,0.05069,0.01273,-0.01013,0.99858,1.00,-0.04738,0.01233,-0.00058,-0.99880,0.05044,-0.01444,-0.00893,0.99858,1.00
6646,-0.00320,0.00151,0.00943,-0.99995,-0.04741,-0.01482,0.00070,-0.99877,0.05075,0.01286,-0.01000,0.99858,1.00,-0.04741,0.01235,-0.00059,-0.99880,0.05049,-0.01431,-0.00880,0.99858,1.00
6657,-0.00315,0.00137,0.00932,-0.99995,-0.04623,-0.01649,0.00076,-0.99879,0.04954,0.01470,-0.00995,0.99861,1.00,-0.04624,0.01067,-0.00049,-0.99887,0.04928,-0.01247,-0.00878,0.99867,1.00
6668,-0.00307,0.00133,0.00926,-0.99995,-0.04637,-0.01719,0.00080,-0.99878,0.04959,0.01543,-0.00993,0.99860,1.00,-0.04638,0.00997,-0.00046,-0.99887,0.04935,-0.01173,-0.00875,0.99867,1.00
6679,-0.00292,0.00128,0.00919,-0.99995,-0.04652,-0.01714,0.00080,-0.99877,0.04959,0.01543,-0.00986,0.99860,1.00,-0.04653,0.01003,-0.00047,-0.99887,0.04935,-0.01173,-0.00868,0.99867,1.00
6691,-0.00274,0.00132,0.00916,-0.99995,-0.04830,-0.01669,0.00081,-0.99869,0.05119,0.01493,-0.00984,0.99853,1.00,-0.04831,0.01048,-0.00051,-0.99878,0.05095,-0.01224,-0.00860,0.99859,1.00
6702,-0.00266,0.00130,0.00914,-0.99995,-0.04839,-0.01667,0.00081,-0.99869,0.05119,0.01493,-0.00983,0.99853,1.00,-0.04840,0.01050,-0.00051,-0.99877,0.05095,-0.01224,-0.00859,0.99859,1.00
6713,-0.00254,0.00137,0.00919,-0.99995,-0.04840,-0.01567,0.00076,-0.99870,0.05109,0.01386,-0.00983,0.99855,1.00,-0.04841,0.01150,-0.00056,-0.99876,0.05084,-0.01332,-0.00858,0.99858,1.00
6725,-0.00246,0.00143,0.00923,-0.99995,-0.04833,-0.01577,0.00076,-0.99871,0.05094,0.01390,-0.00987,0.99856,1.00,-0.04835,0.01140,-0.00055,-0.99877,0.05070,-0.01327,-0.00863,0.99859,1.00
6736,-0.00244,0.00151,0.00928,-0.99995,-0.04835,-0.01585,0.00077,-0.99870,0.05093,0.01390,-0.00992,0.99856,1.00,-0.04837,0.01132,-0.00055,-0.99877,0.05070,-0.01327,-0.00868,0.99859,1.00
6747,-0.00244,0.00157,0.00931,-0.99995,-0.04704,-0.01642,0.00077,-0.99876,0.04963,0.01441,-0.00996,0.99861,1.00,-0.04706,0.01075,-0.00051,-0.99883,0.04940,-0.01275,-0.00875,0.99866,1.00
6759,-0.00251,0.00165,0.00926,-0.99995,-0.04686,-0.01644,0.00077,-0.99877,0.04953,0.01436,-0.00990,0.99862,1.00,-0.04688,0.01073,-0.00050,-0.99884,0.04929,-0.01281,-0.00870,0.99866,1.00
6770,-0.00257,0.00169,0.00928,-0.99995,-0.04676,-0.01702,0.00080,-0.99876,0.04948,0.01490,-0.00994,0.99861,1.00,-0.04678,0.01014,-0.00047,-0.99885,0.04925,-0.01227,-0.00874,0.99867,1.00
6780,-0.00268,0.00168,0.00937,-0.99995,-0.04664,-0.01702,0.00079,-0.99877,0.04948,0.01490,-0.01003,0.99861,1.00,-0.04667,0.01015,-0.00047,-0.99886,0.04925,-0.01226,-0.00883,0.99867,1.00
6792,-0.00277,0.00163,0.00947,-0.99995,-0.04686,-0.01514,0.00071,-0.99879,0.04977,0.01307,-0.01005,0.99862,1.00,-0.04688,0.01203,-0.00056,-0.99883,0.04953,-0.01410,-0.00885,0.99863,1.00
6803,-0.00285,0.00156,0.00960,-0.99995,-0.04678,-0.01508,0.00071,-0.99879,0.04977,0.01307,-0.01018,0.99862,1.00,-0.04680,0.01209,-0.00057,-0.99883,0.04953,-0.01409,-0.00898,0.99863,1.00
6815,-0.00295,0.00142,0.00968,-0.99995,-0.04694,-0.01523,0.00072,-0.99878,0.05004,0.01336,-0.01027,0.99861,1.00,-0.04697,0.01194,-0.00056,-0.99882,0.04980,-0.01381,-0.00908,0.99862,1.00
6825,-0.00299,0.00134,0.00968,-0.99995,-0.04681,-0.01457,0.00068,-0.99880,0.04993,0.01278,-0.01025,0.99862,1.00,-0.04683,0.01259,-0.00059,-0.99882,0.04969,-0.01438,-0.00905,0.99862,1.00
6837,-0.00313,0.00116,0.00963,-0.99995,-0.04667,-0.01439,0.00067,-0.99881,0.04993,0.01278,-0.01019,0.99862,1.00,-0.04669,0.01277,-0.00060,-0.99883,0.04969,-0.01439,-0.00901,0.99862,1.00
6848,-0.00333,0.00104,0.00966,-0.99995,-0.04574,-0.01492,0.00068,-0.99884,0.04921,0.01345,-0.01023,0.99865,1.00,-0.04576,0.01224,-0.00056,-0.99888,0.04896,-0.01372,-0.00908,0.99867,1.00
6860,-0.00362,0.00092,0.00964,-0.99995,-0.04558,-0.01370,0.00063,-0.99887,0.04933,0.01235,-0.01016,0.99865,1.00,-0.04558,0.01346,-0.00061,-0.99887,0.04907,-0.01482,-0.00902,0.99864,1.00
6870,-0.00388,0.00073,0.00975,-0.99994,-0.04551,-0.01445,0.00066,-0.99886,0.04952,0.01328,-0.01031,0.99863,1.00,-0.04552,0.01271,-0.00058,-0.99888,0.04927,-0.01388,-0.00917,0.99865,1.00
6882,-0.00409,0.00070,0.00980,-0.99994,-0.04530,-0.01442,0.00065,-0.99887,0.04952,0.01329,-0.01035,0.99863,1.00,-0.04531,0.01274,-0.00058,-0.99889,0.04927,-0.01388,-0.00923,0.99865,1.00
6893,-0.00426,0.00061,0.00991,-0.99994,-0.04461,-0.01452,0.00065,-0.99890,0.04900,0.01348,-0.01046,0.99865,1.00,-0.04463,0.01263,-0.00056,-0.99892,0.04876,-0.01369,-0.00936,0.99867,1.00
6904,-0.00438,0.00062,0.00999,-0.99994,-0.04391,-0.01579,0.00069,-0.99891,0.04844,0.01474,-0.01058,0.99866,1.00,-0.04394,0.01136,-0.00050,-0.99897,0.04820,-0.01242,-0.00951,0.99872,1.00
6915,-0.00437,0.00060,0.01007,-0.99994,-0.04393,-0.01578,0.00069,-0.99891,0.04844,0.01474,-0.01066,0.99866,1.00,-0.04396,0.01137,-0.00050,-0.99897,0.04820,-0.01242,-0.00958,0.99871,1.00
6926,-0.00438,0.00061,0.01013,-0.99994,-0.04449,-0.01592,0.00071,-0.99888,0.04902,0.01486,-0.01073,0.99863,1.00,-0.04452,0.01124,-0.00050,-0.99895,0.04878,-0.01230,-0.00964,0.99869,1.00
6937,-0.00440,0.00061,0.01023,-0.99994,-0.04447,-0.01593,0.00071,-0.99888,0.04902,0.01487,-0.01083,0.99863,1.00,-0.04450,0.01123,-0.00050,-0.99895,0.04878,-0.01229,-0.00974,0.99869,1.00
6949,-0.00435,0.00065,0.01028,-0.99994,-0.04471,-0.01549,0.00069,-0.99888,0.04921,0.01438,-0.01087,0.99863,1.00,-0.04474,0.01166,-0.00052,-0.99893,0.04896,-0.01278,-0.00977,0.99867,1.00
6959,-0.00425,0.00076,0.01034,-0.99994,-0.04662,-0.01554,0.00073,-0.99879,0.05102,0.01431,-0.01095,0.99854,1.00,-0.04665,0.01162,-0.00054,-0.99884,0.05077,-0.01286,-0.00980,0.99858,1.00
6970,-0.00419,0.00081,0.01036,-0.99994,-0.04669,-0.01556,0.00073,-0.99879,0.05104,0.01426,-0.01097,0.99853,1.00,-0.04672,0.01161,-0.00054,-0.99884,0.05078,-0.01290,-0.00981,0.99858,1.00
6982,-0.00413,0.00091,0.01037,-0.99994,-0.04675,-0.01566,0.00073,-0.99878,0.05103,0.01426,-0.01098,0.99853,1.00,-0.04677,0.01151,-0.00054,-0.99884,0.05078,-0.01290,-0.00982,0.99858,1.00
6992,-0.00412,0.00096,0.01036,-0.99994,-0.04617,-0.01581,0.00073,-0.99881,0.05044,0.01438,-0.01097,0.99856,1.00,-0.04618,0.01136,-0.00053,-0.99887,0.05018,-0.01279,-0.00982,0.99861,1.00
7004,-0.00416,0.00107,0.01028,-0.99994,-0.04607,-0.01612,0.00074,-0.99881,0.05039,0.01457,-0.01090,0.99856,1.00,-0.04608,0.01105,-0.00051,-0.99888,0.05012,-0.01259,-0.00976,0.99862,1.00
7015,-0.00422,0.00112,0.01023,-0.99994,-0.04602,-0.01616,0.00074,-0.99881,0.05039,0.01457,-0.01084,0.99856,1.00,-0.04603,0.01101,-0.00051,-0.99888,0.05012,-0.01260,-0.00970,0.99862,1.00
7026,-0.00433,0.00120,0.01015,-0.99994,-0.04588,-0.01613,0.00074,-0.99882,0.05036,0.01447,-0.01076,0.99857,1.00,-0.04589,0.01103,-0.00051,-0.99889,0.05009,-0.01270,-0.00963,0.99862,1.00
7037,-0.00438,0.00130,0.01010,-0.99994,-0.04760,-0.01593,0.00076,-0.99874,0.05213,0.01415,-0.01071,0.99848,1.00,-0.04761,0.01124,-0.00054,-0.99880,0.05186,-0.01302,-0.00954,0.99852,1.00
7049,-0.00445,0.00144,0.01006,-0.99994,-0.04753,-0.01606,0.00076,-0.99874,0.05213,0.01415,-0.01068,0.99848,1.00,-0.04753,0.01110,-0.00053,-0.99881,0.05186,-0.01302,-0.00950,0.99852,1.00
7060,-0.00449,0.00152,0.01012,-0.99994,-0.04550,-0.01458,0.00066,-0.99886,0.05013,0.01260,-0.01063,0.99861,1.00,-0.04550,0.01258,-0.00057,-0.99888,0.04986,-0.01456,-0.00952,0.99860,1.00
7071,-0.00453,0.00161,0.01018,-0.99994,-0.04438,-0.01454,0.00065,-0.99891,0.04906,0.01248,-0.01067,0.99866,1.00,-0.04439,0.01261,-0.00056,-0.99893,0.04879,-0.01468,-0.00959,0.99866,1.00
7083,-0.00458,0.00172,0.01031,-0.99994,-0.04433,-0.01466,0.00065,-0.99891,0.04906,0.01249,-0.01080,0.99866,1.00,-0.04435,0.01249,-0.00055,-0.99894,0.04879,-0.01467,-0.00972,0.99865,1.00
7093,-0.00464,0.00177,0.01037,-0.99993,-0.04423,-0.01624,0.00072,-0.99889,0.04903,0.01401,-0.01093,0.99864,1.00,-0.04426,0.01092,-0.00048,-0.99896,0.04877,-0.01315,-0.00985,0.99868,1.00
7104,-0.00468,0.00186,0.01037,-0.99993,-0.04437,-0.01648,0.00073,-0.99888,0.04922,0.01417,-0.01093,0.99863,1.00,-0.04439,0.01067,-0.00047,-0.99896,0.04896,-0.01299,-0.00985,0.99867,1.00
7116,-0.00467,0.00182,0.01046,-0.99993,-0.04438,-0.01646,0.00073,-0.99888,0.04922,0.01417,-0.01102,0.99863,1.00,-0.04441,0.01070,-0.00048,-0.99896,0.04896,-0.01299,-0.00994,0.99867,1.00
7126,-0.00465,0.00178,0.01048,-0.99993,-0.04416,-0.01629,0.00072,-0.99889,0.04897,0.01405,-0.01104,0.99864,1.00,-0.04418,0.01087,-0.00048,-0.99896,0.04871,-0.01311,-0.00996,0.99868,1.00
7138,-0.00461,0.00167,0.01052,-0.99993,-0.04603,-0.01612,0.00074,-0.99881,0.05081,0.01397,-0.01110,0.99855,1.00,-0.04605,0.01104,-0.00051,-0.99888,0.05054,-0.01319,-0.00998,0.99858,1.00
7149,-0.00464,0.00156,0.01050,-0.99993,-0.04601,-0.01601,0.00074,-0.99881,0.05081,0.01397,-0.01108,0.99855,1.00,-0.04603,0.01115,-0.00051,-0.99888,0.05054,-0.01319,-0.00996,0.99859,1.00
7160,-0.00475,0.00145,0.01039,-0.99993,-0.04410,-0.01594,0.00070,-0.99890,0.04900,0.01404,-0.01094,0.99864,1.00,-0.04411,0.01121,-0.00050,-0.99896,0.04873,-0.01312,-0.00987,0.99868,1.00
7171,-0.00483,0.00128,0.01015,-0.99994,-0.04260,-0.01466,0.00063,-0.99898,0.04757,0.01295,-0.01064,0.99873,1.00,-0.04259,0.01249,-0.00053,-0.99901,0.04728,-0.01420,-0.00961,0.99873,1.00
7183,-0.00485,0.00118,0.01013,-0.99994,-0.04257,-0.01456,0.00062,-0.99899,0.04757,0.01295,-0.01062,0.99873,1.00,-0.04256,0.01259,-0.00054,-0.99901,0.04728,-0.01420,-0.00959,0.99873,1.00
7194,-0.00479,0.00106,0.01008,-0.99994,-0.04125,-0.01574,0.00065,-0.99902,0.04619,0.01427,-0.01060,0.99877,1.00,-0.04125,0.01140,-0.00047,-0.99908,0.04591,-0.01288,-0.00961,0.99882,1.00
7204,-0.00461,0.00103,0.01007,-0.99994,-0.04295,-0.01471,0.00063,-0.99897,0.04770,0.01325,-0.01058,0.99872,1.00,-0.04295,0.01244,-0.00053,-0.99900,0.04742,-0.01391,-0.00953,0.99873,1.00
7216,-0.00462,0.00097,0.01015,-0.99994,-0.04293,-0.01465,0.00063,-0.99897,0.04769,0.01325,-0.01066,0.99872,1.00,-0.04293,0.01250,-0.00054,-0.99900,0.04742,-0.01390,-0.00962,0.99873,1.00
7227,-0.00456,0.00096,0.01034,-0.99994,-0.04433,-0.01457,0.00065,-0.99891,0.04903,0.01315,-0.01086,0.99865,1.00,-0.04435,0.01259,-0.00056,-0.99894,0.04877,-0.01401,-0.00978,0.99866,1.00
7238,-0.00462,0.00103,0.01071,-0.99993,-0.04419,-0.01411,0.00062,-0.99892,0.04895,0.01260,-0.01121,0.99866,1.00,-0.04422,0.01305,-0.00058,-0.99894,0.04869,-0.01456,-0.01014,0.99866,1.00
7249,-0.00481,0.00102,0.01089,-0.99993,-0.04399,-0.01411,0.00062,-0.99893,0.04895,0.01261,-0.01139,0.99866,1.00,-0.04403,0.01304,-0.00057,-0.99894,0.04870,-0.01455,-0.01032,0.99865,1.00
7260,-0.00497,0.00094,0.01107,-0.99993,-0.04379,-0.01408,0.00062,-0.99894,0.04891,0.01266,-0.01156,0.99866,1.00,-0.04383,0.01307,-0.00057,-0.99895,0.04865,-0.01450,-0.01051,0.99866,1.00
7271,-0.00522,0.00082,0.01115,-0.99992,-0.04456,-0.01535,0.00068,-0.99889,0.04994,0.01404,-0.01171,0.99858,1.00,-0.04460,0.01181,-0.00053,-0.99894,0.04968,-0.01312,-0.01064,0.99862,1.00
7283,-0.00532,0.00062,0.01120,-0.99992,-0.04446,-0.01516,0.00067,-0.99890,0.04994,0.01404,-0.01175,0.99858,1.00,-0.04451,0.01199,-0.00053,-0.99894,0.04968,-0.01312,-0.01069,0.99862,1.00
7293,-0.00528,0.00035,0.01118,-0.99992,-0.04468,-0.01493,0.00067,-0.99889,0.05012,0.01408,-0.01175,0.99858,1.00,-0.04471,0.01223,-0.00055,-0.99893,0.04985,-0.01308,-0.01067,0.99861,1.00
7304,-0.00514,0.00001,0.01119,-0.99992,-0.04475,-0.01401,0.00063,-0.99890,0.05004,0.01350,-0.01174,0.99859,1.00,-0.04477,0.01314,-0.00059,-0.99891,0.04975,-0.01366,-0.01066,0.99861,1.00
7316,-0.00500,-0.00036,0.01118,-0.99993,-0.04489,-0.01365,0.00061,-0.99890,0.05004,0.01350,-0.01173,0.99859,1.00,-0.04491,0.01351,-0.00061,-0.99890,0.04975,-0.01366,-0.01065,0.99861,1.00
7326,-0.00488,-0.00068,0.01112,-0.99993,-0.04423,-0.01242,0.00055,-0.99894,0.04923,0.01261,-0.01163,0.99864,1.00,-0.04423,0.01474,-0.00065,-0.99891,0.04893,-0.01455,-0.01056,0.99864,1.00
7337,-0.00482,-0.00097,0.01111,-0.99993,-0.04369,-0.01203,0.00053,-0.99897,0.04863,0.01252,-0.01160,0.99867,1.00,-0.04368,0.01512,-0.00066,-0.99893,0.04833,-0.01464,-0.01055,0.99867,1.00
7348,-0.00482,-0.00122,0.01085,-0.99993,-0.04370,-0.01176,0.00051,-0.99898,0.04864,0.01251,-0.01135,0.99867,1.00,-0.04368,0.01540,-0.00067,-0.99893,0.04832,-0.01465,-0.01029,0.99867,1.00
7359,-0.00483,-0.00148,0.01073,-0.99993,-0.04300,-0.01192,0.00051,-0.99900,0.04795,0.01294,-0.01124,0.99870,1.00,-0.04298,0.01523,-0.00066,-0.99896,0.04764,-0.01421,-0.01020,0.99871,1.00
7370,-0.00493,-0.00163,0.01044,-0.99993,-0.04135,-0.01216,0.00050,-0.99907,0.04640,0.01336,-0.01094,0.99877,1.00,-0.04132,0.01498,-0.00062,-0.99903,0.04608,-0.01379,-0.00995,0.99879,1.00
7381,-0.00504,-0.00176,0.01025,-0.99993,-0.04124,-0.01201,0.00050,-0.99908,0.04640,0.01335,-0.01075,0.99878,1.00,-0.04120,0.01514,-0.00062,-0.99904,0.04608,-0.01380,-0.00977,0.99879,1.00
7392,-0.00522,-0.00183,0.01007,-0.99993,-0.04252,-0.01198,0.00051,-0.99902,0.04786,0.01338,-0.01058,0.99871,1.00,-0.04248,0.01517,-0.00065,-0.99898,0.04754,-0.01377,-0.00957,0.99873,1.00
7404,-0.00549,-0.00180,0.00986,-0.99993,-0.04085,-0.01231,0.00050,-0.99909,0.04646,0.01371,-0.01036,0.99877,1.00,-0.04081,0.01483,-0.00061,-0.99906,0.04615,-0.01344,-0.00940,0.99880,1.00
7415,-0.00578,-0.00164,0.00964,-0.99994,-0.04057,-0.01245,0.00051,-0.99910,0.04646,0.01370,-0.01013,0.99878,1.00,-0.04051,0.01469,-0.00060,-0.99907,0.04614,-0.01345,-0.00918,0.99880,1.00
7425,-0.00602,-0.00144,0.00947,-0.99994,-0.04032,-0.01211,0.00049,-0.99911,0.04645,0.01317,-0.00993,0.99878,1.00,-0.04027,0.01503,-0.00061,-0.99908,0.04614,-0.01398,-0.00900,0.99880,1.00
7437,-0.00615,-0.00117,0.00932,-0.99994,-0.04047,-0.01158,0.00047,-0.99911,0.04672,0.01237,-0.00976,0.99878,1.00,-0.04042,0.01557,-0.00063,-0.99906,0.04642,-0.01478,-0.00882,0.99877,1.00
7449,-0.00616,-0.00094,0.00922,-0.99994,-0.04046,-0.01180,0.00048,-0.99911,0.04672,0.01236,-0.00965,0.99879,1.00,-0.04041,0.01534,-0.00062,-0.99907,0.04642,-0.01478,-0.00872,0.99877,1.00
7460,-0.00604,-0.00072,0.00927,-0.99994,-0.04086,-0.01192,0.00049,-0.99909,0.04700,0.01227,-0.00970,0.99877,1.00,-0.04082,0.01522,-0.00062,-0.99905,0.04672,-0.01488,-0.00876,0.99876,1.00
7470,-0.00588,-0.00044,0.00928,-0.99994,-0.04273,-0.01492,0.00064,-0.99898,0.04874,0.01497,-0.00984,0.99865,1.00,-0.04272,0.01223,-0.00052,-0.99901,0.04848,-0.01219,-0.00883,0.99871,1.00
7482,-0.00570,-0.00030,0.00930,-0.99994,-0.04290,-0.01507,0.00065,-0.99897,0.04874,0.01497,-0.00986,0.99865,1.00,-0.04289,0.01208,-0.00052,-0.99901,0.04848,-0.01219,-0.00885,0.99871,1.00
7492,-0.00553,-0.00017,0.00924,-0.99994,-0.04024,-0.01489,0.00060,-0.99908,0.04590,0.01469,-0.00976,0.99879,1.00,-0.04024,0.01225,-0.00049,-0.99911,0.04565,-0.01245,-0.00882,0.99884,1.00
7503,-0.00548,-0.00011,0.00916,-0.99994,-0.03907,-0.01104,0.00043,-0.99918,0.04464,0.01079,-0.00952,0.99890,1.00,-0.03905,0.01610,-0.00063,-0.99911,0.04437,-0.01635,-0.00861,0.99884,1.00
7515,-0.00547,0.00001,0.00891,-0.99995,-0.03909,-0.01113,0.00044,-0.99917,0.04465,0.01078,-0.00928,0.99890,1.00,-0.03905,0.01601,-0.00063,-0.99911,0.04437,-0.01637,-0.00837,0.99885,1.00
7527,-0.00561,0.00007,0.00870,-0.99995,-0.03836,-0.01093,0.00042,-0.99920,0.04405,0.01053,-0.00905,0.99893,1.00,-0.03831,0.01621,-0.00062,-0.99913,0.04377,-0.01661,-0.00816,0.99887,1.00
7537,-0.00565,0.00002,0.00859,-0.99995,-0.03822,-0.01343,0.00051,-0.99918,0.04398,0.01309,-0.00902,0.99891,1.00,-0.03819,0.01370,-0.00052,-0.99918,0.04371,-0.01405,-0.00813,0.99891,1.00
7548,-0.00570,-0.00002,0.00861,-0.99995,-0.03817,-0.01340,0.00051,-0.99918,0.04398,0.01309,-0.00904,0.99891,1.00,-0.03814,0.01374,-0.00052,-0.99918,0.04371,-0.01405,-0.00816,0.99891,1.00
7560,-0.00580,-0.00002,0.00860,-0.99995,-0.03832,-0.01330,0.00051,-0.99918,0.04424,0.01299,-0.00902,0.99890,1.00,-0.03830,0.01384,-0.00053,-0.99917,0.04398,-0.01415,-0.00814,0.99890,1.00
7571,-0.00600,-0.00010,0.00862,-0.99994,-0.03817,-0.01443,0.00055,-0.99917,0.04429,0.01420,-0.00908,0.99888,1.00,-0.03817,0.01270,-0.00049,-0.99919,0.04405,-0.01294,-0.00820,0.99891,1.00
7582,-0.00636,-0.00023,0.00886,-0.99994,-0.03780,-0.01431,0.00054,-0.99918,0.04428,0.01421,-0.00931,0.99887,1.00,-0.03781,0.01282,-0.00049,-0.99920,0.04405,-0.01293,-0.00846,0.99891,1.00
7593,-0.00674,-0.00028,0.00901,-0.99994,-0.03745,-0.01391,0.00052,-0.99920,0.04431,0.01385,-0.00944,0.99888,1.00,-0.03746,0.01323,-0.00050,-0.99921,0.04408,-0.01329,-0.00861,0.99890,1.00
7603,-0.00699,-0.00042,0.00906,-0.99993,-0.03691,-0.01383,0.00051,-0.99922,0.04402,0.01392,-0.00948,0.99889,1.00,-0.03693,0.01331,-0.00049,-0.99923,0.04379,-0.01322,-0.00867,0.99892,1.00
7615,-0.00728,-0.00057,0.00906,-0.99993,-0.03663,-0.01367,0.00050,-0.99924,0.04402,0.01392,-0.00947,0.99889,1.00,-0.03665,0.01346,-0.00049,-0.99924,0.04379,-0.01322,-0.00868,0.99892,1.00
7627,-0.00741,-0.00073,0.00904,-0.99993,-0.03741,-0.01181,0.00044,-0.99923,0.04492,0.01221,-0.00941,0.99887,1.00,-0.03741,0.01532,-0.00057,-0.99918,0.04468,-0.01493,-0.00860,0.99885,1.00
7637,-0.00770,-0.00081,0.00894,-0.99993,-0.03712,-0.01172,0.00044,-0.99924,0.04492,0.01220,-0.00931,0.99887,1.00,-0.03712,0.01541,-0.00057,-0.99919,0.04467,-0.01493,-0.00851,0.99885,1.00
7649,-0.00804,-0.00093,0.00891,-0.99993,-0.03713,-0.01151,0.00043,-0.99924,0.04526,0.01211,-0.00928,0.99886,1.00,-0.03712,0.01562,-0.00058,-0.99919,0.04501,-0.01503,-0.00849,0.99884,1.00
7660,-0.00839,-0.00098,0.00882,-0.99993,-0.03817,-0.01136,0.00043,-0.99921,0.04666,0.01200,-0.00919,0.99880,1.00,-0.03816,0.01578,-0.00060,-0.99915,0.04640,-0.01514,-0.00838,0.99877,1.00
7670,-0.00873,-0.00098,0.00884,-0.99992,-0.03751,-0.01039,0.00039,-0.99924,0.04633,0.01105,-0.00917,0.99882,1.00,-0.03749,0.01674,-0.00063,-0.99916,0.04607,-0.01609,-0.00838,0.99877,1.00
7683,-0.00913,-0.00099,0.00880,-0.99992,-0.03712,-0.01038,0.00039,-0.99926,0.04633,0.01105,-0.00912,0.99882,1.00,-0.03710,0.01675,-0.00062,-0.99917,0.04607,-0.01609,-0.00836,0.99877,1.00
7693,-0.00948,-0.00092,0.00875,-0.99992,-0.03802,-0.01024,0.00039,-0.99922,0.04758,0.01083,-0.00907,0.99877,1.00,-0.03800,0.01689,-0.00064,-0.99914,0.04732,-0.01631,-0.00829,0.99871,1.00
7704,-0.00978,-0.00093,0.00876,-0.99991,-0.03743,-0.00977,0.00037,-0.99925,0.04728,0.01037,-0.00906,0.99879,1.00,-0.03740,0.01737,-0.00065,-0.99915,0.04702,-0.01677,-0.00830,0.99872,1.00
7715,-0.01001,-0.00084,0.00870,-0.99991,-0.03719,-0.00985,0.00037,-0.99926,0.04728,0.01037,-0.00899,0.99879,1.00,-0.03717,0.01728,-0.00064,-0.99916,0.04702,-0.01677,-0.00825,0.99872,1.00
7727,-0.01022,-0.00077,0.00867,-0.99991,-0.03624,-0.01049,0.00038,-0.99929,0.04654,0.01095,-0.00896,0.99882,1.00,-0.03622,0.01664,-0.00060,-0.99921,0.04628,-0.01619,-0.00826,0.99876,1.00
7738,-0.01042,-0.00066,0.00860,-0.99991,-0.03588,-0.01098,0.00039,-0.99930,0.04638,0.01133,-0.00889,0.99882,1.00,-0.03585,0.01615,-0.00058,-0.99923,0.04612,-0.01581,-0.00820,0.99878,1.00
7750,-0.01056,-0.00053,0.00863,-0.99991,-0.03573,-0.01111,0.00040,-0.99930,0.04638,0.01133,-0.00892,0.99882,1.00,-0.03571,0.01602,-0.00057,-0.99923,0.04612,-0.01581,-0.00823,0.99878,1.00
7761,-0.01072,-0.00044,0.00859,-0.99991,-0.03634,-0.01112,0.00040,-0.99928,0.04714,0.01125,-0.00888,0.99879,1.00,-0.03632,0.01601,-0.00058,-0.99921,0.04689,-0.01589,-0.00819,0.99874,1.00
7771,-0.01081,-0.00034,0.00857,-0.99990,-0.03658,-0.01083,0.00040,-0.99927,0.04747,0.01086,-0.00885,0.99877,1.00,-0.03656,0.01630,-0.00060,-0.99920,0.04722,-0.01628,-0.00815,0.99872,1.00
7782,-0.01095,-0.00027,0.00864,-0.99990,-0.03644,-0.01091,0.00040,-0.99928,0.04747,0.01086,-0.00893,0.99877,1.00,-0.03643,0.01622,-0.00059,-0.99920,0.04722,-0.01628,-0.00823,0.99872,1.00
7794,-0.01113,-0.00026,0.00865,-0.99990,-0.03702,-0.01078,0.00040,-0.99926,0.04823,0.01073,-0.00893,0.99874,1.00,-0.03701,0.01635,-0.00061,-0.99918,0.04798,-0.01641,-0.00823,0.99868,1.00
7804,-0.01130,-0.00020,0.00863,-0.99990,-0.03708,-0.01162,0.00043,-0.99924,0.04846,0.01150,-0.00893,0.99872,1.00,-0.03707,0.01551,-0.00058,-0.99919,0.04822,-0.01564,-0.00823,0.99868,1.00
7816,-0.01143,-0.00017,0.00853,-0.99990,-0.03695,-0.01164,0.00043,-0.99925,0.04847,0.01149,-0.00882,0.99872,1.00,-0.03693,0.01550,-0.00057,-0.99920,0.04822,-0.01565,-0.00813,0.99868,1.00
7827,-0.01154,-0.00022,0.00846,-0.99990,-0.03641,-0.01148,0.00042,-0.99927,0.04803,0.01140,-0.00875,0.99874,1.00,-0.03639,0.01565,-0.00057,-0.99922,0.04778,-0.01574,-0.00808,0.99870,1.00
7838,-0.01161,-0.00029,0.00835,-0.99990,-0.03639,-0.00975,0.00036,-0.99929,0.04807,0.00975,-0.00859,0.99876,1.00,-0.03636,0.01738,-0.00063,-0.99919,0.04781,-0.01739,-0.00792,0.99867,1.00
7849,-0.01163,-0.00041,0.00831,-0.99990,-0.03637,-0.00964,0.00035,-0.99929,0.04807,0.00974,-0.00856,0.99876,1.00,-0.03633,0.01749,-0.00064,-0.99919,0.04781,-0.01739,-0.00788,0.99867,1.00
7860,-0.01162,-0.00051,0.00817,-0.99990,-0.03658,-0.00953,0.00035,-0.99929,0.04827,0.00974,-0.00842,0.99875,1.00,-0.03655,0.01760,-0.00064,-0.99918,0.04801,-0.01740,-0.00774,0.99867,1.00
7871,-0.01153,-0.00058,0.00814,-0.99990,-0.03653,-0.01024,0.00037,-0.99928,0.04813,0.01053,-0.00841,0.99875,1.00,-0.03650,0.01689,-0.00062,-0.99919,0.04788,-0.01661,-0.00773,0.99869,1.00
7883,-0.01132,-0.00073,0.00813,-0.99990,-0.03674,-0.01009,0.00037,-0.99927,0.04813,0.01053,-0.00841,0.99875,1.00,-0.03671,0.01704,-0.00063,-0.99918,0.04788,-0.01661,-0.00772,0.99869,1.00
7893,-0.01114,-0.00081,0.00824,-0.99990,-0.03657,-0.01015,0.00037,-0.99928,0.04778,0.01065,-0.00853,0.99876,1.00,-0.03655,0.01698,-0.00062,-0.99919,0.04754,-0.01648,-0.00783,0.99870,1.00
7904,-0.01094,-0.00087,0.00839,-0.99990,-0.03668,-0.01069,0.00039,-0.99927,0.04770,0.01126,-0.00869,0.99876,1.00,-0.03668,0.01644,-0.00060,-0.99919,0.04747,-0.01588,-0.00799,0.99871,1.00
7916,-0.01073,-0.00092,0.00845,-0.99991,-0.03689,-0.01065,0.00039,-0.99926,0.04770,0.01126,-0.00876,0.99876,1.00,-0.03689,0.01648,-0.00061,-0.99918,0.04747,-0.01588,-0.00805,0.99871,1.00
7927,-0.01058,-0.00097,0.00855,-0.99991,-0.03639,-0.00976,0.00036,-0.99929,0.04704,0.01042,-0.00883,0.99880,1.00,-0.03639,0.01737,-0.00063,-0.99919,0.04681,-0.01672,-0.00813,0.99873,1.00
7937,-0.01045,-0.00110,0.00850,-0.99991,-0.03729,-0.00973,0.00036,-0.99926,0.04781,0.01052,-0.00880,0.99876,1.00,-0.03728,0.01740,-0.00065,-0.99915,0.04757,-0.01662,-0.00807,0.99870,1.00
7950,-0.01040,-0.00122,0.00847,-0.99991,-0.03734,-0.00961,0.00036,-0.99926,0.04781,0.01052,-0.00877,0.99876,1.00,-0.03733,0.01752,-0.00065,-0.99915,0.04757,-0.01662,-0.00804,0.99870,1.00
7960,-0.01038,-0.00138,0.00839,-0.99991,-0.03613,-0.00865,0.00031,-0.99931,0.04658,0.00972,-0.00866,0.99883,1.00,-0.03611,0.01848,-0.00067,-0.99918,0.04633,-0.01741,-0.00796,0.99874,1.00
7971,-0.01042,-0.00155,0.00831,-0.99991,-0.03484,-0.00860,0.00030,-0.99936,0.04532,0.00986,-0.00857,0.99889,1.00,-0.03481,0.01853,-0.00065,-0.99922,0.04507,-0.01727,-0.00790,0.99880,1.00
7983,-0.01054,-0.00170,0.00805,-0.99991,-0.03473,-0.00842,0.00029,-0.99936,0.04533,0.00985,-0.00831,0.99889,1.00,-0.03468,0.01870,-0.00065,-0.99922,0.04507,-0.01728,-0.00765,0.99881,1.00
7994,-0.01052,-0.00184,0.00783,-0.99991,-0.03465,-0.00862,0.00030,-0.99936,0.04523,0.01020,-0.00810,0.99889,1.00,-0.03460,0.01850,-0.00064,-0.99923,0.04496,-0.01694,-0.00745,0.99882,1.00
8005,-0.01047,-0.00198,0.00754,-0.99991,-0.03542,-0.00981,0.00035,-0.99932,0.04596,0.01153,-0.00785,0.99885,1.00,-0.03537,0.01731,-0.00061,-0.99922,0.04570,-0.01561,-0.00717,0.99881,1.00
8016,-0.01035,-0.00200,0.00734,-0.99992,-0.03555,-0.00978,0.00035,-0.99932,0.04596,0.01152,-0.00765,0.99885,1.00,-0.03548,0.01734,-0.00062,-0.99922,0.04570,-0.01561,-0.00697,0.99881,1.00
8028,-0.01022,-0.00196,0.00714,-0.99992,-0.03679,-0.01122,0.00041,-0.99926,0.04708,0.01292,-0.00750,0.99878,1.00,-0.03673,0.01591,-0.00058,-0.99920,0.04683,-0.01422,-0.00678,0.99878,1.00
8038,-0.01009,-0.00188,0.00699,-0.99992,-0.03685,-0.01028,0.00038,-0.99927,0.04701,0.01191,-0.00733,0.99880,1.00,-0.03680,0.01685,-0.00062,-0.99918,0.04676,-0.01523,-0.00660,0.99877,1.00
8049,-0.01001,-0.00177,0.00687,-0.99992,-0.03694,-0.01038,0.00038,-0.99926,0.04701,0.01190,-0.00721,0.99880,1.00,-0.03688,0.01675,-0.00062,-0.99918,0.04676,-0.01523,-0.00648,0.99877,1.00
8061,-0.00989,-0.00158,0.00680,-0.99993,-0.03771,-0.01182,0.00045,-0.99922,0.04767,0.01315,-0.00718,0.99875,1.00,-0.03767,0.01531,-0.00058,-0.99917,0.04744,-0.01399,-0.00643,0.99876,1.00
8072,-0.00975,-0.00146,0.00675,-0.99993,-0.03904,-0.01197,0.00047,-0.99917,0.04886,0.01317,-0.00715,0.99869,1.00,-0.03901,0.01517,-0.00059,-0.99912,0.04865,-0.01397,-0.00636,0.99870,1.00
8083,-0.00966,-0.00124,0.00664,-0.99993,-0.03913,-0.01219,0.00048,-0.99916,0.04886,0.01317,-0.00704,0.99869,1.00,-0.03910,0.01495,-0.00059,-0.99912,0.04864,-0.01398,-0.00624,0.99870,1.00
8094,-0.00958,-0.00111,0.00656,-0.99993,-0.03905,-0.01219,0.00048,-0.99916,0.04870,0.01305,-0.00696,0.99870,1.00,-0.03902,0.01495,-0.00058,-0.99913,0.04849,-0.01410,-0.00615,0.99871,1.00
8105,-0.00956,-0.00098,0.00638,-0.99993,-0.03636,-0.00987,0.00036,-0.99929,0.04598,0.01062,-0.00668,0.99886,1.00,-0.03632,0.01726,-0.00063,-0.99919,0.04576,-0.01652,-0.00595,0.99880,1.00
8117,-0.00957,-0.00091,0.00643,-0.99993,-0.03636,-0.00995,0.00036,-0.99929,0.04598,0.01062,-0.00672,0.99886,1.00,-0.03632,0.01718,-0.00062,-0.99919,0.04576,-0.01651,-0.00599,0.99880,1.00
8127,-0.00957,-0.00085,0.00637,-0.99993,-0.03623,-0.00981,0.00036,-0.99930,0.04585,0.01042,-0.00665,0.99887,1.00,-0.03619,0.01732,-0.00063,-0.99919,0.04564,-0.01671,-0.00593,0.99880,1.00
8138,-0.00953,-0.00082,0.00634,-0.99993,-0.03404,-0.01095,0.00037,-0.99936,0.04363,0.01156,-0.00663,0.99896,1.00,-0.03401,0.01617,-0.00055,-0.99929,0.04344,-0.01557,-0.00596,0.99892,1.00
8150,-0.00953,-0.00087,0.00629,-0.99993,-0.03405,-0.01090,0.00037,-0.99936,0.04363,0.01156,-0.00658,0.99896,1.00,-0.03402,0.01622,-0.00055,-0.99929,0.04344,-0.01557,-0.00592,0.99892,1.00
8162,-0.00952,-0.00095,0.00624,-0.99993,-0.03642,-0.01116,0.00041,-0.99927,0.04599,0.01188,-0.00657,0.99885,1.00,-0.03639,0.01597,-0.00058,-0.99921,0.04580,-0.01525,-0.00584,0.99882,1.00
8172,-0.00951,-0.00108,0.00617,-0.99994,-0.03730,-0.01124,0.00042,-0.99924,0.04687,0.01209,-0.00652,0.99881,1.00,-0.03727,0.01589,-0.00059,-0.99918,0.04668,-0.01505,-0.00577,0.99878,1.00
8183,-0.00958,-0.00124,0.00611,-0.99993,-0.03723,-0.01107,0.00041,-0.99925,0.04687,0.01209,-0.00646,0.99881,1.00,-0.03720,0.01606,-0.00060,-0.99918,0.04668,-0.01505,-0.00571,0.99878,1.00
8194,-0.00970,-0.00145,0.00607,-0.99993,-0.03710,-0.01254,0.00047,-0.99923,0.04686,0.01377,-0.00646,0.99879,1.00,-0.03708,0.01459,-0.00054,-0.99921,0.04668,-0.01337,-0.00572,0.99880,1.00
8205,-0.00980,-0.00157,0.00598,-0.99993,-0.03850,-0.01088,0.00042,-0.99920,0.04835,0.01223,-0.00635,0.99874,1.00,-0.03847,0.01626,-0.00063,-0.99913,0.04816,-0.01492,-0.00557,0.99871,1.00
8216,-0.00990,-0.00174,0.00599,-0.99993,-0.03839,-0.01072,0.00041,-0.99921,0.04835,0.01223,-0.00636,0.99874,1.00,-0.03837,0.01642,-0.00063,-0.99913,0.04816,-0.01492,-0.00559,0.99871,1.00
8228,-0.01003,-0.00178,0.00598,-0.99993,-0.03686,-0.01035,0.00038,-0.99927,0.04694,0.01192,-0.00632,0.99881,1.00,-0.03684,0.01678,-0.00062,-0.99918,0.04676,-0.01522,-0.00559,0.99877,1.00
8239,-0.01015,-0.00190,0.00605,-0.99993,-0.03678,-0.01014,0.00037,-0.99927,0.04698,0.01181,-0.00639,0.99881,1.00,-0.03677,0.01699,-0.00063,-0.99918,0.04681,-0.01532,-0.00566,0.99877,1.00
8250,-0.01026,-0.00190,0.00604,-0.99993,-0.03667,-0.01013,0.00037,-0.99928,0.04698,0.01181,-0.00637,0.99881,1.00,-0.03666,0.01700,-0.00062,-0.99918,0.04681,-0.01533,-0.00565,0.99877,1.00
8261,-0.01030,-0.00194,0.00611,-0.99993,-0.03594,-0.01026,0.00037,-0.99930,0.04629,0.01199,-0.00644,0.99884,1.00,-0.03593,0.01686,-0.00061,-0.99921,0.04612,-0.01515,-0.00574,0.99880,1.00
8272,-0.01030,-0.00189,0.00614,-0.99993,-0.03692,-0.01044,0.00039,-0.99926,0.04728,0.01210,-0.00649,0.99879,1.00,-0.03691,0.01669,-0.00062,-0.99918,0.04710,-0.01504,-0.00576,0.99876,1.00
8283,-0.01028,-0.00184,0.00620,-0.99993,-0.03694,-0.01049,0.00039,-0.99926,0.04727,0.01210,-0.00655,0.99879,1.00,-0.03693,0.01664,-0.00062,-0.99918,0.04710,-0.01503,-0.00582,0.99876,1.00
8295,-0.01023,-0.00180,0.00629,-0.99993,-0.03571,-0.00922,0.00033,-0.99932,0.04599,0.01080,-0.00659,0.99886,1.00,-0.03570,0.01790,-0.00064,-0.99920,0.04581,-0.01634,-0.00589,0.99880,1.00
8306,-0.01018,-0.00174,0.00635,-0.99993,-0.03553,-0.00929,0.00033,-0.99933,0.04575,0.01081,-0.00664,0.99887,1.00,-0.03552,0.01784,-0.00063,-0.99921,0.04557,-0.01633,-0.00595,0.99881,1.00
8317,-0.01012,-0.00173,0.00643,-0.99993,-0.03558,-0.00931,0.00033,-0.99932,0.04575,0.01081,-0.00672,0.99887,1.00,-0.03557,0.01782,-0.00063,-0.99921,0.04557,-0.01632,-0.00603,0.99881,1.00
8328,-0.01005,-0.00166,0.00641,-0.99993,-0.03565,-0.00934,0.00033,-0.99932,0.04575,0.01078,-0.00670,0.99887,1.00,-0.03564,0.01778,-0.00063,-0.99921,0.04557,-0.01636,-0.00601,0.99881,1.00
8339,-0.01000,-0.00165,0.00642,-0.99993,-0.04002,-0.01030,0.00041,-0.99915,0.05007,0.01169,-0.00679,0.99865,1.00,-0.04001,0.01684,-0.00067,-0.99906,0.04989,-0.01545,-0.00597,0.99862,1.00
8350,-0.00996,-0.00155,0.00641,-0.99993,-0.04006,-0.01040,0.00042,-0.99914,0.05007,0.01169,-0.00678,0.99865,1.00,-0.04005,0.01674,-0.00067,-0.99906,0.04989,-0.01546,-0.00596,0.99862,1.00
8361,-0.00991,-0.00151,0.00642,-0.99993,-0.04005,-0.01038,0.00042,-0.99914,0.05002,0.01164,-0.00679,0.99866,1.00,-0.04004,0.01676,-0.00067,-0.99906,0.04983,-0.01551,-0.00597,0.99862,1.00
8372,-0.00986,-0.00146,0.00645,-0.99993,-0.03807,-0.01005,0.00038,-0.99922,0.04798,0.01126,-0.00679,0.99876,1.00,-0.03805,0.01709,-0.00065,-0.99913,0.04779,-0.01588,-0.00602,0.99871,1.00
8383,-0.00983,-0.00137,0.00644,-0.99993,-0.03810,-0.01014,0.00039,-0.99922,0.04798,0.01126,-0.00678,0.99876,1.00,-0.03808,0.01699,-0.00065,-0.99913,0.04779,-0.01588,-0.00601,0.99871,1.00
8395,-0.00980,-0.00130,0.00642,-0.99993,-0.03807,-0.00947,0.00036,-0.99923,0.04791,0.01052,-0.00673,0.99877,1.00,-0.03804,0.01767,-0.00067,-0.99912,0.04772,-0.01662,-0.00596,0.99870,1.00
8407,-0.00977,-0.00117,0.00643,-0.99993,-0.03804,-0.00950,0.00036,-0.99923,0.04786,0.01043,-0.00674,0.99878,1.00,-0.03802,0.01764,-0.00067,-0.99912,0.04766,-0.01671,-0.00597,0.99871,1.00
8417,-0.00973,-0.00108,0.00642,-0.99993,-0.03808,-0.00959,0.00037,-0.99923,0.04786,0.01043,-0.00673,0.99878,1.00,-0.03805,0.01754,-0.00067,-0.99912,0.04766,-0.01671,-0.00596,0.99871,1.00
8428,-0.00973,-0.00100,0.00638,-0.99993,-0.03591,-0.01066,0.00038,-0.99930,0.04570,0.01143,-0.00669,0.99887,1.00,-0.03589,0.01647,-0.00059,-0.99922,0.04551,-0.01571,-0.00598,0.99882,1.00
8440,-0.00976,-0.00088,0.00635,-0.99993,-0.03582,-0.01217,0.00044,-0.99928,0.04565,0.01282,-0.00670,0.99885,1.00,-0.03581,0.01496,-0.00054,-0.99925,0.04547,-0.01431,-0.00599,0.99885,1.00
8451,-0.00977,-0.00076,0.00630,-0.99993,-0.03582,-0.01228,0.00044,-0.99928,0.04565,0.01282,-0.00664,0.99885,1.00,-0.03580,0.01485,-0.00053,-0.99925,0.04547,-0.01431,-0.00593,0.99885,1.00
8462,-0.00974,-0.00065,0.00627,-0.99993,-0.03691,-0.01103,0.00041,-0.99926,0.04671,0.01145,-0.00658,0.99882,1.00,-0.03689,0.01610,-0.00059,-0.99919,0.04651,-0.01568,-0.00585,0.99878,1.00
8474,-0.00969,-0.00051,0.00625,-0.99993,-0.03696,-0.01225,0.00045,-0.99924,0.04671,0.01253,-0.00660,0.99881,1.00,-0.03694,0.01488,-0.00055,-0.99921,0.04652,-0.01461,-0.00586,0.99879,1.00
8485,-0.00965,-0.00046,0.00625,-0.99993,-0.03699,-0.01230,0.00046,-0.99924,0.04671,0.01253,-0.00660,0.99881,1.00,-0.03698,0.01484,-0.00055,-0.99921,0.04652,-0.01461,-0.00585,0.99879,1.00
8496,-0.00963,-0.00034,0.00623,-0.99993,-0.03805,-0.01288,0.00049,-0.99919,0.04774,0.01299,-0.00660,0.99875,1.00,-0.03804,0.01426,-0.00054,-0.99917,0.04757,-0.01416,-0.00583,0.99875,1.00
8507,-0.00963,-0.00025,0.00617,-0.99993,-0.03800,-0.01282,0.00049,-0.99920,0.04770,0.01284,-0.00654,0.99876,1.00,-0.03799,0.01431,-0.00054,-0.99918,0.04752,-0.01431,-0.00577,0.99875,1.00
8518,-0.00961,-0.00012,0.00602,-0.99994,-0.03802,-0.01293,0.00049,-0.99919,0.04770,0.01283,-0.00639,0.99876,1.00,-0.03800,0.01420,-0.00054,-0.99918,0.04752,-0.01431,-0.00562,0.99875,1.00
8529,-0.00949,-0.00012,0.00598,-0.99994,-0.03812,-0.01278,0.00049,-0.99919,0.04767,0.01268,-0.00635,0.99876,1.00,-0.03810,0.01436,-0.00055,-0.99917,0.04749,-0.01447,-0.00557,0.99875,1.00
8540,-0.00931,-0.00008,0.00592,-0.99994,-0.03806,-0.01340,0.00051,-0.99919,0.04744,0.01326,-0.00631,0.99877,1.00,-0.03805,0.01373,-0.00052,-0.99918,0.04727,-0.01388,-0.00553,0.99877,1.00
8551,-0.00910,-0.00005,0.00588,-0.99994,-0.03827,-0.01343,0.00051,-0.99918,0.04744,0.01326,-0.00627,0.99877,1.00,-0.03826,0.01370,-0.00052,-0.99917,0.04727,-0.01389,-0.00548,0.99877,1.00
8563,-0.00888,-0.00005,0.00602,-0.99994,-0.03840,-0.01403,0.00054,-0.99916,0.04735,0.01385,-0.00643,0.99876,1.00,-0.03840,0.01310,-0.00050,-0.99918,0.04719,-0.01329,-0.00563,0.99878,1.00
8574,-0.00873,-0.00003,0.00617,-0.99994,-0.03689,-0.01328,0.00049,-0.99923,0.04569,0.01309,-0.00654,0.99885,1.00,-0.03689,0.01385,-0.00051,-0.99922,0.04553,-0.01405,-0.00577,0.99885,1.00
8585,-0.00863,-0.00008,0.00639,-0.99994,-0.03698,-0.01326,0.00049,-0.99923,0.04569,0.01310,-0.00677,0.99885,1.00,-0.03700,0.01388,-0.00051,-0.99922,0.04553,-0.01404,-0.00600,0.99885,1.00
8596,-0.00863,-0.00012,0.00659,-0.99994,-0.03851,-0.01383,0.00053,-0.99916,0.04722,0.01370,-0.00700,0.99877,1.00,-0.03854,0.01330,-0.00051,-0.99917,0.04708,-0.01344,-0.00619,0.99878,1.00
8607,-0.00877,-0.00025,0.00680,-0.99994,-0.03815,-0.01204,0.00046,-0.99920,0.04699,0.01204,-0.00715,0.99880,1.00,-0.03818,0.01510,-0.00058,-0.99916,0.04684,-0.01511,-0.00635,0.99877,1.00
8619,-0.00897,-0.00034,0.00688,-0.99994,-0.03795,-0.01196,0.00045,-0.99921,0.04699,0.01204,-0.00723,0.99880,1.00,-0.03798,0.01518,-0.00058,-0.99916,0.04684,-0.01510,-0.00645,0.99877,1.00
8629,-0.00920,-0.00049,0.00698,-0.99993,-0.03760,-0.01252,0.00047,-0.99921,0.04688,0.01275,-0.00735,0.99879,1.00,-0.03763,0.01462,-0.00055,-0.99918,0.04672,-0.01439,-0.00658,0.99878,1.00
8640,-0.00942,-0.00068,0.00703,-0.99993,-0.03683,-0.01241,0.00046,-0.99924,0.04632,0.01283,-0.00739,0.99882,1.00,-0.03685,0.01472,-0.00054,-0.99921,0.04615,-0.01431,-0.00664,0.99881,1.00
8651,-0.00956,-0.00087,0.00711,-0.99993,-0.03669,-0.01222,0.00045,-0.99925,0.04632,0.01283,-0.00747,0.99882,1.00,-0.03671,0.01491,-0.00055,-0.99921,0.04615,-0.01431,-0.00673,0.99881,1.00
8662,-0.00966,-0.00102,0.00713,-0.99993,-0.03676,-0.01274,0.00047,-0.99924,0.04650,0.01351,-0.00750,0.99880,1.00,-0.03678,0.01439,-0.00053,-0.99922,0.04633,-0.01363,-0.00677,0.99881,1.00
8674,-0.00970,-0.00115,0.00718,-0.99993,-0.03597,-0.01296,0.00047,-0.99927,0.04575,0.01385,-0.00756,0.99883,1.00,-0.03598,0.01417,-0.00051,-0.99925,0.04557,-0.01328,-0.00684,0.99885,1.00
8684,-0.00970,-0.00128,0.00724,-0.99993,-0.03596,-0.01284,0.00046,-0.99927,0.04575,0.01386,-0.00762,0.99883,1.00,-0.03598,0.01429,-0.00051,-0.99925,0.04557,-0.01328,-0.00690,0.99885,1.00
8696,-0.00962,-0.00126,0.00722,-0.99993,-0.03719,-0.01292,0.00048,-0.99922,0.04689,0.01392,-0.00761,0.99877,1.00,-0.03720,0.01421,-0.00053,-0.99921,0.04670,-0.01322,-0.00687,0.99880,1.00
8708,-0.00962,-0.00133,0.00727,-0.99993,-0.03731,-0.01147,0.00043,-0.99924,0.04700,0.01254,-0.00763,0.99879,1.00,-0.03731,0.01566,-0.00058,-0.99918,0.04681,-0.01460,-0.00688,0.99877,1.00
8719,-0.00953,-0.00127,0.00724,-0.99993,-0.03740,-0.01153,0.00043,-0.99923,0.04700,0.01253,-0.00760,0.99879,1.00,-0.03740,0.01560,-0.00058,-0.99918,0.04681,-0.01461,-0.00685,0.99877,1.00
8729,-0.00947,-0.00123,0.00723,-0.99993,-0.03750,-0.01153,0.00043,-0.99923,0.04704,0.01249,-0.00759,0.99879,1.00,-0.03749,0.01561,-0.00059,-0.99917,0.04684,-0.01465,-0.00683,0.99877,1.00
8741,-0.00945,-0.00109,0.00722,-0.99993,-0.03779,-0.01149,0.00043,-0.99922,0.04731,0.01230,-0.00758,0.99878,1.00,-0.03778,0.01564,-0.00059,-0.99916,0.04710,-0.01484,-0.00681,0.99876,1.00
8752,-0.00948,-0.00096,0.00724,-0.99993,-0.03776,-0.01162,0.00044,-0.99922,0.04731,0.01231,-0.00760,0.99878,1.00,-0.03775,0.01551,-0.00059,-0.99917,0.04710,-0.01484,-0.00683,0.99876,1.00
8762,-0.00953,-0.00079,0.00726,-0.99993,-0.03866,-0.01178,0.00046,-0.99918,0.04827,0.01230,-0.00763,0.99873,1.00,-0.03865,0.01535,-0.00059,-0.99913,0.04806,-0.01485,-0.00684,0.99871,1.00
8774,-0.00961,-0.00061,0.00726,-0.99993,-0.03857,-0.01342,0.00052,-0.99917,0.04826,0.01376,-0.00767,0.99871,1.00,-0.03856,0.01371,-0.00053,-0.99916,0.04806,-0.01338,-0.00688,0.99873,1.00
8784,-0.00961,-0.00043,0.00723,-0.99993,-0.03856,-0.01360,0.00052,-0.99916,0.04826,0.01376,-0.00763,0.99871,1.00,-0.03856,0.01354,-0.00052,-0.99916,0.04806,-0.01339,-0.00685,0.99873,1.00
8798,-0.00950,-0.00037,0.00732,-0.99993,-0.03878,-0.01352,0.00052,-0.99916,0.04837,0.01361,-0.00773,0.99871,1.00,-0.03878,0.01361,-0.00053,-0.99915,0.04817,-0.01354,-0.00693,0.99872,1.00
8808,-0.00944,-0.00030,0.00750,-0.99993,-0.03969,-0.01342,0.00053,-0.99912,0.04922,0.01343,-0.00791,0.99867,1.00,-0.03970,0.01372,-0.00055,-0.99912,0.04903,-0.01372,-0.00709,0.99868,1.00
8820,-0.00927,-0.00025,0.00758,-0.99993,-0.03983,-0.01410,0.00056,-0.99911,0.04920,0.01406,-0.00801,0.99866,1.00,-0.03985,0.01304,-0.00052,-0.99912,0.04901,-0.01309,-0.00718,0.99869,1.00
8832,-0.00921,-0.00030,0.00775,-0.99993,-0.03989,-0.01408,0.00056,-0.99910,0.04920,0.01407,-0.00819,0.99866,1.00,-0.03992,0.01306,-0.00052,-0.99912,0.04901,-0.01308,-0.00735,0.99869,1.00
8842,-0.00911,-0.00025,0.00773,-0.99993,-0.03912,-0.01488,0.00058,-0.99912,0.04833,0.01483,-0.00818,0.99869,1.00,-0.03914,0.01226,-0.00048,-0.99916,0.04814,-0.01232,-0.00736,0.99874,1.00
8853,-0.00906,-0.00032,0.00783,-0.99993,-0.03916,-0.01482,0.00058,-0.99912,0.04833,0.01483,-0.00828,0.99869,1.00,-0.03919,0.01232,-0.00048,-0.99916,0.04814,-0.01231,-0.00746,0.99874,1.00
8864,-0.00902,-0.00030,0.00782,-0.99993,-0.03829,-0.01473,0.00056,-0.99916,0.04741,0.01474,-0.00826,0.99873,1.00,-0.03831,0.01240,-0.00048,-0.99919,0.04722,-0.01240,-0.00746,0.99878,1.00
8876,-0.00899,-0.00040,0.00785,-0.99993,-0.03901,-0.01450,0.00057,-0.99913,0.04810,0.01460,-0.00829,0.99870,1.00,-0.03902,0.01264,-0.00049,-0.99916,0.04790,-0.01255,-0.00748,0.99875,1.00
8887,-0.00898,-0.00046,0.00786,-0.99993,-0.03788,-0.01444,0.00055,-0.99918,0.04696,0.01461,-0.00829,0.99876,1.00,-0.03789,0.01269,-0.00048,-0.99920,0.04676,-0.01253,-0.00750,0.99880,1.00
8899,-0.00898,-0.00055,0.00794,-0.99993,-0.03788,-0.01436,0.00054,-0.99918,0.04696,0.01461,-0.00837,0.99875,1.00,-0.03790,0.01277,-0.00048,-0.99920,0.04676,-0.01253,-0.00758,0.99880,1.00
8910,-0.00888,-0.00065,0.00800,-0.99993,-0.03792,-0.01432,0.00054,-0.99918,0.04690,0.01467,-0.00844,0.99876,1.00,-0.03793,0.01281,-0.00049,-0.99920,0.04670,-0.01247,-0.00765,0.99880,1.00
8920,-0.00882,-0.00069,0.00805,-0.99993,-0.03797,-0.01428,0.00054,-0.99918,0.04690,0.01467,-0.00848,0.99876,1.00,-0.03799,0.01285,-0.00049,-0.99920,0.04670,-0.01247,-0.00769,0.99880,1.00
8932,-0.00872,-0.00075,0.00804,-0.99993,-0.03802,-0.01385,0.00053,-0.99918,0.04684,0.01430,-0.00847,0.99876,1.00,-0.03803,0.01329,-0.00051,-0.99919,0.04664,-0.01285,-0.00767,0.99880,1.00
8943,-0.00863,-0.00077,0.00805,-0.99993,-0.03857,-0.01335,0.00052,-0.99917,0.04730,0.01381,-0.00848,0.99875,1.00,-0.03858,0.01379,-0.00053,-0.99916,0.04708,-0.01334,-0.00766,0.99877,1.00
8953,-0.00859,-0.00076,0.00808,-0.99993,-0.03861,-0.01335,0.00052,-0.99917,0.04730,0.01381,-0.00850,0.99875,1.00,-0.03862,0.01378,-0.00053,-0.99916,0.04708,-0.01333,-0.00768,0.99877,1.00
8965,-0.00857,-0.00072,0.00812,-0.99993,-0.03966,-0.01349,0.00054,-0.99912,0.04833,0.01388,-0.00856,0.99870,1.00,-0.03966,0.01365,-0.00054,-0.99912,0.04811,-0.01327,-0.00771,0.99872,1.00
8976,-0.00858,-0.00066,0.00819,-0.99993,-0.03955,-0.01281,0.00051,-0.99914,0.04823,0.01315,-0.00861,0.99871,1.00,-0.03956,0.01433,-0.00057,-0.99911,0.04801,-0.01399,-0.00777,0.99872,1.00
8987,-0.00862,-0.00058,0.00827,-0.99993,-0.03950,-0.01453,0.00057,-0.99911,0.04824,0.01479,-0.00873,0.99869,1.00,-0.03952,0.01261,-0.00050,-0.99914,0.04803,-0.01235,-0.00789,0.99874,1.00
8999,-0.00866,-0.00052,0.00837,-0.99993,-0.03946,-0.01460,0.00058,-0.99911,0.04823,0.01480,-0.00883,0.99869,1.00,-0.03948,0.01254,-0.00050,-0.99914,0.04803,-0.01235,-0.00800,0.99874,1.00
9009,-0.00868,-0.00044,0.00841,-0.99993,-0.03954,-0.01300,0.00051,-0.99913,0.04832,0.01311,-0.00883,0.99871,1.00,-0.03955,0.01414,-0.00056,-0.99912,0.04810,-0.01404,-0.00799,0.99871,1.00
9021,-0.00870,-0.00038,0.00849,-0.99993,-0.03941,-0.01494,0.00059,-0.99911,0.04823,0.01499,-0.00896,0.99868,1.00,-0.03943,0.01219,-0.00048,-0.99915,0.04802,-0.01216,-0.00812,0.99874,1.00
9032,-0.00871,-0.00033,0.00852,-0.99993,-0.03940,-0.01499,0.00059,-0.99911,0.04823,0.01499,-0.00899,0.99868,1.00,-0.03942,0.01215,-0.00048,-0.99915,0.04802,-0.01215,-0.00815,0.99874,1.00
9042,-0.00866,-0.00030,0.00854,-0.99993,-0.03836,-0.01493,0.00057,-0.99915,0.04714,0.01491,-0.00899,0.99874,1.00,-0.03837,0.01221,-0.00047,-0.99919,0.04692,-0.01224,-0.00819,0.99879,1.00
9054,-0.00864,-0.00032,0.00859,-0.99993,-0.03654,-0.01483,0.00054,-0.99922,0.04530,0.01484,-0.00900,0.99882,1.00,-0.03656,0.01230,-0.00045,-0.99926,0.04508,-0.01230,-0.00825,0.99887,1.00
9066,-0.00855,-0.00037,0.00859,-0.99993,-0.03663,-0.01478,0.00054,-0.99922,0.04530,0.01484,-0.00902,0.99882,1.00,-0.03665,0.01235,-0.00045,-0.99925,0.04508,-0.01230,-0.00825,0.99887,1.00
9076,-0.00849,-0.00043,0.00860,-0.99993,-0.03668,-0.01401,0.00051,-0.99923,0.04527,0.01413,-0.00901,0.99883,1.00,-0.03668,0.01312,-0.00048,-0.99924,0.04505,-0.01301,-0.00824,0.99887,1.00
9087,-0.00844,-0.00049,0.00856,-0.99993,-0.03908,-0.01371,0.00054,-0.99914,0.04763,0.01388,-0.00899,0.99873,1.00,-0.03908,0.01342,-0.00053,-0.99915,0.04740,-0.01327,-0.00816,0.99875,1.00
9099,-0.00840,-0.00056,0.00857,-0.99993,-0.03912,-0.01365,0.00053,-0.99914,0.04763,0.01388,-0.00900,0.99873,1.00,-0.03913,0.01349,-0.00053,-0.99914,0.04740,-0.01327,-0.00816,0.99875,1.00
9110,-0.00841,-0.00061,0.00853,-0.99993,-0.04066,-0.01363,0.00055,-0.99908,0.04918,0.01390,-0.00899,0.99865,1.00,-0.04066,0.01351,-0.00055,-0.99908,0.04895,-0.01325,-0.00811,0.99868,1.00
9121,-0.00841,-0.00067,0.00855,-0.99993,-0.03898,-0.01381,0.00054,-0.99914,0.04750,0.01416,-0.00899,0.99873,1.00,-0.03898,0.01332,-0.00052,-0.99915,0.04727,-0.01299,-0.00816,0.99876,1.00
9133,-0.00846,-0.00070,0.00852,-0.99993,-0.03893,-0.01378,0.00054,-0.99915,0.04750,0.01416,-0.00896,0.99873,1.00,-0.03893,0.01335,-0.00052,-0.99915,0.04727,-0.01299,-0.00813,0.99876,1.00
9143,-0.00849,-0.00077,0.00856,-0.99993,-0.04050,-0.01270,0.00051,-0.99910,0.04909,0.01313,-0.00899,0.99867,1.00,-0.04050,0.01444,-0.00059,-0.99908,0.04885,-0.01402,-0.00812,0.99867,1.00
9154,-0.00853,-0.00082,0.00859,-0.99993,-0.04046,-0.01265,0.00051,-0.99910,0.04909,0.01313,-0.00902,0.99867,1.00,-0.04045,0.01449,-0.00059,-0.99908,0.04885,-0.01402,-0.00815,0.99867,1.00
9166,-0.00853,-0.00083,0.00862,-0.99993,-0.03905,-0.01306,0.00051,-0.99915,0.04768,0.01355,-0.00905,0.99873,1.00,-0.03906,0.01408,-0.00055,-0.99914,0.04745,-0.01359,-0.00822,0.99875,1.00
9176,-0.00845,-0.00086,0.00869,-0.99993,-0.03915,-0.01303,0.00051,-0.99915,0.04771,0.01355,-0.00911,0.99873,1.00,-0.03916,0.01411,-0.00055,-0.99913,0.04748,-0.01359,-0.00828,0.99875,1.00
9187,-0.00833,-0.00094,0.00877,-0.99993,-0.03928,-0.01302,0.00051,-0.99914,0.04771,0.01362,-0.00920,0.99873,1.00,-0.03929,0.01412,-0.00056,-0.99913,0.04748,-0.01353,-0.00836,0.99875,1.00
9199,-0.00810,-0.00100,0.00885,-0.99993,-0.03951,-0.01297,0.00051,-0.99914,0.04771,0.01362,-0.00929,0.99873,1.00,-0.03952,0.01417,-0.00056,-0.99912,0.04748,-0.01353,-0.00844,0.99874,1.00
9210,-0.00793,-0.00102,0.00888,-0.99993,-0.03861,-0.01311,0.00051,-0.99917,0.04665,0.01379,-0.00931,0.99877,1.00,-0.03862,0.01403,-0.00054,-0.99916,0.04642,-0.01336,-0.00848,0.99880,1.00
9221,-0.00774,-0.00114,0.00895,-0.99993,-0.03990,-0.01302,0.00052,-0.99912,0.04774,0.01380,-0.00941,0.99872,1.00,-0.03991,0.01413,-0.00056,-0.99910,0.04751,-0.01335,-0.00853,0.99875,1.00
9232,-0.00762,-0.00125,0.00898,-0.99993,-0.04002,-0.01291,0.00052,-0.99912,0.04774,0.01380,-0.00944,0.99872,1.00,-0.04003,0.01423,-0.00057,-0.99910,0.04751,-0.01335,-0.00856,0.99874,1.00
9243,-0.00753,-0.00136,0.00899,-0.99993,-0.03991,-0.01303,0.00052,-0.99912,0.04755,0.01403,-0.00946,0.99873,1.00,-0.03992,0.01411,-0.00056,-0.99910,0.04732,-0.01311,-0.00858,0.99876,1.00
9254,-0.00751,-0.00140,0.00887,-0.99993,-0.03973,-0.01294,0.00051,-0.99913,0.04735,0.01399,-0.00933,0.99874,1.00,-0.03973,0.01420,-0.00056,-0.99911,0.04710,-0.01316,-0.00846,0.99877,1.00
9266,-0.00749,-0.00150,0.00875,-0.99993,-0.03976,-0.01284,0.00051,-0.99913,0.04735,0.01399,-0.00921,0.99874,1.00,-0.03975,0.01430,-0.00057,-0.99911,0.04710,-0.01316,-0.00834,0.99877,1.00
9277,-0.00744,-0.00154,0.00859,-0.99993,-0.04031,-0.01346,0.00054,-0.99910,0.04786,0.01465,-0.00909,0.99871,1.00,-0.04029,0.01369,-0.00055,-0.99909,0.04761,-0.01250,-0.00820,0.99875,1.00
9287,-0.00733,-0.00157,0.00850,-0.99994,-0.03993,-0.01290,0.00052,-0.99912,0.04736,0.01414,-0.00897,0.99874,1.00,-0.03991,0.01424,-0.00057,-0.99910,0.04711,-0.01301,-0.00809,0.99877,1.00
9299,-0.00716,-0.00159,0.00843,-0.99994,-0.04010,-0.01288,0.00052,-0.99911,0.04736,0.01413,-0.00891,0.99874,1.00,-0.04007,0.01426,-0.00057,-0.99909,0.04711,-0.01301,-0.00802,0.99877,1.00
9310,-0.00699,-0.00150,0.00839,-0.99994,-0.04055,-0.01266,0.00051,-0.99910,0.04764,0.01382,-0.00886,0.99873,1.00,-0.04053,0.01448,-0.00059,-0.99907,0.04739,-0.01333,-0.00795,0.99876,1.00
9322,-0.00685,-0.00143,0.00843,-0.99994,-0.04069,-0.01274,0.00052,-0.99909,0.04764,0.01382,-0.00891,0.99873,1.00,-0.04067,0.01441,-0.00059,-0.99907,0.04739,-0.01333,-0.00799,0.99876,1.00
9334,-0.00680,-0.00134,0.00849,-0.99994,-0.04052,-0.01271,0.00052,-0.99910,0.04742,0.01370,-0.00897,0.99874,1.00,-0.04051,0.01444,-0.00059,-0.99907,0.04718,-0.01344,-0.00805,0.99876,1.00
9343,-0.00675,-0.00130,0.00859,-0.99994,-0.04038,-0.01281,0.00052,-0.99910,0.04723,0.01377,-0.00906,0.99875,1.00,-0.04037,0.01433,-0.00058,-0.99908,0.04699,-0.01337,-0.00815,0.99877,1.00
9354,-0.00679,-0.00116,0.00867,-0.99994,-0.03822,-0.01363,0.00052,-0.99918,0.04512,0.01446,-0.00914,0.99884,1.00,-0.03823,0.01350,-0.00052,-0.99918,0.04489,-0.01268,-0.00828,0.99888,1.00
9366,-0.00696,-0.00102,0.00875,-0.99994,-0.03805,-0.01377,0.00052,-0.99918,0.04512,0.01446,-0.00921,0.99883,1.00,-0.03806,0.01336,-0.00051,-0.99919,0.04489,-0.01268,-0.00837,0.99888,1.00
9377,-0.00718,-0.00096,0.00871,-0.99994,-0.03775,-0.01371,0.00052,-0.99919,0.04503,0.01435,-0.00916,0.99884,1.00,-0.03775,0.01342,-0.00051,-0.99920,0.04480,-0.01279,-0.00832,0.99888,1.00
9388,-0.00731,-0.00094,0.00867,-0.99994,-0.04054,-0.01359,0.00055,-0.99909,0.04796,0.01418,-0.00915,0.99871,1.00,-0.04054,0.01356,-0.00055,-0.99909,0.04773,-0.01297,-0.00825,0.99874,1.00
9399,-0.00748,-0.00095,0.00860,-0.99993,-0.04038,-0.01357,0.00055,-0.99909,0.04796,0.01418,-0.00908,0.99871,1.00,-0.04037,0.01357,-0.00055,-0.99909,0.04773,-0.01297,-0.00818,0.99874,1.00
9410,-0.00757,-0.00103,0.00854,-0.99993,-0.04115,-0.01461,0.00060,-0.99905,0.04884,0.01529,-0.00906,0.99865,1.00,-0.04115,0.01254,-0.00052,-0.99907,0.04860,-0.01186,-0.00815,0.99871,1.00
9421,-0.00763,-0.00109,0.00845,-0.99993,-0.04164,-0.01470,0.00061,-0.99902,0.04938,0.01544,-0.00898,0.99862,1.00,-0.04163,0.01245,-0.00052,-0.99906,0.04915,-0.01171,-0.00806,0.99869,1.00
9433,-0.00769,-0.00111,0.00830,-0.99994,-0.04159,-0.01467,0.00061,-0.99903,0.04939,0.01544,-0.00884,0.99862,1.00,-0.04158,0.01248,-0.00052,-0.99906,0.04915,-0.01172,-0.00792,0.99869,1.00
9444,-0.00775,-0.00118,0.00821,-0.99994,-0.04170,-0.01459,0.00061,-0.99902,0.04955,0.01543,-0.00874,0.99861,1.00,-0.04168,0.01255,-0.00052,-0.99905,0.04932,-0.01173,-0.00782,0.99868,1.00
9454,-0.00774,-0.00115,0.00804,-0.99994,-0.04222,-0.01467,0.00062,-0.99900,0.05007,0.01549,-0.00859,0.99859,1.00,-0.04220,0.01247,-0.00053,-0.99903,0.04983,-0.01167,-0.00765,0.99866,1.00
9466,-0.00775,-0.00107,0.00797,-0.99994,-0.04221,-0.01475,0.00062,-0.99900,0.05007,0.01548,-0.00852,0.99859,1.00,-0.04219,0.01240,-0.00052,-0.99903,0.04983,-0.01167,-0.00758,0.99866,1.00
9477,-0.00781,-0.00105,0.00788,-0.99994,-0.04017,-0.01479,0.00059,-0.99908,0.04808,0.01553,-0.00839,0.99869,1.00,-0.04015,0.01235,-0.00050,-0.99912,0.04785,-0.01162,-0.00751,0.99876,1.00
9488,-0.00778,-0.00099,0.00787,-0.99994,-0.04179,-0.01404,0.00059,-0.99903,0.04967,0.01471,-0.00838,0.99862,1.00,-0.04178,0.01310,-0.00055,-0.99904,0.04945,-0.01244,-0.00745,0.99867,1.00
9499,-0.00774,-0.00085,0.00786,-0.99994,-0.04183,-0.01419,0.00059,-0.99902,0.04967,0.01471,-0.00837,0.99862,1.00,-0.04182,0.01296,-0.00054,-0.99904,0.04945,-0.01244,-0.00745,0.99867,1.00
9510,-0.00773,-0.00078,0.00790,-0.99994,-0.04056,-0.01422,0.00058,-0.99908,0.04840,0.01468,-0.00839,0.99868,1.00,-0.04056,0.01292,-0.00052,-0.99909,0.04818,-0.01247,-0.00750,0.99873,1.00
9521,-0.00772,-0.00068,0.00792,-0.99994,-0.04058,-0.01433,0.00058,-0.99907,0.04840,0.01469,-0.00841,0.99868,1.00,-0.04057,0.01282,-0.00052,-0.99909,0.04818,-0.01246,-0.00752,0.99873,1.00
9533,-0.00767,-0.00064,0.00791,-0.99994,-0.04192,-0.01383,0.00058,-0.99902,0.04969,0.01414,-0.00840,0.99863,1.00,-0.04192,0.01331,-0.00056,-0.99903,0.04947,-0.01301,-0.00747,0.99866,1.00
9544,-0.00758,-0.00061,0.00784,-0.99994,-0.04202,-0.01441,0.00061,-0.99901,0.04970,0.01469,-0.00836,0.99862,1.00,-0.04202,0.01274,-0.00054,-0.99904,0.04949,-0.01247,-0.00742,0.99867,1.00
9555,-0.00745,-0.00061,0.00787,-0.99994,-0.04253,-0.01506,0.00064,-0.99898,0.05009,0.01534,-0.00842,0.99859,1.00,-0.04253,0.01209,-0.00051,-0.99902,0.04988,-0.01182,-0.00746,0.99866,1.00
9567,-0.00729,-0.00067,0.00794,-0.99994,-0.04269,-0.01501,0.00064,-0.99898,0.05008,0.01535,-0.00849,0.99859,1.00,-0.04269,0.01214,-0.00052,-0.99901,0.04988,-0.01181,-0.00753,0.99866,1.00
9577,-0.00707,-0.00079,0.00810,-0.99994,-0.04371,-0.01485,0.00065,-0.99893,0.05089,0.01529,-0.00867,0.99855,1.00,-0.04373,0.01230,-0.00054,-0.99897,0.05069,-0.01187,-0.00768,0.99861,1.00
9588,-0.00678,-0.00091,0.00816,-0.99994,-0.04385,-0.01474,0.00065,-0.99893,0.05074,0.01529,-0.00874,0.99856,1.00,-0.04387,0.01242,-0.00055,-0.99896,0.05054,-0.01187,-0.00773,0.99862,1.00
9599,-0.00651,-0.00098,0.00814,-0.99995,-0.04412,-0.01467,0.00065,-0.99892,0.05074,0.01529,-0.00872,0.99856,1.00,-0.04414,0.01249,-0.00055,-0.99895,0.05054,-0.01187,-0.00770,0.99862,1.00
9610,-0.00626,-0.00107,0.00820,-0.99995,-0.04308,-0.01307,0.00056,-0.99899,0.04944,0.01379,-0.00871,0.99864,1.00,-0.04308,0.01408,-0.00061,-0.99897,0.04922,-0.01336,-0.00771,0.99867,1.00
9621,-0.00609,-0.00118,0.00815,-0.99995,-0.04189,-0.01529,0.00064,-0.99901,0.04809,0.01614,-0.00874,0.99867,1.00,-0.04190,0.01185,-0.00050,-0.99905,0.04789,-0.01101,-0.00777,0.99876,1.00
9633,-0.00597,-0.00129,0.00817,-0.99995,-0.04201,-0.01519,0.00064,-0.99900,0.04809,0.01614,-0.00876,0.99867,1.00,-0.04202,0.01196,-0.00050,-0.99904,0.04789,-0.01101,-0.00778,0.99876,1.00
9643,-0.00598,-0.00132,0.00814,-0.99995,-0.04167,-0.01603,0.00067,-0.99900,0.04777,0.01701,-0.00876,0.99867,1.00,-0.04169,0.01111,-0.00046,-0.99907,0.04757,-0.01014,-0.00779,0.99879,1.00
9654,-0.00601,-0.00137,0.00818,-0.99995,-0.04105,-0.01616,0.00066,-0.99903,0.04718,0.01720,-0.00880,0.99870,1.00,-0.04107,0.01098,-0.00045,-0.99910,0.04698,-0.00995,-0.00784,0.99882,1.00
9666,-0.00607,-0.00137,0.00819,-0.99995,-0.04099,-0.01616,0.00066,-0.99903,0.04718,0.01720,-0.00880,0.99870,1.00,-0.04101,0.01099,-0.00045,-0.99910,0.04698,-0.00995,-0.00785,0.99882,1.00
9676,-0.00628,-0.00131,0.00824,-0.99995,-0.04062,-0.01628,0.00066,-0.99904,0.04703,0.01726,-0.00884,0.99871,1.00,-0.04064,0.01086,-0.00044,-0.99911,0.04683,-0.00989,-0.00791,0.99882,1.00
9688,-0.00664,-0.00126,0.00829,-0.99994,-0.04027,-0.01573,0.00063,-0.99906,0.04703,0.01666,-0.00887,0.99872,1.00,-0.04028,0.01141,-0.00046,-0.99912,0.04682,-0.01049,-0.00795,0.99882,1.00
9699,-0.00687,-0.00117,0.00834,-0.99994,-0.04003,-0.01582,0.00063,-0.99907,0.04703,0.01666,-0.00891,0.99872,1.00,-0.04005,0.01132,-0.00045,-0.99913,0.04682,-0.01049,-0.00801,0.99882,1.00
9710,-0.00705,-0.00112,0.00845,-0.99994,-0.04091,-0.01547,0.00063,-0.99904,0.04808,0.01625,-0.00901,0.99867,1.00,-0.04093,0.01167,-0.00048,-0.99909,0.04787,-0.01090,-0.00809,0.99876,1.00
9721,-0.00718,-0.00104,0.00843,-0.99994,-0.04078,-0.01555,0.00063,-0.99905,0.04808,0.01624,-0.00899,0.99867,1.00,-0.04080,0.01159,-0.00047,-0.99910,0.04787,-0.01090,-0.00807,0.99876,1.00
9733,-0.00730,-0.00102,0.00854,-0.99994,-0.03989,-0.01425,0.00057,-0.99910,0.04730,0.01493,-0.00904,0.99873,1.00,-0.03990,0.01289,-0.00051,-0.99912,0.04709,-0.01222,-0.00815,0.99878,1.00
9744,-0.00745,-0.00096,0.00865,-0.99993,-0.04099,-0.01424,0.00058,-0.99906,0.04856,0.01484,-0.00916,0.99867,1.00,-0.04101,0.01290,-0.00053,-0.99908,0.04834,-0.01231,-0.00824,0.99872,1.00
9754,-0.00757,-0.00103,0.00877,-0.99993,-0.04120,-0.01411,0.00058,-0.99905,0.04888,0.01477,-0.00928,0.99865,1.00,-0.04122,0.01304,-0.00054,-0.99906,0.04866,-0.01238,-0.00836,0.99870,1.00
9765,-0.00779,-0.00100,0.00885,-0.99993,-0.04098,-0.01414,0.00058,-0.99906,0.04888,0.01478,-0.00935,0.99865,1.00,-0.04100,0.01301,-0.00053,-0.99907,0.04866,-0.01237,-0.00845,0.99870,1.00
9776,-0.00796,-0.00109,0.00891,-0.99993,-0.04103,-0.01352,0.00056,-0.99907,0.04911,0.01424,-0.00939,0.99865,1.00,-0.04105,0.01362,-0.00056,-0.99906,0.04888,-0.01291,-0.00849,0.99868,1.00
9786,-0.00811,-0.00113,0.00896,-0.99993,-0.04089,-0.01348,0.00055,-0.99907,0.04910,0.01424,-0.00944,0.99865,1.00,-0.04091,0.01367,-0.00056,-0.99907,0.04888,-0.01291,-0.00855,0.99868,1.00
9798,-0.00826,-0.00118,0.00893,-0.99993,-0.04067,-0.01340,0.00055,-0.99908,0.04904,0.01422,-0.00940,0.99865,1.00,-0.04069,0.01374,-0.00056,-0.99908,0.04882,-0.01293,-0.00852,0.99869,1.00
9810,-0.00841,-0.00130,0.00890,-0.99992,-0.03938,-0.01330,0.00052,-0.99914,0.04790,0.01425,-0.00935,0.99871,1.00,-0.03939,0.01384,-0.00055,-0.99913,0.04767,-0.01290,-0.00851,0.99874,1.00
9820,-0.00851,-0.00135,0.00876,-0.99992,-0.03916,-0.01521,0.00060,-0.99912,0.04780,0.01622,-0.00927,0.99868,1.00,-0.03917,0.01193,-0.00047,-0.99916,0.04757,-0.01092,-0.00844,0.99877,1.00
9832,-0.00864,-0.00147,0.00871,-0.99992,-0.03904,-0.01509,0.00059,-0.99912,0.04780,0.01622,-0.00922,0.99868,1.00,-0.03904,0.01205,-0.00047,-0.99917,0.04757,-0.01093,-0.00839,0.99877,1.00
9843,-0.00872,-0.00146,0.00860,-0.99992,-0.03955,-0.01295,0.00051,-0.99913,0.04837,0.01407,-0.00905,0.99869,1.00,-0.03954,0.01419,-0.00056,-0.99912,0.04812,-0.01307,-0.00821,0.99872,1.00
9854,-0.00881,-0.00153,0.00858,-0.99992,-0.03946,-0.01288,0.00051,-0.99914,0.04837,0.01407,-0.00903,0.99869,1.00,-0.03945,0.01426,-0.00056,-0.99912,0.04812,-0.01307,-0.00820,0.99872,1.00
9866,-0.00889,-0.00147,0.00845,-0.99992,-0.03923,-0.01304,0.00051,-0.99915,0.04821,0.01418,-0.00889,0.99870,1.00,-0.03921,0.01410,-0.00055,-0.99913,0.04797,-0.01297,-0.00807,0.99873,1.00
9877,-0.00893,-0.00151,0.00845,-0.99992,-0.03919,-0.01310,0.00051,-0.99915,0.04822,0.01428,-0.00890,0.99870,1.00,-0.03918,0.01404,-0.00055,-0.99913,0.04797,-0.01287,-0.00808,0.99873,1.00
9887,-0.00898,-0.00142,0.00841,-0.99992,-0.03927,-0.01373,0.00054,-0.99913,0.04836,0.01483,-0.00888,0.99868,1.00,-0.03926,0.01340,-0.00053,-0.99914,0.04812,-0.01232,-0.00805,0.99873,1.00
9899,-0.00895,-0.00131,0.00845,-0.99992,-0.03930,-0.01385,0.00054,-0.99913,0.04836,0.01483,-0.00891,0.99868,1.00,-0.03929,0.01329,-0.00052,-0.99914,0.04812,-0.01232,-0.00809,0.99873,1.00
9910,-0.00888,-0.00117,0.00850,-0.99992,-0.03937,-0.01400,0.00055,-0.99913,0.04836,0.01483,-0.00897,0.99868,1.00,-0.03937,0.01314,-0.00052,-0.99914,0.04813,-0.01232,-0.00814,0.99873,1.00
9921,-0.00875,-0.00102,0.00855,-0.99992,-0.03950,-0.01415,0.00056,-0.99912,0.04836,0.01483,-0.00901,0.99868,1.00,-0.03950,0.01299,-0.00051,-0.99914,0.04813,-0.01231,-0.00818,0.99873,1.00
9933,-0.00857,-0.00088,0.00873,-0.99992,-0.04096,-0.01423,0.00058,-0.99906,0.04964,0.01476,-0.00922,0.99862,1.00,-0.04097,0.01291,-0.00053,-0.99908,0.04942,-0.01239,-0.00834,0.99867,1.00
9943,-0.00851,-0.00074,0.00879,-0.99993,-0.03974,-0.01420,0.00056,-0.99911,0.04836,0.01459,-0.00926,0.99868,1.00,-0.03975,0.01294,-0.00051,-0.99913,0.04814,-0.01255,-0.00841,0.99873,1.00
9954,-0.00845,-0.00073,0.00892,-0.99992,-0.03979,-0.01422,0.00057,-0.99911,0.04836,0.01460,-0.00938,0.99868,1.00,-0.03981,0.01292,-0.00051,-0.99912,0.04814,-0.01255,-0.00853,0.99873,1.00
9966,-0.00845,-0.00066,0.00898,-0.99992,-0.03915,-0.01355,0.00053,-0.99914,0.04771,0.01386,-0.00941,0.99872,1.00,-0.03917,0.01359,-0.00053,-0.99914,0.04749,-0.01329,-0.00858,0.99875,1.00
9976,-0.00849,-0.00067,0.00904,-0.99992,-0.03902,-0.01297,0.00051,-0.99915,0.04762,0.01329,-0.00945,0.99873,1.00,-0.03904,0.01417,-0.00055,-0.99914,0.04738,-0.01386,-0.00862,0.99874,1.00
9987,-0.00850,-0.00072,0.00908,-0.99992,-0.03942,-0.01322,0.00052,-0.99914,0.04803,0.01358,-0.00951,0.99871,1.00,-0.03943,0.01392,-0.00055,-0.99913,0.04780,-0.01356,-0.00867,0.99873,1.00
9999,-0.00853,-0.00080,0.00909,-0.99992,-0.03940,-0.01314,0.00052,-0.99914,0.04803,0.01358,-0.00952,0.99871,1.00,-0.03941,0.01400,-0.00055,-0.99913,0.04780,-0.01356,-0.00868,0.99873,1.00
10010,-0.00845,-0.00094,0.00908,-0.99992,-0.03944,-0.01411,0.00056,-0.99912,0.04801,0.01469,-0.00955,0.99869,1.00,-0.03945,0.01303,-0.00051,-0.99914,0.04778,-0.01246,-0.00871,0.99874,1.00
