Time_ms,TargetRotX,TargetRotY,HeadRotX,HeadRotY,HeadRotZ,HeadRotW,LeftLocalRotX,LeftLocalRotY,LeftLocalRotZ,LeftLocalRotW,LeftWorldRotX,LeftWorldRotY,LeftWorldRotZ,LeftWorldRotW,LeftConfidence,RightLocalRotX,RightLocalRotY,RightLocalRotZ,RightLocalRotW,RightWorldRotX,RightWorldRotY,RightWorldRotZ,RightWorldRotW,RightConfidence
0,0.00,0.00,-0.01890,0.00713,0.00768,-0.99977,-0.05576,-0.03130,0.00175,-0.99795,0.07486,0.02378,-0.00842,0.99688,1.00,-0.05590,-0.00412,0.00023,-0.99843,0.07478,-0.00342,-0.00742,0.99717,1.00
14,0.00,0.00,-0.01903,0.00698,0.00761,-0.99977,-0.05579,-0.03137,0.00175,-0.99795,0.07502,0.02400,-0.00836,0.99686,1.00,-0.05592,-0.00419,0.00023,-0.99843,0.07495,-0.00320,-0.00736,0.99716,1.00
22,0.00,0.00,-0.01920,0.00683,0.00759,-0.99976,-0.05582,-0.03096,0.00173,-0.99796,0.07521,0.02375,-0.00833,0.99685,1.00,-0.05595,-0.00378,0.00021,-0.99843,0.07513,-0.00345,-0.00734,0.99714,1.00
33,0.00,0.00,-0.01919,0.00674,0.00756,-0.99976,-0.05583,-0.03088,0.00173,-0.99796,0.07521,0.02375,-0.00830,0.99685,1.00,-0.05596,-0.00370,0.00021,-0.99843,0.07513,-0.00346,-0.00730,0.99714,1.00
45,0.00,0.00,-0.01919,0.00664,0.00758,-0.99977,-0.05512,-0.02857,0.00158,-0.99807,0.07449,0.02155,-0.00823,0.99695,1.00,-0.05524,-0.00138,0.00008,-0.99847,0.07440,-0.00566,-0.00725,0.99719,1.00
57,0.00,0.00,-0.01916,0.00661,0.00770,-0.99976,-0.05384,-0.02848,0.00154,-0.99814,0.07319,0.02149,-0.00832,0.99705,1.00,-0.05396,-0.00130,0.00007,-0.99854,0.07309,-0.00571,-0.00738,0.99728,1.00
67,0.00,0.00,-0.01916,0.00655,0.00774,-0.99976,-0.05384,-0.02843,0.00153,-0.99814,0.07319,0.02149,-0.00836,0.99705,1.00,-0.05396,-0.00125,0.00007,-0.99854,0.07309,-0.00571,-0.00742,0.99728,1.00
78,0.00,0.00,-0.01913,0.00654,0.00787,-0.99976,-0.05397,-0.02798,0.00151,-0.99815,0.07328,0.02105,-0.00848,0.99705,1.00,-0.05409,-0.00080,0.00004,-0.99854,0.07319,-0.00615,-0.00754,0.99727,1.00
90,0.00,0.00,-0.01910,0.00654,0.00792,-0.99976,-0.05418,-0.02874,0.00156,-0.99812,0.07348,0.02180,-0.00856,0.99702,1.00,-0.05431,-0.00156,0.00008,-0.99852,0.07339,-0.00540,-0.00761,0.99726,1.00
101,0.00,0.00,-0.01905,0.00656,0.00795,-0.99977,-0.05424,-0.02876,0.00156,-0.99811,0.07348,0.02181,-0.00859,0.99702,1.00,-0.05436,-0.00158,0.00009,-0.99852,0.07339,-0.00540,-0.00764,0.99726,1.00
113,0.00,0.00,-0.01903,0.00660,0.00797,-0.99977,-0.05498,-0.02853,0.00157,-0.99808,0.07420,0.02152,-0.00862,0.99697,1.00,-0.05511,-0.00134,0.00007,-0.99848,0.07411,-0.00569,-0.00765,0.99720,1.00
123,0.00,0.00,-0.01902,0.00664,0.00807,-0.99976,-0.05496,-0.02986,0.00164,-0.99804,0.07419,0.02282,-0.00877,0.99694,1.00,-0.05510,-0.00268,0.00015,-0.99848,0.07410,-0.00439,-0.00779,0.99721,1.00
134,0.00,0.00,-0.01898,0.00666,0.00822,-0.99976,-0.05499,-0.02990,0.00165,-0.99804,0.07418,0.02283,-0.00891,0.99694,1.00,-0.05513,-0.00272,0.00015,-0.99848,0.07410,-0.00438,-0.00794,0.99721,1.00
144,0.00,0.00,-0.01897,0.00667,0.00837,-0.99976,-0.05498,-0.02974,0.00164,-0.99804,0.07415,0.02265,-0.00906,0.99695,1.00,-0.05512,-0.00256,0.00014,-0.99848,0.07407,-0.00456,-0.00808,0.99721,1.00
156,0.00,0.00,-0.01892,0.00664,0.00854,-0.99976,-0.05492,-0.02970,0.00163,-0.99805,0.07406,0.02263,-0.00923,0.99695,1.00,-0.05507,-0.00252,0.00014,-0.99848,0.07397,-0.00458,-0.00825,0.99722,1.00
167,0.00,0.00,-0.01891,0.00664,0.00864,-0.99976,-0.05493,-0.02972,0.00164,-0.99805,0.07405,0.02264,-0.00933,0.99695,1.00,-0.05508,-0.00253,0.00014,-0.99848,0.07397,-0.00457,-0.00836,0.99722,1.00
178,0.00,0.00,-0.01888,0.00660,0.00869,-0.99976,-0.05245,-0.02963,0.00156,-0.99818,0.07155,0.02261,-0.00933,0.99714,1.00,-0.05259,-0.00246,0.00013,-0.99861,0.07146,-0.00458,-0.00842,0.99740,1.00
189,0.00,0.00,-0.01883,0.00654,0.00862,-0.99976,-0.05496,-0.02924,0.00161,-0.99806,0.07400,0.02226,-0.00930,0.99697,1.00,-0.05509,-0.00206,0.00011,-0.99848,0.07390,-0.00494,-0.00832,0.99722,1.00
200,0.00,0.00,-0.01880,0.00645,0.00856,-0.99977,-0.05500,-0.02915,0.00161,-0.99806,0.07400,0.02226,-0.00925,0.99697,1.00,-0.05512,-0.00197,0.00011,-0.99848,0.07389,-0.00495,-0.00827,0.99722,1.00
212,0.00,0.00,-0.01875,0.00641,0.00849,-0.99977,-0.05600,-0.02903,0.00163,-0.99801,0.07496,0.02218,-0.00919,0.99690,1.00,-0.05611,-0.00184,0.00010,-0.99842,0.07484,-0.00503,-0.00818,0.99715,1.00
224,0.00,0.00,-0.01870,0.00635,0.00842,-0.99977,-0.05651,-0.02862,0.00162,-0.99799,0.07541,0.02183,-0.00912,0.99687,1.00,-0.05662,-0.00143,0.00008,-0.99840,0.07529,-0.00538,-0.00810,0.99711,1.00
234,0.00,0.00,-0.01864,0.00635,0.00839,-0.99977,-0.05657,-0.02862,0.00162,-0.99799,0.07541,0.02183,-0.00910,0.99687,1.00,-0.05668,-0.00143,0.00008,-0.99839,0.07529,-0.00539,-0.00807,0.99711,1.00
245,0.00,0.00,-0.01859,0.00638,0.00839,-0.99977,-0.05605,-0.02912,0.00164,-0.99800,0.07485,0.02231,-0.00911,0.99690,1.00,-0.05617,-0.00193,0.00011,-0.99842,0.07473,-0.00491,-0.00809,0.99716,1.00
257,0.00,0.00,-0.01855,0.00648,0.00841,-0.99977,-0.05632,-0.02704,0.00153,-0.99805,0.07506,0.02012,-0.00905,0.99694,1.00,-0.05642,0.00015,-0.00001,-0.99841,0.07493,-0.00709,-0.00802,0.99713,1.00
267,0.00,0.00,-0.01851,0.00659,0.00849,-0.99977,-0.05635,-0.02717,0.00153,-0.99804,0.07506,0.02013,-0.00913,0.99693,1.00,-0.05646,0.00003,0.00000,-0.99841,0.07493,-0.00709,-0.00810,0.99713,1.00
278,0.00,0.00,-0.01846,0.00688,0.00851,-0.99977,-0.05439,-0.02682,0.00146,-0.99816,0.07304,0.01950,-0.00908,0.99710,1.00,-0.05449,0.00037,-0.00002,-0.99851,0.07290,-0.00771,-0.00811,0.99728,1.00
290,0.00,0.00,-0.01836,0.00708,0.00862,-0.99977,-0.04050,-0.02367,0.00096,-0.99890,0.05904,0.01626,-0.00885,0.99808,1.00,-0.04056,0.00347,-0.00014,-0.99917,0.05887,-0.01089,-0.00825,0.99817,1.00
300,0.00,0.00,-0.01828,0.00729,0.00877,-0.99977,-0.04057,-0.02390,0.00097,-0.99889,0.05904,0.01627,-0.00900,0.99808,1.00,-0.04064,0.00324,-0.00013,-0.99917,0.05887,-0.01088,-0.00839,0.99817,1.00
312,0.00,0.00,-0.01828,0.00746,0.00893,-0.99977,-0.03778,-0.02390,0.00090,-0.99900,0.05625,0.01612,-0.00911,0.99824,1.00,-0.03786,0.00323,-0.00012,-0.99928,0.05608,-0.01102,-0.00858,0.99833,1.00
324,0.00,0.00,-0.01831,0.00763,0.00908,-0.99976,-0.03379,-0.02321,0.00078,-0.99916,0.05229,0.01528,-0.00918,0.99847,1.00,-0.03386,0.00391,-0.00013,-0.99942,0.05211,-0.01185,-0.00876,0.99853,1.00
334,0.00,0.00,-0.01844,0.00769,0.00918,-0.99976,-0.03366,-0.02327,0.00078,-0.99916,0.05229,0.01529,-0.00927,0.99847,1.00,-0.03373,0.00384,-0.00013,-0.99942,0.05211,-0.01184,-0.00886,0.99853,1.00
345,0.00,0.00,-0.01853,0.00776,0.00927,-0.99976,-0.03350,-0.02436,0.00082,-0.99914,0.05224,0.01630,-0.00936,0.99846,1.00,-0.03358,0.00275,-0.00009,-0.99943,0.05206,-0.01083,-0.00896,0.99855,1.00
356,0.00,0.00,-0.01861,0.00780,0.00930,-0.99975,-0.03190,-0.02683,0.00086,-0.99913,0.05074,0.01874,-0.00940,0.99849,1.00,-0.03198,0.00028,-0.00001,-0.99949,0.05056,-0.00838,-0.00904,0.99864,1.00
368,0.00,0.00,-0.01863,0.00786,0.00929,-0.99975,-0.03188,-0.02688,0.00086,-0.99913,0.05074,0.01874,-0.00939,0.99849,1.00,-0.03195,0.00022,-0.00001,-0.99949,0.05056,-0.00838,-0.00903,0.99864,1.00
378,0.00,0.00,-0.01859,0.00791,0.00925,-0.99975,-0.03200,-0.02676,0.00086,-0.99913,0.05082,0.01856,-0.00935,0.99849,1.00,-0.03207,0.00035,-0.00001,-0.99949,0.05063,-0.00856,-0.00899,0.99864,1.00
390,0.00,0.00,-0.01841,0.00797,0.00925,-0.99976,-0.03167,-0.02615,0.00083,-0.99916,0.05030,0.01791,-0.00933,0.99853,1.00,-0.03172,0.00095,-0.00003,-0.99950,0.05011,-0.00921,-0.00898,0.99866,1.00
401,0.00,0.00,-0.01825,0.00804,0.00933,-0.99976,-0.03183,-0.02623,0.00084,-0.99915,0.05030,0.01792,-0.00942,0.99853,1.00,-0.03189,0.00087,-0.00003,-0.99949,0.05011,-0.00920,-0.00906,0.99866,1.00
413,0.00,0.00,-0.01807,0.00805,0.00957,-0.99976,-0.03236,-0.02573,0.00083,-0.99914,0.05067,0.01739,-0.00967,0.99852,1.00,-0.03244,0.00138,-0.00004,-0.99947,0.05048,-0.00974,-0.00929,0.99863,1.00
424,0.00,0.00,-0.01805,0.00810,0.00972,-0.99976,-0.03228,-0.02494,0.00081,-0.99917,0.05056,0.01654,-0.00981,0.99854,1.00,-0.03236,0.00217,-0.00007,-0.99947,0.05036,-0.01058,-0.00942,0.99863,1.00
434,0.00,0.00,-0.01804,0.00815,0.00995,-0.99975,-0.03228,-0.02501,0.00081,-0.99917,0.05055,0.01655,-0.01004,0.99853,1.00,-0.03237,0.00210,-0.00007,-0.99947,0.05037,-0.01057,-0.00965,0.99863,1.00
445,0.00,0.00,-0.01803,0.00817,0.01011,-0.99975,-0.03260,-0.02495,0.00081,-0.99916,0.05087,0.01646,-0.01020,0.99852,1.00,-0.03268,0.00216,-0.00007,-0.99946,0.05068,-0.01066,-0.00981,0.99861,1.00
456,0.00,0.00,-0.01785,0.00827,0.01022,-0.99975,-0.03418,-0.02482,0.00085,-0.99911,0.05227,0.01622,-0.01034,0.99845,1.00,-0.03427,0.00229,-0.00008,-0.99941,0.05207,-0.01091,-0.00990,0.99853,1.00
468,0.00,0.00,-0.01753,0.00845,0.01037,-0.99976,-0.03449,-0.02502,0.00086,-0.99909,0.05226,0.01623,-0.01050,0.99845,1.00,-0.03458,0.00209,-0.00007,-0.99940,0.05207,-0.01090,-0.01004,0.99853,1.00
479,0.00,0.00,-0.01719,0.00861,0.01054,-0.99976,-0.03325,-0.02515,0.00084,-0.99913,0.05069,0.01620,-0.01065,0.99853,1.00,-0.03334,0.00197,-0.00007,-0.99944,0.05049,-0.01092,-0.01022,0.99861,1.00
491,0.00,0.00,-0.01677,0.00872,0.01092,-0.99976,-0.03496,-0.02516,0.00088,-0.99907,0.05199,0.01607,-0.01106,0.99846,1.00,-0.03506,0.00196,-0.00007,-0.99938,0.05179,-0.01106,-0.01057,0.99854,1.00
502,0.00,0.00,-0.01648,0.00884,0.01117,-0.99976,-0.03258,-0.02882,0.00094,-0.99905,0.04937,0.01964,-0.01134,0.99852,1.00,-0.03269,-0.00172,0.00006,-0.99946,0.04918,-0.00748,-0.01090,0.99870,1.00
513,0.00,0.00,-0.01637,0.00876,0.01144,-0.99976,-0.03268,-0.02877,0.00094,-0.99905,0.04936,0.01965,-0.01161,0.99852,1.00,-0.03280,-0.00167,0.00005,-0.99946,0.04918,-0.00747,-0.01117,0.99870,1.00
524,0.00,0.00,-0.01632,0.00872,0.01151,-0.99976,-0.03385,-0.02854,0.00097,-0.99902,0.05048,0.01945,-0.01171,0.99847,1.00,-0.03396,-0.00144,0.00005,-0.99942,0.05028,-0.00767,-0.01123,0.99864,1.00
536,0.00,0.00,-0.01636,0.00860,0.01147,-0.99976,-0.03275,-0.02566,0.00084,-0.99913,0.04939,0.01669,-0.01160,0.99857,1.00,-0.03283,0.00145,-0.00005,-0.99946,0.04915,-0.01043,-0.01116,0.99867,1.00
546,0.00,0.00,-0.01636,0.00839,0.01133,-0.99977,-0.03275,-0.02543,0.00083,-0.99914,0.04939,0.01669,-0.01147,0.99857,1.00,-0.03282,0.00168,-0.00006,-0.99946,0.04915,-0.01043,-0.01102,0.99868,1.00
557,0.00,0.00,-0.01635,0.00816,0.01109,-0.99977,-0.03330,-0.02517,0.00084,-0.99913,0.04992,0.01665,-0.01123,0.99855,1.00,-0.03335,0.00195,-0.00006,-0.99944,0.04966,-0.01047,-0.01077,0.99865,1.00
568,0.00,0.00,-0.01625,0.00791,0.01087,-0.99978,-0.03342,-0.02490,0.00083,-0.99913,0.04992,0.01664,-0.01103,0.99855,1.00,-0.03345,0.00221,-0.00007,-0.99944,0.04966,-0.01048,-0.01057,0.99866,1.00
580,0.00,0.00,-0.01609,0.00771,0.01058,-0.99978,-0.03460,-0.02500,0.00087,-0.99909,0.05095,0.01694,-0.01077,0.99850,1.00,-0.03462,0.00211,-0.00007,-0.99940,0.05068,-0.01019,-0.01027,0.99861,1.00
591,0.00,0.00,-0.01596,0.00755,0.01035,-0.99979,-0.03503,-0.02517,0.00088,-0.99907,0.05123,0.01727,-0.01055,0.99848,1.00,-0.03504,0.00195,-0.00007,-0.99938,0.05096,-0.00986,-0.01004,0.99860,1.00
601,0.00,0.00,-0.01585,0.00741,0.01025,-0.99979,-0.03500,-0.02521,0.00088,-0.99907,0.05109,0.01746,-0.01047,0.99849,1.00,-0.03502,0.00191,-0.00007,-0.99938,0.05084,-0.00967,-0.00995,0.99861,1.00
613,0.00,0.00,-0.01584,0.00733,0.01037,-0.99979,-0.03500,-0.02514,0.00088,-0.99907,0.05109,0.01746,-0.01059,0.99849,1.00,-0.03503,0.00198,-0.00007,-0.99938,0.05084,-0.00966,-0.01007,0.99861,1.00
624,0.00,0.00,-0.01585,0.00732,0.01036,-0.99979,-0.03602,-0.02419,0.00087,-0.99906,0.05211,0.01651,-0.01058,0.99845,1.00,-0.03606,0.00293,-0.00011,-0.99935,0.05187,-0.01062,-0.01003,0.99855,1.00
634,0.00,0.00,-0.01584,0.00733,0.01032,-0.99979,-0.03603,-0.02420,0.00087,-0.99906,0.05211,0.01651,-0.01054,0.99845,1.00,-0.03607,0.00292,-0.00011,-0.99935,0.05187,-0.01062,-0.00999,0.99855,1.00
646,0.00,0.00,-0.01593,0.00747,0.01032,-0.99979,-0.03582,-0.02455,0.00088,-0.99906,0.05199,0.01673,-0.01053,0.99845,1.00,-0.03586,0.00257,-0.00009,-0.99935,0.05175,-0.01040,-0.00999,0.99856,1.00
657,0.00,0.00,-0.01601,0.00759,0.01034,-0.99979,-0.03561,-0.02517,0.00090,-0.99905,0.05186,0.01723,-0.01056,0.99845,1.00,-0.03566,0.00195,-0.00007,-0.99936,0.05163,-0.00991,-0.01003,0.99857,1.00
668,0.00,0.00,-0.01605,0.00769,0.01044,-0.99979,-0.03558,-0.02525,0.00090,-0.99905,0.05188,0.01721,-0.01065,0.99845,1.00,-0.03564,0.00187,-0.00007,-0.99936,0.05165,-0.00992,-0.01012,0.99856,1.00
681,0.00,0.00,-0.01613,0.00766,0.01058,-0.99978,-0.03550,-0.02524,0.00090,-0.99905,0.05187,0.01722,-0.01079,0.99845,1.00,-0.03556,0.00188,-0.00007,-0.99937,0.05165,-0.00991,-0.01026,0.99856,1.00
691,0.00,0.00,-0.01621,0.00752,0.01071,-0.99978,-0.03619,-0.02560,0.00093,-0.99902,0.05265,0.01771,-0.01094,0.99840,1.00,-0.03626,0.00152,-0.00006,-0.99934,0.05244,-0.00942,-0.01040,0.99853,1.00
703,0.00,0.00,-0.01640,0.00720,0.01073,-0.99978,-0.03610,-0.02277,0.00082,-0.99909,0.05272,0.01520,-0.01091,0.99843,1.00,-0.03616,0.00436,-0.00016,-0.99934,0.05249,-0.01194,-0.01038,0.99850,1.00
714,0.00,0.00,-0.01647,0.00688,0.01063,-0.99978,-0.03603,-0.02244,0.00081,-0.99910,0.05272,0.01519,-0.01081,0.99844,1.00,-0.03609,0.00468,-0.00017,-0.99934,0.05248,-0.01195,-0.01028,0.99850,1.00
725,0.00,0.00,-0.01637,0.00662,0.01028,-0.99979,-0.03540,-0.02381,0.00084,-0.99909,0.05199,0.01684,-0.01049,0.99845,1.00,-0.03543,0.00331,-0.00012,-0.99937,0.05175,-0.01029,-0.00998,0.99856,1.00
736,0.00,0.00,-0.01611,0.00649,0.00993,-0.99980,-0.03578,-0.02177,0.00078,-0.99912,0.05209,0.01494,-0.01012,0.99848,1.00,-0.03579,0.00535,-0.00019,-0.99935,0.05183,-0.01220,-0.00959,0.99854,1.00
746,0.00,0.00,-0.01565,0.00653,0.00961,-0.99981,-0.03625,-0.02179,0.00079,-0.99911,0.05210,0.01492,-0.00981,0.99848,1.00,-0.03624,0.00534,-0.00019,-0.99933,0.05183,-0.01221,-0.00926,0.99854,1.00
758,0.00,0.00,-0.01512,0.00658,0.00956,-0.99982,-0.03674,-0.02214,0.00081,-0.99908,0.05206,0.01522,-0.00979,0.99848,1.00,-0.03674,0.00499,-0.00018,-0.99931,0.05180,-0.01191,-0.00921,0.99854,1.00
769,0.00,0.00,-0.01471,0.00673,0.00985,-0.99982,-0.03655,-0.02237,0.00082,-0.99908,0.05146,0.01529,-0.01008,0.99851,1.00,-0.03658,0.00476,-0.00017,-0.99932,0.05122,-0.01184,-0.00949,0.99857,1.00
781,0.00,0.00,-0.01446,0.00685,0.01027,-0.99982,-0.03678,-0.02252,0.00083,-0.99907,0.05146,0.01531,-0.01051,0.99850,1.00,-0.03684,0.00460,-0.00017,-0.99931,0.05123,-0.01182,-0.00990,0.99857,1.00
792,0.00,0.00,-0.01440,0.00695,0.01072,-0.99981,-0.03635,-0.02245,0.00082,-0.99909,0.05098,0.01513,-0.01095,0.99853,1.00,-0.03644,0.00467,-0.00017,-0.99933,0.05077,-0.01201,-0.01036,0.99858,1.00
802,0.00,0.00,-0.01437,0.00703,0.01096,-0.99981,-0.03594,-0.02248,0.00081,-0.99910,0.05054,0.01507,-0.01118,0.99855,1.00,-0.03603,0.00464,-0.00017,-0.99934,0.05033,-0.01207,-0.01060,0.99860,1.00
813,0.00,0.00,-0.01434,0.00704,0.01103,-0.99981,-0.03596,-0.02250,0.00081,-0.99910,0.05054,0.01507,-0.01126,0.99854,1.00,-0.03606,0.00462,-0.00017,-0.99934,0.05033,-0.01206,-0.01067,0.99860,1.00
824,0.00,0.00,-0.01426,0.00707,0.01092,-0.99981,-0.03737,-0.02240,0.00084,-0.99905,0.05187,0.01493,-0.01117,0.99848,1.00,-0.03744,0.00473,-0.00018,-0.99929,0.05164,-0.01221,-0.01054,0.99854,1.00
835,0.00,0.00,-0.01400,0.00702,0.01099,-0.99982,-0.03763,-0.02236,0.00084,-0.99904,0.05187,0.01494,-0.01125,0.99848,1.00,-0.03771,0.00477,-0.00018,-0.99928,0.05164,-0.01220,-0.01061,0.99853,1.00
847,0.00,0.00,-0.01363,0.00695,0.01115,-0.99982,-0.03617,-0.02311,0.00084,-0.99908,0.05004,0.01576,-0.01141,0.99856,1.00,-0.03624,0.00402,-0.00015,-0.99934,0.04981,-0.01137,-0.01080,0.99864,1.00
858,0.00,0.00,-0.01313,0.00693,0.01145,-0.99982,-0.03809,-0.02439,0.00093,-0.99898,0.05148,0.01704,-0.01179,0.99846,1.00,-0.03818,0.00274,-0.00010,-0.99927,0.05126,-0.01010,-0.01111,0.99857,1.00
869,0.00,0.00,-0.01276,0.00683,0.01177,-0.99983,-0.03831,-0.02432,0.00093,-0.99897,0.05135,0.01705,-0.01212,0.99846,1.00,-0.03841,0.00281,-0.00011,-0.99926,0.05112,-0.01009,-0.01143,0.99858,1.00
881,0.00,0.00,-0.01250,0.00674,0.01199,-0.99983,-0.03857,-0.02425,0.00094,-0.99896,0.05134,0.01706,-0.01235,0.99846,1.00,-0.03868,0.00288,-0.00011,-0.99925,0.05112,-0.01008,-0.01164,0.99857,1.00
891,0.00,0.00,-0.01227,0.00665,0.01206,-0.99983,-0.03851,-0.02271,0.00088,-0.99900,0.05104,0.01560,-0.01239,0.99850,1.00,-0.03861,0.00442,-0.00017,-0.99924,0.05080,-0.01154,-0.01167,0.99857,1.00
902,0.00,0.00,-0.01217,0.00652,0.01180,-0.99984,-0.03817,-0.02261,0.00086,-0.99902,0.05059,0.01565,-0.01213,0.99852,1.00,-0.03823,0.00452,-0.00017,-0.99926,0.05033,-0.01149,-0.01143,0.99860,1.00
914,0.00,0.00,-0.01208,0.00654,0.01157,-0.99984,-0.03827,-0.02261,0.00087,-0.99901,0.05060,0.01564,-0.01191,0.99853,1.00,-0.03832,0.00452,-0.00017,-0.99926,0.05033,-0.01150,-0.01120,0.99860,1.00
926,0.00,0.00,-0.01213,0.00655,0.01120,-0.99984,-0.03786,-0.02233,0.00085,-0.99903,0.05022,0.01537,-0.01152,0.99855,1.00,-0.03787,0.00480,-0.00018,-0.99927,0.04993,-0.01177,-0.01082,0.99862,1.00
936,0.00,0.00,-0.01219,0.00668,0.01088,-0.99984,-0.03768,-0.02208,0.00083,-0.99905,0.05010,0.01501,-0.01118,0.99857,1.00,-0.03768,0.00505,-0.00019,-0.99928,0.04981,-0.01213,-0.01050,0.99863,1.00
948,0.00,0.00,-0.01239,0.00688,0.01060,-0.99984,-0.03750,-0.02226,0.00084,-0.99905,0.05011,0.01499,-0.01089,0.99857,1.00,-0.03748,0.00487,-0.00018,-0.99929,0.04980,-0.01214,-0.01021,0.99863,1.00
958,0.00,0.00,-0.01262,0.00717,0.01035,-0.99984,-0.03860,-0.02239,0.00087,-0.99900,0.05144,0.01483,-0.01065,0.99851,1.00,-0.03859,0.00474,-0.00018,-0.99924,0.05114,-0.01231,-0.00994,0.99857,1.00
969,0.00,0.00,-0.01280,0.00763,0.01016,-0.99984,-0.03845,-0.02287,0.00088,-0.99900,0.05147,0.01487,-0.01044,0.99851,1.00,-0.03844,0.00426,-0.00016,-0.99925,0.05118,-0.01227,-0.00975,0.99857,1.00
982,0.00,0.00,-0.01301,0.00812,0.01003,-0.99983,-0.03824,-0.02335,0.00089,-0.99900,0.05147,0.01486,-0.01030,0.99851,1.00,-0.03823,0.00378,-0.00014,-0.99926,0.05118,-0.01228,-0.00962,0.99857,1.00
992,0.00,0.00,-0.01307,0.00863,0.00997,-0.99983,-0.03741,-0.02359,0.00088,-0.99902,0.05071,0.01460,-0.01021,0.99855,1.00,-0.03742,0.00354,-0.00013,-0.99929,0.05044,-0.01254,-0.00955,0.99860,1.00
1003,0.00,0.00,-0.01307,0.00906,0.00994,-0.99982,-0.03762,-0.02356,0.00089,-0.99901,0.05091,0.01415,-0.01017,0.99855,1.00,-0.03764,0.00357,-0.00013,-0.99929,0.05066,-0.01299,-0.00950,0.99859,1.00
1015,0.00,0.00,-0.01309,0.00947,0.00992,-0.99982,-0.03759,-0.02397,0.00090,-0.99901,0.05091,0.01415,-0.01014,0.99855,1.00,-0.03761,0.00315,-0.00012,-0.99929,0.05066,-0.01299,-0.00948,0.99859,1.00
1025,0.00,0.00,-0.01312,0.00976,0.00989,-0.99982,-0.03746,-0.02407,0.00090,-0.99901,0.05081,0.01395,-0.01010,0.99856,1.00,-0.03749,0.00306,-0.00011,-0.99929,0.05056,-0.01318,-0.00944,0.99859,1.00
1036,0.00,0.00,-0.01316,0.00991,0.00981,-0.99982,-0.03636,-0.02361,0.00086,-0.99906,0.04974,0.01336,-0.00999,0.99862,1.00,-0.03639,0.00351,-0.00013,-0.99933,0.04950,-0.01377,-0.00937,0.99864,1.00
1048,0.00,0.00,-0.01321,0.00997,0.00952,-0.99982,-0.03633,-0.02365,0.00086,-0.99906,0.04975,0.01335,-0.00970,0.99863,1.00,-0.03634,0.00347,-0.00013,-0.99933,0.04950,-0.01379,-0.00907,0.99864,1.00
1059,0.00,0.00,-0.01328,0.00994,0.00926,-0.99982,-0.03634,-0.02310,0.00084,-0.99907,0.04983,0.01284,-0.00942,0.99863,1.00,-0.03635,0.00402,-0.00015,-0.99933,0.04958,-0.01430,-0.00880,0.99863,1.00
1069,0.00,0.00,-0.01334,0.00985,0.00890,-0.99982,-0.03753,-0.02501,0.00094,-0.99898,0.05108,0.01484,-0.00913,0.99854,1.00,-0.03754,0.00211,-0.00008,-0.99929,0.05084,-0.01229,-0.00848,0.99860,1.00
1081,0.00,0.00,-0.01330,0.00973,0.00871,-0.99983,-0.03757,-0.02487,0.00094,-0.99898,0.05108,0.01483,-0.00894,0.99854,1.00,-0.03757,0.00225,-0.00008,-0.99929,0.05084,-0.01230,-0.00828,0.99860,1.00
1093,0.00,0.00,-0.01323,0.00959,0.00848,-0.99983,-0.03978,-0.02505,0.00100,-0.99889,0.05321,0.01513,-0.00876,0.99843,1.00,-0.03979,0.00208,-0.00008,-0.99921,0.05298,-0.01201,-0.00804,0.99849,1.00
1103,0.00,0.00,-0.01303,0.00953,0.00825,-0.99984,-0.03821,-0.02560,0.00098,-0.99894,0.05144,0.01577,-0.00853,0.99852,1.00,-0.03822,0.00152,-0.00006,-0.99927,0.05122,-0.01137,-0.00784,0.99859,1.00
1115,0.00,0.00,-0.01279,0.00945,0.00805,-0.99984,-0.03845,-0.02550,0.00098,-0.99893,0.05144,0.01576,-0.00833,0.99852,1.00,-0.03846,0.00162,-0.00006,-0.99926,0.05122,-0.01138,-0.00764,0.99859,1.00
1126,0.00,0.00,-0.01267,0.00939,0.00789,-0.99984,-0.04031,-0.02554,0.00103,-0.99886,0.05317,0.01585,-0.00821,0.99843,1.00,-0.04033,0.00160,-0.00006,-0.99919,0.05297,-0.01130,-0.00746,0.99850,1.00
1136,0.00,0.00,-0.01254,0.00931,0.00778,-0.99985,-0.03849,-0.02512,0.00097,-0.99894,0.05121,0.01552,-0.00807,0.99853,1.00,-0.03851,0.00201,-0.00008,-0.99926,0.05102,-0.01162,-0.00737,0.99860,1.00
1148,0.00,0.00,-0.01257,0.00929,0.00770,-0.99985,-0.03846,-0.02508,0.00097,-0.99894,0.05121,0.01552,-0.00798,0.99854,1.00,-0.03848,0.00204,-0.00008,-0.99926,0.05102,-0.01162,-0.00728,0.99860,1.00
1159,0.00,0.00,-0.01254,0.00925,0.00771,-0.99985,-0.03792,-0.02517,0.00096,-0.99896,0.05064,0.01565,-0.00799,0.99856,1.00,-0.03796,0.00195,-0.00007,-0.99928,0.05046,-0.01149,-0.00730,0.99863,1.00
1170,0.00,0.00,-0.01244,0.00922,0.00768,-0.99985,-0.03802,-0.02514,0.00096,-0.99896,0.05064,0.01564,-0.00796,0.99856,1.00,-0.03805,0.00199,-0.00008,-0.99927,0.05046,-0.01149,-0.00727,0.99863,1.00
1182,0.00,0.00,-0.01238,0.00917,0.00769,-0.99985,-0.03793,-0.02523,0.00096,-0.99896,0.05049,0.01578,-0.00798,0.99857,1.00,-0.03797,0.00190,-0.00007,-0.99928,0.05032,-0.01136,-0.00729,0.99864,1.00
1193,0.00,0.00,-0.01227,0.00919,0.00768,-0.99985,-0.03818,-0.02533,0.00097,-0.99895,0.05064,0.01586,-0.00798,0.99856,1.00,-0.03824,0.00180,-0.00007,-0.99927,0.05047,-0.01128,-0.00728,0.99864,1.00
1203,0.00,0.00,-0.01202,0.00919,0.00769,-0.99986,-0.04026,-0.02481,0.00100,-0.99888,0.05246,0.01533,-0.00801,0.99847,1.00,-0.04031,0.00232,-0.00009,-0.99918,0.05230,-0.01182,-0.00725,0.99854,1.00
1215,0.00,0.00,-0.01167,0.00913,0.00774,-0.99986,-0.04061,-0.02476,0.00101,-0.99887,0.05245,0.01533,-0.00808,0.99847,1.00,-0.04067,0.00238,-0.00010,-0.99917,0.05230,-0.01182,-0.00729,0.99854,1.00
1226,0.00,0.00,-0.01137,0.00916,0.00778,-0.99986,-0.03880,-0.02387,0.00093,-0.99896,0.05034,0.01442,-0.00807,0.99860,1.00,-0.03885,0.00326,-0.00013,-0.99924,0.05018,-0.01272,-0.00732,0.99863,1.00
1237,0.00,0.00,-0.01111,0.00909,0.00772,-0.99987,-0.03733,-0.02382,0.00089,-0.99902,0.04862,0.01446,-0.00800,0.99868,1.00,-0.03739,0.00330,-0.00012,-0.99930,0.04846,-0.01267,-0.00729,0.99872,1.00
1249,0.00,0.00,-0.01090,0.00913,0.00766,-0.99987,-0.03755,-0.02386,0.00090,-0.99901,0.04862,0.01446,-0.00795,0.99868,1.00,-0.03760,0.00326,-0.00012,-0.99929,0.04846,-0.01268,-0.00723,0.99872,1.00
1260,0.00,0.00,-0.01071,0.00912,0.00769,-0.99987,-0.03739,-0.02401,0.00090,-0.99901,0.04828,0.01462,-0.00798,0.99870,1.00,-0.03744,0.00311,-0.00012,-0.99929,0.04811,-0.01252,-0.00726,0.99874,1.00
1270,0.00,0.00,-0.01055,0.00911,0.00772,-0.99987,-0.03830,-0.02487,0.00095,-0.99896,0.04904,0.01548,-0.00805,0.99864,1.00,-0.03836,0.00226,-0.00009,-0.99926,0.04888,-0.01166,-0.00730,0.99871,1.00
1282,0.00,0.00,-0.01038,0.00907,0.00781,-0.99987,-0.03847,-0.02483,0.00096,-0.99895,0.04904,0.01548,-0.00815,0.99864,1.00,-0.03853,0.00229,-0.00009,-0.99925,0.04888,-0.01166,-0.00739,0.99871,1.00
1294,0.00,0.00,-0.01027,0.00913,0.00780,-0.99988,-0.03842,-0.02449,0.00094,-0.99896,0.04887,0.01508,-0.00813,0.99866,1.00,-0.03848,0.00264,-0.00010,-0.99926,0.04872,-0.01206,-0.00737,0.99871,1.00
1304,0.00,0.00,-0.01016,0.00907,0.00795,-0.99988,-0.03868,-0.02486,0.00096,-0.99894,0.04903,0.01550,-0.00830,0.99864,1.00,-0.03875,0.00227,-0.00009,-0.99925,0.04888,-0.01164,-0.00752,0.99871,1.00
1316,0.00,0.00,-0.01009,0.00900,0.00810,-0.99988,-0.03875,-0.02480,0.00096,-0.99894,0.04903,0.01551,-0.00846,0.99864,1.00,-0.03883,0.00233,-0.00009,-0.99924,0.04889,-0.01163,-0.00768,0.99871,1.00
1327,0.00,0.00,-0.01014,0.00894,0.00830,-0.99987,-0.03956,-0.02479,0.00098,-0.99891,0.04989,0.01554,-0.00867,0.99860,1.00,-0.03964,0.00234,-0.00009,-0.99921,0.04975,-0.01160,-0.00787,0.99866,1.00
1337,0.00,0.00,-0.01017,0.00883,0.00844,-0.99987,-0.03934,-0.02472,0.00097,-0.99892,0.04971,0.01557,-0.00881,0.99860,1.00,-0.03943,0.00241,-0.00010,-0.99922,0.04956,-0.01158,-0.00802,0.99867,1.00
1348,0.00,0.00,-0.01032,0.00870,0.00849,-0.99987,-0.03919,-0.02458,0.00096,-0.99893,0.04971,0.01557,-0.00885,0.99860,1.00,-0.03928,0.00255,-0.00010,-0.99923,0.04956,-0.01157,-0.00807,0.99867,1.00
1360,0.00,0.00,-0.01047,0.00853,0.00845,-0.99987,-0.03859,-0.02426,0.00094,-0.99896,0.04925,0.01542,-0.00880,0.99863,1.00,-0.03867,0.00286,-0.00011,-0.99925,0.04910,-0.01172,-0.00803,0.99869,1.00
1370,0.00,0.00,-0.01060,0.00830,0.00834,-0.99987,-0.03815,-0.02255,0.00086,-0.99902,0.04893,0.01395,-0.00864,0.99867,1.00,-0.03820,0.00458,-0.00017,-0.99926,0.04875,-0.01319,-0.00789,0.99869,1.00
1382,0.00,0.00,-0.01078,0.00805,0.00817,-0.99988,-0.03798,-0.02229,0.00085,-0.99903,0.04893,0.01394,-0.00846,0.99867,1.00,-0.03802,0.00484,-0.00018,-0.99927,0.04874,-0.01320,-0.00773,0.99869,1.00
1393,0.00,0.00,-0.01090,0.00783,0.00800,-0.99988,-0.03798,-0.02240,0.00085,-0.99903,0.04905,0.01428,-0.00830,0.99866,1.00,-0.03801,0.00472,-0.00018,-0.99927,0.04886,-0.01285,-0.00757,0.99869,1.00
1404,0.00,0.00,-0.01103,0.00760,0.00798,-0.99988,-0.03965,-0.02244,0.00089,-0.99896,0.05085,0.01454,-0.00831,0.99857,1.00,-0.03969,0.00469,-0.00019,-0.99920,0.05066,-0.01260,-0.00754,0.99861,1.00
1416,0.00,0.00,-0.01117,0.00738,0.00793,-0.99988,-0.03951,-0.02222,0.00088,-0.99897,0.05085,0.01454,-0.00826,0.99857,1.00,-0.03954,0.00491,-0.00019,-0.99921,0.05066,-0.01260,-0.00749,0.99861,1.00
1427,0.00,0.00,-0.01131,0.00727,0.00792,-0.99988,-0.04064,-0.02259,0.00092,-0.99892,0.05211,0.01501,-0.00828,0.99849,1.00,-0.04068,0.00455,-0.00019,-0.99916,0.05193,-0.01214,-0.00748,0.99855,1.00
1437,0.00,0.00,-0.01147,0.00715,0.00781,-0.99988,-0.03959,-0.02278,0.00090,-0.99896,0.05124,0.01533,-0.00816,0.99854,1.00,-0.03963,0.00436,-0.00017,-0.99920,0.05106,-0.01181,-0.00740,0.99860,1.00
1448,0.00,0.00,-0.01162,0.00710,0.00775,-0.99988,-0.03945,-0.02272,0.00090,-0.99896,0.05124,0.01533,-0.00809,0.99854,1.00,-0.03948,0.00442,-0.00017,-0.99921,0.05106,-0.01182,-0.00734,0.99860,1.00
1460,0.00,0.00,-0.01177,0.00707,0.00766,-0.99988,-0.03851,-0.02223,0.00086,-0.99901,0.05044,0.01488,-0.00798,0.99858,1.00,-0.03854,0.00490,-0.00019,-0.99925,0.05025,-0.01226,-0.00725,0.99863,1.00
1470,0.00,0.00,-0.01190,0.00706,0.00760,-0.99988,-0.03859,-0.02227,0.00086,-0.99901,0.05065,0.01493,-0.00792,0.99857,1.00,-0.03862,0.00486,-0.00019,-0.99924,0.05047,-0.01221,-0.00720,0.99863,1.00
1481,0.00,0.00,-0.01205,0.00706,0.00762,-0.99987,-0.03843,-0.02227,0.00086,-0.99901,0.05065,0.01493,-0.00793,0.99857,1.00,-0.03847,0.00486,-0.00019,-0.99925,0.05047,-0.01221,-0.00722,0.99863,1.00
1492,0.00,0.00,-0.01232,0.00709,0.00762,-0.99987,-0.03838,-0.02245,0.00086,-0.99901,0.05086,0.01508,-0.00793,0.99856,1.00,-0.03842,0.00468,-0.00018,-0.99925,0.05069,-0.01206,-0.00722,0.99862,1.00
1504,0.00,0.00,-0.01244,0.00719,0.00771,-0.99987,-0.03956,-0.02314,0.00092,-0.99895,0.05216,0.01566,-0.00805,0.99848,1.00,-0.03961,0.00399,-0.00016,-0.99921,0.05200,-0.01149,-0.00731,0.99855,1.00
1516,0.00,0.00,-0.01249,0.00731,0.00774,-0.99987,-0.03951,-0.02326,0.00092,-0.99895,0.05216,0.01566,-0.00807,0.99848,1.00,-0.03956,0.00387,-0.00015,-0.99921,0.05200,-0.01148,-0.00734,0.99855,1.00
1527,0.00,3.49,-0.01252,0.00744,0.00788,-0.99986,-0.03710,-0.02340,0.00087,-0.99904,0.04980,0.01568,-0.00818,0.99860,1.00,-0.03716,0.00373,-0.00014,-0.99930,0.04964,-0.01146,-0.00751,0.99867,1.00
1538,0.00,7.06,-0.01251,0.00745,0.00813,-0.99986,-0.03870,-0.02336,0.00091,-0.99898,0.05139,0.01561,-0.00845,0.99852,1.00,-0.03877,0.00377,-0.00015,-0.99924,0.05124,-0.01153,-0.00774,0.99859,1.00
1549,0.00,10.08,-0.01257,0.00744,0.00849,-0.99986,-0.03862,-0.02339,0.00090,-0.99898,0.05138,0.01563,-0.00880,0.99852,1.00,-0.03871,0.00374,-0.00015,-0.99924,0.05124,-0.01151,-0.00810,0.99859,1.00
1560,0.00,13.43,-0.01259,0.00745,0.00873,-0.99986,-0.03775,-0.02338,0.00088,-0.99901,0.05053,0.01561,-0.00903,0.99856,1.00,-0.03785,0.00375,-0.00014,-0.99928,0.05039,-0.01153,-0.00834,0.99863,1.00
1572,0.00,15.00,-0.01268,0.00741,0.00890,-0.99985,-0.03776,-0.02320,0.00088,-0.99902,0.05063,0.01547,-0.00919,0.99856,1.00,-0.03785,0.00392,-0.00015,-0.99928,0.05048,-0.01167,-0.00851,0.99862,1.00
1583,0.00,15.00,-0.01272,0.00738,0.00897,-0.99985,-0.03771,-0.02317,0.00087,-0.99902,0.05063,0.01547,-0.00926,0.99855,1.00,-0.03780,0.00395,-0.00015,-0.99928,0.05048,-0.01167,-0.00859,0.99862,1.00
1593,0.00,15.00,-0.01286,0.00730,0.00903,-0.99985,-0.03610,-0.02160,0.00078,-0.99911,0.04914,0.01399,-0.00926,0.99865,1.00,-0.03618,0.00552,-0.00020,-0.99933,0.04897,-0.01314,-0.00863,0.99868,1.00
1605,0.00,15.00,-0.01298,0.00725,0.00902,-0.99985,-0.03608,-0.02154,0.00078,-0.99912,0.04924,0.01398,-0.00925,0.99865,1.00,-0.03614,0.00558,-0.00020,-0.99933,0.04905,-0.01315,-0.00863,0.99867,1.00
1616,0.00,15.00,-0.01314,0.00716,0.00909,-0.99985,-0.03591,-0.02145,0.00077,-0.99912,0.04924,0.01398,-0.00931,0.99865,1.00,-0.03598,0.00567,-0.00020,-0.99934,0.04905,-0.01315,-0.00869,0.99867,1.00
1627,0.00,15.00,-0.01324,0.00712,0.00919,-0.99984,-0.03597,-0.02211,0.00080,-0.99911,0.04940,0.01467,-0.00943,0.99863,1.00,-0.03603,0.00501,-0.00018,-0.99934,0.04921,-0.01246,-0.00881,0.99867,1.00
1638,0.00,15.00,-0.01328,0.00709,0.00931,-0.99984,-0.03608,-0.02280,0.00082,-0.99909,0.04956,0.01539,-0.00956,0.99861,1.00,-0.03614,0.00433,-0.00016,-0.99934,0.04937,-0.01175,-0.00895,0.99867,1.00
1649,0.00,15.00,-0.01331,0.00708,0.00951,-0.99984,-0.03604,-0.02281,0.00082,-0.99909,0.04955,0.01540,-0.00977,0.99861,1.00,-0.03611,0.00432,-0.00016,-0.99934,0.04937,-0.01174,-0.00915,0.99867,1.00
1661,0.00,15.00,-0.01318,0.00704,0.00971,-0.99984,-0.03633,-0.02220,0.00081,-0.99909,0.04971,0.01483,-0.00996,0.99860,1.00,-0.03640,0.00492,-0.00018,-0.99933,0.04952,-0.01231,-0.00933,0.99865,1.00
1671,0.00,15.00,-0.01307,0.00696,0.00991,-0.99984,-0.03711,-0.02307,0.00086,-0.99904,0.05040,0.01575,-0.01020,0.99855,1.00,-0.03720,0.00406,-0.00015,-0.99930,0.05021,-0.01139,-0.00955,0.99863,1.00
1683,0.00,15.00,-0.01288,0.00687,0.00999,-0.99984,-0.03729,-0.02298,0.00086,-0.99904,0.05039,0.01575,-0.01028,0.99855,1.00,-0.03738,0.00414,-0.00015,-0.99929,0.05021,-0.01138,-0.00962,0.99863,1.00
1694,0.00,15.00,-0.01269,0.00673,0.01005,-0.99985,-0.03821,-0.02137,0.00082,-0.99904,0.05110,0.01426,-0.01032,0.99854,1.00,-0.03828,0.00577,-0.00022,-0.99925,0.05089,-0.01288,-0.00963,0.99857,1.00
1705,0.00,15.00,-0.01248,0.00664,0.01005,-0.99985,-0.03906,-0.02288,0.00089,-0.99897,0.05176,0.01586,-0.01039,0.99848,1.00,-0.03913,0.00425,-0.00017,-0.99923,0.05155,-0.01128,-0.00967,0.99856,1.00
1716,0.00,15.00,-0.01221,0.00659,0.00988,-0.99986,-0.03934,-0.02282,0.00090,-0.99897,0.05176,0.01586,-0.01023,0.99848,1.00,-0.03940,0.00431,-0.00017,-0.99921,0.05155,-0.01129,-0.00949,0.99856,1.00
1728,0.00,15.00,-0.01199,0.00663,0.00968,-0.99986,-0.03863,-0.02369,0.00092,-0.99897,0.05084,0.01670,-0.01004,0.99852,1.00,-0.03867,0.00344,-0.00013,-0.99925,0.05061,-0.01044,-0.00932,0.99862,1.00
1739,0.00,15.00,-0.01181,0.00676,0.00951,-0.99986,-0.03930,-0.02392,0.00094,-0.99894,0.05132,0.01680,-0.00990,0.99849,1.00,-0.03933,0.00321,-0.00013,-0.99922,0.05110,-0.01034,-0.00915,0.99860,1.00
1750,0.00,15.00,-0.01160,0.00695,0.00945,-0.99986,-0.03951,-0.02411,0.00095,-0.99893,0.05133,0.01680,-0.00984,0.99849,1.00,-0.03954,0.00302,-0.00012,-0.99921,0.05110,-0.01034,-0.00908,0.99860,1.00
1761,0.00,15.00,-0.01155,0.00719,0.00936,-0.99986,-0.04024,-0.02440,0.00098,-0.99889,0.05200,0.01684,-0.00976,0.99846,1.00,-0.04027,0.00274,-0.00011,-0.99919,0.05178,-0.01031,-0.00898,0.99857,1.00
1773,0.00,15.00,-0.01151,0.00753,0.00934,-0.99986,-0.03984,-0.06730,0.00269,-0.99693,0.05196,0.05943,-0.01093,0.99682,1.00,-0.04011,-0.04035,0.00162,-0.99838,0.05199,0.03246,-0.01018,0.99807,1.00
1783,0.00,15.00,-0.01143,0.00791,0.00936,-0.99986,-0.03992,-0.06768,0.00271,-0.99690,0.05196,0.05943,-0.01095,0.99682,1.00,-0.04019,-0.04073,0.00164,-0.99836,0.05199,0.03246,-0.01020,0.99807,1.00
1793,0.00,15.00,-0.01133,0.00823,0.00938,-0.99986,-0.03883,-0.11591,0.00453,-0.99249,0.05120,0.10741,-0.01221,0.99282,1.00,-0.03936,-0.08947,0.00354,-0.99521,0.05150,0.08094,-0.01153,0.99532,1.00
1805,0.00,15.00,-0.01117,0.00862,0.00940,-0.99986,-0.03871,-0.13041,0.00510,-0.99069,0.05104,0.12155,-0.01262,0.99119,1.00,-0.03931,-0.10418,0.00412,-0.99377,0.05142,0.09528,-0.01196,0.99405,1.00
1816,0.00,15.00,-0.01107,0.00897,0.00948,-0.99985,-0.03877,-0.13076,0.00512,-0.99064,0.05102,0.12155,-0.01271,0.99119,1.00,-0.03939,-0.10454,0.00414,-0.99373,0.05141,0.09529,-0.01205,0.99405,1.00
1828,0.00,15.00,-0.01088,0.00926,0.00946,-0.99985,-0.03956,-0.13351,0.00533,-0.99024,0.05164,0.12400,-0.01288,0.99085,1.00,-0.04020,-0.10733,0.00434,-0.99340,0.05206,0.09778,-0.01220,0.99377,1.00
1839,0.00,15.00,-0.01062,0.00954,0.00945,-0.99985,-0.03964,-0.13405,0.00537,-0.99017,0.05146,0.12427,-0.01292,0.99083,1.00,-0.04028,-0.10788,0.00437,-0.99334,0.05189,0.09806,-0.01223,0.99375,1.00
1849,0.00,15.00,-0.01035,0.00975,0.00941,-0.99985,-0.03990,-0.13427,0.00541,-0.99013,0.05146,0.12427,-0.01294,0.99083,1.00,-0.04055,-0.10810,0.00441,-0.99330,0.05188,0.09806,-0.01224,0.99375,1.00
1861,0.00,15.00,-0.01007,0.00995,0.00930,-0.99986,-0.03898,-0.13398,0.00527,-0.99020,0.05024,0.12380,-0.01275,0.99095,1.00,-0.03960,-0.10781,0.00430,-0.99337,0.05064,0.09759,-0.01206,0.99386,1.00
1872,0.00,15.00,-0.00986,0.01010,0.00924,-0.99986,-0.03785,-0.13498,0.00516,-0.99011,0.04891,0.12467,-0.01260,0.99091,1.00,-0.03846,-0.10884,0.00421,-0.99331,0.04930,0.09848,-0.01193,0.99385,1.00
1883,0.00,15.00,-0.00968,0.01015,0.00915,-0.99986,-0.03805,-0.13503,0.00519,-0.99010,0.04892,0.12467,-0.01255,0.99091,1.00,-0.03866,-0.10889,0.00424,-0.99329,0.04930,0.09848,-0.01188,0.99385,1.00
1894,0.00,15.00,-0.00961,0.01023,0.00912,-0.99986,-0.03757,-0.13621,0.00517,-0.98995,0.04837,0.12577,-0.01251,0.99080,1.00,-0.03818,-0.11009,0.00423,-0.99318,0.04877,0.09961,-0.01184,0.99376,1.00
1906,0.00,15.00,-0.00963,0.01032,0.00898,-0.99986,-0.03712,-0.13619,0.00511,-0.98997,0.04792,0.12567,-0.01230,0.99084,1.00,-0.03771,-0.11007,0.00418,-0.99320,0.04831,0.09950,-0.01165,0.99380,1.00
1917,0.00,15.00,-0.00968,0.01038,0.00888,-0.99986,-0.03710,-0.13624,0.00511,-0.98997,0.04794,0.12566,-0.01219,0.99084,1.00,-0.03769,-0.11012,0.00418,-0.99319,0.04832,0.09950,-0.01154,0.99380,1.00
1928,0.00,15.00,-0.00963,0.01045,0.00868,-0.99986,-0.03693,-0.13686,0.00511,-0.98989,0.04770,0.12623,-0.01200,0.99078,1.00,-0.03752,-0.11075,0.00418,-0.99313,0.04809,0.10008,-0.01135,0.99375,1.00
1939,0.00,15.00,-0.00953,0.01047,0.00855,-0.99986,-0.03700,-0.13696,0.00512,-0.98987,0.04765,0.12631,-0.01189,0.99077,1.00,-0.03759,-0.11086,0.00420,-0.99312,0.04804,0.10016,-0.01124,0.99375,1.00
1949,0.00,15.00,-0.00935,0.01057,0.00853,-0.99986,-0.03718,-0.13706,0.00515,-0.98985,0.04765,0.12631,-0.01192,0.99077,1.00,-0.03777,-0.11096,0.00422,-0.99310,0.04804,0.10017,-0.01125,0.99375,1.00
1961,0.00,15.00,-0.00907,0.01062,0.00845,-0.99987,-0.03860,-0.13777,0.00537,-0.98970,0.04879,0.12697,-0.01207,0.99063,1.00,-0.03923,-0.11168,0.00441,-0.99296,0.04922,0.10083,-0.01137,0.99362,1.00
1973,0.00,15.00,-0.00877,0.01069,0.00843,-0.99987,-0.03832,-0.14629,0.00567,-0.98848,0.04828,0.13543,-0.01231,0.98953,1.00,-0.03900,-0.12034,0.00473,-0.99196,0.04875,0.10944,-0.01162,0.99273,1.00
1983,0.00,15.00,-0.00853,0.01070,0.00849,-0.99987,-0.03853,-0.14631,0.00570,-0.98847,0.04826,0.13543,-0.01244,0.98953,1.00,-0.03921,-0.12036,0.00476,-0.99194,0.04874,0.10944,-0.01174,0.99273,1.00
1994,0.00,15.00,-0.00843,0.01073,0.00859,-0.99987,-0.03832,-0.14786,0.00573,-0.98825,0.04798,0.13695,-0.01256,0.98934,1.00,-0.03902,-0.12194,0.00480,-0.99176,0.04847,0.11099,-0.01187,0.99257,1.00
2006,0.00,15.00,-0.00833,0.01078,0.00862,-0.99987,-0.03758,-0.14735,0.00560,-0.98835,0.04713,0.13640,-0.01249,0.98945,1.00,-0.03826,-0.12143,0.00468,-0.99185,0.04761,0.11043,-0.01181,0.99267,1.00
2017,0.00,15.00,-0.00837,0.01073,0.00864,-0.99987,-0.03753,-0.14730,0.00559,-0.98836,0.04713,0.13640,-0.01250,0.98945,1.00,-0.03822,-0.12138,0.00468,-0.99186,0.04761,0.11043,-0.01182,0.99267,1.00
2028,0.00,15.00,-0.00835,0.01078,0.00860,-0.99987,-0.03731,-0.14727,0.00556,-0.98838,0.04688,0.13632,-0.01243,0.98948,1.00,-0.03799,-0.12135,0.00465,-0.99187,0.04736,0.11035,-0.01176,0.99269,1.00
2040,0.00,15.00,-0.00843,0.01074,0.00852,-0.99987,-0.03769,-0.14717,0.00561,-0.98838,0.04733,0.13626,-0.01238,0.98946,1.00,-0.03837,-0.12124,0.00469,-0.99187,0.04781,0.11029,-0.01170,0.99268,1.00
2050,0.00,15.00,-0.00853,0.01065,0.00841,-0.99987,-0.03763,-0.14707,0.00560,-0.98840,0.04735,0.13625,-0.01226,0.98947,1.00,-0.03830,-0.12114,0.00468,-0.99189,0.04782,0.11028,-0.01158,0.99268,1.00
2061,0.00,15.00,-0.00863,0.01053,0.00832,-0.99987,-0.03751,-0.14600,0.00554,-0.98856,0.04730,0.13530,-0.01211,0.98960,1.00,-0.03817,-0.12006,0.00462,-0.99202,0.04777,0.10932,-0.01143,0.99279,1.00
2073,0.00,15.00,-0.00864,0.01038,0.00824,-0.99987,-0.03750,-0.14785,0.00561,-0.98828,0.04732,0.13732,-0.01209,0.98932,1.00,-0.03817,-0.12195,0.00469,-0.99179,0.04779,0.11137,-0.01141,0.99256,1.00
2084,0.00,15.00,-0.00868,0.01018,0.00817,-0.99988,-0.03787,-0.14726,0.00564,-0.98836,0.04770,0.13691,-0.01205,0.98936,1.00,-0.03854,-0.12134,0.00471,-0.99185,0.04818,0.11095,-0.01137,0.99259,1.00
2095,0.00,15.00,-0.00862,0.01007,0.00815,-0.99988,-0.03792,-0.14715,0.00565,-0.98837,0.04770,0.13691,-0.01205,0.98936,1.00,-0.03860,-0.12123,0.00472,-0.99186,0.04819,0.11095,-0.01137,0.99259,1.00
2106,0.00,15.00,-0.00868,0.00998,0.00804,-0.99988,-0.03877,-0.14723,0.00577,-0.98832,0.04858,0.13710,-0.01205,0.98929,1.00,-0.03946,-0.12132,0.00483,-0.99182,0.04909,0.11113,-0.01135,0.99253,1.00
2118,0.00,15.00,-0.00863,0.00995,0.00798,-0.99988,-0.03883,-0.14721,0.00578,-0.98833,0.04859,0.13709,-0.01201,0.98929,1.00,-0.03952,-0.12129,0.00483,-0.99182,0.04909,0.11113,-0.01130,0.99253,1.00
2129,0.00,15.00,-0.00865,0.00995,0.00793,-0.99988,-0.03883,-0.14737,0.00579,-0.98830,0.04860,0.13726,-0.01196,0.98927,1.00,-0.03952,-0.12145,0.00484,-0.99180,0.04910,0.11129,-0.01126,0.99251,1.00
2140,0.00,15.00,-0.00860,0.00997,0.00790,-0.99988,-0.03856,-0.14751,0.00576,-0.98829,0.04828,0.13739,-0.01191,0.98927,1.00,-0.03925,-0.12159,0.00481,-0.99179,0.04878,0.11142,-0.01121,0.99251,1.00
2151,0.00,15.00,-0.00854,0.01002,0.00790,-0.99988,-0.03861,-0.14756,0.00577,-0.98828,0.04827,0.13739,-0.01193,0.98927,1.00,-0.03930,-0.12165,0.00482,-0.99178,0.04878,0.11142,-0.01123,0.99251,1.00
2162,0.00,15.00,-0.00852,0.01006,0.00796,-0.99988,-0.03857,-0.14650,0.00572,-0.98844,0.04821,0.13628,-0.01195,0.98942,1.00,-0.03927,-0.12056,0.00477,-0.99192,0.04872,0.11030,-0.01124,0.99264,1.00
2173,0.00,15.00,-0.00848,0.01015,0.00793,-0.99988,-0.03677,-0.14661,0.00545,-0.98850,0.04637,0.13631,-0.01168,0.98951,1.00,-0.03743,-0.12068,0.00455,-0.99198,0.04684,0.11033,-0.01102,0.99273,1.00
2184,0.00,15.00,-0.00846,0.01018,0.00791,-0.99988,-0.03679,-0.14663,0.00546,-0.98849,0.04637,0.13631,-0.01167,0.98951,1.00,-0.03745,-0.12070,0.00456,-0.99197,0.04684,0.11033,-0.01101,0.99273,1.00
2195,0.00,15.00,-0.00836,0.01023,0.00789,-0.99988,-0.03577,-0.14601,0.00528,-0.98862,0.04523,0.13564,-0.01150,0.98966,1.00,-0.03640,-0.12007,0.00441,-0.99209,0.04569,0.10966,-0.01086,0.99286,1.00
2207,0.00,15.00,-0.00836,0.01018,0.00800,-0.99988,-0.03568,-0.14638,0.00528,-0.98857,0.04516,0.13605,-0.01161,0.98960,1.00,-0.03632,-0.12044,0.00441,-0.99205,0.04562,0.11008,-0.01097,0.99282,1.00
2218,0.00,15.00,-0.00832,0.01006,0.00813,-0.99988,-0.03817,-0.14622,0.00565,-0.98850,0.04764,0.13600,-0.01209,0.98949,1.00,-0.03887,-0.12028,0.00471,-0.99197,0.04814,0.11001,-0.01139,0.99270,1.00
2228,0.00,15.00,-0.00828,0.00995,0.00824,-0.99988,-0.03818,-0.14612,0.00564,-0.98851,0.04762,0.13600,-0.01220,0.98949,1.00,-0.03889,-0.12018,0.00471,-0.99198,0.04813,0.11001,-0.01150,0.99270,1.00
2239,0.00,15.00,-0.00821,0.00976,0.00830,-0.99988,-0.03883,-0.14614,0.00574,-0.98849,0.04821,0.13620,-0.01237,0.98943,1.00,-0.03954,-0.12020,0.00479,-0.99195,0.04873,0.11022,-0.01166,0.99264,1.00
2251,0.00,15.00,-0.00812,0.00958,0.00828,-0.99989,-0.03893,-0.14596,0.00575,-0.98851,0.04821,0.13620,-0.01237,0.98943,1.00,-0.03964,-0.12002,0.00480,-0.99197,0.04873,0.11022,-0.01166,0.99264,1.00
2262,0.00,15.00,-0.00803,0.00932,0.00834,-0.99989,-0.03834,-0.14581,0.00565,-0.98855,0.04754,0.13631,-0.01237,0.98945,1.00,-0.03904,-0.11987,0.00472,-0.99201,0.04804,0.11032,-0.01167,0.99267,1.00
2273,0.00,15.00,-0.00795,0.00910,0.00837,-0.99989,-0.03951,-0.14613,0.00584,-0.98846,0.04864,0.13683,-0.01259,0.98932,1.00,-0.04024,-0.12019,0.00488,-0.99192,0.04916,0.11085,-0.01185,0.99255,1.00
2285,0.00,15.00,-0.00789,0.00889,0.00840,-0.99989,-0.03956,-0.14592,0.00584,-0.98849,0.04863,0.13683,-0.01264,0.98932,1.00,-0.04029,-0.11998,0.00487,-0.99195,0.04916,0.11085,-0.01190,0.99255,1.00
2296,0.00,15.00,-0.00786,0.00866,0.00839,-0.99990,-0.03899,-0.14564,0.00574,-0.98855,0.04802,0.13677,-0.01256,0.98936,1.00,-0.03970,-0.11969,0.00479,-0.99201,0.04853,0.11079,-0.01183,0.99259,1.00
2306,0.00,15.00,-0.00787,0.00851,0.00838,-0.99990,-0.03942,-0.14573,0.00581,-0.98852,0.04847,0.13702,-0.01261,0.98930,1.00,-0.04013,-0.11979,0.00485,-0.99198,0.04898,0.11104,-0.01187,0.99254,1.00
2318,0.00,15.00,-0.00787,0.00841,0.00843,-0.99990,-0.03882,-0.14563,0.00572,-0.98856,0.04787,0.13702,-0.01258,0.98933,1.00,-0.03952,-0.11969,0.00477,-0.99201,0.04837,0.11103,-0.01186,0.99257,1.00
2329,0.00,15.00,-0.00785,0.00837,0.00847,-0.99990,-0.03882,-0.14560,0.00572,-0.98857,0.04786,0.13702,-0.01262,0.98933,1.00,-0.03952,-0.11965,0.00477,-0.99202,0.04836,0.11104,-0.01190,0.99257,1.00
2341,0.00,15.00,-0.00778,0.00833,0.00852,-0.99990,-0.04018,-0.14563,0.00592,-0.98851,0.04916,0.13708,-0.01287,0.98926,1.00,-0.04091,-0.11967,0.00494,-0.99196,0.04969,0.11108,-0.01211,0.99249,1.00
2351,0.00,15.00,-0.00769,0.00838,0.00863,-0.99990,-0.04024,-0.14569,0.00593,-0.98849,0.04914,0.13708,-0.01301,0.98925,1.00,-0.04097,-0.11973,0.00495,-0.99195,0.04967,0.11109,-0.01225,0.99249,1.00
2363,0.00,15.00,-0.00756,0.00849,0.00883,-0.99990,-0.03907,-0.14589,0.00577,-0.98851,0.04787,0.13719,-0.01306,0.98930,1.00,-0.03979,-0.11994,0.00481,-0.99197,0.04839,0.11120,-0.01232,0.99254,1.00
2374,0.00,15.00,-0.00744,0.00855,0.00892,-0.99990,-0.03912,-0.14526,0.00575,-0.98860,0.04782,0.13649,-0.01315,0.98940,1.00,-0.03984,-0.11930,0.00479,-0.99205,0.04833,0.11048,-0.01241,0.99262,1.00
2385,0.00,15.00,-0.00733,0.00863,0.00908,-0.99989,-0.03919,-0.14536,0.00576,-0.98859,0.04780,0.13650,-0.01333,0.98940,1.00,-0.03991,-0.11940,0.00480,-0.99203,0.04831,0.11049,-0.01259,0.99262,1.00
2397,0.00,15.00,-0.00722,0.00867,0.00909,-0.99990,-0.03922,-0.14538,0.00577,-0.98858,0.04772,0.13648,-0.01336,0.98940,1.00,-0.03994,-0.11942,0.00481,-0.99203,0.04822,0.11048,-0.01262,0.99263,1.00
2407,0.00,15.00,-0.00716,0.00871,0.00914,-0.99989,-0.03920,-0.14502,0.00575,-0.98864,0.04765,0.13608,-0.01341,0.98946,1.00,-0.03991,-0.11905,0.00479,-0.99207,0.04815,0.11007,-0.01266,0.99268,1.00
2419,0.00,15.00,-0.00710,0.00878,0.00921,-0.99989,-0.03915,-0.14502,0.00574,-0.98864,0.04755,0.13600,-0.01348,0.98948,1.00,-0.03986,-0.11905,0.00478,-0.99208,0.04804,0.10999,-0.01273,0.99269,1.00
2429,0.00,15.00,-0.00706,0.00880,0.00927,-0.99989,-0.03918,-0.14505,0.00575,-0.98863,0.04754,0.13600,-0.01355,0.98947,1.00,-0.03989,-0.11908,0.00479,-0.99207,0.04803,0.10999,-0.01280,0.99269,1.00
2440,0.00,15.00,-0.00704,0.00882,0.00939,-0.99989,-0.03955,-0.14575,0.00583,-0.98851,0.04793,0.13668,-0.01374,0.98936,1.00,-0.04028,-0.11979,0.00486,-0.99197,0.04843,0.11068,-0.01298,0.99259,1.00
2451,0.00,15.00,-0.00703,0.00878,0.00950,-0.99989,-0.03954,-0.14572,0.00583,-0.98852,0.04792,0.13669,-0.01384,0.98936,1.00,-0.04027,-0.11976,0.00486,-0.99197,0.04842,0.11069,-0.01309,0.99259,1.00
2462,0.00,15.00,-0.00702,0.00874,0.00961,-0.99989,-0.03821,-0.14562,0.00563,-0.98859,0.04659,0.13664,-0.01378,0.98943,1.00,-0.03891,-0.11967,0.00469,-0.99204,0.04706,0.11064,-0.01305,0.99266,1.00
2474,0.00,15.00,-0.00705,0.00863,0.00970,-0.99989,-0.03897,-0.14511,0.00572,-0.98863,0.04738,0.13623,-0.01395,0.98945,1.00,-0.03968,-0.11915,0.00477,-0.99207,0.04786,0.11023,-0.01321,0.99267,1.00
2484,0.00,15.00,-0.00709,0.00844,0.00983,-0.99989,-0.03889,-0.14494,0.00570,-0.98866,0.04737,0.13623,-0.01407,0.98944,1.00,-0.03961,-0.11898,0.00475,-0.99210,0.04785,0.11023,-0.01333,0.99266,1.00
2496,0.00,15.00,-0.00710,0.00833,0.00992,-0.99989,-0.03886,-0.14485,0.00569,-0.98867,0.04736,0.13625,-0.01414,0.98944,1.00,-0.03958,-0.11889,0.00474,-0.99211,0.04784,0.11025,-0.01341,0.99266,1.00
2507,0.00,15.00,-0.00705,0.00811,0.01003,-0.99989,-0.03899,-0.14473,0.00571,-0.98869,0.04745,0.13634,-0.01428,0.98942,1.00,-0.03970,-0.11876,0.00475,-0.99212,0.04793,0.11034,-0.01354,0.99265,1.00
2518,0.00,15.00,-0.00695,0.00795,0.01004,-0.99989,-0.03911,-0.14501,0.00574,-0.98864,0.04747,0.13678,-0.01434,0.98936,1.00,-0.03982,-0.11905,0.00478,-0.99208,0.04794,0.11078,-0.01359,0.99259,1.00
2529,0.00,15.00,-0.00689,0.00776,0.01015,-0.99989,-0.03914,-0.14484,0.00573,-0.98866,0.04746,0.13679,-0.01446,0.98936,1.00,-0.03986,-0.11888,0.00478,-0.99210,0.04793,0.11079,-0.01371,0.99259,1.00
2541,0.00,15.00,-0.00675,0.00763,0.01016,-0.99990,-0.03994,-0.14491,0.00585,-0.98862,0.04813,0.13698,-0.01462,0.98930,1.00,-0.04067,-0.11895,0.00488,-0.99206,0.04861,0.11098,-0.01384,0.99254,1.00
2551,0.00,15.00,-0.00665,0.00753,0.01018,-0.99990,-0.04003,-0.14481,0.00586,-0.98863,0.04812,0.13698,-0.01466,0.98930,1.00,-0.04077,-0.11884,0.00488,-0.99206,0.04860,0.11098,-0.01389,0.99254,1.00
2562,0.00,15.00,-0.00652,0.00745,0.01021,-0.99990,-0.03958,-0.14495,0.00580,-0.98863,0.04755,0.13721,-0.01466,0.98929,1.00,-0.04030,-0.11899,0.00483,-0.99207,0.04802,0.11121,-0.01389,0.99254,1.00
2575,0.00,15.00,-0.00638,0.00748,0.01020,-0.99990,-0.04001,-0.14394,0.00582,-0.98876,0.04782,0.13616,-0.01469,0.98942,1.00,-0.04072,-0.11796,0.00484,-0.99217,0.04829,0.11014,-0.01390,0.99265,1.00
2586,0.00,15.00,-0.00632,0.00749,0.01017,-0.99990,-0.03959,-0.14410,0.00577,-0.98875,0.04735,0.13631,-0.01461,0.98943,1.00,-0.04029,-0.11812,0.00480,-0.99217,0.04780,0.11029,-0.01383,0.99265,1.00
2597,0.00,15.00,-0.00629,0.00763,0.01013,-0.99990,-0.03962,-0.14424,0.00578,-0.98873,0.04735,0.13631,-0.01459,0.98943,1.00,-0.04033,-0.11826,0.00481,-0.99215,0.04780,0.11029,-0.01381,0.99265,1.00
2608,0.00,15.00,-0.00636,0.00777,0.01012,-0.99990,-0.03979,-0.14381,0.00579,-0.98879,0.04757,0.13575,-0.01457,0.98949,1.00,-0.04049,-0.11782,0.00481,-0.99220,0.04802,0.10972,-0.01378,0.99271,1.00
2619,0.00,15.00,-0.00637,0.00791,0.01021,-0.99990,-0.03984,-0.14467,0.00583,-0.98866,0.04766,0.13646,-0.01468,0.98939,1.00,-0.04055,-0.11869,0.00485,-0.99209,0.04811,0.11045,-0.01390,0.99262,1.00
2629,0.00,15.00,-0.00638,0.00810,0.01034,-0.99989,-0.03979,-0.14487,0.00583,-0.98863,0.04764,0.13647,-0.01480,0.98939,1.00,-0.04051,-0.11889,0.00485,-0.99207,0.04810,0.11045,-0.01402,0.99262,1.00
2641,0.00,15.00,-0.00623,0.00828,0.01037,-0.99989,-0.03990,-0.14493,0.00585,-0.98862,0.04761,0.13635,-0.01487,0.98940,1.00,-0.04062,-0.11895,0.00487,-0.99206,0.04807,0.11034,-0.01408,0.99263,1.00
2651,0.00,15.00,-0.00611,0.00839,0.01053,-0.99989,-0.03997,-0.14505,0.00586,-0.98860,0.04758,0.13636,-0.01505,0.98940,1.00,-0.04069,-0.11908,0.00488,-0.99204,0.04805,0.11035,-0.01426,0.99263,1.00
2664,0.00,15.00,-0.00597,0.00845,0.01072,-0.99989,-0.04002,-0.14671,0.00594,-0.98835,0.04754,0.13795,-0.01532,0.98918,1.00,-0.04077,-0.12076,0.00496,-0.99183,0.04801,0.11196,-0.01453,0.99245,1.00
2674,0.00,15.00,-0.00589,0.00850,0.01104,-0.99989,-0.03936,-0.14665,0.00584,-0.98839,0.04684,0.13783,-0.01555,0.98923,1.00,-0.04010,-0.12071,0.00488,-0.99187,0.04731,0.11185,-0.01477,0.99249,1.00
2686,0.00,15.00,-0.00581,0.00846,0.01130,-0.99988,-0.03843,-0.14642,0.00569,-0.98846,0.04587,0.13764,-0.01568,0.98930,1.00,-0.03916,-0.12048,0.00476,-0.99193,0.04632,0.11166,-0.01493,0.99255,1.00
2696,0.00,15.00,-0.00579,0.00843,0.01146,-0.99988,-0.03840,-0.14640,0.00569,-0.98846,0.04585,0.13765,-0.01584,0.98929,1.00,-0.03914,-0.12046,0.00475,-0.99193,0.04630,0.11167,-0.01509,0.99255,1.00
2707,0.00,15.00,-0.00580,0.00832,0.01153,-0.99988,-0.03835,-0.14472,0.00561,-0.98871,0.04579,0.13607,-0.01585,0.98951,1.00,-0.03907,-0.11875,0.00468,-0.99214,0.04623,0.11006,-0.01510,0.99273,1.00
2718,0.00,15.00,-0.00587,0.00814,0.01148,-0.99988,-0.03985,-0.14449,0.00582,-0.98869,0.04736,0.13599,-0.01600,0.98945,1.00,-0.04058,-0.11851,0.00485,-0.99211,0.04780,0.10998,-0.01521,0.99267,1.00
2729,0.00,15.00,-0.00594,0.00788,0.01150,-0.99989,-0.03979,-0.14423,0.00580,-0.98873,0.04736,0.13599,-0.01600,0.98945,1.00,-0.04052,-0.11825,0.00483,-0.99214,0.04780,0.10998,-0.01521,0.99267,1.00
2741,0.00,15.00,-0.00607,0.00763,0.01136,-0.99989,-0.03972,-0.14402,0.00579,-0.98876,0.04740,0.13605,-0.01584,0.98944,1.00,-0.04043,-0.11805,0.00481,-0.99217,0.04782,0.11003,-0.01506,0.99266,1.00
2751,0.00,15.00,-0.00611,0.00735,0.01132,-0.99989,-0.03969,-0.14374,0.00577,-0.98880,0.04740,0.13604,-0.01579,0.98944,1.00,-0.04040,-0.11776,0.00479,-0.99221,0.04783,0.11003,-0.01500,0.99266,1.00
2762,0.00,15.00,-0.00618,0.00719,0.01120,-0.99989,-0.03975,-0.14351,0.00577,-0.98883,0.04751,0.13598,-0.01567,0.98945,1.00,-0.04045,-0.11753,0.00479,-0.99223,0.04793,0.10996,-0.01489,0.99267,1.00
2774,0.00,15.00,-0.00626,0.00702,0.01116,-0.99989,-0.03962,-0.14362,0.00575,-0.98882,0.04745,0.13626,-0.01561,0.98941,1.00,-0.04031,-0.11764,0.00478,-0.99223,0.04786,0.11025,-0.01483,0.99264,1.00
2785,0.00,15.00,-0.00629,0.00704,0.01107,-0.99989,-0.03961,-0.14364,0.00575,-0.98882,0.04746,0.13626,-0.01552,0.98941,1.00,-0.04029,-0.11766,0.00478,-0.99223,0.04787,0.11024,-0.01474,0.99264,1.00
2796,0.00,15.00,-0.00630,0.00703,0.01106,-0.99989,-0.03820,-0.14462,0.00559,-0.98873,0.04607,0.13727,-0.01534,0.98934,1.00,-0.03887,-0.11866,0.00465,-0.99216,0.04646,0.11127,-0.01460,0.99260,1.00
2808,0.00,15.00,-0.00629,0.00697,0.01108,-0.99989,-0.03827,-0.14480,0.00560,-0.98870,0.04613,0.13750,-0.01538,0.98931,1.00,-0.03894,-0.11884,0.00466,-0.99214,0.04653,0.11151,-0.01464,0.99257,1.00
2819,0.00,15.00,-0.00614,0.00712,0.01109,-0.99989,-0.04010,-0.14424,0.00585,-0.98871,0.04781,0.13678,-0.01565,0.98932,1.00,-0.04081,-0.11826,0.00486,-0.99213,0.04825,0.11076,-0.01485,0.99256,1.00
2829,0.00,15.00,-0.00597,0.00731,0.01112,-0.99989,-0.04026,-0.14443,0.00588,-0.98868,0.04780,0.13678,-0.01572,0.98932,1.00,-0.04097,-0.11845,0.00489,-0.99210,0.04824,0.11076,-0.01492,0.99256,1.00
2841,0.00,15.00,-0.00567,0.00755,0.01117,-0.99989,-0.04081,-0.14471,0.00597,-0.98862,0.04806,0.13681,-0.01589,0.98930,1.00,-0.04153,-0.11872,0.00497,-0.99205,0.04851,0.11079,-0.01506,0.99255,1.00
2853,0.00,15.00,-0.00550,0.00777,0.01118,-0.99989,-0.04096,-0.14493,0.00601,-0.98858,0.04806,0.13681,-0.01594,0.98930,1.00,-0.04169,-0.11895,0.00500,-0.99201,0.04851,0.11079,-0.01511,0.99254,1.00
2864,0.00,15.00,-0.00525,0.00798,0.01120,-0.99989,-0.04130,-0.14230,0.00594,-0.98894,0.04813,0.13397,-0.01594,0.98969,1.00,-0.04202,-0.11627,0.00492,-0.99232,0.04857,0.10790,-0.01509,0.99286,1.00
2874,0.00,15.00,-0.00510,0.00818,0.01124,-0.99989,-0.04119,-0.14675,0.00612,-0.98830,0.04793,0.13822,-0.01614,0.98911,1.00,-0.04193,-0.12080,0.00511,-0.99178,0.04839,0.11223,-0.01529,0.99239,1.00
2886,0.00,15.00,-0.00503,0.00832,0.01133,-0.99989,-0.04122,-0.14690,0.00613,-0.98827,0.04791,0.13822,-0.01625,0.98911,1.00,-0.04197,-0.12095,0.00512,-0.99176,0.04838,0.11223,-0.01540,0.99238,1.00
2898,0.00,15.00,-0.00505,0.00836,0.01153,-0.99989,-0.04096,-0.14460,0.00599,-0.98862,0.04767,0.13588,-0.01631,0.98944,1.00,-0.04171,-0.11861,0.00499,-0.99205,0.04812,0.10985,-0.01547,0.99266,1.00
2908,0.00,15.00,-0.00512,0.00842,0.01162,-0.99988,-0.03858,-0.14469,0.00565,-0.98871,0.04536,0.13594,-0.01606,0.98955,1.00,-0.03928,-0.11872,0.00470,-0.99214,0.04578,0.10992,-0.01529,0.99277,1.00
2918,0.00,15.00,-0.00512,0.00843,0.01167,-0.99988,-0.03905,-0.14449,0.00571,-0.98872,0.04584,0.13571,-0.01618,0.98955,1.00,-0.03976,-0.11851,0.00475,-0.99214,0.04626,0.10970,-0.01539,0.99277,1.00
2930,0.00,15.00,-0.00506,0.00842,0.01164,-0.99988,-0.03912,-0.14449,0.00572,-0.98872,0.04585,0.13571,-0.01616,0.98955,1.00,-0.03983,-0.11851,0.00476,-0.99214,0.04626,0.10970,-0.01537,0.99277,1.00
2941,0.00,15.00,-0.00498,0.00832,0.01161,-0.99989,-0.03917,-0.14520,0.00575,-0.98861,0.04582,0.13653,-0.01618,0.98944,1.00,-0.03987,-0.11923,0.00479,-0.99205,0.04623,0.11052,-0.01538,0.99268,1.00
2952,0.00,15.00,-0.00477,0.00817,0.01160,-0.99989,-0.03993,-0.14569,0.00588,-0.98851,0.04637,0.13716,-0.01633,0.98933,1.00,-0.04064,-0.11973,0.00491,-0.99196,0.04680,0.11116,-0.01551,0.99258,1.00
2965,0.00,15.00,-0.00441,0.00796,0.01156,-0.99989,-0.04028,-0.14549,0.00593,-0.98852,0.04637,0.13716,-0.01639,0.98933,1.00,-0.04101,-0.11953,0.00494,-0.99197,0.04680,0.11117,-0.01555,0.99258,1.00
2975,0.00,15.00,-0.00411,0.00782,0.01157,-0.99989,-0.04093,-0.14473,0.00599,-0.98861,0.04671,0.13653,-0.01651,0.98940,1.00,-0.04166,-0.11876,0.00499,-0.99204,0.04714,0.11053,-0.01565,0.99263,1.00
2985,0.00,15.00,-0.00385,0.00770,0.01158,-0.99990,-0.04094,-0.14444,0.00598,-0.98865,0.04647,0.13636,-0.01656,0.98943,1.00,-0.04167,-0.11846,0.00498,-0.99207,0.04690,0.11034,-0.01569,0.99266,1.00
2997,0.00,15.00,-0.00360,0.00756,0.01168,-0.99990,-0.04115,-0.14431,0.00601,-0.98866,0.04644,0.13636,-0.01672,0.98943,1.00,-0.04189,-0.11834,0.00500,-0.99208,0.04688,0.11035,-0.01584,0.99266,1.00
3008,0.00,15.00,-0.00345,0.00755,0.01170,-0.99990,-0.04019,-0.14446,0.00587,-0.98868,0.04533,0.13653,-0.01664,0.98946,1.00,-0.04091,-0.11849,0.00489,-0.99210,0.04576,0.11052,-0.01577,0.99270,1.00
3019,0.00,15.00,-0.00336,0.00747,0.01180,-0.99990,-0.03992,-0.14510,0.00586,-0.98859,0.04499,0.13724,-0.01674,0.98937,1.00,-0.04064,-0.11913,0.00488,-0.99203,0.04541,0.11125,-0.01588,0.99263,1.00
3031,0.00,15.00,-0.00332,0.00750,0.01180,-0.99990,-0.03996,-0.14513,0.00587,-0.98859,0.04499,0.13724,-0.01675,0.98937,1.00,-0.04068,-0.11916,0.00489,-0.99203,0.04541,0.11125,-0.01589,0.99263,1.00
3042,0.00,11.28,-0.00332,0.00758,0.01191,-0.99989,-0.04341,-0.14535,0.00638,-0.98841,0.04847,0.13735,-0.01735,0.98918,1.00,-0.04420,-0.11938,0.00532,-0.99185,0.04895,0.11134,-0.01640,0.99244,1.00
3053,0.00,8.03,-0.00327,0.00759,0.01195,-0.99989,-0.04329,-0.14491,0.00635,-0.98848,0.04830,0.13690,-0.01736,0.98925,1.00,-0.04407,-0.11893,0.00528,-0.99191,0.04877,0.11088,-0.01642,0.99250,1.00
3063,0.00,4.63,-0.00321,0.00766,0.01203,-0.99989,-0.04333,-0.14499,0.00636,-0.98846,0.04829,0.13690,-0.01745,0.98925,1.00,-0.04412,-0.11901,0.00529,-0.99190,0.04876,0.11088,-0.01651,0.99250,1.00
3075,0.00,1.73,-0.00314,0.00774,0.01212,-0.99989,-0.04237,-0.14465,0.00620,-0.98856,0.04727,0.13648,-0.01739,0.98936,1.00,-0.04314,-0.11866,0.00516,-0.99198,0.04773,0.11046,-0.01647,0.99260,1.00
3086,0.00,0.00,-0.00298,0.00779,0.01224,-0.99989,-0.04180,-0.14354,0.00607,-0.98874,0.04654,0.13533,-0.01742,0.98955,1.00,-0.04255,-0.11753,0.00504,-0.99214,0.04698,0.10929,-0.01650,0.99276,1.00
3098,0.00,0.00,-0.00286,0.00782,0.01229,-0.99989,-0.04189,-0.14358,0.00608,-0.98873,0.04653,0.13533,-0.01750,0.98955,1.00,-0.04265,-0.11758,0.00505,-0.99213,0.04697,0.10929,-0.01658,0.99276,1.00
3108,0.00,0.00,-0.00280,0.00778,0.01232,-0.99989,-0.04186,-0.14346,0.00607,-0.98875,0.04644,0.13526,-0.01753,0.98957,1.00,-0.04261,-0.11746,0.00504,-0.99215,0.04687,0.10922,-0.01661,0.99277,1.00
3119,0.00,0.00,-0.00274,0.00774,0.01236,-0.99989,-0.04180,-0.14547,0.00615,-0.98846,0.04635,0.13730,-0.01765,0.98929,1.00,-0.04256,-0.11950,0.00513,-0.99191,0.04679,0.11130,-0.01673,0.99254,1.00
3130,0.00,0.00,-0.00266,0.00769,0.01230,-0.99989,-0.04190,-0.14542,0.00616,-0.98846,0.04635,0.13730,-0.01762,0.98929,1.00,-0.04265,-0.11945,0.00514,-0.99191,0.04679,0.11130,-0.01670,0.99254,1.00
3142,0.00,0.00,-0.00258,0.00760,0.01227,-0.99989,-0.04197,-0.14530,0.00617,-0.98848,0.04635,0.13727,-0.01761,0.98929,1.00,-0.04272,-0.11933,0.00514,-0.99192,0.04678,0.11127,-0.01668,0.99255,1.00
3153,0.00,0.00,-0.00255,0.00752,0.01226,-0.99989,-0.04178,-0.14559,0.00615,-0.98844,0.04613,0.13765,-0.01758,0.98925,1.00,-0.04252,-0.11963,0.00513,-0.99189,0.04656,0.11165,-0.01666,0.99252,1.00
3164,0.00,0.00,-0.00253,0.00740,0.01228,-0.99989,-0.04179,-0.14548,0.00615,-0.98846,0.04612,0.13765,-0.01761,0.98925,1.00,-0.04254,-0.11952,0.00513,-0.99191,0.04655,0.11165,-0.01668,0.99252,1.00
3176,0.00,0.00,-0.00253,0.00740,0.01233,-0.99989,-0.04183,-0.14239,0.00602,-0.98891,0.04613,0.13456,-0.01755,0.98968,1.00,-0.04256,-0.11638,0.00499,-0.99228,0.04654,0.10851,-0.01662,0.99287,1.00
3186,0.00,0.00,-0.00257,0.00741,0.01238,-0.99989,-0.03953,-0.14407,0.00576,-0.98876,0.04390,0.13625,-0.01734,0.98955,1.00,-0.04024,-0.11809,0.00479,-0.99218,0.04428,0.11024,-0.01647,0.99278,1.00
3197,0.00,0.00,-0.00267,0.00743,0.01245,-0.99989,-0.03943,-0.14409,0.00575,-0.98876,0.04389,0.13626,-0.01738,0.98955,1.00,-0.04013,-0.11811,0.00478,-0.99218,0.04428,0.11024,-0.01651,0.99278,1.00
3209,0.00,0.00,-0.00278,0.00753,0.01252,-0.99989,-0.04262,-0.14356,0.00619,-0.98870,0.04721,0.13559,-0.01785,0.98948,1.00,-0.04338,-0.11755,0.00514,-0.99211,0.04765,0.10955,-0.01691,0.99270,1.00
3219,0.00,0.00,-0.00287,0.00764,0.01265,-0.99989,-0.04249,-0.14368,0.00618,-0.98869,0.04720,0.13559,-0.01794,0.98948,1.00,-0.04326,-0.11767,0.00513,-0.99210,0.04763,0.10955,-0.01701,0.99269,1.00
3230,0.00,0.00,-0.00293,0.00782,0.01273,-0.99988,-0.04248,-0.14386,0.00618,-0.98867,0.04725,0.13559,-0.01801,0.98947,1.00,-0.04324,-0.11786,0.00514,-0.99208,0.04769,0.10955,-0.01708,0.99269,1.00
3242,0.00,0.00,-0.00276,0.00793,0.01279,-0.99988,-0.04501,-0.11695,0.00531,-0.99210,0.04928,0.10850,-0.01732,0.99272,1.00,-0.04565,-0.09051,0.00415,-0.99484,0.04959,0.08204,-0.01627,0.99526,1.00
3253,0.00,0.00,-0.00258,0.00804,0.01285,-0.99988,-0.04517,-0.11707,0.00533,-0.99208,0.04927,0.10851,-0.01742,0.99272,1.00,-0.04582,-0.09063,0.00417,-0.99482,0.04958,0.08204,-0.01636,0.99526,1.00
3265,0.00,0.00,-0.00239,0.00818,0.01284,-0.99988,-0.04833,-0.06111,0.00296,-0.99696,0.05152,0.05234,-0.01523,0.99718,1.00,-0.04866,-0.03409,0.00166,-0.99823,0.05149,0.02530,-0.01400,0.99826,1.00
3275,0.00,0.00,-0.00218,0.00831,0.01280,-0.99988,-0.04870,-0.02823,0.00138,-0.99841,0.05124,0.01931,-0.01369,0.99841,1.00,-0.04880,-0.00107,0.00005,-0.99881,0.05098,-0.00785,-0.01243,0.99859,1.00
3286,0.00,0.00,-0.00208,0.00839,0.01278,-0.99988,-0.04616,-0.02813,0.00130,-0.99854,0.04860,0.01916,-0.01362,0.99854,1.00,-0.04625,-0.00098,0.00005,-0.99893,0.04833,-0.00799,-0.01242,0.99872,1.00
3298,0.00,0.00,-0.00191,0.00846,0.01272,-0.99988,-0.04633,-0.02819,0.00131,-0.99853,0.04860,0.01916,-0.01356,0.99854,1.00,-0.04642,-0.00104,0.00005,-0.99892,0.04833,-0.00799,-0.01236,0.99872,1.00
3308,0.00,0.00,-0.00172,0.00858,0.01266,-0.99988,-0.04632,-0.02814,0.00131,-0.99853,0.04839,0.01898,-0.01350,0.99856,1.00,-0.04640,-0.00099,0.00005,-0.99892,0.04812,-0.00817,-0.01229,0.99873,1.00
3319,0.00,0.00,-0.00148,0.00865,0.01258,-0.99988,-0.04785,-0.02511,0.00120,-0.99854,0.04965,0.01587,-0.01332,0.99855,1.00,-0.04791,0.00205,-0.00010,-0.99885,0.04936,-0.01129,-0.01206,0.99864,1.00
3331,0.00,0.00,-0.00122,0.00875,0.01264,-0.99988,-0.04810,-0.02521,0.00121,-0.99852,0.04964,0.01587,-0.01338,0.99855,1.00,-0.04817,0.00195,-0.00009,-0.99884,0.04936,-0.01129,-0.01211,0.99864,1.00
3343,0.00,0.00,-0.00106,0.00879,0.01277,-0.99988,-0.04800,-0.02489,0.00120,-0.99854,0.04938,0.01549,-0.01350,0.99857,1.00,-0.04808,0.00228,-0.00011,-0.99884,0.04910,-0.01167,-0.01222,0.99865,1.00
3354,0.00,0.00,-0.00086,0.00887,0.01294,-0.99988,-0.04683,-0.02423,0.00114,-0.99861,0.04800,0.01476,-0.01362,0.99865,1.00,-0.04691,0.00292,-0.00014,-0.99890,0.04772,-0.01240,-0.01237,0.99871,1.00
3365,0.00,0.00,-0.00071,0.00896,0.01311,-0.99987,-0.04697,-0.02433,0.00114,-0.99860,0.04800,0.01477,-0.01380,0.99864,1.00,-0.04706,0.00283,-0.00013,-0.99889,0.04772,-0.01239,-0.01255,0.99871,1.00
3376,0.00,0.00,-0.00060,0.00905,0.01324,-0.99987,-0.04607,-0.02491,0.00115,-0.99863,0.04700,0.01526,-0.01394,0.99868,1.00,-0.04616,0.00224,-0.00010,-0.99893,0.04672,-0.01189,-0.01270,0.99876,1.00
3386,0.00,0.00,-0.00045,0.00908,0.01334,-0.99987,-0.04621,-0.02495,0.00115,-0.99862,0.04700,0.01527,-0.01404,0.99868,1.00,-0.04631,0.00220,-0.00010,-0.99892,0.04672,-0.01189,-0.01280,0.99876,1.00
3398,0.00,0.00,-0.00034,0.00907,0.01343,-0.99987,-0.04675,-0.02609,0.00122,-0.99857,0.04744,0.01640,-0.01420,0.99864,1.00,-0.04685,0.00106,-0.00005,-0.99890,0.04717,-0.01076,-0.01294,0.99875,1.00
3408,0.00,0.00,-0.00029,0.00903,0.01345,-0.99987,-0.04649,-0.02592,0.00121,-0.99858,0.04713,0.01628,-0.01421,0.99866,1.00,-0.04658,0.00123,-0.00006,-0.99891,0.04685,-0.01088,-0.01296,0.99876,1.00
3420,0.00,0.00,-0.00020,0.00900,0.01335,-0.99987,-0.04762,-0.02546,0.00121,-0.99854,0.04817,0.01583,-0.01411,0.99861,1.00,-0.04770,0.00170,-0.00008,-0.99886,0.04788,-0.01133,-0.01282,0.99871,1.00
3432,0.00,0.00,-0.00012,0.00897,0.01341,-0.99987,-0.04770,-0.02543,0.00122,-0.99854,0.04817,0.01583,-0.01417,0.99861,1.00,-0.04779,0.00173,-0.00008,-0.99886,0.04788,-0.01133,-0.01288,0.99871,1.00
3443,0.00,0.00,-0.00012,0.00889,0.01341,-0.99987,-0.04893,-0.02534,0.00124,-0.99848,0.04940,0.01580,-0.01419,0.99855,1.00,-0.04901,0.00183,-0.00009,-0.99880,0.04910,-0.01137,-0.01287,0.99865,1.00
3453,0.00,0.00,-0.00014,0.00888,0.01338,-0.99987,-0.04891,-0.02532,0.00124,-0.99848,0.04940,0.01580,-0.01417,0.99855,1.00,-0.04899,0.00184,-0.00009,-0.99880,0.04910,-0.01137,-0.01284,0.99865,1.00
3465,0.00,0.00,-0.00023,0.00891,0.01333,-0.99987,-0.05003,-0.02532,0.00127,-0.99843,0.05060,0.01576,-0.01413,0.99849,1.00,-0.05011,0.00185,-0.00009,-0.99874,0.05031,-0.01141,-0.01278,0.99859,1.00
3476,0.00,0.00,-0.00028,0.00895,0.01323,-0.99987,-0.04991,-0.02685,0.00134,-0.99839,0.05055,0.01725,-0.01409,0.99847,1.00,-0.04999,0.00032,-0.00002,-0.99875,0.05026,-0.00992,-0.01275,0.99861,1.00
3487,0.00,0.00,-0.00034,0.00902,0.01309,-0.99987,-0.04856,-0.02722,0.00132,-0.99845,0.04926,0.01758,-0.01395,0.99853,1.00,-0.04864,-0.00006,0.00000,-0.99882,0.04897,-0.00958,-0.01264,0.99867,1.00
3499,0.00,0.00,-0.00040,0.00921,0.01286,-0.99987,-0.04851,-0.02739,0.00133,-0.99845,0.04926,0.01756,-0.01371,0.99854,1.00,-0.04857,-0.00023,0.00001,-0.99882,0.04897,-0.00960,-0.01241,0.99868,1.00
3510,0.00,0.00,-0.00040,0.00932,0.01282,-0.99987,-0.04853,-0.02746,0.00133,-0.99844,0.04929,0.01754,-0.01367,0.99854,1.00,-0.04859,-0.00030,0.00001,-0.99882,0.04900,-0.00962,-0.01237,0.99868,1.00
3520,0.00,0.00,-0.00046,0.00946,0.01279,-0.99987,-0.04852,-0.02752,0.00134,-0.99844,0.04933,0.01746,-0.01364,0.99854,1.00,-0.04859,-0.00037,0.00002,-0.99882,0.04905,-0.00970,-0.01234,0.99867,1.00
3532,0.00,0.00,-0.00057,0.00966,0.01277,-0.99987,-0.04841,-0.02772,0.00134,-0.99844,0.04933,0.01746,-0.01361,0.99854,1.00,-0.04848,-0.00056,0.00003,-0.99882,0.04905,-0.00970,-0.01232,0.99867,1.00
3543,0.00,0.00,-0.00062,0.00986,0.01269,-0.99987,-0.04947,-0.02596,0.00129,-0.99844,0.05042,0.01548,-0.01345,0.99852,1.00,-0.04954,0.00120,-0.00006,-0.99877,0.05013,-0.01169,-0.01213,0.99860,1.00
3554,0.00,0.00,-0.00060,0.01012,0.01256,-0.99987,-0.04742,-0.02844,0.00135,-0.99847,0.04839,0.01774,-0.01339,0.99858,1.00,-0.04750,-0.00129,0.00006,-0.99887,0.04811,-0.00942,-0.01212,0.99872,1.00
3565,0.00,0.00,-0.00062,0.01035,0.01247,-0.99987,-0.04740,-0.02866,0.00136,-0.99846,0.04839,0.01774,-0.01331,0.99858,1.00,-0.04748,-0.00151,0.00007,-0.99887,0.04811,-0.00942,-0.01204,0.99873,1.00
3577,0.00,0.00,-0.00058,0.01064,0.01242,-0.99987,-0.04750,-0.02885,0.00137,-0.99845,0.04845,0.01764,-0.01325,0.99858,1.00,-0.04758,-0.00170,0.00008,-0.99887,0.04818,-0.00952,-0.01198,0.99872,1.00
3587,0.00,0.00,-0.00058,0.01080,0.01247,-0.99986,-0.04755,-0.02910,0.00139,-0.99844,0.04849,0.01772,-0.01331,0.99858,1.00,-0.04763,-0.00194,0.00009,-0.99886,0.04823,-0.00944,-0.01203,0.99872,1.00
3598,0.00,0.00,-0.00062,0.01098,0.01250,-0.99986,-0.04750,-0.02928,0.00139,-0.99844,0.04849,0.01772,-0.01334,0.99858,1.00,-0.04758,-0.00213,0.00010,-0.99887,0.04823,-0.00944,-0.01207,0.99872,1.00
3610,0.00,0.00,-0.00072,0.01115,0.01254,-0.99986,-0.04721,-0.02914,0.00138,-0.99846,0.04831,0.01741,-0.01335,0.99859,1.00,-0.04731,-0.00199,0.00009,-0.99888,0.04805,-0.00975,-0.01209,0.99872,1.00
3621,0.00,0.00,-0.00083,0.01126,0.01242,-0.99986,-0.04675,-0.02803,0.00131,-0.99851,0.04794,0.01620,-0.01316,0.99863,1.00,-0.04684,-0.00088,0.00004,-0.99890,0.04767,-0.01095,-0.01192,0.99873,1.00
3632,0.00,0.00,-0.00102,0.01133,0.01236,-0.99986,-0.04656,-0.02809,0.00131,-0.99852,0.04794,0.01620,-0.01310,0.99863,1.00,-0.04664,-0.00094,0.00004,-0.99891,0.04767,-0.01095,-0.01186,0.99873,1.00
3644,0.00,0.00,-0.00119,0.01138,0.01226,-0.99986,-0.04648,-0.02601,0.00121,-0.99858,0.04799,0.01408,-0.01289,0.99867,1.00,-0.04654,0.00114,-0.00005,-0.99892,0.04771,-0.01308,-0.01166,0.99871,1.00
3654,0.00,0.00,-0.00131,0.01136,0.01216,-0.99986,-0.04830,-0.02725,0.00132,-0.99846,0.04995,0.01532,-0.01288,0.99855,1.00,-0.04838,-0.00009,0.00000,-0.99883,0.04968,-0.01184,-0.01160,0.99863,1.00
3665,0.00,0.00,-0.00138,0.01136,0.01204,-0.99986,-0.04823,-0.02724,0.00132,-0.99846,0.04995,0.01532,-0.01276,0.99855,1.00,-0.04830,-0.00008,0.00000,-0.99883,0.04968,-0.01185,-0.01149,0.99863,1.00
3677,0.00,0.00,-0.00134,0.01137,0.01199,-0.99986,-0.04847,-0.02669,0.00130,-0.99847,0.05013,0.01476,-0.01268,0.99855,1.00,-0.04853,0.00047,-0.00002,-0.99882,0.04985,-0.01240,-0.01140,0.99861,1.00
3688,0.00,0.00,-0.00141,0.01143,0.01189,-0.99986,-0.04790,-0.02710,0.00130,-0.99848,0.04963,0.01512,-0.01258,0.99857,1.00,-0.04797,0.00005,0.00000,-0.99885,0.04936,-0.01204,-0.01132,0.99864,1.00
3699,0.00,0.00,-0.00135,0.01151,0.01188,-0.99986,-0.04796,-0.02719,0.00131,-0.99848,0.04963,0.01512,-0.01258,0.99857,1.00,-0.04803,-0.00003,0.00000,-0.99885,0.04936,-0.01204,-0.01132,0.99864,1.00
3710,0.00,0.00,-0.00130,0.01161,0.01193,-0.99986,-0.04768,-0.02682,0.00128,-0.99850,0.04931,0.01466,-0.01260,0.99860,1.00,-0.04775,0.00033,-0.00002,-0.99886,0.04904,-0.01250,-0.01134,0.99865,1.00
3720,0.00,0.00,-0.00125,0.01171,0.01203,-0.99986,-0.04774,-0.02842,0.00136,-0.99845,0.04934,0.01615,-0.01277,0.99857,1.00,-0.04784,-0.00126,0.00006,-0.99885,0.04910,-0.01101,-0.01151,0.99867,1.00
3732,0.00,0.00,-0.00127,0.01182,0.01213,-0.99986,-0.04772,-0.02854,0.00136,-0.99845,0.04934,0.01616,-0.01288,0.99857,1.00,-0.04782,-0.00139,0.00007,-0.99886,0.04910,-0.01100,-0.01162,0.99867,1.00
3743,0.00,0.00,-0.00139,0.01192,0.01220,-0.99985,-0.04835,-0.02614,0.00127,-0.99849,0.05007,0.01364,-0.01283,0.99857,1.00,-0.04844,0.00102,-0.00005,-0.99883,0.04981,-0.01352,-0.01156,0.99860,1.00
3754,0.00,0.00,-0.00168,0.01196,0.01225,-0.99985,-0.04960,-0.02768,0.00138,-0.99838,0.05162,0.01514,-0.01297,0.99847,1.00,-0.04970,-0.00052,0.00003,-0.99876,0.05138,-0.01203,-0.01167,0.99854,1.00
3766,0.00,0.00,-0.00195,0.01195,0.01216,-0.99985,-0.04933,-0.02766,0.00137,-0.99840,0.05162,0.01513,-0.01286,0.99847,1.00,-0.04943,-0.00050,0.00002,-0.99878,0.05138,-0.01204,-0.01157,0.99854,1.00
3777,0.00,0.00,-0.00219,0.01185,0.01208,-0.99985,-0.04920,-0.02743,0.00135,-0.99841,0.05173,0.01500,-0.01277,0.99847,1.00,-0.04929,-0.00026,0.00001,-0.99878,0.05148,-0.01217,-0.01149,0.99853,1.00
3788,0.00,0.00,-0.00237,0.01182,0.01196,-0.99986,-0.04926,-0.02731,0.00135,-0.99841,0.05196,0.01492,-0.01264,0.99846,1.00,-0.04934,-0.00015,0.00001,-0.99878,0.05170,-0.01225,-0.01137,0.99852,1.00
3798,0.00,0.00,-0.00248,0.01170,0.01184,-0.99986,-0.04915,-0.02718,0.00134,-0.99842,0.05196,0.01491,-0.01251,0.99846,1.00,-0.04923,-0.00001,0.00000,-0.99879,0.05170,-0.01226,-0.01125,0.99852,1.00
3811,0.00,0.00,-0.00252,0.01165,0.01168,-0.99986,-0.04803,-0.02785,0.00134,-0.99846,0.05088,0.01565,-0.01237,0.99851,1.00,-0.04810,-0.00069,0.00003,-0.99884,0.05062,-0.01151,-0.01114,0.99859,1.00
3822,0.00,0.00,-0.00255,0.01162,0.01167,-0.99986,-0.04825,-0.02797,0.00135,-0.99844,0.05113,0.01580,-0.01237,0.99849,1.00,-0.04833,-0.00082,0.00004,-0.99883,0.05088,-0.01136,-0.01113,0.99858,1.00
3833,0.00,0.00,-0.00259,0.01159,0.01164,-0.99986,-0.04821,-0.02794,0.00135,-0.99845,0.05113,0.01580,-0.01234,0.99849,1.00,-0.04829,-0.00078,0.00004,-0.99883,0.05088,-0.01136,-0.01110,0.99858,1.00
3845,0.00,0.00,-0.00254,0.01161,0.01170,-0.99986,-0.04865,-0.02817,0.00137,-0.99842,0.05152,0.01601,-0.01242,0.99847,1.00,-0.04873,-0.00101,0.00005,-0.99881,0.05127,-0.01115,-0.01117,0.99856,1.00
3855,0.00,0.00,-0.00249,0.01163,0.01178,-0.99986,-0.04947,-0.02821,0.00140,-0.99838,0.05230,0.01602,-0.01251,0.99842,1.00,-0.04957,-0.00105,0.00005,-0.99877,0.05206,-0.01115,-0.01124,0.99852,1.00
3865,0.00,0.00,-0.00242,0.01167,0.01183,-0.99986,-0.04954,-0.02826,0.00140,-0.99837,0.05230,0.01602,-0.01256,0.99842,1.00,-0.04964,-0.00109,0.00005,-0.99877,0.05206,-0.01114,-0.01129,0.99852,1.00
3877,0.00,0.00,-0.00237,0.01170,0.01196,-0.99986,-0.04961,-0.02875,0.00143,-0.99835,0.05232,0.01647,-0.01272,0.99841,1.00,-0.04972,-0.00159,0.00008,-0.99876,0.05209,-0.01070,-0.01144,0.99852,1.00
3889,0.00,0.00,-0.00237,0.01172,0.01203,-0.99986,-0.04790,-0.02476,0.00119,-0.99854,0.05058,0.01248,-0.01258,0.99856,1.00,-0.04799,0.00240,-0.00012,-0.99885,0.05032,-0.01469,-0.01135,0.99856,1.00
3899,0.00,0.00,-0.00238,0.01172,0.01207,-0.99986,-0.04790,-0.02476,0.00119,-0.99854,0.05058,0.01248,-0.01262,0.99856,1.00,-0.04798,0.00240,-0.00012,-0.99885,0.05032,-0.01468,-0.01138,0.99856,1.00
3910,0.00,0.00,-0.00243,0.01177,0.01203,-0.99986,-0.04780,-0.02776,0.00133,-0.99847,0.05057,0.01543,-0.01271,0.99852,1.00,-0.04790,-0.00060,0.00003,-0.99885,0.05033,-0.01173,-0.01148,0.99860,1.00
3922,0.00,0.00,-0.00237,0.01178,0.01195,-0.99986,-0.04779,-0.02772,0.00133,-0.99847,0.05049,0.01540,-0.01263,0.99853,1.00,-0.04788,-0.00057,0.00003,-0.99885,0.05025,-0.01177,-0.01140,0.99860,1.00
3933,0.00,0.00,-0.00234,0.01179,0.01189,-0.99986,-0.04782,-0.02773,0.00133,-0.99847,0.05050,0.01539,-0.01258,0.99853,1.00,-0.04791,-0.00058,0.00003,-0.99885,0.05025,-0.01177,-0.01134,0.99860,1.00
3945,0.00,0.00,-0.00228,0.01179,0.01185,-0.99986,-0.04917,-0.02771,0.00136,-0.99840,0.05179,0.01536,-0.01255,0.99846,1.00,-0.04926,-0.00055,0.00003,-0.99879,0.05154,-0.01181,-0.01128,0.99854,1.00
3955,0.00,0.00,-0.00232,0.01180,0.01173,-0.99986,-0.05130,-0.02692,0.00138,-0.99832,0.05394,0.01454,-0.01242,0.99836,1.00,-0.05138,0.00025,-0.00001,-0.99868,0.05369,-0.01264,-0.01109,0.99842,1.00
3966,0.00,0.00,-0.00242,0.01183,0.01158,-0.99986,-0.05121,-0.02693,0.00138,-0.99832,0.05395,0.01453,-0.01227,0.99836,1.00,-0.05128,0.00024,-0.00001,-0.99868,0.05369,-0.01265,-0.01094,0.99842,1.00
3978,0.00,0.00,-0.00263,0.01188,0.01132,-0.99986,-0.05099,-0.02567,0.00131,-0.99837,0.05391,0.01323,-0.01194,0.99839,1.00,-0.05104,0.00150,-0.00008,-0.99870,0.05364,-0.01395,-0.01063,0.99841,1.00
3989,0.00,0.00,-0.00273,0.01194,0.01111,-0.99986,-0.05112,-0.02453,0.00126,-0.99839,0.05413,0.01204,-0.01167,0.99839,1.00,-0.05117,0.00264,-0.00014,-0.99869,0.05386,-0.01514,-0.01035,0.99838,1.00
3999,0.00,0.00,-0.00279,0.01201,0.01099,-0.99986,-0.05107,-0.02458,0.00126,-0.99839,0.05413,0.01203,-0.01154,0.99839,1.00,-0.05110,0.00259,-0.00013,-0.99869,0.05385,-0.01514,-0.01023,0.99838,1.00
4011,0.00,0.00,-0.00276,0.01215,0.01080,-0.99986,-0.05050,-0.02468,0.00125,-0.99842,0.05352,0.01200,-0.01135,0.99843,1.00,-0.05053,0.00249,-0.00013,-0.99872,0.05325,-0.01517,-0.01005,0.99842,1.00
4023,0.00,0.00,-0.00266,0.01223,0.01076,-0.99986,-0.05070,-0.02635,0.00134,-0.99837,0.05364,0.01360,-0.01139,0.99840,1.00,-0.05076,0.00082,-0.00004,-0.99871,0.05339,-0.01358,-0.01009,0.99843,1.00
4033,0.00,0.00,-0.00258,0.01242,0.01066,-0.99986,-0.05077,-0.02653,0.00135,-0.99836,0.05364,0.01359,-0.01129,0.99840,1.00,-0.05083,0.00064,-0.00003,-0.99871,0.05339,-0.01358,-0.00998,0.99843,1.00
4044,0.00,0.00,-0.00249,0.01252,0.01075,-0.99986,-0.04949,-0.02879,0.00143,-0.99836,0.05229,0.01576,-0.01147,0.99844,1.00,-0.04957,-0.00163,0.00008,-0.99877,0.05207,-0.01140,-0.01019,0.99853,1.00
4056,0.00,0.00,-0.00250,0.01263,0.01073,-0.99986,-0.04946,-0.02697,0.00134,-0.99841,0.05226,0.01383,-0.01136,0.99847,1.00,-0.04954,0.00019,-0.00001,-0.99877,0.05203,-0.01334,-0.01008,0.99851,1.00
4067,0.00,0.00,-0.00251,0.01272,0.01065,-0.99986,-0.04945,-0.02705,0.00134,-0.99841,0.05226,0.01383,-0.01127,0.99847,1.00,-0.04953,0.00012,-0.00001,-0.99877,0.05203,-0.01334,-0.01000,0.99851,1.00
4079,0.00,0.00,-0.00262,0.01282,0.01047,-0.99986,-0.04929,-0.02697,0.00133,-0.99842,0.05220,0.01366,-0.01108,0.99848,1.00,-0.04936,0.00019,-0.00001,-0.99878,0.05197,-0.01351,-0.00981,0.99851,1.00
4090,0.00,0.00,-0.00279,0.01278,0.01024,-0.99986,-0.04809,-0.02673,0.00129,-0.99848,0.05115,0.01349,-0.01082,0.99854,1.00,-0.04814,0.00042,-0.00002,-0.99884,0.05092,-0.01368,-0.00959,0.99856,1.00
4101,0.00,0.00,-0.00293,0.01279,0.01002,-0.99986,-0.04796,-0.02673,0.00128,-0.99849,0.05115,0.01347,-0.01060,0.99854,1.00,-0.04800,0.00043,-0.00002,-0.99885,0.05091,-0.01369,-0.00937,0.99857,1.00
4112,0.00,0.00,-0.00308,0.01273,0.00972,-0.99987,-0.04785,-0.02684,0.00129,-0.99849,0.05120,0.01366,-0.01030,0.99854,1.00,-0.04789,0.00032,-0.00002,-0.99885,0.05096,-0.01350,-0.00908,0.99857,1.00
4123,0.00,0.00,-0.00317,0.01276,0.00947,-0.99987,-0.04789,-0.02709,0.00130,-0.99848,0.05132,0.01389,-0.01006,0.99854,1.00,-0.04793,0.00007,0.00000,-0.99885,0.05109,-0.01328,-0.00885,0.99857,1.00
4134,0.00,0.00,-0.00330,0.01270,0.00926,-0.99987,-0.04776,-0.02700,0.00129,-0.99849,0.05132,0.01388,-0.00984,0.99854,1.00,-0.04779,0.00016,-0.00001,-0.99886,0.05108,-0.01329,-0.00863,0.99857,1.00
4145,0.00,0.00,-0.00337,0.01274,0.00906,-0.99987,-0.04774,-0.02722,0.00130,-0.99849,0.05136,0.01406,-0.00965,0.99853,1.00,-0.04777,-0.00006,0.00000,-0.99886,0.05113,-0.01310,-0.00845,0.99857,1.00
4156,0.00,0.00,-0.00344,0.01277,0.00887,-0.99987,-0.04671,-0.02832,0.00132,-0.99851,0.05041,0.01515,-0.00949,0.99857,1.00,-0.04676,-0.00116,0.00005,-0.99891,0.05020,-0.01200,-0.00831,0.99863,1.00
4168,0.00,0.00,-0.00345,0.01283,0.00876,-0.99987,-0.04670,-0.02837,0.00133,-0.99851,0.05041,0.01515,-0.00938,0.99857,1.00,-0.04674,-0.00122,0.00006,-0.99891,0.05020,-0.01201,-0.00820,0.99863,1.00
4178,0.00,0.00,-0.00355,0.01291,0.00857,-0.99987,-0.04751,-0.02755,0.00131,-0.99849,0.05130,0.01426,-0.00915,0.99854,1.00,-0.04756,-0.00039,0.00002,-0.99887,0.05110,-0.01291,-0.00796,0.99858,1.00
4190,0.00,0.00,-0.00362,0.01295,0.00842,-0.99987,-0.04755,-0.02777,0.00132,-0.99848,0.05141,0.01444,-0.00902,0.99853,1.00,-0.04761,-0.00061,0.00003,-0.99887,0.05122,-0.01272,-0.00782,0.99858,1.00
4200,0.00,0.00,-0.00371,0.01296,0.00832,-0.99987,-0.04747,-0.02777,0.00132,-0.99849,0.05142,0.01444,-0.00891,0.99853,1.00,-0.04752,-0.00061,0.00003,-0.99887,0.05122,-0.01272,-0.00772,0.99858,1.00
4211,0.00,0.00,-0.00391,0.01292,0.00825,-0.99987,-0.04801,-0.02770,0.00133,-0.99846,0.05215,0.01440,-0.00884,0.99850,1.00,-0.04807,-0.00054,0.00003,-0.99884,0.05197,-0.01276,-0.00764,0.99854,1.00
4223,0.00,0.00,-0.00410,0.01296,0.00806,-0.99988,-0.04794,-0.02769,0.00133,-0.99847,0.05226,0.01437,-0.00864,0.99849,1.00,-0.04800,-0.00053,0.00003,-0.99885,0.05209,-0.01280,-0.00745,0.99853,1.00
4234,0.00,0.00,-0.00429,0.01292,0.00791,-0.99988,-0.04775,-0.02764,0.00132,-0.99848,0.05226,0.01436,-0.00848,0.99849,1.00,-0.04781,-0.00048,0.00002,-0.99886,0.05209,-0.01280,-0.00730,0.99853,1.00
4245,0.00,0.00,-0.00440,0.01294,0.00774,-0.99988,-0.04603,-0.02779,0.00128,-0.99855,0.05065,0.01451,-0.00829,0.99858,1.00,-0.04608,-0.00064,0.00003,-0.99894,0.05047,-0.01265,-0.00716,0.99862,1.00
4256,0.00,0.00,-0.00442,0.01292,0.00764,-0.99988,-0.04622,-0.02747,0.00127,-0.99855,0.05085,0.01422,-0.00818,0.99857,1.00,-0.04627,-0.00032,0.00001,-0.99893,0.05069,-0.01294,-0.00705,0.99861,1.00
4267,0.00,0.00,-0.00447,0.01290,0.00779,-0.99988,-0.04616,-0.02747,0.00127,-0.99856,0.05085,0.01423,-0.00834,0.99857,1.00,-0.04623,-0.00032,0.00001,-0.99893,0.05069,-0.01293,-0.00720,0.99860,1.00
4278,0.00,0.00,-0.00447,0.01296,0.00778,-0.99988,-0.04916,-0.02743,0.00135,-0.99841,0.05385,0.01411,-0.00836,0.99841,1.00,-0.04924,-0.00027,0.00001,-0.99879,0.05370,-0.01306,-0.00715,0.99845,1.00
4290,0.00,0.00,-0.00435,0.01302,0.00788,-0.99987,-0.04941,-0.02752,0.00136,-0.99840,0.05398,0.01413,-0.00847,0.99841,1.00,-0.04950,-0.00035,0.00002,-0.99877,0.05384,-0.01304,-0.00724,0.99844,1.00
4300,0.00,0.00,-0.00419,0.01308,0.00796,-0.99987,-0.04957,-0.02758,0.00137,-0.99839,0.05398,0.01414,-0.00855,0.99841,1.00,-0.04967,-0.00042,0.00002,-0.99877,0.05385,-0.01304,-0.00732,0.99844,1.00
4312,0.00,0.00,-0.00392,0.01317,0.00803,-0.99987,-0.04956,-0.02832,0.00141,-0.99837,0.05371,0.01478,-0.00866,0.99841,1.00,-0.04967,-0.00116,0.00006,-0.99877,0.05358,-0.01239,-0.00742,0.99846,1.00
4323,0.00,0.00,-0.00369,0.01321,0.00804,-0.99987,-0.04879,-0.03116,0.00152,-0.99832,0.05274,0.01759,-0.00879,0.99841,1.00,-0.04891,-0.00401,0.00020,-0.99880,0.05263,-0.00957,-0.00757,0.99854,1.00
4334,0.00,0.00,-0.00356,0.01323,0.00808,-0.99987,-0.04892,-0.03120,0.00153,-0.99831,0.05274,0.01759,-0.00884,0.99841,1.00,-0.04905,-0.00404,0.00020,-0.99879,0.05263,-0.00957,-0.00761,0.99854,1.00
4346,0.00,0.00,-0.00345,0.01328,0.00805,-0.99987,-0.04821,-0.02830,0.00137,-0.99844,0.05190,0.01465,-0.00866,0.99851,1.00,-0.04831,-0.00115,0.00006,-0.99883,0.05177,-0.01251,-0.00745,0.99855,1.00
4356,0.00,0.00,-0.00341,0.01333,0.00806,-0.99987,-0.04804,-0.02995,0.00144,-0.99840,0.05170,0.01626,-0.00875,0.99849,1.00,-0.04814,-0.00280,0.00013,-0.99884,0.05157,-0.01090,-0.00753,0.99858,1.00
4368,0.00,0.00,-0.00338,0.01335,0.00808,-0.99987,-0.04807,-0.02998,0.00144,-0.99839,0.05170,0.01626,-0.00876,0.99849,1.00,-0.04818,-0.00283,0.00014,-0.99883,0.05157,-0.01090,-0.00755,0.99858,1.00
4378,0.00,0.00,-0.00340,0.01342,0.00813,-0.99987,-0.04773,-0.02922,0.00140,-0.99843,0.05138,0.01543,-0.00877,0.99852,1.00,-0.04784,-0.00207,0.00010,-0.99885,0.05125,-0.01173,-0.00757,0.99859,1.00
4390,0.00,0.00,-0.00347,0.01347,0.00822,-0.99987,-0.04852,-0.02997,0.00146,-0.99837,0.05225,0.01612,-0.00891,0.99846,1.00,-0.04864,-0.00282,0.00014,-0.99881,0.05213,-0.01104,-0.00768,0.99855,1.00
4402,0.00,0.00,-0.00356,0.01351,0.00828,-0.99987,-0.04875,-0.02919,0.00143,-0.99838,0.05256,0.01530,-0.00893,0.99846,1.00,-0.04886,-0.00204,0.00010,-0.99880,0.05243,-0.01187,-0.00770,0.99852,1.00
4414,0.00,0.00,-0.00360,0.01352,0.00836,-0.99987,-0.04871,-0.02921,0.00142,-0.99838,0.05256,0.01530,-0.00901,0.99846,1.00,-0.04883,-0.00205,0.00010,-0.99881,0.05243,-0.01186,-0.00778,0.99852,1.00
4424,0.00,0.00,-0.00367,0.01349,0.00841,-0.99987,-0.04866,-0.03021,0.00147,-0.99836,0.05258,0.01634,-0.00910,0.99844,1.00,-0.04878,-0.00306,0.00015,-0.99881,0.05246,-0.01083,-0.00788,0.99853,1.00
4435,0.00,0.00,-0.00371,0.01340,0.00849,-0.99987,-0.04798,-0.02978,0.00143,-0.99840,0.05194,0.01600,-0.00915,0.99848,1.00,-0.04809,-0.00263,0.00013,-0.99884,0.05182,-0.01116,-0.00795,0.99856,1.00
4445,0.00,0.00,-0.00374,0.01326,0.00853,-0.99987,-0.04794,-0.02964,0.00142,-0.99841,0.05194,0.01600,-0.00919,0.99848,1.00,-0.04806,-0.00249,0.00012,-0.99884,0.05182,-0.01116,-0.00800,0.99856,1.00
4456,0.00,0.00,-0.00374,0.01310,0.00856,-0.99987,-0.04801,-0.02951,0.00142,-0.99841,0.05201,0.01602,-0.00922,0.99848,1.00,-0.04813,-0.00236,0.00011,-0.99884,0.05187,-0.01114,-0.00802,0.99856,1.00
4468,0.00,0.00,-0.00369,0.01286,0.00857,-0.99987,-0.04811,-0.02937,0.00142,-0.99841,0.05206,0.01612,-0.00924,0.99847,1.00,-0.04822,-0.00222,0.00011,-0.99883,0.05192,-0.01104,-0.00803,0.99856,1.00
4479,0.00,0.00,-0.00366,0.01268,0.00862,-0.99988,-0.04814,-0.02919,0.00141,-0.99841,0.05206,0.01612,-0.00929,0.99847,1.00,-0.04825,-0.00204,0.00010,-0.99883,0.05192,-0.01104,-0.00809,0.99856,1.00
4491,0.00,0.00,-0.00359,0.01250,0.00855,-0.99988,-0.04777,-0.02904,0.00139,-0.99844,0.05161,0.01615,-0.00922,0.99849,1.00,-0.04787,-0.00189,0.00009,-0.99885,0.05147,-0.01101,-0.00803,0.99858,1.00
4501,0.00,0.00,-0.00360,0.01247,0.00849,-0.99988,-0.04774,-0.02971,0.00142,-0.99842,0.05160,0.01686,-0.00920,0.99848,1.00,-0.04784,-0.00256,0.00012,-0.99885,0.05145,-0.01030,-0.00800,0.99859,1.00
4512,0.00,0.00,-0.00352,0.01242,0.00847,-0.99988,-0.04782,-0.02966,0.00142,-0.99841,0.05160,0.01685,-0.00918,0.99848,1.00,-0.04792,-0.00251,0.00012,-0.99885,0.05145,-0.01030,-0.00798,0.99859,1.00
4523,0.00,0.00,-0.00351,0.01248,0.00846,-0.99988,-0.04858,-0.02831,0.00138,-0.99842,0.05233,0.01544,-0.00911,0.99847,1.00,-0.04867,-0.00115,0.00006,-0.99881,0.05218,-0.01173,-0.00789,0.99854,1.00
4535,0.00,0.00,-0.00351,0.01259,0.00854,-0.99988,-0.04893,-0.02948,0.00144,-0.99837,0.05270,0.01649,-0.00926,0.99843,1.00,-0.04904,-0.00232,0.00011,-0.99879,0.05256,-0.01067,-0.00802,0.99853,1.00
4547,0.00,0.00,-0.00351,0.01280,0.00866,-0.99987,-0.04893,-0.02970,0.00146,-0.99836,0.05270,0.01650,-0.00937,0.99843,1.00,-0.04904,-0.00254,0.00012,-0.99879,0.05256,-0.01066,-0.00814,0.99853,1.00
4557,0.00,356.41,-0.00341,0.01315,0.00891,-0.99987,-0.04964,-0.03000,0.00149,-0.99832,0.05332,0.01643,-0.00963,0.99840,1.00,-0.04977,-0.00284,0.00014,-0.99876,0.05319,-0.01073,-0.00838,0.99849,1.00
4568,0.00,353.30,-0.00331,0.01342,0.00896,-0.99986,-0.04905,-0.03015,0.00148,-0.99834,0.05264,0.01631,-0.00967,0.99843,1.00,-0.04917,-0.00299,0.00015,-0.99879,0.05250,-0.01085,-0.00842,0.99853,1.00
4579,0.00,349.83,-0.00322,0.01361,0.00904,-0.99986,-0.04914,-0.03035,0.00149,-0.99833,0.05264,0.01632,-0.00975,0.99843,1.00,-0.04927,-0.00319,0.00016,-0.99878,0.05250,-0.01085,-0.00850,0.99853,1.00
4590,0.00,346.61,-0.00300,0.01394,0.00906,-0.99986,-0.04743,-0.03037,0.00144,-0.99841,0.05072,0.01602,-0.00973,0.99854,1.00,-0.04755,-0.00322,0.00015,-0.99886,0.05057,-0.01114,-0.00853,0.99862,1.00
4601,0.00,345.00,-0.00294,0.01409,0.00920,-0.99985,-0.04639,-0.03009,0.00140,-0.99847,0.04962,0.01559,-0.00984,0.99860,1.00,-0.04651,-0.00294,0.00014,-0.99891,0.04947,-0.01156,-0.00866,0.99867,1.00
4613,0.00,345.00,-0.00280,0.01420,0.00930,-0.99985,-0.04653,-0.03021,0.00141,-0.99846,0.04962,0.01560,-0.00995,0.99860,1.00,-0.04665,-0.00306,0.00014,-0.99891,0.04947,-0.01156,-0.00877,0.99867,1.00
4624,0.00,345.00,-0.00284,0.01426,0.00933,-0.99985,-0.04731,-0.02877,0.00136,-0.99846,0.05043,0.01409,-0.00993,0.99858,1.00,-0.04742,-0.00161,0.00008,-0.99887,0.05027,-0.01307,-0.00872,0.99861,1.00
4635,0.00,345.00,-0.00293,0.01418,0.00930,-0.99985,-0.04917,-0.02846,0.00140,-0.99838,0.05237,0.01385,-0.00991,0.99848,1.00,-0.04927,-0.00130,0.00006,-0.99878,0.05221,-0.01332,-0.00865,0.99851,1.00
4646,0.00,345.00,-0.00299,0.01416,0.00921,-0.99985,-0.04911,-0.02844,0.00140,-0.99839,0.05237,0.01385,-0.00981,0.99848,1.00,-0.04921,-0.00128,0.00006,-0.99879,0.05221,-0.01332,-0.00856,0.99851,1.00
4657,0.00,345.00,-0.00310,0.01402,0.00904,-0.99986,-0.04896,-0.02812,0.00138,-0.99840,0.05232,0.01367,-0.00963,0.99849,1.00,-0.04904,-0.00096,0.00005,-0.99880,0.05214,-0.01349,-0.00839,0.99851,1.00
4668,0.00,345.00,-0.00316,0.01376,0.00880,-0.99986,-0.04895,-0.02900,0.00142,-0.99838,0.05237,0.01483,-0.00944,0.99847,1.00,-0.04903,-0.00185,0.00009,-0.99880,0.05220,-0.01233,-0.00820,0.99853,1.00
4679,0.00,345.00,-0.00306,0.01363,0.00873,-0.99986,-0.04905,-0.02887,0.00142,-0.99838,0.05237,0.01483,-0.00937,0.99847,1.00,-0.04913,-0.00171,0.00008,-0.99879,0.05220,-0.01234,-0.00813,0.99853,1.00
4691,0.00,345.00,-0.00295,0.01354,0.00879,-0.99987,-0.04702,-0.02911,0.00137,-0.99847,0.05023,0.01518,-0.00942,0.99858,1.00,-0.04710,-0.00196,0.00009,-0.99889,0.05006,-0.01197,-0.00823,0.99864,1.00
4702,0.00,345.00,-0.00282,0.01346,0.00902,-0.99986,-0.04753,-0.02933,0.00140,-0.99844,0.05062,0.01546,-0.00968,0.99855,1.00,-0.04764,-0.00218,0.00010,-0.99886,0.05047,-0.01169,-0.00847,0.99862,1.00
4713,0.00,345.00,-0.00274,0.01338,0.00939,-0.99986,-0.04759,-0.02929,0.00140,-0.99844,0.05062,0.01548,-0.01005,0.99855,1.00,-0.04772,-0.00214,0.00010,-0.99886,0.05048,-0.01168,-0.00884,0.99862,1.00
4724,0.00,345.00,-0.00275,0.01339,0.00976,-0.99986,-0.04709,-0.02948,0.00139,-0.99845,0.05013,0.01566,-0.01042,0.99857,1.00,-0.04723,-0.00233,0.00011,-0.99888,0.05000,-0.01150,-0.00922,0.99864,1.00
4735,0.00,345.00,-0.00281,0.01342,0.01004,-0.99986,-0.04701,-0.02955,0.00139,-0.99846,0.05013,0.01567,-0.01070,0.99856,1.00,-0.04718,-0.00240,0.00011,-0.99888,0.05000,-0.01149,-0.00950,0.99864,1.00
4747,0.00,345.00,-0.00292,0.01342,0.01027,-0.99985,-0.04722,-0.02966,0.00140,-0.99844,0.05045,0.01578,-0.01094,0.99854,1.00,-0.04738,-0.00251,0.00012,-0.99887,0.05032,-0.01138,-0.00974,0.99862,1.00
4758,0.00,345.00,-0.00306,0.01334,0.01043,-0.99985,-0.04461,-0.02848,0.00127,-0.99860,0.04797,0.01470,-0.01101,0.99868,1.00,-0.04475,-0.00134,0.00006,-0.99900,0.04782,-0.01245,-0.00988,0.99873,1.00
4769,0.00,345.00,-0.00325,0.01329,0.01051,-0.99985,-0.04799,-0.02528,0.00122,-0.99853,0.05151,0.01151,-0.01099,0.99855,1.00,-0.04811,0.00188,-0.00009,-0.99884,0.05132,-0.01566,-0.00978,0.99851,1.00
4781,0.00,345.00,-0.00330,0.01329,0.01053,-0.99985,-0.04793,-0.02529,0.00121,-0.99853,0.05151,0.01151,-0.01101,0.99855,1.00,-0.04805,0.00187,-0.00009,-0.99884,0.05132,-0.01565,-0.00980,0.99851,1.00
4791,0.00,345.00,-0.00338,0.01343,0.01056,-0.99985,-0.05427,0.02096,-0.00114,-0.99831,0.05740,-0.03494,-0.00874,0.99770,1.00,-0.05404,0.04807,-0.00260,-0.99738,0.05686,-0.06204,-0.00736,0.99643,1.00
4802,0.00,345.00,-0.00349,0.01362,0.01065,-0.99984,-0.05436,0.07139,-0.00390,-0.99596,0.05702,-0.08554,-0.00622,0.99468,1.00,-0.05376,0.09810,-0.00531,-0.99371,0.05610,-0.11221,-0.00489,0.99209,1.00
4813,0.00,345.00,-0.00359,0.01383,0.01079,-0.99984,-0.05429,0.07117,-0.00388,-0.99598,0.05703,-0.08553,-0.00637,0.99468,1.00,-0.05369,0.09788,-0.00529,-0.99373,0.05612,-0.11221,-0.00504,0.99209,1.00
4824,0.00,345.00,-0.00371,0.01415,0.01098,-0.99983,-0.05026,0.09232,-0.00467,-0.99445,0.05286,-0.10694,-0.00589,0.99284,1.00,-0.04958,0.11874,-0.00594,-0.99167,0.05186,-0.13331,-0.00470,0.98971,1.00
4835,0.00,345.00,-0.00386,0.01441,0.01099,-0.99983,-0.05025,0.09232,-0.00467,-0.99445,0.05300,-0.10721,-0.00590,0.99281,1.00,-0.04956,0.11874,-0.00593,-0.99167,0.05199,-0.13358,-0.00471,0.98966,1.00
4846,0.00,345.00,-0.00401,0.01468,0.01093,-0.99982,-0.05010,0.09206,-0.00464,-0.99448,0.05300,-0.10721,-0.00587,0.99281,1.00,-0.04940,0.11848,-0.00590,-0.99171,0.05199,-0.13358,-0.00469,0.98966,1.00
4858,0.00,345.00,-0.00409,0.01485,0.01086,-0.99982,-0.04865,0.09224,-0.00451,-0.99454,0.05164,-0.10754,-0.00594,0.99284,1.00,-0.04796,0.11865,-0.00574,-0.99176,0.05064,-0.13390,-0.00481,0.98969,1.00
4868,0.00,345.00,-0.00418,0.01499,0.01076,-0.99982,-0.04873,0.09157,-0.00449,-0.99460,0.05182,-0.10701,-0.00587,0.99289,1.00,-0.04804,0.11799,-0.00571,-0.99184,0.05082,-0.13338,-0.00473,0.98975,1.00
4880,0.00,345.00,-0.00421,0.01501,0.01068,-0.99982,-0.04869,0.09156,-0.00448,-0.99460,0.05182,-0.10701,-0.00579,0.99289,1.00,-0.04799,0.11799,-0.00571,-0.99184,0.05081,-0.13338,-0.00466,0.98975,1.00
4891,0.00,345.00,-0.00422,0.01517,0.01045,-0.99982,-0.04878,0.09173,-0.00450,-0.99458,0.05194,-0.10733,-0.00555,0.99285,1.00,-0.04808,0.11816,-0.00573,-0.99181,0.05093,-0.13371,-0.00441,0.98970,1.00
4902,0.00,345.00,-0.00408,0.01521,0.01030,-0.99982,-0.05154,0.09186,-0.00476,-0.99443,0.05457,-0.10753,-0.00508,0.99269,1.00,-0.05079,0.11830,-0.00606,-0.99166,0.05352,-0.13391,-0.00387,0.98954,1.00
4914,0.00,345.00,-0.00402,0.01528,0.01020,-0.99982,-0.05158,0.09181,-0.00476,-0.99443,0.05456,-0.10753,-0.00497,0.99269,1.00,-0.05083,0.11825,-0.00606,-0.99166,0.05350,-0.13392,-0.00376,0.98954,1.00
4925,0.00,345.00,-0.00392,0.01530,0.01026,-0.99982,-0.05177,0.09201,-0.00479,-0.99440,0.05464,-0.10776,-0.00498,0.99266,1.00,-0.05102,0.11844,-0.00609,-0.99163,0.05359,-0.13414,-0.00376,0.98951,1.00
4935,0.00,345.00,-0.00385,0.01529,0.01033,-0.99982,-0.05185,0.09179,-0.00479,-0.99442,0.05465,-0.10753,-0.00505,0.99269,1.00,-0.05112,0.11823,-0.00609,-0.99165,0.05361,-0.13392,-0.00383,0.98953,1.00
4947,0.00,345.00,-0.00371,0.01523,0.01048,-0.99982,-0.05202,0.09183,-0.00480,-0.99440,0.05466,-0.10752,-0.00517,0.99269,1.00,-0.05129,0.11827,-0.00612,-0.99164,0.05363,-0.13391,-0.00393,0.98953,1.00
4958,0.00,345.00,-0.00362,0.01519,0.01057,-0.99982,-0.05112,0.09175,-0.00472,-0.99446,0.05367,-0.10740,-0.00535,0.99275,1.00,-0.05041,0.11819,-0.00601,-0.99169,0.05265,-0.13379,-0.00414,0.98960,1.00
4969,0.00,345.00,-0.00356,0.01516,0.01060,-0.99982,-0.05090,0.09179,-0.00470,-0.99447,0.05339,-0.10741,-0.00539,0.99277,1.00,-0.05020,0.11823,-0.00598,-0.99170,0.05237,-0.13380,-0.00418,0.98962,1.00
4981,0.00,345.00,-0.00350,0.01507,0.01060,-0.99982,-0.05096,0.09188,-0.00471,-0.99445,0.05339,-0.10741,-0.00539,0.99277,1.00,-0.05026,0.11832,-0.00600,-0.99169,0.05237,-0.13380,-0.00418,0.98962,1.00
4991,0.00,345.00,-0.00349,0.01499,0.01064,-0.99982,-0.05082,0.09167,-0.00468,-0.99448,0.05324,-0.10712,-0.00546,0.99281,1.00,-0.05011,0.11811,-0.00597,-0.99172,0.05223,-0.13351,-0.00424,0.98966,1.00
5002,0.00,345.00,-0.00351,0.01492,0.01065,-0.99983,-0.05068,0.09363,-0.00477,-0.99430,0.05309,-0.10901,-0.00539,0.99261,1.00,-0.04996,0.12005,-0.00605,-0.99149,0.05207,-0.13537,-0.00419,0.98942,1.00
5014,0.00,345.00,-0.00354,0.01481,0.01072,-0.99983,-0.05067,0.09374,-0.00478,-0.99430,0.05310,-0.10900,-0.00547,0.99261,1.00,-0.04995,0.12015,-0.00605,-0.99148,0.05208,-0.13536,-0.00426,0.98942,1.00
5025,0.00,345.00,-0.00352,0.01470,0.01080,-0.99983,-0.05026,0.09181,-0.00464,-0.99450,0.05270,-0.10697,-0.00568,0.99285,1.00,-0.04957,0.11825,-0.00591,-0.99173,0.05169,-0.13336,-0.00449,0.98971,1.00
5036,0.00,345.00,-0.00356,0.01462,0.01085,-0.99983,-0.04887,0.09398,-0.00462,-0.99436,0.05132,-0.10905,-0.00579,0.99269,1.00,-0.04818,0.12038,-0.00585,-0.99154,0.05032,-0.13540,-0.00464,0.98950,1.00
5047,0.00,345.00,-0.00359,0.01453,0.01092,-0.99983,-0.04886,0.09407,-0.00462,-0.99436,0.05132,-0.10905,-0.00586,0.99269,1.00,-0.04818,0.12047,-0.00585,-0.99153,0.05033,-0.13540,-0.00471,0.98950,1.00
5058,0.00,345.00,-0.00360,0.01446,0.01094,-0.99983,-0.05015,0.09401,-0.00474,-0.99430,0.05262,-0.10893,-0.00575,0.99264,1.00,-0.04944,0.12042,-0.00600,-0.99147,0.05160,-0.13529,-0.00456,0.98945,1.00
5069,0.00,345.00,-0.00361,0.01439,0.01097,-0.99983,-0.05079,0.09644,-0.00493,-0.99403,0.05324,-0.11131,-0.00559,0.99234,1.00,-0.05005,0.12281,-0.00620,-0.99115,0.05219,-0.13763,-0.00439,0.98910,1.00
5081,0.00,345.00,-0.00360,0.01434,0.01097,-0.99983,-0.05079,0.09649,-0.00493,-0.99402,0.05324,-0.11131,-0.00559,0.99234,1.00,-0.05006,0.12286,-0.00621,-0.99114,0.05219,-0.13763,-0.00439,0.98910,1.00
5092,0.00,345.00,-0.00354,0.01428,0.01099,-0.99983,-0.05085,0.09719,-0.00497,-0.99395,0.05322,-0.11195,-0.00557,0.99227,1.00,-0.05011,0.12355,-0.00625,-0.99105,0.05216,-0.13826,-0.00437,0.98901,1.00
5102,0.00,345.00,-0.00344,0.01423,0.01100,-0.99983,-0.05095,0.09716,-0.00498,-0.99395,0.05321,-0.11187,-0.00556,0.99228,1.00,-0.05020,0.12353,-0.00626,-0.99105,0.05215,-0.13818,-0.00436,0.98902,1.00
5114,0.00,345.00,-0.00335,0.01420,0.01099,-0.99983,-0.05103,0.09720,-0.00499,-0.99394,0.05321,-0.11187,-0.00553,0.99228,1.00,-0.05028,0.12356,-0.00627,-0.99104,0.05215,-0.13818,-0.00432,0.98902,1.00
5125,0.00,345.00,-0.00326,0.01418,0.01103,-0.99983,-0.05017,0.09854,-0.00497,-0.99386,0.05225,-0.11319,-0.00560,0.99218,1.00,-0.04943,0.12488,-0.00623,-0.99092,0.05119,-0.13948,-0.00441,0.98889,1.00
5136,0.00,345.00,-0.00322,0.01418,0.01105,-0.99983,-0.05021,0.09855,-0.00498,-0.99385,0.05225,-0.11319,-0.00561,0.99218,1.00,-0.04947,0.12489,-0.00623,-0.99092,0.05119,-0.13948,-0.00442,0.98889,1.00
5147,0.00,345.00,-0.00321,0.01414,0.01108,-0.99983,-0.05049,0.09733,-0.00494,-0.99396,0.05252,-0.11194,-0.00566,0.99231,1.00,-0.04975,0.12369,-0.00621,-0.99105,0.05147,-0.13825,-0.00446,0.98905,1.00
5158,0.00,345.00,-0.00324,0.01409,0.01109,-0.99983,-0.04794,0.09852,-0.00475,-0.99397,0.04999,-0.11305,-0.00592,0.99231,1.00,-0.04723,0.12485,-0.00595,-0.99103,0.04897,-0.13933,-0.00478,0.98902,1.00
5169,0.00,345.00,-0.00325,0.01404,0.01112,-0.99983,-0.04794,0.09856,-0.00475,-0.99396,0.05000,-0.11305,-0.00594,0.99231,1.00,-0.04723,0.12489,-0.00595,-0.99103,0.04897,-0.13933,-0.00481,0.98902,1.00
5181,0.00,345.00,-0.00326,0.01401,0.01112,-0.99983,-0.04939,0.09733,-0.00484,-0.99401,0.05148,-0.11181,-0.00584,0.99238,1.00,-0.04867,0.12368,-0.00607,-0.99111,0.05043,-0.13811,-0.00467,0.98912,1.00
5191,0.00,345.00,-0.00320,0.01394,0.01107,-0.99984,-0.04776,0.09811,-0.00471,-0.99402,0.04978,-0.11249,-0.00594,0.99239,1.00,-0.04705,0.12445,-0.00591,-0.99109,0.04876,-0.13878,-0.00480,0.98911,1.00
5202,0.00,345.00,-0.00306,0.01386,0.01101,-0.99984,-0.04725,0.09813,-0.00466,-0.99404,0.04914,-0.11243,-0.00593,0.99243,1.00,-0.04655,0.12446,-0.00585,-0.99111,0.04812,-0.13871,-0.00481,0.98915,1.00
5214,0.00,345.00,-0.00292,0.01378,0.01096,-0.99984,-0.04737,0.09822,-0.00468,-0.99403,0.04913,-0.11243,-0.00585,0.99243,1.00,-0.04667,0.12455,-0.00586,-0.99110,0.04811,-0.13871,-0.00472,0.98915,1.00
5225,0.00,345.00,-0.00272,0.01372,0.01084,-0.99984,-0.04750,0.09824,-0.00469,-0.99402,0.04907,-0.11240,-0.00570,0.99243,1.00,-0.04678,0.12457,-0.00588,-0.99109,0.04804,-0.13868,-0.00456,0.98916,1.00
5236,0.00,345.00,-0.00260,0.01373,0.01082,-0.99984,-0.04949,0.09850,-0.00491,-0.99389,0.05093,-0.11268,-0.00543,0.99231,1.00,-0.04875,0.12484,-0.00614,-0.99096,0.04988,-0.13897,-0.00424,0.98903,1.00
5248,0.00,345.00,-0.00243,0.01375,0.01073,-0.99985,-0.04964,0.09850,-0.00492,-0.99389,0.05092,-0.11269,-0.00530,0.99231,1.00,-0.04888,0.12483,-0.00616,-0.99095,0.04986,-0.13898,-0.00411,0.98903,1.00
5259,0.00,345.00,-0.00233,0.01376,0.01072,-0.99985,-0.04957,0.09839,-0.00491,-0.99390,0.05076,-0.11260,-0.00530,0.99233,1.00,-0.04882,0.12473,-0.00615,-0.99097,0.04970,-0.13888,-0.00410,0.98905,1.00
5269,0.00,345.00,-0.00216,0.01380,0.01071,-0.99985,-0.04956,0.09842,-0.00491,-0.99390,0.05058,-0.11267,-0.00527,0.99233,1.00,-0.04882,0.12476,-0.00615,-0.99097,0.04953,-0.13895,-0.00407,0.98905,1.00
5281,0.00,345.00,-0.00214,0.01378,0.01075,-0.99985,-0.04960,0.09844,-0.00491,-0.99389,0.05059,-0.11267,-0.00530,0.99233,1.00,-0.04885,0.12477,-0.00615,-0.99096,0.04954,-0.13895,-0.00409,0.98905,1.00
5291,0.00,345.00,-0.00209,0.01387,0.01070,-0.99984,-0.04832,0.09869,-0.00480,-0.99393,0.04926,-0.11299,-0.00537,0.99236,1.00,-0.04760,0.12502,-0.00600,-0.99099,0.04823,-0.13926,-0.00420,0.98907,1.00
5302,0.00,345.00,-0.00218,0.01395,0.01061,-0.99984,-0.04763,0.09863,-0.00473,-0.99397,0.04867,-0.11300,-0.00537,0.99239,1.00,-0.04691,0.12495,-0.00591,-0.99104,0.04765,-0.13927,-0.00422,0.98910,1.00
5314,0.00,345.00,-0.00228,0.01404,0.01047,-0.99984,-0.04750,0.09855,-0.00471,-0.99399,0.04866,-0.11300,-0.00526,0.99239,1.00,-0.04677,0.12487,-0.00589,-0.99105,0.04764,-0.13928,-0.00411,0.98910,1.00
5326,0.00,345.00,-0.00240,0.01421,0.01022,-0.99984,-0.04728,0.09846,-0.00468,-0.99401,0.04859,-0.11306,-0.00504,0.99239,1.00,-0.04655,0.12478,-0.00586,-0.99107,0.04757,-0.13934,-0.00391,0.98909,1.00
5336,0.00,345.00,-0.00236,0.01435,0.01009,-0.99984,-0.04791,0.09762,-0.00471,-0.99406,0.04920,-0.11237,-0.00487,0.99244,1.00,-0.04718,0.12396,-0.00590,-0.99115,0.04817,-0.13865,-0.00372,0.98916,1.00
5348,0.00,345.00,-0.00221,0.01449,0.00997,-0.99984,-0.04803,0.09749,-0.00471,-0.99407,0.04918,-0.11237,-0.00472,0.99244,1.00,-0.04729,0.12383,-0.00591,-0.99116,0.04815,-0.13866,-0.00356,0.98916,1.00
5359,0.00,345.00,-0.00199,0.01464,0.01003,-0.99984,-0.04953,0.09672,-0.00482,-0.99407,0.05046,-0.11176,-0.00462,0.99244,1.00,-0.04878,0.12307,-0.00606,-0.99118,0.04942,-0.13807,-0.00342,0.98918,1.00
5369,0.00,345.00,-0.00187,0.01479,0.01015,-0.99984,-0.04965,0.09672,-0.00483,-0.99406,0.05045,-0.11192,-0.00470,0.99242,1.00,-0.04892,0.12307,-0.00607,-0.99117,0.04943,-0.13822,-0.00349,0.98916,1.00
5381,0.00,345.00,-0.00184,0.01488,0.01038,-0.99983,-0.04973,0.09661,-0.00483,-0.99407,0.05048,-0.11191,-0.00492,0.99242,1.00,-0.04900,0.12297,-0.00608,-0.99118,0.04946,-0.13821,-0.00371,0.98916,1.00
5392,0.00,345.00,-0.00190,0.01497,0.01055,-0.99983,-0.05040,0.09669,-0.00490,-0.99403,0.05119,-0.11209,-0.00501,0.99237,1.00,-0.04968,0.12304,-0.00617,-0.99114,0.05017,-0.13840,-0.00378,0.98910,1.00
5402,0.00,345.00,-0.00204,0.01502,0.01062,-0.99983,-0.04909,0.09981,-0.00493,-0.99378,0.04997,-0.11526,-0.00509,0.99207,1.00,-0.04837,0.12612,-0.00616,-0.99082,0.04894,-0.14151,-0.00390,0.98872,1.00
5415,0.00,345.00,-0.00224,0.01501,0.01061,-0.99983,-0.04888,0.09983,-0.00491,-0.99379,0.04997,-0.11525,-0.00513,0.99207,1.00,-0.04817,0.12613,-0.00613,-0.99082,0.04895,-0.14151,-0.00394,0.98872,1.00
5425,0.00,345.00,-0.00249,0.01494,0.01048,-0.99983,-0.04873,0.09749,-0.00478,-0.99403,0.05011,-0.11284,-0.00515,0.99234,1.00,-0.04802,0.12383,-0.00600,-0.99112,0.04909,-0.13913,-0.00398,0.98905,1.00
5436,0.00,345.00,-0.00268,0.01482,0.01043,-0.99983,-0.04862,0.09770,-0.00478,-0.99402,0.05018,-0.11294,-0.00513,0.99232,1.00,-0.04790,0.12404,-0.00600,-0.99110,0.04916,-0.13923,-0.00397,0.98903,1.00
5449,0.00,345.00,-0.00296,0.01470,0.01038,-0.99983,-0.04834,0.09783,-0.00476,-0.99402,0.05018,-0.11294,-0.00515,0.99232,1.00,-0.04762,0.12417,-0.00597,-0.99110,0.04917,-0.13923,-0.00399,0.98903,1.00
5460,0.00,345.00,-0.00318,0.01449,0.01036,-0.99984,-0.04833,0.09539,-0.00464,-0.99426,0.05043,-0.11030,-0.00527,0.99260,1.00,-0.04763,0.12177,-0.00585,-0.99140,0.04942,-0.13663,-0.00412,0.98938,1.00
5470,0.00,345.00,-0.00342,0.01440,0.01024,-0.99984,-0.04730,0.09541,-0.00454,-0.99430,0.04965,-0.11021,-0.00529,0.99265,1.00,-0.04661,0.12178,-0.00572,-0.99145,0.04866,-0.13654,-0.00417,0.98943,1.00
5481,0.00,345.00,-0.00361,0.01433,0.01017,-0.99984,-0.04711,0.09548,-0.00452,-0.99431,0.04965,-0.11021,-0.00526,0.99265,1.00,-0.04641,0.12186,-0.00570,-0.99145,0.04866,-0.13654,-0.00415,0.98943,1.00
5492,0.00,345.00,-0.00384,0.01427,0.01006,-0.99984,-0.04716,0.10054,-0.00477,-0.99380,0.04989,-0.11520,-0.00494,0.99208,1.00,-0.04643,0.12683,-0.00594,-0.99082,0.04887,-0.14145,-0.00385,0.98873,1.00
5503,0.00,345.00,-0.00402,0.01430,0.00991,-0.99984,-0.04815,0.10036,-0.00486,-0.99377,0.05108,-0.11505,-0.00470,0.99203,1.00,-0.04741,0.12666,-0.00606,-0.99079,0.05004,-0.14130,-0.00359,0.98869,1.00
5515,0.00,345.00,-0.00410,0.01437,0.00974,-0.99984,-0.04804,0.10030,-0.00485,-0.99378,0.05106,-0.11506,-0.00455,0.99204,1.00,-0.04728,0.12661,-0.00604,-0.99081,0.05002,-0.14131,-0.00345,0.98870,1.00
5526,0.00,345.00,-0.00417,0.01448,0.00964,-0.99984,-0.04828,0.10005,-0.00486,-0.99380,0.05138,-0.11491,-0.00444,0.99204,1.00,-0.04752,0.12635,-0.00606,-0.99083,0.05034,-0.14117,-0.00333,0.98870,1.00
5537,0.00,345.00,-0.00422,0.01460,0.00965,-0.99984,-0.04823,0.09993,-0.00485,-0.99381,0.05139,-0.11491,-0.00446,0.99204,1.00,-0.04748,0.12623,-0.00605,-0.99085,0.05035,-0.14117,-0.00335,0.98870,1.00
5549,0.00,345.00,-0.00437,0.01475,0.00961,-0.99984,-0.04846,0.09961,-0.00486,-0.99383,0.05176,-0.11474,-0.00441,0.99204,1.00,-0.04771,0.12592,-0.00606,-0.99087,0.05073,-0.14100,-0.00330,0.98870,1.00
5559,0.00,345.00,-0.00451,0.01495,0.00951,-0.99983,-0.04804,0.09958,-0.00481,-0.99386,0.05149,-0.11490,-0.00437,0.99203,1.00,-0.04730,0.12589,-0.00601,-0.99090,0.05047,-0.14115,-0.00327,0.98869,1.00
5570,0.00,345.00,-0.00465,0.01517,0.00930,-0.99983,-0.04806,0.10043,-0.00486,-0.99377,0.05167,-0.11595,-0.00413,0.99190,1.00,-0.04731,0.12672,-0.00605,-0.99079,0.05064,-0.14219,-0.00304,0.98854,1.00
5582,0.00,345.00,-0.00478,0.01543,0.00907,-0.99983,-0.04789,0.10018,-0.00483,-0.99380,0.05164,-0.11596,-0.00393,0.99190,1.00,-0.04713,0.12647,-0.00602,-0.99083,0.05061,-0.14220,-0.00285,0.98854,1.00
5593,0.00,345.00,-0.00482,0.01575,0.00886,-0.99983,-0.04763,0.10033,-0.00481,-0.99380,0.05145,-0.11641,-0.00373,0.99186,1.00,-0.04687,0.12662,-0.00599,-0.99083,0.05043,-0.14264,-0.00266,0.98849,1.00
5604,0.00,345.00,-0.00486,0.01606,0.00882,-0.99982,-0.04690,0.10024,-0.00473,-0.99385,0.05076,-0.11662,-0.00377,0.99187,1.00,-0.04616,0.12652,-0.00589,-0.99087,0.04975,-0.14285,-0.00272,0.98849,1.00
5616,0.00,345.00,-0.00482,0.01635,0.00879,-0.99982,-0.04693,0.09995,-0.00472,-0.99387,0.05075,-0.11662,-0.00373,0.99187,1.00,-0.04619,0.12624,-0.00588,-0.99091,0.04975,-0.14285,-0.00268,0.98849,1.00
5626,0.00,345.00,-0.00478,0.01663,0.00886,-0.99981,-0.04716,0.09846,-0.00467,-0.99401,0.05095,-0.11541,-0.00382,0.99200,1.00,-0.04644,0.12477,-0.00585,-0.99108,0.04996,-0.14167,-0.00276,0.98865,1.00
5637,0.00,345.00,-0.00466,0.01686,0.00878,-0.99981,-0.04674,0.09682,-0.00455,-0.99419,0.05043,-0.11399,-0.00385,0.99219,1.00,-0.04604,0.12315,-0.00572,-0.99130,0.04947,-0.14027,-0.00279,0.98887,1.00
5649,0.00,345.00,-0.00464,0.01700,0.00867,-0.99981,-0.04673,0.09668,-0.00454,-0.99421,0.05042,-0.11400,-0.00373,0.99219,1.00,-0.04603,0.12302,-0.00571,-0.99132,0.04945,-0.14028,-0.00267,0.98887,1.00
5659,0.00,345.00,-0.00455,0.01715,0.00858,-0.99981,-0.04744,0.09629,-0.00460,-0.99421,0.05106,-0.11376,-0.00356,0.99219,1.00,-0.04673,0.12264,-0.00578,-0.99133,0.05008,-0.14005,-0.00248,0.98887,1.00
5670,0.00,345.00,-0.00448,0.01716,0.00840,-0.99981,-0.04727,0.09646,-0.00459,-0.99420,0.05083,-0.11392,-0.00338,0.99218,1.00,-0.04655,0.12281,-0.00577,-0.99132,0.04986,-0.14021,-0.00231,0.98886,1.00
5682,0.00,345.00,-0.00451,0.01714,0.00828,-0.99981,-0.04722,0.09650,-0.00458,-0.99420,0.05082,-0.11393,-0.00328,0.99218,1.00,-0.04650,0.12284,-0.00576,-0.99132,0.04984,-0.14022,-0.00221,0.98886,1.00
5693,0.00,345.00,-0.00446,0.01709,0.00821,-0.99981,-0.04723,0.09682,-0.00460,-0.99417,0.05078,-0.11419,-0.00318,0.99216,1.00,-0.04651,0.12316,-0.00578,-0.99128,0.04981,-0.14049,-0.00211,0.98883,1.00
5705,0.00,345.00,-0.00443,0.01705,0.00820,-0.99981,-0.04597,0.09810,-0.00454,-0.99410,0.04948,-0.11543,-0.00326,0.99208,1.00,-0.04528,0.12442,-0.00568,-0.99118,0.04854,-0.14170,-0.00222,0.98872,1.00
5716,0.00,345.00,-0.00443,0.01699,0.00818,-0.99981,-0.04597,0.09816,-0.00454,-0.99410,0.04948,-0.11543,-0.00324,0.99208,1.00,-0.04527,0.12449,-0.00569,-0.99117,0.04854,-0.14170,-0.00220,0.98872,1.00
5726,0.00,345.00,-0.00445,0.01686,0.00820,-0.99981,-0.04593,0.09831,-0.00454,-0.99409,0.04946,-0.11545,-0.00328,0.99208,1.00,-0.04524,0.12463,-0.00569,-0.99116,0.04852,-0.14172,-0.00223,0.98871,1.00
5738,0.00,345.00,-0.00451,0.01673,0.00823,-0.99982,-0.04677,0.09675,-0.00455,-0.99420,0.05038,-0.11377,-0.00328,0.99222,1.00,-0.04609,0.12310,-0.00572,-0.99131,0.04944,-0.14007,-0.00222,0.98890,1.00
5749,0.00,345.00,-0.00454,0.01658,0.00825,-0.99982,-0.04675,0.09689,-0.00456,-0.99419,0.05038,-0.11377,-0.00331,0.99222,1.00,-0.04606,0.12324,-0.00573,-0.99129,0.04944,-0.14007,-0.00225,0.98890,1.00
5760,0.00,345.00,-0.00456,0.01649,0.00824,-0.99982,-0.04779,0.09566,-0.00460,-0.99426,0.05145,-0.11245,-0.00325,0.99232,1.00,-0.04710,0.12203,-0.00580,-0.99139,0.05051,-0.13877,-0.00216,0.98903,1.00
5771,0.00,345.00,-0.00457,0.01638,0.00825,-0.99982,-0.04780,0.09686,-0.00466,-0.99414,0.05146,-0.11354,-0.00321,0.99220,1.00,-0.04710,0.12321,-0.00585,-0.99124,0.05051,-0.13984,-0.00212,0.98888,1.00
5782,0.00,345.00,-0.00459,0.01628,0.00826,-0.99982,-0.04778,0.09696,-0.00466,-0.99413,0.05146,-0.11354,-0.00321,0.99219,1.00,-0.04708,0.12331,-0.00586,-0.99123,0.05051,-0.13984,-0.00213,0.98888,1.00
5793,0.00,345.00,-0.00452,0.01619,0.00831,-0.99982,-0.04848,0.09718,-0.00474,-0.99407,0.05208,-0.11368,-0.00318,0.99215,1.00,-0.04777,0.12353,-0.00595,-0.99117,0.05112,-0.13998,-0.00207,0.98883,1.00
5805,0.00,345.00,-0.00446,0.01613,0.00837,-0.99983,-0.04852,0.09965,-0.00486,-0.99383,0.05203,-0.11609,-0.00312,0.99187,1.00,-0.04780,0.12596,-0.00608,-0.99086,0.05105,-0.14235,-0.00201,0.98850,1.00
5816,0.00,345.00,-0.00434,0.01606,0.00843,-0.99983,-0.04865,0.09971,-0.00488,-0.99382,0.05203,-0.11608,-0.00315,0.99187,1.00,-0.04793,0.12602,-0.00610,-0.99085,0.05106,-0.14235,-0.00203,0.98850,1.00
5826,0.00,345.00,-0.00423,0.01602,0.00848,-0.99983,-0.04783,0.09714,-0.00467,-0.99411,0.05113,-0.11348,-0.00341,0.99222,1.00,-0.04714,0.12349,-0.00587,-0.99121,0.05018,-0.13978,-0.00230,0.98891,1.00
5838,0.00,345.00,-0.00407,0.01600,0.00849,-0.99983,-0.04788,0.09754,-0.00470,-0.99407,0.05102,-0.11385,-0.00337,0.99218,1.00,-0.04718,0.12388,-0.00590,-0.99116,0.05006,-0.14014,-0.00226,0.98886,1.00
5849,0.00,345.00,-0.00393,0.01596,0.00852,-0.99983,-0.04802,0.09758,-0.00471,-0.99406,0.05102,-0.11385,-0.00338,0.99218,1.00,-0.04732,0.12392,-0.00592,-0.99115,0.05006,-0.14014,-0.00226,0.98886,1.00
5860,0.00,345.00,-0.00387,0.01597,0.00849,-0.99983,-0.04967,0.09746,-0.00487,-0.99399,0.05260,-0.11376,-0.00315,0.99211,1.00,-0.04894,0.12382,-0.00611,-0.99108,0.05161,-0.14006,-0.00200,0.98879,1.00
5871,0.00,345.00,-0.00385,0.01600,0.00843,-0.99983,-0.04949,0.09894,-0.00493,-0.99385,0.05239,-0.11526,-0.00304,0.99195,1.00,-0.04875,0.12527,-0.00616,-0.99091,0.05140,-0.14154,-0.00189,0.98860,1.00
5882,0.00,345.00,-0.00387,0.01607,0.00837,-0.99983,-0.04946,0.09888,-0.00492,-0.99386,0.05239,-0.11527,-0.00298,0.99195,1.00,-0.04871,0.12520,-0.00615,-0.99092,0.05139,-0.14154,-0.00184,0.98860,1.00
5894,0.00,345.00,-0.00395,0.01619,0.00828,-0.99983,-0.04754,0.09972,-0.00477,-0.99387,0.05056,-0.11620,-0.00308,0.99193,1.00,-0.04681,0.12602,-0.00595,-0.99090,0.04958,-0.14245,-0.00199,0.98856,1.00
5905,0.00,345.00,-0.00400,0.01634,0.00821,-0.99982,-0.04701,0.09864,-0.00466,-0.99400,0.05009,-0.11527,-0.00312,0.99207,1.00,-0.04630,0.12496,-0.00584,-0.99106,0.04913,-0.14153,-0.00204,0.98871,1.00
5916,0.00,345.00,-0.00412,0.01649,0.00814,-0.99982,-0.04688,0.09850,-0.00465,-0.99402,0.05009,-0.11527,-0.00307,0.99207,1.00,-0.04617,0.12481,-0.00581,-0.99109,0.04913,-0.14154,-0.00200,0.98871,1.00
5927,0.00,345.00,-0.00418,0.01665,0.00814,-0.99982,-0.04725,0.09982,-0.00475,-0.99387,0.05051,-0.11676,-0.00298,0.99187,1.00,-0.04653,0.12612,-0.00592,-0.99091,0.04954,-0.14300,-0.00190,0.98848,1.00
5938,0.00,345.00,-0.00422,0.01671,0.00810,-0.99982,-0.04739,0.09990,-0.00476,-0.99386,0.05069,-0.11690,-0.00292,0.99185,1.00,-0.04667,0.12620,-0.00594,-0.99089,0.04972,-0.14314,-0.00184,0.98845,1.00
5949,0.00,345.00,-0.00422,0.01679,0.00810,-0.99982,-0.04739,0.09982,-0.00476,-0.99386,0.05069,-0.11690,-0.00292,0.99185,1.00,-0.04666,0.12612,-0.00594,-0.99090,0.04972,-0.14314,-0.00184,0.98845,1.00
5961,0.00,345.00,-0.00423,0.01684,0.00807,-0.99982,-0.04811,0.09992,-0.00484,-0.99382,0.05141,-0.11705,-0.00280,0.99179,1.00,-0.04737,0.12623,-0.00604,-0.99085,0.05043,-0.14330,-0.00170,0.98839,1.00
5972,0.00,345.00,-0.00422,0.01687,0.00803,-0.99982,-0.04754,0.09618,-0.00460,-0.99422,0.05088,-0.11333,-0.00299,0.99225,1.00,-0.04684,0.12254,-0.00579,-0.99134,0.04993,-0.13964,-0.00190,0.98894,1.00
5982,0.00,345.00,-0.00422,0.01688,0.00790,-0.99982,-0.04751,0.09618,-0.00460,-0.99422,0.05086,-0.11334,-0.00286,0.99225,1.00,-0.04681,0.12254,-0.00579,-0.99134,0.04992,-0.13964,-0.00178,0.98894,1.00
5994,0.00,345.00,-0.00423,0.01688,0.00781,-0.99982,-0.04697,0.09629,-0.00455,-0.99423,0.05034,-0.11344,-0.00283,0.99226,1.00,-0.04627,0.12264,-0.00572,-0.99136,0.04940,-0.13974,-0.00175,0.98895,1.00
6005,0.00,345.00,-0.00425,0.01689,0.00769,-0.99982,-0.04693,0.09796,-0.00462,-0.99407,0.05032,-0.11512,-0.00265,0.99207,1.00,-0.04622,0.12429,-0.00580,-0.99115,0.04937,-0.14139,-0.00158,0.98872,1.00
6016,0.00,345.00,-0.00423,0.01691,0.00750,-0.99982,-0.04691,0.09796,-0.00462,-0.99407,0.05030,-0.11513,-0.00246,0.99207,1.00,-0.04619,0.12429,-0.00579,-0.99115,0.04935,-0.14140,-0.00139,0.98872,1.00
6027,0.00,345.00,-0.00409,0.01706,0.00736,-0.99982,-0.04793,0.09786,-0.00472,-0.99403,0.05119,-0.11517,-0.00218,0.99202,1.00,-0.04719,0.12420,-0.00591,-0.99112,0.05022,-0.14145,-0.00108,0.98867,1.00
6039,0.00,345.00,-0.00391,0.01717,0.00734,-0.99982,-0.04816,0.09657,-0.00468,-0.99415,0.05125,-0.11400,-0.00217,0.99216,1.00,-0.04744,0.12292,-0.00588,-0.99126,0.05030,-0.14029,-0.00106,0.98883,1.00
6050,0.00,345.00,-0.00380,0.01736,0.00740,-0.99981,-0.04828,0.09638,-0.00468,-0.99416,0.05125,-0.11399,-0.00221,0.99216,1.00,-0.04756,0.12274,-0.00589,-0.99128,0.05030,-0.14029,-0.00109,0.98883,1.00
6061,0.00,345.00,-0.00370,0.01752,0.00763,-0.99981,-0.04840,0.09536,-0.00464,-0.99425,0.05126,-0.11314,-0.00245,0.99225,1.00,-0.04770,0.12173,-0.00586,-0.99140,0.05033,-0.13945,-0.00132,0.98895,1.00
6071,0.00,348.20,-0.00379,0.01766,0.00781,-0.99981,-0.04620,0.09527,-0.00443,-0.99437,0.04913,-0.11319,-0.00289,0.99235,1.00,-0.04554,0.12163,-0.00559,-0.99151,0.04824,-0.13950,-0.00182,0.98904,1.00
6083,0.00,351.42,-0.00386,0.01778,0.00789,-0.99980,-0.04614,0.09515,-0.00441,-0.99438,0.04914,-0.11319,-0.00298,0.99235,1.00,-0.04549,0.12151,-0.00557,-0.99153,0.04825,-0.13950,-0.00191,0.98904,1.00
6094,0.00,354.84,-0.00400,0.01793,0.00784,-0.99980,-0.04928,0.09535,-0.00473,-0.99421,0.05241,-0.11356,-0.00256,0.99214,1.00,-0.04858,0.12172,-0.00596,-0.99136,0.05147,-0.13988,-0.00142,0.98883,1.00
6105,0.00,358.32,-0.00415,0.01795,0.00779,-0.99980,-0.04832,0.09548,-0.00464,-0.99425,0.05161,-0.11371,-0.00263,0.99217,1.00,-0.04762,0.12185,-0.00585,-0.99139,0.05067,-0.14002,-0.00152,0.98885,1.00
6117,0.00,0.00,-0.00433,0.01790,0.00779,-0.99980,-0.04814,0.09553,-0.00463,-0.99425,0.05161,-0.11370,-0.00267,0.99217,1.00,-0.04745,0.12189,-0.00583,-0.99139,0.05068,-0.14001,-0.00156,0.98885,1.00
6128,0.00,0.00,-0.00437,0.01786,0.00776,-0.99980,-0.04818,0.09109,-0.00441,-0.99467,0.05173,-0.10923,-0.00284,0.99267,1.00,-0.04751,0.11752,-0.00563,-0.99192,0.05082,-0.13561,-0.00173,0.98946,1.00
6139,0.00,0.00,-0.00444,0.01771,0.00773,-0.99980,-0.04717,0.09135,-0.00433,-0.99469,0.05079,-0.10933,-0.00293,0.99270,1.00,-0.04651,0.11778,-0.00552,-0.99193,0.04989,-0.13571,-0.00185,0.98949,1.00
6150,0.00,0.00,-0.00443,0.01752,0.00768,-0.99981,-0.04717,0.09154,-0.00434,-0.99467,0.05078,-0.10933,-0.00287,0.99270,1.00,-0.04651,0.11797,-0.00553,-0.99191,0.04988,-0.13571,-0.00179,0.98949,1.00
6161,0.00,0.00,-0.00433,0.01733,0.00750,-0.99981,-0.04562,0.09198,-0.00422,-0.99471,0.04916,-0.10956,-0.00285,0.99276,1.00,-0.04497,0.11840,-0.00537,-0.99193,0.04827,-0.13593,-0.00180,0.98954,1.00
6173,0.00,0.00,-0.00424,0.01722,0.00739,-0.99982,-0.04751,0.09377,-0.00448,-0.99445,0.05095,-0.11125,-0.00245,0.99248,1.00,-0.04682,0.12017,-0.00567,-0.99163,0.05003,-0.13760,-0.00136,0.98922,1.00
6184,0.00,0.00,-0.00424,0.01714,0.00730,-0.99982,-0.04750,0.09387,-0.00448,-0.99444,0.05094,-0.11126,-0.00236,0.99248,1.00,-0.04680,0.12027,-0.00568,-0.99162,0.05002,-0.13760,-0.00127,0.98922,1.00
6194,0.00,0.00,-0.00421,0.01707,0.00735,-0.99982,-0.04652,0.09376,-0.00439,-0.99450,0.04993,-0.11108,-0.00252,0.99255,1.00,-0.04584,0.12016,-0.00555,-0.99168,0.04903,-0.13743,-0.00145,0.98930,1.00
6205,0.00,0.00,-0.00426,0.01705,0.00733,-0.99982,-0.04956,0.09363,-0.00467,-0.99436,0.05302,-0.11096,-0.00218,0.99241,1.00,-0.04885,0.12004,-0.00591,-0.99155,0.05208,-0.13731,-0.00103,0.98916,1.00
6216,0.00,0.00,-0.00434,0.01708,0.00743,-0.99982,-0.04950,0.09360,-0.00466,-0.99437,0.05303,-0.11095,-0.00229,0.99241,1.00,-0.04879,0.12001,-0.00591,-0.99156,0.05210,-0.13730,-0.00115,0.98916,1.00
6228,0.00,0.00,-0.00442,0.01713,0.00762,-0.99981,-0.04708,0.09307,-0.00441,-0.99454,0.05068,-0.11046,-0.00278,0.99258,1.00,-0.04643,0.11947,-0.00559,-0.99174,0.04979,-0.13681,-0.00170,0.98934,1.00
6239,0.00,0.00,-0.00460,0.01719,0.00782,-0.99981,-0.04698,0.08819,-0.00416,-0.99499,0.05079,-0.10567,-0.00322,0.99310,1.00,-0.04636,0.11466,-0.00536,-0.99231,0.04993,-0.13209,-0.00214,0.98998,1.00
6250,0.00,0.00,-0.00463,0.01720,0.00785,-0.99981,-0.04695,0.08818,-0.00416,-0.99499,0.05079,-0.10567,-0.00325,0.99310,1.00,-0.04634,0.11465,-0.00535,-0.99231,0.04994,-0.13209,-0.00217,0.98998,1.00
6261,0.00,0.00,-0.00467,0.01722,0.00784,-0.99981,-0.04695,0.04027,-0.00189,-0.99808,0.05125,-0.05783,-0.00531,0.99700,1.00,-0.04662,0.06724,-0.00315,-0.99664,0.05069,-0.08478,-0.00418,0.99510,1.00
6272,0.00,0.00,-0.00464,0.01725,0.00780,-0.99981,-0.04466,-0.00879,0.00039,-0.99896,0.04936,-0.00879,-0.00737,0.99872,1.00,-0.04464,0.01837,-0.00082,-0.99883,0.04911,-0.03595,-0.00628,0.99813,1.00
6283,0.00,0.00,-0.00457,0.01723,0.00781,-0.99981,-0.04473,-0.00877,0.00039,-0.99896,0.04936,-0.00879,-0.00739,0.99871,1.00,-0.04471,0.01839,-0.00082,-0.99883,0.04911,-0.03595,-0.00629,0.99813,1.00
6295,0.00,0.00,-0.00451,0.01717,0.00796,-0.99981,-0.04847,-0.01036,0.00050,-0.99877,0.05306,-0.00718,-0.00758,0.99854,1.00,-0.04846,0.01682,-0.00082,-0.99868,0.05281,-0.03435,-0.00638,0.99799,1.00
6306,0.00,0.00,-0.00443,0.01707,0.00812,-0.99981,-0.04812,-0.01113,0.00054,-0.99878,0.05263,-0.00631,-0.00777,0.99856,1.00,-0.04812,0.01604,-0.00077,-0.99871,0.05239,-0.03348,-0.00658,0.99804,1.00
6317,0.00,0.00,-0.00439,0.01699,0.00817,-0.99981,-0.04815,-0.01105,0.00053,-0.99878,0.05263,-0.00631,-0.00783,0.99856,1.00,-0.04816,0.01612,-0.00078,-0.99871,0.05239,-0.03348,-0.00663,0.99804,1.00
6328,0.00,0.00,-0.00441,0.01692,0.00813,-0.99981,-0.04809,-0.01239,0.00060,-0.99877,0.05259,-0.00489,-0.00785,0.99857,1.00,-0.04809,0.01478,-0.00071,-0.99873,0.05235,-0.03206,-0.00666,0.99809,1.00
6340,0.00,0.00,-0.00446,0.01682,0.00805,-0.99982,-0.04563,-0.01430,0.00065,-0.99886,0.05021,-0.00287,-0.00787,0.99870,1.00,-0.04564,0.01286,-0.00059,-0.99888,0.04998,-0.03003,-0.00675,0.99828,1.00
6351,0.00,0.00,-0.00451,0.01671,0.00796,-0.99982,-0.04558,-0.01417,0.00065,-0.99886,0.05021,-0.00288,-0.00777,0.99870,1.00,-0.04558,0.01299,-0.00059,-0.99888,0.04997,-0.03004,-0.00665,0.99828,1.00
6362,0.00,0.00,-0.00450,0.01659,0.00793,-0.99982,-0.04559,-0.01517,0.00069,-0.99885,0.05020,-0.00176,-0.00779,0.99871,1.00,-0.04559,0.01199,-0.00055,-0.99889,0.04997,-0.02892,-0.00668,0.99831,1.00
6374,0.00,0.00,-0.00443,0.01648,0.00793,-0.99982,-0.04493,-0.01520,0.00068,-0.99887,0.04948,-0.00162,-0.00780,0.99874,1.00,-0.04494,0.01196,-0.00054,-0.99892,0.04925,-0.02878,-0.00670,0.99835,1.00
6385,0.00,0.00,-0.00438,0.01643,0.00795,-0.99982,-0.04498,-0.01515,0.00068,-0.99887,0.04948,-0.00162,-0.00782,0.99874,1.00,-0.04499,0.01201,-0.00054,-0.99892,0.04925,-0.02878,-0.00672,0.99835,1.00
6397,0.00,0.00,-0.00425,0.01639,0.00801,-0.99982,-0.04566,-0.01366,0.00062,-0.99886,0.05002,-0.00308,-0.00782,0.99871,1.00,-0.04566,0.01350,-0.00062,-0.99887,0.04979,-0.03024,-0.00669,0.99828,1.00
6408,0.00,0.00,-0.00414,0.01642,0.00807,-0.99982,-0.04572,-0.01382,0.00063,-0.99886,0.04997,-0.00295,-0.00788,0.99872,1.00,-0.04573,0.01334,-0.00061,-0.99886,0.04974,-0.03011,-0.00675,0.99829,1.00
6419,0.00,0.00,-0.00407,0.01645,0.00811,-0.99982,-0.04568,-0.01887,0.00086,-0.99878,0.04991,0.00207,-0.00813,0.99872,1.00,-0.04572,0.00829,-0.00038,-0.99892,0.04971,-0.02509,-0.00700,0.99842,1.00
6430,0.00,0.00,-0.00403,0.01650,0.00815,-0.99982,-0.04573,-0.01893,0.00087,-0.99877,0.04991,0.00208,-0.00817,0.99872,1.00,-0.04577,0.00823,-0.00038,-0.99892,0.04971,-0.02509,-0.00704,0.99842,1.00
6441,0.00,0.00,-0.00403,0.01654,0.00822,-0.99982,-0.04502,-0.02818,0.00127,-0.99859,0.04929,0.01130,-0.00862,0.99868,1.00,-0.04512,-0.00104,0.00005,-0.99898,0.04915,-0.01585,-0.00751,0.99864,1.00
6452,0.00,0.00,-0.00409,0.01655,0.00825,-0.99982,-0.04441,-0.02960,0.00132,-0.99857,0.04876,0.01271,-0.00870,0.99869,1.00,-0.04452,-0.00246,0.00011,-0.99901,0.04862,-0.01443,-0.00761,0.99868,1.00
6464,0.00,0.00,-0.00418,0.01657,0.00828,-0.99982,-0.04433,-0.02962,0.00132,-0.99858,0.04876,0.01271,-0.00872,0.99869,1.00,-0.04444,-0.00248,0.00011,-0.99901,0.04862,-0.01443,-0.00763,0.99868,1.00
6474,0.00,0.00,-0.00430,0.01659,0.00823,-0.99982,-0.04464,-0.02962,0.00132,-0.99856,0.04919,0.01268,-0.00868,0.99867,1.00,-0.04474,-0.00248,0.00011,-0.99900,0.04905,-0.01447,-0.00758,0.99866,1.00
6485,0.00,0.00,-0.00442,0.01659,0.00818,-0.99982,-0.04729,-0.02979,0.00141,-0.99844,0.05196,0.01284,-0.00866,0.99853,1.00,-0.04739,-0.00264,0.00013,-0.99887,0.05182,-0.01432,-0.00750,0.99853,1.00
6497,0.00,0.00,-0.00454,0.01660,0.00815,-0.99982,-0.04717,-0.02980,0.00141,-0.99844,0.05196,0.01284,-0.00863,0.99853,1.00,-0.04727,-0.00265,0.00013,-0.99888,0.05182,-0.01432,-0.00747,0.99853,1.00
6508,0.00,0.00,-0.00465,0.01655,0.00813,-0.99982,-0.04799,-0.03061,0.00147,-0.99838,0.05290,0.01371,-0.00865,0.99847,1.00,-0.04810,-0.00346,0.00017,-0.99884,0.05277,-0.01345,-0.00747,0.99849,1.00
6519,0.00,0.00,-0.00477,0.01654,0.00813,-0.99982,-0.04801,-0.03061,0.00147,-0.99838,0.05304,0.01370,-0.00865,0.99846,1.00,-0.04812,-0.00346,0.00017,-0.99884,0.05291,-0.01346,-0.00747,0.99848,1.00
6531,0.00,0.00,-0.00483,0.01651,0.00812,-0.99982,-0.04795,-0.03057,0.00147,-0.99838,0.05304,0.01370,-0.00863,0.99846,1.00,-0.04806,-0.00342,0.00016,-0.99884,0.05291,-0.01346,-0.00746,0.99848,1.00
6542,0.00,0.00,-0.00487,0.01644,0.00813,-0.99982,-0.04681,-0.03051,0.00143,-0.99844,0.05193,0.01372,-0.00863,0.99852,1.00,-0.04692,-0.00337,0.00016,-0.99889,0.05180,-0.01344,-0.00749,0.99854,1.00
6552,0.00,0.00,-0.00487,0.01639,0.00809,-0.99982,-0.04665,-0.02989,0.00140,-0.99846,0.05177,0.01315,-0.00856,0.99854,1.00,-0.04676,-0.00274,0.00013,-0.99890,0.05163,-0.01400,-0.00743,0.99854,1.00
6564,0.00,0.00,-0.00485,0.01630,0.00806,-0.99982,-0.04667,-0.02980,0.00139,-0.99846,0.05177,0.01315,-0.00853,0.99854,1.00,-0.04677,-0.00265,0.00012,-0.99890,0.05163,-0.01401,-0.00740,0.99854,1.00
6575,0.00,0.00,-0.00478,0.01622,0.00805,-0.99982,-0.04682,-0.02978,0.00140,-0.99846,0.05185,0.01321,-0.00853,0.99853,1.00,-0.04692,-0.00263,0.00012,-0.99890,0.05171,-0.01395,-0.00739,0.99854,1.00
6585,0.00,0.00,-0.00470,0.01615,0.00807,-0.99983,-0.04690,-0.02971,0.00140,-0.99846,0.05185,0.01321,-0.00855,0.99853,1.00,-0.04700,-0.00256,0.00012,-0.99889,0.05171,-0.01395,-0.00741,0.99854,1.00
6597,0.00,0.00,-0.00463,0.01610,0.00806,-0.99983,-0.04533,-0.02940,0.00133,-0.99854,0.05020,0.01297,-0.00852,0.99862,1.00,-0.04543,-0.00226,0.00010,-0.99897,0.05007,-0.01419,-0.00741,0.99862,1.00
6608,0.00,0.00,-0.00460,0.01602,0.00807,-0.99983,-0.04516,-0.03012,0.00136,-0.99852,0.05001,0.01376,-0.00856,0.99862,1.00,-0.04526,-0.00298,0.00014,-0.99897,0.04988,-0.01339,-0.00746,0.99864,1.00
6619,0.00,0.00,-0.00456,0.01602,0.00806,-0.99983,-0.04532,-0.02921,0.00133,-0.99854,0.05012,0.01286,-0.00852,0.99862,1.00,-0.04541,-0.00207,0.00009,-0.99897,0.04998,-0.01429,-0.00741,0.99862,1.00
6631,0.00,0.00,-0.00452,0.01597,0.00812,-0.99983,-0.04535,-0.02917,0.00132,-0.99854,0.05012,0.01286,-0.00858,0.99862,1.00,-0.04545,-0.00203,0.00009,-0.99896,0.04998,-0.01429,-0.00747,0.99862,1.00
6642,0.00,0.00,-0.00451,0.01596,0.00818,-0.99983,-0.04649,-0.03024,0.00141,-0.99846,0.05125,0.01393,-0.00869,0.99855,1.00,-0.04660,-0.00310,0.00014,-0.99891,0.05112,-0.01322,-0.00756,0.99858,1.00
6653,0.00,0.00,-0.00452,0.01593,0.00822,-0.99983,-0.04647,-0.03022,0.00141,-0.99846,0.05125,0.01393,-0.00874,0.99855,1.00,-0.04659,-0.00307,0.00014,-0.99891,0.05112,-0.01322,-0.00760,0.99858,1.00
6664,0.00,0.00,-0.00461,0.01589,0.00827,-0.99983,-0.04633,-0.02940,0.00136,-0.99849,0.05120,0.01315,-0.00875,0.99856,1.00,-0.04644,-0.00225,0.00010,-0.99892,0.05106,-0.01401,-0.00761,0.99857,1.00
6675,0.00,0.00,-0.00471,0.01587,0.00826,-0.99983,-0.04620,-0.03221,0.00149,-0.99841,0.05119,0.01598,-0.00886,0.99852,1.00,-0.04632,-0.00507,0.00024,-0.99891,0.05107,-0.01117,-0.00773,0.99860,1.00
6686,0.00,0.00,-0.00482,0.01581,0.00829,-0.99983,-0.04610,-0.03215,0.00148,-0.99842,0.05119,0.01599,-0.00888,0.99852,1.00,-0.04622,-0.00501,0.00023,-0.99892,0.05107,-0.01116,-0.00776,0.99860,1.00
6698,0.00,0.00,-0.00485,0.01574,0.00831,-0.99983,-0.04601,-0.03212,0.00148,-0.99842,0.05114,0.01603,-0.00890,0.99852,1.00,-0.04613,-0.00499,0.00023,-0.99892,0.05102,-0.01112,-0.00778,0.99861,1.00
6708,0.00,0.00,-0.00485,0.01564,0.00838,-0.99983,-0.04609,-0.03209,0.00148,-0.99842,0.05122,0.01608,-0.00898,0.99852,1.00,-0.04622,-0.00495,0.00023,-0.99892,0.05110,-0.01107,-0.00786,0.99860,1.00
6719,0.00,0.00,-0.00478,0.01557,0.00841,-0.99983,-0.04624,-0.03101,0.00144,-0.99845,0.05128,0.01508,-0.00896,0.99853,1.00,-0.04635,-0.00387,0.00018,-0.99892,0.05115,-0.01207,-0.00784,0.99859,1.00
6731,0.00,0.00,-0.00470,0.01545,0.00845,-0.99983,-0.04631,-0.03089,0.00143,-0.99845,0.05128,0.01508,-0.00901,0.99853,1.00,-0.04643,-0.00375,0.00017,-0.99891,0.05115,-0.01207,-0.00788,0.99859,1.00
6741,0.00,0.00,-0.00459,0.01531,0.00857,-0.99984,-0.04549,-0.03087,0.00141,-0.99849,0.05035,0.01519,-0.00913,0.99857,1.00,-0.04561,-0.00373,0.00017,-0.99895,0.05023,-0.01196,-0.00802,0.99863,1.00
6752,0.00,0.00,-0.00454,0.01518,0.00875,-0.99984,-0.04664,-0.03089,0.00144,-0.99843,0.05146,0.01533,-0.00933,0.99851,1.00,-0.04677,-0.00374,0.00018,-0.99890,0.05134,-0.01183,-0.00819,0.99858,1.00
6765,0.00,0.00,-0.00459,0.01504,0.00889,-0.99984,-0.04659,-0.03076,0.00144,-0.99844,0.05146,0.01533,-0.00947,0.99851,1.00,-0.04672,-0.00362,0.00017,-0.99890,0.05134,-0.01182,-0.00833,0.99858,1.00
6775,0.00,0.00,-0.00471,0.01493,0.00893,-0.99984,-0.04731,-0.03084,0.00146,-0.99840,0.05230,0.01551,-0.00953,0.99847,1.00,-0.04745,-0.00369,0.00018,-0.99887,0.05217,-0.01165,-0.00837,0.99853,1.00
6786,0.00,0.00,-0.00485,0.01481,0.00892,-0.99984,-0.04717,-0.03071,0.00145,-0.99841,0.05230,0.01551,-0.00951,0.99847,1.00,-0.04731,-0.00356,0.00017,-0.99887,0.05217,-0.01165,-0.00836,0.99854,1.00
6797,0.00,0.00,-0.00497,0.01463,0.00881,-0.99984,-0.04704,-0.03068,0.00145,-0.99842,0.05228,0.01566,-0.00940,0.99847,1.00,-0.04716,-0.00354,0.00017,-0.99888,0.05215,-0.01150,-0.00826,0.99854,1.00
6808,0.00,0.00,-0.00508,0.01446,0.00878,-0.99984,-0.04669,-0.03068,0.00143,-0.99844,0.05205,0.01584,-0.00937,0.99848,1.00,-0.04680,-0.00353,0.00017,-0.99890,0.05190,-0.01132,-0.00824,0.99855,1.00
6820,0.00,0.00,-0.00511,0.01428,0.00870,-0.99985,-0.04592,-0.03049,0.00140,-0.99848,0.05130,0.01583,-0.00928,0.99851,1.00,-0.04602,-0.00335,0.00015,-0.99894,0.05115,-0.01132,-0.00817,0.99859,1.00
6831,0.00,0.00,-0.00516,0.01412,0.00868,-0.99985,-0.04587,-0.03032,0.00139,-0.99849,0.05130,0.01583,-0.00925,0.99852,1.00,-0.04597,-0.00318,0.00015,-0.99894,0.05115,-0.01132,-0.00815,0.99859,1.00
6842,0.00,0.00,-0.00517,0.01403,0.00859,-0.99985,-0.04522,-0.03046,0.00138,-0.99851,0.05066,0.01607,-0.00917,0.99854,1.00,-0.04531,-0.00332,0.00015,-0.99897,0.05051,-0.01108,-0.00808,0.99863,1.00
6853,0.00,0.00,-0.00521,0.01396,0.00849,-0.99985,-0.04519,-0.03038,0.00137,-0.99852,0.05066,0.01606,-0.00907,0.99855,1.00,-0.04528,-0.00324,0.00015,-0.99897,0.05051,-0.01109,-0.00798,0.99863,1.00
6865,0.00,0.00,-0.00528,0.01398,0.00839,-0.99985,-0.04601,-0.03003,0.00138,-0.99849,0.05154,0.01569,-0.00896,0.99851,1.00,-0.04609,-0.00289,0.00013,-0.99893,0.05138,-0.01146,-0.00785,0.99858,1.00
6875,0.00,0.00,-0.00531,0.01397,0.00832,-0.99985,-0.04527,-0.03065,0.00139,-0.99850,0.05084,0.01633,-0.00890,0.99853,1.00,-0.04536,-0.00352,0.00016,-0.99896,0.05069,-0.01082,-0.00782,0.99863,1.00
6887,0.00,0.00,-0.00530,0.01402,0.00817,-0.99985,-0.04646,-0.03082,0.00143,-0.99844,0.05202,0.01645,-0.00878,0.99847,1.00,-0.04655,-0.00367,0.00017,-0.99891,0.05187,-0.01071,-0.00766,0.99857,1.00
6898,0.00,0.00,-0.00532,0.01417,0.00800,-0.99985,-0.04645,-0.03096,0.00144,-0.99844,0.05202,0.01644,-0.00860,0.99847,1.00,-0.04653,-0.00382,0.00018,-0.99891,0.05187,-0.01072,-0.00749,0.99857,1.00
6909,0.00,0.00,-0.00533,0.01427,0.00798,-0.99985,-0.04503,-0.03109,0.00140,-0.99850,0.05060,0.01649,-0.00856,0.99855,1.00,-0.04511,-0.00395,0.00018,-0.99897,0.05046,-0.01066,-0.00749,0.99864,1.00
6919,0.00,0.00,-0.00537,0.01435,0.00793,-0.99985,-0.04666,-0.03189,0.00149,-0.99840,0.05229,0.01720,-0.00856,0.99845,1.00,-0.04676,-0.00475,0.00022,-0.99890,0.05216,-0.00996,-0.00744,0.99856,1.00
6931,0.00,0.00,-0.00544,0.01451,0.00783,-0.99985,-0.04659,-0.03204,0.00150,-0.99840,0.05229,0.01719,-0.00846,0.99845,1.00,-0.04669,-0.00489,0.00023,-0.99890,0.05216,-0.00996,-0.00735,0.99856,1.00
6942,0.00,0.00,-0.00548,0.01463,0.00771,-0.99985,-0.04494,-0.02954,0.00133,-0.99855,0.05066,0.01459,-0.00821,0.99858,1.00,-0.04502,-0.00240,0.00011,-0.99898,0.05051,-0.01256,-0.00714,0.99862,1.00
6953,0.00,0.00,-0.00544,0.01477,0.00758,-0.99985,-0.04631,-0.03233,0.00150,-0.99840,0.05200,0.01723,-0.00821,0.99846,1.00,-0.04640,-0.00519,0.00024,-0.99891,0.05187,-0.00992,-0.00710,0.99858,1.00
6964,0.00,0.00,-0.00542,0.01489,0.00758,-0.99985,-0.04633,-0.03245,0.00151,-0.99840,0.05200,0.01723,-0.00820,0.99846,1.00,-0.04642,-0.00531,0.00025,-0.99891,0.05187,-0.00992,-0.00709,0.99858,1.00
6976,0.00,0.00,-0.00538,0.01495,0.00762,-0.99984,-0.04640,-0.02927,0.00136,-0.99849,0.05201,0.01399,-0.00812,0.99852,1.00,-0.04648,-0.00212,0.00010,-0.99892,0.05187,-0.01316,-0.00700,0.99854,1.00
6987,0.00,0.00,-0.00533,0.01502,0.00769,-0.99984,-0.04645,-0.02918,0.00136,-0.99849,0.05201,0.01384,-0.00818,0.99852,1.00,-0.04655,-0.00204,0.00009,-0.99891,0.05188,-0.01332,-0.00707,0.99854,1.00
6998,0.00,0.00,-0.00530,0.01504,0.00775,-0.99984,-0.04648,-0.02921,0.00136,-0.99849,0.05201,0.01384,-0.00824,0.99852,1.00,-0.04658,-0.00206,0.00010,-0.99891,0.05188,-0.01332,-0.00713,0.99854,1.00
7009,0.00,0.00,-0.00529,0.01499,0.00778,-0.99984,-0.04651,-0.02903,0.00135,-0.99850,0.05204,0.01370,-0.00827,0.99852,1.00,-0.04661,-0.00188,0.00009,-0.99891,0.05191,-0.01346,-0.00715,0.99854,1.00
7020,0.00,0.00,-0.00532,0.01492,0.00768,-0.99985,-0.04454,-0.03112,0.00139,-0.99852,0.05010,0.01588,-0.00822,0.99858,1.00,-0.04464,-0.00398,0.00018,-0.99900,0.04998,-0.01127,-0.00716,0.99866,1.00
7031,0.00,0.00,-0.00539,0.01478,0.00760,-0.99985,-0.04447,-0.03097,0.00138,-0.99853,0.05011,0.01587,-0.00815,0.99858,1.00,-0.04457,-0.00384,0.00017,-0.99900,0.04998,-0.01127,-0.00709,0.99866,1.00
7042,0.00,0.00,-0.00548,0.01461,0.00750,-0.99985,-0.04628,-0.03096,0.00143,-0.99845,0.05200,0.01603,-0.00808,0.99849,1.00,-0.04638,-0.00381,0.00018,-0.99892,0.05188,-0.01113,-0.00697,0.99857,1.00
7054,0.00,0.00,-0.00557,0.01436,0.00745,-0.99985,-0.04433,-0.03068,0.00136,-0.99854,0.05013,0.01601,-0.00799,0.99858,1.00,-0.04442,-0.00355,0.00016,-0.99901,0.05001,-0.01113,-0.00694,0.99866,1.00
7065,0.00,0.00,-0.00560,0.01422,0.00737,-0.99986,-0.04431,-0.03053,0.00135,-0.99855,0.05013,0.01601,-0.00792,0.99858,1.00,-0.04440,-0.00339,0.00015,-0.99901,0.05001,-0.01114,-0.00687,0.99866,1.00
7076,0.00,0.00,-0.00563,0.01411,0.00741,-0.99986,-0.04414,-0.03028,0.00134,-0.99857,0.04999,0.01587,-0.00794,0.99859,1.00,-0.04423,-0.00315,0.00014,-0.99902,0.04987,-0.01128,-0.00690,0.99867,1.00
7087,0.00,0.00,-0.00563,0.01401,0.00738,-0.99986,-0.04348,-0.03011,0.00131,-0.99860,0.04934,0.01580,-0.00790,0.99863,1.00,-0.04358,-0.00298,0.00013,-0.99905,0.04922,-0.01135,-0.00688,0.99870,1.00
7098,0.00,0.00,-0.00569,0.01396,0.00736,-0.99986,-0.04343,-0.03005,0.00131,-0.99860,0.04934,0.01580,-0.00788,0.99863,1.00,-0.04352,-0.00292,0.00013,-0.99905,0.04922,-0.01135,-0.00686,0.99870,1.00
7109,0.00,0.00,-0.00572,0.01393,0.00733,-0.99986,-0.04417,-0.02965,0.00131,-0.99858,0.05010,0.01542,-0.00785,0.99859,1.00,-0.04426,-0.00251,0.00011,-0.99902,0.04998,-0.01173,-0.00680,0.99866,1.00
7120,0.00,0.00,-0.00579,0.01394,0.00726,-0.99986,-0.04440,-0.03038,0.00135,-0.99855,0.05042,0.01614,-0.00781,0.99857,1.00,-0.04449,-0.00324,0.00014,-0.99900,0.05030,-0.01101,-0.00676,0.99865,1.00
7132,0.00,0.00,-0.00583,0.01403,0.00721,-0.99986,-0.04437,-0.03046,0.00135,-0.99855,0.05042,0.01613,-0.00776,0.99857,1.00,-0.04446,-0.00332,0.00015,-0.99901,0.05030,-0.01101,-0.00671,0.99865,1.00
7142,0.00,0.00,-0.00591,0.01410,0.00715,-0.99986,-0.04436,-0.02933,0.00130,-0.99858,0.05048,0.01494,-0.00765,0.99858,1.00,-0.04445,-0.00219,0.00010,-0.99901,0.05036,-0.01221,-0.00660,0.99863,1.00
7153,0.00,0.00,-0.00594,0.01419,0.00710,-0.99986,-0.04197,-0.03089,0.00130,-0.99864,0.04813,0.01643,-0.00761,0.99868,1.00,-0.04206,-0.00377,0.00016,-0.99911,0.04801,-0.01071,-0.00663,0.99877,1.00
7165,0.00,0.00,-0.00598,0.01427,0.00702,-0.99986,-0.04193,-0.03097,0.00130,-0.99864,0.04813,0.01643,-0.00753,0.99868,1.00,-0.04201,-0.00384,0.00016,-0.99911,0.04801,-0.01071,-0.00655,0.99877,1.00
7176,0.00,0.00,-0.00600,0.01433,0.00690,-0.99986,-0.04200,-0.02870,0.00121,-0.99870,0.04820,0.01411,-0.00732,0.99871,1.00,-0.04207,-0.00157,0.00007,-0.99911,0.04807,-0.01303,-0.00635,0.99874,1.00
7187,0.00,0.00,-0.00599,0.01437,0.00668,-0.99986,-0.04201,-0.02873,0.00121,-0.99870,0.04820,0.01410,-0.00710,0.99871,1.00,-0.04207,-0.00160,0.00007,-0.99911,0.04806,-0.01304,-0.00613,0.99874,1.00
7199,0.00,0.00,-0.00606,0.01431,0.00654,-0.99986,-0.04254,-0.03085,0.00131,-0.99862,0.04880,0.01629,-0.00705,0.99865,1.00,-0.04261,-0.00372,0.00016,-0.99909,0.04868,-0.01085,-0.00606,0.99874,1.00
7209,0.00,0.00,-0.00606,0.01424,0.00636,-0.99986,-0.04353,-0.03084,0.00134,-0.99858,0.04978,0.01634,-0.00689,0.99860,1.00,-0.04360,-0.00370,0.00016,-0.99904,0.04967,-0.01080,-0.00587,0.99869,1.00
7220,0.00,0.00,-0.00603,0.01419,0.00627,-0.99986,-0.04376,-0.03077,0.00135,-0.99857,0.04999,0.01633,-0.00680,0.99859,1.00,-0.04384,-0.00364,0.00016,-0.99903,0.04988,-0.01082,-0.00578,0.99868,1.00
7232,0.00,0.00,-0.00594,0.01416,0.00617,-0.99986,-0.04386,-0.03073,0.00135,-0.99856,0.04999,0.01632,-0.00671,0.99859,1.00,-0.04393,-0.00360,0.00016,-0.99903,0.04988,-0.01082,-0.00568,0.99868,1.00
7241,0.00,0.00,-0.00581,0.01415,0.00613,-0.99986,-0.04401,-0.02940,0.00130,-0.99860,0.05001,0.01501,-0.00663,0.99861,1.00,-0.04408,-0.00226,0.00010,-0.99903,0.04990,-0.01214,-0.00559,0.99866,1.00
7254,0.00,0.00,-0.00571,0.01410,0.00610,-0.99987,-0.04257,-0.02940,0.00125,-0.99866,0.04847,0.01507,-0.00658,0.99869,1.00,-0.04265,-0.00227,0.00010,-0.99909,0.04837,-0.01208,-0.00558,0.99874,1.00
7265,0.00,0.00,-0.00549,0.01407,0.00616,-0.99987,-0.04280,-0.02938,0.00126,-0.99865,0.04847,0.01507,-0.00665,0.99869,1.00,-0.04288,-0.00225,0.00010,-0.99908,0.04837,-0.01207,-0.00564,0.99874,1.00
7275,0.00,0.00,-0.00541,0.01402,0.00620,-0.99987,-0.04276,-0.03004,0.00129,-0.99863,0.04835,0.01578,-0.00671,0.99868,1.00,-0.04285,-0.00291,0.00012,-0.99908,0.04826,-0.01136,-0.00570,0.99875,1.00
7287,0.00,0.00,-0.00532,0.01400,0.00615,-0.99987,-0.04441,-0.03007,0.00134,-0.99856,0.04992,0.01583,-0.00669,0.99861,1.00,-0.04450,-0.00294,0.00013,-0.99900,0.04984,-0.01132,-0.00563,0.99868,1.00
7299,0.00,0.00,-0.00526,0.01397,0.00613,-0.99987,-0.04447,-0.03004,0.00134,-0.99856,0.04992,0.01583,-0.00668,0.99861,1.00,-0.04457,-0.00290,0.00013,-0.99900,0.04984,-0.01132,-0.00561,0.99868,1.00
7309,0.00,0.00,-0.00518,0.01395,0.00604,-0.99987,-0.04440,-0.02941,0.00131,-0.99858,0.04976,0.01522,-0.00657,0.99862,1.00,-0.04449,-0.00227,0.00010,-0.99901,0.04967,-0.01193,-0.00551,0.99868,1.00
7320,0.00,0.00,-0.00508,0.01393,0.00597,-0.99987,-0.04623,-0.02929,0.00136,-0.99850,0.05150,0.01511,-0.00653,0.99854,1.00,-0.04632,-0.00215,0.00010,-0.99892,0.05141,-0.01204,-0.00541,0.99859,1.00
7332,0.00,0.00,-0.00504,0.01388,0.00589,-0.99987,-0.04628,-0.02923,0.00136,-0.99850,0.05150,0.01511,-0.00645,0.99854,1.00,-0.04636,-0.00209,0.00010,-0.99892,0.05141,-0.01205,-0.00533,0.99859,1.00
7342,0.00,0.00,-0.00502,0.01384,0.00586,-0.99987,-0.04616,-0.02938,0.00136,-0.99850,0.05136,0.01529,-0.00642,0.99854,1.00,-0.04624,-0.00224,0.00010,-0.99893,0.05127,-0.01186,-0.00530,0.99860,1.00
7354,0.00,0.00,-0.00506,0.01380,0.00578,-0.99988,-0.04601,-0.02988,0.00138,-0.99849,0.05125,0.01584,-0.00637,0.99854,1.00,-0.04610,-0.00274,0.00013,-0.99893,0.05117,-0.01132,-0.00525,0.99861,1.00
7364,0.00,0.00,-0.00509,0.01378,0.00567,-0.99988,-0.04599,-0.02984,0.00137,-0.99850,0.05125,0.01583,-0.00625,0.99854,1.00,-0.04607,-0.00270,0.00012,-0.99893,0.05116,-0.01132,-0.00514,0.99861,1.00
7375,0.00,0.00,-0.00508,0.01378,0.00555,-0.99988,-0.04327,-0.02990,0.00130,-0.99862,0.04851,0.01590,-0.00609,0.99868,1.00,-0.04334,-0.00276,0.00012,-0.99906,0.04843,-0.01125,-0.00505,0.99875,1.00
7386,0.00,0.00,-0.00501,0.01381,0.00542,-0.99988,-0.04333,-0.02897,0.00126,-0.99864,0.04850,0.01495,-0.00593,0.99869,1.00,-0.04340,-0.00183,0.00008,-0.99906,0.04841,-0.01220,-0.00489,0.99874,1.00
7397,0.00,0.00,-0.00471,0.01383,0.00538,-0.99988,-0.04362,-0.02899,0.00127,-0.99863,0.04850,0.01495,-0.00590,0.99869,1.00,-0.04369,-0.00186,0.00008,-0.99904,0.04841,-0.01220,-0.00485,0.99874,1.00
7409,0.00,0.00,-0.00447,0.01391,0.00539,-0.99988,-0.04555,-0.02911,0.00133,-0.99854,0.05018,0.01498,-0.00595,0.99861,1.00,-0.04563,-0.00196,0.00009,-0.99896,0.05010,-0.01218,-0.00484,0.99866,1.00
7420,0.00,0.00,-0.00425,0.01400,0.00545,-0.99988,-0.04714,-0.02922,0.00138,-0.99846,0.05156,0.01498,-0.00604,0.99854,1.00,-0.04723,-0.00207,0.00010,-0.99888,0.05149,-0.01218,-0.00487,0.99859,1.00
7432,0.00,0.00,-0.00409,0.01409,0.00566,-0.99988,-0.04729,-0.02932,0.00139,-0.99845,0.05155,0.01499,-0.00625,0.99854,1.00,-0.04739,-0.00217,0.00010,-0.99887,0.05149,-0.01217,-0.00508,0.99859,1.00
7442,0.00,0.00,-0.00404,0.01409,0.00582,-0.99988,-0.04710,-0.02916,0.00138,-0.99846,0.05131,0.01481,-0.00640,0.99855,1.00,-0.04721,-0.00201,0.00009,-0.99888,0.05125,-0.01235,-0.00523,0.99860,1.00
7453,0.00,0.00,-0.00407,0.01416,0.00598,-0.99987,-0.04705,-0.02924,0.00138,-0.99846,0.05131,0.01482,-0.00656,0.99855,1.00,-0.04718,-0.00209,0.00010,-0.99888,0.05125,-0.01234,-0.00539,0.99859,1.00
7465,0.00,0.00,-0.00417,0.01417,0.00604,-0.99987,-0.04466,-0.02844,0.00127,-0.99860,0.04901,0.01402,-0.00656,0.99868,1.00,-0.04478,-0.00130,0.00006,-0.99900,0.04895,-0.01313,-0.00546,0.99870,1.00
7475,0.00,0.00,-0.00422,0.01419,0.00607,-0.99987,-0.04352,-0.02893,0.00126,-0.99863,0.04793,0.01450,-0.00658,0.99872,1.00,-0.04363,-0.00179,0.00008,-0.99905,0.04786,-0.01264,-0.00552,0.99876,1.00
7486,0.00,0.00,-0.00430,0.01414,0.00602,-0.99987,-0.04341,-0.02875,0.00125,-0.99864,0.04788,0.01437,-0.00653,0.99873,1.00,-0.04351,-0.00161,0.00007,-0.99905,0.04781,-0.01277,-0.00547,0.99876,1.00
7498,0.00,0.00,-0.00436,0.01407,0.00599,-0.99987,-0.04334,-0.02868,0.00124,-0.99865,0.04789,0.01437,-0.00649,0.99873,1.00,-0.04344,-0.00154,0.00007,-0.99905,0.04781,-0.01278,-0.00543,0.99876,1.00
7509,0.00,0.00,-0.00441,0.01397,0.00590,-0.99988,-0.04434,-0.02868,0.00127,-0.99860,0.04892,0.01447,-0.00642,0.99868,1.00,-0.04443,-0.00154,0.00007,-0.99901,0.04884,-0.01268,-0.00534,0.99871,1.00
7519,0.00,0.00,-0.00441,0.01381,0.00587,-0.99988,-0.04492,-0.02995,0.00135,-0.99854,0.04951,0.01590,-0.00645,0.99863,1.00,-0.04502,-0.00281,0.00013,-0.99898,0.04943,-0.01125,-0.00535,0.99870,1.00
7532,0.00,0.00,-0.00440,0.01377,0.00580,-0.99988,-0.04493,-0.02990,0.00135,-0.99854,0.04951,0.01589,-0.00638,0.99863,1.00,-0.04502,-0.00276,0.00012,-0.99898,0.04943,-0.01126,-0.00528,0.99870,1.00
7543,0.00,0.00,-0.00442,0.01369,0.00570,-0.99988,-0.04443,-0.03018,0.00134,-0.99856,0.04903,0.01626,-0.00630,0.99865,1.00,-0.04452,-0.00305,0.00014,-0.99900,0.04896,-0.01089,-0.00521,0.99873,1.00
7554,0.00,0.00,-0.00445,0.01370,0.00560,-0.99988,-0.04425,-0.03029,0.00134,-0.99856,0.04888,0.01636,-0.00619,0.99865,1.00,-0.04434,-0.00316,0.00014,-0.99901,0.04880,-0.01078,-0.00511,0.99874,1.00
7565,0.00,0.00,-0.00443,0.01377,0.00548,-0.99988,-0.04427,-0.03035,0.00135,-0.99856,0.04888,0.01636,-0.00607,0.99865,1.00,-0.04436,-0.00321,0.00014,-0.99901,0.04880,-0.01079,-0.00499,0.99874,1.00
7576,0.00,0.00,-0.00440,0.01391,0.00537,-0.99988,-0.04434,-0.03055,0.00136,-0.99855,0.04890,0.01643,-0.00596,0.99865,1.00,-0.04442,-0.00342,0.00015,-0.99901,0.04882,-0.01072,-0.00488,0.99874,1.00
7586,3.38,0.00,-0.00435,0.01416,0.00526,-0.99988,-0.04411,-0.02892,0.00128,-0.99861,0.04862,0.01455,-0.00578,0.99869,1.00,-0.04418,-0.00178,0.00008,-0.99902,0.04854,-0.01260,-0.00470,0.99873,1.00
7598,6.50,0.00,-0.00430,0.01430,0.00533,-0.99987,-0.04417,-0.02906,0.00129,-0.99860,0.04862,0.01455,-0.00585,0.99869,1.00,-0.04424,-0.00192,0.00009,-0.99902,0.04854,-0.01260,-0.00477,0.99873,1.00
7610,9.95,0.00,-0.00435,0.01454,0.00534,-0.99987,-0.04480,-0.03111,0.00140,-0.99851,0.04933,0.01636,-0.00594,0.99863,1.00,-0.04490,-0.00397,0.00018,-0.99898,0.04926,-0.01079,-0.00484,0.99872,1.00
7620,13.56,0.00,-0.00436,0.01480,0.00533,-0.99987,-0.04404,-0.03120,0.00138,-0.99854,0.04857,0.01619,-0.00591,0.99867,1.00,-0.04413,-0.00406,0.00018,-0.99902,0.04851,-0.01096,-0.00484,0.99875,1.00
7632,15.00,0.00,-0.00434,0.01504,0.00523,-0.99986,-0.04406,-0.03143,0.00139,-0.99853,0.04857,0.01618,-0.00581,0.99867,1.00,-0.04415,-0.00430,0.00019,-0.99902,0.04851,-0.01096,-0.00473,0.99875,1.00
7642,15.00,0.00,-0.00431,0.01522,0.00528,-0.99986,-0.04373,-0.03136,0.00137,-0.99855,0.04822,0.01594,-0.00585,0.99869,1.00,-0.04383,-0.00423,0.00019,-0.99903,0.04816,-0.01121,-0.00478,0.99877,1.00
7653,15.00,0.00,-0.00418,0.01542,0.00530,-0.99986,-0.04200,-0.02918,0.00123,-0.99869,0.04634,0.01356,-0.00575,0.99882,1.00,-0.04209,-0.00205,0.00009,-0.99911,0.04627,-0.01358,-0.00472,0.99883,1.00
7665,15.00,0.00,-0.00411,0.01550,0.00542,-0.99986,-0.04207,-0.02928,0.00123,-0.99868,0.04634,0.01357,-0.00588,0.99882,1.00,-0.04216,-0.00214,0.00009,-0.99911,0.04627,-0.01357,-0.00485,0.99883,1.00
7676,15.00,0.00,-0.00389,0.01559,0.00546,-0.99986,-0.04224,-0.02907,0.00123,-0.99868,0.04630,0.01327,-0.00591,0.99882,1.00,-0.04233,-0.00194,0.00008,-0.99910,0.04623,-0.01387,-0.00487,0.99882,1.00
7686,15.00,0.00,-0.00373,0.01559,0.00550,-0.99986,-0.04478,-0.02904,0.00130,-0.99857,0.04868,0.01322,-0.00599,0.99871,1.00,-0.04488,-0.00189,0.00009,-0.99899,0.04861,-0.01393,-0.00487,0.99871,1.00
7698,15.00,0.00,-0.00354,0.01558,0.00551,-0.99986,-0.04496,-0.02902,0.00131,-0.99857,0.04868,0.01322,-0.00601,0.99871,1.00,-0.04507,-0.00188,0.00008,-0.99898,0.04861,-0.01393,-0.00489,0.99871,1.00
7709,15.00,0.00,-0.00340,0.01550,0.00542,-0.99986,-0.04533,-0.02947,0.00134,-0.99854,0.04890,0.01375,-0.00595,0.99869,1.00,-0.04543,-0.00233,0.00011,-0.99896,0.04883,-0.01340,-0.00481,0.99871,1.00
7720,15.00,0.00,-0.00331,0.01543,0.00532,-0.99986,-0.04590,-0.02933,0.00135,-0.99851,0.04938,0.01368,-0.00586,0.99867,1.00,-0.04599,-0.00218,0.00010,-0.99894,0.04931,-0.01347,-0.00470,0.99868,1.00
7732,15.00,0.00,-0.00315,0.01533,0.00524,-0.99986,-0.04607,-0.02923,0.00135,-0.99851,0.04938,0.01368,-0.00579,0.99867,1.00,-0.04616,-0.00208,0.00010,-0.99893,0.04930,-0.01348,-0.00462,0.99868,1.00
7743,15.00,0.00,-0.00308,0.01522,0.00531,-0.99987,-0.04618,-0.02907,0.00134,-0.99851,0.04942,0.01362,-0.00586,0.99867,1.00,-0.04627,-0.00192,0.00009,-0.99893,0.04935,-0.01353,-0.00469,0.99868,1.00
7753,15.00,0.00,-0.00299,0.01513,0.00538,-0.99987,-0.04605,-0.02905,0.00134,-0.99852,0.04921,0.01369,-0.00593,0.99868,1.00,-0.04615,-0.00190,0.00009,-0.99893,0.04914,-0.01346,-0.00476,0.99869,1.00
7765,15.00,0.00,-0.00290,0.01512,0.00551,-0.99987,-0.04614,-0.02905,0.00134,-0.99851,0.04920,0.01370,-0.00606,0.99868,1.00,-0.04624,-0.00191,0.00009,-0.99893,0.04914,-0.01345,-0.00489,0.99869,1.00
7777,15.00,0.00,-0.00285,0.01510,0.00552,-0.99987,-0.04599,-0.03045,0.00140,-0.99848,0.04902,0.01512,-0.00614,0.99866,1.00,-0.04611,-0.00331,0.00015,-0.99893,0.04897,-0.01203,-0.00497,0.99872,1.00
7786,15.00,0.00,-0.00288,0.01511,0.00558,-0.99987,-0.04581,-0.03056,0.00140,-0.99848,0.04888,0.01521,-0.00620,0.99867,1.00,-0.04593,-0.00342,0.00016,-0.99894,0.04882,-0.01194,-0.00503,0.99872,1.00
7798,15.00,0.00,-0.00291,0.01512,0.00561,-0.99987,-0.04578,-0.03057,0.00140,-0.99848,0.04888,0.01522,-0.00622,0.99867,1.00,-0.04590,-0.00343,0.00016,-0.99894,0.04882,-0.01193,-0.00506,0.99872,1.00
7808,15.00,0.00,-0.00303,0.01515,0.00565,-0.99986,-0.07261,-0.03027,0.00220,-0.99690,0.07582,0.01476,-0.00664,0.99699,1.00,-0.07278,-0.00300,0.00022,-0.99734,0.07581,-0.01253,-0.00474,0.99703,1.00
7820,15.00,0.00,-0.00310,0.01519,0.00568,-0.99986,-0.11995,-0.03077,0.00372,-0.99230,0.12324,0.01502,-0.00743,0.99224,1.00,-0.12024,-0.00311,0.00038,-0.99274,0.12332,-0.01265,-0.00418,0.99228,1.00
7831,15.00,0.00,-0.00310,0.01520,0.00563,-0.99986,-0.11995,-0.03077,0.00372,-0.99230,0.12324,0.01502,-0.00739,0.99224,1.00,-0.12023,-0.00311,0.00038,-0.99274,0.12331,-0.01266,-0.00413,0.99228,1.00
7843,15.00,0.00,-0.00307,0.01524,0.00564,-0.99986,-0.13647,-0.03182,0.00439,-0.99012,0.13974,0.01597,-0.00779,0.99003,1.00,-0.13681,-0.00398,0.00055,-0.99059,0.13986,-0.01189,-0.00404,0.99009,1.00
7854,15.00,0.00,-0.00299,0.01526,0.00564,-0.99986,-0.14525,-0.03193,0.00469,-0.98887,0.14844,0.01603,-0.00795,0.98876,1.00,-0.14561,-0.00398,0.00059,-0.98933,0.14857,-0.01194,-0.00393,0.98882,1.00
7865,15.00,0.00,-0.00294,0.01528,0.00566,-0.99986,-0.14529,-0.03195,0.00470,-0.98886,0.14844,0.01603,-0.00798,0.98876,1.00,-0.14565,-0.00400,0.00059,-0.98933,0.14857,-0.01194,-0.00395,0.98882,1.00
7876,15.00,0.00,-0.00286,0.01530,0.00563,-0.99986,-0.14538,-0.03123,0.00459,-0.98887,0.14843,0.01529,-0.00784,0.98877,1.00,-0.14572,-0.00328,0.00048,-0.98932,0.14855,-0.01268,-0.00381,0.98882,1.00
7888,15.00,0.00,-0.00278,0.01525,0.00558,-0.99986,-0.14275,-0.03109,0.00449,-0.98926,0.14572,0.01522,-0.00774,0.98918,1.00,-0.14308,-0.00317,0.00046,-0.98971,0.14583,-0.01272,-0.00379,0.98922,1.00
7899,15.00,0.00,-0.00267,0.01525,0.00552,-0.99986,-0.14286,-0.03108,0.00449,-0.98924,0.14572,0.01521,-0.00769,0.98918,1.00,-0.14319,-0.00316,0.00046,-0.98969,0.14583,-0.01272,-0.00373,0.98922,1.00
7910,15.00,0.00,-0.00252,0.01521,0.00545,-0.99987,-0.14173,-0.03205,0.00459,-0.98938,0.14445,0.01623,-0.00775,0.98935,1.00,-0.14207,-0.00414,0.00059,-0.98985,0.14458,-0.01169,-0.00382,0.98942,1.00
7920,15.00,0.00,-0.00235,0.01518,0.00540,-0.99987,-0.14178,-0.03202,0.00459,-0.98937,0.14432,0.01624,-0.00771,0.98937,1.00,-0.14212,-0.00412,0.00059,-0.98984,0.14445,-0.01168,-0.00377,0.98944,1.00
7931,15.00,0.00,-0.00225,0.01515,0.00531,-0.99987,-0.14188,-0.03196,0.00458,-0.98936,0.14432,0.01623,-0.00762,0.98937,1.00,-0.14221,-0.00405,0.00058,-0.98983,0.14445,-0.01169,-0.00368,0.98944,1.00
7942,15.00,0.00,-0.00214,0.01514,0.00538,-0.99987,-0.14184,-0.03201,0.00459,-0.98936,0.14418,0.01628,-0.00770,0.98939,1.00,-0.14218,-0.00411,0.00059,-0.98983,0.14432,-0.01164,-0.00376,0.98946,1.00
7954,15.00,0.00,-0.00203,0.01518,0.00535,-0.99987,-0.15954,-0.03217,0.00520,-0.98665,0.16177,0.01634,-0.00800,0.98666,1.00,-0.15992,-0.00402,0.00065,-0.98712,0.16194,-0.01182,-0.00350,0.98672,1.00
7966,15.00,0.00,-0.00190,0.01518,0.00541,-0.99987,-0.15966,-0.03219,0.00521,-0.98663,0.16177,0.01635,-0.00806,0.98666,1.00,-0.16005,-0.00405,0.00066,-0.98710,0.16194,-0.01181,-0.00356,0.98672,1.00
7977,15.00,0.00,-0.00177,0.01521,0.00543,-0.99987,-0.17063,-0.03153,0.00546,-0.98481,0.17261,0.01563,-0.00816,0.98483,1.00,-0.17104,-0.00322,0.00056,-0.98526,0.17279,-0.01269,-0.00330,0.98487,1.00
7988,15.00,0.00,-0.00167,0.01525,0.00552,-0.99987,-0.17058,-0.03091,0.00535,-0.98485,0.17245,0.01495,-0.00814,0.98487,1.00,-0.17097,-0.00260,0.00045,-0.98527,0.17262,-0.01337,-0.00328,0.98489,1.00
7999,15.00,0.00,-0.00150,0.01530,0.00553,-0.99987,-0.17075,-0.03096,0.00537,-0.98481,0.17245,0.01496,-0.00815,0.98487,1.00,-0.17114,-0.00265,0.00046,-0.98524,0.17262,-0.01337,-0.00328,0.98489,1.00
8010,15.00,0.00,-0.00148,0.01530,0.00555,-0.99987,-0.17058,-0.03163,0.00548,-0.98482,0.17227,0.01562,-0.00829,0.98489,1.00,-0.17099,-0.00332,0.00058,-0.98527,0.17245,-0.01270,-0.00342,0.98493,1.00
8021,15.00,0.00,-0.00134,0.01532,0.00550,-0.99987,-0.16882,-0.03056,0.00524,-0.98516,0.17037,0.01454,-0.00803,0.98524,1.00,-0.16920,-0.00227,0.00039,-0.98558,0.17052,-0.01375,-0.00322,0.98525,1.00
8032,15.00,0.00,-0.00124,0.01534,0.00556,-0.99987,-0.16892,-0.03061,0.00525,-0.98514,0.17037,0.01456,-0.00810,0.98524,1.00,-0.16930,-0.00232,0.00040,-0.98556,0.17052,-0.01374,-0.00328,0.98525,1.00
8044,15.00,0.00,-0.00113,0.01536,0.00550,-0.99987,-0.16887,-0.03076,0.00527,-0.98514,0.17021,0.01470,-0.00806,0.98527,1.00,-0.16925,-0.00247,0.00042,-0.98557,0.17036,-0.01359,-0.00324,0.98528,1.00
8055,15.00,0.00,-0.00108,0.01540,0.00548,-0.99987,-0.16877,-0.03060,0.00524,-0.98517,0.17005,0.01450,-0.00801,0.98530,1.00,-0.16914,-0.00231,0.00040,-0.98559,0.17020,-0.01379,-0.00319,0.98531,1.00
8067,15.00,0.00,-0.00104,0.01545,0.00530,-0.99987,-0.16881,-0.03059,0.00524,-0.98516,0.17006,0.01447,-0.00782,0.98530,1.00,-0.16917,-0.00230,0.00040,-0.98558,0.17020,-0.01383,-0.00300,0.98531,1.00
8077,15.00,0.00,-0.00099,0.01560,0.00509,-0.99987,-0.16853,-0.03078,0.00527,-0.98520,0.16972,0.01456,-0.00762,0.98536,1.00,-0.16888,-0.00250,0.00043,-0.98563,0.16985,-0.01373,-0.00281,0.98537,1.00
8088,15.00,0.00,-0.00092,0.01566,0.00499,-0.99986,-0.16536,-0.03238,0.00543,-0.98569,0.16649,0.01612,-0.00773,0.98588,1.00,-0.16574,-0.00415,0.00070,-0.98616,0.16666,-0.01212,-0.00302,0.98594,1.00
8099,15.00,0.00,-0.00074,0.01580,0.00489,-0.99986,-0.16554,-0.03249,0.00546,-0.98565,0.16649,0.01610,-0.00763,0.98588,1.00,-0.16592,-0.00426,0.00072,-0.98613,0.16666,-0.01214,-0.00291,0.98594,1.00
8110,15.00,0.00,-0.00056,0.01595,0.00482,-0.99986,-0.16558,-0.03398,0.00571,-0.98559,0.16636,0.01746,-0.00780,0.98588,1.00,-0.16600,-0.00575,0.00097,-0.98611,0.16657,-0.01078,-0.00307,0.98597,1.00
8121,15.00,0.00,-0.00035,0.01619,0.00477,-0.99986,-0.16809,-0.03637,0.00621,-0.98508,0.16868,0.01961,-0.00817,0.98544,1.00,-0.16857,-0.00810,0.00139,-0.98566,0.16895,-0.00866,-0.00335,0.98558,1.00
8133,15.00,0.00,-0.00022,0.01634,0.00491,-0.99985,-0.16820,-0.03657,0.00624,-0.98505,0.16868,0.01964,-0.00832,0.98544,1.00,-0.16869,-0.00830,0.00142,-0.98563,0.16895,-0.00863,-0.00350,0.98558,1.00
8144,15.00,0.00,-0.00018,0.01655,0.00503,-0.99985,-0.16840,-0.03542,0.00605,-0.98506,0.16884,0.01826,-0.00821,0.98544,1.00,-0.16888,-0.00715,0.00122,-0.98561,0.16909,-0.01001,-0.00339,0.98554,1.00
8154,15.00,0.00,-0.00024,0.01674,0.00517,-0.99985,-0.16778,-0.03543,0.00603,-0.98517,0.16828,0.01807,-0.00831,0.98554,1.00,-0.16827,-0.00717,0.00122,-0.98571,0.16854,-0.01020,-0.00350,0.98564,1.00
8166,15.00,0.00,-0.00042,0.01689,0.00519,-0.99984,-0.16760,-0.03558,0.00605,-0.98519,0.16828,0.01807,-0.00832,0.98554,1.00,-0.16809,-0.00732,0.00125,-0.98574,0.16854,-0.01020,-0.00352,0.98564,1.00
8177,15.00,0.00,-0.00057,0.01703,0.00518,-0.99984,-0.16587,-0.03542,0.00596,-0.98549,0.16669,0.01777,-0.00822,0.98581,1.00,-0.16635,-0.00719,0.00121,-0.98604,0.16695,-0.01047,-0.00348,0.98590,1.00
8188,15.00,0.00,-0.00083,0.01699,0.00524,-0.99984,-0.16558,-0.03496,0.00587,-0.98556,0.16665,0.01734,-0.00819,0.98583,1.00,-0.16605,-0.00673,0.00113,-0.98609,0.16690,-0.01089,-0.00347,0.98591,1.00
8199,15.00,0.00,-0.00104,0.01695,0.00523,-0.99984,-0.16537,-0.03491,0.00586,-0.98560,0.16665,0.01734,-0.00817,0.98583,1.00,-0.16584,-0.00669,0.00112,-0.98613,0.16690,-0.01089,-0.00346,0.98591,1.00
8211,15.00,0.00,-0.00122,0.01682,0.00524,-0.99984,-0.16530,-0.03532,0.00592,-0.98559,0.16677,0.01788,-0.00827,0.98580,1.00,-0.16579,-0.00710,0.00119,-0.98614,0.16702,-0.01036,-0.00357,0.98589,1.00
8222,15.00,0.00,-0.00124,0.01664,0.00524,-0.99985,-0.16547,-0.03460,0.00581,-0.98559,0.16694,0.01733,-0.00818,0.98578,1.00,-0.16594,-0.00637,0.00107,-0.98612,0.16718,-0.01091,-0.00347,0.98586,1.00
8233,15.00,0.00,-0.00115,0.01644,0.00520,-0.99985,-0.16556,-0.03439,0.00578,-0.98558,0.16694,0.01732,-0.00813,0.98578,1.00,-0.16602,-0.00616,0.00104,-0.98610,0.16718,-0.01092,-0.00342,0.98586,1.00
8243,15.00,0.00,-0.00106,0.01629,0.00511,-0.99985,-0.16517,-0.03422,0.00573,-0.98566,0.16645,0.01732,-0.00804,0.98586,1.00,-0.16562,-0.00600,0.00101,-0.98617,0.16669,-0.01091,-0.00334,0.98594,1.00
8255,15.00,0.00,-0.00100,0.01615,0.00505,-0.99986,-0.16481,-0.03383,0.00566,-0.98573,0.16603,0.01708,-0.00794,0.98594,1.00,-0.16526,-0.00561,0.00094,-0.98623,0.16626,-0.01115,-0.00325,0.98601,1.00
8267,15.00,0.00,-0.00095,0.01609,0.00500,-0.99986,-0.16486,-0.03376,0.00565,-0.98572,0.16603,0.01707,-0.00789,0.98594,1.00,-0.16530,-0.00554,0.00093,-0.98623,0.16626,-0.01116,-0.00320,0.98601,1.00
8278,15.00,0.00,-0.00060,0.01616,0.00503,-0.99986,-0.16446,-0.03404,0.00568,-0.98578,0.16530,0.01728,-0.00796,0.98606,1.00,-0.16491,-0.00583,0.00097,-0.98629,0.16553,-0.01094,-0.00327,0.98614,1.00
8289,15.00,0.00,-0.00054,0.01626,0.00513,-0.99985,-0.16424,-0.03435,0.00572,-0.98581,0.16502,0.01748,-0.00809,0.98610,1.00,-0.16469,-0.00614,0.00103,-0.98633,0.16525,-0.01074,-0.00340,0.98619,1.00
8300,15.00,0.00,-0.00079,0.01630,0.00523,-0.99985,-0.16399,-0.03442,0.00573,-0.98585,0.16502,0.01749,-0.00818,0.98610,1.00,-0.16445,-0.00622,0.00104,-0.98637,0.16525,-0.01072,-0.00351,0.98619,1.00
8310,15.00,0.00,-0.00131,0.01661,0.00543,-0.99985,-0.16353,-0.03493,0.00579,-0.98590,0.16508,0.01767,-0.00839,0.98609,1.00,-0.16400,-0.00673,0.00112,-0.98644,0.16533,-0.01054,-0.00375,0.98618,1.00
8322,15.00,0.00,-0.00171,0.01680,0.00550,-0.99984,-0.16320,-0.03506,0.00580,-0.98595,0.16515,0.01761,-0.00842,0.98608,1.00,-0.16367,-0.00687,0.00114,-0.98649,0.16539,-0.01060,-0.00380,0.98616,1.00
8333,15.00,0.00,-0.00181,0.01703,0.00557,-0.99984,-0.16309,-0.03531,0.00584,-0.98596,0.16515,0.01762,-0.00849,0.98608,1.00,-0.16357,-0.00712,0.00118,-0.98651,0.16539,-0.01059,-0.00387,0.98616,1.00
8344,15.00,0.00,-0.00160,0.01726,0.00550,-0.99983,-0.16499,-0.03562,0.00596,-0.98563,0.16684,0.01771,-0.00847,0.98579,1.00,-0.16547,-0.00740,0.00124,-0.98619,0.16708,-0.01053,-0.00379,0.98588,1.00
8355,15.00,0.00,-0.00081,0.01740,0.00560,-0.99983,-0.16688,-0.03557,0.00602,-0.98532,0.16795,0.01749,-0.00861,0.98560,1.00,-0.16736,-0.00732,0.00124,-0.98587,0.16820,-0.01077,-0.00385,0.98569,1.00
8367,15.00,0.00,-0.00008,0.01764,0.00572,-0.99983,-0.16759,-0.03586,0.00610,-0.98519,0.16795,0.01751,-0.00878,0.98560,1.00,-0.16809,-0.00760,0.00130,-0.98574,0.16820,-0.01075,-0.00397,0.98569,1.00
8378,15.00,0.00,0.00006,0.01772,0.00592,-0.99983,-0.17139,-0.03581,0.00623,-0.98453,0.17162,0.01735,-0.00902,0.98497,1.00,-0.17190,-0.00750,0.00131,-0.98508,0.17188,-0.01097,-0.00409,0.98505,1.00
8388,15.00,0.00,0.00012,0.01784,0.00596,-0.99982,-0.17103,-0.03609,0.00627,-0.98458,0.17121,0.01749,-0.00909,0.98504,1.00,-0.17155,-0.00778,0.00135,-0.98514,0.17147,-0.01082,-0.00417,0.98512,1.00
8399,15.00,0.00,-0.00005,0.01791,0.00582,-0.99982,-0.17087,-0.03610,0.00627,-0.98461,0.17121,0.01747,-0.00894,0.98504,1.00,-0.17138,-0.00780,0.00136,-0.98517,0.17147,-0.01085,-0.00402,0.98512,1.00
8412,15.00,0.00,-0.00018,0.01798,0.00565,-0.99982,-0.16582,-0.03654,0.00615,-0.98546,0.16628,0.01788,-0.00873,0.98588,1.00,-0.16632,-0.00831,0.00140,-0.98604,0.16653,-0.01036,-0.00399,0.98597,1.00
8423,15.00,0.00,-0.00058,0.01798,0.00549,-0.99982,-0.16473,-0.03626,0.00606,-0.98565,0.16558,0.01762,-0.00848,0.98600,1.00,-0.16520,-0.00805,0.00135,-0.98623,0.16581,-0.01060,-0.00378,0.98609,1.00
8434,15.00,0.00,-0.00092,0.01794,0.00547,-0.99982,-0.16439,-0.03620,0.00604,-0.98571,0.16558,0.01762,-0.00845,0.98600,1.00,-0.16487,-0.00799,0.00134,-0.98628,0.16581,-0.01060,-0.00377,0.98609,1.00
8445,15.00,0.00,-0.00125,0.01796,0.00532,-0.99982,-0.16362,-0.03476,0.00577,-0.98589,0.16510,0.01619,-0.00803,0.98611,1.00,-0.16405,-0.00657,0.00109,-0.98643,0.16531,-0.01202,-0.00339,0.98616,1.00
8456,15.00,0.00,-0.00129,0.01800,0.00527,-0.99982,-0.16376,-0.03475,0.00577,-0.98587,0.16528,0.01614,-0.00798,0.98608,1.00,-0.16420,-0.00655,0.00109,-0.98640,0.16549,-0.01207,-0.00333,0.98613,1.00
8467,15.00,0.00,-0.00101,0.01810,0.00514,-0.99982,-0.16404,-0.03481,0.00579,-0.98582,0.16529,0.01612,-0.00786,0.98608,1.00,-0.16447,-0.00661,0.00110,-0.98636,0.16549,-0.01209,-0.00319,0.98613,1.00
8478,15.00,0.00,-0.00101,0.01815,0.00512,-0.99982,-0.16430,-0.03673,0.00612,-0.98571,0.16556,0.01800,-0.00815,0.98600,1.00,-0.16478,-0.00853,0.00142,-0.98629,0.16581,-0.01021,-0.00348,0.98610,1.00
8490,15.00,0.00,-0.00087,0.01821,0.00513,-0.99982,-0.16592,-0.03692,0.00622,-0.98543,0.16705,0.01812,-0.00822,0.98575,1.00,-0.16642,-0.00869,0.00147,-0.98602,0.16732,-0.01012,-0.00349,0.98584,1.00
8501,15.00,0.00,-0.00079,0.01830,0.00514,-0.99982,-0.16599,-0.03701,0.00623,-0.98541,0.16705,0.01812,-0.00823,0.98575,1.00,-0.16650,-0.00878,0.00148,-0.98600,0.16732,-0.01012,-0.00350,0.98584,1.00
8511,15.00,0.00,-0.00062,0.01847,0.00513,-0.99982,-0.16687,-0.03708,0.00628,-0.98526,0.16775,0.01803,-0.00823,0.98563,1.00,-0.16738,-0.00884,0.00150,-0.98585,0.16802,-0.01023,-0.00346,0.98572,1.00
8522,15.00,0.00,-0.00056,0.01863,0.00511,-0.99981,-0.16714,-0.03724,0.00632,-0.98521,0.16798,0.01802,-0.00822,0.98559,1.00,-0.16766,-0.00899,0.00153,-0.98580,0.16826,-0.01023,-0.00344,0.98568,1.00
8534,15.00,0.00,-0.00011,0.01876,0.00515,-0.99981,-0.16759,-0.03739,0.00636,-0.98513,0.16798,0.01803,-0.00828,0.98559,1.00,-0.16810,-0.00913,0.00156,-0.98573,0.16826,-0.01023,-0.00348,0.98568,1.00
8544,15.00,0.00,-0.00018,0.01889,0.00514,-0.99981,-0.16760,-0.03622,0.00616,-0.98517,0.16805,0.01674,-0.00805,0.98560,1.00,-0.16809,-0.00796,0.00136,-0.98574,0.16830,-0.01153,-0.00325,0.98566,1.00
8556,15.00,0.00,-0.00023,0.01895,0.00518,-0.99981,-0.16728,-0.03758,0.00638,-0.98517,0.16779,0.01804,-0.00831,0.98562,1.00,-0.16781,-0.00933,0.00159,-0.98577,0.16808,-0.01022,-0.00352,0.98571,1.00
8566,15.00,0.00,-0.00031,0.01904,0.00513,-0.99981,-0.16720,-0.03765,0.00639,-0.98518,0.16779,0.01803,-0.00825,0.98562,1.00,-0.16772,-0.00941,0.00160,-0.98579,0.16808,-0.01022,-0.00346,0.98571,1.00
8578,15.00,0.00,-0.00044,0.01910,0.00518,-0.99980,-0.16667,-0.03580,0.00606,-0.98534,0.16737,0.01612,-0.00796,0.98573,1.00,-0.16715,-0.00756,0.00128,-0.98590,0.16762,-0.01213,-0.00319,0.98577,1.00
8590,15.00,0.00,-0.00043,0.01924,0.00515,-0.99980,-0.16618,-0.03806,0.00642,-0.98534,0.16689,0.01824,-0.00828,0.98577,1.00,-0.16672,-0.00983,0.00166,-0.98595,0.16719,-0.01000,-0.00353,0.98587,1.00
8600,15.00,0.00,-0.00029,0.01933,0.00523,-0.99980,-0.16632,-0.03818,0.00644,-0.98531,0.16689,0.01826,-0.00837,0.98577,1.00,-0.16686,-0.00995,0.00168,-0.98593,0.16719,-0.00998,-0.00361,0.98587,1.00
8612,15.00,0.00,-0.00014,0.01939,0.00541,-0.99980,-0.16693,-0.03687,0.00625,-0.98526,0.16735,0.01685,-0.00833,0.98572,1.00,-0.16745,-0.00863,0.00147,-0.98584,0.16763,-0.01140,-0.00355,0.98578,1.00
8623,15.00,0.00,-0.00012,0.01941,0.00563,-0.99980,-0.16631,-0.03804,0.00642,-0.98532,0.16674,0.01798,-0.00874,0.98580,1.00,-0.16687,-0.00982,0.00166,-0.98593,0.16704,-0.01026,-0.00397,0.98589,1.00
8634,15.00,0.00,0.00000,0.01938,0.00577,-0.99980,-0.16643,-0.03807,0.00643,-0.98530,0.16673,0.01800,-0.00889,0.98580,1.00,-0.16699,-0.00984,0.00167,-0.98591,0.16705,-0.01024,-0.00412,0.98589,1.00
8644,15.00,0.00,0.00022,0.01929,0.00591,-0.99980,-0.16669,-0.03787,0.00641,-0.98526,0.16679,0.01787,-0.00902,0.98579,1.00,-0.16726,-0.00964,0.00164,-0.98586,0.16709,-0.01037,-0.00423,0.98588,1.00
8656,15.00,0.00,0.00034,0.01917,0.00609,-0.99980,-0.16672,-0.03770,0.00638,-0.98526,0.16670,0.01778,-0.00919,0.98580,1.00,-0.16729,-0.00946,0.00161,-0.98586,0.16700,-0.01046,-0.00440,0.98589,1.00
8667,15.00,0.00,0.00009,0.01896,0.00625,-0.99980,-0.16647,-0.03753,0.00634,-0.98531,0.16670,0.01781,-0.00934,0.98580,1.00,-0.16704,-0.00930,0.00158,-0.98590,0.16700,-0.01043,-0.00457,0.98589,1.00
8678,15.00,0.00,0.00026,0.01866,0.00646,-0.99981,-0.16642,-0.03923,0.00663,-0.98525,0.16651,0.01976,-0.00990,0.98579,1.00,-0.16704,-0.01100,0.00186,-0.98589,0.16685,-0.00848,-0.00512,0.98593,1.00
8690,15.00,0.00,0.00037,0.01856,0.00652,-0.99981,-0.16623,-0.03878,0.00654,-0.98530,0.16620,0.01940,-0.00989,0.98585,1.00,-0.16683,-0.01056,0.00179,-0.98593,0.16653,-0.00883,-0.00512,0.98598,1.00
8700,15.00,0.00,0.00052,0.01835,0.00672,-0.99981,-0.16636,-0.03864,0.00652,-0.98529,0.16620,0.01944,-0.01011,0.98585,1.00,-0.16697,-0.01042,0.00176,-0.98591,0.16653,-0.00880,-0.00533,0.98598,1.00
8712,15.00,0.00,0.00086,0.01821,0.00679,-0.99981,-0.16557,-0.03863,0.00649,-0.98542,0.16508,0.01955,-0.01020,0.98603,1.00,-0.16617,-0.01042,0.00176,-0.98604,0.16540,-0.00867,-0.00544,0.98617,1.00
8723,15.00,0.00,0.00106,0.01802,0.00695,-0.99981,-0.16660,-0.03869,0.00654,-0.98524,0.16591,0.01977,-0.01043,0.98589,1.00,-0.16719,-0.01046,0.00177,-0.98587,0.16622,-0.00847,-0.00562,0.98604,1.00
8735,15.00,0.00,0.00124,0.01793,0.00702,-0.99981,-0.16658,-0.03711,0.00627,-0.98531,0.16571,0.01826,-0.01025,0.98595,1.00,-0.16714,-0.00887,0.00150,-0.98589,0.16598,-0.00998,-0.00544,0.98606,1.00
8745,15.00,0.00,0.00104,0.01770,0.00720,-0.99982,-0.16639,-0.03695,0.00624,-0.98535,0.16571,0.01829,-0.01042,0.98595,1.00,-0.16695,-0.00872,0.00148,-0.98593,0.16598,-0.00995,-0.00563,0.98606,1.00
8756,15.00,0.00,0.00050,0.01756,0.00734,-0.99982,-0.16561,-0.03671,0.00617,-0.98549,0.16546,0.01817,-0.01051,0.98599,1.00,-0.16616,-0.00849,0.00143,-0.98606,0.16572,-0.01005,-0.00575,0.98611,1.00
8767,15.00,0.00,0.00020,0.01745,0.00733,-0.99982,-0.16531,-0.03658,0.00614,-0.98554,0.16546,0.01817,-0.01048,0.98599,1.00,-0.16586,-0.00837,0.00141,-0.98611,0.16572,-0.01005,-0.00574,0.98611,1.00
8780,15.00,0.00,0.00030,0.01745,0.00739,-0.99982,-0.16610,-0.03495,0.00589,-0.98547,0.16614,0.01652,-0.01028,0.98591,1.00,-0.16660,-0.00672,0.00114,-0.98600,0.16635,-0.01172,-0.00551,0.98598,1.00
8790,15.00,0.00,0.00047,0.01736,0.00751,-0.99982,-0.17042,-0.03551,0.00614,-0.98471,0.17030,0.01712,-0.01060,0.98519,1.00,-0.17094,-0.00721,0.00125,-0.98525,0.17052,-0.01118,-0.00569,0.98527,1.00
8801,15.00,0.00,0.00070,0.01727,0.00772,-0.99982,-0.17078,-0.03561,0.00618,-0.98465,0.17045,0.01727,-0.01085,0.98516,1.00,-0.17131,-0.00730,0.00127,-0.98519,0.17067,-0.01103,-0.00592,0.98525,1.00
8812,15.00,0.00,0.00076,0.01716,0.00770,-0.99982,-0.17084,-0.03550,0.00616,-0.98464,0.17045,0.01727,-0.01083,0.98516,1.00,-0.17137,-0.00719,0.00125,-0.98518,0.17067,-0.01104,-0.00590,0.98525,1.00
8823,15.00,0.00,0.00074,0.01703,0.00774,-0.99982,-0.17090,-0.03547,0.00616,-0.98463,0.17052,0.01736,-0.01089,0.98514,1.00,-0.17142,-0.00716,0.00125,-0.98517,0.17074,-0.01095,-0.00596,0.98524,1.00
8834,15.00,0.00,0.00096,0.01699,0.00769,-0.99983,-0.17112,-0.03541,0.00615,-0.98459,0.17052,0.01736,-0.01085,0.98514,1.00,-0.17164,-0.00710,0.00124,-0.98513,0.17074,-0.01096,-0.00590,0.98524,1.00
8845,15.00,0.00,0.00135,0.01695,0.00768,-0.99983,-0.16951,-0.03709,0.00638,-0.98481,0.16854,0.01908,-0.01112,0.98545,1.00,-0.17005,-0.00881,0.00152,-0.98540,0.16878,-0.00920,-0.00621,0.98559,1.00
8857,15.00,0.00,0.00199,0.01704,0.00768,-0.99982,-0.16943,-0.03619,0.00623,-0.98486,0.16782,0.01809,-0.01097,0.98559,1.00,-0.16994,-0.00791,0.00136,-0.98542,0.16803,-0.01019,-0.00605,0.98571,1.00
8868,15.00,0.00,0.00266,0.01701,0.00775,-0.99982,-0.17008,-0.03620,0.00625,-0.98475,0.16782,0.01811,-0.01109,0.98559,1.00,-0.17059,-0.00791,0.00137,-0.98531,0.16803,-0.01018,-0.00613,0.98571,1.00
8879,15.00,0.00,0.00276,0.01699,0.00797,-0.99982,-0.16982,-0.03764,0.00649,-0.98474,0.16748,0.01953,-0.01156,0.98561,1.00,-0.17037,-0.00935,0.00162,-0.98533,0.16772,-0.00875,-0.00660,0.98577,1.00
8890,15.00,0.00,0.00261,0.01691,0.00812,-0.99982,-0.16970,-0.03752,0.00647,-0.98476,0.16751,0.01947,-0.01169,0.98561,1.00,-0.17027,-0.00924,0.00160,-0.98535,0.16776,-0.00881,-0.00675,0.98577,1.00
8902,15.00,0.00,0.00248,0.01688,0.00812,-0.99982,-0.17027,-0.03750,0.00648,-0.98466,0.16822,0.01948,-0.01169,0.98549,1.00,-0.17083,-0.00921,0.00160,-0.98526,0.16846,-0.00881,-0.00673,0.98565,1.00
8913,15.00,0.00,0.00231,0.01684,0.00808,-0.99982,-0.17011,-0.03744,0.00647,-0.98469,0.16822,0.01947,-0.01164,0.98549,1.00,-0.17067,-0.00916,0.00159,-0.98529,0.16846,-0.00882,-0.00669,0.98565,1.00
8923,15.00,0.00,0.00163,0.01668,0.00803,-0.99983,-0.16929,-0.03549,0.00610,-0.98491,0.16805,0.01768,-0.01124,0.98556,1.00,-0.16979,-0.00721,0.00124,-0.98545,0.16824,-0.01060,-0.00633,0.98567,1.00
8934,15.00,0.00,0.00132,0.01650,0.00792,-0.99983,-0.16900,-0.03526,0.00605,-0.98497,0.16805,0.01766,-0.01111,0.98556,1.00,-0.16950,-0.00698,0.00120,-0.98551,0.16824,-0.01062,-0.00622,0.98567,1.00
8946,15.00,0.00,0.00076,0.01617,0.00815,-0.99984,-0.16821,-0.03429,0.00586,-0.98514,0.16781,0.01698,-0.01119,0.98561,1.00,-0.16869,-0.00603,0.00103,-0.98565,0.16799,-0.01129,-0.00634,0.98570,1.00
8957,15.00,0.00,0.00033,0.01583,0.00823,-0.99984,-0.16718,-0.03280,0.00557,-0.98536,0.16719,0.01582,-0.01104,0.98574,1.00,-0.16764,-0.00455,0.00077,-0.98584,0.16733,-0.01244,-0.00624,0.98580,1.00
8968,15.00,0.00,0.00026,0.01546,0.00827,-0.99985,-0.16624,-0.03267,0.00551,-0.98553,0.16631,0.01606,-0.01110,0.98588,1.00,-0.16669,-0.00443,0.00075,-0.98600,0.16645,-0.01219,-0.00633,0.98595,1.00
8979,15.00,0.00,0.00034,0.01520,0.00816,-0.99985,-0.16633,-0.03238,0.00546,-0.98552,0.16631,0.01604,-0.01099,0.98588,1.00,-0.16677,-0.00414,0.00070,-0.98599,0.16645,-0.01221,-0.00622,0.98596,1.00
8990,15.00,0.00,0.00075,0.01490,0.00795,-0.99986,-0.16721,-0.03247,0.00551,-0.98537,0.16679,0.01645,-0.01088,0.98580,1.00,-0.16764,-0.00422,0.00072,-0.98584,0.16692,-0.01180,-0.00606,0.98588,1.00
9001,15.00,0.00,0.00108,0.01464,0.00783,-0.99986,-0.16799,-0.03289,0.00561,-0.98522,0.16725,0.01714,-0.01090,0.98571,1.00,-0.16843,-0.00462,0.00079,-0.98570,0.16739,-0.01113,-0.00605,0.98581,1.00
9013,15.00,0.00,0.00131,0.01439,0.00783,-0.99987,-0.16822,-0.03265,0.00557,-0.98519,0.16725,0.01714,-0.01091,0.98571,1.00,-0.16865,-0.00438,0.00075,-0.98567,0.16739,-0.01113,-0.00605,0.98581,1.00
9023,15.00,0.00,0.00151,0.01425,0.00785,-0.99987,-0.16848,-0.03399,0.00581,-0.98510,0.16732,0.01861,-0.01119,0.98566,1.00,-0.16894,-0.00572,0.00098,-0.98561,0.16749,-0.00966,-0.00631,0.98581,1.00
9034,15.00,0.00,0.00151,0.01431,0.00782,-0.99987,-0.16823,-0.03445,0.00588,-0.98513,0.16707,0.01902,-0.01123,0.98570,1.00,-0.16869,-0.00618,0.00106,-0.98565,0.16725,-0.00925,-0.00636,0.98585,1.00
9046,15.00,0.00,0.00126,0.01437,0.00786,-0.99987,-0.16798,-0.03452,0.00589,-0.98517,0.16707,0.01902,-0.01125,0.98570,1.00,-0.16845,-0.00625,0.00107,-0.98569,0.16725,-0.00924,-0.00640,0.98585,1.00
9057,15.00,0.00,0.00118,0.01449,0.00783,-0.99986,-0.16786,-0.03467,0.00591,-0.98518,0.16703,0.01907,-0.01123,0.98570,1.00,-0.16832,-0.00641,0.00109,-0.98571,0.16721,-0.00920,-0.00638,0.98586,1.00
9068,15.00,0.00,0.00090,0.01483,0.00769,-0.99986,-0.16803,-0.03505,0.00598,-0.98514,0.16747,0.01914,-0.01110,0.98563,1.00,-0.16849,-0.00679,0.00116,-0.98568,0.16765,-0.00913,-0.00625,0.98579,1.00
9080,15.00,0.00,0.00078,0.01520,0.00747,-0.99986,-0.16792,-0.03534,0.00602,-0.98515,0.16748,0.01910,-0.01086,0.98563,1.00,-0.16837,-0.00708,0.00121,-0.98570,0.16764,-0.00917,-0.00602,0.98579,1.00
9091,15.00,0.00,0.00077,0.01555,0.00743,-0.99985,-0.16798,-0.03635,0.00620,-0.98510,0.16757,0.01978,-0.01094,0.98560,1.00,-0.16846,-0.00809,0.00138,-0.98567,0.16775,-0.00849,-0.00610,0.98577,1.00
9101,11.62,0.00,0.00074,0.01586,0.00744,-0.99985,-0.16795,-0.03665,0.00625,-0.98509,0.16757,0.01978,-0.01094,0.98560,1.00,-0.16842,-0.00839,0.00143,-0.98568,0.16775,-0.00849,-0.00610,0.98577,1.00
9112,8.60,0.00,0.00071,0.01612,0.00768,-0.99984,-0.16805,-0.03678,0.00627,-0.98507,0.16771,0.01960,-0.01116,0.98558,1.00,-0.16854,-0.00851,0.00146,-0.98566,0.16791,-0.00867,-0.00632,0.98574,1.00
9124,5.25,0.00,0.00055,0.01637,0.00789,-0.99983,-0.16916,-0.03460,0.00594,-0.98496,0.16896,0.01714,-0.01097,0.98541,1.00,-0.16963,-0.00632,0.00109,-0.98549,0.16913,-0.01115,-0.00609,0.98551,1.00
9134,1.85,0.00,0.00036,0.01654,0.00801,-0.99983,-0.16897,-0.03481,0.00597,-0.98499,0.16896,0.01716,-0.01108,0.98541,1.00,-0.16944,-0.00653,0.00112,-0.98552,0.16913,-0.01113,-0.00621,0.98551,1.00
9146,0.00,0.00,0.00020,0.01663,0.00801,-0.99983,-0.16892,-0.03448,0.00591,-0.98501,0.16906,0.01674,-0.01100,0.98540,1.00,-0.16939,-0.00620,0.00107,-0.98553,0.16923,-0.01155,-0.00614,0.98549,1.00
9157,0.00,0.00,0.00005,0.01671,0.00794,-0.99983,-0.16645,-0.03408,0.00576,-0.98544,0.16674,0.01628,-0.01080,0.98581,1.00,-0.16690,-0.00583,0.00099,-0.98596,0.16688,-0.01197,-0.00603,0.98589,1.00
9168,0.00,0.00,-0.00010,0.01659,0.00789,-0.99983,-0.16631,-0.03394,0.00573,-0.98547,0.16674,0.01627,-0.01074,0.98581,1.00,-0.16675,-0.00569,0.00096,-0.98598,0.16688,-0.01198,-0.00597,0.98589,1.00
9179,0.00,0.00,-0.00028,0.01639,0.00790,-0.99983,-0.16461,-0.03341,0.00558,-0.98578,0.16522,0.01595,-0.01066,0.98607,1.00,-0.16504,-0.00519,0.00087,-0.98627,0.16535,-0.01228,-0.00596,0.98614,1.00
9190,0.00,0.00,-0.00058,0.01604,0.00787,-0.99984,-0.16388,-0.03289,0.00547,-0.98592,0.16477,0.01578,-0.01058,0.98615,1.00,-0.16430,-0.00468,0.00078,-0.98640,0.16490,-0.01243,-0.00591,0.98621,1.00
9201,0.00,0.00,-0.00087,0.01582,0.00746,-0.99985,-0.16362,-0.03253,0.00540,-0.98597,0.16478,0.01571,-0.01014,0.98615,1.00,-0.16402,-0.00432,0.00072,-0.98645,0.16489,-0.01250,-0.00548,0.98622,1.00
9214,0.00,0.00,-0.00135,0.01566,0.00703,-0.99985,-0.16301,-0.03284,0.00543,-0.98606,0.16463,0.01626,-0.00976,0.98617,1.00,-0.16339,-0.00465,0.00077,-0.98655,0.16475,-0.01195,-0.00514,0.98625,1.00
9224,0.00,0.00,-0.00174,0.01556,0.00652,-0.99986,-0.16293,-0.03415,0.00564,-0.98603,0.16494,0.01774,-0.00947,0.98610,1.00,-0.16333,-0.00596,0.00099,-0.98655,0.16507,-0.01046,-0.00486,0.98621,1.00
9235,0.00,0.00,-0.00219,0.01557,0.00629,-0.99986,-0.16236,-0.03370,0.00555,-0.98614,0.16479,0.01734,-0.00915,0.98613,1.00,-0.16275,-0.00552,0.00091,-0.98665,0.16493,-0.01086,-0.00457,0.98624,1.00
9247,0.00,0.00,-0.00268,0.01558,0.00616,-0.99986,-0.16189,-0.03366,0.00553,-0.98622,0.16480,0.01731,-0.00899,0.98613,1.00,-0.16226,-0.00549,0.00090,-0.98673,0.16493,-0.01088,-0.00444,0.98624,1.00
9257,0.00,0.00,-0.00309,0.01583,0.00612,-0.99985,-0.16377,-0.03509,0.00583,-0.98586,0.16710,0.01849,-0.00916,0.98572,1.00,-0.16420,-0.00690,0.00115,-0.98640,0.16728,-0.00973,-0.00457,0.98585,1.00
9268,0.00,0.00,-0.00340,0.01605,0.00616,-0.99985,-0.16487,-0.03471,0.00581,-0.98569,0.16850,0.01788,-0.00911,0.98550,1.00,-0.16531,-0.00649,0.00109,-0.98622,0.16869,-0.01035,-0.00449,0.98561,1.00
9279,0.00,0.00,-0.00362,0.01641,0.00617,-0.99984,-0.16465,-0.03506,0.00586,-0.98571,0.16850,0.01788,-0.00911,0.98550,1.00,-0.16509,-0.00685,0.00115,-0.98625,0.16869,-0.01035,-0.00450,0.98560,1.00
9290,0.00,0.00,-0.00364,0.01672,0.00625,-0.99983,-0.16519,-0.03578,0.00600,-0.98560,0.16907,0.01828,-0.00926,0.98539,1.00,-0.16565,-0.00756,0.00127,-0.98615,0.16928,-0.00997,-0.00464,0.98551,1.00
9302,0.00,0.00,-0.00320,0.01712,0.00622,-0.99983,-0.15893,-0.03397,0.00547,-0.98669,0.16237,0.01610,-0.00877,0.98656,1.00,-0.15934,-0.00584,0.00094,-0.98721,0.16253,-0.01205,-0.00433,0.98662,1.00
9314,0.00,0.00,-0.00257,0.01748,0.00622,-0.99982,-0.15955,-0.03434,0.00555,-0.98658,0.16237,0.01611,-0.00881,0.98656,1.00,-0.15996,-0.00620,0.00100,-0.98710,0.16253,-0.01205,-0.00433,0.98662,1.00
9324,0.00,0.00,-0.00173,0.01772,0.00624,-0.99982,-0.10934,-0.03259,0.00359,-0.99346,0.11131,0.01430,-0.00779,0.99365,1.00,-0.10961,-0.00504,0.00056,-0.99396,0.11135,-0.01326,-0.00481,0.99368,1.00
9335,0.00,0.00,-0.00107,0.01799,0.00633,-0.99982,-0.10999,-0.03288,0.00364,-0.99338,0.11131,0.01431,-0.00791,0.99365,1.00,-0.11026,-0.00532,0.00059,-0.99389,0.11135,-0.01325,-0.00489,0.99368,1.00
9346,0.00,0.00,-0.00031,0.01818,0.00639,-0.99981,-0.04664,-0.03084,0.00144,-0.99843,0.04717,0.01239,-0.00697,0.99879,1.00,-0.04675,-0.00370,0.00017,-0.99890,0.04708,-0.01476,-0.00571,0.99877,1.00
9357,0.00,0.00,0.00014,0.01837,0.00640,-0.99981,-0.02913,-0.03054,0.00089,-0.99911,0.02920,0.01199,-0.00675,0.99948,1.00,-0.02920,-0.00344,0.00010,-0.99957,0.02908,-0.01511,-0.00596,0.99945,1.00
9368,0.00,0.00,0.00047,0.01847,0.00628,-0.99981,-0.02772,-0.03243,0.00090,-0.99909,0.02746,0.01379,-0.00668,0.99951,1.00,-0.02778,-0.00535,0.00015,-0.99960,0.02734,-0.01330,-0.00592,0.99952,1.00
9380,0.00,0.00,0.00079,0.01868,0.00604,-0.99981,-0.02805,-0.03263,0.00092,-0.99907,0.02747,0.01379,-0.00645,0.99951,1.00,-0.02810,-0.00554,0.00016,-0.99959,0.02734,-0.01330,-0.00567,0.99952,1.00
9390,0.00,0.00,0.00113,0.01875,0.00592,-0.99981,-0.02730,-0.03237,0.00088,-0.99910,0.02637,0.01347,-0.00633,0.99954,1.00,-0.02734,-0.00529,0.00014,-0.99961,0.02624,-0.01362,-0.00556,0.99955,1.00
9402,0.00,0.00,0.00140,0.01887,0.00576,-0.99980,-0.02690,-0.03329,0.00090,-0.99908,0.02570,0.01427,-0.00619,0.99955,1.00,-0.02694,-0.00621,0.00017,-0.99962,0.02557,-0.01281,-0.00543,0.99958,1.00
9415,0.00,0.00,0.00161,0.01897,0.00569,-0.99980,-0.02711,-0.03339,0.00091,-0.99907,0.02570,0.01427,-0.00613,0.99955,1.00,-0.02715,-0.00631,0.00017,-0.99961,0.02557,-0.01281,-0.00535,0.99958,1.00
9425,0.00,0.00,0.00171,0.01904,0.00566,-0.99980,-0.02553,-0.03323,0.00085,-0.99912,0.02402,0.01405,-0.00608,0.99959,1.00,-0.02557,-0.00616,0.00016,-0.99965,0.02390,-0.01303,-0.00534,0.99962,1.00
9436,0.00,0.00,0.00166,0.01915,0.00573,-0.99980,-0.02439,-0.03329,0.00081,-0.99915,0.02293,0.01401,-0.00612,0.99962,1.00,-0.02445,-0.00621,0.00015,-0.99968,0.02282,-0.01307,-0.00542,0.99964,1.00
9447,0.00,0.00,0.00161,0.01932,0.00554,-0.99980,-0.02435,-0.03344,0.00081,-0.99914,0.02293,0.01400,-0.00594,0.99962,1.00,-0.02439,-0.00637,0.00016,-0.99968,0.02281,-0.01308,-0.00524,0.99964,1.00
9458,0.00,0.00,0.00153,0.01949,0.00542,-0.99979,-0.02397,-0.03454,0.00083,-0.99912,0.02264,0.01494,-0.00583,0.99962,1.00,-0.02401,-0.00747,0.00018,-0.99968,0.02252,-0.01214,-0.00514,0.99966,1.00
9469,0.00,0.00,0.00157,0.01967,0.00531,-0.99979,-0.02431,-0.03581,0.00087,-0.99906,0.02295,0.01603,-0.00575,0.99959,1.00,-0.02436,-0.00874,0.00021,-0.99967,0.02284,-0.01105,-0.00505,0.99967,1.00
9481,0.00,0.00,0.00157,0.01982,0.00535,-0.99979,-0.02431,-0.03597,0.00088,-0.99906,0.02294,0.01603,-0.00579,0.99959,1.00,-0.02437,-0.00890,0.00022,-0.99966,0.02284,-0.01105,-0.00509,0.99967,1.00
9491,0.00,0.00,0.00163,0.01991,0.00540,-0.99979,-0.04898,-0.03595,0.00176,-0.99815,0.04757,0.01580,-0.00624,0.99872,1.00,-0.04912,-0.00881,0.00043,-0.99875,0.04754,-0.01135,-0.00487,0.99879,1.00
9502,0.00,0.00,0.00159,0.02006,0.00546,-0.99978,-0.05159,-0.03501,0.00181,-0.99805,0.05022,0.01470,-0.00628,0.99861,1.00,-0.05173,-0.00785,0.00041,-0.99863,0.05018,-0.01246,-0.00483,0.99865,1.00
9514,0.00,0.00,0.00145,0.02018,0.00546,-0.99978,-0.05145,-0.03513,0.00181,-0.99806,0.05022,0.01470,-0.00627,0.99861,1.00,-0.05160,-0.00797,0.00041,-0.99864,0.05018,-0.01246,-0.00484,0.99865,1.00
9525,0.00,0.00,0.00130,0.02022,0.00533,-0.99978,-0.05180,-0.03495,0.00181,-0.99804,0.05071,0.01448,-0.00613,0.99859,1.00,-0.05194,-0.00779,0.00041,-0.99862,0.05068,-0.01268,-0.00469,0.99862,1.00
9536,0.00,0.00,0.00116,0.02022,0.00517,-0.99978,-0.05143,-0.03474,0.00179,-0.99807,0.05047,0.01428,-0.00595,0.99861,1.00,-0.05156,-0.00758,0.00039,-0.99864,0.05044,-0.01288,-0.00452,0.99863,1.00
9548,0.00,0.00,0.00112,0.02024,0.00490,-0.99978,-0.05140,-0.03473,0.00179,-0.99807,0.05048,0.01426,-0.00568,0.99861,1.00,-0.05152,-0.00757,0.00039,-0.99864,0.05043,-0.01289,-0.00425,0.99864,1.00
9558,0.00,0.00,0.00111,0.02018,0.00481,-0.99978,-0.05180,-0.03460,0.00180,-0.99806,0.05089,0.01420,-0.00559,0.99859,1.00,-0.05192,-0.00744,0.00039,-0.99862,0.05085,-0.01296,-0.00415,0.99861,1.00
9569,0.00,0.00,0.00111,0.02019,0.00476,-0.99978,-0.05164,-0.03456,0.00179,-0.99807,0.05072,0.01415,-0.00554,0.99860,1.00,-0.05177,-0.00740,0.00038,-0.99863,0.05069,-0.01301,-0.00410,0.99862,1.00
9581,0.00,0.00,0.00104,0.02016,0.00484,-0.99978,-0.05157,-0.03454,0.00178,-0.99807,0.05072,0.01415,-0.00561,0.99860,1.00,-0.05170,-0.00738,0.00038,-0.99864,0.05069,-0.01301,-0.00418,0.99862,1.00
9592,0.00,0.00,0.00101,0.02011,0.00507,-0.99978,-0.05196,-0.03581,0.00186,-0.99801,0.05116,0.01546,-0.00592,0.99855,1.00,-0.05212,-0.00865,0.00045,-0.99860,0.05115,-0.01169,-0.00448,0.99861,1.00
9602,0.00,0.00,0.00085,0.02010,0.00540,-0.99978,-0.05124,-0.03584,0.00184,-0.99804,0.05061,0.01550,-0.00623,0.99858,1.00,-0.05142,-0.00869,0.00045,-0.99864,0.05062,-0.01166,-0.00481,0.99864,1.00
9615,0.00,0.00,0.00071,0.02003,0.00551,-0.99978,-0.05110,-0.03578,0.00183,-0.99805,0.05061,0.01550,-0.00634,0.99858,1.00,-0.05128,-0.00863,0.00044,-0.99865,0.05062,-0.01165,-0.00493,0.99864,1.00
9625,0.00,0.00,0.00058,0.01994,0.00556,-0.99979,-0.05124,-0.03572,0.00183,-0.99805,0.05088,0.01552,-0.00638,0.99856,1.00,-0.05142,-0.00857,0.00044,-0.99864,0.05088,-0.01163,-0.00497,0.99862,1.00
9636,0.00,0.00,0.00049,0.01981,0.00548,-0.99979,-0.05039,-0.03621,0.00183,-0.99807,0.05012,0.01615,-0.00632,0.99859,1.00,-0.05056,-0.00906,0.00046,-0.99868,0.05012,-0.01101,-0.00493,0.99867,1.00
9648,0.00,0.00,0.00048,0.01967,0.00544,-0.99979,-0.05038,-0.03606,0.00182,-0.99808,0.05013,0.01614,-0.00627,0.99859,1.00,-0.05055,-0.00891,0.00045,-0.99868,0.05012,-0.01101,-0.00489,0.99867,1.00
9659,0.00,0.00,0.00051,0.01943,0.00542,-0.99980,-0.05057,-0.03589,0.00182,-0.99807,0.05028,0.01622,-0.00626,0.99858,1.00,-0.05073,-0.00875,0.00044,-0.99867,0.05027,-0.01093,-0.00487,0.99866,1.00
9669,0.00,0.00,0.00056,0.01930,0.00533,-0.99980,-0.05066,-0.03536,0.00180,-0.99809,0.05032,0.01582,-0.00615,0.99859,1.00,-0.05081,-0.00821,0.00042,-0.99867,0.05029,-0.01134,-0.00476,0.99866,1.00
9681,0.00,0.00,0.00055,0.01917,0.00524,-0.99980,-0.05066,-0.03522,0.00179,-0.99809,0.05032,0.01581,-0.00606,0.99859,1.00,-0.05080,-0.00807,0.00041,-0.99868,0.05029,-0.01134,-0.00467,0.99866,1.00
9692,0.00,0.00,0.00056,0.01916,0.00509,-0.99980,-0.04991,-0.03461,0.00173,-0.99815,0.04955,0.01522,-0.00588,0.99864,1.00,-0.05004,-0.00746,0.00037,-0.99872,0.04952,-0.01193,-0.00450,0.99869,1.00
9703,0.00,0.00,0.00061,0.01914,0.00495,-0.99980,-0.04997,-0.03458,0.00173,-0.99815,0.04955,0.01522,-0.00573,0.99864,1.00,-0.05009,-0.00743,0.00037,-0.99872,0.04951,-0.01194,-0.00436,0.99869,1.00
9715,0.00,0.00,0.00063,0.01924,0.00482,-0.99980,-0.05000,-0.03487,0.00175,-0.99814,0.04956,0.01541,-0.00562,0.99864,1.00,-0.05012,-0.00772,0.00039,-0.99871,0.04952,-0.01174,-0.00424,0.99869,1.00
9726,0.00,0.00,0.00067,0.01933,0.00469,-0.99980,-0.05186,-0.03531,0.00183,-0.99803,0.05138,0.01577,-0.00554,0.99854,1.00,-0.05198,-0.00816,0.00042,-0.99861,0.05135,-0.01139,-0.00411,0.99861,1.00
9736,0.00,0.00,0.00079,0.01953,0.00463,-0.99980,-0.05194,-0.03557,0.00185,-0.99802,0.05134,0.01583,-0.00549,0.99854,1.00,-0.05207,-0.00842,0.00044,-0.99861,0.05132,-0.01133,-0.00405,0.99861,1.00
9748,0.00,0.00,0.00096,0.01980,0.00460,-0.99979,-0.05211,-0.03583,0.00187,-0.99800,0.05134,0.01583,-0.00547,0.99854,1.00,-0.05225,-0.00868,0.00045,-0.99860,0.05132,-0.01133,-0.00402,0.99861,1.00
9760,0.00,0.00,0.00110,0.02001,0.00472,-0.99979,-0.05144,-0.03493,0.00180,-0.99806,0.05053,0.01470,-0.00551,0.99860,1.00,-0.05157,-0.00777,0.00040,-0.99864,0.05051,-0.01246,-0.00409,0.99864,1.00
9770,0.00,0.00,0.00125,0.02028,0.00470,-0.99978,-0.05146,-0.03501,0.00181,-0.99806,0.05040,0.01453,-0.00550,0.99861,1.00,-0.05160,-0.00786,0.00041,-0.99864,0.05038,-0.01263,-0.00406,0.99864,1.00
9782,0.00,0.00,0.00141,0.02042,0.00471,-0.99978,-0.05161,-0.03516,0.00182,-0.99805,0.05040,0.01453,-0.00551,0.99861,1.00,-0.05176,-0.00801,0.00041,-0.99863,0.05038,-0.01263,-0.00407,0.99864,1.00
9792,0.00,0.00,0.00149,0.02060,0.00463,-0.99978,-0.05193,-0.03536,0.00184,-0.99802,0.05063,0.01455,-0.00544,0.99860,1.00,-0.05208,-0.00821,0.00043,-0.99861,0.05062,-0.01261,-0.00399,0.99863,1.00
9804,0.00,0.00,0.00156,0.02060,0.00466,-0.99978,-0.05180,-0.03539,0.00184,-0.99803,0.05044,0.01457,-0.00548,0.99861,1.00,-0.05195,-0.00823,0.00043,-0.99862,0.05043,-0.01259,-0.00403,0.99864,1.00
9815,0.00,0.00,0.00145,0.02061,0.00463,-0.99978,-0.05170,-0.03539,0.00183,-0.99803,0.05044,0.01457,-0.00544,0.99861,1.00,-0.05184,-0.00824,0.00043,-0.99862,0.05043,-0.01259,-0.00399,0.99864,1.00
9825,0.00,0.00,0.00134,0.02063,0.00464,-0.99978,-0.05072,-0.03517,0.00179,-0.99809,0.04957,0.01433,-0.00542,0.99865,1.00,-0.05086,-0.00802,0.00041,-0.99867,0.04956,-0.01283,-0.00400,0.99868,1.00
9836,0.00,0.00,0.00104,0.02061,0.00462,-0.99978,-0.05036,-0.03478,0.00175,-0.99812,0.04951,0.01396,-0.00537,0.99866,1.00,-0.05050,-0.00763,0.00039,-0.99869,0.04949,-0.01319,-0.00397,0.99868,1.00
9848,0.00,0.00,0.00063,0.02058,0.00452,-0.99978,-0.04996,-0.03473,0.00174,-0.99815,0.04951,0.01396,-0.00525,0.99866,1.00,-0.05010,-0.00759,0.00038,-0.99872,0.04949,-0.01319,-0.00387,0.99868,1.00
9860,0.00,0.00,0.00046,0.02062,0.00447,-0.99978,-0.05136,-0.03472,0.00179,-0.99807,0.05109,0.01390,-0.00520,0.99858,1.00,-0.05150,-0.00756,0.00039,-0.99864,0.05107,-0.01326,-0.00379,0.99860,1.00
9870,0.00,0.00,0.00035,0.02063,0.00446,-0.99978,-0.05149,-0.03567,0.00184,-0.99803,0.05133,0.01484,-0.00525,0.99856,1.00,-0.05164,-0.00852,0.00044,-0.99863,0.05133,-0.01232,-0.00384,0.99860,1.00
9881,0.00,0.00,0.00039,0.02062,0.00452,-0.99978,-0.05153,-0.03567,0.00184,-0.99803,0.05133,0.01484,-0.00530,0.99856,1.00,-0.05168,-0.00852,0.00044,-0.99863,0.05133,-0.01231,-0.00389,0.99860,1.00
9893,0.00,0.00,0.00053,0.02062,0.00468,-0.99978,-0.05155,-0.03655,0.00189,-0.99800,0.05122,0.01572,-0.00551,0.99855,1.00,-0.05172,-0.00940,0.00049,-0.99862,0.05124,-0.01144,-0.00410,0.99861,1.00
9904,0.00,0.00,0.00065,0.02053,0.00489,-0.99978,-0.05028,-0.03557,0.00179,-0.99810,0.04983,0.01483,-0.00566,0.99863,1.00,-0.05045,-0.00842,0.00043,-0.99869,0.04984,-0.01233,-0.00428,0.99867,1.00
9915,0.00,0.00,0.00072,0.02040,0.00513,-0.99978,-0.05034,-0.03546,0.00179,-0.99810,0.04983,0.01484,-0.00590,0.99863,1.00,-0.05052,-0.00832,0.00042,-0.99869,0.04984,-0.01231,-0.00452,0.99867,1.00
9927,0.00,0.00,0.00068,0.02030,0.00524,-0.99978,-0.05029,-0.03580,0.00180,-0.99809,0.04982,0.01526,-0.00604,0.99862,1.00,-0.05047,-0.00865,0.00044,-0.99869,0.04984,-0.01189,-0.00466,0.99868,1.00
9937,0.00,0.00,0.00063,0.02030,0.00522,-0.99978,-0.05024,-0.03580,0.00180,-0.99809,0.04982,0.01526,-0.00602,0.99862,1.00,-0.05042,-0.00865,0.00044,-0.99869,0.04984,-0.01189,-0.00463,0.99868,1.00
9948,0.00,0.00,0.00063,0.02022,0.00529,-0.99978,-0.04978,-0.03515,0.00175,-0.99814,0.04936,0.01470,-0.00604,0.99865,1.00,-0.04995,-0.00801,0.00040,-0.99872,0.04936,-0.01246,-0.00467,0.99869,1.00
9959,0.00,0.00,0.00061,0.02014,0.00535,-0.99978,-0.05028,-0.03519,0.00177,-0.99811,0.04989,0.01481,-0.00612,0.99863,1.00,-0.05045,-0.00805,0.00041,-0.99869,0.04988,-0.01234,-0.00473,0.99867,1.00
9971,0.00,0.00,0.00066,0.02012,0.00544,-0.99978,-0.04984,-0.03500,0.00175,-0.99814,0.04940,0.01464,-0.00620,0.99865,1.00,-0.05001,-0.00785,0.00039,-0.99872,0.04939,-0.01251,-0.00483,0.99869,1.00
9982,0.00,0.00,0.00070,0.02010,0.00547,-0.99978,-0.04989,-0.03499,0.00175,-0.99814,0.04940,0.01464,-0.00623,0.99865,1.00,-0.05005,-0.00784,0.00039,-0.99872,0.04939,-0.01251,-0.00486,0.99869,1.00
9993,0.00,0.00,0.00080,0.02007,0.00554,-0.99978,-0.04852,-0.03529,0.00172,-0.99820,0.04794,0.01498,-0.00630,0.99872,1.00,-0.04868,-0.00815,0.00040,-0.99878,0.04793,-0.01216,-0.00496,0.99876,1.00
10003,0.00,0.00,0.00086,0.02009,0.00556,-0.99978,-0.04854,-0.03562,0.00173,-0.99818,0.04790,0.01529,-0.00634,0.99871,1.00,-0.04870,-0.00848,0.00041,-0.99878,0.04788,-0.01185,-0.00500,0.99877,1.00
10015,0.00,0.00,0.00081,0.02006,0.00552,-0.99978,-0.04849,-0.03559,0.00173,-0.99819,0.04790,0.01529,-0.00629,0.99872,1.00,-0.04865,-0.00845,0.00041,-0.99878,0.04788,-0.01186,-0.00495,0.99877,1.00
10027,0.00,0.00,0.00079,0.02013,0.00547,-0.99978,-0.04866,-0.03570,0.00174,-0.99818,0.04809,0.01532,-0.00625,0.99871,1.00,-0.04881,-0.00856,0.00042,-0.99877,0.04806,-0.01182,-0.00491,0.99876,1.00
10038,0.00,0.00,0.00057,0.02022,0.00535,-0.99978,-0.05025,-0.03579,0.00180,-0.99809,0.04990,0.01533,-0.00615,0.99862,1.00,-0.05039,-0.00864,0.00044,-0.99869,0.04987,-0.01182,-0.00477,0.99867,1.00
10050,0.00,0.00,0.00023,0.02030,0.00531,-0.99978,-0.04992,-0.03586,0.00179,-0.99811,0.04990,0.01533,-0.00608,0.99862,1.00,-0.05006,-0.00871,0.00044,-0.99871,0.04987,-0.01183,-0.00472,0.99867,1.00
10060,0.00,0.00,-0.00014,0.02043,0.00518,-0.99978,-0.05053,-0.03620,0.00183,-0.99806,0.05088,0.01554,-0.00597,0.99857,1.00,-0.05067,-0.00905,0.00046,-0.99867,0.05085,-0.01161,-0.00460,0.99863,1.00
10071,0.00,0.00,-0.00047,0.02044,0.00507,-0.99978,-0.05040,-0.03614,0.00183,-0.99807,0.05108,0.01548,-0.00584,0.99856,1.00,-0.05054,-0.00899,0.00046,-0.99868,0.05105,-0.01168,-0.00448,0.99862,1.00
10082,0.00,0.00,-0.00048,0.02055,0.00494,-0.99978,-0.05040,-0.03623,0.00183,-0.99807,0.05108,0.01547,-0.00571,0.99856,1.00,-0.05053,-0.00909,0.00046,-0.99868,0.05105,-0.01168,-0.00436,0.99862,1.00
10093,0.00,0.00,-0.00032,0.02050,0.00494,-0.99978,-0.04764,-0.03567,0.00170,-0.99823,0.04816,0.01496,-0.00565,0.99871,1.00,-0.04776,-0.00853,0.00041,-0.99882,0.04812,-0.01218,-0.00436,0.99876,1.00
10104,0.00,0.00,-0.00028,0.02054,0.00496,-0.99978,-0.04722,-0.03563,0.00169,-0.99825,0.04771,0.01489,-0.00565,0.99873,1.00,-0.04735,-0.00850,0.00040,-0.99884,0.04768,-0.01225,-0.00438,0.99878,1.00
10116,0.00,0.00,-0.00010,0.02049,0.00498,-0.99978,-0.04740,-0.03559,0.00169,-0.99824,0.04771,0.01489,-0.00569,0.99873,1.00,-0.04753,-0.00846,0.00040,-0.99883,0.04768,-0.01225,-0.00440,0.99878,1.00
10127,0.00,0.00,0.00006,0.02047,0.00498,-0.99978,-0.04766,-0.03519,0.00168,-0.99824,0.04779,0.01451,-0.00568,0.99874,1.00,-0.04779,-0.00805,0.00039,-0.99883,0.04777,-0.01263,-0.00438,0.99877,1.00
10138,0.00,0.00,0.00024,0.02049,0.00493,-0.99978,-0.04759,-0.03616,0.00172,-0.99821,0.04756,0.01546,-0.00568,0.99873,1.00,-0.04773,-0.00902,0.00043,-0.99882,0.04754,-0.01168,-0.00438,0.99879,1.00
10149,0.00,0.00,0.00061,0.02052,0.00495,-0.99978,-0.04796,-0.03619,0.00174,-0.99819,0.04756,0.01546,-0.00571,0.99873,1.00,-0.04810,-0.00905,0.00044,-0.99880,0.04754,-0.01168,-0.00440,0.99879,1.00
10160,0.00,0.00,0.00094,0.02052,0.00490,-0.99978,-0.04960,-0.03548,0.00176,-0.99814,0.04886,0.01474,-0.00567,0.99868,1.00,-0.04974,-0.00833,0.00042,-0.99873,0.04884,-0.01241,-0.00429,0.99872,1.00
10171,0.00,0.00,0.00085,0.02047,0.00497,-0.99978,-0.04925,-0.03569,0.00176,-0.99815,0.04861,0.01501,-0.00574,0.99869,1.00,-0.04940,-0.00855,0.00042,-0.99874,0.04859,-0.01214,-0.00438,0.99874,1.00
10182,0.00,0.00,0.00087,0.02045,0.00498,-0.99978,-0.04927,-0.03567,0.00176,-0.99815,0.04861,0.01501,-0.00576,0.99869,1.00,-0.04942,-0.00853,0.00042,-0.99874,0.04859,-0.01214,-0.00440,0.99874,1.00
10193,0.00,0.00,0.00079,0.02044,0.00502,-0.99978,-0.05114,-0.03540,0.00181,-0.99806,0.05055,0.01474,-0.00580,0.99860,1.00,-0.05130,-0.00825,0.00042,-0.99865,0.05054,-0.01242,-0.00439,0.99863,1.00
10205,0.00,0.00,0.00051,0.02044,0.00503,-0.99978,-0.05074,-0.03498,0.00178,-0.99810,0.05042,0.01432,-0.00578,0.99861,1.00,-0.05089,-0.00783,0.00040,-0.99867,0.05041,-0.01284,-0.00438,0.99864,1.00
10216,0.00,0.00,-0.00002,0.02031,0.00515,-0.99978,-0.05020,-0.03486,0.00175,-0.99813,0.05042,0.01432,-0.00587,0.99861,1.00,-0.05036,-0.00771,0.00039,-0.99870,0.05041,-0.01283,-0.00451,0.99864,1.00
10227,0.00,0.00,-0.00028,0.02027,0.00510,-0.99978,-0.04928,-0.03483,0.00172,-0.99818,0.04976,0.01434,-0.00580,0.99864,1.00,-0.04943,-0.00769,0.00038,-0.99875,0.04975,-0.01281,-0.00447,0.99867,1.00
10238,0.00,0.00,-0.00047,0.02017,0.00500,-0.99978,-0.04774,-0.03521,0.00168,-0.99824,0.04841,0.01483,-0.00570,0.99870,1.00,-0.04788,-0.00807,0.00039,-0.99882,0.04839,-0.01232,-0.00441,0.99874,1.00
10250,0.00,0.00,-0.00043,0.02008,0.00495,-0.99979,-0.04779,-0.03511,0.00168,-0.99824,0.04841,0.01482,-0.00565,0.99870,1.00,-0.04792,-0.00798,0.00038,-0.99882,0.04839,-0.01232,-0.00437,0.99874,1.00
10261,0.00,0.00,-0.00025,0.02001,0.00484,-0.99979,-0.04741,-0.03624,0.00172,-0.99822,0.04786,0.01603,-0.00560,0.99871,1.00,-0.04755,-0.00910,0.00043,-0.99883,0.04784,-0.01111,-0.00432,0.99878,1.00
10271,0.00,0.00,0.00042,0.01992,0.00474,-0.99979,-0.04830,-0.03625,0.00175,-0.99817,0.04808,0.01614,-0.00554,0.99870,1.00,-0.04844,-0.00912,0.00044,-0.99878,0.04806,-0.01101,-0.00421,0.99877,1.00
10282,0.00,0.00,0.00086,0.01989,0.00480,-0.99979,-0.04874,-0.03623,0.00177,-0.99815,0.04808,0.01614,-0.00563,0.99870,1.00,-0.04888,-0.00909,0.00045,-0.99876,0.04806,-0.01100,-0.00428,0.99877,1.00
10294,0.00,0.00,0.00106,0.01978,0.00504,-0.99979,-0.04883,-0.03658,0.00179,-0.99814,0.04798,0.01658,-0.00589,0.99869,1.00,-0.04899,-0.00944,0.00046,-0.99875,0.04798,-0.01057,-0.00453,0.99878,1.00
10305,0.00,0.00,0.00116,0.01986,0.00511,-0.99979,-0.04925,-0.03678,0.00181,-0.99811,0.04831,0.01669,-0.00597,0.99868,1.00,-0.04942,-0.00964,0.00048,-0.99873,0.04831,-0.01045,-0.00461,0.99877,1.00
10316,0.00,0.00,0.00122,0.01990,0.00523,-0.99979,-0.04931,-0.03683,0.00182,-0.99810,0.04831,0.01670,-0.00610,0.99867,1.00,-0.04948,-0.00969,0.00048,-0.99873,0.04831,-0.01045,-0.00473,0.99877,1.00
10327,0.00,0.00,0.00120,0.02004,0.00524,-0.99978,-0.05111,-0.03575,0.00183,-0.99805,0.05013,0.01546,-0.00608,0.99860,1.00,-0.05128,-0.00860,0.00044,-0.99865,0.05013,-0.01169,-0.00466,0.99866,1.00
10339,0.00,0.00,0.00117,0.02011,0.00538,-0.99978,-0.04921,-0.03542,0.00175,-0.99816,0.04826,0.01507,-0.00617,0.99870,1.00,-0.04937,-0.00828,0.00041,-0.99875,0.04825,-0.01208,-0.00480,0.99875,1.00
10349,0.00,0.00,0.00116,0.02017,0.00550,-0.99978,-0.04919,-0.03549,0.00175,-0.99816,0.04826,0.01508,-0.00629,0.99870,1.00,-0.04936,-0.00834,0.00041,-0.99875,0.04825,-0.01207,-0.00492,0.99875,1.00
10360,0.00,0.00,0.00121,0.02022,0.00555,-0.99978,-0.05077,-0.03587,0.00182,-0.99806,0.04978,0.01540,-0.00638,0.99862,1.00,-0.05094,-0.00873,0.00045,-0.99866,0.04977,-0.01175,-0.00497,0.99868,1.00
10372,0.00,0.00,0.00134,0.02033,0.00550,-0.99978,-0.04915,-0.03854,0.00190,-0.99805,0.04806,0.01797,-0.00643,0.99866,1.00,-0.04933,-0.01141,0.00056,-0.99872,0.04806,-0.00917,-0.00506,0.99879,1.00
10382,0.00,0.00,0.00155,0.02041,0.00545,-0.99978,-0.04937,-0.03862,0.00191,-0.99803,0.04806,0.01796,-0.00640,0.99866,1.00,-0.04954,-0.01148,0.00057,-0.99871,0.04806,-0.00918,-0.00502,0.99879,1.00
10394,0.00,0.00,0.00176,0.02037,0.00577,-0.99977,-0.05144,-0.03850,0.00198,-0.99793,0.04994,0.01787,-0.00676,0.99857,1.00,-0.05163,-0.01136,0.00059,-0.99860,0.04994,-0.00928,-0.00532,0.99869,1.00
10406,0.00,0.00,0.00206,0.02038,0.00604,-0.99977,-0.04858,-0.03604,0.00175,-0.99817,0.04677,0.01540,-0.00687,0.99876,1.00,-0.04876,-0.00890,0.00043,-0.99877,0.04676,-0.01175,-0.00549,0.99882,1.00
10416,0.00,0.00,0.00226,0.02016,0.00634,-0.99977,-0.04877,-0.03586,0.00175,-0.99816,0.04677,0.01541,-0.00718,0.99876,1.00,-0.04897,-0.00872,0.00043,-0.99876,0.04676,-0.01173,-0.00580,0.99882,1.00
10427,0.00,0.00,0.00233,0.02011,0.00638,-0.99977,-0.05060,-0.03323,0.00168,-0.99816,0.04851,0.01283,-0.00711,0.99872,1.00,-0.05077,-0.00607,0.00031,-0.99869,0.04848,-0.01433,-0.00567,0.99871,1.00
10438,0.00,0.00,0.00232,0.01995,0.00633,-0.99978,-0.05031,-0.03432,0.00173,-0.99814,0.04824,0.01408,-0.00712,0.99871,1.00,-0.05048,-0.00717,0.00036,-0.99870,0.04820,-0.01308,-0.00569,0.99874,1.00
10450,0.00,0.00,0.00225,0.01980,0.00612,-0.99978,-0.05025,-0.03415,0.00172,-0.99815,0.04824,0.01407,-0.00691,0.99871,1.00,-0.05041,-0.00700,0.00035,-0.99870,0.04820,-0.01309,-0.00548,0.99874,1.00
10461,0.00,0.00,0.00212,0.01958,0.00600,-0.99979,-0.05274,-0.03401,0.00180,-0.99803,0.05086,0.01414,-0.00683,0.99858,1.00,-0.05289,-0.00685,0.00036,-0.99858,0.05081,-0.01302,-0.00534,0.99861,1.00
10472,0.00,0.00,0.00197,0.01938,0.00586,-0.99979,-0.05248,-0.03695,0.00194,-0.99794,0.05076,0.01729,-0.00685,0.99854,1.00,-0.05264,-0.00980,0.00052,-0.99857,0.05073,-0.00986,-0.00537,0.99865,1.00
10483,0.00,0.00,0.00185,0.01927,0.00572,-0.99980,-0.05237,-0.03683,0.00193,-0.99795,0.05076,0.01728,-0.00670,0.99854,1.00,-0.05251,-0.00968,0.00051,-0.99857,0.05072,-0.00987,-0.00523,0.99865,1.00
10495,0.00,0.00,0.00170,0.01923,0.00572,-0.99980,-0.05195,-0.03702,0.00193,-0.99796,0.05049,0.01752,-0.00670,0.99855,1.00,-0.05209,-0.00987,0.00051,-0.99859,0.05045,-0.00964,-0.00524,0.99867,1.00
10505,0.00,0.00,0.00153,0.01922,0.00567,-0.99980,-0.05189,-0.03670,0.00191,-0.99798,0.05059,0.01721,-0.00662,0.99855,1.00,-0.05204,-0.00955,0.00050,-0.99860,0.05056,-0.00994,-0.00517,0.99866,1.00
10517,0.00,0.00,0.00145,0.01928,0.00579,-0.99980,-0.05180,-0.03677,0.00191,-0.99798,0.05059,0.01722,-0.00674,0.99855,1.00,-0.05196,-0.00962,0.00050,-0.99860,0.05056,-0.00993,-0.00529,0.99866,1.00
10529,0.00,0.00,0.00138,0.01931,0.00589,-0.99980,-0.05199,-0.03506,0.00183,-0.99803,0.05085,0.01548,-0.00675,0.99856,1.00,-0.05215,-0.00791,0.00041,-0.99861,0.05082,-0.01168,-0.00530,0.99863,1.00
10540,0.00,0.00,0.00148,0.01942,0.00621,-0.99979,-0.05225,-0.03489,0.00183,-0.99802,0.05102,0.01517,-0.00706,0.99856,1.00,-0.05242,-0.00773,0.00041,-0.99860,0.05099,-0.01200,-0.00560,0.99861,1.00
10551,0.00,0.00,0.00152,0.01944,0.00634,-0.99979,-0.05229,-0.03492,0.00183,-0.99802,0.05102,0.01517,-0.00719,0.99856,1.00,-0.05247,-0.00776,0.00041,-0.99859,0.05099,-0.01199,-0.00573,0.99861,1.00
10562,0.00,0.00,0.00162,0.01947,0.00649,-0.99979,-0.05036,-0.03494,0.00176,-0.99812,0.04899,0.01517,-0.00731,0.99866,1.00,-0.05054,-0.00779,0.00039,-0.99869,0.04897,-0.01198,-0.00590,0.99871,1.00
10573,0.00,0.00,0.00166,0.01944,0.00654,-0.99979,-0.05044,-0.03490,0.00176,-0.99812,0.04903,0.01516,-0.00737,0.99866,1.00,-0.05061,-0.00775,0.00039,-0.99869,0.04900,-0.01200,-0.00595,0.99871,1.00
10584,0.00,0.00,0.00171,0.01940,0.00660,-0.99979,-0.05049,-0.03487,0.00176,-0.99811,0.04903,0.01516,-0.00743,0.99865,1.00,-0.05066,-0.00772,0.00039,-0.99869,0.04900,-0.01199,-0.00601,0.99871,1.00
10595,0.00,0.00,0.00176,0.01930,0.00661,-0.99979,-0.05284,-0.03488,0.00185,-0.99799,0.05133,0.01525,-0.00748,0.99854,1.00,-0.05301,-0.00772,0.00041,-0.99856,0.05130,-0.01191,-0.00600,0.99859,1.00
10606,0.00,0.00,0.00177,0.01918,0.00668,-0.99979,-0.05279,-0.03503,0.00185,-0.99799,0.05128,0.01553,-0.00757,0.99854,1.00,-0.05296,-0.00787,0.00042,-0.99857,0.05123,-0.01164,-0.00609,0.99860,1.00
10618,356.69,0.00,0.00163,0.01900,0.00679,-0.99980,-0.05264,-0.03486,0.00184,-0.99800,0.05127,0.01553,-0.00768,0.99853,1.00,-0.05282,-0.00770,0.00041,-0.99857,0.05124,-0.01163,-0.00620,0.99860,1.00
10628,353.29,0.00,0.00150,0.01887,0.00689,-0.99980,-0.05354,-0.03506,0.00188,-0.99795,0.05231,0.01585,-0.00780,0.99847,1.00,-0.05372,-0.00790,0.00042,-0.99853,0.05227,-0.01132,-0.00630,0.99855,1.00
10640,350.15,0.00,0.00132,0.01869,0.00682,-0.99980,-0.05130,-0.03497,0.00180,-0.99807,0.05024,0.01596,-0.00769,0.99858,1.00,-0.05146,-0.00782,0.00040,-0.99864,0.05019,-0.01120,-0.00626,0.99866,1.00
10651,346.55,0.00,0.00118,0.01865,0.00668,-0.99980,-0.05117,-0.03492,0.00179,-0.99808,0.05024,0.01595,-0.00754,0.99858,1.00,-0.05132,-0.00777,0.00040,-0.99865,0.05019,-0.01121,-0.00612,0.99866,1.00
10663,345.00,0.00,0.00122,0.01859,0.00664,-0.99980,-0.04935,-0.03419,0.00169,-0.99819,0.04839,0.01529,-0.00744,0.99868,1.00,-0.04949,-0.00704,0.00035,-0.99875,0.04832,-0.01186,-0.00607,0.99874,1.00
10673,345.00,0.00,0.00118,0.01859,0.00669,-0.99980,-0.04945,-0.03436,0.00170,-0.99818,0.04853,0.01546,-0.00750,0.99867,1.00,-0.04959,-0.00722,0.00036,-0.99874,0.04846,-0.01169,-0.00612,0.99874,1.00
10685,345.00,0.00,0.00120,0.01860,0.00683,-0.99980,-0.05137,-0.03454,0.00178,-0.99808,0.05042,0.01562,-0.00768,0.99858,1.00,-0.05152,-0.00739,0.00038,-0.99864,0.05036,-0.01154,-0.00625,0.99864,1.00
10695,345.00,0.00,0.00116,0.01867,0.00696,-0.99980,-0.05131,-0.03463,0.00178,-0.99808,0.05042,0.01563,-0.00781,0.99858,1.00,-0.05147,-0.00748,0.00039,-0.99865,0.05037,-0.01153,-0.00638,0.99864,1.00
10706,345.00,0.00,0.00111,0.01878,0.00711,-0.99980,-0.05136,-0.03481,0.00179,-0.99807,0.05053,0.01569,-0.00796,0.99857,1.00,-0.05153,-0.00766,0.00040,-0.99864,0.05047,-0.01147,-0.00654,0.99864,1.00
10717,345.00,0.00,0.00101,0.01888,0.00712,-0.99980,-0.05126,-0.03491,0.00179,-0.99807,0.05053,0.01569,-0.00797,0.99857,1.00,-0.05143,-0.00776,0.00040,-0.99865,0.05047,-0.01147,-0.00655,0.99864,1.00
10729,345.00,0.00,0.00094,0.01901,0.00705,-0.99979,-0.05126,-0.03500,0.00180,-0.99807,0.05059,0.01565,-0.00789,0.99857,1.00,-0.05141,-0.00785,0.00040,-0.99865,0.05052,-0.01150,-0.00647,0.99864,1.00
10740,345.00,0.00,0.00090,0.01908,0.00695,-0.99979,-0.04902,-0.03394,0.00167,-0.99822,0.04838,0.01455,-0.00770,0.99869,1.00,-0.04915,-0.00679,0.00033,-0.99877,0.04830,-0.01260,-0.00634,0.99873,1.00
10752,345.00,0.00,0.00085,0.01914,0.00689,-0.99979,-0.04905,-0.03521,0.00173,-0.99817,0.04847,0.01576,-0.00770,0.99867,1.00,-0.04919,-0.00807,0.00040,-0.99876,0.04839,-0.01139,-0.00634,0.99874,1.00
10763,345.00,0.00,0.00085,0.01918,0.00682,-0.99979,-0.04905,-0.03525,0.00173,-0.99817,0.04847,0.01576,-0.00763,0.99867,1.00,-0.04919,-0.00810,0.00040,-0.99876,0.04839,-0.01139,-0.00627,0.99874,1.00
10774,345.00,0.00,0.00084,0.01921,0.00678,-0.99979,-0.04912,-0.03518,0.00173,-0.99817,0.04855,0.01566,-0.00758,0.99867,1.00,-0.04926,-0.00803,0.00040,-0.99875,0.04847,-0.01149,-0.00622,0.99874,1.00
10785,345.00,0.00,0.00088,0.01922,0.00679,-0.99979,-0.04917,-0.03518,0.00173,-0.99817,0.04855,0.01566,-0.00759,0.99867,1.00,-0.04930,-0.00804,0.00040,-0.99875,0.04847,-0.01149,-0.00624,0.99874,1.00
10797,345.00,0.00,0.00098,0.01922,0.00674,-0.99979,-0.04873,-0.03510,0.00171,-0.99819,0.04801,0.01558,-0.00754,0.99870,1.00,-0.04886,-0.00796,0.00039,-0.99877,0.04793,-0.01157,-0.00619,0.99876,1.00
10808,345.00,0.00,0.00115,0.01920,0.00668,-0.99979,-0.04892,-0.03370,0.00165,-0.99823,0.04801,0.01421,-0.00742,0.99872,1.00,-0.04904,-0.00656,0.00032,-0.99878,0.04793,-0.01294,-0.00606,0.99875,1.00
10819,345.00,0.00,0.00128,0.01918,0.00663,-0.99979,-0.04897,-0.03344,0.00164,-0.99824,0.04794,0.01396,-0.00736,0.99873,1.00,-0.04909,-0.00629,0.00031,-0.99877,0.04786,-0.01319,-0.00599,0.99875,1.00
10830,345.00,0.00,0.00149,0.01915,0.00652,-0.99979,-0.04919,-0.03340,0.00165,-0.99823,0.04794,0.01396,-0.00726,0.99873,1.00,-0.04931,-0.00626,0.00031,-0.99876,0.04786,-0.01319,-0.00588,0.99875,1.00
10841,345.00,0.00,0.00167,0.01915,0.00644,-0.99979,-0.00211,-0.03297,0.00007,-0.99945,0.00065,0.01381,-0.00652,0.99988,1.00,-0.00210,-0.00592,0.00001,-0.99998,0.00046,-0.01324,-0.00642,0.99989,1.00
10852,345.00,0.00,0.00199,0.01915,0.00641,-0.99979,-0.00242,-0.03297,0.00008,-0.99945,0.00065,0.01381,-0.00650,0.99988,1.00,-0.00241,-0.00592,0.00001,-0.99998,0.00046,-0.01324,-0.00639,0.99989,1.00
10865,345.00,0.00,0.00231,0.01919,0.00633,-0.99979,0.05427,-0.02874,-0.00156,-0.99811,-0.05641,0.00992,-0.00586,0.99834,1.00,0.05440,-0.00156,-0.00008,-0.99852,-0.05669,-0.01726,-0.00728,0.99822,1.00
10875,345.00,0.00,0.00264,0.01923,0.00641,-0.99979,0.08130,-0.02892,-0.00236,-0.99627,-0.08377,0.01028,-0.00567,0.99642,1.00,0.08148,-0.00159,-0.00013,-0.99667,-0.08408,-0.01706,-0.00783,0.99628,1.00
10886,345.00,0.00,0.00298,0.01936,0.00647,-0.99979,0.08316,-0.02704,-0.00226,-0.99617,-0.08598,0.00829,-0.00588,0.99625,1.00,0.08330,0.00031,0.00003,-0.99652,-0.08626,-0.01907,-0.00808,0.99606,1.00
10898,345.00,0.00,0.00332,0.01950,0.00650,-0.99978,0.08283,-0.02716,-0.00226,-0.99619,-0.08598,0.00828,-0.00593,0.99624,1.00,0.08297,0.00018,0.00002,-0.99655,-0.08626,-0.01907,-0.00811,0.99606,1.00
10908,345.00,0.00,0.00363,0.01958,0.00650,-0.99978,0.08113,-0.02718,-0.00221,-0.99633,-0.08460,0.00819,-0.00595,0.99636,1.00,0.08128,0.00016,0.00001,-0.99669,-0.08488,-0.01915,-0.00808,0.99617,1.00
10919,345.00,0.00,0.00387,0.01972,0.00640,-0.99978,0.07973,-0.02723,-0.00218,-0.99644,-0.08344,0.00809,-0.00588,0.99646,1.00,0.07988,0.00009,0.00001,-0.99680,-0.08372,-0.01924,-0.00796,0.99627,1.00
10931,345.00,0.00,0.00407,0.01975,0.00640,-0.99978,0.07953,-0.02726,-0.00218,-0.99646,-0.08344,0.00809,-0.00589,0.99646,1.00,0.07968,0.00006,0.00000,-0.99682,-0.08372,-0.01924,-0.00796,0.99627,1.00
10941,345.00,0.00,0.00431,0.01983,0.00636,-0.99977,0.07849,-0.02711,-0.00214,-0.99654,-0.08264,0.00785,-0.00588,0.99653,1.00,0.07864,0.00021,0.00002,-0.99690,-0.08292,-0.01948,-0.00791,0.99633,1.00
10952,345.00,0.00,0.00453,0.01983,0.00635,-0.99977,0.07867,-0.02638,-0.00208,-0.99655,-0.08305,0.00712,-0.00593,0.99650,1.00,0.07881,0.00094,0.00007,-0.99689,-0.08332,-0.02021,-0.00796,0.99629,1.00
10964,345.00,0.00,0.00477,0.01985,0.00635,-0.99977,0.07843,-0.02640,-0.00208,-0.99657,-0.08305,0.00712,-0.00594,0.99650,1.00,0.07857,0.00092,0.00007,-0.99691,-0.08332,-0.02021,-0.00796,0.99629,1.00
10974,345.00,0.00,0.00506,0.01983,0.00644,-0.99977,0.07943,-0.02626,-0.00209,-0.99649,-0.08433,0.00702,-0.00603,0.99640,1.00,0.07956,0.00106,0.00008,-0.99683,-0.08460,-0.02031,-0.00807,0.99618,1.00
10986,345.00,0.00,0.00530,0.01979,0.00652,-0.99977,0.07984,-0.02700,-0.00216,-0.99644,-0.08497,0.00781,-0.00606,0.99633,1.00,0.07998,0.00033,0.00003,-0.99680,-0.08524,-0.01953,-0.00811,0.99614,1.00
10998,345.00,0.00,0.00559,0.01975,0.00666,-0.99977,0.07956,-0.02693,-0.00215,-0.99646,-0.08497,0.00779,-0.00621,0.99633,1.00,0.07969,0.00039,0.00003,-0.99682,-0.08524,-0.01954,-0.00824,0.99613,1.00
11008,345.00,0.00,0.00585,0.01965,0.00673,-0.99977,0.07938,-0.02720,-0.00217,-0.99647,-0.08505,0.00816,-0.00626,0.99632,1.00,0.07951,0.00012,0.00001,-0.99683,-0.08533,-0.01917,-0.00828,0.99613,1.00
11019,345.00,0.00,0.00600,0.01962,0.00683,-0.99977,0.07931,-0.02741,-0.00218,-0.99647,-0.08513,0.00841,-0.00634,0.99631,1.00,0.07945,-0.00009,-0.00001,-0.99684,-0.08541,-0.01892,-0.00836,0.99613,1.00
11031,345.00,0.00,0.00605,0.01950,0.00698,-0.99977,0.07927,-0.02727,-0.00217,-0.99648,-0.08513,0.00840,-0.00649,0.99631,1.00,0.07939,0.00005,0.00000,-0.99684,-0.08540,-0.01893,-0.00850,0.99613,1.00
11041,345.00,0.00,0.00601,0.01936,0.00709,-0.99977,0.07966,-0.02719,-0.00217,-0.99645,-0.08548,0.00848,-0.00660,0.99628,1.00,0.07979,0.00013,0.00001,-0.99681,-0.08576,-0.01886,-0.00862,0.99610,1.00
11053,345.00,0.00,0.00606,0.01918,0.00717,-0.99977,0.07961,-0.02701,-0.00216,-0.99646,-0.08549,0.00847,-0.00667,0.99628,1.00,0.07974,0.00032,0.00003,-0.99682,-0.08576,-0.01887,-0.00870,0.99610,1.00
11065,345.00,0.00,0.00613,0.01910,0.00709,-0.99977,0.07979,-0.02582,-0.00207,-0.99647,-0.08574,0.00736,-0.00668,0.99627,1.00,0.07991,0.00150,0.00012,-0.99680,-0.08601,-0.01998,-0.00870,0.99606,1.00
11075,345.00,0.00,0.00627,0.01897,0.00710,-0.99978,0.07794,-0.02573,-0.00201,-0.99662,-0.08402,0.00739,-0.00670,0.99641,1.00,0.07807,0.00158,0.00012,-0.99695,-0.08430,-0.01994,-0.00867,0.99620,1.00
11086,345.00,0.00,0.00624,0.01890,0.00701,-0.99978,0.07796,-0.02568,-0.00201,-0.99662,-0.08402,0.00739,-0.00661,0.99641,1.00,0.07809,0.00164,0.00013,-0.99695,-0.08431,-0.01993,-0.00858,0.99620,1.00
11098,345.00,0.00,0.00635,0.01886,0.00700,-0.99978,0.07572,-0.02591,-0.00197,-0.99679,-0.08189,0.00765,-0.00661,0.99659,1.00,0.07585,0.00140,0.00011,-0.99712,-0.08217,-0.01967,-0.00851,0.99639,1.00
11108,345.00,0.00,0.00633,0.01891,0.00691,-0.99978,0.07584,-0.02704,-0.00206,-0.99675,-0.08198,0.00872,-0.00644,0.99657,1.00,0.07598,0.00026,0.00002,-0.99711,-0.08228,-0.01859,-0.00835,0.99640,1.00
11120,345.00,0.00,0.00618,0.01908,0.00688,-0.99978,0.07601,-0.02730,-0.00208,-0.99673,-0.08200,0.00881,-0.00639,0.99657,1.00,0.07616,0.00000,0.00000,-0.99710,-0.08230,-0.01850,-0.00831,0.99640,1.00
11131,345.00,0.00,0.00565,0.01936,0.00677,-0.99977,0.07654,-0.02759,-0.00212,-0.99668,-0.08200,0.00882,-0.00626,0.99657,1.00,0.07669,-0.00029,-0.00002,-0.99705,-0.08230,-0.01849,-0.00821,0.99640,1.00
11142,345.00,0.00,0.00537,0.01963,0.00670,-0.99977,0.07679,-0.02802,-0.00216,-0.99665,-0.08198,0.00897,-0.00618,0.99657,1.00,0.07695,-0.00071,-0.00005,-0.99703,-0.08228,-0.01835,-0.00814,0.99641,1.00
11153,345.00,0.00,0.00517,0.01987,0.00666,-0.99977,0.07699,-0.02826,-0.00218,-0.99663,-0.08198,0.00898,-0.00613,0.99657,1.00,0.07715,-0.00096,-0.00007,-0.99702,-0.08228,-0.01834,-0.00811,0.99641,1.00
11165,345.00,0.00,0.00548,0.02008,0.00666,-0.99976,0.07648,-0.02736,-0.00210,-0.99669,-0.08178,0.00786,-0.00622,0.99660,1.00,0.07663,-0.00006,0.00000,-0.99706,-0.08207,-0.01946,-0.00817,0.99640,1.00
11175,345.00,0.00,0.00609,0.02028,0.00662,-0.99975,0.07715,-0.02787,-0.00216,-0.99663,-0.08306,0.00817,-0.00618,0.99649,1.00,0.07730,-0.00056,-0.00004,-0.99701,-0.08336,-0.01915,-0.00813,0.99630,1.00
11187,345.00,0.00,0.00619,0.02036,0.00657,-0.99975,0.07698,-0.02709,-0.00209,-0.99666,-0.08300,0.00731,-0.00619,0.99650,1.00,0.07712,0.00022,0.00002,-0.99702,-0.08328,-0.02001,-0.00813,0.99629,1.00
11198,345.00,0.00,0.00618,0.02043,0.00657,-0.99975,0.07700,-0.02716,-0.00210,-0.99666,-0.08300,0.00731,-0.00619,0.99650,1.00,0.07714,0.00015,0.00001,-0.99702,-0.08328,-0.02001,-0.00813,0.99629,1.00
11208,345.00,0.00,0.00583,0.02052,0.00646,-0.99975,0.07603,-0.02619,-0.00200,-0.99676,-0.08169,0.00623,-0.00616,0.99662,1.00,0.07616,0.00112,0.00009,-0.99709,-0.08196,-0.02108,-0.00808,0.99638,1.00
11220,345.00,0.00,0.00566,0.02060,0.00626,-0.99975,0.07633,-0.02608,-0.00200,-0.99674,-0.08182,0.00603,-0.00596,0.99661,1.00,0.07647,0.00123,0.00009,-0.99707,-0.08210,-0.02129,-0.00790,0.99637,1.00
11232,345.00,0.00,0.00564,0.02064,0.00612,-0.99975,0.07634,-0.02614,-0.00200,-0.99674,-0.08182,0.00604,-0.00582,0.99661,1.00,0.07649,0.00116,0.00009,-0.99707,-0.08210,-0.02127,-0.00776,0.99637,1.00
11242,345.00,0.00,0.00577,0.02069,0.00614,-0.99975,0.07529,-0.02948,-0.00223,-0.99672,-0.08090,0.00932,-0.00562,0.99666,1.00,0.07547,-0.00219,-0.00017,-0.99715,-0.08120,-0.01798,-0.00753,0.99651,1.00
11253,345.00,0.00,0.00574,0.02070,0.00616,-0.99975,0.07533,-0.02949,-0.00223,-0.99672,-0.08090,0.00932,-0.00564,0.99666,1.00,0.07551,-0.00219,-0.00017,-0.99714,-0.08120,-0.01798,-0.00755,0.99651,1.00
11265,345.00,0.00,0.00548,0.02066,0.00621,-0.99975,0.07552,-0.02929,-0.00222,-0.99671,-0.08083,0.00917,-0.00570,0.99667,1.00,0.07569,-0.00200,-0.00015,-0.99713,-0.08113,-0.01814,-0.00762,0.99651,1.00
11275,345.00,0.00,0.00539,0.02064,0.00619,-0.99975,0.07558,-0.02898,-0.00220,-0.99672,-0.08080,0.00888,-0.00569,0.99667,1.00,0.07574,-0.00169,-0.00013,-0.99713,-0.08109,-0.01843,-0.00762,0.99651,1.00
11287,345.00,0.00,0.00539,0.02064,0.00618,-0.99975,0.07557,-0.02898,-0.00220,-0.99672,-0.08080,0.00888,-0.00568,0.99667,1.00,0.07574,-0.00169,-0.00013,-0.99713,-0.08109,-0.01842,-0.00760,0.99651,1.00
11298,345.00,0.00,0.00557,0.02053,0.00621,-0.99975,0.07472,-0.02874,-0.00215,-0.99679,-0.08011,0.00874,-0.00573,0.99673,1.00,0.07487,-0.00145,-0.00011,-0.99719,-0.08040,-0.01856,-0.00762,0.99656,1.00
11308,345.00,0.00,0.00576,0.02049,0.00624,-0.99975,0.07649,-0.02871,-0.00220,-0.99665,-0.08208,0.00878,-0.00575,0.99657,1.00,0.07665,-0.00141,-0.00011,-0.99706,-0.08236,-0.01854,-0.00769,0.99640,1.00
11320,345.00,0.00,0.00585,0.02038,0.00629,-0.99976,0.07647,-0.02749,-0.00211,-0.99669,-0.08215,0.00767,-0.00588,0.99657,1.00,0.07661,-0.00019,-0.00001,-0.99706,-0.08242,-0.01965,-0.00782,0.99637,1.00
11331,345.00,0.00,0.00572,0.02030,0.00629,-0.99976,0.07660,-0.02741,-0.00211,-0.99668,-0.08215,0.00767,-0.00587,0.99657,1.00,0.07674,-0.00011,-0.00001,-0.99705,-0.08242,-0.01965,-0.00782,0.99637,1.00
11342,345.00,0.00,0.00564,0.02025,0.00627,-0.99976,0.07676,-0.02909,-0.00224,-0.99662,-0.08223,0.00940,-0.00572,0.99655,1.00,0.07692,-0.00179,-0.00014,-0.99704,-0.08252,-0.01791,-0.00768,0.99640,1.00
11353,345.00,0.00,0.00553,0.02022,0.00619,-0.99976,0.07393,-0.02731,-0.00203,-0.99689,-0.07930,0.00761,-0.00579,0.99681,1.00,0.07407,-0.00002,0.00000,-0.99725,-0.07957,-0.01969,-0.00767,0.99661,1.00
11365,345.00,0.00,0.00553,0.02028,0.00613,-0.99976,0.07393,-0.02738,-0.00203,-0.99689,-0.07930,0.00762,-0.00573,0.99681,1.00,0.07407,-0.00009,-0.00001,-0.99725,-0.07957,-0.01968,-0.00761,0.99661,1.00
11375,345.00,0.00,0.00567,0.02033,0.00606,-0.99976,0.07373,-0.02743,-0.00203,-0.99690,-0.07923,0.00761,-0.00566,0.99681,1.00,0.07387,-0.00014,-0.00001,-0.99727,-0.07951,-0.01969,-0.00753,0.99661,1.00
11386,345.00,0.00,0.00577,0.02040,0.00601,-0.99976,0.07360,-0.02751,-0.00203,-0.99691,-0.07920,0.00762,-0.00562,0.99681,1.00,0.07374,-0.00023,-0.00002,-0.99728,-0.07948,-0.01968,-0.00748,0.99661,1.00
11398,345.00,0.00,0.00627,0.02053,0.00602,-0.99975,0.07310,-0.02763,-0.00203,-0.99694,-0.07920,0.00762,-0.00565,0.99681,1.00,0.07324,-0.00035,-0.00003,-0.99731,-0.07948,-0.01968,-0.00749,0.99661,1.00
11408,345.00,0.00,0.00630,0.02059,0.00594,-0.99975,0.07544,-0.02849,-0.00216,-0.99674,-0.08158,0.00842,-0.00550,0.99662,1.00,0.07560,-0.00120,-0.00009,-0.99714,-0.08186,-0.01889,-0.00740,0.99644,1.00
11419,345.00,0.00,0.00623,0.02060,0.00591,-0.99975,0.07242,-0.02884,-0.00210,-0.99695,-0.07849,0.00874,-0.00547,0.99686,1.00,0.07258,-0.00157,-0.00011,-0.99736,-0.07876,-0.01855,-0.00729,0.99669,1.00
11431,345.00,0.00,0.00603,0.02059,0.00587,-0.99975,0.07262,-0.02884,-0.00210,-0.99694,-0.07849,0.00875,-0.00542,0.99686,1.00,0.07278,-0.00156,-0.00011,-0.99735,-0.07877,-0.01854,-0.00725,0.99669,1.00
11441,345.00,0.00,0.00585,0.02054,0.00586,-0.99975,0.07203,-0.02881,-0.00208,-0.99698,-0.07772,0.00876,-0.00541,0.99692,1.00,0.07219,-0.00154,-0.00011,-0.99739,-0.07800,-0.01852,-0.00723,0.99676,1.00
11453,345.00,0.00,0.00600,0.02055,0.00576,-0.99975,0.07104,-0.02895,-0.00206,-0.99705,-0.07689,0.00888,-0.00532,0.99699,1.00,0.07120,-0.00169,-0.00012,-0.99746,-0.07716,-0.01840,-0.00710,0.99682,1.00
11463,345.00,0.00,0.00630,0.02061,0.00573,-0.99975,0.07074,-0.02902,-0.00206,-0.99707,-0.07689,0.00888,-0.00530,0.99699,1.00,0.07090,-0.00175,-0.00012,-0.99748,-0.07716,-0.01840,-0.00707,0.99682,1.00
11474,345.00,0.00,0.00659,0.02055,0.00577,-0.99975,0.07007,-0.02889,-0.00203,-0.99712,-0.07649,0.00882,-0.00536,0.99702,1.00,0.07022,-0.00163,-0.00011,-0.99753,-0.07676,-0.01846,-0.00710,0.99685,1.00
11485,345.00,0.00,0.00661,0.02055,0.00583,-0.99975,0.07021,-0.02887,-0.00203,-0.99711,-0.07666,0.00879,-0.00541,0.99700,1.00,0.07035,-0.00160,-0.00011,-0.99752,-0.07693,-0.01849,-0.00715,0.99684,1.00
11497,345.00,0.00,0.00661,0.02054,0.00581,-0.99975,0.07021,-0.02885,-0.00203,-0.99711,-0.07666,0.00879,-0.00539,0.99700,1.00,0.07036,-0.00159,-0.00011,-0.99752,-0.07693,-0.01849,-0.00714,0.99684,1.00
11507,345.00,0.00,0.00657,0.02047,0.00577,-0.99975,0.07154,-0.02966,-0.00213,-0.99699,-0.07794,0.00967,-0.00529,0.99690,1.00,0.07169,-0.00239,-0.00017,-0.99742,-0.07822,-0.01761,-0.00707,0.99676,1.00
11518,345.00,0.00,0.00661,0.02040,0.00573,-0.99975,0.07158,-0.02962,-0.00213,-0.99699,-0.07803,0.00970,-0.00524,0.99689,1.00,0.07174,-0.00235,-0.00017,-0.99742,-0.07831,-0.01759,-0.00702,0.99675,1.00
11530,345.00,0.00,0.00649,0.02031,0.00564,-0.99976,0.07171,-0.02954,-0.00212,-0.99699,-0.07803,0.00970,-0.00515,0.99689,1.00,0.07187,-0.00227,-0.00016,-0.99741,-0.07831,-0.01758,-0.00694,0.99675,1.00
11542,345.00,0.00,0.00619,0.02020,0.00548,-0.99976,0.07235,-0.02835,-0.00206,-0.99697,-0.07838,0.00861,-0.00504,0.99687,1.00,0.07251,-0.00107,-0.00008,-0.99737,-0.07866,-0.01868,-0.00686,0.99670,1.00
11551,345.00,0.00,0.00610,0.02020,0.00531,-0.99976,0.07173,-0.02715,-0.00195,-0.99705,-0.07769,0.00740,-0.00495,0.99694,1.00,0.07189,0.00013,0.00001,-0.99741,-0.07795,-0.01989,-0.00675,0.99674,1.00
11564,345.00,0.00,0.00632,0.02012,0.00518,-0.99976,0.07151,-0.02709,-0.00194,-0.99707,-0.07769,0.00741,-0.00484,0.99694,1.00,0.07167,0.00018,0.00001,-0.99743,-0.07796,-0.01988,-0.00663,0.99674,1.00
11575,345.00,0.00,0.00670,0.02006,0.00514,-0.99976,0.07198,-0.02711,-0.00196,-0.99704,-0.07854,0.00749,-0.00479,0.99687,1.00,0.07214,0.00017,0.00001,-0.99739,-0.07880,-0.01980,-0.00658,0.99667,1.00
11586,345.00,0.00,0.00712,0.02005,0.00517,-0.99976,0.07062,-0.02715,-0.00192,-0.99713,-0.07760,0.00753,-0.00484,0.99694,1.00,0.07077,0.00012,0.00001,-0.99749,-0.07785,-0.01975,-0.00658,0.99675,1.00
11597,345.00,0.00,0.00736,0.02005,0.00510,-0.99976,0.07038,-0.02717,-0.00192,-0.99715,-0.07760,0.00754,-0.00478,0.99694,1.00,0.07053,0.00010,0.00001,-0.99751,-0.07785,-0.01974,-0.00651,0.99675,1.00
11608,345.00,0.00,0.00751,0.02012,0.00497,-0.99976,0.07112,-0.02850,-0.00203,-0.99706,-0.07848,0.00881,-0.00456,0.99687,1.00,0.07128,-0.00124,-0.00009,-0.99746,-0.07874,-0.01847,-0.00631,0.99670,1.00
11618,345.00,0.00,0.00765,0.02016,0.00487,-0.99976,0.06989,-0.02857,-0.00200,-0.99714,-0.07740,0.00882,-0.00448,0.99695,1.00,0.07005,-0.00131,-0.00009,-0.99754,-0.07766,-0.01846,-0.00619,0.99679,1.00
11630,345.00,0.00,0.00787,0.02013,0.00475,-0.99976,0.06967,-0.02856,-0.00200,-0.99716,-0.07740,0.00883,-0.00437,0.99695,1.00,0.06983,-0.00130,-0.00009,-0.99756,-0.07766,-0.01845,-0.00607,0.99679,1.00
11641,345.00,0.00,0.00822,0.02022,0.00464,-0.99975,0.06964,-0.02697,-0.00188,-0.99721,-0.07774,0.00714,-0.00437,0.99694,1.00,0.06979,0.00029,0.00002,-0.99756,-0.07798,-0.02014,-0.00605,0.99673,1.00
11653,345.00,0.00,0.00857,0.02034,0.00457,-0.99975,0.06929,-0.02710,-0.00188,-0.99723,-0.07774,0.00715,-0.00431,0.99694,1.00,0.06944,0.00016,0.00001,-0.99759,-0.07798,-0.02013,-0.00598,0.99673,1.00
11664,345.00,0.00,0.00902,0.02047,0.00455,-0.99974,0.06731,-0.02585,-0.00174,-0.99740,-0.07621,0.00575,-0.00440,0.99707,1.00,0.06744,0.00140,0.00009,-0.99772,-0.07643,-0.02152,-0.00600,0.99682,1.00
11674,345.00,0.00,0.00925,0.02057,0.00461,-0.99974,0.06555,-0.02576,-0.00169,-0.99752,-0.07467,0.00556,-0.00449,0.99718,1.00,0.06566,0.00148,0.00010,-0.99784,-0.07488,-0.02170,-0.00604,0.99694,1.00
11686,345.00,0.00,0.00942,0.02066,0.00478,-0.99973,0.06585,-0.02575,-0.00170,-0.99750,-0.07514,0.00547,-0.00467,0.99715,1.00,0.06595,0.00149,0.00010,-0.99782,-0.07534,-0.02179,-0.00621,0.99690,1.00
11698,345.00,0.00,0.00936,0.02076,0.00479,-0.99973,0.06591,-0.02585,-0.00171,-0.99749,-0.07514,0.00547,-0.00468,0.99715,1.00,0.06601,0.00139,0.00009,-0.99782,-0.07534,-0.02180,-0.00623,0.99690,1.00
11708,345.00,0.00,0.00928,0.02084,0.00476,-0.99973,0.06641,-0.02583,-0.00172,-0.99746,-0.07556,0.00537,-0.00465,0.99712,1.00,0.06651,0.00142,0.00009,-0.99778,-0.07576,-0.02189,-0.00622,0.99687,1.00
11719,345.00,0.00,0.00921,0.02095,0.00469,-0.99973,0.06596,-0.02606,-0.00172,-0.99748,-0.07504,0.00548,-0.00458,0.99715,1.00,0.06607,0.00118,0.00008,-0.99781,-0.07525,-0.02178,-0.00613,0.99691,1.00
11731,345.00,0.00,0.00875,0.02095,0.00454,-0.99973,0.06642,-0.02609,-0.00174,-0.99745,-0.07504,0.00550,-0.00441,0.99716,1.00,0.06653,0.00116,0.00008,-0.99778,-0.07525,-0.02176,-0.00599,0.99691,1.00
11742,345.00,0.00,0.00841,0.02101,0.00441,-0.99973,0.06655,-0.02735,-0.00183,-0.99741,-0.07485,0.00670,-0.00420,0.99716,1.00,0.06669,-0.00011,-0.00001,-0.99777,-0.07507,-0.02056,-0.00579,0.99695,1.00
11752,345.00,0.00,0.00805,0.02100,0.00436,-0.99974,0.06699,-0.02723,-0.00183,-0.99738,-0.07492,0.00659,-0.00415,0.99716,1.00,0.06712,0.00002,0.00000,-0.99774,-0.07514,-0.02068,-0.00576,0.99694,1.00
11764,345.00,0.00,0.00772,0.02102,0.00431,-0.99974,0.06732,-0.02725,-0.00184,-0.99736,-0.07492,0.00659,-0.00409,0.99716,1.00,0.06746,0.00000,0.00000,-0.99772,-0.07514,-0.02067,-0.00572,0.99694,1.00
11774,345.00,0.00,0.00727,0.02099,0.00424,-0.99974,0.06975,-0.02783,-0.00195,-0.99717,-0.07690,0.00720,-0.00395,0.99701,1.00,0.06989,-0.00057,-0.00004,-0.99755,-0.07713,-0.02008,-0.00566,0.99680,1.00
11786,345.00,0.00,0.00693,0.02096,0.00425,-0.99975,0.06966,-0.02804,-0.00196,-0.99717,-0.07647,0.00745,-0.00393,0.99704,1.00,0.06980,-0.00078,-0.00005,-0.99756,-0.07669,-0.01983,-0.00565,0.99684,1.00
11798,345.00,0.00,0.00650,0.02099,0.00419,-0.99975,0.07008,-0.02808,-0.00197,-0.99714,-0.07647,0.00745,-0.00386,0.99704,1.00,0.07022,-0.00082,-0.00006,-0.99753,-0.07669,-0.01982,-0.00560,0.99684,1.00
11809,345.00,0.00,0.00620,0.02101,0.00413,-0.99975,0.06988,-0.02778,-0.00195,-0.99717,-0.07597,0.00712,-0.00381,0.99708,1.00,0.07002,-0.00052,-0.00004,-0.99755,-0.07619,-0.02015,-0.00555,0.99687,1.00
11819,345.00,0.00,0.00592,0.02104,0.00409,-0.99975,0.06995,-0.02757,-0.00193,-0.99717,-0.07576,0.00688,-0.00378,0.99710,1.00,0.07009,-0.00030,-0.00002,-0.99754,-0.07598,-0.02040,-0.00553,0.99689,1.00
11831,345.00,0.00,0.00574,0.02109,0.00400,-0.99975,0.07013,-0.02763,-0.00194,-0.99715,-0.07576,0.00688,-0.00368,0.99710,1.00,0.07027,-0.00036,-0.00003,-0.99753,-0.07598,-0.02039,-0.00545,0.99689,1.00
11842,345.00,0.00,0.00561,0.02119,0.00394,-0.99975,0.07010,-0.02736,-0.00192,-0.99716,-0.07560,0.00651,-0.00364,0.99711,1.00,0.07024,-0.00010,-0.00001,-0.99753,-0.07581,-0.02076,-0.00541,0.99689,1.00
11853,345.00,0.00,0.00561,0.02138,0.00385,-0.99975,0.07010,-0.02751,-0.00193,-0.99716,-0.07561,0.00646,-0.00356,0.99711,1.00,0.07024,-0.00025,-0.00002,-0.99753,-0.07582,-0.02081,-0.00532,0.99689,1.00
11865,345.00,0.00,0.00568,0.02152,0.00380,-0.99975,0.07002,-0.02765,-0.00194,-0.99716,-0.07561,0.00647,-0.00352,0.99711,1.00,0.07017,-0.00039,-0.00003,-0.99754,-0.07582,-0.02081,-0.00528,0.99689,1.00
11875,345.00,0.00,0.00576,0.02168,0.00375,-0.99974,0.06964,-0.02797,-0.00195,-0.99718,-0.07531,0.00662,-0.00346,0.99713,1.00,0.06979,-0.00071,-0.00005,-0.99756,-0.07552,-0.02066,-0.00521,0.99692,1.00
11886,345.00,0.00,0.00586,0.02184,0.00376,-0.99974,0.06941,-0.02892,-0.00201,-0.99717,-0.07517,0.00741,-0.00342,0.99714,1.00,0.06956,-0.00166,-0.00012,-0.99758,-0.07538,-0.01986,-0.00516,0.99694,1.00
11897,345.00,0.00,0.00584,0.02192,0.00390,-0.99974,0.06944,-0.02897,-0.00202,-0.99716,-0.07517,0.00740,-0.00356,0.99714,1.00,0.06958,-0.00172,-0.00012,-0.99758,-0.07538,-0.01988,-0.00530,0.99694,1.00
11909,345.00,0.00,0.00591,0.02200,0.00395,-0.99973,0.06816,-0.02884,-0.00197,-0.99726,-0.07396,0.00717,-0.00364,0.99723,1.00,0.06829,-0.00159,-0.00011,-0.99766,-0.07416,-0.02009,-0.00535,0.99703,1.00
11919,345.00,0.00,0.00590,0.02209,0.00397,-0.99973,0.07190,-0.02876,-0.00207,-0.99699,-0.07770,0.00703,-0.00364,0.99695,1.00,0.07204,-0.00149,-0.00011,-0.99740,-0.07790,-0.02026,-0.00545,0.99674,1.00
11931,345.00,0.00,0.00595,0.02213,0.00398,-0.99973,0.07185,-0.02880,-0.00208,-0.99700,-0.07770,0.00703,-0.00366,0.99695,1.00,0.07199,-0.00153,-0.00011,-0.99740,-0.07790,-0.02026,-0.00546,0.99674,1.00
11942,345.00,0.00,0.00600,0.02217,0.00400,-0.99973,0.07170,-0.02891,-0.00208,-0.99700,-0.07760,0.00709,-0.00367,0.99695,1.00,0.07185,-0.00164,-0.00012,-0.99741,-0.07781,-0.02019,-0.00547,0.99675,1.00
11953,345.00,0.00,0.00605,0.02214,0.00401,-0.99973,0.07169,-0.02959,-0.00213,-0.99699,-0.07764,0.00781,-0.00364,0.99694,1.00,0.07184,-0.00232,-0.00017,-0.99741,-0.07786,-0.01948,-0.00544,0.99676,1.00
11965,345.00,0.00,0.00611,0.02214,0.00403,-0.99973,0.07163,-0.02959,-0.00213,-0.99699,-0.07764,0.00781,-0.00366,0.99694,1.00,0.07178,-0.00232,-0.00017,-0.99742,-0.07786,-0.01948,-0.00546,0.99676,1.00
11976,345.00,0.00,0.00617,0.02208,0.00415,-0.99973,0.06915,-0.02945,-0.00204,-0.99717,-0.07520,0.00772,-0.00381,0.99713,1.00,0.06928,-0.00219,-0.00015,-0.99759,-0.07541,-0.01955,-0.00554,0.99695,1.00
11987,345.00,0.00,0.00620,0.02199,0.00428,-0.99973,0.06919,-0.02929,-0.00203,-0.99717,-0.07527,0.00766,-0.00394,0.99713,1.00,0.06932,-0.00203,-0.00014,-0.99759,-0.07548,-0.01961,-0.00567,0.99694,1.00
11998,345.00,0.00,0.00613,0.02188,0.00439,-0.99973,0.06926,-0.02916,-0.00203,-0.99717,-0.07527,0.00765,-0.00405,0.99713,1.00,0.06939,-0.00190,-0.00013,-0.99759,-0.07548,-0.01962,-0.00578,0.99694,1.00
12009,345.00,0.00,0.00600,0.02177,0.00443,-0.99974,0.06966,-0.02908,-0.00203,-0.99715,-0.07554,0.00768,-0.00408,0.99710,1.00,0.06979,-0.00182,-0.00013,-0.99756,-0.07576,-0.01959,-0.00582,0.99692,1.00
12020,345.00,0.00,0.00588,0.02160,0.00441,-0.99974,0.06977,-0.02903,-0.00203,-0.99714,-0.07553,0.00781,-0.00404,0.99710,1.00,0.06991,-0.00177,-0.00012,-0.99755,-0.07575,-0.01947,-0.00579,0.99692,1.00
12031,345.00,0.00,0.00583,0.02152,0.00444,-0.99974,0.06982,-0.02895,-0.00203,-0.99714,-0.07553,0.00780,-0.00407,0.99710,1.00,0.06995,-0.00169,-0.00012,-0.99755,-0.07575,-0.01947,-0.00582,0.99692,1.00
12043,345.00,0.00,0.00576,0.02140,0.00440,-0.99974,0.06746,-0.02896,-0.00196,-0.99730,-0.07310,0.00792,-0.00404,0.99728,1.00,0.06760,-0.00171,-0.00012,-0.99771,-0.07332,-0.01934,-0.00573,0.99710,1.00
12054,345.00,0.00,0.00573,0.02137,0.00446,-0.99975,0.06741,-0.02918,-0.00197,-0.99730,-0.07302,0.00817,-0.00409,0.99729,1.00,0.06755,-0.00193,-0.00013,-0.99771,-0.07324,-0.01908,-0.00578,0.99712,1.00
12066,345.00,0.00,0.00567,0.02132,0.00449,-0.99975,0.06747,-0.02913,-0.00197,-0.99729,-0.07302,0.00817,-0.00411,0.99729,1.00,0.06761,-0.00188,-0.00013,-0.99771,-0.07324,-0.01909,-0.00580,0.99712,1.00
12076,345.00,0.00,0.00560,0.02127,0.00459,-0.99975,0.06955,-0.02917,-0.00203,-0.99715,-0.07502,0.00828,-0.00418,0.99714,1.00,0.06969,-0.00191,-0.00013,-0.99757,-0.07525,-0.01899,-0.00594,0.99697,1.00
12087,345.00,0.00,0.00551,0.02130,0.00468,-0.99975,0.07046,-0.02931,-0.00207,-0.99708,-0.07585,0.00840,-0.00426,0.99708,1.00,0.07060,-0.00204,-0.00014,-0.99750,-0.07607,-0.01887,-0.00604,0.99691,1.00
12098,345.00,0.00,0.00542,0.02134,0.00481,-0.99975,0.07055,-0.02932,-0.00208,-0.99707,-0.07585,0.00839,-0.00438,0.99707,1.00,0.07069,-0.00206,-0.00015,-0.99750,-0.07607,-0.01888,-0.00617,0.99690,1.00
12110,345.00,0.00,0.00540,0.02136,0.00493,-0.99975,0.07048,-0.02937,-0.00208,-0.99708,-0.07574,0.00843,-0.00450,0.99708,1.00,0.07061,-0.00211,-0.00015,-0.99750,-0.07597,-0.01884,-0.00629,0.99691,1.00
12120,345.00,0.00,0.00537,0.02139,0.00502,-0.99974,0.07040,-0.02945,-0.00208,-0.99708,-0.07564,0.00848,-0.00459,0.99709,1.00,0.07053,-0.00219,-0.00015,-0.99751,-0.07586,-0.01880,-0.00638,0.99692,1.00
12131,348.06,0.00,0.00538,0.02136,0.00513,-0.99974,0.07040,-0.02941,-0.00208,-0.99708,-0.07564,0.00847,-0.00470,0.99709,1.00,0.07053,-0.00214,-0.00015,-0.99751,-0.07586,-0.01880,-0.00649,0.99692,1.00
12143,351.39,0.00,0.00548,0.02132,0.00519,-0.99974,0.06848,-0.02936,-0.00202,-0.99722,-0.07382,0.00846,-0.00478,0.99722,1.00,0.06861,-0.00211,-0.00015,-0.99764,-0.07405,-0.01880,-0.00650,0.99706,1.00
12154,354.82,0.00,0.00554,0.02122,0.00525,-0.99975,0.06824,-0.02835,-0.00194,-0.99726,-0.07363,0.00755,-0.00490,0.99724,1.00,0.06836,-0.00110,-0.00008,-0.99766,-0.07386,-0.01971,-0.00662,0.99705,1.00
12166,358.20,0.00,0.00554,0.02114,0.00530,-0.99975,0.06823,-0.02826,-0.00193,-0.99727,-0.07364,0.00755,-0.00495,0.99724,1.00,0.06835,-0.00101,-0.00007,-0.99766,-0.07386,-0.01971,-0.00667,0.99705,1.00
12177,0.00,0.00,0.00547,0.02101,0.00530,-0.99975,0.06849,-0.02818,-0.00194,-0.99725,-0.07382,0.00760,-0.00495,0.99723,1.00,0.06861,-0.00093,-0.00006,-0.99764,-0.07405,-0.01967,-0.00667,0.99704,1.00
12187,0.00,0.00,0.00527,0.02084,0.00531,-0.99975,0.06877,-0.02817,-0.00194,-0.99723,-0.07391,0.00775,-0.00494,0.99722,1.00,0.06890,-0.00092,-0.00006,-0.99762,-0.07415,-0.01951,-0.00668,0.99703,1.00
12199,0.00,0.00,0.00514,0.02076,0.00534,-0.99976,0.06891,-0.02808,-0.00194,-0.99723,-0.07391,0.00775,-0.00496,0.99722,1.00,0.06904,-0.00083,-0.00006,-0.99761,-0.07415,-0.01951,-0.00670,0.99703,1.00
12210,0.00,0.00,0.00496,0.02070,0.00527,-0.99976,0.06923,-0.02831,-0.00197,-0.99720,-0.07406,0.00803,-0.00486,0.99721,1.00,0.06937,-0.00105,-0.00007,-0.99759,-0.07430,-0.01924,-0.00663,0.99703,1.00
12220,0.00,0.00,0.00488,0.02066,0.00530,-0.99976,0.06919,-0.02834,-0.00197,-0.99720,-0.07392,0.00811,-0.00489,0.99722,1.00,0.06933,-0.00109,-0.00008,-0.99759,-0.07417,-0.01915,-0.00665,0.99704,1.00
12232,0.00,0.00,0.00483,0.02058,0.00542,-0.99976,0.06924,-0.02825,-0.00196,-0.99720,-0.07393,0.00810,-0.00500,0.99722,1.00,0.06937,-0.00099,-0.00007,-0.99759,-0.07417,-0.01916,-0.00677,0.99704,1.00
12243,0.00,0.00,0.00476,0.02061,0.00558,-0.99976,0.07010,-0.02907,-0.00204,-0.99711,-0.07470,0.00890,-0.00510,0.99715,1.00,0.07023,-0.00180,-0.00013,-0.99753,-0.07495,-0.01837,-0.00689,0.99699,1.00
12254,0.00,0.00,0.00472,0.02060,0.00563,-0.99976,0.07124,-0.02798,-0.00200,-0.99706,-0.07581,0.00785,-0.00521,0.99708,1.00,0.07136,-0.00071,-0.00005,-0.99745,-0.07605,-0.01943,-0.00704,0.99689,1.00
12265,0.00,0.00,0.00476,0.02065,0.00572,-0.99976,0.07120,-0.02802,-0.00200,-0.99707,-0.07581,0.00784,-0.00530,0.99708,1.00,0.07132,-0.00075,-0.00005,-0.99745,-0.07605,-0.01944,-0.00712,0.99689,1.00
12276,0.00,0.00,0.00482,0.02070,0.00576,-0.99976,0.06978,-0.02941,-0.00206,-0.99713,-0.07444,0.00918,-0.00527,0.99717,1.00,0.06991,-0.00215,-0.00015,-0.99755,-0.07469,-0.01809,-0.00705,0.99702,1.00
12288,0.00,0.00,0.00489,0.02071,0.00584,-0.99976,0.06878,-0.03002,-0.00207,-0.99718,-0.07350,0.00978,-0.00533,0.99723,1.00,0.06891,-0.00277,-0.00019,-0.99762,-0.07376,-0.01749,-0.00708,0.99710,1.00
12299,0.00,0.00,0.00496,0.02071,0.00592,-0.99976,0.06871,-0.03001,-0.00207,-0.99718,-0.07350,0.00977,-0.00541,0.99723,1.00,0.06884,-0.00276,-0.00019,-0.99762,-0.07376,-0.01749,-0.00716,0.99710,1.00
12309,0.00,0.00,0.00492,0.02070,0.00603,-0.99976,0.06784,-0.03126,-0.00213,-0.99720,-0.07258,0.01103,-0.00544,0.99729,1.00,0.06798,-0.00401,-0.00027,-0.99768,-0.07286,-0.01623,-0.00717,0.99718,1.00
12320,0.00,0.00,0.00485,0.02067,0.00610,-0.99976,0.03582,-0.03720,-0.00133,-0.99866,-0.04046,0.01678,-0.00568,0.99902,1.00,0.03592,-0.01011,-0.00036,-0.99930,-0.04070,-0.01033,-0.00653,0.99910,1.00
12333,0.00,0.00,0.00466,0.02067,0.00614,-0.99976,0.03602,-0.03720,-0.00134,-0.99866,-0.04046,0.01677,-0.00571,0.99902,1.00,0.03611,-0.01011,-0.00037,-0.99930,-0.04070,-0.01033,-0.00656,0.99910,1.00
12344,0.00,0.00,0.00437,0.02064,0.00620,-0.99976,-0.02194,-0.04272,0.00094,-0.99885,0.01785,0.02196,-0.00686,0.99958,1.00,-0.02204,-0.01569,0.00035,-0.99963,0.01777,-0.00509,-0.00615,0.99981,1.00
12354,0.00,0.00,0.00422,0.02058,0.00621,-0.99976,-0.06060,-0.04287,0.00260,-0.99724,0.05670,0.02195,-0.00774,0.99812,1.00,-0.06085,-0.01570,0.00096,-0.99802,0.05674,-0.00522,-0.00597,0.99836,1.00
12366,0.00,0.00,0.00404,0.02052,0.00631,-0.99976,-0.06041,-0.04282,0.00259,-0.99725,0.05670,0.02195,-0.00782,0.99812,1.00,-0.06067,-0.01565,0.00095,-0.99803,0.05674,-0.00522,-0.00606,0.99836,1.00
12377,0.00,0.00,0.00389,0.02042,0.00629,-0.99976,-0.07652,-0.04280,0.00329,-0.99614,0.07297,0.02196,-0.00816,0.99706,1.00,-0.07684,-0.01554,0.00120,-0.99692,0.07307,-0.00531,-0.00596,0.99730,1.00
12388,0.00,0.00,0.00365,0.02037,0.00633,-0.99977,-0.07651,-0.04280,0.00329,-0.99614,0.07320,0.02200,-0.00819,0.99704,1.00,-0.07683,-0.01554,0.00120,-0.99692,0.07329,-0.00526,-0.00600,0.99728,1.00
12399,0.00,0.00,0.00346,0.02026,0.00630,-0.99977,-0.07633,-0.04268,0.00327,-0.99616,0.07320,0.02200,-0.00814,0.99704,1.00,-0.07664,-0.01542,0.00119,-0.99694,0.07329,-0.00526,-0.00596,0.99728,1.00
12410,0.00,0.00,0.00322,0.02017,0.00633,-0.99977,-0.07350,-0.04284,0.00316,-0.99637,0.07061,0.02225,-0.00812,0.99722,1.00,-0.07380,-0.01560,0.00115,-0.99715,0.07069,-0.00499,-0.00602,0.99747,1.00
12421,0.00,0.00,0.00306,0.02009,0.00634,-0.99977,-0.07360,-0.04399,0.00325,-0.99631,0.07088,0.02349,-0.00822,0.99717,1.00,-0.07391,-0.01675,0.00124,-0.99712,0.07097,-0.00375,-0.00613,0.99745,1.00
12432,0.00,0.00,0.00294,0.02005,0.00630,-0.99977,-0.07348,-0.04395,0.00324,-0.99632,0.07088,0.02349,-0.00817,0.99718,1.00,-0.07379,-0.01671,0.00124,-0.99713,0.07097,-0.00375,-0.00609,0.99745,1.00
12444,0.00,0.00,0.00293,0.02001,0.00629,-0.99978,-0.07405,-0.04340,0.00323,-0.99630,0.07146,0.02298,-0.00813,0.99715,1.00,-0.07435,-0.01616,0.00121,-0.99710,0.07154,-0.00427,-0.00603,0.99741,1.00
12455,0.00,0.00,0.00289,0.01997,0.00623,-0.99978,-0.07468,-0.04346,0.00326,-0.99625,0.07212,0.02308,-0.00810,0.99710,1.00,-0.07498,-0.01622,0.00122,-0.99705,0.07221,-0.00417,-0.00598,0.99736,1.00
12466,0.00,0.00,0.00284,0.01995,0.00619,-0.99978,-0.07463,-0.04343,0.00325,-0.99626,0.07212,0.02308,-0.00805,0.99710,1.00,-0.07493,-0.01619,0.00122,-0.99706,0.07221,-0.00417,-0.00593,0.99736,1.00
12476,0.00,0.00,0.00284,0.01995,0.00612,-0.99978,-0.07480,-0.04351,0.00327,-0.99624,0.07229,0.02316,-0.00800,0.99708,1.00,-0.07510,-0.01627,0.00123,-0.99704,0.07237,-0.00409,-0.00588,0.99735,1.00
12488,0.00,0.00,0.00280,0.01997,0.00604,-0.99978,-0.07417,-0.04269,0.00318,-0.99633,0.07168,0.02232,-0.00783,0.99715,1.00,-0.07445,-0.01544,0.00115,-0.99710,0.07176,-0.00493,-0.00573,0.99739,1.00
12499,0.00,0.00,0.00278,0.02002,0.00598,-0.99978,-0.07415,-0.04273,0.00318,-0.99633,0.07168,0.02232,-0.00777,0.99715,1.00,-0.07443,-0.01548,0.00116,-0.99711,0.07176,-0.00493,-0.00567,0.99739,1.00
12510,0.00,0.00,0.00271,0.02005,0.00591,-0.99978,-0.07081,-0.03935,0.00280,-0.99671,0.06838,0.01893,-0.00737,0.99745,1.00,-0.07104,-0.01211,0.00086,-0.99740,0.06841,-0.00831,-0.00536,0.99761,1.00
12521,0.00,0.00,0.00275,0.02011,0.00585,-0.99978,-0.06241,-0.03455,0.00216,-0.99745,0.05989,0.01411,-0.00684,0.99808,1.00,-0.06257,-0.00734,0.00046,-0.99801,0.05986,-0.01309,-0.00506,0.99811,1.00
12533,0.00,0.00,0.00276,0.02018,0.00579,-0.99978,-0.06242,-0.03461,0.00217,-0.99745,0.05989,0.01411,-0.00677,0.99808,1.00,-0.06258,-0.00740,0.00046,-0.99801,0.05986,-0.01310,-0.00500,0.99811,1.00
12544,0.00,0.00,0.00280,0.02024,0.00576,-0.99977,-0.05931,-0.03463,0.00206,-0.99764,0.05674,0.01409,-0.00670,0.99827,1.00,-0.05946,-0.00744,0.00044,-0.99820,0.05671,-0.01311,-0.00501,0.99829,1.00
12555,0.00,0.00,0.00289,0.02028,0.00580,-0.99977,-0.06094,-0.03663,0.00224,-0.99747,0.05830,0.01603,-0.00689,0.99815,1.00,-0.06112,-0.00943,0.00058,-0.99809,0.05829,-0.01117,-0.00515,0.99822,1.00
12566,0.00,0.00,0.00301,0.02031,0.00591,-0.99977,-0.06105,-0.03667,0.00224,-0.99746,0.05830,0.01603,-0.00701,0.99815,1.00,-0.06124,-0.00948,0.00058,-0.99808,0.05829,-0.01116,-0.00526,0.99822,1.00
12576,0.00,0.00,0.00313,0.02031,0.00600,-0.99977,-0.06113,-0.03731,0.00229,-0.99743,0.05826,0.01667,-0.00715,0.99814,1.00,-0.06134,-0.01012,0.00062,-0.99807,0.05827,-0.01053,-0.00540,0.99823,1.00
12588,0.00,0.00,0.00332,0.02029,0.00613,-0.99977,-0.06251,-0.03740,0.00234,-0.99734,0.05945,0.01677,-0.00732,0.99806,1.00,-0.06272,-0.01020,0.00064,-0.99798,0.05947,-0.01043,-0.00552,0.99816,1.00
12599,0.00,0.00,0.00348,0.02025,0.00604,-0.99977,-0.06267,-0.03735,0.00235,-0.99733,0.05946,0.01676,-0.00723,0.99806,1.00,-0.06288,-0.01016,0.00064,-0.99797,0.05946,-0.01044,-0.00543,0.99816,1.00
12611,0.00,0.00,0.00357,0.02018,0.00612,-0.99977,-0.06262,-0.03719,0.00233,-0.99734,0.05932,0.01666,-0.00730,0.99807,1.00,-0.06283,-0.00999,0.00063,-0.99797,0.05933,-0.01054,-0.00550,0.99817,1.00
12622,0.00,0.00,0.00366,0.02010,0.00612,-0.99977,-0.06143,-0.03586,0.00221,-0.99746,0.05803,0.01543,-0.00721,0.99817,1.00,-0.06162,-0.00867,0.00054,-0.99806,0.05802,-0.01177,-0.00543,0.99823,1.00
12633,0.00,0.00,0.00372,0.02006,0.00614,-0.99977,-0.06149,-0.03582,0.00221,-0.99746,0.05803,0.01543,-0.00723,0.99817,1.00,-0.06168,-0.00863,0.00053,-0.99806,0.05802,-0.01177,-0.00545,0.99823,1.00
12644,0.00,0.00,0.00379,0.01993,0.00620,-0.99978,-0.06042,-0.03435,0.00208,-0.99758,0.05687,0.01408,-0.00719,0.99826,1.00,-0.06059,-0.00715,0.00043,-0.99814,0.05685,-0.01312,-0.00544,0.99828,1.00
12655,0.00,0.00,0.00381,0.01981,0.00622,-0.99978,-0.06028,-0.03430,0.00207,-0.99759,0.05672,0.01415,-0.00721,0.99826,1.00,-0.06045,-0.00711,0.00043,-0.99815,0.05669,-0.01305,-0.00546,0.99829,1.00
12666,0.00,0.00,0.00390,0.01976,0.00622,-0.99978,-0.06037,-0.03425,0.00207,-0.99759,0.05672,0.01415,-0.00722,0.99826,1.00,-0.06055,-0.00705,0.00043,-0.99814,0.05669,-0.01305,-0.00547,0.99829,1.00
12677,0.00,0.00,0.00395,0.01967,0.00618,-0.99978,-0.06030,-0.03453,0.00209,-0.99758,0.05660,0.01452,-0.00721,0.99827,1.00,-0.06047,-0.00733,0.00044,-0.99814,0.05657,-0.01268,-0.00546,0.99830,1.00
12688,0.00,0.00,0.00402,0.01960,0.00618,-0.99978,-0.05901,-0.03457,0.00204,-0.99766,0.05524,0.01464,-0.00720,0.99834,1.00,-0.05918,-0.00738,0.00044,-0.99822,0.05521,-0.01255,-0.00548,0.99838,1.00
12699,0.00,0.00,0.00411,0.01956,0.00617,-0.99978,-0.05910,-0.03453,0.00205,-0.99765,0.05524,0.01464,-0.00718,0.99834,1.00,-0.05927,-0.00734,0.00044,-0.99821,0.05521,-0.01255,-0.00546,0.99838,1.00
12711,0.00,0.00,0.00420,0.01951,0.00620,-0.99978,-0.06077,-0.03426,0.00209,-0.99756,0.05682,0.01441,-0.00723,0.99825,1.00,-0.06094,-0.00706,0.00043,-0.99812,0.05679,-0.01279,-0.00546,0.99829,1.00
12722,0.00,0.00,0.00429,0.01951,0.00621,-0.99978,-0.06205,-0.03385,0.00211,-0.99750,0.05802,0.01399,-0.00723,0.99819,1.00,-0.06223,-0.00664,0.00041,-0.99804,0.05799,-0.01322,-0.00542,0.99822,1.00
12734,0.00,0.00,0.00436,0.01949,0.00623,-0.99978,-0.06213,-0.03383,0.00211,-0.99749,0.05802,0.01399,-0.00726,0.99819,1.00,-0.06230,-0.00662,0.00041,-0.99804,0.05799,-0.01321,-0.00545,0.99822,1.00
12744,0.00,0.00,0.00442,0.01949,0.00625,-0.99978,-0.06206,-0.03444,0.00214,-0.99748,0.05790,0.01459,-0.00732,0.99819,1.00,-0.06224,-0.00724,0.00045,-0.99803,0.05787,-0.01261,-0.00551,0.99823,1.00
12756,0.00,0.00,0.00446,0.01950,0.00626,-0.99978,-0.06081,-0.03532,0.00215,-0.99752,0.05661,0.01546,-0.00737,0.99825,1.00,-0.06099,-0.00812,0.00050,-0.99811,0.05659,-0.01173,-0.00559,0.99831,1.00
12766,0.00,0.00,0.00451,0.01953,0.00624,-0.99978,-0.06086,-0.03534,0.00216,-0.99752,0.05661,0.01546,-0.00735,0.99825,1.00,-0.06105,-0.00815,0.00050,-0.99810,0.05659,-0.01173,-0.00557,0.99831,1.00
12777,0.00,0.00,0.00456,0.01955,0.00625,-0.99978,-0.06081,-0.03538,0.00216,-0.99752,0.05652,0.01548,-0.00736,0.99825,1.00,-0.06099,-0.00819,0.00050,-0.99810,0.05649,-0.01171,-0.00558,0.99832,1.00
12789,0.00,0.00,0.00461,0.01951,0.00624,-0.99978,-0.06069,-0.03618,0.00220,-0.99750,0.05635,0.01632,-0.00741,0.99825,1.00,-0.06088,-0.00899,0.00055,-0.99810,0.05633,-0.01087,-0.00563,0.99834,1.00
12801,0.00,0.00,0.00463,0.01951,0.00624,-0.99978,-0.06071,-0.03618,0.00220,-0.99750,0.05635,0.01632,-0.00741,0.99825,1.00,-0.06090,-0.00899,0.00055,-0.99810,0.05633,-0.01087,-0.00563,0.99834,1.00
12812,0.00,0.00,0.00469,0.01949,0.00618,-0.99978,-0.06083,-0.03561,0.00217,-0.99751,0.05640,0.01577,-0.00732,0.99826,1.00,-0.06101,-0.00842,0.00051,-0.99810,0.05638,-0.01142,-0.00553,0.99833,1.00
12823,0.00,0.00,0.00468,0.01952,0.00612,-0.99978,-0.06061,-0.03564,0.00217,-0.99752,0.05620,0.01578,-0.00725,0.99827,1.00,-0.06079,-0.00845,0.00051,-0.99811,0.05617,-0.01141,-0.00548,0.99834,1.00
12834,0.00,0.00,0.00468,0.01952,0.00601,-0.99978,-0.06062,-0.03563,0.00217,-0.99752,0.05620,0.01577,-0.00714,0.99827,1.00,-0.06079,-0.00844,0.00051,-0.99811,0.05617,-0.01142,-0.00537,0.99834,1.00
12844,0.00,0.00,0.00461,0.01952,0.00592,-0.99978,-0.06025,-0.03511,0.00212,-0.99756,0.05589,0.01527,-0.00701,0.99830,1.00,-0.06041,-0.00792,0.00048,-0.99814,0.05585,-0.01192,-0.00524,0.99835,1.00
12856,0.00,0.00,0.00458,0.01953,0.00581,-0.99978,-0.06019,-0.03486,0.00210,-0.99758,0.05586,0.01501,-0.00688,0.99830,1.00,-0.06035,-0.00766,0.00046,-0.99815,0.05583,-0.01218,-0.00512,0.99835,1.00
12867,0.00,0.00,0.00458,0.01949,0.00563,-0.99978,-0.06020,-0.03480,0.00210,-0.99758,0.05586,0.01500,-0.00670,0.99830,1.00,-0.06035,-0.00761,0.00046,-0.99815,0.05582,-0.01219,-0.00494,0.99835,1.00
12877,0.00,0.00,0.00470,0.01949,0.00546,-0.99978,-0.06034,-0.03506,0.00212,-0.99756,0.05587,0.01527,-0.00655,0.99830,1.00,-0.06049,-0.00787,0.00048,-0.99814,0.05584,-0.01192,-0.00478,0.99836,1.00
12890,0.00,0.00,0.00479,0.01950,0.00543,-0.99978,-0.06093,-0.03483,0.00213,-0.99753,0.05636,0.01503,-0.00653,0.99828,1.00,-0.06108,-0.00763,0.00047,-0.99810,0.05633,-0.01217,-0.00474,0.99833,1.00
12900,0.00,0.00,0.00482,0.01942,0.00541,-0.99979,-0.06096,-0.03475,0.00212,-0.99753,0.05636,0.01503,-0.00650,0.99828,1.00,-0.06111,-0.00755,0.00046,-0.99810,0.05633,-0.01217,-0.00471,0.99833,1.00
12911,0.00,0.00,0.00491,0.01945,0.00539,-0.99978,-0.06100,-0.03392,0.00207,-0.99756,0.05632,0.01417,-0.00643,0.99829,1.00,-0.06116,-0.00672,0.00041,-0.99811,0.05629,-0.01303,-0.00463,0.99832,1.00
12923,0.00,0.00,0.00495,0.01948,0.00536,-0.99978,-0.06097,-0.03398,0.00208,-0.99756,0.05624,0.01421,-0.00640,0.99830,1.00,-0.06113,-0.00678,0.00042,-0.99811,0.05622,-0.01299,-0.00460,0.99832,1.00
12934,0.00,0.00,0.00494,0.01945,0.00532,-0.99978,-0.06096,-0.03395,0.00207,-0.99756,0.05624,0.01420,-0.00636,0.99830,1.00,-0.06112,-0.00674,0.00041,-0.99811,0.05622,-0.01299,-0.00457,0.99832,1.00
12944,0.00,0.00,0.00495,0.01942,0.00531,-0.99978,-0.06034,-0.03434,0.00208,-0.99758,0.05561,0.01463,-0.00638,0.99833,1.00,-0.06050,-0.00715,0.00043,-0.99814,0.05559,-0.01256,-0.00460,0.99836,1.00
12956,0.00,0.00,0.00499,0.01932,0.00529,-0.99979,-0.05999,-0.03452,0.00208,-0.99760,0.05522,0.01491,-0.00637,0.99834,1.00,-0.06015,-0.00733,0.00044,-0.99816,0.05521,-0.01228,-0.00460,0.99839,1.00
12967,0.00,0.00,0.00502,0.01920,0.00521,-0.99979,-0.06003,-0.03439,0.00207,-0.99760,0.05522,0.01491,-0.00629,0.99834,1.00,-0.06019,-0.00720,0.00043,-0.99816,0.05521,-0.01228,-0.00452,0.99839,1.00
12978,0.00,0.00,0.00497,0.01903,0.00522,-0.99979,-0.05959,-0.03536,0.00211,-0.99759,0.05484,0.01604,-0.00636,0.99835,1.00,-0.05976,-0.00817,0.00049,-0.99818,0.05484,-0.01115,-0.00460,0.99842,1.00
12990,0.00,0.00,0.00475,0.01884,0.00532,-0.99980,-0.05841,-0.03528,0.00207,-0.99767,0.05390,0.01615,-0.00644,0.99840,1.00,-0.05859,-0.00810,0.00048,-0.99825,0.05389,-0.01103,-0.00472,0.99847,1.00
13000,0.00,0.00,0.00468,0.01868,0.00536,-0.99980,-0.05835,-0.03512,0.00205,-0.99768,0.05389,0.01615,-0.00648,0.99839,1.00,-0.05853,-0.00794,0.00047,-0.99825,0.05389,-0.01103,-0.00476,0.99847,1.00
13011,0.00,0.00,0.00453,0.01867,0.00530,-0.99980,-0.05822,-0.03527,0.00206,-0.99768,0.05391,0.01631,-0.00642,0.99839,1.00,-0.05839,-0.00809,0.00047,-0.99826,0.05391,-0.01087,-0.00471,0.99848,1.00
13023,0.00,0.00,0.00440,0.01853,0.00536,-0.99980,-0.05766,-0.03543,0.00205,-0.99770,0.05349,0.01662,-0.00648,0.99841,1.00,-0.05784,-0.00825,0.00048,-0.99829,0.05349,-0.01056,-0.00479,0.99850,1.00
13034,0.00,0.00,0.00441,0.01849,0.00537,-0.99980,-0.05767,-0.03540,0.00205,-0.99771,0.05349,0.01662,-0.00649,0.99841,1.00,-0.05785,-0.00822,0.00048,-0.99829,0.05349,-0.01056,-0.00480,0.99850,1.00
13045,0.00,0.00,0.00436,0.01844,0.00541,-0.99981,-0.05866,-0.03389,0.00199,-0.99770,0.05451,0.01516,-0.00646,0.99838,1.00,-0.05883,-0.00670,0.00039,-0.99825,0.05450,-0.01203,-0.00474,0.99843,1.00
13056,0.00,0.00,0.00426,0.01834,0.00545,-0.99981,-0.05881,-0.03209,0.00189,-0.99775,0.05476,0.01345,-0.00639,0.99839,1.00,-0.05896,-0.00490,0.00029,-0.99825,0.05473,-0.01374,-0.00467,0.99840,1.00
13067,0.00,0.00,0.00401,0.01832,0.00546,-0.99981,-0.05856,-0.03207,0.00188,-0.99777,0.05476,0.01345,-0.00638,0.99839,1.00,-0.05871,-0.00487,0.00029,-0.99826,0.05473,-0.01374,-0.00468,0.99840,1.00
13079,0.00,0.00,0.00372,0.01830,0.00532,-0.99981,-0.05838,-0.03059,0.00179,-0.99782,0.05486,0.01201,-0.00614,0.99840,1.00,-0.05852,-0.00340,0.00020,-0.99828,0.05482,-0.01518,-0.00445,0.99837,1.00
13090,0.00,0.00,0.00352,0.01835,0.00513,-0.99981,-0.06331,-0.03229,0.00205,-0.99747,0.06000,0.01365,-0.00612,0.99809,1.00,-0.06346,-0.00507,0.00032,-0.99797,0.05997,-0.01357,-0.00430,0.99810,1.00
13101,0.00,0.00,0.00342,0.01833,0.00497,-0.99981,-0.06322,-0.03225,0.00204,-0.99748,0.06000,0.01364,-0.00595,0.99809,1.00,-0.06336,-0.00503,0.00032,-0.99798,0.05997,-0.01357,-0.00413,0.99810,1.00
13112,0.00,0.00,0.00354,0.01836,0.00476,-0.99981,-0.07463,-0.03610,0.00270,-0.99655,0.07131,0.01743,-0.00621,0.99728,1.00,-0.07483,-0.00883,0.00066,-0.99716,0.07134,-0.00984,-0.00407,0.99740,1.00
13123,0.00,0.00,0.00363,0.01839,0.00454,-0.99981,-0.08264,-0.03940,0.00327,-0.99579,0.07925,0.02070,-0.00641,0.99662,1.00,-0.08290,-0.01209,0.00101,-0.99648,0.07934,-0.00661,-0.00405,0.99682,1.00
13135,0.00,0.00,0.00381,0.01858,0.00424,-0.99981,-0.08284,-0.03955,0.00329,-0.99577,0.07926,0.02068,-0.00612,0.99662,1.00,-0.08308,-0.01224,0.00102,-0.99647,0.07934,-0.00664,-0.00375,0.99682,1.00
13145,0.00,0.00,0.00374,0.01866,0.00406,-0.99981,-0.08772,-0.03963,0.00349,-0.99535,0.08420,0.02068,-0.00605,0.99622,1.00,-0.08797,-0.01228,0.00108,-0.99605,0.08430,-0.00667,-0.00354,0.99641,1.00
13157,0.00,0.00,0.00382,0.01885,0.00386,-0.99981,-0.08780,-0.03675,0.00324,-0.99545,0.08418,0.01763,-0.00557,0.99628,1.00,-0.08803,-0.00939,0.00083,-0.99607,0.08426,-0.00973,-0.00305,0.99639,1.00
13168,0.00,0.00,0.00379,0.01901,0.00368,-0.99981,-0.08778,-0.03688,0.00325,-0.99545,0.08419,0.01761,-0.00538,0.99628,1.00,-0.08799,-0.00952,0.00084,-0.99608,0.08425,-0.00975,-0.00286,0.99639,1.00
13178,0.00,0.00,0.00363,0.01927,0.00350,-0.99980,-0.08195,-0.03677,0.00303,-0.99595,0.07851,0.01728,-0.00507,0.99675,1.00,-0.08216,-0.00945,0.00078,-0.99657,0.07857,-0.01004,-0.00272,0.99685,1.00
13189,0.00,0.00,0.00342,0.01953,0.00332,-0.99980,-0.07964,-0.03684,0.00295,-0.99614,0.07639,0.01711,-0.00482,0.99692,1.00,-0.07984,-0.00954,0.00076,-0.99676,0.07646,-0.01020,-0.00254,0.99702,1.00
13201,0.00,0.00,0.00318,0.01985,0.00318,-0.99979,-0.07940,-0.03714,0.00296,-0.99615,0.07639,0.01709,-0.00467,0.99692,1.00,-0.07959,-0.00984,0.00079,-0.99678,0.07646,-0.01021,-0.00241,0.99702,1.00
13212,0.00,0.00,0.00311,0.02007,0.00312,-0.99979,-0.07009,-0.02864,0.00201,-0.99713,0.06710,0.00840,-0.00381,0.99770,1.00,-0.07019,-0.00138,0.00010,-0.99753,0.06708,-0.01886,-0.00181,0.99757,1.00
13223,0.00,0.00,0.00336,0.02025,0.00319,-0.99978,-0.06829,-0.02853,0.00195,-0.99726,0.06505,0.00810,-0.00385,0.99784,1.00,-0.06840,-0.00127,0.00009,-0.99766,0.06504,-0.01915,-0.00189,0.99770,1.00
13234,0.00,0.00,0.00370,0.02036,0.00333,-0.99978,-0.06862,-0.02866,0.00197,-0.99723,0.06505,0.00811,-0.00400,0.99784,1.00,-0.06874,-0.00141,0.00010,-0.99763,0.06504,-0.01914,-0.00202,0.99770,1.00
13245,0.00,0.00,0.00415,0.02044,0.00353,-0.99978,-0.06520,-0.03206,0.00210,-0.99735,0.06120,0.01143,-0.00441,0.99805,1.00,-0.06537,-0.00483,0.00032,-0.99785,0.06123,-0.01580,-0.00252,0.99800,1.00
13257,0.00,0.00,0.00458,0.02052,0.00360,-0.99977,-0.06462,-0.03371,0.00218,-0.99734,0.06021,0.01300,-0.00460,0.99809,1.00,-0.06481,-0.00649,0.00042,-0.99788,0.06026,-0.01422,-0.00271,0.99808,1.00
13268,0.00,0.00,0.00496,0.02051,0.00371,-0.99977,-0.06500,-0.03372,0.00220,-0.99731,0.06021,0.01301,-0.00473,0.99809,1.00,-0.06519,-0.00650,0.00042,-0.99785,0.06026,-0.01421,-0.00282,0.99808,1.00
13278,0.00,0.00,0.00523,0.02046,0.00380,-0.99977,-0.06328,-0.03501,0.00222,-0.99738,0.05823,0.01434,-0.00490,0.99819,1.00,-0.06349,-0.00780,0.00050,-0.99795,0.05829,-0.01287,-0.00303,0.99821,1.00
13291,0.00,0.00,0.00524,0.02036,0.00392,-0.99977,-0.06050,-0.03494,0.00212,-0.99755,0.05543,0.01437,-0.00498,0.99835,1.00,-0.06069,-0.00775,0.00047,-0.99813,0.05549,-0.01282,-0.00319,0.99837,1.00
13301,0.00,0.00,0.00536,0.02023,0.00401,-0.99977,-0.06061,-0.03482,0.00212,-0.99755,0.05543,0.01438,-0.00507,0.99835,1.00,-0.06081,-0.00763,0.00046,-0.99812,0.05549,-0.01282,-0.00327,0.99837,1.00
13313,0.00,0.00,0.00545,0.02005,0.00406,-0.99978,-0.06027,-0.03457,0.00209,-0.99758,0.05500,0.01430,-0.00512,0.99837,1.00,-0.06046,-0.00737,0.00045,-0.99814,0.05505,-0.01289,-0.00333,0.99840,1.00
13324,0.00,0.00,0.00533,0.01983,0.00411,-0.99978,-0.05955,-0.03456,0.00206,-0.99762,0.05441,0.01451,-0.00517,0.99840,1.00,-0.05974,-0.00737,0.00044,-0.99819,0.05445,-0.01268,-0.00340,0.99843,1.00
13336,0.00,0.00,0.00492,0.01961,0.00413,-0.99979,-0.05915,-0.03434,0.00204,-0.99766,0.05441,0.01451,-0.00517,0.99840,1.00,-0.05934,-0.00715,0.00042,-0.99821,0.05445,-0.01267,-0.00342,0.99843,1.00
13345,0.00,0.00,0.00466,0.01935,0.00407,-0.99979,-0.05825,-0.03427,0.00200,-0.99771,0.05376,0.01470,-0.00509,0.99843,1.00,-0.05843,-0.00708,0.00041,-0.99827,0.05379,-0.01248,-0.00338,0.99847,1.00
13357,0.00,0.00,0.00444,0.01925,0.00405,-0.99980,-0.05805,-0.03438,0.00200,-0.99772,0.05379,0.01492,-0.00507,0.99843,1.00,-0.05823,-0.00719,0.00042,-0.99828,0.05382,-0.01226,-0.00337,0.99847,1.00
13368,0.00,0.00,0.00435,0.01911,0.00410,-0.99980,-0.05796,-0.03425,0.00199,-0.99773,0.05379,0.01493,-0.00512,0.99843,1.00,-0.05814,-0.00707,0.00041,-0.99828,0.05382,-0.01226,-0.00342,0.99847,1.00
13379,0.00,0.00,0.00438,0.01900,0.00414,-0.99980,-0.06036,-0.03312,0.00200,-0.99763,0.05615,0.01390,-0.00513,0.99831,1.00,-0.06053,-0.00592,0.00036,-0.99815,0.05617,-0.01330,-0.00337,0.99833,1.00
13391,0.00,0.00,0.00433,0.01897,0.00428,-0.99980,-0.06115,-0.03284,0.00201,-0.99759,0.05699,0.01364,-0.00527,0.99827,1.00,-0.06132,-0.00564,0.00035,-0.99810,0.05702,-0.01356,-0.00348,0.99828,1.00
13401,0.00,0.00,0.00422,0.01899,0.00437,-0.99980,-0.06103,-0.03288,0.00201,-0.99759,0.05699,0.01365,-0.00535,0.99827,1.00,-0.06121,-0.00567,0.00035,-0.99811,0.05702,-0.01356,-0.00357,0.99827,1.00
13412,0.00,0.00,0.00404,0.01898,0.00447,-0.99980,-0.06102,-0.03360,0.00206,-0.99757,0.05716,0.01438,-0.00549,0.99825,1.00,-0.06120,-0.00640,0.00039,-0.99810,0.05719,-0.01282,-0.00371,0.99827,1.00
13424,0.00,0.00,0.00392,0.01901,0.00454,-0.99980,-0.06103,-0.03324,0.00203,-0.99758,0.05730,0.01398,-0.00553,0.99824,1.00,-0.06121,-0.00604,0.00037,-0.99811,0.05733,-0.01322,-0.00376,0.99826,1.00
13435,0.00,0.00,0.00378,0.01907,0.00452,-0.99980,-0.06090,-0.03329,0.00203,-0.99759,0.05730,0.01398,-0.00551,0.99824,1.00,-0.06108,-0.00609,0.00037,-0.99811,0.05733,-0.01322,-0.00374,0.99826,1.00
13445,0.00,0.00,0.00372,0.01912,0.00457,-0.99980,-0.06102,-0.03328,0.00204,-0.99758,0.05749,0.01391,-0.00555,0.99823,1.00,-0.06120,-0.00607,0.00037,-0.99811,0.05751,-0.01329,-0.00378,0.99825,1.00
13457,0.00,0.00,0.00361,0.01919,0.00458,-0.99980,-0.06109,-0.03335,0.00204,-0.99757,0.05767,0.01391,-0.00556,0.99822,1.00,-0.06126,-0.00615,0.00038,-0.99810,0.05768,-0.01329,-0.00379,0.99824,1.00
13468,0.00,0.00,0.00355,0.01925,0.00462,-0.99980,-0.06103,-0.03341,0.00204,-0.99757,0.05767,0.01391,-0.00560,0.99822,1.00,-0.06120,-0.00621,0.00038,-0.99811,0.05768,-0.01329,-0.00383,0.99824,1.00
13479,0.00,0.00,0.00359,0.01933,0.00459,-0.99980,-0.05864,-0.03344,0.00197,-0.99772,0.05524,0.01387,-0.00553,0.99836,1.00,-0.05881,-0.00625,0.00037,-0.99825,0.05525,-0.01332,-0.00383,0.99838,1.00
13491,0.00,0.00,0.00370,0.01941,0.00455,-0.99979,-0.05888,-0.03439,0.00203,-0.99767,0.05538,0.01475,-0.00556,0.99834,1.00,-0.05905,-0.00720,0.00043,-0.99823,0.05539,-0.01244,-0.00385,0.99838,1.00
13501,0.00,0.00,0.00395,0.01947,0.00453,-0.99979,-0.05913,-0.03445,0.00204,-0.99765,0.05538,0.01475,-0.00554,0.99834,1.00,-0.05930,-0.00726,0.00043,-0.99821,0.05539,-0.01244,-0.00382,0.99838,1.00
13512,0.00,0.00,0.00422,0.01952,0.00452,-0.99979,-0.05945,-0.03442,0.00205,-0.99764,0.05542,0.01465,-0.00555,0.99834,1.00,-0.05961,-0.00722,0.00043,-0.99820,0.05542,-0.01254,-0.00381,0.99838,1.00
13523,0.00,0.00,0.00426,0.01954,0.00448,-0.99979,-0.05784,-0.03547,0.00206,-0.99769,0.05378,0.01570,-0.00554,0.99841,1.00,-0.05801,-0.00829,0.00048,-0.99828,0.05379,-0.01148,-0.00385,0.99848,1.00
13536,0.00,0.00,0.00434,0.01957,0.00444,-0.99979,-0.05792,-0.03550,0.00206,-0.99769,0.05378,0.01570,-0.00551,0.99841,1.00,-0.05808,-0.00832,0.00048,-0.99828,0.05379,-0.01148,-0.00382,0.99848,1.00
13546,0.00,0.00,0.00445,0.01957,0.00440,-0.99979,-0.05786,-0.03541,0.00205,-0.99769,0.05361,0.01561,-0.00547,0.99843,1.00,-0.05802,-0.00823,0.00048,-0.99828,0.05362,-0.01157,-0.00377,0.99849,1.00
13557,0.00,0.00,0.00446,0.01957,0.00433,-0.99979,-0.05887,-0.03535,0.00209,-0.99764,0.05460,0.01555,-0.00541,0.99837,1.00,-0.05903,-0.00817,0.00048,-0.99822,0.05461,-0.01163,-0.00369,0.99843,1.00
13568,0.00,0.00,0.00440,0.01961,0.00422,-0.99979,-0.05868,-0.03534,0.00208,-0.99765,0.05447,0.01551,-0.00530,0.99838,1.00,-0.05884,-0.00815,0.00048,-0.99823,0.05448,-0.01167,-0.00358,0.99844,1.00
13580,0.00,0.00,0.00466,0.01967,0.00404,-0.99979,-0.05895,-0.03538,0.00209,-0.99763,0.05447,0.01551,-0.00513,0.99838,1.00,-0.05910,-0.00820,0.00049,-0.99822,0.05448,-0.01168,-0.00340,0.99844,1.00
13591,0.00,0.00,0.00517,0.01970,0.00399,-0.99978,-0.05938,-0.03538,0.00211,-0.99761,0.05439,0.01548,-0.00510,0.99839,1.00,-0.05954,-0.00819,0.00049,-0.99819,0.05440,-0.01171,-0.00334,0.99844,1.00
13601,0.00,0.00,0.00580,0.01972,0.00406,-0.99978,-0.06001,-0.03542,0.00213,-0.99757,0.05439,0.01548,-0.00520,0.99839,1.00,-0.06017,-0.00823,0.00050,-0.99815,0.05441,-0.01171,-0.00341,0.99844,1.00
13612,0.00,0.00,0.00645,0.01967,0.00420,-0.99978,-0.05980,-0.03546,0.00213,-0.99758,0.05354,0.01556,-0.00537,0.99843,1.00,-0.05998,-0.00827,0.00050,-0.99817,0.05357,-0.01163,-0.00357,0.99849,1.00
13624,0.00,0.00,0.00680,0.01976,0.00430,-0.99977,-0.06057,-0.03557,0.00216,-0.99753,0.05397,0.01558,-0.00549,0.99841,1.00,-0.06076,-0.00838,0.00051,-0.99812,0.05400,-0.01161,-0.00366,0.99847,1.00
13635,0.00,0.00,0.00695,0.01965,0.00441,-0.99977,-0.06297,-0.03547,0.00224,-0.99738,0.05622,0.01557,-0.00565,0.99828,1.00,-0.06317,-0.00826,0.00052,-0.99797,0.05626,-0.01163,-0.00374,0.99834,1.00
13646,3.18,0.00,0.00707,0.01970,0.00452,-0.99977,-0.06308,-0.03553,0.00225,-0.99737,0.05622,0.01557,-0.00576,0.99828,1.00,-0.06329,-0.00833,0.00053,-0.99796,0.05627,-0.01163,-0.00385,0.99834,1.00
13657,6.61,0.00,0.00716,0.01965,0.00457,-0.99977,-0.06444,-0.03481,0.00225,-0.99731,0.05749,0.01489,-0.00579,0.99822,1.00,-0.06465,-0.00759,0.00049,-0.99788,0.05753,-0.01232,-0.00384,0.99826,1.00
13668,9.95,0.00,0.00725,0.01960,0.00470,-0.99977,-0.06453,-0.03477,0.00225,-0.99731,0.05749,0.01490,-0.00593,0.99822,1.00,-0.06474,-0.00756,0.00049,-0.99787,0.05753,-0.01231,-0.00397,0.99826,1.00
13680,13.03,0.00,0.00733,0.01952,0.00477,-0.99977,-0.06422,-0.03267,0.00210,-0.99740,0.05709,0.01286,-0.00584,0.99827,1.00,-0.06440,-0.00545,0.00035,-0.99791,0.05711,-0.01435,-0.00389,0.99826,1.00
13691,15.00,0.00,0.00740,0.01941,0.00488,-0.99977,-0.06134,-0.03367,0.00207,-0.99755,0.05415,0.01398,-0.00600,0.99842,1.00,-0.06153,-0.00646,0.00040,-0.99808,0.05417,-0.01321,-0.00412,0.99844,1.00
13701,15.00,0.00,0.00732,0.01931,0.00485,-0.99977,-0.06054,-0.03361,0.00204,-0.99760,0.05342,0.01403,-0.00595,0.99846,1.00,-0.06072,-0.00641,0.00039,-0.99813,0.05343,-0.01316,-0.00410,0.99848,1.00
13713,15.00,0.00,0.00732,0.01922,0.00489,-0.99978,-0.06053,-0.03352,0.00203,-0.99760,0.05342,0.01403,-0.00599,0.99846,1.00,-0.06071,-0.00632,0.00038,-0.99814,0.05343,-0.01316,-0.00414,0.99848,1.00
13724,15.00,0.00,0.00723,0.01915,0.00485,-0.99978,-0.06046,-0.03354,0.00203,-0.99761,0.05344,0.01412,-0.00595,0.99845,1.00,-0.06063,-0.00634,0.00039,-0.99814,0.05344,-0.01307,-0.00411,0.99848,1.00
13735,15.00,0.00,0.00713,0.01908,0.00480,-0.99978,-0.06037,-0.03346,0.00202,-0.99761,0.05344,0.01411,-0.00590,0.99845,1.00,-0.06054,-0.00626,0.00038,-0.99815,0.05344,-0.01308,-0.00406,0.99848,1.00
13747,15.00,0.00,0.00664,0.01911,0.00465,-0.99978,-0.05986,-0.03355,0.00201,-0.99764,0.05342,0.01419,-0.00573,0.99845,1.00,-0.06002,-0.00635,0.00038,-0.99818,0.05342,-0.01300,-0.00392,0.99848,1.00
13758,15.00,0.00,0.00602,0.01905,0.00458,-0.99979,-0.06025,-0.03264,0.00197,-0.99765,0.05442,0.01334,-0.00559,0.99841,1.00,-0.06040,-0.00544,0.00033,-0.99816,0.05440,-0.01385,-0.00379,0.99842,1.00
13769,15.00,0.00,0.00574,0.01921,0.00437,-0.99979,-0.05998,-0.03278,0.00197,-0.99766,0.05442,0.01333,-0.00536,0.99841,1.00,-0.06011,-0.00558,0.00034,-0.99818,0.05440,-0.01386,-0.00357,0.99842,1.00
13779,15.00,0.00,0.00537,0.01933,0.00425,-0.99979,-0.06039,-0.03393,0.00205,-0.99760,0.05520,0.01436,-0.00531,0.99836,1.00,-0.06053,-0.00673,0.00041,-0.99814,0.05519,-0.01283,-0.00352,0.99839,1.00
13791,15.00,0.00,0.00514,0.01951,0.00417,-0.99979,-0.06116,-0.03482,0.00213,-0.99752,0.05620,0.01509,-0.00528,0.99829,1.00,-0.06131,-0.00762,0.00047,-0.99809,0.05620,-0.01211,-0.00348,0.99834,1.00
13802,15.00,0.00,0.00482,0.01962,0.00417,-0.99979,-0.06132,-0.03488,0.00214,-0.99751,0.05668,0.01503,-0.00527,0.99827,1.00,-0.06148,-0.00768,0.00047,-0.99808,0.05669,-0.01217,-0.00347,0.99831,1.00
13814,15.00,0.00,0.00444,0.01975,0.00419,-0.99979,-0.06093,-0.03501,0.00214,-0.99753,0.05668,0.01503,-0.00527,0.99827,1.00,-0.06109,-0.00781,0.00048,-0.99810,0.05669,-0.01217,-0.00349,0.99831,1.00
13825,15.00,0.00,0.00427,0.01996,0.00406,-0.99978,-0.06098,-0.03469,0.00212,-0.99753,0.05689,0.01452,-0.00510,0.99826,1.00,-0.06114,-0.00749,0.00046,-0.99810,0.05690,-0.01268,-0.00332,0.99829,1.00
13835,15.00,0.00,0.00409,0.02011,0.00395,-0.99978,-0.06025,-0.03466,0.00209,-0.99758,0.05634,0.01434,-0.00496,0.99830,1.00,-0.06041,-0.00746,0.00045,-0.99815,0.05635,-0.01285,-0.00321,0.99832,1.00
13846,15.00,0.00,0.00417,0.02026,0.00382,-0.99978,-0.06035,-0.03479,0.00210,-0.99757,0.05634,0.01434,-0.00483,0.99830,1.00,-0.06049,-0.00759,0.00046,-0.99814,0.05635,-0.01286,-0.00308,0.99832,1.00
13858,15.00,0.00,0.00418,0.02026,0.00378,-0.99978,-0.05930,-0.03482,0.00207,-0.99763,0.05528,0.01437,-0.00478,0.99836,1.00,-0.05945,-0.00763,0.00045,-0.99820,0.05529,-0.01282,-0.00305,0.99838,1.00
13869,15.00,0.00,0.00411,0.02024,0.00384,-0.99978,-0.05916,-0.03532,0.00209,-0.99762,0.05522,0.01489,-0.00487,0.99835,1.00,-0.05932,-0.00813,0.00048,-0.99821,0.05525,-0.01230,-0.00315,0.99839,1.00
13881,15.00,0.00,0.00398,0.02026,0.00380,-0.99978,-0.05903,-0.03534,0.00209,-0.99763,0.05522,0.01489,-0.00483,0.99835,1.00,-0.05919,-0.00815,0.00048,-0.99821,0.05524,-0.01230,-0.00311,0.99839,1.00
13892,15.00,0.00,0.00380,0.02021,0.00373,-0.99978,-0.05927,-0.03515,0.00209,-0.99762,0.05563,0.01476,-0.00475,0.99833,1.00,-0.05943,-0.00797,0.00047,-0.99820,0.05566,-0.01243,-0.00303,0.99837,1.00
13902,15.00,0.00,0.00361,0.02018,0.00359,-0.99978,-0.05909,-0.03511,0.00208,-0.99763,0.05564,0.01475,-0.00460,0.99833,1.00,-0.05924,-0.00792,0.00047,-0.99821,0.05566,-0.01244,-0.00289,0.99837,1.00
13914,15.00,0.00,0.00337,0.02021,0.00347,-0.99978,-0.10367,-0.04065,0.00424,-0.99377,0.10052,0.02019,-0.00573,0.99471,1.00,-0.10402,-0.01317,0.00138,-0.99449,0.10072,-0.00729,-0.00277,0.99488,1.00
13925,15.00,0.00,0.00309,0.02020,0.00331,-0.99979,-0.15613,-0.04146,0.00656,-0.98684,0.15332,0.02098,-0.00680,0.98793,1.00,-0.15669,-0.01339,0.00212,-0.98755,0.15369,-0.00708,-0.00227,0.98809,1.00
13936,15.00,0.00,0.00282,0.02014,0.00325,-0.99979,-0.15587,-0.04137,0.00653,-0.98689,0.15332,0.02097,-0.00672,0.98793,1.00,-0.15643,-0.01331,0.00211,-0.98760,0.15369,-0.00709,-0.00220,0.98809,1.00
13947,15.00,0.00,0.00278,0.02019,0.00316,-0.99979,-0.16717,-0.03918,0.00665,-0.98513,0.16465,0.01874,-0.00649,0.98615,1.00,-0.16772,-0.01094,0.00186,-0.98577,0.16501,-0.00949,-0.00162,0.98625,1.00
13958,15.00,0.00,0.00288,0.02013,0.00317,-0.99979,-0.16759,-0.03920,0.00667,-0.98505,0.16498,0.01881,-0.00653,0.98610,1.00,-0.16815,-0.01096,0.00187,-0.98570,0.16535,-0.00943,-0.00164,0.98619,1.00
13969,15.00,0.00,0.00292,0.02015,0.00311,-0.99979,-0.16775,-0.04031,0.00687,-0.98498,0.16510,0.01992,-0.00667,0.98605,1.00,-0.16834,-0.01207,0.00206,-0.98565,0.16550,-0.00832,-0.00177,0.98617,1.00
13982,15.00,0.00,0.00308,0.02015,0.00310,-0.99979,-0.16791,-0.04032,0.00687,-0.98495,0.16510,0.01992,-0.00666,0.98605,1.00,-0.16850,-0.01208,0.00206,-0.98563,0.16550,-0.00832,-0.00176,0.98617,1.00
13992,15.00,0.00,0.00308,0.02019,0.00301,-0.99979,-0.16626,-0.04033,0.00681,-0.98523,0.16345,0.01991,-0.00654,0.98633,1.00,-0.16684,-0.01211,0.00205,-0.98591,0.16385,-0.00831,-0.00169,0.98645,1.00
14002,15.00,0.00,0.00299,0.02016,0.00295,-0.99979,-0.16579,-0.04030,0.00678,-0.98531,0.16306,0.01992,-0.00647,0.98639,1.00,-0.16637,-0.01208,0.00204,-0.98599,0.16346,-0.00829,-0.00163,0.98651,1.00
14014,15.00,0.00,0.00302,0.02022,0.00285,-0.99979,-0.16582,-0.04032,0.00679,-0.98531,0.16306,0.01990,-0.00636,0.98639,1.00,-0.16640,-0.01211,0.00204,-0.98598,0.16346,-0.00831,-0.00152,0.98651,1.00
14025,15.00,0.00,0.00326,0.02021,0.00281,-0.99979,-0.16602,-0.04212,0.00710,-0.98520,0.16303,0.02171,-0.00665,0.98636,1.00,-0.16663,-0.01391,0.00235,-0.98592,0.16347,-0.00650,-0.00180,0.98653,1.00
14036,15.00,0.00,0.00351,0.02022,0.00280,-0.99979,-0.16802,-0.04275,0.00729,-0.98483,0.16479,0.02232,-0.00680,0.98605,1.00,-0.16866,-0.01451,0.00248,-0.98556,0.16525,-0.00591,-0.00188,0.98623,1.00
14047,15.00,0.00,0.00351,0.02023,0.00278,-0.99979,-0.16801,-0.04274,0.00729,-0.98483,0.16479,0.02232,-0.00678,0.98605,1.00,-0.16866,-0.01450,0.00248,-0.98557,0.16525,-0.00591,-0.00186,0.98623,1.00
14059,15.00,0.00,0.00340,0.02019,0.00272,-0.99979,-0.16779,-0.04213,0.00718,-0.98490,0.16467,0.02175,-0.00661,0.98609,1.00,-0.16842,-0.01389,0.00237,-0.98561,0.16512,-0.00648,-0.00170,0.98625,1.00
14069,15.00,0.00,0.00326,0.02019,0.00268,-0.99979,-0.16766,-0.04211,0.00717,-0.98492,0.16467,0.02174,-0.00656,0.98609,1.00,-0.16828,-0.01387,0.00237,-0.98564,0.16512,-0.00649,-0.00166,0.98625,1.00
14081,15.00,0.00,0.00321,0.02019,0.00261,-0.99979,-0.16397,-0.04234,0.00704,-0.98553,0.16102,0.02198,-0.00644,0.98668,1.00,-0.16458,-0.01417,0.00236,-0.98626,0.16147,-0.00619,-0.00166,0.98686,1.00
14092,15.00,0.00,0.00324,0.02019,0.00256,-0.99979,-0.16401,-0.04224,0.00703,-0.98553,0.16103,0.02189,-0.00637,0.98669,1.00,-0.16463,-0.01406,0.00235,-0.98625,0.16148,-0.00628,-0.00159,0.98685,1.00
14102,15.00,0.00,0.00322,0.02018,0.00259,-0.99979,-0.16494,-0.04250,0.00711,-0.98536,0.16199,0.02215,-0.00647,0.98652,1.00,-0.16558,-0.01430,0.00240,-0.98609,0.16245,-0.00603,-0.00166,0.98670,1.00
14114,15.00,0.00,0.00319,0.02022,0.00257,-0.99979,-0.16492,-0.04253,0.00712,-0.98536,0.16199,0.02215,-0.00645,0.98652,1.00,-0.16555,-0.01434,0.00241,-0.98609,0.16245,-0.00604,-0.00164,0.98670,1.00
14125,15.00,0.00,0.00314,0.02025,0.00260,-0.99979,-0.16496,-0.04250,0.00712,-0.98536,0.16209,0.02209,-0.00647,0.98651,1.00,-0.16560,-0.01431,0.00240,-0.98609,0.16255,-0.00610,-0.00166,0.98668,1.00
14137,15.00,0.00,0.00312,0.02029,0.00258,-0.99979,-0.16494,-0.04254,0.00712,-0.98536,0.16209,0.02208,-0.00645,0.98651,1.00,-0.16558,-0.01435,0.00241,-0.98609,0.16255,-0.00610,-0.00164,0.98668,1.00
14149,15.00,0.00,0.00311,0.02031,0.00260,-0.99979,-0.16589,-0.04244,0.00715,-0.98520,0.16305,0.02196,-0.00647,0.98635,1.00,-0.16653,-0.01423,0.00240,-0.98593,0.16351,-0.00624,-0.00163,0.98652,1.00
14158,15.00,0.00,0.00313,0.02035,0.00261,-0.99978,-0.16647,-0.04246,0.00718,-0.98511,0.16361,0.02195,-0.00649,0.98626,1.00,-0.16711,-0.01425,0.00241,-0.98583,0.16408,-0.00626,-0.00163,0.98643,1.00
14169,15.00,0.00,0.00309,0.02034,0.00260,-0.99979,-0.16690,-0.04244,0.00719,-0.98503,0.16408,0.02194,-0.00649,0.98618,1.00,-0.16754,-0.01422,0.00242,-0.98576,0.16455,-0.00628,-0.00162,0.98635,1.00
14181,15.00,0.00,0.00306,0.02032,0.00261,-0.99979,-0.16687,-0.04242,0.00719,-0.98504,0.16408,0.02194,-0.00649,0.98618,1.00,-0.16751,-0.01420,0.00241,-0.98577,0.16455,-0.00628,-0.00162,0.98635,1.00
14193,15.00,0.00,0.00300,0.02033,0.00260,-0.99979,-0.16680,-0.04355,0.00737,-0.98500,0.16407,0.02306,-0.00667,0.98616,1.00,-0.16747,-0.01533,0.00260,-0.98576,0.16457,-0.00516,-0.00181,0.98635,1.00
14203,15.00,0.00,0.00292,0.02032,0.00257,-0.99979,-0.16791,-0.04343,0.00741,-0.98482,0.16526,0.02296,-0.00665,0.98596,1.00,-0.16858,-0.01520,0.00260,-0.98557,0.16576,-0.00527,-0.00175,0.98615,1.00
14215,15.00,0.00,0.00290,0.02034,0.00247,-0.99979,-0.16790,-0.04341,0.00740,-0.98482,0.16526,0.02294,-0.00654,0.98596,1.00,-0.16856,-0.01518,0.00260,-0.98557,0.16576,-0.00529,-0.00164,0.98615,1.00
14226,15.00,0.00,0.00293,0.02037,0.00242,-0.99979,-0.16799,-0.04344,0.00741,-0.98480,0.16533,0.02294,-0.00649,0.98595,1.00,-0.16866,-0.01520,0.00260,-0.98555,0.16583,-0.00529,-0.00159,0.98614,1.00
14236,15.00,0.00,0.00304,0.02042,0.00240,-0.99978,-0.17038,-0.03689,0.00638,-0.98467,0.16757,0.01635,-0.00537,0.98571,1.00,-0.17090,-0.00859,0.00149,-0.98525,0.16792,-0.01194,-0.00039,0.98573,1.00
14248,15.00,0.00,0.00315,0.02045,0.00243,-0.99978,-0.17049,-0.03693,0.00639,-0.98465,0.16757,0.01635,-0.00541,0.98571,1.00,-0.17101,-0.00864,0.00150,-0.98523,0.16792,-0.01193,-0.00042,0.98573,1.00
14260,15.00,0.00,0.00327,0.02053,0.00246,-0.99978,-0.17353,-0.03708,0.00654,-0.98411,0.17050,0.01642,-0.00552,0.98521,1.00,-0.17406,-0.00873,0.00154,-0.98469,0.17086,-0.01192,-0.00042,0.98522,1.00
14271,15.00,0.00,0.00330,0.02059,0.00250,-0.99978,-0.17348,-0.03711,0.00654,-0.98412,0.17042,0.01638,-0.00555,0.98522,1.00,-0.17402,-0.00876,0.00155,-0.98470,0.17078,-0.01196,-0.00045,0.98524,1.00
14282,15.00,0.00,0.00327,0.02073,0.00254,-0.99978,-0.17344,-0.03726,0.00657,-0.98412,0.17042,0.01639,-0.00559,0.98522,1.00,-0.17399,-0.00891,0.00157,-0.98471,0.17078,-0.01195,-0.00050,0.98524,1.00
14293,15.00,0.00,0.00319,0.02081,0.00267,-0.99977,-0.17171,-0.03629,0.00633,-0.98446,0.16876,0.01532,-0.00550,0.98552,1.00,-0.17223,-0.00798,0.00139,-0.98502,0.16910,-0.01298,-0.00047,0.98551,1.00
14304,15.00,0.00,0.00302,0.02093,0.00294,-0.99977,-0.17151,-0.03639,0.00634,-0.98449,0.16873,0.01525,-0.00575,0.98553,1.00,-0.17204,-0.00808,0.00141,-0.98506,0.16908,-0.01305,-0.00073,0.98552,1.00
14315,15.00,0.00,0.00295,0.02094,0.00310,-0.99977,-0.17143,-0.03646,0.00635,-0.98450,0.16873,0.01528,-0.00592,0.98553,1.00,-0.17197,-0.00815,0.00142,-0.98507,0.16908,-0.01302,-0.00090,0.98552,1.00
14326,15.00,0.00,0.00278,0.02099,0.00325,-0.99977,-0.17191,-0.03668,0.00641,-0.98441,0.16939,0.01544,-0.00610,0.98541,1.00,-0.17246,-0.00836,0.00146,-0.98498,0.16975,-0.01288,-0.00107,0.98540,1.00
14337,15.00,0.00,0.00253,0.02096,0.00333,-0.99977,-0.17166,-0.03668,0.00640,-0.98445,0.16939,0.01545,-0.00617,0.98541,1.00,-0.17222,-0.00837,0.00146,-0.98502,0.16975,-0.01286,-0.00115,0.98540,1.00
14348,15.00,0.00,0.00237,0.02091,0.00337,-0.99977,-0.17158,-0.03744,0.00653,-0.98444,0.16947,0.01625,-0.00634,0.98538,1.00,-0.17215,-0.00913,0.00159,-0.98503,0.16984,-0.01206,-0.00133,0.98540,1.00
14360,15.00,0.00,0.00229,0.02089,0.00330,-0.99977,-0.17055,-0.03726,0.00645,-0.98462,0.16852,0.01610,-0.00622,0.98555,1.00,-0.17110,-0.00896,0.00156,-0.98521,0.16887,-0.01219,-0.00125,0.98556,1.00
14371,15.00,0.00,0.00223,0.02073,0.00326,-0.99978,-0.16928,-0.03691,0.00634,-0.98486,0.16730,0.01592,-0.00613,0.98576,1.00,-0.16981,-0.00863,0.00149,-0.98544,0.16764,-0.01235,-0.00120,0.98577,1.00
14382,15.00,0.00,0.00222,0.02073,0.00323,-0.99978,-0.16927,-0.03690,0.00634,-0.98486,0.16730,0.01591,-0.00610,0.98576,1.00,-0.16980,-0.00862,0.00149,-0.98544,0.16764,-0.01236,-0.00117,0.98577,1.00
14392,15.00,0.00,0.00226,0.02063,0.00318,-0.99978,-0.16918,-0.03585,0.00616,-0.98491,0.16716,0.01497,-0.00588,0.98580,1.00,-0.16968,-0.00758,0.00130,-0.98547,0.16747,-0.01330,-0.00096,0.98579,1.00
14403,15.00,0.00,0.00231,0.02057,0.00309,-0.99978,-0.16664,-0.03579,0.00605,-0.98535,0.16456,0.01498,-0.00575,0.98624,1.00,-0.16713,-0.00755,0.00128,-0.98591,0.16486,-0.01325,-0.00090,0.98623,1.00
14415,15.00,0.00,0.00237,0.02059,0.00297,-0.99978,-0.16671,-0.03578,0.00605,-0.98534,0.16456,0.01497,-0.00563,0.98624,1.00,-0.16719,-0.00754,0.00128,-0.98590,0.16486,-0.01327,-0.00078,0.98623,1.00
14426,15.00,0.00,0.00242,0.02068,0.00285,-0.99978,-0.16682,-0.03494,0.00591,-0.98535,0.16462,0.01406,-0.00535,0.98624,1.00,-0.16728,-0.00669,0.00114,-0.98589,0.16490,-0.01418,-0.00050,0.98621,1.00
14437,15.00,0.00,0.00252,0.02083,0.00277,-0.99978,-0.16706,-0.03644,0.00618,-0.98525,0.16477,0.01543,-0.00552,0.98620,1.00,-0.16755,-0.00819,0.00139,-0.98583,0.16508,-0.01281,-0.00066,0.98620,1.00
14449,15.00,0.00,0.00260,0.02096,0.00277,-0.99977,-0.16714,-0.03656,0.00620,-0.98524,0.16477,0.01543,-0.00552,0.98620,1.00,-0.16763,-0.00831,0.00141,-0.98581,0.16508,-0.01281,-0.00065,0.98620,1.00
14460,15.00,0.00,0.00273,0.02115,0.00286,-0.99977,-0.16985,-0.03683,0.00635,-0.98476,0.16736,0.01549,-0.00567,0.98576,1.00,-0.17036,-0.00855,0.00148,-0.98534,0.16768,-0.01279,-0.00071,0.98576,1.00
14471,15.00,0.00,0.00280,0.02125,0.00291,-0.99977,-0.16978,-0.03905,0.00673,-0.98469,0.16723,0.01760,-0.00610,0.98574,1.00,-0.17034,-0.01077,0.00186,-0.98532,0.16762,-0.01068,-0.00114,0.98579,1.00
14481,15.00,0.00,0.00292,0.02140,0.00289,-0.99976,-0.16990,-0.03919,0.00676,-0.98466,0.16723,0.01759,-0.00608,0.98574,1.00,-0.17046,-0.01091,0.00189,-0.98530,0.16761,-0.01068,-0.00111,0.98579,1.00
14493,15.00,0.00,0.00301,0.02143,0.00293,-0.99976,-0.17005,-0.03907,0.00675,-0.98464,0.16731,0.01745,-0.00610,0.98573,1.00,-0.17062,-0.01079,0.00187,-0.98528,0.16769,-0.01083,-0.00113,0.98578,1.00
14504,15.00,0.00,0.00308,0.02149,0.00290,-0.99976,-0.16999,-0.03897,0.00673,-0.98465,0.16717,0.01728,-0.00605,0.98576,1.00,-0.17056,-0.01068,0.00185,-0.98529,0.16755,-0.01100,-0.00108,0.98580,1.00
14515,15.00,0.00,0.00318,0.02152,0.00295,-0.99976,-0.17008,-0.03901,0.00674,-0.98463,0.16717,0.01729,-0.00611,0.98576,1.00,-0.17065,-0.01072,0.00186,-0.98527,0.16755,-0.01099,-0.00113,0.98580,1.00
14527,15.00,0.00,0.00319,0.02148,0.00304,-0.99976,-0.16942,-0.03899,0.00671,-0.98475,0.16650,0.01730,-0.00618,0.98587,1.00,-0.17000,-0.01072,0.00185,-0.98538,0.16688,-0.01097,-0.00122,0.98591,1.00
14538,15.00,0.00,0.00324,0.02147,0.00308,-0.99976,-0.16933,-0.03956,0.00680,-0.98474,0.16637,0.01787,-0.00633,0.98588,1.00,-0.16992,-0.01129,0.00195,-0.98539,0.16676,-0.01040,-0.00137,0.98594,1.00
14549,15.00,0.00,0.00332,0.02140,0.00312,-0.99976,-0.16940,-0.03950,0.00680,-0.98473,0.16637,0.01787,-0.00637,0.98588,1.00,-0.17000,-0.01123,0.00194,-0.98538,0.16676,-0.01039,-0.00141,0.98594,1.00
14560,15.00,0.00,0.00332,0.02131,0.00313,-0.99976,-0.16974,-0.03870,0.00667,-0.98471,0.16669,0.01715,-0.00626,0.98584,1.00,-0.17031,-0.01042,0.00180,-0.98533,0.16707,-0.01112,-0.00129,0.98588,1.00
14571,15.00,0.00,0.00332,0.02120,0.00313,-0.99976,-0.17002,-0.03399,0.00587,-0.98484,0.16694,0.01255,-0.00545,0.98587,1.00,-0.17049,-0.00570,0.00099,-0.98534,0.16721,-0.01573,-0.00047,0.98580,1.00
14582,15.00,0.00,0.00327,0.02111,0.00310,-0.99977,-0.16996,-0.03389,0.00585,-0.98485,0.16694,0.01255,-0.00542,0.98587,1.00,-0.17043,-0.00559,0.00097,-0.98535,0.16721,-0.01574,-0.00044,0.98580,1.00
14593,15.00,0.00,0.00321,0.02098,0.00313,-0.99977,-0.16963,-0.03382,0.00582,-0.98491,0.16666,0.01260,-0.00546,0.98592,1.00,-0.17010,-0.00553,0.00095,-0.98541,0.16693,-0.01568,-0.00049,0.98584,1.00
14605,15.00,0.00,0.00315,0.02089,0.00315,-0.99977,-0.17163,-0.03557,0.00620,-0.98450,0.16872,0.01444,-0.00582,0.98554,1.00,-0.17214,-0.00725,0.00127,-0.98505,0.16904,-0.01387,-0.00079,0.98551,1.00
14616,15.00,0.00,0.00306,0.02079,0.00320,-0.99977,-0.17154,-0.03549,0.00618,-0.98452,0.16872,0.01445,-0.00587,0.98554,1.00,-0.17205,-0.00718,0.00125,-0.98506,0.16904,-0.01386,-0.00085,0.98551,1.00
14627,15.00,0.00,0.00292,0.02077,0.00318,-0.99978,-0.16776,-0.03575,0.00609,-0.98516,0.16508,0.01473,-0.00584,0.98615,1.00,-0.16826,-0.00749,0.00128,-0.98571,0.16540,-0.01351,-0.00094,0.98613,1.00
14638,15.00,0.00,0.00274,0.02076,0.00317,-0.99978,-0.17030,-0.03594,0.00622,-0.98472,0.16781,0.01493,-0.00590,0.98569,1.00,-0.17081,-0.00765,0.00133,-0.98527,0.16813,-0.01336,-0.00092,0.98567,1.00
14649,15.00,0.00,0.00256,0.02076,0.00310,-0.99978,-0.17013,-0.03591,0.00620,-0.98475,0.16781,0.01492,-0.00581,0.98569,1.00,-0.17063,-0.00762,0.00132,-0.98530,0.16813,-0.01337,-0.00085,0.98567,1.00
14660,15.00,0.00,0.00238,0.02076,0.00302,-0.99978,-0.17002,-0.03820,0.00660,-0.98468,0.16790,0.01722,-0.00613,0.98564,1.00,-0.17058,-0.00991,0.00172,-0.98529,0.16826,-0.01106,-0.00117,0.98568,1.00
14671,15.00,0.00,0.00223,0.02075,0.00299,-0.99978,-0.17007,-0.03828,0.00661,-0.98467,0.16809,0.01732,-0.00611,0.98560,1.00,-0.17063,-0.01000,0.00173,-0.98528,0.16845,-0.01096,-0.00116,0.98565,1.00
14682,15.00,0.00,0.00204,0.02079,0.00294,-0.99978,-0.16989,-0.03830,0.00661,-0.98470,0.16809,0.01731,-0.00605,0.98560,1.00,-0.17044,-0.01002,0.00173,-0.98532,0.16845,-0.01097,-0.00111,0.98565,1.00
14694,15.00,0.00,0.00190,0.02082,0.00286,-0.99978,-0.17002,-0.03923,0.00677,-0.98464,0.16836,0.01821,-0.00612,0.98554,1.00,-0.17059,-0.01094,0.00190,-0.98528,0.16875,-0.01007,-0.00118,0.98561,1.00
14705,15.00,0.00,0.00177,0.02089,0.00280,-0.99978,-0.16824,-0.03840,0.00656,-0.98498,0.16670,0.01734,-0.00587,0.98584,1.00,-0.16878,-0.01014,0.00174,-0.98560,0.16707,-0.01092,-0.00099,0.98588,1.00
14715,15.00,0.00,0.00174,0.02089,0.00281,-0.99978,-0.16821,-0.03840,0.00656,-0.98498,0.16670,0.01734,-0.00588,0.98584,1.00,-0.16875,-0.01015,0.00174,-0.98560,0.16707,-0.01092,-0.00100,0.98588,1.00
14728,15.00,0.00,0.00169,0.02097,0.00279,-0.99977,-0.16837,-0.03882,0.00664,-0.98494,0.16691,0.01768,-0.00592,0.98580,1.00,-0.16893,-0.01056,0.00181,-0.98557,0.16729,-0.01058,-0.00104,0.98585,1.00
14739,15.00,0.00,0.00173,0.02100,0.00285,-0.99977,-0.16728,-0.03882,0.00659,-0.98512,0.16579,0.01764,-0.00595,0.98599,1.00,-0.16784,-0.01058,0.00180,-0.98576,0.16617,-0.01060,-0.00111,0.98604,1.00
14750,15.00,0.00,0.00180,0.02103,0.00289,-0.99977,-0.16735,-0.03887,0.00660,-0.98511,0.16579,0.01765,-0.00600,0.98599,1.00,-0.16791,-0.01063,0.00181,-0.98574,0.16617,-0.01059,-0.00115,0.98604,1.00
14760,15.00,0.00,0.00188,0.02105,0.00296,-0.99977,-0.16752,-0.03903,0.00664,-0.98507,0.16588,0.01778,-0.00610,0.98597,1.00,-0.16809,-0.01079,0.00184,-0.98571,0.16626,-0.01047,-0.00124,0.98602,1.00
14772,15.00,0.00,0.00197,0.02103,0.00300,-0.99977,-0.16761,-0.03940,0.00670,-0.98504,0.16589,0.01815,-0.00621,0.98596,1.00,-0.16819,-0.01115,0.00190,-0.98569,0.16628,-0.01009,-0.00134,0.98603,1.00
14782,15.00,0.00,0.00207,0.02095,0.00302,-0.99977,-0.16770,-0.03932,0.00669,-0.98503,0.16589,0.01815,-0.00624,0.98596,1.00,-0.16829,-0.01107,0.00189,-0.98567,0.16628,-0.01009,-0.00137,0.98603,1.00
14793,15.00,0.00,0.00216,0.02088,0.00308,-0.99978,-0.16715,-0.03921,0.00665,-0.98513,0.16524,0.01810,-0.00628,0.98607,1.00,-0.16773,-0.01098,0.00187,-0.98577,0.16563,-0.01013,-0.00142,0.98613,1.00
14805,15.00,0.00,0.00221,0.02077,0.00307,-0.99978,-0.16711,-0.03946,0.00669,-0.98513,0.16515,0.01846,-0.00633,0.98607,1.00,-0.16769,-0.01122,0.00191,-0.98577,0.16555,-0.00977,-0.00148,0.98615,1.00
14816,15.00,0.00,0.00224,0.02060,0.00303,-0.99978,-0.16714,-0.03928,0.00666,-0.98513,0.16515,0.01846,-0.00629,0.98608,1.00,-0.16772,-0.01105,0.00188,-0.98577,0.16555,-0.00978,-0.00144,0.98615,1.00
14827,15.00,0.00,0.00223,0.02046,0.00298,-0.99978,-0.16786,-0.03920,0.00668,-0.98501,0.16587,0.01853,-0.00627,0.98595,1.00,-0.16844,-0.01096,0.00187,-0.98565,0.16627,-0.00972,-0.00139,0.98603,1.00
14839,15.00,0.00,0.00214,0.02029,0.00301,-0.99979,-0.16790,-0.03908,0.00666,-0.98501,0.16601,0.01856,-0.00630,0.98593,1.00,-0.16847,-0.01083,0.00185,-0.98564,0.16640,-0.00969,-0.00142,0.98601,1.00
14850,15.00,0.00,0.00212,0.02017,0.00300,-0.99979,-0.16788,-0.03895,0.00664,-0.98502,0.16601,0.01856,-0.00629,0.98593,1.00,-0.16846,-0.01070,0.00183,-0.98565,0.16640,-0.00969,-0.00141,0.98601,1.00
14861,15.00,0.00,0.00204,0.02003,0.00305,-0.99979,-0.16775,-0.03899,0.00664,-0.98504,0.16596,0.01873,-0.00636,0.98593,1.00,-0.16833,-0.01074,0.00183,-0.98567,0.16635,-0.00952,-0.00149,0.98602,1.00
14872,15.00,0.00,0.00200,0.01990,0.00303,-0.99980,-0.16720,-0.03964,0.00673,-0.98510,0.16545,0.01950,-0.00646,0.98600,1.00,-0.16779,-0.01140,0.00194,-0.98575,0.16586,-0.00873,-0.00161,0.98611,1.00
14883,15.00,0.00,0.00194,0.01984,0.00302,-0.99980,-0.16715,-0.03957,0.00671,-0.98511,0.16545,0.01950,-0.00645,0.98600,1.00,-0.16774,-0.01134,0.00193,-0.98576,0.16586,-0.00873,-0.00160,0.98611,1.00
14894,15.00,0.00,0.00192,0.01976,0.00294,-0.99980,-0.16716,-0.04015,0.00681,-0.98509,0.16549,0.02017,-0.00649,0.98598,1.00,-0.16775,-0.01192,0.00203,-0.98575,0.16591,-0.00806,-0.00164,0.98611,1.00
14906,15.00,0.00,0.00189,0.01967,0.00286,-0.99980,-0.16764,-0.04021,0.00684,-0.98500,0.16600,0.02033,-0.00644,0.98590,1.00,-0.16823,-0.01197,0.00204,-0.98567,0.16641,-0.00791,-0.00158,0.98602,1.00
14916,15.00,0.00,0.00194,0.01954,0.00282,-0.99980,-0.16770,-0.04006,0.00682,-0.98500,0.16600,0.02033,-0.00640,0.98590,1.00,-0.16829,-0.01182,0.00202,-0.98566,0.16641,-0.00792,-0.00153,0.98602,1.00
14927,15.00,0.00,0.00196,0.01948,0.00280,-0.99980,-0.16835,-0.03760,0.00643,-0.98499,0.16662,0.01793,-0.00598,0.98584,1.00,-0.16889,-0.00934,0.00160,-0.98559,0.16698,-0.01033,-0.00109,0.98591,1.00
14939,15.00,0.00,0.00204,0.01935,0.00278,-0.99981,-0.16926,-0.03600,0.00619,-0.98489,0.16744,0.01646,-0.00572,0.98573,1.00,-0.16976,-0.00772,0.00133,-0.98545,0.16777,-0.01182,-0.00080,0.98575,1.00
14950,15.00,0.00,0.00210,0.01927,0.00279,-0.99981,-0.16932,-0.03593,0.00618,-0.98489,0.16744,0.01646,-0.00574,0.98573,1.00,-0.16983,-0.00765,0.00132,-0.98544,0.16777,-0.01181,-0.00081,0.98575,1.00
14960,15.00,0.00,0.00216,0.01916,0.00283,-0.99981,-0.17083,-0.03596,0.00624,-0.98462,0.16889,0.01658,-0.00582,0.98548,1.00,-0.17135,-0.00765,0.00133,-0.98518,0.16923,-0.01172,-0.00085,0.98551,1.00
14973,15.00,0.00,0.00216,0.01913,0.00291,-0.99981,-0.16932,-0.03495,0.00601,-0.98492,0.16738,0.01559,-0.00571,0.98575,1.00,-0.16981,-0.00667,0.00115,-0.98545,0.16769,-0.01269,-0.00078,0.98576,1.00
14983,15.00,0.00,0.00215,0.01906,0.00297,-0.99981,-0.16930,-0.03490,0.00600,-0.98493,0.16738,0.01560,-0.00578,0.98575,1.00,-0.16980,-0.00662,0.00114,-0.98546,0.16769,-0.01267,-0.00085,0.98576,1.00
14994,15.00,0.00,0.00208,0.01900,0.00305,-0.99981,-0.16837,-0.03498,0.00598,-0.98508,0.16652,0.01573,-0.00585,0.98590,1.00,-0.16887,-0.00671,0.00115,-0.98562,0.16683,-0.01254,-0.00096,0.98591,1.00
15006,15.00,0.00,0.00198,0.01897,0.00315,-0.99981,-0.16822,-0.03632,0.00620,-0.98506,0.16647,0.01709,-0.00619,0.98588,1.00,-0.16875,-0.00806,0.00138,-0.98563,0.16681,-0.01117,-0.00130,0.98592,1.00
15016,15.00,0.00,0.00190,0.01889,0.00321,-0.99981,-0.16814,-0.03626,0.00619,-0.98508,0.16647,0.01710,-0.00625,0.98588,1.00,-0.16867,-0.00800,0.00137,-0.98564,0.16681,-0.01116,-0.00136,0.98592,1.00
15027,15.00,0.00,0.00188,0.01879,0.00321,-0.99982,-0.16970,-0.03626,0.00625,-0.98481,0.16805,0.01719,-0.00629,0.98561,1.00,-0.17023,-0.00797,0.00138,-0.98537,0.16839,-0.01109,-0.00136,0.98566,1.00
15039,15.00,0.00,0.00191,0.01862,0.00319,-0.99982,-0.16982,-0.03522,0.00607,-0.98483,0.16813,0.01632,-0.00612,0.98561,1.00,-0.17032,-0.00693,0.00120,-0.98536,0.16845,-0.01197,-0.00119,0.98564,1.00
15050,15.00,0.00,0.00193,0.01845,0.00312,-0.99982,-0.16984,-0.03503,0.00604,-0.98483,0.16814,0.01631,-0.00604,0.98561,1.00,-0.17034,-0.00674,0.00116,-0.98536,0.16845,-0.01198,-0.00110,0.98564,1.00
15061,15.00,0.00,0.00192,0.01831,0.00305,-0.99983,-0.16988,-0.03498,0.00603,-0.98482,0.16818,0.01641,-0.00599,0.98560,1.00,-0.17037,-0.00669,0.00116,-0.98536,0.16849,-0.01188,-0.00105,0.98563,1.00
15073,15.00,0.00,0.00191,0.01823,0.00285,-0.99983,-0.17011,-0.03515,0.00607,-0.98478,0.16842,0.01670,-0.00585,0.98556,1.00,-0.17060,-0.00686,0.00119,-0.98532,0.16873,-0.01159,-0.00090,0.98559,1.00
15083,15.00,0.00,0.00193,0.01823,0.00279,-0.99983,-0.17014,-0.03514,0.00607,-0.98477,0.16842,0.01669,-0.00579,0.98556,1.00,-0.17062,-0.00684,0.00118,-0.98531,0.16873,-0.01160,-0.00084,0.98559,1.00
15095,15.00,0.00,0.00192,0.01823,0.00269,-0.99983,-0.17013,-0.03566,0.00616,-0.98476,0.16842,0.01723,-0.00578,0.98555,1.00,-0.17061,-0.00737,0.00128,-0.98531,0.16874,-0.01106,-0.00083,0.98560,1.00
15106,15.00,0.00,0.00189,0.01830,0.00265,-0.99983,-0.16823,-0.03613,0.00617,-0.98507,0.16655,0.01764,-0.00577,0.98586,1.00,-0.16872,-0.00787,0.00135,-0.98563,0.16687,-0.01062,-0.00089,0.98592,1.00
15116,15.00,0.00,0.00187,0.01846,0.00262,-0.99982,-0.16821,-0.03628,0.00620,-0.98506,0.16655,0.01764,-0.00574,0.98586,1.00,-0.16870,-0.00802,0.00137,-0.98563,0.16687,-0.01062,-0.00086,0.98592,1.00
15128,15.00,0.00,0.00185,0.01861,0.00263,-0.99982,-0.16819,-0.03653,0.00624,-0.98506,0.16655,0.01773,-0.00577,0.98586,1.00,-0.16868,-0.00827,0.00142,-0.98563,0.16688,-0.01053,-0.00089,0.98592,1.00
15139,15.00,0.00,0.00180,0.01888,0.00256,-0.99982,-0.16817,-0.03653,0.00624,-0.98506,0.16658,0.01749,-0.00564,0.98586,1.00,-0.16866,-0.00827,0.00142,-0.98564,0.16691,-0.01077,-0.00076,0.98591,1.00
15150,15.00,0.00,0.00183,0.01909,0.00251,-0.99981,-0.16820,-0.03672,0.00627,-0.98505,0.16658,0.01748,-0.00560,0.98586,1.00,-0.16869,-0.00846,0.00145,-0.98563,0.16691,-0.01078,-0.00071,0.98591,1.00
15161,11.78,0.00,0.00189,0.01927,0.00248,-0.99981,-0.16974,-0.03679,0.00634,-0.98478,0.16806,0.01737,-0.00558,0.98561,1.00,-0.17024,-0.00850,0.00147,-0.98537,0.16839,-0.01091,-0.00065,0.98566,1.00
15173,8.41,0.00,0.00193,0.01947,0.00252,-0.99981,-0.16978,-0.03714,0.00640,-0.98476,0.16806,0.01752,-0.00564,0.98560,1.00,-0.17029,-0.00885,0.00153,-0.98535,0.16841,-0.01077,-0.00071,0.98566,1.00
15183,4.90,0.00,0.00204,0.01954,0.00267,-0.99980,-0.16988,-0.03727,0.00643,-0.98474,0.16806,0.01755,-0.00581,0.98560,1.00,-0.17040,-0.00898,0.00155,-0.98533,0.16841,-0.01074,-0.00087,0.98566,1.00
15195,1.69,0.00,0.00217,0.01968,0.00274,-0.99980,-0.16890,-0.03744,0.00642,-0.98490,0.16696,0.01757,-0.00587,0.98579,1.00,-0.16943,-0.00917,0.00158,-0.98550,0.16732,-0.01070,-0.00096,0.98584,1.00
15207,0.00,0.00,0.00235,0.01970,0.00283,-0.99980,-0.16804,-0.03747,0.00639,-0.98505,0.16593,0.01756,-0.00596,0.98596,1.00,-0.16858,-0.00921,0.00158,-0.98564,0.16629,-0.01069,-0.00107,0.98602,1.00
15217,0.00,0.00,0.00247,0.01972,0.00281,-0.99980,-0.16816,-0.03748,0.00640,-0.98503,0.16593,0.01756,-0.00594,0.98596,1.00,-0.16870,-0.00922,0.00158,-0.98562,0.16629,-0.01070,-0.00104,0.98602,1.00
15228,0.00,0.00,0.00262,0.01970,0.00273,-0.99980,-0.16773,-0.03891,0.00663,-0.98504,0.16535,0.01902,-0.00611,0.98603,1.00,-0.16829,-0.01066,0.00182,-0.98568,0.16575,-0.00922,-0.00122,0.98612,1.00
15240,0.00,0.00,0.00273,0.01970,0.00266,-0.99980,-0.16741,-0.03872,0.00658,-0.98511,0.16492,0.01884,-0.00601,0.98611,1.00,-0.16796,-0.01047,0.00178,-0.98574,0.16530,-0.00940,-0.00113,0.98620,1.00
15251,0.00,0.00,0.00281,0.01967,0.00262,-0.99980,-0.16749,-0.03868,0.00658,-0.98509,0.16492,0.01884,-0.00597,0.98611,1.00,-0.16804,-0.01044,0.00178,-0.98572,0.16530,-0.00940,-0.00108,0.98620,1.00
15262,0.00,0.00,0.00285,0.01965,0.00261,-0.99980,-0.16597,-0.03868,0.00651,-0.98535,0.16336,0.01886,-0.00593,0.98637,1.00,-0.16652,-0.01046,0.00177,-0.98598,0.16374,-0.00936,-0.00109,0.98646,1.00
15273,0.00,0.00,0.00283,0.01961,0.00262,-0.99980,-0.16562,-0.03850,0.00647,-0.98542,0.16302,0.01872,-0.00591,0.98643,1.00,-0.16616,-0.01028,0.00173,-0.98604,0.16340,-0.00949,-0.00109,0.98651,1.00
15284,0.00,0.00,0.00275,0.01958,0.00264,-0.99980,-0.16554,-0.03847,0.00646,-0.98543,0.16302,0.01872,-0.00593,0.98643,1.00,-0.16609,-0.01026,0.00173,-0.98606,0.16340,-0.00949,-0.00111,0.98651,1.00
15296,0.00,0.00,0.00264,0.01964,0.00259,-0.99980,-0.16534,-0.03854,0.00647,-0.98546,0.16293,0.01874,-0.00588,0.98644,1.00,-0.16588,-0.01033,0.00174,-0.98609,0.16330,-0.00947,-0.00106,0.98653,1.00
15307,0.00,0.00,0.00258,0.01973,0.00257,-0.99980,-0.16528,-0.03787,0.00635,-0.98550,0.16292,0.01798,-0.00572,0.98646,1.00,-0.16581,-0.00966,0.00162,-0.98611,0.16329,-0.01023,-0.00091,0.98653,1.00
15317,0.00,0.00,0.00257,0.01984,0.00251,-0.99980,-0.16527,-0.03796,0.00637,-0.98550,0.16292,0.01797,-0.00566,0.98646,1.00,-0.16580,-0.00975,0.00164,-0.98611,0.16328,-0.01024,-0.00085,0.98653,1.00
15328,0.00,0.00,0.00267,0.01997,0.00248,-0.99979,-0.16420,-0.03781,0.00630,-0.98568,0.16176,0.01769,-0.00556,0.98666,1.00,-0.16472,-0.00961,0.00161,-0.98629,0.16211,-0.01050,-0.00078,0.98672,1.00
15340,0.00,0.00,0.00287,0.02017,0.00240,-0.99979,-0.15215,-0.03765,0.00580,-0.98762,0.14949,0.01734,-0.00521,0.98860,1.00,-0.15263,-0.00963,0.00149,-0.98824,0.14981,-0.01068,-0.00081,0.98866,1.00
15351,0.00,0.00,0.00302,0.02030,0.00242,-0.99979,-0.09655,-0.03292,0.00319,-0.99478,0.09367,0.01247,-0.00374,0.99552,1.00,-0.09679,-0.00548,0.00053,-0.99529,0.09379,-0.01496,-0.00099,0.99548,1.00
15361,0.00,0.00,0.00310,0.02045,0.00236,-0.99978,-0.09663,-0.03306,0.00321,-0.99477,0.09367,0.01247,-0.00369,0.99552,1.00,-0.09687,-0.00562,0.00055,-0.99528,0.09378,-0.01497,-0.00093,0.99548,1.00
15373,0.00,0.00,0.00315,0.02053,0.00238,-0.99978,-0.05984,-0.03264,0.00196,-0.99767,0.05680,0.01200,-0.00321,0.99831,1.00,-0.05998,-0.00544,0.00033,-0.99818,0.05684,-0.01520,-0.00149,0.99827,1.00
15384,0.00,0.00,0.00309,0.02065,0.00227,-0.99978,-0.05978,-0.03275,0.00196,-0.99767,0.05680,0.01200,-0.00309,0.99831,1.00,-0.05992,-0.00555,0.00033,-0.99819,0.05684,-0.01520,-0.00138,0.99827,1.00
15396,0.00,0.00,0.00308,0.02071,0.00219,-0.99978,-0.05775,-0.03273,0.00189,-0.99779,0.05478,0.01193,-0.00298,0.99842,1.00,-0.05788,-0.00555,0.00032,-0.99831,0.05482,-0.01525,-0.00132,0.99838,1.00
15407,0.00,0.00,0.00298,0.02077,0.00208,-0.99978,-0.05722,-0.03265,0.00187,-0.99783,0.05434,0.01179,-0.00286,0.99845,1.00,-0.05735,-0.00546,0.00031,-0.99834,0.05438,-0.01539,-0.00122,0.99840,1.00
15418,0.00,0.00,0.00303,0.02085,0.00204,-0.99978,-0.05723,-0.03418,0.00196,-0.99777,0.05430,0.01324,-0.00291,0.99843,1.00,-0.05737,-0.00699,0.00040,-0.99833,0.05435,-0.01394,-0.00127,0.99842,1.00
15428,0.00,0.00,0.00304,0.02093,0.00202,-0.99977,-0.05723,-0.03425,0.00196,-0.99777,0.05430,0.01324,-0.00289,0.99843,1.00,-0.05738,-0.00707,0.00041,-0.99833,0.05435,-0.01394,-0.00124,0.99842,1.00
15440,0.00,0.00,0.00306,0.02094,0.00200,-0.99977,-0.05593,-0.03560,0.00200,-0.99780,0.05298,0.01458,-0.00293,0.99849,1.00,-0.05608,-0.00843,0.00047,-0.99839,0.05304,-0.01260,-0.00132,0.99851,1.00
15451,0.00,0.00,0.00309,0.02091,0.00206,-0.99977,-0.05596,-0.03558,0.00200,-0.99780,0.05298,0.01458,-0.00299,0.99848,1.00,-0.05612,-0.00840,0.00047,-0.99839,0.05305,-0.01259,-0.00138,0.99851,1.00
15462,0.00,0.00,0.00315,0.02088,0.00207,-0.99978,-0.05648,-0.03546,0.00201,-0.99777,0.05345,0.01450,-0.00301,0.99846,1.00,-0.05665,-0.00828,0.00047,-0.99836,0.05352,-0.01268,-0.00138,0.99849,1.00
15473,0.00,0.00,0.00322,0.02080,0.00212,-0.99978,-0.05388,-0.03532,0.00191,-0.99792,0.05077,0.01444,-0.00301,0.99860,1.00,-0.05404,-0.00816,0.00044,-0.99851,0.05084,-0.01273,-0.00146,0.99862,1.00
15484,0.00,0.00,0.00328,0.02072,0.00212,-0.99978,-0.05393,-0.03524,0.00190,-0.99792,0.05077,0.01444,-0.00301,0.99860,1.00,-0.05409,-0.00808,0.00044,-0.99850,0.05084,-0.01273,-0.00146,0.99862,1.00
15496,0.00,0.00,0.00338,0.02062,0.00212,-0.99978,-0.05342,-0.03679,0.00197,-0.99789,0.05016,0.01608,-0.00311,0.99861,1.00,-0.05359,-0.00963,0.00052,-0.99852,0.05024,-0.01108,-0.00157,0.99867,1.00
15507,0.00,0.00,0.00345,0.02050,0.00212,-0.99978,-0.05342,-0.03672,0.00197,-0.99790,0.05009,0.01613,-0.00311,0.99861,1.00,-0.05359,-0.00956,0.00051,-0.99852,0.05017,-0.01103,-0.00157,0.99868,1.00
15518,0.00,0.00,0.00357,0.02038,0.00213,-0.99978,-0.05593,-0.03721,0.00209,-0.99774,0.05248,0.01674,-0.00320,0.99848,1.00,-0.05611,-0.01004,0.00056,-0.99837,0.05257,-0.01043,-0.00158,0.99856,1.00
15529,0.00,0.00,0.00357,0.02024,0.00217,-0.99979,-0.05593,-0.03707,0.00208,-0.99774,0.05248,0.01674,-0.00325,0.99848,1.00,-0.05611,-0.00990,0.00056,-0.99838,0.05257,-0.01043,-0.00163,0.99856,1.00
15540,0.00,0.00,0.00358,0.02015,0.00214,-0.99979,-0.05610,-0.03655,0.00206,-0.99775,0.05263,0.01631,-0.00319,0.99848,1.00,-0.05627,-0.00939,0.00053,-0.99837,0.05272,-0.01086,-0.00156,0.99855,1.00
15551,0.00,0.00,0.00353,0.02009,0.00209,-0.99979,-0.05720,-0.03664,0.00210,-0.99769,0.05378,0.01646,-0.00317,0.99841,1.00,-0.05738,-0.00947,0.00054,-0.99831,0.05387,-0.01071,-0.00151,0.99849,1.00
15563,0.00,0.00,0.00344,0.02005,0.00195,-0.99979,-0.05711,-0.03659,0.00209,-0.99770,0.05379,0.01646,-0.00302,0.99841,1.00,-0.05728,-0.00941,0.00054,-0.99831,0.05387,-0.01072,-0.00137,0.99849,1.00
15574,0.00,0.00,0.00334,0.02000,0.00186,-0.99979,-0.05711,-0.03621,0.00207,-0.99771,0.05387,0.01613,-0.00290,0.99841,1.00,-0.05727,-0.00903,0.00052,-0.99832,0.05395,-0.01105,-0.00125,0.99848,1.00
15585,0.00,0.00,0.00332,0.02001,0.00181,-0.99979,-0.05704,-0.03449,0.00197,-0.99777,0.05382,0.01440,-0.00275,0.99844,1.00,-0.05719,-0.00731,0.00042,-0.99834,0.05389,-0.01278,-0.00110,0.99846,1.00
15596,0.00,0.00,0.00339,0.02006,0.00177,-0.99979,-0.05711,-0.03453,0.00198,-0.99777,0.05382,0.01440,-0.00271,0.99844,1.00,-0.05726,-0.00735,0.00042,-0.99833,0.05389,-0.01278,-0.00106,0.99846,1.00
15607,0.00,0.00,0.00354,0.02014,0.00174,-0.99979,-0.05689,-0.03467,0.00198,-0.99778,0.05344,0.01447,-0.00269,0.99846,1.00,-0.05704,-0.00750,0.00043,-0.99834,0.05351,-0.01271,-0.00104,0.99849,1.00
15618,0.00,0.00,0.00373,0.02021,0.00178,-0.99979,-0.05705,-0.03416,0.00195,-0.99778,0.05342,0.01388,-0.00270,0.99847,1.00,-0.05721,-0.00698,0.00040,-0.99834,0.05349,-0.01330,-0.00104,0.99848,1.00
15629,0.00,0.00,0.00388,0.02031,0.00196,-0.99978,-0.05720,-0.03428,0.00197,-0.99777,0.05342,0.01389,-0.00289,0.99847,1.00,-0.05736,-0.00710,0.00041,-0.99833,0.05349,-0.01329,-0.00123,0.99848,1.00
15640,0.00,0.00,0.00397,0.02036,0.00212,-0.99978,-0.05703,-0.03572,0.00204,-0.99773,0.05318,0.01526,-0.00314,0.99846,1.00,-0.05722,-0.00854,0.00049,-0.99833,0.05327,-0.01191,-0.00148,0.99851,1.00
15652,0.00,0.00,0.00392,0.02044,0.00223,-0.99978,-0.05699,-0.03581,0.00205,-0.99773,0.05318,0.01527,-0.00324,0.99846,1.00,-0.05718,-0.00864,0.00049,-0.99833,0.05328,-0.01191,-0.00158,0.99851,1.00
15664,0.00,0.00,0.00390,0.02050,0.00230,-0.99978,-0.06025,-0.03353,0.00202,-0.99762,0.05647,0.01292,-0.00321,0.99832,1.00,-0.06044,-0.00633,0.00038,-0.99815,0.05655,-0.01428,-0.00146,0.99830,1.00
15674,0.00,0.00,0.00376,0.02047,0.00234,-0.99978,-0.05636,-0.03566,0.00201,-0.99777,0.05272,0.01509,-0.00332,0.99849,1.00,-0.05655,-0.00849,0.00048,-0.99836,0.05281,-0.01208,-0.00169,0.99853,1.00
15686,0.00,0.00,0.00360,0.02044,0.00231,-0.99978,-0.05620,-0.03563,0.00201,-0.99778,0.05272,0.01509,-0.00329,0.99849,1.00,-0.05638,-0.00846,0.00048,-0.99837,0.05281,-0.01208,-0.00166,0.99853,1.00
15697,0.00,0.00,0.00346,0.02032,0.00228,-0.99979,-0.05777,-0.03382,0.00196,-0.99775,0.05443,0.01340,-0.00317,0.99842,1.00,-0.05794,-0.00663,0.00038,-0.99830,0.05450,-0.01379,-0.00151,0.99842,1.00
15707,0.00,0.00,0.00324,0.02014,0.00211,-0.99979,-0.05667,-0.03358,0.00191,-0.99783,0.05353,0.01335,-0.00298,0.99847,1.00,-0.05682,-0.00640,0.00036,-0.99836,0.05359,-0.01383,-0.00135,0.99847,1.00
15718,0.00,0.00,0.00316,0.01999,0.00209,-0.99979,-0.05773,-0.03251,0.00188,-0.99780,0.05468,0.01243,-0.00291,0.99842,1.00,-0.05787,-0.00532,0.00031,-0.99831,0.05473,-0.01476,-0.00125,0.99839,1.00
15729,0.00,0.00,0.00306,0.01991,0.00191,-0.99980,-0.05764,-0.03240,0.00187,-0.99781,0.05468,0.01242,-0.00273,0.99842,1.00,-0.05777,-0.00522,0.00030,-0.99832,0.05473,-0.01477,-0.00107,0.99839,1.00
15742,0.00,0.00,0.00302,0.01980,0.00184,-0.99980,-0.05678,-0.03242,0.00184,-0.99786,0.05386,0.01254,-0.00265,0.99847,1.00,-0.05691,-0.00523,0.00030,-0.99837,0.05391,-0.01465,-0.00102,0.99844,1.00
15751,0.00,0.00,0.00296,0.01982,0.00173,-0.99980,-0.05604,-0.03332,0.00187,-0.99787,0.05318,0.01343,-0.00259,0.99849,1.00,-0.05618,-0.00615,0.00035,-0.99840,0.05323,-0.01375,-0.00098,0.99849,1.00
15762,0.00,0.00,0.00297,0.01989,0.00163,-0.99980,-0.05606,-0.03338,0.00188,-0.99787,0.05318,0.01343,-0.00249,0.99849,1.00,-0.05619,-0.00620,0.00035,-0.99840,0.05323,-0.01375,-0.00088,0.99849,1.00
15774,0.00,0.00,0.00301,0.01991,0.00162,-0.99980,-0.05622,-0.03352,0.00189,-0.99785,0.05329,0.01355,-0.00248,0.99848,1.00,-0.05635,-0.00634,0.00036,-0.99839,0.05335,-0.01363,-0.00087,0.99848,1.00
15785,0.00,0.00,0.00310,0.02006,0.00158,-0.99979,-0.05587,-0.03625,0.00203,-0.99778,0.05287,0.01613,-0.00259,0.99847,1.00,-0.05603,-0.00908,0.00051,-0.99839,0.05295,-0.01104,-0.00099,0.99854,1.00
15797,0.00,0.00,0.00322,0.02022,0.00162,-0.99979,-0.05599,-0.03641,0.00204,-0.99777,0.05286,0.01613,-0.00265,0.99847,1.00,-0.05615,-0.00924,0.00052,-0.99838,0.05295,-0.01104,-0.00103,0.99854,1.00
15808,0.00,0.00,0.00326,0.02049,0.00165,-0.99978,-0.05600,-0.03421,0.00192,-0.99784,0.05283,0.01366,-0.00253,0.99851,1.00,-0.05615,-0.00703,0.00040,-0.99840,0.05291,-0.01352,-0.00092,0.99851,1.00
15819,0.00,0.00,0.00324,0.02063,0.00171,-0.99978,-0.05542,-0.03546,0.00197,-0.99783,0.05227,0.01477,-0.00265,0.99852,1.00,-0.05558,-0.00829,0.00046,-0.99842,0.05236,-0.01240,-0.00105,0.99855,1.00
15830,0.00,0.00,0.00323,0.02084,0.00167,-0.99978,-0.05541,-0.03567,0.00198,-0.99782,0.05227,0.01477,-0.00260,0.99852,1.00,-0.05557,-0.00850,0.00047,-0.99842,0.05236,-0.01240,-0.00101,0.99855,1.00
15841,0.00,0.00,0.00327,0.02097,0.00171,-0.99977,-0.05325,-0.03560,0.00190,-0.99795,0.05007,0.01456,-0.00261,0.99864,1.00,-0.05340,-0.00843,0.00045,-0.99854,0.05015,-0.01260,-0.00107,0.99866,1.00
15851,0.00,0.00,0.00324,0.02107,0.00181,-0.99977,-0.05322,-0.03570,0.00190,-0.99794,0.05007,0.01457,-0.00271,0.99864,1.00,-0.05338,-0.00854,0.00046,-0.99854,0.05015,-0.01259,-0.00117,0.99866,1.00
15864,0.00,0.00,0.00330,0.02114,0.00199,-0.99977,-0.05323,-0.03656,0.00195,-0.99791,0.05004,0.01534,-0.00293,0.99863,1.00,-0.05341,-0.00940,0.00050,-0.99853,0.05013,-0.01182,-0.00139,0.99867,1.00
15875,0.00,0.00,0.00337,0.02113,0.00213,-0.99977,-0.05328,-0.03634,0.00194,-0.99792,0.05002,0.01513,-0.00307,0.99863,1.00,-0.05346,-0.00918,0.00049,-0.99853,0.05011,-0.01203,-0.00152,0.99867,1.00
15885,0.00,0.00,0.00344,0.02114,0.00224,-0.99977,-0.05349,-0.03582,0.00192,-0.99792,0.05016,0.01459,-0.00315,0.99863,1.00,-0.05367,-0.00866,0.00047,-0.99852,0.05025,-0.01257,-0.00160,0.99866,1.00
15897,0.00,0.00,0.00352,0.02107,0.00231,-0.99977,-0.05356,-0.03577,0.00192,-0.99792,0.05016,0.01460,-0.00322,0.99863,1.00,-0.05375,-0.00860,0.00046,-0.99852,0.05025,-0.01257,-0.00167,0.99866,1.00
15908,0.00,0.00,0.00361,0.02104,0.00235,-0.99977,-0.05538,-0.03563,0.00198,-0.99783,0.05189,0.01449,-0.00329,0.99854,1.00,-0.05557,-0.00847,0.00047,-0.99842,0.05198,-0.01268,-0.00168,0.99857,1.00
15919,0.00,0.00,0.00373,0.02089,0.00241,-0.99977,-0.05541,-0.03591,0.00199,-0.99782,0.05180,0.01491,-0.00338,0.99854,1.00,-0.05559,-0.00874,0.00049,-0.99842,0.05189,-0.01225,-0.00177,0.99858,1.00
15931,0.00,0.00,0.00377,0.02075,0.00247,-0.99977,-0.05545,-0.03577,0.00199,-0.99782,0.05180,0.01492,-0.00344,0.99854,1.00,-0.05564,-0.00860,0.00048,-0.99841,0.05189,-0.01225,-0.00182,0.99858,1.00
15941,0.00,0.00,0.00381,0.02062,0.00261,-0.99978,-0.05477,-0.03585,0.00197,-0.99785,0.05110,0.01512,-0.00358,0.99857,1.00,-0.05496,-0.00869,0.00048,-0.99845,0.05118,-0.01204,-0.00198,0.99862,1.00
15953,0.00,0.00,0.00380,0.02051,0.00266,-0.99978,-0.05376,-0.03568,0.00192,-0.99791,0.05009,0.01505,-0.00361,0.99862,1.00,-0.05394,-0.00852,0.00046,-0.99851,0.05017,-0.01211,-0.00205,0.99867,1.00
15964,0.00,0.00,0.00380,0.02041,0.00272,-0.99978,-0.05376,-0.03558,0.00192,-0.99792,0.05009,0.01505,-0.00367,0.99862,1.00,-0.05395,-0.00842,0.00045,-0.99851,0.05017,-0.01211,-0.00211,0.99867,1.00
15975,0.00,0.00,0.00371,0.02035,0.00276,-0.99978,-0.05451,-0.03550,0.00194,-0.99788,0.05093,0.01504,-0.00372,0.99858,1.00,-0.05469,-0.00834,0.00046,-0.99847,0.05100,-0.01213,-0.00213,0.99862,1.00
15986,0.00,0.00,0.00368,0.02035,0.00284,-0.99978,-0.05448,-0.03551,0.00194,-0.99788,0.05093,0.01504,-0.00379,0.99858,1.00,-0.05466,-0.00835,0.00046,-0.99847,0.05100,-0.01213,-0.00221,0.99862,1.00
15998,0.00,0.00,0.00357,0.02032,0.00292,-0.99978,-0.05343,-0.03523,0.00189,-0.99795,0.05000,0.01478,-0.00384,0.99863,1.00,-0.05360,-0.00807,0.00043,-0.99853,0.05006,-0.01238,-0.00229,0.99867,1.00
16008,0.00,0.00,0.00347,0.02035,0.00300,-0.99978,-0.05331,-0.03459,0.00185,-0.99798,0.04997,0.01410,-0.00387,0.99864,1.00,-0.05348,-0.00742,0.00040,-0.99854,0.05003,-0.01306,-0.00233,0.99866,1.00
16020,0.00,0.00,0.00338,0.02039,0.00305,-0.99978,-0.05329,-0.03468,0.00185,-0.99797,0.05005,0.01416,-0.00393,0.99864,1.00,-0.05346,-0.00752,0.00040,-0.99854,0.05011,-0.01301,-0.00239,0.99866,1.00
16030,0.00,0.00,0.00327,0.02046,0.00310,-0.99978,-0.05318,-0.03475,0.00185,-0.99798,0.05005,0.01416,-0.00397,0.99864,1.00,-0.05335,-0.00759,0.00041,-0.99855,0.05011,-0.01300,-0.00243,0.99866,1.00
16042,0.00,0.00,0.00319,0.02052,0.00315,-0.99978,-0.05281,-0.03479,0.00184,-0.99800,0.04977,0.01413,-0.00401,0.99865,1.00,-0.05298,-0.00763,0.00040,-0.99857,0.04981,-0.01303,-0.00249,0.99867,1.00
16052,0.00,0.00,0.00313,0.02061,0.00315,-0.99978,-0.05275,-0.03488,0.00184,-0.99800,0.04977,0.01413,-0.00401,0.99865,1.00,-0.05292,-0.00772,0.00041,-0.99857,0.04981,-0.01303,-0.00249,0.99867,1.00
16063,0.00,0.00,0.00312,0.02069,0.00318,-0.99978,-0.05286,-0.03529,0.00187,-0.99798,0.04989,0.01446,-0.00406,0.99864,1.00,-0.05303,-0.00813,0.00043,-0.99856,0.04994,-0.01270,-0.00253,0.99867,1.00
16075,0.00,0.00,0.00310,0.02076,0.00322,-0.99977,-0.05296,-0.03529,0.00187,-0.99797,0.05000,0.01439,-0.00409,0.99864,1.00,-0.05312,-0.00813,0.00043,-0.99856,0.05005,-0.01277,-0.00257,0.99866,1.00
16086,0.00,0.00,0.00309,0.02078,0.00325,-0.99977,-0.05370,-0.03522,0.00190,-0.99793,0.05076,0.01430,-0.00413,0.99860,1.00,-0.05387,-0.00806,0.00043,-0.99852,0.05080,-0.01286,-0.00258,0.99862,1.00
16098,0.00,0.00,0.00309,0.02081,0.00326,-0.99977,-0.05371,-0.03526,0.00190,-0.99793,0.05076,0.01430,-0.00414,0.99860,1.00,-0.05387,-0.00810,0.00044,-0.99852,0.05080,-0.01286,-0.00260,0.99862,1.00
16109,0.00,0.00,0.00306,0.02084,0.00327,-0.99977,-0.05371,-0.03611,0.00194,-0.99790,0.05081,0.01513,-0.00420,0.99859,1.00,-0.05388,-0.00895,0.00048,-0.99851,0.05086,-0.01203,-0.00265,0.99863,1.00
16119,0.00,0.00,0.00305,0.02088,0.00329,-0.99977,-0.05225,-0.03468,0.00182,-0.99803,0.04935,0.01366,-0.00411,0.99868,1.00,-0.05240,-0.00752,0.00039,-0.99860,0.04938,-0.01350,-0.00261,0.99869,1.00
16131,0.00,0.00,0.00298,0.02086,0.00326,-0.99977,-0.05218,-0.03466,0.00181,-0.99803,0.04935,0.01365,-0.00408,0.99868,1.00,-0.05233,-0.00750,0.00039,-0.99860,0.04938,-0.01350,-0.00258,0.99869,1.00
16142,0.00,0.00,0.00289,0.02086,0.00323,-0.99977,-0.05214,-0.03529,0.00184,-0.99801,0.04939,0.01429,-0.00409,0.99867,1.00,-0.05229,-0.00813,0.00043,-0.99860,0.04942,-0.01287,-0.00259,0.99869,1.00
16152,0.00,0.00,0.00288,0.02086,0.00326,-0.99977,-0.05165,-0.03456,0.00179,-0.99807,0.04891,0.01356,-0.00407,0.99870,1.00,-0.05180,-0.00741,0.00038,-0.99863,0.04894,-0.01360,-0.00258,0.99871,1.00
16164,0.00,0.00,0.00285,0.02087,0.00334,-0.99977,-0.05161,-0.03458,0.00179,-0.99807,0.04891,0.01356,-0.00415,0.99870,1.00,-0.05177,-0.00743,0.00038,-0.99863,0.04894,-0.01359,-0.00266,0.99871,1.00
16175,0.00,0.00,0.00288,0.02089,0.00338,-0.99977,-0.05248,-0.03527,0.00185,-0.99800,0.04975,0.01423,-0.00423,0.99865,1.00,-0.05264,-0.00811,0.00043,-0.99858,0.04979,-0.01293,-0.00273,0.99867,1.00
16185,0.00,0.00,0.00289,0.02086,0.00345,-0.99977,-0.05248,-0.03525,0.00185,-0.99800,0.04975,0.01424,-0.00430,0.99865,1.00,-0.05265,-0.00809,0.00043,-0.99858,0.04979,-0.01292,-0.00280,0.99867,1.00
16198,0.00,0.00,0.00293,0.02082,0.00349,-0.99977,-0.05256,-0.03587,0.00189,-0.99797,0.04979,0.01490,-0.00438,0.99864,1.00,-0.05273,-0.00872,0.00046,-0.99857,0.04983,-0.01226,-0.00287,0.99868,1.00
16208,0.00,0.00,0.00303,0.02074,0.00361,-0.99977,-0.05267,-0.03579,0.00189,-0.99797,0.04981,0.01489,-0.00450,0.99864,1.00,-0.05284,-0.00864,0.00046,-0.99857,0.04985,-0.01227,-0.00299,0.99868,1.00
16219,0.00,0.00,0.00308,0.02065,0.00367,-0.99978,-0.05274,-0.03647,0.00193,-0.99794,0.04983,0.01565,-0.00461,0.99862,1.00,-0.05292,-0.00931,0.00049,-0.99856,0.04988,-0.01150,-0.00309,0.99868,1.00
16231,0.00,0.00,0.00312,0.02054,0.00369,-0.99978,-0.05278,-0.03636,0.00192,-0.99794,0.04983,0.01566,-0.00464,0.99862,1.00,-0.05296,-0.00921,0.00049,-0.99855,0.04988,-0.01150,-0.00312,0.99868,1.00
16242,0.00,0.00,0.00310,0.02046,0.00368,-0.99978,-0.05257,-0.03508,0.00185,-0.99800,0.04963,0.01445,-0.00456,0.99865,1.00,-0.05273,-0.00792,0.00042,-0.99858,0.04967,-0.01270,-0.00304,0.99868,1.00
16253,0.00,0.00,0.00305,0.02039,0.00362,-0.99978,-0.05253,-0.03501,0.00184,-0.99800,0.04964,0.01445,-0.00449,0.99865,1.00,-0.05269,-0.00785,0.00041,-0.99858,0.04967,-0.01271,-0.00298,0.99868,1.00
16265,0.00,0.00,0.00305,0.02029,0.00360,-0.99978,-0.05246,-0.03734,0.00196,-0.99792,0.04958,0.01689,-0.00460,0.99862,1.00,-0.05263,-0.01019,0.00054,-0.99856,0.04963,-0.01026,-0.00309,0.99871,1.00
16275,0.00,0.00,0.00311,0.02022,0.00357,-0.99978,-0.05253,-0.03567,0.00188,-0.99798,0.04958,0.01529,-0.00449,0.99864,1.00,-0.05269,-0.00852,0.00045,-0.99857,0.04961,-0.01187,-0.00298,0.99869,1.00
16286,0.00,0.00,0.00320,0.02019,0.00357,-0.99978,-0.05319,-0.03592,0.00191,-0.99794,0.05015,0.01557,-0.00452,0.99861,1.00,-0.05335,-0.00876,0.00047,-0.99854,0.05018,-0.01159,-0.00298,0.99867,1.00
16298,0.00,0.00,0.00329,0.02020,0.00361,-0.99978,-0.05328,-0.03594,0.00192,-0.99793,0.05015,0.01557,-0.00456,0.99861,1.00,-0.05344,-0.00878,0.00047,-0.99853,0.05018,-0.01159,-0.00302,0.99867,1.00
16309,0.00,0.00,0.00339,0.02024,0.00375,-0.99978,-0.05395,-0.03594,0.00194,-0.99789,0.05073,0.01552,-0.00471,0.99858,1.00,-0.05413,-0.00878,0.00048,-0.99850,0.05077,-0.01164,-0.00315,0.99864,1.00
16319,0.00,0.00,0.00343,0.02030,0.00393,-0.99978,-0.05391,-0.03559,0.00192,-0.99791,0.05065,0.01510,-0.00487,0.99859,1.00,-0.05408,-0.00843,0.00046,-0.99850,0.05069,-0.01206,-0.00331,0.99864,1.00
16331,0.00,0.00,0.00337,0.02036,0.00425,-0.99978,-0.05382,-0.03568,0.00192,-0.99791,0.05064,0.01512,-0.00519,0.99859,1.00,-0.05402,-0.00852,0.00046,-0.99850,0.05069,-0.01204,-0.00363,0.99864,1.00
16342,0.00,0.00,0.00327,0.02039,0.00442,-0.99978,-0.05284,-0.03469,0.00184,-0.99800,0.04976,0.01410,-0.00528,0.99865,1.00,-0.05303,-0.00753,0.00040,-0.99856,0.04979,-0.01307,-0.00375,0.99867,1.00
16352,0.00,0.00,0.00316,0.02037,0.00447,-0.99978,-0.05270,-0.03565,0.00188,-0.99797,0.04972,0.01507,-0.00538,0.99863,1.00,-0.05288,-0.00849,0.00045,-0.99856,0.04976,-0.01209,-0.00386,0.99868,1.00
16365,0.00,0.00,0.00303,0.02026,0.00450,-0.99978,-0.05256,-0.03554,0.00187,-0.99798,0.04972,0.01507,-0.00541,0.99863,1.00,-0.05275,-0.00838,0.00044,-0.99857,0.04976,-0.01209,-0.00390,0.99868,1.00
16376,0.00,0.00,0.00295,0.02013,0.00444,-0.99978,-0.05336,-0.03566,0.00191,-0.99794,0.05060,0.01532,-0.00537,0.99859,1.00,-0.05354,-0.00851,0.00046,-0.99853,0.05063,-0.01184,-0.00384,0.99864,1.00
16387,0.00,0.00,0.00294,0.01991,0.00447,-0.99979,-0.05404,-0.03546,0.00192,-0.99791,0.05129,0.01534,-0.00541,0.99855,1.00,-0.05421,-0.00830,0.00045,-0.99849,0.05131,-0.01182,-0.00386,0.99861,1.00
16398,0.00,0.00,0.00295,0.01976,0.00438,-0.99979,-0.05406,-0.03531,0.00191,-0.99791,0.05129,0.01534,-0.00532,0.99855,1.00,-0.05422,-0.00815,0.00044,-0.99850,0.05131,-0.01183,-0.00376,0.99861,1.00
16409,0.00,0.00,0.00298,0.01955,0.00434,-0.99980,-0.05362,-0.03489,0.00187,-0.99795,0.05082,0.01513,-0.00526,0.99858,1.00,-0.05377,-0.00773,0.00042,-0.99852,0.05082,-0.01203,-0.00372,0.99863,1.00
16420,0.00,0.00,0.00296,0.01952,0.00421,-0.99980,-0.05414,-0.03360,0.00182,-0.99797,0.05135,0.01388,-0.00507,0.99857,1.00,-0.05428,-0.00644,0.00035,-0.99850,0.05135,-0.01329,-0.00351,0.99859,1.00
16432,0.00,0.00,0.00294,0.01939,0.00414,-0.99980,-0.05413,-0.03346,0.00181,-0.99797,0.05136,0.01388,-0.00499,0.99857,1.00,-0.05426,-0.00629,0.00034,-0.99851,0.05135,-0.01329,-0.00344,0.99859,1.00
16443,0.00,0.00,0.00288,0.01940,0.00407,-0.99980,-0.05352,-0.03511,0.00188,-0.99795,0.05081,0.01552,-0.00501,0.99858,1.00,-0.05366,-0.00795,0.00043,-0.99853,0.05081,-0.01165,-0.00347,0.99863,1.00
16453,0.00,0.00,0.00282,0.01941,0.00401,-0.99980,-0.05349,-0.03489,0.00187,-0.99796,0.05084,0.01529,-0.00493,0.99858,1.00,-0.05363,-0.00773,0.00042,-0.99853,0.05084,-0.01187,-0.00340,0.99863,1.00
16465,0.00,0.00,0.00274,0.01949,0.00400,-0.99980,-0.05341,-0.03496,0.00187,-0.99796,0.05084,0.01529,-0.00492,0.99858,1.00,-0.05355,-0.00780,0.00042,-0.99853,0.05084,-0.01187,-0.00339,0.99863,1.00
16476,0.00,0.00,0.00265,0.01961,0.00400,-0.99980,-0.05181,-0.03661,0.00190,-0.99798,0.04934,0.01682,-0.00497,0.99863,1.00,-0.05196,-0.00946,0.00049,-0.99860,0.04936,-0.01034,-0.00349,0.99872,1.00
16487,0.00,0.00,0.00251,0.01970,0.00400,-0.99979,-0.05175,-0.03528,0.00183,-0.99804,0.04941,0.01540,-0.00489,0.99865,1.00,-0.05189,-0.00812,0.00042,-0.99862,0.04942,-0.01176,-0.00341,0.99870,1.00
16498,0.00,0.00,0.00241,0.01987,0.00398,-0.99979,-0.05165,-0.03545,0.00183,-0.99803,0.04941,0.01540,-0.00486,0.99865,1.00,-0.05179,-0.00829,0.00043,-0.99862,0.04942,-0.01176,-0.00339,0.99870,1.00
16509,0.00,0.00,0.00230,0.01997,0.00398,-0.99979,-0.05165,-0.03513,0.00182,-0.99805,0.04952,0.01498,-0.00484,0.99865,1.00,-0.05179,-0.00798,0.00041,-0.99863,0.04953,-0.01218,-0.00337,0.99869,1.00
16520,0.00,0.00,0.00233,0.02009,0.00390,-0.99979,-0.05110,-0.03513,0.00180,-0.99807,0.04894,0.01487,-0.00474,0.99868,1.00,-0.05124,-0.00798,0.00041,-0.99865,0.04894,-0.01229,-0.00329,0.99872,1.00
16533,0.00,0.00,0.00229,0.02012,0.00396,-0.99979,-0.05105,-0.03517,0.00180,-0.99808,0.04894,0.01487,-0.00480,0.99868,1.00,-0.05120,-0.00802,0.00041,-0.99866,0.04894,-0.01229,-0.00335,0.99872,1.00
16543,0.00,0.00,0.00233,0.02018,0.00403,-0.99979,-0.05031,-0.03510,0.00177,-0.99812,0.04815,0.01474,-0.00485,0.99872,1.00,-0.05045,-0.00795,0.00040,-0.99869,0.04816,-0.01241,-0.00342,0.99876,1.00
16554,0.00,0.00,0.00239,0.02015,0.00418,-0.99979,-0.05042,-0.03480,0.00176,-0.99812,0.04821,0.01447,-0.00500,0.99872,1.00,-0.05057,-0.00765,0.00039,-0.99869,0.04822,-0.01269,-0.00357,0.99875,1.00
16565,0.00,0.00,0.00243,0.02013,0.00426,-0.99979,-0.05046,-0.03479,0.00176,-0.99812,0.04821,0.01447,-0.00508,0.99872,1.00,-0.05062,-0.00764,0.00039,-0.99869,0.04822,-0.01268,-0.00364,0.99875,1.00
16576,0.00,0.00,0.00251,0.02008,0.00432,-0.99979,-0.05172,-0.03377,0.00175,-0.99809,0.04939,0.01350,-0.00510,0.99868,1.00,-0.05188,-0.00661,0.00034,-0.99863,0.04940,-0.01366,-0.00363,0.99868,1.00
16587,0.00,0.00,0.00252,0.01999,0.00430,-0.99979,-0.05170,-0.03454,0.00179,-0.99806,0.04936,0.01435,-0.00513,0.99866,1.00,-0.05185,-0.00738,0.00038,-0.99863,0.04937,-0.01281,-0.00366,0.99869,1.00
16598,0.00,0.00,0.00251,0.01992,0.00428,-0.99979,-0.05169,-0.03446,0.00178,-0.99807,0.04936,0.01435,-0.00512,0.99867,1.00,-0.05185,-0.00731,0.00038,-0.99863,0.04937,-0.01281,-0.00364,0.99869,1.00
16610,0.00,0.00,0.00251,0.01983,0.00425,-0.99979,-0.05148,-0.03489,0.00180,-0.99806,0.04915,0.01486,-0.00511,0.99867,1.00,-0.05163,-0.00773,0.00040,-0.99864,0.04915,-0.01230,-0.00364,0.99871,1.00
16621,0.00,0.00,0.00253,0.01979,0.00422,-0.99979,-0.05147,-0.03505,0.00181,-0.99806,0.04912,0.01507,-0.00509,0.99867,1.00,-0.05162,-0.00789,0.00041,-0.99864,0.04913,-0.01209,-0.00362,0.99871,1.00
16632,0.00,0.00,0.00249,0.01971,0.00425,-0.99979,-0.05143,-0.03497,0.00180,-0.99806,0.04912,0.01507,-0.00512,0.99867,1.00,-0.05158,-0.00782,0.00040,-0.99864,0.04913,-0.01209,-0.00365,0.99871,1.00
16643,0.00,0.00,0.00247,0.01971,0.00428,-0.99979,-0.05200,-0.03495,0.00182,-0.99803,0.04970,0.01505,-0.00515,0.99864,1.00,-0.05215,-0.00779,0.00041,-0.99861,0.04971,-0.01211,-0.00367,0.99868,1.00
16655,0.00,0.00,0.00245,0.01970,0.00432,-0.99979,-0.05197,-0.03531,0.00184,-0.99802,0.04970,0.01542,-0.00521,0.99863,1.00,-0.05213,-0.00816,0.00043,-0.99861,0.04971,-0.01174,-0.00373,0.99869,1.00
16666,0.00,0.00,0.00241,0.01975,0.00433,-0.99979,-0.05192,-0.03537,0.00184,-0.99802,0.04970,0.01542,-0.00522,0.99863,1.00,-0.05208,-0.00821,0.00043,-0.99861,0.04971,-0.01174,-0.00374,0.99869,1.00
16677,356.59,0.00,0.00241,0.01977,0.00434,-0.99979,-0.05051,-0.03437,0.00174,-0.99813,0.04828,0.01441,-0.00516,0.99872,1.00,-0.05066,-0.00722,0.00037,-0.99869,0.04828,-0.01275,-0.00372,0.99875,1.00
16688,353.33,0.00,0.00243,0.01985,0.00431,-0.99979,-0.05056,-0.03558,0.00180,-0.99809,0.04831,0.01554,-0.00519,0.99870,1.00,-0.05071,-0.00843,0.00043,-0.99868,0.04831,-0.01161,-0.00375,0.99876,1.00
16699,350.03,0.00,0.00249,0.01988,0.00433,-0.99979,-0.05061,-0.03562,0.00181,-0.99808,0.04831,0.01554,-0.00521,0.99870,1.00,-0.05076,-0.00847,0.00043,-0.99867,0.04831,-0.01161,-0.00376,0.99876,1.00
16710,346.70,0.00,0.00253,0.01994,0.00427,-0.99979,-0.05284,-0.03653,0.00193,-0.99793,0.05050,0.01640,-0.00524,0.99858,1.00,-0.05300,-0.00938,0.00050,-0.99855,0.05051,-0.01076,-0.00373,0.99866,1.00
16720,345.00,0.00,0.00255,0.02001,0.00426,-0.99979,-0.05284,-0.03655,0.00194,-0.99793,0.05048,0.01635,-0.00522,0.99858,1.00,-0.05300,-0.00940,0.00050,-0.99855,0.05049,-0.01081,-0.00371,0.99866,1.00
16733,345.00,0.00,0.00252,0.02004,0.00419,-0.99979,-0.05281,-0.03658,0.00194,-0.99793,0.05048,0.01635,-0.00515,0.99858,1.00,-0.05297,-0.00942,0.00050,-0.99855,0.05049,-0.01081,-0.00364,0.99866,1.00
16743,345.00,0.00,0.00246,0.02007,0.00415,-0.99979,-0.05302,-0.03636,0.00193,-0.99793,0.05075,0.01610,-0.00510,0.99857,1.00,-0.05318,-0.00921,0.00049,-0.99854,0.05076,-0.01106,-0.00359,0.99864,1.00
16754,345.00,0.00,0.00240,0.02009,0.00412,-0.99979,-0.05118,-0.03552,0.00182,-0.99806,0.04895,0.01525,-0.00499,0.99867,1.00,-0.05133,-0.00837,0.00043,-0.99865,0.04896,-0.01190,-0.00353,0.99872,1.00
16766,345.00,0.00,0.00228,0.02012,0.00406,-0.99979,-0.05106,-0.03555,0.00182,-0.99806,0.04895,0.01525,-0.00493,0.99867,1.00,-0.05120,-0.00839,0.00043,-0.99865,0.04896,-0.01191,-0.00348,0.99872,1.00
16777,345.00,0.00,0.00218,0.02013,0.00402,-0.99979,-0.05111,-0.03453,0.00177,-0.99809,0.04909,0.01422,-0.00482,0.99868,1.00,-0.05124,-0.00738,0.00038,-0.99866,0.04909,-0.01293,-0.00337,0.99871,1.00
16788,345.00,0.00,0.00211,0.02017,0.00397,-0.99979,-0.05111,-0.03453,0.00177,-0.99809,0.04917,0.01418,-0.00477,0.99868,1.00,-0.05125,-0.00738,0.00038,-0.99866,0.04917,-0.01297,-0.00332,0.99870,1.00
16799,345.00,0.00,0.00206,0.02019,0.00396,-0.99979,-0.05106,-0.03455,0.00177,-0.99810,0.04917,0.01418,-0.00476,0.99868,1.00,-0.05120,-0.00739,0.00038,-0.99866,0.04917,-0.01297,-0.00331,0.99870,1.00
16810,345.00,0.00,0.00199,0.02022,0.00402,-0.99979,-0.05182,-0.03591,0.00186,-0.99801,0.05000,0.01551,-0.00490,0.99862,1.00,-0.05197,-0.00876,0.00046,-0.99861,0.05002,-0.01165,-0.00344,0.99867,1.00
16821,345.00,0.00,0.00197,0.02023,0.00412,-0.99978,-0.05188,-0.03600,0.00187,-0.99800,0.05010,0.01559,-0.00501,0.99861,1.00,-0.05205,-0.00885,0.00046,-0.99861,0.05012,-0.01156,-0.00354,0.99867,1.00
16832,345.00,0.00,0.00193,0.02022,0.00424,-0.99978,-0.05184,-0.03601,0.00187,-0.99800,0.05009,0.01560,-0.00512,0.99861,1.00,-0.05201,-0.00886,0.00046,-0.99861,0.05012,-0.01156,-0.00366,0.99867,1.00
16843,345.00,0.00,0.00189,0.02023,0.00434,-0.99978,-0.05189,-0.03580,0.00186,-0.99801,0.05018,0.01538,-0.00521,0.99861,1.00,-0.05206,-0.00865,0.00045,-0.99861,0.05020,-0.01178,-0.00375,0.99866,1.00
16855,345.00,0.00,0.00193,0.02020,0.00441,-0.99978,-0.05217,-0.03472,0.00181,-0.99803,0.05042,0.01432,-0.00523,0.99861,1.00,-0.05234,-0.00756,0.00040,-0.99860,0.05043,-0.01284,-0.00376,0.99864,1.00
16866,345.00,0.00,0.00192,0.02014,0.00444,-0.99979,-0.05216,-0.03466,0.00181,-0.99804,0.05042,0.01432,-0.00526,0.99861,1.00,-0.05232,-0.00751,0.00039,-0.99860,0.05043,-0.01284,-0.00379,0.99864,1.00
16877,345.00,0.00,0.00197,0.02006,0.00447,-0.99979,-0.05232,-0.03456,0.00181,-0.99803,0.05053,0.01429,-0.00529,0.99861,1.00,-0.05248,-0.00740,0.00039,-0.99859,0.05054,-0.01287,-0.00381,0.99863,1.00
16888,345.00,0.00,0.00206,0.01993,0.00447,-0.99979,-0.05238,-0.03316,0.00174,-0.99808,0.05049,0.01302,-0.00523,0.99863,1.00,-0.05253,-0.00600,0.00032,-0.99860,0.05049,-0.01414,-0.00375,0.99862,1.00
16899,345.00,0.00,0.00221,0.01982,0.00453,-0.99979,-0.05252,-0.03306,0.00174,-0.99807,0.05049,0.01303,-0.00529,0.99863,1.00,-0.05267,-0.00590,0.00031,-0.99859,0.05049,-0.01414,-0.00381,0.99862,1.00
16911,345.00,0.00,0.00239,0.01963,0.00455,-0.99979,-0.05040,-0.03428,0.00173,-0.99814,0.04820,0.01444,-0.00537,0.99872,1.00,-0.05056,-0.00713,0.00036,-0.99870,0.04820,-0.01271,-0.00393,0.99875,1.00
16922,345.00,0.00,0.00254,0.01954,0.00457,-0.99980,-0.01585,-0.03442,0.00055,-0.99928,0.01347,0.01481,-0.00489,0.99979,1.00,-0.01590,-0.00736,0.00012,-0.99985,0.01339,-0.01225,-0.00439,0.99983,1.00
16932,345.00,0.00,0.00259,0.01948,0.00449,-0.99980,-0.01590,-0.03436,0.00055,-0.99928,0.01347,0.01481,-0.00481,0.99979,1.00,-0.01595,-0.00730,0.00012,-0.99985,0.01339,-0.01225,-0.00431,0.99983,1.00
16944,345.00,0.00,0.00267,0.01944,0.00446,-0.99980,0.03601,-0.03482,-0.00126,-0.99874,-0.03853,0.01556,-0.00399,0.99913,1.00,0.03612,-0.00772,-0.00028,-0.99932,-0.03875,-0.01155,-0.00490,0.99917,1.00
16955,345.00,0.00,0.00274,0.01943,0.00438,-0.99980,0.05675,-0.03765,-0.00214,-0.99768,-0.05935,0.01851,-0.00343,0.99806,1.00,0.05694,-0.01048,-0.00060,-0.99832,-0.05964,-0.00867,-0.00491,0.99817,1.00
16966,345.00,0.00,0.00291,0.01945,0.00439,-0.99980,0.05658,-0.03767,-0.00214,-0.99768,-0.05935,0.01850,-0.00345,0.99806,1.00,0.05677,-0.01050,-0.00060,-0.99833,-0.05964,-0.00867,-0.00492,0.99817,1.00
16977,345.00,0.00,0.00308,0.01950,0.00434,-0.99980,0.05656,-0.03782,-0.00214,-0.99768,-0.05949,0.01861,-0.00341,0.99805,1.00,0.05675,-0.01066,-0.00061,-0.99833,-0.05978,-0.00857,-0.00487,0.99816,1.00
16989,345.00,0.00,0.00331,0.01964,0.00437,-0.99979,0.05489,-0.03718,-0.00205,-0.99780,-0.05806,0.01782,-0.00352,0.99815,1.00,0.05507,-0.01002,-0.00055,-0.99843,-0.05833,-0.00935,-0.00493,0.99824,1.00
16999,345.00,0.00,0.00340,0.01970,0.00450,-0.99979,0.05481,-0.03723,-0.00204,-0.99780,-0.05807,0.01781,-0.00365,0.99815,1.00,0.05498,-0.01007,-0.00055,-0.99844,-0.05833,-0.00936,-0.00505,0.99824,1.00
17011,345.00,0.00,0.00347,0.01988,0.00466,-0.99979,0.05497,-0.03484,-0.00192,-0.99788,-0.05831,0.01526,-0.00395,0.99817,1.00,0.05512,-0.00767,-0.00042,-0.99845,-0.05855,-0.01192,-0.00535,0.99820,1.00
17022,345.00,0.00,0.00347,0.01993,0.00478,-0.99978,0.05639,-0.03453,-0.00195,-0.99781,-0.05971,0.01492,-0.00406,0.99810,1.00,0.05653,-0.00736,-0.00042,-0.99837,-0.05996,-0.01227,-0.00551,0.99811,1.00
17033,345.00,0.00,0.00339,0.02004,0.00485,-0.99978,0.05648,-0.03464,-0.00196,-0.99780,-0.05971,0.01491,-0.00413,0.99810,1.00,0.05661,-0.00746,-0.00042,-0.99837,-0.05995,-0.01227,-0.00558,0.99811,1.00
17044,345.00,0.00,0.00339,0.02012,0.00488,-0.99978,0.05664,-0.03445,-0.00196,-0.99780,-0.05988,0.01465,-0.00417,0.99809,1.00,0.05678,-0.00727,-0.00041,-0.99836,-0.06012,-0.01254,-0.00563,0.99810,1.00
17056,345.00,0.00,0.00330,0.02014,0.00486,-0.99978,0.05639,-0.03448,-0.00195,-0.99781,-0.05953,0.01465,-0.00415,0.99811,1.00,0.05653,-0.00730,-0.00041,-0.99837,-0.05979,-0.01253,-0.00560,0.99812,1.00
17066,345.00,0.00,0.00323,0.02012,0.00479,-0.99978,0.05645,-0.03447,-0.00195,-0.99781,-0.05953,0.01466,-0.00408,0.99811,1.00,0.05660,-0.00729,-0.00041,-0.99837,-0.05979,-0.01253,-0.00553,0.99812,1.00
17077,345.00,0.00,0.00320,0.02009,0.00466,-0.99978,0.05644,-0.03610,-0.00204,-0.99775,-0.05950,0.01632,-0.00386,0.99809,1.00,0.05662,-0.00893,-0.00051,-0.99836,-0.05977,-0.01086,-0.00532,0.99814,1.00
17089,345.00,0.00,0.00320,0.01998,0.00454,-0.99979,0.05955,-0.03597,-0.00215,-0.99757,-0.06261,0.01632,-0.00368,0.99790,1.00,0.05974,-0.00879,-0.00053,-0.99818,-0.06290,-0.01088,-0.00522,0.99795,1.00
17101,345.00,0.00,0.00325,0.01992,0.00444,-0.99979,0.05950,-0.03593,-0.00214,-0.99758,-0.06261,0.01632,-0.00358,0.99790,1.00,0.05970,-0.00875,-0.00052,-0.99818,-0.06290,-0.01088,-0.00512,0.99795,1.00
17112,345.00,0.00,0.00331,0.01990,0.00431,-0.99979,0.07189,-0.03231,-0.00233,-0.99689,-0.07508,0.01279,-0.00350,0.99709,1.00,0.07209,-0.00505,-0.00036,-0.99739,-0.07536,-0.01449,-0.00538,0.99704,1.00
17123,345.00,0.00,0.00334,0.01989,0.00420,-0.99979,0.07204,-0.03235,-0.00234,-0.99687,-0.07527,0.01283,-0.00339,0.99708,1.00,0.07225,-0.00508,-0.00037,-0.99737,-0.07555,-0.01445,-0.00528,0.99702,1.00
17135,345.00,0.00,0.00334,0.01998,0.00405,-0.99979,0.07203,-0.03247,-0.00235,-0.99687,-0.07526,0.01284,-0.00324,0.99708,1.00,0.07225,-0.00520,-0.00038,-0.99737,-0.07555,-0.01444,-0.00512,0.99702,1.00
17145,345.00,0.00,0.00332,0.02002,0.00400,-0.99979,0.07260,-0.03389,-0.00247,-0.99678,-0.07580,0.01422,-0.00309,0.99702,1.00,0.07282,-0.00662,-0.00048,-0.99732,-0.07610,-0.01305,-0.00499,0.99700,1.00
17156,345.00,0.00,0.00327,0.02015,0.00393,-0.99978,0.07238,-0.03399,-0.00247,-0.99679,-0.07554,0.01419,-0.00302,0.99704,1.00,0.07260,-0.00673,-0.00049,-0.99734,-0.07583,-0.01308,-0.00491,0.99702,1.00
17167,345.00,0.00,0.00324,0.02021,0.00390,-0.99978,0.07240,-0.03406,-0.00247,-0.99679,-0.07554,0.01420,-0.00299,0.99704,1.00,0.07262,-0.00679,-0.00049,-0.99734,-0.07583,-0.01308,-0.00488,0.99702,1.00
17177,345.00,0.00,0.00320,0.02034,0.00387,-0.99978,0.07247,-0.03402,-0.00247,-0.99679,-0.07557,0.01402,-0.00297,0.99704,1.00,0.07268,-0.00675,-0.00049,-0.99733,-0.07585,-0.01326,-0.00487,0.99702,1.00
17188,345.00,0.00,0.00317,0.02047,0.00388,-0.99978,0.07249,-0.03380,-0.00246,-0.99679,-0.07555,0.01368,-0.00300,0.99704,1.00,0.07269,-0.00653,-0.00048,-0.99733,-0.07582,-0.01360,-0.00490,0.99702,1.00
17199,345.00,0.00,0.00312,0.02052,0.00389,-0.99978,0.07254,-0.03386,-0.00246,-0.99679,-0.07555,0.01368,-0.00300,0.99704,1.00,0.07275,-0.00659,-0.00048,-0.99733,-0.07582,-0.01360,-0.00491,0.99702,1.00
17212,345.00,0.00,0.00318,0.02060,0.00389,-0.99978,0.07348,-0.03352,-0.00247,-0.99673,-0.07656,0.01327,-0.00303,0.99697,1.00,0.07368,-0.00624,-0.00046,-0.99726,-0.07683,-0.01402,-0.00496,0.99693,1.00
17223,345.00,0.00,0.00324,0.02062,0.00394,-0.99977,0.07338,-0.03339,-0.00246,-0.99674,-0.07652,0.01312,-0.00309,0.99698,1.00,0.07358,-0.00611,-0.00045,-0.99727,-0.07678,-0.01416,-0.00501,0.99693,1.00
17234,345.00,0.00,0.00331,0.02060,0.00403,-0.99977,0.07332,-0.03335,-0.00245,-0.99675,-0.07652,0.01312,-0.00318,0.99698,1.00,0.07351,-0.00608,-0.00045,-0.99728,-0.07678,-0.01417,-0.00510,0.99693,1.00
17244,345.00,0.00,0.00337,0.02052,0.00417,-0.99978,0.07327,-0.03314,-0.00244,-0.99676,-0.07653,0.01299,-0.00334,0.99698,1.00,0.07345,-0.00586,-0.00043,-0.99728,-0.07678,-0.01429,-0.00525,0.99693,1.00
17256,345.00,0.00,0.00345,0.02042,0.00428,-0.99978,0.07251,-0.03345,-0.00243,-0.99680,-0.07584,0.01340,-0.00343,0.99702,1.00,0.07269,-0.00618,-0.00045,-0.99734,-0.07609,-0.01387,-0.00532,0.99699,1.00
17267,345.00,0.00,0.00348,0.02025,0.00436,-0.99978,0.07248,-0.03327,-0.00242,-0.99681,-0.07584,0.01340,-0.00351,0.99702,1.00,0.07266,-0.00600,-0.00044,-0.99734,-0.07609,-0.01388,-0.00541,0.99699,1.00
17278,345.00,0.00,0.00349,0.02015,0.00437,-0.99978,0.07493,-0.03322,-0.00250,-0.99663,-0.07829,0.01346,-0.00348,0.99683,1.00,0.07511,-0.00594,-0.00045,-0.99716,-0.07856,-0.01383,-0.00544,0.99680,1.00
17289,345.00,0.00,0.00340,0.01994,0.00433,-0.99979,0.07322,-0.03449,-0.00253,-0.99672,-0.07650,0.01493,-0.00336,0.99695,1.00,0.07343,-0.00722,-0.00053,-0.99727,-0.07678,-0.01235,-0.00528,0.99696,1.00
17300,345.00,0.00,0.00329,0.01982,0.00431,-0.99979,0.07334,-0.03437,-0.00253,-0.99671,-0.07650,0.01493,-0.00334,0.99695,1.00,0.07354,-0.00710,-0.00052,-0.99727,-0.07678,-0.01234,-0.00526,0.99696,1.00
17310,345.00,0.00,0.00314,0.01966,0.00426,-0.99979,0.07618,-0.03536,-0.00270,-0.99646,-0.07920,0.01610,-0.00315,0.99672,1.00,0.07641,-0.00808,-0.00062,-0.99704,-0.07951,-0.01120,-0.00516,0.99676,1.00
17323,345.00,0.00,0.00306,0.01957,0.00429,-0.99979,0.07354,-0.03544,-0.00261,-0.99666,-0.07647,0.01625,-0.00321,0.99693,1.00,0.07376,-0.00817,-0.00060,-0.99724,-0.07677,-0.01103,-0.00514,0.99697,1.00
17334,345.00,0.00,0.00299,0.01948,0.00425,-0.99980,0.07361,-0.03536,-0.00261,-0.99666,-0.07647,0.01625,-0.00316,0.99693,1.00,0.07383,-0.00809,-0.00060,-0.99724,-0.07677,-0.01102,-0.00510,0.99697,1.00
17345,345.00,0.00,0.00296,0.01945,0.00422,-0.99980,0.07270,-0.03187,-0.00232,-0.99684,-0.07555,0.01279,-0.00339,0.99705,1.00,0.07289,-0.00460,-0.00034,-0.99733,-0.07582,-0.01449,-0.00531,0.99700,1.00
17356,345.00,0.00,0.00293,0.01944,0.00423,-0.99980,0.07149,-0.03202,-0.00230,-0.99692,-0.07431,0.01294,-0.00340,0.99715,1.00,0.07167,-0.00476,-0.00034,-0.99742,-0.07457,-0.01433,-0.00528,0.99710,1.00
17367,345.00,0.00,0.00292,0.01948,0.00424,-0.99980,0.07150,-0.03206,-0.00230,-0.99692,-0.07431,0.01294,-0.00341,0.99715,1.00,0.07168,-0.00480,-0.00035,-0.99742,-0.07457,-0.01433,-0.00529,0.99710,1.00
17379,345.00,0.00,0.00292,0.01952,0.00426,-0.99980,0.07254,-0.03254,-0.00237,-0.99683,-0.07534,0.01339,-0.00339,0.99706,1.00,0.07272,-0.00527,-0.00038,-0.99734,-0.07560,-0.01389,-0.00530,0.99703,1.00
17389,345.00,0.00,0.00288,0.01961,0.00426,-0.99979,0.07258,-0.03268,-0.00238,-0.99682,-0.07535,0.01344,-0.00338,0.99706,1.00,0.07277,-0.00541,-0.00039,-0.99733,-0.07561,-0.01384,-0.00529,0.99703,1.00
17401,345.00,0.00,0.00274,0.01966,0.00423,-0.99979,0.07267,-0.03273,-0.00239,-0.99682,-0.07530,0.01344,-0.00335,0.99707,1.00,0.07286,-0.00547,-0.00040,-0.99733,-0.07556,-0.01384,-0.00527,0.99703,1.00
17412,345.00,0.00,0.00255,0.01973,0.00427,-0.99979,0.07286,-0.03279,-0.00240,-0.99680,-0.07530,0.01344,-0.00338,0.99706,1.00,0.07305,-0.00552,-0.00040,-0.99731,-0.07556,-0.01384,-0.00531,0.99703,1.00
17423,345.00,0.00,0.00223,0.01985,0.00417,-0.99979,0.07375,-0.03176,-0.00235,-0.99677,-0.07588,0.01228,-0.00334,0.99704,1.00,0.07394,-0.00449,-0.00033,-0.99725,-0.07614,-0.01501,-0.00530,0.99697,1.00
17433,345.00,0.00,0.00198,0.01992,0.00421,-0.99979,0.07400,-0.03182,-0.00236,-0.99675,-0.07588,0.01228,-0.00337,0.99704,1.00,0.07419,-0.00454,-0.00034,-0.99723,-0.07614,-0.01501,-0.00535,0.99697,1.00
17445,345.00,0.00,0.00174,0.01998,0.00411,-0.99979,0.07305,-0.03181,-0.00233,-0.99682,-0.07469,0.01219,-0.00328,0.99713,1.00,0.07324,-0.00454,-0.00033,-0.99730,-0.07495,-0.01509,-0.00524,0.99706,1.00
17457,345.00,0.00,0.00150,0.02001,0.00407,-0.99979,0.07243,-0.03175,-0.00231,-0.99687,-0.07383,0.01209,-0.00325,0.99719,1.00,0.07261,-0.00448,-0.00033,-0.99735,-0.07408,-0.01518,-0.00520,0.99712,1.00
17467,345.00,0.00,0.00140,0.02003,0.00399,-0.99979,0.07253,-0.03178,-0.00231,-0.99686,-0.07383,0.01210,-0.00316,0.99719,1.00,0.07271,-0.00451,-0.00033,-0.99734,-0.07408,-0.01518,-0.00511,0.99712,1.00
17478,345.00,0.00,0.00132,0.02008,0.00392,-0.99979,0.07228,-0.03249,-0.00236,-0.99685,-0.07350,0.01276,-0.00305,0.99721,1.00,0.07247,-0.00523,-0.00038,-0.99736,-0.07376,-0.01451,-0.00499,0.99716,1.00
17490,345.00,0.00,0.00137,0.02006,0.00389,-0.99979,0.07435,-0.03378,-0.00252,-0.99666,-0.07562,0.01407,-0.00289,0.99703,1.00,0.07457,-0.00650,-0.00049,-0.99719,-0.07590,-0.01322,-0.00489,0.99702,1.00
17501,345.00,0.00,0.00134,0.02014,0.00385,-0.99979,0.07438,-0.03386,-0.00253,-0.99665,-0.07562,0.01407,-0.00285,0.99703,1.00,0.07459,-0.00659,-0.00049,-0.99719,-0.07590,-0.01321,-0.00486,0.99702,1.00
17511,345.00,0.00,0.00142,0.02014,0.00384,-0.99979,0.07508,-0.03378,-0.00254,-0.99660,-0.07641,0.01399,-0.00285,0.99697,1.00,0.07530,-0.00650,-0.00049,-0.99714,-0.07668,-0.01329,-0.00487,0.99696,1.00
17523,345.00,0.00,0.00154,0.02015,0.00381,-0.99979,0.07487,-0.03333,-0.00250,-0.99663,-0.07632,0.01353,-0.00286,0.99699,1.00,0.07508,-0.00605,-0.00046,-0.99716,-0.07659,-0.01376,-0.00487,0.99696,1.00
17534,345.00,0.00,0.00167,0.02015,0.00388,-0.99979,0.07475,-0.03332,-0.00250,-0.99664,-0.07632,0.01352,-0.00293,0.99699,1.00,0.07496,-0.00604,-0.00045,-0.99717,-0.07659,-0.01376,-0.00493,0.99696,1.00
17546,345.00,0.00,0.00176,0.02014,0.00397,-0.99979,0.07310,-0.03162,-0.00232,-0.99682,-0.07476,0.01183,-0.00317,0.99713,1.00,0.07327,-0.00434,-0.00032,-0.99730,-0.07500,-0.01545,-0.00512,0.99705,1.00
17557,345.00,0.00,0.00187,0.02006,0.00410,-0.99979,0.07305,-0.03313,-0.00243,-0.99678,-0.07481,0.01343,-0.00319,0.99710,1.00,0.07323,-0.00586,-0.00043,-0.99730,-0.07507,-0.01385,-0.00514,0.99707,1.00
17567,345.00,0.00,0.00198,0.02001,0.00417,-0.99979,0.07295,-0.03307,-0.00242,-0.99678,-0.07481,0.01343,-0.00326,0.99710,1.00,0.07313,-0.00580,-0.00043,-0.99731,-0.07507,-0.01385,-0.00520,0.99707,1.00
17579,345.00,0.00,0.00212,0.01990,0.00418,-0.99979,0.07346,-0.03387,-0.00250,-0.99672,-0.07547,0.01434,-0.00321,0.99704,1.00,0.07365,-0.00660,-0.00049,-0.99726,-0.07573,-0.01294,-0.00516,0.99703,1.00
17590,345.00,0.00,0.00224,0.01978,0.00411,-0.99979,0.07561,-0.03456,-0.00262,-0.99654,-0.07773,0.01516,-0.00305,0.99685,1.00,0.07582,-0.00728,-0.00055,-0.99709,-0.07802,-0.01213,-0.00506,0.99687,1.00
17601,345.00,0.00,0.00236,0.01969,0.00414,-0.99979,0.07613,-0.03455,-0.00264,-0.99650,-0.07838,0.01525,-0.00306,0.99680,1.00,0.07635,-0.00727,-0.00056,-0.99705,-0.07867,-0.01204,-0.00509,0.99682,1.00
17612,345.00,0.00,0.00247,0.01954,0.00428,-0.99980,0.07603,-0.03438,-0.00262,-0.99651,-0.07838,0.01524,-0.00321,0.99680,1.00,0.07624,-0.00710,-0.00054,-0.99706,-0.07867,-0.01206,-0.00523,0.99681,1.00
17623,345.00,0.00,0.00254,0.01946,0.00438,-0.99980,0.07564,-0.03370,-0.00256,-0.99656,-0.07806,0.01464,-0.00337,0.99684,1.00,0.07583,-0.00642,-0.00049,-0.99710,-0.07834,-0.01265,-0.00537,0.99683,1.00
17634,345.00,0.00,0.00257,0.01935,0.00442,-0.99980,0.07561,-0.03359,-0.00255,-0.99657,-0.07806,0.01464,-0.00341,0.99684,1.00,0.07580,-0.00631,-0.00048,-0.99710,-0.07834,-0.01266,-0.00541,0.99683,1.00
17646,345.00,0.00,0.00258,0.01933,0.00448,-0.99980,0.07342,-0.03370,-0.00248,-0.99673,-0.07587,0.01476,-0.00349,0.99700,1.00,0.07361,-0.00643,-0.00047,-0.99727,-0.07614,-0.01252,-0.00543,0.99700,1.00
17656,345.00,0.00,0.00259,0.01932,0.00460,-0.99980,0.07355,-0.03283,-0.00242,-0.99675,-0.07601,0.01390,-0.00366,0.99700,1.00,0.07373,-0.00555,-0.00041,-0.99726,-0.07627,-0.01338,-0.00561,0.99698,1.00
17667,345.00,0.00,0.00257,0.01927,0.00466,-0.99980,0.07357,-0.03277,-0.00242,-0.99675,-0.07601,0.01390,-0.00373,0.99700,1.00,0.07374,-0.00549,-0.00041,-0.99726,-0.07627,-0.01338,-0.00568,0.99698,1.00
17680,345.00,0.00,0.00262,0.01930,0.00479,-0.99980,0.07392,-0.03316,-0.00246,-0.99671,-0.07641,0.01428,-0.00383,0.99697,1.00,0.07410,-0.00588,-0.00044,-0.99723,-0.07668,-0.01300,-0.00578,0.99695,1.00
17691,345.00,0.00,0.00265,0.01932,0.00492,-0.99980,0.07394,-0.03298,-0.00245,-0.99671,-0.07645,0.01409,-0.00398,0.99697,1.00,0.07411,-0.00571,-0.00042,-0.99723,-0.07672,-0.01319,-0.00593,0.99695,1.00
17701,345.00,0.00,0.00266,0.01934,0.00512,-0.99980,0.07246,-0.03328,-0.00242,-0.99681,-0.07498,0.01438,-0.00418,0.99707,1.00,0.07263,-0.00602,-0.00044,-0.99734,-0.07525,-0.01290,-0.00609,0.99706,1.00
17712,345.00,0.00,0.00263,0.01935,0.00528,-0.99980,0.07250,-0.03327,-0.00242,-0.99681,-0.07498,0.01436,-0.00433,0.99707,1.00,0.07266,-0.00600,-0.00044,-0.99734,-0.07525,-0.01291,-0.00625,0.99706,1.00
17723,345.00,0.00,0.00256,0.01939,0.00551,-0.99979,0.07181,-0.03229,-0.00233,-0.99689,-0.07422,0.01335,-0.00464,0.99714,1.00,0.07196,-0.00502,-0.00036,-0.99740,-0.07447,-0.01392,-0.00654,0.99710,1.00
17735,345.00,0.00,0.00243,0.01933,0.00560,-0.99979,0.07195,-0.03221,-0.00232,-0.99689,-0.07422,0.01335,-0.00473,0.99714,1.00,0.07209,-0.00495,-0.00036,-0.99739,-0.07447,-0.01393,-0.00664,0.99710,1.00
17746,345.00,0.00,0.00222,0.01933,0.00568,-0.99979,0.07216,-0.03223,-0.00233,-0.99687,-0.07422,0.01337,-0.00479,0.99714,1.00,0.07231,-0.00497,-0.00036,-0.99737,-0.07448,-0.01390,-0.00671,0.99710,1.00
17757,345.00,0.00,0.00213,0.01925,0.00570,-0.99980,0.07376,-0.03065,-0.00227,-0.99680,-0.07574,0.01188,-0.00490,0.99705,1.00,0.07391,-0.00337,-0.00025,-0.99726,-0.07600,-0.01541,-0.00686,0.99696,1.00
17767,345.00,0.00,0.00200,0.01914,0.00563,-0.99980,0.07389,-0.03055,-0.00226,-0.99680,-0.07574,0.01189,-0.00482,0.99705,1.00,0.07404,-0.00327,-0.00024,-0.99725,-0.07600,-0.01540,-0.00679,0.99697,1.00
17778,345.00,0.00,0.00201,0.01897,0.00559,-0.99980,0.07405,-0.03044,-0.00226,-0.99679,-0.07592,0.01194,-0.00478,0.99703,1.00,0.07421,-0.00316,-0.00024,-0.99724,-0.07619,-0.01535,-0.00676,0.99695,1.00
17791,345.00,0.00,0.00201,0.01884,0.00555,-0.99981,0.07354,-0.03215,-0.00237,-0.99677,-0.07540,0.01378,-0.00461,0.99705,1.00,0.07373,-0.00487,-0.00036,-0.99727,-0.07570,-0.01351,-0.00658,0.99702,1.00
17801,345.00,0.00,0.00207,0.01871,0.00548,-0.99981,0.07264,-0.03216,-0.00234,-0.99684,-0.07456,0.01390,-0.00455,0.99711,1.00,0.07283,-0.00489,-0.00036,-0.99733,-0.07486,-0.01337,-0.00649,0.99708,1.00
17812,345.00,0.00,0.00209,0.01861,0.00539,-0.99981,0.07262,-0.03207,-0.00234,-0.99684,-0.07455,0.01391,-0.00446,0.99711,1.00,0.07281,-0.00480,-0.00035,-0.99733,-0.07486,-0.01337,-0.00639,0.99708,1.00
17824,345.00,0.00,0.00208,0.01854,0.00528,-0.99981,0.07257,-0.03217,-0.00234,-0.99684,-0.07451,0.01407,-0.00434,0.99711,1.00,0.07277,-0.00490,-0.00036,-0.99734,-0.07481,-0.01321,-0.00627,0.99709,1.00
17834,345.00,0.00,0.00206,0.01850,0.00521,-0.99981,0.07259,-0.03213,-0.00234,-0.99684,-0.07450,0.01407,-0.00426,0.99711,1.00,0.07279,-0.00487,-0.00036,-0.99734,-0.07482,-0.01320,-0.00619,0.99709,1.00
17846,345.00,0.00,0.00192,0.01857,0.00503,-0.99981,0.07350,-0.03240,-0.00239,-0.99677,-0.07528,0.01425,-0.00406,0.99705,1.00,0.07372,-0.00512,-0.00038,-0.99727,-0.07560,-0.01303,-0.00602,0.99704,1.00
17857,345.00,0.00,0.00177,0.01861,0.00487,-0.99981,0.07363,-0.03257,-0.00241,-0.99675,-0.07527,0.01437,-0.00388,0.99705,1.00,0.07385,-0.00529,-0.00039,-0.99726,-0.07558,-0.01291,-0.00585,0.99704,1.00
17868,345.00,0.00,0.00159,0.01876,0.00477,-0.99981,0.07263,-0.03197,-0.00233,-0.99684,-0.07408,0.01361,-0.00384,0.99715,1.00,0.07283,-0.00470,-0.00034,-0.99733,-0.07438,-0.01366,-0.00578,0.99712,1.00
17879,345.00,0.00,0.00149,0.01891,0.00465,-0.99981,0.07272,-0.03214,-0.00234,-0.99683,-0.07408,0.01362,-0.00371,0.99715,1.00,0.07293,-0.00487,-0.00036,-0.99733,-0.07438,-0.01365,-0.00567,0.99712,1.00
17890,345.00,0.00,0.00130,0.01909,0.00452,-0.99981,0.07276,-0.03172,-0.00231,-0.99684,-0.07394,0.01301,-0.00362,0.99717,1.00,0.07296,-0.00444,-0.00033,-0.99733,-0.07423,-0.01427,-0.00558,0.99712,1.00
17902,345.00,0.00,0.00131,0.01927,0.00440,-0.99980,0.07259,-0.03177,-0.00231,-0.99685,-0.07379,0.01288,-0.00352,0.99718,1.00,0.07279,-0.00450,-0.00033,-0.99734,-0.07407,-0.01440,-0.00547,0.99713,1.00
17913,345.00,0.00,0.00134,0.01945,0.00430,-0.99980,0.07256,-0.03196,-0.00233,-0.99685,-0.07379,0.01288,-0.00341,0.99719,1.00,0.07276,-0.00469,-0.00034,-0.99734,-0.07407,-0.01439,-0.00536,0.99713,1.00
17924,345.00,0.00,0.00144,0.01962,0.00432,-0.99980,0.07354,-0.03242,-0.00239,-0.99676,-0.07486,0.01318,-0.00340,0.99710,1.00,0.07374,-0.00515,-0.00038,-0.99726,-0.07514,-0.01410,-0.00538,0.99706,1.00
17935,345.00,0.00,0.00154,0.01977,0.00435,-0.99979,0.07351,-0.03241,-0.00239,-0.99677,-0.07493,0.01301,-0.00345,0.99710,1.00,0.07370,-0.00513,-0.00038,-0.99727,-0.07520,-0.01427,-0.00543,0.99705,1.00
17947,345.00,0.00,0.00167,0.01992,0.00438,-0.99979,0.07338,-0.03255,-0.00240,-0.99677,-0.07493,0.01301,-0.00348,0.99710,1.00,0.07357,-0.00527,-0.00039,-0.99728,-0.07520,-0.01427,-0.00545,0.99705,1.00
17958,345.00,0.00,0.00183,0.01997,0.00437,-0.99979,0.07398,-0.03213,-0.00238,-0.99674,-0.07570,0.01254,-0.00351,0.99705,1.00,0.07417,-0.00485,-0.00036,-0.99723,-0.07596,-0.01474,-0.00549,0.99699,1.00
17968,345.00,0.00,0.00193,0.02006,0.00435,-0.99979,0.07388,-0.03222,-0.00239,-0.99674,-0.07570,0.01254,-0.00349,0.99705,1.00,0.07407,-0.00494,-0.00037,-0.99724,-0.07596,-0.01474,-0.00546,0.99699,1.00
17980,345.00,0.00,0.00199,0.02005,0.00427,-0.99979,0.07392,-0.03210,-0.00238,-0.99674,-0.07580,0.01243,-0.00342,0.99704,1.00,0.07410,-0.00482,-0.00036,-0.99724,-0.07606,-0.01486,-0.00540,0.99698,1.00
17991,345.00,0.00,0.00206,0.02005,0.00416,-0.99979,0.07399,-0.03373,-0.00250,-0.99669,-0.07594,0.01405,-0.00320,0.99701,1.00,0.07420,-0.00645,-0.00048,-0.99722,-0.07622,-0.01323,-0.00517,0.99699,1.00
18002,345.00,0.00,0.00216,0.02007,0.00413,-0.99979,0.07395,-0.03414,-0.00253,-0.99667,-0.07600,0.01445,-0.00314,0.99700,1.00,0.07417,-0.00687,-0.00051,-0.99722,-0.07629,-0.01283,-0.00511,0.99699,1.00
18013,345.00,0.00,0.00223,0.01997,0.00403,-0.99979,0.07388,-0.03406,-0.00252,-0.99668,-0.07600,0.01446,-0.00305,0.99700,1.00,0.07410,-0.00679,-0.00050,-0.99723,-0.07629,-0.01283,-0.00501,0.99699,1.00
18024,345.00,0.00,0.00230,0.01985,0.00400,-0.99979,0.07395,-0.03388,-0.00251,-0.99668,-0.07614,0.01440,-0.00302,0.99699,1.00,0.07417,-0.00661,-0.00049,-0.99722,-0.07643,-0.01289,-0.00498,0.99698,1.00
18035,345.00,0.00,0.00237,0.01976,0.00392,-0.99979,0.07359,-0.03372,-0.00249,-0.99672,-0.07586,0.01430,-0.00295,0.99701,1.00,0.07381,-0.00644,-0.00048,-0.99725,-0.07614,-0.01298,-0.00491,0.99700,1.00
18047,345.00,0.00,0.00246,0.01967,0.00389,-0.99980,0.07351,-0.03363,-0.00248,-0.99672,-0.07586,0.01431,-0.00293,0.99701,1.00,0.07372,-0.00635,-0.00047,-0.99726,-0.07614,-0.01297,-0.00488,0.99700,1.00
18058,345.00,0.00,0.00259,0.01963,0.00385,-0.99980,0.07417,-0.03278,-0.00244,-0.99670,-0.07666,0.01350,-0.00294,0.99696,1.00,0.07437,-0.00550,-0.00041,-0.99722,-0.07693,-0.01379,-0.00490,0.99693,1.00
18069,345.00,0.00,0.00268,0.01957,0.00384,-0.99980,0.07408,-0.03272,-0.00243,-0.99671,-0.07666,0.01350,-0.00293,0.99696,1.00,0.07429,-0.00545,-0.00041,-0.99722,-0.07693,-0.01379,-0.00489,0.99693,1.00
18080,345.00,0.00,0.00283,0.01959,0.00374,-0.99980,0.07223,-0.03277,-0.00237,-0.99685,-0.07496,0.01351,-0.00286,0.99709,1.00,0.07243,-0.00551,-0.00040,-0.99736,-0.07522,-0.01376,-0.00477,0.99706,1.00
18092,345.00,0.00,0.00294,0.01956,0.00373,-0.99980,0.07279,-0.03283,-0.00240,-0.99680,-0.07563,0.01361,-0.00284,0.99704,1.00,0.07299,-0.00557,-0.00041,-0.99732,-0.07590,-0.01367,-0.00475,0.99701,1.00
18102,345.00,0.00,0.00307,0.01956,0.00372,-0.99980,0.07229,-0.03278,-0.00238,-0.99684,-0.07526,0.01355,-0.00284,0.99707,1.00,0.07249,-0.00551,-0.00040,-0.99735,-0.07552,-0.01373,-0.00474,0.99704,1.00
18115,345.00,0.00,0.00314,0.01956,0.00369,-0.99980,0.07222,-0.03278,-0.00237,-0.99685,-0.07526,0.01355,-0.00282,0.99707,1.00,0.07241,-0.00551,-0.00040,-0.99736,-0.07552,-0.01373,-0.00472,0.99704,1.00
18125,345.00,0.00,0.00319,0.01957,0.00369,-0.99980,0.07287,-0.03344,-0.00244,-0.99678,-0.07596,0.01421,-0.00277,0.99701,1.00,0.07308,-0.00617,-0.00045,-0.99731,-0.07623,-0.01307,-0.00468,0.99699,1.00
18135,345.00,0.00,0.00317,0.01961,0.00365,-0.99980,0.07289,-0.03349,-0.00245,-0.99677,-0.07596,0.01421,-0.00273,0.99701,1.00,0.07310,-0.00622,-0.00046,-0.99731,-0.07623,-0.01307,-0.00464,0.99699,1.00
18147,345.00,0.00,0.00316,0.01961,0.00361,-0.99980,0.07229,-0.03350,-0.00243,-0.99682,-0.07535,0.01421,-0.00269,0.99705,1.00,0.07250,-0.00624,-0.00045,-0.99735,-0.07562,-0.01306,-0.00459,0.99704,1.00
18158,345.00,0.00,0.00312,0.01963,0.00350,-0.99980,0.07355,-0.03354,-0.00247,-0.99672,-0.07657,0.01423,-0.00256,0.99696,1.00,0.07376,-0.00627,-0.00046,-0.99726,-0.07683,-0.01305,-0.00449,0.99695,1.00
18168,345.00,0.00,0.00312,0.01962,0.00338,-0.99980,0.06922,-0.03322,-0.00231,-0.99705,-0.07225,0.01389,-0.00252,0.99729,1.00,0.06942,-0.00597,-0.00042,-0.99757,-0.07250,-0.01336,-0.00434,0.99727,1.00
18180,345.00,0.00,0.00313,0.01962,0.00325,-0.99980,0.06920,-0.03324,-0.00231,-0.99705,-0.07224,0.01390,-0.00240,0.99729,1.00,0.06941,-0.00600,-0.00042,-0.99757,-0.07250,-0.01335,-0.00421,0.99727,1.00
18191,348.58,0.00,0.00319,0.01964,0.00305,-0.99980,0.07257,-0.03161,-0.00230,-0.99686,-0.07568,0.01226,-0.00227,0.99705,1.00,0.07277,-0.00434,-0.00032,-0.99734,-0.07593,-0.01502,-0.00417,0.99699,1.00
18202,351.91,0.00,0.00326,0.01965,0.00289,-0.99980,0.07184,-0.03152,-0.00227,-0.99692,-0.07503,0.01214,-0.00212,0.99711,1.00,0.07205,-0.00426,-0.00031,-0.99739,-0.07527,-0.01513,-0.00400,0.99704,1.00
18215,355.07,0.00,0.00332,0.01966,0.00272,-0.99980,0.07177,-0.03156,-0.00227,-0.99692,-0.07503,0.01215,-0.00196,0.99711,1.00,0.07198,-0.00429,-0.00031,-0.99740,-0.07527,-0.01512,-0.00384,0.99704,1.00
18225,358.84,0.00,0.00335,0.01963,0.00268,-0.99980,0.07180,-0.03150,-0.00227,-0.99692,-0.07508,0.01212,-0.00192,0.99710,1.00,0.07200,-0.00423,-0.00031,-0.99740,-0.07532,-0.01515,-0.00380,0.99704,1.00
18236,0.00,0.00,0.00333,0.01971,0.00260,-0.99980,0.07181,-0.03159,-0.00228,-0.99692,-0.07508,0.01213,-0.00184,0.99710,1.00,0.07202,-0.00433,-0.00031,-0.99739,-0.07532,-0.01515,-0.00372,0.99704,1.00
18248,0.00,0.00,0.00338,0.01973,0.00251,-0.99980,0.07095,-0.03209,-0.00228,-0.99696,-0.07426,0.01260,-0.00173,0.99716,1.00,0.07115,-0.00483,-0.00034,-0.99745,-0.07450,-0.01467,-0.00358,0.99711,1.00
18259,0.00,0.00,0.00337,0.01979,0.00246,-0.99980,0.07102,-0.03211,-0.00229,-0.99696,-0.07432,0.01256,-0.00168,0.99715,1.00,0.07121,-0.00485,-0.00035,-0.99745,-0.07455,-0.01471,-0.00353,0.99710,1.00
18269,0.00,0.00,0.00340,0.01987,0.00238,-0.99979,0.07102,-0.03317,-0.00236,-0.99692,-0.07436,0.01354,-0.00153,0.99714,1.00,0.07122,-0.00591,-0.00042,-0.99744,-0.07459,-0.01373,-0.00339,0.99711,1.00
18281,0.00,0.00,0.00342,0.01989,0.00230,-0.99979,0.07100,-0.03321,-0.00236,-0.99692,-0.07436,0.01354,-0.00145,0.99714,1.00,0.07121,-0.00595,-0.00042,-0.99744,-0.07459,-0.01373,-0.00330,0.99711,1.00
18291,0.00,0.00,0.00345,0.01994,0.00220,-0.99979,0.07072,-0.03400,-0.00241,-0.99691,-0.07412,0.01428,-0.00131,0.99715,1.00,0.07094,-0.00675,-0.00048,-0.99746,-0.07436,-0.01298,-0.00315,0.99714,1.00
18302,0.00,0.00,0.00345,0.01995,0.00211,-0.99979,0.07058,-0.03409,-0.00241,-0.99692,-0.07399,0.01435,-0.00122,0.99716,1.00,0.07080,-0.00683,-0.00049,-0.99747,-0.07422,-0.01291,-0.00306,0.99715,1.00
18314,0.00,0.00,0.00343,0.01996,0.00208,-0.99979,0.07061,-0.03411,-0.00242,-0.99692,-0.07399,0.01436,-0.00119,0.99716,1.00,0.07082,-0.00686,-0.00049,-0.99747,-0.07422,-0.01291,-0.00303,0.99715,1.00
18326,0.00,0.00,0.00337,0.01995,0.00205,-0.99979,0.07086,-0.03450,-0.00245,-0.99689,-0.07418,0.01476,-0.00112,0.99713,1.00,0.07107,-0.00725,-0.00052,-0.99744,-0.07442,-0.01251,-0.00297,0.99714,1.00
18336,0.00,0.00,0.00326,0.01997,0.00202,-0.99979,0.07176,-0.03448,-0.00248,-0.99682,-0.07497,0.01472,-0.00108,0.99708,1.00,0.07197,-0.00722,-0.00052,-0.99738,-0.07520,-0.01255,-0.00296,0.99708,1.00
18348,0.00,0.00,0.00323,0.02000,0.00194,-0.99979,0.07178,-0.03452,-0.00249,-0.99682,-0.07497,0.01473,-0.00100,0.99708,1.00,0.07200,-0.00726,-0.00052,-0.99738,-0.07521,-0.01254,-0.00287,0.99709,1.00
18359,0.00,0.00,0.00322,0.02002,0.00188,-0.99979,0.07175,-0.03451,-0.00248,-0.99682,-0.07493,0.01470,-0.00094,0.99708,1.00,0.07196,-0.00725,-0.00052,-0.99738,-0.07516,-0.01257,-0.00282,0.99709,1.00
18369,0.00,0.00,0.00328,0.02002,0.00186,-0.99979,0.06319,-0.03587,-0.00227,-0.99735,-0.06643,0.01602,-0.00096,0.99766,1.00,0.06339,-0.00867,-0.00055,-0.99795,-0.06665,-0.01120,-0.00260,0.99771,1.00
18381,0.00,0.00,0.00335,0.02001,0.00185,-0.99979,0.06312,-0.03585,-0.00227,-0.99736,-0.06643,0.01602,-0.00096,0.99766,1.00,0.06332,-0.00865,-0.00055,-0.99796,-0.06665,-0.01120,-0.00260,0.99771,1.00
18392,0.00,0.00,0.00352,0.02001,0.00192,-0.99979,0.00615,-0.03951,-0.00024,-0.99920,-0.00959,0.01952,-0.00193,0.99976,1.00,0.00617,-0.01248,-0.00008,-0.99990,-0.00967,-0.00752,-0.00201,0.99992,1.00
18403,0.00,0.00,0.00365,0.01999,0.00195,-0.99979,-0.02604,-0.03949,0.00103,-0.99888,0.02248,0.01946,-0.00260,0.99955,1.00,-0.02613,-0.01243,0.00032,-0.99958,0.02251,-0.00761,-0.00179,0.99972,1.00
18415,0.00,0.00,0.00388,0.01995,0.00213,-0.99979,-0.02626,-0.03945,0.00104,-0.99888,0.02248,0.01946,-0.00280,0.99955,1.00,-0.02636,-0.01239,0.00033,-0.99958,0.02251,-0.00760,-0.00198,0.99972,1.00
18426,0.00,0.00,0.00394,0.01990,0.00225,-0.99979,-0.03681,-0.03862,0.00142,-0.99857,0.03299,0.01865,-0.00309,0.99928,1.00,-0.03695,-0.01153,0.00043,-0.99925,0.03304,-0.00844,-0.00198,0.99942,1.00
18436,0.00,0.00,0.00402,0.01987,0.00233,-0.99979,-0.03672,-0.03861,0.00142,-0.99858,0.03282,0.01867,-0.00317,0.99928,1.00,-0.03686,-0.01153,0.00043,-0.99925,0.03287,-0.00842,-0.00206,0.99942,1.00
18448,0.00,0.00,0.00404,0.01985,0.00238,-0.99979,-0.03674,-0.03859,0.00142,-0.99858,0.03281,0.01867,-0.00323,0.99928,1.00,-0.03689,-0.01150,0.00042,-0.99925,0.03287,-0.00842,-0.00212,0.99942,1.00
18459,0.00,0.00,0.00398,0.01976,0.00243,-0.99979,-0.03652,-0.03864,0.00141,-0.99858,0.03266,0.01880,-0.00327,0.99928,1.00,-0.03667,-0.01155,0.00042,-0.99926,0.03272,-0.00829,-0.00217,0.99943,1.00
18469,0.00,0.00,0.00395,0.01969,0.00242,-0.99980,-0.03816,-0.03881,0.00148,-0.99852,0.03434,0.01905,-0.00330,0.99922,1.00,-0.03830,-0.01172,0.00045,-0.99920,0.03439,-0.00805,-0.00216,0.99937,1.00
18481,0.00,0.00,0.00389,0.01958,0.00238,-0.99980,-0.03811,-0.03871,0.00148,-0.99852,0.03434,0.01905,-0.00326,0.99922,1.00,-0.03825,-0.01161,0.00044,-0.99920,0.03439,-0.00805,-0.00212,0.99937,1.00
18492,0.00,0.00,0.00388,0.01947,0.00236,-0.99980,-0.03986,-0.03895,0.00156,-0.99844,0.03610,0.01940,-0.00328,0.99915,1.00,-0.04001,-0.01185,0.00047,-0.99913,0.03616,-0.00770,-0.00210,0.99931,1.00
18503,0.00,0.00,0.00395,0.01939,0.00231,-0.99980,-0.03995,-0.03902,0.00156,-0.99844,0.03612,0.01955,-0.00324,0.99915,1.00,-0.04009,-0.01192,0.00048,-0.99912,0.03617,-0.00755,-0.00205,0.99931,1.00
18515,0.00,0.00,0.00410,0.01935,0.00230,-0.99980,-0.04010,-0.03898,0.00157,-0.99843,0.03612,0.01955,-0.00324,0.99915,1.00,-0.04024,-0.01188,0.00048,-0.99912,0.03617,-0.00755,-0.00204,0.99932,1.00
18526,0.00,0.00,0.00425,0.01933,0.00227,-0.99980,-0.04748,-0.03906,0.00186,-0.99811,0.04335,0.01965,-0.00337,0.99886,1.00,-0.04764,-0.01194,0.00057,-0.99879,0.04343,-0.00748,-0.00196,0.99903,1.00
18536,0.00,0.00,0.00438,0.01936,0.00223,-0.99980,-0.06523,-0.03379,0.00221,-0.99730,0.06096,0.01431,-0.00332,0.99803,1.00,-0.06540,-0.00656,0.00043,-0.99784,0.06104,-0.01291,-0.00142,0.99805,1.00
18548,0.00,0.00,0.00447,0.01944,0.00219,-0.99980,-0.06532,-0.03386,0.00222,-0.99729,0.06096,0.01431,-0.00328,0.99803,1.00,-0.06549,-0.00664,0.00044,-0.99783,0.06104,-0.01291,-0.00137,0.99805,1.00
18559,0.00,0.00,0.00447,0.01953,0.00215,-0.99980,-0.06518,-0.03400,0.00222,-0.99729,0.06082,0.01436,-0.00324,0.99804,1.00,-0.06535,-0.00678,0.00044,-0.99784,0.06090,-0.01286,-0.00134,0.99806,1.00
18570,0.00,0.00,0.00449,0.01964,0.00210,-0.99980,-0.06246,-0.03462,0.00217,-0.99744,0.05808,0.01489,-0.00319,0.99820,1.00,-0.06263,-0.00742,0.00047,-0.99801,0.05816,-0.01231,-0.00136,0.99823,1.00
18582,0.00,0.00,0.00446,0.01975,0.00210,-0.99979,-0.06243,-0.03474,0.00217,-0.99744,0.05808,0.01489,-0.00319,0.99820,1.00,-0.06259,-0.00753,0.00047,-0.99801,0.05816,-0.01231,-0.00136,0.99823,1.00
18593,0.00,0.00,0.00435,0.01984,0.00206,-0.99979,-0.06123,-0.03476,0.00213,-0.99752,0.05699,0.01482,-0.00313,0.99826,1.00,-0.06139,-0.00756,0.00046,-0.99809,0.05707,-0.01238,-0.00134,0.99829,1.00
18604,0.00,0.00,0.00427,0.01994,0.00205,-0.99979,-0.06197,-0.03475,0.00216,-0.99747,0.05781,0.01472,-0.00312,0.99821,1.00,-0.06214,-0.00755,0.00047,-0.99804,0.05789,-0.01248,-0.00131,0.99824,1.00
18615,0.00,0.00,0.00423,0.02000,0.00206,-0.99979,-0.06193,-0.03482,0.00216,-0.99747,0.05781,0.01472,-0.00312,0.99821,1.00,-0.06210,-0.00762,0.00047,-0.99804,0.05789,-0.01248,-0.00132,0.99824,1.00
18626,0.00,0.00,0.00421,0.02003,0.00212,-0.99979,-0.06149,-0.03701,0.00228,-0.99742,0.05740,0.01688,-0.00332,0.99820,1.00,-0.06169,-0.00982,0.00061,-0.99805,0.05750,-0.01031,-0.00153,0.99829,1.00
18636,0.00,0.00,0.00423,0.02006,0.00223,-0.99979,-0.06155,-0.03694,0.00228,-0.99742,0.05745,0.01678,-0.00343,0.99820,1.00,-0.06175,-0.00974,0.00060,-0.99804,0.05755,-0.01042,-0.00164,0.99829,1.00
18648,0.00,0.00,0.00428,0.02004,0.00234,-0.99979,-0.06160,-0.03694,0.00228,-0.99741,0.05744,0.01678,-0.00354,0.99820,1.00,-0.06181,-0.00974,0.00060,-0.99804,0.05755,-0.01041,-0.00174,0.99829,1.00
18659,0.00,0.00,0.00435,0.01999,0.00252,-0.99979,-0.06166,-0.03500,0.00216,-0.99748,0.05745,0.01489,-0.00360,0.99823,1.00,-0.06186,-0.00780,0.00048,-0.99805,0.05754,-0.01231,-0.00180,0.99827,1.00
18670,0.00,0.00,0.00442,0.01991,0.00264,-0.99979,-0.06148,-0.03489,0.00215,-0.99750,0.05720,0.01485,-0.00371,0.99825,1.00,-0.06168,-0.00769,0.00048,-0.99807,0.05729,-0.01235,-0.00191,0.99828,1.00
18681,0.00,0.00,0.00451,0.01977,0.00272,-0.99979,-0.06157,-0.03476,0.00215,-0.99750,0.05719,0.01485,-0.00379,0.99825,1.00,-0.06177,-0.00756,0.00047,-0.99806,0.05729,-0.01235,-0.00199,0.99828,1.00
18693,0.00,0.00,0.00458,0.01970,0.00274,-0.99979,-0.06159,-0.03657,0.00226,-0.99743,0.05715,0.01673,-0.00394,0.99822,1.00,-0.06180,-0.00937,0.00058,-0.99804,0.05725,-0.01046,-0.00214,0.99830,1.00
18704,0.00,0.00,0.00459,0.01950,0.00284,-0.99980,-0.06151,-0.03643,0.00225,-0.99744,0.05707,0.01680,-0.00404,0.99822,1.00,-0.06172,-0.00924,0.00057,-0.99805,0.05717,-0.01040,-0.00224,0.99831,1.00
18715,0.00,0.00,0.00467,0.01940,0.00284,-0.99980,-0.06159,-0.03634,0.00224,-0.99744,0.05707,0.01680,-0.00405,0.99822,1.00,-0.06180,-0.00914,0.00057,-0.99805,0.05717,-0.01040,-0.00224,0.99831,1.00
18726,0.00,0.00,0.00461,0.01925,0.00294,-0.99980,-0.06098,-0.03433,0.00210,-0.99755,0.05651,0.01492,-0.00401,0.99828,1.00,-0.06117,-0.00713,0.00044,-0.99810,0.05658,-0.01227,-0.00223,0.99832,1.00
18737,0.00,0.00,0.00461,0.01916,0.00300,-0.99980,-0.05755,-0.03436,0.00198,-0.99775,0.05308,0.01506,-0.00403,0.99847,1.00,-0.05772,-0.00718,0.00042,-0.99831,0.05314,-0.01212,-0.00234,0.99851,1.00
18748,0.00,0.00,0.00459,0.01910,0.00300,-0.99980,-0.05753,-0.03430,0.00198,-0.99775,0.05308,0.01506,-0.00403,0.99847,1.00,-0.05771,-0.00712,0.00041,-0.99831,0.05314,-0.01212,-0.00234,0.99851,1.00
18759,0.00,0.00,0.00459,0.01904,0.00306,-0.99980,-0.05750,-0.03445,0.00199,-0.99775,0.05305,0.01527,-0.00410,0.99847,1.00,-0.05768,-0.00727,0.00042,-0.99831,0.05311,-0.01191,-0.00241,0.99851,1.00
18771,0.00,0.00,0.00458,0.01901,0.00303,-0.99980,-0.06152,-0.03505,0.00216,-0.99749,0.05709,0.01588,-0.00417,0.99823,1.00,-0.06171,-0.00785,0.00049,-0.99806,0.05716,-0.01131,-0.00237,0.99830,1.00
18782,0.00,0.00,0.00455,0.01904,0.00305,-0.99980,-0.06149,-0.03509,0.00216,-0.99749,0.05709,0.01588,-0.00420,0.99823,1.00,-0.06168,-0.00789,0.00049,-0.99806,0.05716,-0.01131,-0.00239,0.99830,1.00
18793,0.00,0.00,0.00454,0.01907,0.00301,-0.99980,-0.06149,-0.03520,0.00217,-0.99748,0.05710,0.01598,-0.00416,0.99823,1.00,-0.06167,-0.00800,0.00049,-0.99806,0.05716,-0.01122,-0.00236,0.99830,1.00
18804,0.00,0.00,0.00453,0.01910,0.00300,-0.99980,-0.05962,-0.03553,0.00212,-0.99759,0.05523,0.01628,-0.00413,0.99833,1.00,-0.05980,-0.00834,0.00050,-0.99818,0.05530,-0.01090,-0.00239,0.99841,1.00
18815,0.00,0.00,0.00452,0.01912,0.00298,-0.99980,-0.05961,-0.03555,0.00212,-0.99759,0.05523,0.01628,-0.00411,0.99833,1.00,-0.05979,-0.00836,0.00050,-0.99818,0.05530,-0.01091,-0.00237,0.99841,1.00
18827,0.00,0.00,0.00452,0.01918,0.00299,-0.99980,-0.05939,-0.03563,0.00212,-0.99760,0.05502,0.01630,-0.00412,0.99834,1.00,-0.05957,-0.00844,0.00050,-0.99819,0.05508,-0.01089,-0.00238,0.99842,1.00
18837,0.00,0.00,0.00453,0.01924,0.00300,-0.99980,-0.05940,-0.03480,0.00207,-0.99763,0.05501,0.01541,-0.00408,0.99836,1.00,-0.05957,-0.00761,0.00045,-0.99820,0.05507,-0.01177,-0.00234,0.99841,1.00
18848,0.00,0.00,0.00450,0.01930,0.00300,-0.99980,-0.05937,-0.03486,0.00207,-0.99762,0.05501,0.01541,-0.00408,0.99836,1.00,-0.05954,-0.00767,0.00046,-0.99820,0.05507,-0.01177,-0.00234,0.99841,1.00
18860,0.00,0.00,0.00449,0.01936,0.00300,-0.99980,-0.05883,-0.03488,0.00206,-0.99766,0.05448,0.01537,-0.00407,0.99839,1.00,-0.05899,-0.00769,0.00045,-0.99823,0.05454,-0.01182,-0.00234,0.99844,1.00
18871,0.00,0.00,0.00446,0.01943,0.00302,-0.99980,-0.05636,-0.03604,0.00204,-0.99776,0.05205,0.01647,-0.00411,0.99850,1.00,-0.05653,-0.00887,0.00050,-0.99836,0.05210,-0.01070,-0.00246,0.99858,1.00
18882,0.00,0.00,0.00447,0.01947,0.00304,-0.99980,-0.05637,-0.03609,0.00204,-0.99776,0.05205,0.01647,-0.00414,0.99850,1.00,-0.05654,-0.00892,0.00050,-0.99836,0.05210,-0.01070,-0.00248,0.99858,1.00
18893,0.00,0.00,0.00445,0.01948,0.00305,-0.99980,-0.05637,-0.03603,0.00204,-0.99776,0.05207,0.01640,-0.00414,0.99850,1.00,-0.05654,-0.00886,0.00050,-0.99836,0.05212,-0.01077,-0.00248,0.99858,1.00
18905,0.00,0.00,0.00443,0.01948,0.00307,-0.99980,-0.05727,-0.03535,0.00203,-0.99773,0.05299,0.01573,-0.00413,0.99846,1.00,-0.05744,-0.00817,0.00047,-0.99832,0.05304,-0.01145,-0.00245,0.99852,1.00
18916,0.00,0.00,0.00438,0.01947,0.00306,-0.99980,-0.05722,-0.03534,0.00203,-0.99773,0.05299,0.01573,-0.00412,0.99846,1.00,-0.05739,-0.00817,0.00047,-0.99832,0.05304,-0.01145,-0.00244,0.99852,1.00
18927,0.00,0.00,0.00436,0.01944,0.00305,-0.99980,-0.05956,-0.03357,0.00200,-0.99766,0.05534,0.01398,-0.00403,0.99836,1.00,-0.05972,-0.00638,0.00038,-0.99819,0.05538,-0.01322,-0.00229,0.99838,1.00
18938,0.00,0.00,0.00433,0.01942,0.00304,-0.99980,-0.05971,-0.03353,0.00201,-0.99765,0.05552,0.01396,-0.00402,0.99835,1.00,-0.05987,-0.00633,0.00038,-0.99819,0.05556,-0.01324,-0.00227,0.99837,1.00
18949,0.00,0.00,0.00430,0.01938,0.00305,-0.99980,-0.05968,-0.03349,0.00200,-0.99765,0.05552,0.01396,-0.00403,0.99835,1.00,-0.05984,-0.00629,0.00038,-0.99819,0.05556,-0.01324,-0.00228,0.99837,1.00
18960,0.00,0.00,0.00430,0.01935,0.00305,-0.99980,-0.05955,-0.03539,0.00211,-0.99760,0.05540,0.01589,-0.00415,0.99833,1.00,-0.05973,-0.00820,0.00049,-0.99818,0.05546,-0.01130,-0.00241,0.99839,1.00
18971,0.00,0.00,0.00429,0.01932,0.00309,-0.99980,-0.06048,-0.03540,0.00215,-0.99754,0.05634,0.01593,-0.00421,0.99828,1.00,-0.06066,-0.00821,0.00050,-0.99812,0.05640,-0.01127,-0.00244,0.99834,1.00
18982,0.00,0.00,0.00430,0.01929,0.00312,-0.99980,-0.06049,-0.03538,0.00215,-0.99754,0.05634,0.01593,-0.00424,0.99828,1.00,-0.06067,-0.00818,0.00050,-0.99812,0.05640,-0.01126,-0.00248,0.99834,1.00
18993,0.00,0.00,0.00431,0.01927,0.00322,-0.99980,-0.05701,-0.03482,0.00199,-0.99776,0.05285,0.01539,-0.00425,0.99848,1.00,-0.05719,-0.00764,0.00044,-0.99833,0.05290,-0.01179,-0.00258,0.99853,1.00
19005,0.00,0.00,0.00435,0.01926,0.00328,-0.99980,-0.05662,-0.03483,0.00198,-0.99779,0.05243,0.01541,-0.00431,0.99850,1.00,-0.05679,-0.00766,0.00044,-0.99836,0.05248,-0.01176,-0.00265,0.99855,1.00
19016,0.00,0.00,0.00439,0.01924,0.00333,-0.99980,-0.05666,-0.03481,0.00198,-0.99778,0.05242,0.01542,-0.00436,0.99850,1.00,-0.05683,-0.00764,0.00043,-0.99835,0.05248,-0.01176,-0.00270,0.99855,1.00
19027,0.00,0.00,0.00448,0.01918,0.00339,-0.99980,-0.05675,-0.03452,0.00196,-0.99779,0.05242,0.01518,-0.00441,0.99850,1.00,-0.05693,-0.00735,0.00042,-0.99835,0.05247,-0.01200,-0.00275,0.99855,1.00
19039,0.00,0.00,0.00457,0.01906,0.00347,-0.99980,-0.05762,-0.03344,0.00193,-0.99778,0.05320,0.01421,-0.00445,0.99847,1.00,-0.05778,-0.00626,0.00036,-0.99831,0.05324,-0.01297,-0.00275,0.99849,1.00
19050,0.00,0.00,0.00465,0.01893,0.00355,-0.99980,-0.05770,-0.03333,0.00193,-0.99778,0.05320,0.01422,-0.00453,0.99847,1.00,-0.05787,-0.00614,0.00036,-0.99831,0.05324,-0.01297,-0.00283,0.99849,1.00
19061,0.00,0.00,0.00464,0.01886,0.00356,-0.99980,-0.05962,-0.03304,0.00197,-0.99767,0.05513,0.01399,-0.00455,0.99837,1.00,-0.05979,-0.00584,0.00035,-0.99819,0.05517,-0.01321,-0.00280,0.99839,1.00
19071,0.00,0.00,0.00461,0.01877,0.00354,-0.99981,-0.06008,-0.03303,0.00199,-0.99765,0.05562,0.01408,-0.00455,0.99834,1.00,-0.06025,-0.00584,0.00035,-0.99817,0.05566,-0.01311,-0.00279,0.99836,1.00
19083,0.00,0.00,0.00455,0.01870,0.00347,-0.99981,-0.06002,-0.03296,0.00198,-0.99765,0.05562,0.01408,-0.00447,0.99834,1.00,-0.06019,-0.00576,0.00035,-0.99817,0.05566,-0.01312,-0.00271,0.99836,1.00
19094,0.00,0.00,0.00447,0.01863,0.00345,-0.99981,-0.06061,-0.03503,0.00213,-0.99754,0.05630,0.01621,-0.00460,0.99827,1.00,-0.06079,-0.00783,0.00048,-0.99812,0.05636,-0.01098,-0.00282,0.99835,1.00
19105,0.00,0.00,0.00446,0.01858,0.00349,-0.99981,-0.06061,-0.03509,0.00213,-0.99754,0.05632,0.01634,-0.00464,0.99827,1.00,-0.06079,-0.00790,0.00048,-0.99812,0.05637,-0.01086,-0.00287,0.99835,1.00
19116,0.00,0.00,0.00444,0.01856,0.00355,-0.99981,-0.06059,-0.03508,0.00213,-0.99754,0.05631,0.01634,-0.00471,0.99827,1.00,-0.06077,-0.00789,0.00048,-0.99812,0.05637,-0.01085,-0.00294,0.99835,1.00
19128,0.00,0.00,0.00446,0.01857,0.00368,-0.99981,-0.06010,-0.03258,0.00196,-0.99766,0.05580,0.01382,-0.00466,0.99834,1.00,-0.06027,-0.00538,0.00032,-0.99817,0.05584,-0.01338,-0.00290,0.99835,1.00
19139,0.00,0.00,0.00446,0.01856,0.00396,-0.99981,-0.06013,-0.03268,0.00197,-0.99765,0.05583,0.01391,-0.00495,0.99833,1.00,-0.06031,-0.00548,0.00033,-0.99816,0.05587,-0.01329,-0.00319,0.99834,1.00
19150,0.00,0.00,0.00445,0.01858,0.00426,-0.99981,-0.06010,-0.03273,0.00197,-0.99765,0.05583,0.01393,-0.00525,0.99833,1.00,-0.06029,-0.00554,0.00033,-0.99817,0.05587,-0.01327,-0.00349,0.99834,1.00
19162,0.00,0.00,0.00435,0.01859,0.00446,-0.99981,-0.06001,-0.03275,0.00197,-0.99766,0.05584,0.01392,-0.00545,0.99833,1.00,-0.06021,-0.00555,0.00033,-0.99817,0.05589,-0.01328,-0.00370,0.99834,1.00
19173,0.00,0.00,0.00426,0.01855,0.00467,-0.99981,-0.06009,-0.03403,0.00205,-0.99761,0.05602,0.01522,-0.00573,0.99830,1.00,-0.06030,-0.00683,0.00041,-0.99816,0.05607,-0.01198,-0.00398,0.99835,1.00
19185,0.00,0.00,0.00412,0.01848,0.00476,-0.99981,-0.05995,-0.03396,0.00204,-0.99762,0.05602,0.01522,-0.00582,0.99830,1.00,-0.06016,-0.00676,0.00041,-0.99817,0.05607,-0.01197,-0.00407,0.99835,1.00
19195,0.00,0.00,0.00405,0.01834,0.00489,-0.99981,-0.05870,-0.03375,0.00199,-0.99770,0.05485,0.01516,-0.00592,0.99836,1.00,-0.05890,-0.00656,0.00039,-0.99824,0.05489,-0.01203,-0.00421,0.99841,1.00
19206,0.00,0.00,0.00400,0.01818,0.00491,-0.99981,-0.06026,-0.03379,0.00204,-0.99761,0.05646,0.01534,-0.00598,0.99827,1.00,-0.06045,-0.00659,0.00040,-0.99815,0.05649,-0.01186,-0.00422,0.99832,1.00
19217,0.00,0.00,0.00395,0.01797,0.00501,-0.99982,-0.06020,-0.03359,0.00203,-0.99762,0.05646,0.01535,-0.00608,0.99827,1.00,-0.06040,-0.00639,0.00039,-0.99815,0.05649,-0.01185,-0.00433,0.99832,1.00
19228,0.00,0.00,0.00400,0.01777,0.00500,-0.99982,-0.06101,-0.03343,0.00204,-0.99758,0.05721,0.01538,-0.00608,0.99823,1.00,-0.06120,-0.00623,0.00038,-0.99811,0.05723,-0.01182,-0.00431,0.99828,1.00
19239,0.00,0.00,0.00402,0.01757,0.00492,-0.99983,-0.06113,-0.03333,0.00204,-0.99757,0.05731,0.01549,-0.00601,0.99822,1.00,-0.06131,-0.00613,0.00038,-0.99810,0.05732,-0.01171,-0.00424,0.99828,1.00
19250,0.00,0.00,0.00407,0.01747,0.00485,-0.99983,-0.06119,-0.03322,0.00204,-0.99757,0.05731,0.01548,-0.00594,0.99822,1.00,-0.06136,-0.00602,0.00037,-0.99810,0.05732,-0.01172,-0.00416,0.99828,1.00
19262,0.00,0.00,0.00410,0.01741,0.00477,-0.99983,-0.05952,-0.03337,0.00199,-0.99767,0.05561,0.01570,-0.00585,0.99831,1.00,-0.05968,-0.00617,0.00037,-0.99820,0.05561,-0.01149,-0.00411,0.99838,1.00
19272,0.00,0.00,0.00408,0.01737,0.00471,-0.99983,-0.05890,-0.03460,0.00204,-0.99766,0.05502,0.01698,-0.00586,0.99832,1.00,-0.05906,-0.00742,0.00044,-0.99823,0.05502,-0.01020,-0.00415,0.99842,1.00
19283,0.00,0.00,0.00410,0.01737,0.00469,-0.99983,-0.05892,-0.03460,0.00204,-0.99766,0.05502,0.01698,-0.00584,0.99832,1.00,-0.05908,-0.00742,0.00044,-0.99823,0.05502,-0.01021,-0.00412,0.99842,1.00
19294,0.00,0.00,0.00414,0.01744,0.00472,-0.99983,-0.05738,-0.03531,0.00203,-0.99773,0.05344,0.01762,-0.00588,0.99840,1.00,-0.05755,-0.00813,0.00047,-0.99831,0.05345,-0.00956,-0.00421,0.99852,1.00
19305,0.00,0.00,0.00417,0.01758,0.00475,-0.99983,-0.05669,-0.03554,0.00202,-0.99776,0.05273,0.01772,-0.00591,0.99843,1.00,-0.05686,-0.00837,0.00048,-0.99835,0.05274,-0.00946,-0.00426,0.99855,1.00
19316,0.00,0.00,0.00416,0.01776,0.00490,-0.99982,-0.05667,-0.03574,0.00203,-0.99775,0.05273,0.01772,-0.00607,0.99843,1.00,-0.05685,-0.00857,0.00049,-0.99835,0.05274,-0.00945,-0.00441,0.99855,1.00
19327,0.00,0.00,0.00415,0.01791,0.00494,-0.99982,-0.05732,-0.03533,0.00203,-0.99773,0.05338,0.01716,-0.00608,0.99841,1.00,-0.05750,-0.00815,0.00047,-0.99831,0.05340,-0.01002,-0.00440,0.99851,1.00
19339,0.00,0.00,0.00417,0.01809,0.00498,-0.99982,-0.05929,-0.03411,0.00203,-0.99766,0.05533,0.01575,-0.00606,0.99833,1.00,-0.05946,-0.00691,0.00041,-0.99821,0.05533,-0.01144,-0.00434,0.99839,1.00
19349,0.00,0.00,0.00426,0.01824,0.00498,-0.99981,-0.05938,-0.03426,0.00204,-0.99765,0.05533,0.01575,-0.00607,0.99833,1.00,-0.05956,-0.00707,0.00042,-0.99820,0.05533,-0.01144,-0.00434,0.99839,1.00
19361,0.00,0.00,0.00438,0.01825,0.00505,-0.99981,-0.05990,-0.03411,0.00205,-0.99762,0.05572,0.01559,-0.00614,0.99831,1.00,-0.06007,-0.00692,0.00042,-0.99817,0.05573,-0.01160,-0.00439,0.99837,1.00
19373,0.00,0.00,0.00457,0.01830,0.00516,-0.99981,-0.05962,-0.03484,0.00208,-0.99761,0.05527,0.01626,-0.00630,0.99832,1.00,-0.05981,-0.00765,0.00046,-0.99818,0.05528,-0.01093,-0.00455,0.99840,1.00
19383,0.00,0.00,0.00476,0.01828,0.00526,-0.99981,-0.05981,-0.03483,0.00209,-0.99760,0.05527,0.01627,-0.00641,0.99832,1.00,-0.06000,-0.00764,0.00046,-0.99817,0.05528,-0.01093,-0.00465,0.99840,1.00
19394,0.00,0.00,0.00491,0.01825,0.00533,-0.99981,-0.05974,-0.03465,0.00208,-0.99761,0.05505,0.01612,-0.00647,0.99833,1.00,-0.05993,-0.00746,0.00045,-0.99817,0.05506,-0.01107,-0.00471,0.99841,1.00
19406,0.00,0.00,0.00503,0.01826,0.00527,-0.99981,-0.05970,-0.03372,0.00202,-0.99764,0.05489,0.01517,-0.00636,0.99836,1.00,-0.05987,-0.00652,0.00039,-0.99818,0.05488,-0.01202,-0.00460,0.99841,1.00
19416,0.00,0.00,0.00512,0.01821,0.00528,-0.99981,-0.05979,-0.03367,0.00202,-0.99764,0.05488,0.01517,-0.00637,0.99836,1.00,-0.05996,-0.00648,0.00039,-0.99818,0.05488,-0.01202,-0.00460,0.99841,1.00
19427,0.00,0.00,0.00528,0.01820,0.00523,-0.99981,-0.06021,-0.03330,0.00201,-0.99763,0.05514,0.01481,-0.00631,0.99835,1.00,-0.06037,-0.00611,0.00037,-0.99816,0.05512,-0.01238,-0.00452,0.99839,1.00
19439,0.00,0.00,0.00538,0.01814,0.00526,-0.99981,-0.06080,-0.03257,0.00198,-0.99762,0.05562,0.01413,-0.00630,0.99833,1.00,-0.06096,-0.00536,0.00033,-0.99813,0.05560,-0.01306,-0.00450,0.99836,1.00
19450,0.00,0.00,0.00548,0.01813,0.00529,-0.99981,-0.06090,-0.03256,0.00199,-0.99761,0.05562,0.01414,-0.00633,0.99833,1.00,-0.06106,-0.00536,0.00033,-0.99812,0.05560,-0.01306,-0.00453,0.99836,1.00
19462,0.00,0.00,0.00564,0.01813,0.00533,-0.99981,-0.06018,-0.03327,0.00201,-0.99763,0.05475,0.01484,-0.00642,0.99837,1.00,-0.06034,-0.00607,0.00037,-0.99816,0.05474,-0.01236,-0.00462,0.99841,1.00
19472,0.00,0.00,0.00574,0.01817,0.00534,-0.99980,-0.06076,-0.03507,0.00214,-0.99753,0.05525,0.01659,-0.00656,0.99831,1.00,-0.06094,-0.00787,0.00048,-0.99811,0.05525,-0.01060,-0.00475,0.99841,1.00
19483,0.00,0.00,0.00585,0.01826,0.00537,-0.99980,-0.06087,-0.03515,0.00215,-0.99752,0.05525,0.01660,-0.00660,0.99831,1.00,-0.06105,-0.00796,0.00049,-0.99810,0.05525,-0.01060,-0.00478,0.99840,1.00
19494,0.00,0.00,0.00595,0.01833,0.00543,-0.99980,-0.06080,-0.03524,0.00215,-0.99753,0.05509,0.01661,-0.00666,0.99832,1.00,-0.06099,-0.00804,0.00049,-0.99811,0.05509,-0.01058,-0.00485,0.99841,1.00
19506,0.00,0.00,0.00599,0.01838,0.00547,-0.99980,-0.06196,-0.03310,0.00206,-0.99753,0.05619,0.01440,-0.00657,0.99829,1.00,-0.06213,-0.00589,0.00037,-0.99805,0.05617,-0.01280,-0.00472,0.99833,1.00
19516,0.00,0.00,0.00611,0.01847,0.00553,-0.99980,-0.06207,-0.03319,0.00207,-0.99752,0.05619,0.01440,-0.00664,0.99829,1.00,-0.06224,-0.00598,0.00037,-0.99804,0.05617,-0.01280,-0.00478,0.99833,1.00
19528,0.00,0.00,0.00615,0.01852,0.00561,-0.99979,-0.06182,-0.03318,0.00206,-0.99753,0.05590,0.01434,-0.00671,0.99831,1.00,-0.06200,-0.00598,0.00037,-0.99806,0.05589,-0.01286,-0.00486,0.99834,1.00
19540,0.00,0.00,0.00621,0.01853,0.00571,-0.99979,-0.06187,-0.03377,0.00209,-0.99751,0.05590,0.01491,-0.00685,0.99830,1.00,-0.06205,-0.00656,0.00041,-0.99805,0.05589,-0.01229,-0.00500,0.99835,1.00
19550,0.00,0.00,0.00626,0.01858,0.00578,-0.99979,-0.06192,-0.03383,0.00210,-0.99751,0.05590,0.01491,-0.00692,0.99830,1.00,-0.06211,-0.00662,0.00041,-0.99805,0.05589,-0.01229,-0.00506,0.99835,1.00
19561,0.00,0.00,0.00626,0.01856,0.00587,-0.99979,-0.06244,-0.03372,0.00211,-0.99748,0.05642,0.01482,-0.00702,0.99827,1.00,-0.06263,-0.00651,0.00041,-0.99802,0.05641,-0.01238,-0.00515,0.99832,1.00
19573,0.00,0.00,0.00628,0.01852,0.00595,-0.99979,-0.06238,-0.03273,0.00205,-0.99751,0.05633,0.01386,-0.00703,0.99829,1.00,-0.06256,-0.00551,0.00035,-0.99803,0.05631,-0.01334,-0.00516,0.99831,1.00
19583,0.00,0.00,0.00625,0.01844,0.00599,-0.99979,-0.06234,-0.03265,0.00204,-0.99752,0.05633,0.01386,-0.00707,0.99829,1.00,-0.06252,-0.00544,0.00034,-0.99803,0.05631,-0.01334,-0.00520,0.99831,1.00
19594,0.00,0.00,0.00626,0.01831,0.00602,-0.99979,-0.06056,-0.03248,0.00197,-0.99763,0.05454,0.01383,-0.00707,0.99839,1.00,-0.06074,-0.00528,0.00032,-0.99814,0.05451,-0.01337,-0.00525,0.99841,1.00
19607,0.00,0.00,0.00625,0.01817,0.00610,-0.99980,-0.06052,-0.03277,0.00199,-0.99763,0.05451,0.01426,-0.00717,0.99839,1.00,-0.06069,-0.00557,0.00034,-0.99814,0.05448,-0.01294,-0.00536,0.99842,1.00
19617,0.00,0.00,0.00626,0.01803,0.00607,-0.99980,-0.06053,-0.03263,0.00198,-0.99763,0.05451,0.01426,-0.00715,0.99839,1.00,-0.06070,-0.00543,0.00033,-0.99814,0.05448,-0.01294,-0.00533,0.99842,1.00
19627,0.00,0.00,0.00623,0.01783,0.00606,-0.99980,-0.06198,-0.03270,0.00203,-0.99754,0.05598,0.01452,-0.00718,0.99830,1.00,-0.06215,-0.00550,0.00034,-0.99805,0.05596,-0.01268,-0.00532,0.99834,1.00
19640,0.00,0.00,0.00623,0.01770,0.00606,-0.99981,-0.06197,-0.03254,0.00202,-0.99755,0.05598,0.01449,-0.00717,0.99830,1.00,-0.06214,-0.00533,0.00033,-0.99805,0.05594,-0.01271,-0.00531,0.99834,1.00
19651,0.00,0.00,0.00626,0.01761,0.00607,-0.99981,-0.06200,-0.03245,0.00202,-0.99755,0.05598,0.01449,-0.00718,0.99830,1.00,-0.06217,-0.00525,0.00033,-0.99805,0.05595,-0.01271,-0.00532,0.99834,1.00
19662,0.00,0.00,0.00632,0.01754,0.00607,-0.99981,-0.06204,-0.03373,0.00210,-0.99750,0.05597,0.01584,-0.00728,0.99828,1.00,-0.06222,-0.00652,0.00041,-0.99804,0.05595,-0.01136,-0.00542,0.99835,1.00
19673,0.00,0.00,0.00637,0.01754,0.00611,-0.99981,-0.06205,-0.03469,0.00216,-0.99747,0.05594,0.01680,-0.00738,0.99827,1.00,-0.06224,-0.00749,0.00047,-0.99803,0.05592,-0.01040,-0.00552,0.99837,1.00
19684,0.00,0.00,0.00642,0.01757,0.00611,-0.99981,-0.06210,-0.03472,0.00216,-0.99746,0.05594,0.01680,-0.00739,0.99827,1.00,-0.06229,-0.00752,0.00047,-0.99803,0.05592,-0.01040,-0.00552,0.99837,1.00
19695,0.00,0.00,0.00648,0.01768,0.00617,-0.99980,-0.06177,-0.03497,0.00217,-0.99748,0.05555,0.01694,-0.00745,0.99828,1.00,-0.06195,-0.00777,0.00048,-0.99805,0.05553,-0.01026,-0.00559,0.99839,1.00
19706,0.00,356.61,0.00657,0.01774,0.00626,-0.99980,-0.05871,-0.03367,0.00198,-0.99771,0.05238,0.01558,-0.00740,0.99848,1.00,-0.05887,-0.00648,0.00038,-0.99824,0.05235,-0.01161,-0.00563,0.99855,1.00
19717,0.00,353.17,0.00663,0.01788,0.00632,-0.99980,-0.06054,-0.03381,0.00205,-0.99759,0.05417,0.01556,-0.00750,0.99838,1.00,-0.06072,-0.00661,0.00040,-0.99813,0.05414,-0.01163,-0.00567,0.99845,1.00
19728,0.00,349.92,0.00668,0.01796,0.00641,-0.99980,-0.06059,-0.03389,0.00206,-0.99759,0.05417,0.01557,-0.00759,0.99838,1.00,-0.06077,-0.00669,0.00041,-0.99813,0.05414,-0.01163,-0.00576,0.99845,1.00
19740,0.00,346.56,0.00672,0.01805,0.00642,-0.99979,-0.05980,-0.03451,0.00207,-0.99761,0.05335,0.01610,-0.00762,0.99842,1.00,-0.05998,-0.00732,0.00044,-0.99817,0.05332,-0.01109,-0.00581,0.99850,1.00
19750,0.00,345.00,0.00675,0.01814,0.00638,-0.99979,-0.05983,-0.03459,0.00207,-0.99761,0.05335,0.01610,-0.00759,0.99842,1.00,-0.06000,-0.00740,0.00044,-0.99817,0.05332,-0.01109,-0.00578,0.99850,1.00
19761,0.00,345.00,0.00679,0.01821,0.00636,-0.99979,-0.06053,-0.03476,0.00211,-0.99756,0.05400,0.01619,-0.00759,0.99838,1.00,-0.06071,-0.00756,0.00046,-0.99813,0.05397,-0.01101,-0.00576,0.99847,1.00
19774,0.00,345.00,0.00691,0.01822,0.00640,-0.99979,-0.06155,-0.03503,0.00216,-0.99749,0.05490,0.01644,-0.00767,0.99833,1.00,-0.06173,-0.00783,0.00048,-0.99806,0.05488,-0.01076,-0.00580,0.99842,1.00
19784,0.00,345.00,0.00702,0.01827,0.00640,-0.99979,-0.06165,-0.03508,0.00217,-0.99748,0.05490,0.01644,-0.00767,0.99833,1.00,-0.06183,-0.00788,0.00049,-0.99806,0.05488,-0.01076,-0.00580,0.99842,1.00
19795,0.00,345.00,0.00711,0.01831,0.00645,-0.99979,-0.06228,-0.03460,0.00216,-0.99746,0.05543,0.01590,-0.00770,0.99831,1.00,-0.06246,-0.00739,0.00046,-0.99802,0.05540,-0.01130,-0.00581,0.99838,1.00
19807,0.00,345.00,0.00716,0.01833,0.00642,-0.99979,-0.06161,-0.03384,0.00209,-0.99752,0.05471,0.01514,-0.00760,0.99836,1.00,-0.06178,-0.00664,0.00041,-0.99807,0.05467,-0.01206,-0.00573,0.99842,1.00
19818,0.00,345.00,0.00722,0.01833,0.00640,-0.99979,-0.06183,-0.03377,0.00209,-0.99751,0.05487,0.01507,-0.00758,0.99835,1.00,-0.06200,-0.00657,0.00041,-0.99805,0.05483,-0.01213,-0.00570,0.99841,1.00
19829,0.00,345.00,0.00725,0.01835,0.00641,-0.99978,-0.06186,-0.03379,0.00210,-0.99751,0.05487,0.01507,-0.00760,0.99835,1.00,-0.06203,-0.00658,0.00041,-0.99805,0.05483,-0.01213,-0.00571,0.99841,1.00
19841,0.00,345.00,0.00727,0.01835,0.00639,-0.99978,-0.06178,-0.03374,0.00209,-0.99752,0.05477,0.01502,-0.00757,0.99836,1.00,-0.06195,-0.00653,0.00041,-0.99806,0.05473,-0.01218,-0.00569,0.99841,1.00
19851,0.00,345.00,0.00725,0.01833,0.00643,-0.99979,-0.06176,-0.03372,0.00209,-0.99752,0.05477,0.01502,-0.00762,0.99836,1.00,-0.06193,-0.00652,0.00040,-0.99806,0.05473,-0.01218,-0.00574,0.99841,1.00
19863,0.00,345.00,0.00721,0.01834,0.00652,-0.99978,-0.06166,-0.03259,0.00201,-0.99756,0.05470,0.01386,-0.00762,0.99838,1.00,-0.06183,-0.00538,0.00033,-0.99807,0.05465,-0.01334,-0.00575,0.99840,1.00
19874,0.00,345.00,0.00714,0.01832,0.00667,-0.99978,-0.06174,-0.03257,0.00202,-0.99756,0.05486,0.01385,-0.00777,0.99837,1.00,-0.06191,-0.00536,0.00033,-0.99807,0.05482,-0.01335,-0.00589,0.99839,1.00
19884,0.00,345.00,0.00697,0.01834,0.00688,-0.99978,-0.06156,-0.03261,0.00201,-0.99757,0.05486,0.01386,-0.00797,0.99837,1.00,-0.06174,-0.00540,0.00033,-0.99808,0.05482,-0.01334,-0.00610,0.99839,1.00
19895,0.00,345.00,0.00680,0.01833,0.00700,-0.99978,-0.05930,-0.03257,0.00194,-0.99771,0.05278,0.01385,-0.00806,0.99848,1.00,-0.05948,-0.00538,0.00032,-0.99821,0.05273,-0.01334,-0.00626,0.99850,1.00
19907,0.00,345.00,0.00660,0.01832,0.00700,-0.99979,-0.05847,-0.00912,0.00053,-0.99825,0.05194,-0.00958,-0.00651,0.99858,1.00,-0.05846,0.01809,-0.00106,-0.99813,0.05171,-0.03677,-0.00474,0.99797,1.00
19918,0.00,345.00,0.00644,0.01826,0.00702,-0.99979,-0.05853,0.05024,-0.00295,-0.99702,0.05168,-0.06882,-0.00266,0.99629,1.00,-0.05804,0.07718,-0.00450,-0.99532,0.05099,-0.09571,-0.00093,0.99410,1.00
19929,0.00,345.00,0.00628,0.01817,0.00697,-0.99979,-0.05836,0.05033,-0.00295,-0.99702,0.05168,-0.06883,-0.00263,0.99629,1.00,-0.05787,0.07727,-0.00449,-0.99532,0.05099,-0.09572,-0.00091,0.99410,1.00
19940,0.00,345.00,0.00621,0.01812,0.00693,-0.99979,-0.05916,0.08769,-0.00522,-0.99438,0.05226,-0.10607,-0.00006,0.99298,1.00,-0.05836,0.11422,-0.00672,-0.99172,0.05127,-0.13253,0.00161,0.98985,1.00
19951,0.00,345.00,0.00613,0.01799,0.00698,-0.99980,-0.06033,0.09606,-0.00583,-0.99353,0.05345,-0.11429,0.00057,0.99201,1.00,-0.05945,0.12248,-0.00735,-0.99066,0.05238,-0.14064,0.00225,0.98867,1.00
19963,0.00,345.00,0.00611,0.01789,0.00691,-0.99980,-0.06030,0.09616,-0.00584,-0.99352,0.05344,-0.11430,0.00064,0.99201,1.00,-0.05942,0.12258,-0.00735,-0.99065,0.05237,-0.14064,0.00232,0.98867,1.00
19974,0.00,345.00,0.00603,0.01786,0.00689,-0.99980,-0.06053,0.10098,-0.00616,-0.99303,0.05372,-0.11908,0.00100,0.99143,1.00,-0.05961,0.12733,-0.00767,-0.99004,0.05261,-0.14535,0.00268,0.98798,1.00
19985,0.00,345.00,0.00602,0.01783,0.00681,-0.99980,-0.06047,0.10115,-0.00616,-0.99301,0.05368,-0.11921,0.00108,0.99142,1.00,-0.05954,0.12749,-0.00767,-0.99002,0.05257,-0.14548,0.00275,0.98796,1.00
19997,0.00,345.00,0.00597,0.01788,0.00678,-0.99980,-0.06041,0.10110,-0.00615,-0.99302,0.05368,-0.11921,0.00111,0.99142,1.00,-0.05949,0.12745,-0.00766,-0.99003,0.05256,-0.14548,0.00277,0.98796,1.00
20007,0.00,345.00,0.00593,0.01796,0.00668,-0.99980,-0.05977,0.10079,-0.00607,-0.99309,0.05309,-0.11897,0.00110,0.99148,1.00,-0.05885,0.12714,-0.00756,-0.99011,0.05199,-0.14524,0.00275,0.98803,1.00
