Time_ms,HeadRotX,HeadRotY,HeadRotZ,HeadRotW,LeftLocalRotX,LeftLocalRotY,LeftLocalRotZ,LeftLocalRotW,LeftWorldRotX,LeftWorldRotY,LeftWorldRotZ,LeftWorldRotW,LeftConfidence,RightLocalRotX,RightLocalRotY,RightLocalRotZ,RightLocalRotW,RightWorldRotX,RightWorldRotY,RightWorldRotZ,RightWorldRotW,RightConfidence
0,-0.05992,0.01932,-0.01880,0.99784,0.00388,-0.00877,0.00003,0.99995,-0.05621,0.01050,-0.01832,0.99820,1.00,0.00387,-0.03581,0.00014,0.99935,-0.05669,-0.01649,-0.01658,0.99812,1.00
333,-0.05970,0.01768,-0.02052,0.99785,-0.02231,-0.02487,-0.00056,0.99944,-0.08246,-0.00672,-0.01919,0.99639,1.00,-0.02224,-0.05186,-0.00116,0.99841,-0.08289,-0.03371,-0.01816,0.99582,1.00
345,-0.05868,0.01751,-0.02041,0.99792,-0.02335,-0.02471,-0.00058,0.99942,-0.08246,-0.00671,-0.01911,0.99639,1.00,-0.02328,-0.05170,-0.00121,0.99839,-0.08289,-0.03370,-0.01814,0.99582,1.00
355,-0.05765,0.01741,-0.02030,0.99798,-0.02400,-0.02257,-0.00054,0.99946,-0.08204,-0.00467,-0.01912,0.99644,1.00,-0.02393,-0.04958,-0.00119,0.99848,-0.08247,-0.03167,-0.01818,0.99592,1.00
366,-0.05668,0.01731,-0.02010,0.99804,-0.02498,-0.02247,-0.00056,0.99944,-0.08204,-0.00465,-0.01895,0.99644,1.00,-0.02491,-0.04948,-0.00123,0.99846,-0.08247,-0.03166,-0.01807,0.99593,1.00
377,-0.05599,0.01731,-0.01987,0.99808,-0.02567,-0.02246,-0.00058,0.99942,-0.08204,-0.00463,-0.01873,0.99644,1.00,-0.02562,-0.04947,-0.00127,0.99845,-0.08248,-0.03165,-0.01789,0.99593,1.00
388,-0.05550,0.01734,-0.01978,0.99811,-0.02454,-0.02249,-0.00055,0.99945,-0.08041,-0.00467,-0.01865,0.99658,1.00,-0.02446,-0.04950,-0.00121,0.99847,-0.08083,-0.03168,-0.01779,0.99607,1.00
400,-0.05519,0.01741,-0.01979,0.99813,-0.02484,-0.02257,-0.00056,0.99944,-0.08041,-0.00467,-0.01866,0.99658,1.00,-0.02476,-0.04958,-0.00123,0.99846,-0.08083,-0.03168,-0.01782,0.99607,1.00
411,-0.05508,0.01761,-0.01983,0.99813,-0.02494,-0.02278,-0.00057,0.99943,-0.08041,-0.00467,-0.01869,0.99658,1.00,-0.02486,-0.04979,-0.00124,0.99845,-0.08082,-0.03169,-0.01786,0.99606,1.00
422,-0.05516,0.01786,-0.01986,0.99812,-0.02545,-0.02388,-0.00061,0.99939,-0.08101,-0.00551,-0.01868,0.99652,1.00,-0.02534,-0.05089,-0.00129,0.99838,-0.08139,-0.03253,-0.01786,0.99599,1.00
434,-0.05531,0.01821,-0.01965,0.99811,-0.02529,-0.02420,-0.00061,0.99939,-0.08101,-0.00549,-0.01845,0.99653,1.00,-0.02519,-0.05121,-0.00129,0.99837,-0.08140,-0.03251,-0.01761,0.99600,1.00
445,-0.05554,0.01862,-0.01926,0.99810,-0.02507,-0.02456,-0.00062,0.99938,-0.08101,-0.00546,-0.01803,0.99654,1.00,-0.02500,-0.05157,-0.00129,0.99836,-0.08141,-0.03248,-0.01719,0.99600,1.00
456,-0.05583,0.01894,-0.01874,0.99808,-0.02419,-0.02244,-0.00054,0.99946,-0.08037,-0.00304,-0.01756,0.99661,1.00,-0.02414,-0.04946,-0.00120,0.99848,-0.08079,-0.03006,-0.01669,0.99614,1.00
467,-0.05626,0.01910,-0.01829,0.99807,-0.02377,-0.02255,-0.00054,0.99946,-0.08037,-0.00301,-0.01710,0.99661,1.00,-0.02375,-0.04956,-0.00118,0.99849,-0.08080,-0.03002,-0.01620,0.99615,1.00
479,-0.05674,0.01915,-0.01819,0.99804,-0.02329,-0.02257,-0.00053,0.99947,-0.08037,-0.00300,-0.01698,0.99662,1.00,-0.02328,-0.04959,-0.00116,0.99850,-0.08081,-0.03001,-0.01605,0.99615,1.00
490,-0.05697,0.01925,-0.01820,0.99802,-0.02299,-0.00658,-0.00015,0.99971,-0.08002,0.01308,-0.01753,0.99655,1.00,-0.02299,-0.03366,-0.00077,0.99917,-0.08049,-0.01399,-0.01660,0.99652,1.00
501,-0.05730,0.01917,-0.01835,0.99800,-0.02266,-0.00652,-0.00015,0.99972,-0.08002,0.01307,-0.01768,0.99655,1.00,-0.02265,-0.03359,-0.00076,0.99918,-0.08049,-0.01400,-0.01673,0.99652,1.00
512,-0.05792,0.01911,-0.01833,0.99797,-0.02204,-0.00645,-0.00014,0.99974,-0.08002,0.01307,-0.01767,0.99655,1.00,-0.02203,-0.03352,-0.00074,0.99920,-0.08049,-0.01399,-0.01669,0.99652,1.00
523,-0.05833,0.01903,-0.01826,0.99795,-0.02107,-0.00591,-0.00012,0.99976,-0.07945,0.01351,-0.01764,0.99659,1.00,-0.02103,-0.03297,-0.00069,0.99923,-0.07989,-0.01355,-0.01662,0.99657,1.00
534,-0.05851,0.01907,-0.01838,0.99794,-0.02089,-0.00595,-0.00012,0.99976,-0.07945,0.01350,-0.01775,0.99659,1.00,-0.02084,-0.03302,-0.00069,0.99924,-0.07988,-0.01356,-0.01672,0.99657,1.00
545,-0.05842,0.01921,-0.01857,0.99793,-0.02097,-0.00611,-0.00013,0.99976,-0.07945,0.01349,-0.01793,0.99659,1.00,-0.02092,-0.03318,-0.00069,0.99923,-0.07988,-0.01357,-0.01691,0.99657,1.00
557,-0.05805,0.01926,-0.01876,0.99795,-0.02116,-0.00610,-0.00013,0.99976,-0.07927,0.01356,-0.01812,0.99660,1.00,-0.02109,-0.03317,-0.00070,0.99923,-0.07968,-0.01350,-0.01711,0.99658,1.00
568,-0.05758,0.01941,-0.01906,0.99797,-0.02163,-0.00628,-0.00014,0.99975,-0.07927,0.01354,-0.01841,0.99659,1.00,-0.02154,-0.03335,-0.00072,0.99921,-0.07968,-0.01352,-0.01742,0.99658,1.00
579,-0.05699,0.01954,-0.01947,0.99799,-0.02222,-0.00646,-0.00014,0.99973,-0.07928,0.01351,-0.01880,0.99658,1.00,-0.02211,-0.03353,-0.00074,0.99919,-0.07967,-0.01356,-0.01785,0.99657,1.00
590,-0.05631,0.01975,-0.01987,0.99802,-0.02421,-0.00857,-0.00021,0.99967,-0.08063,0.01166,-0.01911,0.99649,1.00,-0.02407,-0.03564,-0.00086,0.99907,-0.08101,-0.01541,-0.01822,0.99643,1.00
601,-0.05554,0.01986,-0.02018,0.99806,-0.02498,-0.00873,-0.00022,0.99965,-0.08063,0.01163,-0.01941,0.99649,1.00,-0.02483,-0.03580,-0.00089,0.99905,-0.08100,-0.01544,-0.01857,0.99642,1.00
613,-0.05491,0.02005,-0.02040,0.99808,-0.02560,-0.00896,-0.00023,0.99963,-0.08063,0.01161,-0.01962,0.99648,1.00,-0.02544,-0.03603,-0.00092,0.99903,-0.08100,-0.01546,-0.01881,0.99642,1.00
624,-0.05454,0.02020,-0.02051,0.99810,-0.02396,-0.00674,-0.00016,0.99969,-0.07857,0.01395,-0.01982,0.99661,1.00,-0.02383,-0.03382,-0.00081,0.99914,-0.07898,-0.01312,-0.01898,0.99661,1.00
635,-0.05423,0.02021,-0.02052,0.99811,-0.02426,-0.00676,-0.00016,0.99968,-0.07857,0.01395,-0.01982,0.99661,1.00,-0.02413,-0.03384,-0.00082,0.99914,-0.07898,-0.01312,-0.01900,0.99661,1.00
646,-0.05399,0.02025,-0.02048,0.99813,-0.02415,-0.00994,-0.00024,0.99966,-0.07828,0.01080,-0.01968,0.99668,1.00,-0.02405,-0.03700,-0.00089,0.99903,-0.07871,-0.01626,-0.01886,0.99659,1.00
657,-0.05362,0.02019,-0.02037,0.99815,-0.02452,-0.00988,-0.00024,0.99965,-0.07828,0.01081,-0.01958,0.99668,1.00,-0.02443,-0.03694,-0.00090,0.99902,-0.07872,-0.01625,-0.01878,0.99659,1.00
668,-0.05311,0.02013,-0.02043,0.99818,-0.02503,-0.00983,-0.00025,0.99964,-0.07828,0.01081,-0.01964,0.99668,1.00,-0.02493,-0.03689,-0.00092,0.99901,-0.07871,-0.01626,-0.01887,0.99659,1.00
679,-0.05256,0.02000,-0.02041,0.99821,-0.02558,-0.00971,-0.00025,0.99963,-0.07828,0.01081,-0.01963,0.99668,1.00,-0.02548,-0.03677,-0.00094,0.99900,-0.07871,-0.01626,-0.01888,0.99659,1.00
690,-0.05200,0.01996,-0.02033,0.99824,-0.03922,-0.01652,-0.00065,0.99909,-0.09145,0.00421,-0.01931,0.99561,1.00,-0.03906,-0.04360,-0.00171,0.99828,-0.09182,-0.02289,-0.01895,0.99533,1.00
702,-0.05153,0.01987,-0.02036,0.99827,-0.03968,-0.01645,-0.00065,0.99908,-0.09145,0.00421,-0.01936,0.99561,1.00,-0.03952,-0.04353,-0.00172,0.99827,-0.09182,-0.02290,-0.01901,0.99533,1.00
713,-0.05112,0.01978,-0.02045,0.99829,-0.04010,-0.01638,-0.00066,0.99906,-0.09145,0.00420,-0.01946,0.99561,1.00,-0.03993,-0.04346,-0.00174,0.99826,-0.09182,-0.02291,-0.01914,0.99533,1.00
724,-0.05094,0.01972,-0.02060,0.99829,-0.04010,-0.01636,-0.00066,0.99906,-0.09127,0.00416,-0.01961,0.99562,1.00,-0.03993,-0.04344,-0.00174,0.99826,-0.09164,-0.02295,-0.01930,0.99534,1.00
735,-0.05094,0.01958,-0.02063,0.99830,-0.04010,-0.01622,-0.00065,0.99906,-0.09127,0.00416,-0.01964,0.99562,1.00,-0.03993,-0.04330,-0.00173,0.99826,-0.09164,-0.02295,-0.01933,0.99534,1.00
746,-0.05107,0.01948,-0.02068,0.99829,-0.03997,-0.01613,-0.00065,0.99907,-0.09127,0.00415,-0.01971,0.99562,1.00,-0.03979,-0.04321,-0.00172,0.99827,-0.09164,-0.02296,-0.01939,0.99534,1.00
757,-0.05116,0.01946,-0.02087,0.99828,-0.04019,-0.01583,-0.00064,0.99907,-0.09157,0.00445,-0.01990,0.99559,1.00,-0.04000,-0.04291,-0.00172,0.99828,-0.09193,-0.02266,-0.01958,0.99532,1.00
769,-0.05129,0.01953,-0.02117,0.99827,-0.04005,-0.01593,-0.00064,0.99907,-0.09157,0.00442,-0.02019,0.99558,1.00,-0.03985,-0.04301,-0.00172,0.99828,-0.09192,-0.02269,-0.01986,0.99531,1.00
780,-0.05144,0.01951,-0.02135,0.99826,-0.04102,-0.01587,-0.00065,0.99903,-0.09268,0.00449,-0.02036,0.99548,1.00,-0.04082,-0.04296,-0.00176,0.99824,-0.09304,-0.02262,-0.02006,0.99520,1.00
791,-0.05156,0.01956,-0.02146,0.99825,-0.04089,-0.01592,-0.00065,0.99904,-0.09268,0.00448,-0.02047,0.99548,1.00,-0.04069,-0.04301,-0.00175,0.99824,-0.09304,-0.02263,-0.02016,0.99520,1.00
802,-0.05170,0.01964,-0.02160,0.99824,-0.04075,-0.01602,-0.00065,0.99904,-0.09268,0.00447,-0.02060,0.99547,1.00,-0.04053,-0.04311,-0.00175,0.99825,-0.09304,-0.02264,-0.02028,0.99520,1.00
813,-0.05180,0.01976,-0.02169,0.99823,-0.04149,-0.01638,-0.00068,0.99900,-0.09354,0.00425,-0.02068,0.99539,1.00,-0.04130,-0.04346,-0.00180,0.99820,-0.09391,-0.02286,-0.02038,0.99511,1.00
824,-0.05191,0.01989,-0.02178,0.99822,-0.04138,-0.01652,-0.00068,0.99901,-0.09354,0.00424,-0.02076,0.99539,1.00,-0.04118,-0.04361,-0.00180,0.99820,-0.09391,-0.02287,-0.02045,0.99511,1.00
836,-0.05194,0.02009,-0.02185,0.99821,-0.04134,-0.01673,-0.00069,0.99900,-0.09354,0.00424,-0.02082,0.99539,1.00,-0.04114,-0.04382,-0.00181,0.99819,-0.09391,-0.02288,-0.02051,0.99511,1.00
847,-0.05195,0.02024,-0.02188,0.99820,-0.04162,-0.01671,-0.00070,0.99899,-0.09382,0.00441,-0.02084,0.99536,1.00,-0.04143,-0.04380,-0.00182,0.99818,-0.09421,-0.02271,-0.02054,0.99508,1.00
858,-0.05197,0.02038,-0.02181,0.99820,-0.04160,-0.01685,-0.00070,0.99899,-0.09382,0.00442,-0.02076,0.99536,1.00,-0.04142,-0.04393,-0.00182,0.99817,-0.09421,-0.02270,-0.02046,0.99508,1.00
869,-0.05197,0.02050,-0.02163,0.99820,-0.04160,-0.01694,-0.00071,0.99899,-0.09382,0.00443,-0.02058,0.99537,1.00,-0.04143,-0.04403,-0.00183,0.99817,-0.09422,-0.02268,-0.02028,0.99509,1.00
880,-0.05192,0.02059,-0.02151,0.99821,-0.04165,-0.01702,-0.00071,0.99899,-0.09382,0.00445,-0.02045,0.99537,1.00,-0.04149,-0.04410,-0.00183,0.99816,-0.09422,-0.02267,-0.02015,0.99509,1.00
891,-0.05183,0.02073,-0.02133,0.99821,-0.04134,-0.01675,-0.00069,0.99900,-0.09342,0.00483,-0.02028,0.99541,1.00,-0.04120,-0.04383,-0.00181,0.99819,-0.09383,-0.02228,-0.01998,0.99514,1.00
902,-0.05171,0.02072,-0.02118,0.99822,-0.04147,-0.01672,-0.00069,0.99900,-0.09341,0.00485,-0.02013,0.99541,1.00,-0.04133,-0.04381,-0.00181,0.99818,-0.09383,-0.02227,-0.01983,0.99514,1.00
914,-0.05157,0.02069,-0.02105,0.99823,-0.04113,-0.01752,-0.00072,0.99900,-0.09297,0.00401,-0.01999,0.99546,1.00,-0.04099,-0.04460,-0.00183,0.99816,-0.09337,-0.02310,-0.01969,0.99517,1.00
924,-0.05136,0.02073,-0.02107,0.99824,-0.04135,-0.01756,-0.00073,0.99899,-0.09297,0.00401,-0.02002,0.99546,1.00,-0.04120,-0.04464,-0.00184,0.99815,-0.09337,-0.02310,-0.01973,0.99517,1.00
935,-0.05121,0.02071,-0.02107,0.99825,-0.04150,-0.01754,-0.00073,0.99898,-0.09297,0.00401,-0.02002,0.99546,1.00,-0.04135,-0.04462,-0.00185,0.99815,-0.09337,-0.02310,-0.01974,0.99517,1.00
947,-0.05109,0.02067,-0.02117,0.99826,-0.04064,-0.01777,-0.00072,0.99902,-0.09201,0.00373,-0.02012,0.99555,1.00,-0.04048,-0.04485,-0.00182,0.99817,-0.09239,-0.02337,-0.01982,0.99525,1.00
958,-0.05101,0.02061,-0.02118,0.99826,-0.04073,-0.01772,-0.00072,0.99901,-0.09201,0.00373,-0.02013,0.99555,1.00,-0.04056,-0.04480,-0.00182,0.99817,-0.09239,-0.02338,-0.01983,0.99525,1.00
969,-0.05082,0.02056,-0.02123,0.99827,-0.04092,-0.01768,-0.00072,0.99901,-0.09201,0.00372,-0.02020,0.99555,1.00,-0.04074,-0.04476,-0.00183,0.99817,-0.09239,-0.02338,-0.01991,0.99525,1.00
980,-0.05081,0.02057,-0.02125,0.99827,-0.03986,-0.01767,-0.00071,0.99905,-0.09094,0.00371,-0.02022,0.99564,1.00,-0.03969,-0.04475,-0.00178,0.99821,-0.09132,-0.02339,-0.01990,0.99535,1.00
991,-0.05082,0.02059,-0.02134,0.99827,-0.03985,-0.01771,-0.00071,0.99905,-0.09094,0.00371,-0.02030,0.99564,1.00,-0.03967,-0.04478,-0.00178,0.99821,-0.09132,-0.02340,-0.01998,0.99535,1.00
1003,-0.05082,0.02067,-0.02153,0.99826,-0.03984,-0.01781,-0.00071,0.99905,-0.09094,0.00369,-0.02049,0.99564,1.00,-0.03966,-0.04489,-0.00178,0.99820,-0.09132,-0.02341,-0.02018,0.99534,1.00
1013,-0.05074,0.02083,-0.02190,0.99825,-0.04036,-0.01820,-0.00074,0.99902,-0.09139,0.00349,-0.02085,0.99559,1.00,-0.04016,-0.04528,-0.00182,0.99817,-0.09176,-0.02362,-0.02054,0.99529,1.00
1024,-0.05063,0.02094,-0.02205,0.99825,-0.04046,-0.01833,-0.00074,0.99901,-0.09139,0.00347,-0.02100,0.99559,1.00,-0.04025,-0.04541,-0.00183,0.99816,-0.09176,-0.02363,-0.02070,0.99529,1.00
1036,-0.05058,0.02108,-0.02201,0.99825,-0.04051,-0.01846,-0.00075,0.99901,-0.09139,0.00348,-0.02094,0.99559,1.00,-0.04030,-0.04554,-0.00184,0.99815,-0.09176,-0.02363,-0.02065,0.99529,1.00
1047,-0.05055,0.02112,-0.02200,0.99826,-0.04292,-0.01607,-0.00069,0.99895,-0.09370,0.00597,-0.02095,0.99536,1.00,-0.04273,-0.04316,-0.00185,0.99815,-0.09410,-0.02116,-0.02072,0.99512,1.00
1058,-0.05051,0.02120,-0.02200,0.99826,-0.04296,-0.01615,-0.00069,0.99895,-0.09370,0.00597,-0.02095,0.99536,1.00,-0.04277,-0.04324,-0.00185,0.99815,-0.09410,-0.02116,-0.02072,0.99512,1.00
1069,-0.05051,0.02123,-0.02194,0.99826,-0.04296,-0.01617,-0.00070,0.99895,-0.09370,0.00597,-0.02088,0.99536,1.00,-0.04277,-0.04326,-0.00185,0.99815,-0.09410,-0.02115,-0.02066,0.99512,1.00
1081,-0.05058,0.02119,-0.02184,0.99826,-0.04289,-0.01611,-0.00069,0.99895,-0.09370,0.00598,-0.02078,0.99537,1.00,-0.04271,-0.04321,-0.00185,0.99815,-0.09410,-0.02114,-0.02056,0.99513,1.00
1091,-0.05069,0.02105,-0.02180,0.99826,-0.04455,-0.01792,-0.00080,0.99885,-0.09550,0.00407,-0.02072,0.99521,1.00,-0.04436,-0.04501,-0.00200,0.99800,-0.09589,-0.02306,-0.02053,0.99491,1.00
1102,-0.05086,0.02094,-0.02182,0.99825,-0.04437,-0.01781,-0.00079,0.99886,-0.09550,0.00406,-0.02075,0.99520,1.00,-0.04419,-0.04490,-0.00199,0.99801,-0.09589,-0.02306,-0.02055,0.99491,1.00
1114,-0.05100,0.02077,-0.02183,0.99824,-0.04446,-0.02204,-0.00098,0.99877,-0.09582,-0.00034,-0.02074,0.99518,1.00,-0.04424,-0.04911,-0.00218,0.99781,-0.09617,-0.02744,-0.02053,0.99477,1.00
1125,-0.05104,0.02057,-0.02179,0.99825,-0.04442,-0.02183,-0.00097,0.99877,-0.09582,-0.00033,-0.02070,0.99518,1.00,-0.04421,-0.04890,-0.00217,0.99782,-0.09617,-0.02744,-0.02050,0.99478,1.00
1136,-0.05102,0.02045,-0.02170,0.99825,-0.04445,-0.02170,-0.00097,0.99878,-0.09582,-0.00032,-0.02062,0.99519,1.00,-0.04424,-0.04877,-0.00216,0.99783,-0.09617,-0.02743,-0.02042,0.99478,1.00
1147,-0.05105,0.02036,-0.02160,0.99825,-0.04462,-0.02212,-0.00099,0.99876,-0.09603,-0.00082,-0.02052,0.99517,1.00,-0.04442,-0.04918,-0.00219,0.99780,-0.09639,-0.02793,-0.02032,0.99474,1.00
1158,-0.05099,0.02028,-0.02167,0.99826,-0.04469,-0.02204,-0.00099,0.99876,-0.09603,-0.00083,-0.02060,0.99516,1.00,-0.04448,-0.04911,-0.00219,0.99780,-0.09638,-0.02794,-0.02040,0.99474,1.00
1170,-0.05092,0.02018,-0.02169,0.99826,-0.04475,-0.02195,-0.00098,0.99876,-0.09603,-0.00083,-0.02062,0.99516,1.00,-0.04454,-0.04902,-0.00219,0.99780,-0.09638,-0.02794,-0.02043,0.99474,1.00
1181,-0.05076,0.02018,-0.02175,0.99827,-0.04460,-0.02277,-0.00102,0.99875,-0.09573,-0.00166,-0.02069,0.99519,1.00,-0.04437,-0.04983,-0.00222,0.99777,-0.09607,-0.02876,-0.02049,0.99475,1.00
1192,-0.05060,0.02015,-0.02177,0.99828,-0.04476,-0.02274,-0.00102,0.99874,-0.09573,-0.00166,-0.02071,0.99519,1.00,-0.04453,-0.04981,-0.00222,0.99776,-0.09607,-0.02876,-0.02052,0.99475,1.00
1203,-0.05052,0.02013,-0.02168,0.99828,-0.04484,-0.02272,-0.00102,0.99874,-0.09573,-0.00165,-0.02062,0.99519,1.00,-0.04462,-0.04978,-0.00223,0.99776,-0.09607,-0.02876,-0.02044,0.99475,1.00
1214,-0.05042,0.02013,-0.02152,0.99829,-0.04475,-0.02289,-0.00103,0.99874,-0.09554,-0.00184,-0.02047,0.99521,1.00,-0.04454,-0.04996,-0.00223,0.99776,-0.09589,-0.02895,-0.02029,0.99476,1.00
1225,-0.05044,0.02011,-0.02119,0.99830,-0.04473,-0.02283,-0.00102,0.99874,-0.09554,-0.00181,-0.02013,0.99522,1.00,-0.04454,-0.04990,-0.00223,0.99776,-0.09590,-0.02892,-0.01995,0.99477,1.00
1236,-0.05058,0.02009,-0.02109,0.99829,-0.04460,-0.02280,-0.00102,0.99874,-0.09554,-0.00180,-0.02003,0.99522,1.00,-0.04441,-0.04986,-0.00222,0.99777,-0.09590,-0.02891,-0.01985,0.99477,1.00
1248,-0.05058,0.02018,-0.02110,0.99829,-0.04440,-0.02239,-0.00100,0.99876,-0.09534,-0.00131,-0.02004,0.99524,1.00,-0.04420,-0.04946,-0.00219,0.99780,-0.09569,-0.02842,-0.01985,0.99481,1.00
1259,-0.05067,0.02025,-0.02120,0.99829,-0.04431,-0.02247,-0.00100,0.99876,-0.09534,-0.00132,-0.02013,0.99524,1.00,-0.04411,-0.04954,-0.00219,0.99780,-0.09569,-0.02843,-0.01993,0.99481,1.00
1270,-0.05065,0.02039,-0.02131,0.99828,-0.04432,-0.02263,-0.00100,0.99876,-0.09534,-0.00133,-0.02024,0.99524,1.00,-0.04411,-0.04970,-0.00220,0.99779,-0.09568,-0.02844,-0.02004,0.99480,1.00
1281,-0.05071,0.02051,-0.02134,0.99827,-0.04262,-0.02272,-0.00097,0.99883,-0.09371,-0.00133,-0.02026,0.99539,1.00,-0.04241,-0.04978,-0.00212,0.99786,-0.09405,-0.02843,-0.02002,0.99496,1.00
1292,-0.05074,0.02065,-0.02137,0.99827,-0.04259,-0.02286,-0.00097,0.99883,-0.09371,-0.00133,-0.02028,0.99539,1.00,-0.04238,-0.04992,-0.00212,0.99785,-0.09405,-0.02843,-0.02004,0.99496,1.00
1303,-0.05077,0.02075,-0.02139,0.99827,-0.04256,-0.02296,-0.00098,0.99883,-0.09371,-0.00133,-0.02029,0.99539,1.00,-0.04235,-0.05002,-0.00212,0.99785,-0.09405,-0.02843,-0.02004,0.99496,1.00
1314,-0.05089,0.02079,-0.02137,0.99826,-0.04244,-0.02300,-0.00098,0.99883,-0.09371,-0.00133,-0.02026,0.99539,1.00,-0.04223,-0.05006,-0.00212,0.99785,-0.09405,-0.02843,-0.02001,0.99496,1.00
1325,-0.05101,0.02083,-0.02134,0.99825,-0.04240,-0.02346,-0.00100,0.99882,-0.09380,-0.00176,-0.02023,0.99538,1.00,-0.04219,-0.05052,-0.00214,0.99783,-0.09414,-0.02885,-0.01997,0.99494,1.00
1336,-0.05116,0.02090,-0.02153,0.99824,-0.04224,-0.02355,-0.00100,0.99883,-0.09380,-0.00178,-0.02041,0.99538,1.00,-0.04202,-0.05061,-0.00213,0.99783,-0.09413,-0.02887,-0.02014,0.99494,1.00
1348,-0.05123,0.02103,-0.02174,0.99823,-0.04274,-0.02349,-0.00101,0.99881,-0.09436,-0.00157,-0.02062,0.99532,1.00,-0.04251,-0.05055,-0.00215,0.99781,-0.09469,-0.02866,-0.02036,0.99489,1.00
1358,-0.05114,0.02120,-0.02200,0.99822,-0.04281,-0.02370,-0.00102,0.99880,-0.09436,-0.00159,-0.02086,0.99532,1.00,-0.04257,-0.05076,-0.00217,0.99780,-0.09469,-0.02869,-0.02061,0.99488,1.00
1369,-0.05109,0.02136,-0.02205,0.99822,-0.04287,-0.02386,-0.00102,0.99880,-0.09436,-0.00159,-0.02091,0.99532,1.00,-0.04262,-0.05092,-0.00217,0.99779,-0.09468,-0.02869,-0.02066,0.99488,1.00
1380,-0.05098,0.02146,-0.02212,0.99822,-0.04316,-0.02342,-0.00101,0.99879,-0.09455,-0.00104,-0.02099,0.99530,1.00,-0.04293,-0.05048,-0.00217,0.99780,-0.09488,-0.02814,-0.02075,0.99487,1.00
1392,-0.05096,0.02166,-0.02217,0.99822,-0.04318,-0.02362,-0.00102,0.99879,-0.09455,-0.00104,-0.02102,0.99530,1.00,-0.04294,-0.05068,-0.00218,0.99779,-0.09488,-0.02814,-0.02078,0.99487,1.00
1403,-0.05085,0.02174,-0.02206,0.99823,-0.04329,-0.02369,-0.00103,0.99878,-0.09455,-0.00103,-0.02091,0.99530,1.00,-0.04305,-0.05075,-0.00219,0.99778,-0.09489,-0.02813,-0.02068,0.99488,1.00
1414,-0.05081,0.02186,-0.02213,0.99822,-0.04329,-0.02341,-0.00101,0.99879,-0.09450,-0.00063,-0.02098,0.99530,1.00,-0.04307,-0.05047,-0.00218,0.99779,-0.09486,-0.02772,-0.02075,0.99489,1.00
1425,-0.05067,0.02200,-0.02217,0.99823,-0.04343,-0.02355,-0.00102,0.99878,-0.09450,-0.00063,-0.02102,0.99530,1.00,-0.04321,-0.05061,-0.00219,0.99778,-0.09485,-0.02773,-0.02080,0.99489,1.00
1436,-0.05054,0.02213,-0.02224,0.99823,-0.04355,-0.02369,-0.00103,0.99877,-0.09450,-0.00063,-0.02108,0.99530,1.00,-0.04332,-0.05076,-0.00220,0.99777,-0.09485,-0.02774,-0.02086,0.99489,1.00
1447,-0.05033,0.02225,-0.02218,0.99824,-0.04439,-0.02411,-0.00107,0.99872,-0.09513,-0.00091,-0.02102,0.99524,1.00,-0.04417,-0.05117,-0.00227,0.99771,-0.09548,-0.02802,-0.02083,0.99482,1.00
1458,-0.05009,0.02228,-0.02202,0.99825,-0.04463,-0.02413,-0.00108,0.99871,-0.09513,-0.00090,-0.02087,0.99525,1.00,-0.04441,-0.05119,-0.00228,0.99770,-0.09549,-0.02800,-0.02069,0.99482,1.00
1469,-0.04991,0.02233,-0.02194,0.99826,-0.04481,-0.02417,-0.00108,0.99870,-0.09513,-0.00089,-0.02079,0.99525,1.00,-0.04460,-0.05123,-0.00229,0.99769,-0.09549,-0.02800,-0.02062,0.99482,1.00
1481,-0.04979,0.02230,-0.02175,0.99827,-0.04494,-0.02411,-0.00108,0.99870,-0.09513,-0.00087,-0.02060,0.99525,1.00,-0.04473,-0.05117,-0.00229,0.99769,-0.09550,-0.02798,-0.02044,0.99483,1.00
1492,-0.04966,0.02234,-0.02155,0.99828,-0.04469,-0.02431,-0.00109,0.99870,-0.09476,-0.00104,-0.02040,0.99529,1.00,-0.04450,-0.05137,-0.00229,0.99769,-0.09512,-0.02814,-0.02024,0.99486,1.00
1503,-0.04947,0.02232,-0.02140,0.99830,-0.04489,-0.02427,-0.00109,0.99870,-0.09476,-0.00103,-0.02026,0.99529,1.00,-0.04470,-0.05133,-0.00230,0.99768,-0.09513,-0.02813,-0.02011,0.99486,1.00
1514,-0.04940,0.02234,-0.02139,0.99830,-0.04496,-0.02429,-0.00109,0.99869,-0.09476,-0.00103,-0.02025,0.99529,1.00,-0.04477,-0.05135,-0.00230,0.99767,-0.09513,-0.02813,-0.02010,0.99486,1.00
1525,-0.04925,0.02234,-0.02127,0.99831,-0.04434,-0.02585,-0.00115,0.99868,-0.09403,-0.00262,-0.02013,0.99536,1.00,-0.04414,-0.05290,-0.00234,0.99762,-0.09437,-0.02971,-0.01997,0.99489,1.00
1536,-0.04919,0.02229,-0.02116,0.99832,-0.04441,-0.02579,-0.00115,0.99868,-0.09403,-0.00260,-0.02002,0.99537,1.00,-0.04421,-0.05285,-0.00234,0.99762,-0.09437,-0.02970,-0.01986,0.99490,1.00
1548,-0.04913,0.02215,-0.02107,0.99832,-0.04404,-0.02391,-0.00105,0.99874,-0.09356,-0.00087,-0.01995,0.99541,1.00,-0.04384,-0.05096,-0.00224,0.99774,-0.09391,-0.02796,-0.01979,0.99499,1.00
1558,-0.04911,0.02203,-0.02103,0.99833,-0.04407,-0.02378,-0.00105,0.99875,-0.09356,-0.00086,-0.01991,0.99541,1.00,-0.04387,-0.05084,-0.00224,0.99774,-0.09391,-0.02796,-0.01975,0.99499,1.00
1570,-0.04923,0.02192,-0.02097,0.99833,-0.04395,-0.02366,-0.00104,0.99875,-0.09356,-0.00086,-0.01985,0.99542,1.00,-0.04375,-0.05072,-0.00222,0.99775,-0.09391,-0.02795,-0.01968,0.99499,1.00
1581,-0.04926,0.02174,-0.02079,0.99833,-0.04491,-0.02337,-0.00105,0.99872,-0.09453,-0.00074,-0.01968,0.99533,1.00,-0.04470,-0.05043,-0.00226,0.99772,-0.09487,-0.02784,-0.01954,0.99491,1.00
1592,-0.04938,0.02162,-0.02067,0.99833,-0.04479,-0.02324,-0.00104,0.99873,-0.09453,-0.00073,-0.01957,0.99533,1.00,-0.04459,-0.05030,-0.00225,0.99774,-0.09487,-0.02783,-0.01942,0.99491,1.00
1603,-0.04940,0.02158,-0.02050,0.99834,-0.04477,-0.02317,-0.00104,0.99873,-0.09453,-0.00071,-0.01940,0.99533,1.00,-0.04458,-0.05023,-0.00224,0.99774,-0.09488,-0.02781,-0.01925,0.99491,1.00
1614,-0.04939,0.02152,-0.02039,0.99834,-0.04476,-0.02341,-0.00105,0.99872,-0.09451,-0.00102,-0.01929,0.99534,1.00,-0.04456,-0.05047,-0.00225,0.99773,-0.09484,-0.02813,-0.01914,0.99491,1.00
1625,-0.04923,0.02157,-0.02029,0.99835,-0.04492,-0.02346,-0.00106,0.99871,-0.09451,-0.00101,-0.01920,0.99534,1.00,-0.04473,-0.05052,-0.00226,0.99772,-0.09484,-0.02812,-0.01906,0.99491,1.00
1637,-0.04907,0.02157,-0.02027,0.99836,-0.04508,-0.02345,-0.00106,0.99871,-0.09451,-0.00101,-0.01918,0.99534,1.00,-0.04489,-0.05052,-0.00227,0.99771,-0.09484,-0.02812,-0.01905,0.99491,1.00
1648,-0.04896,0.02158,-0.02027,0.99836,-0.04410,-0.02374,-0.00105,0.99874,-0.09344,-0.00131,-0.01917,0.99544,1.00,-0.04390,-0.05080,-0.00224,0.99774,-0.09375,-0.02841,-0.01902,0.99501,1.00
1659,-0.04876,0.02167,-0.02027,0.99837,-0.04431,-0.02383,-0.00106,0.99873,-0.09344,-0.00131,-0.01918,0.99544,1.00,-0.04410,-0.05090,-0.00225,0.99773,-0.09375,-0.02841,-0.01904,0.99501,1.00
1670,-0.04869,0.02171,-0.02024,0.99837,-0.04437,-0.02387,-0.00106,0.99873,-0.09344,-0.00131,-0.01915,0.99544,1.00,-0.04417,-0.05093,-0.00225,0.99772,-0.09376,-0.02841,-0.01900,0.99501,1.00
1681,-0.04858,0.02177,-0.02016,0.99838,-0.04422,-0.02389,-0.00106,0.99874,-0.09317,-0.00127,-0.01907,0.99547,1.00,-0.04401,-0.05095,-0.00225,0.99773,-0.09348,-0.02837,-0.01893,0.99504,1.00
1692,-0.04852,0.02183,-0.02016,0.99838,-0.04427,-0.02395,-0.00106,0.99873,-0.09317,-0.00127,-0.01907,0.99547,1.00,-0.04406,-0.05101,-0.00225,0.99772,-0.09348,-0.02837,-0.01893,0.99504,1.00
1703,-0.04851,0.02188,-0.02014,0.99838,-0.04428,-0.02400,-0.00106,0.99873,-0.09317,-0.00127,-0.01904,0.99547,1.00,-0.04407,-0.05107,-0.00226,0.99772,-0.09348,-0.02837,-0.01890,0.99504,1.00
1715,-0.04858,0.02192,-0.02012,0.99838,-0.04385,-0.02359,-0.00104,0.99876,-0.09280,-0.00083,-0.01902,0.99550,1.00,-0.04364,-0.05066,-0.00222,0.99776,-0.09311,-0.02793,-0.01887,0.99509,1.00
1726,-0.04871,0.02201,-0.02022,0.99837,-0.04372,-0.02370,-0.00104,0.99876,-0.09280,-0.00084,-0.01912,0.99550,1.00,-0.04350,-0.05076,-0.00221,0.99776,-0.09310,-0.02794,-0.01896,0.99508,1.00
1737,-0.04880,0.02210,-0.02039,0.99836,-0.04362,-0.02380,-0.00104,0.99876,-0.09280,-0.00085,-0.01928,0.99550,1.00,-0.04340,-0.05086,-0.00221,0.99776,-0.09310,-0.02795,-0.01911,0.99508,1.00
1748,-0.04883,0.02222,-0.02073,0.99834,-0.04461,-0.02383,-0.00106,0.99872,-0.09383,-0.00072,-0.01961,0.99540,1.00,-0.04437,-0.05089,-0.00226,0.99772,-0.09412,-0.02783,-0.01947,0.99498,1.00
1759,-0.04869,0.02230,-0.02069,0.99835,-0.04475,-0.02391,-0.00107,0.99871,-0.09383,-0.00072,-0.01957,0.99540,1.00,-0.04450,-0.05097,-0.00227,0.99771,-0.09412,-0.02783,-0.01944,0.99498,1.00
1770,-0.04868,0.02234,-0.02062,0.99835,-0.04477,-0.02393,-0.00107,0.99871,-0.09383,-0.00071,-0.01950,0.99540,1.00,-0.04453,-0.05099,-0.00228,0.99770,-0.09412,-0.02782,-0.01937,0.99498,1.00
1781,-0.04859,0.02235,-0.02041,0.99836,-0.04490,-0.02402,-0.00108,0.99870,-0.09386,-0.00079,-0.01929,0.99540,1.00,-0.04468,-0.05108,-0.00229,0.99769,-0.09417,-0.02789,-0.01916,0.99498,1.00
1793,-0.04850,0.02239,-0.02004,0.99837,-0.04500,-0.02401,-0.00108,0.99870,-0.09386,-0.00076,-0.01892,0.99541,1.00,-0.04480,-0.05107,-0.00229,0.99769,-0.09418,-0.02786,-0.01880,0.99499,1.00
1804,-0.04851,0.02237,-0.01993,0.99837,-0.04499,-0.02397,-0.00108,0.99870,-0.09386,-0.00075,-0.01882,0.99541,1.00,-0.04479,-0.05104,-0.00229,0.99769,-0.09418,-0.02785,-0.01870,0.99499,1.00
1815,-0.04852,0.02232,-0.01973,0.99838,-0.04487,-0.02428,-0.00109,0.99870,-0.09376,-0.00112,-0.01862,0.99542,1.00,-0.04467,-0.05134,-0.00230,0.99768,-0.09408,-0.02822,-0.01849,0.99499,1.00
1826,-0.04855,0.02229,-0.01975,0.99838,-0.04484,-0.02426,-0.00109,0.99870,-0.09376,-0.00112,-0.01863,0.99542,1.00,-0.04464,-0.05132,-0.00230,0.99768,-0.09407,-0.02822,-0.01851,0.99499,1.00
1837,-0.04854,0.02218,-0.01977,0.99838,-0.04485,-0.02415,-0.00108,0.99870,-0.09376,-0.00112,-0.01866,0.99542,1.00,-0.04465,-0.05121,-0.00229,0.99769,-0.09407,-0.02823,-0.01853,0.99499,1.00
1848,-0.04851,0.02207,-0.01978,0.99838,-0.04368,-0.02411,-0.00105,0.99875,-0.09256,-0.00122,-0.01868,0.99553,1.00,-0.04347,-0.05117,-0.00223,0.99774,-0.09286,-0.02831,-0.01852,0.99510,1.00
1859,-0.04852,0.02191,-0.01976,0.99839,-0.04368,-0.02395,-0.00105,0.99876,-0.09256,-0.00121,-0.01866,0.99553,1.00,-0.04346,-0.05100,-0.00222,0.99775,-0.09286,-0.02831,-0.01851,0.99510,1.00
1870,-0.04855,0.02181,-0.01964,0.99839,-0.04364,-0.02383,-0.00104,0.99876,-0.09256,-0.00120,-0.01855,0.99553,1.00,-0.04344,-0.05089,-0.00222,0.99776,-0.09286,-0.02830,-0.01839,0.99511,1.00
1882,-0.04867,0.02167,-0.01942,0.99839,-0.04354,-0.02366,-0.00103,0.99877,-0.09256,-0.00118,-0.01833,0.99554,1.00,-0.04335,-0.05072,-0.00220,0.99777,-0.09287,-0.02828,-0.01816,0.99511,1.00
1893,-0.04873,0.02155,-0.01924,0.99839,-0.04344,-0.02365,-0.00103,0.99878,-0.09252,-0.00131,-0.01815,0.99554,1.00,-0.04325,-0.05071,-0.00220,0.99777,-0.09283,-0.02840,-0.01799,0.99511,1.00
1904,-0.04876,0.02148,-0.01936,0.99839,-0.04341,-0.02360,-0.00103,0.99878,-0.09252,-0.00132,-0.01827,0.99554,1.00,-0.04322,-0.05066,-0.00219,0.99778,-0.09282,-0.02841,-0.01811,0.99511,1.00
1915,-0.04881,0.02141,-0.01937,0.99839,-0.04497,-0.02391,-0.00108,0.99870,-0.09413,-0.00167,-0.01829,0.99539,1.00,-0.04475,-0.05097,-0.00229,0.99769,-0.09441,-0.02877,-0.01816,0.99495,1.00
1926,-0.04885,0.02136,-0.01927,0.99839,-0.04493,-0.02385,-0.00107,0.99870,-0.09413,-0.00166,-0.01819,0.99539,1.00,-0.04472,-0.05091,-0.00228,0.99770,-0.09441,-0.02876,-0.01806,0.99495,1.00
1937,-0.04884,0.02136,-0.01913,0.99840,-0.04495,-0.02382,-0.00107,0.99870,-0.09413,-0.00164,-0.01805,0.99539,1.00,-0.04474,-0.05088,-0.00228,0.99770,-0.09442,-0.02875,-0.01793,0.99496,1.00
1949,-0.04888,0.02144,-0.01889,0.99840,-0.04504,-0.02460,-0.00111,0.99868,-0.09427,-0.00236,-0.01781,0.99538,1.00,-0.04483,-0.05166,-0.00232,0.99766,-0.09455,-0.02946,-0.01768,0.99493,1.00
1960,-0.04895,0.02145,-0.01875,0.99839,-0.04497,-0.02460,-0.00111,0.99869,-0.09427,-0.00235,-0.01766,0.99539,1.00,-0.04477,-0.05165,-0.00232,0.99766,-0.09456,-0.02945,-0.01753,0.99493,1.00
1971,-0.04891,0.02146,-0.01868,0.99840,-0.04501,-0.02460,-0.00111,0.99868,-0.09427,-0.00234,-0.01759,0.99539,1.00,-0.04482,-0.05166,-0.00232,0.99766,-0.09456,-0.02944,-0.01747,0.99493,1.00
1981,-0.04889,0.02154,-0.01878,0.99840,-0.04492,-0.02573,-0.00116,0.99866,-0.09417,-0.00338,-0.01768,0.99539,1.00,-0.04470,-0.05278,-0.00236,0.99760,-0.09443,-0.03048,-0.01755,0.99491,1.00
1992,-0.04883,0.02165,-0.01888,0.99839,-0.04497,-0.02584,-0.00116,0.99865,-0.09417,-0.00339,-0.01778,0.99539,1.00,-0.04474,-0.05290,-0.00237,0.99759,-0.09443,-0.03049,-0.01765,0.99491,1.00
2003,-0.04883,0.02174,-0.01894,0.99839,-0.04497,-0.02595,-0.00117,0.99865,-0.09417,-0.00340,-0.01783,0.99539,1.00,-0.04474,-0.05300,-0.00238,0.99759,-0.09443,-0.03049,-0.01770,0.99491,1.00
2015,-0.04891,0.02187,-0.01882,0.99839,-0.04366,-0.02597,-0.00114,0.99871,-0.09295,-0.00332,-0.01771,0.99551,1.00,-0.04343,-0.05302,-0.00231,0.99765,-0.09321,-0.03041,-0.01754,0.99503,1.00
2026,-0.04902,0.02198,-0.01875,0.99838,-0.04354,-0.02607,-0.00114,0.99871,-0.09295,-0.00331,-0.01762,0.99551,1.00,-0.04332,-0.05311,-0.00231,0.99765,-0.09321,-0.03040,-0.01745,0.99503,1.00
2037,-0.04905,0.02213,-0.01864,0.99838,-0.04352,-0.02620,-0.00114,0.99871,-0.09295,-0.00330,-0.01751,0.99551,1.00,-0.04330,-0.05325,-0.00231,0.99764,-0.09321,-0.03039,-0.01734,0.99503,1.00
2049,-0.04899,0.02221,-0.01868,0.99838,-0.04365,-0.02383,-0.00104,0.99876,-0.09298,-0.00085,-0.01756,0.99551,1.00,-0.04344,-0.05089,-0.00222,0.99776,-0.09326,-0.02795,-0.01739,0.99510,1.00
2060,-0.04886,0.02227,-0.01873,0.99838,-0.04378,-0.02390,-0.00105,0.99875,-0.09298,-0.00085,-0.01761,0.99551,1.00,-0.04357,-0.05096,-0.00223,0.99775,-0.09325,-0.02795,-0.01745,0.99510,1.00
2071,-0.04872,0.02232,-0.01871,0.99839,-0.04393,-0.02395,-0.00105,0.99875,-0.09298,-0.00085,-0.01759,0.99551,1.00,-0.04372,-0.05101,-0.00223,0.99774,-0.09325,-0.02795,-0.01744,0.99510,1.00
2082,-0.04857,0.02231,-0.01868,0.99840,-0.04487,-0.02340,-0.00105,0.99872,-0.09377,-0.00029,-0.01757,0.99544,1.00,-0.04466,-0.05046,-0.00226,0.99772,-0.09404,-0.02740,-0.01745,0.99504,1.00
2093,-0.04848,0.02230,-0.01856,0.99840,-0.04497,-0.02337,-0.00105,0.99871,-0.09377,-0.00028,-0.01745,0.99544,1.00,-0.04476,-0.05044,-0.00226,0.99772,-0.09404,-0.02739,-0.01733,0.99504,1.00
2104,-0.04840,0.02226,-0.01850,0.99841,-0.04505,-0.02333,-0.00105,0.99871,-0.09377,-0.00027,-0.01740,0.99544,1.00,-0.04484,-0.05039,-0.00226,0.99772,-0.09404,-0.02738,-0.01729,0.99504,1.00
2116,-0.04832,0.02227,-0.01844,0.99841,-0.04503,-0.02265,-0.00102,0.99873,-0.09366,0.00041,-0.01734,0.99545,1.00,-0.04483,-0.04972,-0.00223,0.99775,-0.09394,-0.02670,-0.01723,0.99507,1.00
2126,-0.04821,0.02222,-0.01837,0.99842,-0.04515,-0.02260,-0.00102,0.99872,-0.09366,0.00041,-0.01728,0.99545,1.00,-0.04495,-0.04967,-0.00224,0.99775,-0.09394,-0.02670,-0.01717,0.99507,1.00
2138,-0.04808,0.02212,-0.01833,0.99843,-0.04528,-0.02249,-0.00102,0.99872,-0.09366,0.00042,-0.01724,0.99545,1.00,-0.04508,-0.04956,-0.00224,0.99775,-0.09394,-0.02670,-0.01714,0.99507,1.00
2149,-0.04795,0.02204,-0.01834,0.99844,-0.04501,-0.02296,-0.00103,0.99872,-0.09328,-0.00014,-0.01726,0.99549,1.00,-0.04480,-0.05003,-0.00225,0.99774,-0.09354,-0.02725,-0.01716,0.99509,1.00
2160,-0.04787,0.02204,-0.01834,0.99844,-0.04509,-0.02297,-0.00104,0.99872,-0.09328,-0.00014,-0.01726,0.99549,1.00,-0.04488,-0.05003,-0.00225,0.99774,-0.09354,-0.02725,-0.01716,0.99509,1.00
2171,-0.04778,0.02202,-0.01832,0.99845,-0.04518,-0.02294,-0.00104,0.99871,-0.09328,-0.00014,-0.01724,0.99549,1.00,-0.04497,-0.05001,-0.00225,0.99773,-0.09354,-0.02725,-0.01714,0.99510,1.00
2182,-0.04771,0.02204,-0.01835,0.99845,-0.04348,-0.02067,-0.00090,0.99884,-0.09147,0.00214,-0.01729,0.99566,1.00,-0.04328,-0.04774,-0.00207,0.99792,-0.09175,-0.02497,-0.01715,0.99532,1.00
2193,-0.04754,0.02208,-0.01837,0.99846,-0.04365,-0.02071,-0.00090,0.99883,-0.09147,0.00214,-0.01731,0.99566,1.00,-0.04345,-0.04778,-0.00208,0.99791,-0.09175,-0.02498,-0.01718,0.99532,1.00
2205,-0.04742,0.02215,-0.01836,0.99846,-0.04377,-0.02078,-0.00091,0.99883,-0.09147,0.00214,-0.01729,0.99566,1.00,-0.04357,-0.04785,-0.00209,0.99790,-0.09175,-0.02498,-0.01717,0.99532,1.00
2216,-0.04735,0.02219,-0.01832,0.99846,-0.04353,-0.02179,-0.00095,0.99881,-0.09118,0.00117,-0.01725,0.99568,1.00,-0.04333,-0.04885,-0.00212,0.99786,-0.09145,-0.02594,-0.01712,0.99532,1.00
2227,-0.04730,0.02221,-0.01819,0.99847,-0.04359,-0.02179,-0.00095,0.99881,-0.09118,0.00118,-0.01712,0.99569,1.00,-0.04339,-0.04885,-0.00212,0.99786,-0.09146,-0.02593,-0.01700,0.99533,1.00
2238,-0.04735,0.02225,-0.01809,0.99847,-0.04354,-0.02181,-0.00095,0.99881,-0.09118,0.00119,-0.01702,0.99569,1.00,-0.04335,-0.04888,-0.00212,0.99786,-0.09146,-0.02592,-0.01690,0.99533,1.00
2249,-0.04744,0.02223,-0.01793,0.99847,-0.04411,-0.02170,-0.00096,0.99879,-0.09184,0.00128,-0.01685,0.99563,1.00,-0.04392,-0.04877,-0.00215,0.99784,-0.09212,-0.02583,-0.01674,0.99527,1.00
2260,-0.04757,0.02217,-0.01785,0.99846,-0.04399,-0.02163,-0.00095,0.99880,-0.09184,0.00129,-0.01677,0.99563,1.00,-0.04380,-0.04870,-0.00214,0.99785,-0.09212,-0.02582,-0.01665,0.99527,1.00
2271,-0.04761,0.02213,-0.01779,0.99846,-0.04395,-0.02158,-0.00095,0.99880,-0.09184,0.00129,-0.01671,0.99563,1.00,-0.04377,-0.04865,-0.00213,0.99785,-0.09212,-0.02582,-0.01659,0.99528,1.00
2283,-0.04764,0.02205,-0.01778,0.99846,-0.04473,-0.02221,-0.00099,0.99875,-0.09265,0.00059,-0.01670,0.99556,1.00,-0.04452,-0.04928,-0.00220,0.99779,-0.09291,-0.02652,-0.01660,0.99518,1.00
2294,-0.04764,0.02196,-0.01779,0.99846,-0.04472,-0.02213,-0.00099,0.99875,-0.09265,0.00059,-0.01672,0.99556,1.00,-0.04452,-0.04920,-0.00220,0.99779,-0.09291,-0.02652,-0.01662,0.99518,1.00
2305,-0.04769,0.02187,-0.01767,0.99847,-0.04468,-0.02201,-0.00098,0.99876,-0.09265,0.00060,-0.01660,0.99556,1.00,-0.04448,-0.04908,-0.00219,0.99780,-0.09292,-0.02651,-0.01650,0.99518,1.00
2316,-0.04769,0.02175,-0.01755,0.99847,-0.04499,-0.02202,-0.00099,0.99874,-0.09296,0.00048,-0.01649,0.99553,1.00,-0.04479,-0.04909,-0.00220,0.99779,-0.09322,-0.02664,-0.01640,0.99515,1.00
2327,-0.04767,0.02164,-0.01738,0.99848,-0.04502,-0.02189,-0.00099,0.99875,-0.09296,0.00049,-0.01633,0.99554,1.00,-0.04483,-0.04897,-0.00220,0.99779,-0.09322,-0.02662,-0.01624,0.99516,1.00
2338,-0.04772,0.02160,-0.01735,0.99848,-0.04497,-0.02185,-0.00098,0.99875,-0.09296,0.00049,-0.01630,0.99554,1.00,-0.04478,-0.04892,-0.00220,0.99780,-0.09322,-0.02662,-0.01620,0.99516,1.00
2350,-0.04789,0.02156,-0.01730,0.99847,-0.04484,-0.02196,-0.00099,0.99875,-0.09300,0.00034,-0.01624,0.99553,1.00,-0.04464,-0.04903,-0.00219,0.99780,-0.09325,-0.02677,-0.01614,0.99515,1.00
2361,-0.04798,0.02156,-0.01726,0.99847,-0.04475,-0.02195,-0.00098,0.99876,-0.09300,0.00034,-0.01621,0.99553,1.00,-0.04455,-0.04902,-0.00219,0.99780,-0.09325,-0.02677,-0.01610,0.99515,1.00
2372,-0.04810,0.02162,-0.01731,0.99846,-0.04463,-0.02202,-0.00098,0.99876,-0.09300,0.00034,-0.01625,0.99553,1.00,-0.04443,-0.04909,-0.00219,0.99780,-0.09325,-0.02677,-0.01613,0.99515,1.00
2383,-0.04817,0.02172,-0.01734,0.99845,-0.04505,-0.02230,-0.00101,0.99874,-0.09350,0.00016,-0.01627,0.99549,1.00,-0.04483,-0.04937,-0.00222,0.99777,-0.09373,-0.02695,-0.01617,0.99510,1.00
2394,-0.04818,0.02186,-0.01733,0.99845,-0.04503,-0.02243,-0.00101,0.99873,-0.09350,0.00016,-0.01625,0.99549,1.00,-0.04482,-0.04950,-0.00222,0.99777,-0.09373,-0.02695,-0.01614,0.99510,1.00
2405,-0.04818,0.02192,-0.01724,0.99845,-0.04503,-0.02249,-0.00101,0.99873,-0.09350,0.00017,-0.01616,0.99549,1.00,-0.04482,-0.04956,-0.00223,0.99776,-0.09373,-0.02694,-0.01605,0.99510,1.00
2416,-0.04815,0.02200,-0.01720,0.99845,-0.04592,-0.02250,-0.00103,0.99869,-0.09434,0.00025,-0.01612,0.99541,1.00,-0.04571,-0.04957,-0.00227,0.99772,-0.09457,-0.02687,-0.01603,0.99503,1.00
2427,-0.04811,0.02203,-0.01712,0.99845,-0.04596,-0.02252,-0.00104,0.99869,-0.09434,0.00026,-0.01604,0.99541,1.00,-0.04575,-0.04959,-0.00227,0.99772,-0.09458,-0.02686,-0.01596,0.99503,1.00
2439,-0.04812,0.02213,-0.01717,0.99845,-0.04594,-0.02262,-0.00104,0.99869,-0.09434,0.00025,-0.01608,0.99541,1.00,-0.04573,-0.04970,-0.00228,0.99771,-0.09458,-0.02686,-0.01600,0.99503,1.00
2450,-0.04820,0.02217,-0.01728,0.99844,-0.04529,-0.02279,-0.00103,0.99871,-0.09377,0.00012,-0.01618,0.99546,1.00,-0.04506,-0.04986,-0.00225,0.99774,-0.09399,-0.02699,-0.01608,0.99508,1.00
2461,-0.04820,0.02225,-0.01739,0.99844,-0.04527,-0.02289,-0.00104,0.99871,-0.09377,0.00011,-0.01629,0.99546,1.00,-0.04505,-0.04996,-0.00226,0.99773,-0.09399,-0.02700,-0.01619,0.99508,1.00
2472,-0.04803,0.02237,-0.01777,0.99844,-0.04544,-0.02306,-0.00105,0.99870,-0.09377,0.00007,-0.01667,0.99545,1.00,-0.04519,-0.05013,-0.00227,0.99772,-0.09398,-0.02704,-0.01658,0.99507,1.00
2483,-0.04788,0.02245,-0.01807,0.99844,-0.04628,-0.02316,-0.00107,0.99866,-0.09446,0.00008,-0.01697,0.99538,1.00,-0.04601,-0.05023,-0.00232,0.99767,-0.09467,-0.02703,-0.01690,0.99500,1.00
2495,-0.04780,0.02256,-0.01812,0.99844,-0.04636,-0.02328,-0.00108,0.99865,-0.09446,0.00008,-0.01701,0.99538,1.00,-0.04609,-0.05035,-0.00233,0.99766,-0.09467,-0.02704,-0.01695,0.99500,1.00
2505,-0.04781,0.02259,-0.01789,0.99844,-0.04635,-0.02327,-0.00108,0.99865,-0.09446,0.00010,-0.01678,0.99539,1.00,-0.04610,-0.05034,-0.00233,0.99766,-0.09467,-0.02702,-0.01672,0.99500,1.00
2517,-0.04781,0.02267,-0.01783,0.99844,-0.04310,-0.02375,-0.00102,0.99879,-0.09123,-0.00036,-0.01672,0.99569,1.00,-0.04288,-0.05081,-0.00218,0.99779,-0.09147,-0.02746,-0.01657,0.99529,1.00
2527,-0.04782,0.02267,-0.01752,0.99845,-0.04310,-0.02371,-0.00102,0.99879,-0.09123,-0.00033,-0.01641,0.99569,1.00,-0.04290,-0.05077,-0.00218,0.99779,-0.09148,-0.02743,-0.01626,0.99530,1.00
2539,-0.04782,0.02263,-0.01715,0.99845,-0.04311,-0.02363,-0.00102,0.99879,-0.09123,-0.00030,-0.01604,0.99570,1.00,-0.04293,-0.05069,-0.00218,0.99779,-0.09149,-0.02739,-0.01590,0.99530,1.00
2550,-0.04774,0.02252,-0.01695,0.99846,-0.04577,-0.02329,-0.00107,0.99868,-0.09380,-0.00004,-0.01585,0.99547,1.00,-0.04558,-0.05036,-0.00230,0.99769,-0.09405,-0.02715,-0.01578,0.99507,1.00
2561,-0.04768,0.02225,-0.01668,0.99848,-0.04585,-0.02298,-0.00106,0.99868,-0.09380,-0.00002,-0.01559,0.99547,1.00,-0.04567,-0.05005,-0.00229,0.99770,-0.09406,-0.02713,-0.01552,0.99508,1.00
2572,-0.04759,0.02200,-0.01657,0.99849,-0.04594,-0.02273,-0.00105,0.99869,-0.09380,-0.00001,-0.01550,0.99547,1.00,-0.04577,-0.04980,-0.00228,0.99771,-0.09406,-0.02712,-0.01544,0.99508,1.00
2584,-0.04748,0.02166,-0.01645,0.99850,-0.04594,-0.02302,-0.00106,0.99868,-0.09369,-0.00065,-0.01540,0.99548,1.00,-0.04575,-0.05009,-0.00230,0.99769,-0.09392,-0.02776,-0.01534,0.99507,1.00
2595,-0.04734,0.02146,-0.01633,0.99851,-0.04608,-0.02280,-0.00105,0.99868,-0.09369,-0.00064,-0.01529,0.99548,1.00,-0.04589,-0.04987,-0.00229,0.99770,-0.09392,-0.02775,-0.01523,0.99508,1.00
2606,-0.04730,0.02109,-0.01610,0.99853,-0.04613,-0.02241,-0.00104,0.99868,-0.09369,-0.00062,-0.01508,0.99549,1.00,-0.04596,-0.04948,-0.00228,0.99771,-0.09393,-0.02773,-0.01503,0.99508,1.00
2617,-0.04744,0.02087,-0.01596,0.99853,-0.04579,-0.02019,-0.00093,0.99875,-0.09343,0.00137,-0.01495,0.99551,1.00,-0.04561,-0.04727,-0.00216,0.99784,-0.09367,-0.02575,-0.01489,0.99516,1.00
2628,-0.04775,0.02080,-0.01587,0.99852,-0.04547,-0.02011,-0.00092,0.99876,-0.09343,0.00138,-0.01486,0.99551,1.00,-0.04530,-0.04719,-0.00214,0.99786,-0.09367,-0.02574,-0.01478,0.99516,1.00
2639,-0.04797,0.02068,-0.01570,0.99851,-0.04526,-0.01996,-0.00090,0.99878,-0.09343,0.00140,-0.01469,0.99552,1.00,-0.04510,-0.04704,-0.00213,0.99787,-0.09368,-0.02572,-0.01460,0.99516,1.00
2650,-0.04807,0.02071,-0.01567,0.99851,-0.04469,-0.02070,-0.00093,0.99879,-0.09297,0.00067,-0.01465,0.99556,1.00,-0.04450,-0.04778,-0.00213,0.99786,-0.09319,-0.02645,-0.01454,0.99519,1.00
2661,-0.04803,0.02068,-0.01569,0.99851,-0.04472,-0.02068,-0.00093,0.99879,-0.09297,0.00066,-0.01468,0.99556,1.00,-0.04454,-0.04775,-0.00213,0.99786,-0.09319,-0.02645,-0.01457,0.99519,1.00
2673,-0.04802,0.02069,-0.01560,0.99851,-0.04473,-0.02067,-0.00093,0.99878,-0.09297,0.00067,-0.01458,0.99556,1.00,-0.04455,-0.04775,-0.00213,0.99786,-0.09320,-0.02644,-0.01448,0.99519,1.00
2684,-0.04808,0.02058,-0.01544,0.99851,-0.04495,-0.02100,-0.00095,0.99877,-0.09325,0.00024,-0.01443,0.99554,1.00,-0.04476,-0.04807,-0.00216,0.99784,-0.09346,-0.02688,-0.01433,0.99516,1.00
2695,-0.04823,0.02058,-0.01518,0.99851,-0.04481,-0.02096,-0.00094,0.99878,-0.09325,0.00026,-0.01417,0.99554,1.00,-0.04463,-0.04803,-0.00215,0.99785,-0.09346,-0.02685,-0.01406,0.99516,1.00
2706,-0.04838,0.02049,-0.01480,0.99851,-0.04467,-0.02082,-0.00093,0.99878,-0.09325,0.00030,-0.01379,0.99555,1.00,-0.04451,-0.04789,-0.00214,0.99786,-0.09347,-0.02682,-0.01368,0.99517,1.00
2717,-0.04853,0.02046,-0.01461,0.99851,-0.04402,-0.02143,-0.00094,0.99880,-0.09276,-0.00036,-0.01359,0.99560,1.00,-0.04386,-0.04850,-0.00213,0.99786,-0.09297,-0.02747,-0.01345,0.99520,1.00
2728,-0.04865,0.02049,-0.01467,0.99850,-0.04389,-0.02146,-0.00094,0.99881,-0.09276,-0.00037,-0.01365,0.99560,1.00,-0.04373,-0.04853,-0.00213,0.99786,-0.09297,-0.02748,-0.01351,0.99520,1.00
2740,-0.04871,0.02055,-0.01477,0.99849,-0.04384,-0.02154,-0.00095,0.99881,-0.09276,-0.00038,-0.01374,0.99559,1.00,-0.04367,-0.04861,-0.00213,0.99786,-0.09296,-0.02749,-0.01359,0.99520,1.00
2751,-0.04870,0.02054,-0.01463,0.99850,-0.04415,-0.02171,-0.00096,0.99879,-0.09306,-0.00056,-0.01361,0.99557,1.00,-0.04396,-0.04878,-0.00215,0.99784,-0.09324,-0.02767,-0.01347,0.99517,1.00
2762,-0.04856,0.02060,-0.01447,0.99850,-0.04429,-0.02175,-0.00096,0.99878,-0.09306,-0.00055,-0.01344,0.99557,1.00,-0.04411,-0.04882,-0.00216,0.99783,-0.09325,-0.02766,-0.01331,0.99517,1.00
2773,-0.04818,0.02063,-0.01428,0.99852,-0.04467,-0.02175,-0.00097,0.99876,-0.09306,-0.00053,-0.01326,0.99557,1.00,-0.04450,-0.04883,-0.00218,0.99781,-0.09325,-0.02764,-0.01315,0.99517,1.00
2784,-0.04808,0.02066,-0.01414,0.99853,-0.04422,-0.02181,-0.00097,0.99878,-0.09250,-0.00056,-0.01312,0.99563,1.00,-0.04404,-0.04888,-0.00216,0.99783,-0.09268,-0.02767,-0.01300,0.99523,1.00
2795,-0.04799,0.02067,-0.01398,0.99854,-0.04431,-0.02179,-0.00097,0.99878,-0.09250,-0.00054,-0.01297,0.99563,1.00,-0.04414,-0.04886,-0.00216,0.99783,-0.09269,-0.02765,-0.01286,0.99523,1.00
2806,-0.04803,0.02066,-0.01400,0.99853,-0.04427,-0.02179,-0.00097,0.99878,-0.09250,-0.00054,-0.01298,0.99563,1.00,-0.04409,-0.04886,-0.00216,0.99783,-0.09269,-0.02765,-0.01286,0.99523,1.00
2817,-0.04806,0.02065,-0.01393,0.99853,-0.04399,-0.01973,-0.00087,0.99884,-0.09222,0.00150,-0.01293,0.99565,1.00,-0.04382,-0.04681,-0.00206,0.99794,-0.09241,-0.02561,-0.01280,0.99531,1.00
2828,-0.04812,0.02061,-0.01397,0.99853,-0.04394,-0.01969,-0.00087,0.99884,-0.09222,0.00150,-0.01296,0.99565,1.00,-0.04376,-0.04677,-0.00205,0.99794,-0.09241,-0.02562,-0.01283,0.99531,1.00
2840,-0.04812,0.02060,-0.01392,0.99853,-0.04393,-0.01967,-0.00087,0.99884,-0.09222,0.00150,-0.01292,0.99565,1.00,-0.04375,-0.04675,-0.00205,0.99795,-0.09241,-0.02561,-0.01279,0.99531,1.00
2851,-0.04802,0.02054,-0.01388,0.99854,-0.04339,-0.02068,-0.00090,0.99884,-0.09160,0.00042,-0.01287,0.99571,1.00,-0.04320,-0.04775,-0.00207,0.99792,-0.09177,-0.02669,-0.01273,0.99534,1.00
2862,-0.04783,0.02053,-0.01376,0.99855,-0.04359,-0.02066,-0.00090,0.99884,-0.09160,0.00043,-0.01276,0.99571,1.00,-0.04341,-0.04774,-0.00208,0.99791,-0.09177,-0.02668,-0.01263,0.99534,1.00
2873,-0.04755,0.02049,-0.01355,0.99857,-0.04387,-0.02060,-0.00090,0.99882,-0.09160,0.00045,-0.01256,0.99572,1.00,-0.04370,-0.04768,-0.00209,0.99790,-0.09178,-0.02666,-0.01244,0.99534,1.00
2884,-0.04747,0.02053,-0.01351,0.99857,-0.04496,-0.01969,-0.00089,0.99879,-0.09260,0.00141,-0.01252,0.99562,1.00,-0.04478,-0.04678,-0.00210,0.99790,-0.09277,-0.02572,-0.01244,0.99528,1.00
2895,-0.04745,0.02060,-0.01343,0.99857,-0.04498,-0.01975,-0.00089,0.99879,-0.09260,0.00141,-0.01244,0.99563,1.00,-0.04481,-0.04683,-0.00210,0.99790,-0.09277,-0.02571,-0.01236,0.99528,1.00
2906,-0.04750,0.02062,-0.01349,0.99857,-0.04493,-0.01978,-0.00089,0.99879,-0.09260,0.00141,-0.01250,0.99562,1.00,-0.04475,-0.04687,-0.00210,0.99790,-0.09277,-0.02571,-0.01241,0.99528,1.00
2918,-0.04760,0.02069,-0.01350,0.99856,-0.04451,-0.01990,-0.00089,0.99881,-0.09228,0.00135,-0.01250,0.99565,1.00,-0.04432,-0.04698,-0.00209,0.99791,-0.09244,-0.02577,-0.01241,0.99531,1.00
2929,-0.04773,0.02079,-0.01350,0.99855,-0.04438,-0.01999,-0.00089,0.99881,-0.09228,0.00135,-0.01250,0.99565,1.00,-0.04419,-0.04707,-0.00208,0.99791,-0.09244,-0.02577,-0.01239,0.99531,1.00
2940,-0.04788,0.02082,-0.01348,0.99855,-0.04423,-0.02002,-0.00089,0.99882,-0.09228,0.00136,-0.01247,0.99565,1.00,-0.04404,-0.04710,-0.00208,0.99792,-0.09244,-0.02576,-0.01236,0.99531,1.00
2951,-0.04791,0.02089,-0.01344,0.99854,-0.04419,-0.01999,-0.00088,0.99882,-0.09227,0.00145,-0.01243,0.99566,1.00,-0.04400,-0.04707,-0.00208,0.99792,-0.09242,-0.02567,-0.01231,0.99531,1.00
2962,-0.04802,0.02094,-0.01340,0.99854,-0.04408,-0.02003,-0.00088,0.99883,-0.09227,0.00146,-0.01238,0.99566,1.00,-0.04389,-0.04711,-0.00207,0.99792,-0.09243,-0.02566,-0.01226,0.99531,1.00
2974,-0.04811,0.02093,-0.01336,0.99853,-0.04399,-0.02002,-0.00088,0.99883,-0.09227,0.00146,-0.01234,0.99566,1.00,-0.04380,-0.04710,-0.00207,0.99793,-0.09243,-0.02566,-0.01221,0.99531,1.00
2985,-0.04822,0.02093,-0.01336,0.99853,-0.04329,-0.02007,-0.00087,0.99886,-0.09168,0.00140,-0.01234,0.99571,1.00,-0.04310,-0.04714,-0.00204,0.99796,-0.09183,-0.02571,-0.01219,0.99537,1.00
2996,-0.04832,0.02092,-0.01334,0.99852,-0.04319,-0.02005,-0.00087,0.99887,-0.09168,0.00141,-0.01232,0.99571,1.00,-0.04300,-0.04713,-0.00203,0.99796,-0.09183,-0.02571,-0.01217,0.99537,1.00
3007,-0.04841,0.02092,-0.01332,0.99852,-0.04310,-0.02005,-0.00087,0.99887,-0.09168,0.00141,-0.01230,0.99571,1.00,-0.04291,-0.04713,-0.00203,0.99796,-0.09183,-0.02571,-0.01214,0.99537,1.00
3018,-0.04840,0.02089,-0.01328,0.99852,-0.04255,-0.01995,-0.00085,0.99889,-0.09112,0.00147,-0.01226,0.99576,1.00,-0.04237,-0.04702,-0.00200,0.99799,-0.09127,-0.02564,-0.01208,0.99542,1.00
3029,-0.04838,0.02087,-0.01317,0.99852,-0.04257,-0.01992,-0.00085,0.99889,-0.09112,0.00148,-0.01216,0.99576,1.00,-0.04239,-0.04699,-0.00200,0.99799,-0.09127,-0.02563,-0.01198,0.99542,1.00
3040,-0.04834,0.02084,-0.01314,0.99853,-0.04262,-0.01988,-0.00085,0.99889,-0.09112,0.00148,-0.01213,0.99577,1.00,-0.04244,-0.04695,-0.00200,0.99799,-0.09128,-0.02563,-0.01196,0.99542,1.00
3051,-0.04826,0.02076,-0.01320,0.99853,-0.04365,-0.01992,-0.00087,0.99885,-0.09208,0.00138,-0.01218,0.99568,1.00,-0.04346,-0.04699,-0.00205,0.99795,-0.09222,-0.02574,-0.01204,0.99533,1.00
3062,-0.04815,0.02074,-0.01325,0.99854,-0.04376,-0.01991,-0.00087,0.99884,-0.09208,0.00137,-0.01224,0.99568,1.00,-0.04357,-0.04699,-0.00205,0.99794,-0.09222,-0.02574,-0.01211,0.99533,1.00
3074,-0.04808,0.02067,-0.01324,0.99854,-0.04384,-0.01984,-0.00087,0.99884,-0.09208,0.00137,-0.01223,0.99568,1.00,-0.04364,-0.04692,-0.00205,0.99794,-0.09222,-0.02574,-0.01210,0.99533,1.00
3085,-0.04795,0.02058,-0.01323,0.99855,-0.04343,-0.01974,-0.00086,0.99886,-0.09153,0.00138,-0.01223,0.99573,1.00,-0.04323,-0.04681,-0.00203,0.99797,-0.09168,-0.02574,-0.01209,0.99538,1.00
3096,-0.04785,0.02052,-0.01326,0.99856,-0.04352,-0.01968,-0.00086,0.99886,-0.09153,0.00137,-0.01227,0.99573,1.00,-0.04333,-0.04676,-0.00203,0.99796,-0.09168,-0.02574,-0.01214,0.99538,1.00
3107,-0.04777,0.02052,-0.01333,0.99856,-0.04360,-0.01970,-0.00086,0.99885,-0.09153,0.00137,-0.01234,0.99572,1.00,-0.04340,-0.04678,-0.00203,0.99796,-0.09168,-0.02575,-0.01221,0.99538,1.00
3118,-0.04771,0.02050,-0.01341,0.99856,-0.04346,-0.01982,-0.00086,0.99886,-0.09134,0.00122,-0.01242,0.99574,1.00,-0.04326,-0.04690,-0.00203,0.99796,-0.09148,-0.02589,-0.01228,0.99539,1.00
3129,-0.04770,0.02045,-0.01346,0.99856,-0.04348,-0.01979,-0.00086,0.99886,-0.09134,0.00122,-0.01247,0.99574,1.00,-0.04327,-0.04687,-0.00203,0.99796,-0.09148,-0.02590,-0.01234,0.99539,1.00
3141,-0.04770,0.02037,-0.01339,0.99856,-0.04348,-0.01970,-0.00086,0.99886,-0.09134,0.00122,-0.01241,0.99574,1.00,-0.04328,-0.04678,-0.00203,0.99797,-0.09148,-0.02589,-0.01228,0.99539,1.00
3152,-0.04774,0.02031,-0.01335,0.99856,-0.04324,-0.01976,-0.00086,0.99887,-0.09115,0.00110,-0.01236,0.99576,1.00,-0.04305,-0.04683,-0.00202,0.99797,-0.09129,-0.02602,-0.01223,0.99541,1.00
3163,-0.04776,0.02027,-0.01328,0.99856,-0.04322,-0.01971,-0.00085,0.99887,-0.09115,0.00110,-0.01230,0.99576,1.00,-0.04303,-0.04679,-0.00202,0.99798,-0.09129,-0.02601,-0.01216,0.99541,1.00
3174,-0.04785,0.02021,-0.01332,0.99856,-0.04313,-0.01965,-0.00085,0.99888,-0.09115,0.00110,-0.01234,0.99576,1.00,-0.04294,-0.04673,-0.00201,0.99798,-0.09129,-0.02601,-0.01219,0.99541,1.00
3185,-0.04791,0.02011,-0.01332,0.99856,-0.04334,-0.01920,-0.00083,0.99888,-0.09141,0.00145,-0.01234,0.99574,1.00,-0.04314,-0.04628,-0.00200,0.99799,-0.09156,-0.02567,-0.01221,0.99539,1.00
3196,-0.04795,0.02002,-0.01342,0.99856,-0.04330,-0.01913,-0.00083,0.99888,-0.09141,0.00144,-0.01245,0.99573,1.00,-0.04310,-0.04621,-0.00200,0.99800,-0.09155,-0.02567,-0.01231,0.99539,1.00
3208,-0.04797,0.01997,-0.01363,0.99856,-0.04327,-0.01911,-0.00083,0.99888,-0.09141,0.00142,-0.01266,0.99573,1.00,-0.04306,-0.04619,-0.00199,0.99800,-0.09155,-0.02569,-0.01252,0.99539,1.00
3219,-0.04793,0.01999,-0.01380,0.99856,-0.04487,-0.02026,-0.00091,0.99879,-0.09298,0.00032,-0.01282,0.99559,1.00,-0.04464,-0.04733,-0.00212,0.99788,-0.09310,-0.02680,-0.01272,0.99521,1.00
3230,-0.04789,0.02010,-0.01377,0.99856,-0.04492,-0.02036,-0.00092,0.99878,-0.09298,0.00032,-0.01279,0.99559,1.00,-0.04469,-0.04744,-0.00212,0.99787,-0.09310,-0.02680,-0.01269,0.99521,1.00
3241,-0.04779,0.02016,-0.01361,0.99856,-0.04501,-0.02040,-0.00092,0.99878,-0.09298,0.00034,-0.01263,0.99559,1.00,-0.04479,-0.04748,-0.00213,0.99787,-0.09311,-0.02678,-0.01254,0.99522,1.00
3252,-0.04771,0.02029,-0.01338,0.99857,-0.04512,-0.01964,-0.00089,0.99879,-0.09299,0.00122,-0.01240,0.99559,1.00,-0.04493,-0.04672,-0.00210,0.99789,-0.09315,-0.02591,-0.01231,0.99524,1.00
3263,-0.04765,0.02039,-0.01314,0.99857,-0.04519,-0.01971,-0.00089,0.99878,-0.09299,0.00124,-0.01216,0.99559,1.00,-0.04501,-0.04679,-0.00211,0.99789,-0.09315,-0.02589,-0.01208,0.99524,1.00
3275,-0.04768,0.02048,-0.01311,0.99857,-0.04515,-0.01979,-0.00089,0.99878,-0.09299,0.00124,-0.01212,0.99559,1.00,-0.04498,-0.04688,-0.00211,0.99789,-0.09316,-0.02588,-0.01204,0.99524,1.00
3286,-0.04766,0.02058,-0.01310,0.99857,-0.04428,-0.02074,-0.00092,0.99880,-0.09211,0.00038,-0.01210,0.99568,1.00,-0.04409,-0.04782,-0.00211,0.99788,-0.09226,-0.02673,-0.01199,0.99530,1.00
3296,-0.04763,0.02065,-0.01318,0.99856,-0.04430,-0.02082,-0.00092,0.99880,-0.09211,0.00038,-0.01218,0.99567,1.00,-0.04412,-0.04790,-0.00212,0.99788,-0.09226,-0.02674,-0.01207,0.99530,1.00
3308,-0.04756,0.02069,-0.01325,0.99857,-0.04438,-0.02086,-0.00093,0.99880,-0.09211,0.00037,-0.01225,0.99567,1.00,-0.04418,-0.04794,-0.00212,0.99787,-0.09226,-0.02675,-0.01214,0.99530,1.00
3319,-0.04750,0.02077,-0.01327,0.99857,-0.04340,-0.02073,-0.00090,0.99884,-0.09108,0.00058,-0.01226,0.99577,1.00,-0.04320,-0.04781,-0.00207,0.99792,-0.09122,-0.02654,-0.01214,0.99540,1.00
3330,-0.04748,0.02079,-0.01323,0.99857,-0.04342,-0.02075,-0.00090,0.99884,-0.09108,0.00058,-0.01223,0.99577,1.00,-0.04322,-0.04782,-0.00207,0.99792,-0.09122,-0.02653,-0.01210,0.99540,1.00
3341,-0.04755,0.02087,-0.01317,0.99856,-0.04335,-0.02082,-0.00090,0.99884,-0.09108,0.00059,-0.01216,0.99577,1.00,-0.04316,-0.04789,-0.00207,0.99792,-0.09122,-0.02653,-0.01203,0.99540,1.00
3352,-0.04757,0.02088,-0.01325,0.99856,-0.04323,-0.02065,-0.00089,0.99885,-0.09097,0.00076,-0.01224,0.99578,1.00,-0.04303,-0.04772,-0.00206,0.99793,-0.09111,-0.02635,-0.01211,0.99542,1.00
3364,-0.04753,0.02090,-0.01328,0.99856,-0.04326,-0.02068,-0.00090,0.99885,-0.09097,0.00076,-0.01228,0.99578,1.00,-0.04306,-0.04775,-0.00206,0.99793,-0.09111,-0.02635,-0.01214,0.99542,1.00
3375,-0.04751,0.02089,-0.01336,0.99856,-0.04328,-0.02068,-0.00090,0.99885,-0.09097,0.00075,-0.01235,0.99578,1.00,-0.04308,-0.04775,-0.00206,0.99793,-0.09111,-0.02636,-0.01222,0.99542,1.00
3386,-0.04745,0.02086,-0.01336,0.99857,-0.04387,-0.02051,-0.00090,0.99883,-0.09150,0.00090,-0.01236,0.99573,1.00,-0.04366,-0.04758,-0.00208,0.99791,-0.09163,-0.02621,-0.01225,0.99537,1.00
3397,-0.04738,0.02082,-0.01333,0.99857,-0.04394,-0.02047,-0.00090,0.99882,-0.09150,0.00090,-0.01233,0.99573,1.00,-0.04374,-0.04754,-0.00208,0.99791,-0.09163,-0.02621,-0.01222,0.99537,1.00
3408,-0.04730,0.02076,-0.01326,0.99858,-0.04403,-0.02040,-0.00090,0.99882,-0.09150,0.00091,-0.01226,0.99573,1.00,-0.04383,-0.04748,-0.00209,0.99791,-0.09164,-0.02621,-0.01216,0.99537,1.00
3419,-0.04723,0.02071,-0.01322,0.99858,-0.04758,-0.02365,-0.00113,0.99859,-0.09502,-0.00236,-0.01223,0.99540,1.00,-0.04735,-0.05072,-0.00241,0.99759,-0.09512,-0.02948,-0.01222,0.99495,1.00
3430,-0.04715,0.02062,-0.01310,0.99859,-0.04766,-0.02354,-0.00112,0.99859,-0.09502,-0.00235,-0.01211,0.99540,1.00,-0.04744,-0.05062,-0.00241,0.99759,-0.09512,-0.02947,-0.01210,0.99496,1.00
3442,-0.04713,0.02049,-0.01300,0.99859,-0.04769,-0.02341,-0.00112,0.99859,-0.09502,-0.00234,-0.01202,0.99540,1.00,-0.04747,-0.05048,-0.00240,0.99759,-0.09513,-0.02946,-0.01202,0.99496,1.00
3453,-0.04718,0.02037,-0.01305,0.99859,-0.04747,-0.02339,-0.00111,0.99860,-0.09485,-0.00245,-0.01207,0.99542,1.00,-0.04724,-0.05046,-0.00239,0.99761,-0.09495,-0.02956,-0.01206,0.99497,1.00
3464,-0.04728,0.02029,-0.01312,0.99859,-0.04738,-0.02331,-0.00111,0.99860,-0.09485,-0.00245,-0.01214,0.99541,1.00,-0.04715,-0.05039,-0.00238,0.99761,-0.09495,-0.02957,-0.01213,0.99497,1.00
3475,-0.04741,0.02019,-0.01316,0.99858,-0.04724,-0.02323,-0.00110,0.99861,-0.09485,-0.00246,-0.01218,0.99541,1.00,-0.04701,-0.05030,-0.00237,0.99762,-0.09495,-0.02957,-0.01216,0.99497,1.00
3486,-0.04756,0.02014,-0.01313,0.99858,-0.04479,-0.02310,-0.00104,0.99873,-0.09255,-0.00241,-0.01215,0.99563,1.00,-0.04457,-0.05016,-0.00224,0.99774,-0.09266,-0.02952,-0.01206,0.99519,1.00
3497,-0.04762,0.02009,-0.01313,0.99858,-0.04473,-0.02305,-0.00103,0.99873,-0.09255,-0.00241,-0.01214,0.99563,1.00,-0.04450,-0.05012,-0.00224,0.99775,-0.09266,-0.02952,-0.01205,0.99519,1.00
3509,-0.04754,0.02010,-0.01319,0.99858,-0.04481,-0.02307,-0.00104,0.99873,-0.09255,-0.00242,-0.01221,0.99563,1.00,-0.04458,-0.05014,-0.00224,0.99774,-0.09266,-0.02953,-0.01212,0.99519,1.00
3519,-0.04738,0.02013,-0.01321,0.99859,-0.04448,-0.01900,-0.00085,0.99883,-0.09201,0.00168,-0.01224,0.99568,1.00,-0.04428,-0.04608,-0.00204,0.99795,-0.09215,-0.02544,-0.01215,0.99535,1.00
3530,-0.04715,0.02013,-0.01330,0.99860,-0.04471,-0.01902,-0.00085,0.99882,-0.09201,0.00167,-0.01233,0.99568,1.00,-0.04451,-0.04610,-0.00206,0.99794,-0.09215,-0.02545,-0.01225,0.99534,1.00
3542,-0.04686,0.02023,-0.01335,0.99861,-0.04499,-0.01913,-0.00086,0.99880,-0.09201,0.00167,-0.01239,0.99568,1.00,-0.04478,-0.04622,-0.00207,0.99793,-0.09215,-0.02546,-0.01233,0.99534,1.00
3553,-0.04660,0.02030,-0.01341,0.99862,-0.04583,-0.02264,-0.00104,0.99869,-0.09262,-0.00177,-0.01245,0.99562,1.00,-0.04559,-0.04971,-0.00227,0.99772,-0.09273,-0.02888,-0.01241,0.99519,1.00
3564,-0.04641,0.02034,-0.01335,0.99863,-0.04601,-0.02267,-0.00104,0.99868,-0.09262,-0.00176,-0.01239,0.99562,1.00,-0.04578,-0.04975,-0.00228,0.99771,-0.09273,-0.02888,-0.01236,0.99520,1.00
3576,-0.04632,0.02044,-0.01330,0.99863,-0.04610,-0.02277,-0.00105,0.99868,-0.09262,-0.00176,-0.01234,0.99562,1.00,-0.04587,-0.04984,-0.00229,0.99770,-0.09273,-0.02888,-0.01231,0.99520,1.00
3586,-0.04622,0.02053,-0.01324,0.99863,-0.04502,-0.02172,-0.00098,0.99875,-0.09144,-0.00064,-0.01228,0.99573,1.00,-0.04482,-0.04880,-0.00219,0.99780,-0.09157,-0.02776,-0.01223,0.99534,1.00
3597,-0.04607,0.02059,-0.01328,0.99864,-0.04518,-0.02180,-0.00099,0.99874,-0.09144,-0.00065,-0.01231,0.99573,1.00,-0.04497,-0.04887,-0.00220,0.99779,-0.09157,-0.02776,-0.01227,0.99534,1.00
3609,-0.04592,0.02058,-0.01335,0.99864,-0.04533,-0.02179,-0.00099,0.99873,-0.09144,-0.00065,-0.01239,0.99573,1.00,-0.04511,-0.04887,-0.00221,0.99778,-0.09157,-0.02777,-0.01236,0.99534,1.00
3620,-0.04576,0.02061,-0.01345,0.99865,-0.04727,-0.02168,-0.00103,0.99865,-0.09322,-0.00047,-0.01249,0.99557,1.00,-0.04704,-0.04876,-0.00230,0.99770,-0.09333,-0.02760,-0.01252,0.99517,1.00
3631,-0.04563,0.02057,-0.01354,0.99866,-0.04740,-0.02165,-0.00103,0.99864,-0.09322,-0.00048,-0.01259,0.99557,1.00,-0.04716,-0.04873,-0.00230,0.99770,-0.09333,-0.02761,-0.01262,0.99517,1.00
3642,-0.04546,0.02061,-0.01356,0.99866,-0.04757,-0.02169,-0.00103,0.99863,-0.09322,-0.00049,-0.01260,0.99557,1.00,-0.04734,-0.04878,-0.00231,0.99768,-0.09333,-0.02761,-0.01264,0.99517,1.00
3653,-0.04535,0.02062,-0.01365,0.99867,-0.04725,-0.02013,-0.00095,0.99868,-0.09277,0.00108,-0.01269,0.99561,1.00,-0.04703,-0.04722,-0.00223,0.99777,-0.09290,-0.02605,-0.01273,0.99525,1.00
3664,-0.04521,0.02063,-0.01364,0.99867,-0.04739,-0.02015,-0.00096,0.99867,-0.09277,0.00108,-0.01268,0.99561,1.00,-0.04716,-0.04724,-0.00223,0.99777,-0.09290,-0.02605,-0.01273,0.99525,1.00
3676,-0.04516,0.02065,-0.01370,0.99867,-0.04744,-0.02017,-0.00096,0.99867,-0.09277,0.00108,-0.01275,0.99561,1.00,-0.04721,-0.04726,-0.00224,0.99776,-0.09290,-0.02606,-0.01279,0.99525,1.00
3687,-0.04516,0.02065,-0.01381,0.99867,-0.04703,-0.02012,-0.00095,0.99869,-0.09236,0.00114,-0.01286,0.99564,1.00,-0.04680,-0.04721,-0.00221,0.99779,-0.09250,-0.02599,-0.01290,0.99529,1.00
3698,-0.04516,0.02062,-0.01387,0.99867,-0.04703,-0.02010,-0.00095,0.99869,-0.09236,0.00114,-0.01292,0.99564,1.00,-0.04680,-0.04719,-0.00221,0.99779,-0.09249,-0.02600,-0.01295,0.99529,1.00
3709,-0.04520,0.02062,-0.01390,0.99867,-0.04699,-0.02010,-0.00095,0.99869,-0.09236,0.00113,-0.01295,0.99564,1.00,-0.04676,-0.04719,-0.00221,0.99779,-0.09249,-0.02600,-0.01298,0.99529,1.00
3720,-0.04532,0.02059,-0.01395,0.99866,-0.04699,-0.02146,-0.00101,0.99866,-0.09250,-0.00026,-0.01300,0.99563,1.00,-0.04675,-0.04854,-0.00227,0.99772,-0.09263,-0.02738,-0.01302,0.99524,1.00
3731,-0.04541,0.02060,-0.01396,0.99866,-0.04690,-0.02147,-0.00101,0.99867,-0.09250,-0.00026,-0.01300,0.99563,1.00,-0.04666,-0.04855,-0.00227,0.99773,-0.09263,-0.02738,-0.01302,0.99524,1.00
3743,-0.04543,0.02055,-0.01399,0.99866,-0.04688,-0.02143,-0.00101,0.99867,-0.09250,-0.00026,-0.01303,0.99563,1.00,-0.04664,-0.04851,-0.00227,0.99773,-0.09263,-0.02739,-0.01306,0.99524,1.00
3757,-0.04539,0.02057,-0.01403,0.99866,-0.04666,-0.02149,-0.00100,0.99868,-0.09225,-0.00031,-0.01307,0.99565,1.00,-0.04643,-0.04857,-0.00226,0.99774,-0.09239,-0.02744,-0.01309,0.99526,1.00
3765,-0.04538,0.02054,-0.01404,0.99866,-0.04667,-0.02146,-0.00100,0.99868,-0.09225,-0.00031,-0.01309,0.99565,1.00,-0.04644,-0.04854,-0.00226,0.99774,-0.09239,-0.02744,-0.01311,0.99526,1.00
3776,-0.04530,0.02053,-0.01404,0.99866,-0.04675,-0.02145,-0.00100,0.99868,-0.09225,-0.00031,-0.01309,0.99565,1.00,-0.04652,-0.04853,-0.00226,0.99774,-0.09239,-0.02744,-0.01311,0.99526,1.00
3787,-0.04520,0.02051,-0.01411,0.99867,-0.04689,-0.02125,-0.00100,0.99867,-0.09229,-0.00013,-0.01317,0.99564,1.00,-0.04666,-0.04834,-0.00226,0.99774,-0.09243,-0.02726,-0.01319,0.99526,1.00
3798,-0.04511,0.02046,-0.01408,0.99867,-0.04699,-0.02120,-0.00100,0.99867,-0.09229,-0.00013,-0.01314,0.99565,1.00,-0.04676,-0.04829,-0.00226,0.99774,-0.09243,-0.02725,-0.01317,0.99526,1.00
3810,-0.04508,0.02039,-0.01411,0.99868,-0.04702,-0.02115,-0.00100,0.99867,-0.09229,-0.00013,-0.01317,0.99564,1.00,-0.04679,-0.04823,-0.00226,0.99774,-0.09243,-0.02726,-0.01321,0.99526,1.00
3820,-0.04502,0.02033,-0.01407,0.99868,-0.04696,-0.01953,-0.00092,0.99871,-0.09216,0.00142,-0.01314,0.99566,1.00,-0.04675,-0.04662,-0.00218,0.99782,-0.09231,-0.02572,-0.01317,0.99531,1.00
3831,-0.04499,0.02027,-0.01417,0.99868,-0.04700,-0.01949,-0.00092,0.99870,-0.09216,0.00141,-0.01323,0.99566,1.00,-0.04678,-0.04658,-0.00218,0.99782,-0.09231,-0.02572,-0.01327,0.99531,1.00
3843,-0.04495,0.02016,-0.01429,0.99868,-0.04703,-0.01940,-0.00091,0.99870,-0.09216,0.00140,-0.01336,0.99565,1.00,-0.04681,-0.04649,-0.00218,0.99782,-0.09231,-0.02574,-0.01340,0.99531,1.00
3854,-0.04492,0.02012,-0.01453,0.99868,-0.04682,-0.01951,-0.00091,0.99871,-0.09193,0.00125,-0.01360,0.99567,1.00,-0.04659,-0.04660,-0.00218,0.99782,-0.09208,-0.02588,-0.01364,0.99532,1.00
3865,-0.04491,0.02004,-0.01451,0.99868,-0.04684,-0.01943,-0.00091,0.99871,-0.09193,0.00125,-0.01359,0.99567,1.00,-0.04661,-0.04652,-0.00217,0.99783,-0.09208,-0.02588,-0.01362,0.99532,1.00
3877,-0.04487,0.01998,-0.01448,0.99869,-0.04688,-0.01937,-0.00091,0.99871,-0.09193,0.00125,-0.01356,0.99567,1.00,-0.04665,-0.04646,-0.00217,0.99783,-0.09208,-0.02588,-0.01360,0.99532,1.00
3887,-0.04488,0.01996,-0.01446,0.99869,-0.04680,-0.02012,-0.00094,0.99870,-0.09188,0.00047,-0.01355,0.99568,1.00,-0.04658,-0.04721,-0.00220,0.99780,-0.09203,-0.02666,-0.01358,0.99531,1.00
3898,-0.04492,0.01996,-0.01446,0.99869,-0.04677,-0.02012,-0.00094,0.99870,-0.09188,0.00047,-0.01355,0.99568,1.00,-0.04654,-0.04721,-0.00220,0.99780,-0.09203,-0.02665,-0.01358,0.99531,1.00
3910,-0.04514,0.01994,-0.01447,0.99868,-0.04655,-0.02010,-0.00094,0.99871,-0.09188,0.00047,-0.01355,0.99568,1.00,-0.04633,-0.04719,-0.00219,0.99781,-0.09203,-0.02665,-0.01357,0.99531,1.00
3920,-0.04532,0.01999,-0.01446,0.99867,-0.04626,-0.02063,-0.00096,0.99872,-0.09178,-0.00001,-0.01353,0.99569,1.00,-0.04604,-0.04771,-0.00220,0.99780,-0.09194,-0.02714,-0.01354,0.99530,1.00
3931,-0.04548,0.02008,-0.01466,0.99866,-0.04610,-0.02075,-0.00096,0.99872,-0.09178,-0.00003,-0.01373,0.99568,1.00,-0.04587,-0.04783,-0.00220,0.99780,-0.09193,-0.02715,-0.01373,0.99530,1.00
3943,-0.04539,0.02024,-0.01502,0.99865,-0.04617,-0.02095,-0.00097,0.99871,-0.09178,-0.00006,-0.01408,0.99568,1.00,-0.04593,-0.04803,-0.00221,0.99779,-0.09192,-0.02719,-0.01408,0.99530,1.00
3954,-0.04528,0.02035,-0.01522,0.99865,-0.04621,-0.02111,-0.00098,0.99871,-0.09172,-0.00009,-0.01428,0.99568,1.00,-0.04596,-0.04819,-0.00222,0.99778,-0.09186,-0.02722,-0.01429,0.99530,1.00
3965,-0.04529,0.02048,-0.01510,0.99865,-0.04621,-0.02122,-0.00098,0.99871,-0.09172,-0.00008,-0.01415,0.99568,1.00,-0.04596,-0.04830,-0.00222,0.99777,-0.09186,-0.02721,-0.01415,0.99530,1.00
3977,-0.04529,0.02055,-0.01500,0.99865,-0.04621,-0.02127,-0.00098,0.99871,-0.09172,-0.00007,-0.01405,0.99569,1.00,-0.04597,-0.04835,-0.00223,0.99777,-0.09187,-0.02720,-0.01406,0.99530,1.00
3987,-0.04527,0.02059,-0.01483,0.99865,-0.04635,-0.02040,-0.00095,0.99872,-0.09182,0.00083,-0.01388,0.99568,1.00,-0.04614,-0.04749,-0.00220,0.99780,-0.09199,-0.02630,-0.01389,0.99532,1.00
3998,-0.04521,0.02065,-0.01463,0.99866,-0.04640,-0.02044,-0.00095,0.99871,-0.09182,0.00085,-0.01368,0.99568,1.00,-0.04621,-0.04753,-0.00220,0.99780,-0.09200,-0.02628,-0.01369,0.99532,1.00
4010,-0.04523,0.02064,-0.01449,0.99866,-0.04639,-0.02041,-0.00095,0.99871,-0.09182,0.00086,-0.01354,0.99568,1.00,-0.04620,-0.04749,-0.00220,0.99780,-0.09200,-0.02627,-0.01356,0.99532,1.00
4021,-0.04526,0.02063,-0.01444,0.99866,-0.04500,-0.01919,-0.00086,0.99880,-0.09044,0.00206,-0.01349,0.99581,1.00,-0.04482,-0.04627,-0.00208,0.99792,-0.09064,-0.02507,-0.01346,0.99548,1.00
4032,-0.04521,0.02065,-0.01447,0.99866,-0.04505,-0.01921,-0.00087,0.99880,-0.09044,0.00206,-0.01352,0.99581,1.00,-0.04487,-0.04629,-0.00208,0.99792,-0.09064,-0.02507,-0.01350,0.99548,1.00
4044,-0.04522,0.02063,-0.01455,0.99866,-0.04505,-0.01920,-0.00087,0.99880,-0.09044,0.00205,-0.01360,0.99581,1.00,-0.04486,-0.04628,-0.00208,0.99792,-0.09064,-0.02508,-0.01358,0.99548,1.00
4054,-0.04529,0.02053,-0.01457,0.99866,-0.04415,-0.01937,-0.00086,0.99884,-0.08962,0.00177,-0.01363,0.99588,1.00,-0.04395,-0.04645,-0.00205,0.99795,-0.08981,-0.02535,-0.01358,0.99554,1.00
4065,-0.04531,0.02046,-0.01457,0.99866,-0.04413,-0.01930,-0.00085,0.99884,-0.08962,0.00177,-0.01363,0.99588,1.00,-0.04394,-0.04638,-0.00204,0.99796,-0.08981,-0.02535,-0.01358,0.99554,1.00
4077,-0.04537,0.02036,-0.01459,0.99866,-0.04407,-0.01920,-0.00085,0.99884,-0.08962,0.00177,-0.01365,0.99588,1.00,-0.04387,-0.04628,-0.00203,0.99796,-0.08981,-0.02535,-0.01360,0.99554,1.00
4087,-0.04538,0.02027,-0.01464,0.99866,-0.04409,-0.01914,-0.00084,0.99884,-0.08965,0.00174,-0.01371,0.99588,1.00,-0.04389,-0.04622,-0.00203,0.99796,-0.08983,-0.02538,-0.01366,0.99554,1.00
4099,-0.04541,0.02022,-0.01472,0.99866,-0.04406,-0.01909,-0.00084,0.99885,-0.08965,0.00174,-0.01378,0.99588,1.00,-0.04385,-0.04617,-0.00203,0.99797,-0.08983,-0.02538,-0.01373,0.99554,1.00
4110,-0.04541,0.02018,-0.01477,0.99866,-0.04406,-0.01906,-0.00084,0.99885,-0.08965,0.00173,-0.01384,0.99588,1.00,-0.04385,-0.04614,-0.00203,0.99797,-0.08983,-0.02539,-0.01379,0.99554,1.00
4121,-0.04543,0.02014,-0.01477,0.99866,-0.04622,-0.01943,-0.00090,0.99874,-0.09184,0.00136,-0.01384,0.99568,1.00,-0.04601,-0.04651,-0.00214,0.99786,-0.09201,-0.02577,-0.01384,0.99533,1.00
4132,-0.04547,0.02018,-0.01475,0.99865,-0.04618,-0.01946,-0.00090,0.99874,-0.09184,0.00136,-0.01382,0.99568,1.00,-0.04597,-0.04655,-0.00214,0.99786,-0.09201,-0.02577,-0.01382,0.99533,1.00
4144,-0.04556,0.02020,-0.01472,0.99865,-0.04609,-0.01947,-0.00090,0.99875,-0.09184,0.00137,-0.01378,0.99568,1.00,-0.04588,-0.04656,-0.00214,0.99786,-0.09201,-0.02576,-0.01378,0.99533,1.00
4155,-0.04565,0.02028,-0.01469,0.99864,-0.04639,-0.02040,-0.00095,0.99871,-0.09223,0.00052,-0.01375,0.99564,1.00,-0.04618,-0.04748,-0.00220,0.99780,-0.09240,-0.02660,-0.01375,0.99527,1.00
4165,-0.04575,0.02029,-0.01473,0.99864,-0.04628,-0.02041,-0.00095,0.99872,-0.09223,0.00052,-0.01378,0.99564,1.00,-0.04607,-0.04750,-0.00219,0.99781,-0.09240,-0.02661,-0.01378,0.99527,1.00
4177,-0.04578,0.02032,-0.01488,0.99863,-0.04625,-0.02046,-0.00095,0.99872,-0.09223,0.00051,-0.01393,0.99564,1.00,-0.04603,-0.04755,-0.00219,0.99781,-0.09240,-0.02662,-0.01393,0.99527,1.00
4188,-0.04588,0.02046,-0.01514,0.99862,-0.04598,-0.02047,-0.00094,0.99873,-0.09207,0.00065,-0.01418,0.99565,1.00,-0.04575,-0.04755,-0.00218,0.99782,-0.09223,-0.02648,-0.01417,0.99528,1.00
4199,-0.04595,0.02052,-0.01513,0.99862,-0.04591,-0.02053,-0.00094,0.99873,-0.09207,0.00065,-0.01417,0.99565,1.00,-0.04568,-0.04761,-0.00218,0.99782,-0.09223,-0.02648,-0.01415,0.99529,1.00
4211,-0.04599,0.02065,-0.01518,0.99861,-0.04587,-0.02066,-0.00095,0.99873,-0.09207,0.00064,-0.01421,0.99565,1.00,-0.04564,-0.04775,-0.00218,0.99781,-0.09223,-0.02648,-0.01419,0.99528,1.00
4221,-0.04599,0.02077,-0.01518,0.99861,-0.04606,-0.02089,-0.00096,0.99872,-0.09226,0.00054,-0.01420,0.99563,1.00,-0.04584,-0.04798,-0.00220,0.99779,-0.09243,-0.02659,-0.01419,0.99526,1.00
4232,-0.04593,0.02080,-0.01518,0.99861,-0.04611,-0.02092,-0.00097,0.99872,-0.09226,0.00054,-0.01420,0.99563,1.00,-0.04589,-0.04800,-0.00221,0.99779,-0.09243,-0.02659,-0.01419,0.99526,1.00
4244,-0.04586,0.02086,-0.01518,0.99861,-0.04618,-0.02099,-0.00097,0.99871,-0.09226,0.00054,-0.01421,0.99563,1.00,-0.04596,-0.04807,-0.00221,0.99778,-0.09243,-0.02659,-0.01420,0.99526,1.00
4255,-0.04569,0.02088,-0.01522,0.99862,-0.04525,-0.02060,-0.00093,0.99876,-0.09115,0.00093,-0.01424,0.99573,1.00,-0.04504,-0.04768,-0.00215,0.99784,-0.09133,-0.02619,-0.01421,0.99537,1.00
4266,-0.04551,0.02088,-0.01532,0.99863,-0.04542,-0.02062,-0.00094,0.99875,-0.09115,0.00092,-0.01435,0.99573,1.00,-0.04520,-0.04770,-0.00216,0.99784,-0.09133,-0.02620,-0.01433,0.99537,1.00
4278,-0.04526,0.02077,-0.01540,0.99864,-0.04567,-0.02053,-0.00094,0.99875,-0.09115,0.00091,-0.01444,0.99573,1.00,-0.04545,-0.04761,-0.00217,0.99783,-0.09133,-0.02621,-0.01443,0.99537,1.00
4288,-0.04520,0.02076,-0.01539,0.99864,-0.04560,-0.01997,-0.00091,0.99876,-0.09101,0.00146,-0.01444,0.99574,1.00,-0.04538,-0.04705,-0.00214,0.99786,-0.09119,-0.02567,-0.01443,0.99540,1.00
4299,-0.04510,0.02074,-0.01534,0.99865,-0.04570,-0.01994,-0.00091,0.99876,-0.09101,0.00146,-0.01438,0.99575,1.00,-0.04548,-0.04703,-0.00214,0.99786,-0.09119,-0.02566,-0.01438,0.99540,1.00
4311,-0.04506,0.02069,-0.01533,0.99865,-0.04574,-0.01989,-0.00091,0.99876,-0.09101,0.00146,-0.01438,0.99575,1.00,-0.04552,-0.04697,-0.00214,0.99786,-0.09119,-0.02566,-0.01438,0.99540,1.00
4322,-0.04500,0.02066,-0.01533,0.99866,-0.04735,-0.01983,-0.00094,0.99868,-0.09255,0.00151,-0.01437,0.99560,1.00,-0.04713,-0.04692,-0.00222,0.99778,-0.09273,-0.02562,-0.01442,0.99526,1.00
4333,-0.04490,0.02058,-0.01536,0.99866,-0.04745,-0.01975,-0.00094,0.99868,-0.09255,0.00151,-0.01441,0.99560,1.00,-0.04723,-0.04684,-0.00222,0.99778,-0.09273,-0.02562,-0.01447,0.99526,1.00
4344,-0.04482,0.02050,-0.01543,0.99867,-0.04752,-0.01969,-0.00094,0.99868,-0.09255,0.00150,-0.01449,0.99560,1.00,-0.04730,-0.04678,-0.00222,0.99778,-0.09273,-0.02563,-0.01454,0.99526,1.00
4355,-0.04473,0.02040,-0.01538,0.99867,-0.04812,-0.02276,-0.00110,0.99858,-0.09309,-0.00167,-0.01445,0.99555,1.00,-0.04788,-0.04984,-0.00239,0.99761,-0.09325,-0.02880,-0.01453,0.99512,1.00
4366,-0.04465,0.02028,-0.01532,0.99868,-0.04819,-0.02264,-0.00109,0.99858,-0.09309,-0.00167,-0.01440,0.99555,1.00,-0.04796,-0.04972,-0.00239,0.99761,-0.09325,-0.02879,-0.01448,0.99512,1.00
4378,-0.04458,0.02024,-0.01529,0.99868,-0.04827,-0.02260,-0.00109,0.99858,-0.09309,-0.00167,-0.01438,0.99555,1.00,-0.04803,-0.04968,-0.00239,0.99761,-0.09325,-0.02879,-0.01446,0.99512,1.00
4388,-0.04452,0.02015,-0.01529,0.99869,-0.04927,-0.02267,-0.00112,0.99853,-0.09403,-0.00182,-0.01438,0.99546,1.00,-0.04903,-0.04975,-0.00245,0.99755,-0.09419,-0.02895,-0.01449,0.99503,1.00
4400,-0.04448,0.02007,-0.01533,0.99869,-0.04931,-0.02260,-0.00112,0.99853,-0.09403,-0.00183,-0.01443,0.99546,1.00,-0.04907,-0.04969,-0.00244,0.99756,-0.09419,-0.02896,-0.01454,0.99503,1.00
4411,-0.04444,0.02002,-0.01536,0.99869,-0.04935,-0.02255,-0.00111,0.99853,-0.09403,-0.00183,-0.01446,0.99546,1.00,-0.04911,-0.04964,-0.00244,0.99756,-0.09419,-0.02896,-0.01458,0.99503,1.00
4422,-0.04440,0.02003,-0.01539,0.99869,-0.04797,-0.02076,-0.00100,0.99863,-0.09259,-0.00004,-0.01448,0.99560,1.00,-0.04775,-0.04785,-0.00229,0.99771,-0.09277,-0.02717,-0.01456,0.99521,1.00
4433,-0.04426,0.02003,-0.01533,0.99870,-0.04812,-0.02076,-0.00100,0.99863,-0.09259,-0.00004,-0.01443,0.99560,1.00,-0.04789,-0.04785,-0.00230,0.99770,-0.09277,-0.02717,-0.01451,0.99521,1.00
4445,-0.04415,0.02010,-0.01530,0.99871,-0.04823,-0.02082,-0.00101,0.99862,-0.09259,-0.00003,-0.01439,0.99560,1.00,-0.04801,-0.04791,-0.00231,0.99769,-0.09277,-0.02717,-0.01448,0.99521,1.00
4455,-0.04402,0.02014,-0.01522,0.99871,-0.04785,-0.02024,-0.00097,0.99865,-0.09208,0.00058,-0.01431,0.99565,1.00,-0.04764,-0.04733,-0.00226,0.99774,-0.09227,-0.02655,-0.01440,0.99528,1.00
4466,-0.04394,0.02024,-0.01520,0.99871,-0.04793,-0.02034,-0.00098,0.99864,-0.09208,0.00058,-0.01429,0.99565,1.00,-0.04772,-0.04743,-0.00227,0.99773,-0.09227,-0.02655,-0.01439,0.99528,1.00
4478,-0.04389,0.02031,-0.01520,0.99871,-0.04799,-0.02041,-0.00098,0.99864,-0.09208,0.00058,-0.01429,0.99565,1.00,-0.04777,-0.04751,-0.00227,0.99773,-0.09227,-0.02655,-0.01438,0.99528,1.00
4489,-0.04387,0.02037,-0.01522,0.99871,-0.04773,-0.02045,-0.00098,0.99865,-0.09181,0.00060,-0.01431,0.99567,1.00,-0.04752,-0.04754,-0.00226,0.99774,-0.09199,-0.02653,-0.01440,0.99530,1.00
4500,-0.04385,0.02042,-0.01524,0.99871,-0.04775,-0.02050,-0.00098,0.99865,-0.09181,0.00060,-0.01432,0.99567,1.00,-0.04754,-0.04759,-0.00227,0.99773,-0.09199,-0.02653,-0.01441,0.99530,1.00
4511,-0.04381,0.02042,-0.01528,0.99871,-0.04779,-0.02051,-0.00098,0.99865,-0.09181,0.00060,-0.01436,0.99567,1.00,-0.04757,-0.04760,-0.00227,0.99773,-0.09199,-0.02654,-0.01445,0.99530,1.00
4522,-0.04381,0.02043,-0.01528,0.99871,-0.04689,-0.02147,-0.00101,0.99867,-0.09093,-0.00036,-0.01437,0.99575,1.00,-0.04667,-0.04855,-0.00227,0.99773,-0.09111,-0.02749,-0.01444,0.99536,1.00
4533,-0.04381,0.02040,-0.01524,0.99872,-0.04689,-0.02143,-0.00101,0.99867,-0.09093,-0.00036,-0.01433,0.99575,1.00,-0.04667,-0.04851,-0.00227,0.99773,-0.09111,-0.02749,-0.01439,0.99536,1.00
4545,-0.04388,0.02039,-0.01513,0.99871,-0.04683,-0.02140,-0.00100,0.99867,-0.09093,-0.00035,-0.01422,0.99576,1.00,-0.04661,-0.04848,-0.00227,0.99773,-0.09111,-0.02748,-0.01428,0.99536,1.00
4556,-0.04392,0.02036,-0.01502,0.99871,-0.04911,-0.02158,-0.00106,0.99856,-0.09325,-0.00053,-0.01411,0.99554,1.00,-0.04888,-0.04867,-0.00238,0.99762,-0.09342,-0.02766,-0.01424,0.99514,1.00
4567,-0.04391,0.02033,-0.01492,0.99872,-0.04912,-0.02154,-0.00106,0.99856,-0.09325,-0.00052,-0.01401,0.99554,1.00,-0.04891,-0.04863,-0.00238,0.99762,-0.09342,-0.02765,-0.01414,0.99514,1.00
4578,-0.04385,0.02024,-0.01482,0.99872,-0.04919,-0.02143,-0.00106,0.99856,-0.09325,-0.00051,-0.01392,0.99555,1.00,-0.04898,-0.04852,-0.00238,0.99762,-0.09343,-0.02765,-0.01405,0.99514,1.00
4589,-0.04379,0.02016,-0.01480,0.99873,-0.04812,-0.02226,-0.00107,0.99859,-0.09214,-0.00143,-0.01390,0.99565,1.00,-0.04790,-0.04934,-0.00237,0.99763,-0.09230,-0.02855,-0.01400,0.99522,1.00
4601,-0.04370,0.02009,-0.01482,0.99873,-0.04821,-0.02219,-0.00107,0.99859,-0.09214,-0.00143,-0.01393,0.99565,1.00,-0.04799,-0.04927,-0.00237,0.99763,-0.09230,-0.02856,-0.01403,0.99522,1.00
4612,-0.04362,0.01997,-0.01486,0.99874,-0.04829,-0.02207,-0.00107,0.99859,-0.09214,-0.00143,-0.01398,0.99565,1.00,-0.04807,-0.04915,-0.00237,0.99763,-0.09230,-0.02856,-0.01409,0.99522,1.00
4622,-0.04359,0.01990,-0.01498,0.99874,-0.04825,-0.02217,-0.00107,0.99859,-0.09207,-0.00159,-0.01410,0.99565,1.00,-0.04801,-0.04925,-0.00237,0.99763,-0.09222,-0.02872,-0.01421,0.99522,1.00
4634,-0.04350,0.01979,-0.01531,0.99874,-0.04833,-0.02211,-0.00107,0.99859,-0.09207,-0.00162,-0.01444,0.99565,1.00,-0.04807,-0.04919,-0.00237,0.99763,-0.09221,-0.02875,-0.01455,0.99522,1.00
4645,-0.04368,0.01972,-0.01548,0.99873,-0.04814,-0.02205,-0.00106,0.99860,-0.09207,-0.00164,-0.01461,0.99564,1.00,-0.04788,-0.04914,-0.00236,0.99764,-0.09220,-0.02876,-0.01471,0.99522,1.00
4656,-0.04376,0.01955,-0.01554,0.99873,-0.04791,-0.02145,-0.00103,0.99862,-0.09190,-0.00120,-0.01467,0.99566,1.00,-0.04765,-0.04854,-0.00232,0.99768,-0.09205,-0.02833,-0.01476,0.99524,1.00
4667,-0.04383,0.01942,-0.01552,0.99873,-0.04785,-0.02132,-0.00102,0.99863,-0.09190,-0.00120,-0.01465,0.99566,1.00,-0.04759,-0.04840,-0.00231,0.99769,-0.09205,-0.02833,-0.01474,0.99524,1.00
4679,-0.04377,0.01925,-0.01559,0.99873,-0.04790,-0.02116,-0.00101,0.99863,-0.09190,-0.00121,-0.01473,0.99566,1.00,-0.04764,-0.04824,-0.00230,0.99770,-0.09205,-0.02834,-0.01482,0.99524,1.00
4690,-0.04378,0.01910,-0.01567,0.99874,-0.04742,-0.02126,-0.00101,0.99865,-0.09143,-0.00146,-0.01482,0.99570,1.00,-0.04717,-0.04835,-0.00229,0.99771,-0.09159,-0.02859,-0.01490,0.99527,1.00
4700,-0.04384,0.01904,-0.01573,0.99873,-0.04736,-0.02121,-0.00101,0.99865,-0.09143,-0.00147,-0.01489,0.99570,1.00,-0.04711,-0.04829,-0.00228,0.99772,-0.09159,-0.02859,-0.01496,0.99527,1.00
4712,-0.04372,0.01885,-0.01575,0.99874,-0.04749,-0.02103,-0.00100,0.99865,-0.09143,-0.00147,-0.01491,0.99570,1.00,-0.04723,-0.04811,-0.00228,0.99772,-0.09159,-0.02860,-0.01500,0.99527,1.00
4723,-0.04367,0.01856,-0.01574,0.99875,-0.04861,-0.01986,-0.00097,0.99862,-0.09250,-0.00058,-0.01491,0.99560,1.00,-0.04837,-0.04696,-0.00228,0.99772,-0.09267,-0.02772,-0.01503,0.99520,1.00
4734,-0.04367,0.01840,-0.01562,0.99875,-0.04862,-0.01969,-0.00096,0.99862,-0.09250,-0.00057,-0.01480,0.99560,1.00,-0.04839,-0.04678,-0.00227,0.99773,-0.09267,-0.02771,-0.01492,0.99520,1.00
4746,-0.04383,0.01823,-0.01557,0.99875,-0.04847,-0.01950,-0.00095,0.99863,-0.09250,-0.00056,-0.01476,0.99560,1.00,-0.04824,-0.04660,-0.00225,0.99775,-0.09268,-0.02770,-0.01486,0.99520,1.00
4756,-0.04400,0.01805,-0.01562,0.99875,-0.04724,-0.02024,-0.00096,0.99868,-0.09146,-0.00150,-0.01481,0.99570,1.00,-0.04702,-0.04733,-0.00223,0.99777,-0.09165,-0.02862,-0.01488,0.99527,1.00
4767,-0.04418,0.01800,-0.01569,0.99874,-0.04707,-0.02020,-0.00095,0.99869,-0.09146,-0.00150,-0.01488,0.99570,1.00,-0.04684,-0.04729,-0.00222,0.99778,-0.09165,-0.02863,-0.01494,0.99527,1.00
4778,-0.04434,0.01792,-0.01568,0.99873,-0.04691,-0.02011,-0.00094,0.99870,-0.09146,-0.00150,-0.01487,0.99570,1.00,-0.04669,-0.04720,-0.00221,0.99779,-0.09165,-0.02863,-0.01492,0.99527,1.00
4790,-0.04445,0.01788,-0.01548,0.99873,-0.04663,-0.01980,-0.00092,0.99872,-0.09128,-0.00123,-0.01466,0.99572,1.00,-0.04642,-0.04688,-0.00218,0.99782,-0.09148,-0.02836,-0.01471,0.99529,1.00
4801,-0.04456,0.01795,-0.01523,0.99873,-0.04652,-0.01983,-0.00092,0.99872,-0.09128,-0.00121,-0.01441,0.99572,1.00,-0.04633,-0.04691,-0.00218,0.99782,-0.09148,-0.02834,-0.01445,0.99530,1.00
4812,-0.04465,0.01810,-0.01495,0.99873,-0.04644,-0.01994,-0.00093,0.99872,-0.09128,-0.00118,-0.01413,0.99572,1.00,-0.04626,-0.04702,-0.00218,0.99782,-0.09149,-0.02831,-0.01416,0.99530,1.00
4823,-0.04464,0.01830,-0.01473,0.99873,-0.04673,-0.02043,-0.00096,0.99870,-0.09157,-0.00149,-0.01390,0.99570,1.00,-0.04656,-0.04752,-0.00222,0.99778,-0.09178,-0.02861,-0.01394,0.99527,1.00
4835,-0.04472,0.01849,-0.01458,0.99872,-0.04665,-0.02060,-0.00096,0.99870,-0.09157,-0.00147,-0.01374,0.99570,1.00,-0.04649,-0.04769,-0.00222,0.99778,-0.09178,-0.02860,-0.01378,0.99527,1.00
4846,-0.04478,0.01869,-0.01441,0.99872,-0.04659,-0.02077,-0.00097,0.99870,-0.09157,-0.00145,-0.01356,0.99571,1.00,-0.04643,-0.04786,-0.00223,0.99777,-0.09179,-0.02858,-0.01359,0.99528,1.00
4856,-0.04478,0.01885,-0.01443,0.99872,-0.04527,-0.02093,-0.00095,0.99876,-0.09025,-0.00146,-0.01356,0.99583,1.00,-0.04509,-0.04801,-0.00217,0.99783,-0.09045,-0.02858,-0.01356,0.99540,1.00
4867,-0.04481,0.01908,-0.01462,0.99871,-0.04522,-0.02118,-0.00096,0.99875,-0.09025,-0.00148,-0.01375,0.99582,1.00,-0.04504,-0.04826,-0.00218,0.99782,-0.09044,-0.02860,-0.01374,0.99540,1.00
4879,-0.04486,0.01932,-0.01481,0.99870,-0.04516,-0.02145,-0.00097,0.99875,-0.09025,-0.00149,-0.01392,0.99582,1.00,-0.04497,-0.04853,-0.00219,0.99781,-0.09044,-0.02861,-0.01391,0.99539,1.00
4890,-0.04492,0.01950,-0.01492,0.99869,-0.04527,-0.02222,-0.00101,0.99873,-0.09042,-0.00209,-0.01402,0.99580,1.00,-0.04505,-0.04930,-0.00223,0.99777,-0.09058,-0.02920,-0.01401,0.99536,1.00
4901,-0.04506,0.01963,-0.01494,0.99868,-0.04513,-0.02235,-0.00101,0.99873,-0.09042,-0.00209,-0.01403,0.99580,1.00,-0.04490,-0.04942,-0.00222,0.99777,-0.09058,-0.02920,-0.01402,0.99536,1.00
4912,-0.04507,0.01975,-0.01484,0.99868,-0.04512,-0.02245,-0.00101,0.99873,-0.09042,-0.00208,-0.01393,0.99580,1.00,-0.04490,-0.04953,-0.00223,0.99776,-0.09059,-0.02919,-0.01391,0.99536,1.00
4923,-0.04518,0.01984,-0.01470,0.99867,-0.04518,-0.02196,-0.00099,0.99874,-0.09058,-0.00150,-0.01379,0.99579,1.00,-0.04497,-0.04904,-0.00221,0.99778,-0.09076,-0.02861,-0.01377,0.99537,1.00
4935,-0.04525,0.01996,-0.01466,0.99867,-0.04511,-0.02208,-0.00100,0.99874,-0.09058,-0.00149,-0.01374,0.99579,1.00,-0.04490,-0.04915,-0.00221,0.99778,-0.09076,-0.02861,-0.01372,0.99537,1.00
4946,-0.04540,0.02011,-0.01473,0.99866,-0.04496,-0.02223,-0.00100,0.99874,-0.09058,-0.00150,-0.01379,0.99579,1.00,-0.04475,-0.04930,-0.00221,0.99778,-0.09076,-0.02861,-0.01376,0.99537,1.00
4957,-0.04551,0.02029,-0.01493,0.99865,-0.04634,-0.02074,-0.00096,0.99871,-0.09206,0.00019,-0.01398,0.99566,1.00,-0.04612,-0.04783,-0.00221,0.99779,-0.09223,-0.02693,-0.01399,0.99528,1.00
4968,-0.04566,0.02042,-0.01493,0.99864,-0.04619,-0.02088,-0.00097,0.99871,-0.09206,0.00019,-0.01397,0.99566,1.00,-0.04597,-0.04796,-0.00221,0.99779,-0.09223,-0.02693,-0.01397,0.99528,1.00
4979,-0.04570,0.02052,-0.01493,0.99863,-0.04615,-0.02097,-0.00097,0.99871,-0.09206,0.00019,-0.01397,0.99566,1.00,-0.04593,-0.04806,-0.00221,0.99779,-0.09223,-0.02693,-0.01397,0.99528,1.00
4990,-0.04572,0.02058,-0.01486,0.99863,-0.04641,-0.01974,-0.00092,0.99873,-0.09233,0.00149,-0.01390,0.99563,1.00,-0.04620,-0.04683,-0.00217,0.99783,-0.09250,-0.02565,-0.01390,0.99528,1.00
5002,-0.04572,0.02059,-0.01488,0.99863,-0.04641,-0.01976,-0.00092,0.99873,-0.09233,0.00149,-0.01391,0.99563,1.00,-0.04620,-0.04685,-0.00217,0.99783,-0.09250,-0.02565,-0.01392,0.99528,1.00
5013,-0.04563,0.02053,-0.01475,0.99864,-0.04651,-0.01968,-0.00092,0.99872,-0.09232,0.00150,-0.01379,0.99563,1.00,-0.04631,-0.04677,-0.00217,0.99783,-0.09251,-0.02564,-0.01380,0.99529,1.00
5024,-0.04550,0.02041,-0.01466,0.99865,-0.04690,-0.01884,-0.00088,0.99872,-0.09258,0.00221,-0.01371,0.99561,1.00,-0.04671,-0.04594,-0.00215,0.99785,-0.09277,-0.02492,-0.01373,0.99528,1.00
5035,-0.04538,0.02031,-0.01463,0.99866,-0.04702,-0.01874,-0.00088,0.99872,-0.09258,0.00222,-0.01369,0.99561,1.00,-0.04683,-0.04584,-0.00215,0.99785,-0.09277,-0.02492,-0.01372,0.99528,1.00
5046,-0.04530,0.02020,-0.01468,0.99866,-0.04610,-0.01863,-0.00086,0.99876,-0.09157,0.00221,-0.01375,0.99570,1.00,-0.04590,-0.04572,-0.00210,0.99790,-0.09175,-0.02492,-0.01375,0.99537,1.00
5057,-0.04519,0.02010,-0.01477,0.99867,-0.04620,-0.01854,-0.00086,0.99876,-0.09157,0.00220,-0.01384,0.99570,1.00,-0.04600,-0.04563,-0.00210,0.99790,-0.09175,-0.02493,-0.01385,0.99537,1.00
5068,-0.04514,0.01998,-0.01478,0.99867,-0.04626,-0.01843,-0.00085,0.99876,-0.09157,0.00220,-0.01386,0.99570,1.00,-0.04606,-0.04552,-0.00210,0.99790,-0.09175,-0.02493,-0.01387,0.99537,1.00
5080,-0.04512,0.01995,-0.01476,0.99867,-0.04628,-0.01839,-0.00085,0.99876,-0.09157,0.00220,-0.01384,0.99570,1.00,-0.04608,-0.04548,-0.00210,0.99790,-0.09175,-0.02493,-0.01386,0.99537,1.00
5090,-0.04510,0.01992,-0.01472,0.99868,-0.04610,-0.01854,-0.00086,0.99876,-0.09137,0.00202,-0.01380,0.99572,1.00,-0.04590,-0.04563,-0.00210,0.99790,-0.09156,-0.02511,-0.01381,0.99539,1.00
5101,-0.04503,0.01990,-0.01477,0.99868,-0.04617,-0.01853,-0.00086,0.99876,-0.09137,0.00201,-0.01386,0.99572,1.00,-0.04596,-0.04562,-0.00210,0.99790,-0.09156,-0.02512,-0.01387,0.99539,1.00
5113,-0.04496,0.01990,-0.01473,0.99868,-0.04624,-0.01852,-0.00086,0.99876,-0.09137,0.00202,-0.01381,0.99572,1.00,-0.04604,-0.04561,-0.00210,0.99790,-0.09156,-0.02511,-0.01383,0.99539,1.00
5124,-0.04483,0.01988,-0.01470,0.99869,-0.04872,-0.01868,-0.00091,0.99864,-0.09372,0.00187,-0.01378,0.99550,1.00,-0.04851,-0.04578,-0.00223,0.99777,-0.09390,-0.02527,-0.01387,0.99516,1.00
5135,-0.04475,0.01990,-0.01461,0.99869,-0.04881,-0.01869,-0.00091,0.99863,-0.09372,0.00188,-0.01370,0.99550,1.00,-0.04860,-0.04579,-0.00223,0.99777,-0.09390,-0.02526,-0.01379,0.99517,1.00
5146,-0.04464,0.01994,-0.01457,0.99870,-0.04892,-0.01872,-0.00092,0.99863,-0.09372,0.00189,-0.01365,0.99550,1.00,-0.04871,-0.04583,-0.00224,0.99776,-0.09390,-0.02526,-0.01375,0.99517,1.00
5157,-0.04460,0.02003,-0.01453,0.99870,-0.04875,-0.01942,-0.00095,0.99862,-0.09353,0.00128,-0.01362,0.99552,1.00,-0.04854,-0.04652,-0.00226,0.99774,-0.09370,-0.02586,-0.01371,0.99517,1.00
5168,-0.04451,0.02007,-0.01449,0.99870,-0.04884,-0.01945,-0.00095,0.99862,-0.09353,0.00128,-0.01357,0.99552,1.00,-0.04864,-0.04655,-0.00227,0.99773,-0.09370,-0.02586,-0.01367,0.99517,1.00
5180,-0.04444,0.02018,-0.01444,0.99870,-0.04780,-0.01861,-0.00089,0.99868,-0.09241,0.00222,-0.01352,0.99563,1.00,-0.04760,-0.04571,-0.00218,0.99782,-0.09259,-0.02492,-0.01360,0.99530,1.00
5191,-0.04434,0.02027,-0.01442,0.99871,-0.04790,-0.01869,-0.00090,0.99868,-0.09241,0.00222,-0.01349,0.99563,1.00,-0.04771,-0.04579,-0.00219,0.99781,-0.09259,-0.02492,-0.01357,0.99530,1.00
5202,-0.04431,0.02033,-0.01440,0.99871,-0.04793,-0.01875,-0.00090,0.99867,-0.09241,0.00223,-0.01347,0.99563,1.00,-0.04774,-0.04585,-0.00219,0.99780,-0.09259,-0.02492,-0.01355,0.99530,1.00
5213,-0.04432,0.02039,-0.01439,0.99871,-0.04768,-0.01959,-0.00094,0.99867,-0.09218,0.00145,-0.01346,0.99565,1.00,-0.04748,-0.04668,-0.00222,0.99778,-0.09235,-0.02569,-0.01354,0.99530,1.00
5224,-0.04435,0.02043,-0.01442,0.99870,-0.04765,-0.01963,-0.00094,0.99867,-0.09218,0.00145,-0.01349,0.99565,1.00,-0.04744,-0.04673,-0.00222,0.99778,-0.09235,-0.02569,-0.01356,0.99530,1.00
5236,-0.04442,0.02045,-0.01439,0.99870,-0.04758,-0.01964,-0.00094,0.99867,-0.09218,0.00145,-0.01346,0.99565,1.00,-0.04737,-0.04674,-0.00222,0.99778,-0.09236,-0.02569,-0.01353,0.99530,1.00
5247,-0.04451,0.02044,-0.01427,0.99870,-0.04589,-0.01857,-0.00085,0.99877,-0.09057,0.00248,-0.01334,0.99580,1.00,-0.04570,-0.04567,-0.00209,0.99791,-0.09075,-0.02465,-0.01336,0.99548,1.00
5257,-0.04455,0.02047,-0.01407,0.99870,-0.04585,-0.01857,-0.00085,0.99878,-0.09057,0.00250,-0.01314,0.99580,1.00,-0.04567,-0.04567,-0.00209,0.99791,-0.09076,-0.02463,-0.01316,0.99548,1.00
5269,-0.04461,0.02047,-0.01399,0.99870,-0.04579,-0.01857,-0.00085,0.99878,-0.09057,0.00251,-0.01306,0.99580,1.00,-0.04562,-0.04566,-0.00209,0.99791,-0.09076,-0.02462,-0.01308,0.99548,1.00
5280,-0.04466,0.02050,-0.01403,0.99869,-0.04575,-0.01859,-0.00085,0.99878,-0.09057,0.00251,-0.01309,0.99580,1.00,-0.04557,-0.04569,-0.00209,0.99791,-0.09076,-0.02463,-0.01311,0.99548,1.00
5291,-0.04467,0.02051,-0.01411,0.99869,-0.04823,-0.02046,-0.00099,0.99863,-0.09308,0.00069,-0.01317,0.99557,1.00,-0.04801,-0.04755,-0.00229,0.99771,-0.09323,-0.02645,-0.01325,0.99520,1.00
5302,-0.04471,0.02049,-0.01424,0.99869,-0.04818,-0.02046,-0.00099,0.99863,-0.09308,0.00068,-0.01331,0.99557,1.00,-0.04796,-0.04755,-0.00229,0.99771,-0.09323,-0.02646,-0.01339,0.99520,1.00
5313,-0.04472,0.02044,-0.01443,0.99869,-0.04638,-0.02030,-0.00094,0.99872,-0.09129,0.00077,-0.01350,0.99573,1.00,-0.04615,-0.04738,-0.00219,0.99781,-0.09144,-0.02636,-0.01352,0.99537,1.00
5324,-0.04470,0.02049,-0.01471,0.99868,-0.04639,-0.02038,-0.00095,0.99872,-0.09129,0.00075,-0.01377,0.99573,1.00,-0.04615,-0.04747,-0.00220,0.99780,-0.09143,-0.02638,-0.01380,0.99537,1.00
5336,-0.04460,0.02057,-0.01482,0.99868,-0.04649,-0.02048,-0.00095,0.99871,-0.09129,0.00074,-0.01388,0.99573,1.00,-0.04624,-0.04756,-0.00220,0.99779,-0.09143,-0.02639,-0.01391,0.99536,1.00
5347,-0.04462,0.02059,-0.01483,0.99868,-0.04653,-0.02045,-0.00095,0.99871,-0.09135,0.00078,-0.01389,0.99572,1.00,-0.04629,-0.04754,-0.00221,0.99779,-0.09150,-0.02635,-0.01392,0.99536,1.00
5358,-0.04451,0.02067,-0.01479,0.99869,-0.04663,-0.02053,-0.00096,0.99870,-0.09135,0.00079,-0.01385,0.99572,1.00,-0.04640,-0.04761,-0.00221,0.99779,-0.09150,-0.02634,-0.01389,0.99536,1.00
5369,-0.04444,0.02069,-0.01469,0.99869,-0.04671,-0.02054,-0.00096,0.99870,-0.09135,0.00080,-0.01375,0.99572,1.00,-0.04648,-0.04763,-0.00222,0.99778,-0.09151,-0.02633,-0.01379,0.99536,1.00
5380,-0.04437,0.02075,-0.01465,0.99869,-0.04670,-0.02048,-0.00096,0.99870,-0.09127,0.00092,-0.01371,0.99573,1.00,-0.04648,-0.04756,-0.00222,0.99778,-0.09144,-0.02621,-0.01375,0.99537,1.00
5391,-0.04429,0.02079,-0.01465,0.99870,-0.04678,-0.02051,-0.00096,0.99869,-0.09127,0.00092,-0.01371,0.99573,1.00,-0.04657,-0.04760,-0.00222,0.99778,-0.09144,-0.02621,-0.01376,0.99537,1.00
5402,-0.04430,0.02080,-0.01468,0.99869,-0.04677,-0.02053,-0.00096,0.99869,-0.09127,0.00092,-0.01374,0.99573,1.00,-0.04656,-0.04761,-0.00222,0.99778,-0.09144,-0.02621,-0.01379,0.99537,1.00
5413,-0.04425,0.02082,-0.01467,0.99870,-0.04631,-0.01897,-0.00088,0.99875,-0.09075,0.00249,-0.01372,0.99578,1.00,-0.04611,-0.04606,-0.00213,0.99787,-0.09093,-0.02464,-0.01376,0.99546,1.00
5424,-0.04422,0.02081,-0.01464,0.99870,-0.04635,-0.01896,-0.00088,0.99875,-0.09075,0.00249,-0.01370,0.99578,1.00,-0.04615,-0.04605,-0.00213,0.99787,-0.09093,-0.02464,-0.01374,0.99546,1.00
5436,-0.04423,0.02080,-0.01458,0.99870,-0.04634,-0.01894,-0.00088,0.99875,-0.09075,0.00250,-0.01364,0.99578,1.00,-0.04614,-0.04603,-0.00213,0.99787,-0.09093,-0.02464,-0.01368,0.99546,1.00
5447,-0.04425,0.02075,-0.01449,0.99870,-0.04796,-0.01972,-0.00095,0.99865,-0.09239,0.00169,-0.01355,0.99563,1.00,-0.04775,-0.04681,-0.00224,0.99776,-0.09256,-0.02545,-0.01363,0.99529,1.00
5458,-0.04423,0.02068,-0.01445,0.99870,-0.04798,-0.01964,-0.00094,0.99865,-0.09239,0.00169,-0.01351,0.99563,1.00,-0.04778,-0.04673,-0.00224,0.99776,-0.09256,-0.02545,-0.01360,0.99529,1.00
5469,-0.04426,0.02057,-0.01449,0.99870,-0.04795,-0.01954,-0.00094,0.99866,-0.09239,0.00169,-0.01355,0.99563,1.00,-0.04774,-0.04663,-0.00223,0.99777,-0.09256,-0.02545,-0.01364,0.99529,1.00
5480,-0.04426,0.02047,-0.01456,0.99870,-0.04795,-0.01944,-0.00093,0.99866,-0.09239,0.00168,-0.01363,0.99563,1.00,-0.04774,-0.04654,-0.00223,0.99777,-0.09256,-0.02546,-0.01372,0.99529,1.00
5491,-0.04425,0.02037,-0.01464,0.99871,-0.04792,-0.01943,-0.00093,0.99866,-0.09235,0.00160,-0.01371,0.99563,1.00,-0.04770,-0.04652,-0.00222,0.99778,-0.09252,-0.02553,-0.01380,0.99529,1.00
5502,-0.04416,0.02028,-0.01470,0.99871,-0.04801,-0.01935,-0.00093,0.99866,-0.09235,0.00160,-0.01378,0.99563,1.00,-0.04778,-0.04644,-0.00222,0.99778,-0.09251,-0.02554,-0.01386,0.99529,1.00
5514,-0.04406,0.02025,-0.01475,0.99871,-0.04811,-0.01932,-0.00093,0.99865,-0.09235,0.00159,-0.01383,0.99563,1.00,-0.04788,-0.04641,-0.00223,0.99777,-0.09251,-0.02555,-0.01393,0.99529,1.00
5525,-0.04394,0.02019,-0.01475,0.99872,-0.04829,-0.01946,-0.00094,0.99864,-0.09241,0.00140,-0.01384,0.99562,1.00,-0.04806,-0.04655,-0.00224,0.99776,-0.09258,-0.02574,-0.01394,0.99528,1.00
5536,-0.04389,0.02019,-0.01476,0.99872,-0.04834,-0.01946,-0.00094,0.99864,-0.09241,0.00140,-0.01385,0.99562,1.00,-0.04811,-0.04656,-0.00224,0.99775,-0.09257,-0.02574,-0.01396,0.99528,1.00
5547,-0.04396,0.02017,-0.01469,0.99872,-0.04957,-0.01839,-0.00091,0.99860,-0.09369,0.00247,-0.01378,0.99550,1.00,-0.04935,-0.04550,-0.00225,0.99774,-0.09386,-0.02468,-0.01391,0.99518,1.00
5558,-0.04401,0.02024,-0.01475,0.99872,-0.04951,-0.01847,-0.00092,0.99860,-0.09369,0.00246,-0.01383,0.99550,1.00,-0.04929,-0.04557,-0.00225,0.99774,-0.09386,-0.02469,-0.01396,0.99518,1.00
5569,-0.04404,0.02032,-0.01494,0.99871,-0.04947,-0.01857,-0.00092,0.99860,-0.09369,0.00244,-0.01401,0.99550,1.00,-0.04924,-0.04567,-0.00225,0.99774,-0.09385,-0.02471,-0.01414,0.99518,1.00
5580,-0.04418,0.02056,-0.01525,0.99870,-0.04928,-0.01890,-0.00093,0.99861,-0.09364,0.00236,-0.01431,0.99550,1.00,-0.04904,-0.04601,-0.00226,0.99773,-0.09381,-0.02479,-0.01443,0.99518,1.00
5591,-0.04423,0.02076,-0.01547,0.99869,-0.04923,-0.01913,-0.00094,0.99860,-0.09365,0.00234,-0.01452,0.99550,1.00,-0.04897,-0.04623,-0.00227,0.99773,-0.09380,-0.02481,-0.01464,0.99517,1.00
5603,-0.04424,0.02103,-0.01578,0.99867,-0.04920,-0.01945,-0.00096,0.99860,-0.09365,0.00232,-0.01482,0.99549,1.00,-0.04893,-0.04655,-0.00228,0.99771,-0.09379,-0.02483,-0.01493,0.99517,1.00
5614,-0.04432,0.02129,-0.01621,0.99866,-0.04950,-0.02627,-0.00130,0.99843,-0.09413,-0.00424,-0.01526,0.99543,1.00,-0.04918,-0.05334,-0.00263,0.99736,-0.09423,-0.03136,-0.01538,0.99494,1.00
5625,-0.04423,0.02158,-0.01647,0.99865,-0.04957,-0.02660,-0.00132,0.99842,-0.09413,-0.00426,-0.01552,0.99543,1.00,-0.04924,-0.05367,-0.00265,0.99734,-0.09423,-0.03138,-0.01564,0.99493,1.00
5636,-0.04416,0.02181,-0.01652,0.99865,-0.04964,-0.02684,-0.00133,0.99841,-0.09413,-0.00426,-0.01556,0.99543,1.00,-0.04930,-0.05391,-0.00266,0.99732,-0.09423,-0.03139,-0.01568,0.99493,1.00
5647,-0.04414,0.02201,-0.01637,0.99865,-0.04977,-0.02637,-0.00131,0.99841,-0.09423,-0.00361,-0.01540,0.99542,1.00,-0.04948,-0.05345,-0.00265,0.99734,-0.09437,-0.03073,-0.01553,0.99494,1.00
5658,-0.04415,0.02209,-0.01630,0.99865,-0.04976,-0.02644,-0.00132,0.99841,-0.09423,-0.00360,-0.01532,0.99543,1.00,-0.04948,-0.05352,-0.00265,0.99734,-0.09437,-0.03073,-0.01545,0.99494,1.00
5670,-0.04413,0.02211,-0.01629,0.99865,-0.04978,-0.02646,-0.00132,0.99841,-0.09423,-0.00360,-0.01531,0.99543,1.00,-0.04950,-0.05353,-0.00266,0.99734,-0.09437,-0.03072,-0.01544,0.99494,1.00
5681,-0.04415,0.02213,-0.01631,0.99865,-0.04878,-0.02584,-0.00126,0.99847,-0.09325,-0.00297,-0.01532,0.99552,1.00,-0.04852,-0.05291,-0.00257,0.99742,-0.09341,-0.03009,-0.01543,0.99505,1.00
5692,-0.04416,0.02220,-0.01637,0.99864,-0.04877,-0.02592,-0.00127,0.99847,-0.09325,-0.00297,-0.01539,0.99552,1.00,-0.04850,-0.05299,-0.00258,0.99741,-0.09341,-0.03009,-0.01549,0.99505,1.00
5703,-0.04408,0.02211,-0.01640,0.99865,-0.04885,-0.02583,-0.00126,0.99847,-0.09325,-0.00298,-0.01542,0.99552,1.00,-0.04858,-0.05290,-0.00258,0.99741,-0.09341,-0.03010,-0.01552,0.99505,1.00
5714,-0.04400,0.02205,-0.01642,0.99865,-0.04884,-0.02545,-0.00124,0.99848,-0.09315,-0.00265,-0.01545,0.99553,1.00,-0.04858,-0.05252,-0.00256,0.99743,-0.09332,-0.02977,-0.01555,0.99507,1.00
5725,-0.04382,0.02200,-0.01644,0.99866,-0.04902,-0.02541,-0.00125,0.99847,-0.09315,-0.00265,-0.01547,0.99553,1.00,-0.04876,-0.05248,-0.00257,0.99743,-0.09332,-0.02977,-0.01559,0.99507,1.00
5736,-0.04367,0.02189,-0.01636,0.99867,-0.04917,-0.02529,-0.00125,0.99847,-0.09315,-0.00265,-0.01539,0.99553,1.00,-0.04891,-0.05236,-0.00257,0.99743,-0.09332,-0.02977,-0.01552,0.99507,1.00
5747,-0.04351,0.02172,-0.01625,0.99868,-0.04924,-0.01958,-0.00097,0.99859,-0.09296,0.00289,-0.01527,0.99555,1.00,-0.04902,-0.04668,-0.00229,0.99770,-0.09317,-0.02425,-0.01540,0.99524,1.00
5758,-0.04342,0.02153,-0.01608,0.99870,-0.04933,-0.01937,-0.00096,0.99859,-0.09296,0.00291,-0.01511,0.99555,1.00,-0.04912,-0.04647,-0.00229,0.99771,-0.09318,-0.02424,-0.01525,0.99524,1.00
5770,-0.04328,0.02136,-0.01603,0.99871,-0.04948,-0.01919,-0.00095,0.99859,-0.09296,0.00291,-0.01507,0.99555,1.00,-0.04928,-0.04629,-0.00229,0.99771,-0.09318,-0.02423,-0.01522,0.99524,1.00
5781,-0.04310,0.02117,-0.01613,0.99872,-0.05218,-0.01926,-0.00101,0.99845,-0.09549,0.00270,-0.01518,0.99531,1.00,-0.05195,-0.04637,-0.00242,0.99757,-0.09569,-0.02446,-0.01540,0.99499,1.00
5792,-0.04294,0.02096,-0.01611,0.99873,-0.05235,-0.01905,-0.00100,0.99845,-0.09549,0.00270,-0.01517,0.99531,1.00,-0.05212,-0.04616,-0.00241,0.99757,-0.09569,-0.02446,-0.01541,0.99499,1.00
5803,-0.04265,0.02065,-0.01607,0.99875,-0.05265,-0.01874,-0.00099,0.99844,-0.09549,0.00270,-0.01515,0.99531,1.00,-0.05242,-0.04586,-0.00241,0.99757,-0.09569,-0.02446,-0.01540,0.99499,1.00
5814,-0.04237,0.02051,-0.01609,0.99876,-0.05250,-0.01908,-0.00100,0.99844,-0.09507,0.00222,-0.01518,0.99535,1.00,-0.05227,-0.04619,-0.00242,0.99756,-0.09526,-0.02494,-0.01544,0.99502,1.00
5825,-0.04210,0.02038,-0.01607,0.99878,-0.05277,-0.01896,-0.00100,0.99843,-0.09507,0.00222,-0.01518,0.99535,1.00,-0.05253,-0.04607,-0.00243,0.99755,-0.09526,-0.02494,-0.01545,0.99502,1.00
5836,-0.04188,0.02036,-0.01599,0.99879,-0.05299,-0.01893,-0.00100,0.99842,-0.09507,0.00223,-0.01510,0.99535,1.00,-0.05276,-0.04604,-0.00244,0.99754,-0.09526,-0.02493,-0.01538,0.99502,1.00
5848,-0.04169,0.02033,-0.01583,0.99880,-0.05282,-0.01882,-0.00100,0.99843,-0.09470,0.00229,-0.01494,0.99539,1.00,-0.05260,-0.04594,-0.00242,0.99756,-0.09490,-0.02487,-0.01523,0.99506,1.00
5859,-0.04141,0.02031,-0.01575,0.99881,-0.05310,-0.01879,-0.00100,0.99841,-0.09470,0.00230,-0.01487,0.99539,1.00,-0.05289,-0.04591,-0.00243,0.99754,-0.09491,-0.02486,-0.01517,0.99506,1.00
5870,-0.04121,0.02033,-0.01565,0.99882,-0.05330,-0.01880,-0.00100,0.99840,-0.09470,0.00231,-0.01477,0.99539,1.00,-0.05309,-0.04592,-0.00244,0.99753,-0.09491,-0.02486,-0.01508,0.99506,1.00
5881,-0.04095,0.02034,-0.01551,0.99883,-0.05357,-0.01879,-0.00101,0.99839,-0.09470,0.00232,-0.01463,0.99540,1.00,-0.05336,-0.04591,-0.00246,0.99752,-0.09491,-0.02484,-0.01496,0.99506,1.00
5892,-0.04075,0.02035,-0.01547,0.99884,-0.05307,-0.01912,-0.00102,0.99841,-0.09401,0.00200,-0.01461,0.99546,1.00,-0.05286,-0.04624,-0.00245,0.99753,-0.09421,-0.02516,-0.01492,0.99512,1.00
5903,-0.04076,0.02038,-0.01545,0.99884,-0.05306,-0.01914,-0.00102,0.99841,-0.09401,0.00200,-0.01458,0.99546,1.00,-0.05285,-0.04626,-0.00245,0.99753,-0.09422,-0.02516,-0.01490,0.99512,1.00
5915,-0.04085,0.02046,-0.01553,0.99884,-0.05272,-0.01985,-0.00105,0.99841,-0.09377,0.00137,-0.01466,0.99548,1.00,-0.05249,-0.04697,-0.00247,0.99751,-0.09396,-0.02579,-0.01496,0.99513,1.00
5925,-0.04085,0.02051,-0.01552,0.99883,-0.05271,-0.01990,-0.00105,0.99841,-0.09377,0.00137,-0.01465,0.99549,1.00,-0.05248,-0.04702,-0.00247,0.99751,-0.09396,-0.02579,-0.01495,0.99513,1.00
5936,-0.04095,0.02056,-0.01547,0.99883,-0.05262,-0.01995,-0.00105,0.99841,-0.09377,0.00138,-0.01460,0.99549,1.00,-0.05239,-0.04706,-0.00247,0.99751,-0.09396,-0.02578,-0.01490,0.99513,1.00
5948,-0.04107,0.02063,-0.01538,0.99882,-0.05248,-0.02033,-0.00107,0.99841,-0.09376,0.00105,-0.01451,0.99549,1.00,-0.05225,-0.04745,-0.00249,0.99750,-0.09394,-0.02611,-0.01480,0.99513,1.00
5959,-0.04120,0.02069,-0.01523,0.99882,-0.05236,-0.02037,-0.00107,0.99842,-0.09376,0.00106,-0.01435,0.99549,1.00,-0.05214,-0.04748,-0.00248,0.99751,-0.09394,-0.02609,-0.01463,0.99513,1.00
5970,-0.04136,0.02069,-0.01508,0.99882,-0.05219,-0.02035,-0.00106,0.99843,-0.09376,0.00108,-0.01420,0.99549,1.00,-0.05198,-0.04746,-0.00247,0.99752,-0.09395,-0.02608,-0.01448,0.99513,1.00
5981,-0.04138,0.02069,-0.01502,0.99882,-0.05322,-0.02025,-0.00108,0.99838,-0.09480,0.00119,-0.01414,0.99540,1.00,-0.05299,-0.04736,-0.00252,0.99747,-0.09498,-0.02598,-0.01444,0.99504,1.00
5992,-0.04144,0.02070,-0.01504,0.99881,-0.05316,-0.02025,-0.00108,0.99838,-0.09480,0.00119,-0.01415,0.99540,1.00,-0.05293,-0.04737,-0.00251,0.99747,-0.09498,-0.02598,-0.01445,0.99504,1.00
6004,-0.04142,0.02071,-0.01524,0.99881,-0.05318,-0.02030,-0.00108,0.99838,-0.09480,0.00117,-0.01436,0.99539,1.00,-0.05294,-0.04741,-0.00252,0.99747,-0.09497,-0.02600,-0.01466,0.99503,1.00
6015,-0.04135,0.02075,-0.01551,0.99881,-0.05347,-0.02032,-0.00109,0.99836,-0.09502,0.00121,-0.01462,0.99537,1.00,-0.05321,-0.04743,-0.00253,0.99745,-0.09518,-0.02596,-0.01493,0.99501,1.00
6026,-0.04125,0.02092,-0.01573,0.99881,-0.05356,-0.02053,-0.00110,0.99835,-0.09502,0.00119,-0.01484,0.99536,1.00,-0.05329,-0.04764,-0.00255,0.99744,-0.09517,-0.02598,-0.01515,0.99501,1.00
6037,-0.04123,0.02111,-0.01561,0.99880,-0.05358,-0.02069,-0.00111,0.99835,-0.09502,0.00120,-0.01471,0.99537,1.00,-0.05331,-0.04781,-0.00256,0.99743,-0.09517,-0.02597,-0.01502,0.99501,1.00
6048,-0.04129,0.02129,-0.01531,0.99880,-0.05356,-0.02020,-0.00108,0.99836,-0.09506,0.00185,-0.01439,0.99537,1.00,-0.05333,-0.04732,-0.00253,0.99745,-0.09523,-0.02531,-0.01471,0.99502,1.00
6059,-0.04126,0.02147,-0.01500,0.99881,-0.05360,-0.02033,-0.00109,0.99836,-0.09505,0.00189,-0.01407,0.99537,1.00,-0.05338,-0.04745,-0.00254,0.99744,-0.09524,-0.02528,-0.01439,0.99503,1.00
6070,-0.04127,0.02167,-0.01498,0.99880,-0.05358,-0.02053,-0.00110,0.99835,-0.09505,0.00189,-0.01405,0.99537,1.00,-0.05337,-0.04764,-0.00255,0.99743,-0.09524,-0.02528,-0.01437,0.99503,1.00
6082,-0.04118,0.02182,-0.01496,0.99880,-0.05549,-0.02091,-0.00116,0.99824,-0.09687,0.00168,-0.01402,0.99520,1.00,-0.05526,-0.04803,-0.00266,0.99731,-0.09703,-0.02550,-0.01439,0.99485,1.00
6092,-0.04109,0.02191,-0.01503,0.99880,-0.05557,-0.02101,-0.00117,0.99823,-0.09687,0.00167,-0.01409,0.99520,1.00,-0.05534,-0.04813,-0.00267,0.99730,-0.09703,-0.02550,-0.01446,0.99485,1.00
6104,-0.04109,0.02196,-0.01499,0.99880,-0.05558,-0.02106,-0.00117,0.99823,-0.09687,0.00168,-0.01405,0.99520,1.00,-0.05534,-0.04818,-0.00267,0.99730,-0.09703,-0.02550,-0.01442,0.99485,1.00
6115,-0.04108,0.02202,-0.01496,0.99880,-0.05560,-0.02084,-0.00116,0.99823,-0.09689,0.00195,-0.01401,0.99519,1.00,-0.05536,-0.04796,-0.00266,0.99731,-0.09704,-0.02522,-0.01439,0.99486,1.00
6126,-0.04114,0.02198,-0.01493,0.99880,-0.05555,-0.02079,-0.00116,0.99824,-0.09689,0.00196,-0.01398,0.99520,1.00,-0.05531,-0.04791,-0.00266,0.99732,-0.09704,-0.02522,-0.01436,0.99486,1.00
6137,-0.04118,0.02191,-0.01490,0.99880,-0.05551,-0.02072,-0.00115,0.99824,-0.09689,0.00196,-0.01396,0.99520,1.00,-0.05526,-0.04784,-0.00265,0.99732,-0.09704,-0.02522,-0.01433,0.99486,1.00
6148,-0.04125,0.02177,-0.01500,0.99880,-0.05539,-0.02050,-0.00114,0.99825,-0.09684,0.00204,-0.01406,0.99520,1.00,-0.05514,-0.04762,-0.00263,0.99734,-0.09699,-0.02513,-0.01443,0.99486,1.00
6159,-0.04128,0.02162,-0.01514,0.99880,-0.05537,-0.02037,-0.00113,0.99826,-0.09684,0.00203,-0.01420,0.99520,1.00,-0.05511,-0.04749,-0.00262,0.99735,-0.09698,-0.02515,-0.01457,0.99486,1.00
6170,-0.04126,0.02146,-0.01526,0.99880,-0.05539,-0.02024,-0.00112,0.99826,-0.09684,0.00201,-0.01433,0.99519,1.00,-0.05512,-0.04736,-0.00262,0.99735,-0.09698,-0.02516,-0.01470,0.99486,1.00
6182,-0.04128,0.02126,-0.01536,0.99880,-0.05477,-0.02013,-0.00110,0.99830,-0.09625,0.00191,-0.01444,0.99525,1.00,-0.05450,-0.04725,-0.00258,0.99739,-0.09639,-0.02526,-0.01479,0.99491,1.00
6193,-0.04143,0.02115,-0.01551,0.99880,-0.05463,-0.02005,-0.00110,0.99830,-0.09625,0.00190,-0.01459,0.99525,1.00,-0.05435,-0.04716,-0.00257,0.99740,-0.09639,-0.02527,-0.01493,0.99491,1.00
6204,-0.04149,0.02107,-0.01568,0.99879,-0.05457,-0.01999,-0.00109,0.99831,-0.09625,0.00188,-0.01477,0.99525,1.00,-0.05428,-0.04711,-0.00256,0.99741,-0.09639,-0.02529,-0.01510,0.99491,1.00
6215,-0.04150,0.02107,-0.01569,0.99879,-0.05439,-0.01908,-0.00104,0.99834,-0.09608,0.00279,-0.01476,0.99526,1.00,-0.05413,-0.04620,-0.00251,0.99746,-0.09624,-0.02438,-0.01510,0.99495,1.00
6226,-0.04161,0.02103,-0.01577,0.99879,-0.05429,-0.01904,-0.00104,0.99834,-0.09608,0.00279,-0.01484,0.99526,1.00,-0.05402,-0.04616,-0.00250,0.99747,-0.09624,-0.02439,-0.01517,0.99494,1.00
6237,-0.04164,0.02097,-0.01577,0.99879,-0.05426,-0.01898,-0.00103,0.99835,-0.09608,0.00278,-0.01485,0.99526,1.00,-0.05399,-0.04611,-0.00250,0.99747,-0.09624,-0.02439,-0.01517,0.99494,1.00
6249,-0.04168,0.02095,-0.01585,0.99879,-0.05440,-0.01719,-0.00094,0.99837,-0.09624,0.00457,-0.01491,0.99524,1.00,-0.05415,-0.04432,-0.00241,0.99755,-0.09642,-0.02261,-0.01524,0.99497,1.00
6259,-0.04183,0.02099,-0.01615,0.99877,-0.05425,-0.01727,-0.00094,0.99838,-0.09624,0.00454,-0.01520,0.99523,1.00,-0.05399,-0.04440,-0.00240,0.99755,-0.09642,-0.02264,-0.01552,0.99496,1.00
6270,-0.04203,0.02104,-0.01633,0.99876,-0.05404,-0.01734,-0.00094,0.99839,-0.09624,0.00452,-0.01538,0.99523,1.00,-0.05377,-0.04447,-0.00240,0.99756,-0.09641,-0.02266,-0.01569,0.99496,1.00
6282,-0.04225,0.02117,-0.01636,0.99875,-0.05382,-0.01747,-0.00094,0.99840,-0.09624,0.00452,-0.01539,0.99523,1.00,-0.05356,-0.04460,-0.00239,0.99757,-0.09641,-0.02266,-0.01569,0.99496,1.00
6293,-0.04228,0.02121,-0.01631,0.99875,-0.05318,-0.01759,-0.00094,0.99843,-0.09563,0.00444,-0.01535,0.99529,1.00,-0.05293,-0.04472,-0.00237,0.99759,-0.09582,-0.02273,-0.01563,0.99502,1.00
6304,-0.04232,0.02132,-0.01630,0.99874,-0.05313,-0.01770,-0.00094,0.99843,-0.09563,0.00444,-0.01533,0.99529,1.00,-0.05288,-0.04482,-0.00238,0.99759,-0.09582,-0.02273,-0.01561,0.99502,1.00
6315,-0.04237,0.02135,-0.01631,0.99874,-0.05343,-0.01974,-0.00106,0.99838,-0.09601,0.00243,-0.01536,0.99526,1.00,-0.05319,-0.04686,-0.00250,0.99748,-0.09620,-0.02474,-0.01564,0.99493,1.00
6326,-0.04240,0.02144,-0.01634,0.99874,-0.05341,-0.01983,-0.00106,0.99838,-0.09601,0.00243,-0.01538,0.99526,1.00,-0.05316,-0.04695,-0.00250,0.99748,-0.09620,-0.02474,-0.01566,0.99493,1.00
6337,-0.04239,0.02149,-0.01635,0.99874,-0.05341,-0.01989,-0.00106,0.99837,-0.09601,0.00242,-0.01539,0.99526,1.00,-0.05316,-0.04701,-0.00251,0.99748,-0.09620,-0.02474,-0.01567,0.99493,1.00
6349,-0.04235,0.02147,-0.01645,0.99874,-0.05368,-0.02073,-0.00111,0.99834,-0.09626,0.00157,-0.01551,0.99523,1.00,-0.05343,-0.04784,-0.00256,0.99742,-0.09644,-0.02560,-0.01579,0.99488,1.00
6360,-0.04229,0.02143,-0.01653,0.99874,-0.05374,-0.02070,-0.00111,0.99834,-0.09626,0.00156,-0.01559,0.99523,1.00,-0.05348,-0.04781,-0.00256,0.99742,-0.09644,-0.02561,-0.01588,0.99488,1.00
6371,-0.04224,0.02139,-0.01655,0.99874,-0.05380,-0.02067,-0.00111,0.99834,-0.09626,0.00156,-0.01561,0.99523,1.00,-0.05353,-0.04779,-0.00256,0.99742,-0.09644,-0.02561,-0.01590,0.99488,1.00
6382,-0.04218,0.02137,-0.01656,0.99874,-0.05307,-0.02478,-0.00132,0.99828,-0.09555,-0.00259,-0.01567,0.99530,1.00,-0.05279,-0.05188,-0.00275,0.99725,-0.09571,-0.02974,-0.01594,0.99484,1.00
6393,-0.04206,0.02135,-0.01657,0.99875,-0.05320,-0.02476,-0.00132,0.99828,-0.09555,-0.00259,-0.01568,0.99530,1.00,-0.05291,-0.05185,-0.00275,0.99725,-0.09570,-0.02974,-0.01596,0.99484,1.00
6404,-0.04198,0.02135,-0.01668,0.99875,-0.05327,-0.02479,-0.00132,0.99827,-0.09555,-0.00261,-0.01579,0.99530,1.00,-0.05298,-0.05188,-0.00276,0.99724,-0.09570,-0.02975,-0.01608,0.99484,1.00
6415,-0.04189,0.02139,-0.01683,0.99875,-0.05196,-0.02484,-0.00129,0.99834,-0.09416,-0.00264,-0.01594,0.99543,1.00,-0.05167,-0.05193,-0.00269,0.99731,-0.09432,-0.02978,-0.01619,0.99497,1.00
6426,-0.04176,0.02142,-0.01694,0.99875,-0.05209,-0.02489,-0.00130,0.99833,-0.09416,-0.00265,-0.01605,0.99542,1.00,-0.05179,-0.05198,-0.00270,0.99730,-0.09431,-0.02979,-0.01631,0.99496,1.00
6438,-0.04173,0.02144,-0.01695,0.99876,-0.05211,-0.02491,-0.00130,0.99833,-0.09416,-0.00265,-0.01606,0.99542,1.00,-0.05182,-0.05200,-0.00270,0.99730,-0.09431,-0.02979,-0.01632,0.99496,1.00
6449,-0.04166,0.02148,-0.01693,0.99876,-0.05198,-0.02463,-0.00128,0.99834,-0.09395,-0.00233,-0.01604,0.99544,1.00,-0.05170,-0.05172,-0.00268,0.99732,-0.09412,-0.02947,-0.01630,0.99499,1.00
6460,-0.04171,0.02153,-0.01684,0.99876,-0.05193,-0.02467,-0.00128,0.99835,-0.09395,-0.00232,-0.01595,0.99545,1.00,-0.05166,-0.05176,-0.00268,0.99732,-0.09413,-0.02946,-0.01620,0.99499,1.00
6471,-0.04177,0.02160,-0.01677,0.99875,-0.05188,-0.02472,-0.00128,0.99835,-0.09395,-0.00231,-0.01587,0.99545,1.00,-0.05161,-0.05181,-0.00268,0.99732,-0.09413,-0.02945,-0.01612,0.99499,1.00
6482,-0.04179,0.02168,-0.01676,0.99875,-0.05413,-0.02375,-0.00129,0.99825,-0.09620,-0.00122,-0.01585,0.99524,1.00,-0.05386,-0.05085,-0.00275,0.99725,-0.09638,-0.02838,-0.01616,0.99481,1.00
6493,-0.04176,0.02174,-0.01681,0.99875,-0.05416,-0.02382,-0.00129,0.99825,-0.09620,-0.00123,-0.01590,0.99523,1.00,-0.05389,-0.05092,-0.00275,0.99724,-0.09637,-0.02838,-0.01621,0.99481,1.00
6504,-0.04173,0.02180,-0.01687,0.99875,-0.05418,-0.02388,-0.00130,0.99824,-0.09620,-0.00123,-0.01596,0.99523,1.00,-0.05391,-0.05098,-0.00276,0.99724,-0.09637,-0.02839,-0.01628,0.99481,1.00
6516,-0.04162,0.02180,-0.01687,0.99875,-0.05426,-0.02350,-0.00128,0.99825,-0.09616,-0.00085,-0.01595,0.99524,1.00,-0.05399,-0.05060,-0.00274,0.99725,-0.09634,-0.02800,-0.01627,0.99482,1.00
6527,-0.04153,0.02182,-0.01679,0.99876,-0.05435,-0.02351,-0.00128,0.99824,-0.09616,-0.00084,-0.01587,0.99524,1.00,-0.05408,-0.05061,-0.00274,0.99725,-0.09634,-0.02799,-0.01620,0.99482,1.00
6538,-0.04141,0.02170,-0.01669,0.99877,-0.05448,-0.02337,-0.00128,0.99824,-0.09616,-0.00083,-0.01579,0.99524,1.00,-0.05421,-0.05048,-0.00274,0.99725,-0.09634,-0.02799,-0.01612,0.99482,1.00
6549,-0.04128,0.02158,-0.01664,0.99878,-0.05322,-0.02331,-0.00124,0.99831,-0.09478,-0.00091,-0.01574,0.99537,1.00,-0.05296,-0.05041,-0.00268,0.99732,-0.09496,-0.02806,-0.01604,0.99496,1.00
6560,-0.04109,0.02130,-0.01663,0.99879,-0.05341,-0.02305,-0.00123,0.99831,-0.09478,-0.00091,-0.01575,0.99537,1.00,-0.05315,-0.05014,-0.00267,0.99732,-0.09496,-0.02806,-0.01607,0.99496,1.00
6571,-0.04095,0.02107,-0.01668,0.99880,-0.05356,-0.02282,-0.00122,0.99830,-0.09478,-0.00092,-0.01581,0.99537,1.00,-0.05330,-0.04992,-0.00267,0.99733,-0.09496,-0.02807,-0.01613,0.99495,1.00
6583,-0.04095,0.02085,-0.01679,0.99880,-0.05326,-0.02344,-0.00125,0.99830,-0.09450,-0.00175,-0.01594,0.99540,1.00,-0.05299,-0.05053,-0.00268,0.99731,-0.09467,-0.02890,-0.01625,0.99496,1.00
6594,-0.04094,0.02063,-0.01682,0.99881,-0.05327,-0.02322,-0.00124,0.99831,-0.09450,-0.00175,-0.01598,0.99540,1.00,-0.05300,-0.05032,-0.00267,0.99732,-0.09466,-0.02890,-0.01630,0.99496,1.00
6605,-0.04095,0.02042,-0.01691,0.99881,-0.05326,-0.02302,-0.00123,0.99831,-0.09450,-0.00176,-0.01608,0.99539,1.00,-0.05298,-0.05012,-0.00266,0.99733,-0.09466,-0.02891,-0.01639,0.99495,1.00
6616,-0.04088,0.02026,-0.01696,0.99881,-0.05444,-0.02334,-0.00127,0.99824,-0.09561,-0.00222,-0.01615,0.99529,1.00,-0.05415,-0.05044,-0.00274,0.99725,-0.09577,-0.02937,-0.01649,0.99483,1.00
6627,-0.04078,0.02009,-0.01705,0.99882,-0.05454,-0.02319,-0.00127,0.99824,-0.09561,-0.00223,-0.01624,0.99528,1.00,-0.05425,-0.05029,-0.00274,0.99726,-0.09577,-0.02938,-0.01659,0.99483,1.00
6638,-0.04068,0.01998,-0.01696,0.99883,-0.05465,-0.02307,-0.00126,0.99824,-0.09561,-0.00222,-0.01617,0.99529,1.00,-0.05436,-0.05017,-0.00273,0.99726,-0.09577,-0.02938,-0.01652,0.99483,1.00
6649,-0.04067,0.01983,-0.01681,0.99883,-0.05450,-0.02057,-0.00112,0.99830,-0.09540,0.00012,-0.01599,0.99531,1.00,-0.05425,-0.04769,-0.00259,0.99739,-0.09560,-0.02705,-0.01634,0.99492,1.00
6660,-0.04064,0.01983,-0.01662,0.99884,-0.05453,-0.02054,-0.00112,0.99830,-0.09540,0.00014,-0.01579,0.99531,1.00,-0.05428,-0.04766,-0.00259,0.99738,-0.09560,-0.02703,-0.01615,0.99492,1.00
6672,-0.04055,0.01983,-0.01644,0.99885,-0.05463,-0.02052,-0.00112,0.99830,-0.09540,0.00015,-0.01562,0.99532,1.00,-0.05439,-0.04763,-0.00260,0.99738,-0.09561,-0.02701,-0.01598,0.99492,1.00
6683,-0.04052,0.01983,-0.01646,0.99885,-0.05465,-0.02052,-0.00112,0.99829,-0.09540,0.00015,-0.01564,0.99532,1.00,-0.05442,-0.04764,-0.00260,0.99738,-0.09561,-0.02702,-0.01601,0.99492,1.00
6694,-0.04049,0.01993,-0.01643,0.99885,-0.05450,-0.02045,-0.00112,0.99830,-0.09522,0.00032,-0.01560,0.99533,1.00,-0.05427,-0.04757,-0.00259,0.99739,-0.09542,-0.02685,-0.01596,0.99495,1.00
6705,-0.04053,0.02006,-0.01648,0.99884,-0.05446,-0.02059,-0.00112,0.99830,-0.09522,0.00031,-0.01565,0.99533,1.00,-0.05422,-0.04771,-0.00259,0.99739,-0.09542,-0.02686,-0.01601,0.99495,1.00
6716,-0.04043,0.02015,-0.01667,0.99884,-0.05190,-0.02084,-0.00108,0.99843,-0.09257,0.00012,-0.01583,0.99558,1.00,-0.05165,-0.04795,-0.00248,0.99751,-0.09277,-0.02703,-0.01612,0.99519,1.00
6727,-0.04028,0.02036,-0.01711,0.99883,-0.05204,-0.02112,-0.00110,0.99842,-0.09257,0.00008,-0.01627,0.99557,1.00,-0.05177,-0.04823,-0.00250,0.99749,-0.09276,-0.02707,-0.01657,0.99518,1.00
6738,-0.04020,0.02050,-0.01722,0.99883,-0.05211,-0.02127,-0.00111,0.99841,-0.09257,0.00007,-0.01638,0.99557,1.00,-0.05183,-0.04838,-0.00251,0.99748,-0.09276,-0.02708,-0.01668,0.99518,1.00
6750,-0.04024,0.02066,-0.01707,0.99883,-0.05414,-0.02301,-0.00125,0.99827,-0.09466,-0.00149,-0.01624,0.99538,1.00,-0.05386,-0.05012,-0.00271,0.99729,-0.09483,-0.02865,-0.01660,0.99494,1.00
6761,-0.04023,0.02086,-0.01691,0.99883,-0.05414,-0.02319,-0.00126,0.99826,-0.09466,-0.00147,-0.01608,0.99538,1.00,-0.05387,-0.05030,-0.00272,0.99728,-0.09484,-0.02863,-0.01643,0.99495,1.00
6772,-0.04012,0.02100,-0.01672,0.99883,-0.05426,-0.02330,-0.00127,0.99825,-0.09466,-0.00145,-0.01588,0.99538,1.00,-0.05400,-0.05041,-0.00273,0.99726,-0.09484,-0.02861,-0.01625,0.99495,1.00
6783,-0.04011,0.02111,-0.01663,0.99883,-0.05191,-0.02301,-0.00120,0.99839,-0.09230,-0.00109,-0.01578,0.99561,1.00,-0.05167,-0.05011,-0.00260,0.99740,-0.09250,-0.02824,-0.01608,0.99518,1.00
6794,-0.04007,0.02115,-0.01656,0.99884,-0.05194,-0.02304,-0.00120,0.99838,-0.09230,-0.00108,-0.01571,0.99561,1.00,-0.05171,-0.05014,-0.00260,0.99740,-0.09250,-0.02823,-0.01601,0.99518,1.00
6805,-0.04017,0.02115,-0.01658,0.99883,-0.05184,-0.02304,-0.00120,0.99839,-0.09230,-0.00109,-0.01573,0.99561,1.00,-0.05161,-0.05014,-0.00259,0.99740,-0.09250,-0.02823,-0.01603,0.99518,1.00
6816,-0.04025,0.02104,-0.01655,0.99883,-0.05206,-0.02223,-0.00116,0.99840,-0.09258,-0.00038,-0.01569,0.99558,1.00,-0.05182,-0.04933,-0.00256,0.99743,-0.09278,-0.02753,-0.01599,0.99518,1.00
6827,-0.04026,0.02091,-0.01656,0.99883,-0.05206,-0.02210,-0.00115,0.99840,-0.09258,-0.00038,-0.01571,0.99558,1.00,-0.05182,-0.04920,-0.00256,0.99744,-0.09278,-0.02753,-0.01601,0.99518,1.00
6838,-0.04025,0.02073,-0.01659,0.99884,-0.05207,-0.02193,-0.00114,0.99840,-0.09258,-0.00038,-0.01575,0.99558,1.00,-0.05182,-0.04903,-0.00255,0.99745,-0.09278,-0.02753,-0.01605,0.99518,1.00
6850,-0.04025,0.02056,-0.01658,0.99884,-0.05114,-0.02174,-0.00111,0.99845,-0.09166,-0.00038,-0.01574,0.99567,1.00,-0.05090,-0.04883,-0.00249,0.99751,-0.09185,-0.02752,-0.01601,0.99526,1.00
6861,-0.04024,0.02033,-0.01652,0.99885,-0.05117,-0.02150,-0.00110,0.99846,-0.09166,-0.00037,-0.01569,0.99567,1.00,-0.05092,-0.04860,-0.00248,0.99752,-0.09186,-0.02752,-0.01597,0.99526,1.00
6872,-0.04024,0.02009,-0.01649,0.99885,-0.05117,-0.02125,-0.00109,0.99846,-0.09166,-0.00037,-0.01567,0.99567,1.00,-0.05093,-0.04835,-0.00247,0.99753,-0.09186,-0.02752,-0.01595,0.99526,1.00
6884,-0.04027,0.01993,-0.01659,0.99885,-0.05209,-0.02295,-0.00120,0.99838,-0.09264,-0.00221,-0.01580,0.99557,1.00,-0.05183,-0.05004,-0.00260,0.99740,-0.09281,-0.02935,-0.01610,0.99512,1.00
6894,-0.04023,0.01974,-0.01664,0.99886,-0.05213,-0.02277,-0.00119,0.99838,-0.09264,-0.00222,-0.01585,0.99557,1.00,-0.05186,-0.04986,-0.00259,0.99741,-0.09281,-0.02936,-0.01615,0.99512,1.00
6905,-0.04028,0.01962,-0.01665,0.99886,-0.05208,-0.02265,-0.00118,0.99839,-0.09264,-0.00222,-0.01587,0.99557,1.00,-0.05181,-0.04974,-0.00258,0.99741,-0.09281,-0.02936,-0.01617,0.99512,1.00
6917,-0.04025,0.01951,-0.01662,0.99886,-0.05481,-0.02303,-0.00126,0.99823,-0.09533,-0.00267,-0.01585,0.99532,1.00,-0.05453,-0.05014,-0.00274,0.99725,-0.09549,-0.02983,-0.01623,0.99485,1.00
6928,-0.04042,0.01951,-0.01656,0.99886,-0.05464,-0.02302,-0.00126,0.99824,-0.09533,-0.00266,-0.01580,0.99532,1.00,-0.05436,-0.05012,-0.00273,0.99726,-0.09549,-0.02982,-0.01616,0.99485,1.00
6939,-0.04044,0.01950,-0.01654,0.99885,-0.05461,-0.02301,-0.00126,0.99824,-0.09533,-0.00266,-0.01577,0.99532,1.00,-0.05434,-0.05011,-0.00273,0.99726,-0.09549,-0.02982,-0.01613,0.99485,1.00
6950,-0.04054,0.01957,-0.01655,0.99885,-0.05457,-0.02344,-0.00128,0.99823,-0.09539,-0.00302,-0.01578,0.99531,1.00,-0.05430,-0.05054,-0.00275,0.99724,-0.09555,-0.03018,-0.01614,0.99484,1.00
6961,-0.04063,0.01972,-0.01671,0.99884,-0.05448,-0.02361,-0.00129,0.99824,-0.09539,-0.00304,-0.01593,0.99531,1.00,-0.05420,-0.05071,-0.00276,0.99724,-0.09555,-0.03019,-0.01628,0.99483,1.00
6972,-0.04079,0.01997,-0.01700,0.99882,-0.05430,-0.02390,-0.00130,0.99824,-0.09539,-0.00306,-0.01621,0.99530,1.00,-0.05400,-0.05100,-0.00276,0.99723,-0.09554,-0.03022,-0.01655,0.99483,1.00
6983,-0.04099,0.02014,-0.01707,0.99881,-0.05137,-0.02238,-0.00115,0.99843,-0.09264,-0.00141,-0.01625,0.99557,1.00,-0.05110,-0.04947,-0.00253,0.99746,-0.09282,-0.02855,-0.01651,0.99514,1.00
6995,-0.04115,0.02026,-0.01721,0.99880,-0.05120,-0.02250,-0.00115,0.99843,-0.09264,-0.00142,-0.01637,0.99556,1.00,-0.05093,-0.04960,-0.00253,0.99747,-0.09282,-0.02856,-0.01662,0.99513,1.00
7006,-0.04123,0.02037,-0.01724,0.99879,-0.05112,-0.02262,-0.00116,0.99844,-0.09264,-0.00142,-0.01640,0.99556,1.00,-0.05085,-0.04971,-0.00253,0.99747,-0.09282,-0.02856,-0.01664,0.99513,1.00
7017,-0.04135,0.02042,-0.01733,0.99879,-0.05135,-0.02144,-0.00110,0.99845,-0.09297,-0.00018,-0.01647,0.99553,1.00,-0.05109,-0.04854,-0.00249,0.99751,-0.09317,-0.02733,-0.01672,0.99514,1.00
7028,-0.04143,0.02041,-0.01742,0.99878,-0.05126,-0.02145,-0.00110,0.99845,-0.09297,-0.00019,-0.01656,0.99553,1.00,-0.05100,-0.04855,-0.00248,0.99752,-0.09316,-0.02734,-0.01680,0.99513,1.00
7039,-0.04155,0.02039,-0.01760,0.99877,-0.05115,-0.02145,-0.00110,0.99846,-0.09297,-0.00021,-0.01674,0.99553,1.00,-0.05087,-0.04855,-0.00248,0.99752,-0.09316,-0.02736,-0.01698,0.99513,1.00
7050,-0.04157,0.02032,-0.01779,0.99877,-0.05148,-0.02111,-0.00109,0.99845,-0.09333,0.00007,-0.01693,0.99549,1.00,-0.05121,-0.04822,-0.00248,0.99752,-0.09353,-0.02708,-0.01717,0.99510,1.00
7061,-0.04167,0.02020,-0.01797,0.99877,-0.05139,-0.02101,-0.00108,0.99846,-0.09333,0.00006,-0.01711,0.99549,1.00,-0.05111,-0.04812,-0.00247,0.99753,-0.09352,-0.02709,-0.01735,0.99510,1.00
7073,-0.04183,0.01999,-0.01802,0.99876,-0.05123,-0.02081,-0.00107,0.99847,-0.09333,0.00005,-0.01716,0.99549,1.00,-0.05095,-0.04792,-0.00245,0.99755,-0.09352,-0.02710,-0.01739,0.99510,1.00
7084,-0.04189,0.01970,-0.01796,0.99877,-0.05118,-0.02261,-0.00116,0.99843,-0.09337,-0.00204,-0.01714,0.99548,1.00,-0.05091,-0.04970,-0.00254,0.99746,-0.09357,-0.02918,-0.01736,0.99503,1.00
7095,-0.04186,0.01949,-0.01800,0.99877,-0.05121,-0.02240,-0.00115,0.99844,-0.09337,-0.00205,-0.01719,0.99548,1.00,-0.05093,-0.04949,-0.00253,0.99747,-0.09357,-0.02919,-0.01742,0.99503,1.00
7106,-0.04175,0.01925,-0.01787,0.99878,-0.05134,-0.02216,-0.00114,0.99844,-0.09337,-0.00204,-0.01707,0.99548,1.00,-0.05107,-0.04925,-0.00252,0.99748,-0.09357,-0.02918,-0.01730,0.99503,1.00
7117,-0.04177,0.01905,-0.01771,0.99879,-0.05055,-0.02310,-0.00117,0.99845,-0.09263,-0.00321,-0.01692,0.99555,1.00,-0.05030,-0.05019,-0.00253,0.99747,-0.09284,-0.03035,-0.01714,0.99507,1.00
7128,-0.04180,0.01889,-0.01765,0.99879,-0.05052,-0.02294,-0.00116,0.99846,-0.09263,-0.00321,-0.01687,0.99555,1.00,-0.05028,-0.05002,-0.00252,0.99748,-0.09285,-0.03034,-0.01709,0.99507,1.00
7139,-0.04180,0.01886,-0.01773,0.99879,-0.05053,-0.02292,-0.00116,0.99846,-0.09263,-0.00322,-0.01695,0.99555,1.00,-0.05028,-0.05001,-0.00252,0.99748,-0.09284,-0.03035,-0.01717,0.99507,1.00
7151,-0.04179,0.01873,-0.01776,0.99879,-0.05160,-0.02336,-0.00121,0.99839,-0.09369,-0.00377,-0.01699,0.99545,1.00,-0.05134,-0.05045,-0.00260,0.99740,-0.09390,-0.03090,-0.01724,0.99495,1.00
7162,-0.04170,0.01853,-0.01767,0.99880,-0.05170,-0.02315,-0.00120,0.99839,-0.09369,-0.00376,-0.01692,0.99545,1.00,-0.05144,-0.05024,-0.00259,0.99741,-0.09390,-0.03090,-0.01717,0.99495,1.00
7173,-0.04178,0.01843,-0.01765,0.99880,-0.05162,-0.02304,-0.00119,0.99840,-0.09369,-0.00376,-0.01690,0.99545,1.00,-0.05136,-0.05013,-0.00258,0.99742,-0.09390,-0.03090,-0.01714,0.99495,1.00
7184,-0.04185,0.01826,-0.01757,0.99880,-0.05169,-0.02331,-0.00121,0.99839,-0.09385,-0.00419,-0.01683,0.99544,1.00,-0.05144,-0.05040,-0.00260,0.99740,-0.09405,-0.03132,-0.01707,0.99493,1.00
7195,-0.04189,0.01822,-0.01764,0.99880,-0.05165,-0.02327,-0.00120,0.99839,-0.09385,-0.00419,-0.01689,0.99543,1.00,-0.05139,-0.05036,-0.00259,0.99740,-0.09405,-0.03133,-0.01714,0.99493,1.00
7206,-0.04203,0.01811,-0.01766,0.99880,-0.05151,-0.02316,-0.00119,0.99840,-0.09385,-0.00419,-0.01692,0.99543,1.00,-0.05125,-0.05025,-0.00258,0.99742,-0.09405,-0.03133,-0.01715,0.99493,1.00
7217,-0.04214,0.01809,-0.01765,0.99879,-0.05146,-0.02116,-0.00109,0.99845,-0.09386,-0.00220,-0.01689,0.99544,1.00,-0.05122,-0.04826,-0.00248,0.99752,-0.09408,-0.02935,-0.01712,0.99498,1.00
7228,-0.04219,0.01804,-0.01755,0.99879,-0.05141,-0.02109,-0.00109,0.99845,-0.09386,-0.00219,-0.01679,0.99544,1.00,-0.05118,-0.04819,-0.00247,0.99752,-0.09409,-0.02934,-0.01702,0.99499,1.00
7240,-0.04223,0.01802,-0.01756,0.99879,-0.05137,-0.02107,-0.00108,0.99846,-0.09386,-0.00219,-0.01680,0.99544,1.00,-0.05113,-0.04817,-0.00247,0.99753,-0.09409,-0.02934,-0.01702,0.99499,1.00
7251,-0.04223,0.01803,-0.01753,0.99879,-0.05073,-0.02111,-0.00107,0.99849,-0.09322,-0.00224,-0.01677,0.99550,1.00,-0.05049,-0.04821,-0.00244,0.99756,-0.09344,-0.02938,-0.01698,0.99505,1.00
7262,-0.04214,0.01803,-0.01755,0.99880,-0.05082,-0.02111,-0.00107,0.99848,-0.09322,-0.00224,-0.01679,0.99550,1.00,-0.05058,-0.04821,-0.00244,0.99755,-0.09344,-0.02938,-0.01701,0.99505,1.00
7273,-0.04196,0.01805,-0.01757,0.99880,-0.05099,-0.02113,-0.00108,0.99847,-0.09322,-0.00224,-0.01681,0.99550,1.00,-0.05076,-0.04823,-0.00245,0.99754,-0.09344,-0.02939,-0.01703,0.99505,1.00
7284,-0.04177,0.01796,-0.01752,0.99881,-0.05127,-0.01892,-0.00097,0.99850,-0.09327,-0.00011,-0.01675,0.99550,1.00,-0.05105,-0.04603,-0.00236,0.99763,-0.09351,-0.02726,-0.01699,0.99510,1.00
7295,-0.04168,0.01788,-0.01749,0.99882,-0.05137,-0.01884,-0.00097,0.99850,-0.09327,-0.00011,-0.01673,0.99550,1.00,-0.05115,-0.04595,-0.00236,0.99763,-0.09351,-0.02726,-0.01697,0.99510,1.00
7306,-0.04169,0.01774,-0.01746,0.99882,-0.05136,-0.01870,-0.00096,0.99850,-0.09327,-0.00010,-0.01671,0.99550,1.00,-0.05114,-0.04581,-0.00235,0.99764,-0.09351,-0.02726,-0.01695,0.99510,1.00
7318,-0.04176,0.01771,-0.01745,0.99882,-0.05107,-0.01617,-0.00083,0.99856,-0.09301,0.00239,-0.01667,0.99552,1.00,-0.05087,-0.04329,-0.00221,0.99776,-0.09327,-0.02478,-0.01691,0.99519,1.00
7329,-0.04185,0.01762,-0.01750,0.99882,-0.05099,-0.01609,-0.00082,0.99857,-0.09301,0.00238,-0.01673,0.99552,1.00,-0.05078,-0.04321,-0.00220,0.99777,-0.09327,-0.02478,-0.01696,0.99519,1.00
7340,-0.04189,0.01757,-0.01762,0.99881,-0.05094,-0.01606,-0.00082,0.99857,-0.09301,0.00237,-0.01685,0.99552,1.00,-0.05073,-0.04318,-0.00220,0.99778,-0.09327,-0.02479,-0.01708,0.99519,1.00
7351,-0.04194,0.01753,-0.01775,0.99881,-0.05230,-0.01380,-0.00072,0.99854,-0.09437,0.00461,-0.01695,0.99538,1.00,-0.05209,-0.04094,-0.00214,0.99780,-0.09464,-0.02256,-0.01721,0.99511,1.00
7362,-0.04191,0.01749,-0.01769,0.99881,-0.05233,-0.01376,-0.00072,0.99853,-0.09437,0.00462,-0.01689,0.99538,1.00,-0.05212,-0.04089,-0.00214,0.99780,-0.09464,-0.02256,-0.01716,0.99511,1.00
7373,-0.04193,0.01746,-0.01758,0.99881,-0.05231,-0.01371,-0.00072,0.99854,-0.09437,0.00463,-0.01678,0.99539,1.00,-0.05211,-0.04084,-0.00213,0.99780,-0.09464,-0.02255,-0.01705,0.99511,1.00
7385,-0.04202,0.01747,-0.01744,0.99881,-0.05376,-0.01299,-0.00070,0.99847,-0.09589,0.00538,-0.01662,0.99524,1.00,-0.05358,-0.04013,-0.00216,0.99775,-0.09618,-0.02181,-0.01693,0.99498,1.00
7396,-0.04212,0.01758,-0.01741,0.99881,-0.05366,-0.01309,-0.00070,0.99847,-0.09589,0.00538,-0.01659,0.99524,1.00,-0.05347,-0.04023,-0.00216,0.99776,-0.09618,-0.02181,-0.01689,0.99498,1.00
7407,-0.04226,0.01768,-0.01747,0.99880,-0.05352,-0.01320,-0.00071,0.99848,-0.09589,0.00537,-0.01665,0.99524,1.00,-0.05333,-0.04034,-0.00216,0.99776,-0.09618,-0.02181,-0.01694,0.99498,1.00
7418,-0.04228,0.01793,-0.01782,0.99879,-0.05360,-0.01348,-0.00072,0.99847,-0.09601,0.00536,-0.01699,0.99522,1.00,-0.05339,-0.04063,-0.00217,0.99774,-0.09628,-0.02183,-0.01728,0.99497,1.00
7429,-0.04217,0.01808,-0.01806,0.99878,-0.05371,-0.01367,-0.00074,0.99846,-0.09601,0.00534,-0.01721,0.99522,1.00,-0.05348,-0.04082,-0.00219,0.99773,-0.09627,-0.02185,-0.01751,0.99496,1.00
7440,-0.04205,0.01820,-0.01819,0.99878,-0.05382,-0.01381,-0.00074,0.99845,-0.09601,0.00532,-0.01735,0.99522,1.00,-0.05359,-0.04095,-0.00220,0.99772,-0.09627,-0.02187,-0.01765,0.99496,1.00
7451,-0.04194,0.01831,-0.01817,0.99879,-0.05226,-0.01370,-0.00072,0.99854,-0.09434,0.00552,-0.01732,0.99537,1.00,-0.05205,-0.04084,-0.00213,0.99781,-0.09462,-0.02166,-0.01759,0.99512,1.00
7462,-0.04184,0.01838,-0.01805,0.99879,-0.05236,-0.01376,-0.00072,0.99853,-0.09434,0.00553,-0.01721,0.99538,1.00,-0.05216,-0.04090,-0.00214,0.99780,-0.09462,-0.02165,-0.01748,0.99512,1.00
7474,-0.04165,0.01842,-0.01799,0.99880,-0.05256,-0.01378,-0.00073,0.99852,-0.09434,0.00554,-0.01714,0.99538,1.00,-0.05235,-0.04092,-0.00215,0.99779,-0.09462,-0.02165,-0.01742,0.99513,1.00
7485,-0.04154,0.01840,-0.01800,0.99881,-0.05193,-0.01340,-0.00070,0.99856,-0.09359,0.00589,-0.01716,0.99545,1.00,-0.05174,-0.04054,-0.00210,0.99784,-0.09389,-0.02129,-0.01743,0.99520,1.00
7496,-0.04136,0.01835,-0.01801,0.99881,-0.05211,-0.01336,-0.00070,0.99855,-0.09360,0.00589,-0.01717,0.99545,1.00,-0.05192,-0.04050,-0.00211,0.99783,-0.09389,-0.02129,-0.01745,0.99520,1.00
7507,-0.04122,0.01833,-0.01808,0.99882,-0.05224,-0.01335,-0.00070,0.99855,-0.09360,0.00588,-0.01724,0.99544,1.00,-0.05205,-0.04049,-0.00211,0.99782,-0.09389,-0.02130,-0.01753,0.99520,1.00
7518,-0.04108,0.01832,-0.01822,0.99882,-0.05032,-0.01411,-0.00071,0.99863,-0.09155,0.00510,-0.01741,0.99564,1.00,-0.05012,-0.04123,-0.00207,0.99789,-0.09184,-0.02207,-0.01764,0.99537,1.00
7529,-0.04102,0.01825,-0.01839,0.99882,-0.05037,-0.01406,-0.00071,0.99863,-0.09155,0.00508,-0.01758,0.99563,1.00,-0.05016,-0.04119,-0.00207,0.99789,-0.09184,-0.02209,-0.01781,0.99537,1.00
7540,-0.04108,0.01803,-0.01849,0.99882,-0.05032,-0.01386,-0.00070,0.99864,-0.09155,0.00507,-0.01768,0.99563,1.00,-0.05011,-0.04099,-0.00206,0.99790,-0.09183,-0.02210,-0.01792,0.99537,1.00
7552,-0.04112,0.01754,-0.01868,0.99883,-0.04990,-0.01456,-0.00073,0.99865,-0.09119,0.00387,-0.01790,0.99567,1.00,-0.04968,-0.04169,-0.00208,0.99789,-0.09147,-0.02329,-0.01812,0.99537,1.00
7563,-0.04115,0.01689,-0.01876,0.99883,-0.04988,-0.01393,-0.00070,0.99866,-0.09119,0.00386,-0.01802,0.99566,1.00,-0.04965,-0.04106,-0.00204,0.99792,-0.09146,-0.02330,-0.01824,0.99537,1.00
7574,-0.04117,0.01599,-0.01888,0.99885,-0.04988,-0.01305,-0.00065,0.99867,-0.09119,0.00385,-0.01817,0.99566,1.00,-0.04964,-0.04017,-0.00200,0.99796,-0.09146,-0.02332,-0.01839,0.99537,1.00
7586,-0.04137,0.01514,-0.01897,0.99885,-0.05046,-0.01345,-0.00068,0.99864,-0.09198,0.00261,-0.01830,0.99559,1.00,-0.05023,-0.04058,-0.00204,0.99791,-0.09226,-0.02455,-0.01853,0.99526,1.00
7596,-0.04166,0.01449,-0.01875,0.99885,-0.05018,-0.01277,-0.00064,0.99866,-0.09198,0.00263,-0.01811,0.99559,1.00,-0.04996,-0.03989,-0.00200,0.99795,-0.09226,-0.02453,-0.01832,0.99526,1.00
7607,-0.04194,0.01393,-0.01861,0.99885,-0.04992,-0.01218,-0.00061,0.99868,-0.09198,0.00264,-0.01799,0.99559,1.00,-0.04971,-0.03930,-0.00196,0.99799,-0.09226,-0.02452,-0.01819,0.99527,1.00
7618,-0.04199,0.01343,-0.01860,0.99885,-0.05086,-0.01324,-0.00067,0.99862,-0.09299,0.00110,-0.01801,0.99550,1.00,-0.05066,-0.04036,-0.00205,0.99790,-0.09328,-0.02606,-0.01823,0.99513,1.00
7630,-0.04192,0.01303,-0.01855,0.99886,-0.05093,-0.01284,-0.00065,0.99862,-0.09299,0.00111,-0.01797,0.99550,1.00,-0.05074,-0.03997,-0.00203,0.99791,-0.09328,-0.02606,-0.01820,0.99513,1.00
7641,-0.04173,0.01250,-0.01849,0.99888,-0.05114,-0.01230,-0.00063,0.99862,-0.09299,0.00111,-0.01794,0.99551,1.00,-0.05095,-0.03943,-0.00201,0.99792,-0.09328,-0.02606,-0.01818,0.99513,1.00
7652,-0.04162,0.01205,-0.01852,0.99889,-0.05074,-0.01362,-0.00069,0.99862,-0.09251,-0.00067,-0.01800,0.99555,1.00,-0.05054,-0.04075,-0.00206,0.99789,-0.09280,-0.02783,-0.01823,0.99513,1.00
7663,-0.04150,0.01162,-0.01866,0.99890,-0.05087,-0.01322,-0.00067,0.99862,-0.09251,-0.00068,-0.01817,0.99555,1.00,-0.05067,-0.04034,-0.00205,0.99790,-0.09280,-0.02784,-0.01841,0.99513,1.00
7674,-0.04156,0.01127,-0.01878,0.99890,-0.05082,-0.01289,-0.00066,0.99862,-0.09251,-0.00069,-0.01830,0.99554,1.00,-0.05061,-0.04001,-0.00203,0.99791,-0.09279,-0.02786,-0.01854,0.99512,1.00
7685,-0.04192,0.01105,-0.01880,0.99888,-0.05126,-0.01296,-0.00067,0.99860,-0.09331,-0.00097,-0.01833,0.99547,1.00,-0.05105,-0.04009,-0.00205,0.99789,-0.09360,-0.02814,-0.01856,0.99504,1.00
7696,-0.04228,0.01093,-0.01874,0.99887,-0.05090,-0.01282,-0.00065,0.99862,-0.09331,-0.00097,-0.01827,0.99547,1.00,-0.05069,-0.03995,-0.00203,0.99791,-0.09360,-0.02813,-0.01848,0.99504,1.00
7708,-0.04258,0.01086,-0.01870,0.99886,-0.05060,-0.01274,-0.00065,0.99864,-0.09331,-0.00096,-0.01823,0.99547,1.00,-0.05040,-0.03987,-0.00201,0.99793,-0.09360,-0.02813,-0.01843,0.99504,1.00
7719,-0.04271,0.01084,-0.01864,0.99885,-0.04827,-0.01303,-0.00063,0.99875,-0.09112,-0.00131,-0.01817,0.99567,1.00,-0.04809,-0.04015,-0.00193,0.99803,-0.09143,-0.02847,-0.01830,0.99524,1.00
7730,-0.04283,0.01089,-0.01880,0.99885,-0.04814,-0.01310,-0.00063,0.99875,-0.09111,-0.00133,-0.01833,0.99567,1.00,-0.04795,-0.04022,-0.00193,0.99804,-0.09142,-0.02848,-0.01845,0.99523,1.00
7741,-0.04284,0.01096,-0.01913,0.99884,-0.04813,-0.01321,-0.00064,0.99875,-0.09111,-0.00136,-0.01865,0.99567,1.00,-0.04793,-0.04033,-0.00194,0.99803,-0.09141,-0.02851,-0.01877,0.99523,1.00
7752,-0.04280,0.01099,-0.01951,0.99883,-0.05135,-0.01384,-0.00071,0.99858,-0.09430,-0.00188,-0.01903,0.99536,1.00,-0.05112,-0.04097,-0.00210,0.99785,-0.09459,-0.02905,-0.01925,0.99491,1.00
7763,-0.04276,0.01110,-0.01979,0.99883,-0.05138,-0.01399,-0.00072,0.99858,-0.09430,-0.00191,-0.01931,0.99535,1.00,-0.05113,-0.04113,-0.00211,0.99784,-0.09458,-0.02908,-0.01952,0.99490,1.00
7775,-0.04272,0.01114,-0.01997,0.99883,-0.05142,-0.01406,-0.00072,0.99858,-0.09430,-0.00192,-0.01949,0.99535,1.00,-0.05116,-0.04120,-0.00211,0.99784,-0.09457,-0.02910,-0.01971,0.99490,1.00
7786,-0.04276,0.01124,-0.02026,0.99882,-0.05167,-0.01207,-0.00062,0.99859,-0.09456,0.00019,-0.01976,0.99532,1.00,-0.05144,-0.03921,-0.00202,0.99790,-0.09486,-0.02699,-0.01998,0.99492,1.00
7797,-0.04271,0.01131,-0.02045,0.99881,-0.05172,-0.01217,-0.00063,0.99859,-0.09456,0.00017,-0.01994,0.99532,1.00,-0.05147,-0.03931,-0.00203,0.99790,-0.09486,-0.02701,-0.02017,0.99492,1.00
7808,-0.04270,0.01126,-0.02059,0.99881,-0.05172,-0.01215,-0.00063,0.99859,-0.09456,0.00016,-0.02009,0.99532,1.00,-0.05147,-0.03929,-0.00203,0.99790,-0.09485,-0.02703,-0.02031,0.99492,1.00
7819,-0.04270,0.01128,-0.02073,0.99881,-0.05178,-0.01188,-0.00062,0.99859,-0.09462,0.00045,-0.02022,0.99531,1.00,-0.05156,-0.03902,-0.00202,0.99791,-0.09495,-0.02674,-0.02045,0.99491,1.00
7830,-0.04292,0.01129,-0.02090,0.99880,-0.05157,-0.01191,-0.00062,0.99860,-0.09462,0.00043,-0.02040,0.99530,1.00,-0.05134,-0.03905,-0.00201,0.99792,-0.09494,-0.02675,-0.02061,0.99491,1.00
7842,-0.04308,0.01141,-0.02101,0.99879,-0.05140,-0.01204,-0.00062,0.99861,-0.09462,0.00042,-0.02049,0.99530,1.00,-0.05117,-0.03918,-0.00201,0.99792,-0.09494,-0.02676,-0.02070,0.99491,1.00
7852,-0.04303,0.01155,-0.02104,0.99879,-0.05135,-0.01207,-0.00062,0.99861,-0.09452,0.00054,-0.02052,0.99531,1.00,-0.05114,-0.03921,-0.00201,0.99792,-0.09487,-0.02664,-0.02072,0.99492,1.00
7863,-0.04296,0.01169,-0.02108,0.99879,-0.05141,-0.01221,-0.00063,0.99860,-0.09452,0.00053,-0.02056,0.99531,1.00,-0.05120,-0.03935,-0.00202,0.99791,-0.09487,-0.02664,-0.02077,0.99492,1.00
7875,-0.04283,0.01182,-0.02100,0.99879,-0.05154,-0.01233,-0.00064,0.99859,-0.09452,0.00054,-0.02047,0.99531,1.00,-0.05134,-0.03947,-0.00203,0.99790,-0.09487,-0.02664,-0.02069,0.99492,1.00
7886,-0.04286,0.01189,-0.02101,0.99879,-0.05167,-0.01496,-0.00077,0.99855,-0.09473,-0.00202,-0.02050,0.99529,1.00,-0.05147,-0.04209,-0.00217,0.99779,-0.09508,-0.02919,-0.02072,0.99483,1.00
7897,-0.04283,0.01193,-0.02089,0.99879,-0.05171,-0.01498,-0.00078,0.99855,-0.09473,-0.00201,-0.02037,0.99529,1.00,-0.05151,-0.04211,-0.00217,0.99778,-0.09508,-0.02918,-0.02059,0.99483,1.00
7908,-0.04287,0.01203,-0.02080,0.99879,-0.05166,-0.01507,-0.00078,0.99855,-0.09473,-0.00200,-0.02028,0.99529,1.00,-0.05147,-0.04220,-0.00218,0.99778,-0.09509,-0.02917,-0.02050,0.99483,1.00
7919,-0.04300,0.01212,-0.02067,0.99879,-0.05151,-0.01485,-0.00077,0.99856,-0.09469,-0.00170,-0.02015,0.99530,1.00,-0.05132,-0.04198,-0.00216,0.99780,-0.09506,-0.02887,-0.02036,0.99485,1.00
7930,-0.04319,0.01225,-0.02066,0.99878,-0.05130,-0.01498,-0.00077,0.99857,-0.09469,-0.00170,-0.02012,0.99530,1.00,-0.05112,-0.04211,-0.00216,0.99780,-0.09506,-0.02887,-0.02032,0.99485,1.00
7942,-0.04331,0.01231,-0.02069,0.99877,-0.05119,-0.01504,-0.00077,0.99858,-0.09469,-0.00170,-0.02015,0.99530,1.00,-0.05101,-0.04217,-0.00216,0.99781,-0.09506,-0.02887,-0.02034,0.99485,1.00
7953,-0.04332,0.01236,-0.02055,0.99877,-0.04978,-0.01340,-0.00067,0.99867,-0.09326,-0.00005,-0.02000,0.99544,1.00,-0.04961,-0.04053,-0.00202,0.99794,-0.09364,-0.02722,-0.02015,0.99503,1.00
7964,-0.04332,0.01245,-0.02050,0.99877,-0.04977,-0.01348,-0.00067,0.99867,-0.09326,-0.00005,-0.01994,0.99544,1.00,-0.04961,-0.04061,-0.00202,0.99794,-0.09364,-0.02721,-0.02009,0.99503,1.00
7975,-0.04329,0.01243,-0.02036,0.99878,-0.04980,-0.01345,-0.00067,0.99867,-0.09326,-0.00003,-0.01980,0.99544,1.00,-0.04965,-0.04058,-0.00202,0.99794,-0.09364,-0.02720,-0.01996,0.99503,1.00
7986,-0.04326,0.01244,-0.02014,0.99878,-0.05004,-0.01320,-0.00066,0.99866,-0.09346,0.00021,-0.01958,0.99543,1.00,-0.04989,-0.04033,-0.00202,0.99794,-0.09384,-0.02696,-0.01975,0.99503,1.00
7997,-0.04332,0.01250,-0.01995,0.99878,-0.04999,-0.01324,-0.00066,0.99866,-0.09346,0.00023,-0.01939,0.99543,1.00,-0.04985,-0.04037,-0.00202,0.99794,-0.09384,-0.02694,-0.01955,0.99503,1.00
8009,-0.04333,0.01252,-0.01984,0.99879,-0.04997,-0.01324,-0.00066,0.99866,-0.09346,0.00024,-0.01927,0.99544,1.00,-0.04983,-0.04037,-0.00202,0.99794,-0.09385,-0.02693,-0.01943,0.99503,1.00
8020,-0.04328,0.01260,-0.01983,0.99879,-0.05100,-0.01321,-0.00067,0.99861,-0.09442,0.00037,-0.01926,0.99535,1.00,-0.05084,-0.04035,-0.00206,0.99789,-0.09479,-0.02681,-0.01945,0.99495,1.00
8031,-0.04324,0.01265,-0.01981,0.99879,-0.05104,-0.01326,-0.00068,0.99861,-0.09442,0.00037,-0.01924,0.99535,1.00,-0.05088,-0.04040,-0.00206,0.99789,-0.09479,-0.02681,-0.01944,0.99495,1.00
8043,-0.04313,0.01270,-0.01992,0.99879,-0.05114,-0.01333,-0.00068,0.99860,-0.09442,0.00036,-0.01935,0.99534,1.00,-0.05098,-0.04046,-0.00207,0.99788,-0.09479,-0.02682,-0.01955,0.99494,1.00
8053,-0.04308,0.01274,-0.01991,0.99879,-0.05281,-0.01192,-0.00063,0.99853,-0.09601,0.00184,-0.01932,0.99519,1.00,-0.05264,-0.03907,-0.00206,0.99785,-0.09637,-0.02535,-0.01957,0.99483,1.00
8064,-0.04311,0.01275,-0.01989,0.99879,-0.05278,-0.01193,-0.00063,0.99853,-0.09601,0.00184,-0.01930,0.99519,1.00,-0.05261,-0.03908,-0.00206,0.99785,-0.09637,-0.02535,-0.01955,0.99483,1.00
8075,-0.04316,0.01285,-0.01979,0.99879,-0.05273,-0.01202,-0.00063,0.99854,-0.09601,0.00185,-0.01920,0.99519,1.00,-0.05256,-0.03916,-0.00206,0.99785,-0.09637,-0.02534,-0.01944,0.99483,1.00
8086,-0.04329,0.01297,-0.01974,0.99878,-0.05088,-0.01199,-0.00061,0.99863,-0.09430,0.00195,-0.01915,0.99536,1.00,-0.05072,-0.03913,-0.00199,0.99794,-0.09466,-0.02523,-0.01934,0.99500,1.00
8097,-0.04344,0.01302,-0.01972,0.99878,-0.05074,-0.01204,-0.00061,0.99864,-0.09430,0.00195,-0.01912,0.99536,1.00,-0.05058,-0.03918,-0.00199,0.99795,-0.09466,-0.02522,-0.01931,0.99500,1.00
8109,-0.04351,0.01317,-0.01981,0.99877,-0.05067,-0.01219,-0.00062,0.99864,-0.09430,0.00195,-0.01920,0.99536,1.00,-0.05050,-0.03933,-0.00199,0.99795,-0.09466,-0.02523,-0.01938,0.99500,1.00
8120,-0.04343,0.01336,-0.02008,0.99877,-0.04843,-0.01496,-0.00073,0.99871,-0.09206,-0.00066,-0.01948,0.99556,1.00,-0.04824,-0.04207,-0.00203,0.99795,-0.09239,-0.02781,-0.01959,0.99514,1.00
8131,-0.04338,0.01349,-0.02009,0.99877,-0.04848,-0.01509,-0.00073,0.99871,-0.09206,-0.00066,-0.01949,0.99556,1.00,-0.04828,-0.04221,-0.00204,0.99794,-0.09239,-0.02781,-0.01961,0.99514,1.00
8143,-0.04338,0.01358,-0.01997,0.99877,-0.04848,-0.01517,-0.00074,0.99871,-0.09206,-0.00065,-0.01936,0.99557,1.00,-0.04829,-0.04228,-0.00205,0.99794,-0.09239,-0.02780,-0.01948,0.99514,1.00
8154,-0.04340,0.01371,-0.01969,0.99877,-0.04858,-0.01674,-0.00081,0.99868,-0.09220,-0.00211,-0.01909,0.99556,1.00,-0.04839,-0.04385,-0.00213,0.99786,-0.09254,-0.02926,-0.01921,0.99509,1.00
8164,-0.04387,0.01393,-0.01938,0.99875,-0.04811,-0.01691,-0.00081,0.99870,-0.09220,-0.00208,-0.01875,0.99556,1.00,-0.04795,-0.04402,-0.00212,0.99788,-0.09255,-0.02922,-0.01885,0.99510,1.00
8176,-0.04434,0.01436,-0.01885,0.99874,-0.04765,-0.01725,-0.00082,0.99871,-0.09220,-0.00203,-0.01820,0.99557,1.00,-0.04751,-0.04436,-0.00211,0.99788,-0.09256,-0.02917,-0.01827,0.99511,1.00
8187,-0.04463,0.01491,-0.01820,0.99873,-0.04727,-0.01735,-0.00082,0.99873,-0.09211,-0.00161,-0.01751,0.99559,1.00,-0.04716,-0.04446,-0.00210,0.99790,-0.09248,-0.02875,-0.01757,0.99514,1.00
8198,-0.04463,0.01526,-0.01755,0.99873,-0.04728,-0.01760,-0.00083,0.99873,-0.09211,-0.00155,-0.01685,0.99561,1.00,-0.04721,-0.04471,-0.00212,0.99788,-0.09250,-0.02869,-0.01691,0.99516,1.00
8209,-0.04454,0.01544,-0.01703,0.99874,-0.04738,-0.01771,-0.00084,0.99872,-0.09211,-0.00150,-0.01632,0.99561,1.00,-0.04734,-0.04482,-0.00213,0.99787,-0.09251,-0.02864,-0.01639,0.99516,1.00
8220,-0.04456,0.01549,-0.01697,0.99874,-0.04838,-0.01613,-0.00078,0.99870,-0.09311,0.00015,-0.01626,0.99552,1.00,-0.04829,-0.04324,-0.00209,0.99789,-0.09346,-0.02700,-0.01635,0.99512,1.00
8231,-0.04457,0.01539,-0.01698,0.99874,-0.04837,-0.01603,-0.00078,0.99870,-0.09311,0.00015,-0.01627,0.99552,1.00,-0.04828,-0.04315,-0.00209,0.99790,-0.09346,-0.02701,-0.01636,0.99512,1.00
8243,-0.04470,0.01523,-0.01707,0.99874,-0.04824,-0.01588,-0.00077,0.99871,-0.09311,0.00014,-0.01637,0.99552,1.00,-0.04815,-0.04300,-0.00207,0.99791,-0.09346,-0.02701,-0.01645,0.99512,1.00
8253,-0.04485,0.01494,-0.01703,0.99874,-0.04840,-0.01468,-0.00071,0.99872,-0.09339,0.00105,-0.01634,0.99550,1.00,-0.04824,-0.04179,-0.00202,0.99796,-0.09368,-0.02610,-0.01642,0.99512,1.00
8264,-0.04504,0.01473,-0.01703,0.99873,-0.04820,-0.01446,-0.00070,0.99873,-0.09339,0.00105,-0.01635,0.99550,1.00,-0.04805,-0.04158,-0.00200,0.99798,-0.09368,-0.02610,-0.01642,0.99512,1.00
8276,-0.04525,0.01449,-0.01705,0.99872,-0.04800,-0.01423,-0.00068,0.99875,-0.09339,0.00105,-0.01637,0.99550,1.00,-0.04784,-0.04134,-0.00198,0.99800,-0.09368,-0.02610,-0.01643,0.99512,1.00
8287,-0.04544,0.01422,-0.01714,0.99872,-0.04826,-0.01407,-0.00068,0.99874,-0.09383,0.00095,-0.01647,0.99545,1.00,-0.04808,-0.04118,-0.00198,0.99799,-0.09410,-0.02620,-0.01653,0.99508,1.00
8298,-0.04566,0.01396,-0.01725,0.99871,-0.04804,-0.01382,-0.00066,0.99875,-0.09383,0.00094,-0.01659,0.99545,1.00,-0.04785,-0.04094,-0.00196,0.99801,-0.09409,-0.02622,-0.01664,0.99508,1.00
8310,-0.04589,0.01376,-0.01727,0.99870,-0.04782,-0.01362,-0.00065,0.99876,-0.09383,0.00094,-0.01662,0.99545,1.00,-0.04763,-0.04073,-0.00194,0.99803,-0.09409,-0.02622,-0.01665,0.99508,1.00
8320,-0.04617,0.01373,-0.01733,0.99869,-0.04837,-0.01398,-0.00068,0.99873,-0.09467,0.00056,-0.01668,0.99537,1.00,-0.04818,-0.04110,-0.00198,0.99799,-0.09493,-0.02660,-0.01672,0.99499,1.00
8331,-0.04637,0.01369,-0.01719,0.99868,-0.04818,-0.01392,-0.00067,0.99874,-0.09467,0.00057,-0.01653,0.99537,1.00,-0.04799,-0.04104,-0.00197,0.99800,-0.09493,-0.02658,-0.01656,0.99499,1.00
8343,-0.04662,0.01380,-0.01711,0.99867,-0.04792,-0.01401,-0.00067,0.99875,-0.09467,0.00058,-0.01645,0.99537,1.00,-0.04774,-0.04113,-0.00197,0.99801,-0.09494,-0.02657,-0.01647,0.99499,1.00
8354,-0.04681,0.01398,-0.01709,0.99866,-0.04834,-0.01464,-0.00071,0.99872,-0.09528,0.00014,-0.01641,0.99531,1.00,-0.04817,-0.04176,-0.00202,0.99796,-0.09555,-0.02702,-0.01644,0.99492,1.00
8365,-0.04700,0.01420,-0.01714,0.99865,-0.04815,-0.01486,-0.00072,0.99873,-0.09528,0.00013,-0.01645,0.99531,1.00,-0.04796,-0.04197,-0.00202,0.99796,-0.09555,-0.02702,-0.01647,0.99492,1.00
8377,-0.04716,0.01446,-0.01710,0.99864,-0.04798,-0.01511,-0.00073,0.99873,-0.09528,0.00014,-0.01640,0.99532,1.00,-0.04780,-0.04222,-0.00202,0.99796,-0.09555,-0.02702,-0.01641,0.99492,1.00
8387,-0.04727,0.01474,-0.01700,0.99863,-0.04670,-0.01549,-0.00072,0.99879,-0.09412,0.00002,-0.01628,0.99543,1.00,-0.04653,-0.04260,-0.00199,0.99801,-0.09440,-0.02713,-0.01625,0.99503,1.00
8398,-0.04729,0.01492,-0.01692,0.99863,-0.04668,-0.01566,-0.00073,0.99879,-0.09412,0.00002,-0.01619,0.99543,1.00,-0.04651,-0.04277,-0.00199,0.99800,-0.09440,-0.02712,-0.01616,0.99503,1.00
8410,-0.04731,0.01508,-0.01677,0.99863,-0.04666,-0.01579,-0.00074,0.99879,-0.09412,0.00004,-0.01604,0.99543,1.00,-0.04650,-0.04290,-0.00200,0.99799,-0.09440,-0.02711,-0.01600,0.99504,1.00
8421,-0.04753,0.01527,-0.01665,0.99861,-0.04594,-0.01520,-0.00070,0.99883,-0.09362,0.00081,-0.01591,0.99548,1.00,-0.04579,-0.04231,-0.00194,0.99805,-0.09390,-0.02634,-0.01585,0.99511,1.00
8432,-0.04768,0.01546,-0.01648,0.99861,-0.04579,-0.01536,-0.00070,0.99883,-0.09362,0.00082,-0.01572,0.99548,1.00,-0.04565,-0.04247,-0.00194,0.99805,-0.09391,-0.02632,-0.01566,0.99511,1.00
8443,-0.04783,0.01557,-0.01642,0.99860,-0.04565,-0.01546,-0.00071,0.99884,-0.09362,0.00083,-0.01565,0.99548,1.00,-0.04551,-0.04257,-0.00194,0.99805,-0.09391,-0.02631,-0.01558,0.99511,1.00
8454,-0.04771,0.01569,-0.01634,0.99860,-0.04442,-0.01610,-0.00072,0.99888,-0.09229,0.00029,-0.01557,0.99561,1.00,-0.04427,-0.04319,-0.00192,0.99808,-0.09257,-0.02684,-0.01547,0.99522,1.00
8465,-0.04749,0.01573,-0.01624,0.99862,-0.04464,-0.01612,-0.00072,0.99887,-0.09229,0.00030,-0.01547,0.99561,1.00,-0.04450,-0.04322,-0.00193,0.99807,-0.09257,-0.02683,-0.01538,0.99523,1.00
8477,-0.04731,0.01569,-0.01612,0.99863,-0.04482,-0.01608,-0.00072,0.99887,-0.09229,0.00031,-0.01536,0.99561,1.00,-0.04468,-0.04318,-0.00193,0.99807,-0.09257,-0.02683,-0.01528,0.99523,1.00
8487,-0.04717,0.01564,-0.01610,0.99863,-0.04493,-0.01682,-0.00076,0.99885,-0.09227,-0.00048,-0.01534,0.99562,1.00,-0.04476,-0.04391,-0.00197,0.99803,-0.09252,-0.02761,-0.01526,0.99521,1.00
8498,-0.04707,0.01551,-0.01609,0.99864,-0.04503,-0.01669,-0.00075,0.99885,-0.09227,-0.00048,-0.01534,0.99562,1.00,-0.04487,-0.04379,-0.00197,0.99803,-0.09252,-0.02761,-0.01527,0.99521,1.00
8510,-0.04700,0.01545,-0.01607,0.99865,-0.04510,-0.01662,-0.00075,0.99884,-0.09227,-0.00048,-0.01532,0.99562,1.00,-0.04494,-0.04372,-0.00197,0.99803,-0.09252,-0.02761,-0.01525,0.99521,1.00
8521,-0.04690,0.01520,-0.01616,0.99865,-0.04461,-0.01650,-0.00074,0.99887,-0.09168,-0.00061,-0.01542,0.99567,1.00,-0.04444,-0.04360,-0.00194,0.99806,-0.09192,-0.02774,-0.01535,0.99526,1.00
8532,-0.04680,0.01504,-0.01619,0.99866,-0.04471,-0.01636,-0.00073,0.99887,-0.09168,-0.00062,-0.01547,0.99567,1.00,-0.04453,-0.04345,-0.00194,0.99806,-0.09192,-0.02775,-0.01539,0.99526,1.00
8543,-0.04685,0.01493,-0.01623,0.99866,-0.04467,-0.01625,-0.00073,0.99887,-0.09168,-0.00062,-0.01551,0.99567,1.00,-0.04448,-0.04334,-0.00193,0.99807,-0.09192,-0.02775,-0.01543,0.99526,1.00
8554,-0.04689,0.01481,-0.01623,0.99866,-0.04473,-0.01611,-0.00072,0.99887,-0.09178,-0.00061,-0.01551,0.99566,1.00,-0.04454,-0.04321,-0.00193,0.99807,-0.09201,-0.02774,-0.01544,0.99525,1.00
8565,-0.04695,0.01477,-0.01616,0.99866,-0.04467,-0.01606,-0.00072,0.99887,-0.09178,-0.00060,-0.01545,0.99566,1.00,-0.04448,-0.04316,-0.00192,0.99808,-0.09201,-0.02773,-0.01537,0.99525,1.00
8577,-0.04706,0.01481,-0.01608,0.99865,-0.04456,-0.01609,-0.00072,0.99888,-0.09178,-0.00059,-0.01536,0.99566,1.00,-0.04439,-0.04318,-0.00192,0.99808,-0.09202,-0.02772,-0.01528,0.99525,1.00
8588,-0.04711,0.01499,-0.01592,0.99865,-0.04468,-0.01678,-0.00075,0.99886,-0.09196,-0.00111,-0.01519,0.99565,1.00,-0.04451,-0.04388,-0.00196,0.99804,-0.09220,-0.02824,-0.01511,0.99523,1.00
8599,-0.04711,0.01524,-0.01586,0.99865,-0.04468,-0.01702,-0.00076,0.99886,-0.09196,-0.00110,-0.01512,0.99565,1.00,-0.04451,-0.04412,-0.00197,0.99803,-0.09220,-0.02823,-0.01503,0.99523,1.00
8611,-0.04692,0.01557,-0.01581,0.99865,-0.04486,-0.01734,-0.00078,0.99884,-0.09196,-0.00110,-0.01506,0.99565,1.00,-0.04470,-0.04444,-0.00199,0.99801,-0.09220,-0.02823,-0.01499,0.99523,1.00
8621,-0.04674,0.01578,-0.01577,0.99866,-0.04512,-0.01780,-0.00080,0.99882,-0.09204,-0.00134,-0.01501,0.99564,1.00,-0.04495,-0.04489,-0.00202,0.99798,-0.09228,-0.02847,-0.01495,0.99521,1.00
8632,-0.04647,0.01597,-0.01578,0.99867,-0.04539,-0.01799,-0.00082,0.99881,-0.09204,-0.00134,-0.01501,0.99564,1.00,-0.04522,-0.04508,-0.00204,0.99796,-0.09228,-0.02847,-0.01497,0.99521,1.00
8644,-0.04623,0.01605,-0.01579,0.99868,-0.04563,-0.01807,-0.00083,0.99879,-0.09204,-0.00134,-0.01503,0.99564,1.00,-0.04546,-0.04517,-0.00206,0.99794,-0.09228,-0.02847,-0.01499,0.99521,1.00
8654,-0.04613,0.01616,-0.01580,0.99868,-0.04365,-0.01814,-0.00079,0.99888,-0.08997,-0.00131,-0.01504,0.99583,1.00,-0.04347,-0.04522,-0.00197,0.99803,-0.09020,-0.02844,-0.01495,0.99541,1.00
8665,-0.04599,0.01615,-0.01579,0.99869,-0.04379,-0.01813,-0.00079,0.99888,-0.08997,-0.00131,-0.01503,0.99583,1.00,-0.04361,-0.04521,-0.00198,0.99802,-0.09020,-0.02844,-0.01495,0.99541,1.00
8677,-0.04590,0.01612,-0.01576,0.99869,-0.04388,-0.01809,-0.00079,0.99887,-0.08997,-0.00131,-0.01500,0.99583,1.00,-0.04370,-0.04518,-0.00198,0.99802,-0.09020,-0.02844,-0.01493,0.99541,1.00
8688,-0.04587,0.01606,-0.01574,0.99869,-0.04346,-0.01763,-0.00077,0.99890,-0.08951,-0.00091,-0.01498,0.99587,1.00,-0.04328,-0.04472,-0.00194,0.99806,-0.08974,-0.02803,-0.01490,0.99546,1.00
8699,-0.04577,0.01603,-0.01579,0.99870,-0.04356,-0.01760,-0.00077,0.99890,-0.08951,-0.00092,-0.01503,0.99587,1.00,-0.04338,-0.04469,-0.00194,0.99806,-0.08974,-0.02804,-0.01495,0.99546,1.00
8711,-0.04572,0.01591,-0.01586,0.99870,-0.04361,-0.01749,-0.00076,0.99890,-0.08951,-0.00092,-0.01511,0.99587,1.00,-0.04343,-0.04458,-0.00194,0.99806,-0.08974,-0.02805,-0.01504,0.99546,1.00
8722,-0.04579,0.01580,-0.01591,0.99870,-0.04333,-0.01743,-0.00076,0.99891,-0.08931,-0.00097,-0.01517,0.99589,1.00,-0.04314,-0.04452,-0.00192,0.99807,-0.08953,-0.02809,-0.01508,0.99547,1.00
8732,-0.04605,0.01574,-0.01599,0.99869,-0.04308,-0.01737,-0.00075,0.99892,-0.08931,-0.00098,-0.01524,0.99589,1.00,-0.04288,-0.04446,-0.00191,0.99809,-0.08953,-0.02810,-0.01515,0.99547,1.00
8744,-0.04657,0.01577,-0.01588,0.99866,-0.04255,-0.01738,-0.00074,0.99894,-0.08931,-0.00097,-0.01512,0.99589,1.00,-0.04236,-0.04446,-0.00189,0.99811,-0.08953,-0.02808,-0.01499,0.99548,1.00
8755,-0.04667,0.01583,-0.01581,0.99866,-0.04447,-0.01754,-0.00078,0.99886,-0.09131,-0.00104,-0.01504,0.99571,1.00,-0.04429,-0.04464,-0.00198,0.99802,-0.09154,-0.02817,-0.01497,0.99529,1.00
8766,-0.04673,0.01588,-0.01580,0.99866,-0.04441,-0.01759,-0.00078,0.99886,-0.09131,-0.00104,-0.01503,0.99571,1.00,-0.04423,-0.04468,-0.00198,0.99802,-0.09154,-0.02817,-0.01495,0.99529,1.00
8777,-0.04678,0.01590,-0.01590,0.99865,-0.04436,-0.01762,-0.00078,0.99886,-0.09131,-0.00105,-0.01514,0.99571,1.00,-0.04417,-0.04471,-0.00198,0.99802,-0.09153,-0.02818,-0.01506,0.99529,1.00
8788,-0.04687,0.01593,-0.01614,0.99864,-0.04608,-0.01633,-0.00075,0.99880,-0.09311,0.00031,-0.01538,0.99554,1.00,-0.04588,-0.04343,-0.00200,0.99800,-0.09333,-0.02683,-0.01534,0.99516,1.00
8799,-0.04706,0.01593,-0.01634,0.99863,-0.04589,-0.01636,-0.00075,0.99881,-0.09311,0.00029,-0.01557,0.99553,1.00,-0.04568,-0.04346,-0.00199,0.99801,-0.09332,-0.02685,-0.01552,0.99515,1.00
8811,-0.04720,0.01596,-0.01649,0.99862,-0.04575,-0.01640,-0.00075,0.99882,-0.09311,0.00028,-0.01572,0.99553,1.00,-0.04553,-0.04350,-0.00198,0.99801,-0.09332,-0.02686,-0.01566,0.99515,1.00
8822,-0.04733,0.01593,-0.01662,0.99861,-0.04596,-0.01632,-0.00075,0.99881,-0.09345,0.00034,-0.01584,0.99550,1.00,-0.04574,-0.04342,-0.00199,0.99801,-0.09366,-0.02680,-0.01579,0.99512,1.00
8833,-0.04732,0.01603,-0.01684,0.99861,-0.04596,-0.01645,-0.00076,0.99881,-0.09345,0.00032,-0.01606,0.99549,1.00,-0.04573,-0.04355,-0.00200,0.99800,-0.09366,-0.02682,-0.01600,0.99511,1.00
8844,-0.04729,0.01624,-0.01704,0.99860,-0.04599,-0.01669,-0.00077,0.99880,-0.09345,0.00030,-0.01625,0.99549,1.00,-0.04574,-0.04379,-0.00201,0.99799,-0.09365,-0.02684,-0.01619,0.99511,1.00
8855,-0.04730,0.01641,-0.01716,0.99860,-0.04449,-0.01823,-0.00081,0.99884,-0.09200,-0.00109,-0.01636,0.99562,1.00,-0.04426,-0.04532,-0.00201,0.99799,-0.09221,-0.02822,-0.01627,0.99521,1.00
8866,-0.04719,0.01666,-0.01710,0.99860,-0.04459,-0.01847,-0.00082,0.99883,-0.09200,-0.00109,-0.01629,0.99563,1.00,-0.04437,-0.04556,-0.00203,0.99797,-0.09222,-0.02821,-0.01620,0.99521,1.00
8878,-0.04713,0.01676,-0.01705,0.99860,-0.04465,-0.01857,-0.00083,0.99883,-0.09200,-0.00108,-0.01624,0.99563,1.00,-0.04443,-0.04566,-0.00203,0.99797,-0.09222,-0.02821,-0.01615,0.99521,1.00
8889,-0.04705,0.01695,-0.01703,0.99860,-0.04383,-0.01842,-0.00081,0.99887,-0.09109,-0.00075,-0.01621,0.99571,1.00,-0.04363,-0.04551,-0.00199,0.99801,-0.09134,-0.02788,-0.01610,0.99530,1.00
8899,-0.04713,0.01715,-0.01704,0.99860,-0.04375,-0.01861,-0.00082,0.99887,-0.09109,-0.00075,-0.01621,0.99571,1.00,-0.04355,-0.04570,-0.00199,0.99800,-0.09134,-0.02788,-0.01610,0.99530,1.00
8911,-0.04724,0.01734,-0.01715,0.99859,-0.04363,-0.01882,-0.00082,0.99887,-0.09109,-0.00076,-0.01631,0.99571,1.00,-0.04343,-0.04591,-0.00200,0.99800,-0.09134,-0.02788,-0.01619,0.99530,1.00
8922,-0.04729,0.01746,-0.01714,0.99858,-0.04353,-0.01845,-0.00080,0.99888,-0.09103,-0.00028,-0.01629,0.99571,1.00,-0.04334,-0.04554,-0.00198,0.99802,-0.09129,-0.02741,-0.01617,0.99532,1.00
8933,-0.04727,0.01751,-0.01719,0.99858,-0.04355,-0.01851,-0.00081,0.99888,-0.09103,-0.00029,-0.01634,0.99571,1.00,-0.04336,-0.04560,-0.00198,0.99802,-0.09129,-0.02741,-0.01622,0.99532,1.00
8944,-0.04722,0.01754,-0.01712,0.99858,-0.04359,-0.01854,-0.00081,0.99888,-0.09103,-0.00028,-0.01627,0.99571,1.00,-0.04340,-0.04562,-0.00198,0.99801,-0.09129,-0.02740,-0.01615,0.99532,1.00
8955,-0.04719,0.01745,-0.01708,0.99859,-0.04369,-0.01843,-0.00081,0.99888,-0.09109,-0.00026,-0.01624,0.99571,1.00,-0.04350,-0.04551,-0.00198,0.99801,-0.09135,-0.02738,-0.01612,0.99531,1.00
8966,-0.04725,0.01725,-0.01702,0.99859,-0.04363,-0.01822,-0.00080,0.99888,-0.09109,-0.00026,-0.01619,0.99571,1.00,-0.04345,-0.04530,-0.00197,0.99803,-0.09135,-0.02738,-0.01607,0.99531,1.00
8978,-0.04734,0.01702,-0.01699,0.99859,-0.04355,-0.01799,-0.00078,0.99889,-0.09109,-0.00026,-0.01616,0.99571,1.00,-0.04337,-0.04507,-0.00196,0.99804,-0.09135,-0.02738,-0.01604,0.99531,1.00
8989,-0.04755,0.01672,-0.01695,0.99859,-0.04385,-0.01755,-0.00077,0.99888,-0.09159,-0.00011,-0.01613,0.99567,1.00,-0.04366,-0.04463,-0.00195,0.99805,-0.09185,-0.02723,-0.01601,0.99527,1.00
9000,-0.04762,0.01661,-0.01692,0.99858,-0.04378,-0.01743,-0.00076,0.99889,-0.09159,-0.00011,-0.01611,0.99567,1.00,-0.04360,-0.04451,-0.00194,0.99806,-0.09185,-0.02723,-0.01599,0.99527,1.00
9012,-0.04767,0.01641,-0.01696,0.99858,-0.04373,-0.01724,-0.00075,0.99889,-0.09159,-0.00011,-0.01616,0.99567,1.00,-0.04355,-0.04432,-0.00193,0.99807,-0.09185,-0.02724,-0.01603,0.99527,1.00
9022,-0.04773,0.01633,-0.01691,0.99858,-0.04407,-0.01539,-0.00068,0.99891,-0.09196,0.00165,-0.01612,0.99563,1.00,-0.04389,-0.04249,-0.00187,0.99813,-0.09222,-0.02548,-0.01600,0.99528,1.00
9033,-0.04787,0.01626,-0.01693,0.99858,-0.04393,-0.01533,-0.00067,0.99892,-0.09196,0.00165,-0.01614,0.99563,1.00,-0.04376,-0.04242,-0.00186,0.99814,-0.09222,-0.02548,-0.01601,0.99528,1.00
9044,-0.04803,0.01624,-0.01687,0.99857,-0.04377,-0.01529,-0.00067,0.99892,-0.09196,0.00166,-0.01607,0.99563,1.00,-0.04360,-0.04239,-0.00185,0.99815,-0.09223,-0.02547,-0.01594,0.99528,1.00
9056,-0.04819,0.01621,-0.01687,0.99856,-0.04518,-0.01406,-0.00064,0.99888,-0.09349,0.00289,-0.01607,0.99549,1.00,-0.04501,-0.04116,-0.00186,0.99814,-0.09377,-0.02425,-0.01597,0.99517,1.00
9067,-0.04833,0.01617,-0.01695,0.99856,-0.04503,-0.01403,-0.00063,0.99889,-0.09349,0.00288,-0.01616,0.99548,1.00,-0.04486,-0.04113,-0.00185,0.99814,-0.09377,-0.02426,-0.01605,0.99517,1.00
9079,-0.04844,0.01620,-0.01700,0.99855,-0.04492,-0.01406,-0.00063,0.99889,-0.09349,0.00288,-0.01620,0.99548,1.00,-0.04475,-0.04116,-0.00185,0.99815,-0.09377,-0.02426,-0.01609,0.99517,1.00
9089,-0.04849,0.01624,-0.01710,0.99855,-0.04522,-0.01314,-0.00059,0.99889,-0.09382,0.00384,-0.01630,0.99545,1.00,-0.04505,-0.04025,-0.00182,0.99817,-0.09410,-0.02330,-0.01619,0.99516,1.00
9100,-0.04856,0.01623,-0.01707,0.99854,-0.04515,-0.01313,-0.00059,0.99889,-0.09382,0.00384,-0.01628,0.99545,1.00,-0.04497,-0.04024,-0.00181,0.99818,-0.09410,-0.02330,-0.01617,0.99516,1.00
9111,-0.04849,0.01631,-0.01703,0.99855,-0.04522,-0.01320,-0.00060,0.99889,-0.09382,0.00385,-0.01623,0.99545,1.00,-0.04505,-0.04031,-0.00182,0.99817,-0.09410,-0.02330,-0.01613,0.99516,1.00
9122,-0.04840,0.01632,-0.01699,0.99855,-0.04564,-0.01295,-0.00059,0.99887,-0.09414,0.00412,-0.01619,0.99542,1.00,-0.04547,-0.04007,-0.00183,0.99816,-0.09443,-0.02303,-0.01610,0.99514,1.00
9133,-0.04833,0.01639,-0.01702,0.99855,-0.04571,-0.01303,-0.00060,0.99887,-0.09414,0.00411,-0.01621,0.99542,1.00,-0.04554,-0.04014,-0.00183,0.99815,-0.09443,-0.02303,-0.01613,0.99513,1.00
9145,-0.04820,0.01648,-0.01697,0.99856,-0.04583,-0.01311,-0.00060,0.99886,-0.09414,0.00412,-0.01616,0.99542,1.00,-0.04567,-0.04022,-0.00184,0.99814,-0.09443,-0.02303,-0.01608,0.99514,1.00
9156,-0.04813,0.01659,-0.01689,0.99856,-0.04530,-0.01348,-0.00061,0.99888,-0.09355,0.00385,-0.01608,0.99548,1.00,-0.04514,-0.04059,-0.00184,0.99815,-0.09384,-0.02329,-0.01599,0.99519,1.00
9167,-0.04795,0.01673,-0.01674,0.99857,-0.04548,-0.01359,-0.00062,0.99887,-0.09355,0.00387,-0.01593,0.99548,1.00,-0.04533,-0.04070,-0.00185,0.99814,-0.09384,-0.02328,-0.01585,0.99519,1.00
9178,-0.04769,0.01682,-0.01669,0.99858,-0.04574,-0.01368,-0.00063,0.99886,-0.09355,0.00387,-0.01588,0.99548,1.00,-0.04559,-0.04080,-0.00186,0.99813,-0.09384,-0.02328,-0.01581,0.99519,1.00
9189,-0.04739,0.01694,-0.01675,0.99859,-0.04569,-0.01432,-0.00066,0.99885,-0.09321,0.00336,-0.01593,0.99551,1.00,-0.04553,-0.04143,-0.00189,0.99810,-0.09349,-0.02379,-0.01587,0.99521,1.00
9200,-0.04708,0.01698,-0.01682,0.99861,-0.04600,-0.01438,-0.00066,0.99884,-0.09321,0.00335,-0.01601,0.99551,1.00,-0.04584,-0.04149,-0.00191,0.99809,-0.09349,-0.02380,-0.01596,0.99521,1.00
9212,-0.04671,0.01705,-0.01694,0.99862,-0.04637,-0.01446,-0.00067,0.99882,-0.09321,0.00334,-0.01613,0.99551,1.00,-0.04620,-0.04157,-0.00192,0.99806,-0.09349,-0.02381,-0.01610,0.99521,1.00
9223,-0.04647,0.01702,-0.01705,0.99863,-0.04633,-0.01445,-0.00067,0.99882,-0.09294,0.00333,-0.01624,0.99553,1.00,-0.04615,-0.04156,-0.00192,0.99807,-0.09320,-0.02382,-0.01622,0.99523,1.00
9234,-0.04631,0.01706,-0.01702,0.99864,-0.04648,-0.01449,-0.00067,0.99881,-0.09294,0.00333,-0.01621,0.99553,1.00,-0.04630,-0.04160,-0.00193,0.99806,-0.09320,-0.02382,-0.01620,0.99523,1.00
9245,-0.04621,0.01705,-0.01693,0.99864,-0.04658,-0.01447,-0.00067,0.99881,-0.09294,0.00334,-0.01612,0.99554,1.00,-0.04641,-0.04158,-0.00193,0.99806,-0.09320,-0.02381,-0.01611,0.99523,1.00
9256,-0.04609,0.01701,-0.01681,0.99865,-0.04732,-0.01444,-0.00068,0.99878,-0.09354,0.00334,-0.01601,0.99548,1.00,-0.04715,-0.04155,-0.00196,0.99802,-0.09381,-0.02382,-0.01602,0.99518,1.00
9267,-0.04590,0.01699,-0.01679,0.99866,-0.04752,-0.01442,-0.00069,0.99877,-0.09354,0.00334,-0.01599,0.99548,1.00,-0.04734,-0.04153,-0.00197,0.99801,-0.09381,-0.02382,-0.01601,0.99518,1.00
9279,-0.04579,0.01694,-0.01683,0.99867,-0.04762,-0.01437,-0.00069,0.99876,-0.09354,0.00333,-0.01603,0.99548,1.00,-0.04744,-0.04149,-0.00197,0.99801,-0.09381,-0.02382,-0.01606,0.99518,1.00
9290,-0.04559,0.01693,-0.01682,0.99867,-0.04722,-0.01423,-0.00067,0.99878,-0.09295,0.00346,-0.01603,0.99554,1.00,-0.04705,-0.04134,-0.00195,0.99803,-0.09322,-0.02369,-0.01606,0.99523,1.00
9301,-0.04552,0.01697,-0.01679,0.99868,-0.04730,-0.01426,-0.00068,0.99878,-0.09295,0.00347,-0.01599,0.99554,1.00,-0.04712,-0.04138,-0.00195,0.99803,-0.09322,-0.02369,-0.01603,0.99523,1.00
9312,-0.04537,0.01694,-0.01671,0.99869,-0.04745,-0.01423,-0.00068,0.99877,-0.09295,0.00347,-0.01591,0.99554,1.00,-0.04728,-0.04134,-0.00196,0.99802,-0.09322,-0.02368,-0.01595,0.99524,1.00
9323,-0.04529,0.01700,-0.01656,0.99869,-0.04733,-0.01421,-0.00067,0.99878,-0.09274,0.00355,-0.01577,0.99556,1.00,-0.04717,-0.04132,-0.00195,0.99803,-0.09302,-0.02360,-0.01581,0.99526,1.00
9334,-0.04522,0.01714,-0.01647,0.99869,-0.04739,-0.01433,-0.00068,0.99877,-0.09274,0.00356,-0.01567,0.99556,1.00,-0.04723,-0.04144,-0.00196,0.99802,-0.09302,-0.02359,-0.01571,0.99526,1.00
9345,-0.04517,0.01724,-0.01634,0.99870,-0.04745,-0.01441,-0.00068,0.99877,-0.09274,0.00357,-0.01553,0.99556,1.00,-0.04730,-0.04152,-0.00197,0.99802,-0.09302,-0.02358,-0.01558,0.99526,1.00
9356,-0.04505,0.01731,-0.01634,0.99870,-0.04930,-0.01433,-0.00071,0.99868,-0.09447,0.00375,-0.01553,0.99540,1.00,-0.04913,-0.04145,-0.00204,0.99793,-0.09474,-0.02341,-0.01563,0.99510,1.00
9368,-0.04496,0.01742,-0.01632,0.99870,-0.04939,-0.01444,-0.00071,0.99867,-0.09447,0.00375,-0.01550,0.99540,1.00,-0.04923,-0.04156,-0.00205,0.99792,-0.09474,-0.02341,-0.01561,0.99510,1.00
9379,-0.04478,0.01741,-0.01634,0.99871,-0.04957,-0.01444,-0.00072,0.99867,-0.09447,0.00375,-0.01553,0.99540,1.00,-0.04940,-0.04156,-0.00206,0.99791,-0.09474,-0.02342,-0.01564,0.99510,1.00
9390,-0.04466,0.01745,-0.01629,0.99872,-0.04940,-0.01445,-0.00071,0.99867,-0.09419,0.00377,-0.01547,0.99543,1.00,-0.04922,-0.04157,-0.00205,0.99792,-0.09444,-0.02339,-0.01559,0.99513,1.00
9401,-0.04462,0.01747,-0.01623,0.99872,-0.04944,-0.01447,-0.00072,0.99867,-0.09418,0.00377,-0.01542,0.99543,1.00,-0.04926,-0.04159,-0.00205,0.99792,-0.09444,-0.02339,-0.01553,0.99513,1.00
9412,-0.04460,0.01748,-0.01615,0.99872,-0.04946,-0.01446,-0.00072,0.99867,-0.09418,0.00378,-0.01533,0.99543,1.00,-0.04930,-0.04159,-0.00205,0.99792,-0.09445,-0.02338,-0.01545,0.99514,1.00
9423,-0.04463,0.01755,-0.01600,0.99872,-0.04683,-0.01504,-0.00071,0.99879,-0.09160,0.00322,-0.01519,0.99568,1.00,-0.04667,-0.04215,-0.00197,0.99802,-0.09186,-0.02392,-0.01523,0.99537,1.00
9434,-0.04466,0.01757,-0.01587,0.99872,-0.04680,-0.01504,-0.00070,0.99879,-0.09160,0.00323,-0.01506,0.99568,1.00,-0.04665,-0.04215,-0.00197,0.99802,-0.09186,-0.02391,-0.01511,0.99537,1.00
9446,-0.04461,0.01757,-0.01583,0.99872,-0.04623,-0.01874,-0.00087,0.99875,-0.09104,-0.00047,-0.01503,0.99573,1.00,-0.04605,-0.04583,-0.00212,0.99788,-0.09127,-0.02761,-0.01506,0.99533,1.00
9457,-0.04456,0.01760,-0.01588,0.99873,-0.04629,-0.01878,-0.00087,0.99875,-0.09104,-0.00048,-0.01507,0.99573,1.00,-0.04610,-0.04587,-0.00212,0.99788,-0.09127,-0.02761,-0.01510,0.99533,1.00
9468,-0.04449,0.01759,-0.01590,0.99873,-0.04636,-0.01877,-0.00087,0.99875,-0.09104,-0.00048,-0.01510,0.99573,1.00,-0.04617,-0.04587,-0.00212,0.99788,-0.09127,-0.02761,-0.01514,0.99533,1.00
9479,-0.04445,0.01758,-0.01583,0.99873,-0.04639,-0.01875,-0.00087,0.99875,-0.09104,-0.00047,-0.01503,0.99573,1.00,-0.04621,-0.04584,-0.00212,0.99788,-0.09127,-0.02761,-0.01506,0.99533,1.00
9490,-0.04442,0.01754,-0.01583,0.99873,-0.04631,-0.02043,-0.00095,0.99872,-0.09096,-0.00220,-0.01503,0.99574,1.00,-0.04611,-0.04752,-0.00220,0.99780,-0.09116,-0.02932,-0.01507,0.99529,1.00
9501,-0.04437,0.01759,-0.01584,0.99874,-0.04637,-0.02048,-0.00095,0.99871,-0.09096,-0.00220,-0.01504,0.99574,1.00,-0.04616,-0.04757,-0.00220,0.99780,-0.09116,-0.02933,-0.01508,0.99529,1.00
9512,-0.04437,0.01755,-0.01589,0.99873,-0.04636,-0.02045,-0.00095,0.99872,-0.09096,-0.00221,-0.01510,0.99574,1.00,-0.04615,-0.04754,-0.00220,0.99780,-0.09116,-0.02933,-0.01513,0.99529,1.00
9523,-0.04445,0.01754,-0.01591,0.99873,-0.04616,-0.01871,-0.00086,0.99876,-0.09081,-0.00047,-0.01512,0.99575,1.00,-0.04596,-0.04580,-0.00211,0.99789,-0.09102,-0.02760,-0.01514,0.99535,1.00
9535,-0.04458,0.01751,-0.01594,0.99873,-0.04603,-0.01868,-0.00086,0.99876,-0.09081,-0.00047,-0.01514,0.99575,1.00,-0.04583,-0.04577,-0.00210,0.99790,-0.09102,-0.02761,-0.01517,0.99535,1.00
9546,-0.04465,0.01755,-0.01611,0.99872,-0.04596,-0.01874,-0.00086,0.99877,-0.09081,-0.00049,-0.01531,0.99575,1.00,-0.04575,-0.04583,-0.00210,0.99790,-0.09102,-0.02762,-0.01533,0.99535,1.00
9557,-0.04465,0.01763,-0.01633,0.99871,-0.04724,-0.01885,-0.00089,0.99871,-0.09210,-0.00049,-0.01553,0.99563,1.00,-0.04701,-0.04595,-0.00216,0.99783,-0.09230,-0.02763,-0.01558,0.99523,1.00
9568,-0.04457,0.01782,-0.01645,0.99871,-0.04731,-0.01906,-0.00090,0.99870,-0.09210,-0.00050,-0.01563,0.99563,1.00,-0.04708,-0.04616,-0.00218,0.99782,-0.09229,-0.02764,-0.01569,0.99522,1.00
9579,-0.04458,0.01788,-0.01636,0.99871,-0.04730,-0.01910,-0.00090,0.99870,-0.09210,-0.00049,-0.01554,0.99563,1.00,-0.04707,-0.04620,-0.00218,0.99782,-0.09229,-0.02763,-0.01560,0.99523,1.00
9590,-0.04457,0.01798,-0.01612,0.99871,-0.04741,-0.01908,-0.00091,0.99869,-0.09218,-0.00037,-0.01530,0.99562,1.00,-0.04720,-0.04618,-0.00218,0.99782,-0.09240,-0.02751,-0.01536,0.99522,1.00
9601,-0.04455,0.01808,-0.01574,0.99872,-0.04743,-0.01912,-0.00091,0.99869,-0.09218,-0.00034,-0.01492,0.99563,1.00,-0.04724,-0.04622,-0.00219,0.99781,-0.09241,-0.02747,-0.01498,0.99523,1.00
9613,-0.04466,0.01809,-0.01553,0.99872,-0.04733,-0.01910,-0.00091,0.99870,-0.09218,-0.00032,-0.01470,0.99563,1.00,-0.04716,-0.04620,-0.00218,0.99782,-0.09241,-0.02745,-0.01476,0.99523,1.00
9624,-0.04470,0.01814,-0.01552,0.99872,-0.04732,-0.01903,-0.00090,0.99870,-0.09221,-0.00020,-0.01469,0.99563,1.00,-0.04715,-0.04613,-0.00218,0.99782,-0.09244,-0.02733,-0.01475,0.99523,1.00
9635,-0.04475,0.01810,-0.01552,0.99871,-0.04726,-0.01899,-0.00090,0.99870,-0.09221,-0.00020,-0.01470,0.99563,1.00,-0.04709,-0.04609,-0.00217,0.99782,-0.09244,-0.02733,-0.01475,0.99523,1.00
9646,-0.04480,0.01810,-0.01554,0.99871,-0.04722,-0.01900,-0.00090,0.99870,-0.09221,-0.00020,-0.01471,0.99563,1.00,-0.04704,-0.04609,-0.00217,0.99783,-0.09244,-0.02734,-0.01476,0.99523,1.00
9657,-0.04485,0.01799,-0.01554,0.99871,-0.04822,-0.01921,-0.00093,0.99865,-0.09326,-0.00051,-0.01472,0.99553,1.00,-0.04801,-0.04631,-0.00223,0.99777,-0.09346,-0.02765,-0.01479,0.99513,1.00
9668,-0.04494,0.01786,-0.01551,0.99871,-0.04813,-0.01907,-0.00092,0.99866,-0.09326,-0.00051,-0.01469,0.99553,1.00,-0.04793,-0.04617,-0.00222,0.99778,-0.09347,-0.02765,-0.01476,0.99513,1.00
9680,-0.04499,0.01770,-0.01543,0.99871,-0.04701,-0.01894,-0.00089,0.99871,-0.09218,-0.00055,-0.01462,0.99563,1.00,-0.04681,-0.04604,-0.00216,0.99784,-0.09239,-0.02769,-0.01465,0.99523,1.00
9690,-0.04509,0.01757,-0.01537,0.99871,-0.04691,-0.01880,-0.00088,0.99872,-0.09218,-0.00055,-0.01457,0.99564,1.00,-0.04671,-0.04589,-0.00215,0.99785,-0.09239,-0.02768,-0.01460,0.99523,1.00
9702,-0.04526,0.01744,-0.01546,0.99870,-0.04673,-0.01868,-0.00087,0.99873,-0.09218,-0.00055,-0.01465,0.99563,1.00,-0.04653,-0.04577,-0.00213,0.99787,-0.09238,-0.02769,-0.01467,0.99523,1.00
9713,-0.04530,0.01740,-0.01550,0.99870,-0.04670,-0.01864,-0.00087,0.99873,-0.09218,-0.00056,-0.01469,0.99563,1.00,-0.04649,-0.04574,-0.00213,0.99787,-0.09238,-0.02769,-0.01471,0.99523,1.00
9724,-0.04532,0.01738,-0.01556,0.99870,-0.04819,-0.01889,-0.00091,0.99866,-0.09369,-0.00080,-0.01476,0.99549,1.00,-0.04797,-0.04599,-0.00221,0.99779,-0.09388,-0.02794,-0.01482,0.99508,1.00
9735,-0.04527,0.01736,-0.01561,0.99870,-0.04824,-0.01887,-0.00091,0.99866,-0.09369,-0.00080,-0.01481,0.99549,1.00,-0.04802,-0.04597,-0.00221,0.99779,-0.09388,-0.02794,-0.01487,0.99508,1.00
9746,-0.04524,0.01739,-0.01558,0.99870,-0.04630,-0.01825,-0.00085,0.99876,-0.09173,-0.00017,-0.01478,0.99567,1.00,-0.04610,-0.04535,-0.00209,0.99790,-0.09193,-0.02731,-0.01479,0.99528,1.00
9757,-0.04528,0.01739,-0.01553,0.99870,-0.04626,-0.01824,-0.00084,0.99876,-0.09173,-0.00017,-0.01472,0.99568,1.00,-0.04606,-0.04533,-0.00209,0.99791,-0.09193,-0.02730,-0.01473,0.99528,1.00
9768,-0.04544,0.01739,-0.01547,0.99870,-0.04611,-0.01823,-0.00084,0.99877,-0.09173,-0.00016,-0.01466,0.99568,1.00,-0.04591,-0.04533,-0.00209,0.99791,-0.09193,-0.02730,-0.01466,0.99528,1.00
9780,-0.04559,0.01736,-0.01550,0.99869,-0.04573,-0.01762,-0.00081,0.99880,-0.09149,0.00042,-0.01469,0.99570,1.00,-0.04554,-0.04472,-0.00204,0.99796,-0.09170,-0.02671,-0.01468,0.99532,1.00
9791,-0.04576,0.01737,-0.01583,0.99868,-0.04555,-0.01766,-0.00081,0.99881,-0.09149,0.00039,-0.01501,0.99569,1.00,-0.04534,-0.04476,-0.00203,0.99797,-0.09170,-0.02674,-0.01499,0.99532,1.00
9802,-0.04596,0.01744,-0.01604,0.99866,-0.04535,-0.01776,-0.00081,0.99881,-0.09149,0.00037,-0.01521,0.99569,1.00,-0.04513,-0.04485,-0.00203,0.99797,-0.09169,-0.02676,-0.01518,0.99531,1.00
9813,-0.04622,0.01747,-0.01607,0.99865,-0.04537,-0.01836,-0.00083,0.99880,-0.09178,-0.00019,-0.01524,0.99566,1.00,-0.04515,-0.04545,-0.00206,0.99794,-0.09198,-0.02732,-0.01520,0.99527,1.00
9824,-0.04641,0.01754,-0.01598,0.99864,-0.04518,-0.01841,-0.00083,0.99881,-0.09178,-0.00019,-0.01514,0.99566,1.00,-0.04497,-0.04550,-0.00205,0.99795,-0.09199,-0.02731,-0.01509,0.99527,1.00
9835,-0.04650,0.01762,-0.01581,0.99864,-0.04510,-0.01847,-0.00083,0.99881,-0.09178,-0.00017,-0.01497,0.99567,1.00,-0.04489,-0.04556,-0.00205,0.99795,-0.09199,-0.02730,-0.01492,0.99527,1.00
9847,-0.04651,0.01771,-0.01571,0.99864,-0.04734,-0.01846,-0.00088,0.99871,-0.09403,-0.00005,-0.01487,0.99546,1.00,-0.04715,-0.04556,-0.00215,0.99785,-0.09425,-0.02719,-0.01487,0.99507,1.00
9858,-0.04656,0.01778,-0.01567,0.99863,-0.04729,-0.01852,-0.00088,0.99871,-0.09403,-0.00004,-0.01482,0.99546,1.00,-0.04710,-0.04562,-0.00215,0.99785,-0.09425,-0.02718,-0.01482,0.99507,1.00
9869,-0.04661,0.01785,-0.01564,0.99863,-0.04725,-0.01859,-0.00088,0.99871,-0.09403,-0.00004,-0.01479,0.99546,1.00,-0.04706,-0.04569,-0.00215,0.99784,-0.09425,-0.02718,-0.01479,0.99507,1.00
9880,-0.04654,0.01790,-0.01571,0.99863,-0.04731,-0.01865,-0.00088,0.99871,-0.09403,-0.00005,-0.01485,0.99546,1.00,-0.04712,-0.04575,-0.00216,0.99784,-0.09425,-0.02718,-0.01486,0.99507,1.00
9891,-0.04641,0.01790,-0.01580,0.99864,-0.04799,-0.01852,-0.00089,0.99868,-0.09459,0.00010,-0.01495,0.99540,1.00,-0.04778,-0.04562,-0.00218,0.99781,-0.09479,-0.02704,-0.01498,0.99502,1.00
9902,-0.04628,0.01784,-0.01590,0.99864,-0.04812,-0.01848,-0.00089,0.99867,-0.09459,0.00009,-0.01505,0.99540,1.00,-0.04791,-0.04558,-0.00219,0.99781,-0.09479,-0.02705,-0.01508,0.99502,1.00
9913,-0.04618,0.01778,-0.01593,0.99865,-0.04805,-0.01842,-0.00089,0.99867,-0.09441,0.00009,-0.01509,0.99542,1.00,-0.04784,-0.04552,-0.00218,0.99781,-0.09461,-0.02706,-0.01512,0.99503,1.00
9925,-0.04611,0.01764,-0.01596,0.99865,-0.04813,-0.01828,-0.00088,0.99867,-0.09441,0.00008,-0.01512,0.99542,1.00,-0.04791,-0.04539,-0.00218,0.99782,-0.09461,-0.02706,-0.01516,0.99503,1.00
9936,-0.04600,0.01740,-0.01598,0.99866,-0.04824,-0.01805,-0.00087,0.99867,-0.09441,0.00008,-0.01516,0.99542,1.00,-0.04802,-0.04515,-0.00217,0.99782,-0.09461,-0.02706,-0.01520,0.99503,1.00
9947,-0.04599,0.01725,-0.01599,0.99867,-0.04832,-0.01768,-0.00086,0.99868,-0.09448,0.00031,-0.01518,0.99541,1.00,-0.04811,-0.04478,-0.00216,0.99784,-0.09469,-0.02684,-0.01522,0.99503,1.00
9958,-0.04599,0.01717,-0.01602,0.99867,-0.04831,-0.01760,-0.00085,0.99868,-0.09448,0.00031,-0.01521,0.99541,1.00,-0.04810,-0.04470,-0.00215,0.99784,-0.09468,-0.02684,-0.01525,0.99503,1.00
9969,-0.04618,0.01705,-0.01605,0.99866,-0.04813,-0.01748,-0.00084,0.99869,-0.09448,0.00030,-0.01524,0.99541,1.00,-0.04792,-0.04459,-0.00214,0.99785,-0.09468,-0.02684,-0.01528,0.99503,1.00
9980,-0.04617,0.01703,-0.01611,0.99866,-0.04677,-0.01807,-0.00085,0.99874,-0.09313,-0.00033,-0.01531,0.99554,1.00,-0.04656,-0.04517,-0.00211,0.99789,-0.09334,-0.02746,-0.01531,0.99514,1.00
9992,-0.04617,0.01707,-0.01610,0.99866,-0.04677,-0.01811,-0.00085,0.99874,-0.09313,-0.00033,-0.01530,0.99554,1.00,-0.04656,-0.04521,-0.00211,0.99789,-0.09334,-0.02746,-0.01530,0.99514,1.00
10002,-0.04612,0.01716,-0.01605,0.99866,-0.04682,-0.01819,-0.00085,0.99874,-0.09313,-0.00032,-0.01524,0.99554,1.00,-0.04662,-0.04529,-0.00212,0.99788,-0.09334,-0.02746,-0.01524,0.99514,1.00
