Time_ms,HeadRotX,HeadRotY,HeadRotZ,HeadRotW,LeftLocalRotX,LeftLocalRotY,LeftLocalRotZ,LeftLocalRotW,LeftWorldRotX,LeftWorldRotY,LeftWorldRotZ,LeftWorldRotW,LeftConfidence,RightLocalRotX,RightLocalRotY,RightLocalRotZ,RightLocalRotW,RightWorldRotX,RightWorldRotY,RightWorldRotZ,RightWorldRotW,RightConfidence
0,-0.00621,0.02197,-0.02606,0.99940,-0.04253,-0.01324,-0.00056,0.99901,-0.04907,0.00982,-0.02558,0.99842,1.00,-0.04239,-0.04034,-0.00171,0.99828,-0.04966,-0.01729,-0.02655,0.99826,1.00
11,-0.00640,0.02196,-0.02602,0.99940,-0.04274,-0.01499,-0.00064,0.99897,-0.04952,0.00807,-0.02560,0.99841,1.00,-0.04259,-0.04209,-0.00180,0.99820,-0.05009,-0.01904,-0.02656,0.99821,1.00
22,-0.00654,0.02186,-0.02593,0.99940,-0.04261,-0.01488,-0.00063,0.99898,-0.04952,0.00807,-0.02551,0.99841,1.00,-0.04246,-0.04197,-0.00179,0.99821,-0.05009,-0.01904,-0.02647,0.99821,1.00
33,-0.00672,0.02194,-0.02611,0.99940,-0.04242,-0.01497,-0.00064,0.99899,-0.04952,0.00806,-0.02569,0.99841,1.00,-0.04227,-0.04206,-0.00178,0.99822,-0.05009,-0.01904,-0.02663,0.99821,1.00
45,-0.00687,0.02194,-0.02625,0.99939,-0.04260,-0.01527,-0.00065,0.99898,-0.04986,0.00777,-0.02583,0.99839,1.00,-0.04242,-0.04236,-0.00180,0.99820,-0.05041,-0.01934,-0.02678,0.99818,1.00
56,-0.00719,0.02197,-0.02641,0.99938,-0.04228,-0.01531,-0.00065,0.99899,-0.04986,0.00776,-0.02599,0.99839,1.00,-0.04210,-0.04240,-0.00179,0.99821,-0.05041,-0.01934,-0.02692,0.99818,1.00
67,-0.00753,0.02196,-0.02638,0.99938,-0.04194,-0.01529,-0.00064,0.99900,-0.04986,0.00776,-0.02596,0.99839,1.00,-0.04176,-0.04238,-0.00177,0.99823,-0.05041,-0.01934,-0.02687,0.99818,1.00
78,-0.00792,0.02202,-0.02637,0.99938,-0.04205,-0.01433,-0.00060,0.99901,-0.05032,0.00879,-0.02591,0.99836,1.00,-0.04188,-0.04142,-0.00174,0.99826,-0.05089,-0.01832,-0.02682,0.99818,1.00
89,-0.00818,0.02202,-0.02620,0.99938,-0.04179,-0.01430,-0.00060,0.99902,-0.05032,0.00880,-0.02574,0.99836,1.00,-0.04163,-0.04140,-0.00173,0.99827,-0.05089,-0.01831,-0.02663,0.99818,1.00
100,-0.00837,0.02217,-0.02611,0.99938,-0.04160,-0.01444,-0.00060,0.99903,-0.05032,0.00880,-0.02564,0.99837,1.00,-0.04145,-0.04153,-0.00172,0.99828,-0.05089,-0.01831,-0.02652,0.99818,1.00
111,-0.00848,0.02222,-0.02606,0.99938,-0.04193,-0.01303,-0.00055,0.99904,-0.05074,0.01026,-0.02554,0.99833,1.00,-0.04179,-0.04013,-0.00168,0.99832,-0.05132,-0.01685,-0.02642,0.99819,1.00
122,-0.00852,0.02231,-0.02604,0.99938,-0.04189,-0.01312,-0.00055,0.99904,-0.05073,0.01026,-0.02552,0.99833,1.00,-0.04175,-0.04022,-0.00168,0.99832,-0.05132,-0.01685,-0.02641,0.99819,1.00
133,-0.00842,0.02241,-0.02607,0.99937,-0.04199,-0.01322,-0.00056,0.99903,-0.05074,0.01026,-0.02554,0.99833,1.00,-0.04185,-0.04032,-0.00169,0.99831,-0.05132,-0.01685,-0.02643,0.99819,1.00
145,-0.00841,0.02241,-0.02598,0.99938,-0.04128,-0.01308,-0.00054,0.99906,-0.05000,0.01039,-0.02546,0.99837,1.00,-0.04114,-0.04017,-0.00166,0.99834,-0.05059,-0.01672,-0.02633,0.99823,1.00
156,-0.00826,0.02249,-0.02588,0.99938,-0.04143,-0.01315,-0.00055,0.99905,-0.05000,0.01039,-0.02536,0.99837,1.00,-0.04129,-0.04025,-0.00166,0.99833,-0.05059,-0.01672,-0.02624,0.99823,1.00
167,-0.00809,0.02249,-0.02576,0.99938,-0.04159,-0.01315,-0.00055,0.99905,-0.05000,0.01040,-0.02524,0.99838,1.00,-0.04146,-0.04025,-0.00167,0.99833,-0.05059,-0.01671,-0.02613,0.99824,1.00
178,-0.00798,0.02253,-0.02571,0.99938,-0.04180,-0.01304,-0.00055,0.99904,-0.05009,0.01054,-0.02518,0.99837,1.00,-0.04166,-0.04014,-0.00168,0.99832,-0.05067,-0.01657,-0.02608,0.99824,1.00
189,-0.00783,0.02256,-0.02571,0.99938,-0.04195,-0.01308,-0.00055,0.99903,-0.05009,0.01054,-0.02519,0.99837,1.00,-0.04181,-0.04018,-0.00168,0.99832,-0.05067,-0.01657,-0.02609,0.99824,1.00
201,-0.00777,0.02255,-0.02582,0.99938,-0.04201,-0.01309,-0.00055,0.99903,-0.05009,0.01053,-0.02529,0.99837,1.00,-0.04187,-0.04019,-0.00169,0.99831,-0.05067,-0.01658,-0.02620,0.99823,1.00
212,-0.00772,0.02258,-0.02601,0.99938,-0.04192,-0.01303,-0.00055,0.99904,-0.04996,0.01063,-0.02548,0.99837,1.00,-0.04176,-0.04013,-0.00168,0.99832,-0.05053,-0.01648,-0.02639,0.99824,1.00
223,-0.00770,0.02252,-0.02618,0.99937,-0.04194,-0.01298,-0.00054,0.99904,-0.04996,0.01062,-0.02566,0.99837,1.00,-0.04177,-0.04008,-0.00168,0.99832,-0.05052,-0.01649,-0.02657,0.99823,1.00
237,-0.00771,0.02249,-0.02632,0.99937,-0.04194,-0.01297,-0.00054,0.99904,-0.04996,0.01061,-0.02579,0.99836,1.00,-0.04176,-0.04007,-0.00168,0.99832,-0.05052,-0.01650,-0.02670,0.99823,1.00
245,-0.00776,0.02246,-0.02632,0.99937,-0.04247,-0.01287,-0.00055,0.99901,-0.05055,0.01069,-0.02579,0.99833,1.00,-0.04230,-0.03997,-0.00169,0.99830,-0.05111,-0.01643,-0.02671,0.99820,1.00
256,-0.00789,0.02241,-0.02630,0.99937,-0.04234,-0.01282,-0.00054,0.99902,-0.05055,0.01069,-0.02577,0.99833,1.00,-0.04217,-0.03992,-0.00169,0.99831,-0.05111,-0.01643,-0.02668,0.99820,1.00
267,-0.00807,0.02234,-0.02625,0.99937,-0.04217,-0.01274,-0.00054,0.99903,-0.05055,0.01069,-0.02571,0.99833,1.00,-0.04200,-0.03984,-0.00168,0.99832,-0.05111,-0.01642,-0.02662,0.99820,1.00
279,-0.00822,0.02231,-0.02618,0.99937,-0.04268,-0.01533,-0.00065,0.99897,-0.05128,0.00809,-0.02572,0.99832,1.00,-0.04251,-0.04242,-0.00181,0.99819,-0.05184,-0.01902,-0.02664,0.99812,1.00
289,-0.00830,0.02230,-0.02616,0.99937,-0.04261,-0.01531,-0.00065,0.99897,-0.05128,0.00809,-0.02571,0.99832,1.00,-0.04244,-0.04241,-0.00180,0.99820,-0.05184,-0.01902,-0.02662,0.99812,1.00
301,-0.00824,0.02236,-0.02627,0.99937,-0.04265,-0.01538,-0.00066,0.99897,-0.05128,0.00808,-0.02582,0.99832,1.00,-0.04248,-0.04248,-0.00181,0.99819,-0.05184,-0.01903,-0.02673,0.99812,1.00
312,-0.00812,0.02240,-0.02643,0.99937,-0.07555,-0.02192,-0.00166,0.99690,-0.08421,0.00241,-0.02614,0.99610,1.00,-0.07517,-0.04915,-0.00371,0.99595,-0.08459,-0.02485,-0.02795,0.99571,1.00
323,-0.00801,0.02244,-0.02658,0.99936,-0.07565,-0.02198,-0.00167,0.99689,-0.08421,0.00239,-0.02629,0.99610,1.00,-0.07526,-0.04921,-0.00372,0.99594,-0.08459,-0.02486,-0.02810,0.99571,1.00
334,-0.00794,0.02248,-0.02668,0.99936,-0.07572,-0.02204,-0.00167,0.99688,-0.08421,0.00239,-0.02640,0.99610,1.00,-0.07533,-0.04927,-0.00373,0.99593,-0.08458,-0.02487,-0.02821,0.99571,1.00
345,-0.00790,0.02244,-0.02679,0.99936,-0.09544,-0.02587,-0.00248,0.99510,-0.10398,-0.00099,-0.02680,0.99422,1.00,-0.09490,-0.05322,-0.00508,0.99405,-0.10423,-0.02837,-0.02916,0.99372,1.00
356,-0.00787,0.02241,-0.02687,0.99936,-0.09546,-0.02586,-0.00248,0.99509,-0.10398,-0.00100,-0.02687,0.99422,1.00,-0.09493,-0.05320,-0.00508,0.99405,-0.10423,-0.02838,-0.02924,0.99372,1.00
367,-0.00779,0.02232,-0.02701,0.99936,-0.09554,-0.02580,-0.00248,0.99509,-0.10398,-0.00101,-0.02702,0.99421,1.00,-0.09500,-0.05315,-0.00508,0.99404,-0.10423,-0.02840,-0.02939,0.99371,1.00
378,-0.00773,0.02226,-0.02727,0.99935,-0.09861,-0.02615,-0.00259,0.99478,-0.10701,-0.00133,-0.02732,0.99388,1.00,-0.09805,-0.05352,-0.00528,0.99373,-0.10725,-0.02874,-0.02978,0.99337,1.00
389,-0.00761,0.02218,-0.02743,0.99935,-0.09873,-0.02611,-0.00259,0.99477,-0.10701,-0.00135,-0.02749,0.99388,1.00,-0.09816,-0.05348,-0.00528,0.99372,-0.10724,-0.02876,-0.02996,0.99337,1.00
401,-0.00747,0.02211,-0.02756,0.99935,-0.09887,-0.02607,-0.00259,0.99476,-0.10701,-0.00136,-0.02762,0.99387,1.00,-0.09829,-0.05344,-0.00529,0.99371,-0.10724,-0.02877,-0.03010,0.99336,1.00
412,-0.00733,0.02200,-0.02764,0.99935,-0.09883,-0.02718,-0.00270,0.99473,-0.10687,-0.00257,-0.02782,0.99388,1.00,-0.09825,-0.05455,-0.00539,0.99365,-0.10710,-0.02997,-0.03029,0.99333,1.00
423,-0.00707,0.02193,-0.02781,0.99935,-0.09909,-0.02715,-0.00270,0.99470,-0.10687,-0.00259,-0.02800,0.99388,1.00,-0.09850,-0.05452,-0.00540,0.99363,-0.10709,-0.02999,-0.03048,0.99333,1.00
434,-0.00680,0.02192,-0.02808,0.99934,-0.09934,-0.02721,-0.00272,0.99468,-0.10687,-0.00262,-0.02828,0.99387,1.00,-0.09874,-0.05457,-0.00542,0.99360,-0.10708,-0.03003,-0.03079,0.99332,1.00
445,-0.00665,0.02182,-0.02830,0.99934,-0.09737,-0.02742,-0.00268,0.99487,-0.10476,-0.00295,-0.02853,0.99408,1.00,-0.09679,-0.05477,-0.00533,0.99378,-0.10500,-0.03034,-0.03098,0.99353,1.00
456,-0.00664,0.02180,-0.02855,0.99933,-0.09738,-0.02744,-0.00269,0.99487,-0.10476,-0.00298,-0.02879,0.99408,1.00,-0.09678,-0.05479,-0.00534,0.99378,-0.10499,-0.03037,-0.03124,0.99352,1.00
468,-0.00666,0.02178,-0.02879,0.99933,-0.09735,-0.02748,-0.00269,0.99487,-0.10476,-0.00300,-0.02902,0.99407,1.00,-0.09673,-0.05483,-0.00534,0.99378,-0.10499,-0.03039,-0.03147,0.99351,1.00
479,-0.00671,0.02168,-0.02917,0.99932,-0.09681,-0.02785,-0.00271,0.99491,-0.10430,-0.00346,-0.02944,0.99410,1.00,-0.09621,-0.05520,-0.00534,0.99382,-0.10454,-0.03084,-0.03187,0.99353,1.00
490,-0.00680,0.02162,-0.02940,0.99931,-0.09672,-0.02783,-0.00271,0.99492,-0.10430,-0.00348,-0.02968,0.99410,1.00,-0.09610,-0.05518,-0.00534,0.99383,-0.10453,-0.03086,-0.03210,0.99352,1.00
501,-0.00707,0.02152,-0.02950,0.99931,-0.09646,-0.02775,-0.00269,0.99495,-0.10430,-0.00349,-0.02977,0.99409,1.00,-0.09584,-0.05509,-0.00531,0.99386,-0.10453,-0.03087,-0.03218,0.99352,1.00
512,-0.00723,0.02127,-0.02944,0.99931,-0.09371,-0.02712,-0.00255,0.99523,-0.10170,-0.00319,-0.02966,0.99437,1.00,-0.09316,-0.05444,-0.00510,0.99415,-0.10200,-0.03055,-0.03199,0.99380,1.00
523,-0.00741,0.02105,-0.02932,0.99932,-0.09355,-0.02687,-0.00253,0.99525,-0.10170,-0.00318,-0.02954,0.99437,1.00,-0.09300,-0.05419,-0.00507,0.99418,-0.10200,-0.03054,-0.03186,0.99380,1.00
534,-0.00748,0.02082,-0.02913,0.99933,-0.09349,-0.02660,-0.00250,0.99526,-0.10170,-0.00316,-0.02934,0.99438,1.00,-0.09295,-0.05392,-0.00504,0.99420,-0.10201,-0.03052,-0.03166,0.99381,1.00
546,-0.00733,0.02063,-0.02890,0.99934,-0.09011,-0.02418,-0.00219,0.99564,-0.09808,-0.00104,-0.02893,0.99476,1.00,-0.08965,-0.05149,-0.00464,0.99463,-0.09846,-0.02838,-0.03116,0.99425,1.00
557,-0.00707,0.02053,-0.02878,0.99935,-0.09037,-0.02407,-0.00218,0.99562,-0.09808,-0.00102,-0.02881,0.99476,1.00,-0.08992,-0.05138,-0.00464,0.99461,-0.09847,-0.02837,-0.03106,0.99425,1.00
568,-0.00672,0.02053,-0.02877,0.99935,-0.09071,-0.02408,-0.00219,0.99558,-0.09808,-0.00102,-0.02881,0.99476,1.00,-0.09026,-0.05139,-0.00466,0.99458,-0.09847,-0.02837,-0.03107,0.99425,1.00
580,-0.00627,0.02059,-0.02892,0.99935,-0.09104,-0.02468,-0.00226,0.99554,-0.09798,-0.00155,-0.02901,0.99476,1.00,-0.09057,-0.05200,-0.00474,0.99452,-0.09835,-0.02890,-0.03130,0.99424,1.00
590,-0.00591,0.02079,-0.02903,0.99934,-0.09138,-0.02492,-0.00229,0.99550,-0.09798,-0.00157,-0.02914,0.99476,1.00,-0.09091,-0.05224,-0.00478,0.99448,-0.09834,-0.02891,-0.03144,0.99424,1.00
601,-0.00561,0.02104,-0.02915,0.99934,-0.09167,-0.02519,-0.00232,0.99547,-0.09798,-0.00158,-0.02926,0.99476,1.00,-0.09119,-0.05251,-0.00482,0.99444,-0.09834,-0.02893,-0.03159,0.99423,1.00
613,-0.00555,0.02133,-0.02915,0.99933,-0.09110,-0.02564,-0.00235,0.99551,-0.09737,-0.00175,-0.02928,0.99482,1.00,-0.09062,-0.05296,-0.00483,0.99446,-0.09773,-0.02909,-0.03159,0.99429,1.00
624,-0.00552,0.02164,-0.02914,0.99933,-0.09113,-0.02595,-0.00238,0.99550,-0.09737,-0.00175,-0.02927,0.99482,1.00,-0.09064,-0.05327,-0.00486,0.99445,-0.09773,-0.02909,-0.03157,0.99429,1.00
635,-0.00538,0.02197,-0.02899,0.99932,-0.09126,-0.02625,-0.00241,0.99548,-0.09737,-0.00173,-0.02912,0.99482,1.00,-0.09078,-0.05357,-0.00489,0.99442,-0.09773,-0.02908,-0.03144,0.99429,1.00
646,-0.00512,0.02229,-0.02894,0.99932,-0.09130,-0.02461,-0.00226,0.99552,-0.09710,0.00023,-0.02891,0.99486,1.00,-0.09085,-0.05193,-0.00474,0.99450,-0.09749,-0.02713,-0.03123,0.99438,1.00
657,-0.00495,0.02265,-0.02909,0.99931,-0.09146,-0.02500,-0.00230,0.99549,-0.09710,0.00021,-0.02906,0.99485,1.00,-0.09100,-0.05233,-0.00479,0.99446,-0.09748,-0.02714,-0.03139,0.99437,1.00
668,-0.00483,0.02298,-0.02919,0.99930,-0.09156,-0.02535,-0.00233,0.99547,-0.09710,0.00020,-0.02916,0.99485,1.00,-0.09109,-0.05267,-0.00482,0.99444,-0.09748,-0.02715,-0.03150,0.99437,1.00
680,-0.00495,0.02326,-0.02925,0.99929,-0.09093,-0.02484,-0.00227,0.99554,-0.09657,0.00099,-0.02915,0.99490,1.00,-0.09046,-0.05216,-0.00474,0.99452,-0.09695,-0.02636,-0.03147,0.99444,1.00
690,-0.00509,0.02342,-0.02906,0.99929,-0.09079,-0.02495,-0.00228,0.99556,-0.09657,0.00101,-0.02895,0.99490,1.00,-0.09033,-0.05227,-0.00475,0.99453,-0.09696,-0.02634,-0.03126,0.99445,1.00
702,-0.00528,0.02355,-0.02876,0.99929,-0.09061,-0.02502,-0.00228,0.99557,-0.09657,0.00103,-0.02865,0.99491,1.00,-0.09016,-0.05234,-0.00475,0.99454,-0.09697,-0.02631,-0.03095,0.99446,1.00
713,-0.00526,0.02356,-0.02850,0.99930,-0.09094,-0.02413,-0.00220,0.99556,-0.09686,0.00193,-0.02830,0.99489,1.00,-0.09052,-0.05145,-0.00468,0.99455,-0.09726,-0.02543,-0.03062,0.99446,1.00
724,-0.00517,0.02356,-0.02854,0.99930,-0.09103,-0.02414,-0.00221,0.99555,-0.09686,0.00192,-0.02835,0.99489,1.00,-0.09060,-0.05146,-0.00469,0.99455,-0.09726,-0.02543,-0.03067,0.99446,1.00
735,-0.00509,0.02349,-0.02862,0.99930,-0.09111,-0.02409,-0.00220,0.99555,-0.09686,0.00191,-0.02843,0.99489,1.00,-0.09068,-0.05141,-0.00469,0.99454,-0.09726,-0.02544,-0.03075,0.99446,1.00
746,-0.00516,0.02352,-0.02869,0.99930,-0.09013,-0.02433,-0.00220,0.99563,-0.09595,0.00169,-0.02852,0.99498,1.00,-0.08967,-0.05164,-0.00466,0.99462,-0.09634,-0.02566,-0.03081,0.99454,1.00
757,-0.00522,0.02344,-0.02896,0.99929,-0.09007,-0.02430,-0.00220,0.99564,-0.09595,0.00166,-0.02879,0.99497,1.00,-0.08960,-0.05161,-0.00465,0.99463,-0.09633,-0.02568,-0.03108,0.99453,1.00
769,-0.00528,0.02332,-0.02911,0.99929,-0.09000,-0.02420,-0.00219,0.99565,-0.09595,0.00165,-0.02894,0.99496,1.00,-0.08953,-0.05151,-0.00464,0.99464,-0.09632,-0.02570,-0.03122,0.99453,1.00
780,-0.00528,0.02321,-0.02917,0.99929,-0.09152,-0.02317,-0.00213,0.99553,-0.09743,0.00261,-0.02892,0.99482,1.00,-0.09104,-0.05049,-0.00462,0.99456,-0.09781,-0.02475,-0.03125,0.99441,1.00
791,-0.00513,0.02300,-0.02908,0.99930,-0.09167,-0.02295,-0.00211,0.99552,-0.09743,0.00262,-0.02883,0.99482,1.00,-0.09120,-0.05028,-0.00461,0.99455,-0.09781,-0.02474,-0.03117,0.99441,1.00
802,-0.00489,0.02277,-0.02887,0.99931,-0.09192,-0.02269,-0.00209,0.99551,-0.09743,0.00264,-0.02863,0.99483,1.00,-0.09146,-0.05002,-0.00460,0.99454,-0.09781,-0.02472,-0.03099,0.99442,1.00
813,-0.00466,0.02259,-0.02883,0.99932,-0.09374,-0.02261,-0.00213,0.99534,-0.09901,0.00258,-0.02860,0.99467,1.00,-0.09328,-0.04996,-0.00469,0.99437,-0.09939,-0.02480,-0.03102,0.99426,1.00
824,-0.00461,0.02250,-0.02882,0.99932,-0.09378,-0.02252,-0.00212,0.99534,-0.09901,0.00258,-0.02859,0.99467,1.00,-0.09333,-0.04986,-0.00468,0.99438,-0.09939,-0.02479,-0.03100,0.99426,1.00
835,-0.00443,0.02237,-0.02873,0.99933,-0.09397,-0.02238,-0.00211,0.99532,-0.09901,0.00259,-0.02850,0.99468,1.00,-0.09352,-0.04973,-0.00468,0.99436,-0.09939,-0.02479,-0.03093,0.99426,1.00
846,-0.00424,0.02224,-0.02849,0.99934,-0.09399,-0.02147,-0.00203,0.99534,-0.09880,0.00336,-0.02820,0.99470,1.00,-0.09356,-0.04882,-0.00459,0.99441,-0.09921,-0.02402,-0.03063,0.99431,1.00
858,-0.00411,0.02218,-0.02820,0.99935,-0.09412,-0.02135,-0.00202,0.99533,-0.09880,0.00339,-0.02791,0.99471,1.00,-0.09371,-0.04870,-0.00459,0.99440,-0.09921,-0.02399,-0.03035,0.99431,1.00
869,-0.00398,0.02207,-0.02789,0.99936,-0.09426,-0.02118,-0.00201,0.99532,-0.09880,0.00342,-0.02760,0.99472,1.00,-0.09386,-0.04854,-0.00458,0.99439,-0.09922,-0.02396,-0.03004,0.99432,1.00
880,-0.00383,0.02188,-0.02752,0.99937,-0.09400,-0.02134,-0.00202,0.99534,-0.09838,0.00303,-0.02726,0.99477,1.00,-0.09360,-0.04869,-0.00458,0.99441,-0.09880,-0.02435,-0.02971,0.99437,1.00
891,-0.00376,0.02172,-0.02722,0.99939,-0.09408,-0.02113,-0.00200,0.99534,-0.09838,0.00306,-0.02696,0.99478,1.00,-0.09370,-0.04849,-0.00457,0.99441,-0.09880,-0.02432,-0.02941,0.99438,1.00
902,-0.00388,0.02148,-0.02707,0.99940,-0.09397,-0.02086,-0.00197,0.99535,-0.09838,0.00307,-0.02682,0.99478,1.00,-0.09361,-0.04821,-0.00454,0.99443,-0.09881,-0.02430,-0.02926,0.99438,1.00
914,-0.00414,0.02118,-0.02693,0.99940,-0.09358,-0.02103,-0.00198,0.99539,-0.09825,0.00258,-0.02671,0.99480,1.00,-0.09318,-0.04838,-0.00453,0.99446,-0.09864,-0.02480,-0.02913,0.99439,1.00
925,-0.00450,0.02089,-0.02686,0.99941,-0.09323,-0.02072,-0.00194,0.99543,-0.09825,0.00259,-0.02664,0.99480,1.00,-0.09284,-0.04807,-0.00449,0.99451,-0.09864,-0.02479,-0.02904,0.99439,1.00
936,-0.00485,0.02053,-0.02683,0.99942,-0.09289,-0.02034,-0.00190,0.99547,-0.09825,0.00259,-0.02660,0.99480,1.00,-0.09250,-0.04769,-0.00444,0.99456,-0.09864,-0.02478,-0.02898,0.99439,1.00
947,-0.00519,0.02022,-0.02681,0.99942,-0.09264,-0.01989,-0.00185,0.99550,-0.09832,0.00273,-0.02657,0.99480,1.00,-0.09223,-0.04724,-0.00438,0.99461,-0.09869,-0.02465,-0.02894,0.99439,1.00
958,-0.00545,0.01985,-0.02657,0.99944,-0.09239,-0.01946,-0.00181,0.99553,-0.09832,0.00275,-0.02632,0.99480,1.00,-0.09200,-0.04681,-0.00433,0.99465,-0.09870,-0.02462,-0.02867,0.99440,1.00
969,-0.00562,0.01954,-0.02637,0.99945,-0.09223,-0.01912,-0.00177,0.99555,-0.09832,0.00277,-0.02611,0.99481,1.00,-0.09185,-0.04646,-0.00429,0.99468,-0.09870,-0.02460,-0.02846,0.99441,1.00
980,-0.00568,0.01928,-0.02619,0.99945,-0.09393,-0.01946,-0.00184,0.99539,-0.10007,0.00219,-0.02598,0.99464,1.00,-0.09353,-0.04682,-0.00440,0.99451,-0.10043,-0.02519,-0.02838,0.99422,1.00
991,-0.00556,0.01907,-0.02604,0.99946,-0.09405,-0.01922,-0.00182,0.99538,-0.10007,0.00221,-0.02584,0.99464,1.00,-0.09366,-0.04658,-0.00439,0.99450,-0.10044,-0.02518,-0.02824,0.99422,1.00
1002,-0.00545,0.01885,-0.02592,0.99947,-0.09416,-0.01898,-0.00180,0.99537,-0.10007,0.00222,-0.02571,0.99465,1.00,-0.09378,-0.04634,-0.00437,0.99450,-0.10044,-0.02517,-0.02812,0.99423,1.00
1014,-0.00528,0.01871,-0.02581,0.99948,-0.09481,-0.01980,-0.00189,0.99530,-0.10056,0.00127,-0.02569,0.99460,1.00,-0.09441,-0.04716,-0.00448,0.99441,-0.10091,-0.02612,-0.02812,0.99416,1.00
1025,-0.00522,0.01866,-0.02589,0.99948,-0.09488,-0.01977,-0.00188,0.99529,-0.10056,0.00126,-0.02578,0.99460,1.00,-0.09447,-0.04713,-0.00448,0.99440,-0.10091,-0.02613,-0.02821,0.99415,1.00
1036,-0.00537,0.01859,-0.02598,0.99948,-0.09473,-0.01971,-0.00188,0.99531,-0.10056,0.00125,-0.02587,0.99459,1.00,-0.09431,-0.04708,-0.00446,0.99442,-0.10090,-0.02614,-0.02829,0.99415,1.00
1047,-0.00558,0.01856,-0.02631,0.99947,-0.09263,-0.01828,-0.00170,0.99553,-0.09865,0.00264,-0.02608,0.99478,1.00,-0.09221,-0.04563,-0.00423,0.99468,-0.09899,-0.02475,-0.02844,0.99437,1.00
1058,-0.00577,0.01856,-0.02669,0.99945,-0.09244,-0.01835,-0.00170,0.99555,-0.09865,0.00260,-0.02646,0.99477,1.00,-0.09200,-0.04570,-0.00423,0.99470,-0.09898,-0.02478,-0.02880,0.99436,1.00
1070,-0.00592,0.01852,-0.02688,0.99945,-0.09228,-0.01834,-0.00170,0.99556,-0.09865,0.00258,-0.02664,0.99476,1.00,-0.09183,-0.04569,-0.00422,0.99472,-0.09898,-0.02480,-0.02898,0.99436,1.00
1081,-0.00620,0.01853,-0.02698,0.99945,-0.09216,-0.01905,-0.00176,0.99556,-0.09882,0.00188,-0.02679,0.99474,1.00,-0.09171,-0.04640,-0.00428,0.99469,-0.09915,-0.02550,-0.02912,0.99432,1.00
1092,-0.00645,0.01851,-0.02708,0.99944,-0.09190,-0.01904,-0.00176,0.99558,-0.09882,0.00188,-0.02689,0.99474,1.00,-0.09145,-0.04639,-0.00426,0.99472,-0.09915,-0.02550,-0.02921,0.99432,1.00
1103,-0.00667,0.01851,-0.02730,0.99943,-0.09168,-0.01908,-0.00176,0.99560,-0.09882,0.00185,-0.02711,0.99473,1.00,-0.09121,-0.04642,-0.00426,0.99474,-0.09915,-0.02552,-0.02941,0.99431,1.00
1114,-0.00685,0.01855,-0.02755,0.99942,-0.09195,-0.01920,-0.00177,0.99558,-0.09928,0.00179,-0.02737,0.99468,1.00,-0.09149,-0.04655,-0.00428,0.99471,-0.09962,-0.02559,-0.02967,0.99425,1.00
1125,-0.00721,0.01851,-0.02770,0.99942,-0.09159,-0.01919,-0.00177,0.99561,-0.09928,0.00178,-0.02751,0.99468,1.00,-0.09113,-0.04653,-0.00426,0.99474,-0.09962,-0.02560,-0.02979,0.99425,1.00
1136,-0.00741,0.01856,-0.02774,0.99942,-0.09139,-0.01924,-0.00177,0.99563,-0.09928,0.00178,-0.02755,0.99468,1.00,-0.09093,-0.04658,-0.00426,0.99476,-0.09962,-0.02560,-0.02982,0.99425,1.00
1148,-0.00751,0.01861,-0.02796,0.99941,-0.09141,-0.01968,-0.00181,0.99562,-0.09942,0.00140,-0.02780,0.99466,1.00,-0.09096,-0.04703,-0.00430,0.99473,-0.09978,-0.02598,-0.03007,0.99422,1.00
1159,-0.00746,0.01880,-0.02825,0.99940,-0.09145,-0.01993,-0.00183,0.99561,-0.09942,0.00137,-0.02809,0.99465,1.00,-0.09098,-0.04727,-0.00432,0.99472,-0.09977,-0.02601,-0.03036,0.99421,1.00
1170,-0.00734,0.01903,-0.02864,0.99938,-0.09156,-0.02024,-0.00186,0.99559,-0.09942,0.00133,-0.02848,0.99464,1.00,-0.09107,-0.04758,-0.00436,0.99470,-0.09976,-0.02605,-0.03076,0.99419,1.00
1181,-0.00721,0.01928,-0.02882,0.99937,-0.09072,-0.02035,-0.00185,0.99567,-0.09847,0.00146,-0.02865,0.99473,1.00,-0.09025,-0.04769,-0.00433,0.99477,-0.09883,-0.02591,-0.03091,0.99429,1.00
1192,-0.00705,0.01950,-0.02873,0.99937,-0.09088,-0.02056,-0.00188,0.99565,-0.09847,0.00147,-0.02857,0.99473,1.00,-0.09042,-0.04790,-0.00435,0.99474,-0.09883,-0.02590,-0.03083,0.99429,1.00
1203,-0.00684,0.01976,-0.02844,0.99938,-0.09108,-0.02076,-0.00190,0.99563,-0.09847,0.00150,-0.02827,0.99474,1.00,-0.09064,-0.04810,-0.00438,0.99471,-0.09884,-0.02587,-0.03055,0.99430,1.00
1214,-0.00654,0.02005,-0.02809,0.99938,-0.09146,-0.02023,-0.00186,0.99560,-0.09852,0.00230,-0.02786,0.99474,1.00,-0.09106,-0.04758,-0.00436,0.99470,-0.09894,-0.02507,-0.03016,0.99432,1.00
1226,-0.00625,0.02037,-0.02779,0.99939,-0.09174,-0.02050,-0.00189,0.99557,-0.09852,0.00233,-0.02756,0.99475,1.00,-0.09136,-0.04784,-0.00439,0.99466,-0.09894,-0.02504,-0.02987,0.99433,1.00
1237,-0.00597,0.02058,-0.02760,0.99939,-0.09202,-0.02068,-0.00191,0.99554,-0.09851,0.00235,-0.02737,0.99476,1.00,-0.09165,-0.04803,-0.00443,0.99462,-0.09895,-0.02503,-0.02970,0.99433,1.00
1248,-0.00598,0.02089,-0.02759,0.99938,-0.09246,-0.02033,-0.00189,0.99551,-0.09895,0.00302,-0.02730,0.99471,1.00,-0.09208,-0.04768,-0.00441,0.99460,-0.09938,-0.02436,-0.02964,0.99431,1.00
1259,-0.00617,0.02097,-0.02767,0.99938,-0.09226,-0.02042,-0.00189,0.99552,-0.09895,0.00301,-0.02738,0.99471,1.00,-0.09188,-0.04777,-0.00441,0.99461,-0.09937,-0.02437,-0.02971,0.99431,1.00
1270,-0.00658,0.02117,-0.02780,0.99937,-0.09185,-0.02063,-0.00190,0.99556,-0.09895,0.00300,-0.02750,0.99471,1.00,-0.09146,-0.04798,-0.00441,0.99464,-0.09937,-0.02438,-0.02981,0.99431,1.00
1281,-0.00706,0.02123,-0.02791,0.99936,-0.09094,-0.02176,-0.00199,0.99562,-0.09856,0.00192,-0.02769,0.99474,1.00,-0.09051,-0.04909,-0.00447,0.99468,-0.09893,-0.02545,-0.02996,0.99432,1.00
1292,-0.00755,0.02134,-0.02782,0.99936,-0.09044,-0.02183,-0.00198,0.99566,-0.09856,0.00193,-0.02759,0.99475,1.00,-0.09002,-0.04916,-0.00445,0.99472,-0.09894,-0.02544,-0.02983,0.99432,1.00
1304,-0.00808,0.02145,-0.02787,0.99935,-0.08991,-0.02194,-0.00198,0.99571,-0.09856,0.00192,-0.02762,0.99475,1.00,-0.08949,-0.04927,-0.00443,0.99476,-0.09894,-0.02544,-0.02983,0.99432,1.00
1315,-0.00865,0.02168,-0.02799,0.99934,-0.08976,-0.02167,-0.00195,0.99573,-0.09896,0.00243,-0.02769,0.99470,1.00,-0.08933,-0.04899,-0.00440,0.99479,-0.09934,-0.02493,-0.02988,0.99429,1.00
1326,-0.00916,0.02184,-0.02808,0.99933,-0.08925,-0.02183,-0.00196,0.99577,-0.09896,0.00242,-0.02777,0.99470,1.00,-0.08881,-0.04915,-0.00439,0.99483,-0.09934,-0.02494,-0.02993,0.99429,1.00
1337,-0.00955,0.02198,-0.02815,0.99932,-0.08885,-0.02197,-0.00196,0.99580,-0.09896,0.00241,-0.02783,0.99470,1.00,-0.08841,-0.04929,-0.00438,0.99485,-0.09934,-0.02494,-0.02997,0.99429,1.00
1348,-0.00988,0.02209,-0.02811,0.99931,-0.08787,-0.02165,-0.00191,0.99590,-0.09830,0.00282,-0.02775,0.99477,1.00,-0.08744,-0.04896,-0.00430,0.99496,-0.09868,-0.02453,-0.02985,0.99437,1.00
1359,-0.01005,0.02218,-0.02800,0.99931,-0.08770,-0.02171,-0.00191,0.99591,-0.09830,0.00283,-0.02764,0.99477,1.00,-0.08728,-0.04902,-0.00430,0.99497,-0.09868,-0.02452,-0.02973,0.99437,1.00
1370,-0.01032,0.02226,-0.02798,0.99931,-0.08743,-0.02178,-0.00191,0.99593,-0.09829,0.00283,-0.02760,0.99477,1.00,-0.08701,-0.04909,-0.00429,0.99499,-0.09869,-0.02451,-0.02969,0.99437,1.00
1382,-0.01041,0.02228,-0.02796,0.99931,-0.08752,-0.02011,-0.00177,0.99596,-0.09843,0.00452,-0.02746,0.99476,1.00,-0.08713,-0.04743,-0.00415,0.99506,-0.09884,-0.02283,-0.02954,0.99440,1.00
1393,-0.01060,0.02238,-0.02823,0.99929,-0.08732,-0.02026,-0.00178,0.99597,-0.09843,0.00449,-0.02773,0.99475,1.00,-0.08691,-0.04757,-0.00415,0.99507,-0.09884,-0.02286,-0.02980,0.99439,1.00
1404,-0.01082,0.02248,-0.02849,0.99928,-0.08709,-0.02040,-0.00178,0.99599,-0.09843,0.00447,-0.02797,0.99474,1.00,-0.08667,-0.04771,-0.00416,0.99509,-0.09883,-0.02288,-0.03003,0.99439,1.00
1415,-0.01113,0.02265,-0.02871,0.99927,-0.08573,-0.02271,-0.00195,0.99606,-0.09745,0.00231,-0.02835,0.99483,1.00,-0.08528,-0.05000,-0.00428,0.99509,-0.09782,-0.02502,-0.03036,0.99443,1.00
1426,-0.01136,0.02272,-0.02873,0.99926,-0.08550,-0.02277,-0.00195,0.99608,-0.09745,0.00230,-0.02837,0.99483,1.00,-0.08505,-0.05006,-0.00428,0.99511,-0.09782,-0.02502,-0.03037,0.99443,1.00
1437,-0.01155,0.02288,-0.02873,0.99926,-0.08531,-0.02293,-0.00196,0.99609,-0.09745,0.00231,-0.02836,0.99483,1.00,-0.08485,-0.05022,-0.00428,0.99512,-0.09782,-0.02502,-0.03034,0.99443,1.00
1448,-0.01162,0.02308,-0.02891,0.99925,-0.08492,-0.02248,-0.00192,0.99613,-0.09712,0.00296,-0.02850,0.99486,1.00,-0.08448,-0.04976,-0.00422,0.99517,-0.09752,-0.02437,-0.03047,0.99447,1.00
1460,-0.01148,0.02322,-0.02912,0.99924,-0.08505,-0.02266,-0.00193,0.99612,-0.09712,0.00294,-0.02871,0.99485,1.00,-0.08460,-0.04995,-0.00425,0.99515,-0.09751,-0.02439,-0.03068,0.99446,1.00
1471,-0.01136,0.02326,-0.02946,0.99923,-0.08515,-0.02277,-0.00195,0.99611,-0.09712,0.00290,-0.02905,0.99484,1.00,-0.08469,-0.05006,-0.00426,0.99514,-0.09750,-0.02442,-0.03103,0.99445,1.00
1482,-0.01134,0.02334,-0.02984,0.99922,-0.08512,-0.02282,-0.00195,0.99611,-0.09708,0.00297,-0.02943,0.99484,1.00,-0.08465,-0.05011,-0.00426,0.99514,-0.09746,-0.02436,-0.03141,0.99445,1.00
1493,-0.01145,0.02343,-0.03022,0.99920,-0.08500,-0.02297,-0.00196,0.99611,-0.09708,0.00293,-0.02981,0.99483,1.00,-0.08451,-0.05025,-0.00427,0.99515,-0.09745,-0.02440,-0.03179,0.99443,1.00
1505,-0.01144,0.02337,-0.03053,0.99920,-0.08501,-0.02297,-0.00196,0.99611,-0.09708,0.00290,-0.03012,0.99482,1.00,-0.08450,-0.05026,-0.00427,0.99515,-0.09745,-0.02443,-0.03210,0.99442,1.00
1515,-0.01128,0.02324,-0.03075,0.99919,-0.08293,-0.02516,-0.00209,0.99624,-0.09492,0.00054,-0.03051,0.99502,1.00,-0.08243,-0.05241,-0.00434,0.99521,-0.09529,-0.02676,-0.03243,0.99456,1.00
1526,-0.01103,0.02300,-0.03083,0.99920,-0.08318,-0.02494,-0.00208,0.99622,-0.09492,0.00053,-0.03061,0.99501,1.00,-0.08267,-0.05220,-0.00434,0.99520,-0.09529,-0.02677,-0.03254,0.99456,1.00
1538,-0.01073,0.02275,-0.03072,0.99921,-0.08349,-0.02468,-0.00207,0.99620,-0.09492,0.00054,-0.03051,0.99502,1.00,-0.08299,-0.05194,-0.00433,0.99519,-0.09529,-0.02676,-0.03246,0.99456,1.00
1549,-0.01049,0.02240,-0.03050,0.99923,-0.08350,-0.02511,-0.00210,0.99619,-0.09470,-0.00025,-0.03036,0.99504,1.00,-0.08304,-0.05236,-0.00437,0.99516,-0.09511,-0.02755,-0.03231,0.99456,1.00
1560,-0.01009,0.02201,-0.03018,0.99925,-0.08392,-0.02468,-0.00208,0.99617,-0.09470,-0.00022,-0.03004,0.99505,1.00,-0.08348,-0.05194,-0.00436,0.99515,-0.09512,-0.02752,-0.03202,0.99457,1.00
1571,-0.00987,0.02163,-0.02976,0.99927,-0.08416,-0.02423,-0.00205,0.99616,-0.09470,-0.00018,-0.02963,0.99507,1.00,-0.08375,-0.05149,-0.00433,0.99515,-0.09513,-0.02748,-0.03162,0.99458,1.00
1582,-0.00983,0.02132,-0.02911,0.99930,-0.08243,-0.02435,-0.00201,0.99630,-0.09292,-0.00071,-0.02902,0.99525,1.00,-0.08206,-0.05160,-0.00425,0.99528,-0.09338,-0.02800,-0.03097,0.99475,1.00
1593,-0.00991,0.02121,-0.02868,0.99931,-0.08236,-0.02416,-0.00200,0.99631,-0.09292,-0.00067,-0.02858,0.99526,1.00,-0.08202,-0.05141,-0.00424,0.99530,-0.09339,-0.02796,-0.03053,0.99477,1.00
1605,-0.01000,0.02109,-0.02828,0.99933,-0.08229,-0.02397,-0.00198,0.99632,-0.09292,-0.00063,-0.02818,0.99528,1.00,-0.08197,-0.05122,-0.00422,0.99531,-0.09341,-0.02792,-0.03013,0.99478,1.00
1616,-0.01018,0.02093,-0.02806,0.99934,-0.08152,-0.02462,-0.00201,0.99637,-0.09235,-0.00148,-0.02801,0.99533,1.00,-0.08118,-0.05187,-0.00423,0.99534,-0.09280,-0.02876,-0.02993,0.99482,1.00
1627,-0.01022,0.02082,-0.02788,0.99934,-0.08149,-0.02448,-0.00200,0.99637,-0.09235,-0.00147,-0.02783,0.99534,1.00,-0.08115,-0.05173,-0.00422,0.99535,-0.09281,-0.02875,-0.02974,0.99482,1.00
1638,-0.01023,0.02071,-0.02765,0.99935,-0.08149,-0.02433,-0.00199,0.99638,-0.09235,-0.00144,-0.02761,0.99534,1.00,-0.08117,-0.05158,-0.00421,0.99536,-0.09281,-0.02872,-0.02952,0.99483,1.00
1649,-0.01010,0.02062,-0.02748,0.99936,-0.08363,-0.02178,-0.00183,0.99626,-0.09428,0.00105,-0.02726,0.99517,1.00,-0.08329,-0.04906,-0.00411,0.99531,-0.09472,-0.02626,-0.02924,0.99473,1.00
1660,-0.00993,0.02059,-0.02732,0.99937,-0.08381,-0.02173,-0.00183,0.99624,-0.09428,0.00106,-0.02710,0.99518,1.00,-0.08347,-0.04901,-0.00411,0.99530,-0.09472,-0.02625,-0.02909,0.99473,1.00
1671,-0.00968,0.02056,-0.02731,0.99937,-0.08406,-0.02171,-0.00183,0.99622,-0.09428,0.00106,-0.02710,0.99518,1.00,-0.08372,-0.04899,-0.00412,0.99528,-0.09472,-0.02625,-0.02910,0.99473,1.00
1682,-0.00935,0.02061,-0.02739,0.99937,-0.08462,-0.01947,-0.00165,0.99622,-0.09445,0.00338,-0.02701,0.99516,1.00,-0.08426,-0.04676,-0.00396,0.99534,-0.09488,-0.02394,-0.02904,0.99478,1.00
1693,-0.00905,0.02074,-0.02757,0.99936,-0.08491,-0.01963,-0.00167,0.99619,-0.09445,0.00336,-0.02719,0.99515,1.00,-0.08455,-0.04693,-0.00399,0.99531,-0.09487,-0.02396,-0.02924,0.99477,1.00
1705,-0.00883,0.02085,-0.02764,0.99936,-0.08513,-0.01976,-0.00169,0.99617,-0.09445,0.00336,-0.02727,0.99515,1.00,-0.08476,-0.04706,-0.00401,0.99528,-0.09487,-0.02397,-0.02933,0.99477,1.00
1716,-0.00878,0.02109,-0.02780,0.99935,-0.08507,-0.01529,-0.00131,0.99626,-0.09422,0.00808,-0.02708,0.99515,1.00,-0.08473,-0.04261,-0.00363,0.99549,-0.09468,-0.01927,-0.02914,0.99489,1.00
1727,-0.00901,0.02135,-0.02789,0.99934,-0.08484,-0.01557,-0.00133,0.99627,-0.09422,0.00807,-0.02716,0.99515,1.00,-0.08449,-0.04288,-0.00364,0.99549,-0.09468,-0.01927,-0.02921,0.99489,1.00
1738,-0.00967,0.02166,-0.02793,0.99933,-0.08418,-0.01586,-0.00134,0.99632,-0.09422,0.00807,-0.02719,0.99515,1.00,-0.08383,-0.04317,-0.00363,0.99554,-0.09468,-0.01927,-0.02920,0.99489,1.00
1749,-0.01053,0.02207,-0.02779,0.99931,-0.08403,-0.01544,-0.00130,0.99634,-0.09492,0.00888,-0.02697,0.99508,1.00,-0.08370,-0.04275,-0.00359,0.99557,-0.09540,-0.01847,-0.02896,0.99485,1.00
1760,-0.01146,0.02257,-0.02737,0.99931,-0.08309,-0.01584,-0.00132,0.99642,-0.09492,0.00892,-0.02653,0.99509,1.00,-0.08279,-0.04314,-0.00359,0.99563,-0.09540,-0.01842,-0.02847,0.99486,1.00
1772,-0.01244,0.02302,-0.02680,0.99930,-0.08211,-0.01616,-0.00133,0.99649,-0.09491,0.00898,-0.02594,0.99511,1.00,-0.08184,-0.04345,-0.00357,0.99569,-0.09542,-0.01836,-0.02783,0.99488,1.00
1783,-0.01321,0.02347,-0.02611,0.99930,-0.08221,-0.01537,-0.00127,0.99650,-0.09575,0.01016,-0.02515,0.99504,1.00,-0.08198,-0.04267,-0.00351,0.99571,-0.09628,-0.01717,-0.02702,0.99484,1.00
1794,-0.01409,0.02382,-0.02546,0.99929,-0.08134,-0.01557,-0.00127,0.99656,-0.09574,0.01023,-0.02448,0.99505,1.00,-0.08115,-0.04287,-0.00349,0.99577,-0.09629,-0.01710,-0.02630,0.99486,1.00
1806,-0.01468,0.02409,-0.02488,0.99929,-0.08074,-0.01572,-0.00127,0.99661,-0.09574,0.01028,-0.02390,0.99507,1.00,-0.08059,-0.04301,-0.00348,0.99581,-0.09630,-0.01704,-0.02569,0.99487,1.00
1816,-0.01506,0.02424,-0.02447,0.99929,-0.08017,-0.01489,-0.00120,0.99667,-0.09552,0.01122,-0.02342,0.99509,1.00,-0.07999,-0.04218,-0.00339,0.99590,-0.09605,-0.01611,-0.02518,0.99493,1.00
1827,-0.01516,0.02429,-0.02420,0.99930,-0.08007,-0.01489,-0.00120,0.99668,-0.09552,0.01124,-0.02314,0.99510,1.00,-0.07991,-0.04218,-0.00338,0.99590,-0.09605,-0.01608,-0.02490,0.99494,1.00
1839,-0.01514,0.02425,-0.02396,0.99930,-0.08010,-0.01482,-0.00119,0.99668,-0.09551,0.01127,-0.02290,0.99510,1.00,-0.07994,-0.04211,-0.00338,0.99590,-0.09606,-0.01606,-0.02466,0.99494,1.00
1850,-0.01494,0.02412,-0.02373,0.99932,-0.08131,-0.01920,-0.00157,0.99650,-0.09664,0.00676,-0.02297,0.99503,1.00,-0.08104,-0.04647,-0.00378,0.99562,-0.09705,-0.02056,-0.02476,0.99476,1.00
1861,-0.01475,0.02394,-0.02344,0.99933,-0.08151,-0.01897,-0.00155,0.99649,-0.09664,0.00679,-0.02268,0.99504,1.00,-0.08125,-0.04624,-0.00377,0.99561,-0.09706,-0.02053,-0.02448,0.99477,1.00
1873,-0.01447,0.02369,-0.02318,0.99935,-0.08181,-0.01868,-0.00153,0.99647,-0.09664,0.00681,-0.02242,0.99504,1.00,-0.08156,-0.04596,-0.00377,0.99560,-0.09706,-0.02051,-0.02424,0.99477,1.00
1883,-0.01413,0.02336,-0.02297,0.99936,-0.08281,-0.01909,-0.00159,0.99638,-0.09731,0.00608,-0.02227,0.99499,1.00,-0.08251,-0.04637,-0.00384,0.99550,-0.09768,-0.02125,-0.02413,0.99470,1.00
1894,-0.01380,0.02298,-0.02299,0.99938,-0.08315,-0.01872,-0.00156,0.99636,-0.09731,0.00607,-0.02230,0.99499,1.00,-0.08285,-0.04600,-0.00383,0.99549,-0.09768,-0.02125,-0.02417,0.99470,1.00
1906,-0.01362,0.02265,-0.02318,0.99938,-0.08333,-0.01844,-0.00154,0.99635,-0.09731,0.00606,-0.02250,0.99498,1.00,-0.08301,-0.04572,-0.00381,0.99549,-0.09767,-0.02127,-0.02438,0.99469,1.00
1916,-0.01351,0.02230,-0.02360,0.99938,-0.08056,-0.01878,-0.00152,0.99657,-0.09445,0.00534,-0.02299,0.99525,1.00,-0.08019,-0.04604,-0.00371,0.99571,-0.09476,-0.02196,-0.02480,0.99495,1.00
1927,-0.01310,0.02207,-0.02399,0.99938,-0.08097,-0.01862,-0.00151,0.99654,-0.09445,0.00530,-0.02339,0.99524,1.00,-0.08058,-0.04589,-0.00371,0.99568,-0.09475,-0.02200,-0.02522,0.99494,1.00
1939,-0.01262,0.02194,-0.02438,0.99938,-0.08144,-0.01858,-0.00152,0.99650,-0.09446,0.00527,-0.02379,0.99523,1.00,-0.08102,-0.04585,-0.00373,0.99565,-0.09474,-0.02204,-0.02564,0.99493,1.00
1950,-0.01232,0.02175,-0.02467,0.99938,-0.08034,-0.02246,-0.00181,0.99651,-0.09317,0.00118,-0.02437,0.99535,1.00,-0.07988,-0.04971,-0.00399,0.99556,-0.09341,-0.02611,-0.02620,0.99494,1.00
1961,-0.01195,0.02159,-0.02487,0.99939,-0.08072,-0.02234,-0.00181,0.99649,-0.09317,0.00117,-0.02458,0.99535,1.00,-0.08024,-0.04959,-0.00400,0.99553,-0.09341,-0.02613,-0.02642,0.99493,1.00
1973,-0.01147,0.02138,-0.02491,0.99940,-0.08119,-0.02216,-0.00181,0.99645,-0.09317,0.00116,-0.02464,0.99535,1.00,-0.08072,-0.04941,-0.00401,0.99550,-0.09340,-0.02613,-0.02651,0.99493,1.00
1983,-0.01088,0.02127,-0.02496,0.99940,-0.08088,-0.02204,-0.00179,0.99648,-0.09226,0.00117,-0.02470,0.99543,1.00,-0.08045,-0.04930,-0.00398,0.99553,-0.09254,-0.02613,-0.02658,0.99501,1.00
1994,-0.01025,0.02108,-0.02490,0.99942,-0.08151,-0.02186,-0.00179,0.99643,-0.09226,0.00117,-0.02466,0.99543,1.00,-0.08108,-0.04912,-0.00400,0.99549,-0.09254,-0.02613,-0.02657,0.99501,1.00
2006,-0.00969,0.02088,-0.02482,0.99943,-0.08208,-0.02166,-0.00178,0.99639,-0.09226,0.00118,-0.02459,0.99543,1.00,-0.08165,-0.04893,-0.00401,0.99545,-0.09254,-0.02612,-0.02654,0.99501,1.00
2017,-0.00920,0.02065,-0.02466,0.99944,-0.08467,-0.02236,-0.00190,0.99616,-0.09438,0.00029,-0.02451,0.99523,1.00,-0.08426,-0.04964,-0.00420,0.99520,-0.09468,-0.02702,-0.02655,0.99479,1.00
2028,-0.00882,0.02039,-0.02434,0.99946,-0.08506,-0.02206,-0.00188,0.99613,-0.09438,0.00032,-0.02419,0.99524,1.00,-0.08466,-0.04934,-0.00420,0.99518,-0.09469,-0.02699,-0.02625,0.99480,1.00
2040,-0.00861,0.02011,-0.02393,0.99947,-0.08529,-0.02171,-0.00186,0.99612,-0.09438,0.00036,-0.02379,0.99525,1.00,-0.08491,-0.04899,-0.00418,0.99517,-0.09470,-0.02696,-0.02586,0.99481,1.00
2050,-0.00843,0.01973,-0.02368,0.99949,-0.08436,-0.02137,-0.00181,0.99621,-0.09325,0.00029,-0.02355,0.99536,1.00,-0.08400,-0.04865,-0.00411,0.99527,-0.09358,-0.02702,-0.02560,0.99492,1.00
2061,-0.00824,0.01942,-0.02362,0.99950,-0.08456,-0.02104,-0.00179,0.99620,-0.09325,0.00029,-0.02350,0.99537,1.00,-0.08420,-0.04832,-0.00409,0.99527,-0.09358,-0.02702,-0.02556,0.99492,1.00
2073,-0.00812,0.01910,-0.02355,0.99951,-0.08468,-0.02072,-0.00176,0.99619,-0.09325,0.00030,-0.02343,0.99537,1.00,-0.08433,-0.04800,-0.00407,0.99527,-0.09358,-0.02702,-0.02550,0.99492,1.00
2083,-0.00825,0.01885,-0.02335,0.99952,-0.08378,-0.02077,-0.00175,0.99627,-0.09248,-0.00004,-0.02326,0.99544,1.00,-0.08342,-0.04805,-0.00403,0.99535,-0.09279,-0.02735,-0.02530,0.99499,1.00
2095,-0.00830,0.01861,-0.02298,0.99953,-0.08375,-0.02047,-0.00172,0.99628,-0.09248,-0.00001,-0.02289,0.99545,1.00,-0.08341,-0.04774,-0.00400,0.99536,-0.09280,-0.02731,-0.02493,0.99500,1.00
2106,-0.00834,0.01842,-0.02268,0.99954,-0.08372,-0.02022,-0.00170,0.99628,-0.09248,0.00002,-0.02259,0.99546,1.00,-0.08340,-0.04750,-0.00398,0.99538,-0.09281,-0.02729,-0.02462,0.99501,1.00
2117,-0.00834,0.01828,-0.02247,0.99955,-0.08710,-0.01957,-0.00171,0.99601,-0.09584,0.00059,-0.02234,0.99515,1.00,-0.08676,-0.04688,-0.00409,0.99512,-0.09615,-0.02675,-0.02447,0.99471,1.00
2128,-0.00844,0.01822,-0.02238,0.99955,-0.08701,-0.01949,-0.00170,0.99602,-0.09584,0.00060,-0.02224,0.99515,1.00,-0.08667,-0.04680,-0.00408,0.99513,-0.09615,-0.02674,-0.02437,0.99471,1.00
2140,-0.00846,0.01819,-0.02234,0.99955,-0.08699,-0.01946,-0.00170,0.99602,-0.09584,0.00060,-0.02221,0.99515,1.00,-0.08665,-0.04677,-0.00407,0.99513,-0.09615,-0.02674,-0.02433,0.99471,1.00
2150,-0.00864,0.01824,-0.02246,0.99954,-0.08671,-0.01674,-0.00146,0.99609,-0.09569,0.00337,-0.02210,0.99516,1.00,-0.08638,-0.04406,-0.00382,0.99528,-0.09600,-0.02398,-0.02422,0.99480,1.00
2161,-0.00873,0.01821,-0.02245,0.99954,-0.08663,-0.01671,-0.00145,0.99610,-0.09569,0.00337,-0.02209,0.99516,1.00,-0.08629,-0.04403,-0.00382,0.99529,-0.09600,-0.02398,-0.02420,0.99480,1.00
2173,-0.00900,0.01841,-0.02259,0.99953,-0.08636,-0.01693,-0.00147,0.99612,-0.09569,0.00335,-0.02223,0.99516,1.00,-0.08601,-0.04425,-0.00382,0.99530,-0.09600,-0.02399,-0.02433,0.99480,1.00
2184,-0.00914,0.01865,-0.02263,0.99953,-0.08568,-0.01671,-0.00144,0.99618,-0.09515,0.00380,-0.02223,0.99521,1.00,-0.08533,-0.04402,-0.00377,0.99537,-0.09545,-0.02354,-0.02430,0.99486,1.00
2195,-0.00935,0.01895,-0.02268,0.99952,-0.08546,-0.01701,-0.00146,0.99619,-0.09515,0.00380,-0.02228,0.99521,1.00,-0.08511,-0.04433,-0.00379,0.99538,-0.09545,-0.02355,-0.02434,0.99486,1.00
2207,-0.00953,0.01932,-0.02282,0.99951,-0.08527,-0.01740,-0.00149,0.99620,-0.09515,0.00379,-0.02241,0.99520,1.00,-0.08491,-0.04471,-0.00381,0.99538,-0.09545,-0.02356,-0.02446,0.99485,1.00
2217,-0.00963,0.01965,-0.02291,0.99950,-0.08555,-0.01758,-0.00151,0.99618,-0.09553,0.00394,-0.02248,0.99516,1.00,-0.08518,-0.04490,-0.00384,0.99535,-0.09583,-0.02340,-0.02454,0.99482,1.00
2228,-0.00968,0.02003,-0.02303,0.99949,-0.08549,-0.01798,-0.00154,0.99618,-0.09553,0.00393,-0.02260,0.99516,1.00,-0.08512,-0.04530,-0.00387,0.99533,-0.09583,-0.02341,-0.02466,0.99482,1.00
2240,-0.00962,0.02040,-0.02313,0.99948,-0.08553,-0.01837,-0.00158,0.99616,-0.09553,0.00392,-0.02270,0.99516,1.00,-0.08515,-0.04568,-0.00391,0.99531,-0.09582,-0.02342,-0.02475,0.99481,1.00
2250,-0.00959,0.02076,-0.02316,0.99947,-0.08385,-0.01877,-0.00158,0.99630,-0.09382,0.00385,-0.02273,0.99532,1.00,-0.08347,-0.04607,-0.00386,0.99544,-0.09412,-0.02348,-0.02474,0.99498,1.00
2262,-0.00959,0.02102,-0.02322,0.99946,-0.08384,-0.01904,-0.00160,0.99630,-0.09383,0.00384,-0.02279,0.99532,1.00,-0.08346,-0.04634,-0.00389,0.99543,-0.09412,-0.02349,-0.02480,0.99497,1.00
2273,-0.00954,0.02120,-0.02313,0.99946,-0.08388,-0.01921,-0.00162,0.99629,-0.09382,0.00385,-0.02269,0.99532,1.00,-0.08351,-0.04651,-0.00390,0.99541,-0.09412,-0.02348,-0.02471,0.99498,1.00
2284,-0.00945,0.02136,-0.02312,0.99946,-0.08345,-0.02083,-0.00174,0.99629,-0.09334,0.00237,-0.02280,0.99537,1.00,-0.08306,-0.04812,-0.00402,0.99537,-0.09363,-0.02495,-0.02480,0.99499,1.00
2295,-0.00940,0.02143,-0.02308,0.99946,-0.08350,-0.02089,-0.00175,0.99629,-0.09334,0.00237,-0.02276,0.99537,1.00,-0.08312,-0.04818,-0.00402,0.99537,-0.09363,-0.02495,-0.02476,0.99499,1.00
2307,-0.00929,0.02142,-0.02310,0.99946,-0.08361,-0.02089,-0.00175,0.99628,-0.09334,0.00237,-0.02278,0.99537,1.00,-0.08323,-0.04818,-0.00403,0.99536,-0.09363,-0.02495,-0.02479,0.99499,1.00
2317,-0.00913,0.02139,-0.02307,0.99946,-0.08291,-0.02161,-0.00180,0.99632,-0.09249,0.00160,-0.02282,0.99545,1.00,-0.08252,-0.04889,-0.00405,0.99538,-0.09277,-0.02571,-0.02481,0.99505,1.00
2328,-0.00904,0.02139,-0.02309,0.99946,-0.08299,-0.02162,-0.00180,0.99631,-0.09249,0.00160,-0.02283,0.99545,1.00,-0.08260,-0.04889,-0.00406,0.99537,-0.09277,-0.02571,-0.02483,0.99505,1.00
2341,-0.00894,0.02125,-0.02303,0.99947,-0.08309,-0.02148,-0.00179,0.99631,-0.09249,0.00160,-0.02278,0.99545,1.00,-0.08270,-0.04875,-0.00405,0.99537,-0.09277,-0.02571,-0.02478,0.99505,1.00
2351,-0.00888,0.02113,-0.02300,0.99947,-0.08299,-0.02113,-0.00176,0.99633,-0.09231,0.00182,-0.02274,0.99547,1.00,-0.08260,-0.04841,-0.00402,0.99540,-0.09259,-0.02549,-0.02474,0.99507,1.00
2362,-0.00887,0.02098,-0.02297,0.99948,-0.08299,-0.02098,-0.00175,0.99633,-0.09231,0.00183,-0.02271,0.99547,1.00,-0.08261,-0.04825,-0.00400,0.99541,-0.09259,-0.02548,-0.02471,0.99507,1.00
2373,-0.00887,0.02083,-0.02293,0.99948,-0.08300,-0.02082,-0.00173,0.99633,-0.09231,0.00183,-0.02267,0.99547,1.00,-0.08262,-0.04809,-0.00399,0.99541,-0.09259,-0.02548,-0.02467,0.99507,1.00
2384,-0.00878,0.02065,-0.02296,0.99948,-0.08655,-0.02071,-0.00180,0.99603,-0.09576,0.00184,-0.02270,0.99514,1.00,-0.08614,-0.04802,-0.00416,0.99512,-0.09603,-0.02550,-0.02480,0.99474,1.00
2395,-0.00868,0.02056,-0.02292,0.99949,-0.08665,-0.02061,-0.00179,0.99602,-0.09576,0.00184,-0.02266,0.99514,1.00,-0.08625,-0.04791,-0.00415,0.99511,-0.09603,-0.02549,-0.02477,0.99474,1.00
2407,-0.00861,0.02042,-0.02302,0.99949,-0.08672,-0.02050,-0.00178,0.99602,-0.09576,0.00183,-0.02276,0.99514,1.00,-0.08632,-0.04780,-0.00415,0.99511,-0.09603,-0.02550,-0.02488,0.99474,1.00
2418,-0.00858,0.02033,-0.02302,0.99949,-0.08691,-0.02066,-0.00180,0.99600,-0.09593,0.00159,-0.02279,0.99513,1.00,-0.08650,-0.04796,-0.00417,0.99509,-0.09619,-0.02575,-0.02490,0.99472,1.00
2429,-0.00857,0.02029,-0.02310,0.99949,-0.08692,-0.02063,-0.00180,0.99600,-0.09593,0.00158,-0.02286,0.99512,1.00,-0.08650,-0.04794,-0.00417,0.99509,-0.09618,-0.02576,-0.02498,0.99472,1.00
2441,-0.00855,0.02026,-0.02314,0.99949,-0.08695,-0.02061,-0.00180,0.99600,-0.09593,0.00158,-0.02291,0.99512,1.00,-0.08653,-0.04791,-0.00417,0.99509,-0.09618,-0.02576,-0.02503,0.99472,1.00
2451,-0.00850,0.02032,-0.02329,0.99949,-0.08681,-0.02063,-0.00180,0.99601,-0.09574,0.00163,-0.02305,0.99514,1.00,-0.08639,-0.04794,-0.00416,0.99510,-0.09600,-0.02571,-0.02517,0.99473,1.00
2462,-0.00842,0.02040,-0.02341,0.99948,-0.08688,-0.02074,-0.00181,0.99600,-0.09574,0.00161,-0.02318,0.99513,1.00,-0.08645,-0.04804,-0.00417,0.99509,-0.09600,-0.02573,-0.02530,0.99473,1.00
2474,-0.00838,0.02053,-0.02350,0.99948,-0.08692,-0.02088,-0.00182,0.99600,-0.09574,0.00160,-0.02327,0.99513,1.00,-0.08649,-0.04819,-0.00419,0.99508,-0.09600,-0.02574,-0.02540,0.99472,1.00
2484,-0.00839,0.02064,-0.02352,0.99948,-0.08564,-0.02078,-0.00179,0.99611,-0.09448,0.00179,-0.02327,0.99525,1.00,-0.08523,-0.04808,-0.00412,0.99519,-0.09475,-0.02554,-0.02536,0.99485,1.00
2496,-0.00838,0.02076,-0.02346,0.99947,-0.08565,-0.02088,-0.00180,0.99611,-0.09448,0.00180,-0.02321,0.99525,1.00,-0.08524,-0.04818,-0.00413,0.99519,-0.09475,-0.02553,-0.02529,0.99485,1.00
2507,-0.00839,0.02087,-0.02335,0.99947,-0.08564,-0.02097,-0.00180,0.99610,-0.09448,0.00181,-0.02309,0.99526,1.00,-0.08524,-0.04827,-0.00413,0.99518,-0.09475,-0.02552,-0.02518,0.99485,1.00
2518,-0.00835,0.02089,-0.02321,0.99948,-0.08558,-0.02080,-0.00179,0.99611,-0.09438,0.00200,-0.02295,0.99527,1.00,-0.08520,-0.04810,-0.00412,0.99519,-0.09466,-0.02533,-0.02504,0.99487,1.00
2529,-0.00832,0.02092,-0.02320,0.99948,-0.08561,-0.02083,-0.00179,0.99611,-0.09438,0.00200,-0.02293,0.99527,1.00,-0.08523,-0.04812,-0.00412,0.99519,-0.09466,-0.02533,-0.02502,0.99487,1.00
2541,-0.00823,0.02091,-0.02326,0.99948,-0.08570,-0.02082,-0.00179,0.99610,-0.09438,0.00199,-0.02300,0.99527,1.00,-0.08531,-0.04812,-0.00412,0.99518,-0.09466,-0.02534,-0.02509,0.99487,1.00
2551,-0.00818,0.02091,-0.02344,0.99947,-0.08667,-0.02226,-0.00194,0.99599,-0.09533,0.00059,-0.02328,0.99517,1.00,-0.08624,-0.04956,-0.00430,0.99503,-0.09559,-0.02674,-0.02540,0.99474,1.00
2562,-0.00814,0.02087,-0.02352,0.99947,-0.08671,-0.02224,-0.00194,0.99598,-0.09533,0.00059,-0.02337,0.99517,1.00,-0.08628,-0.04954,-0.00430,0.99503,-0.09558,-0.02675,-0.02549,0.99474,1.00
2574,-0.00811,0.02084,-0.02360,0.99947,-0.08674,-0.02222,-0.00194,0.99598,-0.09533,0.00058,-0.02345,0.99517,1.00,-0.08631,-0.04952,-0.00430,0.99503,-0.09558,-0.02675,-0.02557,0.99473,1.00
2585,-0.00816,0.02074,-0.02361,0.99947,-0.08656,-0.02202,-0.00191,0.99600,-0.09521,0.00068,-0.02345,0.99518,1.00,-0.08613,-0.04932,-0.00427,0.99505,-0.09546,-0.02665,-0.02557,0.99475,1.00
2596,-0.00816,0.02063,-0.02367,0.99947,-0.08657,-0.02193,-0.00191,0.99600,-0.09521,0.00067,-0.02352,0.99518,1.00,-0.08614,-0.04922,-0.00426,0.99506,-0.09546,-0.02666,-0.02564,0.99475,1.00
2607,-0.00821,0.02049,-0.02375,0.99947,-0.08651,-0.02180,-0.00189,0.99601,-0.09521,0.00066,-0.02360,0.99518,1.00,-0.08608,-0.04909,-0.00425,0.99507,-0.09546,-0.02667,-0.02571,0.99474,1.00
2618,-0.00824,0.02039,-0.02396,0.99947,-0.08683,-0.01836,-0.00160,0.99605,-0.09546,0.00403,-0.02355,0.99515,1.00,-0.08642,-0.04567,-0.00397,0.99520,-0.09575,-0.02332,-0.02567,0.99480,1.00
2629,-0.00823,0.02036,-0.02419,0.99947,-0.08683,-0.01837,-0.00160,0.99605,-0.09546,0.00401,-0.02378,0.99514,1.00,-0.08641,-0.04568,-0.00397,0.99520,-0.09575,-0.02334,-0.02590,0.99479,1.00
2641,-0.00816,0.02028,-0.02425,0.99947,-0.08691,-0.01831,-0.00160,0.99605,-0.09546,0.00400,-0.02384,0.99514,1.00,-0.08649,-0.04562,-0.00396,0.99520,-0.09575,-0.02334,-0.02597,0.99479,1.00
2652,-0.00825,0.02036,-0.02440,0.99946,-0.08656,-0.01807,-0.00157,0.99608,-0.09520,0.00432,-0.02397,0.99516,1.00,-0.08615,-0.04538,-0.00393,0.99524,-0.09551,-0.02302,-0.02609,0.99482,1.00
2663,-0.00816,0.02034,-0.02444,0.99946,-0.08665,-0.01805,-0.00157,0.99607,-0.09520,0.00432,-0.02400,0.99516,1.00,-0.08624,-0.04537,-0.00393,0.99523,-0.09550,-0.02303,-0.02613,0.99482,1.00
2674,-0.00799,0.02044,-0.02468,0.99945,-0.08681,-0.01820,-0.00159,0.99606,-0.09520,0.00430,-0.02425,0.99515,1.00,-0.08639,-0.04552,-0.00395,0.99521,-0.09550,-0.02305,-0.02638,0.99481,1.00
2685,-0.00779,0.02060,-0.02497,0.99945,-0.08699,-0.01892,-0.00165,0.99603,-0.09521,0.00376,-0.02458,0.99515,1.00,-0.08657,-0.04624,-0.00402,0.99516,-0.09551,-0.02359,-0.02672,0.99479,1.00
2696,-0.00766,0.02070,-0.02508,0.99944,-0.08711,-0.01905,-0.00167,0.99602,-0.09521,0.00375,-0.02470,0.99514,1.00,-0.08668,-0.04637,-0.00404,0.99515,-0.09550,-0.02360,-0.02685,0.99479,1.00
2708,-0.00758,0.02080,-0.02498,0.99944,-0.08719,-0.01913,-0.00167,0.99601,-0.09521,0.00376,-0.02460,0.99515,1.00,-0.08677,-0.04645,-0.00405,0.99514,-0.09551,-0.02359,-0.02675,0.99479,1.00
2718,-0.00753,0.02096,-0.02483,0.99944,-0.08643,-0.01866,-0.00162,0.99608,-0.09438,0.00436,-0.02440,0.99523,1.00,-0.08605,-0.04597,-0.00397,0.99522,-0.09472,-0.02298,-0.02654,0.99489,1.00
2729,-0.00752,0.02106,-0.02466,0.99945,-0.08645,-0.01872,-0.00162,0.99608,-0.09438,0.00438,-0.02423,0.99523,1.00,-0.08607,-0.04604,-0.00398,0.99522,-0.09472,-0.02296,-0.02637,0.99489,1.00
2741,-0.00751,0.02111,-0.02455,0.99945,-0.08645,-0.01875,-0.00163,0.99608,-0.09438,0.00439,-0.02411,0.99523,1.00,-0.08608,-0.04607,-0.00398,0.99521,-0.09473,-0.02295,-0.02625,0.99489,1.00
2752,-0.00746,0.02129,-0.02447,0.99945,-0.08623,-0.01889,-0.00164,0.99609,-0.09411,0.00443,-0.02403,0.99526,1.00,-0.08587,-0.04620,-0.00399,0.99523,-0.09446,-0.02291,-0.02616,0.99492,1.00
2763,-0.00742,0.02131,-0.02457,0.99944,-0.08626,-0.01893,-0.00164,0.99609,-0.09411,0.00442,-0.02414,0.99526,1.00,-0.08590,-0.04624,-0.00399,0.99522,-0.09446,-0.02293,-0.02627,0.99492,1.00
2774,-0.00744,0.02143,-0.02468,0.99944,-0.08624,-0.01907,-0.00165,0.99609,-0.09411,0.00441,-0.02425,0.99526,1.00,-0.08587,-0.04638,-0.00400,0.99522,-0.09446,-0.02294,-0.02638,0.99492,1.00
2785,-0.00746,0.02142,-0.02474,0.99944,-0.08607,-0.01871,-0.00162,0.99611,-0.09395,0.00475,-0.02428,0.99527,1.00,-0.08569,-0.04602,-0.00396,0.99525,-0.09429,-0.02259,-0.02640,0.99494,1.00
2796,-0.00756,0.02139,-0.02473,0.99944,-0.08597,-0.01867,-0.00161,0.99612,-0.09395,0.00476,-0.02426,0.99527,1.00,-0.08559,-0.04598,-0.00395,0.99526,-0.09429,-0.02258,-0.02639,0.99494,1.00
2808,-0.00771,0.02131,-0.02453,0.99944,-0.08583,-0.01855,-0.00160,0.99614,-0.09395,0.00477,-0.02406,0.99528,1.00,-0.08546,-0.04586,-0.00394,0.99528,-0.09429,-0.02256,-0.02618,0.99494,1.00
2819,-0.00787,0.02121,-0.02442,0.99945,-0.08697,-0.01835,-0.00160,0.99604,-0.09524,0.00490,-0.02393,0.99515,1.00,-0.08661,-0.04567,-0.00397,0.99519,-0.09559,-0.02245,-0.02607,0.99483,1.00
2830,-0.00806,0.02110,-0.02446,0.99945,-0.08678,-0.01824,-0.00159,0.99606,-0.09524,0.00489,-0.02398,0.99515,1.00,-0.08641,-0.04556,-0.00396,0.99521,-0.09559,-0.02245,-0.02611,0.99483,1.00
2841,-0.00822,0.02115,-0.02462,0.99944,-0.08662,-0.01832,-0.00159,0.99607,-0.09524,0.00488,-0.02414,0.99515,1.00,-0.08625,-0.04564,-0.00395,0.99522,-0.09558,-0.02247,-0.02626,0.99482,1.00
2852,-0.00836,0.02107,-0.02487,0.99943,-0.08473,-0.01826,-0.00155,0.99624,-0.09350,0.00484,-0.02439,0.99531,1.00,-0.08435,-0.04556,-0.00386,0.99539,-0.09383,-0.02250,-0.02645,0.99498,1.00
2863,-0.00845,0.02113,-0.02503,0.99943,-0.08464,-0.01834,-0.00156,0.99624,-0.09350,0.00482,-0.02455,0.99531,1.00,-0.08424,-0.04564,-0.00386,0.99539,-0.09383,-0.02251,-0.02661,0.99498,1.00
2875,-0.00852,0.02117,-0.02528,0.99942,-0.08456,-0.01843,-0.00156,0.99625,-0.09350,0.00480,-0.02480,0.99530,1.00,-0.08416,-0.04573,-0.00387,0.99540,-0.09382,-0.02253,-0.02685,0.99497,1.00
2886,-0.00851,0.02130,-0.02545,0.99941,-0.08690,-0.01883,-0.00164,0.99604,-0.09584,0.00460,-0.02498,0.99507,1.00,-0.08648,-0.04615,-0.00401,0.99518,-0.09616,-0.02275,-0.02710,0.99474,1.00
2897,-0.00848,0.02146,-0.02561,0.99941,-0.08692,-0.01902,-0.00166,0.99603,-0.09584,0.00458,-0.02514,0.99507,1.00,-0.08649,-0.04633,-0.00403,0.99517,-0.09615,-0.02277,-0.02726,0.99473,1.00
2908,-0.00838,0.02156,-0.02568,0.99940,-0.08702,-0.01913,-0.00167,0.99602,-0.09584,0.00457,-0.02522,0.99507,1.00,-0.08658,-0.04645,-0.00404,0.99515,-0.09615,-0.02278,-0.02734,0.99473,1.00
2919,-0.00818,0.02183,-0.02579,0.99940,-0.08639,-0.01781,-0.00154,0.99610,-0.09499,0.00616,-0.02521,0.99514,1.00,-0.08600,-0.04513,-0.00390,0.99527,-0.09534,-0.02119,-0.02732,0.99484,1.00
2930,-0.00794,0.02206,-0.02582,0.99939,-0.08663,-0.01805,-0.00157,0.99608,-0.09499,0.00616,-0.02523,0.99514,1.00,-0.08623,-0.04537,-0.00393,0.99523,-0.09534,-0.02119,-0.02736,0.99484,1.00
2942,-0.00763,0.02227,-0.02578,0.99939,-0.08693,-0.01826,-0.00159,0.99605,-0.09499,0.00616,-0.02519,0.99514,1.00,-0.08653,-0.04558,-0.00396,0.99520,-0.09534,-0.02119,-0.02734,0.99484,1.00
2953,-0.00738,0.02253,-0.02572,0.99939,-0.08825,-0.01810,-0.00160,0.99593,-0.09604,0.00661,-0.02510,0.99504,1.00,-0.08787,-0.04543,-0.00401,0.99509,-0.09642,-0.02075,-0.02729,0.99475,1.00
2964,-0.00718,0.02268,-0.02574,0.99939,-0.08844,-0.01825,-0.00162,0.99591,-0.09604,0.00660,-0.02512,0.99504,1.00,-0.08806,-0.04559,-0.00403,0.99506,-0.09642,-0.02076,-0.02732,0.99475,1.00
2975,-0.00698,0.02289,-0.02576,0.99938,-0.08863,-0.01848,-0.00164,0.99589,-0.09604,0.00660,-0.02514,0.99504,1.00,-0.08825,-0.04581,-0.00406,0.99504,-0.09641,-0.02076,-0.02735,0.99475,1.00
2986,-0.00687,0.02298,-0.02574,0.99938,-0.08825,-0.01796,-0.00159,0.99594,-0.09554,0.00719,-0.02507,0.99508,1.00,-0.08788,-0.04529,-0.00400,0.99509,-0.09592,-0.02017,-0.02728,0.99481,1.00
2997,-0.00685,0.02306,-0.02570,0.99938,-0.08826,-0.01804,-0.00160,0.99593,-0.09554,0.00720,-0.02503,0.99509,1.00,-0.08790,-0.04537,-0.00401,0.99509,-0.09592,-0.02016,-0.02724,0.99481,1.00
3008,-0.00687,0.02303,-0.02553,0.99939,-0.08825,-0.01798,-0.00159,0.99594,-0.09554,0.00721,-0.02486,0.99509,1.00,-0.08789,-0.04531,-0.00400,0.99509,-0.09592,-0.02015,-0.02707,0.99482,1.00
3019,-0.00697,0.02298,-0.02534,0.99939,-0.08766,-0.01783,-0.00157,0.99599,-0.09504,0.00728,-0.02467,0.99514,1.00,-0.08731,-0.04515,-0.00396,0.99515,-0.09543,-0.02007,-0.02686,0.99487,1.00
3030,-0.00714,0.02287,-0.02513,0.99940,-0.08749,-0.01767,-0.00155,0.99601,-0.09503,0.00731,-0.02445,0.99515,1.00,-0.08716,-0.04499,-0.00394,0.99517,-0.09543,-0.02005,-0.02663,0.99488,1.00
3042,-0.00739,0.02279,-0.02504,0.99940,-0.08725,-0.01757,-0.00154,0.99603,-0.09503,0.00731,-0.02436,0.99515,1.00,-0.08692,-0.04489,-0.00392,0.99520,-0.09544,-0.02004,-0.02652,0.99488,1.00
3053,-0.00760,0.02267,-0.02495,0.99940,-0.08463,-0.02673,-0.00227,0.99605,-0.09287,-0.00204,-0.02500,0.99536,1.00,-0.08419,-0.05399,-0.00457,0.99498,-0.09316,-0.02934,-0.02707,0.99485,1.00
3064,-0.00776,0.02259,-0.02491,0.99940,-0.08447,-0.02664,-0.00226,0.99607,-0.09287,-0.00204,-0.02496,0.99536,1.00,-0.08404,-0.05390,-0.00455,0.99499,-0.09316,-0.02933,-0.02702,0.99485,1.00
3076,-0.00785,0.02254,-0.02499,0.99940,-0.08439,-0.02660,-0.00225,0.99608,-0.09287,-0.00205,-0.02503,0.99536,1.00,-0.08395,-0.05386,-0.00454,0.99500,-0.09316,-0.02934,-0.02709,0.99485,1.00
3086,-0.00791,0.02247,-0.02499,0.99940,-0.08428,-0.02695,-0.00228,0.99608,-0.09283,-0.00247,-0.02507,0.99536,1.00,-0.08382,-0.05420,-0.00457,0.99500,-0.09310,-0.02976,-0.02712,0.99484,1.00
3097,-0.00800,0.02241,-0.02488,0.99941,-0.08420,-0.02687,-0.00227,0.99608,-0.09283,-0.00246,-0.02495,0.99537,1.00,-0.08375,-0.05412,-0.00456,0.99501,-0.09311,-0.02975,-0.02700,0.99485,1.00
3109,-0.00803,0.02234,-0.02453,0.99942,-0.08418,-0.02674,-0.00226,0.99609,-0.09284,-0.00242,-0.02460,0.99537,1.00,-0.08375,-0.05399,-0.00454,0.99501,-0.09312,-0.02971,-0.02665,0.99486,1.00
3120,-0.00798,0.02225,-0.02421,0.99943,-0.08493,-0.02658,-0.00227,0.99603,-0.09352,-0.00236,-0.02427,0.99532,1.00,-0.08450,-0.05384,-0.00457,0.99496,-0.09380,-0.02965,-0.02635,0.99480,1.00
3131,-0.00781,0.02219,-0.02376,0.99944,-0.08512,-0.02644,-0.00226,0.99602,-0.09352,-0.00232,-0.02383,0.99533,1.00,-0.08472,-0.05370,-0.00457,0.99495,-0.09382,-0.02961,-0.02591,0.99481,1.00
3142,-0.00753,0.02216,-0.02349,0.99945,-0.08540,-0.02637,-0.00226,0.99599,-0.09352,-0.00229,-0.02356,0.99534,1.00,-0.08502,-0.05363,-0.00458,0.99492,-0.09382,-0.02959,-0.02566,0.99482,1.00
3153,-0.00726,0.02207,-0.02318,0.99946,-0.08538,-0.02695,-0.00231,0.99598,-0.09324,-0.00299,-0.02332,0.99537,1.00,-0.08498,-0.05421,-0.00463,0.99490,-0.09352,-0.03029,-0.02542,0.99483,1.00
3164,-0.00703,0.02203,-0.02302,0.99947,-0.08562,-0.02689,-0.00231,0.99596,-0.09324,-0.00298,-0.02316,0.99537,1.00,-0.08523,-0.05415,-0.00464,0.99488,-0.09353,-0.03027,-0.02528,0.99484,1.00
3176,-0.00679,0.02191,-0.02286,0.99948,-0.08586,-0.02675,-0.00231,0.99595,-0.09325,-0.00296,-0.02301,0.99537,1.00,-0.08548,-0.05401,-0.00464,0.99486,-0.09353,-0.03026,-0.02514,0.99484,1.00
3186,-0.00660,0.02184,-0.02266,0.99948,-0.08813,-0.02579,-0.00228,0.99577,-0.09529,-0.00204,-0.02275,0.99519,1.00,-0.08772,-0.05308,-0.00468,0.99472,-0.09554,-0.02936,-0.02495,0.99468,1.00
3197,-0.00643,0.02177,-0.02238,0.99949,-0.08831,-0.02567,-0.00228,0.99576,-0.09530,-0.00201,-0.02247,0.99519,1.00,-0.08791,-0.05296,-0.00468,0.99471,-0.09555,-0.02934,-0.02469,0.99469,1.00
3209,-0.00630,0.02165,-0.02215,0.99950,-0.08845,-0.02551,-0.00227,0.99575,-0.09530,-0.00199,-0.02224,0.99520,1.00,-0.08806,-0.05280,-0.00467,0.99470,-0.09556,-0.02932,-0.02446,0.99469,1.00
3220,-0.00618,0.02159,-0.02204,0.99950,-0.08743,-0.02351,-0.00206,0.99589,-0.09410,-0.00008,-0.02198,0.99532,1.00,-0.08705,-0.05080,-0.00444,0.99490,-0.09436,-0.02741,-0.02418,0.99487,1.00
3231,-0.00601,0.02160,-0.02195,0.99951,-0.08760,-0.02351,-0.00207,0.99588,-0.09410,-0.00007,-0.02190,0.99532,1.00,-0.08722,-0.05081,-0.00445,0.99488,-0.09436,-0.02740,-0.02410,0.99487,1.00
3242,-0.00581,0.02160,-0.02194,0.99951,-0.08780,-0.02351,-0.00207,0.99586,-0.09410,-0.00007,-0.02188,0.99532,1.00,-0.08741,-0.05081,-0.00446,0.99487,-0.09436,-0.02740,-0.02410,0.99487,1.00
3253,-0.00559,0.02158,-0.02196,0.99951,-0.08848,-0.02331,-0.00207,0.99580,-0.09456,0.00011,-0.02190,0.99528,1.00,-0.08806,-0.05062,-0.00448,0.99482,-0.09478,-0.02722,-0.02414,0.99483,1.00
3264,-0.00541,0.02164,-0.02202,0.99951,-0.08866,-0.02339,-0.00208,0.99579,-0.09456,0.00011,-0.02196,0.99528,1.00,-0.08823,-0.05070,-0.00450,0.99480,-0.09478,-0.02723,-0.02421,0.99483,1.00
3276,-0.00536,0.02157,-0.02202,0.99951,-0.08819,-0.02249,-0.00199,0.99585,-0.09402,0.00093,-0.02190,0.99533,1.00,-0.08776,-0.04980,-0.00439,0.99489,-0.09424,-0.02640,-0.02414,0.99491,1.00
3287,-0.00539,0.02158,-0.02205,0.99951,-0.08816,-0.02251,-0.00199,0.99585,-0.09402,0.00093,-0.02193,0.99533,1.00,-0.08773,-0.04981,-0.00439,0.99489,-0.09424,-0.02641,-0.02417,0.99491,1.00
3298,-0.00531,0.02157,-0.02203,0.99951,-0.08823,-0.02249,-0.00199,0.99584,-0.09402,0.00093,-0.02191,0.99533,1.00,-0.08780,-0.04980,-0.00440,0.99488,-0.09424,-0.02641,-0.02416,0.99491,1.00
3309,-0.00533,0.02158,-0.02226,0.99951,-0.08821,-0.02255,-0.00200,0.99585,-0.09402,0.00091,-0.02214,0.99532,1.00,-0.08777,-0.04986,-0.00440,0.99488,-0.09423,-0.02643,-0.02438,0.99490,1.00
3320,-0.00547,0.02157,-0.02265,0.99950,-0.08926,-0.02235,-0.00200,0.99576,-0.09521,0.00115,-0.02251,0.99520,1.00,-0.08879,-0.04967,-0.00443,0.99480,-0.09542,-0.02619,-0.02477,0.99478,1.00
3331,-0.00564,0.02153,-0.02285,0.99949,-0.08909,-0.02235,-0.00200,0.99577,-0.09522,0.00113,-0.02271,0.99520,1.00,-0.08861,-0.04966,-0.00442,0.99482,-0.09541,-0.02621,-0.02496,0.99478,1.00
3343,-0.00583,0.02146,-0.02291,0.99949,-0.08891,-0.02228,-0.00199,0.99579,-0.09522,0.00113,-0.02276,0.99520,1.00,-0.08843,-0.04959,-0.00441,0.99484,-0.09541,-0.02622,-0.02501,0.99478,1.00
3354,-0.00591,0.02148,-0.02288,0.99949,-0.09079,-0.02067,-0.00188,0.99565,-0.09714,0.00280,-0.02259,0.99501,1.00,-0.09034,-0.04800,-0.00436,0.99474,-0.09737,-0.02456,-0.02490,0.99463,1.00
3365,-0.00600,0.02144,-0.02288,0.99949,-0.09070,-0.02061,-0.00188,0.99566,-0.09714,0.00280,-0.02259,0.99501,1.00,-0.09025,-0.04795,-0.00435,0.99475,-0.09737,-0.02456,-0.02488,0.99463,1.00
3376,-0.00602,0.02139,-0.02293,0.99949,-0.09068,-0.02058,-0.00187,0.99567,-0.09714,0.00280,-0.02264,0.99501,1.00,-0.09023,-0.04791,-0.00435,0.99476,-0.09736,-0.02457,-0.02494,0.99463,1.00
3387,-0.00603,0.02135,-0.02296,0.99949,-0.09092,-0.01857,-0.00170,0.99568,-0.09735,0.00478,-0.02250,0.99498,1.00,-0.09051,-0.04592,-0.00418,0.99483,-0.09761,-0.02259,-0.02481,0.99466,1.00
3398,-0.00603,0.02135,-0.02299,0.99949,-0.09092,-0.01857,-0.00170,0.99568,-0.09735,0.00478,-0.02253,0.99498,1.00,-0.09051,-0.04591,-0.00418,0.99483,-0.09761,-0.02260,-0.02484,0.99466,1.00
3409,-0.00608,0.02133,-0.02310,0.99949,-0.09087,-0.01857,-0.00170,0.99569,-0.09735,0.00477,-0.02264,0.99498,1.00,-0.09046,-0.04592,-0.00418,0.99483,-0.09761,-0.02261,-0.02494,0.99466,1.00
3421,-0.00617,0.02138,-0.02318,0.99948,-0.09072,-0.01900,-0.00173,0.99569,-0.09730,0.00439,-0.02276,0.99499,1.00,-0.09030,-0.04635,-0.00421,0.99483,-0.09756,-0.02298,-0.02505,0.99465,1.00
3432,-0.00622,0.02142,-0.02322,0.99948,-0.09067,-0.01905,-0.00173,0.99570,-0.09730,0.00439,-0.02279,0.99498,1.00,-0.09025,-0.04639,-0.00421,0.99483,-0.09756,-0.02298,-0.02509,0.99465,1.00
3443,-0.00623,0.02148,-0.02319,0.99948,-0.09066,-0.01910,-0.00174,0.99570,-0.09730,0.00439,-0.02277,0.99499,1.00,-0.09024,-0.04644,-0.00421,0.99483,-0.09756,-0.02298,-0.02506,0.99465,1.00
3454,-0.00624,0.02153,-0.02317,0.99948,-0.09017,-0.01883,-0.00171,0.99575,-0.09682,0.00470,-0.02271,0.99503,1.00,-0.08977,-0.04617,-0.00417,0.99488,-0.09710,-0.02267,-0.02499,0.99470,1.00
3465,-0.00626,0.02159,-0.02316,0.99948,-0.09015,-0.01889,-0.00171,0.99575,-0.09682,0.00470,-0.02270,0.99503,1.00,-0.08975,-0.04622,-0.00417,0.99488,-0.09710,-0.02267,-0.02498,0.99470,1.00
3476,-0.00624,0.02167,-0.02318,0.99948,-0.09032,-0.01919,-0.00174,0.99573,-0.09696,0.00448,-0.02275,0.99502,1.00,-0.08992,-0.04653,-0.00421,0.99485,-0.09725,-0.02289,-0.02503,0.99468,1.00
3487,-0.00625,0.02173,-0.02328,0.99947,-0.09030,-0.01927,-0.00175,0.99573,-0.09697,0.00447,-0.02284,0.99502,1.00,-0.08989,-0.04661,-0.00421,0.99485,-0.09724,-0.02290,-0.02512,0.99468,1.00
3498,-0.00623,0.02180,-0.02337,0.99947,-0.09031,-0.01936,-0.00176,0.99572,-0.09697,0.00446,-0.02294,0.99501,1.00,-0.08990,-0.04669,-0.00422,0.99485,-0.09724,-0.02291,-0.02522,0.99468,1.00
3510,-0.00630,0.02182,-0.02349,0.99947,-0.09028,-0.02052,-0.00186,0.99570,-0.09703,0.00332,-0.02315,0.99501,1.00,-0.08985,-0.04786,-0.00432,0.99480,-0.09729,-0.02404,-0.02542,0.99464,1.00
3521,-0.00633,0.02190,-0.02362,0.99946,-0.09025,-0.02063,-0.00187,0.99570,-0.09703,0.00331,-0.02328,0.99500,1.00,-0.08981,-0.04796,-0.00433,0.99479,-0.09729,-0.02405,-0.02555,0.99464,1.00
3532,-0.00643,0.02197,-0.02379,0.99945,-0.09014,-0.02073,-0.00188,0.99571,-0.09703,0.00329,-0.02345,0.99500,1.00,-0.08970,-0.04806,-0.00433,0.99480,-0.09728,-0.02407,-0.02572,0.99463,1.00
3544,-0.00644,0.02201,-0.02380,0.99945,-0.09014,-0.02077,-0.00188,0.99571,-0.09703,0.00329,-0.02346,0.99500,1.00,-0.08969,-0.04810,-0.00434,0.99480,-0.09728,-0.02407,-0.02573,0.99463,1.00
3554,-0.00654,0.02202,-0.02384,0.99945,-0.09093,-0.02058,-0.00188,0.99564,-0.09792,0.00351,-0.02348,0.99491,1.00,-0.09049,-0.04792,-0.00436,0.99473,-0.09819,-0.02386,-0.02577,0.99455,1.00
3565,-0.00663,0.02207,-0.02377,0.99945,-0.09084,-0.02061,-0.00188,0.99565,-0.09792,0.00352,-0.02340,0.99491,1.00,-0.09041,-0.04795,-0.00436,0.99474,-0.09819,-0.02385,-0.02569,0.99455,1.00
3576,-0.00670,0.02211,-0.02362,0.99945,-0.09094,-0.01986,-0.00181,0.99566,-0.09806,0.00430,-0.02319,0.99490,1.00,-0.09053,-0.04720,-0.00430,0.99477,-0.09835,-0.02307,-0.02547,0.99456,1.00
3587,-0.00683,0.02216,-0.02345,0.99946,-0.09080,-0.01987,-0.00181,0.99567,-0.09806,0.00432,-0.02301,0.99490,1.00,-0.09041,-0.04721,-0.00429,0.99478,-0.09836,-0.02305,-0.02529,0.99456,1.00
3598,-0.00685,0.02219,-0.02329,0.99946,-0.09079,-0.01987,-0.00181,0.99567,-0.09806,0.00433,-0.02285,0.99491,1.00,-0.09040,-0.04721,-0.00429,0.99478,-0.09836,-0.02304,-0.02512,0.99457,1.00
3610,-0.00689,0.02225,-0.02335,0.99946,-0.09073,-0.01958,-0.00178,0.99568,-0.09804,0.00469,-0.02288,0.99491,1.00,-0.09033,-0.04692,-0.00426,0.99480,-0.09833,-0.02269,-0.02515,0.99458,1.00
3621,-0.00694,0.02224,-0.02336,0.99946,-0.09068,-0.01957,-0.00178,0.99569,-0.09804,0.00468,-0.02289,0.99491,1.00,-0.09028,-0.04691,-0.00426,0.99480,-0.09833,-0.02269,-0.02516,0.99458,1.00
3632,-0.00701,0.02216,-0.02339,0.99946,-0.09061,-0.01950,-0.00177,0.99569,-0.09804,0.00468,-0.02292,0.99491,1.00,-0.09021,-0.04684,-0.00425,0.99481,-0.09833,-0.02269,-0.02519,0.99458,1.00
3643,-0.00711,0.02208,-0.02335,0.99946,-0.09033,-0.01935,-0.00176,0.99572,-0.09786,0.00474,-0.02287,0.99493,1.00,-0.08993,-0.04668,-0.00422,0.99484,-0.09814,-0.02262,-0.02513,0.99460,1.00
3654,-0.00733,0.02186,-0.02331,0.99946,-0.09013,-0.01912,-0.00173,0.99575,-0.09786,0.00475,-0.02283,0.99493,1.00,-0.08973,-0.04646,-0.00419,0.99487,-0.09814,-0.02262,-0.02507,0.99460,1.00
3666,-0.00746,0.02175,-0.02332,0.99946,-0.08999,-0.01901,-0.00172,0.99576,-0.09786,0.00475,-0.02284,0.99493,1.00,-0.08960,-0.04634,-0.00417,0.99489,-0.09814,-0.02262,-0.02508,0.99460,1.00
3677,-0.00764,0.02167,-0.02338,0.99946,-0.08792,-0.02003,-0.00177,0.99592,-0.09599,0.00360,-0.02299,0.99511,1.00,-0.08752,-0.04735,-0.00416,0.99503,-0.09627,-0.02375,-0.02517,0.99475,1.00
3688,-0.00783,0.02162,-0.02343,0.99946,-0.08773,-0.01999,-0.00176,0.99594,-0.09599,0.00360,-0.02304,0.99511,1.00,-0.08732,-0.04730,-0.00415,0.99505,-0.09626,-0.02375,-0.02520,0.99475,1.00
3699,-0.00788,0.02160,-0.02356,0.99946,-0.08768,-0.02000,-0.00176,0.99595,-0.09599,0.00358,-0.02318,0.99511,1.00,-0.08727,-0.04731,-0.00415,0.99505,-0.09626,-0.02376,-0.02534,0.99475,1.00
3710,-0.00788,0.02163,-0.02377,0.99945,-0.08767,-0.02006,-0.00177,0.99595,-0.09599,0.00356,-0.02338,0.99510,1.00,-0.08725,-0.04737,-0.00415,0.99505,-0.09626,-0.02378,-0.02554,0.99474,1.00
3721,-0.00782,0.02171,-0.02386,0.99945,-0.08813,-0.02040,-0.00181,0.99590,-0.09639,0.00332,-0.02349,0.99506,1.00,-0.08769,-0.04772,-0.00421,0.99500,-0.09666,-0.02403,-0.02566,0.99470,1.00
3732,-0.00784,0.02173,-0.02388,0.99945,-0.08810,-0.02042,-0.00181,0.99590,-0.09639,0.00332,-0.02351,0.99506,1.00,-0.08767,-0.04774,-0.00421,0.99500,-0.09666,-0.02403,-0.02569,0.99470,1.00
3744,-0.00779,0.02184,-0.02379,0.99945,-0.08815,-0.02052,-0.00182,0.99589,-0.09639,0.00332,-0.02342,0.99506,1.00,-0.08773,-0.04784,-0.00422,0.99499,-0.09666,-0.02403,-0.02560,0.99470,1.00
3755,-0.00772,0.02193,-0.02357,0.99945,-0.08837,-0.02151,-0.00191,0.99585,-0.09656,0.00240,-0.02328,0.99505,1.00,-0.08796,-0.04882,-0.00432,0.99492,-0.09683,-0.02494,-0.02546,0.99466,1.00
3765,-0.00761,0.02201,-0.02320,0.99946,-0.08849,-0.02153,-0.00191,0.99584,-0.09656,0.00244,-0.02291,0.99506,1.00,-0.08810,-0.04885,-0.00433,0.99490,-0.09684,-0.02491,-0.02510,0.99467,1.00
3777,-0.00757,0.02212,-0.02306,0.99946,-0.08926,-0.02018,-0.00181,0.99580,-0.09725,0.00390,-0.02265,0.99499,1.00,-0.08888,-0.04751,-0.00424,0.99490,-0.09755,-0.02346,-0.02486,0.99464,1.00
3788,-0.00755,0.02215,-0.02302,0.99946,-0.08927,-0.02021,-0.00181,0.99580,-0.09725,0.00390,-0.02261,0.99500,1.00,-0.08890,-0.04754,-0.00425,0.99490,-0.09755,-0.02346,-0.02482,0.99464,1.00
3799,-0.00761,0.02227,-0.02302,0.99946,-0.08922,-0.02032,-0.00182,0.99580,-0.09725,0.00390,-0.02260,0.99500,1.00,-0.08884,-0.04765,-0.00425,0.99490,-0.09755,-0.02346,-0.02481,0.99464,1.00
3810,-0.00763,0.02225,-0.02294,0.99946,-0.08908,-0.02145,-0.00192,0.99579,-0.09717,0.00275,-0.02262,0.99501,1.00,-0.08868,-0.04877,-0.00435,0.99486,-0.09744,-0.02461,-0.02482,0.99463,1.00
3821,-0.00773,0.02220,-0.02289,0.99946,-0.08899,-0.02139,-0.00191,0.99580,-0.09717,0.00275,-0.02256,0.99501,1.00,-0.08859,-0.04871,-0.00434,0.99487,-0.09744,-0.02460,-0.02476,0.99463,1.00
3832,-0.00784,0.02215,-0.02281,0.99946,-0.08888,-0.02132,-0.00190,0.99581,-0.09717,0.00276,-0.02248,0.99501,1.00,-0.08848,-0.04864,-0.00433,0.99488,-0.09744,-0.02459,-0.02467,0.99463,1.00
3843,-0.00793,0.02207,-0.02275,0.99947,-0.08886,-0.01974,-0.00176,0.99585,-0.09719,0.00426,-0.02230,0.99501,1.00,-0.08847,-0.04706,-0.00418,0.99496,-0.09747,-0.02310,-0.02449,0.99467,1.00
3855,-0.00796,0.02198,-0.02272,0.99947,-0.08883,-0.01964,-0.00175,0.99585,-0.09719,0.00426,-0.02226,0.99501,1.00,-0.08845,-0.04696,-0.00417,0.99496,-0.09748,-0.02310,-0.02446,0.99467,1.00
3866,-0.00795,0.02190,-0.02263,0.99947,-0.08885,-0.01955,-0.00174,0.99585,-0.09719,0.00427,-0.02218,0.99501,1.00,-0.08847,-0.04688,-0.00417,0.99497,-0.09748,-0.02309,-0.02437,0.99467,1.00
3877,-0.00790,0.02189,-0.02260,0.99947,-0.08913,-0.02041,-0.00183,0.99581,-0.09745,0.00340,-0.02222,0.99499,1.00,-0.08873,-0.04773,-0.00426,0.99490,-0.09772,-0.02396,-0.02442,0.99463,1.00
3888,-0.00777,0.02186,-0.02256,0.99948,-0.08926,-0.02038,-0.00183,0.99580,-0.09745,0.00340,-0.02218,0.99499,1.00,-0.08886,-0.04770,-0.00426,0.99489,-0.09772,-0.02396,-0.02439,0.99463,1.00
3899,-0.00765,0.02186,-0.02254,0.99948,-0.08938,-0.02038,-0.00183,0.99579,-0.09745,0.00340,-0.02217,0.99499,1.00,-0.08898,-0.04770,-0.00427,0.99488,-0.09772,-0.02396,-0.02438,0.99463,1.00
3910,-0.00761,0.02189,-0.02253,0.99948,-0.08813,-0.02007,-0.00178,0.99591,-0.09615,0.00371,-0.02213,0.99511,1.00,-0.08773,-0.04739,-0.00418,0.99501,-0.09642,-0.02364,-0.02431,0.99476,1.00
3921,-0.00765,0.02191,-0.02253,0.99948,-0.08809,-0.02009,-0.00178,0.99591,-0.09615,0.00371,-0.02213,0.99511,1.00,-0.08770,-0.04741,-0.00418,0.99501,-0.09642,-0.02364,-0.02431,0.99476,1.00
3933,-0.00773,0.02193,-0.02252,0.99948,-0.08801,-0.02011,-0.00178,0.99592,-0.09615,0.00371,-0.02212,0.99511,1.00,-0.08761,-0.04742,-0.00418,0.99502,-0.09642,-0.02364,-0.02430,0.99476,1.00
3944,-0.00778,0.02193,-0.02259,0.99947,-0.08787,-0.02027,-0.00179,0.99592,-0.09607,0.00355,-0.02220,0.99512,1.00,-0.08747,-0.04759,-0.00418,0.99502,-0.09633,-0.02380,-0.02437,0.99477,1.00
3955,-0.00779,0.02195,-0.02280,0.99947,-0.08785,-0.02033,-0.00179,0.99592,-0.09607,0.00353,-0.02242,0.99512,1.00,-0.08744,-0.04764,-0.00419,0.99502,-0.09633,-0.02382,-0.02458,0.99476,1.00
3966,-0.00779,0.02198,-0.02300,0.99946,-0.08785,-0.02040,-0.00180,0.99592,-0.09607,0.00351,-0.02261,0.99511,1.00,-0.08743,-0.04771,-0.00419,0.99502,-0.09632,-0.02384,-0.02478,0.99476,1.00
3977,-0.00780,0.02202,-0.02311,0.99946,-0.08788,-0.02030,-0.00179,0.99592,-0.09611,0.00366,-0.02271,0.99510,1.00,-0.08746,-0.04761,-0.00418,0.99502,-0.09637,-0.02369,-0.02488,0.99475,1.00
3988,-0.00779,0.02201,-0.02307,0.99946,-0.08790,-0.02029,-0.00179,0.99592,-0.09611,0.00366,-0.02268,0.99511,1.00,-0.08747,-0.04760,-0.00418,0.99502,-0.09637,-0.02369,-0.02485,0.99475,1.00
3999,-0.00779,0.02205,-0.02303,0.99946,-0.08789,-0.02032,-0.00179,0.99592,-0.09611,0.00366,-0.02264,0.99511,1.00,-0.08747,-0.04763,-0.00419,0.99502,-0.09637,-0.02369,-0.02480,0.99475,1.00
4011,-0.00779,0.02206,-0.02301,0.99946,-0.08644,-0.02010,-0.00174,0.99605,-0.09465,0.00387,-0.02259,0.99525,1.00,-0.08604,-0.04740,-0.00410,0.99515,-0.09493,-0.02347,-0.02472,0.99490,1.00
4022,-0.00779,0.02213,-0.02305,0.99946,-0.08643,-0.02017,-0.00175,0.99605,-0.09465,0.00386,-0.02264,0.99525,1.00,-0.08603,-0.04747,-0.00410,0.99515,-0.09492,-0.02348,-0.02477,0.99490,1.00
4033,-0.00786,0.02215,-0.02313,0.99946,-0.08637,-0.02020,-0.00175,0.99606,-0.09465,0.00386,-0.02271,0.99524,1.00,-0.08596,-0.04751,-0.00410,0.99516,-0.09492,-0.02348,-0.02484,0.99490,1.00
4044,-0.00788,0.02217,-0.02323,0.99945,-0.08538,-0.02012,-0.00172,0.99614,-0.09369,0.00395,-0.02281,0.99533,1.00,-0.08498,-0.04741,-0.00405,0.99525,-0.09397,-0.02338,-0.02490,0.99499,1.00
4055,-0.00795,0.02219,-0.02329,0.99945,-0.08531,-0.02014,-0.00172,0.99615,-0.09369,0.00395,-0.02287,0.99533,1.00,-0.08491,-0.04744,-0.00405,0.99525,-0.09397,-0.02338,-0.02496,0.99499,1.00
4066,-0.00806,0.02217,-0.02330,0.99945,-0.08520,-0.02012,-0.00172,0.99616,-0.09369,0.00394,-0.02288,0.99533,1.00,-0.08480,-0.04742,-0.00404,0.99526,-0.09397,-0.02338,-0.02497,0.99499,1.00
4077,-0.00820,0.02219,-0.02335,0.99945,-0.08517,-0.01876,-0.00160,0.99619,-0.09377,0.00532,-0.02282,0.99532,1.00,-0.08479,-0.04606,-0.00392,0.99533,-0.09406,-0.02201,-0.02490,0.99501,1.00
4088,-0.00845,0.02224,-0.02325,0.99945,-0.08492,-0.01880,-0.00160,0.99621,-0.09376,0.00533,-0.02272,0.99532,1.00,-0.08454,-0.04610,-0.00392,0.99535,-0.09407,-0.02200,-0.02479,0.99501,1.00
4100,-0.00867,0.02225,-0.02330,0.99944,-0.08470,-0.01881,-0.00160,0.99623,-0.09376,0.00533,-0.02277,0.99532,1.00,-0.08432,-0.04611,-0.00391,0.99536,-0.09407,-0.02200,-0.02482,0.99501,1.00
4111,-0.00876,0.02233,-0.02331,0.99944,-0.08687,-0.01883,-0.00164,0.99604,-0.09602,0.00543,-0.02275,0.99510,1.00,-0.08649,-0.04615,-0.00401,0.99518,-0.09632,-0.02192,-0.02487,0.99480,1.00
4122,-0.00887,0.02235,-0.02346,0.99944,-0.08676,-0.01888,-0.00164,0.99605,-0.09603,0.00541,-0.02290,0.99510,1.00,-0.08636,-0.04619,-0.00401,0.99518,-0.09632,-0.02194,-0.02501,0.99479,1.00
4133,-0.00893,0.02238,-0.02351,0.99943,-0.08670,-0.01892,-0.00165,0.99605,-0.09603,0.00541,-0.02296,0.99510,1.00,-0.08630,-0.04624,-0.00401,0.99519,-0.09632,-0.02194,-0.02506,0.99479,1.00
4144,-0.00902,0.02248,-0.02359,0.99943,-0.08701,-0.01894,-0.00165,0.99603,-0.09643,0.00551,-0.02303,0.99506,1.00,-0.08662,-0.04625,-0.00403,0.99516,-0.09672,-0.02184,-0.02514,0.99475,1.00
4155,-0.00905,0.02250,-0.02358,0.99943,-0.08698,-0.01895,-0.00165,0.99603,-0.09643,0.00551,-0.02301,0.99506,1.00,-0.08659,-0.04626,-0.00403,0.99516,-0.09672,-0.02184,-0.02512,0.99475,1.00
4166,-0.00913,0.02257,-0.02362,0.99942,-0.08690,-0.01903,-0.00166,0.99603,-0.09643,0.00550,-0.02305,0.99506,1.00,-0.08651,-0.04634,-0.00403,0.99516,-0.09672,-0.02184,-0.02515,0.99475,1.00
4178,-0.00914,0.02262,-0.02367,0.99942,-0.08491,-0.01799,-0.00153,0.99623,-0.09443,0.00655,-0.02303,0.99524,1.00,-0.08454,-0.04529,-0.00385,0.99538,-0.09475,-0.02078,-0.02508,0.99497,1.00
4189,-0.00915,0.02270,-0.02368,0.99942,-0.08490,-0.01807,-0.00154,0.99622,-0.09443,0.00655,-0.02304,0.99524,1.00,-0.08453,-0.04537,-0.00385,0.99538,-0.09475,-0.02078,-0.02509,0.99497,1.00
4200,-0.00918,0.02273,-0.02368,0.99942,-0.08487,-0.01810,-0.00154,0.99623,-0.09443,0.00655,-0.02304,0.99524,1.00,-0.08450,-0.04540,-0.00385,0.99538,-0.09475,-0.02078,-0.02509,0.99497,1.00
4211,-0.00920,0.02283,-0.02355,0.99942,-0.08502,-0.01799,-0.00154,0.99622,-0.09460,0.00675,-0.02289,0.99523,1.00,-0.08467,-0.04530,-0.00385,0.99537,-0.09493,-0.02059,-0.02494,0.99496,1.00
4222,-0.00922,0.02297,-0.02349,0.99942,-0.08500,-0.01812,-0.00155,0.99622,-0.09460,0.00675,-0.02283,0.99523,1.00,-0.08464,-0.04543,-0.00386,0.99537,-0.09493,-0.02059,-0.02488,0.99496,1.00
4233,-0.00920,0.02307,-0.02341,0.99942,-0.08501,-0.01822,-0.00155,0.99621,-0.09460,0.00676,-0.02275,0.99523,1.00,-0.08466,-0.04552,-0.00387,0.99536,-0.09493,-0.02058,-0.02480,0.99496,1.00
4244,-0.00923,0.02324,-0.02336,0.99941,-0.08553,-0.01989,-0.00171,0.99614,-0.09517,0.00526,-0.02281,0.99519,1.00,-0.08516,-0.04719,-0.00404,0.99524,-0.09548,-0.02208,-0.02487,0.99488,1.00
4255,-0.00921,0.02334,-0.02338,0.99941,-0.08554,-0.01999,-0.00172,0.99613,-0.09517,0.00526,-0.02282,0.99519,1.00,-0.08517,-0.04729,-0.00405,0.99524,-0.09548,-0.02208,-0.02489,0.99487,1.00
4267,-0.00917,0.02344,-0.02338,0.99941,-0.08558,-0.02009,-0.00173,0.99613,-0.09517,0.00526,-0.02283,0.99519,1.00,-0.08520,-0.04739,-0.00406,0.99523,-0.09548,-0.02208,-0.02489,0.99487,1.00
4278,-0.00916,0.02347,-0.02338,0.99941,-0.08564,-0.01983,-0.00170,0.99613,-0.09521,0.00555,-0.02280,0.99518,1.00,-0.08526,-0.04713,-0.00404,0.99524,-0.09552,-0.02178,-0.02487,0.99488,1.00
4289,-0.00913,0.02347,-0.02338,0.99941,-0.08566,-0.01983,-0.00171,0.99613,-0.09521,0.00555,-0.02281,0.99518,1.00,-0.08528,-0.04713,-0.00404,0.99523,-0.09552,-0.02179,-0.02488,0.99488,1.00
4300,-0.00909,0.02344,-0.02344,0.99941,-0.08570,-0.01981,-0.00170,0.99612,-0.09521,0.00555,-0.02287,0.99518,1.00,-0.08532,-0.04711,-0.00404,0.99523,-0.09552,-0.02179,-0.02494,0.99488,1.00
4311,-0.00901,0.02339,-0.02348,0.99941,-0.08709,-0.01917,-0.00168,0.99601,-0.09651,0.00617,-0.02286,0.99505,1.00,-0.08671,-0.04648,-0.00405,0.99514,-0.09681,-0.02118,-0.02497,0.99476,1.00
4322,-0.00900,0.02333,-0.02353,0.99941,-0.08711,-0.01912,-0.00167,0.99601,-0.09651,0.00616,-0.02290,0.99505,1.00,-0.08672,-0.04644,-0.00405,0.99514,-0.09681,-0.02119,-0.02502,0.99476,1.00
4333,-0.00905,0.02326,-0.02351,0.99941,-0.08706,-0.01905,-0.00166,0.99602,-0.09651,0.00617,-0.02288,0.99505,1.00,-0.08667,-0.04636,-0.00404,0.99515,-0.09681,-0.02118,-0.02499,0.99476,1.00
4345,-0.00903,0.02325,-0.02358,0.99941,-0.08441,-0.01903,-0.00161,0.99625,-0.09385,0.00613,-0.02297,0.99530,1.00,-0.08403,-0.04632,-0.00391,0.99538,-0.09416,-0.02120,-0.02501,0.99502,1.00
4356,-0.00896,0.02323,-0.02374,0.99941,-0.08448,-0.01904,-0.00161,0.99624,-0.09385,0.00611,-0.02313,0.99530,1.00,-0.08409,-0.04633,-0.00391,0.99537,-0.09415,-0.02122,-0.02517,0.99501,1.00
4367,-0.00886,0.02327,-0.02406,0.99940,-0.08458,-0.01913,-0.00162,0.99623,-0.09385,0.00608,-0.02346,0.99529,1.00,-0.08417,-0.04643,-0.00393,0.99536,-0.09415,-0.02125,-0.02550,0.99501,1.00
4378,-0.00874,0.02332,-0.02404,0.99940,-0.08721,-0.02063,-0.00181,0.99597,-0.09640,0.00469,-0.02354,0.99505,1.00,-0.08679,-0.04794,-0.00418,0.99506,-0.09668,-0.02266,-0.02566,0.99473,1.00
4389,-0.00866,0.02334,-0.02403,0.99940,-0.08729,-0.02065,-0.00181,0.99597,-0.09640,0.00469,-0.02353,0.99505,1.00,-0.08687,-0.04796,-0.00419,0.99506,-0.09668,-0.02266,-0.02565,0.99473,1.00
4400,-0.00850,0.02331,-0.02384,0.99941,-0.08746,-0.02059,-0.00181,0.99595,-0.09640,0.00471,-0.02333,0.99506,1.00,-0.08704,-0.04790,-0.00419,0.99504,-0.09669,-0.02264,-0.02547,0.99473,1.00
4412,-0.00839,0.02333,-0.02353,0.99942,-0.08602,-0.02048,-0.00177,0.99608,-0.09485,0.00478,-0.02302,0.99521,1.00,-0.08564,-0.04778,-0.00411,0.99517,-0.09516,-0.02255,-0.02512,0.99489,1.00
4422,-0.00835,0.02324,-0.02329,0.99942,-0.08607,-0.02035,-0.00176,0.99608,-0.09485,0.00480,-0.02279,0.99522,1.00,-0.08571,-0.04765,-0.00410,0.99517,-0.09517,-0.02253,-0.02489,0.99489,1.00
4434,-0.00843,0.02324,-0.02322,0.99942,-0.08599,-0.02033,-0.00175,0.99609,-0.09485,0.00481,-0.02271,0.99522,1.00,-0.08563,-0.04763,-0.00410,0.99518,-0.09517,-0.02252,-0.02481,0.99490,1.00
4445,-0.00872,0.02325,-0.02314,0.99942,-0.08600,-0.02022,-0.00175,0.99609,-0.09515,0.00493,-0.02262,0.99519,1.00,-0.08563,-0.04752,-0.00409,0.99518,-0.09546,-0.02241,-0.02471,0.99487,1.00
4456,-0.00891,0.02322,-0.02320,0.99942,-0.08581,-0.02020,-0.00174,0.99611,-0.09515,0.00492,-0.02268,0.99519,1.00,-0.08544,-0.04750,-0.00408,0.99520,-0.09545,-0.02241,-0.02476,0.99487,1.00
4467,-0.00896,0.02324,-0.02322,0.99942,-0.08577,-0.02022,-0.00174,0.99611,-0.09515,0.00492,-0.02270,0.99519,1.00,-0.08539,-0.04752,-0.00408,0.99521,-0.09545,-0.02241,-0.02478,0.99487,1.00
4478,-0.00904,0.02324,-0.02322,0.99942,-0.08524,-0.01830,-0.00157,0.99619,-0.09466,0.00683,-0.02255,0.99523,1.00,-0.08488,-0.04561,-0.00389,0.99534,-0.09498,-0.02051,-0.02462,0.99496,1.00
4489,-0.00910,0.02320,-0.02327,0.99942,-0.08518,-0.01826,-0.00156,0.99620,-0.09466,0.00682,-0.02260,0.99523,1.00,-0.08482,-0.04557,-0.00388,0.99535,-0.09498,-0.02051,-0.02466,0.99496,1.00
4501,-0.00914,0.02316,-0.02327,0.99942,-0.08515,-0.01823,-0.00156,0.99620,-0.09466,0.00682,-0.02260,0.99523,1.00,-0.08478,-0.04553,-0.00388,0.99535,-0.09498,-0.02051,-0.02466,0.99496,1.00
4512,-0.00911,0.02312,-0.02338,0.99942,-0.08446,-0.02025,-0.00172,0.99622,-0.09400,0.00476,-0.02287,0.99530,1.00,-0.08407,-0.04754,-0.00402,0.99532,-0.09429,-0.02257,-0.02491,0.99498,1.00
4523,-0.00903,0.02310,-0.02355,0.99941,-0.08453,-0.02026,-0.00172,0.99621,-0.09400,0.00474,-0.02305,0.99529,1.00,-0.08413,-0.04755,-0.00402,0.99531,-0.09428,-0.02259,-0.02509,0.99497,1.00
4534,-0.00900,0.02307,-0.02373,0.99941,-0.08456,-0.02027,-0.00172,0.99621,-0.09400,0.00472,-0.02323,0.99529,1.00,-0.08415,-0.04756,-0.00402,0.99531,-0.09428,-0.02260,-0.02527,0.99497,1.00
4545,-0.00899,0.02306,-0.02383,0.99941,-0.08466,-0.01865,-0.00158,0.99623,-0.09406,0.00634,-0.02320,0.99528,1.00,-0.08427,-0.04595,-0.00389,0.99538,-0.09436,-0.02099,-0.02525,0.99500,1.00
4556,-0.00910,0.02301,-0.02382,0.99941,-0.08456,-0.01859,-0.00158,0.99624,-0.09406,0.00634,-0.02320,0.99528,1.00,-0.08417,-0.04589,-0.00388,0.99539,-0.09436,-0.02099,-0.02524,0.99500,1.00
4567,-0.00928,0.02311,-0.02371,0.99941,-0.08438,-0.01866,-0.00158,0.99626,-0.09406,0.00636,-0.02308,0.99528,1.00,-0.08400,-0.04596,-0.00388,0.99540,-0.09436,-0.02098,-0.02511,0.99500,1.00
4579,-0.00922,0.02317,-0.02354,0.99941,-0.08516,-0.02024,-0.00173,0.99616,-0.09480,0.00484,-0.02302,0.99522,1.00,-0.08477,-0.04754,-0.00405,0.99526,-0.09511,-0.02249,-0.02507,0.99490,1.00
4589,-0.00900,0.02318,-0.02347,0.99942,-0.08537,-0.02025,-0.00174,0.99614,-0.09480,0.00485,-0.02295,0.99522,1.00,-0.08499,-0.04754,-0.00406,0.99524,-0.09511,-0.02249,-0.02501,0.99490,1.00
4600,-0.00873,0.02322,-0.02349,0.99942,-0.08564,-0.02030,-0.00174,0.99612,-0.09480,0.00484,-0.02298,0.99522,1.00,-0.08526,-0.04759,-0.00408,0.99521,-0.09511,-0.02249,-0.02506,0.99490,1.00
4612,-0.00848,0.02329,-0.02360,0.99941,-0.08586,-0.02035,-0.00175,0.99610,-0.09477,0.00487,-0.02309,0.99522,1.00,-0.08546,-0.04765,-0.00409,0.99519,-0.09507,-0.02246,-0.02518,0.99490,1.00
4623,-0.00833,0.02324,-0.02367,0.99942,-0.08600,-0.02031,-0.00175,0.99609,-0.09477,0.00487,-0.02316,0.99522,1.00,-0.08561,-0.04761,-0.00410,0.99518,-0.09507,-0.02247,-0.02526,0.99490,1.00
4634,-0.00826,0.02327,-0.02385,0.99941,-0.08607,-0.02038,-0.00176,0.99608,-0.09477,0.00485,-0.02335,0.99521,1.00,-0.08566,-0.04768,-0.00410,0.99517,-0.09506,-0.02249,-0.02545,0.99489,1.00
4645,-0.00813,0.02325,-0.02384,0.99941,-0.08563,-0.02029,-0.00174,0.99612,-0.09421,0.00491,-0.02333,0.99527,1.00,-0.08523,-0.04759,-0.00408,0.99522,-0.09450,-0.02242,-0.02543,0.99495,1.00
4656,-0.00807,0.02319,-0.02382,0.99941,-0.08570,-0.02022,-0.00174,0.99611,-0.09421,0.00491,-0.02331,0.99527,1.00,-0.08529,-0.04752,-0.00407,0.99521,-0.09450,-0.02242,-0.02541,0.99495,1.00
4667,-0.00803,0.02319,-0.02376,0.99942,-0.08574,-0.02022,-0.00174,0.99611,-0.09421,0.00492,-0.02325,0.99527,1.00,-0.08534,-0.04752,-0.00408,0.99521,-0.09451,-0.02242,-0.02535,0.99495,1.00
4679,-0.00802,0.02320,-0.02376,0.99942,-0.08539,-0.02092,-0.00179,0.99613,-0.09387,0.00421,-0.02332,0.99530,1.00,-0.08499,-0.04822,-0.00412,0.99521,-0.09417,-0.02312,-0.02541,0.99496,1.00
4689,-0.00798,0.02318,-0.02376,0.99942,-0.08543,-0.02090,-0.00179,0.99612,-0.09387,0.00421,-0.02331,0.99530,1.00,-0.08503,-0.04820,-0.00412,0.99520,-0.09417,-0.02312,-0.02541,0.99496,1.00
4701,-0.00788,0.02318,-0.02375,0.99942,-0.08554,-0.02091,-0.00180,0.99611,-0.09387,0.00421,-0.02331,0.99530,1.00,-0.08514,-0.04820,-0.00412,0.99519,-0.09417,-0.02312,-0.02541,0.99496,1.00
4712,-0.00771,0.02318,-0.02372,0.99942,-0.08657,-0.02139,-0.00186,0.99601,-0.09475,0.00375,-0.02332,0.99522,1.00,-0.08616,-0.04869,-0.00422,0.99508,-0.09504,-0.02359,-0.02545,0.99487,1.00
4723,-0.00740,0.02307,-0.02360,0.99943,-0.08688,-0.02127,-0.00186,0.99599,-0.09475,0.00376,-0.02320,0.99522,1.00,-0.08648,-0.04858,-0.00422,0.99506,-0.09504,-0.02358,-0.02535,0.99487,1.00
4734,-0.00729,0.02306,-0.02373,0.99943,-0.08699,-0.02128,-0.00186,0.99598,-0.09475,0.00374,-0.02334,0.99522,1.00,-0.08658,-0.04859,-0.00423,0.99505,-0.09503,-0.02359,-0.02549,0.99487,1.00
4746,-0.00729,0.02298,-0.02377,0.99943,-0.08699,-0.02122,-0.00185,0.99598,-0.09475,0.00374,-0.02337,0.99522,1.00,-0.08657,-0.04852,-0.00422,0.99505,-0.09503,-0.02359,-0.02553,0.99487,1.00
4756,-0.00719,0.02291,-0.02369,0.99943,-0.08676,-0.02118,-0.00185,0.99600,-0.09442,0.00369,-0.02330,0.99525,1.00,-0.08635,-0.04848,-0.00421,0.99508,-0.09470,-0.02364,-0.02545,0.99490,1.00
4767,-0.00707,0.02281,-0.02362,0.99944,-0.08688,-0.02107,-0.00184,0.99599,-0.09442,0.00370,-0.02323,0.99525,1.00,-0.08647,-0.04837,-0.00420,0.99507,-0.09470,-0.02364,-0.02539,0.99490,1.00
4779,-0.00695,0.02279,-0.02351,0.99944,-0.08705,-0.02116,-0.00185,0.99598,-0.09446,0.00359,-0.02314,0.99525,1.00,-0.08665,-0.04846,-0.00422,0.99505,-0.09475,-0.02375,-0.02530,0.99490,1.00
4790,-0.00685,0.02262,-0.02345,0.99945,-0.08716,-0.02097,-0.00184,0.99597,-0.09446,0.00360,-0.02307,0.99526,1.00,-0.08676,-0.04828,-0.00421,0.99505,-0.09475,-0.02374,-0.02525,0.99490,1.00
4801,-0.00682,0.02259,-0.02332,0.99945,-0.08718,-0.02093,-0.00183,0.99597,-0.09446,0.00361,-0.02294,0.99526,1.00,-0.08679,-0.04823,-0.00421,0.99505,-0.09475,-0.02373,-0.02512,0.99490,1.00
4812,-0.00683,0.02253,-0.02319,0.99945,-0.08634,-0.02066,-0.00179,0.99605,-0.09361,0.00378,-0.02280,0.99534,1.00,-0.08596,-0.04796,-0.00414,0.99514,-0.09391,-0.02355,-0.02495,0.99499,1.00
4823,-0.00684,0.02247,-0.02305,0.99946,-0.08633,-0.02057,-0.00178,0.99605,-0.09361,0.00379,-0.02266,0.99534,1.00,-0.08596,-0.04787,-0.00414,0.99514,-0.09392,-0.02354,-0.02482,0.99499,1.00
4834,-0.00676,0.02246,-0.02301,0.99946,-0.08641,-0.02056,-0.00178,0.99605,-0.09361,0.00380,-0.02263,0.99534,1.00,-0.08604,-0.04786,-0.00414,0.99513,-0.09392,-0.02353,-0.02478,0.99499,1.00
4846,-0.00665,0.02244,-0.02297,0.99946,-0.08634,-0.01976,-0.00171,0.99607,-0.09341,0.00457,-0.02253,0.99536,1.00,-0.08597,-0.04706,-0.00407,0.99518,-0.09371,-0.02276,-0.02468,0.99503,1.00
4856,-0.00650,0.02245,-0.02299,0.99946,-0.08648,-0.01977,-0.00172,0.99606,-0.09341,0.00457,-0.02254,0.99536,1.00,-0.08611,-0.04708,-0.00407,0.99516,-0.09371,-0.02276,-0.02471,0.99503,1.00
4868,-0.00638,0.02240,-0.02292,0.99947,-0.08661,-0.01972,-0.00171,0.99605,-0.09341,0.00458,-0.02248,0.99536,1.00,-0.08624,-0.04703,-0.00408,0.99516,-0.09371,-0.02276,-0.02465,0.99503,1.00
4879,-0.00629,0.02245,-0.02280,0.99947,-0.08629,-0.01976,-0.00171,0.99607,-0.09300,0.00457,-0.02236,0.99540,1.00,-0.08592,-0.04707,-0.00406,0.99518,-0.09330,-0.02276,-0.02453,0.99508,1.00
4890,-0.00632,0.02242,-0.02258,0.99947,-0.08627,-0.01969,-0.00170,0.99608,-0.09300,0.00459,-0.02213,0.99541,1.00,-0.08591,-0.04699,-0.00406,0.99519,-0.09330,-0.02274,-0.02430,0.99508,1.00
4901,-0.00632,0.02243,-0.02249,0.99948,-0.08627,-0.01968,-0.00170,0.99608,-0.09300,0.00460,-0.02204,0.99541,1.00,-0.08592,-0.04699,-0.00406,0.99519,-0.09330,-0.02273,-0.02421,0.99508,1.00
4913,-0.00628,0.02242,-0.02244,0.99948,-0.08607,-0.01976,-0.00171,0.99609,-0.09276,0.00450,-0.02200,0.99544,1.00,-0.08570,-0.04706,-0.00405,0.99520,-0.09305,-0.02283,-0.02416,0.99511,1.00
4923,-0.00625,0.02237,-0.02244,0.99948,-0.08610,-0.01971,-0.00170,0.99609,-0.09276,0.00450,-0.02200,0.99544,1.00,-0.08574,-0.04701,-0.00405,0.99520,-0.09305,-0.02283,-0.02417,0.99511,1.00
4935,-0.00627,0.02232,-0.02248,0.99948,-0.08608,-0.01967,-0.00170,0.99609,-0.09276,0.00450,-0.02204,0.99543,1.00,-0.08571,-0.04697,-0.00405,0.99520,-0.09305,-0.02283,-0.02420,0.99511,1.00
4946,-0.00636,0.02222,-0.02248,0.99948,-0.08577,-0.01966,-0.00169,0.99612,-0.09254,0.00440,-0.02205,0.99546,1.00,-0.08539,-0.04696,-0.00403,0.99523,-0.09282,-0.02293,-0.02420,0.99512,1.00
4957,-0.00653,0.02215,-0.02242,0.99948,-0.08560,-0.01958,-0.00168,0.99614,-0.09254,0.00440,-0.02199,0.99546,1.00,-0.08522,-0.04688,-0.00401,0.99525,-0.09282,-0.02293,-0.02414,0.99513,1.00
4968,-0.00681,0.02211,-0.02232,0.99948,-0.08533,-0.01952,-0.00167,0.99616,-0.09254,0.00441,-0.02189,0.99546,1.00,-0.08496,-0.04682,-0.00400,0.99528,-0.09282,-0.02291,-0.02401,0.99513,1.00
4980,-0.00704,0.02218,-0.02232,0.99948,-0.08485,-0.02024,-0.00172,0.99619,-0.09231,0.00374,-0.02193,0.99548,1.00,-0.08447,-0.04753,-0.00403,0.99528,-0.09258,-0.02358,-0.02404,0.99514,1.00
4990,-0.00725,0.02221,-0.02234,0.99948,-0.08464,-0.02028,-0.00172,0.99620,-0.09231,0.00374,-0.02195,0.99548,1.00,-0.08426,-0.04757,-0.00403,0.99530,-0.09258,-0.02358,-0.02404,0.99514,1.00
5001,-0.00740,0.02234,-0.02252,0.99947,-0.08449,-0.02043,-0.00173,0.99621,-0.09231,0.00372,-0.02213,0.99548,1.00,-0.08410,-0.04772,-0.00403,0.99531,-0.09258,-0.02360,-0.02422,0.99513,1.00
5013,-0.00750,0.02247,-0.02277,0.99946,-0.08480,-0.02073,-0.00176,0.99618,-0.09273,0.00358,-0.02239,0.99543,1.00,-0.08438,-0.04802,-0.00407,0.99527,-0.09299,-0.02374,-0.02448,0.99508,1.00
5024,-0.00765,0.02263,-0.02294,0.99945,-0.08464,-0.02092,-0.00178,0.99619,-0.09273,0.00356,-0.02255,0.99543,1.00,-0.08422,-0.04821,-0.00408,0.99527,-0.09298,-0.02376,-0.02463,0.99508,1.00
5035,-0.00774,0.02280,-0.02301,0.99945,-0.08454,-0.02109,-0.00179,0.99619,-0.09273,0.00356,-0.02262,0.99543,1.00,-0.08412,-0.04838,-0.00409,0.99527,-0.09298,-0.02376,-0.02469,0.99508,1.00
5046,-0.00788,0.02295,-0.02298,0.99944,-0.08433,-0.02103,-0.00178,0.99621,-0.09266,0.00377,-0.02257,0.99543,1.00,-0.08392,-0.04832,-0.00407,0.99529,-0.09292,-0.02355,-0.02464,0.99509,1.00
5057,-0.00792,0.02312,-0.02288,0.99944,-0.08429,-0.02118,-0.00179,0.99621,-0.09266,0.00378,-0.02247,0.99544,1.00,-0.08389,-0.04846,-0.00408,0.99529,-0.09293,-0.02354,-0.02453,0.99509,1.00
5068,-0.00790,0.02319,-0.02267,0.99944,-0.08431,-0.02121,-0.00179,0.99621,-0.09266,0.00380,-0.02225,0.99544,1.00,-0.08392,-0.04850,-0.00409,0.99528,-0.09293,-0.02352,-0.02432,0.99510,1.00
5079,-0.00793,0.02330,-0.02249,0.99944,-0.08601,-0.01814,-0.00157,0.99613,-0.09431,0.00701,-0.02182,0.99528,1.00,-0.08567,-0.04545,-0.00391,0.99528,-0.09463,-0.02034,-0.02393,0.99502,1.00
5090,-0.00791,0.02341,-0.02238,0.99944,-0.08603,-0.01823,-0.00157,0.99612,-0.09431,0.00702,-0.02171,0.99528,1.00,-0.08569,-0.04554,-0.00392,0.99527,-0.09463,-0.02033,-0.02383,0.99502,1.00
5102,-0.00795,0.02344,-0.02246,0.99944,-0.08599,-0.01827,-0.00158,0.99613,-0.09431,0.00701,-0.02179,0.99528,1.00,-0.08565,-0.04558,-0.00392,0.99527,-0.09463,-0.02034,-0.02390,0.99502,1.00
5113,-0.00804,0.02346,-0.02241,0.99944,-0.08476,-0.01796,-0.00153,0.99624,-0.09317,0.00730,-0.02172,0.99539,1.00,-0.08441,-0.04527,-0.00384,0.99539,-0.09348,-0.02003,-0.02380,0.99514,1.00
5124,-0.00816,0.02338,-0.02235,0.99944,-0.08465,-0.01788,-0.00152,0.99625,-0.09316,0.00731,-0.02166,0.99539,1.00,-0.08431,-0.04518,-0.00383,0.99541,-0.09348,-0.02003,-0.02373,0.99514,1.00
5135,-0.00831,0.02334,-0.02225,0.99945,-0.08451,-0.01781,-0.00151,0.99626,-0.09316,0.00732,-0.02156,0.99539,1.00,-0.08417,-0.04512,-0.00381,0.99542,-0.09348,-0.02002,-0.02362,0.99514,1.00
5146,-0.00846,0.02327,-0.02212,0.99945,-0.08584,-0.02045,-0.00176,0.99610,-0.09472,0.00462,-0.02162,0.99526,1.00,-0.08546,-0.04775,-0.00410,0.99519,-0.09499,-0.02271,-0.02372,0.99494,1.00
5157,-0.00848,0.02325,-0.02210,0.99945,-0.08583,-0.02043,-0.00176,0.99610,-0.09472,0.00462,-0.02160,0.99526,1.00,-0.08545,-0.04773,-0.00410,0.99519,-0.09499,-0.02271,-0.02370,0.99494,1.00
5168,-0.00849,0.02320,-0.02212,0.99945,-0.08582,-0.02039,-0.00176,0.99610,-0.09472,0.00462,-0.02162,0.99526,1.00,-0.08544,-0.04769,-0.00409,0.99519,-0.09499,-0.02271,-0.02371,0.99494,1.00
5181,-0.00839,0.02320,-0.02221,0.99945,-0.08470,-0.02048,-0.00174,0.99619,-0.09350,0.00451,-0.02172,0.99537,1.00,-0.08431,-0.04777,-0.00405,0.99529,-0.09377,-0.02281,-0.02379,0.99505,1.00
5191,-0.00833,0.02316,-0.02231,0.99945,-0.08476,-0.02045,-0.00174,0.99619,-0.09350,0.00450,-0.02183,0.99537,1.00,-0.08436,-0.04774,-0.00405,0.99528,-0.09377,-0.02282,-0.02390,0.99505,1.00
5202,-0.00836,0.02312,-0.02250,0.99944,-0.08473,-0.02045,-0.00174,0.99619,-0.09351,0.00448,-0.02202,0.99537,1.00,-0.08432,-0.04774,-0.00404,0.99529,-0.09376,-0.02284,-0.02408,0.99504,1.00
5213,-0.00850,0.02309,-0.02265,0.99944,-0.08464,-0.01944,-0.00165,0.99622,-0.09354,0.00547,-0.02209,0.99536,1.00,-0.08424,-0.04674,-0.00396,0.99534,-0.09381,-0.02186,-0.02415,0.99506,1.00
5224,-0.00895,0.02316,-0.02274,0.99943,-0.08419,-0.01952,-0.00165,0.99626,-0.09354,0.00546,-0.02218,0.99535,1.00,-0.08379,-0.04681,-0.00394,0.99538,-0.09381,-0.02186,-0.02422,0.99506,1.00
5235,-0.00934,0.02319,-0.02280,0.99943,-0.08380,-0.01955,-0.00164,0.99629,-0.09354,0.00546,-0.02223,0.99535,1.00,-0.08340,-0.04684,-0.00392,0.99541,-0.09380,-0.02187,-0.02425,0.99506,1.00
5247,-0.00980,0.02333,-0.02301,0.99941,-0.08293,-0.01974,-0.00164,0.99636,-0.09313,0.00542,-0.02244,0.99539,1.00,-0.08253,-0.04702,-0.00390,0.99547,-0.09340,-0.02190,-0.02441,0.99509,1.00
5258,-0.01052,0.02358,-0.02309,0.99940,-0.08220,-0.01997,-0.00165,0.99641,-0.09313,0.00541,-0.02250,0.99538,1.00,-0.08180,-0.04725,-0.00388,0.99552,-0.09340,-0.02191,-0.02444,0.99509,1.00
5269,-0.01130,0.02386,-0.02295,0.99939,-0.08142,-0.02021,-0.00165,0.99647,-0.09313,0.00542,-0.02235,0.99539,1.00,-0.08102,-0.04749,-0.00386,0.99557,-0.09341,-0.02189,-0.02425,0.99509,1.00
5280,-0.01182,0.02412,-0.02290,0.99938,-0.08217,-0.02026,-0.00167,0.99641,-0.09440,0.00565,-0.02227,0.99527,1.00,-0.08179,-0.04754,-0.00391,0.99551,-0.09469,-0.02166,-0.02417,0.99498,1.00
5291,-0.01203,0.02449,-0.02293,0.99936,-0.08195,-0.02062,-0.00170,0.99642,-0.09440,0.00565,-0.02229,0.99527,1.00,-0.08157,-0.04789,-0.00392,0.99551,-0.09469,-0.02166,-0.02418,0.99498,1.00
5302,-0.01199,0.02464,-0.02307,0.99936,-0.08199,-0.02080,-0.00171,0.99642,-0.09440,0.00564,-0.02243,0.99527,1.00,-0.08160,-0.04807,-0.00394,0.99550,-0.09469,-0.02168,-0.02432,0.99497,1.00
5314,-0.01198,0.02473,-0.02310,0.99936,-0.08256,-0.02164,-0.00179,0.99635,-0.09499,0.00490,-0.02251,0.99521,1.00,-0.08216,-0.04892,-0.00404,0.99541,-0.09527,-0.02242,-0.02441,0.99490,1.00
5324,-0.01205,0.02472,-0.02318,0.99935,-0.08249,-0.02165,-0.00179,0.99636,-0.09499,0.00489,-0.02258,0.99521,1.00,-0.08209,-0.04892,-0.00403,0.99542,-0.09527,-0.02243,-0.02448,0.99490,1.00
5336,-0.01208,0.02464,-0.02314,0.99936,-0.08246,-0.02156,-0.00178,0.99636,-0.09499,0.00489,-0.02255,0.99521,1.00,-0.08206,-0.04883,-0.00403,0.99542,-0.09527,-0.02242,-0.02445,0.99490,1.00
5347,-0.01231,0.02452,-0.02297,0.99936,-0.08297,-0.02184,-0.00182,0.99631,-0.09573,0.00449,-0.02240,0.99514,1.00,-0.08258,-0.04911,-0.00407,0.99537,-0.09601,-0.02283,-0.02431,0.99482,1.00
5358,-0.01273,0.02434,-0.02276,0.99936,-0.08257,-0.02161,-0.00179,0.99635,-0.09573,0.00451,-0.02218,0.99515,1.00,-0.08219,-0.04888,-0.00404,0.99541,-0.09602,-0.02280,-0.02406,0.99483,1.00
5369,-0.01316,0.02415,-0.02244,0.99937,-0.08215,-0.02136,-0.00176,0.99639,-0.09573,0.00454,-0.02185,0.99516,1.00,-0.08179,-0.04862,-0.00399,0.99546,-0.09602,-0.02277,-0.02371,0.99484,1.00
5381,-0.01361,0.02392,-0.02231,0.99937,-0.08083,-0.02372,-0.00192,0.99644,-0.09492,0.00191,-0.02190,0.99524,1.00,-0.08045,-0.05097,-0.00412,0.99545,-0.09518,-0.02538,-0.02371,0.99485,1.00
5391,-0.01405,0.02371,-0.02257,0.99937,-0.08039,-0.02355,-0.00190,0.99648,-0.09492,0.00189,-0.02215,0.99524,1.00,-0.08000,-0.05079,-0.00408,0.99549,-0.09518,-0.02540,-0.02394,0.99485,1.00
5402,-0.01432,0.02341,-0.02293,0.99936,-0.08012,-0.02330,-0.00187,0.99651,-0.09492,0.00185,-0.02251,0.99523,1.00,-0.07971,-0.05054,-0.00405,0.99553,-0.09517,-0.02543,-0.02428,0.99484,1.00
5414,-0.01442,0.02310,-0.02312,0.99936,-0.07994,-0.02084,-0.00167,0.99658,-0.09478,0.00402,-0.02256,0.99523,1.00,-0.07953,-0.04809,-0.00384,0.99566,-0.09504,-0.02328,-0.02432,0.99490,1.00
5425,-0.01441,0.02272,-0.02312,0.99937,-0.07996,-0.02046,-0.00164,0.99659,-0.09478,0.00402,-0.02257,0.99523,1.00,-0.07955,-0.04771,-0.00381,0.99568,-0.09504,-0.02328,-0.02433,0.99490,1.00
5436,-0.01442,0.02233,-0.02307,0.99938,-0.07995,-0.02006,-0.00161,0.99660,-0.09478,0.00402,-0.02253,0.99524,1.00,-0.07955,-0.04732,-0.00378,0.99570,-0.09504,-0.02327,-0.02429,0.99491,1.00
5447,-0.01446,0.02210,-0.02323,0.99938,-0.07905,-0.02141,-0.00170,0.99664,-0.09395,0.00244,-0.02279,0.99531,1.00,-0.07865,-0.04865,-0.00384,0.99571,-0.09421,-0.02485,-0.02453,0.99494,1.00
5458,-0.01455,0.02185,-0.02324,0.99939,-0.07897,-0.02116,-0.00168,0.99665,-0.09395,0.00244,-0.02281,0.99531,1.00,-0.07857,-0.04841,-0.00382,0.99573,-0.09421,-0.02485,-0.02454,0.99494,1.00
5470,-0.01476,0.02166,-0.02326,0.99939,-0.07877,-0.02097,-0.00166,0.99667,-0.09395,0.00244,-0.02282,0.99531,1.00,-0.07836,-0.04822,-0.00379,0.99575,-0.09421,-0.02485,-0.02455,0.99494,1.00
5481,-0.01497,0.02162,-0.02324,0.99938,-0.07759,-0.02125,-0.00165,0.99676,-0.09300,0.00209,-0.02282,0.99540,1.00,-0.07721,-0.04849,-0.00376,0.99583,-0.09328,-0.02519,-0.02450,0.99502,1.00
5492,-0.01516,0.02160,-0.02332,0.99938,-0.07741,-0.02124,-0.00165,0.99677,-0.09300,0.00209,-0.02289,0.99540,1.00,-0.07702,-0.04847,-0.00375,0.99584,-0.09328,-0.02519,-0.02457,0.99502,1.00
5503,-0.01526,0.02163,-0.02340,0.99938,-0.07730,-0.02128,-0.00165,0.99678,-0.09300,0.00208,-0.02298,0.99540,1.00,-0.07691,-0.04852,-0.00375,0.99585,-0.09328,-0.02520,-0.02464,0.99502,1.00
5514,-0.01547,0.02166,-0.02341,0.99937,-0.07670,-0.02188,-0.00168,0.99681,-0.09262,0.00149,-0.02302,0.99543,1.00,-0.07632,-0.04911,-0.00376,0.99587,-0.09290,-0.02578,-0.02466,0.99504,1.00
5525,-0.01576,0.02178,-0.02339,0.99936,-0.07641,-0.02199,-0.00169,0.99683,-0.09262,0.00150,-0.02299,0.99544,1.00,-0.07603,-0.04922,-0.00376,0.99588,-0.09291,-0.02578,-0.02462,0.99504,1.00
5536,-0.01607,0.02184,-0.02314,0.99936,-0.07610,-0.02200,-0.00168,0.99686,-0.09262,0.00152,-0.02273,0.99544,1.00,-0.07574,-0.04923,-0.00374,0.99590,-0.09291,-0.02575,-0.02434,0.99504,1.00
5548,-0.01633,0.02204,-0.02305,0.99936,-0.07559,-0.02043,-0.00155,0.99693,-0.09232,0.00327,-0.02253,0.99547,1.00,-0.07525,-0.04766,-0.00360,0.99602,-0.09264,-0.02401,-0.02412,0.99512,1.00
5559,-0.01645,0.02214,-0.02300,0.99935,-0.07546,-0.02052,-0.00155,0.99694,-0.09232,0.00327,-0.02247,0.99547,1.00,-0.07513,-0.04775,-0.00360,0.99602,-0.09265,-0.02400,-0.02406,0.99512,1.00
5570,-0.01659,0.02230,-0.02307,0.99935,-0.07532,-0.02069,-0.00156,0.99694,-0.09232,0.00327,-0.02254,0.99547,1.00,-0.07499,-0.04792,-0.00361,0.99603,-0.09264,-0.02401,-0.02412,0.99512,1.00
5581,-0.01669,0.02243,-0.02312,0.99934,-0.07666,-0.01842,-0.00142,0.99689,-0.09370,0.00571,-0.02244,0.99533,1.00,-0.07633,-0.04567,-0.00350,0.99603,-0.09404,-0.02158,-0.02405,0.99504,1.00
5592,-0.01694,0.02252,-0.02318,0.99933,-0.07641,-0.01850,-0.00142,0.99690,-0.09370,0.00570,-0.02249,0.99533,1.00,-0.07608,-0.04575,-0.00349,0.99605,-0.09404,-0.02159,-0.02409,0.99504,1.00
5603,-0.01709,0.02259,-0.02309,0.99933,-0.07626,-0.01855,-0.00142,0.99691,-0.09370,0.00571,-0.02240,0.99533,1.00,-0.07593,-0.04580,-0.00349,0.99605,-0.09404,-0.02158,-0.02399,0.99505,1.00
5615,-0.01729,0.02262,-0.02301,0.99933,-0.07583,-0.02056,-0.00156,0.99691,-0.09352,0.00372,-0.02243,0.99536,1.00,-0.07549,-0.04780,-0.00362,0.99599,-0.09384,-0.02356,-0.02400,0.99502,1.00
5626,-0.01745,0.02269,-0.02299,0.99933,-0.07566,-0.02062,-0.00157,0.99692,-0.09352,0.00372,-0.02240,0.99536,1.00,-0.07532,-0.04786,-0.00362,0.99600,-0.09384,-0.02356,-0.02397,0.99502,1.00
5637,-0.01768,0.02271,-0.02295,0.99932,-0.07544,-0.02063,-0.00156,0.99694,-0.09352,0.00373,-0.02237,0.99536,1.00,-0.07510,-0.04786,-0.00361,0.99602,-0.09384,-0.02355,-0.02392,0.99502,1.00
5648,-0.01784,0.02281,-0.02288,0.99932,-0.07581,-0.02080,-0.00158,0.99690,-0.09406,0.00366,-0.02228,0.99531,1.00,-0.07547,-0.04804,-0.00364,0.99598,-0.09437,-0.02362,-0.02384,0.99497,1.00
5659,-0.01801,0.02286,-0.02291,0.99931,-0.07564,-0.02086,-0.00158,0.99692,-0.09406,0.00365,-0.02231,0.99531,1.00,-0.07530,-0.04809,-0.00364,0.99599,-0.09437,-0.02362,-0.02386,0.99497,1.00
5670,-0.01804,0.02301,-0.02318,0.99930,-0.07560,-0.02105,-0.00160,0.99692,-0.09406,0.00363,-0.02258,0.99530,1.00,-0.07524,-0.04828,-0.00365,0.99599,-0.09436,-0.02365,-0.02413,0.99496,1.00
5681,-0.01807,0.02317,-0.02337,0.99929,-0.07512,-0.02104,-0.00159,0.99695,-0.09361,0.00381,-0.02277,0.99534,1.00,-0.07475,-0.04826,-0.00362,0.99603,-0.09391,-0.02347,-0.02430,0.99501,1.00
5693,-0.01811,0.02327,-0.02352,0.99929,-0.07507,-0.02116,-0.00159,0.99695,-0.09361,0.00379,-0.02291,0.99534,1.00,-0.07470,-0.04838,-0.00363,0.99603,-0.09390,-0.02348,-0.02444,0.99500,1.00
5704,-0.01811,0.02342,-0.02353,0.99928,-0.07507,-0.02131,-0.00160,0.99695,-0.09361,0.00379,-0.02291,0.99534,1.00,-0.07469,-0.04853,-0.00364,0.99602,-0.09390,-0.02348,-0.02444,0.99500,1.00
5715,-0.01810,0.02359,-0.02353,0.99928,-0.07547,-0.01668,-0.00126,0.99701,-0.09388,0.00861,-0.02264,0.99529,1.00,-0.07515,-0.04393,-0.00331,0.99620,-0.09424,-0.01868,-0.02419,0.99508,1.00
5726,-0.01811,0.02368,-0.02338,0.99928,-0.07546,-0.01673,-0.00127,0.99701,-0.09388,0.00863,-0.02248,0.99529,1.00,-0.07515,-0.04398,-0.00332,0.99620,-0.09424,-0.01867,-0.02403,0.99508,1.00
5737,-0.01812,0.02380,-0.02320,0.99928,-0.07545,-0.01682,-0.00127,0.99701,-0.09388,0.00864,-0.02230,0.99530,1.00,-0.07515,-0.04407,-0.00332,0.99619,-0.09424,-0.01865,-0.02385,0.99509,1.00
5748,-0.01833,0.02383,-0.02313,0.99928,-0.07539,-0.01646,-0.00124,0.99702,-0.09402,0.00904,-0.02220,0.99528,1.00,-0.07510,-0.04371,-0.00329,0.99621,-0.09440,-0.01825,-0.02374,0.99508,1.00
5759,-0.01862,0.02388,-0.02306,0.99928,-0.07510,-0.01648,-0.00124,0.99704,-0.09402,0.00905,-0.02214,0.99528,1.00,-0.07481,-0.04373,-0.00328,0.99623,-0.09440,-0.01825,-0.02366,0.99509,1.00
5770,-0.01907,0.02385,-0.02297,0.99927,-0.07466,-0.01643,-0.00123,0.99707,-0.09402,0.00906,-0.02204,0.99529,1.00,-0.07438,-0.04368,-0.00326,0.99627,-0.09440,-0.01823,-0.02353,0.99509,1.00
5782,-0.01946,0.02374,-0.02282,0.99927,-0.07342,-0.01877,-0.00138,0.99712,-0.09323,0.00656,-0.02203,0.99538,1.00,-0.07312,-0.04600,-0.00338,0.99626,-0.09358,-0.02071,-0.02348,0.99512,1.00
5793,-0.01987,0.02377,-0.02282,0.99926,-0.07301,-0.01880,-0.00138,0.99715,-0.09323,0.00656,-0.02202,0.99538,1.00,-0.07271,-0.04602,-0.00336,0.99629,-0.09358,-0.02071,-0.02345,0.99512,1.00
5804,-0.02007,0.02371,-0.02280,0.99926,-0.07280,-0.01873,-0.00137,0.99717,-0.09323,0.00656,-0.02200,0.99538,1.00,-0.07251,-0.04595,-0.00334,0.99630,-0.09358,-0.02070,-0.02342,0.99512,1.00
5815,-0.02037,0.02365,-0.02293,0.99925,-0.07317,-0.02038,-0.00150,0.99711,-0.09393,0.00487,-0.02221,0.99532,1.00,-0.07283,-0.04760,-0.00348,0.99620,-0.09425,-0.02240,-0.02363,0.99502,1.00
5826,-0.02054,0.02360,-0.02299,0.99925,-0.07300,-0.02033,-0.00149,0.99712,-0.09393,0.00486,-0.02227,0.99532,1.00,-0.07267,-0.04755,-0.00347,0.99622,-0.09425,-0.02240,-0.02368,0.99502,1.00
5837,-0.02073,0.02354,-0.02320,0.99924,-0.07281,-0.02030,-0.00148,0.99714,-0.09393,0.00484,-0.02248,0.99531,1.00,-0.07246,-0.04751,-0.00346,0.99623,-0.09424,-0.02242,-0.02388,0.99501,1.00
5848,-0.02086,0.02359,-0.02330,0.99923,-0.07302,-0.02046,-0.00150,0.99712,-0.09428,0.00475,-0.02258,0.99528,1.00,-0.07266,-0.04767,-0.00348,0.99621,-0.09458,-0.02252,-0.02398,0.99497,1.00
5860,-0.02105,0.02358,-0.02334,0.99923,-0.07283,-0.02045,-0.00149,0.99713,-0.09428,0.00474,-0.02261,0.99528,1.00,-0.07247,-0.04767,-0.00347,0.99622,-0.09458,-0.02252,-0.02400,0.99497,1.00
5871,-0.02137,0.02370,-0.02321,0.99922,-0.07251,-0.02054,-0.00149,0.99715,-0.09428,0.00476,-0.02248,0.99528,1.00,-0.07216,-0.04776,-0.00346,0.99624,-0.09458,-0.02251,-0.02385,0.99498,1.00
5882,-0.02166,0.02377,-0.02302,0.99922,-0.07189,-0.01816,-0.00131,0.99725,-0.09389,0.00718,-0.02217,0.99531,1.00,-0.07159,-0.04538,-0.00326,0.99640,-0.09424,-0.02008,-0.02351,0.99507,1.00
5893,-0.02193,0.02393,-0.02304,0.99921,-0.07162,-0.01832,-0.00132,0.99726,-0.09389,0.00718,-0.02217,0.99531,1.00,-0.07132,-0.04554,-0.00326,0.99641,-0.09424,-0.02008,-0.02350,0.99507,1.00
5905,-0.02224,0.02403,-0.02311,0.99920,-0.07131,-0.01843,-0.00132,0.99728,-0.09389,0.00718,-0.02224,0.99531,1.00,-0.07100,-0.04564,-0.00325,0.99643,-0.09424,-0.02009,-0.02356,0.99507,1.00
5915,-0.02245,0.02420,-0.02320,0.99919,-0.07182,-0.01851,-0.00133,0.99725,-0.09460,0.00727,-0.02231,0.99524,1.00,-0.07150,-0.04573,-0.00328,0.99639,-0.09495,-0.02000,-0.02364,0.99500,1.00
5926,-0.02258,0.02432,-0.02309,0.99918,-0.07168,-0.01862,-0.00134,0.99725,-0.09460,0.00728,-0.02220,0.99524,1.00,-0.07137,-0.04583,-0.00328,0.99639,-0.09495,-0.01999,-0.02352,0.99500,1.00
5938,-0.02255,0.02439,-0.02297,0.99918,-0.07171,-0.01866,-0.00134,0.99725,-0.09460,0.00729,-0.02208,0.99524,1.00,-0.07141,-0.04588,-0.00329,0.99639,-0.09496,-0.01998,-0.02340,0.99501,1.00
5949,-0.02245,0.02439,-0.02279,0.99919,-0.07258,-0.02713,-0.00197,0.99699,-0.09556,-0.00118,-0.02232,0.99517,1.00,-0.07220,-0.05431,-0.00394,0.99590,-0.09583,-0.02842,-0.02365,0.99471,1.00
5960,-0.02234,0.02442,-0.02260,0.99920,-0.07269,-0.02713,-0.00198,0.99698,-0.09556,-0.00116,-0.02212,0.99518,1.00,-0.07232,-0.05431,-0.00394,0.99589,-0.09583,-0.02840,-0.02346,0.99472,1.00
5971,-0.02231,0.02437,-0.02251,0.99920,-0.07272,-0.02706,-0.00197,0.99698,-0.09556,-0.00115,-0.02204,0.99518,1.00,-0.07236,-0.05424,-0.00394,0.99590,-0.09584,-0.02839,-0.02338,0.99472,1.00
5982,-0.02234,0.02436,-0.02242,0.99920,-0.07250,-0.02690,-0.00196,0.99700,-0.09536,-0.00102,-0.02194,0.99520,1.00,-0.07213,-0.05408,-0.00392,0.99592,-0.09562,-0.02825,-0.02328,0.99474,1.00
5993,-0.02245,0.02434,-0.02245,0.99920,-0.07239,-0.02689,-0.00195,0.99701,-0.09536,-0.00102,-0.02197,0.99520,1.00,-0.07202,-0.05407,-0.00391,0.99593,-0.09562,-0.02826,-0.02330,0.99474,1.00
6005,-0.02258,0.02432,-0.02249,0.99920,-0.07226,-0.02688,-0.00195,0.99702,-0.09536,-0.00102,-0.02200,0.99520,1.00,-0.07188,-0.05406,-0.00390,0.99594,-0.09562,-0.02826,-0.02333,0.99474,1.00
6016,-0.02278,0.02431,-0.02262,0.99919,-0.07136,-0.02672,-0.00191,0.99709,-0.09466,-0.00088,-0.02212,0.99526,1.00,-0.07097,-0.05389,-0.00384,0.99601,-0.09491,-0.02811,-0.02342,0.99481,1.00
6026,-0.02291,0.02427,-0.02266,0.99919,-0.07123,-0.02668,-0.00191,0.99710,-0.09466,-0.00089,-0.02216,0.99526,1.00,-0.07084,-0.05385,-0.00383,0.99603,-0.09491,-0.02812,-0.02344,0.99481,1.00
6038,-0.02313,0.02425,-0.02265,0.99918,-0.07101,-0.02665,-0.00190,0.99712,-0.09466,-0.00089,-0.02214,0.99526,1.00,-0.07062,-0.05382,-0.00382,0.99604,-0.09491,-0.02811,-0.02342,0.99481,1.00
6049,-0.02324,0.02413,-0.02249,0.99919,-0.07047,-0.02584,-0.00183,0.99718,-0.09421,-0.00021,-0.02195,0.99531,1.00,-0.07010,-0.05301,-0.00373,0.99612,-0.09448,-0.02744,-0.02321,0.99488,1.00
6060,-0.02328,0.02418,-0.02234,0.99919,-0.07044,-0.02586,-0.00183,0.99718,-0.09421,-0.00019,-0.02180,0.99531,1.00,-0.07008,-0.05303,-0.00373,0.99612,-0.09448,-0.02742,-0.02306,0.99488,1.00
6072,-0.02326,0.02407,-0.02211,0.99920,-0.07046,-0.02571,-0.00182,0.99718,-0.09421,-0.00017,-0.02157,0.99532,1.00,-0.07011,-0.05288,-0.00372,0.99613,-0.09449,-0.02740,-0.02283,0.99489,1.00
6082,-0.02316,0.02405,-0.02194,0.99920,-0.07092,-0.02577,-0.00183,0.99715,-0.09456,-0.00025,-0.02141,0.99529,1.00,-0.07057,-0.05294,-0.00375,0.99609,-0.09484,-0.02748,-0.02268,0.99486,1.00
6093,-0.02317,0.02405,-0.02196,0.99920,-0.07090,-0.02577,-0.00183,0.99715,-0.09456,-0.00025,-0.02143,0.99529,1.00,-0.07056,-0.05295,-0.00375,0.99609,-0.09484,-0.02748,-0.02270,0.99485,1.00
6104,-0.02319,0.02403,-0.02190,0.99920,-0.07089,-0.02574,-0.00183,0.99715,-0.09456,-0.00025,-0.02136,0.99529,1.00,-0.07054,-0.05291,-0.00375,0.99610,-0.09484,-0.02748,-0.02263,0.99486,1.00
6116,-0.02316,0.02404,-0.02189,0.99920,-0.07104,-0.02679,-0.00191,0.99711,-0.09470,-0.00129,-0.02141,0.99527,1.00,-0.07067,-0.05396,-0.00383,0.99603,-0.09495,-0.02852,-0.02268,0.99482,1.00
6127,-0.02315,0.02405,-0.02180,0.99920,-0.07105,-0.02679,-0.00191,0.99711,-0.09470,-0.00128,-0.02131,0.99528,1.00,-0.07068,-0.05396,-0.00383,0.99603,-0.09495,-0.02851,-0.02259,0.99482,1.00
6138,-0.02316,0.02403,-0.02167,0.99921,-0.07104,-0.02674,-0.00191,0.99711,-0.09470,-0.00127,-0.02118,0.99528,1.00,-0.07068,-0.05392,-0.00383,0.99603,-0.09496,-0.02849,-0.02246,0.99482,1.00
6149,-0.02312,0.02400,-0.02143,0.99921,-0.07001,-0.02841,-0.00199,0.99714,-0.09366,-0.00300,-0.02103,0.99538,1.00,-0.06964,-0.05556,-0.00388,0.99602,-0.09389,-0.03022,-0.02227,0.99487,1.00
6160,-0.02308,0.02393,-0.02129,0.99922,-0.07005,-0.02832,-0.00199,0.99714,-0.09366,-0.00299,-0.02089,0.99538,1.00,-0.06969,-0.05547,-0.00388,0.99602,-0.09390,-0.03020,-0.02214,0.99488,1.00
6172,-0.02297,0.02389,-0.02114,0.99923,-0.07016,-0.02826,-0.00199,0.99713,-0.09366,-0.00298,-0.02074,0.99538,1.00,-0.06981,-0.05542,-0.00388,0.99601,-0.09390,-0.03019,-0.02199,0.99488,1.00
6183,-0.02292,0.02371,-0.02102,0.99924,-0.07334,-0.02818,-0.00207,0.99691,-0.09677,-0.00303,-0.02064,0.99509,1.00,-0.07296,-0.05536,-0.00406,0.99579,-0.09698,-0.03026,-0.02198,0.99458,1.00
6193,-0.02289,0.02362,-0.02082,0.99924,-0.07338,-0.02805,-0.00206,0.99691,-0.09677,-0.00301,-0.02044,0.99509,1.00,-0.07300,-0.05523,-0.00405,0.99579,-0.09699,-0.03024,-0.02179,0.99459,1.00
6205,-0.02291,0.02339,-0.02061,0.99925,-0.07337,-0.02779,-0.00205,0.99692,-0.09678,-0.00299,-0.02024,0.99510,1.00,-0.07301,-0.05497,-0.00403,0.99581,-0.09700,-0.03022,-0.02158,0.99459,1.00
6216,-0.02295,0.02325,-0.02047,0.99926,-0.07084,-0.02770,-0.00197,0.99710,-0.09428,-0.00309,-0.02009,0.99534,1.00,-0.07048,-0.05486,-0.00388,0.99600,-0.09449,-0.03031,-0.02137,0.99483,1.00
6227,-0.02303,0.02304,-0.02037,0.99926,-0.07076,-0.02748,-0.00195,0.99711,-0.09428,-0.00308,-0.01999,0.99534,1.00,-0.07041,-0.05464,-0.00386,0.99601,-0.09450,-0.03030,-0.02127,0.99484,1.00
6239,-0.02307,0.02291,-0.02027,0.99927,-0.07073,-0.02732,-0.00194,0.99712,-0.09428,-0.00307,-0.01989,0.99534,1.00,-0.07038,-0.05448,-0.00385,0.99602,-0.09450,-0.03029,-0.02116,0.99484,1.00
6249,-0.02317,0.02267,-0.02016,0.99927,-0.07059,-0.02670,-0.00189,0.99715,-0.09423,-0.00270,-0.01978,0.99535,1.00,-0.07023,-0.05387,-0.00380,0.99607,-0.09443,-0.02992,-0.02104,0.99486,1.00
6261,-0.02321,0.02254,-0.02010,0.99927,-0.07056,-0.02656,-0.00188,0.99715,-0.09423,-0.00269,-0.01971,0.99535,1.00,-0.07020,-0.05372,-0.00379,0.99608,-0.09443,-0.02991,-0.02097,0.99486,1.00
6272,-0.02323,0.02237,-0.01996,0.99928,-0.07054,-0.02636,-0.00187,0.99716,-0.09423,-0.00268,-0.01957,0.99535,1.00,-0.07019,-0.05353,-0.00377,0.99609,-0.09444,-0.02990,-0.02083,0.99486,1.00
6283,-0.02341,0.02222,-0.01977,0.99928,-0.06993,-0.02544,-0.00178,0.99723,-0.09377,-0.00193,-0.01935,0.99540,1.00,-0.06959,-0.05261,-0.00368,0.99618,-0.09398,-0.02915,-0.02059,0.99493,1.00
6294,-0.02358,0.02210,-0.01944,0.99929,-0.06978,-0.02527,-0.00177,0.99724,-0.09377,-0.00190,-0.01902,0.99541,1.00,-0.06945,-0.05244,-0.00366,0.99620,-0.09399,-0.02912,-0.02025,0.99494,1.00
6305,-0.02380,0.02207,-0.01926,0.99929,-0.06956,-0.02520,-0.00176,0.99726,-0.09377,-0.00188,-0.01883,0.99541,1.00,-0.06925,-0.05237,-0.00364,0.99622,-0.09399,-0.02910,-0.02005,0.99495,1.00
6316,-0.02401,0.02207,-0.01920,0.99928,-0.06935,-0.02336,-0.00162,0.99732,-0.09373,-0.00004,-0.01868,0.99542,1.00,-0.06904,-0.05054,-0.00350,0.99633,-0.09395,-0.02727,-0.01989,0.99500,1.00
6327,-0.02407,0.02211,-0.01920,0.99928,-0.06929,-0.02340,-0.00163,0.99732,-0.09373,-0.00004,-0.01868,0.99542,1.00,-0.06898,-0.05058,-0.00350,0.99633,-0.09395,-0.02727,-0.01989,0.99500,1.00
6339,-0.02411,0.02211,-0.01931,0.99928,-0.06924,-0.02342,-0.00163,0.99732,-0.09373,-0.00005,-0.01879,0.99542,1.00,-0.06893,-0.05060,-0.00350,0.99633,-0.09395,-0.02728,-0.02000,0.99500,1.00
6350,-0.02407,0.02223,-0.01936,0.99928,-0.06744,-0.02373,-0.00160,0.99744,-0.09189,-0.00027,-0.01885,0.99559,1.00,-0.06711,-0.05090,-0.00343,0.99644,-0.09210,-0.02749,-0.02000,0.99517,1.00
6361,-0.02400,0.02237,-0.01950,0.99927,-0.06750,-0.02389,-0.00162,0.99743,-0.09189,-0.00028,-0.01898,0.99559,1.00,-0.06716,-0.05106,-0.00344,0.99643,-0.09210,-0.02750,-0.02014,0.99517,1.00
6372,-0.02391,0.02249,-0.01950,0.99927,-0.06759,-0.02401,-0.00163,0.99742,-0.09189,-0.00028,-0.01898,0.99559,1.00,-0.06725,-0.05118,-0.00345,0.99642,-0.09210,-0.02750,-0.02014,0.99517,1.00
6383,-0.02388,0.02260,-0.01943,0.99927,-0.06606,-0.01793,-0.00119,0.99765,-0.09021,0.00588,-0.01865,0.99573,1.00,-0.06578,-0.04512,-0.00298,0.99681,-0.09048,-0.02135,-0.01978,0.99547,1.00
6394,-0.02388,0.02272,-0.01928,0.99927,-0.06606,-0.01802,-0.00119,0.99765,-0.09021,0.00590,-0.01849,0.99573,1.00,-0.06579,-0.04521,-0.00298,0.99680,-0.09048,-0.02134,-0.01962,0.99548,1.00
6406,-0.02390,0.02279,-0.01903,0.99927,-0.06604,-0.01806,-0.00120,0.99765,-0.09020,0.00592,-0.01824,0.99574,1.00,-0.06578,-0.04525,-0.00299,0.99680,-0.09048,-0.02132,-0.01937,0.99548,1.00
6417,-0.02393,0.02289,-0.01886,0.99927,-0.06598,-0.01730,-0.00114,0.99767,-0.09016,0.00677,-0.01803,0.99574,1.00,-0.06574,-0.04449,-0.00293,0.99684,-0.09045,-0.02047,-0.01916,0.99551,1.00
6428,-0.02395,0.02295,-0.01883,0.99927,-0.06597,-0.01735,-0.00115,0.99767,-0.09016,0.00677,-0.01800,0.99574,1.00,-0.06573,-0.04454,-0.00294,0.99684,-0.09045,-0.02047,-0.01913,0.99551,1.00
6439,-0.02393,0.02296,-0.01883,0.99927,-0.06598,-0.01736,-0.00115,0.99767,-0.09016,0.00677,-0.01800,0.99574,1.00,-0.06574,-0.04455,-0.00294,0.99684,-0.09045,-0.02047,-0.01913,0.99551,1.00
6450,-0.02399,0.02293,-0.01879,0.99927,-0.06775,-0.01714,-0.00116,0.99755,-0.09198,0.00699,-0.01795,0.99557,1.00,-0.06748,-0.04434,-0.00300,0.99673,-0.09225,-0.02026,-0.01912,0.99535,1.00
6461,-0.02409,0.02288,-0.01871,0.99927,-0.06765,-0.01707,-0.00116,0.99756,-0.09198,0.00700,-0.01787,0.99558,1.00,-0.06739,-0.04427,-0.00299,0.99674,-0.09225,-0.02025,-0.01903,0.99535,1.00
6473,-0.02420,0.02283,-0.01856,0.99927,-0.06754,-0.01701,-0.00115,0.99757,-0.09198,0.00701,-0.01771,0.99558,1.00,-0.06729,-0.04420,-0.00298,0.99675,-0.09225,-0.02024,-0.01887,0.99535,1.00
6483,-0.02439,0.02266,-0.01845,0.99928,-0.06940,-0.01651,-0.00115,0.99745,-0.09401,0.00735,-0.01757,0.99539,1.00,-0.06914,-0.04372,-0.00303,0.99664,-0.09427,-0.01991,-0.01878,0.99517,1.00
6494,-0.02451,0.02254,-0.01835,0.99928,-0.06929,-0.01638,-0.00114,0.99746,-0.09401,0.00736,-0.01747,0.99539,1.00,-0.06903,-0.04359,-0.00302,0.99666,-0.09428,-0.01990,-0.01868,0.99517,1.00
6506,-0.02463,0.02240,-0.01836,0.99928,-0.06917,-0.01623,-0.00113,0.99747,-0.09401,0.00736,-0.01749,0.99539,1.00,-0.06891,-0.04344,-0.00300,0.99667,-0.09428,-0.01990,-0.01868,0.99517,1.00
6517,-0.02473,0.02227,-0.01831,0.99928,-0.06745,-0.01626,-0.00110,0.99759,-0.09239,0.00717,-0.01746,0.99554,1.00,-0.06719,-0.04346,-0.00293,0.99679,-0.09265,-0.02007,-0.01861,0.99532,1.00
6528,-0.02474,0.02212,-0.01829,0.99928,-0.06745,-0.01611,-0.00109,0.99759,-0.09239,0.00717,-0.01744,0.99554,1.00,-0.06719,-0.04331,-0.00292,0.99680,-0.09265,-0.02007,-0.01859,0.99532,1.00
6539,-0.02472,0.02191,-0.01818,0.99929,-0.06747,-0.01589,-0.00107,0.99759,-0.09239,0.00718,-0.01734,0.99555,1.00,-0.06721,-0.04309,-0.00291,0.99680,-0.09265,-0.02006,-0.01849,0.99532,1.00
6550,-0.02478,0.02174,-0.01804,0.99929,-0.06987,-0.01320,-0.00092,0.99747,-0.09480,0.00973,-0.01707,0.99530,1.00,-0.06963,-0.04042,-0.00282,0.99675,-0.09507,-0.01754,-0.01829,0.99515,1.00
6561,-0.02495,0.02160,-0.01791,0.99929,-0.06970,-0.01304,-0.00091,0.99748,-0.09480,0.00974,-0.01694,0.99531,1.00,-0.06947,-0.04026,-0.00281,0.99677,-0.09507,-0.01753,-0.01815,0.99515,1.00
6573,-0.02512,0.02151,-0.01772,0.99930,-0.06954,-0.01291,-0.00090,0.99750,-0.09479,0.00976,-0.01675,0.99531,1.00,-0.06932,-0.04013,-0.00279,0.99678,-0.09508,-0.01751,-0.01795,0.99515,1.00
6583,-0.02527,0.02141,-0.01781,0.99929,-0.06828,-0.01331,-0.00091,0.99758,-0.09370,0.00925,-0.01688,0.99541,1.00,-0.06805,-0.04052,-0.00277,0.99685,-0.09397,-0.01801,-0.01804,0.99525,1.00
6595,-0.02552,0.02143,-0.01789,0.99928,-0.06803,-0.01333,-0.00091,0.99759,-0.09370,0.00925,-0.01695,0.99541,1.00,-0.06779,-0.04055,-0.00276,0.99687,-0.09397,-0.01801,-0.01810,0.99525,1.00
6606,-0.02579,0.02147,-0.01788,0.99928,-0.06776,-0.01336,-0.00091,0.99761,-0.09370,0.00925,-0.01695,0.99541,1.00,-0.06752,-0.04058,-0.00275,0.99689,-0.09397,-0.01801,-0.01808,0.99525,1.00
6617,-0.02604,0.02154,-0.01781,0.99927,-0.06785,-0.01646,-0.00112,0.99756,-0.09410,0.00622,-0.01700,0.99540,1.00,-0.06758,-0.04366,-0.00296,0.99675,-0.09433,-0.02103,-0.01812,0.99515,1.00
6628,-0.02617,0.02175,-0.01778,0.99926,-0.06773,-0.01666,-0.00113,0.99756,-0.09410,0.00622,-0.01696,0.99540,1.00,-0.06746,-0.04387,-0.00297,0.99675,-0.09433,-0.02103,-0.01808,0.99515,1.00
6640,-0.02632,0.02181,-0.01772,0.99926,-0.06757,-0.01671,-0.00113,0.99757,-0.09410,0.00623,-0.01690,0.99540,1.00,-0.06731,-0.04391,-0.00296,0.99676,-0.09434,-0.02102,-0.01801,0.99516,1.00
6650,-0.02638,0.02201,-0.01773,0.99925,-0.06760,-0.02020,-0.00137,0.99751,-0.09426,0.00293,-0.01704,0.99540,1.00,-0.06731,-0.04739,-0.00320,0.99660,-0.09446,-0.02431,-0.01814,0.99507,1.00
6661,-0.02644,0.02217,-0.01775,0.99925,-0.06754,-0.02036,-0.00138,0.99751,-0.09426,0.00293,-0.01705,0.99540,1.00,-0.06724,-0.04755,-0.00321,0.99660,-0.09445,-0.02431,-0.01815,0.99507,1.00
6673,-0.02643,0.02231,-0.01780,0.99924,-0.06754,-0.02051,-0.00139,0.99750,-0.09426,0.00292,-0.01709,0.99540,1.00,-0.06724,-0.04770,-0.00322,0.99659,-0.09445,-0.02432,-0.01819,0.99507,1.00
6684,-0.02646,0.02242,-0.01786,0.99924,-0.06725,-0.02143,-0.00144,0.99750,-0.09401,0.00212,-0.01718,0.99542,1.00,-0.06693,-0.04861,-0.00326,0.99657,-0.09419,-0.02511,-0.01827,0.99507,1.00
6695,-0.02644,0.02249,-0.01793,0.99924,-0.06727,-0.02151,-0.00145,0.99750,-0.09401,0.00211,-0.01726,0.99542,1.00,-0.06695,-0.04869,-0.00327,0.99656,-0.09419,-0.02512,-0.01835,0.99507,1.00
6707,-0.02652,0.02260,-0.01798,0.99923,-0.06718,-0.02162,-0.00146,0.99751,-0.09401,0.00211,-0.01730,0.99542,1.00,-0.06686,-0.04880,-0.00327,0.99656,-0.09419,-0.02512,-0.01838,0.99507,1.00
6717,-0.02657,0.02271,-0.01800,0.99923,-0.06625,-0.02145,-0.00142,0.99757,-0.09312,0.00238,-0.01731,0.99550,1.00,-0.06593,-0.04862,-0.00322,0.99663,-0.09331,-0.02484,-0.01837,0.99516,1.00
6728,-0.02680,0.02279,-0.01805,0.99922,-0.06601,-0.02153,-0.00142,0.99759,-0.09312,0.00238,-0.01734,0.99550,1.00,-0.06569,-0.04870,-0.00321,0.99665,-0.09331,-0.02485,-0.01839,0.99516,1.00
6740,-0.02692,0.02289,-0.01801,0.99921,-0.06589,-0.02162,-0.00143,0.99759,-0.09312,0.00238,-0.01730,0.99550,1.00,-0.06557,-0.04879,-0.00321,0.99665,-0.09331,-0.02484,-0.01834,0.99516,1.00
6751,-0.02703,0.02297,-0.01807,0.99921,-0.06479,-0.02137,-0.00139,0.99767,-0.09212,0.00270,-0.01735,0.99559,1.00,-0.06448,-0.04853,-0.00314,0.99673,-0.09232,-0.02452,-0.01836,0.99526,1.00
6762,-0.02709,0.02301,-0.01818,0.99920,-0.06472,-0.02142,-0.00139,0.99767,-0.09212,0.00269,-0.01745,0.99559,1.00,-0.06440,-0.04859,-0.00314,0.99674,-0.09231,-0.02452,-0.01845,0.99526,1.00
6773,-0.02711,0.02310,-0.01819,0.99920,-0.06470,-0.02151,-0.00139,0.99767,-0.09212,0.00269,-0.01747,0.99559,1.00,-0.06438,-0.04867,-0.00314,0.99673,-0.09231,-0.02453,-0.01847,0.99526,1.00
6784,-0.02723,0.02312,-0.01819,0.99920,-0.06577,-0.02380,-0.00157,0.99755,-0.09335,0.00044,-0.01754,0.99548,1.00,-0.06543,-0.05096,-0.00335,0.99655,-0.09352,-0.02678,-0.01856,0.99508,1.00
6795,-0.02730,0.02313,-0.01815,0.99919,-0.06570,-0.02380,-0.00157,0.99755,-0.09335,0.00044,-0.01750,0.99548,1.00,-0.06537,-0.05096,-0.00334,0.99655,-0.09352,-0.02677,-0.01852,0.99508,1.00
6807,-0.02736,0.02314,-0.01808,0.99919,-0.06565,-0.02380,-0.00157,0.99756,-0.09335,0.00045,-0.01743,0.99548,1.00,-0.06532,-0.05096,-0.00334,0.99656,-0.09352,-0.02677,-0.01845,0.99509,1.00
6818,-0.02738,0.02312,-0.01799,0.99920,-0.06499,-0.02356,-0.00154,0.99761,-0.09271,0.00064,-0.01733,0.99554,1.00,-0.06467,-0.05072,-0.00329,0.99661,-0.09290,-0.02657,-0.01833,0.99515,1.00
6829,-0.02742,0.02312,-0.01800,0.99919,-0.06495,-0.02357,-0.00153,0.99761,-0.09271,0.00064,-0.01734,0.99554,1.00,-0.06463,-0.05072,-0.00329,0.99661,-0.09290,-0.02657,-0.01834,0.99515,1.00
6840,-0.02743,0.02309,-0.01801,0.99919,-0.06494,-0.02354,-0.00153,0.99761,-0.09271,0.00064,-0.01735,0.99554,1.00,-0.06462,-0.05069,-0.00329,0.99662,-0.09290,-0.02657,-0.01835,0.99515,1.00
6850,-0.02749,0.02303,-0.01807,0.99919,-0.06385,-0.02335,-0.00149,0.99769,-0.09168,0.00076,-0.01741,0.99564,1.00,-0.06353,-0.05050,-0.00322,0.99670,-0.09186,-0.02645,-0.01837,0.99525,1.00
6862,-0.02755,0.02297,-0.01807,0.99919,-0.06379,-0.02329,-0.00149,0.99769,-0.09168,0.00076,-0.01741,0.99564,1.00,-0.06347,-0.05044,-0.00321,0.99670,-0.09186,-0.02645,-0.01837,0.99525,1.00
6873,-0.02764,0.02288,-0.01808,0.99919,-0.06370,-0.02320,-0.00148,0.99770,-0.09168,0.00076,-0.01742,0.99564,1.00,-0.06338,-0.05035,-0.00320,0.99671,-0.09186,-0.02645,-0.01837,0.99525,1.00
6884,-0.02778,0.02280,-0.01804,0.99919,-0.06371,-0.02292,-0.00146,0.99770,-0.09182,0.00095,-0.01737,0.99562,1.00,-0.06339,-0.05007,-0.00318,0.99673,-0.09201,-0.02625,-0.01833,0.99524,1.00
6895,-0.02800,0.02276,-0.01791,0.99919,-0.06350,-0.02286,-0.00146,0.99772,-0.09182,0.00096,-0.01724,0.99563,1.00,-0.06319,-0.05001,-0.00317,0.99674,-0.09201,-0.02624,-0.01818,0.99525,1.00
6907,-0.02808,0.02270,-0.01784,0.99919,-0.06342,-0.02279,-0.00145,0.99773,-0.09182,0.00097,-0.01716,0.99563,1.00,-0.06312,-0.04994,-0.00316,0.99675,-0.09201,-0.02623,-0.01810,0.99525,1.00
6918,-0.02822,0.02269,-0.01774,0.99919,-0.06352,-0.02240,-0.00143,0.99773,-0.09206,0.00134,-0.01705,0.99561,1.00,-0.06323,-0.04955,-0.00314,0.99676,-0.09226,-0.02586,-0.01799,0.99524,1.00
6929,-0.02852,0.02252,-0.01771,0.99918,-0.06323,-0.02222,-0.00141,0.99775,-0.09206,0.00134,-0.01702,0.99561,1.00,-0.06293,-0.04938,-0.00312,0.99679,-0.09226,-0.02586,-0.01794,0.99524,1.00
6940,-0.02894,0.02249,-0.01757,0.99917,-0.06281,-0.02216,-0.00139,0.99778,-0.09206,0.00136,-0.01687,0.99561,1.00,-0.06253,-0.04931,-0.00309,0.99682,-0.09226,-0.02584,-0.01777,0.99524,1.00
6951,-0.02944,0.02235,-0.01749,0.99916,-0.06366,-0.02157,-0.00138,0.99774,-0.09338,0.00182,-0.01677,0.99549,1.00,-0.06337,-0.04873,-0.00310,0.99679,-0.09358,-0.02539,-0.01768,0.99513,1.00
6962,-0.02980,0.02222,-0.01735,0.99916,-0.06331,-0.02141,-0.00136,0.99776,-0.09338,0.00184,-0.01662,0.99549,1.00,-0.06303,-0.04856,-0.00307,0.99682,-0.09359,-0.02537,-0.01751,0.99513,1.00
6974,-0.03002,0.02201,-0.01721,0.99916,-0.06309,-0.02118,-0.00134,0.99778,-0.09338,0.00185,-0.01649,0.99549,1.00,-0.06282,-0.04833,-0.00305,0.99685,-0.09359,-0.02536,-0.01737,0.99514,1.00
6985,-0.03008,0.02177,-0.01721,0.99916,-0.06278,-0.02185,-0.00137,0.99779,-0.09314,0.00093,-0.01653,0.99552,1.00,-0.06249,-0.04899,-0.00307,0.99684,-0.09333,-0.02627,-0.01739,0.99514,1.00
6996,-0.03022,0.02153,-0.01722,0.99916,-0.06264,-0.02161,-0.00136,0.99780,-0.09314,0.00093,-0.01653,0.99551,1.00,-0.06236,-0.04875,-0.00305,0.99686,-0.09333,-0.02627,-0.01739,0.99514,1.00
7007,-0.03049,0.02125,-0.01702,0.99916,-0.06238,-0.02130,-0.00133,0.99782,-0.09314,0.00095,-0.01634,0.99552,1.00,-0.06211,-0.04844,-0.00302,0.99689,-0.09334,-0.02625,-0.01719,0.99514,1.00
7018,-0.03076,0.02108,-0.01702,0.99916,-0.06312,-0.02098,-0.00133,0.99778,-0.09415,0.00110,-0.01633,0.99542,1.00,-0.06284,-0.04813,-0.00303,0.99686,-0.09433,-0.02610,-0.01719,0.99505,1.00
7029,-0.03098,0.02094,-0.01712,0.99915,-0.06290,-0.02086,-0.00131,0.99780,-0.09415,0.00109,-0.01644,0.99542,1.00,-0.06261,-0.04801,-0.00302,0.99688,-0.09433,-0.02611,-0.01728,0.99505,1.00
7040,-0.03106,0.02082,-0.01736,0.99915,-0.06282,-0.02077,-0.00131,0.99781,-0.09415,0.00107,-0.01668,0.99542,1.00,-0.06251,-0.04792,-0.00301,0.99689,-0.09432,-0.02614,-0.01752,0.99504,1.00
7051,-0.03113,0.02085,-0.01768,0.99914,-0.06283,-0.02029,-0.00128,0.99782,-0.09422,0.00160,-0.01697,0.99541,1.00,-0.06251,-0.04745,-0.00298,0.99691,-0.09439,-0.02561,-0.01781,0.99505,1.00
7062,-0.03123,0.02082,-0.01785,0.99914,-0.06273,-0.02029,-0.00128,0.99782,-0.09422,0.00159,-0.01715,0.99540,1.00,-0.06240,-0.04745,-0.00297,0.99692,-0.09439,-0.02563,-0.01798,0.99504,1.00
7074,-0.03139,0.02089,-0.01786,0.99913,-0.06257,-0.02035,-0.00128,0.99783,-0.09422,0.00159,-0.01715,0.99540,1.00,-0.06224,-0.04751,-0.00297,0.99693,-0.09439,-0.02562,-0.01797,0.99504,1.00
7085,-0.03149,0.02096,-0.01764,0.99913,-0.06212,-0.02076,-0.00129,0.99785,-0.09388,0.00123,-0.01694,0.99544,1.00,-0.06182,-0.04791,-0.00297,0.99693,-0.09407,-0.02598,-0.01775,0.99507,1.00
7096,-0.03162,0.02109,-0.01747,0.99912,-0.06200,-0.02086,-0.00130,0.99786,-0.09388,0.00125,-0.01676,0.99544,1.00,-0.06170,-0.04801,-0.00297,0.99693,-0.09407,-0.02596,-0.01757,0.99507,1.00
7107,-0.03168,0.02135,-0.01739,0.99912,-0.06192,-0.02111,-0.00131,0.99786,-0.09388,0.00126,-0.01667,0.99544,1.00,-0.06164,-0.04826,-0.00298,0.99693,-0.09407,-0.02595,-0.01748,0.99507,1.00
7118,-0.03171,0.02154,-0.01742,0.99911,-0.06128,-0.02274,-0.00140,0.99786,-0.09329,-0.00020,-0.01674,0.99550,1.00,-0.06099,-0.04988,-0.00305,0.99689,-0.09348,-0.02740,-0.01752,0.99509,1.00
7129,-0.03178,0.02171,-0.01750,0.99911,-0.06120,-0.02292,-0.00141,0.99786,-0.09329,-0.00021,-0.01681,0.99550,1.00,-0.06091,-0.05006,-0.00306,0.99688,-0.09348,-0.02741,-0.01758,0.99509,1.00
7141,-0.03220,0.02186,-0.01763,0.99909,-0.06078,-0.02308,-0.00141,0.99788,-0.09329,-0.00022,-0.01693,0.99550,1.00,-0.06048,-0.05022,-0.00305,0.99690,-0.09348,-0.02741,-0.01768,0.99509,1.00
7152,-0.03305,0.02176,-0.01771,0.99906,-0.06022,-0.02269,-0.00137,0.99793,-0.09358,0.00007,-0.01699,0.99547,1.00,-0.05992,-0.04983,-0.00299,0.99695,-0.09376,-0.02712,-0.01770,0.99507,1.00
7163,-0.03415,0.02162,-0.01785,0.99902,-0.05912,-0.02255,-0.00134,0.99800,-0.09358,0.00006,-0.01710,0.99547,1.00,-0.05882,-0.04968,-0.00293,0.99703,-0.09376,-0.02713,-0.01775,0.99507,1.00
7174,-0.03497,0.02137,-0.01812,0.99900,-0.05830,-0.02233,-0.00130,0.99805,-0.09358,0.00003,-0.01736,0.99546,1.00,-0.05798,-0.04946,-0.00288,0.99709,-0.09375,-0.02715,-0.01797,0.99506,1.00
7185,-0.03539,0.02102,-0.01836,0.99898,-0.05879,-0.01891,-0.00111,0.99809,-0.09443,0.00313,-0.01753,0.99537,1.00,-0.05848,-0.04605,-0.00270,0.99722,-0.09462,-0.02406,-0.01815,0.99506,1.00
7196,-0.03561,0.02072,-0.01857,0.99898,-0.05857,-0.01864,-0.00109,0.99811,-0.09443,0.00311,-0.01775,0.99537,1.00,-0.05825,-0.04578,-0.00267,0.99725,-0.09462,-0.02408,-0.01835,0.99505,1.00
7207,-0.03554,0.02032,-0.01852,0.99899,-0.05865,-0.01824,-0.00107,0.99811,-0.09443,0.00311,-0.01771,0.99537,1.00,-0.05834,-0.04538,-0.00265,0.99726,-0.09462,-0.02408,-0.01832,0.99505,1.00
7219,-0.03554,0.01996,-0.01821,0.99900,-0.05924,-0.01375,-0.00082,0.99815,-0.09492,0.00724,-0.01732,0.99531,1.00,-0.05900,-0.04091,-0.00242,0.99742,-0.09518,-0.01997,-0.01795,0.99510,1.00
7230,-0.03546,0.01951,-0.01787,0.99902,-0.05933,-0.01325,-0.00079,0.99815,-0.09492,0.00727,-0.01700,0.99531,1.00,-0.05911,-0.04041,-0.00239,0.99743,-0.09519,-0.01994,-0.01764,0.99510,1.00
7241,-0.03563,0.01915,-0.01759,0.99903,-0.05917,-0.01285,-0.00076,0.99817,-0.09492,0.00730,-0.01672,0.99532,1.00,-0.05896,-0.04001,-0.00237,0.99746,-0.09519,-0.01992,-0.01735,0.99511,1.00
7252,-0.03596,0.01876,-0.01737,0.99903,-0.05868,-0.01254,-0.00074,0.99820,-0.09475,0.00718,-0.01652,0.99534,1.00,-0.05850,-0.03971,-0.00233,0.99749,-0.09505,-0.02003,-0.01712,0.99512,1.00
7263,-0.03625,0.01842,-0.01717,0.99903,-0.05839,-0.01217,-0.00071,0.99822,-0.09475,0.00720,-0.01634,0.99534,1.00,-0.05823,-0.03934,-0.00230,0.99753,-0.09505,-0.02001,-0.01693,0.99513,1.00
7274,-0.03663,0.01803,-0.01724,0.99902,-0.05803,-0.01179,-0.00069,0.99825,-0.09475,0.00719,-0.01642,0.99534,1.00,-0.05786,-0.03895,-0.00226,0.99756,-0.09505,-0.02001,-0.01698,0.99513,1.00
7285,-0.03715,0.01775,-0.01749,0.99900,-0.05397,-0.01009,-0.00055,0.99849,-0.09119,0.00856,-0.01667,0.99566,1.00,-0.05379,-0.03725,-0.00201,0.99786,-0.09150,-0.01863,-0.01712,0.99548,1.00
7296,-0.03769,0.01756,-0.01754,0.99898,-0.05343,-0.00990,-0.00053,0.99852,-0.09119,0.00856,-0.01673,0.99566,1.00,-0.05326,-0.03705,-0.00198,0.99789,-0.09150,-0.01863,-0.01715,0.99548,1.00
7308,-0.03822,0.01732,-0.01749,0.99897,-0.05291,-0.00965,-0.00051,0.99855,-0.09119,0.00856,-0.01669,0.99566,1.00,-0.05274,-0.03680,-0.00194,0.99793,-0.09150,-0.01863,-0.01708,0.99548,1.00
7319,-0.03863,0.01728,-0.01738,0.99895,-0.05339,-0.01031,-0.00055,0.99852,-0.09209,0.00786,-0.01658,0.99558,1.00,-0.05321,-0.03746,-0.00200,0.99788,-0.09239,-0.01933,-0.01697,0.99539,1.00
7330,-0.03896,0.01730,-0.01715,0.99894,-0.05306,-0.01029,-0.00055,0.99854,-0.09209,0.00789,-0.01635,0.99559,1.00,-0.05290,-0.03744,-0.00198,0.99790,-0.09239,-0.01930,-0.01672,0.99540,1.00
7342,-0.03907,0.01742,-0.01710,0.99894,-0.05295,-0.01040,-0.00055,0.99854,-0.09209,0.00789,-0.01630,0.99559,1.00,-0.05279,-0.03754,-0.00199,0.99790,-0.09239,-0.01930,-0.01666,0.99540,1.00
7352,-0.03922,0.01753,-0.01706,0.99893,-0.05306,-0.00781,-0.00041,0.99856,-0.09231,0.01060,-0.01621,0.99554,1.00,-0.05292,-0.03497,-0.00185,0.99798,-0.09264,-0.01660,-0.01658,0.99542,1.00
7363,-0.03930,0.01772,-0.01717,0.99892,-0.05297,-0.00801,-0.00042,0.99856,-0.09231,0.01059,-0.01632,0.99554,1.00,-0.05283,-0.03517,-0.00186,0.99798,-0.09264,-0.01661,-0.01668,0.99542,1.00
7375,-0.03939,0.01798,-0.01731,0.99891,-0.05288,-0.00829,-0.00044,0.99857,-0.09231,0.01058,-0.01644,0.99554,1.00,-0.05273,-0.03544,-0.00187,0.99798,-0.09263,-0.01662,-0.01680,0.99542,1.00
7386,-0.03938,0.01816,-0.01744,0.99891,-0.05483,-0.00866,-0.00048,0.99846,-0.09425,0.01043,-0.01655,0.99536,1.00,-0.05466,-0.03582,-0.00196,0.99786,-0.09455,-0.01678,-0.01696,0.99523,1.00
7397,-0.03935,0.01838,-0.01756,0.99890,-0.05486,-0.00889,-0.00049,0.99845,-0.09425,0.01042,-0.01667,0.99535,1.00,-0.05468,-0.03606,-0.00198,0.99785,-0.09455,-0.01679,-0.01707,0.99523,1.00
7408,-0.03931,0.01864,-0.01755,0.99890,-0.05489,-0.00915,-0.00050,0.99845,-0.09425,0.01042,-0.01665,0.99535,1.00,-0.05471,-0.03631,-0.00199,0.99784,-0.09455,-0.01679,-0.01706,0.99523,1.00
7419,-0.03926,0.01888,-0.01758,0.99890,-0.05282,-0.00934,-0.00049,0.99856,-0.09214,0.01043,-0.01668,0.99555,1.00,-0.05265,-0.03650,-0.00193,0.99794,-0.09245,-0.01677,-0.01704,0.99543,1.00
7430,-0.03921,0.01905,-0.01757,0.99890,-0.05287,-0.00951,-0.00050,0.99856,-0.09214,0.01043,-0.01666,0.99555,1.00,-0.05270,-0.03667,-0.00194,0.99794,-0.09245,-0.01676,-0.01702,0.99543,1.00
7441,-0.03908,0.01928,-0.01765,0.99889,-0.05300,-0.00975,-0.00052,0.99855,-0.09214,0.01043,-0.01674,0.99555,1.00,-0.05282,-0.03691,-0.00195,0.99792,-0.09245,-0.01677,-0.01710,0.99543,1.00
7452,-0.03910,0.01942,-0.01772,0.99889,-0.05271,-0.01082,-0.00057,0.99855,-0.09189,0.00949,-0.01682,0.99558,1.00,-0.05253,-0.03797,-0.00200,0.99790,-0.09220,-0.01770,-0.01718,0.99544,1.00
7463,-0.03918,0.01958,-0.01774,0.99888,-0.05262,-0.01099,-0.00058,0.99855,-0.09189,0.00949,-0.01683,0.99558,1.00,-0.05244,-0.03814,-0.00200,0.99789,-0.09220,-0.01770,-0.01718,0.99544,1.00
7475,-0.03943,0.01963,-0.01767,0.99887,-0.05237,-0.01102,-0.00058,0.99857,-0.09189,0.00950,-0.01676,0.99558,1.00,-0.05220,-0.03817,-0.00200,0.99791,-0.09220,-0.01769,-0.01710,0.99544,1.00
7486,-0.03965,0.01971,-0.01767,0.99886,-0.05210,-0.01011,-0.00053,0.99859,-0.09181,0.01048,-0.01675,0.99558,1.00,-0.05193,-0.03726,-0.00194,0.99795,-0.09213,-0.01671,-0.01707,0.99546,1.00
7497,-0.03995,0.01973,-0.01767,0.99885,-0.05179,-0.01013,-0.00053,0.99861,-0.09181,0.01048,-0.01674,0.99558,1.00,-0.05163,-0.03728,-0.00193,0.99797,-0.09213,-0.01671,-0.01705,0.99546,1.00
7508,-0.04011,0.01967,-0.01769,0.99885,-0.05163,-0.01007,-0.00052,0.99862,-0.09181,0.01048,-0.01676,0.99558,1.00,-0.05147,-0.03722,-0.00192,0.99798,-0.09213,-0.01671,-0.01706,0.99546,1.00
7519,-0.04021,0.01971,-0.01782,0.99884,-0.05304,-0.01006,-0.00053,0.99854,-0.09332,0.01056,-0.01688,0.99544,1.00,-0.05286,-0.03721,-0.00197,0.99791,-0.09363,-0.01664,-0.01722,0.99532,1.00
7530,-0.04027,0.01963,-0.01780,0.99884,-0.05299,-0.00997,-0.00053,0.99855,-0.09332,0.01056,-0.01686,0.99544,1.00,-0.05281,-0.03712,-0.00196,0.99791,-0.09363,-0.01663,-0.01719,0.99532,1.00
7542,-0.04032,0.01955,-0.01775,0.99884,-0.05294,-0.00989,-0.00052,0.99855,-0.09332,0.01057,-0.01681,0.99544,1.00,-0.05277,-0.03704,-0.00196,0.99792,-0.09363,-0.01663,-0.01714,0.99532,1.00
7553,-0.04041,0.01953,-0.01766,0.99884,-0.05332,-0.00936,-0.00050,0.99853,-0.09378,0.01107,-0.01672,0.99539,1.00,-0.05316,-0.03652,-0.00195,0.99792,-0.09410,-0.01613,-0.01705,0.99529,1.00
7564,-0.04043,0.01942,-0.01756,0.99884,-0.05330,-0.00924,-0.00049,0.99854,-0.09378,0.01107,-0.01662,0.99539,1.00,-0.05314,-0.03640,-0.00194,0.99792,-0.09410,-0.01612,-0.01696,0.99529,1.00
7575,-0.04038,0.01931,-0.01747,0.99885,-0.05335,-0.00912,-0.00049,0.99853,-0.09378,0.01108,-0.01653,0.99539,1.00,-0.05320,-0.03627,-0.00193,0.99792,-0.09410,-0.01611,-0.01687,0.99529,1.00
7586,-0.04029,0.01922,-0.01741,0.99885,-0.05255,-0.00946,-0.00050,0.99857,-0.09290,0.01064,-0.01650,0.99548,1.00,-0.05239,-0.03661,-0.00192,0.99795,-0.09322,-0.01655,-0.01682,0.99537,1.00
7597,-0.04020,0.01914,-0.01736,0.99886,-0.05265,-0.00937,-0.00049,0.99857,-0.09290,0.01065,-0.01645,0.99548,1.00,-0.05250,-0.03652,-0.00192,0.99795,-0.09322,-0.01654,-0.01677,0.99537,1.00
7608,-0.04006,0.01908,-0.01726,0.99887,-0.05278,-0.00930,-0.00049,0.99856,-0.09289,0.01066,-0.01634,0.99548,1.00,-0.05263,-0.03645,-0.00192,0.99795,-0.09322,-0.01654,-0.01668,0.99537,1.00
7620,-0.03986,0.01901,-0.01715,0.99888,-0.04910,-0.01607,-0.00079,0.99866,-0.08914,0.00374,-0.01635,0.99588,1.00,-0.04892,-0.04318,-0.00212,0.99787,-0.08942,-0.02341,-0.01658,0.99558,1.00
7631,-0.03972,0.01892,-0.01711,0.99889,-0.04924,-0.01598,-0.00079,0.99866,-0.08914,0.00375,-0.01631,0.99588,1.00,-0.04907,-0.04310,-0.00212,0.99786,-0.08942,-0.02341,-0.01655,0.99558,1.00
7642,-0.03946,0.01890,-0.01715,0.99890,-0.04950,-0.01596,-0.00079,0.99865,-0.08914,0.00374,-0.01635,0.99588,1.00,-0.04932,-0.04308,-0.00213,0.99785,-0.08942,-0.02341,-0.01661,0.99558,1.00
7653,-0.03931,0.01871,-0.01717,0.99890,-0.04942,-0.01602,-0.00079,0.99865,-0.08892,0.00350,-0.01638,0.99590,1.00,-0.04923,-0.04314,-0.00213,0.99785,-0.08918,-0.02366,-0.01664,0.99560,1.00
7664,-0.03914,0.01870,-0.01729,0.99891,-0.04960,-0.01603,-0.00080,0.99864,-0.08892,0.00348,-0.01651,0.99590,1.00,-0.04940,-0.04315,-0.00214,0.99784,-0.08918,-0.02367,-0.01678,0.99559,1.00
7675,-0.03907,0.01865,-0.01724,0.99891,-0.04966,-0.01597,-0.00079,0.99864,-0.08892,0.00349,-0.01646,0.99590,1.00,-0.04947,-0.04309,-0.00214,0.99784,-0.08918,-0.02367,-0.01673,0.99559,1.00
7686,-0.03908,0.01864,-0.01721,0.99891,-0.04883,-0.01608,-0.00079,0.99868,-0.08810,0.00337,-0.01643,0.99597,1.00,-0.04864,-0.04319,-0.00211,0.99788,-0.08837,-0.02378,-0.01668,0.99566,1.00
7698,-0.03907,0.01869,-0.01721,0.99891,-0.04885,-0.01612,-0.00079,0.99868,-0.08810,0.00337,-0.01643,0.99597,1.00,-0.04865,-0.04323,-0.00211,0.99788,-0.08837,-0.02378,-0.01668,0.99566,1.00
7709,-0.03911,0.01883,-0.01727,0.99891,-0.04880,-0.01626,-0.00079,0.99868,-0.08810,0.00337,-0.01648,0.99597,1.00,-0.04860,-0.04338,-0.00211,0.99787,-0.08837,-0.02379,-0.01673,0.99566,1.00
7720,-0.03918,0.01900,-0.01738,0.99890,-0.05000,-0.01559,-0.00078,0.99863,-0.08936,0.00425,-0.01657,0.99585,1.00,-0.04980,-0.04271,-0.00213,0.99784,-0.08962,-0.02292,-0.01685,0.99557,1.00
7731,-0.03918,0.01923,-0.01762,0.99889,-0.04999,-0.01585,-0.00079,0.99862,-0.08936,0.00423,-0.01680,0.99585,1.00,-0.04978,-0.04297,-0.00214,0.99783,-0.08962,-0.02294,-0.01708,0.99557,1.00
7742,-0.03903,0.01954,-0.01795,0.99889,-0.05014,-0.01620,-0.00081,0.99861,-0.08936,0.00420,-0.01713,0.99584,1.00,-0.04990,-0.04332,-0.00217,0.99781,-0.08961,-0.02297,-0.01741,0.99556,1.00
7753,-0.03888,0.01969,-0.01813,0.99889,-0.05023,-0.01620,-0.00081,0.99861,-0.08931,0.00436,-0.01730,0.99584,1.00,-0.05000,-0.04332,-0.00217,0.99781,-0.08956,-0.02281,-0.01759,0.99556,1.00
7764,-0.03875,0.01997,-0.01819,0.99888,-0.05036,-0.01649,-0.00083,0.99859,-0.08931,0.00435,-0.01735,0.99584,1.00,-0.05011,-0.04361,-0.00219,0.99779,-0.08956,-0.02281,-0.01765,0.99556,1.00
7775,-0.03863,0.02010,-0.01810,0.99889,-0.05048,-0.01661,-0.00084,0.99859,-0.08931,0.00436,-0.01726,0.99584,1.00,-0.05024,-0.04373,-0.00220,0.99778,-0.08956,-0.02280,-0.01756,0.99557,1.00
7786,-0.03846,0.02027,-0.01810,0.99889,-0.05161,-0.01816,-0.00094,0.99850,-0.09030,0.00300,-0.01726,0.99576,1.00,-0.05138,-0.04528,-0.00233,0.99765,-0.09056,-0.02416,-0.01760,0.99544,1.00
7798,-0.03827,0.02043,-0.01802,0.99890,-0.05180,-0.01831,-0.00095,0.99849,-0.09030,0.00301,-0.01718,0.99576,1.00,-0.05158,-0.04543,-0.00235,0.99763,-0.09056,-0.02416,-0.01753,0.99544,1.00
7809,-0.03819,0.02047,-0.01800,0.99890,-0.05188,-0.01835,-0.00095,0.99848,-0.09030,0.00301,-0.01716,0.99576,1.00,-0.05166,-0.04547,-0.00235,0.99763,-0.09056,-0.02416,-0.01751,0.99544,1.00
7820,-0.03815,0.02049,-0.01800,0.99890,-0.05344,-0.01952,-0.00104,0.99838,-0.09184,0.00188,-0.01718,0.99562,1.00,-0.05320,-0.04664,-0.00249,0.99749,-0.09209,-0.02529,-0.01757,0.99527,1.00
7831,-0.03808,0.02048,-0.01801,0.99890,-0.05351,-0.01951,-0.00105,0.99838,-0.09184,0.00188,-0.01719,0.99562,1.00,-0.05327,-0.04663,-0.00249,0.99749,-0.09209,-0.02529,-0.01759,0.99527,1.00
7842,-0.03801,0.02048,-0.01799,0.99891,-0.05364,-0.01805,-0.00097,0.99840,-0.09188,0.00335,-0.01714,0.99562,1.00,-0.05341,-0.04517,-0.00242,0.99755,-0.09214,-0.02383,-0.01755,0.99531,1.00
7853,-0.03806,0.02042,-0.01797,0.99891,-0.05360,-0.01798,-0.00097,0.99840,-0.09188,0.00335,-0.01712,0.99562,1.00,-0.05337,-0.04511,-0.00241,0.99755,-0.09214,-0.02382,-0.01753,0.99531,1.00
7865,-0.03804,0.02033,-0.01792,0.99891,-0.05361,-0.01788,-0.00096,0.99840,-0.09188,0.00335,-0.01708,0.99562,1.00,-0.05339,-0.04501,-0.00241,0.99756,-0.09214,-0.02382,-0.01748,0.99531,1.00
7876,-0.03798,0.02018,-0.01784,0.99892,-0.05368,-0.01773,-0.00095,0.99840,-0.09188,0.00336,-0.01701,0.99562,1.00,-0.05346,-0.04485,-0.00240,0.99756,-0.09214,-0.02381,-0.01742,0.99531,1.00
7887,-0.03793,0.02008,-0.01782,0.99892,-0.05355,-0.01757,-0.00094,0.99841,-0.09169,0.00342,-0.01699,0.99564,1.00,-0.05333,-0.04470,-0.00239,0.99757,-0.09195,-0.02376,-0.01739,0.99533,1.00
7898,-0.03780,0.01999,-0.01777,0.99893,-0.05368,-0.01747,-0.00094,0.99840,-0.09169,0.00342,-0.01695,0.99564,1.00,-0.05346,-0.04460,-0.00239,0.99757,-0.09195,-0.02375,-0.01736,0.99533,1.00
7909,-0.03755,0.01991,-0.01783,0.99894,-0.05334,-0.01746,-0.00093,0.99842,-0.09111,0.00335,-0.01701,0.99569,1.00,-0.05312,-0.04459,-0.00237,0.99759,-0.09137,-0.02382,-0.01742,0.99538,1.00
7920,-0.03729,0.01986,-0.01780,0.99895,-0.05360,-0.01741,-0.00093,0.99841,-0.09111,0.00336,-0.01700,0.99569,1.00,-0.05338,-0.04453,-0.00238,0.99758,-0.09137,-0.02382,-0.01742,0.99538,1.00
7931,-0.03709,0.01981,-0.01783,0.99896,-0.05380,-0.01737,-0.00094,0.99840,-0.09111,0.00335,-0.01703,0.99569,1.00,-0.05358,-0.04450,-0.00239,0.99757,-0.09137,-0.02382,-0.01746,0.99538,1.00
7943,-0.03700,0.01974,-0.01774,0.99896,-0.05390,-0.01729,-0.00093,0.99840,-0.09111,0.00336,-0.01694,0.99569,1.00,-0.05368,-0.04441,-0.00239,0.99757,-0.09137,-0.02381,-0.01738,0.99538,1.00
7954,-0.03686,0.01974,-0.01761,0.99897,-0.05290,-0.01674,-0.00089,0.99846,-0.08996,0.00389,-0.01681,0.99580,1.00,-0.05269,-0.04387,-0.00232,0.99764,-0.09023,-0.02329,-0.01723,0.99550,1.00
7965,-0.03669,0.01971,-0.01770,0.99898,-0.05307,-0.01673,-0.00089,0.99845,-0.08996,0.00388,-0.01690,0.99579,1.00,-0.05286,-0.04386,-0.00232,0.99764,-0.09023,-0.02329,-0.01733,0.99550,1.00
7976,-0.03655,0.01972,-0.01791,0.99898,-0.05273,-0.01694,-0.00089,0.99846,-0.08950,0.00368,-0.01712,0.99583,1.00,-0.05251,-0.04406,-0.00232,0.99765,-0.08975,-0.02349,-0.01754,0.99553,1.00
7987,-0.03658,0.01977,-0.01811,0.99897,-0.05270,-0.01702,-0.00090,0.99846,-0.08950,0.00366,-0.01731,0.99583,1.00,-0.05246,-0.04415,-0.00232,0.99764,-0.08975,-0.02351,-0.01773,0.99553,1.00
7998,-0.03661,0.01990,-0.01812,0.99897,-0.05266,-0.01715,-0.00090,0.99846,-0.08950,0.00366,-0.01732,0.99583,1.00,-0.05243,-0.04427,-0.00233,0.99764,-0.08975,-0.02351,-0.01773,0.99553,1.00
8009,-0.03665,0.01996,-0.01809,0.99897,-0.05253,-0.01873,-0.00099,0.99844,-0.08943,0.00213,-0.01731,0.99584,1.00,-0.05230,-0.04585,-0.00240,0.99758,-0.08968,-0.02504,-0.01772,0.99550,1.00
8021,-0.03667,0.02010,-0.01802,0.99896,-0.05251,-0.01886,-0.00099,0.99844,-0.08943,0.00213,-0.01723,0.99584,1.00,-0.05228,-0.04598,-0.00241,0.99757,-0.08968,-0.02503,-0.01764,0.99550,1.00
8032,-0.03669,0.02028,-0.01798,0.99896,-0.05249,-0.01904,-0.00100,0.99844,-0.08943,0.00214,-0.01718,0.99584,1.00,-0.05226,-0.04616,-0.00242,0.99756,-0.08968,-0.02503,-0.01759,0.99550,1.00
8043,-0.03672,0.02043,-0.01801,0.99895,-0.05344,-0.02318,-0.00124,0.99830,-0.09048,-0.00185,-0.01728,0.99575,1.00,-0.05318,-0.05029,-0.00268,0.99731,-0.09070,-0.02900,-0.01771,0.99530,1.00
8054,-0.03676,0.02061,-0.01816,0.99895,-0.05339,-0.02339,-0.00125,0.99830,-0.09048,-0.00186,-0.01742,0.99574,1.00,-0.05312,-0.05049,-0.00269,0.99731,-0.09070,-0.02901,-0.01785,0.99530,1.00
8065,-0.03681,0.02065,-0.01822,0.99894,-0.05334,-0.02343,-0.00125,0.99830,-0.09048,-0.00187,-0.01748,0.99574,1.00,-0.05306,-0.05053,-0.00269,0.99731,-0.09070,-0.02902,-0.01791,0.99529,1.00
8076,-0.03686,0.02077,-0.01820,0.99894,-0.05329,-0.02355,-0.00126,0.99830,-0.09048,-0.00187,-0.01745,0.99574,1.00,-0.05301,-0.05065,-0.00269,0.99730,-0.09070,-0.02902,-0.01788,0.99530,1.00
8087,-0.03686,0.02084,-0.01822,0.99894,-0.05320,-0.02392,-0.00127,0.99830,-0.09040,-0.00217,-0.01747,0.99575,1.00,-0.05292,-0.05102,-0.00271,0.99729,-0.09062,-0.02932,-0.01789,0.99529,1.00
8099,-0.03690,0.02083,-0.01815,0.99894,-0.05317,-0.02390,-0.00127,0.99830,-0.09040,-0.00216,-0.01740,0.99575,1.00,-0.05290,-0.05100,-0.00270,0.99729,-0.09062,-0.02931,-0.01782,0.99529,1.00
8110,-0.03691,0.02077,-0.01814,0.99894,-0.05315,-0.02384,-0.00127,0.99830,-0.09040,-0.00216,-0.01739,0.99575,1.00,-0.05288,-0.05094,-0.00270,0.99730,-0.09062,-0.02931,-0.01781,0.99529,1.00
8121,-0.03698,0.02071,-0.01815,0.99894,-0.05329,-0.02348,-0.00125,0.99830,-0.09061,-0.00186,-0.01740,0.99573,1.00,-0.05303,-0.05058,-0.00269,0.99731,-0.09083,-0.02901,-0.01782,0.99528,1.00
8132,-0.03699,0.02058,-0.01818,0.99894,-0.05328,-0.02336,-0.00125,0.99831,-0.09061,-0.00186,-0.01743,0.99573,1.00,-0.05302,-0.05046,-0.00268,0.99731,-0.09082,-0.02901,-0.01785,0.99528,1.00
8143,-0.03701,0.02047,-0.01825,0.99894,-0.05327,-0.02325,-0.00124,0.99831,-0.09061,-0.00187,-0.01751,0.99573,1.00,-0.05300,-0.05035,-0.00268,0.99732,-0.09082,-0.02902,-0.01792,0.99528,1.00
8154,-0.03704,0.02032,-0.01818,0.99894,-0.05379,-0.02386,-0.00129,0.99827,-0.09118,-0.00262,-0.01745,0.99568,1.00,-0.05352,-0.05095,-0.00273,0.99726,-0.09139,-0.02976,-0.01788,0.99521,1.00
8165,-0.03712,0.02023,-0.01807,0.99894,-0.05372,-0.02375,-0.00128,0.99827,-0.09118,-0.00261,-0.01735,0.99568,1.00,-0.05345,-0.05085,-0.00273,0.99727,-0.09139,-0.02975,-0.01777,0.99521,1.00
8177,-0.03715,0.02012,-0.01800,0.99894,-0.05408,-0.02366,-0.00128,0.99826,-0.09156,-0.00262,-0.01729,0.99565,1.00,-0.05381,-0.05076,-0.00274,0.99726,-0.09177,-0.02977,-0.01772,0.99518,1.00
8187,-0.03715,0.02008,-0.01798,0.99895,-0.05408,-0.02362,-0.00128,0.99826,-0.09156,-0.00262,-0.01727,0.99565,1.00,-0.05381,-0.05072,-0.00274,0.99726,-0.09177,-0.02977,-0.01770,0.99518,1.00
8199,-0.03705,0.02009,-0.01799,0.99895,-0.05418,-0.02363,-0.00128,0.99825,-0.09156,-0.00262,-0.01727,0.99565,1.00,-0.05392,-0.05073,-0.00274,0.99725,-0.09177,-0.02977,-0.01771,0.99518,1.00
8210,-0.03693,0.02012,-0.01793,0.99895,-0.05510,-0.02388,-0.00132,0.99819,-0.09236,-0.00284,-0.01723,0.99557,1.00,-0.05482,-0.05098,-0.00280,0.99719,-0.09256,-0.02999,-0.01770,0.99510,1.00
8221,-0.03673,0.02016,-0.01780,0.99896,-0.05530,-0.02390,-0.00132,0.99818,-0.09236,-0.00282,-0.01709,0.99558,1.00,-0.05503,-0.05101,-0.00282,0.99718,-0.09257,-0.02998,-0.01758,0.99510,1.00
8232,-0.03644,0.02033,-0.01769,0.99897,-0.05559,-0.02407,-0.00134,0.99816,-0.09236,-0.00281,-0.01699,0.99558,1.00,-0.05533,-0.05117,-0.00284,0.99715,-0.09257,-0.02997,-0.01749,0.99510,1.00
8243,-0.03622,0.02042,-0.01758,0.99898,-0.05646,-0.02341,-0.00132,0.99813,-0.09299,-0.00207,-0.01687,0.99552,1.00,-0.05620,-0.05053,-0.00285,0.99714,-0.09321,-0.02923,-0.01739,0.99507,1.00
8254,-0.03608,0.02056,-0.01754,0.99898,-0.05660,-0.02355,-0.00134,0.99812,-0.09299,-0.00206,-0.01683,0.99552,1.00,-0.05634,-0.05067,-0.00286,0.99712,-0.09321,-0.02923,-0.01736,0.99507,1.00
8266,-0.03601,0.02063,-0.01757,0.99898,-0.05666,-0.02363,-0.00134,0.99811,-0.09299,-0.00207,-0.01686,0.99552,1.00,-0.05640,-0.05075,-0.00287,0.99711,-0.09321,-0.02923,-0.01740,0.99507,1.00
8277,-0.03593,0.02073,-0.01761,0.99898,-0.05543,-0.02166,-0.00120,0.99823,-0.09165,-0.00002,-0.01686,0.99565,1.00,-0.05517,-0.04878,-0.00270,0.99728,-0.09187,-0.02718,-0.01736,0.99525,1.00
8288,-0.03586,0.02075,-0.01765,0.99899,-0.05549,-0.02169,-0.00121,0.99822,-0.09165,-0.00002,-0.01690,0.99565,1.00,-0.05524,-0.04881,-0.00270,0.99728,-0.09186,-0.02719,-0.01741,0.99525,1.00
8299,-0.03581,0.02080,-0.01769,0.99899,-0.05555,-0.02175,-0.00121,0.99822,-0.09165,-0.00002,-0.01694,0.99565,1.00,-0.05529,-0.04886,-0.00271,0.99727,-0.09186,-0.02719,-0.01745,0.99525,1.00
8310,-0.03582,0.02080,-0.01784,0.99898,-0.05611,-0.02347,-0.00132,0.99815,-0.09225,-0.00173,-0.01711,0.99559,1.00,-0.05582,-0.05058,-0.00283,0.99715,-0.09244,-0.02890,-0.01764,0.99514,1.00
8321,-0.03589,0.02076,-0.01802,0.99898,-0.05603,-0.02346,-0.00132,0.99815,-0.09225,-0.00175,-0.01730,0.99558,1.00,-0.05573,-0.05057,-0.00283,0.99716,-0.09244,-0.02891,-0.01782,0.99514,1.00
8332,-0.03599,0.02075,-0.01819,0.99897,-0.05593,-0.02347,-0.00132,0.99816,-0.09225,-0.00176,-0.01746,0.99558,1.00,-0.05562,-0.05058,-0.00282,0.99717,-0.09243,-0.02893,-0.01798,0.99514,1.00
8344,-0.03606,0.02073,-0.01820,0.99897,-0.05585,-0.02345,-0.00131,0.99816,-0.09225,-0.00176,-0.01747,0.99558,1.00,-0.05555,-0.05056,-0.00282,0.99717,-0.09243,-0.02893,-0.01798,0.99514,1.00
8355,-0.03618,0.02068,-0.01814,0.99897,-0.05565,-0.02329,-0.00130,0.99818,-0.09215,-0.00166,-0.01741,0.99559,1.00,-0.05535,-0.05040,-0.00280,0.99719,-0.09235,-0.02882,-0.01791,0.99515,1.00
8365,-0.03626,0.02071,-0.01810,0.99896,-0.05557,-0.02331,-0.00130,0.99818,-0.09215,-0.00166,-0.01737,0.99559,1.00,-0.05528,-0.05042,-0.00280,0.99719,-0.09235,-0.02882,-0.01787,0.99515,1.00
8377,-0.03633,0.02080,-0.01811,0.99896,-0.05561,-0.02461,-0.00137,0.99815,-0.09229,-0.00287,-0.01740,0.99558,1.00,-0.05532,-0.05171,-0.00287,0.99712,-0.09249,-0.03002,-0.01790,0.99510,1.00
8388,-0.03642,0.02099,-0.01812,0.99895,-0.05552,-0.02480,-0.00138,0.99815,-0.09229,-0.00287,-0.01740,0.99558,1.00,-0.05523,-0.05190,-0.00288,0.99712,-0.09249,-0.03002,-0.01789,0.99510,1.00
8399,-0.03639,0.02126,-0.01821,0.99895,-0.05554,-0.02508,-0.00140,0.99814,-0.09229,-0.00287,-0.01747,0.99557,1.00,-0.05524,-0.05219,-0.00289,0.99710,-0.09249,-0.03003,-0.01797,0.99510,1.00
8410,-0.03610,0.02151,-0.01847,0.99895,-0.05479,-0.02395,-0.00131,0.99821,-0.09124,-0.00149,-0.01771,0.99567,1.00,-0.05449,-0.05106,-0.00279,0.99720,-0.09144,-0.02865,-0.01819,0.99523,1.00
8421,-0.03585,0.02173,-0.01870,0.99895,-0.05503,-0.02421,-0.00133,0.99819,-0.09124,-0.00151,-0.01794,0.99567,1.00,-0.05472,-0.05132,-0.00282,0.99718,-0.09143,-0.02867,-0.01843,0.99523,1.00
8432,-0.03557,0.02199,-0.01874,0.99895,-0.05530,-0.02448,-0.00136,0.99817,-0.09124,-0.00152,-0.01798,0.99567,1.00,-0.05499,-0.05159,-0.00284,0.99715,-0.09143,-0.02868,-0.01849,0.99523,1.00
8444,-0.03530,0.02225,-0.01863,0.99896,-0.05540,-0.02555,-0.00142,0.99814,-0.09109,-0.00234,-0.01788,0.99568,1.00,-0.05510,-0.05265,-0.00291,0.99709,-0.09129,-0.02949,-0.01840,0.99522,1.00
8455,-0.03493,0.02247,-0.01854,0.99897,-0.05577,-0.02576,-0.00144,0.99811,-0.09109,-0.00233,-0.01779,0.99568,1.00,-0.05547,-0.05287,-0.00294,0.99706,-0.09129,-0.02949,-0.01833,0.99522,1.00
8466,-0.03450,0.02270,-0.01834,0.99898,-0.05620,-0.02598,-0.00146,0.99808,-0.09109,-0.00231,-0.01760,0.99568,1.00,-0.05592,-0.05308,-0.00298,0.99702,-0.09130,-0.02947,-0.01816,0.99522,1.00
8477,-0.03403,0.02292,-0.01825,0.99899,-0.05598,-0.02586,-0.00145,0.99810,-0.09040,-0.00198,-0.01750,0.99575,1.00,-0.05570,-0.05296,-0.00296,0.99704,-0.09062,-0.02914,-0.01807,0.99530,1.00
8488,-0.03365,0.02297,-0.01813,0.99901,-0.05636,-0.02590,-0.00146,0.99807,-0.09040,-0.00197,-0.01739,0.99575,1.00,-0.05609,-0.05300,-0.00298,0.99701,-0.09062,-0.02913,-0.01798,0.99530,1.00
8500,-0.03325,0.02306,-0.01812,0.99902,-0.05676,-0.02600,-0.00148,0.99805,-0.09040,-0.00197,-0.01739,0.99575,1.00,-0.05649,-0.05310,-0.00301,0.99699,-0.09062,-0.02913,-0.01800,0.99530,1.00
8511,-0.03296,0.02297,-0.01809,0.99903,-0.05705,-0.02591,-0.00148,0.99803,-0.09040,-0.00197,-0.01737,0.99575,1.00,-0.05678,-0.05301,-0.00302,0.99697,-0.09062,-0.02913,-0.01800,0.99530,1.00
8522,-0.03281,0.02289,-0.01805,0.99904,-0.05700,-0.02525,-0.00144,0.99805,-0.09018,-0.00140,-0.01732,0.99577,1.00,-0.05672,-0.05236,-0.00298,0.99701,-0.09039,-0.02856,-0.01795,0.99533,1.00
8532,-0.03269,0.02274,-0.01793,0.99905,-0.05713,-0.02508,-0.00144,0.99805,-0.09018,-0.00139,-0.01721,0.99578,1.00,-0.05686,-0.05219,-0.00298,0.99701,-0.09040,-0.02855,-0.01785,0.99534,1.00
8544,-0.03277,0.02261,-0.01783,0.99905,-0.05705,-0.02494,-0.00143,0.99806,-0.09018,-0.00138,-0.01711,0.99578,1.00,-0.05679,-0.05204,-0.00296,0.99702,-0.09040,-0.02854,-0.01775,0.99534,1.00
8555,-0.03278,0.02249,-0.01772,0.99905,-0.05704,-0.02330,-0.00133,0.99810,-0.09016,0.00014,-0.01697,0.99578,1.00,-0.05678,-0.05041,-0.00287,0.99711,-0.09038,-0.02703,-0.01761,0.99539,1.00
8566,-0.03273,0.02234,-0.01782,0.99906,-0.05709,-0.02316,-0.00132,0.99810,-0.09016,0.00013,-0.01707,0.99578,1.00,-0.05683,-0.05028,-0.00287,0.99711,-0.09037,-0.02704,-0.01771,0.99538,1.00
8578,-0.03262,0.02220,-0.01795,0.99906,-0.05716,-0.02306,-0.00132,0.99810,-0.09011,0.00010,-0.01722,0.99578,1.00,-0.05687,-0.05018,-0.00286,0.99712,-0.09031,-0.02707,-0.01786,0.99539,1.00
8588,-0.03253,0.02207,-0.01808,0.99906,-0.05725,-0.02295,-0.00132,0.99810,-0.09011,0.00009,-0.01735,0.99578,1.00,-0.05695,-0.05007,-0.00286,0.99712,-0.09031,-0.02708,-0.01800,0.99538,1.00
8599,-0.03257,0.02195,-0.01810,0.99906,-0.05721,-0.02284,-0.00131,0.99810,-0.09011,0.00009,-0.01737,0.99578,1.00,-0.05692,-0.04995,-0.00285,0.99712,-0.09031,-0.02708,-0.01802,0.99538,1.00
8611,-0.03270,0.02186,-0.01793,0.99907,-0.05977,-0.02325,-0.00139,0.99794,-0.09279,-0.00038,-0.01722,0.99554,1.00,-0.05947,-0.05038,-0.00300,0.99695,-0.09298,-0.02757,-0.01793,0.99513,1.00
8622,-0.03279,0.02174,-0.01785,0.99907,-0.05968,-0.02312,-0.00138,0.99795,-0.09279,-0.00038,-0.01714,0.99554,1.00,-0.05938,-0.05024,-0.00299,0.99697,-0.09298,-0.02756,-0.01784,0.99513,1.00
8633,-0.03280,0.02168,-0.01790,0.99907,-0.05966,-0.02306,-0.00138,0.99795,-0.09279,-0.00038,-0.01719,0.99554,1.00,-0.05937,-0.05019,-0.00299,0.99697,-0.09298,-0.02756,-0.01789,0.99513,1.00
8644,-0.03286,0.02169,-0.01808,0.99906,-0.05958,-0.02349,-0.00140,0.99795,-0.09278,-0.00079,-0.01738,0.99553,1.00,-0.05928,-0.05062,-0.00301,0.99695,-0.09296,-0.02797,-0.01809,0.99511,1.00
8655,-0.03300,0.02174,-0.01827,0.99905,-0.05944,-0.02356,-0.00140,0.99795,-0.09278,-0.00081,-0.01756,0.99553,1.00,-0.05912,-0.05069,-0.00301,0.99696,-0.09296,-0.02799,-0.01826,0.99511,1.00
8666,-0.03331,0.02184,-0.01834,0.99904,-0.05913,-0.02367,-0.00140,0.99797,-0.09278,-0.00081,-0.01763,0.99553,1.00,-0.05881,-0.05079,-0.00300,0.99697,-0.09296,-0.02799,-0.01831,0.99511,1.00
8678,-0.03357,0.02194,-0.01824,0.99903,-0.05817,-0.02387,-0.00139,0.99802,-0.09209,-0.00094,-0.01752,0.99560,1.00,-0.05787,-0.05099,-0.00296,0.99702,-0.09229,-0.02811,-0.01816,0.99517,1.00
8689,-0.03371,0.02204,-0.01812,0.99902,-0.05804,-0.02395,-0.00139,0.99803,-0.09209,-0.00093,-0.01739,0.99560,1.00,-0.05775,-0.05106,-0.00296,0.99702,-0.09229,-0.02810,-0.01803,0.99517,1.00
8700,-0.03377,0.02214,-0.01808,0.99902,-0.05798,-0.02404,-0.00140,0.99803,-0.09209,-0.00092,-0.01734,0.99560,1.00,-0.05769,-0.05116,-0.00296,0.99702,-0.09229,-0.02809,-0.01798,0.99517,1.00
8711,-0.03381,0.02232,-0.01808,0.99902,-0.05581,-0.02412,-0.00135,0.99815,-0.08997,-0.00086,-0.01733,0.99579,1.00,-0.05554,-0.05123,-0.00285,0.99714,-0.09019,-0.02802,-0.01791,0.99537,1.00
8722,-0.03380,0.02236,-0.01811,0.99901,-0.05582,-0.02416,-0.00135,0.99815,-0.08997,-0.00086,-0.01736,0.99579,1.00,-0.05554,-0.05127,-0.00286,0.99714,-0.09019,-0.02802,-0.01794,0.99537,1.00
8733,-0.03380,0.02245,-0.01809,0.99901,-0.05582,-0.02426,-0.00136,0.99815,-0.08997,-0.00086,-0.01733,0.99579,1.00,-0.05554,-0.05137,-0.00286,0.99713,-0.09019,-0.02802,-0.01791,0.99537,1.00
8744,-0.03377,0.02249,-0.01811,0.99901,-0.05585,-0.02429,-0.00136,0.99814,-0.08997,-0.00086,-0.01736,0.99579,1.00,-0.05557,-0.05140,-0.00286,0.99713,-0.09019,-0.02802,-0.01794,0.99537,1.00
8756,-0.03371,0.02256,-0.01818,0.99901,-0.05611,-0.02427,-0.00136,0.99813,-0.09017,-0.00075,-0.01742,0.99577,1.00,-0.05582,-0.05138,-0.00288,0.99711,-0.09038,-0.02791,-0.01801,0.99535,1.00
8766,-0.03367,0.02261,-0.01818,0.99901,-0.05615,-0.02431,-0.00137,0.99813,-0.09017,-0.00075,-0.01742,0.99577,1.00,-0.05586,-0.05142,-0.00288,0.99711,-0.09038,-0.02791,-0.01801,0.99535,1.00
8778,-0.03364,0.02263,-0.01807,0.99901,-0.05623,-0.02561,-0.00144,0.99809,-0.09024,-0.00203,-0.01734,0.99577,1.00,-0.05594,-0.05271,-0.00296,0.99704,-0.09044,-0.02918,-0.01793,0.99531,1.00
8789,-0.03363,0.02266,-0.01788,0.99902,-0.05624,-0.02561,-0.00144,0.99809,-0.09024,-0.00201,-0.01715,0.99577,1.00,-0.05596,-0.05271,-0.00296,0.99704,-0.09044,-0.02917,-0.01774,0.99532,1.00
8800,-0.03354,0.02268,-0.01780,0.99902,-0.05634,-0.02562,-0.00145,0.99808,-0.09024,-0.00200,-0.01708,0.99577,1.00,-0.05606,-0.05272,-0.00296,0.99703,-0.09045,-0.02916,-0.01767,0.99532,1.00
8811,-0.03343,0.02270,-0.01775,0.99903,-0.05757,-0.02576,-0.00149,0.99801,-0.09138,-0.00211,-0.01703,0.99567,1.00,-0.05728,-0.05287,-0.00304,0.99695,-0.09157,-0.02927,-0.01766,0.99521,1.00
8822,-0.03333,0.02277,-0.01783,0.99903,-0.05767,-0.02585,-0.00149,0.99800,-0.09138,-0.00212,-0.01711,0.99567,1.00,-0.05738,-0.05296,-0.00305,0.99694,-0.09156,-0.02928,-0.01775,0.99521,1.00
8833,-0.03326,0.02279,-0.01788,0.99903,-0.05774,-0.02588,-0.00150,0.99799,-0.09137,-0.00212,-0.01717,0.99567,1.00,-0.05745,-0.05299,-0.00305,0.99694,-0.09156,-0.02929,-0.01781,0.99521,1.00
8844,-0.03322,0.02282,-0.01793,0.99903,-0.05805,-0.02582,-0.00150,0.99798,-0.09164,-0.00202,-0.01721,0.99564,1.00,-0.05774,-0.05293,-0.00307,0.99692,-0.09182,-0.02919,-0.01786,0.99519,1.00
8856,-0.03318,0.02286,-0.01792,0.99903,-0.05809,-0.02585,-0.00150,0.99798,-0.09164,-0.00202,-0.01720,0.99564,1.00,-0.05778,-0.05296,-0.00307,0.99692,-0.09182,-0.02919,-0.01785,0.99519,1.00
8867,-0.03320,0.02285,-0.01786,0.99903,-0.05807,-0.02584,-0.00150,0.99798,-0.09164,-0.00202,-0.01714,0.99564,1.00,-0.05776,-0.05295,-0.00307,0.99692,-0.09182,-0.02918,-0.01779,0.99519,1.00
8878,-0.03320,0.02289,-0.01775,0.99903,-0.05793,-0.02218,-0.00129,0.99807,-0.09143,0.00168,-0.01694,0.99567,1.00,-0.05766,-0.04930,-0.00285,0.99711,-0.09165,-0.02550,-0.01759,0.99531,1.00
8889,-0.03322,0.02288,-0.01772,0.99903,-0.05791,-0.02216,-0.00129,0.99808,-0.09143,0.00168,-0.01691,0.99567,1.00,-0.05764,-0.04929,-0.00285,0.99712,-0.09165,-0.02550,-0.01756,0.99531,1.00
8900,-0.03317,0.02285,-0.01765,0.99903,-0.05797,-0.02212,-0.00128,0.99807,-0.09143,0.00168,-0.01684,0.99567,1.00,-0.05770,-0.04925,-0.00285,0.99711,-0.09165,-0.02549,-0.01749,0.99531,1.00
8911,-0.03310,0.02281,-0.01756,0.99904,-0.05905,-0.01843,-0.00109,0.99808,-0.09238,0.00535,-0.01665,0.99557,1.00,-0.05881,-0.04558,-0.00269,0.99722,-0.09262,-0.02185,-0.01734,0.99531,1.00
8923,-0.03302,0.02275,-0.01750,0.99904,-0.05913,-0.01837,-0.00109,0.99808,-0.09238,0.00535,-0.01660,0.99557,1.00,-0.05889,-0.04552,-0.00269,0.99722,-0.09262,-0.02184,-0.01730,0.99531,1.00
8933,-0.03284,0.02272,-0.01748,0.99905,-0.05931,-0.01834,-0.00109,0.99807,-0.09238,0.00536,-0.01659,0.99557,1.00,-0.05907,-0.04549,-0.00269,0.99721,-0.09262,-0.02184,-0.01729,0.99531,1.00
8945,-0.03253,0.02266,-0.01743,0.99906,-0.05962,-0.01827,-0.00109,0.99805,-0.09238,0.00536,-0.01654,0.99557,1.00,-0.05938,-0.04542,-0.00271,0.99720,-0.09262,-0.02184,-0.01726,0.99531,1.00
8956,-0.03232,0.02258,-0.01732,0.99907,-0.06119,-0.01824,-0.00112,0.99796,-0.09372,0.00533,-0.01643,0.99545,1.00,-0.06094,-0.04540,-0.00277,0.99710,-0.09395,-0.02188,-0.01720,0.99519,1.00
8967,-0.03209,0.02254,-0.01719,0.99908,-0.06142,-0.01819,-0.00112,0.99795,-0.09372,0.00535,-0.01631,0.99545,1.00,-0.06118,-0.04535,-0.00278,0.99709,-0.09396,-0.02187,-0.01709,0.99519,1.00
8978,-0.03196,0.02252,-0.01723,0.99909,-0.05973,-0.01783,-0.00107,0.99806,-0.09191,0.00566,-0.01635,0.99562,1.00,-0.05949,-0.04498,-0.00268,0.99721,-0.09214,-0.02154,-0.01708,0.99537,1.00
8989,-0.03170,0.02247,-0.01721,0.99910,-0.05999,-0.01778,-0.00107,0.99804,-0.09191,0.00566,-0.01633,0.99562,1.00,-0.05975,-0.04494,-0.00269,0.99720,-0.09214,-0.02154,-0.01709,0.99537,1.00
9000,-0.03155,0.02242,-0.01726,0.99910,-0.06014,-0.01774,-0.00107,0.99803,-0.09191,0.00566,-0.01639,0.99562,1.00,-0.05990,-0.04489,-0.00270,0.99719,-0.09214,-0.02155,-0.01715,0.99537,1.00
9012,-0.03129,0.02237,-0.01720,0.99911,-0.06078,-0.01782,-0.00109,0.99799,-0.09229,0.00553,-0.01633,0.99558,1.00,-0.06053,-0.04498,-0.00273,0.99715,-0.09251,-0.02168,-0.01712,0.99533,1.00
9023,-0.03108,0.02232,-0.01718,0.99912,-0.06100,-0.01778,-0.00109,0.99798,-0.09229,0.00553,-0.01631,0.99558,1.00,-0.06074,-0.04494,-0.00274,0.99714,-0.09251,-0.02168,-0.01711,0.99533,1.00
9034,-0.03091,0.02222,-0.01711,0.99913,-0.06117,-0.01767,-0.00108,0.99797,-0.09229,0.00553,-0.01625,0.99558,1.00,-0.06092,-0.04483,-0.00274,0.99713,-0.09251,-0.02168,-0.01706,0.99533,1.00
9045,-0.03077,0.02218,-0.01719,0.99913,-0.06071,-0.01778,-0.00108,0.99800,-0.09169,0.00538,-0.01634,0.99564,1.00,-0.06045,-0.04494,-0.00272,0.99716,-0.09191,-0.02183,-0.01714,0.99538,1.00
9056,-0.03075,0.02207,-0.01719,0.99914,-0.06073,-0.01768,-0.00108,0.99800,-0.09169,0.00538,-0.01634,0.99564,1.00,-0.06047,-0.04484,-0.00272,0.99716,-0.09191,-0.02183,-0.01714,0.99538,1.00
9067,-0.03066,0.02209,-0.01724,0.99914,-0.06082,-0.01770,-0.00108,0.99799,-0.09169,0.00537,-0.01639,0.99564,1.00,-0.06056,-0.04486,-0.00272,0.99715,-0.09191,-0.02184,-0.01720,0.99538,1.00
9078,-0.03054,0.02209,-0.01741,0.99914,-0.06232,-0.01828,-0.00114,0.99789,-0.09309,0.00483,-0.01657,0.99551,1.00,-0.06204,-0.04544,-0.00283,0.99703,-0.09330,-0.02239,-0.01742,0.99523,1.00
9089,-0.03038,0.02209,-0.01770,0.99914,-0.06248,-0.01833,-0.00115,0.99788,-0.09310,0.00480,-0.01687,0.99550,1.00,-0.06219,-0.04550,-0.00284,0.99702,-0.09329,-0.02242,-0.01773,0.99523,1.00
9100,-0.03022,0.02219,-0.01786,0.99914,-0.06264,-0.01845,-0.00116,0.99786,-0.09310,0.00479,-0.01703,0.99550,1.00,-0.06233,-0.04562,-0.00285,0.99701,-0.09329,-0.02243,-0.01789,0.99523,1.00
9112,-0.03016,0.02221,-0.01790,0.99914,-0.06257,-0.01892,-0.00119,0.99786,-0.09298,0.00434,-0.01709,0.99551,1.00,-0.06227,-0.04609,-0.00288,0.99699,-0.09317,-0.02287,-0.01795,0.99523,1.00
9122,-0.03007,0.02232,-0.01790,0.99914,-0.06265,-0.01903,-0.00119,0.99785,-0.09298,0.00434,-0.01709,0.99551,1.00,-0.06235,-0.04620,-0.00289,0.99698,-0.09317,-0.02287,-0.01795,0.99523,1.00
9134,-0.02992,0.02241,-0.01790,0.99914,-0.06281,-0.01912,-0.00120,0.99784,-0.09298,0.00435,-0.01708,0.99551,1.00,-0.06250,-0.04629,-0.00290,0.99697,-0.09317,-0.02287,-0.01796,0.99523,1.00
9145,-0.02971,0.02263,-0.01795,0.99914,-0.06301,-0.01935,-0.00122,0.99782,-0.09298,0.00434,-0.01713,0.99551,1.00,-0.06271,-0.04652,-0.00293,0.99694,-0.09317,-0.02288,-0.01802,0.99522,1.00
9156,-0.02949,0.02274,-0.01802,0.99914,-0.06451,-0.02099,-0.00136,0.99770,-0.09429,0.00284,-0.01725,0.99539,1.00,-0.06420,-0.04816,-0.00310,0.99677,-0.09449,-0.02438,-0.01818,0.99506,1.00
9167,-0.02939,0.02292,-0.01802,0.99914,-0.06462,-0.02117,-0.00137,0.99768,-0.09429,0.00284,-0.01724,0.99539,1.00,-0.06431,-0.04834,-0.00312,0.99675,-0.09449,-0.02438,-0.01818,0.99506,1.00
9179,-0.02932,0.02306,-0.01798,0.99914,-0.06426,-0.02139,-0.00138,0.99770,-0.09388,0.00275,-0.01721,0.99543,1.00,-0.06396,-0.04856,-0.00312,0.99677,-0.09408,-0.02447,-0.01814,0.99510,1.00
9189,-0.02928,0.02327,-0.01803,0.99914,-0.06430,-0.02160,-0.00139,0.99770,-0.09388,0.00275,-0.01725,0.99543,1.00,-0.06400,-0.04877,-0.00313,0.99675,-0.09408,-0.02447,-0.01819,0.99510,1.00
9200,-0.02924,0.02342,-0.01803,0.99914,-0.06434,-0.02175,-0.00140,0.99769,-0.09388,0.00275,-0.01724,0.99543,1.00,-0.06403,-0.04892,-0.00314,0.99674,-0.09408,-0.02447,-0.01818,0.99510,1.00
9212,-0.02925,0.02351,-0.01808,0.99913,-0.06278,-0.02140,-0.00135,0.99780,-0.09233,0.00317,-0.01728,0.99557,1.00,-0.06248,-0.04855,-0.00304,0.99686,-0.09254,-0.02404,-0.01817,0.99525,1.00
9223,-0.02929,0.02357,-0.01813,0.99913,-0.06274,-0.02147,-0.00135,0.99780,-0.09233,0.00317,-0.01733,0.99557,1.00,-0.06244,-0.04862,-0.00305,0.99686,-0.09254,-0.02404,-0.01822,0.99525,1.00
9234,-0.02926,0.02362,-0.01816,0.99913,-0.06277,-0.02152,-0.00135,0.99780,-0.09233,0.00317,-0.01736,0.99557,1.00,-0.06247,-0.04868,-0.00305,0.99685,-0.09254,-0.02404,-0.01825,0.99525,1.00
9245,-0.02925,0.02363,-0.01829,0.99913,-0.06261,-0.02068,-0.00130,0.99782,-0.09215,0.00403,-0.01746,0.99558,1.00,-0.06231,-0.04784,-0.00299,0.99691,-0.09236,-0.02319,-0.01835,0.99529,1.00
9256,-0.02926,0.02366,-0.01840,0.99912,-0.06260,-0.02073,-0.00130,0.99782,-0.09215,0.00402,-0.01757,0.99558,1.00,-0.06230,-0.04789,-0.00299,0.99690,-0.09236,-0.02320,-0.01846,0.99528,1.00
9267,-0.02929,0.02364,-0.01854,0.99912,-0.06257,-0.02072,-0.00130,0.99782,-0.09215,0.00400,-0.01771,0.99558,1.00,-0.06225,-0.04788,-0.00299,0.99691,-0.09236,-0.02321,-0.01859,0.99528,1.00
9279,-0.02934,0.02363,-0.01859,0.99912,-0.06307,-0.02050,-0.00130,0.99780,-0.09270,0.00423,-0.01775,0.99553,1.00,-0.06277,-0.04765,-0.00300,0.99689,-0.09291,-0.02298,-0.01865,0.99523,1.00
9290,-0.02948,0.02360,-0.01857,0.99911,-0.06293,-0.02047,-0.00129,0.99781,-0.09270,0.00423,-0.01773,0.99553,1.00,-0.06262,-0.04763,-0.00299,0.99690,-0.09291,-0.02298,-0.01862,0.99523,1.00
9301,-0.02969,0.02348,-0.01848,0.99911,-0.06272,-0.02033,-0.00128,0.99782,-0.09270,0.00424,-0.01764,0.99553,1.00,-0.06242,-0.04749,-0.00297,0.99692,-0.09291,-0.02297,-0.01851,0.99524,1.00
9312,-0.03005,0.02341,-0.01837,0.99911,-0.06248,-0.02091,-0.00131,0.99783,-0.09282,0.00357,-0.01755,0.99552,1.00,-0.06219,-0.04807,-0.00300,0.99690,-0.09304,-0.02364,-0.01841,0.99521,1.00
9323,-0.03022,0.02337,-0.01856,0.99910,-0.06230,-0.02091,-0.00131,0.99784,-0.09282,0.00355,-0.01774,0.99552,1.00,-0.06200,-0.04806,-0.00299,0.99691,-0.09304,-0.02365,-0.01859,0.99521,1.00
9334,-0.03048,0.02333,-0.01877,0.99909,-0.06205,-0.02089,-0.00130,0.99785,-0.09282,0.00353,-0.01794,0.99551,1.00,-0.06174,-0.04804,-0.00298,0.99693,-0.09303,-0.02367,-0.01878,0.99520,1.00
9346,-0.03061,0.02335,-0.01897,0.99908,-0.06234,-0.02103,-0.00131,0.99783,-0.09326,0.00343,-0.01814,0.99547,1.00,-0.06203,-0.04818,-0.00300,0.99691,-0.09347,-0.02378,-0.01898,0.99516,1.00
9356,-0.03077,0.02328,-0.01897,0.99908,-0.06218,-0.02096,-0.00131,0.99784,-0.09326,0.00343,-0.01814,0.99547,1.00,-0.06186,-0.04812,-0.00299,0.99692,-0.09347,-0.02378,-0.01898,0.99516,1.00
9368,-0.03089,0.02330,-0.01894,0.99907,-0.06207,-0.02098,-0.00130,0.99785,-0.09326,0.00343,-0.01811,0.99547,1.00,-0.06175,-0.04813,-0.00298,0.99693,-0.09347,-0.02378,-0.01893,0.99516,1.00
9379,-0.03104,0.02318,-0.01876,0.99907,-0.06185,-0.01947,-0.00121,0.99789,-0.09316,0.00481,-0.01789,0.99548,1.00,-0.06157,-0.04663,-0.00288,0.99701,-0.09340,-0.02240,-0.01871,0.99520,1.00
9390,-0.03124,0.02321,-0.01867,0.99907,-0.06165,-0.01948,-0.00120,0.99791,-0.09316,0.00481,-0.01780,0.99548,1.00,-0.06138,-0.04663,-0.00287,0.99702,-0.09341,-0.02239,-0.01861,0.99520,1.00
9401,-0.03145,0.02315,-0.01868,0.99906,-0.06145,-0.01942,-0.00120,0.99792,-0.09316,0.00481,-0.01780,0.99548,1.00,-0.06117,-0.04657,-0.00286,0.99704,-0.09341,-0.02239,-0.01860,0.99520,1.00
9412,-0.03166,0.02311,-0.01876,0.99906,-0.06118,-0.01944,-0.00119,0.99794,-0.09311,0.00475,-0.01788,0.99548,1.00,-0.06091,-0.04659,-0.00285,0.99705,-0.09336,-0.02246,-0.01866,0.99520,1.00
9423,-0.03181,0.02307,-0.01883,0.99905,-0.06103,-0.01941,-0.00119,0.99795,-0.09311,0.00474,-0.01795,0.99548,1.00,-0.06075,-0.04657,-0.00284,0.99706,-0.09336,-0.02247,-0.01873,0.99520,1.00
9434,-0.03191,0.02308,-0.01890,0.99905,-0.06093,-0.01943,-0.00119,0.99795,-0.09311,0.00473,-0.01802,0.99548,1.00,-0.06064,-0.04659,-0.00283,0.99707,-0.09335,-0.02247,-0.01879,0.99520,1.00
9446,-0.03195,0.02306,-0.01889,0.99904,-0.05993,-0.01969,-0.00118,0.99801,-0.09216,0.00444,-0.01803,0.99557,1.00,-0.05966,-0.04684,-0.00280,0.99712,-0.09241,-0.02276,-0.01877,0.99528,1.00
9457,-0.03200,0.02304,-0.01888,0.99904,-0.05989,-0.01967,-0.00118,0.99801,-0.09216,0.00444,-0.01801,0.99557,1.00,-0.05961,-0.04682,-0.00280,0.99712,-0.09241,-0.02276,-0.01875,0.99528,1.00
9468,-0.03197,0.02307,-0.01887,0.99904,-0.05992,-0.01969,-0.00118,0.99801,-0.09216,0.00444,-0.01800,0.99557,1.00,-0.05964,-0.04684,-0.00280,0.99712,-0.09241,-0.02276,-0.01874,0.99528,1.00
9479,-0.03194,0.02304,-0.01876,0.99905,-0.05967,-0.02604,-0.00156,0.99788,-0.09201,-0.00195,-0.01807,0.99559,1.00,-0.05936,-0.05316,-0.00317,0.99682,-0.09221,-0.02912,-0.01879,0.99514,1.00
9490,-0.03191,0.02307,-0.01873,0.99905,-0.05970,-0.02607,-0.00156,0.99788,-0.09201,-0.00195,-0.01804,0.99559,1.00,-0.05938,-0.05318,-0.00317,0.99681,-0.09221,-0.02912,-0.01877,0.99514,1.00
9501,-0.03185,0.02314,-0.01869,0.99905,-0.05976,-0.02613,-0.00156,0.99787,-0.09201,-0.00195,-0.01800,0.99559,1.00,-0.05945,-0.05324,-0.00318,0.99681,-0.09221,-0.02912,-0.01873,0.99514,1.00
9512,-0.03180,0.02321,-0.01868,0.99905,-0.05947,-0.02755,-0.00164,0.99785,-0.09170,-0.00330,-0.01802,0.99562,1.00,-0.05915,-0.05465,-0.00324,0.99675,-0.09188,-0.03046,-0.01875,0.99513,1.00
9524,-0.03177,0.02325,-0.01861,0.99905,-0.05950,-0.02758,-0.00164,0.99785,-0.09170,-0.00330,-0.01796,0.99562,1.00,-0.05918,-0.05468,-0.00325,0.99674,-0.09188,-0.03046,-0.01868,0.99513,1.00
9535,-0.03166,0.02333,-0.01857,0.99905,-0.05961,-0.02765,-0.00165,0.99784,-0.09170,-0.00329,-0.01791,0.99562,1.00,-0.05929,-0.05476,-0.00326,0.99673,-0.09188,-0.03045,-0.01864,0.99513,1.00
9546,-0.03159,0.02334,-0.01850,0.99906,-0.05963,-0.02759,-0.00165,0.99784,-0.09165,-0.00322,-0.01784,0.99563,1.00,-0.05931,-0.05469,-0.00325,0.99673,-0.09183,-0.03038,-0.01857,0.99514,1.00
9557,-0.03152,0.02338,-0.01846,0.99906,-0.05970,-0.02762,-0.00165,0.99783,-0.09165,-0.00321,-0.01781,0.99563,1.00,-0.05938,-0.05473,-0.00326,0.99673,-0.09183,-0.03038,-0.01854,0.99514,1.00
9568,-0.03142,0.02343,-0.01842,0.99906,-0.05980,-0.02766,-0.00166,0.99783,-0.09165,-0.00321,-0.01777,0.99563,1.00,-0.05949,-0.05477,-0.00327,0.99672,-0.09183,-0.03038,-0.01851,0.99514,1.00
9580,-0.03133,0.02341,-0.01837,0.99907,-0.05997,-0.02760,-0.00166,0.99782,-0.09172,-0.00317,-0.01772,0.99562,1.00,-0.05965,-0.05471,-0.00327,0.99671,-0.09190,-0.03033,-0.01847,0.99513,1.00
9590,-0.03118,0.02343,-0.01835,0.99907,-0.06012,-0.02762,-0.00166,0.99781,-0.09172,-0.00317,-0.01770,0.99562,1.00,-0.05980,-0.05473,-0.00328,0.99670,-0.09190,-0.03033,-0.01846,0.99514,1.00
9601,-0.03107,0.02336,-0.01821,0.99908,-0.06023,-0.02753,-0.00166,0.99780,-0.09172,-0.00316,-0.01757,0.99563,1.00,-0.05991,-0.05464,-0.00328,0.99670,-0.09190,-0.03032,-0.01834,0.99514,1.00
9613,-0.03097,0.02328,-0.01813,0.99908,-0.06009,-0.02729,-0.00164,0.99782,-0.09147,-0.00299,-0.01749,0.99565,1.00,-0.05977,-0.05440,-0.00326,0.99672,-0.09165,-0.03016,-0.01825,0.99517,1.00
9624,-0.03084,0.02321,-0.01794,0.99909,-0.06022,-0.02719,-0.00164,0.99781,-0.09147,-0.00297,-0.01730,0.99565,1.00,-0.05992,-0.05430,-0.00326,0.99672,-0.09165,-0.03014,-0.01808,0.99517,1.00
9635,-0.03067,0.02314,-0.01786,0.99910,-0.06040,-0.02711,-0.00164,0.99781,-0.09147,-0.00297,-0.01723,0.99565,1.00,-0.06009,-0.05422,-0.00327,0.99671,-0.09166,-0.03013,-0.01801,0.99517,1.00
9646,-0.03047,0.02302,-0.01783,0.99911,-0.05993,-0.02725,-0.00164,0.99783,-0.09081,-0.00323,-0.01721,0.99571,1.00,-0.05962,-0.05435,-0.00325,0.99674,-0.09098,-0.03039,-0.01799,0.99523,1.00
9657,-0.03029,0.02291,-0.01785,0.99912,-0.06011,-0.02714,-0.00163,0.99782,-0.09081,-0.00323,-0.01725,0.99571,1.00,-0.05980,-0.05424,-0.00325,0.99673,-0.09098,-0.03040,-0.01803,0.99523,1.00
9668,-0.03011,0.02280,-0.01792,0.99913,-0.06029,-0.02705,-0.00163,0.99781,-0.09081,-0.00324,-0.01733,0.99571,1.00,-0.05997,-0.05416,-0.00326,0.99672,-0.09098,-0.03041,-0.01812,0.99522,1.00
9680,-0.02999,0.02269,-0.01791,0.99913,-0.05946,-0.02700,-0.00161,0.99786,-0.08985,-0.00332,-0.01732,0.99580,1.00,-0.05914,-0.05411,-0.00321,0.99678,-0.09002,-0.03048,-0.01809,0.99531,1.00
9691,-0.02978,0.02255,-0.01786,0.99914,-0.05967,-0.02686,-0.00161,0.99786,-0.08985,-0.00332,-0.01728,0.99580,1.00,-0.05935,-0.05397,-0.00321,0.99677,-0.09002,-0.03048,-0.01807,0.99531,1.00
9702,-0.02974,0.02244,-0.01776,0.99915,-0.05972,-0.02674,-0.00160,0.99786,-0.08985,-0.00331,-0.01718,0.99580,1.00,-0.05941,-0.05385,-0.00321,0.99678,-0.09002,-0.03047,-0.01797,0.99531,1.00
9713,-0.02960,0.02248,-0.01778,0.99915,-0.05990,-0.02625,-0.00158,0.99786,-0.08989,-0.00278,-0.01720,0.99580,1.00,-0.05958,-0.05336,-0.00319,0.99679,-0.09006,-0.02995,-0.01800,0.99532,1.00
9724,-0.02947,0.02246,-0.01781,0.99915,-0.06003,-0.02624,-0.00158,0.99785,-0.08989,-0.00278,-0.01723,0.99580,1.00,-0.05971,-0.05335,-0.00320,0.99678,-0.09006,-0.02995,-0.01803,0.99532,1.00
9735,-0.02939,0.02248,-0.01792,0.99915,-0.06011,-0.02628,-0.00158,0.99784,-0.08989,-0.00279,-0.01734,0.99580,1.00,-0.05978,-0.05339,-0.00320,0.99678,-0.09006,-0.02996,-0.01815,0.99532,1.00
9746,-0.02919,0.02256,-0.01809,0.99916,-0.06040,-0.02651,-0.00160,0.99782,-0.09000,-0.00293,-0.01752,0.99578,1.00,-0.06006,-0.05362,-0.00323,0.99675,-0.09016,-0.03010,-0.01834,0.99530,1.00
9757,-0.02899,0.02267,-0.01842,0.99915,-0.06059,-0.02667,-0.00162,0.99780,-0.09000,-0.00296,-0.01785,0.99578,1.00,-0.06023,-0.05379,-0.00325,0.99673,-0.09014,-0.03013,-0.01868,0.99530,1.00
9769,-0.02878,0.02287,-0.01855,0.99915,-0.06080,-0.02689,-0.00164,0.99779,-0.09000,-0.00297,-0.01798,0.99578,1.00,-0.06043,-0.05401,-0.00327,0.99671,-0.09014,-0.03014,-0.01883,0.99529,1.00
9780,-0.02868,0.02300,-0.01846,0.99915,-0.06105,-0.02670,-0.00163,0.99778,-0.09015,-0.00264,-0.01788,0.99576,1.00,-0.06071,-0.05382,-0.00328,0.99670,-0.09031,-0.02982,-0.01874,0.99529,1.00
9791,-0.02859,0.02319,-0.01830,0.99915,-0.06115,-0.02686,-0.00165,0.99777,-0.09015,-0.00263,-0.01772,0.99577,1.00,-0.06081,-0.05399,-0.00329,0.99668,-0.09032,-0.02980,-0.01858,0.99529,1.00
9802,-0.02856,0.02335,-0.01810,0.99916,-0.06119,-0.02699,-0.00166,0.99776,-0.09016,-0.00261,-0.01751,0.99577,1.00,-0.06086,-0.05411,-0.00330,0.99667,-0.09032,-0.02978,-0.01837,0.99530,1.00
9813,-0.02860,0.02353,-0.01805,0.99915,-0.06071,-0.02682,-0.00163,0.99779,-0.08972,-0.00227,-0.01744,0.99581,1.00,-0.06039,-0.05394,-0.00327,0.99671,-0.08990,-0.02944,-0.01829,0.99535,1.00
9824,-0.02859,0.02360,-0.01795,0.99915,-0.06072,-0.02687,-0.00164,0.99779,-0.08972,-0.00226,-0.01734,0.99581,1.00,-0.06041,-0.05399,-0.00327,0.99671,-0.08990,-0.02943,-0.01819,0.99535,1.00
9835,-0.02867,0.02369,-0.01804,0.99915,-0.06064,-0.02697,-0.00164,0.99779,-0.08972,-0.00226,-0.01743,0.99581,1.00,-0.06033,-0.05409,-0.00327,0.99671,-0.08990,-0.02944,-0.01827,0.99535,1.00
9847,-0.02863,0.02377,-0.01810,0.99914,-0.06066,-0.02667,-0.00162,0.99780,-0.08969,-0.00187,-0.01748,0.99581,1.00,-0.06033,-0.05379,-0.00326,0.99672,-0.08987,-0.02905,-0.01832,0.99536,1.00
9858,-0.02863,0.02380,-0.01821,0.99914,-0.06065,-0.02671,-0.00162,0.99780,-0.08969,-0.00188,-0.01759,0.99581,1.00,-0.06033,-0.05383,-0.00326,0.99672,-0.08986,-0.02906,-0.01843,0.99536,1.00
9869,-0.02864,0.02378,-0.01823,0.99914,-0.06064,-0.02670,-0.00162,0.99780,-0.08969,-0.00188,-0.01761,0.99581,1.00,-0.06031,-0.05381,-0.00326,0.99672,-0.08986,-0.02906,-0.01845,0.99536,1.00
9880,-0.02865,0.02371,-0.01822,0.99914,-0.06076,-0.02590,-0.00158,0.99782,-0.08980,-0.00116,-0.01758,0.99580,1.00,-0.06043,-0.05302,-0.00321,0.99676,-0.08998,-0.02833,-0.01843,0.99537,1.00
9891,-0.02862,0.02364,-0.01826,0.99914,-0.06079,-0.02584,-0.00157,0.99782,-0.08980,-0.00116,-0.01762,0.99580,1.00,-0.06046,-0.05296,-0.00321,0.99676,-0.08998,-0.02834,-0.01847,0.99537,1.00
9902,-0.02863,0.02353,-0.01832,0.99915,-0.06077,-0.02573,-0.00157,0.99782,-0.08980,-0.00117,-0.01768,0.99580,1.00,-0.06044,-0.05286,-0.00321,0.99677,-0.08997,-0.02834,-0.01852,0.99537,1.00
9914,-0.02860,0.02344,-0.01840,0.99915,-0.06078,-0.02662,-0.00162,0.99779,-0.08980,-0.00213,-0.01780,0.99580,1.00,-0.06044,-0.05373,-0.00326,0.99672,-0.08997,-0.02930,-0.01865,0.99534,1.00
9925,-0.02860,0.02333,-0.01851,0.99915,-0.06079,-0.02652,-0.00162,0.99780,-0.08980,-0.00214,-0.01791,0.99580,1.00,-0.06044,-0.05363,-0.00325,0.99672,-0.08996,-0.02931,-0.01876,0.99534,1.00
9936,-0.02855,0.02328,-0.01862,0.99915,-0.06084,-0.02649,-0.00162,0.99779,-0.08980,-0.00215,-0.01802,0.99579,1.00,-0.06048,-0.05361,-0.00325,0.99672,-0.08996,-0.02932,-0.01888,0.99533,1.00
9947,-0.02846,0.02327,-0.01869,0.99915,-0.06092,-0.02649,-0.00162,0.99779,-0.08980,-0.00216,-0.01810,0.99579,1.00,-0.06056,-0.05361,-0.00326,0.99672,-0.08996,-0.02933,-0.01895,0.99533,1.00
9958,-0.02847,0.02324,-0.01875,0.99915,-0.06090,-0.02559,-0.00156,0.99781,-0.08976,-0.00129,-0.01813,0.99580,1.00,-0.06055,-0.05272,-0.00320,0.99677,-0.08994,-0.02846,-0.01899,0.99536,1.00
9969,-0.02860,0.02326,-0.01873,0.99914,-0.06076,-0.02561,-0.00156,0.99782,-0.08976,-0.00128,-0.01810,0.99580,1.00,-0.06042,-0.05273,-0.00320,0.99677,-0.08994,-0.02846,-0.01895,0.99536,1.00
9980,-0.02864,0.02329,-0.01865,0.99914,-0.06056,-0.02640,-0.00160,0.99781,-0.08962,-0.00205,-0.01805,0.99581,1.00,-0.06023,-0.05352,-0.00323,0.99674,-0.08980,-0.02923,-0.01889,0.99535,1.00
9991,-0.02862,0.02334,-0.01879,0.99914,-0.06057,-0.02647,-0.00161,0.99781,-0.08962,-0.00207,-0.01818,0.99581,1.00,-0.06024,-0.05359,-0.00324,0.99674,-0.08979,-0.02924,-0.01903,0.99535,1.00
10003,-0.02854,0.02345,-0.01919,0.99913,-0.06064,-0.02664,-0.00162,0.99780,-0.08962,-0.00210,-0.01858,0.99580,1.00,-0.06028,-0.05376,-0.00325,0.99673,-0.08978,-0.02927,-0.01943,0.99534,1.00
10014,-0.02856,0.02348,-0.01942,0.99913,-0.06102,-0.02632,-0.00161,0.99779,-0.09001,-0.00173,-0.01880,0.99576,1.00,-0.06065,-0.05344,-0.00325,0.99672,-0.09018,-0.02891,-0.01966,0.99531,1.00
10025,-0.02852,0.02355,-0.01947,0.99913,-0.06105,-0.02640,-0.00162,0.99778,-0.09001,-0.00173,-0.01885,0.99576,1.00,-0.06069,-0.05352,-0.00326,0.99672,-0.09018,-0.02891,-0.01970,0.99531,1.00
10036,-0.02851,0.02364,-0.01947,0.99912,-0.06106,-0.02649,-0.00162,0.99778,-0.09001,-0.00173,-0.01885,0.99576,1.00,-0.06070,-0.05361,-0.00326,0.99671,-0.09018,-0.02891,-0.01970,0.99531,1.00
10047,-0.02842,0.02367,-0.01949,0.99913,-0.06114,-0.02635,-0.00161,0.99778,-0.09000,-0.00156,-0.01886,0.99576,1.00,-0.06080,-0.05347,-0.00326,0.99671,-0.09019,-0.02874,-0.01972,0.99531,1.00
10058,-0.02835,0.02376,-0.01947,0.99913,-0.06121,-0.02643,-0.00162,0.99777,-0.09000,-0.00156,-0.01884,0.99576,1.00,-0.06087,-0.05355,-0.00327,0.99670,-0.09019,-0.02874,-0.01971,0.99531,1.00
10069,-0.02833,0.02380,-0.01951,0.99912,-0.06124,-0.02648,-0.00163,0.99777,-0.09000,-0.00156,-0.01889,0.99576,1.00,-0.06089,-0.05360,-0.00327,0.99670,-0.09019,-0.02874,-0.01975,0.99531,1.00
10081,-0.02829,0.02383,-0.01963,0.99912,-0.06147,-0.02633,-0.00162,0.99776,-0.09020,-0.00137,-0.01900,0.99574,1.00,-0.06112,-0.05345,-0.00328,0.99669,-0.09039,-0.02855,-0.01987,0.99530,1.00
10092,-0.02824,0.02385,-0.01977,0.99912,-0.06151,-0.02637,-0.00163,0.99776,-0.09020,-0.00138,-0.01914,0.99574,1.00,-0.06116,-0.05349,-0.00328,0.99669,-0.09039,-0.02856,-0.02001,0.99530,1.00
10103,-0.02821,0.02385,-0.01986,0.99912,-0.06154,-0.02638,-0.00163,0.99775,-0.09020,-0.00139,-0.01922,0.99574,1.00,-0.06119,-0.05351,-0.00328,0.99669,-0.09039,-0.02857,-0.02010,0.99529,1.00
10114,-0.02824,0.02387,-0.01991,0.99912,-0.06306,-0.02636,-0.00167,0.99766,-0.09174,-0.00131,-0.01928,0.99560,1.00,-0.06270,-0.05349,-0.00337,0.99659,-0.09194,-0.02850,-0.02019,0.99515,1.00
10125,-0.02827,0.02388,-0.01997,0.99912,-0.06303,-0.02638,-0.00167,0.99766,-0.09174,-0.00132,-0.01934,0.99559,1.00,-0.06267,-0.05351,-0.00336,0.99659,-0.09194,-0.02850,-0.02026,0.99515,1.00
10136,-0.02833,0.02392,-0.02000,0.99911,-0.06297,-0.02642,-0.00167,0.99766,-0.09174,-0.00132,-0.01937,0.99559,1.00,-0.06261,-0.05355,-0.00336,0.99659,-0.09193,-0.02851,-0.02028,0.99515,1.00
10148,-0.02832,0.02397,-0.02005,0.99911,-0.06347,-0.02823,-0.00180,0.99758,-0.09228,-0.00307,-0.01948,0.99554,1.00,-0.06310,-0.05535,-0.00351,0.99646,-0.09246,-0.03025,-0.02040,0.99505,1.00
10159,-0.02831,0.02405,-0.02019,0.99911,-0.06348,-0.02833,-0.00180,0.99758,-0.09228,-0.00308,-0.01961,0.99554,1.00,-0.06310,-0.05545,-0.00351,0.99646,-0.09246,-0.03027,-0.02054,0.99504,1.00
10170,-0.02823,0.02409,-0.02026,0.99911,-0.06356,-0.02839,-0.00181,0.99757,-0.09228,-0.00309,-0.01969,0.99553,1.00,-0.06317,-0.05551,-0.00352,0.99645,-0.09246,-0.03027,-0.02062,0.99504,1.00
10181,-0.02813,0.02413,-0.02037,0.99911,-0.06313,-0.02642,-0.00167,0.99765,-0.09172,-0.00109,-0.01972,0.99559,1.00,-0.06277,-0.05355,-0.00337,0.99658,-0.09192,-0.02827,-0.02064,0.99515,1.00
10192,-0.02793,0.02422,-0.02051,0.99911,-0.06332,-0.02654,-0.00168,0.99764,-0.09172,-0.00110,-0.01987,0.99559,1.00,-0.06296,-0.05367,-0.00339,0.99657,-0.09192,-0.02829,-0.02080,0.99515,1.00
10203,-0.02782,0.02431,-0.02064,0.99910,-0.06343,-0.02665,-0.00169,0.99763,-0.09172,-0.00111,-0.02000,0.99558,1.00,-0.06305,-0.05378,-0.00340,0.99655,-0.09191,-0.02830,-0.02094,0.99514,1.00
10214,-0.02777,0.02432,-0.02079,0.99910,-0.06307,-0.02628,-0.00166,0.99766,-0.09131,-0.00072,-0.02014,0.99562,1.00,-0.06271,-0.05341,-0.00336,0.99660,-0.09152,-0.02791,-0.02107,0.99519,1.00
10225,-0.02770,0.02434,-0.02089,0.99910,-0.06314,-0.02631,-0.00167,0.99766,-0.09131,-0.00073,-0.02024,0.99562,1.00,-0.06277,-0.05344,-0.00337,0.99659,-0.09152,-0.02792,-0.02117,0.99519,1.00
10236,-0.02755,0.02437,-0.02094,0.99910,-0.06329,-0.02635,-0.00167,0.99765,-0.09131,-0.00073,-0.02029,0.99562,1.00,-0.06291,-0.05348,-0.00338,0.99658,-0.09152,-0.02792,-0.02124,0.99519,1.00
10248,-0.02742,0.02437,-0.02094,0.99911,-0.06259,-0.02614,-0.00164,0.99770,-0.09048,-0.00054,-0.02029,0.99569,1.00,-0.06224,-0.05327,-0.00333,0.99663,-0.09071,-0.02772,-0.02122,0.99527,1.00
10259,-0.02738,0.02445,-0.02087,0.99911,-0.06263,-0.02621,-0.00165,0.99769,-0.09048,-0.00053,-0.02021,0.99569,1.00,-0.06228,-0.05334,-0.00333,0.99663,-0.09071,-0.02772,-0.02114,0.99527,1.00
10270,-0.02726,0.02446,-0.02086,0.99911,-0.06275,-0.02622,-0.00165,0.99768,-0.09048,-0.00053,-0.02021,0.99569,1.00,-0.06240,-0.05335,-0.00334,0.99662,-0.09071,-0.02772,-0.02114,0.99527,1.00
10281,-0.02716,0.02451,-0.02082,0.99911,-0.06190,-0.02658,-0.00165,0.99773,-0.08953,-0.00086,-0.02018,0.99578,1.00,-0.06156,-0.05371,-0.00332,0.99665,-0.08978,-0.02804,-0.02110,0.99534,1.00
10292,-0.02704,0.02450,-0.02084,0.99912,-0.06201,-0.02658,-0.00165,0.99772,-0.08953,-0.00086,-0.02021,0.99578,1.00,-0.06168,-0.05370,-0.00332,0.99665,-0.08978,-0.02804,-0.02113,0.99534,1.00
10303,-0.02693,0.02450,-0.02088,0.99912,-0.06212,-0.02659,-0.00166,0.99771,-0.08953,-0.00087,-0.02025,0.99578,1.00,-0.06178,-0.05371,-0.00333,0.99664,-0.08977,-0.02805,-0.02118,0.99534,1.00
10315,-0.02683,0.02449,-0.02092,0.99912,-0.06191,-0.02765,-0.00172,0.99770,-0.08925,-0.00194,-0.02032,0.99580,1.00,-0.06157,-0.05476,-0.00338,0.99659,-0.08948,-0.02911,-0.02125,0.99534,1.00
10326,-0.02676,0.02441,-0.02097,0.99912,-0.06199,-0.02758,-0.00171,0.99769,-0.08925,-0.00195,-0.02039,0.99580,1.00,-0.06164,-0.05470,-0.00338,0.99659,-0.08948,-0.02912,-0.02131,0.99533,1.00
10337,-0.02671,0.02431,-0.02103,0.99913,-0.06204,-0.02749,-0.00171,0.99769,-0.08925,-0.00195,-0.02045,0.99580,1.00,-0.06169,-0.05461,-0.00338,0.99659,-0.08948,-0.02912,-0.02138,0.99533,1.00
10348,-0.02669,0.02420,-0.02110,0.99913,-0.06191,-0.02739,-0.00170,0.99770,-0.08910,-0.00196,-0.02052,0.99581,1.00,-0.06155,-0.05451,-0.00337,0.99661,-0.08933,-0.02913,-0.02144,0.99535,1.00
10359,-0.02678,0.02413,-0.02119,0.99913,-0.06181,-0.02733,-0.00169,0.99771,-0.08910,-0.00197,-0.02061,0.99581,1.00,-0.06145,-0.05445,-0.00336,0.99662,-0.08932,-0.02914,-0.02153,0.99534,1.00
10370,-0.02687,0.02404,-0.02114,0.99913,-0.06172,-0.02723,-0.00168,0.99772,-0.08910,-0.00197,-0.02056,0.99581,1.00,-0.06137,-0.05435,-0.00335,0.99663,-0.08933,-0.02914,-0.02148,0.99534,1.00
10381,-0.02696,0.02402,-0.02112,0.99912,-0.06469,-0.02649,-0.00172,0.99755,-0.09212,-0.00119,-0.02052,0.99554,1.00,-0.06433,-0.05363,-0.00346,0.99648,-0.09235,-0.02838,-0.02151,0.99509,1.00
10392,-0.02698,0.02404,-0.02105,0.99913,-0.06467,-0.02651,-0.00172,0.99755,-0.09212,-0.00118,-0.02045,0.99554,1.00,-0.06432,-0.05364,-0.00346,0.99648,-0.09236,-0.02838,-0.02144,0.99509,1.00
10404,-0.02696,0.02411,-0.02110,0.99912,-0.06468,-0.02658,-0.00172,0.99755,-0.09212,-0.00119,-0.02049,0.99554,1.00,-0.06432,-0.05372,-0.00347,0.99648,-0.09235,-0.02838,-0.02149,0.99509,1.00
10415,-0.02685,0.02423,-0.02120,0.99912,-0.06589,-0.01980,-0.00131,0.99763,-0.09307,0.00575,-0.02033,0.99544,1.00,-0.06559,-0.04698,-0.00309,0.99674,-0.09336,-0.02148,-0.02137,0.99517,1.00
10426,-0.02652,0.02451,-0.02155,0.99912,-0.06621,-0.02013,-0.00134,0.99760,-0.09307,0.00572,-0.02067,0.99543,1.00,-0.06589,-0.04731,-0.00313,0.99670,-0.09336,-0.02151,-0.02173,0.99516,1.00
10437,-0.02638,0.02465,-0.02180,0.99911,-0.06634,-0.02032,-0.00135,0.99759,-0.09307,0.00570,-0.02093,0.99542,1.00,-0.06601,-0.04750,-0.00315,0.99668,-0.09335,-0.02153,-0.02199,0.99516,1.00
10448,-0.02623,0.02478,-0.02183,0.99911,-0.06833,-0.01788,-0.00122,0.99750,-0.09485,0.00831,-0.02083,0.99524,1.00,-0.06801,-0.04508,-0.00308,0.99666,-0.09515,-0.01894,-0.02196,0.99504,1.00
10460,-0.02617,0.02497,-0.02172,0.99911,-0.06839,-0.01806,-0.00124,0.99749,-0.09485,0.00832,-0.02072,0.99524,1.00,-0.06808,-0.04526,-0.00309,0.99665,-0.09516,-0.01893,-0.02185,0.99504,1.00
10470,-0.02601,0.02514,-0.02158,0.99911,-0.06854,-0.01820,-0.00125,0.99748,-0.09485,0.00834,-0.02058,0.99524,1.00,-0.06824,-0.04541,-0.00311,0.99663,-0.09516,-0.01892,-0.02172,0.99505,1.00
10482,-0.02589,0.02526,-0.02149,0.99911,-0.06767,-0.01759,-0.00119,0.99755,-0.09384,0.00905,-0.02047,0.99534,1.00,-0.06739,-0.04479,-0.00303,0.99672,-0.09417,-0.01820,-0.02159,0.99516,1.00
10493,-0.02573,0.02531,-0.02133,0.99912,-0.06783,-0.01762,-0.00120,0.99754,-0.09384,0.00906,-0.02030,0.99534,1.00,-0.06756,-0.04482,-0.00304,0.99670,-0.09418,-0.01819,-0.02143,0.99516,1.00
10504,-0.02563,0.02538,-0.02137,0.99912,-0.06793,-0.01770,-0.00120,0.99753,-0.09384,0.00906,-0.02035,0.99534,1.00,-0.06766,-0.04490,-0.00305,0.99669,-0.09417,-0.01819,-0.02148,0.99516,1.00
10515,-0.02543,0.02537,-0.02132,0.99913,-0.06835,-0.01728,-0.00118,0.99751,-0.09405,0.00947,-0.02027,0.99532,1.00,-0.06808,-0.04448,-0.00304,0.99668,-0.09439,-0.01778,-0.02142,0.99515,1.00
10526,-0.02524,0.02527,-0.02132,0.99913,-0.06854,-0.01718,-0.00118,0.99750,-0.09405,0.00947,-0.02028,0.99532,1.00,-0.06827,-0.04438,-0.00304,0.99667,-0.09439,-0.01778,-0.02144,0.99515,1.00
10537,-0.02499,0.02509,-0.02117,0.99915,-0.06879,-0.01698,-0.00117,0.99749,-0.09405,0.00948,-0.02013,0.99532,1.00,-0.06853,-0.04419,-0.00304,0.99667,-0.09439,-0.01777,-0.02131,0.99515,1.00
10549,-0.02478,0.02484,-0.02100,0.99916,-0.06858,-0.01697,-0.00117,0.99750,-0.09362,0.00923,-0.01999,0.99536,1.00,-0.06831,-0.04417,-0.00303,0.99668,-0.09396,-0.01802,-0.02116,0.99519,1.00
10559,-0.02461,0.02452,-0.02081,0.99918,-0.06875,-0.01663,-0.00115,0.99749,-0.09362,0.00925,-0.01981,0.99537,1.00,-0.06850,-0.04384,-0.00301,0.99668,-0.09396,-0.01801,-0.02099,0.99519,1.00
10570,-0.02445,0.02419,-0.02062,0.99920,-0.06893,-0.01627,-0.00112,0.99749,-0.09362,0.00926,-0.01963,0.99537,1.00,-0.06868,-0.04347,-0.00300,0.99669,-0.09396,-0.01799,-0.02082,0.99520,1.00
10582,-0.02433,0.02387,-0.02039,0.99921,-0.06918,-0.01637,-0.00114,0.99747,-0.09375,0.00883,-0.01943,0.99537,1.00,-0.06893,-0.04358,-0.00301,0.99667,-0.09408,-0.01842,-0.02063,0.99518,1.00
10593,-0.02423,0.02352,-0.02025,0.99922,-0.06929,-0.01600,-0.00111,0.99747,-0.09375,0.00885,-0.01929,0.99537,1.00,-0.06905,-0.04321,-0.00299,0.99667,-0.09408,-0.01841,-0.02050,0.99518,1.00
10604,-0.02411,0.02325,-0.02017,0.99924,-0.06941,-0.01572,-0.00109,0.99746,-0.09375,0.00885,-0.01922,0.99537,1.00,-0.06917,-0.04293,-0.00298,0.99668,-0.09409,-0.01840,-0.02044,0.99518,1.00
10615,-0.02389,0.02308,-0.02002,0.99925,-0.06983,-0.02442,-0.00171,0.99726,-0.09413,-0.00003,-0.01948,0.99537,1.00,-0.06949,-0.05160,-0.00360,0.99624,-0.09436,-0.02726,-0.02071,0.99495,1.00
10626,-0.02384,0.02291,-0.01986,0.99926,-0.06989,-0.02423,-0.00170,0.99726,-0.09413,-0.00001,-0.01932,0.99537,1.00,-0.06956,-0.05140,-0.00359,0.99625,-0.09436,-0.02724,-0.02055,0.99495,1.00
10638,-0.02381,0.02280,-0.01964,0.99926,-0.06992,-0.02408,-0.00169,0.99726,-0.09413,0.00001,-0.01911,0.99538,1.00,-0.06961,-0.05125,-0.00358,0.99625,-0.09437,-0.02722,-0.02034,0.99496,1.00
10649,-0.02377,0.02272,-0.01953,0.99927,-0.06950,-0.02549,-0.00178,0.99725,-0.09370,-0.00150,-0.01907,0.99542,1.00,-0.06916,-0.05266,-0.00366,0.99621,-0.09391,-0.02872,-0.02029,0.99496,1.00
10660,-0.02369,0.02280,-0.01963,0.99927,-0.06958,-0.02559,-0.00179,0.99725,-0.09370,-0.00151,-0.01916,0.99542,1.00,-0.06924,-0.05275,-0.00367,0.99620,-0.09391,-0.02873,-0.02039,0.99496,1.00
10671,-0.02367,0.02277,-0.01969,0.99927,-0.06960,-0.02556,-0.00178,0.99725,-0.09370,-0.00151,-0.01923,0.99541,1.00,-0.06926,-0.05273,-0.00367,0.99620,-0.09390,-0.02873,-0.02045,0.99496,1.00
10682,-0.02372,0.02290,-0.01979,0.99926,-0.06811,-0.02595,-0.00177,0.99734,-0.09227,-0.00179,-0.01934,0.99555,1.00,-0.06775,-0.05311,-0.00361,0.99628,-0.09246,-0.02900,-0.02052,0.99508,1.00
10693,-0.02383,0.02303,-0.01977,0.99926,-0.06800,-0.02608,-0.00178,0.99734,-0.09227,-0.00179,-0.01930,0.99555,1.00,-0.06764,-0.05324,-0.00361,0.99628,-0.09246,-0.02900,-0.02048,0.99508,1.00
10705,-0.02397,0.02323,-0.01976,0.99925,-0.06785,-0.02627,-0.00179,0.99735,-0.09227,-0.00178,-0.01929,0.99555,1.00,-0.06749,-0.05343,-0.00362,0.99628,-0.09246,-0.02900,-0.02045,0.99508,1.00
10716,-0.02404,0.02349,-0.01969,0.99924,-0.06772,-0.02654,-0.00180,0.99735,-0.09221,-0.00180,-0.01921,0.99555,1.00,-0.06736,-0.05369,-0.00363,0.99628,-0.09240,-0.02901,-0.02037,0.99509,1.00
10727,-0.02404,0.02375,-0.01981,0.99923,-0.06771,-0.02682,-0.00182,0.99734,-0.09221,-0.00181,-0.01932,0.99555,1.00,-0.06734,-0.05397,-0.00365,0.99626,-0.09240,-0.02903,-0.02048,0.99509,1.00
10738,-0.02402,0.02390,-0.01979,0.99923,-0.06773,-0.02697,-0.00183,0.99734,-0.09221,-0.00181,-0.01930,0.99555,1.00,-0.06736,-0.05412,-0.00366,0.99625,-0.09240,-0.02902,-0.02047,0.99509,1.00
10749,-0.02402,0.02412,-0.01977,0.99923,-0.06805,-0.02685,-0.00183,0.99732,-0.09253,-0.00148,-0.01926,0.99552,1.00,-0.06769,-0.05401,-0.00367,0.99624,-0.09272,-0.02869,-0.02043,0.99507,1.00
10760,-0.02396,0.02426,-0.01969,0.99922,-0.06811,-0.02698,-0.00184,0.99731,-0.09253,-0.00147,-0.01917,0.99552,1.00,-0.06775,-0.05414,-0.00368,0.99623,-0.09272,-0.02868,-0.02035,0.99507,1.00
10772,-0.02395,0.02435,-0.01968,0.99922,-0.06812,-0.02707,-0.00185,0.99731,-0.09253,-0.00147,-0.01917,0.99552,1.00,-0.06776,-0.05423,-0.00369,0.99622,-0.09272,-0.02868,-0.02034,0.99507,1.00
10782,-0.02384,0.02446,-0.01964,0.99922,-0.06827,-0.02683,-0.00184,0.99730,-0.09257,-0.00112,-0.01911,0.99552,1.00,-0.06791,-0.05399,-0.00368,0.99622,-0.09276,-0.02834,-0.02030,0.99508,1.00
10793,-0.02384,0.02446,-0.01960,0.99922,-0.06828,-0.02683,-0.00184,0.99730,-0.09257,-0.00112,-0.01907,0.99552,1.00,-0.06792,-0.05399,-0.00368,0.99622,-0.09276,-0.02833,-0.02026,0.99508,1.00
10805,-0.02378,0.02449,-0.01959,0.99923,-0.06834,-0.02686,-0.00184,0.99730,-0.09257,-0.00112,-0.01906,0.99552,1.00,-0.06798,-0.05402,-0.00369,0.99622,-0.09276,-0.02833,-0.02025,0.99508,1.00
10816,-0.02377,0.02437,-0.01947,0.99923,-0.06829,-0.02688,-0.00184,0.99730,-0.09251,-0.00127,-0.01896,0.99553,1.00,-0.06793,-0.05403,-0.00368,0.99622,-0.09270,-0.02848,-0.02014,0.99508,1.00
10827,-0.02375,0.02424,-0.01939,0.99924,-0.06831,-0.02673,-0.00183,0.99730,-0.09251,-0.00126,-0.01887,0.99553,1.00,-0.06795,-0.05389,-0.00368,0.99623,-0.09270,-0.02847,-0.02006,0.99508,1.00
10838,-0.02376,0.02408,-0.01926,0.99924,-0.06832,-0.02656,-0.00182,0.99731,-0.09251,-0.00125,-0.01875,0.99553,1.00,-0.06797,-0.05372,-0.00366,0.99623,-0.09270,-0.02846,-0.01994,0.99509,1.00
10849,-0.02378,0.02389,-0.01919,0.99925,-0.06736,-0.02632,-0.00178,0.99738,-0.09157,-0.00122,-0.01868,0.99562,1.00,-0.06701,-0.05347,-0.00360,0.99631,-0.09176,-0.02842,-0.01984,0.99518,1.00
10860,-0.02376,0.02376,-0.01915,0.99925,-0.06738,-0.02618,-0.00177,0.99738,-0.09157,-0.00121,-0.01864,0.99562,1.00,-0.06703,-0.05333,-0.00359,0.99632,-0.09176,-0.02842,-0.01980,0.99518,1.00
10872,-0.02379,0.02364,-0.01913,0.99925,-0.06735,-0.02606,-0.00176,0.99739,-0.09157,-0.00121,-0.01862,0.99562,1.00,-0.06701,-0.05321,-0.00358,0.99633,-0.09176,-0.02842,-0.01978,0.99518,1.00
10883,-0.02380,0.02351,-0.01904,0.99926,-0.06729,-0.02697,-0.00182,0.99737,-0.09154,-0.00226,-0.01859,0.99563,1.00,-0.06693,-0.05412,-0.00364,0.99628,-0.09171,-0.02947,-0.01974,0.99515,1.00
10894,-0.02395,0.02342,-0.01900,0.99926,-0.06715,-0.02688,-0.00181,0.99738,-0.09154,-0.00226,-0.01855,0.99563,1.00,-0.06679,-0.05402,-0.00362,0.99630,-0.09171,-0.02946,-0.01970,0.99515,1.00
10905,-0.02405,0.02335,-0.01889,0.99926,-0.06705,-0.02678,-0.00180,0.99739,-0.09154,-0.00225,-0.01843,0.99563,1.00,-0.06670,-0.05393,-0.00361,0.99631,-0.09172,-0.02945,-0.01957,0.99516,1.00
10916,-0.02423,0.02330,-0.01883,0.99926,-0.06691,-0.02583,-0.00173,0.99742,-0.09155,-0.00135,-0.01833,0.99563,1.00,-0.06656,-0.05298,-0.00354,0.99637,-0.09174,-0.02856,-0.01947,0.99518,1.00
10927,-0.02442,0.02335,-0.01881,0.99925,-0.06672,-0.02587,-0.00173,0.99744,-0.09155,-0.00135,-0.01830,0.99563,1.00,-0.06638,-0.05302,-0.00353,0.99638,-0.09174,-0.02856,-0.01943,0.99518,1.00
10938,-0.02453,0.02339,-0.01873,0.99925,-0.06662,-0.02590,-0.00173,0.99744,-0.09155,-0.00134,-0.01821,0.99563,1.00,-0.06628,-0.05305,-0.00353,0.99638,-0.09174,-0.02855,-0.01933,0.99519,1.00
10949,-0.02479,0.02344,-0.01872,0.99924,-0.06820,-0.02747,-0.00188,0.99729,-0.09343,-0.00285,-0.01827,0.99545,1.00,-0.06784,-0.05463,-0.00372,0.99619,-0.09359,-0.03006,-0.01942,0.99497,1.00
10960,-0.02497,0.02353,-0.01881,0.99923,-0.06802,-0.02757,-0.00188,0.99730,-0.09343,-0.00286,-0.01835,0.99545,1.00,-0.06765,-0.05472,-0.00372,0.99620,-0.09359,-0.03006,-0.01950,0.99497,1.00
10972,-0.02515,0.02362,-0.01894,0.99923,-0.06784,-0.02768,-0.00188,0.99731,-0.09343,-0.00287,-0.01847,0.99545,1.00,-0.06746,-0.05483,-0.00371,0.99621,-0.09359,-0.03007,-0.01960,0.99496,1.00
10983,-0.02535,0.02373,-0.01910,0.99921,-0.06806,-0.02833,-0.00193,0.99728,-0.09387,-0.00339,-0.01864,0.99540,1.00,-0.06766,-0.05548,-0.00377,0.99616,-0.09401,-0.03059,-0.01978,0.99490,1.00
10994,-0.02551,0.02381,-0.01924,0.99921,-0.06789,-0.02843,-0.00194,0.99729,-0.09387,-0.00340,-0.01878,0.99540,1.00,-0.06748,-0.05557,-0.00376,0.99616,-0.09401,-0.03060,-0.01990,0.99490,1.00
11006,-0.02570,0.02396,-0.01927,0.99920,-0.06770,-0.02858,-0.00194,0.99729,-0.09387,-0.00340,-0.01880,0.99540,1.00,-0.06729,-0.05572,-0.00376,0.99617,-0.09401,-0.03061,-0.01991,0.99490,1.00
11016,-0.02582,0.02403,-0.01920,0.99919,-0.06686,-0.02844,-0.00191,0.99736,-0.09315,-0.00322,-0.01872,0.99547,1.00,-0.06647,-0.05558,-0.00371,0.99623,-0.09330,-0.03042,-0.01980,0.99498,1.00
11027,-0.02585,0.02415,-0.01922,0.99919,-0.06683,-0.02856,-0.00191,0.99735,-0.09315,-0.00322,-0.01873,0.99547,1.00,-0.06644,-0.05570,-0.00371,0.99623,-0.09330,-0.03042,-0.01982,0.99498,1.00
11039,-0.02583,0.02429,-0.01928,0.99919,-0.06685,-0.02871,-0.00192,0.99735,-0.09315,-0.00322,-0.01878,0.99547,1.00,-0.06645,-0.05585,-0.00373,0.99622,-0.09330,-0.03042,-0.01987,0.99498,1.00
11050,-0.02594,0.02444,-0.01939,0.99918,-0.06721,-0.02854,-0.00192,0.99733,-0.09363,-0.00289,-0.01888,0.99542,1.00,-0.06682,-0.05568,-0.00373,0.99620,-0.09378,-0.03009,-0.01997,0.99494,1.00
11061,-0.02586,0.02458,-0.01950,0.99917,-0.06728,-0.02870,-0.00194,0.99732,-0.09363,-0.00290,-0.01899,0.99542,1.00,-0.06688,-0.05585,-0.00375,0.99619,-0.09377,-0.03010,-0.02008,0.99494,1.00
11073,-0.02578,0.02474,-0.01972,0.99917,-0.06736,-0.02889,-0.00195,0.99731,-0.09362,-0.00292,-0.01920,0.99542,1.00,-0.06695,-0.05604,-0.00377,0.99617,-0.09377,-0.03012,-0.02030,0.99493,1.00
11083,-0.02558,0.02487,-0.01983,0.99917,-0.06778,-0.02867,-0.00195,0.99729,-0.09385,-0.00254,-0.01931,0.99540,1.00,-0.06737,-0.05581,-0.00377,0.99616,-0.09400,-0.02975,-0.02043,0.99492,1.00
11094,-0.02541,0.02492,-0.01979,0.99917,-0.06795,-0.02871,-0.00196,0.99727,-0.09385,-0.00254,-0.01927,0.99540,1.00,-0.06754,-0.05586,-0.00379,0.99614,-0.09400,-0.02974,-0.02040,0.99492,1.00
11106,-0.02522,0.02500,-0.01967,0.99918,-0.06814,-0.02878,-0.00197,0.99726,-0.09385,-0.00253,-0.01916,0.99540,1.00,-0.06773,-0.05592,-0.00380,0.99613,-0.09400,-0.02973,-0.02029,0.99492,1.00
11116,-0.02498,0.02497,-0.01957,0.99918,-0.06737,-0.02915,-0.00197,0.99730,-0.09285,-0.00296,-0.01907,0.99549,1.00,-0.06699,-0.05629,-0.00379,0.99616,-0.09302,-0.03015,-0.02020,0.99500,1.00
11128,-0.02479,0.02491,-0.01945,0.99919,-0.06757,-0.02907,-0.00197,0.99729,-0.09285,-0.00295,-0.01896,0.99550,1.00,-0.06719,-0.05621,-0.00379,0.99615,-0.09302,-0.03014,-0.02009,0.99501,1.00
11139,-0.02458,0.02486,-0.01935,0.99920,-0.06778,-0.02902,-0.00197,0.99728,-0.09285,-0.00294,-0.01887,0.99550,1.00,-0.06741,-0.05616,-0.00380,0.99614,-0.09302,-0.03014,-0.02002,0.99501,1.00
11150,-0.02451,0.02472,-0.01935,0.99921,-0.06636,-0.02889,-0.00192,0.99738,-0.09136,-0.00297,-0.01887,0.99563,1.00,-0.06599,-0.05602,-0.00371,0.99624,-0.09154,-0.03016,-0.01998,0.99514,1.00
11161,-0.02448,0.02460,-0.01938,0.99921,-0.06640,-0.02877,-0.00192,0.99738,-0.09136,-0.00297,-0.01891,0.99563,1.00,-0.06603,-0.05590,-0.00371,0.99624,-0.09154,-0.03016,-0.02002,0.99514,1.00
11173,-0.02460,0.02440,-0.01942,0.99921,-0.06628,-0.02858,-0.00190,0.99739,-0.09136,-0.00298,-0.01894,0.99563,1.00,-0.06591,-0.05571,-0.00369,0.99626,-0.09154,-0.03017,-0.02005,0.99514,1.00
11183,-0.02479,0.02425,-0.01943,0.99921,-0.06668,-0.02929,-0.00196,0.99734,-0.09197,-0.00383,-0.01900,0.99557,1.00,-0.06629,-0.05642,-0.00375,0.99620,-0.09212,-0.03102,-0.02011,0.99506,1.00
11194,-0.02505,0.02410,-0.01945,0.99921,-0.06642,-0.02914,-0.00194,0.99736,-0.09197,-0.00383,-0.01901,0.99557,1.00,-0.06603,-0.05627,-0.00373,0.99622,-0.09212,-0.03102,-0.02011,0.99506,1.00
11206,-0.02526,0.02397,-0.01939,0.99921,-0.06622,-0.02899,-0.00192,0.99738,-0.09197,-0.00383,-0.01894,0.99557,1.00,-0.06583,-0.05612,-0.00371,0.99624,-0.09213,-0.03101,-0.02002,0.99506,1.00
11217,-0.02558,0.02394,-0.01941,0.99920,-0.06556,-0.02929,-0.00192,0.99742,-0.09164,-0.00417,-0.01897,0.99560,1.00,-0.06517,-0.05641,-0.00369,0.99627,-0.09179,-0.03135,-0.02003,0.99508,1.00
11228,-0.02572,0.02394,-0.01954,0.99919,-0.06542,-0.02931,-0.00192,0.99743,-0.09164,-0.00418,-0.01909,0.99560,1.00,-0.06503,-0.05643,-0.00368,0.99628,-0.09179,-0.03136,-0.02014,0.99508,1.00
11240,-0.02573,0.02409,-0.01969,0.99918,-0.06540,-0.02948,-0.00193,0.99742,-0.09164,-0.00419,-0.01924,0.99560,1.00,-0.06500,-0.05661,-0.00369,0.99627,-0.09179,-0.03137,-0.02029,0.99508,1.00
11250,-0.02572,0.02425,-0.01983,0.99918,-0.06584,-0.02937,-0.00194,0.99740,-0.09207,-0.00391,-0.01937,0.99556,1.00,-0.06544,-0.05650,-0.00371,0.99625,-0.09222,-0.03110,-0.02043,0.99504,1.00
11261,-0.02570,0.02446,-0.01989,0.99917,-0.06586,-0.02960,-0.00195,0.99739,-0.09207,-0.00391,-0.01942,0.99556,1.00,-0.06545,-0.05672,-0.00373,0.99624,-0.09222,-0.03110,-0.02048,0.99504,1.00
11273,-0.02589,0.02463,-0.01979,0.99917,-0.06567,-0.02974,-0.00196,0.99740,-0.09207,-0.00390,-0.01931,0.99556,1.00,-0.06527,-0.05687,-0.00373,0.99624,-0.09222,-0.03109,-0.02036,0.99504,1.00
11283,-0.02588,0.02480,-0.01970,0.99916,-0.06604,-0.02644,-0.00175,0.99747,-0.09236,-0.00042,-0.01908,0.99554,1.00,-0.06569,-0.05359,-0.00353,0.99639,-0.09256,-0.02763,-0.02014,0.99512,1.00
11295,-0.02584,0.02508,-0.01986,0.99915,-0.06607,-0.02674,-0.00177,0.99746,-0.09236,-0.00043,-0.01923,0.99554,1.00,-0.06571,-0.05389,-0.00355,0.99638,-0.09256,-0.02764,-0.02029,0.99512,1.00
11306,-0.02575,0.02537,-0.02008,0.99914,-0.06615,-0.02707,-0.00180,0.99744,-0.09236,-0.00046,-0.01945,0.99554,1.00,-0.06578,-0.05421,-0.00358,0.99635,-0.09255,-0.02766,-0.02052,0.99511,1.00
11317,-0.02570,0.02556,-0.02032,0.99914,-0.07245,-0.02537,-0.00184,0.99705,-0.09858,0.00156,-0.01959,0.99494,1.00,-0.07205,-0.05256,-0.00380,0.99601,-0.09875,-0.02569,-0.02084,0.99456,1.00
11328,-0.02555,0.02582,-0.02036,0.99913,-0.07260,-0.02564,-0.00187,0.99703,-0.09858,0.00155,-0.01964,0.99493,1.00,-0.07219,-0.05283,-0.00383,0.99598,-0.09875,-0.02570,-0.02089,0.99456,1.00
11339,-0.02548,0.02600,-0.02036,0.99913,-0.07266,-0.02582,-0.00188,0.99702,-0.09858,0.00156,-0.01963,0.99493,1.00,-0.07225,-0.05301,-0.00385,0.99597,-0.09875,-0.02570,-0.02089,0.99456,1.00
11350,-0.02528,0.02610,-0.02026,0.99913,-0.07289,-0.01766,-0.00129,0.99718,-0.09843,0.00983,-0.01915,0.99491,1.00,-0.07258,-0.04489,-0.00327,0.99635,-0.09870,-0.01745,-0.02043,0.99475,1.00
11361,-0.02510,0.02616,-0.02012,0.99914,-0.07308,-0.01770,-0.00130,0.99717,-0.09843,0.00984,-0.01900,0.99491,1.00,-0.07278,-0.04493,-0.00328,0.99633,-0.09871,-0.01744,-0.02030,0.99476,1.00
11373,-0.02499,0.02614,-0.02014,0.99914,-0.07318,-0.01768,-0.00130,0.99716,-0.09843,0.00984,-0.01903,0.99491,1.00,-0.07288,-0.04491,-0.00329,0.99632,-0.09871,-0.01744,-0.02032,0.99476,1.00
11384,-0.02482,0.02610,-0.02014,0.99915,-0.07567,-0.01705,-0.00129,0.99699,-0.10073,0.01048,-0.01898,0.99468,1.00,-0.07537,-0.04430,-0.00335,0.99617,-0.10101,-0.01682,-0.02035,0.99454,1.00
11395,-0.02471,0.02598,-0.02022,0.99915,-0.07578,-0.01694,-0.00129,0.99698,-0.10074,0.01047,-0.01906,0.99468,1.00,-0.07547,-0.04419,-0.00335,0.99616,-0.10101,-0.01683,-0.02043,0.99453,1.00
11407,-0.02463,0.02581,-0.02030,0.99916,-0.07587,-0.01680,-0.00128,0.99698,-0.10074,0.01046,-0.01915,0.99467,1.00,-0.07555,-0.04404,-0.00334,0.99616,-0.10101,-0.01684,-0.02053,0.99453,1.00
11417,-0.02454,0.02564,-0.02038,0.99916,-0.07421,-0.01798,-0.00134,0.99708,-0.09902,0.00908,-0.01931,0.99486,1.00,-0.07388,-0.04521,-0.00335,0.99624,-0.09928,-0.01820,-0.02065,0.99468,1.00
11428,-0.02447,0.02540,-0.02037,0.99917,-0.07429,-0.01774,-0.00132,0.99708,-0.09902,0.00908,-0.01931,0.99486,1.00,-0.07396,-0.04497,-0.00334,0.99624,-0.09928,-0.01820,-0.02065,0.99468,1.00
11440,-0.02440,0.02516,-0.02041,0.99918,-0.07436,-0.01751,-0.00131,0.99708,-0.09902,0.00908,-0.01936,0.99486,1.00,-0.07403,-0.04474,-0.00333,0.99625,-0.09928,-0.01821,-0.02071,0.99468,1.00
11451,-0.02433,0.02491,-0.02027,0.99919,-0.07574,-0.01968,-0.00150,0.99693,-0.10037,0.00667,-0.01934,0.99474,1.00,-0.07539,-0.04691,-0.00355,0.99604,-0.10061,-0.02062,-0.02072,0.99450,1.00
11462,-0.02422,0.02463,-0.02017,0.99920,-0.07586,-0.01939,-0.00148,0.99693,-0.10037,0.00668,-0.01924,0.99474,1.00,-0.07552,-0.04662,-0.00353,0.99605,-0.10061,-0.02061,-0.02063,0.99450,1.00
11473,-0.02418,0.02442,-0.02009,0.99921,-0.07591,-0.01917,-0.00146,0.99693,-0.10037,0.00668,-0.01917,0.99474,1.00,-0.07557,-0.04640,-0.00352,0.99605,-0.10061,-0.02061,-0.02057,0.99450,1.00
11484,-0.02409,0.02419,-0.02007,0.99922,-0.07408,-0.01946,-0.00145,0.99706,-0.09847,0.00613,-0.01919,0.99494,1.00,-0.07376,-0.04668,-0.00346,0.99618,-0.09871,-0.02115,-0.02054,0.99468,1.00
11495,-0.02397,0.02401,-0.02018,0.99922,-0.07420,-0.01930,-0.00144,0.99706,-0.09847,0.00612,-0.01931,0.99493,1.00,-0.07387,-0.04652,-0.00345,0.99618,-0.09871,-0.02116,-0.02066,0.99468,1.00
11507,-0.02385,0.02391,-0.02021,0.99923,-0.07433,-0.01921,-0.00143,0.99705,-0.09847,0.00611,-0.01935,0.99493,1.00,-0.07399,-0.04644,-0.00345,0.99617,-0.09871,-0.02117,-0.02071,0.99468,1.00
11517,-0.02397,0.02385,-0.02022,0.99922,-0.07558,-0.01981,-0.00150,0.99694,-0.09986,0.00547,-0.01938,0.99480,1.00,-0.07523,-0.04704,-0.00355,0.99605,-0.10008,-0.02182,-0.02076,0.99452,1.00
11528,-0.02397,0.02392,-0.02010,0.99922,-0.07558,-0.01986,-0.00151,0.99694,-0.09986,0.00548,-0.01925,0.99480,1.00,-0.07524,-0.04710,-0.00356,0.99605,-0.10009,-0.02180,-0.02064,0.99453,1.00
11540,-0.02396,0.02397,-0.01999,0.99923,-0.07559,-0.01989,-0.00151,0.99694,-0.09985,0.00549,-0.01915,0.99480,1.00,-0.07526,-0.04712,-0.00356,0.99604,-0.10009,-0.02179,-0.02053,0.99453,1.00
11551,-0.02395,0.02417,-0.01980,0.99922,-0.07605,-0.01862,-0.00142,0.99693,-0.10027,0.00696,-0.01887,0.99476,1.00,-0.07574,-0.04586,-0.00349,0.99607,-0.10053,-0.02034,-0.02027,0.99452,1.00
11562,-0.02397,0.02451,-0.01964,0.99922,-0.07603,-0.01893,-0.00144,0.99693,-0.10027,0.00698,-0.01870,0.99476,1.00,-0.07572,-0.04617,-0.00351,0.99605,-0.10053,-0.02032,-0.02010,0.99452,1.00
11573,-0.02393,0.02468,-0.01955,0.99922,-0.07607,-0.01909,-0.00146,0.99692,-0.10027,0.00699,-0.01861,0.99476,1.00,-0.07577,-0.04633,-0.00352,0.99604,-0.10054,-0.02031,-0.02001,0.99452,1.00
11584,-0.02395,0.02480,-0.01949,0.99922,-0.07647,-0.01919,-0.00147,0.99689,-0.10070,0.00700,-0.01855,0.99472,1.00,-0.07616,-0.04644,-0.00355,0.99601,-0.10095,-0.02030,-0.01996,0.99448,1.00
11595,-0.02392,0.02487,-0.01940,0.99922,-0.07650,-0.01924,-0.00148,0.99688,-0.10070,0.00701,-0.01845,0.99472,1.00,-0.07620,-0.04648,-0.00356,0.99600,-0.10095,-0.02029,-0.01987,0.99449,1.00
11607,-0.02379,0.02491,-0.01937,0.99922,-0.07663,-0.01928,-0.00148,0.99687,-0.10069,0.00701,-0.01842,0.99472,1.00,-0.07633,-0.04653,-0.00357,0.99599,-0.10095,-0.02029,-0.01985,0.99449,1.00
11618,-0.02371,0.02494,-0.01940,0.99922,-0.07754,-0.01860,-0.00145,0.99681,-0.10151,0.00775,-0.01841,0.99463,1.00,-0.07722,-0.04585,-0.00356,0.99595,-0.10176,-0.01956,-0.01986,0.99442,1.00
11629,-0.02355,0.02490,-0.01941,0.99922,-0.07770,-0.01856,-0.00145,0.99680,-0.10151,0.00775,-0.01842,0.99463,1.00,-0.07738,-0.04581,-0.00356,0.99594,-0.10175,-0.01956,-0.01988,0.99442,1.00
11640,-0.02346,0.02483,-0.01937,0.99923,-0.07779,-0.01849,-0.00144,0.99680,-0.10151,0.00775,-0.01838,0.99463,1.00,-0.07747,-0.04574,-0.00356,0.99594,-0.10176,-0.01956,-0.01985,0.99442,1.00
11651,-0.02343,0.02476,-0.01920,0.99923,-0.07766,-0.01876,-0.00146,0.99680,-0.10135,0.00740,-0.01823,0.99466,1.00,-0.07734,-0.04601,-0.00357,0.99594,-0.10158,-0.01991,-0.01970,0.99443,1.00
11662,-0.02341,0.02470,-0.01909,0.99924,-0.07768,-0.01867,-0.00146,0.99680,-0.10135,0.00741,-0.01813,0.99466,1.00,-0.07736,-0.04592,-0.00357,0.99594,-0.10159,-0.01990,-0.01959,0.99443,1.00
11674,-0.02344,0.02469,-0.01899,0.99924,-0.07765,-0.01865,-0.00145,0.99681,-0.10135,0.00742,-0.01803,0.99466,1.00,-0.07734,-0.04590,-0.00356,0.99594,-0.10159,-0.01989,-0.01949,0.99444,1.00
11685,-0.02353,0.02476,-0.01898,0.99924,-0.07543,-0.01844,-0.00139,0.99698,-0.09921,0.00766,-0.01802,0.99487,1.00,-0.07512,-0.04568,-0.00344,0.99612,-0.09945,-0.01964,-0.01942,0.99466,1.00
11696,-0.02362,0.02484,-0.01898,0.99923,-0.07533,-0.01852,-0.00140,0.99699,-0.09921,0.00766,-0.01801,0.99487,1.00,-0.07502,-0.04576,-0.00345,0.99613,-0.09945,-0.01963,-0.01941,0.99466,1.00
11707,-0.02364,0.02493,-0.01897,0.99923,-0.07531,-0.01860,-0.00141,0.99699,-0.09921,0.00766,-0.01800,0.99487,1.00,-0.07501,-0.04584,-0.00345,0.99612,-0.09945,-0.01963,-0.01939,0.99466,1.00
11718,-0.02359,0.02507,-0.01904,0.99923,-0.07394,-0.02048,-0.00152,0.99705,-0.09783,0.00590,-0.01816,0.99502,1.00,-0.07360,-0.04770,-0.00352,0.99614,-0.09804,-0.02138,-0.01952,0.99476,1.00
11729,-0.02351,0.02517,-0.01918,0.99922,-0.07402,-0.02061,-0.00153,0.99704,-0.09783,0.00588,-0.01831,0.99502,1.00,-0.07367,-0.04783,-0.00354,0.99613,-0.09804,-0.02139,-0.01967,0.99476,1.00
11741,-0.02346,0.02531,-0.01929,0.99922,-0.07406,-0.02076,-0.00154,0.99704,-0.09783,0.00587,-0.01841,0.99502,1.00,-0.07371,-0.04799,-0.00355,0.99612,-0.09804,-0.02140,-0.01977,0.99476,1.00
11752,-0.02337,0.02546,-0.01922,0.99922,-0.07222,-0.02556,-0.00185,0.99706,-0.09601,0.00119,-0.01858,0.99521,1.00,-0.07184,-0.05274,-0.00380,0.99601,-0.09617,-0.02605,-0.01988,0.99483,1.00
11762,-0.02335,0.02548,-0.01912,0.99922,-0.07224,-0.02556,-0.00185,0.99706,-0.09601,0.00120,-0.01848,0.99521,1.00,-0.07187,-0.05275,-0.00381,0.99601,-0.09618,-0.02604,-0.01979,0.99483,1.00
11774,-0.02329,0.02549,-0.01878,0.99923,-0.07231,-0.02551,-0.00185,0.99705,-0.09601,0.00124,-0.01813,0.99521,1.00,-0.07196,-0.05270,-0.00381,0.99601,-0.09618,-0.02601,-0.01944,0.99483,1.00
11785,-0.02336,0.02546,-0.01859,0.99923,-0.07215,-0.02624,-0.00190,0.99705,-0.09591,0.00045,-0.01798,0.99523,1.00,-0.07179,-0.05343,-0.00385,0.99598,-0.09609,-0.02679,-0.01929,0.99483,1.00
11796,-0.02340,0.02547,-0.01847,0.99923,-0.07211,-0.02624,-0.00190,0.99705,-0.09591,0.00047,-0.01786,0.99523,1.00,-0.07176,-0.05342,-0.00385,0.99598,-0.09609,-0.02677,-0.01917,0.99483,1.00
11807,-0.02339,0.02549,-0.01853,0.99923,-0.07211,-0.02626,-0.00190,0.99705,-0.09591,0.00046,-0.01792,0.99523,1.00,-0.07176,-0.05345,-0.00385,0.99598,-0.09609,-0.02678,-0.01923,0.99483,1.00
11819,-0.02345,0.02543,-0.01851,0.99923,-0.07243,-0.02753,-0.00200,0.99699,-0.09632,-0.00086,-0.01796,0.99519,1.00,-0.07205,-0.05470,-0.00396,0.99589,-0.09646,-0.02809,-0.01927,0.99475,1.00
11829,-0.02351,0.02537,-0.01845,0.99923,-0.07237,-0.02745,-0.00199,0.99700,-0.09632,-0.00085,-0.01790,0.99519,1.00,-0.07199,-0.05463,-0.00395,0.99590,-0.09646,-0.02809,-0.01921,0.99476,1.00
11841,-0.02367,0.02520,-0.01825,0.99924,-0.07222,-0.02725,-0.00197,0.99701,-0.09632,-0.00083,-0.01770,0.99519,1.00,-0.07186,-0.05442,-0.00393,0.99592,-0.09647,-0.02807,-0.01900,0.99476,1.00
11852,-0.02377,0.02513,-0.01810,0.99924,-0.07218,-0.02718,-0.00197,0.99702,-0.09636,-0.00084,-0.01755,0.99519,1.00,-0.07181,-0.05435,-0.00392,0.99593,-0.09651,-0.02808,-0.01885,0.99476,1.00
11863,-0.02387,0.02503,-0.01805,0.99924,-0.07208,-0.02707,-0.00196,0.99703,-0.09636,-0.00084,-0.01750,0.99519,1.00,-0.07171,-0.05425,-0.00391,0.99594,-0.09651,-0.02807,-0.01879,0.99476,1.00
11874,-0.02397,0.02492,-0.01806,0.99924,-0.07198,-0.02696,-0.00195,0.99704,-0.09636,-0.00084,-0.01751,0.99519,1.00,-0.07162,-0.05413,-0.00389,0.99595,-0.09651,-0.02807,-0.01879,0.99476,1.00
11885,-0.02404,0.02485,-0.01815,0.99924,-0.07351,-0.02667,-0.00197,0.99694,-0.09796,-0.00059,-0.01759,0.99504,1.00,-0.07312,-0.05386,-0.00395,0.99586,-0.09808,-0.02783,-0.01891,0.99461,1.00
11896,-0.02413,0.02477,-0.01821,0.99924,-0.07343,-0.02660,-0.00196,0.99694,-0.09796,-0.00059,-0.01765,0.99503,1.00,-0.07303,-0.05379,-0.00394,0.99587,-0.09808,-0.02784,-0.01897,0.99461,1.00
11907,-0.02423,0.02476,-0.01820,0.99923,-0.07332,-0.02658,-0.00196,0.99695,-0.09796,-0.00059,-0.01764,0.99503,1.00,-0.07293,-0.05377,-0.00394,0.99588,-0.09808,-0.02784,-0.01895,0.99461,1.00
11919,-0.02446,0.02480,-0.01821,0.99923,-0.07333,-0.02665,-0.00196,0.99695,-0.09820,-0.00062,-0.01765,0.99501,1.00,-0.07293,-0.05384,-0.00394,0.99588,-0.09831,-0.02787,-0.01895,0.99459,1.00
11930,-0.02466,0.02482,-0.01811,0.99922,-0.07313,-0.02665,-0.00195,0.99696,-0.09820,-0.00061,-0.01753,0.99501,1.00,-0.07274,-0.05383,-0.00393,0.99589,-0.09831,-0.02785,-0.01883,0.99459,1.00
11941,-0.02490,0.02486,-0.01803,0.99922,-0.07290,-0.02667,-0.00195,0.99698,-0.09820,-0.00060,-0.01745,0.99501,1.00,-0.07251,-0.05385,-0.00392,0.99591,-0.09832,-0.02785,-0.01873,0.99459,1.00
11952,-0.02494,0.02503,-0.01812,0.99921,-0.07320,-0.02693,-0.00198,0.99695,-0.09854,-0.00068,-0.01754,0.99498,1.00,-0.07280,-0.05412,-0.00396,0.99587,-0.09866,-0.02793,-0.01883,0.99455,1.00
11963,-0.02499,0.02517,-0.01840,0.99920,-0.07314,-0.02712,-0.00199,0.99695,-0.09854,-0.00071,-0.01781,0.99497,1.00,-0.07273,-0.05431,-0.00397,0.99586,-0.09865,-0.02795,-0.01910,0.99455,1.00
11974,-0.02500,0.02533,-0.01854,0.99919,-0.07312,-0.02730,-0.00200,0.99695,-0.09854,-0.00072,-0.01795,0.99497,1.00,-0.07270,-0.05449,-0.00398,0.99586,-0.09865,-0.02797,-0.01924,0.99454,1.00
11985,-0.02501,0.02544,-0.01861,0.99919,-0.07216,-0.02503,-0.00181,0.99708,-0.09754,0.00165,-0.01791,0.99507,1.00,-0.07176,-0.05222,-0.00376,0.99605,-0.09768,-0.02560,-0.01917,0.99470,1.00
11997,-0.02499,0.02555,-0.01857,0.99919,-0.07217,-0.02513,-0.00182,0.99707,-0.09754,0.00165,-0.01786,0.99507,1.00,-0.07177,-0.05232,-0.00377,0.99604,-0.09768,-0.02560,-0.01912,0.99471,1.00
12008,-0.02497,0.02563,-0.01843,0.99919,-0.07219,-0.02520,-0.00182,0.99707,-0.09754,0.00167,-0.01772,0.99507,1.00,-0.07180,-0.05239,-0.00378,0.99604,-0.09768,-0.02558,-0.01899,0.99471,1.00
12019,-0.02504,0.02569,-0.01839,0.99919,-0.07166,-0.02466,-0.00177,0.99712,-0.09706,0.00226,-0.01765,0.99512,1.00,-0.07129,-0.05185,-0.00371,0.99610,-0.09722,-0.02499,-0.01889,0.99477,1.00
12030,-0.02506,0.02574,-0.01833,0.99919,-0.07163,-0.02469,-0.00177,0.99712,-0.09706,0.00226,-0.01758,0.99512,1.00,-0.07127,-0.05188,-0.00371,0.99610,-0.09722,-0.02499,-0.01883,0.99477,1.00
12041,-0.02505,0.02575,-0.01836,0.99919,-0.07164,-0.02471,-0.00178,0.99712,-0.09706,0.00226,-0.01761,0.99512,1.00,-0.07128,-0.05190,-0.00371,0.99610,-0.09722,-0.02499,-0.01886,0.99477,1.00
12052,-0.02507,0.02575,-0.01845,0.99918,-0.07148,-0.02470,-0.00177,0.99713,-0.09693,0.00227,-0.01771,0.99513,1.00,-0.07111,-0.05188,-0.00370,0.99611,-0.09708,-0.02498,-0.01895,0.99478,1.00
12063,-0.02501,0.02569,-0.01860,0.99918,-0.07154,-0.02467,-0.00177,0.99713,-0.09693,0.00226,-0.01786,0.99513,1.00,-0.07116,-0.05185,-0.00370,0.99611,-0.09708,-0.02499,-0.01910,0.99478,1.00
12074,-0.02495,0.02563,-0.01870,0.99919,-0.07160,-0.02463,-0.00177,0.99713,-0.09693,0.00224,-0.01796,0.99513,1.00,-0.07122,-0.05181,-0.00370,0.99611,-0.09708,-0.02500,-0.01921,0.99478,1.00
12086,-0.02487,0.02558,-0.01873,0.99919,-0.06851,-0.02574,-0.00177,0.99732,-0.09379,0.00102,-0.01805,0.99543,1.00,-0.06813,-0.05291,-0.00362,0.99627,-0.09394,-0.02620,-0.01922,0.99505,1.00
12097,-0.02479,0.02549,-0.01870,0.99919,-0.06860,-0.02565,-0.00176,0.99731,-0.09379,0.00103,-0.01803,0.99543,1.00,-0.06822,-0.05282,-0.00362,0.99626,-0.09394,-0.02619,-0.01920,0.99505,1.00
12108,-0.02469,0.02544,-0.01869,0.99920,-0.06870,-0.02560,-0.00176,0.99731,-0.09379,0.00103,-0.01802,0.99543,1.00,-0.06832,-0.05276,-0.00362,0.99626,-0.09394,-0.02619,-0.01920,0.99505,1.00
12119,-0.02458,0.02534,-0.01866,0.99920,-0.06872,-0.02581,-0.00178,0.99730,-0.09370,0.00072,-0.01801,0.99544,1.00,-0.06835,-0.05297,-0.00363,0.99625,-0.09386,-0.02650,-0.01919,0.99505,1.00
12130,-0.02454,0.02529,-0.01865,0.99920,-0.06876,-0.02576,-0.00178,0.99730,-0.09370,0.00072,-0.01801,0.99544,1.00,-0.06839,-0.05292,-0.00363,0.99625,-0.09386,-0.02650,-0.01919,0.99505,1.00
12142,-0.02451,0.02526,-0.01864,0.99921,-0.06879,-0.02573,-0.00177,0.99730,-0.09370,0.00072,-0.01800,0.99544,1.00,-0.06842,-0.05289,-0.00363,0.99625,-0.09386,-0.02650,-0.01918,0.99505,1.00
12152,-0.02444,0.02519,-0.01866,0.99921,-0.07240,-0.03191,-0.00232,0.99686,-0.09736,-0.00548,-0.01832,0.99507,1.00,-0.07195,-0.05906,-0.00427,0.99565,-0.09744,-0.03269,-0.01959,0.99451,1.00
12163,-0.02432,0.02517,-0.01877,0.99921,-0.07252,-0.03191,-0.00232,0.99685,-0.09736,-0.00549,-0.01843,0.99506,1.00,-0.07206,-0.05906,-0.00427,0.99564,-0.09743,-0.03270,-0.01971,0.99451,1.00
12175,-0.02405,0.02523,-0.01900,0.99921,-0.07277,-0.03201,-0.00234,0.99683,-0.09736,-0.00551,-0.01867,0.99506,1.00,-0.07230,-0.05916,-0.00430,0.99562,-0.09742,-0.03273,-0.01997,0.99450,1.00
12186,-0.02396,0.02523,-0.01928,0.99921,-0.07970,-0.03220,-0.00258,0.99630,-0.10420,-0.00557,-0.01900,0.99436,1.00,-0.07918,-0.05939,-0.00473,0.99508,-0.10422,-0.03283,-0.02048,0.99380,1.00
12197,-0.02380,0.02511,-0.01948,0.99921,-0.07985,-0.03212,-0.00257,0.99629,-0.10420,-0.00559,-0.01921,0.99436,1.00,-0.07932,-0.05932,-0.00473,0.99507,-0.10422,-0.03285,-0.02071,0.99380,1.00
12208,-0.02366,0.02501,-0.01965,0.99921,-0.08000,-0.03206,-0.00257,0.99628,-0.10420,-0.00561,-0.01939,0.99435,1.00,-0.07945,-0.05925,-0.00473,0.99507,-0.10421,-0.03287,-0.02089,0.99379,1.00
12219,-0.02345,0.02481,-0.01979,0.99922,-0.07991,-0.02818,-0.00226,0.99640,-0.10383,-0.00190,-0.01933,0.99441,1.00,-0.07942,-0.05539,-0.00442,0.99529,-0.10390,-0.02918,-0.02084,0.99394,1.00
12230,-0.02335,0.02460,-0.01980,0.99923,-0.08001,-0.02797,-0.00225,0.99640,-0.10383,-0.00190,-0.01935,0.99440,1.00,-0.07952,-0.05518,-0.00441,0.99530,-0.10390,-0.02919,-0.02087,0.99394,1.00
12241,-0.02331,0.02437,-0.01947,0.99924,-0.08007,-0.02768,-0.00222,0.99640,-0.10383,-0.00187,-0.01903,0.99441,1.00,-0.07960,-0.05490,-0.00439,0.99530,-0.10391,-0.02915,-0.02055,0.99395,1.00
12253,-0.02330,0.02424,-0.01918,0.99925,-0.07391,-0.02530,-0.00188,0.99694,-0.09761,0.00026,-0.01862,0.99505,1.00,-0.07353,-0.05250,-0.00388,0.99590,-0.09778,-0.02699,-0.01997,0.99464,1.00
12264,-0.02329,0.02409,-0.01898,0.99926,-0.07393,-0.02512,-0.00186,0.99695,-0.09761,0.00028,-0.01841,0.99505,1.00,-0.07356,-0.05231,-0.00386,0.99591,-0.09779,-0.02697,-0.01977,0.99465,1.00
12275,-0.02334,0.02402,-0.01894,0.99926,-0.07388,-0.02504,-0.00186,0.99695,-0.09761,0.00028,-0.01837,0.99505,1.00,-0.07351,-0.05224,-0.00386,0.99592,-0.09779,-0.02697,-0.01973,0.99465,1.00
12286,-0.02338,0.02398,-0.01884,0.99926,-0.07243,-0.02544,-0.00185,0.99705,-0.09621,-0.00019,-0.01830,0.99519,1.00,-0.07207,-0.05263,-0.00381,0.99600,-0.09639,-0.02743,-0.01961,0.99477,1.00
12297,-0.02340,0.02396,-0.01877,0.99926,-0.07241,-0.02541,-0.00185,0.99705,-0.09621,-0.00018,-0.01823,0.99519,1.00,-0.07206,-0.05259,-0.00380,0.99601,-0.09639,-0.02743,-0.01954,0.99477,1.00
12308,-0.02347,0.02391,-0.01853,0.99927,-0.07235,-0.02532,-0.00184,0.99706,-0.09621,-0.00016,-0.01798,0.99520,1.00,-0.07201,-0.05250,-0.00380,0.99601,-0.09640,-0.02740,-0.01929,0.99478,1.00
12319,-0.02346,0.02385,-0.01819,0.99927,-0.07166,-0.02533,-0.00182,0.99711,-0.09551,-0.00027,-0.01765,0.99527,1.00,-0.07133,-0.05251,-0.00376,0.99606,-0.09569,-0.02750,-0.01894,0.99485,1.00
12330,-0.02346,0.02377,-0.01799,0.99928,-0.07167,-0.02521,-0.00181,0.99711,-0.09551,-0.00025,-0.01745,0.99528,1.00,-0.07134,-0.05240,-0.00375,0.99607,-0.09570,-0.02748,-0.01874,0.99485,1.00
12342,-0.02353,0.02373,-0.01785,0.99928,-0.07160,-0.02515,-0.00181,0.99711,-0.09551,-0.00023,-0.01731,0.99528,1.00,-0.07129,-0.05233,-0.00375,0.99608,-0.09570,-0.02747,-0.01860,0.99486,1.00
12353,-0.02356,0.02368,-0.01789,0.99928,-0.07142,-0.02533,-0.00181,0.99712,-0.09535,-0.00047,-0.01736,0.99529,1.00,-0.07108,-0.05251,-0.00375,0.99608,-0.09552,-0.02770,-0.01864,0.99487,1.00
12364,-0.02347,0.02362,-0.01794,0.99928,-0.07151,-0.02528,-0.00181,0.99712,-0.09535,-0.00047,-0.01741,0.99529,1.00,-0.07116,-0.05247,-0.00375,0.99608,-0.09552,-0.02771,-0.01870,0.99487,1.00
12375,-0.02332,0.02361,-0.01815,0.99928,-0.07165,-0.02531,-0.00182,0.99711,-0.09535,-0.00049,-0.01764,0.99529,1.00,-0.07129,-0.05249,-0.00376,0.99607,-0.09551,-0.02773,-0.01893,0.99486,1.00
12386,-0.02323,0.02354,-0.01834,0.99928,-0.07193,-0.02252,-0.00162,0.99715,-0.09549,0.00225,-0.01770,0.99527,1.00,-0.07156,-0.04972,-0.00357,0.99619,-0.09565,-0.02500,-0.01900,0.99492,1.00
12398,-0.02319,0.02349,-0.01845,0.99928,-0.07196,-0.02249,-0.00162,0.99715,-0.09549,0.00224,-0.01780,0.99527,1.00,-0.07160,-0.04969,-0.00357,0.99619,-0.09565,-0.02501,-0.01911,0.99492,1.00
12409,-0.02318,0.02345,-0.01841,0.99929,-0.07198,-0.02244,-0.00162,0.99715,-0.09549,0.00225,-0.01777,0.99527,1.00,-0.07161,-0.04964,-0.00357,0.99619,-0.09565,-0.02501,-0.01908,0.99492,1.00
12420,-0.02318,0.02342,-0.01834,0.99929,-0.07104,-0.02253,-0.00160,0.99722,-0.09455,0.00210,-0.01771,0.99536,1.00,-0.07068,-0.04972,-0.00353,0.99625,-0.09472,-0.02514,-0.01899,0.99501,1.00
12431,-0.02317,0.02339,-0.01828,0.99929,-0.07104,-0.02249,-0.00160,0.99722,-0.09455,0.00211,-0.01765,0.99536,1.00,-0.07069,-0.04968,-0.00353,0.99625,-0.09472,-0.02514,-0.01893,0.99501,1.00
12442,-0.02323,0.02341,-0.01824,0.99929,-0.07099,-0.02251,-0.00160,0.99722,-0.09455,0.00211,-0.01761,0.99536,1.00,-0.07064,-0.04970,-0.00352,0.99626,-0.09472,-0.02513,-0.01889,0.99501,1.00
12453,-0.02326,0.02347,-0.01822,0.99929,-0.07085,-0.02444,-0.00174,0.99719,-0.09448,0.00023,-0.01768,0.99537,1.00,-0.07049,-0.05162,-0.00365,0.99617,-0.09464,-0.02701,-0.01895,0.99497,1.00
12464,-0.02336,0.02354,-0.01823,0.99928,-0.07075,-0.02451,-0.00174,0.99719,-0.09448,0.00023,-0.01768,0.99537,1.00,-0.07039,-0.05169,-0.00365,0.99617,-0.09464,-0.02701,-0.01894,0.99497,1.00
12475,-0.02348,0.02363,-0.01819,0.99928,-0.06873,-0.02462,-0.00170,0.99733,-0.09259,0.00017,-0.01763,0.99555,1.00,-0.06838,-0.05179,-0.00355,0.99631,-0.09276,-0.02705,-0.01884,0.99514,1.00
12486,-0.02378,0.02378,-0.01801,0.99927,-0.06844,-0.02473,-0.00170,0.99735,-0.09259,0.00019,-0.01744,0.99555,1.00,-0.06810,-0.05190,-0.00355,0.99632,-0.09276,-0.02703,-0.01864,0.99515,1.00
12498,-0.02394,0.02388,-0.01789,0.99927,-0.06828,-0.02481,-0.00170,0.99736,-0.09259,0.00020,-0.01731,0.99555,1.00,-0.06795,-0.05198,-0.00355,0.99633,-0.09276,-0.02702,-0.01850,0.99515,1.00
12509,-0.02414,0.02398,-0.01788,0.99926,-0.06808,-0.02491,-0.00170,0.99737,-0.09259,0.00020,-0.01730,0.99555,1.00,-0.06775,-0.05207,-0.00354,0.99634,-0.09277,-0.02702,-0.01847,0.99515,1.00
12520,-0.02423,0.02407,-0.01802,0.99925,-0.06743,-0.02629,-0.00178,0.99738,-0.09206,-0.00109,-0.01749,0.99560,1.00,-0.06707,-0.05345,-0.00360,0.99631,-0.09221,-0.02830,-0.01864,0.99516,1.00
12531,-0.02427,0.02415,-0.01810,0.99925,-0.06738,-0.02638,-0.00178,0.99738,-0.09206,-0.00110,-0.01757,0.99560,1.00,-0.06702,-0.05354,-0.00360,0.99631,-0.09221,-0.02831,-0.01871,0.99516,1.00
12543,-0.02428,0.02415,-0.01816,0.99925,-0.06737,-0.02639,-0.00178,0.99738,-0.09206,-0.00110,-0.01762,0.99560,1.00,-0.06701,-0.05355,-0.00360,0.99631,-0.09221,-0.02832,-0.01877,0.99516,1.00
12553,-0.02435,0.02419,-0.01819,0.99925,-0.06776,-0.02342,-0.00159,0.99743,-0.09246,0.00192,-0.01753,0.99556,1.00,-0.06741,-0.05059,-0.00342,0.99644,-0.09263,-0.02531,-0.01869,0.99520,1.00
12565,-0.02437,0.02415,-0.01823,0.99925,-0.06774,-0.02339,-0.00159,0.99743,-0.09246,0.00191,-0.01757,0.99556,1.00,-0.06739,-0.05056,-0.00342,0.99644,-0.09262,-0.02531,-0.01873,0.99520,1.00
12576,-0.02448,0.02407,-0.01826,0.99924,-0.06763,-0.02331,-0.00158,0.99744,-0.09246,0.00191,-0.01759,0.99556,1.00,-0.06728,-0.05048,-0.00341,0.99645,-0.09262,-0.02531,-0.01875,0.99520,1.00
12587,-0.02463,0.02397,-0.01821,0.99924,-0.06718,-0.02342,-0.00158,0.99746,-0.09216,0.00169,-0.01755,0.99559,1.00,-0.06684,-0.05059,-0.00339,0.99647,-0.09233,-0.02554,-0.01869,0.99523,1.00
12598,-0.02479,0.02383,-0.01819,0.99924,-0.06703,-0.02328,-0.00156,0.99748,-0.09216,0.00169,-0.01754,0.99559,1.00,-0.06668,-0.05045,-0.00338,0.99649,-0.09233,-0.02553,-0.01866,0.99523,1.00
12609,-0.02496,0.02375,-0.01845,0.99924,-0.06685,-0.02324,-0.00156,0.99749,-0.09216,0.00166,-0.01779,0.99558,1.00,-0.06650,-0.05041,-0.00336,0.99651,-0.09233,-0.02556,-0.01891,0.99522,1.00
12620,-0.02514,0.02378,-0.01873,0.99923,-0.06693,-0.02337,-0.00157,0.99748,-0.09243,0.00158,-0.01807,0.99555,1.00,-0.06656,-0.05054,-0.00338,0.99650,-0.09259,-0.02564,-0.01918,0.99519,1.00
12631,-0.02526,0.02368,-0.01883,0.99922,-0.06681,-0.02329,-0.00156,0.99749,-0.09243,0.00157,-0.01817,0.99555,1.00,-0.06644,-0.05046,-0.00336,0.99651,-0.09258,-0.02565,-0.01928,0.99519,1.00
12643,-0.02538,0.02376,-0.01895,0.99922,-0.06668,-0.02338,-0.00156,0.99750,-0.09243,0.00156,-0.01828,0.99555,1.00,-0.06630,-0.05054,-0.00336,0.99651,-0.09258,-0.02566,-0.01938,0.99519,1.00
12654,-0.02542,0.02379,-0.01889,0.99922,-0.06703,-0.02462,-0.00165,0.99745,-0.09284,0.00035,-0.01827,0.99551,1.00,-0.06666,-0.05178,-0.00346,0.99643,-0.09300,-0.02686,-0.01938,0.99512,1.00
12665,-0.02551,0.02390,-0.01882,0.99921,-0.06695,-0.02471,-0.00166,0.99745,-0.09284,0.00036,-0.01820,0.99551,1.00,-0.06658,-0.05187,-0.00347,0.99643,-0.09300,-0.02686,-0.01930,0.99512,1.00
12676,-0.02562,0.02396,-0.01882,0.99921,-0.06657,-0.02496,-0.00167,0.99747,-0.09259,0.00017,-0.01820,0.99554,1.00,-0.06622,-0.05212,-0.00346,0.99644,-0.09276,-0.02704,-0.01929,0.99513,1.00
12687,-0.02574,0.02416,-0.01882,0.99920,-0.06645,-0.02516,-0.00168,0.99747,-0.09259,0.00017,-0.01819,0.99554,1.00,-0.06610,-0.05231,-0.00347,0.99643,-0.09276,-0.02704,-0.01927,0.99513,1.00
12698,-0.02579,0.02422,-0.01886,0.99920,-0.06640,-0.02522,-0.00168,0.99747,-0.09259,0.00017,-0.01823,0.99554,1.00,-0.06605,-0.05238,-0.00347,0.99643,-0.09276,-0.02705,-0.01931,0.99513,1.00
12710,-0.02580,0.02434,-0.01899,0.99919,-0.06491,-0.02565,-0.00167,0.99756,-0.09112,-0.00016,-0.01837,0.99567,1.00,-0.06456,-0.05279,-0.00342,0.99651,-0.09130,-0.02736,-0.01941,0.99526,1.00
12721,-0.02576,0.02443,-0.01918,0.99919,-0.06495,-0.02576,-0.00168,0.99755,-0.09112,-0.00017,-0.01856,0.99567,1.00,-0.06459,-0.05291,-0.00343,0.99650,-0.09130,-0.02737,-0.01960,0.99525,1.00
12732,-0.02566,0.02448,-0.01932,0.99918,-0.06504,-0.02585,-0.00169,0.99755,-0.09112,-0.00019,-0.01871,0.99566,1.00,-0.06467,-0.05299,-0.00344,0.99649,-0.09129,-0.02739,-0.01975,0.99525,1.00
12743,-0.02556,0.02454,-0.01949,0.99918,-0.06513,-0.02593,-0.00169,0.99754,-0.09112,-0.00020,-0.01887,0.99566,1.00,-0.06475,-0.05308,-0.00345,0.99648,-0.09129,-0.02740,-0.01992,0.99525,1.00
12754,-0.02545,0.02451,-0.01946,0.99919,-0.06479,-0.02715,-0.00176,0.99753,-0.09070,-0.00146,-0.01890,0.99570,1.00,-0.06441,-0.05429,-0.00351,0.99644,-0.09087,-0.02866,-0.01994,0.99525,1.00
12765,-0.02539,0.02456,-0.01954,0.99918,-0.06485,-0.02721,-0.00177,0.99752,-0.09070,-0.00147,-0.01898,0.99570,1.00,-0.06447,-0.05435,-0.00352,0.99643,-0.09087,-0.02866,-0.02002,0.99525,1.00
12776,-0.02528,0.02451,-0.01959,0.99919,-0.06496,-0.02718,-0.00177,0.99752,-0.09070,-0.00148,-0.01903,0.99570,1.00,-0.06458,-0.05431,-0.00352,0.99643,-0.09086,-0.02867,-0.02008,0.99525,1.00
12787,-0.02521,0.02448,-0.01966,0.99919,-0.06494,-0.02693,-0.00175,0.99752,-0.09060,-0.00126,-0.01909,0.99570,1.00,-0.06456,-0.05407,-0.00350,0.99644,-0.09078,-0.02845,-0.02014,0.99526,1.00
12799,-0.02518,0.02449,-0.01975,0.99919,-0.06496,-0.02695,-0.00176,0.99752,-0.09060,-0.00126,-0.01918,0.99570,1.00,-0.06458,-0.05409,-0.00351,0.99644,-0.09077,-0.02846,-0.02024,0.99526,1.00
12810,-0.02518,0.02451,-0.01982,0.99919,-0.06474,-0.02690,-0.00175,0.99754,-0.09038,-0.00119,-0.01925,0.99572,1.00,-0.06437,-0.05404,-0.00349,0.99646,-0.09057,-0.02838,-0.02030,0.99528,1.00
12821,-0.02515,0.02455,-0.01987,0.99918,-0.06477,-0.02695,-0.00175,0.99753,-0.09038,-0.00120,-0.01930,0.99572,1.00,-0.06440,-0.05409,-0.00350,0.99645,-0.09057,-0.02839,-0.02035,0.99528,1.00
12832,-0.02506,0.02459,-0.01990,0.99919,-0.06485,-0.02700,-0.00176,0.99753,-0.09038,-0.00120,-0.01934,0.99572,1.00,-0.06448,-0.05414,-0.00350,0.99644,-0.09057,-0.02839,-0.02039,0.99528,1.00
12843,-0.02496,0.02465,-0.01992,0.99919,-0.06603,-0.02653,-0.00176,0.99746,-0.09144,-0.00065,-0.01933,0.99562,1.00,-0.06566,-0.05367,-0.00354,0.99639,-0.09164,-0.02785,-0.02042,0.99519,1.00
12854,-0.02486,0.02467,-0.01986,0.99919,-0.06613,-0.02654,-0.00176,0.99746,-0.09144,-0.00064,-0.01928,0.99562,1.00,-0.06576,-0.05369,-0.00354,0.99638,-0.09164,-0.02784,-0.02038,0.99519,1.00
12865,-0.02478,0.02465,-0.01975,0.99919,-0.06622,-0.02650,-0.00176,0.99745,-0.09144,-0.00063,-0.01917,0.99563,1.00,-0.06586,-0.05365,-0.00355,0.99638,-0.09164,-0.02783,-0.02027,0.99520,1.00
12877,-0.02468,0.02467,-0.01965,0.99920,-0.06611,-0.02805,-0.00186,0.99742,-0.09127,-0.00217,-0.01914,0.99564,1.00,-0.06575,-0.05519,-0.00364,0.99630,-0.09146,-0.02936,-0.02024,0.99517,1.00
12888,-0.02461,0.02462,-0.01955,0.99920,-0.06618,-0.02799,-0.00186,0.99741,-0.09127,-0.00216,-0.01904,0.99564,1.00,-0.06582,-0.05513,-0.00364,0.99630,-0.09146,-0.02935,-0.02014,0.99517,1.00
12899,-0.02452,0.02464,-0.01944,0.99921,-0.06628,-0.02799,-0.00186,0.99741,-0.09127,-0.00215,-0.01893,0.99564,1.00,-0.06593,-0.05513,-0.00365,0.99629,-0.09147,-0.02934,-0.02004,0.99517,1.00
12910,-0.02448,0.02456,-0.01939,0.99921,-0.06524,-0.02791,-0.00183,0.99748,-0.09019,-0.00216,-0.01888,0.99574,1.00,-0.06488,-0.05504,-0.00358,0.99637,-0.09038,-0.02935,-0.01996,0.99527,1.00
12921,-0.02441,0.02446,-0.01932,0.99922,-0.06530,-0.02780,-0.00182,0.99748,-0.09019,-0.00216,-0.01881,0.99574,1.00,-0.06496,-0.05493,-0.00358,0.99637,-0.09038,-0.02935,-0.01989,0.99528,1.00
12932,-0.02433,0.02436,-0.01933,0.99922,-0.06539,-0.02770,-0.00182,0.99747,-0.09019,-0.00216,-0.01883,0.99574,1.00,-0.06504,-0.05483,-0.00358,0.99637,-0.09038,-0.02935,-0.01992,0.99528,1.00
12943,-0.02423,0.02418,-0.01938,0.99923,-0.06549,-0.02753,-0.00181,0.99747,-0.09019,-0.00216,-0.01889,0.99574,1.00,-0.06514,-0.05467,-0.00357,0.99637,-0.09038,-0.02935,-0.01998,0.99527,1.00
12954,-0.02418,0.02410,-0.01933,0.99923,-0.06531,-0.02781,-0.00182,0.99748,-0.08997,-0.00253,-0.01885,0.99576,1.00,-0.06495,-0.05495,-0.00358,0.99637,-0.09015,-0.02972,-0.01994,0.99529,1.00
12966,-0.02418,0.02398,-0.01932,0.99923,-0.06532,-0.02769,-0.00181,0.99748,-0.08997,-0.00253,-0.01885,0.99576,1.00,-0.06496,-0.05482,-0.00357,0.99637,-0.09015,-0.02972,-0.01994,0.99529,1.00
12977,-0.02414,0.02385,-0.01927,0.99924,-0.06591,-0.02781,-0.00184,0.99744,-0.09052,-0.00277,-0.01881,0.99571,1.00,-0.06554,-0.05494,-0.00361,0.99633,-0.09069,-0.02996,-0.01992,0.99523,1.00
12988,-0.02409,0.02379,-0.01927,0.99924,-0.06596,-0.02775,-0.00184,0.99743,-0.09052,-0.00277,-0.01881,0.99571,1.00,-0.06560,-0.05488,-0.00361,0.99633,-0.09069,-0.02996,-0.01992,0.99523,1.00
12999,-0.02409,0.02376,-0.01924,0.99924,-0.06597,-0.02771,-0.00183,0.99744,-0.09052,-0.00277,-0.01879,0.99571,1.00,-0.06560,-0.05484,-0.00361,0.99633,-0.09069,-0.02996,-0.01990,0.99523,1.00
13010,-0.02414,0.02380,-0.01937,0.99924,-0.06579,-0.02652,-0.00175,0.99748,-0.09037,-0.00153,-0.01886,0.99573,1.00,-0.06542,-0.05366,-0.00352,0.99641,-0.09055,-0.02873,-0.01997,0.99528,1.00
13021,-0.02408,0.02389,-0.01944,0.99924,-0.06584,-0.02662,-0.00176,0.99747,-0.09037,-0.00154,-0.01893,0.99573,1.00,-0.06548,-0.05376,-0.00353,0.99640,-0.09055,-0.02873,-0.02004,0.99528,1.00
13032,-0.02393,0.02414,-0.01977,0.99923,-0.06598,-0.02693,-0.00178,0.99746,-0.09037,-0.00157,-0.01927,0.99572,1.00,-0.06560,-0.05407,-0.00356,0.99637,-0.09054,-0.02876,-0.02038,0.99527,1.00
13044,-0.02372,0.02431,-0.01987,0.99923,-0.06790,-0.01099,-0.00075,0.99763,-0.09175,0.01460,-0.01866,0.99550,1.00,-0.06766,-0.03822,-0.00259,0.99697,-0.09207,-0.01267,-0.01985,0.99547,1.00
13055,-0.02369,0.02451,-0.01986,0.99922,-0.06793,-0.01119,-0.00076,0.99763,-0.09175,0.01460,-0.01865,0.99550,1.00,-0.06768,-0.03841,-0.00261,0.99696,-0.09207,-0.01267,-0.01984,0.99547,1.00
13066,-0.02355,0.02466,-0.01968,0.99922,-0.06807,-0.01132,-0.00077,0.99762,-0.09174,0.01462,-0.01846,0.99550,1.00,-0.06783,-0.03854,-0.00262,0.99695,-0.09207,-0.01265,-0.01966,0.99548,1.00
13077,-0.02344,0.02487,-0.01938,0.99923,-0.06791,-0.00970,-0.00066,0.99764,-0.09144,0.01643,-0.01808,0.99551,1.00,-0.06771,-0.03692,-0.00251,0.99702,-0.09181,-0.01084,-0.01928,0.99553,1.00
13088,-0.02328,0.02497,-0.01918,0.99923,-0.06806,-0.00976,-0.00067,0.99763,-0.09144,0.01645,-0.01787,0.99551,1.00,-0.06788,-0.03699,-0.00252,0.99700,-0.09181,-0.01083,-0.01908,0.99553,1.00
13099,-0.02316,0.02504,-0.01901,0.99924,-0.06818,-0.00981,-0.00067,0.99762,-0.09144,0.01646,-0.01770,0.99552,1.00,-0.06800,-0.03704,-0.00253,0.99699,-0.09181,-0.01081,-0.01892,0.99554,1.00
13110,-0.02313,0.02510,-0.01899,0.99924,-0.06891,-0.00944,-0.00065,0.99758,-0.09213,0.01689,-0.01764,0.99545,1.00,-0.06872,-0.03668,-0.00253,0.99696,-0.09249,-0.01038,-0.01888,0.99548,1.00
13122,-0.02310,0.02507,-0.01904,0.99924,-0.06894,-0.00942,-0.00065,0.99758,-0.09213,0.01689,-0.01770,0.99545,1.00,-0.06875,-0.03666,-0.00253,0.99696,-0.09249,-0.01039,-0.01894,0.99548,1.00
13133,-0.02311,0.02508,-0.01900,0.99924,-0.06893,-0.00943,-0.00065,0.99758,-0.09213,0.01689,-0.01765,0.99545,1.00,-0.06874,-0.03667,-0.00253,0.99696,-0.09249,-0.01038,-0.01889,0.99548,1.00
13144,-0.02312,0.02493,-0.01897,0.99924,-0.06892,-0.00928,-0.00064,0.99758,-0.09213,0.01689,-0.01763,0.99545,1.00,-0.06873,-0.03651,-0.00252,0.99696,-0.09249,-0.01038,-0.01887,0.99548,1.00
13155,-0.02320,0.02481,-0.01897,0.99924,-0.06936,-0.00955,-0.00066,0.99755,-0.09264,0.01651,-0.01765,0.99541,1.00,-0.06915,-0.03679,-0.00255,0.99692,-0.09298,-0.01077,-0.01889,0.99543,1.00
13166,-0.02321,0.02461,-0.01891,0.99925,-0.06934,-0.00934,-0.00065,0.99755,-0.09264,0.01651,-0.01759,0.99541,1.00,-0.06914,-0.03658,-0.00254,0.99693,-0.09298,-0.01076,-0.01883,0.99543,1.00
13177,-0.02328,0.02432,-0.01896,0.99925,-0.06928,-0.00906,-0.00063,0.99756,-0.09264,0.01651,-0.01765,0.99541,1.00,-0.06907,-0.03630,-0.00251,0.99695,-0.09298,-0.01077,-0.01889,0.99543,1.00
13188,-0.02322,0.02415,-0.01901,0.99926,-0.07027,-0.00900,-0.00063,0.99749,-0.09356,0.01641,-0.01769,0.99532,1.00,-0.07005,-0.03624,-0.00255,0.99688,-0.09390,-0.01087,-0.01897,0.99534,1.00
13199,-0.02318,0.02403,-0.01919,0.99926,-0.07031,-0.00892,-0.00063,0.99748,-0.09357,0.01640,-0.01787,0.99532,1.00,-0.07008,-0.03616,-0.00254,0.99688,-0.09389,-0.01089,-0.01914,0.99534,1.00
13210,-0.02312,0.02394,-0.01927,0.99926,-0.06941,-0.01074,-0.00075,0.99753,-0.09264,0.01448,-0.01806,0.99543,1.00,-0.06916,-0.03797,-0.00263,0.99688,-0.09295,-0.01280,-0.01931,0.99540,1.00
13222,-0.02313,0.02381,-0.01927,0.99926,-0.06940,-0.01060,-0.00074,0.99753,-0.09264,0.01448,-0.01807,0.99543,1.00,-0.06915,-0.03783,-0.00262,0.99689,-0.09295,-0.01280,-0.01931,0.99540,1.00
13233,-0.02323,0.02379,-0.01924,0.99926,-0.06930,-0.01058,-0.00073,0.99754,-0.09264,0.01448,-0.01803,0.99543,1.00,-0.06906,-0.03781,-0.00262,0.99689,-0.09295,-0.01280,-0.01928,0.99540,1.00
13244,-0.02342,0.02376,-0.01908,0.99926,-0.06616,-0.02171,-0.00144,0.99757,-0.08993,0.00323,-0.01839,0.99577,1.00,-0.06585,-0.04888,-0.00323,0.99663,-0.09015,-0.02399,-0.01953,0.99545,1.00
13255,-0.02359,0.02379,-0.01899,0.99926,-0.06600,-0.02173,-0.00144,0.99758,-0.08993,0.00324,-0.01830,0.99577,1.00,-0.06569,-0.04890,-0.00322,0.99664,-0.09016,-0.02398,-0.01943,0.99545,1.00
13266,-0.02372,0.02391,-0.01904,0.99925,-0.06587,-0.02185,-0.00144,0.99759,-0.08993,0.00324,-0.01834,0.99577,1.00,-0.06556,-0.04901,-0.00322,0.99664,-0.09016,-0.02398,-0.01947,0.99545,1.00
13277,-0.02383,0.02420,-0.01934,0.99924,-0.06445,-0.02351,-0.00152,0.99764,-0.08866,0.00186,-0.01869,0.99588,1.00,-0.06411,-0.05066,-0.00326,0.99665,-0.08887,-0.02534,-0.01977,0.99552,1.00
13288,-0.02383,0.02433,-0.01947,0.99923,-0.06444,-0.02366,-0.00153,0.99764,-0.08866,0.00185,-0.01882,0.99588,1.00,-0.06410,-0.05082,-0.00327,0.99664,-0.08887,-0.02535,-0.01990,0.99552,1.00
13300,-0.02382,0.02447,-0.01945,0.99923,-0.06444,-0.02379,-0.00154,0.99764,-0.08866,0.00185,-0.01879,0.99588,1.00,-0.06410,-0.05094,-0.00328,0.99664,-0.08887,-0.02535,-0.01988,0.99552,1.00
13311,-0.02378,0.02455,-0.01943,0.99923,-0.06449,-0.02388,-0.00154,0.99763,-0.08866,0.00185,-0.01877,0.99588,1.00,-0.06415,-0.05103,-0.00328,0.99663,-0.08887,-0.02535,-0.01986,0.99552,1.00
13322,-0.02380,0.02461,-0.01939,0.99923,-0.06513,-0.02446,-0.00160,0.99758,-0.08933,0.00133,-0.01876,0.99582,1.00,-0.06479,-0.05162,-0.00336,0.99656,-0.08953,-0.02588,-0.01986,0.99545,1.00
13333,-0.02385,0.02468,-0.01932,0.99922,-0.06507,-0.02452,-0.00160,0.99758,-0.08933,0.00134,-0.01868,0.99583,1.00,-0.06474,-0.05167,-0.00336,0.99656,-0.08954,-0.02587,-0.01978,0.99545,1.00
13344,-0.02393,0.02470,-0.01938,0.99922,-0.06500,-0.02455,-0.00160,0.99758,-0.08933,0.00133,-0.01874,0.99583,1.00,-0.06466,-0.05170,-0.00335,0.99656,-0.08954,-0.02587,-0.01983,0.99545,1.00
13355,-0.02411,0.02471,-0.01945,0.99921,-0.06490,-0.02512,-0.00163,0.99757,-0.08943,0.00078,-0.01883,0.99582,1.00,-0.06455,-0.05226,-0.00339,0.99654,-0.08963,-0.02642,-0.01991,0.99543,1.00
13366,-0.02435,0.02467,-0.01946,0.99921,-0.06466,-0.02507,-0.00162,0.99759,-0.08943,0.00078,-0.01883,0.99582,1.00,-0.06431,-0.05221,-0.00337,0.99656,-0.08963,-0.02642,-0.01990,0.99543,1.00
13378,-0.02445,0.02456,-0.01944,0.99921,-0.06456,-0.02496,-0.00162,0.99760,-0.08943,0.00078,-0.01881,0.99582,1.00,-0.06422,-0.05211,-0.00336,0.99657,-0.08963,-0.02642,-0.01987,0.99543,1.00
13389,-0.02445,0.02452,-0.01940,0.99921,-0.06721,-0.02558,-0.00172,0.99741,-0.09208,0.00016,-0.01880,0.99557,1.00,-0.06685,-0.05274,-0.00354,0.99636,-0.09227,-0.02706,-0.01993,0.99517,1.00
13400,-0.02444,0.02438,-0.01941,0.99922,-0.06722,-0.02545,-0.00172,0.99741,-0.09208,0.00015,-0.01881,0.99557,1.00,-0.06686,-0.05260,-0.00353,0.99637,-0.09227,-0.02706,-0.01995,0.99517,1.00
13411,-0.02431,0.02418,-0.01944,0.99922,-0.06763,-0.02578,-0.00175,0.99738,-0.09237,-0.00037,-0.01888,0.99555,1.00,-0.06727,-0.05294,-0.00357,0.99632,-0.09255,-0.02758,-0.02003,0.99512,1.00
13422,-0.02414,0.02399,-0.01970,0.99923,-0.06779,-0.02563,-0.00174,0.99737,-0.09237,-0.00039,-0.01915,0.99554,1.00,-0.06741,-0.05279,-0.00357,0.99632,-0.09254,-0.02761,-0.02031,0.99512,1.00
13433,-0.02399,0.02380,-0.01979,0.99923,-0.06794,-0.02546,-0.00173,0.99736,-0.09237,-0.00040,-0.01924,0.99554,1.00,-0.06756,-0.05262,-0.00357,0.99632,-0.09254,-0.02762,-0.02041,0.99512,1.00
13444,-0.02389,0.02364,-0.01982,0.99924,-0.06759,-0.02559,-0.00173,0.99738,-0.09191,-0.00069,-0.01929,0.99558,1.00,-0.06721,-0.05274,-0.00356,0.99634,-0.09209,-0.02791,-0.02046,0.99515,1.00
13456,-0.02391,0.02356,-0.01987,0.99924,-0.06757,-0.02552,-0.00173,0.99739,-0.09191,-0.00070,-0.01934,0.99558,1.00,-0.06719,-0.05267,-0.00355,0.99634,-0.09209,-0.02791,-0.02050,0.99515,1.00
13467,-0.02389,0.02349,-0.01991,0.99924,-0.06759,-0.02546,-0.00173,0.99739,-0.09191,-0.00070,-0.01939,0.99558,1.00,-0.06721,-0.05261,-0.00355,0.99634,-0.09209,-0.02791,-0.02055,0.99515,1.00
13478,-0.02399,0.02352,-0.02007,0.99923,-0.06730,-0.02473,-0.00167,0.99742,-0.09171,0.00005,-0.01951,0.99559,1.00,-0.06693,-0.05189,-0.00349,0.99640,-0.09191,-0.02716,-0.02066,0.99518,1.00
13489,-0.02395,0.02355,-0.02011,0.99923,-0.06733,-0.02477,-0.00167,0.99742,-0.09171,0.00005,-0.01955,0.99559,1.00,-0.06696,-0.05193,-0.00349,0.99640,-0.09191,-0.02716,-0.02070,0.99518,1.00
13500,-0.02400,0.02364,-0.02020,0.99923,-0.06728,-0.02487,-0.00168,0.99742,-0.09171,0.00004,-0.01963,0.99559,1.00,-0.06690,-0.05203,-0.00349,0.99640,-0.09190,-0.02717,-0.02078,0.99518,1.00
13511,-0.02400,0.02377,-0.02030,0.99922,-0.06699,-0.02443,-0.00164,0.99745,-0.09141,0.00061,-0.01971,0.99562,1.00,-0.06663,-0.05159,-0.00345,0.99644,-0.09162,-0.02660,-0.02085,0.99522,1.00
13522,-0.02397,0.02392,-0.02040,0.99922,-0.06701,-0.02460,-0.00165,0.99745,-0.09141,0.00060,-0.01981,0.99562,1.00,-0.06665,-0.05176,-0.00346,0.99643,-0.09162,-0.02661,-0.02095,0.99522,1.00
13533,-0.02394,0.02411,-0.02050,0.99921,-0.06704,-0.02481,-0.00167,0.99744,-0.09141,0.00059,-0.01990,0.99561,1.00,-0.06667,-0.05197,-0.00348,0.99641,-0.09161,-0.02662,-0.02105,0.99522,1.00
13545,-0.02401,0.02425,-0.02050,0.99921,-0.06767,-0.02533,-0.00172,0.99738,-0.09212,0.00023,-0.01991,0.99555,1.00,-0.06730,-0.05249,-0.00355,0.99634,-0.09233,-0.02699,-0.02107,0.99514,1.00
13556,-0.02411,0.02434,-0.02041,0.99920,-0.06757,-0.02539,-0.00172,0.99739,-0.09212,0.00024,-0.01982,0.99555,1.00,-0.06720,-0.05256,-0.00354,0.99635,-0.09233,-0.02698,-0.02097,0.99514,1.00
13567,-0.02419,0.02450,-0.02032,0.99920,-0.06748,-0.02554,-0.00173,0.99739,-0.09212,0.00024,-0.01973,0.99555,1.00,-0.06712,-0.05270,-0.00355,0.99635,-0.09233,-0.02697,-0.02088,0.99514,1.00
13578,-0.02428,0.02461,-0.02035,0.99920,-0.06744,-0.02531,-0.00171,0.99740,-0.09216,0.00058,-0.01973,0.99555,1.00,-0.06709,-0.05248,-0.00353,0.99636,-0.09239,-0.02663,-0.02088,0.99515,1.00
13589,-0.02436,0.02468,-0.02038,0.99919,-0.06736,-0.02539,-0.00171,0.99740,-0.09216,0.00058,-0.01976,0.99555,1.00,-0.06701,-0.05255,-0.00353,0.99636,-0.09238,-0.02664,-0.02090,0.99515,1.00
13600,-0.02437,0.02469,-0.02057,0.99919,-0.06734,-0.02543,-0.00172,0.99740,-0.09216,0.00056,-0.01995,0.99554,1.00,-0.06698,-0.05259,-0.00354,0.99636,-0.09238,-0.02665,-0.02109,0.99514,1.00
13612,-0.02445,0.02470,-0.02060,0.99918,-0.06747,-0.02825,-0.00191,0.99732,-0.09243,-0.00226,-0.02010,0.99551,1.00,-0.06708,-0.05540,-0.00373,0.99620,-0.09262,-0.02946,-0.02124,0.99504,1.00
13623,-0.02445,0.02468,-0.02075,0.99918,-0.06746,-0.02826,-0.00191,0.99732,-0.09243,-0.00227,-0.02025,0.99551,1.00,-0.06707,-0.05540,-0.00373,0.99620,-0.09261,-0.02947,-0.02139,0.99504,1.00
13634,-0.02442,0.02466,-0.02079,0.99918,-0.06750,-0.02824,-0.00191,0.99732,-0.09243,-0.00228,-0.02029,0.99551,1.00,-0.06710,-0.05539,-0.00373,0.99620,-0.09261,-0.02948,-0.02143,0.99503,1.00
13645,-0.02434,0.02460,-0.02079,0.99919,-0.06865,-0.02945,-0.00203,0.99720,-0.09353,-0.00352,-0.02035,0.99540,1.00,-0.06824,-0.05659,-0.00388,0.99605,-0.09370,-0.03072,-0.02152,0.99489,1.00
13656,-0.02428,0.02457,-0.02077,0.99919,-0.06871,-0.02942,-0.00203,0.99720,-0.09353,-0.00352,-0.02033,0.99540,1.00,-0.06830,-0.05656,-0.00388,0.99605,-0.09370,-0.03072,-0.02151,0.99489,1.00
13667,-0.02425,0.02458,-0.02074,0.99919,-0.06874,-0.02943,-0.00203,0.99720,-0.09353,-0.00352,-0.02031,0.99540,1.00,-0.06833,-0.05657,-0.00388,0.99605,-0.09370,-0.03072,-0.02149,0.99489,1.00
13678,-0.02426,0.02460,-0.02078,0.99919,-0.06756,-0.02943,-0.00199,0.99728,-0.09236,-0.00352,-0.02034,0.99551,1.00,-0.06716,-0.05657,-0.00381,0.99613,-0.09254,-0.03071,-0.02148,0.99500,1.00
13689,-0.02421,0.02466,-0.02093,0.99918,-0.06760,-0.02952,-0.00200,0.99727,-0.09236,-0.00353,-0.02049,0.99551,1.00,-0.06719,-0.05666,-0.00382,0.99612,-0.09254,-0.03073,-0.02164,0.99500,1.00
13700,-0.02409,0.02475,-0.02128,0.99918,-0.06770,-0.02967,-0.00201,0.99726,-0.09236,-0.00357,-0.02085,0.99550,1.00,-0.06728,-0.05681,-0.00384,0.99611,-0.09253,-0.03076,-0.02200,0.99499,1.00
13712,-0.02402,0.02477,-0.02134,0.99918,-0.06761,-0.02880,-0.00195,0.99729,-0.09218,-0.00267,-0.02087,0.99552,1.00,-0.06720,-0.05594,-0.00377,0.99616,-0.09236,-0.02987,-0.02202,0.99503,1.00
13722,-0.02404,0.02480,-0.02134,0.99918,-0.06760,-0.02883,-0.00195,0.99729,-0.09218,-0.00267,-0.02086,0.99552,1.00,-0.06719,-0.05597,-0.00377,0.99616,-0.09236,-0.02987,-0.02201,0.99503,1.00
13734,-0.02403,0.02483,-0.02114,0.99918,-0.06761,-0.02882,-0.00195,0.99729,-0.09218,-0.00265,-0.02066,0.99552,1.00,-0.06721,-0.05596,-0.00378,0.99616,-0.09237,-0.02985,-0.02182,0.99504,1.00
13745,-0.02412,0.02485,-0.02094,0.99918,-0.06742,-0.02633,-0.00178,0.99738,-0.09202,-0.00015,-0.02035,0.99555,1.00,-0.06707,-0.05348,-0.00360,0.99631,-0.09226,-0.02736,-0.02150,0.99513,1.00
13756,-0.02409,0.02490,-0.02073,0.99918,-0.06747,-0.02634,-0.00178,0.99737,-0.09202,-0.00013,-0.02014,0.99555,1.00,-0.06712,-0.05350,-0.00360,0.99630,-0.09226,-0.02734,-0.02129,0.99513,1.00
13767,-0.02404,0.02493,-0.02065,0.99919,-0.06751,-0.02636,-0.00178,0.99737,-0.09202,-0.00013,-0.02006,0.99555,1.00,-0.06717,-0.05352,-0.00361,0.99630,-0.09227,-0.02734,-0.02121,0.99513,1.00
13779,-0.02396,0.02493,-0.02067,0.99919,-0.06756,-0.02630,-0.00178,0.99737,-0.09199,-0.00006,-0.02008,0.99556,1.00,-0.06721,-0.05346,-0.00361,0.99630,-0.09222,-0.02727,-0.02124,0.99514,1.00
13789,-0.02391,0.02488,-0.02074,0.99919,-0.06760,-0.02626,-0.00178,0.99737,-0.09199,-0.00007,-0.02015,0.99556,1.00,-0.06725,-0.05341,-0.00361,0.99630,-0.09222,-0.02728,-0.02131,0.99514,1.00
13801,-0.02390,0.02476,-0.02079,0.99919,-0.06762,-0.02615,-0.00177,0.99737,-0.09199,-0.00007,-0.02021,0.99556,1.00,-0.06726,-0.05331,-0.00360,0.99630,-0.09222,-0.02728,-0.02137,0.99514,1.00
13812,-0.02393,0.02466,-0.02079,0.99919,-0.06859,-0.02730,-0.00188,0.99727,-0.09301,-0.00131,-0.02027,0.99546,1.00,-0.06821,-0.05446,-0.00373,0.99618,-0.09321,-0.02852,-0.02145,0.99501,1.00
13823,-0.02397,0.02451,-0.02075,0.99920,-0.06855,-0.02715,-0.00187,0.99728,-0.09301,-0.00131,-0.02023,0.99546,1.00,-0.06817,-0.05430,-0.00372,0.99619,-0.09321,-0.02852,-0.02142,0.99501,1.00
13834,-0.02404,0.02440,-0.02076,0.99920,-0.06848,-0.02704,-0.00186,0.99728,-0.09301,-0.00131,-0.02024,0.99546,1.00,-0.06811,-0.05419,-0.00370,0.99620,-0.09321,-0.02852,-0.02142,0.99501,1.00
13845,-0.02413,0.02430,-0.02087,0.99920,-0.06641,-0.02962,-0.00197,0.99735,-0.09109,-0.00402,-0.02046,0.99562,1.00,-0.06602,-0.05675,-0.00376,0.99620,-0.09128,-0.03121,-0.02157,0.99510,1.00
13856,-0.02421,0.02426,-0.02095,0.99919,-0.06633,-0.02960,-0.00197,0.99736,-0.09109,-0.00403,-0.02054,0.99562,1.00,-0.06593,-0.05673,-0.00375,0.99620,-0.09127,-0.03122,-0.02165,0.99510,1.00
13868,-0.02426,0.02427,-0.02108,0.99919,-0.06628,-0.02963,-0.00197,0.99736,-0.09109,-0.00404,-0.02067,0.99562,1.00,-0.06587,-0.05675,-0.00375,0.99621,-0.09127,-0.03123,-0.02178,0.99510,1.00
13879,-0.02429,0.02432,-0.02114,0.99919,-0.06582,-0.02991,-0.00197,0.99738,-0.09067,-0.00428,-0.02073,0.99566,1.00,-0.06542,-0.05703,-0.00375,0.99622,-0.09086,-0.03146,-0.02183,0.99513,1.00
13890,-0.02437,0.02440,-0.02116,0.99918,-0.06574,-0.02998,-0.00198,0.99738,-0.09067,-0.00428,-0.02074,0.99566,1.00,-0.06533,-0.05710,-0.00374,0.99622,-0.09086,-0.03146,-0.02184,0.99513,1.00
13901,-0.02454,0.02448,-0.02102,0.99918,-0.06558,-0.03004,-0.00198,0.99739,-0.09068,-0.00427,-0.02060,0.99566,1.00,-0.06518,-0.05716,-0.00374,0.99623,-0.09087,-0.03145,-0.02168,0.99513,1.00
13912,-0.02466,0.02465,-0.02078,0.99918,-0.06538,-0.02784,-0.00182,0.99747,-0.09055,-0.00191,-0.02025,0.99568,1.00,-0.06503,-0.05498,-0.00359,0.99636,-0.09078,-0.02910,-0.02133,0.99522,1.00
13923,-0.02473,0.02486,-0.02091,0.99917,-0.06530,-0.02807,-0.00184,0.99747,-0.09055,-0.00193,-0.02037,0.99568,1.00,-0.06494,-0.05520,-0.00360,0.99635,-0.09077,-0.02912,-0.02144,0.99521,1.00
13934,-0.02472,0.02507,-0.02100,0.99916,-0.06530,-0.02829,-0.00185,0.99746,-0.09055,-0.00193,-0.02046,0.99568,1.00,-0.06494,-0.05543,-0.00361,0.99634,-0.09077,-0.02912,-0.02153,0.99521,1.00
13946,-0.02479,0.02521,-0.02107,0.99915,-0.06522,-0.02843,-0.00186,0.99746,-0.09055,-0.00194,-0.02052,0.99568,1.00,-0.06486,-0.05557,-0.00362,0.99634,-0.09077,-0.02913,-0.02159,0.99521,1.00
13956,-0.02476,0.02536,-0.02106,0.99915,-0.06546,-0.02817,-0.00185,0.99746,-0.09075,-0.00152,-0.02050,0.99566,1.00,-0.06509,-0.05530,-0.00361,0.99634,-0.09097,-0.02871,-0.02157,0.99521,1.00
13967,-0.02473,0.02543,-0.02105,0.99915,-0.06549,-0.02824,-0.00185,0.99745,-0.09075,-0.00152,-0.02048,0.99566,1.00,-0.06512,-0.05537,-0.00362,0.99633,-0.09097,-0.02871,-0.02156,0.99521,1.00
13979,-0.02466,0.02549,-0.02091,0.99915,-0.06501,-0.02808,-0.00183,0.99749,-0.09018,-0.00132,-0.02034,0.99572,1.00,-0.06465,-0.05521,-0.00358,0.99637,-0.09041,-0.02851,-0.02140,0.99527,1.00
13990,-0.02460,0.02553,-0.02091,0.99915,-0.06507,-0.02813,-0.00183,0.99748,-0.09018,-0.00132,-0.02034,0.99572,1.00,-0.06471,-0.05526,-0.00359,0.99637,-0.09041,-0.02851,-0.02141,0.99527,1.00
14001,-0.02453,0.02552,-0.02087,0.99916,-0.06514,-0.02811,-0.00184,0.99748,-0.09018,-0.00132,-0.02030,0.99572,1.00,-0.06478,-0.05524,-0.00359,0.99636,-0.09041,-0.02851,-0.02137,0.99527,1.00
14012,-0.02442,0.02544,-0.02096,0.99916,-0.06593,-0.02995,-0.00198,0.99737,-0.09091,-0.00322,-0.02047,0.99564,1.00,-0.06555,-0.05708,-0.00376,0.99621,-0.09111,-0.03040,-0.02157,0.99514,1.00
14023,-0.02437,0.02533,-0.02102,0.99916,-0.06598,-0.02986,-0.00198,0.99737,-0.09091,-0.00323,-0.02054,0.99564,1.00,-0.06559,-0.05698,-0.00375,0.99621,-0.09111,-0.03041,-0.02164,0.99514,1.00
14035,-0.02434,0.02519,-0.02104,0.99916,-0.06601,-0.02972,-0.00197,0.99737,-0.09091,-0.00323,-0.02057,0.99564,1.00,-0.06562,-0.05684,-0.00374,0.99622,-0.09111,-0.03041,-0.02167,0.99514,1.00
14046,-0.02437,0.02502,-0.02105,0.99917,-0.06592,-0.02956,-0.00195,0.99739,-0.09085,-0.00323,-0.02057,0.99565,1.00,-0.06553,-0.05668,-0.00373,0.99623,-0.09105,-0.03042,-0.02167,0.99515,1.00
14057,-0.02442,0.02486,-0.02107,0.99917,-0.06588,-0.02940,-0.00194,0.99739,-0.09085,-0.00323,-0.02059,0.99565,1.00,-0.06549,-0.05652,-0.00372,0.99624,-0.09105,-0.03042,-0.02169,0.99515,1.00
14068,-0.02449,0.02475,-0.02115,0.99917,-0.06581,-0.02930,-0.00193,0.99740,-0.09085,-0.00324,-0.02068,0.99564,1.00,-0.06542,-0.05642,-0.00371,0.99625,-0.09105,-0.03042,-0.02177,0.99514,1.00
14079,-0.02460,0.02466,-0.02113,0.99917,-0.06630,-0.02926,-0.00194,0.99737,-0.09144,-0.00329,-0.02066,0.99559,1.00,-0.06591,-0.05639,-0.00373,0.99622,-0.09164,-0.03047,-0.02176,0.99509,1.00
14090,-0.02473,0.02471,-0.02107,0.99917,-0.06617,-0.02930,-0.00194,0.99738,-0.09144,-0.00328,-0.02059,0.99559,1.00,-0.06578,-0.05642,-0.00373,0.99623,-0.09164,-0.03047,-0.02169,0.99509,1.00
14101,-0.02480,0.02480,-0.02098,0.99916,-0.06610,-0.02937,-0.00195,0.99738,-0.09144,-0.00327,-0.02050,0.99559,1.00,-0.06572,-0.05649,-0.00373,0.99623,-0.09165,-0.03046,-0.02159,0.99509,1.00
14113,-0.02475,0.02500,-0.02093,0.99916,-0.06628,-0.02978,-0.00198,0.99735,-0.09158,-0.00349,-0.02046,0.99558,1.00,-0.06590,-0.05691,-0.00376,0.99619,-0.09179,-0.03068,-0.02156,0.99507,1.00
14124,-0.02464,0.02523,-0.02102,0.99916,-0.06638,-0.03003,-0.00200,0.99734,-0.09158,-0.00350,-0.02054,0.99558,1.00,-0.06600,-0.05716,-0.00379,0.99617,-0.09178,-0.03068,-0.02165,0.99507,1.00
14135,-0.02446,0.02555,-0.02116,0.99915,-0.06655,-0.03038,-0.00203,0.99732,-0.09158,-0.00351,-0.02069,0.99558,1.00,-0.06616,-0.05751,-0.00382,0.99614,-0.09178,-0.03070,-0.02180,0.99507,1.00
14146,-0.02431,0.02574,-0.02120,0.99915,-0.06587,-0.03152,-0.00208,0.99733,-0.09078,-0.00447,-0.02076,0.99565,1.00,-0.06546,-0.05864,-0.00385,0.99612,-0.09096,-0.03165,-0.02185,0.99511,1.00
14157,-0.02411,0.02596,-0.02124,0.99915,-0.06606,-0.03175,-0.00210,0.99731,-0.09078,-0.00448,-0.02081,0.99564,1.00,-0.06565,-0.05886,-0.00388,0.99610,-0.09096,-0.03165,-0.02191,0.99511,1.00
14168,-0.02395,0.02617,-0.02132,0.99914,-0.06621,-0.03197,-0.00212,0.99729,-0.09077,-0.00448,-0.02089,0.99564,1.00,-0.06579,-0.05909,-0.00390,0.99607,-0.09096,-0.03166,-0.02200,0.99511,1.00
14179,-0.02379,0.02622,-0.02130,0.99915,-0.06615,-0.03150,-0.00209,0.99731,-0.09054,-0.00397,-0.02084,0.99567,1.00,-0.06574,-0.05862,-0.00387,0.99611,-0.09073,-0.03115,-0.02196,0.99515,1.00
14190,-0.02367,0.02635,-0.02142,0.99914,-0.06625,-0.03166,-0.00210,0.99730,-0.09054,-0.00399,-0.02097,0.99566,1.00,-0.06584,-0.05878,-0.00389,0.99609,-0.09073,-0.03116,-0.02209,0.99514,1.00
14201,-0.02364,0.02639,-0.02151,0.99914,-0.06628,-0.03171,-0.00211,0.99729,-0.09054,-0.00399,-0.02106,0.99566,1.00,-0.06587,-0.05883,-0.00389,0.99608,-0.09072,-0.03117,-0.02218,0.99514,1.00
14213,-0.02364,0.02647,-0.02152,0.99914,-0.06613,-0.02992,-0.00198,0.99736,-0.09035,-0.00211,-0.02099,0.99569,1.00,-0.06574,-0.05705,-0.00376,0.99620,-0.09055,-0.02930,-0.02212,0.99521,1.00
14223,-0.02360,0.02651,-0.02144,0.99914,-0.06617,-0.02995,-0.00199,0.99736,-0.09035,-0.00211,-0.02091,0.99569,1.00,-0.06577,-0.05707,-0.00377,0.99619,-0.09056,-0.02929,-0.02204,0.99522,1.00
14235,-0.02356,0.02656,-0.02146,0.99914,-0.06621,-0.03000,-0.00199,0.99735,-0.09035,-0.00211,-0.02093,0.99569,1.00,-0.06581,-0.05713,-0.00377,0.99619,-0.09056,-0.02930,-0.02205,0.99522,1.00
14246,-0.02354,0.02651,-0.02148,0.99914,-0.06709,-0.02963,-0.00199,0.99731,-0.09120,-0.00177,-0.02094,0.99561,1.00,-0.06670,-0.05677,-0.00380,0.99615,-0.09141,-0.02896,-0.02209,0.99515,1.00
14257,-0.02353,0.02648,-0.02158,0.99914,-0.06710,-0.02961,-0.00199,0.99731,-0.09120,-0.00178,-0.02104,0.99561,1.00,-0.06670,-0.05675,-0.00380,0.99615,-0.09141,-0.02897,-0.02220,0.99514,1.00
14268,-0.02352,0.02642,-0.02164,0.99914,-0.06710,-0.02956,-0.00199,0.99731,-0.09120,-0.00179,-0.02110,0.99561,1.00,-0.06670,-0.05670,-0.00380,0.99615,-0.09140,-0.02898,-0.02225,0.99514,1.00
14279,-0.02355,0.02632,-0.02163,0.99914,-0.06694,-0.03049,-0.00205,0.99729,-0.09109,-0.00281,-0.02114,0.99561,1.00,-0.06654,-0.05761,-0.00385,0.99611,-0.09129,-0.03000,-0.02229,0.99512,1.00
14290,-0.02357,0.02619,-0.02162,0.99915,-0.06693,-0.03035,-0.00204,0.99729,-0.09109,-0.00281,-0.02113,0.99561,1.00,-0.06653,-0.05748,-0.00384,0.99612,-0.09129,-0.03000,-0.02227,0.99512,1.00
14302,-0.02365,0.02607,-0.02153,0.99915,-0.06686,-0.03021,-0.00203,0.99730,-0.09109,-0.00280,-0.02104,0.99562,1.00,-0.06646,-0.05734,-0.00383,0.99613,-0.09129,-0.02999,-0.02218,0.99513,1.00
14313,-0.02394,0.02600,-0.02133,0.99915,-0.06556,-0.03021,-0.00199,0.99739,-0.09008,-0.00290,-0.02083,0.99571,1.00,-0.06518,-0.05733,-0.00375,0.99622,-0.09030,-0.03008,-0.02193,0.99522,1.00
14324,-0.02414,0.02596,-0.02106,0.99915,-0.06536,-0.03012,-0.00197,0.99740,-0.09008,-0.00287,-0.02056,0.99572,1.00,-0.06500,-0.05724,-0.00373,0.99624,-0.09030,-0.03005,-0.02165,0.99523,1.00
14335,-0.02423,0.02605,-0.02096,0.99915,-0.06528,-0.03019,-0.00198,0.99741,-0.09008,-0.00287,-0.02045,0.99572,1.00,-0.06493,-0.05731,-0.00374,0.99624,-0.09031,-0.03004,-0.02153,0.99523,1.00
14346,-0.02413,0.02609,-0.02103,0.99915,-0.06538,-0.03025,-0.00198,0.99740,-0.09008,-0.00287,-0.02052,0.99572,1.00,-0.06502,-0.05737,-0.00374,0.99623,-0.09030,-0.03005,-0.02161,0.99523,1.00
14357,-0.02403,0.02615,-0.02118,0.99914,-0.06571,-0.03020,-0.00199,0.99738,-0.09031,-0.00274,-0.02067,0.99570,1.00,-0.06533,-0.05732,-0.00376,0.99621,-0.09053,-0.02993,-0.02177,0.99521,1.00
14369,-0.02383,0.02626,-0.02136,0.99914,-0.06590,-0.03033,-0.00200,0.99736,-0.09031,-0.00276,-0.02085,0.99569,1.00,-0.06551,-0.05746,-0.00378,0.99619,-0.09052,-0.02994,-0.02196,0.99520,1.00
14380,-0.02348,0.02633,-0.02132,0.99915,-0.06679,-0.03044,-0.00204,0.99730,-0.09085,-0.00277,-0.02083,0.99564,1.00,-0.06639,-0.05757,-0.00384,0.99612,-0.09105,-0.02996,-0.02197,0.99515,1.00
14391,-0.02323,0.02636,-0.02106,0.99916,-0.06705,-0.03043,-0.00205,0.99728,-0.09086,-0.00275,-0.02058,0.99565,1.00,-0.06666,-0.05756,-0.00385,0.99611,-0.09106,-0.02994,-0.02174,0.99516,1.00
14402,-0.02299,0.02641,-0.02082,0.99917,-0.06729,-0.03045,-0.00205,0.99727,-0.09086,-0.00273,-0.02034,0.99565,1.00,-0.06692,-0.05758,-0.00387,0.99609,-0.09107,-0.02992,-0.02152,0.99516,1.00
14413,-0.02274,0.02641,-0.02062,0.99918,-0.06815,-0.02983,-0.00204,0.99723,-0.09144,-0.00211,-0.02012,0.99561,1.00,-0.06778,-0.05697,-0.00388,0.99606,-0.09165,-0.02931,-0.02133,0.99513,1.00
14424,-0.02255,0.02638,-0.02048,0.99919,-0.06834,-0.02978,-0.00204,0.99722,-0.09144,-0.00210,-0.01999,0.99561,1.00,-0.06798,-0.05692,-0.00388,0.99605,-0.09166,-0.02929,-0.02120,0.99513,1.00
14435,-0.02246,0.02634,-0.02044,0.99919,-0.06844,-0.02974,-0.00204,0.99721,-0.09144,-0.00209,-0.01995,0.99561,1.00,-0.06808,-0.05688,-0.00389,0.99605,-0.09166,-0.02929,-0.02117,0.99513,1.00
14446,-0.02241,0.02626,-0.02031,0.99920,-0.06894,-0.02684,-0.00186,0.99726,-0.09182,0.00073,-0.01970,0.99558,1.00,-0.06859,-0.05400,-0.00372,0.99618,-0.09205,-0.02648,-0.02094,0.99518,1.00
14457,-0.02253,0.02629,-0.02016,0.99920,-0.06882,-0.02683,-0.00185,0.99727,-0.09182,0.00075,-0.01954,0.99558,1.00,-0.06848,-0.05399,-0.00371,0.99618,-0.09206,-0.02646,-0.02077,0.99519,1.00
14469,-0.02265,0.02623,-0.01987,0.99920,-0.06871,-0.02673,-0.00184,0.99728,-0.09182,0.00078,-0.01925,0.99559,1.00,-0.06838,-0.05389,-0.00370,0.99620,-0.09206,-0.02644,-0.02047,0.99519,1.00
14480,-0.02270,0.02625,-0.01961,0.99921,-0.07024,-0.02182,-0.00154,0.99729,-0.09329,0.00572,-0.01875,0.99545,1.00,-0.06995,-0.04901,-0.00344,0.99634,-0.09356,-0.02152,-0.02003,0.99518,1.00
14491,-0.02262,0.02627,-0.01944,0.99921,-0.07032,-0.02181,-0.00154,0.99728,-0.09329,0.00574,-0.01858,0.99545,1.00,-0.07004,-0.04900,-0.00344,0.99633,-0.09356,-0.02151,-0.01986,0.99518,1.00
14502,-0.02253,0.02627,-0.01948,0.99921,-0.07041,-0.02182,-0.00154,0.99728,-0.09329,0.00574,-0.01862,0.99545,1.00,-0.07013,-0.04901,-0.00345,0.99633,-0.09356,-0.02151,-0.01990,0.99518,1.00
14513,-0.02246,0.02628,-0.01945,0.99921,-0.07053,-0.01928,-0.00136,0.99732,-0.09328,0.00829,-0.01847,0.99543,1.00,-0.07024,-0.04648,-0.00328,0.99644,-0.09355,-0.01896,-0.01976,0.99524,1.00
14524,-0.02234,0.02631,-0.01947,0.99921,-0.07064,-0.01931,-0.00137,0.99731,-0.09328,0.00829,-0.01849,0.99543,1.00,-0.07035,-0.04652,-0.00328,0.99643,-0.09355,-0.01896,-0.01979,0.99524,1.00
14536,-0.02227,0.02630,-0.01944,0.99922,-0.07072,-0.01929,-0.00137,0.99731,-0.09328,0.00830,-0.01846,0.99543,1.00,-0.07043,-0.04650,-0.00329,0.99643,-0.09355,-0.01896,-0.01976,0.99524,1.00
14547,-0.02224,0.02627,-0.01937,0.99922,-0.07060,-0.01928,-0.00136,0.99732,-0.09313,0.00827,-0.01840,0.99545,1.00,-0.07030,-0.04648,-0.00328,0.99644,-0.09339,-0.01899,-0.01969,0.99525,1.00
14558,-0.02229,0.02626,-0.01928,0.99922,-0.07055,-0.01925,-0.00136,0.99732,-0.09313,0.00828,-0.01830,0.99545,1.00,-0.07025,-0.04646,-0.00328,0.99644,-0.09339,-0.01898,-0.01960,0.99526,1.00
14569,-0.02234,0.02621,-0.01913,0.99922,-0.07050,-0.01918,-0.00136,0.99733,-0.09313,0.00829,-0.01816,0.99545,1.00,-0.07021,-0.04638,-0.00327,0.99645,-0.09340,-0.01896,-0.01945,0.99526,1.00
14580,-0.02235,0.02619,-0.01912,0.99922,-0.07037,-0.01987,-0.00140,0.99732,-0.09302,0.00758,-0.01819,0.99547,1.00,-0.07007,-0.04707,-0.00331,0.99643,-0.09327,-0.01967,-0.01948,0.99526,1.00
14591,-0.02237,0.02620,-0.01929,0.99922,-0.07034,-0.01990,-0.00140,0.99732,-0.09302,0.00757,-0.01835,0.99547,1.00,-0.07003,-0.04711,-0.00331,0.99643,-0.09326,-0.01969,-0.01964,0.99525,1.00
14602,-0.02236,0.02627,-0.01947,0.99922,-0.07034,-0.02001,-0.00141,0.99732,-0.09302,0.00755,-0.01853,0.99546,1.00,-0.07002,-0.04721,-0.00332,0.99642,-0.09326,-0.01970,-0.01982,0.99525,1.00
14614,-0.02238,0.02634,-0.01958,0.99921,-0.07114,-0.02014,-0.00144,0.99726,-0.09384,0.00750,-0.01864,0.99538,1.00,-0.07080,-0.04735,-0.00336,0.99636,-0.09406,-0.01976,-0.01995,0.99517,1.00
14625,-0.02240,0.02643,-0.01958,0.99921,-0.07112,-0.02024,-0.00144,0.99726,-0.09384,0.00750,-0.01864,0.99538,1.00,-0.07078,-0.04744,-0.00337,0.99636,-0.09406,-0.01976,-0.01995,0.99517,1.00
14636,-0.02245,0.02656,-0.01949,0.99920,-0.07107,-0.02035,-0.00145,0.99726,-0.09384,0.00751,-0.01854,0.99539,1.00,-0.07074,-0.04756,-0.00338,0.99635,-0.09406,-0.01975,-0.01985,0.99517,1.00
14647,-0.02250,0.02672,-0.01929,0.99920,-0.07265,-0.02035,-0.00148,0.99715,-0.09546,0.00767,-0.01832,0.99524,1.00,-0.07233,-0.04757,-0.00345,0.99624,-0.09570,-0.01960,-0.01967,0.99502,1.00
14658,-0.02252,0.02692,-0.01912,0.99920,-0.07263,-0.02053,-0.00149,0.99715,-0.09546,0.00769,-0.01814,0.99524,1.00,-0.07231,-0.04774,-0.00347,0.99623,-0.09570,-0.01958,-0.01949,0.99503,1.00
14669,-0.02249,0.02707,-0.01910,0.99920,-0.07265,-0.02067,-0.00151,0.99714,-0.09546,0.00769,-0.01812,0.99524,1.00,-0.07234,-0.04789,-0.00348,0.99622,-0.09570,-0.01958,-0.01946,0.99503,1.00
14680,-0.02246,0.02719,-0.01917,0.99919,-0.07275,-0.02083,-0.00152,0.99713,-0.09553,0.00766,-0.01818,0.99523,1.00,-0.07243,-0.04804,-0.00349,0.99621,-0.09576,-0.01961,-0.01954,0.99502,1.00
14691,-0.02238,0.02722,-0.01912,0.99920,-0.07283,-0.02085,-0.00152,0.99712,-0.09553,0.00766,-0.01813,0.99523,1.00,-0.07251,-0.04807,-0.00350,0.99620,-0.09576,-0.01961,-0.01949,0.99502,1.00
14703,-0.02235,0.02727,-0.01909,0.99920,-0.07286,-0.02090,-0.00153,0.99712,-0.09553,0.00766,-0.01811,0.99523,1.00,-0.07254,-0.04812,-0.00350,0.99620,-0.09576,-0.01960,-0.01947,0.99502,1.00
14714,-0.02224,0.02722,-0.01905,0.99920,-0.07296,-0.02113,-0.00155,0.99711,-0.09552,0.00739,-0.01808,0.99524,1.00,-0.07263,-0.04834,-0.00352,0.99618,-0.09574,-0.01988,-0.01944,0.99502,1.00
14725,-0.02216,0.02717,-0.01896,0.99921,-0.07305,-0.02106,-0.00154,0.99710,-0.09552,0.00740,-0.01800,0.99524,1.00,-0.07272,-0.04827,-0.00352,0.99618,-0.09575,-0.01987,-0.01936,0.99502,1.00
14736,-0.02211,0.02704,-0.01895,0.99921,-0.07310,-0.02093,-0.00153,0.99710,-0.09552,0.00740,-0.01799,0.99524,1.00,-0.07277,-0.04815,-0.00352,0.99618,-0.09575,-0.01987,-0.01936,0.99502,1.00
14747,-0.02204,0.02690,-0.01896,0.99922,-0.07185,-0.02068,-0.00149,0.99720,-0.09421,0.00749,-0.01801,0.99536,1.00,-0.07153,-0.04789,-0.00344,0.99628,-0.09443,-0.01977,-0.01935,0.99515,1.00
14758,-0.02200,0.02679,-0.01907,0.99922,-0.07189,-0.02059,-0.00148,0.99720,-0.09421,0.00748,-0.01812,0.99536,1.00,-0.07156,-0.04779,-0.00343,0.99628,-0.09442,-0.01978,-0.01946,0.99515,1.00
14769,-0.02188,0.02662,-0.01918,0.99922,-0.07201,-0.02044,-0.00148,0.99719,-0.09421,0.00747,-0.01824,0.99536,1.00,-0.07167,-0.04765,-0.00343,0.99628,-0.09442,-0.01979,-0.01959,0.99514,1.00
14781,-0.02183,0.02649,-0.01926,0.99923,-0.07048,-0.02156,-0.00152,0.99728,-0.09265,0.00619,-0.01839,0.99551,1.00,-0.07013,-0.04876,-0.00343,0.99634,-0.09286,-0.02105,-0.01969,0.99526,1.00
14792,-0.02181,0.02641,-0.01925,0.99923,-0.07050,-0.02149,-0.00152,0.99728,-0.09265,0.00619,-0.01839,0.99551,1.00,-0.07015,-0.04868,-0.00343,0.99634,-0.09286,-0.02105,-0.01969,0.99526,1.00
14803,-0.02175,0.02636,-0.01931,0.99923,-0.07056,-0.02144,-0.00152,0.99728,-0.09265,0.00619,-0.01845,0.99551,1.00,-0.07021,-0.04864,-0.00343,0.99634,-0.09286,-0.02106,-0.01976,0.99526,1.00
14815,-0.02169,0.02635,-0.01931,0.99923,-0.06950,-0.03035,-0.00212,0.99712,-0.09172,-0.00276,-0.01888,0.99560,1.00,-0.06908,-0.05749,-0.00399,0.99595,-0.09184,-0.02996,-0.02015,0.99512,1.00
14825,-0.02164,0.02643,-0.01932,0.99923,-0.06954,-0.03043,-0.00212,0.99711,-0.09172,-0.00276,-0.01889,0.99560,1.00,-0.06912,-0.05757,-0.00400,0.99594,-0.09184,-0.02996,-0.02016,0.99512,1.00
14837,-0.02164,0.02655,-0.01926,0.99923,-0.06954,-0.03054,-0.00213,0.99711,-0.09172,-0.00276,-0.01883,0.99560,1.00,-0.06912,-0.05768,-0.00400,0.99593,-0.09184,-0.02995,-0.02010,0.99512,1.00
14848,-0.02170,0.02667,-0.01919,0.99922,-0.06936,-0.03197,-0.00222,0.99708,-0.09161,-0.00407,-0.01881,0.99561,1.00,-0.06894,-0.05910,-0.00409,0.99586,-0.09173,-0.03126,-0.02007,0.99509,1.00
14859,-0.02171,0.02685,-0.01913,0.99922,-0.06935,-0.03214,-0.00224,0.99707,-0.09161,-0.00406,-0.01874,0.99561,1.00,-0.06893,-0.05927,-0.00410,0.99585,-0.09173,-0.03125,-0.02001,0.99509,1.00
14870,-0.02167,0.02697,-0.01907,0.99922,-0.06938,-0.03224,-0.00224,0.99707,-0.09161,-0.00405,-0.01869,0.99561,1.00,-0.06897,-0.05938,-0.00411,0.99584,-0.09174,-0.03125,-0.01996,0.99509,1.00
14881,-0.02160,0.02710,-0.01912,0.99922,-0.06941,-0.03126,-0.00218,0.99710,-0.09155,-0.00293,-0.01868,0.99562,1.00,-0.06900,-0.05839,-0.00405,0.99590,-0.09168,-0.03013,-0.01995,0.99513,1.00
14892,-0.02150,0.02716,-0.01913,0.99922,-0.06951,-0.03132,-0.00218,0.99709,-0.09155,-0.00293,-0.01870,0.99562,1.00,-0.06910,-0.05846,-0.00406,0.99589,-0.09168,-0.03013,-0.01997,0.99513,1.00
14903,-0.02142,0.02716,-0.01915,0.99922,-0.06958,-0.03132,-0.00219,0.99708,-0.09155,-0.00294,-0.01872,0.99562,1.00,-0.06917,-0.05846,-0.00406,0.99588,-0.09168,-0.03014,-0.02000,0.99513,1.00
14915,-0.02140,0.02710,-0.01914,0.99922,-0.06950,-0.03199,-0.00223,0.99707,-0.09145,-0.00366,-0.01874,0.99563,1.00,-0.06907,-0.05912,-0.00410,0.99585,-0.09157,-0.03085,-0.02002,0.99512,1.00
14925,-0.02142,0.02706,-0.01912,0.99922,-0.06948,-0.03194,-0.00223,0.99707,-0.09145,-0.00366,-0.01873,0.99563,1.00,-0.06905,-0.05908,-0.00410,0.99585,-0.09157,-0.03085,-0.02000,0.99512,1.00
14937,-0.02148,0.02697,-0.01910,0.99922,-0.06943,-0.03185,-0.00222,0.99708,-0.09145,-0.00365,-0.01870,0.99563,1.00,-0.06901,-0.05898,-0.00409,0.99586,-0.09157,-0.03085,-0.01998,0.99512,1.00
14948,-0.02150,0.02685,-0.01915,0.99922,-0.06945,-0.03271,-0.00228,0.99705,-0.09152,-0.00463,-0.01880,0.99562,1.00,-0.06901,-0.05983,-0.00415,0.99581,-0.09163,-0.03181,-0.02007,0.99508,1.00
14959,-0.02155,0.02672,-0.01918,0.99923,-0.06940,-0.03257,-0.00227,0.99705,-0.09152,-0.00463,-0.01883,0.99561,1.00,-0.06897,-0.05970,-0.00413,0.99582,-0.09163,-0.03182,-0.02010,0.99508,1.00
14970,-0.02161,0.02661,-0.01914,0.99923,-0.06934,-0.03246,-0.00226,0.99706,-0.09152,-0.00463,-0.01879,0.99562,1.00,-0.06891,-0.05959,-0.00412,0.99583,-0.09163,-0.03181,-0.02006,0.99508,1.00
14981,-0.02163,0.02652,-0.01912,0.99923,-0.06934,-0.03251,-0.00226,0.99706,-0.09153,-0.00476,-0.01879,0.99561,1.00,-0.06891,-0.05964,-0.00413,0.99583,-0.09164,-0.03195,-0.02005,0.99508,1.00
14992,-0.02170,0.02646,-0.01913,0.99923,-0.06928,-0.03244,-0.00225,0.99707,-0.09153,-0.00476,-0.01879,0.99561,1.00,-0.06884,-0.05957,-0.00412,0.99584,-0.09164,-0.03195,-0.02005,0.99508,1.00
15004,-0.02182,0.02641,-0.01912,0.99923,-0.06916,-0.03239,-0.00225,0.99708,-0.09153,-0.00476,-0.01878,0.99561,1.00,-0.06873,-0.05952,-0.00411,0.99585,-0.09164,-0.03195,-0.02003,0.99508,1.00
15015,-0.02187,0.02639,-0.01917,0.99923,-0.06944,-0.03261,-0.00227,0.99705,-0.09187,-0.00499,-0.01884,0.99558,1.00,-0.06900,-0.05974,-0.00414,0.99582,-0.09198,-0.03218,-0.02010,0.99504,1.00
15026,-0.02185,0.02643,-0.01939,0.99922,-0.06945,-0.03269,-0.00228,0.99705,-0.09187,-0.00501,-0.01906,0.99558,1.00,-0.06900,-0.05981,-0.00414,0.99581,-0.09197,-0.03220,-0.02032,0.99503,1.00
15037,-0.02173,0.02656,-0.01969,0.99922,-0.06955,-0.03287,-0.00229,0.99703,-0.09187,-0.00504,-0.01936,0.99557,1.00,-0.06909,-0.06000,-0.00416,0.99580,-0.09196,-0.03223,-0.02063,0.99503,1.00
15048,-0.02171,0.02660,-0.01969,0.99922,-0.06971,-0.03170,-0.00222,0.99706,-0.09198,-0.00383,-0.01930,0.99557,1.00,-0.06926,-0.05884,-0.00409,0.99585,-0.09209,-0.03103,-0.02057,0.99505,1.00
15059,-0.02166,0.02666,-0.01958,0.99922,-0.06976,-0.03175,-0.00222,0.99706,-0.09198,-0.00382,-0.01920,0.99557,1.00,-0.06932,-0.05889,-0.00410,0.99585,-0.09209,-0.03102,-0.02047,0.99506,1.00
15070,-0.02162,0.02673,-0.01933,0.99922,-0.06981,-0.03177,-0.00222,0.99705,-0.09198,-0.00380,-0.01895,0.99557,1.00,-0.06938,-0.05891,-0.00410,0.99584,-0.09210,-0.03100,-0.02022,0.99506,1.00
15082,-0.02160,0.02677,-0.01911,0.99923,-0.06892,-0.03265,-0.00226,0.99709,-0.09108,-0.00466,-0.01875,0.99566,1.00,-0.06851,-0.05977,-0.00411,0.99585,-0.09122,-0.03184,-0.02001,0.99512,1.00
15093,-0.02163,0.02687,-0.01890,0.99923,-0.06890,-0.03271,-0.00226,0.99708,-0.09109,-0.00464,-0.01855,0.99566,1.00,-0.06850,-0.05983,-0.00412,0.99585,-0.09122,-0.03182,-0.01980,0.99512,1.00
15104,-0.02171,0.02700,-0.01891,0.99922,-0.06881,-0.03284,-0.00227,0.99709,-0.09109,-0.00464,-0.01855,0.99566,1.00,-0.06841,-0.05996,-0.00412,0.99585,-0.09122,-0.03182,-0.01980,0.99512,1.00
15115,-0.02168,0.02697,-0.01893,0.99922,-0.06715,-0.03172,-0.00214,0.99724,-0.08938,-0.00357,-0.01851,0.99582,1.00,-0.06676,-0.05884,-0.00394,0.99603,-0.08952,-0.03075,-0.01972,0.99531,1.00
15126,-0.02170,0.02700,-0.01898,0.99922,-0.06713,-0.03175,-0.00214,0.99724,-0.08938,-0.00358,-0.01856,0.99582,1.00,-0.06673,-0.05888,-0.00394,0.99602,-0.08952,-0.03076,-0.01976,0.99531,1.00
15137,-0.02175,0.02693,-0.01892,0.99922,-0.06709,-0.03168,-0.00213,0.99724,-0.08938,-0.00357,-0.01850,0.99582,1.00,-0.06669,-0.05880,-0.00394,0.99603,-0.08952,-0.03075,-0.01971,0.99531,1.00
15149,-0.02181,0.02686,-0.01883,0.99922,-0.06703,-0.03159,-0.00212,0.99725,-0.08938,-0.00356,-0.01841,0.99582,1.00,-0.06664,-0.05871,-0.00393,0.99604,-0.08953,-0.03074,-0.01961,0.99532,1.00
15159,-0.02183,0.02673,-0.01871,0.99923,-0.06866,-0.03230,-0.00222,0.99711,-0.09104,-0.00439,-0.01834,0.99567,1.00,-0.06826,-0.05943,-0.00407,0.99589,-0.09117,-0.03158,-0.01959,0.99514,1.00
15171,-0.02186,0.02662,-0.01875,0.99923,-0.06864,-0.03221,-0.00222,0.99712,-0.09104,-0.00440,-0.01838,0.99567,1.00,-0.06823,-0.05933,-0.00406,0.99590,-0.09117,-0.03158,-0.01962,0.99514,1.00
15182,-0.02183,0.02648,-0.01885,0.99923,-0.06980,-0.03039,-0.00213,0.99710,-0.09215,-0.00269,-0.01841,0.99557,1.00,-0.06939,-0.05753,-0.00401,0.99592,-0.09227,-0.02989,-0.01969,0.99509,1.00
15193,-0.02189,0.02634,-0.01897,0.99923,-0.06974,-0.03026,-0.00212,0.99710,-0.09215,-0.00270,-0.01853,0.99557,1.00,-0.06932,-0.05740,-0.00400,0.99593,-0.09227,-0.02990,-0.01980,0.99509,1.00
15204,-0.02187,0.02619,-0.01906,0.99924,-0.06976,-0.03013,-0.00211,0.99711,-0.09215,-0.00271,-0.01863,0.99557,1.00,-0.06934,-0.05727,-0.00399,0.99594,-0.09226,-0.02991,-0.01990,0.99509,1.00
15215,-0.02189,0.02617,-0.01903,0.99924,-0.06986,-0.03363,-0.00236,0.99699,-0.09234,-0.00623,-0.01876,0.99553,1.00,-0.06941,-0.06075,-0.00423,0.99573,-0.09242,-0.03341,-0.02003,0.99496,1.00
15226,-0.02192,0.02611,-0.01901,0.99924,-0.06984,-0.03356,-0.00235,0.99699,-0.09234,-0.00623,-0.01875,0.99553,1.00,-0.06938,-0.06069,-0.00423,0.99573,-0.09242,-0.03341,-0.02002,0.99496,1.00
15237,-0.02201,0.02614,-0.01890,0.99924,-0.06975,-0.03357,-0.00235,0.99700,-0.09234,-0.00622,-0.01863,0.99553,1.00,-0.06931,-0.06069,-0.00422,0.99574,-0.09242,-0.03340,-0.01990,0.99496,1.00
15249,-0.02211,0.02618,-0.01882,0.99924,-0.06963,-0.03080,-0.00215,0.99709,-0.09226,-0.00340,-0.01841,0.99556,1.00,-0.06922,-0.05794,-0.00403,0.99591,-0.09239,-0.03060,-0.01967,0.99506,1.00
15260,-0.02215,0.02626,-0.01878,0.99923,-0.06959,-0.03087,-0.00215,0.99710,-0.09226,-0.00340,-0.01837,0.99556,1.00,-0.06918,-0.05801,-0.00403,0.99591,-0.09239,-0.03060,-0.01963,0.99506,1.00
15271,-0.02220,0.02637,-0.01887,0.99923,-0.06954,-0.03099,-0.00216,0.99710,-0.09226,-0.00341,-0.01845,0.99556,1.00,-0.06913,-0.05813,-0.00403,0.99590,-0.09238,-0.03061,-0.01971,0.99506,1.00
15282,-0.02224,0.02647,-0.01902,0.99922,-0.06973,-0.03438,-0.00240,0.99697,-0.09257,-0.00669,-0.01875,0.99551,1.00,-0.06927,-0.06150,-0.00428,0.99569,-0.09265,-0.03387,-0.02001,0.99492,1.00
15293,-0.02227,0.02660,-0.01906,0.99922,-0.06970,-0.03451,-0.00241,0.99697,-0.09257,-0.00669,-0.01879,0.99551,1.00,-0.06924,-0.06163,-0.00429,0.99569,-0.09265,-0.03387,-0.02005,0.99492,1.00
15304,-0.02221,0.02670,-0.01908,0.99921,-0.06975,-0.03461,-0.00242,0.99696,-0.09257,-0.00669,-0.01881,0.99551,1.00,-0.06929,-0.06173,-0.00430,0.99568,-0.09265,-0.03387,-0.02007,0.99492,1.00
15315,-0.02219,0.02678,-0.01906,0.99921,-0.06989,-0.03132,-0.00220,0.99706,-0.09261,-0.00331,-0.01863,0.99552,1.00,-0.06946,-0.05846,-0.00408,0.99586,-0.09273,-0.03051,-0.01990,0.99502,1.00
15326,-0.02213,0.02683,-0.01900,0.99921,-0.06994,-0.03136,-0.00220,0.99706,-0.09261,-0.00331,-0.01857,0.99552,1.00,-0.06952,-0.05850,-0.00408,0.99586,-0.09273,-0.03051,-0.01984,0.99503,1.00
15338,-0.02213,0.02686,-0.01900,0.99921,-0.06995,-0.03139,-0.00220,0.99705,-0.09261,-0.00331,-0.01857,0.99552,1.00,-0.06953,-0.05853,-0.00409,0.99585,-0.09273,-0.03051,-0.01985,0.99503,1.00
15349,-0.02207,0.02688,-0.01905,0.99921,-0.07002,-0.03278,-0.00230,0.99700,-0.09265,-0.00467,-0.01869,0.99551,1.00,-0.06958,-0.05992,-0.00419,0.99577,-0.09275,-0.03186,-0.01996,0.99498,1.00
15360,-0.02199,0.02686,-0.01912,0.99921,-0.07009,-0.03277,-0.00230,0.99700,-0.09265,-0.00468,-0.01876,0.99551,1.00,-0.06965,-0.05990,-0.00419,0.99576,-0.09275,-0.03187,-0.02004,0.99498,1.00
15371,-0.02187,0.02680,-0.01917,0.99922,-0.07020,-0.03272,-0.00230,0.99699,-0.09265,-0.00468,-0.01882,0.99551,1.00,-0.06976,-0.05985,-0.00419,0.99576,-0.09275,-0.03188,-0.02010,0.99498,1.00
15382,-0.02176,0.02671,-0.01919,0.99922,-0.06968,-0.03071,-0.00215,0.99709,-0.09197,-0.00276,-0.01875,0.99558,1.00,-0.06926,-0.05785,-0.00402,0.99591,-0.09210,-0.02996,-0.02002,0.99510,1.00
15393,-0.02168,0.02662,-0.01918,0.99923,-0.06976,-0.03062,-0.00214,0.99709,-0.09197,-0.00275,-0.01874,0.99558,1.00,-0.06934,-0.05776,-0.00402,0.99591,-0.09210,-0.02996,-0.02002,0.99510,1.00
15405,-0.02162,0.02650,-0.01918,0.99923,-0.06983,-0.03050,-0.00214,0.99709,-0.09197,-0.00275,-0.01875,0.99558,1.00,-0.06941,-0.05764,-0.00402,0.99591,-0.09210,-0.02996,-0.02003,0.99510,1.00
15416,-0.02162,0.02644,-0.01917,0.99923,-0.06948,-0.03204,-0.00223,0.99707,-0.09166,-0.00438,-0.01881,0.99560,1.00,-0.06905,-0.05918,-0.00410,0.99585,-0.09177,-0.03157,-0.02008,0.99508,1.00
15427,-0.02167,0.02636,-0.01910,0.99924,-0.06944,-0.03196,-0.00223,0.99707,-0.09166,-0.00437,-0.01874,0.99560,1.00,-0.06901,-0.05909,-0.00409,0.99586,-0.09177,-0.03156,-0.02001,0.99508,1.00
15438,-0.02166,0.02631,-0.01902,0.99924,-0.06945,-0.03189,-0.00222,0.99707,-0.09166,-0.00436,-0.01867,0.99561,1.00,-0.06903,-0.05902,-0.00409,0.99586,-0.09177,-0.03155,-0.01994,0.99508,1.00
15449,-0.02167,0.02630,-0.01896,0.99924,-0.06930,-0.03205,-0.00223,0.99708,-0.09152,-0.00454,-0.01862,0.99562,1.00,-0.06888,-0.05918,-0.00409,0.99586,-0.09164,-0.03173,-0.01988,0.99509,1.00
15460,-0.02167,0.02630,-0.01894,0.99924,-0.06930,-0.03205,-0.00223,0.99708,-0.09152,-0.00454,-0.01859,0.99562,1.00,-0.06889,-0.05918,-0.00409,0.99586,-0.09164,-0.03173,-0.01986,0.99509,1.00
15472,-0.02168,0.02629,-0.01897,0.99924,-0.06929,-0.03204,-0.00223,0.99708,-0.09152,-0.00454,-0.01862,0.99562,1.00,-0.06887,-0.05917,-0.00409,0.99586,-0.09164,-0.03173,-0.01989,0.99509,1.00
15482,-0.02161,0.02629,-0.01902,0.99924,-0.06933,-0.03221,-0.00224,0.99707,-0.09150,-0.00470,-0.01868,0.99562,1.00,-0.06890,-0.05934,-0.00411,0.99585,-0.09161,-0.03189,-0.01995,0.99508,1.00
15493,-0.02150,0.02636,-0.01905,0.99924,-0.06943,-0.03228,-0.00225,0.99706,-0.09150,-0.00470,-0.01871,0.99562,1.00,-0.06900,-0.05941,-0.00412,0.99584,-0.09161,-0.03189,-0.01999,0.99508,1.00
15505,-0.02141,0.02640,-0.01904,0.99924,-0.06953,-0.03233,-0.00225,0.99705,-0.09150,-0.00470,-0.01870,0.99562,1.00,-0.06910,-0.05946,-0.00413,0.99583,-0.09161,-0.03189,-0.01998,0.99508,1.00
15516,-0.02124,0.02647,-0.01897,0.99924,-0.07188,-0.02299,-0.00166,0.99715,-0.09349,0.00475,-0.01818,0.99544,1.00,-0.07153,-0.05018,-0.00360,0.99617,-0.09369,-0.02250,-0.01954,0.99516,1.00
15527,-0.02111,0.02656,-0.01899,0.99924,-0.07201,-0.02309,-0.00167,0.99714,-0.09349,0.00475,-0.01820,0.99544,1.00,-0.07166,-0.05029,-0.00362,0.99615,-0.09368,-0.02250,-0.01956,0.99516,1.00
15539,-0.02103,0.02660,-0.01904,0.99924,-0.07209,-0.02313,-0.00167,0.99713,-0.09349,0.00474,-0.01825,0.99544,1.00,-0.07174,-0.05033,-0.00362,0.99615,-0.09368,-0.02251,-0.01962,0.99515,1.00
15550,-0.02092,0.02662,-0.01907,0.99924,-0.07640,-0.02165,-0.00166,0.99684,-0.09765,0.00633,-0.01819,0.99503,1.00,-0.07603,-0.04888,-0.00373,0.99590,-0.09784,-0.02096,-0.01968,0.99479,1.00
15560,-0.02084,0.02664,-0.01909,0.99925,-0.07648,-0.02167,-0.00166,0.99683,-0.09765,0.00633,-0.01820,0.99503,1.00,-0.07612,-0.04890,-0.00374,0.99589,-0.09784,-0.02096,-0.01970,0.99479,1.00
15572,-0.02083,0.02668,-0.01910,0.99924,-0.07649,-0.02172,-0.00167,0.99683,-0.09765,0.00632,-0.01821,0.99503,1.00,-0.07612,-0.04895,-0.00374,0.99589,-0.09784,-0.02096,-0.01971,0.99479,1.00
15583,-0.02077,0.02669,-0.01909,0.99925,-0.07514,-0.02132,-0.00161,0.99694,-0.09625,0.00671,-0.01819,0.99517,1.00,-0.07479,-0.04854,-0.00365,0.99601,-0.09645,-0.02057,-0.01965,0.99493,1.00
15594,-0.02080,0.02667,-0.01907,0.99925,-0.07512,-0.02129,-0.00160,0.99695,-0.09625,0.00671,-0.01817,0.99517,1.00,-0.07477,-0.04851,-0.00364,0.99601,-0.09645,-0.02057,-0.01963,0.99493,1.00
15605,-0.02087,0.02661,-0.01906,0.99925,-0.07505,-0.02123,-0.00160,0.99695,-0.09625,0.00671,-0.01816,0.99517,1.00,-0.07469,-0.04845,-0.00363,0.99602,-0.09645,-0.02057,-0.01962,0.99493,1.00
15617,-0.02088,0.02656,-0.01910,0.99925,-0.07624,-0.02110,-0.00161,0.99686,-0.09744,0.00681,-0.01819,0.99505,1.00,-0.07588,-0.04833,-0.00368,0.99594,-0.09764,-0.02048,-0.01968,0.99482,1.00
15627,-0.02085,0.02648,-0.01915,0.99925,-0.07627,-0.02103,-0.00161,0.99686,-0.09744,0.00680,-0.01824,0.99505,1.00,-0.07591,-0.04827,-0.00368,0.99594,-0.09764,-0.02048,-0.01974,0.99482,1.00
15639,-0.02084,0.02639,-0.01920,0.99925,-0.07629,-0.02095,-0.00160,0.99686,-0.09744,0.00680,-0.01829,0.99505,1.00,-0.07592,-0.04818,-0.00367,0.99594,-0.09764,-0.02049,-0.01979,0.99481,1.00
15650,-0.02083,0.02630,-0.01925,0.99925,-0.07489,-0.02103,-0.00158,0.99697,-0.09605,0.00661,-0.01836,0.99518,1.00,-0.07453,-0.04825,-0.00361,0.99604,-0.09625,-0.02066,-0.01982,0.99495,1.00
15661,-0.02078,0.02625,-0.01930,0.99925,-0.07494,-0.02099,-0.00158,0.99697,-0.09605,0.00661,-0.01842,0.99518,1.00,-0.07458,-0.04821,-0.00361,0.99604,-0.09625,-0.02067,-0.01987,0.99494,1.00
15673,-0.02074,0.02622,-0.01936,0.99925,-0.07499,-0.02097,-0.00158,0.99696,-0.09605,0.00660,-0.01848,0.99518,1.00,-0.07462,-0.04820,-0.00361,0.99604,-0.09625,-0.02067,-0.01994,0.99494,1.00
15683,-0.02076,0.02622,-0.01944,0.99925,-0.07734,-0.02270,-0.00176,0.99674,-0.09847,0.00491,-0.01864,0.99495,1.00,-0.07695,-0.04993,-0.00386,0.99578,-0.09864,-0.02237,-0.02016,0.99467,1.00
15694,-0.02081,0.02625,-0.01956,0.99925,-0.07729,-0.02276,-0.00176,0.99675,-0.09847,0.00490,-0.01876,0.99495,1.00,-0.07689,-0.04999,-0.00386,0.99578,-0.09863,-0.02239,-0.02027,0.99467,1.00
15706,-0.02083,0.02630,-0.01977,0.99924,-0.07727,-0.02284,-0.00177,0.99675,-0.09847,0.00488,-0.01896,0.99495,1.00,-0.07685,-0.05007,-0.00386,0.99578,-0.09863,-0.02241,-0.02048,0.99466,1.00
15717,-0.02077,0.02646,-0.02011,0.99923,-0.07712,-0.02469,-0.00191,0.99671,-0.09831,0.00322,-0.01940,0.99496,1.00,-0.07668,-0.05191,-0.00400,0.99570,-0.09846,-0.02406,-0.02091,0.99463,1.00
15727,-0.02066,0.02660,-0.02030,0.99923,-0.07722,-0.02486,-0.00193,0.99670,-0.09831,0.00320,-0.01959,0.99496,1.00,-0.07678,-0.05208,-0.00402,0.99568,-0.09845,-0.02408,-0.02110,0.99463,1.00
15739,-0.02063,0.02670,-0.02022,0.99923,-0.07725,-0.02495,-0.00193,0.99670,-0.09831,0.00321,-0.01951,0.99496,1.00,-0.07681,-0.05217,-0.00402,0.99567,-0.09845,-0.02407,-0.02103,0.99463,1.00
15750,-0.02051,0.02686,-0.02014,0.99923,-0.07735,-0.02491,-0.00193,0.99669,-0.09829,0.00340,-0.01941,0.99496,1.00,-0.07694,-0.05213,-0.00403,0.99566,-0.09845,-0.02388,-0.02094,0.99463,1.00
15761,-0.02039,0.02697,-0.01994,0.99923,-0.07747,-0.02498,-0.00194,0.99668,-0.09828,0.00342,-0.01921,0.99497,1.00,-0.07706,-0.05221,-0.00404,0.99565,-0.09846,-0.02386,-0.02075,0.99464,1.00
15773,-0.02028,0.02709,-0.01989,0.99923,-0.07758,-0.02510,-0.00195,0.99667,-0.09828,0.00342,-0.01916,0.99497,1.00,-0.07718,-0.05233,-0.00406,0.99564,-0.09846,-0.02386,-0.02070,0.99464,1.00
15784,-0.02027,0.02711,-0.01992,0.99923,-0.07673,-0.02403,-0.00185,0.99676,-0.09740,0.00450,-0.01914,0.99505,1.00,-0.07635,-0.05126,-0.00393,0.99576,-0.09760,-0.02278,-0.02065,0.99475,1.00
15795,-0.02028,0.02712,-0.02002,0.99923,-0.07672,-0.02406,-0.00185,0.99676,-0.09740,0.00449,-0.01923,0.99505,1.00,-0.07633,-0.05129,-0.00393,0.99575,-0.09760,-0.02279,-0.02075,0.99475,1.00
15806,-0.02033,0.02707,-0.02015,0.99922,-0.07667,-0.02403,-0.00185,0.99677,-0.09740,0.00447,-0.01937,0.99505,1.00,-0.07627,-0.05125,-0.00393,0.99576,-0.09760,-0.02280,-0.02088,0.99475,1.00
15817,-0.02042,0.02703,-0.02025,0.99922,-0.07598,-0.02362,-0.00180,0.99683,-0.09680,0.00484,-0.01945,0.99510,1.00,-0.07559,-0.05084,-0.00386,0.99583,-0.09699,-0.02243,-0.02094,0.99481,1.00
15828,-0.02052,0.02693,-0.02027,0.99922,-0.07588,-0.02353,-0.00179,0.99684,-0.09680,0.00484,-0.01947,0.99510,1.00,-0.07549,-0.05075,-0.00385,0.99585,-0.09699,-0.02244,-0.02096,0.99481,1.00
15840,-0.02063,0.02680,-0.02027,0.99922,-0.07577,-0.02340,-0.00178,0.99685,-0.09680,0.00484,-0.01947,0.99510,1.00,-0.07538,-0.05061,-0.00383,0.99586,-0.09699,-0.02243,-0.02095,0.99481,1.00
15850,-0.02070,0.02670,-0.02028,0.99922,-0.07378,-0.02322,-0.00172,0.99700,-0.09487,0.00487,-0.01949,0.99529,1.00,-0.07340,-0.05043,-0.00372,0.99602,-0.09508,-0.02239,-0.02091,0.99500,1.00
15861,-0.02072,0.02658,-0.02033,0.99923,-0.07375,-0.02311,-0.00171,0.99701,-0.09487,0.00487,-0.01954,0.99529,1.00,-0.07337,-0.05032,-0.00371,0.99603,-0.09508,-0.02239,-0.02096,0.99500,1.00
15873,-0.02069,0.02647,-0.02053,0.99922,-0.07378,-0.02304,-0.00170,0.99701,-0.09487,0.00485,-0.01974,0.99528,1.00,-0.07339,-0.05024,-0.00370,0.99603,-0.09507,-0.02241,-0.02116,0.99499,1.00
15883,-0.02064,0.02645,-0.02069,0.99922,-0.06982,-0.02399,-0.00168,0.99727,-0.09089,0.00382,-0.01997,0.99565,1.00,-0.06944,-0.05116,-0.00357,0.99627,-0.09110,-0.02341,-0.02128,0.99534,1.00
15895,-0.02067,0.02641,-0.02084,0.99922,-0.06979,-0.02398,-0.00168,0.99727,-0.09089,0.00380,-0.02012,0.99565,1.00,-0.06941,-0.05115,-0.00356,0.99627,-0.09110,-0.02343,-0.02143,0.99534,1.00
15906,-0.02073,0.02637,-0.02086,0.99922,-0.06973,-0.02393,-0.00167,0.99728,-0.09089,0.00380,-0.02014,0.99565,1.00,-0.06934,-0.05111,-0.00356,0.99628,-0.09110,-0.02343,-0.02144,0.99534,1.00
15917,-0.02080,0.02641,-0.02093,0.99922,-0.06792,-0.02417,-0.00165,0.99740,-0.08916,0.00358,-0.02022,0.99581,1.00,-0.06755,-0.05133,-0.00348,0.99639,-0.08939,-0.02363,-0.02148,0.99548,1.00
15928,-0.02094,0.02647,-0.02095,0.99921,-0.06778,-0.02422,-0.00165,0.99740,-0.08916,0.00358,-0.02023,0.99581,1.00,-0.06741,-0.05139,-0.00348,0.99640,-0.08939,-0.02363,-0.02148,0.99548,1.00
15940,-0.02106,0.02655,-0.02102,0.99920,-0.06766,-0.02431,-0.00165,0.99741,-0.08916,0.00358,-0.02030,0.99580,1.00,-0.06728,-0.05148,-0.00348,0.99640,-0.08939,-0.02364,-0.02154,0.99548,1.00
15950,-0.02113,0.02670,-0.02131,0.99919,-0.06771,-0.02525,-0.00171,0.99738,-0.08932,0.00281,-0.02062,0.99579,1.00,-0.06733,-0.05241,-0.00354,0.99635,-0.08954,-0.02440,-0.02186,0.99544,1.00
15961,-0.02125,0.02678,-0.02156,0.99918,-0.06759,-0.02537,-0.00172,0.99739,-0.08932,0.00279,-0.02087,0.99578,1.00,-0.06719,-0.05253,-0.00354,0.99635,-0.08954,-0.02442,-0.02210,0.99544,1.00
15973,-0.02140,0.02689,-0.02170,0.99917,-0.06743,-0.02549,-0.00172,0.99740,-0.08932,0.00278,-0.02100,0.99578,1.00,-0.06703,-0.05265,-0.00354,0.99635,-0.08953,-0.02444,-0.02223,0.99544,1.00
15984,-0.02148,0.02698,-0.02172,0.99917,-0.06988,-0.02452,-0.00172,0.99725,-0.09183,0.00389,-0.02097,0.99555,1.00,-0.06949,-0.05170,-0.00361,0.99624,-0.09205,-0.02335,-0.02226,0.99523,1.00
15995,-0.02157,0.02705,-0.02172,0.99917,-0.06980,-0.02458,-0.00172,0.99726,-0.09183,0.00389,-0.02096,0.99555,1.00,-0.06940,-0.05176,-0.00361,0.99624,-0.09206,-0.02335,-0.02225,0.99523,1.00
16007,-0.02161,0.02709,-0.02168,0.99916,-0.06975,-0.02462,-0.00172,0.99726,-0.09183,0.00389,-0.02092,0.99555,1.00,-0.06936,-0.05180,-0.00361,0.99624,-0.09206,-0.02334,-0.02221,0.99523,1.00
16018,-0.02167,0.02720,-0.02179,0.99916,-0.07001,-0.02536,-0.00178,0.99722,-0.09217,0.00327,-0.02105,0.99552,1.00,-0.06963,-0.05254,-0.00367,0.99618,-0.09241,-0.02396,-0.02234,0.99518,1.00
16028,-0.02174,0.02719,-0.02185,0.99916,-0.06995,-0.02536,-0.00178,0.99723,-0.09217,0.00326,-0.02111,0.99551,1.00,-0.06956,-0.05253,-0.00367,0.99619,-0.09241,-0.02397,-0.02240,0.99518,1.00
16040,-0.02176,0.02725,-0.02198,0.99915,-0.06992,-0.02544,-0.00178,0.99723,-0.09217,0.00325,-0.02124,0.99551,1.00,-0.06953,-0.05261,-0.00367,0.99618,-0.09240,-0.02398,-0.02253,0.99518,1.00
16051,-0.02176,0.02725,-0.02197,0.99915,-0.07018,-0.02419,-0.00170,0.99724,-0.09239,0.00452,-0.02117,0.99549,1.00,-0.06980,-0.05137,-0.00360,0.99623,-0.09265,-0.02272,-0.02247,0.99519,1.00
16062,-0.02179,0.02724,-0.02197,0.99915,-0.07014,-0.02418,-0.00170,0.99724,-0.09239,0.00452,-0.02117,0.99549,1.00,-0.06977,-0.05136,-0.00360,0.99623,-0.09265,-0.02272,-0.02246,0.99519,1.00
16073,-0.02172,0.02722,-0.02201,0.99915,-0.07021,-0.02416,-0.00170,0.99724,-0.09239,0.00451,-0.02121,0.99549,1.00,-0.06983,-0.05134,-0.00360,0.99623,-0.09264,-0.02272,-0.02250,0.99519,1.00
16084,-0.02169,0.02724,-0.02201,0.99915,-0.06957,-0.02375,-0.00166,0.99729,-0.09171,0.00493,-0.02119,0.99555,1.00,-0.06921,-0.05093,-0.00354,0.99629,-0.09198,-0.02230,-0.02247,0.99526,1.00
16095,-0.02164,0.02719,-0.02202,0.99915,-0.06963,-0.02371,-0.00166,0.99729,-0.09171,0.00493,-0.02121,0.99555,1.00,-0.06927,-0.05089,-0.00354,0.99629,-0.09198,-0.02230,-0.02249,0.99526,1.00
16107,-0.02152,0.02718,-0.02203,0.99916,-0.06974,-0.02370,-0.00166,0.99728,-0.09171,0.00493,-0.02122,0.99555,1.00,-0.06938,-0.05088,-0.00354,0.99629,-0.09198,-0.02231,-0.02251,0.99526,1.00
16117,-0.02140,0.02714,-0.02205,0.99916,-0.07170,-0.02360,-0.00170,0.99715,-0.09354,0.00502,-0.02123,0.99538,1.00,-0.07133,-0.05080,-0.00364,0.99615,-0.09381,-0.02222,-0.02257,0.99509,1.00
16128,-0.02129,0.02705,-0.02201,0.99916,-0.07181,-0.02351,-0.00169,0.99714,-0.09354,0.00502,-0.02119,0.99538,1.00,-0.07145,-0.05071,-0.00364,0.99615,-0.09381,-0.02222,-0.02255,0.99509,1.00
16140,-0.02116,0.02696,-0.02200,0.99917,-0.07194,-0.02342,-0.00169,0.99713,-0.09354,0.00502,-0.02119,0.99538,1.00,-0.07157,-0.05062,-0.00364,0.99614,-0.09381,-0.02222,-0.02255,0.99509,1.00
16151,-0.02113,0.02682,-0.02198,0.99918,-0.07286,-0.02822,-0.00206,0.99694,-0.09454,0.00010,-0.02142,0.99529,1.00,-0.07245,-0.05539,-0.00403,0.99582,-0.09476,-0.02713,-0.02280,0.99487,1.00
16162,-0.02109,0.02673,-0.02196,0.99918,-0.07290,-0.02813,-0.00206,0.99694,-0.09454,0.00010,-0.02141,0.99529,1.00,-0.07249,-0.05531,-0.00403,0.99583,-0.09476,-0.02713,-0.02279,0.99487,1.00
16174,-0.02111,0.02661,-0.02202,0.99918,-0.07289,-0.02802,-0.00205,0.99694,-0.09454,0.00009,-0.02147,0.99529,1.00,-0.07247,-0.05519,-0.00402,0.99583,-0.09476,-0.02714,-0.02285,0.99487,1.00
16184,-0.02114,0.02652,-0.02204,0.99918,-0.07263,-0.02812,-0.00205,0.99696,-0.09432,-0.00011,-0.02150,0.99531,1.00,-0.07221,-0.05529,-0.00401,0.99585,-0.09453,-0.02734,-0.02287,0.99488,1.00
16195,-0.02118,0.02639,-0.02210,0.99918,-0.07259,-0.02801,-0.00204,0.99697,-0.09432,-0.00011,-0.02156,0.99531,1.00,-0.07217,-0.05518,-0.00400,0.99586,-0.09453,-0.02734,-0.02293,0.99488,1.00
16207,-0.02127,0.02633,-0.02215,0.99918,-0.07250,-0.02796,-0.00203,0.99697,-0.09432,-0.00012,-0.02161,0.99531,1.00,-0.07208,-0.05513,-0.00399,0.99587,-0.09453,-0.02734,-0.02297,0.99488,1.00
16218,-0.02131,0.02626,-0.02215,0.99918,-0.07037,-0.02502,-0.00177,0.99721,-0.09216,0.00271,-0.02148,0.99551,1.00,-0.06999,-0.05219,-0.00367,0.99617,-0.09242,-0.02452,-0.02278,0.99516,1.00
16229,-0.02137,0.02623,-0.02219,0.99918,-0.07031,-0.02499,-0.00176,0.99721,-0.09216,0.00271,-0.02151,0.99551,1.00,-0.06993,-0.05216,-0.00366,0.99618,-0.09242,-0.02452,-0.02281,0.99516,1.00
16240,-0.02143,0.02623,-0.02214,0.99918,-0.07025,-0.02498,-0.00176,0.99721,-0.09216,0.00271,-0.02146,0.99551,1.00,-0.06988,-0.05216,-0.00366,0.99618,-0.09242,-0.02452,-0.02276,0.99516,1.00
16251,-0.02150,0.02625,-0.02214,0.99918,-0.07026,-0.02467,-0.00174,0.99722,-0.09223,0.00305,-0.02144,0.99550,1.00,-0.06990,-0.05185,-0.00364,0.99620,-0.09250,-0.02418,-0.02274,0.99516,1.00
16262,-0.02157,0.02633,-0.02211,0.99918,-0.07019,-0.02474,-0.00174,0.99723,-0.09223,0.00305,-0.02140,0.99550,1.00,-0.06982,-0.05192,-0.00364,0.99620,-0.09250,-0.02418,-0.02270,0.99516,1.00
16274,-0.02161,0.02641,-0.02202,0.99918,-0.07015,-0.02480,-0.00174,0.99723,-0.09223,0.00306,-0.02132,0.99550,1.00,-0.06979,-0.05198,-0.00364,0.99620,-0.09250,-0.02417,-0.02261,0.99516,1.00
16285,-0.02165,0.02654,-0.02193,0.99917,-0.07023,-0.02410,-0.00170,0.99724,-0.09234,0.00389,-0.02118,0.99549,1.00,-0.06989,-0.05128,-0.00360,0.99623,-0.09262,-0.02334,-0.02248,0.99517,1.00
16296,-0.02166,0.02665,-0.02183,0.99917,-0.07022,-0.02419,-0.00170,0.99724,-0.09234,0.00390,-0.02107,0.99550,1.00,-0.06988,-0.05137,-0.00360,0.99623,-0.09262,-0.02333,-0.02237,0.99518,1.00
16307,-0.02164,0.02679,-0.02181,0.99917,-0.07024,-0.02432,-0.00171,0.99723,-0.09234,0.00390,-0.02105,0.99550,1.00,-0.06990,-0.05151,-0.00361,0.99622,-0.09262,-0.02333,-0.02235,0.99518,1.00
16318,-0.02159,0.02688,-0.02186,0.99917,-0.06982,-0.02522,-0.00177,0.99724,-0.09190,0.00310,-0.02115,0.99554,1.00,-0.06947,-0.05239,-0.00365,0.99620,-0.09216,-0.02413,-0.02243,0.99520,1.00
16329,-0.02161,0.02692,-0.02188,0.99916,-0.06980,-0.02525,-0.00177,0.99724,-0.09190,0.00310,-0.02116,0.99554,1.00,-0.06945,-0.05243,-0.00365,0.99620,-0.09216,-0.02413,-0.02245,0.99520,1.00
16341,-0.02158,0.02698,-0.02189,0.99916,-0.06983,-0.02532,-0.00177,0.99724,-0.09190,0.00310,-0.02117,0.99554,1.00,-0.06948,-0.05249,-0.00366,0.99619,-0.09216,-0.02413,-0.02246,0.99520,1.00
16352,-0.02149,0.02690,-0.02177,0.99917,-0.06996,-0.02448,-0.00172,0.99725,-0.09192,0.00385,-0.02102,0.99554,1.00,-0.06961,-0.05166,-0.00361,0.99623,-0.09219,-0.02338,-0.02232,0.99522,1.00
16362,-0.02140,0.02686,-0.02171,0.99917,-0.07005,-0.02444,-0.00172,0.99724,-0.09192,0.00386,-0.02096,0.99554,1.00,-0.06971,-0.05162,-0.00361,0.99622,-0.09219,-0.02338,-0.02226,0.99522,1.00
16374,-0.02138,0.02681,-0.02171,0.99918,-0.07008,-0.02438,-0.00171,0.99724,-0.09192,0.00386,-0.02096,0.99554,1.00,-0.06973,-0.05156,-0.00361,0.99623,-0.09219,-0.02338,-0.02226,0.99522,1.00
16385,-0.02138,0.02679,-0.02177,0.99918,-0.06987,-0.02597,-0.00182,0.99722,-0.09174,0.00225,-0.02110,0.99556,1.00,-0.06950,-0.05314,-0.00371,0.99616,-0.09199,-0.02498,-0.02239,0.99519,1.00
16396,-0.02132,0.02676,-0.02187,0.99918,-0.06993,-0.02596,-0.00182,0.99721,-0.09174,0.00224,-0.02121,0.99555,1.00,-0.06955,-0.05313,-0.00371,0.99616,-0.09199,-0.02499,-0.02250,0.99519,1.00
16407,-0.02123,0.02673,-0.02214,0.99917,-0.07000,-0.02598,-0.00182,0.99721,-0.09174,0.00221,-0.02148,0.99555,1.00,-0.06961,-0.05315,-0.00371,0.99615,-0.09198,-0.02501,-0.02278,0.99519,1.00
16418,-0.02102,0.02677,-0.02249,0.99917,-0.06984,-0.02532,-0.00177,0.99724,-0.09136,0.00292,-0.02180,0.99558,1.00,-0.06944,-0.05250,-0.00366,0.99620,-0.09159,-0.02430,-0.02310,0.99523,1.00
16429,-0.02090,0.02678,-0.02253,0.99917,-0.06996,-0.02534,-0.00178,0.99723,-0.09136,0.00292,-0.02184,0.99557,1.00,-0.06955,-0.05251,-0.00367,0.99619,-0.09159,-0.02430,-0.02314,0.99523,1.00
16441,-0.02078,0.02681,-0.02243,0.99917,-0.07008,-0.02537,-0.00178,0.99722,-0.09136,0.00293,-0.02174,0.99558,1.00,-0.06968,-0.05254,-0.00367,0.99618,-0.09160,-0.02430,-0.02305,0.99523,1.00
16451,-0.02070,0.02683,-0.02236,0.99918,-0.06994,-0.02560,-0.00180,0.99722,-0.09114,0.00270,-0.02168,0.99560,1.00,-0.06956,-0.05277,-0.00369,0.99617,-0.09140,-0.02452,-0.02299,0.99525,1.00
16463,-0.02054,0.02687,-0.02200,0.99919,-0.07010,-0.02559,-0.00180,0.99721,-0.09114,0.00273,-0.02133,0.99561,1.00,-0.06974,-0.05276,-0.00369,0.99616,-0.09141,-0.02449,-0.02265,0.99525,1.00
16474,-0.02048,0.02697,-0.02183,0.99919,-0.07017,-0.02566,-0.00181,0.99720,-0.09114,0.00275,-0.02115,0.99561,1.00,-0.06982,-0.05283,-0.00370,0.99615,-0.09141,-0.02448,-0.02248,0.99526,1.00
16485,-0.02036,0.02701,-0.02184,0.99919,-0.07114,-0.02538,-0.00181,0.99714,-0.09199,0.00309,-0.02115,0.99553,1.00,-0.07079,-0.05256,-0.00374,0.99610,-0.09226,-0.02415,-0.02250,0.99519,1.00
16496,-0.02028,0.02700,-0.02198,0.99919,-0.07121,-0.02540,-0.00181,0.99714,-0.09199,0.00307,-0.02129,0.99553,1.00,-0.07085,-0.05258,-0.00374,0.99609,-0.09226,-0.02416,-0.02265,0.99518,1.00
16508,-0.02028,0.02701,-0.02200,0.99919,-0.07121,-0.02542,-0.00182,0.99714,-0.09199,0.00307,-0.02131,0.99553,1.00,-0.07085,-0.05260,-0.00374,0.99609,-0.09226,-0.02416,-0.02267,0.99518,1.00
16518,-0.02031,0.02700,-0.02203,0.99919,-0.07091,-0.02560,-0.00182,0.99715,-0.09172,0.00287,-0.02136,0.99555,1.00,-0.07053,-0.05278,-0.00374,0.99611,-0.09197,-0.02436,-0.02271,0.99520,1.00
16529,-0.02038,0.02694,-0.02200,0.99919,-0.07085,-0.02553,-0.00181,0.99716,-0.09172,0.00288,-0.02132,0.99555,1.00,-0.07047,-0.05270,-0.00373,0.99611,-0.09197,-0.02435,-0.02266,0.99521,1.00
16541,-0.02040,0.02683,-0.02198,0.99919,-0.07082,-0.02542,-0.00181,0.99716,-0.09172,0.00288,-0.02130,0.99555,1.00,-0.07045,-0.05260,-0.00372,0.99612,-0.09197,-0.02435,-0.02265,0.99521,1.00
16552,-0.02044,0.02670,-0.02204,0.99919,-0.07131,-0.02639,-0.00189,0.99710,-0.09226,0.00179,-0.02141,0.99550,1.00,-0.07092,-0.05356,-0.00381,0.99604,-0.09250,-0.02544,-0.02277,0.99513,1.00
16563,-0.02043,0.02658,-0.02212,0.99919,-0.07132,-0.02628,-0.00188,0.99711,-0.09226,0.00178,-0.02151,0.99550,1.00,-0.07092,-0.05345,-0.00381,0.99604,-0.09250,-0.02544,-0.02286,0.99513,1.00
16574,-0.02049,0.02649,-0.02225,0.99919,-0.07125,-0.02621,-0.00187,0.99711,-0.09226,0.00177,-0.02163,0.99550,1.00,-0.07085,-0.05338,-0.00380,0.99605,-0.09249,-0.02546,-0.02298,0.99512,1.00
16585,-0.02056,0.02632,-0.02239,0.99919,-0.07111,-0.02633,-0.00188,0.99712,-0.09218,0.00149,-0.02179,0.99550,1.00,-0.07070,-0.05350,-0.00380,0.99605,-0.09242,-0.02573,-0.02314,0.99512,1.00
16596,-0.02063,0.02618,-0.02251,0.99919,-0.07104,-0.02620,-0.00187,0.99713,-0.09218,0.00148,-0.02191,0.99550,1.00,-0.07063,-0.05337,-0.00378,0.99607,-0.09241,-0.02574,-0.02325,0.99512,1.00
16608,-0.02084,0.02609,-0.02253,0.99919,-0.07083,-0.02611,-0.00185,0.99715,-0.09218,0.00148,-0.02193,0.99550,1.00,-0.07041,-0.05328,-0.00377,0.99609,-0.09241,-0.02574,-0.02326,0.99512,1.00
16619,-0.02100,0.02587,-0.02247,0.99919,-0.07075,-0.02610,-0.00185,0.99715,-0.09227,0.00127,-0.02187,0.99549,1.00,-0.07036,-0.05327,-0.00376,0.99609,-0.09252,-0.02596,-0.02320,0.99510,1.00
16630,-0.02115,0.02565,-0.02251,0.99919,-0.07061,-0.02589,-0.00183,0.99717,-0.09227,0.00126,-0.02192,0.99549,1.00,-0.07021,-0.05306,-0.00374,0.99611,-0.09252,-0.02596,-0.02323,0.99510,1.00
16641,-0.02126,0.02558,-0.02275,0.99919,-0.07050,-0.02585,-0.00183,0.99717,-0.09228,0.00124,-0.02216,0.99549,1.00,-0.07009,-0.05302,-0.00373,0.99612,-0.09251,-0.02598,-0.02347,0.99510,1.00
16652,-0.02140,0.02546,-0.02279,0.99919,-0.07064,-0.02640,-0.00187,0.99715,-0.09257,0.00058,-0.02223,0.99546,1.00,-0.07024,-0.05356,-0.00378,0.99608,-0.09281,-0.02664,-0.02354,0.99505,1.00
16663,-0.02156,0.02539,-0.02280,0.99919,-0.07049,-0.02632,-0.00186,0.99716,-0.09257,0.00058,-0.02224,0.99546,1.00,-0.07008,-0.05349,-0.00376,0.99610,-0.09281,-0.02664,-0.02354,0.99505,1.00
16675,-0.02167,0.02532,-0.02264,0.99919,-0.07038,-0.02623,-0.00185,0.99717,-0.09257,0.00060,-0.02207,0.99546,1.00,-0.06998,-0.05340,-0.00375,0.99611,-0.09282,-0.02662,-0.02337,0.99505,1.00
16685,-0.02173,0.02522,-0.02250,0.99919,-0.06935,-0.02621,-0.00182,0.99725,-0.09160,0.00048,-0.02194,0.99555,1.00,-0.06898,-0.05337,-0.00370,0.99618,-0.09187,-0.02673,-0.02321,0.99514,1.00
16697,-0.02175,0.02518,-0.02234,0.99920,-0.06933,-0.02614,-0.00182,0.99725,-0.09160,0.00050,-0.02178,0.99556,1.00,-0.06897,-0.05331,-0.00369,0.99619,-0.09187,-0.02672,-0.02305,0.99515,1.00
16708,-0.02173,0.02516,-0.02220,0.99920,-0.06936,-0.02610,-0.00182,0.99725,-0.09160,0.00051,-0.02164,0.99556,1.00,-0.06901,-0.05327,-0.00369,0.99619,-0.09188,-0.02671,-0.02291,0.99515,1.00
16719,-0.02173,0.02512,-0.02219,0.99920,-0.07128,-0.02637,-0.00188,0.99711,-0.09352,0.00024,-0.02165,0.99538,1.00,-0.07091,-0.05354,-0.00381,0.99604,-0.09378,-0.02699,-0.02297,0.99496,1.00
16730,-0.02168,0.02509,-0.02212,0.99921,-0.07132,-0.02632,-0.00188,0.99710,-0.09352,0.00025,-0.02158,0.99538,1.00,-0.07096,-0.05350,-0.00381,0.99604,-0.09378,-0.02698,-0.02290,0.99496,1.00
16742,-0.02156,0.02508,-0.02210,0.99921,-0.07145,-0.02631,-0.00189,0.99710,-0.09352,0.00025,-0.02156,0.99538,1.00,-0.07108,-0.05349,-0.00382,0.99603,-0.09378,-0.02698,-0.02289,0.99496,1.00
16752,-0.02141,0.02512,-0.02208,0.99921,-0.07173,-0.02518,-0.00181,0.99710,-0.09362,0.00143,-0.02149,0.99537,1.00,-0.07137,-0.05236,-0.00375,0.99607,-0.09389,-0.02581,-0.02283,0.99499,1.00
16763,-0.02133,0.02520,-0.02191,0.99921,-0.07181,-0.02524,-0.00182,0.99710,-0.09362,0.00144,-0.02132,0.99538,1.00,-0.07146,-0.05242,-0.00376,0.99606,-0.09389,-0.02580,-0.02266,0.99499,1.00
16775,-0.02118,0.02539,-0.02171,0.99922,-0.07196,-0.02539,-0.00183,0.99708,-0.09362,0.00146,-0.02111,0.99538,1.00,-0.07162,-0.05258,-0.00378,0.99604,-0.09390,-0.02578,-0.02247,0.99499,1.00
16786,-0.02102,0.02553,-0.02159,0.99922,-0.07198,-0.02490,-0.00180,0.99709,-0.09347,0.00209,-0.02096,0.99540,1.00,-0.07164,-0.05209,-0.00375,0.99606,-0.09374,-0.02515,-0.02232,0.99503,1.00
16797,-0.02082,0.02571,-0.02163,0.99922,-0.07217,-0.02509,-0.00182,0.99707,-0.09347,0.00209,-0.02101,0.99540,1.00,-0.07183,-0.05228,-0.00377,0.99604,-0.09374,-0.02515,-0.02238,0.99503,1.00
16808,-0.02063,0.02585,-0.02158,0.99922,-0.07236,-0.02523,-0.00183,0.99706,-0.09347,0.00209,-0.02096,0.99540,1.00,-0.07202,-0.05242,-0.00379,0.99602,-0.09374,-0.02515,-0.02234,0.99503,1.00
16820,-0.02044,0.02599,-0.02163,0.99922,-0.07100,-0.02548,-0.00181,0.99715,-0.09192,0.00195,-0.02102,0.99554,1.00,-0.07064,-0.05266,-0.00373,0.99610,-0.09218,-0.02528,-0.02237,0.99517,1.00
16830,-0.02022,0.02615,-0.02165,0.99922,-0.07121,-0.02565,-0.00183,0.99713,-0.09192,0.00195,-0.02104,0.99554,1.00,-0.07086,-0.05283,-0.00376,0.99608,-0.09218,-0.02528,-0.02240,0.99517,1.00
16842,-0.02007,0.02622,-0.02163,0.99922,-0.07136,-0.02572,-0.00184,0.99712,-0.09192,0.00195,-0.02102,0.99554,1.00,-0.07101,-0.05290,-0.00377,0.99607,-0.09218,-0.02528,-0.02239,0.99517,1.00
16853,-0.01994,0.02635,-0.02161,0.99922,-0.07103,-0.02431,-0.00173,0.99718,-0.09143,0.00348,-0.02093,0.99559,1.00,-0.07068,-0.05149,-0.00365,0.99616,-0.09169,-0.02375,-0.02229,0.99525,1.00
16864,-0.01993,0.02644,-0.02164,0.99922,-0.07104,-0.02440,-0.00174,0.99717,-0.09143,0.00348,-0.02095,0.99559,1.00,-0.07069,-0.05159,-0.00366,0.99616,-0.09169,-0.02376,-0.02232,0.99525,1.00
16875,-0.01984,0.02649,-0.02161,0.99922,-0.07113,-0.02445,-0.00174,0.99717,-0.09143,0.00348,-0.02092,0.99559,1.00,-0.07077,-0.05164,-0.00367,0.99615,-0.09169,-0.02375,-0.02229,0.99525,1.00
16886,-0.01983,0.02656,-0.02158,0.99922,-0.07187,-0.02532,-0.00183,0.99709,-0.09218,0.00270,-0.02093,0.99552,1.00,-0.07150,-0.05251,-0.00377,0.99605,-0.09243,-0.02454,-0.02232,0.99517,1.00
16897,-0.01980,0.02664,-0.02156,0.99922,-0.07190,-0.02540,-0.00183,0.99709,-0.09218,0.00270,-0.02091,0.99552,1.00,-0.07154,-0.05258,-0.00378,0.99604,-0.09243,-0.02454,-0.02231,0.99517,1.00
16909,-0.01971,0.02665,-0.02152,0.99922,-0.07199,-0.02540,-0.00183,0.99708,-0.09218,0.00270,-0.02087,0.99552,1.00,-0.07162,-0.05259,-0.00378,0.99604,-0.09243,-0.02454,-0.02227,0.99517,1.00
16920,-0.01966,0.02662,-0.02148,0.99922,-0.07316,-0.02506,-0.00184,0.99700,-0.09329,0.00303,-0.02081,0.99542,1.00,-0.07279,-0.05226,-0.00382,0.99597,-0.09354,-0.02422,-0.02224,0.99507,1.00
16931,-0.01964,0.02655,-0.02142,0.99923,-0.07318,-0.02499,-0.00183,0.99700,-0.09329,0.00304,-0.02075,0.99542,1.00,-0.07281,-0.05218,-0.00381,0.99597,-0.09354,-0.02421,-0.02218,0.99507,1.00
16942,-0.01956,0.02649,-0.02136,0.99923,-0.07326,-0.02492,-0.00183,0.99700,-0.09329,0.00304,-0.02070,0.99542,1.00,-0.07290,-0.05211,-0.00381,0.99597,-0.09354,-0.02421,-0.02214,0.99508,1.00
16953,-0.01953,0.02641,-0.02131,0.99923,-0.07311,-0.02556,-0.00187,0.99699,-0.09312,0.00231,-0.02069,0.99544,1.00,-0.07273,-0.05275,-0.00385,0.99595,-0.09335,-0.02493,-0.02212,0.99508,1.00
16964,-0.01955,0.02631,-0.02127,0.99924,-0.07309,-0.02546,-0.00187,0.99700,-0.09312,0.00232,-0.02065,0.99544,1.00,-0.07272,-0.05265,-0.00384,0.99595,-0.09335,-0.02493,-0.02208,0.99508,1.00
16975,-0.01961,0.02625,-0.02123,0.99924,-0.07303,-0.02539,-0.00186,0.99701,-0.09312,0.00232,-0.02061,0.99544,1.00,-0.07266,-0.05258,-0.00384,0.99596,-0.09335,-0.02492,-0.02204,0.99508,1.00
16986,-0.01964,0.02623,-0.02120,0.99924,-0.07286,-0.02545,-0.00186,0.99702,-0.09297,0.00223,-0.02058,0.99545,1.00,-0.07248,-0.05264,-0.00383,0.99597,-0.09321,-0.02501,-0.02201,0.99509,1.00
16997,-0.01966,0.02624,-0.02116,0.99924,-0.07284,-0.02545,-0.00186,0.99702,-0.09297,0.00223,-0.02055,0.99545,1.00,-0.07247,-0.05264,-0.00383,0.99597,-0.09321,-0.02501,-0.02197,0.99509,1.00
17009,-0.01971,0.02627,-0.02105,0.99924,-0.07280,-0.02546,-0.00186,0.99702,-0.09297,0.00224,-0.02043,0.99546,1.00,-0.07243,-0.05265,-0.00383,0.99598,-0.09321,-0.02500,-0.02185,0.99509,1.00
17020,-0.01971,0.02636,-0.02095,0.99924,-0.07193,-0.02567,-0.00185,0.99708,-0.09211,0.00210,-0.02033,0.99554,1.00,-0.07156,-0.05286,-0.00380,0.99603,-0.09235,-0.02514,-0.02173,0.99517,1.00
17031,-0.01970,0.02644,-0.02088,0.99924,-0.07194,-0.02574,-0.00186,0.99708,-0.09211,0.00210,-0.02027,0.99554,1.00,-0.07158,-0.05293,-0.00380,0.99602,-0.09235,-0.02513,-0.02166,0.99517,1.00
17042,-0.01963,0.02653,-0.02086,0.99924,-0.07200,-0.02583,-0.00187,0.99707,-0.09211,0.00211,-0.02025,0.99554,1.00,-0.07164,-0.05302,-0.00381,0.99601,-0.09235,-0.02513,-0.02165,0.99517,1.00
17053,-0.01962,0.02666,-0.02085,0.99923,-0.07461,-0.02571,-0.00192,0.99688,-0.09470,0.00240,-0.02022,0.99530,1.00,-0.07423,-0.05291,-0.00394,0.99583,-0.09492,-0.02486,-0.02169,0.99494,1.00
17065,-0.01959,0.02677,-0.02087,0.99923,-0.07464,-0.02583,-0.00193,0.99687,-0.09470,0.00240,-0.02023,0.99530,1.00,-0.07426,-0.05303,-0.00395,0.99582,-0.09492,-0.02486,-0.02171,0.99494,1.00
17076,-0.01947,0.02687,-0.02090,0.99923,-0.07476,-0.02594,-0.00195,0.99686,-0.09470,0.00239,-0.02027,0.99530,1.00,-0.07437,-0.05314,-0.00397,0.99581,-0.09492,-0.02486,-0.02175,0.99494,1.00
17087,-0.01923,0.02705,-0.02108,0.99923,-0.07430,-0.02593,-0.00193,0.99690,-0.09401,0.00259,-0.02044,0.99536,1.00,-0.07390,-0.05312,-0.00394,0.99584,-0.09422,-0.02466,-0.02192,0.99500,1.00
17098,-0.01903,0.02715,-0.02128,0.99922,-0.07449,-0.02606,-0.00195,0.99688,-0.09401,0.00257,-0.02064,0.99535,1.00,-0.07408,-0.05326,-0.00396,0.99582,-0.09421,-0.02468,-0.02213,0.99500,1.00
17109,-0.01882,0.02722,-0.02133,0.99922,-0.07470,-0.02614,-0.00196,0.99686,-0.09401,0.00257,-0.02069,0.99535,1.00,-0.07429,-0.05334,-0.00398,0.99580,-0.09421,-0.02468,-0.02219,0.99500,1.00
17120,-0.01857,0.02722,-0.02137,0.99923,-0.07471,-0.02591,-0.00194,0.99687,-0.09378,0.00281,-0.02073,0.99537,1.00,-0.07430,-0.05311,-0.00396,0.99581,-0.09398,-0.02444,-0.02223,0.99503,1.00
17131,-0.01833,0.02723,-0.02126,0.99923,-0.07496,-0.02590,-0.00195,0.99685,-0.09378,0.00282,-0.02063,0.99538,1.00,-0.07455,-0.05310,-0.00398,0.99579,-0.09399,-0.02443,-0.02214,0.99503,1.00
17143,-0.01812,0.02715,-0.02120,0.99924,-0.07517,-0.02582,-0.00195,0.99683,-0.09378,0.00283,-0.02057,0.99538,1.00,-0.07476,-0.05302,-0.00398,0.99578,-0.09399,-0.02443,-0.02210,0.99503,1.00
17154,-0.01796,0.02711,-0.02112,0.99925,-0.07486,-0.02604,-0.00196,0.99685,-0.09331,0.00255,-0.02051,0.99542,1.00,-0.07446,-0.05324,-0.00398,0.99579,-0.09352,-0.02470,-0.02203,0.99507,1.00
17165,-0.01797,0.02708,-0.02113,0.99925,-0.07484,-0.02601,-0.00195,0.99685,-0.09331,0.00255,-0.02052,0.99542,1.00,-0.07445,-0.05321,-0.00398,0.99580,-0.09352,-0.02470,-0.02204,0.99507,1.00
17176,-0.01794,0.02702,-0.02108,0.99925,-0.07488,-0.02594,-0.00195,0.99685,-0.09330,0.00256,-0.02047,0.99542,1.00,-0.07449,-0.05314,-0.00397,0.99580,-0.09352,-0.02469,-0.02199,0.99507,1.00
17187,-0.01802,0.02702,-0.02105,0.99925,-0.07445,-0.02589,-0.00193,0.99689,-0.09296,0.00259,-0.02044,0.99546,1.00,-0.07406,-0.05309,-0.00395,0.99583,-0.09318,-0.02466,-0.02195,0.99510,1.00
17198,-0.01820,0.02700,-0.02092,0.99925,-0.07427,-0.02585,-0.00193,0.99690,-0.09296,0.00260,-0.02030,0.99546,1.00,-0.07389,-0.05304,-0.00394,0.99585,-0.09318,-0.02464,-0.02180,0.99511,1.00
17209,-0.01832,0.02700,-0.02080,0.99925,-0.07416,-0.02583,-0.00192,0.99691,-0.09296,0.00261,-0.02018,0.99546,1.00,-0.07378,-0.05303,-0.00393,0.99586,-0.09318,-0.02463,-0.02168,0.99511,1.00
17220,-0.01847,0.02702,-0.02072,0.99925,-0.07426,-0.02580,-0.00192,0.99690,-0.09320,0.00266,-0.02010,0.99544,1.00,-0.07388,-0.05300,-0.00393,0.99585,-0.09342,-0.02459,-0.02159,0.99509,1.00
17231,-0.01852,0.02701,-0.02067,0.99925,-0.07421,-0.02579,-0.00192,0.99691,-0.09320,0.00266,-0.02004,0.99544,1.00,-0.07383,-0.05298,-0.00393,0.99585,-0.09342,-0.02459,-0.02153,0.99509,1.00
17243,-0.01851,0.02706,-0.02070,0.99925,-0.07524,-0.02590,-0.00195,0.99683,-0.09422,0.00261,-0.02007,0.99535,1.00,-0.07485,-0.05310,-0.00399,0.99577,-0.09443,-0.02464,-0.02159,0.99499,1.00
17254,-0.01845,0.02702,-0.02078,0.99925,-0.07530,-0.02588,-0.00195,0.99682,-0.09422,0.00260,-0.02016,0.99534,1.00,-0.07490,-0.05308,-0.00399,0.99577,-0.09443,-0.02465,-0.02168,0.99499,1.00
17265,-0.01835,0.02701,-0.02087,0.99925,-0.07539,-0.02589,-0.00196,0.99682,-0.09422,0.00260,-0.02025,0.99534,1.00,-0.07499,-0.05309,-0.00400,0.99576,-0.09443,-0.02466,-0.02178,0.99499,1.00
17276,-0.01830,0.02697,-0.02093,0.99925,-0.07553,-0.02435,-0.00184,0.99684,-0.09427,0.00410,-0.02023,0.99533,1.00,-0.07513,-0.05156,-0.00389,0.99583,-0.09448,-0.02316,-0.02176,0.99502,1.00
17287,-0.01834,0.02693,-0.02087,0.99925,-0.07549,-0.02430,-0.00184,0.99685,-0.09427,0.00411,-0.02016,0.99533,1.00,-0.07510,-0.05151,-0.00388,0.99584,-0.09448,-0.02316,-0.02169,0.99502,1.00
17298,-0.01841,0.02687,-0.02078,0.99925,-0.07542,-0.02422,-0.00183,0.99686,-0.09427,0.00412,-0.02007,0.99534,1.00,-0.07503,-0.05143,-0.00387,0.99585,-0.09449,-0.02315,-0.02160,0.99502,1.00
17310,-0.01848,0.02680,-0.02073,0.99926,-0.07536,-0.02414,-0.00182,0.99686,-0.09427,0.00412,-0.02002,0.99534,1.00,-0.07497,-0.05135,-0.00387,0.99585,-0.09449,-0.02314,-0.02155,0.99502,1.00
17321,-0.01853,0.02677,-0.02081,0.99925,-0.07468,-0.02640,-0.00198,0.99686,-0.09369,0.00183,-0.02023,0.99539,1.00,-0.07427,-0.05359,-0.00400,0.99579,-0.09389,-0.02542,-0.02174,0.99502,1.00
17332,-0.01860,0.02681,-0.02097,0.99925,-0.07460,-0.02646,-0.00198,0.99686,-0.09369,0.00181,-0.02039,0.99539,1.00,-0.07419,-0.05365,-0.00400,0.99579,-0.09389,-0.02543,-0.02189,0.99502,1.00
17343,-0.01871,0.02689,-0.02114,0.99924,-0.07448,-0.02657,-0.00198,0.99687,-0.09369,0.00180,-0.02056,0.99539,1.00,-0.07406,-0.05376,-0.00400,0.99580,-0.09388,-0.02545,-0.02205,0.99501,1.00
17354,-0.01877,0.02701,-0.02117,0.99923,-0.07454,-0.02550,-0.00191,0.99689,-0.09378,0.00298,-0.02052,0.99538,1.00,-0.07413,-0.05270,-0.00392,0.99585,-0.09398,-0.02427,-0.02201,0.99503,1.00
17365,-0.01875,0.02714,-0.02112,0.99923,-0.07455,-0.02563,-0.00192,0.99689,-0.09378,0.00299,-0.02047,0.99538,1.00,-0.07415,-0.05283,-0.00393,0.99584,-0.09398,-0.02427,-0.02196,0.99504,1.00
17377,-0.01869,0.02728,-0.02103,0.99923,-0.07461,-0.02575,-0.00193,0.99688,-0.09378,0.00300,-0.02037,0.99538,1.00,-0.07421,-0.05295,-0.00395,0.99583,-0.09399,-0.02426,-0.02187,0.99504,1.00
17387,-0.01858,0.02743,-0.02094,0.99923,-0.07505,-0.02579,-0.00194,0.99684,-0.09411,0.00311,-0.02028,0.99535,1.00,-0.07466,-0.05299,-0.00397,0.99579,-0.09433,-0.02414,-0.02179,0.99501,1.00
17399,-0.01842,0.02761,-0.02088,0.99923,-0.07521,-0.02596,-0.00196,0.99683,-0.09411,0.00312,-0.02022,0.99535,1.00,-0.07483,-0.05316,-0.00399,0.99577,-0.09433,-0.02414,-0.02174,0.99501,1.00
17410,-0.01837,0.02769,-0.02082,0.99923,-0.07526,-0.02603,-0.00197,0.99682,-0.09411,0.00312,-0.02016,0.99535,1.00,-0.07488,-0.05324,-0.00400,0.99576,-0.09433,-0.02413,-0.02168,0.99501,1.00
17421,-0.01829,0.02772,-0.02084,0.99923,-0.07533,-0.02485,-0.00188,0.99685,-0.09407,0.00433,-0.02011,0.99535,1.00,-0.07495,-0.05206,-0.00392,0.99582,-0.09430,-0.02293,-0.02164,0.99504,1.00
17432,-0.01825,0.02771,-0.02083,0.99923,-0.07536,-0.02484,-0.00188,0.99685,-0.09407,0.00433,-0.02010,0.99535,1.00,-0.07498,-0.05205,-0.00392,0.99582,-0.09430,-0.02293,-0.02163,0.99505,1.00
17443,-0.01817,0.02764,-0.02082,0.99924,-0.07347,-0.02451,-0.00181,0.99699,-0.09209,0.00457,-0.02009,0.99554,1.00,-0.07310,-0.05170,-0.00379,0.99598,-0.09232,-0.02268,-0.02157,0.99524,1.00
17454,-0.01809,0.02750,-0.02080,0.99924,-0.07356,-0.02437,-0.00180,0.99699,-0.09209,0.00457,-0.02007,0.99554,1.00,-0.07319,-0.05156,-0.00379,0.99598,-0.09232,-0.02268,-0.02156,0.99524,1.00
17465,-0.01797,0.02737,-0.02079,0.99925,-0.07368,-0.02424,-0.00179,0.99699,-0.09209,0.00457,-0.02007,0.99554,1.00,-0.07331,-0.05144,-0.00379,0.99597,-0.09232,-0.02268,-0.02156,0.99524,1.00
17477,-0.01782,0.02710,-0.02069,0.99926,-0.07384,-0.02395,-0.00177,0.99698,-0.09209,0.00458,-0.01998,0.99554,1.00,-0.07347,-0.05115,-0.00377,0.99598,-0.09233,-0.02267,-0.02148,0.99524,1.00
17488,-0.01764,0.02696,-0.02066,0.99927,-0.07231,-0.02606,-0.00189,0.99704,-0.09044,0.00230,-0.02008,0.99570,1.00,-0.07193,-0.05324,-0.00385,0.99598,-0.09065,-0.02493,-0.02154,0.99534,1.00
17499,-0.01749,0.02685,-0.02067,0.99927,-0.07246,-0.02596,-0.00189,0.99703,-0.09044,0.00230,-0.02010,0.99570,1.00,-0.07208,-0.05314,-0.00385,0.99598,-0.09065,-0.02493,-0.02157,0.99534,1.00
17510,-0.01731,0.02679,-0.02062,0.99928,-0.07231,-0.02639,-0.00191,0.99703,-0.09011,0.00180,-0.02008,0.99573,1.00,-0.07192,-0.05357,-0.00387,0.99596,-0.09032,-0.02543,-0.02155,0.99535,1.00
17521,-0.01715,0.02684,-0.02066,0.99928,-0.07247,-0.02645,-0.00192,0.99702,-0.09011,0.00180,-0.02012,0.99573,1.00,-0.07209,-0.05363,-0.00388,0.99595,-0.09032,-0.02544,-0.02160,0.99535,1.00
17532,-0.01695,0.02689,-0.02065,0.99928,-0.07267,-0.02650,-0.00193,0.99700,-0.09011,0.00180,-0.02011,0.99573,1.00,-0.07228,-0.05368,-0.00390,0.99593,-0.09032,-0.02544,-0.02160,0.99535,1.00
17543,-0.01681,0.02691,-0.02063,0.99928,-0.07281,-0.02652,-0.00194,0.99699,-0.09011,0.00180,-0.02010,0.99573,1.00,-0.07242,-0.05371,-0.00391,0.99592,-0.09032,-0.02544,-0.02159,0.99535,1.00
17555,-0.01662,0.02698,-0.02052,0.99929,-0.07255,-0.02684,-0.00195,0.99700,-0.08967,0.00154,-0.02001,0.99577,1.00,-0.07216,-0.05402,-0.00391,0.99592,-0.08988,-0.02569,-0.02150,0.99539,1.00
17566,-0.01661,0.02707,-0.02046,0.99929,-0.07256,-0.02692,-0.00196,0.99700,-0.08967,0.00155,-0.01994,0.99577,1.00,-0.07218,-0.05410,-0.00392,0.99592,-0.08988,-0.02568,-0.02144,0.99539,1.00
17577,-0.01656,0.02713,-0.02037,0.99929,-0.07261,-0.02696,-0.00196,0.99699,-0.08967,0.00156,-0.01985,0.99577,1.00,-0.07223,-0.05414,-0.00393,0.99591,-0.08988,-0.02568,-0.02135,0.99539,1.00
17588,-0.01650,0.02727,-0.02027,0.99929,-0.07504,-0.02665,-0.00201,0.99682,-0.09202,0.00204,-0.01972,0.99556,1.00,-0.07465,-0.05385,-0.00404,0.99575,-0.09223,-0.02521,-0.02129,0.99519,1.00
17599,-0.01634,0.02734,-0.02026,0.99929,-0.07519,-0.02672,-0.00202,0.99681,-0.09202,0.00204,-0.01972,0.99556,1.00,-0.07480,-0.05392,-0.00405,0.99573,-0.09223,-0.02521,-0.02130,0.99519,1.00
17610,-0.01619,0.02742,-0.02017,0.99929,-0.07504,-0.02537,-0.00191,0.99686,-0.09168,0.00346,-0.01955,0.99559,1.00,-0.07466,-0.05257,-0.00394,0.99581,-0.09189,-0.02379,-0.02113,0.99526,1.00
17621,-0.01608,0.02747,-0.02015,0.99929,-0.07514,-0.02542,-0.00192,0.99685,-0.09168,0.00346,-0.01952,0.99559,1.00,-0.07477,-0.05263,-0.00395,0.99580,-0.09189,-0.02379,-0.02111,0.99526,1.00
17632,-0.01599,0.02748,-0.02011,0.99929,-0.07523,-0.02543,-0.00192,0.99684,-0.09168,0.00347,-0.01949,0.99559,1.00,-0.07486,-0.05264,-0.00396,0.99580,-0.09189,-0.02379,-0.02108,0.99526,1.00
17644,-0.01593,0.02750,-0.02007,0.99929,-0.07552,-0.02525,-0.00191,0.99682,-0.09191,0.00366,-0.01944,0.99557,1.00,-0.07514,-0.05246,-0.00396,0.99578,-0.09211,-0.02359,-0.02104,0.99525,1.00
17655,-0.01587,0.02744,-0.02002,0.99930,-0.07559,-0.02518,-0.00191,0.99682,-0.09191,0.00367,-0.01939,0.99557,1.00,-0.07521,-0.05239,-0.00396,0.99578,-0.09211,-0.02359,-0.02099,0.99525,1.00
17666,-0.01590,0.02737,-0.01996,0.99930,-0.07556,-0.02511,-0.00190,0.99682,-0.09191,0.00367,-0.01934,0.99557,1.00,-0.07518,-0.05232,-0.00395,0.99579,-0.09211,-0.02359,-0.02094,0.99525,1.00
17677,-0.01592,0.02723,-0.01995,0.99930,-0.07435,-0.02533,-0.00189,0.99691,-0.09073,0.00328,-0.01935,0.99568,1.00,-0.07397,-0.05253,-0.00390,0.99587,-0.09092,-0.02397,-0.02092,0.99535,1.00
17688,-0.01598,0.02709,-0.01996,0.99931,-0.07430,-0.02519,-0.00188,0.99692,-0.09073,0.00328,-0.01936,0.99568,1.00,-0.07391,-0.05239,-0.00389,0.99588,-0.09092,-0.02397,-0.02093,0.99535,1.00
17699,-0.01606,0.02695,-0.01997,0.99931,-0.07421,-0.02506,-0.00187,0.99693,-0.09073,0.00328,-0.01937,0.99568,1.00,-0.07383,-0.05226,-0.00387,0.99589,-0.09092,-0.02397,-0.02093,0.99535,1.00
17710,-0.01624,0.02677,-0.01988,0.99931,-0.07492,-0.02559,-0.00192,0.99686,-0.09161,0.00257,-0.01932,0.99560,1.00,-0.07452,-0.05279,-0.00395,0.99581,-0.09179,-0.02468,-0.02089,0.99525,1.00
17721,-0.01628,0.02665,-0.01981,0.99932,-0.07487,-0.02547,-0.00191,0.99687,-0.09161,0.00257,-0.01925,0.99561,1.00,-0.07449,-0.05266,-0.00394,0.99582,-0.09180,-0.02467,-0.02082,0.99525,1.00
17732,-0.01628,0.02668,-0.01974,0.99932,-0.07487,-0.02548,-0.00191,0.99687,-0.09161,0.00258,-0.01918,0.99561,1.00,-0.07449,-0.05268,-0.00394,0.99582,-0.09180,-0.02467,-0.02075,0.99526,1.00
17744,-0.01637,0.02666,-0.01977,0.99931,-0.07478,-0.02546,-0.00191,0.99687,-0.09161,0.00258,-0.01921,0.99561,1.00,-0.07439,-0.05266,-0.00393,0.99583,-0.09180,-0.02467,-0.02078,0.99526,1.00
17755,-0.01648,0.02667,-0.01975,0.99931,-0.07608,-0.02525,-0.00193,0.99678,-0.09301,0.00282,-0.01917,0.99548,1.00,-0.07569,-0.05246,-0.00399,0.99574,-0.09319,-0.02444,-0.02077,0.99513,1.00
17766,-0.01651,0.02672,-0.01987,0.99931,-0.07604,-0.02532,-0.00193,0.99678,-0.09301,0.00281,-0.01929,0.99547,1.00,-0.07564,-0.05253,-0.00399,0.99574,-0.09319,-0.02445,-0.02089,0.99513,1.00
17777,-0.01649,0.02684,-0.02011,0.99930,-0.07606,-0.02548,-0.00194,0.99678,-0.09301,0.00279,-0.01953,0.99547,1.00,-0.07565,-0.05268,-0.00400,0.99573,-0.09318,-0.02447,-0.02112,0.99512,1.00
17788,-0.01636,0.02709,-0.02044,0.99929,-0.07686,-0.02649,-0.00204,0.99669,-0.09371,0.00206,-0.01990,0.99540,1.00,-0.07641,-0.05370,-0.00412,0.99562,-0.09386,-0.02520,-0.02152,0.99503,1.00
17799,-0.01635,0.02718,-0.02049,0.99929,-0.07687,-0.02660,-0.00205,0.99668,-0.09371,0.00206,-0.01995,0.99540,1.00,-0.07642,-0.05381,-0.00413,0.99561,-0.09386,-0.02521,-0.02157,0.99503,1.00
17811,-0.01636,0.02729,-0.02045,0.99928,-0.07643,-0.02382,-0.00183,0.99679,-0.09322,0.00494,-0.01973,0.99544,1.00,-0.07603,-0.05104,-0.00390,0.99579,-0.09342,-0.02233,-0.02135,0.99515,1.00
17822,-0.01639,0.02735,-0.02040,0.99928,-0.07641,-0.02387,-0.00183,0.99679,-0.09322,0.00494,-0.01968,0.99544,1.00,-0.07601,-0.05109,-0.00390,0.99579,-0.09342,-0.02233,-0.02130,0.99515,1.00
17833,-0.01642,0.02743,-0.02022,0.99928,-0.07637,-0.02391,-0.00183,0.99679,-0.09322,0.00496,-0.01950,0.99544,1.00,-0.07599,-0.05113,-0.00390,0.99579,-0.09342,-0.02231,-0.02111,0.99515,1.00
17844,-0.01650,0.02748,-0.02013,0.99928,-0.07593,-0.02536,-0.00193,0.99679,-0.09289,0.00355,-0.01949,0.99548,1.00,-0.07555,-0.05257,-0.00399,0.99575,-0.09309,-0.02371,-0.02108,0.99515,1.00
17855,-0.01662,0.02749,-0.02006,0.99928,-0.07582,-0.02535,-0.00193,0.99680,-0.09289,0.00356,-0.01942,0.99548,1.00,-0.07543,-0.05256,-0.00398,0.99576,-0.09309,-0.02370,-0.02100,0.99515,1.00
17866,-0.01680,0.02750,-0.02011,0.99928,-0.07563,-0.02537,-0.00192,0.99681,-0.09289,0.00356,-0.01946,0.99548,1.00,-0.07525,-0.05257,-0.00397,0.99577,-0.09309,-0.02370,-0.02104,0.99515,1.00
17878,-0.01692,0.02753,-0.02017,0.99927,-0.07552,-0.02540,-0.00192,0.99682,-0.09289,0.00355,-0.01952,0.99548,1.00,-0.07513,-0.05261,-0.00397,0.99578,-0.09309,-0.02371,-0.02110,0.99515,1.00
17888,-0.01708,0.02744,-0.02025,0.99927,-0.07550,-0.02371,-0.00180,0.99686,-0.09300,0.00516,-0.01951,0.99546,1.00,-0.07511,-0.05093,-0.00384,0.99587,-0.09321,-0.02211,-0.02107,0.99518,1.00
17900,-0.01719,0.02736,-0.02018,0.99927,-0.07540,-0.02362,-0.00179,0.99687,-0.09300,0.00516,-0.01943,0.99546,1.00,-0.07502,-0.05083,-0.00383,0.99588,-0.09321,-0.02210,-0.02100,0.99518,1.00
17911,-0.01732,0.02723,-0.02008,0.99928,-0.07719,-0.02423,-0.00188,0.99672,-0.09493,0.00444,-0.01936,0.99529,1.00,-0.07679,-0.05145,-0.00397,0.99571,-0.09512,-0.02283,-0.02097,0.99498,1.00
17922,-0.01753,0.02715,-0.02017,0.99927,-0.07698,-0.02417,-0.00187,0.99674,-0.09493,0.00443,-0.01946,0.99528,1.00,-0.07658,-0.05139,-0.00395,0.99573,-0.09512,-0.02284,-0.02105,0.99498,1.00
17933,-0.01765,0.02704,-0.02021,0.99927,-0.07686,-0.02406,-0.00186,0.99675,-0.09493,0.00443,-0.01949,0.99528,1.00,-0.07646,-0.05128,-0.00394,0.99575,-0.09512,-0.02285,-0.02109,0.99498,1.00
17944,-0.01781,0.02702,-0.02040,0.99927,-0.07670,-0.02408,-0.00185,0.99676,-0.09493,0.00441,-0.01968,0.99528,1.00,-0.07629,-0.05130,-0.00393,0.99576,-0.09512,-0.02286,-0.02126,0.99498,1.00
17955,-0.01788,0.02690,-0.02052,0.99927,-0.07701,-0.02412,-0.00186,0.99674,-0.09532,0.00425,-0.01981,0.99524,1.00,-0.07659,-0.05134,-0.00395,0.99573,-0.09550,-0.02302,-0.02140,0.99493,1.00
17966,-0.01796,0.02689,-0.02070,0.99926,-0.07693,-0.02414,-0.00186,0.99674,-0.09532,0.00423,-0.01999,0.99524,1.00,-0.07651,-0.05136,-0.00395,0.99574,-0.09550,-0.02304,-0.02157,0.99493,1.00
17978,-0.01806,0.02690,-0.02062,0.99926,-0.07687,-0.02612,-0.00201,0.99670,-0.09540,0.00226,-0.02002,0.99523,1.00,-0.07644,-0.05333,-0.00409,0.99564,-0.09557,-0.02500,-0.02160,0.99487,1.00
17989,-0.01823,0.02693,-0.02062,0.99926,-0.07669,-0.02615,-0.00201,0.99671,-0.09540,0.00226,-0.02002,0.99523,1.00,-0.07626,-0.05336,-0.00409,0.99565,-0.09557,-0.02500,-0.02159,0.99487,1.00
18000,-0.01845,0.02696,-0.02048,0.99926,-0.07648,-0.02615,-0.00201,0.99673,-0.09540,0.00228,-0.01988,0.99524,1.00,-0.07606,-0.05336,-0.00408,0.99567,-0.09558,-0.02499,-0.02143,0.99488,1.00
18011,-0.01858,0.02705,-0.02046,0.99925,-0.07671,-0.02631,-0.00203,0.99670,-0.09577,0.00220,-0.01986,0.99520,1.00,-0.07630,-0.05352,-0.00410,0.99564,-0.09595,-0.02507,-0.02141,0.99484,1.00
18022,-0.01873,0.02719,-0.02064,0.99924,-0.07655,-0.02648,-0.00203,0.99671,-0.09577,0.00218,-0.02003,0.99520,1.00,-0.07613,-0.05369,-0.00411,0.99564,-0.09594,-0.02508,-0.02158,0.99484,1.00
18033,-0.01878,0.02726,-0.02088,0.99923,-0.07650,-0.02659,-0.00204,0.99671,-0.09577,0.00216,-0.02027,0.99520,1.00,-0.07606,-0.05380,-0.00411,0.99564,-0.09594,-0.02511,-0.02182,0.99483,1.00
18045,-0.01894,0.02738,-0.02100,0.99922,-0.07403,-0.02665,-0.00198,0.99690,-0.09347,0.00219,-0.02038,0.99541,1.00,-0.07361,-0.05384,-0.00398,0.99583,-0.09365,-0.02506,-0.02186,0.99505,1.00
18056,-0.01898,0.02746,-0.02101,0.99922,-0.07399,-0.02673,-0.00198,0.99690,-0.09347,0.00219,-0.02038,0.99541,1.00,-0.07357,-0.05392,-0.00398,0.99582,-0.09365,-0.02506,-0.02185,0.99505,1.00
18067,-0.01905,0.02756,-0.02091,0.99922,-0.07392,-0.02681,-0.00199,0.99690,-0.09347,0.00220,-0.02028,0.99541,1.00,-0.07350,-0.05400,-0.00399,0.99582,-0.09366,-0.02505,-0.02175,0.99505,1.00
18078,-0.01910,0.02762,-0.02088,0.99922,-0.07383,-0.02477,-0.00183,0.99696,-0.09338,0.00428,-0.02014,0.99542,1.00,-0.07345,-0.05197,-0.00383,0.99594,-0.09360,-0.02297,-0.02160,0.99511,1.00
18089,-0.01918,0.02765,-0.02082,0.99922,-0.07375,-0.02479,-0.00183,0.99697,-0.09338,0.00429,-0.02007,0.99542,1.00,-0.07337,-0.05199,-0.00383,0.99594,-0.09360,-0.02296,-0.02154,0.99511,1.00
18100,-0.01922,0.02770,-0.02081,0.99922,-0.07371,-0.02484,-0.00184,0.99697,-0.09338,0.00429,-0.02006,0.99542,1.00,-0.07333,-0.05204,-0.00383,0.99594,-0.09360,-0.02296,-0.02152,0.99511,1.00
18111,-0.01927,0.02768,-0.02078,0.99922,-0.07346,-0.02622,-0.00193,0.99695,-0.09321,0.00289,-0.02011,0.99544,1.00,-0.07307,-0.05341,-0.00392,0.99589,-0.09342,-0.02436,-0.02156,0.99510,1.00
18122,-0.01925,0.02770,-0.02082,0.99921,-0.07347,-0.02625,-0.00193,0.99695,-0.09321,0.00288,-0.02015,0.99544,1.00,-0.07308,-0.05344,-0.00392,0.99589,-0.09341,-0.02436,-0.02160,0.99509,1.00
18133,-0.01916,0.02767,-0.02086,0.99922,-0.07357,-0.02622,-0.00193,0.99694,-0.09321,0.00288,-0.02019,0.99544,1.00,-0.07317,-0.05341,-0.00392,0.99588,-0.09341,-0.02436,-0.02165,0.99509,1.00
18145,-0.01904,0.02768,-0.02096,0.99922,-0.07368,-0.02625,-0.00194,0.99693,-0.09321,0.00287,-0.02029,0.99544,1.00,-0.07328,-0.05344,-0.00393,0.99587,-0.09341,-0.02437,-0.02175,0.99509,1.00
18156,-0.01890,0.02766,-0.02095,0.99922,-0.07319,-0.02612,-0.00192,0.99697,-0.09258,0.00297,-0.02029,0.99549,1.00,-0.07279,-0.05331,-0.00390,0.99591,-0.09279,-0.02427,-0.02174,0.99515,1.00
18166,-0.01878,0.02764,-0.02092,0.99922,-0.07332,-0.02610,-0.00192,0.99696,-0.09258,0.00297,-0.02026,0.99549,1.00,-0.07292,-0.05329,-0.00390,0.99591,-0.09279,-0.02427,-0.02172,0.99515,1.00
18178,-0.01866,0.02760,-0.02085,0.99923,-0.07332,-0.02603,-0.00191,0.99697,-0.09246,0.00301,-0.02019,0.99551,1.00,-0.07293,-0.05321,-0.00390,0.99591,-0.09268,-0.02424,-0.02165,0.99517,1.00
18189,-0.01857,0.02759,-0.02079,0.99923,-0.07341,-0.02601,-0.00191,0.99696,-0.09246,0.00301,-0.02013,0.99551,1.00,-0.07302,-0.05320,-0.00390,0.99590,-0.09268,-0.02423,-0.02160,0.99517,1.00
18200,-0.01850,0.02757,-0.02075,0.99923,-0.07349,-0.02598,-0.00192,0.99696,-0.09246,0.00302,-0.02009,0.99551,1.00,-0.07310,-0.05317,-0.00390,0.99590,-0.09268,-0.02423,-0.02157,0.99517,1.00
18211,-0.01843,0.02752,-0.02071,0.99924,-0.07399,-0.02521,-0.00187,0.99694,-0.09288,0.00374,-0.02001,0.99547,1.00,-0.07361,-0.05241,-0.00387,0.99590,-0.09310,-0.02351,-0.02150,0.99515,1.00
18222,-0.01842,0.02748,-0.02069,0.99924,-0.07401,-0.02516,-0.00187,0.99694,-0.09288,0.00375,-0.02000,0.99547,1.00,-0.07363,-0.05236,-0.00387,0.99590,-0.09310,-0.02350,-0.02149,0.99515,1.00
18233,-0.01840,0.02737,-0.02063,0.99924,-0.07403,-0.02505,-0.00186,0.99694,-0.09288,0.00375,-0.01994,0.99547,1.00,-0.07365,-0.05225,-0.00386,0.99591,-0.09310,-0.02350,-0.02143,0.99515,1.00
18245,-0.01838,0.02732,-0.02064,0.99924,-0.07525,-0.02154,-0.00163,0.99693,-0.09401,0.00724,-0.01975,0.99535,1.00,-0.07490,-0.04877,-0.00367,0.99599,-0.09426,-0.02004,-0.02128,0.99512,1.00
18256,-0.01840,0.02722,-0.02060,0.99925,-0.07524,-0.02143,-0.00162,0.99693,-0.09401,0.00724,-0.01971,0.99535,1.00,-0.07489,-0.04865,-0.00366,0.99600,-0.09426,-0.02003,-0.02123,0.99512,1.00
18267,-0.01842,0.02716,-0.02055,0.99925,-0.07522,-0.02136,-0.00161,0.99694,-0.09401,0.00725,-0.01966,0.99535,1.00,-0.07488,-0.04858,-0.00365,0.99600,-0.09426,-0.02003,-0.02119,0.99512,1.00
18278,-0.01839,0.02711,-0.02049,0.99925,-0.07658,-0.01942,-0.00149,0.99687,-0.09530,0.00916,-0.01949,0.99522,1.00,-0.07625,-0.04666,-0.00357,0.99599,-0.09556,-0.01813,-0.02106,0.99504,1.00
18289,-0.01836,0.02705,-0.02046,0.99926,-0.07662,-0.01936,-0.00149,0.99687,-0.09530,0.00916,-0.01945,0.99522,1.00,-0.07629,-0.04660,-0.00357,0.99599,-0.09556,-0.01813,-0.02102,0.99504,1.00
18300,-0.01827,0.02707,-0.02038,0.99926,-0.07671,-0.01937,-0.00149,0.99686,-0.09530,0.00917,-0.01938,0.99522,1.00,-0.07638,-0.04661,-0.00357,0.99598,-0.09557,-0.01812,-0.02095,0.99504,1.00
18312,-0.01825,0.02707,-0.02032,0.99926,-0.07666,-0.01933,-0.00149,0.99687,-0.09523,0.00920,-0.01931,0.99523,1.00,-0.07633,-0.04657,-0.00357,0.99599,-0.09549,-0.01809,-0.02089,0.99505,1.00
18322,-0.01821,0.02708,-0.02030,0.99926,-0.07670,-0.01934,-0.00149,0.99687,-0.09523,0.00920,-0.01929,0.99523,1.00,-0.07637,-0.04658,-0.00357,0.99598,-0.09549,-0.01809,-0.02087,0.99505,1.00
18334,-0.01814,0.02710,-0.02016,0.99926,-0.07677,-0.01933,-0.00149,0.99686,-0.09523,0.00921,-0.01916,0.99523,1.00,-0.07645,-0.04658,-0.00358,0.99598,-0.09549,-0.01808,-0.02074,0.99505,1.00
18345,-0.01815,0.02711,-0.02006,0.99927,-0.07677,-0.01932,-0.00149,0.99686,-0.09523,0.00922,-0.01906,0.99523,1.00,-0.07645,-0.04657,-0.00357,0.99598,-0.09550,-0.01807,-0.02064,0.99505,1.00
18356,-0.01814,0.02712,-0.01998,0.99927,-0.07662,-0.01942,-0.00149,0.99687,-0.09507,0.00913,-0.01898,0.99525,1.00,-0.07630,-0.04666,-0.00357,0.99599,-0.09533,-0.01816,-0.02056,0.99507,1.00
18367,-0.01816,0.02715,-0.01995,0.99927,-0.07659,-0.01945,-0.00149,0.99687,-0.09507,0.00913,-0.01895,0.99525,1.00,-0.07628,-0.04669,-0.00358,0.99599,-0.09533,-0.01816,-0.02052,0.99507,1.00
18379,-0.01816,0.02715,-0.01996,0.99927,-0.07594,-0.01949,-0.00148,0.99692,-0.09441,0.00908,-0.01896,0.99531,1.00,-0.07561,-0.04673,-0.00355,0.99604,-0.09467,-0.01821,-0.02052,0.99513,1.00
18389,-0.01812,0.02713,-0.01999,0.99927,-0.07598,-0.01947,-0.00148,0.99692,-0.09441,0.00908,-0.01900,0.99531,1.00,-0.07565,-0.04671,-0.00355,0.99603,-0.09467,-0.01821,-0.02056,0.99513,1.00
18400,-0.01808,0.02707,-0.02002,0.99927,-0.07602,-0.01942,-0.00148,0.99692,-0.09442,0.00907,-0.01903,0.99531,1.00,-0.07569,-0.04666,-0.00355,0.99603,-0.09467,-0.01821,-0.02059,0.99513,1.00
18412,-0.01804,0.02701,-0.02001,0.99927,-0.07540,-0.02232,-0.00169,0.99690,-0.09382,0.00609,-0.01919,0.99539,1.00,-0.07504,-0.04954,-0.00373,0.99594,-0.09404,-0.02118,-0.02074,0.99513,1.00
18423,-0.01800,0.02694,-0.01997,0.99928,-0.07544,-0.02225,-0.00168,0.99690,-0.09382,0.00610,-0.01916,0.99539,1.00,-0.07508,-0.04947,-0.00373,0.99594,-0.09404,-0.02117,-0.02071,0.99513,1.00
18434,-0.01798,0.02687,-0.01999,0.99928,-0.07546,-0.02219,-0.00168,0.99690,-0.09382,0.00610,-0.01918,0.99539,1.00,-0.07510,-0.04941,-0.00373,0.99594,-0.09404,-0.02118,-0.02073,0.99513,1.00
18445,-0.01800,0.02683,-0.02014,0.99927,-0.07536,-0.02745,-0.00208,0.99678,-0.09386,0.00080,-0.01963,0.99539,1.00,-0.07494,-0.05464,-0.00411,0.99568,-0.09402,-0.02645,-0.02117,0.99499,1.00
18456,-0.01812,0.02680,-0.02021,0.99927,-0.07524,-0.02743,-0.00207,0.99679,-0.09386,0.00079,-0.01970,0.99539,1.00,-0.07481,-0.05462,-0.00410,0.99569,-0.09402,-0.02645,-0.02123,0.99499,1.00
18467,-0.01823,0.02685,-0.02031,0.99927,-0.07513,-0.02748,-0.00207,0.99679,-0.09386,0.00078,-0.01980,0.99539,1.00,-0.07470,-0.05467,-0.00410,0.99570,-0.09401,-0.02646,-0.02132,0.99499,1.00
18479,-0.01827,0.02692,-0.02049,0.99926,-0.07626,-0.02896,-0.00222,0.99666,-0.09507,-0.00059,-0.02006,0.99527,1.00,-0.07580,-0.05615,-0.00428,0.99553,-0.09521,-0.02784,-0.02161,0.99483,1.00
18489,-0.01821,0.02714,-0.02076,0.99925,-0.07631,-0.02923,-0.00224,0.99665,-0.09507,-0.00062,-0.02032,0.99526,1.00,-0.07584,-0.05642,-0.00430,0.99551,-0.09520,-0.02786,-0.02188,0.99483,1.00
18501,-0.01815,0.02729,-0.02087,0.99924,-0.07636,-0.02940,-0.00225,0.99664,-0.09507,-0.00063,-0.02044,0.99526,1.00,-0.07588,-0.05659,-0.00431,0.99550,-0.09519,-0.02788,-0.02199,0.99483,1.00
18512,-0.01814,0.02742,-0.02079,0.99924,-0.07646,-0.02832,-0.00217,0.99667,-0.09513,0.00058,-0.02028,0.99526,1.00,-0.07602,-0.05552,-0.00424,0.99555,-0.09529,-0.02668,-0.02184,0.99485,1.00
18523,-0.01804,0.02756,-0.02060,0.99925,-0.07656,-0.02843,-0.00218,0.99666,-0.09513,0.00060,-0.02009,0.99526,1.00,-0.07613,-0.05563,-0.00425,0.99554,-0.09529,-0.02666,-0.02166,0.99486,1.00
18534,-0.01806,0.02764,-0.02040,0.99925,-0.07655,-0.02847,-0.00219,0.99666,-0.09513,0.00062,-0.01989,0.99527,1.00,-0.07612,-0.05567,-0.00426,0.99553,-0.09530,-0.02664,-0.02145,0.99486,1.00
18545,-0.01800,0.02773,-0.02031,0.99925,-0.07682,-0.02817,-0.00217,0.99664,-0.09533,0.00101,-0.01977,0.99525,1.00,-0.07640,-0.05537,-0.00425,0.99553,-0.09551,-0.02624,-0.02135,0.99485,1.00
18556,-0.01797,0.02777,-0.02032,0.99925,-0.07684,-0.02821,-0.00217,0.99664,-0.09533,0.00101,-0.01979,0.99525,1.00,-0.07643,-0.05541,-0.00425,0.99553,-0.09551,-0.02625,-0.02136,0.99485,1.00
18568,-0.01797,0.02775,-0.02040,0.99925,-0.07684,-0.02820,-0.00217,0.99664,-0.09533,0.00100,-0.01987,0.99525,1.00,-0.07642,-0.05540,-0.00425,0.99553,-0.09550,-0.02625,-0.02144,0.99485,1.00
18579,-0.01797,0.02775,-0.02048,0.99924,-0.07535,-0.02797,-0.00211,0.99676,-0.09383,0.00122,-0.01993,0.99539,1.00,-0.07493,-0.05516,-0.00415,0.99565,-0.09400,-0.02602,-0.02147,0.99500,1.00
18590,-0.01797,0.02765,-0.02052,0.99925,-0.07535,-0.02787,-0.00211,0.99677,-0.09383,0.00122,-0.01998,0.99539,1.00,-0.07492,-0.05506,-0.00414,0.99566,-0.09400,-0.02603,-0.02151,0.99500,1.00
18601,-0.01795,0.02751,-0.02053,0.99925,-0.07537,-0.02773,-0.00210,0.99677,-0.09383,0.00122,-0.01999,0.99539,1.00,-0.07494,-0.05492,-0.00413,0.99567,-0.09400,-0.02603,-0.02153,0.99500,1.00
18612,-0.01790,0.02735,-0.02052,0.99925,-0.07646,-0.02661,-0.00204,0.99672,-0.09485,0.00221,-0.01992,0.99529,1.00,-0.07604,-0.05381,-0.00411,0.99564,-0.09503,-0.02505,-0.02149,0.99493,1.00
18623,-0.01775,0.02710,-0.02059,0.99926,-0.07662,-0.02638,-0.00203,0.99671,-0.09485,0.00220,-0.02000,0.99529,1.00,-0.07619,-0.05358,-0.00410,0.99564,-0.09502,-0.02506,-0.02158,0.99493,1.00
18634,-0.01767,0.02696,-0.02069,0.99927,-0.07670,-0.02625,-0.00202,0.99671,-0.09485,0.00219,-0.02011,0.99529,1.00,-0.07627,-0.05346,-0.00409,0.99564,-0.09502,-0.02507,-0.02169,0.99492,1.00
18646,-0.01755,0.02688,-0.02087,0.99927,-0.07560,-0.02763,-0.00210,0.99675,-0.09366,0.00073,-0.02038,0.99540,1.00,-0.07515,-0.05482,-0.00414,0.99566,-0.09383,-0.02652,-0.02193,0.99499,1.00
18657,-0.01743,0.02676,-0.02092,0.99927,-0.07571,-0.02752,-0.00209,0.99675,-0.09366,0.00072,-0.02044,0.99539,1.00,-0.07527,-0.05471,-0.00414,0.99565,-0.09382,-0.02653,-0.02200,0.99499,1.00
18668,-0.01739,0.02684,-0.02105,0.99927,-0.07575,-0.02762,-0.00210,0.99674,-0.09366,0.00071,-0.02057,0.99539,1.00,-0.07530,-0.05481,-0.00415,0.99564,-0.09382,-0.02654,-0.02213,0.99499,1.00
18679,-0.01735,0.02679,-0.02104,0.99927,-0.07664,-0.02796,-0.00215,0.99666,-0.09453,0.00033,-0.02058,0.99531,1.00,-0.07619,-0.05516,-0.00422,0.99556,-0.09469,-0.02692,-0.02217,0.99490,1.00
18690,-0.01743,0.02688,-0.02105,0.99927,-0.07657,-0.02805,-0.00215,0.99667,-0.09453,0.00033,-0.02059,0.99531,1.00,-0.07612,-0.05525,-0.00422,0.99556,-0.09469,-0.02692,-0.02217,0.99490,1.00
18701,-0.01753,0.02701,-0.02095,0.99926,-0.07646,-0.02816,-0.00216,0.99667,-0.09453,0.00034,-0.02048,0.99531,1.00,-0.07602,-0.05535,-0.00423,0.99556,-0.09469,-0.02691,-0.02206,0.99490,1.00
18712,-0.01759,0.02711,-0.02091,0.99926,-0.07643,-0.02834,-0.00217,0.99667,-0.09456,0.00026,-0.02044,0.99531,1.00,-0.07600,-0.05554,-0.00424,0.99555,-0.09473,-0.02699,-0.02201,0.99489,1.00
18723,-0.01762,0.02728,-0.02103,0.99925,-0.07639,-0.02853,-0.00219,0.99667,-0.09456,0.00025,-0.02056,0.99531,1.00,-0.07595,-0.05573,-0.00425,0.99554,-0.09473,-0.02700,-0.02213,0.99489,1.00
18735,-0.01771,0.02750,-0.02129,0.99924,-0.07629,-0.02879,-0.00220,0.99667,-0.09456,0.00023,-0.02081,0.99530,1.00,-0.07584,-0.05598,-0.00426,0.99554,-0.09472,-0.02702,-0.02238,0.99489,1.00
18746,-0.01770,0.02763,-0.02148,0.99923,-0.07629,-0.02895,-0.00222,0.99666,-0.09456,0.00021,-0.02101,0.99530,1.00,-0.07583,-0.05615,-0.00428,0.99553,-0.09472,-0.02704,-0.02257,0.99488,1.00
18757,-0.01765,0.02768,-0.02144,0.99923,-0.07788,-0.02718,-0.00212,0.99659,-0.09605,0.00206,-0.02085,0.99516,1.00,-0.07743,-0.05439,-0.00423,0.99550,-0.09623,-0.02521,-0.02247,0.99479,1.00
18768,-0.01759,0.02780,-0.02137,0.99923,-0.07794,-0.02728,-0.00213,0.99658,-0.09605,0.00207,-0.02079,0.99516,1.00,-0.07750,-0.05450,-0.00424,0.99549,-0.09623,-0.02520,-0.02240,0.99479,1.00
18779,-0.01759,0.02776,-0.02137,0.99923,-0.07802,-0.02661,-0.00208,0.99659,-0.09612,0.00271,-0.02074,0.99515,1.00,-0.07760,-0.05383,-0.00420,0.99552,-0.09631,-0.02456,-0.02236,0.99480,1.00
18790,-0.01758,0.02768,-0.02134,0.99923,-0.07803,-0.02652,-0.00208,0.99660,-0.09612,0.00271,-0.02071,0.99515,1.00,-0.07761,-0.05374,-0.00419,0.99553,-0.09631,-0.02456,-0.02233,0.99480,1.00
18801,-0.01752,0.02764,-0.02138,0.99924,-0.07810,-0.02649,-0.00208,0.99659,-0.09612,0.00271,-0.02076,0.99515,1.00,-0.07767,-0.05371,-0.00419,0.99552,-0.09631,-0.02456,-0.02238,0.99480,1.00
18813,-0.01745,0.02754,-0.02143,0.99924,-0.07815,-0.02650,-0.00208,0.99659,-0.09610,0.00260,-0.02082,0.99515,1.00,-0.07772,-0.05372,-0.00419,0.99552,-0.09630,-0.02467,-0.02245,0.99479,1.00
18824,-0.01737,0.02739,-0.02146,0.99924,-0.07823,-0.02636,-0.00207,0.99658,-0.09610,0.00260,-0.02085,0.99515,1.00,-0.07780,-0.05358,-0.00419,0.99552,-0.09630,-0.02467,-0.02248,0.99479,1.00
18835,-0.01713,0.02721,-0.02140,0.99925,-0.07847,-0.02618,-0.00206,0.99657,-0.09610,0.00260,-0.02080,0.99515,1.00,-0.07804,-0.05340,-0.00419,0.99551,-0.09630,-0.02467,-0.02245,0.99479,1.00
18846,-0.01702,0.02706,-0.02141,0.99926,-0.07825,-0.02824,-0.00222,0.99653,-0.09581,0.00039,-0.02095,0.99518,1.00,-0.07780,-0.05544,-0.00433,0.99542,-0.09599,-0.02688,-0.02259,0.99476,1.00
18857,-0.01681,0.02686,-0.02137,0.99927,-0.07846,-0.02804,-0.00221,0.99652,-0.09581,0.00039,-0.02092,0.99518,1.00,-0.07802,-0.05525,-0.00433,0.99541,-0.09599,-0.02687,-0.02257,0.99476,1.00
18868,-0.01681,0.02672,-0.02125,0.99928,-0.07846,-0.02788,-0.00220,0.99652,-0.09581,0.00040,-0.02081,0.99518,1.00,-0.07803,-0.05509,-0.00432,0.99542,-0.09599,-0.02686,-0.02246,0.99477,1.00
18879,-0.01680,0.02653,-0.02107,0.99928,-0.07775,-0.02797,-0.00218,0.99658,-0.09509,0.00009,-0.02065,0.99525,1.00,-0.07733,-0.05517,-0.00429,0.99547,-0.09527,-0.02717,-0.02228,0.99483,1.00
18890,-0.01684,0.02642,-0.02096,0.99929,-0.07772,-0.02784,-0.00217,0.99658,-0.09509,0.00010,-0.02054,0.99526,1.00,-0.07730,-0.05505,-0.00427,0.99548,-0.09528,-0.02716,-0.02217,0.99483,1.00
18902,-0.01682,0.02630,-0.02079,0.99930,-0.07775,-0.02769,-0.00216,0.99659,-0.09509,0.00012,-0.02036,0.99526,1.00,-0.07734,-0.05490,-0.00426,0.99548,-0.09528,-0.02714,-0.02200,0.99484,1.00
18913,-0.01684,0.02621,-0.02084,0.99930,-0.07751,-0.02771,-0.00216,0.99660,-0.09487,0.00001,-0.02042,0.99528,1.00,-0.07709,-0.05492,-0.00425,0.99550,-0.09505,-0.02725,-0.02205,0.99485,1.00
18924,-0.01677,0.02617,-0.02083,0.99930,-0.07758,-0.02768,-0.00215,0.99660,-0.09487,0.00001,-0.02042,0.99528,1.00,-0.07716,-0.05488,-0.00425,0.99550,-0.09505,-0.02725,-0.02205,0.99485,1.00
18935,-0.01666,0.02610,-0.02080,0.99930,-0.07769,-0.02761,-0.00215,0.99659,-0.09487,0.00001,-0.02040,0.99528,1.00,-0.07728,-0.05481,-0.00425,0.99549,-0.09505,-0.02725,-0.02203,0.99486,1.00
18946,-0.01652,0.02604,-0.02070,0.99931,-0.07833,-0.02612,-0.00205,0.99658,-0.09533,0.00144,-0.02021,0.99524,1.00,-0.07792,-0.05334,-0.00417,0.99552,-0.09552,-0.02583,-0.02187,0.99485,1.00
18957,-0.01632,0.02596,-0.02051,0.99932,-0.07853,-0.02601,-0.00205,0.99657,-0.09533,0.00146,-0.02002,0.99524,1.00,-0.07813,-0.05323,-0.00418,0.99551,-0.09553,-0.02582,-0.02170,0.99486,1.00
18968,-0.01617,0.02583,-0.02030,0.99933,-0.07869,-0.02585,-0.00204,0.99656,-0.09533,0.00148,-0.01982,0.99525,1.00,-0.07830,-0.05307,-0.00417,0.99551,-0.09553,-0.02580,-0.02150,0.99486,1.00
18980,-0.01605,0.02570,-0.02014,0.99934,-0.07857,-0.02780,-0.00219,0.99652,-0.09513,-0.00062,-0.01979,0.99527,1.00,-0.07816,-0.05501,-0.00432,0.99541,-0.09530,-0.02788,-0.02147,0.99483,1.00
18991,-0.01607,0.02563,-0.02003,0.99934,-0.07855,-0.02771,-0.00218,0.99652,-0.09513,-0.00061,-0.01969,0.99527,1.00,-0.07814,-0.05492,-0.00431,0.99542,-0.09530,-0.02787,-0.02136,0.99483,1.00
19002,-0.01600,0.02551,-0.01990,0.99935,-0.07863,-0.02757,-0.00218,0.99652,-0.09513,-0.00060,-0.01956,0.99527,1.00,-0.07823,-0.05478,-0.00431,0.99542,-0.09531,-0.02786,-0.02124,0.99483,1.00
19013,-0.01597,0.02542,-0.01985,0.99935,-0.07700,-0.02477,-0.00191,0.99672,-0.09341,0.00208,-0.01935,0.99544,1.00,-0.07663,-0.05199,-0.00400,0.99570,-0.09361,-0.02519,-0.02099,0.99507,1.00
19024,-0.01587,0.02532,-0.01986,0.99936,-0.07710,-0.02467,-0.00191,0.99672,-0.09341,0.00208,-0.01936,0.99544,1.00,-0.07672,-0.05189,-0.00400,0.99569,-0.09361,-0.02519,-0.02100,0.99507,1.00
19035,-0.01577,0.02518,-0.01983,0.99936,-0.07721,-0.02453,-0.00190,0.99671,-0.09341,0.00208,-0.01933,0.99544,1.00,-0.07683,-0.05175,-0.00399,0.99569,-0.09361,-0.02519,-0.02098,0.99507,1.00
19046,-0.01568,0.02514,-0.01983,0.99936,-0.07708,-0.02500,-0.00193,0.99671,-0.09320,0.00157,-0.01936,0.99546,1.00,-0.07668,-0.05221,-0.00402,0.99568,-0.09338,-0.02570,-0.02101,0.99508,1.00
19057,-0.01560,0.02500,-0.01974,0.99937,-0.07716,-0.02485,-0.00192,0.99671,-0.09320,0.00158,-0.01928,0.99546,1.00,-0.07677,-0.05206,-0.00401,0.99568,-0.09338,-0.02569,-0.02093,0.99508,1.00
19069,-0.01553,0.02484,-0.01969,0.99938,-0.07723,-0.02469,-0.00191,0.99671,-0.09320,0.00158,-0.01923,0.99546,1.00,-0.07685,-0.05190,-0.00401,0.99568,-0.09338,-0.02568,-0.02089,0.99508,1.00
19080,-0.01547,0.02479,-0.01957,0.99938,-0.07895,-0.02406,-0.00191,0.99659,-0.09484,0.00218,-0.01907,0.99531,1.00,-0.07856,-0.05129,-0.00405,0.99558,-0.09502,-0.02510,-0.02078,0.99494,1.00
19091,-0.01551,0.02470,-0.01948,0.99938,-0.07891,-0.02395,-0.00190,0.99659,-0.09484,0.00219,-0.01899,0.99531,1.00,-0.07853,-0.05119,-0.00404,0.99559,-0.09502,-0.02509,-0.02070,0.99494,1.00
19102,-0.01557,0.02466,-0.01934,0.99939,-0.07886,-0.02389,-0.00189,0.99660,-0.09484,0.00220,-0.01885,0.99531,1.00,-0.07849,-0.05112,-0.00403,0.99560,-0.09503,-0.02508,-0.02055,0.99495,1.00
19113,-0.01554,0.02472,-0.01923,0.99939,-0.07869,-0.02425,-0.00191,0.99660,-0.09465,0.00189,-0.01876,0.99533,1.00,-0.07831,-0.05148,-0.00405,0.99559,-0.09483,-0.02539,-0.02046,0.99496,1.00
19124,-0.01549,0.02470,-0.01912,0.99939,-0.07875,-0.02421,-0.00191,0.99660,-0.09465,0.00190,-0.01864,0.99533,1.00,-0.07837,-0.05145,-0.00405,0.99559,-0.09483,-0.02538,-0.02035,0.99496,1.00
19136,-0.01543,0.02474,-0.01911,0.99939,-0.07881,-0.02425,-0.00192,0.99659,-0.09465,0.00190,-0.01864,0.99533,1.00,-0.07843,-0.05148,-0.00406,0.99558,-0.09483,-0.02538,-0.02035,0.99496,1.00
19147,-0.01530,0.02483,-0.01909,0.99939,-0.07937,-0.02455,-0.00196,0.99654,-0.09509,0.00169,-0.01863,0.99529,1.00,-0.07898,-0.05179,-0.00411,0.99552,-0.09525,-0.02559,-0.02036,0.99492,1.00
19158,-0.01517,0.02489,-0.01909,0.99939,-0.07950,-0.02461,-0.00196,0.99653,-0.09509,0.00170,-0.01863,0.99529,1.00,-0.07911,-0.05185,-0.00412,0.99551,-0.09525,-0.02559,-0.02036,0.99492,1.00
19169,-0.01510,0.02497,-0.01916,0.99939,-0.07957,-0.02470,-0.00197,0.99652,-0.09509,0.00169,-0.01870,0.99529,1.00,-0.07917,-0.05194,-0.00413,0.99550,-0.09525,-0.02560,-0.02044,0.99491,1.00
19180,-0.01508,0.02507,-0.01923,0.99939,-0.07938,-0.02669,-0.00213,0.99649,-0.09492,-0.00019,-0.01889,0.99531,1.00,-0.07895,-0.05391,-0.00428,0.99541,-0.09505,-0.02747,-0.02062,0.99488,1.00
19191,-0.01506,0.02521,-0.01933,0.99938,-0.07939,-0.02684,-0.00214,0.99648,-0.09492,-0.00020,-0.01900,0.99530,1.00,-0.07895,-0.05406,-0.00429,0.99540,-0.09505,-0.02748,-0.02073,0.99488,1.00
19202,-0.01502,0.02537,-0.01958,0.99937,-0.07942,-0.02705,-0.00216,0.99647,-0.09492,-0.00023,-0.01924,0.99530,1.00,-0.07897,-0.05427,-0.00431,0.99539,-0.09505,-0.02750,-0.02097,0.99487,1.00
19214,-0.01495,0.02564,-0.01982,0.99936,-0.07967,-0.02715,-0.00217,0.99645,-0.09511,-0.00004,-0.01947,0.99528,1.00,-0.07920,-0.05438,-0.00433,0.99536,-0.09522,-0.02732,-0.02121,0.99486,1.00
19236,-0.01489,0.02600,-0.01989,0.99935,-0.07971,-0.02752,-0.00220,0.99644,-0.09511,-0.00005,-0.01953,0.99528,1.00,-0.07925,-0.05475,-0.00436,0.99534,-0.09522,-0.02733,-0.02127,0.99485,1.00
19247,-0.01486,0.02615,-0.01981,0.99935,-0.08020,-0.02736,-0.00220,0.99640,-0.09555,0.00027,-0.01944,0.99523,1.00,-0.07975,-0.05458,-0.00437,0.99531,-0.09568,-0.02701,-0.02119,0.99482,1.00
19258,-0.01479,0.02621,-0.01964,0.99935,-0.08027,-0.02739,-0.00221,0.99639,-0.09555,0.00029,-0.01927,0.99524,1.00,-0.07983,-0.05462,-0.00438,0.99530,-0.09569,-0.02699,-0.02103,0.99482,1.00
19269,-0.01471,0.02631,-0.01954,0.99935,-0.08035,-0.02747,-0.00222,0.99639,-0.09555,0.00030,-0.01916,0.99524,1.00,-0.07992,-0.05470,-0.00439,0.99529,-0.09569,-0.02698,-0.02093,0.99483,1.00
19280,-0.01465,0.02626,-0.01950,0.99936,-0.08105,-0.02666,-0.00217,0.99635,-0.09618,0.00107,-0.01907,0.99518,1.00,-0.08063,-0.05389,-0.00437,0.99528,-0.09633,-0.02622,-0.02086,0.99479,1.00
19291,-0.01460,0.02630,-0.01953,0.99936,-0.08110,-0.02670,-0.00217,0.99635,-0.09618,0.00107,-0.01911,0.99518,1.00,-0.08068,-0.05394,-0.00437,0.99527,-0.09632,-0.02622,-0.02090,0.99479,1.00
19302,-0.01456,0.02618,-0.01959,0.99936,-0.08115,-0.02660,-0.00217,0.99634,-0.09618,0.00106,-0.01917,0.99518,1.00,-0.08072,-0.05383,-0.00437,0.99527,-0.09632,-0.02623,-0.02096,0.99478,1.00
19314,-0.01455,0.02596,-0.01961,0.99936,-0.08113,-0.02644,-0.00215,0.99635,-0.09615,0.00100,-0.01920,0.99518,1.00,-0.08069,-0.05368,-0.00435,0.99528,-0.09629,-0.02628,-0.02099,0.99479,1.00
19325,-0.01462,0.02573,-0.01956,0.99937,-0.08107,-0.02620,-0.00213,0.99636,-0.09615,0.00101,-0.01915,0.99518,1.00,-0.08063,-0.05344,-0.00433,0.99530,-0.09629,-0.02628,-0.02094,0.99479,1.00
19336,-0.01482,0.02540,-0.01953,0.99938,-0.08088,-0.02586,-0.00210,0.99639,-0.09615,0.00101,-0.01912,0.99518,1.00,-0.08044,-0.05310,-0.00429,0.99533,-0.09629,-0.02627,-0.02090,0.99479,1.00
19347,-0.01492,0.02509,-0.01958,0.99938,-0.08071,-0.02481,-0.00201,0.99643,-0.09606,0.00175,-0.01912,0.99519,1.00,-0.08028,-0.05205,-0.00420,0.99540,-0.09621,-0.02554,-0.02089,0.99481,1.00
19358,-0.01513,0.02487,-0.01966,0.99938,-0.08050,-0.02461,-0.00199,0.99645,-0.09606,0.00174,-0.01920,0.99519,1.00,-0.08007,-0.05185,-0.00417,0.99543,-0.09621,-0.02554,-0.02096,0.99481,1.00
19369,-0.01532,0.02468,-0.01980,0.99938,-0.08032,-0.02444,-0.00197,0.99647,-0.09606,0.00173,-0.01934,0.99519,1.00,-0.07988,-0.05168,-0.00415,0.99546,-0.09621,-0.02556,-0.02109,0.99481,1.00
19381,-0.01539,0.02460,-0.01995,0.99938,-0.08097,-0.02673,-0.00217,0.99636,-0.09684,-0.00062,-0.01964,0.99511,1.00,-0.08050,-0.05396,-0.00436,0.99528,-0.09695,-0.02790,-0.02141,0.99467,1.00
19392,-0.01552,0.02456,-0.02004,0.99938,-0.08084,-0.02671,-0.00217,0.99637,-0.09684,-0.00063,-0.01973,0.99510,1.00,-0.08037,-0.05394,-0.00436,0.99530,-0.09695,-0.02791,-0.02149,0.99467,1.00
19403,-0.01561,0.02460,-0.02006,0.99937,-0.08075,-0.02674,-0.00217,0.99637,-0.09684,-0.00063,-0.01975,0.99510,1.00,-0.08028,-0.05397,-0.00435,0.99530,-0.09695,-0.02791,-0.02150,0.99467,1.00
19414,-0.01592,0.02473,-0.01993,0.99937,-0.07921,-0.02552,-0.00203,0.99653,-0.09559,0.00069,-0.01952,0.99523,1.00,-0.07879,-0.05275,-0.00417,0.99549,-0.09574,-0.02659,-0.02122,0.99482,1.00
19425,-0.01605,0.02488,-0.01981,0.99937,-0.07909,-0.02565,-0.00204,0.99654,-0.09559,0.00070,-0.01939,0.99523,1.00,-0.07867,-0.05287,-0.00418,0.99549,-0.09575,-0.02658,-0.02109,0.99483,1.00
19436,-0.01617,0.02513,-0.01993,0.99935,-0.07895,-0.02591,-0.00205,0.99654,-0.09559,0.00069,-0.01951,0.99523,1.00,-0.07853,-0.05314,-0.00419,0.99549,-0.09574,-0.02659,-0.02119,0.99483,1.00
19447,-0.01634,0.02544,-0.02021,0.99934,-0.07883,-0.02523,-0.00200,0.99657,-0.09563,0.00170,-0.01971,0.99522,1.00,-0.07841,-0.05246,-0.00413,0.99553,-0.09579,-0.02558,-0.02139,0.99484,1.00
19459,-0.01646,0.02576,-0.02041,0.99932,-0.07870,-0.02558,-0.00202,0.99657,-0.09563,0.00168,-0.01991,0.99522,1.00,-0.07826,-0.05281,-0.00415,0.99552,-0.09578,-0.02560,-0.02158,0.99484,1.00
19470,-0.01661,0.02603,-0.02057,0.99931,-0.07854,-0.02588,-0.00204,0.99657,-0.09563,0.00166,-0.02007,0.99521,1.00,-0.07810,-0.05310,-0.00417,0.99552,-0.09578,-0.02562,-0.02173,0.99484,1.00
19481,-0.01668,0.02627,-0.02057,0.99930,-0.07893,-0.02565,-0.00203,0.99655,-0.09608,0.00214,-0.02002,0.99517,1.00,-0.07850,-0.05288,-0.00417,0.99550,-0.09625,-0.02515,-0.02170,0.99480,1.00
19492,-0.01676,0.02647,-0.02057,0.99930,-0.07885,-0.02585,-0.00205,0.99655,-0.09608,0.00214,-0.02003,0.99517,1.00,-0.07842,-0.05308,-0.00418,0.99550,-0.09625,-0.02515,-0.02169,0.99480,1.00
19503,-0.01683,0.02659,-0.02058,0.99929,-0.07878,-0.02597,-0.00205,0.99655,-0.09608,0.00214,-0.02003,0.99517,1.00,-0.07834,-0.05319,-0.00419,0.99550,-0.09625,-0.02515,-0.02169,0.99480,1.00
19514,-0.01694,0.02668,-0.02068,0.99929,-0.07882,-0.02676,-0.00212,0.99653,-0.09626,0.00144,-0.02016,0.99515,1.00,-0.07838,-0.05398,-0.00425,0.99545,-0.09642,-0.02583,-0.02183,0.99477,1.00
19525,-0.01705,0.02670,-0.02078,0.99928,-0.07871,-0.02679,-0.00212,0.99653,-0.09626,0.00143,-0.02027,0.99515,1.00,-0.07827,-0.05401,-0.00425,0.99546,-0.09642,-0.02584,-0.02192,0.99476,1.00
19537,-0.01709,0.02668,-0.02089,0.99928,-0.07866,-0.02679,-0.00212,0.99654,-0.09626,0.00142,-0.02038,0.99515,1.00,-0.07821,-0.05402,-0.00424,0.99546,-0.09642,-0.02585,-0.02203,0.99476,1.00
19548,-0.01722,0.02665,-0.02096,0.99928,-0.07885,-0.02644,-0.00209,0.99653,-0.09656,0.00176,-0.02042,0.99512,1.00,-0.07840,-0.05366,-0.00423,0.99547,-0.09672,-0.02552,-0.02207,0.99474,1.00
19559,-0.01732,0.02653,-0.02097,0.99928,-0.07875,-0.02631,-0.00208,0.99654,-0.09656,0.00175,-0.02044,0.99512,1.00,-0.07831,-0.05354,-0.00421,0.99548,-0.09672,-0.02552,-0.02208,0.99474,1.00
19570,-0.01740,0.02637,-0.02104,0.99928,-0.07867,-0.02616,-0.00207,0.99656,-0.09656,0.00175,-0.02050,0.99511,1.00,-0.07822,-0.05339,-0.00419,0.99550,-0.09672,-0.02553,-0.02214,0.99474,1.00
19581,-0.01758,0.02623,-0.02102,0.99928,-0.07839,-0.02600,-0.00205,0.99658,-0.09645,0.00177,-0.02048,0.99513,1.00,-0.07796,-0.05322,-0.00417,0.99553,-0.09663,-0.02550,-0.02211,0.99475,1.00
19592,-0.01777,0.02610,-0.02100,0.99928,-0.07820,-0.02586,-0.00203,0.99660,-0.09645,0.00178,-0.02045,0.99513,1.00,-0.07777,-0.05308,-0.00415,0.99555,-0.09663,-0.02550,-0.02208,0.99475,1.00
19603,-0.01810,0.02595,-0.02089,0.99928,-0.07789,-0.02568,-0.00201,0.99663,-0.09645,0.00179,-0.02034,0.99513,1.00,-0.07746,-0.05290,-0.00412,0.99558,-0.09663,-0.02548,-0.02194,0.99475,1.00
19615,-0.01832,0.02591,-0.02087,0.99928,-0.07714,-0.02582,-0.00200,0.99668,-0.09594,0.00159,-0.02032,0.99518,1.00,-0.07673,-0.05303,-0.00409,0.99563,-0.09613,-0.02568,-0.02190,0.99480,1.00
19626,-0.01834,0.02586,-0.02087,0.99928,-0.07713,-0.02577,-0.00199,0.99669,-0.09594,0.00159,-0.02032,0.99518,1.00,-0.07671,-0.05298,-0.00408,0.99564,-0.09613,-0.02568,-0.02190,0.99480,1.00
19637,-0.01829,0.02582,-0.02089,0.99928,-0.07717,-0.02574,-0.00199,0.99668,-0.09594,0.00159,-0.02034,0.99518,1.00,-0.07676,-0.05296,-0.00408,0.99563,-0.09613,-0.02568,-0.02192,0.99480,1.00
19648,-0.01832,0.02580,-0.02093,0.99928,-0.07851,-0.02485,-0.00196,0.99660,-0.09727,0.00249,-0.02034,0.99505,1.00,-0.07809,-0.05208,-0.00409,0.99558,-0.09747,-0.02479,-0.02195,0.99469,1.00
19659,-0.01825,0.02579,-0.02107,0.99928,-0.07857,-0.02486,-0.00196,0.99660,-0.09728,0.00248,-0.02047,0.99504,1.00,-0.07815,-0.05209,-0.00409,0.99557,-0.09747,-0.02480,-0.02209,0.99468,1.00
19670,-0.01815,0.02575,-0.02119,0.99928,-0.07866,-0.02484,-0.00196,0.99659,-0.09728,0.00247,-0.02060,0.99504,1.00,-0.07824,-0.05207,-0.00409,0.99557,-0.09746,-0.02482,-0.02222,0.99468,1.00
19682,-0.01804,0.02571,-0.02128,0.99928,-0.07815,-0.01647,-0.00129,0.99681,-0.09646,0.01081,-0.02019,0.99507,1.00,-0.07781,-0.04373,-0.00342,0.99600,-0.09675,-0.01650,-0.02182,0.99493,1.00
19693,-0.01786,0.02560,-0.02141,0.99928,-0.07834,-0.01639,-0.00129,0.99679,-0.09646,0.01080,-0.02034,0.99507,1.00,-0.07799,-0.04365,-0.00342,0.99599,-0.09674,-0.01651,-0.02197,0.99493,1.00
19704,-0.01781,0.02560,-0.02143,0.99928,-0.07839,-0.01639,-0.00129,0.99679,-0.09646,0.01079,-0.02035,0.99507,1.00,-0.07804,-0.04365,-0.00342,0.99599,-0.09674,-0.01652,-0.02199,0.99493,1.00
19715,-0.01775,0.02556,-0.02148,0.99928,-0.07751,-0.01643,-0.00128,0.99686,-0.09554,0.01070,-0.02042,0.99516,1.00,-0.07718,-0.04369,-0.00339,0.99605,-0.09583,-0.01660,-0.02203,0.99502,1.00
19726,-0.01769,0.02550,-0.02148,0.99929,-0.07757,-0.01637,-0.00127,0.99685,-0.09554,0.01070,-0.02042,0.99516,1.00,-0.07724,-0.04363,-0.00338,0.99605,-0.09583,-0.01660,-0.02203,0.99502,1.00
19737,-0.01763,0.02553,-0.02154,0.99929,-0.07763,-0.01642,-0.00128,0.99685,-0.09554,0.01070,-0.02048,0.99516,1.00,-0.07729,-0.04368,-0.00339,0.99605,-0.09583,-0.01661,-0.02210,0.99501,1.00
19749,-0.01759,0.02560,-0.02159,0.99928,-0.07747,-0.01659,-0.00129,0.99686,-0.09534,0.01059,-0.02054,0.99518,1.00,-0.07714,-0.04385,-0.00340,0.99605,-0.09564,-0.01672,-0.02215,0.99503,1.00
19759,-0.01757,0.02561,-0.02161,0.99928,-0.07749,-0.01661,-0.00129,0.99685,-0.09534,0.01059,-0.02055,0.99518,1.00,-0.07716,-0.04387,-0.00340,0.99605,-0.09564,-0.01672,-0.02217,0.99503,1.00
19770,-0.01756,0.02571,-0.02169,0.99928,-0.07750,-0.01672,-0.00130,0.99685,-0.09534,0.01058,-0.02063,0.99517,1.00,-0.07717,-0.04398,-0.00341,0.99604,-0.09564,-0.01673,-0.02225,0.99503,1.00
19782,-0.01753,0.02582,-0.02174,0.99928,-0.07893,-0.01372,-0.00109,0.99679,-0.09667,0.01372,-0.02048,0.99501,1.00,-0.07863,-0.04100,-0.00324,0.99606,-0.09701,-0.01360,-0.02214,0.99494,1.00
19793,-0.01753,0.02584,-0.02183,0.99927,-0.07893,-0.01376,-0.00109,0.99678,-0.09667,0.01371,-0.02057,0.99501,1.00,-0.07862,-0.04104,-0.00324,0.99605,-0.09701,-0.01361,-0.02223,0.99494,1.00
19804,-0.01748,0.02589,-0.02189,0.99927,-0.07898,-0.01382,-0.00109,0.99678,-0.09667,0.01371,-0.02063,0.99501,1.00,-0.07867,-0.04110,-0.00325,0.99605,-0.09700,-0.01362,-0.02230,0.99494,1.00
19815,-0.01747,0.02594,-0.02200,0.99927,-0.07891,-0.01374,-0.00109,0.99679,-0.09660,0.01385,-0.02073,0.99501,1.00,-0.07861,-0.04102,-0.00324,0.99606,-0.09693,-0.01347,-0.02239,0.99495,1.00
19826,-0.01742,0.02605,-0.02201,0.99927,-0.07896,-0.01385,-0.00110,0.99678,-0.09660,0.01385,-0.02074,0.99501,1.00,-0.07865,-0.04113,-0.00325,0.99605,-0.09693,-0.01347,-0.02241,0.99495,1.00
19837,-0.01737,0.02609,-0.02200,0.99927,-0.07900,-0.01388,-0.00110,0.99678,-0.09660,0.01385,-0.02072,0.99501,1.00,-0.07869,-0.04116,-0.00325,0.99604,-0.09693,-0.01347,-0.02239,0.99495,1.00
19849,-0.01725,0.02614,-0.02203,0.99927,-0.07640,-0.02553,-0.00196,0.99675,-0.09415,0.00220,-0.02147,0.99532,1.00,-0.07599,-0.05274,-0.00402,0.99570,-0.09437,-0.02507,-0.02306,0.99495,1.00
19860,-0.01707,0.02626,-0.02211,0.99927,-0.07657,-0.02566,-0.00197,0.99673,-0.09415,0.00219,-0.02156,0.99532,1.00,-0.07615,-0.05287,-0.00404,0.99569,-0.09437,-0.02508,-0.02315,0.99495,1.00
19871,-0.01701,0.02630,-0.02220,0.99926,-0.07663,-0.02572,-0.00198,0.99673,-0.09415,0.00218,-0.02165,0.99532,1.00,-0.07621,-0.05294,-0.00405,0.99568,-0.09437,-0.02509,-0.02325,0.99495,1.00
19882,-0.01687,0.02641,-0.02229,0.99926,-0.07661,-0.02722,-0.00209,0.99669,-0.09402,0.00079,-0.02183,0.99533,1.00,-0.07617,-0.05443,-0.00416,0.99560,-0.09423,-0.02647,-0.02343,0.99492,1.00
19893,-0.01668,0.02653,-0.02247,0.99926,-0.07678,-0.02737,-0.00211,0.99667,-0.09402,0.00078,-0.02201,0.99533,1.00,-0.07633,-0.05458,-0.00418,0.99558,-0.09422,-0.02648,-0.02361,0.99492,1.00
19905,-0.01640,0.02665,-0.02258,0.99926,-0.07706,-0.02752,-0.00213,0.99664,-0.09402,0.00076,-0.02213,0.99532,1.00,-0.07660,-0.05473,-0.00421,0.99555,-0.09422,-0.02650,-0.02375,0.99492,1.00
19915,-0.01615,0.02682,-0.02263,0.99925,-0.07643,-0.02743,-0.00210,0.99670,-0.09314,0.00102,-0.02216,0.99541,1.00,-0.07599,-0.05463,-0.00417,0.99560,-0.09336,-0.02624,-0.02377,0.99500,1.00
19926,-0.01598,0.02688,-0.02260,0.99926,-0.07660,-0.02749,-0.00211,0.99668,-0.09314,0.00102,-0.02213,0.99541,1.00,-0.07616,-0.05470,-0.00418,0.99559,-0.09336,-0.02624,-0.02376,0.99500,1.00
19938,-0.01570,0.02694,-0.02242,0.99926,-0.07688,-0.02753,-0.00212,0.99666,-0.09314,0.00103,-0.02196,0.99541,1.00,-0.07645,-0.05473,-0.00420,0.99556,-0.09336,-0.02622,-0.02360,0.99501,1.00
19949,-0.01543,0.02694,-0.02223,0.99927,-0.08021,-0.02874,-0.00231,0.99636,-0.09622,-0.00013,-0.02186,0.99512,1.00,-0.07977,-0.05596,-0.00449,0.99523,-0.09643,-0.02741,-0.02360,0.99468,1.00
19960,-0.01517,0.02690,-0.02207,0.99928,-0.08047,-0.02868,-0.00232,0.99634,-0.09622,-0.00012,-0.02170,0.99512,1.00,-0.08003,-0.05590,-0.00450,0.99521,-0.09643,-0.02739,-0.02346,0.99469,1.00
19971,-0.01498,0.02680,-0.02198,0.99929,-0.08066,-0.02857,-0.00231,0.99633,-0.09622,-0.00011,-0.02162,0.99513,1.00,-0.08023,-0.05579,-0.00450,0.99520,-0.09643,-0.02738,-0.02338,0.99469,1.00
19982,-0.01489,0.02666,-0.02183,0.99930,-0.07957,-0.02821,-0.00225,0.99643,-0.09503,0.00008,-0.02146,0.99524,1.00,-0.07915,-0.05542,-0.00441,0.99531,-0.09524,-0.02718,-0.02319,0.99481,1.00
19993,-0.01484,0.02646,-0.02175,0.99930,-0.07963,-0.02799,-0.00224,0.99643,-0.09503,0.00009,-0.02138,0.99525,1.00,-0.07921,-0.05521,-0.00439,0.99532,-0.09524,-0.02718,-0.02312,0.99481,1.00
20004,-0.01481,0.02625,-0.02157,0.99931,-0.07967,-0.02775,-0.00222,0.99643,-0.09503,0.00011,-0.02121,0.99525,1.00,-0.07927,-0.05497,-0.00438,0.99533,-0.09525,-0.02716,-0.02295,0.99482,1.00
20016,-0.01490,0.02605,-0.02144,0.99932,-0.07970,-0.02757,-0.00221,0.99644,-0.09514,0.00008,-0.02108,0.99524,1.00,-0.07928,-0.05479,-0.00436,0.99534,-0.09535,-0.02719,-0.02282,0.99481,1.00
20027,-0.01507,0.02587,-0.02122,0.99933,-0.07954,-0.02735,-0.00218,0.99645,-0.09514,0.00010,-0.02085,0.99525,1.00,-0.07913,-0.05457,-0.00434,0.99536,-0.09535,-0.02717,-0.02258,0.99482,1.00
20038,-0.01512,0.02570,-0.02119,0.99933,-0.07950,-0.02718,-0.00217,0.99646,-0.09514,0.00010,-0.02082,0.99525,1.00,-0.07910,-0.05440,-0.00432,0.99537,-0.09536,-0.02717,-0.02255,0.99482,1.00
20049,-0.01516,0.02555,-0.02124,0.99933,-0.07926,-0.02679,-0.00213,0.99649,-0.09494,0.00035,-0.02087,0.99526,1.00,-0.07884,-0.05401,-0.00428,0.99541,-0.09513,-0.02692,-0.02259,0.99484,1.00
20060,-0.01518,0.02550,-0.02129,0.99933,-0.07924,-0.02675,-0.00213,0.99649,-0.09494,0.00034,-0.02092,0.99526,1.00,-0.07882,-0.05397,-0.00427,0.99542,-0.09513,-0.02693,-0.02264,0.99484,1.00
20072,-0.01519,0.02546,-0.02132,0.99933,-0.07923,-0.02671,-0.00212,0.99650,-0.09494,0.00034,-0.02095,0.99526,1.00,-0.07881,-0.05393,-0.00427,0.99542,-0.09513,-0.02693,-0.02267,0.99484,1.00
20083,-0.01515,0.02539,-0.02124,0.99934,-0.07935,-0.02685,-0.00214,0.99648,-0.09502,0.00013,-0.02088,0.99526,1.00,-0.07892,-0.05407,-0.00429,0.99540,-0.09520,-0.02715,-0.02260,0.99483,1.00
20094,-0.01517,0.02544,-0.02115,0.99934,-0.07933,-0.02688,-0.00214,0.99648,-0.09502,0.00013,-0.02078,0.99526,1.00,-0.07890,-0.05410,-0.00429,0.99540,-0.09520,-0.02714,-0.02251,0.99483,1.00
20105,-0.01524,0.02552,-0.02105,0.99934,-0.07926,-0.02694,-0.00214,0.99649,-0.09502,0.00014,-0.02068,0.99526,1.00,-0.07884,-0.05416,-0.00429,0.99541,-0.09521,-0.02713,-0.02240,0.99484,1.00
20116,-0.01529,0.02566,-0.02097,0.99933,-0.07980,-0.02733,-0.00219,0.99643,-0.09560,-0.00010,-0.02061,0.99521,1.00,-0.07937,-0.05455,-0.00435,0.99534,-0.09579,-0.02737,-0.02234,0.99477,1.00
20127,-0.01529,0.02586,-0.02103,0.99933,-0.07979,-0.02754,-0.00221,0.99643,-0.09560,-0.00011,-0.02067,0.99520,1.00,-0.07936,-0.05476,-0.00437,0.99533,-0.09579,-0.02738,-0.02240,0.99477,1.00
20138,-0.01528,0.02604,-0.02119,0.99932,-0.07978,-0.02775,-0.00222,0.99642,-0.09560,-0.00012,-0.02083,0.99520,1.00,-0.07934,-0.05497,-0.00438,0.99532,-0.09578,-0.02740,-0.02256,0.99477,1.00
20150,-0.01536,0.02629,-0.02126,0.99931,-0.08000,-0.02763,-0.00222,0.99641,-0.09590,0.00026,-0.02088,0.99517,1.00,-0.07956,-0.05486,-0.00438,0.99531,-0.09607,-0.02702,-0.02261,0.99475,1.00
20161,-0.01547,0.02651,-0.02118,0.99930,-0.07990,-0.02783,-0.00223,0.99641,-0.09590,0.00027,-0.02078,0.99517,1.00,-0.07945,-0.05506,-0.00439,0.99531,-0.09607,-0.02701,-0.02251,0.99475,1.00
20172,-0.01555,0.02666,-0.02108,0.99930,-0.07981,-0.02796,-0.00224,0.99642,-0.09590,0.00027,-0.02068,0.99518,1.00,-0.07937,-0.05518,-0.00440,0.99531,-0.09608,-0.02700,-0.02241,0.99476,1.00
20183,-0.01564,0.02676,-0.02090,0.99930,-0.08124,-0.02716,-0.00222,0.99632,-0.09739,0.00118,-0.02044,0.99504,1.00,-0.08081,-0.05440,-0.00442,0.99523,-0.09758,-0.02611,-0.02221,0.99464,1.00
20194,-0.01574,0.02692,-0.02067,0.99930,-0.08114,-0.02728,-0.00222,0.99633,-0.09739,0.00121,-0.02020,0.99504,1.00,-0.08073,-0.05451,-0.00442,0.99523,-0.09758,-0.02608,-0.02196,0.99464,1.00
20206,-0.01571,0.02699,-0.02057,0.99930,-0.08117,-0.02733,-0.00223,0.99632,-0.09739,0.00122,-0.02010,0.99504,1.00,-0.08076,-0.05456,-0.00443,0.99523,-0.09759,-0.02607,-0.02186,0.99465,1.00
20217,-0.01568,0.02715,-0.02054,0.99930,-0.08017,-0.02706,-0.00218,0.99641,-0.09635,0.00163,-0.02005,0.99514,1.00,-0.07976,-0.05429,-0.00435,0.99533,-0.09654,-0.02565,-0.02178,0.99476,1.00
20227,-0.01563,0.02716,-0.02051,0.99930,-0.08022,-0.02706,-0.00218,0.99641,-0.09635,0.00163,-0.02001,0.99514,1.00,-0.07981,-0.05429,-0.00435,0.99532,-0.09655,-0.02565,-0.02175,0.99476,1.00
20239,-0.01559,0.02721,-0.02049,0.99930,-0.08026,-0.02711,-0.00218,0.99640,-0.09635,0.00163,-0.01999,0.99515,1.00,-0.07985,-0.05434,-0.00436,0.99531,-0.09655,-0.02565,-0.02173,0.99476,1.00
20250,-0.01554,0.02714,-0.02045,0.99930,-0.08067,-0.02812,-0.00228,0.99634,-0.09673,0.00055,-0.02002,0.99511,1.00,-0.08023,-0.05534,-0.00446,0.99523,-0.09689,-0.02673,-0.02177,0.99470,1.00
20261,-0.01548,0.02701,-0.02039,0.99931,-0.08073,-0.02798,-0.00227,0.99634,-0.09673,0.00056,-0.01997,0.99511,1.00,-0.08029,-0.05521,-0.00445,0.99523,-0.09689,-0.02672,-0.02172,0.99470,1.00
20272,-0.01547,0.02683,-0.02029,0.99931,-0.08075,-0.02778,-0.00225,0.99634,-0.09673,0.00057,-0.01986,0.99511,1.00,-0.08032,-0.05501,-0.00444,0.99524,-0.09690,-0.02671,-0.02162,0.99470,1.00
20283,-0.01541,0.02657,-0.02018,0.99932,-0.08049,-0.02777,-0.00224,0.99637,-0.09641,0.00031,-0.01978,0.99515,1.00,-0.08006,-0.05500,-0.00442,0.99526,-0.09656,-0.02696,-0.02153,0.99473,1.00
20294,-0.01543,0.02642,-0.02015,0.99933,-0.08047,-0.02761,-0.00223,0.99637,-0.09641,0.00032,-0.01975,0.99515,1.00,-0.08004,-0.05483,-0.00441,0.99527,-0.09656,-0.02696,-0.02150,0.99473,1.00
20306,-0.01541,0.02637,-0.02009,0.99933,-0.08050,-0.02756,-0.00223,0.99637,-0.09641,0.00032,-0.01970,0.99515,1.00,-0.08007,-0.05478,-0.00441,0.99527,-0.09656,-0.02696,-0.02145,0.99473,1.00
20316,-0.01537,0.02632,-0.02005,0.99933,-0.08039,-0.02796,-0.00226,0.99637,-0.09628,-0.00014,-0.01969,0.99516,1.00,-0.07995,-0.05518,-0.00443,0.99526,-0.09642,-0.02741,-0.02143,0.99473,1.00
20327,-0.01531,0.02631,-0.02001,0.99934,-0.08046,-0.02794,-0.00226,0.99636,-0.09628,-0.00014,-0.01965,0.99516,1.00,-0.08002,-0.05517,-0.00444,0.99526,-0.09642,-0.02741,-0.02140,0.99473,1.00
20339,-0.01521,0.02634,-0.02005,0.99934,-0.08055,-0.02799,-0.00226,0.99635,-0.09628,-0.00014,-0.01969,0.99516,1.00,-0.08011,-0.05521,-0.00444,0.99525,-0.09642,-0.02742,-0.02145,0.99473,1.00
20350,-0.01509,0.02641,-0.02009,0.99934,-0.08001,-0.02824,-0.00227,0.99639,-0.09562,-0.00034,-0.01975,0.99522,1.00,-0.07956,-0.05546,-0.00443,0.99528,-0.09576,-0.02761,-0.02149,0.99479,1.00
20361,-0.01497,0.02647,-0.02009,0.99934,-0.08013,-0.02831,-0.00228,0.99638,-0.09562,-0.00034,-0.01974,0.99522,1.00,-0.07968,-0.05553,-0.00445,0.99526,-0.09576,-0.02761,-0.02149,0.99479,1.00
20373,-0.01476,0.02660,-0.02001,0.99934,-0.08034,-0.02843,-0.00229,0.99636,-0.09562,-0.00033,-0.01967,0.99522,1.00,-0.07989,-0.05565,-0.00447,0.99524,-0.09576,-0.02760,-0.02143,0.99479,1.00
20383,-0.01462,0.02667,-0.01993,0.99934,-0.08082,-0.02716,-0.00220,0.99636,-0.09593,0.00100,-0.01951,0.99520,1.00,-0.08039,-0.05439,-0.00439,0.99527,-0.09608,-0.02628,-0.02129,0.99480,1.00
20394,-0.01455,0.02674,-0.01993,0.99934,-0.08088,-0.02724,-0.00221,0.99635,-0.09593,0.00100,-0.01951,0.99520,1.00,-0.08045,-0.05447,-0.00440,0.99526,-0.09608,-0.02628,-0.02129,0.99480,1.00
20406,-0.01443,0.02682,-0.01987,0.99934,-0.08100,-0.02731,-0.00222,0.99634,-0.09593,0.00101,-0.01945,0.99520,1.00,-0.08057,-0.05454,-0.00442,0.99525,-0.09609,-0.02628,-0.02124,0.99480,1.00
20417,-0.01434,0.02685,-0.01995,0.99934,-0.08098,-0.02701,-0.00220,0.99635,-0.09581,0.00134,-0.01951,0.99521,1.00,-0.08054,-0.05425,-0.00439,0.99526,-0.09596,-0.02594,-0.02130,0.99482,1.00
20428,-0.01417,0.02693,-0.01994,0.99934,-0.08115,-0.02710,-0.00221,0.99633,-0.09581,0.00134,-0.01951,0.99521,1.00,-0.08071,-0.05433,-0.00441,0.99525,-0.09596,-0.02595,-0.02131,0.99482,1.00
20440,-0.01403,0.02691,-0.01997,0.99934,-0.08129,-0.02708,-0.00221,0.99632,-0.09581,0.00134,-0.01953,0.99521,1.00,-0.08085,-0.05432,-0.00441,0.99524,-0.09596,-0.02595,-0.02134,0.99482,1.00
20450,-0.01388,0.02691,-0.01995,0.99934,-0.08164,-0.02623,-0.00215,0.99631,-0.09599,0.00219,-0.01946,0.99519,1.00,-0.08120,-0.05348,-0.00436,0.99525,-0.09615,-0.02510,-0.02129,0.99482,1.00
20461,-0.01377,0.02689,-0.01991,0.99935,-0.08175,-0.02621,-0.00215,0.99631,-0.09599,0.00220,-0.01943,0.99519,1.00,-0.08132,-0.05346,-0.00437,0.99524,-0.09615,-0.02510,-0.02126,0.99482,1.00
20473,-0.01365,0.02688,-0.01988,0.99935,-0.08187,-0.02619,-0.00215,0.99630,-0.09599,0.00220,-0.01940,0.99519,1.00,-0.08144,-0.05344,-0.00437,0.99524,-0.09615,-0.02509,-0.02124,0.99482,1.00
20484,-0.01346,0.02683,-0.01990,0.99935,-0.08167,-0.02673,-0.00219,0.99630,-0.09562,0.00161,-0.01947,0.99523,1.00,-0.08123,-0.05397,-0.00440,0.99522,-0.09576,-0.02568,-0.02130,0.99485,1.00
20495,-0.01331,0.02685,-0.02006,0.99935,-0.08182,-0.02678,-0.00220,0.99629,-0.09562,0.00159,-0.01963,0.99522,1.00,-0.08137,-0.05402,-0.00442,0.99521,-0.09576,-0.02569,-0.02147,0.99484,1.00
20506,-0.01314,0.02678,-0.02017,0.99935,-0.08198,-0.02674,-0.00220,0.99627,-0.09562,0.00158,-0.01974,0.99522,1.00,-0.08152,-0.05398,-0.00442,0.99520,-0.09575,-0.02571,-0.02160,0.99484,1.00
20517,-0.01307,0.02674,-0.02021,0.99935,-0.08296,-0.02687,-0.00224,0.99619,-0.09653,0.00143,-0.01980,0.99513,1.00,-0.08249,-0.05412,-0.00449,0.99511,-0.09666,-0.02587,-0.02168,0.99475,1.00
20528,-0.01301,0.02672,-0.02009,0.99936,-0.08303,-0.02684,-0.00224,0.99618,-0.09653,0.00144,-0.01968,0.99513,1.00,-0.08257,-0.05408,-0.00449,0.99511,-0.09666,-0.02586,-0.02156,0.99475,1.00
20540,-0.01291,0.02670,-0.02005,0.99936,-0.08313,-0.02681,-0.00224,0.99618,-0.09653,0.00144,-0.01964,0.99514,1.00,-0.08267,-0.05406,-0.00449,0.99510,-0.09666,-0.02585,-0.02153,0.99475,1.00
20550,-0.01292,0.02666,-0.01994,0.99936,-0.08272,-0.02689,-0.00223,0.99621,-0.09613,0.00131,-0.01954,0.99518,1.00,-0.08227,-0.05413,-0.00448,0.99513,-0.09627,-0.02598,-0.02142,0.99479,1.00
20561,-0.01289,0.02668,-0.01998,0.99936,-0.08274,-0.02692,-0.00224,0.99620,-0.09613,0.00131,-0.01958,0.99518,1.00,-0.08229,-0.05416,-0.00448,0.99513,-0.09627,-0.02599,-0.02147,0.99478,1.00
20573,-0.01292,0.02664,-0.02005,0.99936,-0.08271,-0.02689,-0.00223,0.99621,-0.09613,0.00130,-0.01965,0.99517,1.00,-0.08226,-0.05413,-0.00447,0.99513,-0.09627,-0.02599,-0.02153,0.99478,1.00
20584,-0.01301,0.02666,-0.02012,0.99936,-0.08249,-0.02689,-0.00223,0.99623,-0.09600,0.00132,-0.01972,0.99519,1.00,-0.08204,-0.05413,-0.00446,0.99515,-0.09614,-0.02597,-0.02159,0.99479,1.00
20595,-0.01302,0.02668,-0.02028,0.99935,-0.08248,-0.02694,-0.00223,0.99623,-0.09600,0.00130,-0.01988,0.99518,1.00,-0.08201,-0.05418,-0.00447,0.99515,-0.09614,-0.02599,-0.02175,0.99479,1.00
20607,-0.01296,0.02676,-0.02063,0.99934,-0.08253,-0.02709,-0.00224,0.99622,-0.09600,0.00127,-0.02023,0.99517,1.00,-0.08204,-0.05433,-0.00448,0.99514,-0.09613,-0.02602,-0.02210,0.99478,1.00
20617,-0.01287,0.02685,-0.02089,0.99934,-0.08259,-0.02563,-0.00213,0.99625,-0.09595,0.00283,-0.02038,0.99517,1.00,-0.08212,-0.05289,-0.00436,0.99521,-0.09609,-0.02447,-0.02226,0.99482,1.00
20628,-0.01274,0.02697,-0.02095,0.99934,-0.08272,-0.02577,-0.00214,0.99624,-0.09595,0.00282,-0.02045,0.99517,1.00,-0.08224,-0.05302,-0.00438,0.99519,-0.09609,-0.02448,-0.02234,0.99482,1.00
20640,-0.01269,0.02702,-0.02086,0.99934,-0.08277,-0.02580,-0.00214,0.99623,-0.09595,0.00283,-0.02036,0.99517,1.00,-0.08230,-0.05305,-0.00439,0.99519,-0.09609,-0.02447,-0.02224,0.99482,1.00
20651,-0.01265,0.02707,-0.02080,0.99934,-0.08164,-0.02306,-0.00189,0.99639,-0.09473,0.00561,-0.02011,0.99528,1.00,-0.08123,-0.05031,-0.00411,0.99542,-0.09492,-0.02169,-0.02197,0.99501,1.00
20662,-0.01258,0.02716,-0.02064,0.99934,-0.08172,-0.02312,-0.00190,0.99639,-0.09472,0.00562,-0.01995,0.99529,1.00,-0.08131,-0.05037,-0.00411,0.99541,-0.09493,-0.02168,-0.02181,0.99501,1.00
20673,-0.01252,0.02728,-0.02052,0.99934,-0.08178,-0.02322,-0.00191,0.99638,-0.09472,0.00564,-0.01983,0.99529,1.00,-0.08138,-0.05048,-0.00413,0.99540,-0.09493,-0.02167,-0.02170,0.99501,1.00
20684,-0.01247,0.02733,-0.02055,0.99934,-0.08166,-0.02131,-0.00175,0.99643,-0.09452,0.00759,-0.01972,0.99530,1.00,-0.08129,-0.04858,-0.00397,0.99550,-0.09476,-0.01972,-0.02159,0.99507,1.00
20695,-0.01243,0.02740,-0.02064,0.99933,-0.08170,-0.02140,-0.00175,0.99643,-0.09452,0.00758,-0.01981,0.99530,1.00,-0.08132,-0.04867,-0.00398,0.99549,-0.09476,-0.01973,-0.02169,0.99507,1.00
20707,-0.01246,0.02741,-0.02066,0.99933,-0.08168,-0.02141,-0.00175,0.99643,-0.09452,0.00758,-0.01983,0.99530,1.00,-0.08130,-0.04868,-0.00398,0.99549,-0.09476,-0.01973,-0.02170,0.99507,1.00
20717,-0.01249,0.02738,-0.02068,0.99933,-0.08175,-0.02117,-0.00174,0.99643,-0.09463,0.00780,-0.01984,0.99528,1.00,-0.08137,-0.04844,-0.00396,0.99550,-0.09486,-0.01951,-0.02171,0.99506,1.00
20729,-0.01259,0.02735,-0.02061,0.99933,-0.08166,-0.02113,-0.00173,0.99643,-0.09463,0.00780,-0.01977,0.99529,1.00,-0.08128,-0.04839,-0.00395,0.99551,-0.09486,-0.01951,-0.02164,0.99506,1.00
20740,-0.01270,0.02727,-0.02063,0.99933,-0.08155,-0.02104,-0.00172,0.99645,-0.09463,0.00780,-0.01978,0.99529,1.00,-0.08117,-0.04831,-0.00394,0.99552,-0.09486,-0.01951,-0.02164,0.99506,1.00
20751,-0.01280,0.02722,-0.02068,0.99933,-0.08259,-0.02144,-0.00178,0.99635,-0.09577,0.00738,-0.01986,0.99518,1.00,-0.08219,-0.04871,-0.00402,0.99542,-0.09599,-0.01993,-0.02174,0.99494,1.00
20762,-0.01288,0.02715,-0.02083,0.99933,-0.08250,-0.02139,-0.00177,0.99636,-0.09578,0.00737,-0.02001,0.99517,1.00,-0.08210,-0.04866,-0.00401,0.99543,-0.09599,-0.01995,-0.02189,0.99494,1.00
20774,-0.01296,0.02710,-0.02103,0.99933,-0.08242,-0.02137,-0.00177,0.99637,-0.09578,0.00735,-0.02021,0.99517,1.00,-0.08200,-0.04864,-0.00401,0.99544,-0.09599,-0.01997,-0.02209,0.99494,1.00
20785,-0.01295,0.02705,-0.02114,0.99933,-0.08399,-0.02428,-0.00205,0.99617,-0.09740,0.00443,-0.02052,0.99502,1.00,-0.08354,-0.05155,-0.00433,0.99516,-0.09757,-0.02288,-0.02243,0.99471,1.00
20795,-0.01301,0.02703,-0.02120,0.99932,-0.08393,-0.02427,-0.00205,0.99617,-0.09740,0.00443,-0.02058,0.99502,1.00,-0.08347,-0.05154,-0.00432,0.99517,-0.09757,-0.02289,-0.02249,0.99471,1.00
20807,-0.01305,0.02708,-0.02127,0.99932,-0.08389,-0.02433,-0.00205,0.99618,-0.09741,0.00442,-0.02065,0.99502,1.00,-0.08343,-0.05159,-0.00433,0.99517,-0.09757,-0.02289,-0.02256,0.99471,1.00
20818,-0.01315,0.02710,-0.02132,0.99932,-0.08396,-0.02505,-0.00211,0.99615,-0.09759,0.00373,-0.02074,0.99500,1.00,-0.08350,-0.05231,-0.00439,0.99512,-0.09776,-0.02358,-0.02265,0.99467,1.00
20829,-0.01327,0.02717,-0.02123,0.99932,-0.08383,-0.02510,-0.00211,0.99616,-0.09759,0.00374,-0.02064,0.99501,1.00,-0.08338,-0.05236,-0.00439,0.99513,-0.09776,-0.02357,-0.02255,0.99468,1.00
20840,-0.01338,0.02726,-0.02124,0.99931,-0.08373,-0.02518,-0.00212,0.99617,-0.09759,0.00374,-0.02066,0.99501,1.00,-0.08328,-0.05244,-0.00439,0.99514,-0.09776,-0.02357,-0.02255,0.99467,1.00
20851,-0.01346,0.02741,-0.02143,0.99930,-0.08204,-0.03009,-0.00248,0.99617,-0.09611,-0.00104,-0.02117,0.99515,1.00,-0.08155,-0.05731,-0.00470,0.99501,-0.09624,-0.02832,-0.02301,0.99469,1.00
20862,-0.01350,0.02756,-0.02170,0.99929,-0.08199,-0.03029,-0.00249,0.99617,-0.09611,-0.00106,-0.02144,0.99514,1.00,-0.08148,-0.05751,-0.00471,0.99500,-0.09623,-0.02834,-0.02327,0.99468,1.00
20874,-0.01357,0.02769,-0.02177,0.99929,-0.08192,-0.03042,-0.00250,0.99617,-0.09611,-0.00107,-0.02151,0.99514,1.00,-0.08140,-0.05764,-0.00472,0.99500,-0.09623,-0.02835,-0.02334,0.99468,1.00
20884,-0.01362,0.02779,-0.02172,0.99928,-0.07912,-0.03056,-0.00243,0.99639,-0.09336,-0.00116,-0.02146,0.99540,1.00,-0.07863,-0.05776,-0.00456,0.99522,-0.09351,-0.02842,-0.02321,0.99494,1.00
20896,-0.01365,0.02788,-0.02163,0.99928,-0.07909,-0.03063,-0.00243,0.99639,-0.09336,-0.00115,-0.02135,0.99540,1.00,-0.07861,-0.05783,-0.00457,0.99522,-0.09351,-0.02841,-0.02311,0.99494,1.00
20907,-0.01366,0.02796,-0.02151,0.99928,-0.07908,-0.03069,-0.00244,0.99639,-0.09337,-0.00114,-0.02124,0.99540,1.00,-0.07861,-0.05789,-0.00457,0.99521,-0.09352,-0.02839,-0.02299,0.99495,1.00
20918,-0.01375,0.02805,-0.02159,0.99928,-0.07920,-0.03067,-0.00244,0.99638,-0.09357,-0.00102,-0.02131,0.99538,1.00,-0.07873,-0.05788,-0.00458,0.99520,-0.09373,-0.02828,-0.02306,0.99493,1.00
20929,-0.01380,0.02808,-0.02156,0.99928,-0.07915,-0.03070,-0.00244,0.99639,-0.09357,-0.00102,-0.02127,0.99538,1.00,-0.07868,-0.05790,-0.00458,0.99521,-0.09373,-0.02828,-0.02302,0.99493,1.00
20941,-0.01388,0.02811,-0.02166,0.99927,-0.07906,-0.03074,-0.00244,0.99639,-0.09357,-0.00103,-0.02137,0.99538,1.00,-0.07859,-0.05794,-0.00458,0.99521,-0.09373,-0.02828,-0.02312,0.99493,1.00
20951,-0.01388,0.02805,-0.02167,0.99928,-0.07871,-0.03041,-0.00240,0.99643,-0.09321,-0.00077,-0.02137,0.99542,1.00,-0.07824,-0.05761,-0.00453,0.99526,-0.09337,-0.02802,-0.02310,0.99497,1.00
20962,-0.01387,0.02804,-0.02174,0.99927,-0.07872,-0.03041,-0.00240,0.99643,-0.09321,-0.00077,-0.02143,0.99542,1.00,-0.07824,-0.05761,-0.00453,0.99526,-0.09337,-0.02802,-0.02317,0.99497,1.00
20974,-0.01379,0.02795,-0.02183,0.99928,-0.07880,-0.03034,-0.00240,0.99643,-0.09321,-0.00078,-0.02153,0.99541,1.00,-0.07832,-0.05754,-0.00453,0.99526,-0.09336,-0.02803,-0.02327,0.99497,1.00
20985,-0.01368,0.02788,-0.02186,0.99928,-0.07903,-0.03118,-0.00247,0.99638,-0.09335,-0.00169,-0.02162,0.99540,1.00,-0.07854,-0.05837,-0.00461,0.99519,-0.09350,-0.02893,-0.02337,0.99492,1.00
20996,-0.01362,0.02780,-0.02184,0.99928,-0.07909,-0.03110,-0.00247,0.99638,-0.09335,-0.00168,-0.02160,0.99540,1.00,-0.07861,-0.05829,-0.00460,0.99519,-0.09350,-0.02893,-0.02335,0.99492,1.00
21007,-0.01353,0.02773,-0.02174,0.99929,-0.07918,-0.03102,-0.00246,0.99637,-0.09335,-0.00167,-0.02151,0.99540,1.00,-0.07870,-0.05821,-0.00460,0.99519,-0.09350,-0.02892,-0.02326,0.99493,1.00
21019,-0.01348,0.02765,-0.02166,0.99929,-0.08064,-0.03100,-0.00251,0.99626,-0.09475,-0.00172,-0.02144,0.99527,1.00,-0.08015,-0.05820,-0.00469,0.99507,-0.09491,-0.02897,-0.02324,0.99479,1.00
21029,-0.01338,0.02762,-0.02160,0.99930,-0.08074,-0.03096,-0.00251,0.99625,-0.09475,-0.00171,-0.02138,0.99527,1.00,-0.08026,-0.05817,-0.00469,0.99506,-0.09491,-0.02897,-0.02319,0.99479,1.00
21041,-0.01331,0.02756,-0.02154,0.99930,-0.08081,-0.03089,-0.00251,0.99625,-0.09475,-0.00170,-0.02132,0.99527,1.00,-0.08034,-0.05810,-0.00469,0.99506,-0.09491,-0.02896,-0.02313,0.99480,1.00
21052,-0.01320,0.02753,-0.02148,0.99930,-0.08075,-0.03165,-0.00257,0.99623,-0.09459,-0.00250,-0.02132,0.99528,1.00,-0.08027,-0.05885,-0.00475,0.99502,-0.09474,-0.02975,-0.02313,0.99479,1.00
21063,-0.01307,0.02747,-0.02139,0.99931,-0.08088,-0.03158,-0.00256,0.99622,-0.09459,-0.00249,-0.02124,0.99529,1.00,-0.08040,-0.05878,-0.00475,0.99502,-0.09474,-0.02975,-0.02305,0.99479,1.00
21074,-0.01287,0.02736,-0.02119,0.99932,-0.08109,-0.03144,-0.00256,0.99621,-0.09459,-0.00247,-0.02105,0.99529,1.00,-0.08062,-0.05864,-0.00475,0.99501,-0.09475,-0.02973,-0.02288,0.99479,1.00
21085,-0.01277,0.02722,-0.02106,0.99933,-0.08106,-0.03030,-0.00247,0.99625,-0.09443,-0.00149,-0.02085,0.99531,1.00,-0.08060,-0.05751,-0.00466,0.99508,-0.09459,-0.02875,-0.02268,0.99484,1.00
21096,-0.01269,0.02707,-0.02098,0.99933,-0.08114,-0.03014,-0.00246,0.99624,-0.09443,-0.00148,-0.02077,0.99531,1.00,-0.08069,-0.05736,-0.00465,0.99508,-0.09459,-0.02875,-0.02261,0.99484,1.00
21107,-0.01267,0.02694,-0.02090,0.99934,-0.08117,-0.03000,-0.00244,0.99625,-0.09443,-0.00148,-0.02070,0.99532,1.00,-0.08072,-0.05721,-0.00464,0.99508,-0.09459,-0.02874,-0.02254,0.99485,1.00
21118,-0.01260,0.02675,-0.02084,0.99935,-0.07923,-0.03116,-0.00248,0.99637,-0.09245,-0.00287,-0.02073,0.99550,1.00,-0.07877,-0.05835,-0.00462,0.99517,-0.09260,-0.03011,-0.02251,0.99499,1.00
21129,-0.01250,0.02663,-0.02077,0.99935,-0.07934,-0.03103,-0.00247,0.99636,-0.09245,-0.00286,-0.02066,0.99550,1.00,-0.07889,-0.05822,-0.00462,0.99517,-0.09260,-0.03011,-0.02245,0.99499,1.00
21141,-0.01244,0.02646,-0.02068,0.99936,-0.07941,-0.03085,-0.00246,0.99636,-0.09245,-0.00285,-0.02058,0.99550,1.00,-0.07896,-0.05804,-0.00461,0.99518,-0.09261,-0.03010,-0.02237,0.99500,1.00
21152,-0.01238,0.02632,-0.02060,0.99936,-0.08075,-0.02984,-0.00242,0.99628,-0.09371,-0.00197,-0.02044,0.99539,1.00,-0.08029,-0.05705,-0.00460,0.99513,-0.09385,-0.02923,-0.02228,0.99491,1.00
21163,-0.01237,0.02624,-0.02049,0.99937,-0.08076,-0.02975,-0.00241,0.99629,-0.09371,-0.00196,-0.02034,0.99539,1.00,-0.08031,-0.05696,-0.00460,0.99513,-0.09386,-0.02922,-0.02218,0.99491,1.00
21174,-0.01241,0.02614,-0.02045,0.99937,-0.08073,-0.02964,-0.00240,0.99629,-0.09371,-0.00195,-0.02030,0.99539,1.00,-0.08028,-0.05685,-0.00459,0.99514,-0.09386,-0.02921,-0.02213,0.99491,1.00
21185,-0.01262,0.02618,-0.02042,0.99937,-0.08030,-0.03013,-0.00243,0.99631,-0.09350,-0.00242,-0.02029,0.99541,1.00,-0.07984,-0.05733,-0.00460,0.99515,-0.09364,-0.02968,-0.02211,0.99492,1.00
21196,-0.01273,0.02619,-0.02033,0.99937,-0.08019,-0.03012,-0.00242,0.99632,-0.09350,-0.00241,-0.02020,0.99541,1.00,-0.07974,-0.05733,-0.00459,0.99516,-0.09364,-0.02967,-0.02201,0.99492,1.00
21208,-0.01288,0.02635,-0.02031,0.99936,-0.08004,-0.03028,-0.00243,0.99633,-0.09350,-0.00241,-0.02017,0.99541,1.00,-0.07958,-0.05748,-0.00460,0.99516,-0.09364,-0.02966,-0.02197,0.99492,1.00
21219,-0.01299,0.02665,-0.02039,0.99935,-0.07995,-0.03031,-0.00243,0.99634,-0.09353,-0.00213,-0.02022,0.99541,1.00,-0.07949,-0.05752,-0.00459,0.99516,-0.09366,-0.02939,-0.02202,0.99493,1.00
21230,-0.01304,0.02678,-0.02039,0.99935,-0.07990,-0.03043,-0.00244,0.99634,-0.09353,-0.00213,-0.02022,0.99541,1.00,-0.07944,-0.05764,-0.00460,0.99516,-0.09366,-0.02939,-0.02201,0.99493,1.00
21241,-0.01318,0.02698,-0.02032,0.99934,-0.07976,-0.03061,-0.00245,0.99634,-0.09353,-0.00213,-0.02014,0.99541,1.00,-0.07930,-0.05782,-0.00461,0.99516,-0.09366,-0.02938,-0.02193,0.99493,1.00
21252,-0.01318,0.02719,-0.02016,0.99934,-0.08034,-0.02908,-0.00235,0.99634,-0.09407,-0.00039,-0.01986,0.99537,1.00,-0.07990,-0.05630,-0.00452,0.99520,-0.09422,-0.02766,-0.02167,0.99493,1.00
21263,-0.01322,0.02739,-0.02019,0.99933,-0.08031,-0.02929,-0.00236,0.99634,-0.09407,-0.00039,-0.01989,0.99537,1.00,-0.07986,-0.05651,-0.00453,0.99519,-0.09422,-0.02766,-0.02169,0.99493,1.00
21274,-0.01318,0.02757,-0.02028,0.99933,-0.08034,-0.02948,-0.00238,0.99633,-0.09407,-0.00040,-0.01998,0.99536,1.00,-0.07989,-0.05670,-0.00455,0.99518,-0.09422,-0.02767,-0.02178,0.99493,1.00
21285,-0.01324,0.02771,-0.02047,0.99932,-0.08027,-0.03085,-0.00249,0.99629,-0.09411,-0.00161,-0.02024,0.99535,1.00,-0.07979,-0.05806,-0.00466,0.99511,-0.09423,-0.02887,-0.02204,0.99489,1.00
21297,-0.01330,0.02782,-0.02056,0.99931,-0.08021,-0.03097,-0.00249,0.99629,-0.09411,-0.00162,-0.02033,0.99535,1.00,-0.07972,-0.05818,-0.00466,0.99511,-0.09423,-0.02888,-0.02212,0.99489,1.00
21308,-0.01330,0.02789,-0.02074,0.99931,-0.08020,-0.03107,-0.00250,0.99629,-0.09411,-0.00163,-0.02051,0.99535,1.00,-0.07971,-0.05828,-0.00467,0.99510,-0.09422,-0.02889,-0.02230,0.99488,1.00
21319,-0.01322,0.02795,-0.02093,0.99930,-0.08065,-0.02907,-0.00235,0.99632,-0.09444,0.00045,-0.02057,0.99532,1.00,-0.08016,-0.05629,-0.00453,0.99518,-0.09456,-0.02682,-0.02238,0.99491,1.00
21330,-0.01303,0.02802,-0.02115,0.99930,-0.08083,-0.02918,-0.00237,0.99630,-0.09444,0.00043,-0.02079,0.99531,1.00,-0.08032,-0.05640,-0.00455,0.99516,-0.09456,-0.02684,-0.02261,0.99490,1.00
21342,-0.01295,0.02804,-0.02122,0.99930,-0.08091,-0.02922,-0.00237,0.99629,-0.09444,0.00043,-0.02086,0.99531,1.00,-0.08040,-0.05644,-0.00456,0.99515,-0.09456,-0.02685,-0.02268,0.99490,1.00
21352,-0.01288,0.02801,-0.02105,0.99930,-0.08077,-0.02458,-0.00199,0.99643,-0.09412,0.00503,-0.02039,0.99534,1.00,-0.08034,-0.05183,-0.00418,0.99541,-0.09431,-0.02227,-0.02221,0.99505,1.00
21363,-0.01280,0.02803,-0.02089,0.99931,-0.08086,-0.02456,-0.00199,0.99642,-0.09412,0.00504,-0.02022,0.99534,1.00,-0.08043,-0.05181,-0.00419,0.99540,-0.09432,-0.02225,-0.02206,0.99505,1.00
21375,-0.01267,0.02794,-0.02042,0.99932,-0.08100,-0.02440,-0.00198,0.99641,-0.09412,0.00509,-0.01976,0.99535,1.00,-0.08060,-0.05165,-0.00418,0.99540,-0.09433,-0.02221,-0.02160,0.99506,1.00
21386,-0.01270,0.02783,-0.02034,0.99933,-0.08126,-0.02399,-0.00196,0.99640,-0.09440,0.00538,-0.01966,0.99533,1.00,-0.08088,-0.05124,-0.00416,0.99540,-0.09462,-0.02192,-0.02151,0.99504,1.00
21397,-0.01265,0.02773,-0.02039,0.99933,-0.08131,-0.02390,-0.00195,0.99640,-0.09440,0.00537,-0.01971,0.99532,1.00,-0.08092,-0.05115,-0.00416,0.99540,-0.09462,-0.02192,-0.02157,0.99504,1.00
21408,-0.01268,0.02768,-0.02044,0.99933,-0.08128,-0.02386,-0.00195,0.99640,-0.09440,0.00537,-0.01976,0.99532,1.00,-0.08089,-0.05111,-0.00415,0.99540,-0.09462,-0.02193,-0.02161,0.99504,1.00
21419,-0.01286,0.02758,-0.02048,0.99933,-0.08090,-0.02417,-0.00196,0.99643,-0.09421,0.00497,-0.01983,0.99534,1.00,-0.08049,-0.05141,-0.00416,0.99542,-0.09441,-0.02232,-0.02166,0.99505,1.00
21430,-0.01299,0.02745,-0.02042,0.99933,-0.08077,-0.02402,-0.00195,0.99644,-0.09421,0.00497,-0.01976,0.99534,1.00,-0.08037,-0.05126,-0.00414,0.99544,-0.09441,-0.02232,-0.02159,0.99505,1.00
21441,-0.01319,0.02733,-0.02022,0.99934,-0.08059,-0.02386,-0.00193,0.99646,-0.09421,0.00499,-0.01956,0.99535,1.00,-0.08019,-0.05110,-0.00412,0.99546,-0.09441,-0.02230,-0.02138,0.99505,1.00
21453,-0.01320,0.02728,-0.02016,0.99934,-0.08061,-0.02396,-0.00194,0.99646,-0.09425,0.00484,-0.01951,0.99535,1.00,-0.08021,-0.05120,-0.00413,0.99545,-0.09445,-0.02245,-0.02133,0.99505,1.00
21464,-0.01324,0.02723,-0.02025,0.99934,-0.08057,-0.02392,-0.00193,0.99646,-0.09425,0.00484,-0.01960,0.99534,1.00,-0.08017,-0.05117,-0.00412,0.99546,-0.09445,-0.02245,-0.02141,0.99505,1.00
21475,-0.01319,0.02724,-0.02040,0.99933,-0.08062,-0.02396,-0.00194,0.99646,-0.09425,0.00482,-0.01975,0.99534,1.00,-0.08021,-0.05120,-0.00413,0.99545,-0.09444,-0.02247,-0.02157,0.99504,1.00
21486,-0.01318,0.02719,-0.02057,0.99933,-0.08067,-0.02370,-0.00192,0.99646,-0.09428,0.00505,-0.01991,0.99533,1.00,-0.08025,-0.05095,-0.00411,0.99546,-0.09447,-0.02225,-0.02173,0.99504,1.00
21497,-0.01312,0.02720,-0.02062,0.99933,-0.08072,-0.02372,-0.00192,0.99645,-0.09428,0.00504,-0.01996,0.99533,1.00,-0.08030,-0.05097,-0.00411,0.99546,-0.09447,-0.02225,-0.02178,0.99504,1.00
21508,-0.01308,0.02720,-0.02060,0.99933,-0.08076,-0.02371,-0.00192,0.99645,-0.09428,0.00504,-0.01994,0.99533,1.00,-0.08033,-0.05096,-0.00411,0.99546,-0.09447,-0.02225,-0.02176,0.99504,1.00
21519,-0.01302,0.02720,-0.02061,0.99933,-0.08089,-0.02309,-0.00187,0.99645,-0.09433,0.00567,-0.01990,0.99533,1.00,-0.08048,-0.05034,-0.00407,0.99548,-0.09453,-0.02162,-0.02173,0.99505,1.00
21530,-0.01305,0.02717,-0.02062,0.99933,-0.08085,-0.02306,-0.00187,0.99646,-0.09433,0.00567,-0.01992,0.99533,1.00,-0.08044,-0.05031,-0.00407,0.99548,-0.09453,-0.02163,-0.02175,0.99505,1.00
21542,-0.01311,0.02718,-0.02058,0.99933,-0.08080,-0.02306,-0.00187,0.99646,-0.09433,0.00568,-0.01987,0.99533,1.00,-0.08039,-0.05032,-0.00406,0.99548,-0.09453,-0.02162,-0.02170,0.99505,1.00
21553,-0.01313,0.02721,-0.02060,0.99933,-0.08073,-0.02315,-0.00188,0.99647,-0.09429,0.00562,-0.01990,0.99533,1.00,-0.08033,-0.05040,-0.00407,0.99548,-0.09449,-0.02168,-0.02172,0.99505,1.00
21564,-0.01320,0.02720,-0.02076,0.99933,-0.08065,-0.02317,-0.00188,0.99647,-0.09429,0.00560,-0.02007,0.99533,1.00,-0.08024,-0.05042,-0.00406,0.99549,-0.09449,-0.02169,-0.02188,0.99505,1.00
21575,-0.01321,0.02725,-0.02111,0.99932,-0.08064,-0.02327,-0.00188,0.99647,-0.09429,0.00557,-0.02041,0.99532,1.00,-0.08021,-0.05052,-0.00407,0.99549,-0.09448,-0.02173,-0.02223,0.99504,1.00
21586,-0.01325,0.02726,-0.02132,0.99931,-0.08040,-0.02444,-0.00197,0.99646,-0.09412,0.00443,-0.02070,0.99534,1.00,-0.07995,-0.05168,-0.00415,0.99545,-0.09430,-0.02286,-0.02250,0.99503,1.00
21598,-0.01317,0.02730,-0.02129,0.99931,-0.08048,-0.02448,-0.00198,0.99645,-0.09412,0.00443,-0.02067,0.99534,1.00,-0.08003,-0.05172,-0.00416,0.99544,-0.09430,-0.02286,-0.02248,0.99503,1.00
21609,-0.01317,0.02733,-0.02133,0.99931,-0.08048,-0.02451,-0.00198,0.99645,-0.09412,0.00443,-0.02071,0.99534,1.00,-0.08003,-0.05176,-0.00416,0.99544,-0.09430,-0.02286,-0.02252,0.99503,1.00
21620,-0.01311,0.02737,-0.02130,0.99931,-0.07834,-0.03219,-0.00253,0.99640,-0.09210,-0.00326,-0.02119,0.99552,1.00,-0.07784,-0.05937,-0.00464,0.99519,-0.09223,-0.03050,-0.02293,0.99501,1.00
21631,-0.01307,0.02741,-0.02131,0.99931,-0.07838,-0.03223,-0.00254,0.99640,-0.09210,-0.00326,-0.02120,0.99552,1.00,-0.07788,-0.05942,-0.00465,0.99518,-0.09223,-0.03050,-0.02294,0.99501,1.00
21642,-0.01299,0.02745,-0.02140,0.99931,-0.07846,-0.03229,-0.00254,0.99639,-0.09210,-0.00327,-0.02129,0.99552,1.00,-0.07795,-0.05947,-0.00466,0.99517,-0.09222,-0.03051,-0.02304,0.99500,1.00
21653,-0.01289,0.02747,-0.02146,0.99931,-0.07853,-0.03420,-0.00270,0.99632,-0.09213,-0.00516,-0.02148,0.99550,1.00,-0.07802,-0.06137,-0.00481,0.99505,-0.09224,-0.03239,-0.02323,0.99494,1.00
21664,-0.01267,0.02750,-0.02161,0.99931,-0.07875,-0.03426,-0.00271,0.99630,-0.09213,-0.00517,-0.02164,0.99550,1.00,-0.07822,-0.06144,-0.00483,0.99503,-0.09223,-0.03240,-0.02340,0.99494,1.00
21675,-0.01256,0.02750,-0.02163,0.99931,-0.07885,-0.03426,-0.00271,0.99629,-0.09213,-0.00518,-0.02166,0.99550,1.00,-0.07832,-0.06144,-0.00484,0.99502,-0.09223,-0.03241,-0.02343,0.99493,1.00
21687,-0.01239,0.02746,-0.02167,0.99931,-0.07889,-0.03223,-0.00255,0.99636,-0.09194,-0.00317,-0.02158,0.99553,1.00,-0.07838,-0.05942,-0.00468,0.99514,-0.09208,-0.03041,-0.02336,0.99501,1.00
21698,-0.01217,0.02746,-0.02168,0.99931,-0.07910,-0.03224,-0.00256,0.99634,-0.09194,-0.00317,-0.02160,0.99552,1.00,-0.07860,-0.05943,-0.00469,0.99512,-0.09207,-0.03042,-0.02339,0.99501,1.00
21709,-0.01208,0.02745,-0.02177,0.99931,-0.07919,-0.03225,-0.00256,0.99633,-0.09194,-0.00318,-0.02169,0.99552,1.00,-0.07868,-0.05944,-0.00470,0.99512,-0.09207,-0.03042,-0.02348,0.99501,1.00
21720,-0.01193,0.02744,-0.02171,0.99932,-0.07904,-0.03210,-0.00255,0.99635,-0.09163,-0.00305,-0.02163,0.99555,1.00,-0.07854,-0.05929,-0.00468,0.99514,-0.09177,-0.03029,-0.02342,0.99504,1.00
21731,-0.01190,0.02737,-0.02180,0.99932,-0.07906,-0.03204,-0.00254,0.99635,-0.09163,-0.00306,-0.02171,0.99555,1.00,-0.07856,-0.05923,-0.00468,0.99514,-0.09177,-0.03030,-0.02351,0.99504,1.00
21742,-0.01183,0.02740,-0.02181,0.99932,-0.07913,-0.03208,-0.00255,0.99635,-0.09163,-0.00306,-0.02173,0.99555,1.00,-0.07863,-0.05927,-0.00468,0.99513,-0.09177,-0.03030,-0.02353,0.99504,1.00
21753,-0.01187,0.02743,-0.02181,0.99932,-0.07870,-0.03042,-0.00240,0.99643,-0.09121,-0.00137,-0.02162,0.99560,1.00,-0.07822,-0.05761,-0.00453,0.99526,-0.09137,-0.02862,-0.02341,0.99513,1.00
21765,-0.01192,0.02745,-0.02179,0.99931,-0.07865,-0.03043,-0.00240,0.99644,-0.09121,-0.00137,-0.02159,0.99560,1.00,-0.07818,-0.05763,-0.00453,0.99526,-0.09137,-0.02862,-0.02338,0.99513,1.00
21776,-0.01197,0.02754,-0.02174,0.99931,-0.07860,-0.03051,-0.00241,0.99644,-0.09121,-0.00137,-0.02154,0.99560,1.00,-0.07813,-0.05771,-0.00453,0.99526,-0.09137,-0.02861,-0.02332,0.99513,1.00
21787,-0.01198,0.02763,-0.02176,0.99931,-0.08194,-0.02242,-0.00184,0.99638,-0.09436,0.00689,-0.02099,0.99529,1.00,-0.08154,-0.04969,-0.00407,0.99542,-0.09460,-0.02042,-0.02288,0.99504,1.00
21798,-0.01191,0.02771,-0.02184,0.99931,-0.08200,-0.02251,-0.00185,0.99638,-0.09436,0.00688,-0.02107,0.99529,1.00,-0.08160,-0.04977,-0.00408,0.99541,-0.09460,-0.02042,-0.02296,0.99504,1.00
21809,-0.01188,0.02780,-0.02191,0.99930,-0.08203,-0.02261,-0.00186,0.99637,-0.09436,0.00688,-0.02114,0.99529,1.00,-0.08162,-0.04988,-0.00409,0.99541,-0.09460,-0.02043,-0.02303,0.99504,1.00
21820,-0.01184,0.02785,-0.02194,0.99930,-0.08205,-0.02025,-0.00167,0.99642,-0.09428,0.00930,-0.02100,0.99528,1.00,-0.08167,-0.04752,-0.00390,0.99552,-0.09455,-0.01802,-0.02290,0.99509,1.00
21831,-0.01181,0.02784,-0.02196,0.99930,-0.08208,-0.02024,-0.00167,0.99642,-0.09428,0.00930,-0.02102,0.99528,1.00,-0.08170,-0.04752,-0.00390,0.99552,-0.09455,-0.01802,-0.02292,0.99509,1.00
21843,-0.01183,0.02783,-0.02191,0.99930,-0.08206,-0.02023,-0.00167,0.99642,-0.09428,0.00930,-0.02098,0.99528,1.00,-0.08168,-0.04750,-0.00390,0.99552,-0.09455,-0.01802,-0.02287,0.99509,1.00
21854,-0.01189,0.02781,-0.02190,0.99930,-0.08180,-0.01944,-0.00160,0.99646,-0.09406,0.01006,-0.02091,0.99530,1.00,-0.08143,-0.04672,-0.00382,0.99558,-0.09434,-0.01726,-0.02280,0.99513,1.00
21865,-0.01193,0.02779,-0.02191,0.99930,-0.08176,-0.01942,-0.00159,0.99646,-0.09406,0.01006,-0.02092,0.99530,1.00,-0.08139,-0.04669,-0.00382,0.99558,-0.09434,-0.01726,-0.02281,0.99513,1.00
21876,-0.01193,0.02774,-0.02194,0.99930,-0.08176,-0.01937,-0.00159,0.99646,-0.09406,0.01006,-0.02095,0.99530,1.00,-0.08139,-0.04665,-0.00381,0.99558,-0.09434,-0.01726,-0.02284,0.99513,1.00
21887,-0.01194,0.02766,-0.02202,0.99930,-0.08175,-0.01982,-0.00163,0.99645,-0.09407,0.00954,-0.02107,0.99530,1.00,-0.08137,-0.04709,-0.00385,0.99556,-0.09435,-0.01777,-0.02296,0.99512,1.00
21899,-0.01191,0.02763,-0.02212,0.99930,-0.08177,-0.01981,-0.00163,0.99645,-0.09407,0.00953,-0.02117,0.99529,1.00,-0.08139,-0.04708,-0.00385,0.99556,-0.09434,-0.01778,-0.02306,0.99511,1.00
21909,-0.01192,0.02754,-0.02213,0.99930,-0.08202,-0.01962,-0.00162,0.99644,-0.09432,0.00963,-0.02118,0.99527,1.00,-0.08164,-0.04690,-0.00385,0.99555,-0.09459,-0.01769,-0.02307,0.99509,1.00
21920,-0.01192,0.02746,-0.02208,0.99931,-0.08202,-0.01953,-0.00161,0.99644,-0.09432,0.00963,-0.02112,0.99527,1.00,-0.08164,-0.04681,-0.00384,0.99555,-0.09459,-0.01768,-0.02302,0.99509,1.00
21932,-0.01202,0.02739,-0.02200,0.99931,-0.08193,-0.01945,-0.00160,0.99645,-0.09431,0.00964,-0.02104,0.99527,1.00,-0.08155,-0.04673,-0.00383,0.99557,-0.09459,-0.01768,-0.02293,0.99509,1.00
21943,-0.01216,0.02733,-0.02187,0.99931,-0.08179,-0.01936,-0.00159,0.99646,-0.09431,0.00965,-0.02091,0.99528,1.00,-0.08143,-0.04664,-0.00381,0.99558,-0.09460,-0.01766,-0.02279,0.99510,1.00
21954,-0.01225,0.02728,-0.02177,0.99932,-0.08207,-0.01970,-0.00162,0.99643,-0.09470,0.00927,-0.02083,0.99524,1.00,-0.08171,-0.04697,-0.00386,0.99554,-0.09499,-0.01805,-0.02272,0.99506,1.00
21965,-0.01236,0.02732,-0.02168,0.99932,-0.08197,-0.01971,-0.00162,0.99644,-0.09470,0.00928,-0.02074,0.99525,1.00,-0.08161,-0.04699,-0.00385,0.99555,-0.09499,-0.01804,-0.02262,0.99506,1.00
21976,-0.01248,0.02732,-0.02164,0.99931,-0.08185,-0.01971,-0.00162,0.99645,-0.09470,0.00928,-0.02070,0.99525,1.00,-0.08150,-0.04698,-0.00385,0.99556,-0.09499,-0.01803,-0.02257,0.99506,1.00
21987,-0.01256,0.02732,-0.02159,0.99931,-0.08196,-0.01963,-0.00161,0.99644,-0.09488,0.00935,-0.02064,0.99523,1.00,-0.08161,-0.04690,-0.00384,0.99555,-0.09517,-0.01796,-0.02252,0.99504,1.00
21998,-0.01261,0.02735,-0.02159,0.99931,-0.08191,-0.01966,-0.00162,0.99644,-0.09488,0.00935,-0.02064,0.99523,1.00,-0.08156,-0.04694,-0.00385,0.99556,-0.09517,-0.01796,-0.02252,0.99504,1.00
22010,-0.01273,0.02734,-0.02163,0.99931,-0.08205,-0.02107,-0.00173,0.99640,-0.09518,0.00795,-0.02077,0.99521,1.00,-0.08167,-0.04834,-0.00397,0.99548,-0.09544,-0.01937,-0.02265,0.99499,1.00
22021,-0.01285,0.02734,-0.02165,0.99931,-0.08193,-0.02107,-0.00173,0.99641,-0.09518,0.00795,-0.02079,0.99521,1.00,-0.08155,-0.04833,-0.00396,0.99549,-0.09544,-0.01937,-0.02266,0.99499,1.00
22032,-0.01292,0.02734,-0.02173,0.99931,-0.08186,-0.02107,-0.00173,0.99642,-0.09518,0.00794,-0.02088,0.99521,1.00,-0.08148,-0.04834,-0.00396,0.99549,-0.09544,-0.01937,-0.02274,0.99499,1.00
22043,-0.01290,0.02737,-0.02192,0.99930,-0.08220,-0.02118,-0.00175,0.99639,-0.09551,0.00788,-0.02107,0.99517,1.00,-0.08180,-0.04845,-0.00398,0.99546,-0.09575,-0.01943,-0.02294,0.99495,1.00
22054,-0.01285,0.02742,-0.02220,0.99929,-0.08224,-0.02128,-0.00176,0.99638,-0.09551,0.00785,-0.02135,0.99517,1.00,-0.08183,-0.04855,-0.00399,0.99546,-0.09575,-0.01946,-0.02322,0.99494,1.00
22065,-0.01286,0.02749,-0.02217,0.99929,-0.08223,-0.02134,-0.00176,0.99638,-0.09551,0.00786,-0.02132,0.99517,1.00,-0.08182,-0.04861,-0.00400,0.99545,-0.09575,-0.01946,-0.02319,0.99495,1.00
22076,-0.01284,0.02760,-0.02208,0.99929,-0.08205,-0.02605,-0.00215,0.99629,-0.09542,0.00325,-0.02155,0.99520,1.00,-0.08160,-0.05330,-0.00437,0.99523,-0.09562,-0.02404,-0.02341,0.99485,1.00
22087,-0.01279,0.02772,-0.02190,0.99929,-0.08210,-0.02613,-0.00215,0.99628,-0.09542,0.00327,-0.02136,0.99520,1.00,-0.08167,-0.05338,-0.00438,0.99522,-0.09563,-0.02402,-0.02322,0.99486,1.00
22099,-0.01260,0.02791,-0.02163,0.99930,-0.08230,-0.02628,-0.00217,0.99626,-0.09542,0.00330,-0.02109,0.99521,1.00,-0.08188,-0.05353,-0.00440,0.99519,-0.09563,-0.02400,-0.02296,0.99486,1.00
22110,-0.01250,0.02806,-0.02154,0.99930,-0.08239,-0.02673,-0.00221,0.99624,-0.09542,0.00300,-0.02102,0.99521,1.00,-0.08196,-0.05397,-0.00445,0.99516,-0.09563,-0.02430,-0.02290,0.99486,1.00
22121,-0.01233,0.02809,-0.02156,0.99930,-0.08256,-0.02676,-0.00222,0.99622,-0.09542,0.00299,-0.02104,0.99521,1.00,-0.08213,-0.05401,-0.00446,0.99515,-0.09563,-0.02430,-0.02293,0.99486,1.00
22132,-0.01228,0.02812,-0.02164,0.99929,-0.08261,-0.02681,-0.00222,0.99622,-0.09542,0.00299,-0.02113,0.99521,1.00,-0.08217,-0.05405,-0.00446,0.99514,-0.09563,-0.02431,-0.02303,0.99485,1.00
22144,-0.01218,0.02812,-0.02161,0.99930,-0.08270,-0.02681,-0.00223,0.99621,-0.09542,0.00299,-0.02110,0.99521,1.00,-0.08227,-0.05406,-0.00447,0.99513,-0.09563,-0.02431,-0.02300,0.99485,1.00
22154,-0.01220,0.02801,-0.02161,0.99930,-0.08228,-0.02592,-0.00214,0.99627,-0.09500,0.00376,-0.02104,0.99525,1.00,-0.08185,-0.05317,-0.00437,0.99522,-0.09520,-0.02353,-0.02293,0.99492,1.00
22166,-0.01224,0.02789,-0.02154,0.99930,-0.08224,-0.02578,-0.00213,0.99628,-0.09500,0.00377,-0.02098,0.99525,1.00,-0.08181,-0.05303,-0.00436,0.99523,-0.09520,-0.02353,-0.02286,0.99492,1.00
22177,-0.01235,0.02772,-0.02155,0.99931,-0.08214,-0.02561,-0.00211,0.99629,-0.09500,0.00377,-0.02098,0.99525,1.00,-0.08171,-0.05286,-0.00434,0.99524,-0.09520,-0.02353,-0.02286,0.99492,1.00
22188,-0.01238,0.02752,-0.02157,0.99931,-0.08273,-0.02510,-0.00208,0.99625,-0.09560,0.00409,-0.02098,0.99519,1.00,-0.08230,-0.05236,-0.00433,0.99522,-0.09581,-0.02321,-0.02288,0.99487,1.00
22199,-0.01239,0.02727,-0.02172,0.99932,-0.08272,-0.02488,-0.00207,0.99626,-0.09560,0.00408,-0.02114,0.99519,1.00,-0.08228,-0.05214,-0.00431,0.99524,-0.09580,-0.02322,-0.02304,0.99486,1.00
22210,-0.01239,0.02710,-0.02182,0.99932,-0.08131,-0.02498,-0.00204,0.99637,-0.09421,0.00378,-0.02126,0.99532,1.00,-0.08087,-0.05222,-0.00424,0.99535,-0.09441,-0.02350,-0.02312,0.99499,1.00
22222,-0.01229,0.02696,-0.02191,0.99932,-0.08142,-0.02486,-0.00203,0.99637,-0.09421,0.00378,-0.02137,0.99532,1.00,-0.08097,-0.05210,-0.00424,0.99534,-0.09441,-0.02351,-0.02323,0.99499,1.00
22233,-0.01228,0.02685,-0.02191,0.99932,-0.08143,-0.02476,-0.00202,0.99637,-0.09421,0.00378,-0.02136,0.99532,1.00,-0.08099,-0.05200,-0.00423,0.99535,-0.09441,-0.02351,-0.02322,0.99499,1.00
22244,-0.01220,0.02678,-0.02181,0.99933,-0.08211,-0.02507,-0.00207,0.99631,-0.09481,0.00340,-0.02129,0.99526,1.00,-0.08167,-0.05232,-0.00429,0.99528,-0.09502,-0.02390,-0.02317,0.99492,1.00
22255,-0.01226,0.02675,-0.02176,0.99933,-0.08205,-0.02503,-0.00206,0.99631,-0.09481,0.00340,-0.02124,0.99526,1.00,-0.08162,-0.05228,-0.00429,0.99528,-0.09502,-0.02389,-0.02312,0.99492,1.00
22266,-0.01231,0.02677,-0.02163,0.99933,-0.08200,-0.02502,-0.00206,0.99632,-0.09481,0.00341,-0.02111,0.99527,1.00,-0.08158,-0.05227,-0.00428,0.99529,-0.09502,-0.02388,-0.02299,0.99492,1.00
22277,-0.01238,0.02687,-0.02169,0.99933,-0.08179,-0.02422,-0.00199,0.99635,-0.09465,0.00431,-0.02110,0.99528,1.00,-0.08138,-0.05147,-0.00421,0.99534,-0.09488,-0.02299,-0.02297,0.99496,1.00
22288,-0.01243,0.02697,-0.02186,0.99932,-0.08174,-0.02436,-0.00200,0.99635,-0.09465,0.00430,-0.02127,0.99527,1.00,-0.08131,-0.05161,-0.00422,0.99534,-0.09487,-0.02300,-0.02314,0.99495,1.00
22299,-0.01250,0.02713,-0.02207,0.99931,-0.08166,-0.02455,-0.00201,0.99636,-0.09465,0.00428,-0.02148,0.99527,1.00,-0.08123,-0.05180,-0.00423,0.99534,-0.09487,-0.02302,-0.02334,0.99495,1.00
22310,-0.01258,0.02734,-0.02224,0.99930,-0.08176,-0.02470,-0.00203,0.99634,-0.09483,0.00435,-0.02164,0.99525,1.00,-0.08131,-0.05195,-0.00424,0.99532,-0.09505,-0.02295,-0.02350,0.99493,1.00
22321,-0.01257,0.02745,-0.02221,0.99930,-0.08176,-0.02481,-0.00204,0.99634,-0.09483,0.00435,-0.02161,0.99525,1.00,-0.08132,-0.05206,-0.00425,0.99532,-0.09505,-0.02294,-0.02347,0.99493,1.00
22332,-0.01262,0.02751,-0.02219,0.99930,-0.08171,-0.02486,-0.00204,0.99634,-0.09483,0.00436,-0.02158,0.99525,1.00,-0.08127,-0.05211,-0.00425,0.99532,-0.09505,-0.02294,-0.02344,0.99493,1.00
22344,-0.01267,0.02763,-0.02217,0.99929,-0.08166,-0.02497,-0.00205,0.99635,-0.09483,0.00436,-0.02156,0.99525,1.00,-0.08122,-0.05222,-0.00426,0.99532,-0.09505,-0.02294,-0.02341,0.99493,1.00
22355,-0.01270,0.02770,-0.02215,0.99929,-0.08166,-0.02425,-0.00199,0.99636,-0.09485,0.00516,-0.02149,0.99525,1.00,-0.08124,-0.05150,-0.00420,0.99535,-0.09509,-0.02214,-0.02335,0.99495,1.00
22366,-0.01271,0.02772,-0.02230,0.99929,-0.08166,-0.02429,-0.00199,0.99636,-0.09485,0.00514,-0.02163,0.99524,1.00,-0.08123,-0.05154,-0.00421,0.99535,-0.09508,-0.02216,-0.02349,0.99495,1.00
22377,-0.01273,0.02772,-0.02246,0.99928,-0.08155,-0.02403,-0.00197,0.99638,-0.09477,0.00541,-0.02178,0.99525,1.00,-0.08113,-0.05128,-0.00418,0.99538,-0.09500,-0.02189,-0.02363,0.99496,1.00
22388,-0.01274,0.02767,-0.02256,0.99928,-0.08155,-0.02400,-0.00196,0.99638,-0.09477,0.00540,-0.02188,0.99524,1.00,-0.08111,-0.05125,-0.00418,0.99538,-0.09500,-0.02190,-0.02373,0.99495,1.00
22399,-0.01274,0.02760,-0.02262,0.99928,-0.08154,-0.02394,-0.00196,0.99638,-0.09477,0.00540,-0.02194,0.99524,1.00,-0.08111,-0.05119,-0.00417,0.99538,-0.09500,-0.02190,-0.02379,0.99495,1.00
22410,-0.01273,0.02751,-0.02266,0.99928,-0.08163,-0.02373,-0.00194,0.99638,-0.09485,0.00553,-0.02197,0.99523,1.00,-0.08120,-0.05098,-0.00416,0.99538,-0.09509,-0.02177,-0.02383,0.99495,1.00
22422,-0.01270,0.02744,-0.02270,0.99929,-0.08167,-0.02366,-0.00194,0.99638,-0.09485,0.00553,-0.02201,0.99523,1.00,-0.08124,-0.05091,-0.00416,0.99539,-0.09509,-0.02177,-0.02387,0.99494,1.00
22433,-0.01269,0.02738,-0.02270,0.99929,-0.08167,-0.02361,-0.00193,0.99638,-0.09485,0.00553,-0.02202,0.99523,1.00,-0.08124,-0.05086,-0.00415,0.99539,-0.09509,-0.02177,-0.02387,0.99494,1.00
22444,-0.01265,0.02735,-0.02269,0.99929,-0.08178,-0.02580,-0.00212,0.99631,-0.09497,0.00330,-0.02216,0.99523,1.00,-0.08134,-0.05304,-0.00433,0.99526,-0.09519,-0.02399,-0.02401,0.99488,1.00
22455,-0.01260,0.02728,-0.02267,0.99929,-0.08184,-0.02572,-0.00211,0.99631,-0.09497,0.00330,-0.02214,0.99523,1.00,-0.08139,-0.05297,-0.00433,0.99526,-0.09519,-0.02399,-0.02400,0.99488,1.00
22466,-0.01259,0.02727,-0.02260,0.99929,-0.08184,-0.02570,-0.00211,0.99631,-0.09497,0.00330,-0.02208,0.99523,1.00,-0.08140,-0.05295,-0.00433,0.99526,-0.09519,-0.02399,-0.02394,0.99488,1.00
22477,-0.01259,0.02725,-0.02261,0.99929,-0.08199,-0.02908,-0.00239,0.99621,-0.09520,-0.00009,-0.02232,0.99521,1.00,-0.08152,-0.05631,-0.00461,0.99507,-0.09539,-0.02736,-0.02418,0.99477,1.00
22488,-0.01262,0.02726,-0.02256,0.99929,-0.08196,-0.02908,-0.00239,0.99621,-0.09520,-0.00008,-0.02227,0.99521,1.00,-0.08149,-0.05631,-0.00461,0.99507,-0.09539,-0.02736,-0.02413,0.99477,1.00
22500,-0.01269,0.02728,-0.02259,0.99929,-0.08189,-0.02910,-0.00239,0.99621,-0.09520,-0.00008,-0.02229,0.99521,1.00,-0.08142,-0.05632,-0.00461,0.99508,-0.09539,-0.02736,-0.02415,0.99477,1.00
22511,-0.01274,0.02724,-0.02259,0.99929,-0.08130,-0.02957,-0.00241,0.99625,-0.09467,-0.00060,-0.02232,0.99526,1.00,-0.08083,-0.05679,-0.00461,0.99510,-0.09485,-0.02787,-0.02416,0.99481,1.00
22522,-0.01280,0.02727,-0.02266,0.99929,-0.08123,-0.02961,-0.00241,0.99625,-0.09467,-0.00061,-0.02240,0.99526,1.00,-0.08075,-0.05683,-0.00461,0.99510,-0.09485,-0.02788,-0.02423,0.99481,1.00
22533,-0.01284,0.02721,-0.02271,0.99929,-0.08120,-0.02955,-0.00241,0.99626,-0.09467,-0.00061,-0.02244,0.99526,1.00,-0.08072,-0.05677,-0.00460,0.99511,-0.09485,-0.02788,-0.02427,0.99481,1.00
22544,-0.01286,0.02720,-0.02274,0.99929,-0.08117,-0.02954,-0.00241,0.99626,-0.09467,-0.00061,-0.02247,0.99526,1.00,-0.08069,-0.05676,-0.00460,0.99511,-0.09485,-0.02788,-0.02431,0.99480,1.00
22555,-0.01290,0.02720,-0.02282,0.99929,-0.08016,-0.03141,-0.00253,0.99628,-0.09373,-0.00250,-0.02268,0.99534,1.00,-0.07966,-0.05862,-0.00469,0.99509,-0.09390,-0.02975,-0.02448,0.99484,1.00
22566,-0.01294,0.02715,-0.02283,0.99929,-0.08011,-0.03136,-0.00252,0.99629,-0.09373,-0.00250,-0.02268,0.99534,1.00,-0.07961,-0.05856,-0.00469,0.99509,-0.09390,-0.02975,-0.02448,0.99484,1.00
22578,-0.01301,0.02716,-0.02285,0.99929,-0.07909,-0.03195,-0.00254,0.99635,-0.09280,-0.00309,-0.02274,0.99542,1.00,-0.07860,-0.05914,-0.00467,0.99514,-0.09297,-0.03033,-0.02451,0.99491,1.00
22589,-0.01307,0.02714,-0.02282,0.99929,-0.07903,-0.03192,-0.00253,0.99636,-0.09280,-0.00309,-0.02270,0.99542,1.00,-0.07854,-0.05911,-0.00467,0.99515,-0.09297,-0.03033,-0.02447,0.99491,1.00
22600,-0.01320,0.02719,-0.02274,0.99928,-0.07890,-0.03195,-0.00253,0.99637,-0.09280,-0.00308,-0.02262,0.99542,1.00,-0.07842,-0.05914,-0.00466,0.99515,-0.09297,-0.03032,-0.02437,0.99491,1.00
22611,-0.01330,0.02724,-0.02268,0.99928,-0.07895,-0.03201,-0.00254,0.99636,-0.09294,-0.00309,-0.02255,0.99541,1.00,-0.07847,-0.05920,-0.00467,0.99515,-0.09312,-0.03033,-0.02431,0.99490,1.00
22622,-0.01337,0.02734,-0.02263,0.99928,-0.07888,-0.03210,-0.00254,0.99636,-0.09294,-0.00309,-0.02250,0.99541,1.00,-0.07840,-0.05929,-0.00467,0.99515,-0.09312,-0.03033,-0.02425,0.99490,1.00
22633,-0.01343,0.02741,-0.02264,0.99928,-0.07882,-0.03217,-0.00254,0.99637,-0.09294,-0.00309,-0.02251,0.99541,1.00,-0.07834,-0.05935,-0.00467,0.99515,-0.09312,-0.03033,-0.02426,0.99490,1.00
22644,-0.01343,0.02755,-0.02274,0.99927,-0.07858,-0.03244,-0.00256,0.99638,-0.09271,-0.00322,-0.02261,0.99543,1.00,-0.07809,-0.05963,-0.00468,0.99515,-0.09288,-0.03046,-0.02435,0.99491,1.00
22656,-0.01344,0.02762,-0.02276,0.99927,-0.07856,-0.03251,-0.00256,0.99638,-0.09271,-0.00322,-0.02263,0.99543,1.00,-0.07807,-0.05970,-0.00468,0.99515,-0.09288,-0.03046,-0.02437,0.99491,1.00
22667,-0.01345,0.02767,-0.02279,0.99927,-0.07855,-0.03258,-0.00257,0.99637,-0.09271,-0.00322,-0.02266,0.99543,1.00,-0.07806,-0.05976,-0.00469,0.99514,-0.09288,-0.03046,-0.02440,0.99491,1.00
22678,-0.01346,0.02771,-0.02277,0.99927,-0.07792,-0.03237,-0.00253,0.99643,-0.09208,-0.00300,-0.02262,0.99549,1.00,-0.07743,-0.05955,-0.00463,0.99521,-0.09226,-0.03023,-0.02434,0.99498,1.00
22689,-0.01348,0.02765,-0.02271,0.99927,-0.07790,-0.03230,-0.00253,0.99643,-0.09208,-0.00299,-0.02256,0.99549,1.00,-0.07742,-0.05948,-0.00463,0.99521,-0.09226,-0.03023,-0.02428,0.99498,1.00
22700,-0.01354,0.02760,-0.02265,0.99927,-0.07784,-0.03224,-0.00252,0.99644,-0.09208,-0.00299,-0.02250,0.99549,1.00,-0.07737,-0.05942,-0.00462,0.99522,-0.09226,-0.03022,-0.02421,0.99498,1.00
22711,-0.01365,0.02753,-0.02264,0.99927,-0.07786,-0.02371,-0.00185,0.99668,-0.09199,0.00548,-0.02195,0.99550,1.00,-0.07747,-0.05094,-0.00396,0.99568,-0.09227,-0.02179,-0.02368,0.99521,1.00
22722,-0.01378,0.02750,-0.02269,0.99927,-0.07773,-0.02368,-0.00185,0.99669,-0.09199,0.00548,-0.02200,0.99550,1.00,-0.07734,-0.05091,-0.00395,0.99570,-0.09226,-0.02179,-0.02371,0.99521,1.00
22733,-0.01386,0.02746,-0.02279,0.99927,-0.07764,-0.02366,-0.00184,0.99670,-0.09199,0.00547,-0.02210,0.99550,1.00,-0.07725,-0.05089,-0.00395,0.99570,-0.09226,-0.02180,-0.02381,0.99521,1.00
22745,-0.01380,0.02743,-0.02298,0.99926,-0.07770,-0.02366,-0.00184,0.99669,-0.09199,0.00545,-0.02229,0.99550,1.00,-0.07730,-0.05089,-0.00395,0.99570,-0.09226,-0.02182,-0.02400,0.99521,1.00
22756,-0.01376,0.02747,-0.02315,0.99926,-0.07793,-0.02253,-0.00176,0.99670,-0.09216,0.00665,-0.02239,0.99547,1.00,-0.07753,-0.04977,-0.00387,0.99574,-0.09243,-0.02063,-0.02411,0.99521,1.00
22767,-0.01361,0.02747,-0.02316,0.99926,-0.07808,-0.02254,-0.00177,0.99669,-0.09216,0.00664,-0.02240,0.99547,1.00,-0.07768,-0.04977,-0.00388,0.99573,-0.09243,-0.02064,-0.02413,0.99521,1.00
22778,-0.01351,0.02752,-0.02312,0.99926,-0.07985,-0.02235,-0.00179,0.99655,-0.09382,0.00692,-0.02233,0.99531,1.00,-0.07945,-0.04960,-0.00396,0.99560,-0.09410,-0.02038,-0.02412,0.99506,1.00
22789,-0.01335,0.02756,-0.02290,0.99927,-0.08001,-0.02235,-0.00179,0.99654,-0.09382,0.00694,-0.02211,0.99532,1.00,-0.07963,-0.04960,-0.00397,0.99558,-0.09410,-0.02036,-0.02391,0.99507,1.00
22800,-0.01317,0.02761,-0.02258,0.99928,-0.08020,-0.02234,-0.00180,0.99653,-0.09382,0.00697,-0.02179,0.99533,1.00,-0.07983,-0.04960,-0.00398,0.99557,-0.09411,-0.02033,-0.02360,0.99507,1.00
22811,-0.01298,0.02763,-0.02241,0.99928,-0.08020,-0.02254,-0.00181,0.99652,-0.09364,0.00679,-0.02164,0.99535,1.00,-0.07984,-0.04979,-0.00399,0.99556,-0.09393,-0.02051,-0.02345,0.99509,1.00
22822,-0.01291,0.02768,-0.02244,0.99928,-0.08028,-0.02259,-0.00182,0.99651,-0.09364,0.00678,-0.02167,0.99535,1.00,-0.07991,-0.04985,-0.00400,0.99555,-0.09393,-0.02051,-0.02348,0.99509,1.00
22834,-0.01281,0.02765,-0.02236,0.99929,-0.08037,-0.02255,-0.00182,0.99651,-0.09364,0.00679,-0.02158,0.99535,1.00,-0.08001,-0.04980,-0.00400,0.99554,-0.09393,-0.02050,-0.02341,0.99509,1.00
22845,-0.01280,0.02758,-0.02237,0.99929,-0.07910,-0.02350,-0.00187,0.99659,-0.09238,0.00575,-0.02167,0.99547,1.00,-0.07872,-0.05074,-0.00401,0.99560,-0.09265,-0.02153,-0.02346,0.99519,1.00
22856,-0.01271,0.02754,-0.02233,0.99929,-0.07919,-0.02345,-0.00186,0.99658,-0.09238,0.00576,-0.02164,0.99547,1.00,-0.07881,-0.05069,-0.00401,0.99559,-0.09265,-0.02153,-0.02343,0.99519,1.00
22867,-0.01268,0.02744,-0.02235,0.99929,-0.07923,-0.02336,-0.00186,0.99658,-0.09238,0.00575,-0.02166,0.99547,1.00,-0.07885,-0.05060,-0.00401,0.99559,-0.09265,-0.02153,-0.02345,0.99519,1.00
22878,-0.01266,0.02727,-0.02232,0.99930,-0.07900,-0.02370,-0.00188,0.99659,-0.09214,0.00524,-0.02166,0.99550,1.00,-0.07861,-0.05093,-0.00402,0.99560,-0.09240,-0.02204,-0.02345,0.99520,1.00
22889,-0.01259,0.02706,-0.02234,0.99930,-0.07907,-0.02349,-0.00186,0.99659,-0.09214,0.00524,-0.02170,0.99550,1.00,-0.07868,-0.05073,-0.00401,0.99560,-0.09240,-0.02204,-0.02348,0.99520,1.00
22900,-0.01256,0.02690,-0.02240,0.99931,-0.07910,-0.02334,-0.00185,0.99659,-0.09214,0.00523,-0.02175,0.99549,1.00,-0.07871,-0.05058,-0.00400,0.99561,-0.09240,-0.02205,-0.02354,0.99520,1.00
22912,-0.01249,0.02680,-0.02251,0.99931,-0.07996,-0.02309,-0.00185,0.99653,-0.09292,0.00541,-0.02185,0.99542,1.00,-0.07955,-0.05034,-0.00402,0.99555,-0.09317,-0.02188,-0.02367,0.99513,1.00
22923,-0.01255,0.02668,-0.02259,0.99931,-0.07990,-0.02299,-0.00184,0.99654,-0.09292,0.00540,-0.02193,0.99542,1.00,-0.07949,-0.05023,-0.00401,0.99556,-0.09317,-0.02189,-0.02374,0.99513,1.00
22934,-0.01255,0.02665,-0.02265,0.99931,-0.07990,-0.02296,-0.00184,0.99654,-0.09292,0.00539,-0.02200,0.99542,1.00,-0.07949,-0.05021,-0.00401,0.99556,-0.09317,-0.02189,-0.02381,0.99512,1.00
22945,-0.01263,0.02661,-0.02264,0.99931,-0.07971,-0.02132,-0.00170,0.99659,-0.09276,0.00700,-0.02188,0.99542,1.00,-0.07932,-0.04857,-0.00387,0.99566,-0.09304,-0.02029,-0.02369,0.99517,1.00
22956,-0.01283,0.02666,-0.02261,0.99931,-0.07950,-0.02135,-0.00170,0.99660,-0.09276,0.00701,-0.02185,0.99542,1.00,-0.07912,-0.04860,-0.00386,0.99567,-0.09304,-0.02029,-0.02364,0.99517,1.00
22967,-0.01292,0.02676,-0.02261,0.99930,-0.07942,-0.02145,-0.00171,0.99661,-0.09276,0.00701,-0.02184,0.99542,1.00,-0.07903,-0.04870,-0.00387,0.99567,-0.09304,-0.02028,-0.02363,0.99518,1.00
22979,-0.01296,0.02693,-0.02275,0.99929,-0.07877,-0.02180,-0.00172,0.99665,-0.09217,0.00683,-0.02199,0.99548,1.00,-0.07838,-0.04905,-0.00386,0.99571,-0.09245,-0.02046,-0.02376,0.99522,1.00
22990,-0.01300,0.02720,-0.02294,0.99928,-0.07872,-0.02210,-0.00175,0.99665,-0.09217,0.00681,-0.02218,0.99547,1.00,-0.07832,-0.04935,-0.00388,0.99570,-0.09245,-0.02048,-0.02395,0.99522,1.00
23001,-0.01310,0.02743,-0.02304,0.99927,-0.07861,-0.02234,-0.00176,0.99665,-0.09217,0.00680,-0.02227,0.99547,1.00,-0.07820,-0.04958,-0.00389,0.99570,-0.09244,-0.02049,-0.02404,0.99522,1.00
23012,-0.01316,0.02768,-0.02296,0.99927,-0.07874,-0.02400,-0.00190,0.99660,-0.09239,0.00538,-0.02228,0.99546,1.00,-0.07833,-0.05124,-0.00403,0.99560,-0.09266,-0.02190,-0.02404,0.99517,1.00
23023,-0.01319,0.02792,-0.02292,0.99926,-0.07870,-0.02423,-0.00191,0.99660,-0.09239,0.00539,-0.02223,0.99546,1.00,-0.07830,-0.05147,-0.00405,0.99559,-0.09266,-0.02190,-0.02400,0.99517,1.00
23034,-0.01310,0.02810,-0.02280,0.99926,-0.07878,-0.02440,-0.00193,0.99659,-0.09239,0.00540,-0.02212,0.99546,1.00,-0.07839,-0.05163,-0.00407,0.99558,-0.09266,-0.02189,-0.02388,0.99517,1.00
23045,-0.01298,0.02827,-0.02286,0.99925,-0.07988,-0.02454,-0.00197,0.99650,-0.09337,0.00545,-0.02217,0.99537,1.00,-0.07948,-0.05178,-0.00413,0.99548,-0.09364,-0.02184,-0.02397,0.99508,1.00
23056,-0.01286,0.02836,-0.02293,0.99925,-0.07999,-0.02465,-0.00198,0.99649,-0.09337,0.00544,-0.02224,0.99537,1.00,-0.07958,-0.05189,-0.00415,0.99547,-0.09364,-0.02185,-0.02404,0.99508,1.00
23067,-0.01269,0.02842,-0.02304,0.99925,-0.08016,-0.02473,-0.00199,0.99647,-0.09337,0.00543,-0.02235,0.99537,1.00,-0.07975,-0.05197,-0.00416,0.99545,-0.09363,-0.02186,-0.02417,0.99507,1.00
23078,-0.01263,0.02840,-0.02312,0.99925,-0.08131,-0.02418,-0.00197,0.99639,-0.09445,0.00599,-0.02239,0.99526,1.00,-0.08089,-0.05144,-0.00418,0.99539,-0.09470,-0.02131,-0.02424,0.99498,1.00
23089,-0.01250,0.02834,-0.02321,0.99925,-0.08144,-0.02414,-0.00197,0.99638,-0.09445,0.00598,-0.02249,0.99526,1.00,-0.08101,-0.05139,-0.00418,0.99538,-0.09470,-0.02132,-0.02434,0.99498,1.00
23100,-0.01247,0.02834,-0.02326,0.99925,-0.08147,-0.02415,-0.00197,0.99638,-0.09445,0.00598,-0.02254,0.99526,1.00,-0.08103,-0.05140,-0.00418,0.99538,-0.09470,-0.02132,-0.02439,0.99498,1.00
23112,-0.01242,0.02822,-0.02329,0.99925,-0.08072,-0.02374,-0.00192,0.99645,-0.09364,0.00626,-0.02256,0.99533,1.00,-0.08030,-0.05099,-0.00411,0.99546,-0.09391,-0.02104,-0.02440,0.99506,1.00
23123,-0.01239,0.02815,-0.02328,0.99926,-0.08075,-0.02367,-0.00192,0.99645,-0.09364,0.00626,-0.02255,0.99533,1.00,-0.08034,-0.05092,-0.00411,0.99546,-0.09391,-0.02104,-0.02439,0.99506,1.00
23134,-0.01233,0.02809,-0.02325,0.99926,-0.08081,-0.02361,-0.00191,0.99645,-0.09364,0.00626,-0.02252,0.99533,1.00,-0.08039,-0.05086,-0.00411,0.99546,-0.09391,-0.02103,-0.02437,0.99506,1.00
23145,-0.01226,0.02806,-0.02335,0.99926,-0.08089,-0.02359,-0.00192,0.99644,-0.09364,0.00625,-0.02262,0.99533,1.00,-0.08046,-0.05084,-0.00411,0.99545,-0.09391,-0.02104,-0.02447,0.99506,1.00
23156,-0.01212,0.02811,-0.02343,0.99926,-0.08136,-0.02300,-0.00188,0.99642,-0.09397,0.00691,-0.02265,0.99529,1.00,-0.08095,-0.05026,-0.00409,0.99544,-0.09424,-0.02039,-0.02452,0.99504,1.00
23167,-0.01202,0.02814,-0.02348,0.99926,-0.08146,-0.02304,-0.00188,0.99641,-0.09397,0.00690,-0.02270,0.99529,1.00,-0.08105,-0.05029,-0.00409,0.99543,-0.09424,-0.02040,-0.02458,0.99504,1.00
23179,-0.01195,0.02818,-0.02344,0.99926,-0.08167,-0.02311,-0.00189,0.99639,-0.09411,0.00687,-0.02267,0.99528,1.00,-0.08125,-0.05037,-0.00411,0.99541,-0.09439,-0.02043,-0.02455,0.99502,1.00
23190,-0.01189,0.02825,-0.02344,0.99926,-0.08172,-0.02318,-0.00190,0.99638,-0.09411,0.00687,-0.02268,0.99528,1.00,-0.08131,-0.05044,-0.00412,0.99540,-0.09439,-0.02043,-0.02456,0.99502,1.00
23201,-0.01185,0.02832,-0.02347,0.99925,-0.08176,-0.02326,-0.00191,0.99638,-0.09411,0.00687,-0.02270,0.99528,1.00,-0.08134,-0.05052,-0.00413,0.99540,-0.09438,-0.02043,-0.02459,0.99502,1.00
23212,-0.01178,0.02839,-0.02346,0.99925,-0.08287,-0.02453,-0.00204,0.99626,-0.09517,0.00569,-0.02277,0.99518,1.00,-0.08244,-0.05179,-0.00429,0.99524,-0.09544,-0.02162,-0.02469,0.99489,1.00
23223,-0.01172,0.02845,-0.02340,0.99925,-0.08292,-0.02459,-0.00205,0.99625,-0.09517,0.00569,-0.02271,0.99519,1.00,-0.08250,-0.05185,-0.00430,0.99523,-0.09544,-0.02161,-0.02463,0.99490,1.00
23234,-0.01164,0.02848,-0.02331,0.99926,-0.08301,-0.02460,-0.00205,0.99624,-0.09517,0.00570,-0.02262,0.99519,1.00,-0.08259,-0.05186,-0.00430,0.99522,-0.09544,-0.02160,-0.02454,0.99490,1.00
23245,-0.01155,0.02852,-0.02320,0.99926,-0.08291,-0.02468,-0.00205,0.99625,-0.09498,0.00565,-0.02252,0.99521,1.00,-0.08249,-0.05194,-0.00431,0.99523,-0.09525,-0.02165,-0.02444,0.99492,1.00
23256,-0.01137,0.02847,-0.02307,0.99926,-0.08309,-0.02461,-0.00205,0.99624,-0.09498,0.00566,-0.02238,0.99521,1.00,-0.08268,-0.05187,-0.00431,0.99522,-0.09525,-0.02164,-0.02432,0.99492,1.00
23268,-0.01123,0.02853,-0.02310,0.99926,-0.08322,-0.02468,-0.00206,0.99622,-0.09498,0.00566,-0.02243,0.99521,1.00,-0.08281,-0.05194,-0.00432,0.99520,-0.09525,-0.02164,-0.02437,0.99492,1.00
23279,-0.01105,0.02845,-0.02299,0.99927,-0.08215,-0.02512,-0.00207,0.99630,-0.09373,0.00511,-0.02236,0.99533,1.00,-0.08174,-0.05237,-0.00430,0.99527,-0.09400,-0.02218,-0.02427,0.99503,1.00
23290,-0.01090,0.02842,-0.02299,0.99927,-0.08230,-0.02509,-0.00207,0.99629,-0.09373,0.00511,-0.02237,0.99533,1.00,-0.08188,-0.05234,-0.00431,0.99526,-0.09400,-0.02219,-0.02429,0.99503,1.00
23301,-0.01076,0.02836,-0.02288,0.99928,-0.08245,-0.02501,-0.00207,0.99628,-0.09373,0.00512,-0.02226,0.99534,1.00,-0.08204,-0.05226,-0.00431,0.99525,-0.09400,-0.02218,-0.02419,0.99503,1.00
23312,-0.01069,0.02828,-0.02280,0.99928,-0.08136,-0.02873,-0.00235,0.99627,-0.09267,0.00129,-0.02245,0.99544,1.00,-0.08091,-0.05596,-0.00455,0.99514,-0.09289,-0.02598,-0.02435,0.99504,1.00
23323,-0.01057,0.02818,-0.02281,0.99929,-0.08148,-0.02864,-0.00234,0.99626,-0.09267,0.00129,-0.02247,0.99544,1.00,-0.08103,-0.05586,-0.00455,0.99513,-0.09289,-0.02598,-0.02437,0.99504,1.00
23334,-0.01045,0.02809,-0.02275,0.99929,-0.08160,-0.02854,-0.00234,0.99625,-0.09267,0.00130,-0.02241,0.99544,1.00,-0.08116,-0.05577,-0.00455,0.99513,-0.09289,-0.02597,-0.02432,0.99504,1.00
23346,-0.01032,0.02797,-0.02263,0.99930,-0.08101,-0.02930,-0.00238,0.99628,-0.09197,0.00039,-0.02236,0.99551,1.00,-0.08055,-0.05652,-0.00458,0.99514,-0.09218,-0.02687,-0.02426,0.99508,1.00
23357,-0.01017,0.02785,-0.02248,0.99931,-0.08117,-0.02916,-0.00238,0.99627,-0.09197,0.00040,-0.02221,0.99551,1.00,-0.08072,-0.05638,-0.00457,0.99513,-0.09218,-0.02686,-0.02412,0.99509,1.00
23368,-0.01008,0.02777,-0.02229,0.99931,-0.08126,-0.02905,-0.00237,0.99627,-0.09197,0.00042,-0.02203,0.99552,1.00,-0.08082,-0.05628,-0.00457,0.99513,-0.09218,-0.02684,-0.02394,0.99509,1.00
23379,-0.00998,0.02762,-0.02221,0.99932,-0.08134,-0.02915,-0.00238,0.99626,-0.09195,0.00016,-0.02197,0.99552,1.00,-0.08090,-0.05637,-0.00458,0.99512,-0.09216,-0.02711,-0.02388,0.99509,1.00
23390,-0.00991,0.02756,-0.02210,0.99933,-0.08143,-0.02908,-0.00238,0.99625,-0.09195,0.00017,-0.02186,0.99552,1.00,-0.08099,-0.05630,-0.00458,0.99511,-0.09216,-0.02710,-0.02378,0.99509,1.00
23401,-0.00999,0.02752,-0.02199,0.99933,-0.08135,-0.02902,-0.00237,0.99626,-0.09195,0.00018,-0.02175,0.99553,1.00,-0.08092,-0.05624,-0.00457,0.99512,-0.09216,-0.02709,-0.02367,0.99509,1.00
23412,-0.01001,0.02746,-0.02197,0.99933,-0.08255,-0.02847,-0.00236,0.99618,-0.09315,0.00070,-0.02170,0.99542,1.00,-0.08210,-0.05570,-0.00460,0.99506,-0.09335,-0.02658,-0.02365,0.99500,1.00
23424,-0.00991,0.02747,-0.02201,0.99933,-0.08264,-0.02848,-0.00236,0.99617,-0.09315,0.00070,-0.02174,0.99541,1.00,-0.08218,-0.05572,-0.00460,0.99505,-0.09335,-0.02658,-0.02369,0.99500,1.00
23435,-0.00977,0.02753,-0.02209,0.99933,-0.08278,-0.02856,-0.00237,0.99616,-0.09315,0.00069,-0.02182,0.99541,1.00,-0.08232,-0.05579,-0.00462,0.99503,-0.09334,-0.02659,-0.02379,0.99499,1.00
23446,-0.00970,0.02765,-0.02217,0.99932,-0.08390,-0.02891,-0.00244,0.99605,-0.09421,0.00049,-0.02192,0.99531,1.00,-0.08342,-0.05615,-0.00471,0.99492,-0.09439,-0.02680,-0.02391,0.99489,1.00
23457,-0.00956,0.02780,-0.02210,0.99932,-0.08404,-0.02905,-0.00245,0.99604,-0.09421,0.00049,-0.02185,0.99531,1.00,-0.08356,-0.05629,-0.00473,0.99490,-0.09439,-0.02679,-0.02386,0.99489,1.00
23468,-0.00945,0.02800,-0.02198,0.99932,-0.08415,-0.02923,-0.00247,0.99602,-0.09421,0.00051,-0.02173,0.99531,1.00,-0.08368,-0.05647,-0.00475,0.99488,-0.09439,-0.02678,-0.02374,0.99489,1.00
23479,-0.00938,0.02811,-0.02173,0.99932,-0.08275,-0.03010,-0.00250,0.99611,-0.09276,-0.00031,-0.02154,0.99546,1.00,-0.08228,-0.05733,-0.00474,0.99495,-0.09294,-0.02759,-0.02351,0.99501,1.00
23490,-0.00931,0.02822,-0.02146,0.99933,-0.08282,-0.03017,-0.00251,0.99610,-0.09276,-0.00029,-0.02127,0.99546,1.00,-0.08237,-0.05740,-0.00475,0.99494,-0.09295,-0.02756,-0.02324,0.99502,1.00
23502,-0.00927,0.02828,-0.02131,0.99933,-0.08287,-0.03020,-0.00251,0.99610,-0.09276,-0.00027,-0.02112,0.99546,1.00,-0.08243,-0.05743,-0.00476,0.99493,-0.09295,-0.02755,-0.02310,0.99502,1.00
23513,-0.00922,0.02834,-0.02123,0.99933,-0.08344,-0.03001,-0.00251,0.99606,-0.09327,-0.00002,-0.02101,0.99542,1.00,-0.08298,-0.05724,-0.00477,0.99489,-0.09345,-0.02730,-0.02301,0.99498,1.00
23524,-0.00924,0.02832,-0.02113,0.99933,-0.08342,-0.02998,-0.00251,0.99606,-0.09327,-0.00001,-0.02092,0.99542,1.00,-0.08297,-0.05721,-0.00477,0.99490,-0.09345,-0.02729,-0.02291,0.99499,1.00
23535,-0.00928,0.02830,-0.02108,0.99933,-0.08339,-0.02995,-0.00251,0.99606,-0.09327,0.00000,-0.02086,0.99542,1.00,-0.08294,-0.05718,-0.00477,0.99490,-0.09345,-0.02728,-0.02286,0.99499,1.00
23546,-0.00928,0.02831,-0.02097,0.99934,-0.08338,-0.02994,-0.00251,0.99606,-0.09327,0.00001,-0.02075,0.99542,1.00,-0.08294,-0.05717,-0.00477,0.99490,-0.09346,-0.02727,-0.02274,0.99499,1.00
23557,-0.00938,0.02817,-0.02090,0.99934,-0.08220,-0.02919,-0.00241,0.99619,-0.09217,0.00058,-0.02064,0.99553,1.00,-0.08175,-0.05642,-0.00464,0.99504,-0.09234,-0.02669,-0.02260,0.99511,1.00
23568,-0.00948,0.02804,-0.02083,0.99934,-0.08211,-0.02905,-0.00239,0.99620,-0.09217,0.00059,-0.02056,0.99553,1.00,-0.08166,-0.05628,-0.00462,0.99506,-0.09234,-0.02668,-0.02251,0.99512,1.00
23580,-0.00951,0.02786,-0.02072,0.99935,-0.08301,-0.02839,-0.00237,0.99614,-0.09308,0.00108,-0.02042,0.99545,1.00,-0.08256,-0.05562,-0.00461,0.99502,-0.09325,-0.02620,-0.02240,0.99505,1.00
23591,-0.00953,0.02774,-0.02060,0.99936,-0.08300,-0.02825,-0.00235,0.99615,-0.09308,0.00109,-0.02030,0.99545,1.00,-0.08255,-0.05549,-0.00460,0.99503,-0.09325,-0.02619,-0.02228,0.99505,1.00
23602,-0.00946,0.02767,-0.02049,0.99936,-0.08307,-0.02816,-0.00235,0.99614,-0.09308,0.00110,-0.02020,0.99545,1.00,-0.08263,-0.05540,-0.00460,0.99503,-0.09325,-0.02618,-0.02218,0.99505,1.00
23613,-0.00936,0.02753,-0.02045,0.99937,-0.08407,-0.02831,-0.00239,0.99606,-0.09398,0.00083,-0.02018,0.99537,1.00,-0.08361,-0.05555,-0.00467,0.99494,-0.09413,-0.02646,-0.02219,0.99496,1.00
23624,-0.00926,0.02751,-0.02044,0.99937,-0.08417,-0.02829,-0.00239,0.99605,-0.09398,0.00083,-0.02017,0.99537,1.00,-0.08371,-0.05553,-0.00467,0.99493,-0.09413,-0.02645,-0.02218,0.99496,1.00
23635,-0.00912,0.02750,-0.02033,0.99937,-0.08431,-0.02825,-0.00239,0.99604,-0.09398,0.00084,-0.02006,0.99537,1.00,-0.08385,-0.05550,-0.00468,0.99492,-0.09414,-0.02645,-0.02209,0.99496,1.00
23646,-0.00917,0.02747,-0.02020,0.99938,-0.08422,-0.02697,-0.00228,0.99608,-0.09391,0.00208,-0.01984,0.99538,1.00,-0.08378,-0.05423,-0.00457,0.99500,-0.09407,-0.02521,-0.02186,0.99501,1.00
23658,-0.00915,0.02746,-0.02003,0.99938,-0.08424,-0.02694,-0.00228,0.99608,-0.09391,0.00210,-0.01967,0.99538,1.00,-0.08381,-0.05420,-0.00456,0.99500,-0.09407,-0.02520,-0.02169,0.99501,1.00
23669,-0.00912,0.02743,-0.02002,0.99938,-0.08428,-0.02691,-0.00228,0.99608,-0.09391,0.00210,-0.01966,0.99538,1.00,-0.08384,-0.05416,-0.00456,0.99500,-0.09407,-0.02520,-0.02169,0.99501,1.00
23680,-0.00907,0.02748,-0.02008,0.99938,-0.08515,-0.02718,-0.00232,0.99599,-0.09474,0.00189,-0.01974,0.99530,1.00,-0.08469,-0.05444,-0.00463,0.99491,-0.09488,-0.02541,-0.02179,0.99493,1.00
23691,-0.00907,0.02754,-0.02022,0.99938,-0.08515,-0.02727,-0.00233,0.99599,-0.09474,0.00188,-0.01988,0.99530,1.00,-0.08468,-0.05453,-0.00464,0.99490,-0.09488,-0.02543,-0.02193,0.99492,1.00
23702,-0.00906,0.02758,-0.02025,0.99937,-0.08515,-0.02732,-0.00234,0.99599,-0.09474,0.00187,-0.01990,0.99530,1.00,-0.08468,-0.05458,-0.00465,0.99490,-0.09488,-0.02543,-0.02196,0.99492,1.00
23713,-0.00901,0.02763,-0.02020,0.99937,-0.08508,-0.02739,-0.00234,0.99599,-0.09463,0.00185,-0.01986,0.99531,1.00,-0.08462,-0.05464,-0.00465,0.99490,-0.09476,-0.02545,-0.02191,0.99493,1.00
23724,-0.00894,0.02763,-0.02002,0.99938,-0.08516,-0.02735,-0.00234,0.99599,-0.09463,0.00187,-0.01968,0.99532,1.00,-0.08470,-0.05461,-0.00465,0.99490,-0.09477,-0.02544,-0.02174,0.99494,1.00
23735,-0.00886,0.02763,-0.01987,0.99938,-0.08524,-0.02733,-0.00234,0.99598,-0.09462,0.00188,-0.01953,0.99532,1.00,-0.08479,-0.05459,-0.00465,0.99489,-0.09477,-0.02542,-0.02160,0.99494,1.00
23747,-0.00883,0.02764,-0.01977,0.99938,-0.08312,-0.02846,-0.00237,0.99613,-0.09250,0.00072,-0.01951,0.99552,1.00,-0.08267,-0.05570,-0.00463,0.99501,-0.09264,-0.02656,-0.02151,0.99511,1.00
23758,-0.00875,0.02764,-0.01971,0.99939,-0.08321,-0.02844,-0.00238,0.99612,-0.09250,0.00072,-0.01946,0.99552,1.00,-0.08276,-0.05568,-0.00463,0.99500,-0.09264,-0.02656,-0.02146,0.99511,1.00
23769,-0.00867,0.02757,-0.01973,0.99939,-0.08329,-0.02838,-0.00237,0.99612,-0.09250,0.00072,-0.01948,0.99552,1.00,-0.08284,-0.05562,-0.00463,0.99500,-0.09264,-0.02656,-0.02150,0.99511,1.00
23780,-0.00861,0.02752,-0.01974,0.99939,-0.08319,-0.02852,-0.00238,0.99612,-0.09234,0.00053,-0.01951,0.99554,1.00,-0.08273,-0.05576,-0.00464,0.99500,-0.09247,-0.02675,-0.02152,0.99512,1.00
23791,-0.00860,0.02746,-0.01971,0.99939,-0.08320,-0.02846,-0.00238,0.99612,-0.09234,0.00053,-0.01948,0.99554,1.00,-0.08274,-0.05570,-0.00463,0.99500,-0.09247,-0.02675,-0.02149,0.99512,1.00
23802,-0.00852,0.02737,-0.01966,0.99940,-0.08328,-0.02837,-0.00237,0.99612,-0.09234,0.00054,-0.01943,0.99554,1.00,-0.08282,-0.05561,-0.00463,0.99500,-0.09247,-0.02675,-0.02144,0.99513,1.00
23814,-0.00847,0.02733,-0.01958,0.99940,-0.08458,-0.02841,-0.00241,0.99601,-0.09359,0.00046,-0.01937,0.99542,1.00,-0.08411,-0.05566,-0.00471,0.99489,-0.09371,-0.02683,-0.02142,0.99501,1.00
23825,-0.00841,0.02725,-0.01958,0.99940,-0.08465,-0.02833,-0.00241,0.99601,-0.09359,0.00046,-0.01936,0.99542,1.00,-0.08418,-0.05558,-0.00470,0.99489,-0.09371,-0.02683,-0.02142,0.99501,1.00
23836,-0.00831,0.02718,-0.01959,0.99940,-0.08475,-0.02827,-0.00241,0.99600,-0.09359,0.00046,-0.01938,0.99542,1.00,-0.08428,-0.05552,-0.00470,0.99488,-0.09371,-0.02683,-0.02144,0.99501,1.00
23847,-0.00822,0.02714,-0.01955,0.99941,-0.08574,-0.02839,-0.00244,0.99591,-0.09450,0.00032,-0.01935,0.99534,1.00,-0.08526,-0.05564,-0.00477,0.99479,-0.09461,-0.02698,-0.02144,0.99492,1.00
23858,-0.00818,0.02713,-0.01952,0.99941,-0.08578,-0.02837,-0.00244,0.99591,-0.09450,0.00032,-0.01932,0.99534,1.00,-0.08530,-0.05563,-0.00477,0.99479,-0.09461,-0.02698,-0.02141,0.99492,1.00
23869,-0.00820,0.02711,-0.01946,0.99941,-0.08577,-0.02834,-0.00244,0.99591,-0.09450,0.00033,-0.01926,0.99534,1.00,-0.08529,-0.05560,-0.00477,0.99479,-0.09461,-0.02697,-0.02135,0.99492,1.00
23880,-0.00815,0.02712,-0.01945,0.99941,-0.08563,-0.02662,-0.00229,0.99597,-0.09428,0.00205,-0.01912,0.99536,1.00,-0.08517,-0.05389,-0.00461,0.99490,-0.09441,-0.02526,-0.02122,0.99499,1.00
23891,-0.00815,0.02718,-0.01945,0.99941,-0.08564,-0.02669,-0.00229,0.99597,-0.09428,0.00205,-0.01912,0.99536,1.00,-0.08518,-0.05395,-0.00462,0.99489,-0.09441,-0.02526,-0.02121,0.99499,1.00
23903,-0.00813,0.02723,-0.01952,0.99941,-0.08566,-0.02675,-0.00230,0.99596,-0.09428,0.00204,-0.01919,0.99536,1.00,-0.08519,-0.05401,-0.00463,0.99489,-0.09441,-0.02526,-0.02128,0.99499,1.00
23914,-0.00811,0.02725,-0.01949,0.99941,-0.08573,-0.02663,-0.00229,0.99596,-0.09434,0.00219,-0.01915,0.99535,1.00,-0.08526,-0.05389,-0.00462,0.99489,-0.09446,-0.02512,-0.02125,0.99498,1.00
23925,-0.00813,0.02725,-0.01947,0.99941,-0.08571,-0.02662,-0.00229,0.99596,-0.09434,0.00219,-0.01913,0.99535,1.00,-0.08525,-0.05389,-0.00462,0.99489,-0.09446,-0.02512,-0.02123,0.99499,1.00
23936,-0.00814,0.02727,-0.01941,0.99941,-0.08570,-0.02662,-0.00229,0.99596,-0.09434,0.00220,-0.01906,0.99536,1.00,-0.08524,-0.05389,-0.00462,0.99489,-0.09446,-0.02511,-0.02116,0.99499,1.00
23947,-0.00818,0.02720,-0.01938,0.99941,-0.08474,-0.02619,-0.00223,0.99606,-0.09341,0.00255,-0.01901,0.99544,1.00,-0.08429,-0.05345,-0.00453,0.99500,-0.09355,-0.02475,-0.02108,0.99508,1.00
23958,-0.00824,0.02716,-0.01936,0.99941,-0.08469,-0.02614,-0.00222,0.99606,-0.09341,0.00255,-0.01899,0.99544,1.00,-0.08424,-0.05340,-0.00452,0.99500,-0.09355,-0.02475,-0.02105,0.99508,1.00
23969,-0.00831,0.02714,-0.01933,0.99941,-0.08462,-0.02611,-0.00222,0.99607,-0.09341,0.00255,-0.01896,0.99544,1.00,-0.08417,-0.05337,-0.00451,0.99501,-0.09355,-0.02475,-0.02102,0.99509,1.00
23981,-0.00842,0.02707,-0.01933,0.99941,-0.08440,-0.02609,-0.00221,0.99609,-0.09330,0.00251,-0.01896,0.99545,1.00,-0.08395,-0.05335,-0.00450,0.99503,-0.09343,-0.02479,-0.02101,0.99510,1.00
23992,-0.00848,0.02704,-0.01938,0.99941,-0.08434,-0.02607,-0.00221,0.99609,-0.09330,0.00250,-0.01901,0.99545,1.00,-0.08389,-0.05333,-0.00450,0.99504,-0.09343,-0.02480,-0.02106,0.99509,1.00
24003,-0.00851,0.02703,-0.01938,0.99941,-0.08431,-0.02605,-0.00221,0.99610,-0.09330,0.00250,-0.01901,0.99545,1.00,-0.08386,-0.05331,-0.00449,0.99504,-0.09343,-0.02480,-0.02106,0.99509,1.00
24014,-0.00853,0.02701,-0.01937,0.99941,-0.08444,-0.02635,-0.00223,0.99608,-0.09346,0.00219,-0.01902,0.99544,1.00,-0.08399,-0.05361,-0.00452,0.99501,-0.09358,-0.02511,-0.02107,0.99507,1.00
24025,-0.00852,0.02701,-0.01934,0.99941,-0.08444,-0.02634,-0.00223,0.99608,-0.09346,0.00219,-0.01899,0.99544,1.00,-0.08399,-0.05360,-0.00452,0.99501,-0.09358,-0.02511,-0.02104,0.99507,1.00
24036,-0.00848,0.02707,-0.01932,0.99941,-0.08449,-0.02639,-0.00224,0.99607,-0.09346,0.00220,-0.01897,0.99544,1.00,-0.08403,-0.05365,-0.00453,0.99501,-0.09358,-0.02511,-0.02103,0.99507,1.00
24047,-0.00847,0.02707,-0.01934,0.99941,-0.08458,-0.02692,-0.00229,0.99605,-0.09355,0.00167,-0.01903,0.99543,1.00,-0.08412,-0.05418,-0.00458,0.99497,-0.09367,-0.02563,-0.02109,0.99505,1.00
24059,-0.00848,0.02711,-0.01935,0.99941,-0.08458,-0.02696,-0.00229,0.99605,-0.09355,0.00167,-0.01904,0.99543,1.00,-0.08411,-0.05422,-0.00458,0.99497,-0.09367,-0.02563,-0.02109,0.99505,1.00
24070,-0.00852,0.02717,-0.01929,0.99941,-0.08454,-0.02701,-0.00229,0.99605,-0.09355,0.00168,-0.01898,0.99543,1.00,-0.08408,-0.05427,-0.00459,0.99497,-0.09367,-0.02562,-0.02103,0.99505,1.00
24081,-0.00856,0.02721,-0.01936,0.99941,-0.08505,-0.02785,-0.00238,0.99598,-0.09413,0.00089,-0.01910,0.99538,1.00,-0.08457,-0.05511,-0.00468,0.99488,-0.09423,-0.02641,-0.02117,0.99498,1.00
24092,-0.00861,0.02725,-0.01943,0.99940,-0.08500,-0.02791,-0.00238,0.99599,-0.09413,0.00088,-0.01918,0.99538,1.00,-0.08452,-0.05516,-0.00469,0.99488,-0.09423,-0.02642,-0.02124,0.99497,1.00
24103,-0.00872,0.02726,-0.01952,0.99940,-0.08488,-0.02793,-0.00238,0.99600,-0.09413,0.00087,-0.01926,0.99537,1.00,-0.08440,-0.05519,-0.00468,0.99489,-0.09423,-0.02642,-0.02132,0.99497,1.00
24114,-0.00883,0.02733,-0.01964,0.99939,-0.08265,-0.02791,-0.00232,0.99619,-0.09201,0.00093,-0.01938,0.99557,1.00,-0.08217,-0.05515,-0.00455,0.99508,-0.09212,-0.02635,-0.02137,0.99517,1.00
24125,-0.00881,0.02734,-0.01991,0.99939,-0.08267,-0.02797,-0.00232,0.99618,-0.09201,0.00090,-0.01964,0.99556,1.00,-0.08218,-0.05521,-0.00456,0.99508,-0.09211,-0.02638,-0.02163,0.99516,1.00
24136,-0.00878,0.02742,-0.02018,0.99938,-0.08269,-0.02811,-0.00233,0.99618,-0.09201,0.00088,-0.01992,0.99556,1.00,-0.08218,-0.05535,-0.00457,0.99507,-0.09211,-0.02640,-0.02191,0.99516,1.00
24148,-0.00879,0.02748,-0.02036,0.99938,-0.08546,-0.02710,-0.00233,0.99597,-0.09478,0.00201,-0.02001,0.99529,1.00,-0.08496,-0.05436,-0.00464,0.99489,-0.09488,-0.02530,-0.02208,0.99492,1.00
24159,-0.00883,0.02749,-0.02037,0.99938,-0.08543,-0.02711,-0.00233,0.99597,-0.09478,0.00201,-0.02002,0.99529,1.00,-0.08492,-0.05437,-0.00464,0.99489,-0.09488,-0.02530,-0.02209,0.99492,1.00
24170,-0.00886,0.02751,-0.02030,0.99938,-0.08539,-0.02712,-0.00233,0.99598,-0.09478,0.00201,-0.01995,0.99530,1.00,-0.08489,-0.05438,-0.00464,0.99489,-0.09489,-0.02529,-0.02202,0.99492,1.00
24181,-0.00891,0.02753,-0.02009,0.99938,-0.08573,-0.02690,-0.00232,0.99595,-0.09516,0.00224,-0.01973,0.99526,1.00,-0.08526,-0.05416,-0.00464,0.99487,-0.09529,-0.02507,-0.02180,0.99490,1.00
24192,-0.00892,0.02751,-0.01981,0.99939,-0.08573,-0.02682,-0.00231,0.99595,-0.09516,0.00227,-0.01944,0.99527,1.00,-0.08527,-0.05409,-0.00464,0.99488,-0.09530,-0.02504,-0.02151,0.99490,1.00
24203,-0.00893,0.02751,-0.01968,0.99939,-0.08573,-0.02681,-0.00231,0.99596,-0.09516,0.00228,-0.01931,0.99527,1.00,-0.08528,-0.05407,-0.00464,0.99488,-0.09530,-0.02503,-0.02138,0.99490,1.00
24215,-0.00891,0.02745,-0.01968,0.99939,-0.08581,-0.02775,-0.00239,0.99592,-0.09525,0.00128,-0.01938,0.99526,1.00,-0.08535,-0.05501,-0.00472,0.99482,-0.09538,-0.02603,-0.02146,0.99487,1.00
24226,-0.00890,0.02738,-0.01970,0.99939,-0.08582,-0.02768,-0.00239,0.99592,-0.09525,0.00127,-0.01941,0.99526,1.00,-0.08536,-0.05495,-0.00471,0.99482,-0.09537,-0.02603,-0.02149,0.99487,1.00
24237,-0.00891,0.02726,-0.01971,0.99939,-0.08582,-0.02757,-0.00238,0.99593,-0.09525,0.00127,-0.01942,0.99526,1.00,-0.08536,-0.05483,-0.00470,0.99483,-0.09537,-0.02603,-0.02149,0.99487,1.00
24248,-0.00891,0.02709,-0.01967,0.99940,-0.08323,-0.02745,-0.00229,0.99615,-0.09266,0.00117,-0.01939,0.99551,1.00,-0.08277,-0.05469,-0.00455,0.99506,-0.09279,-0.02611,-0.02139,0.99511,1.00
24260,-0.00896,0.02686,-0.01961,0.99941,-0.08319,-0.02721,-0.00227,0.99616,-0.09266,0.00118,-0.01933,0.99551,1.00,-0.08274,-0.05445,-0.00453,0.99507,-0.09279,-0.02611,-0.02133,0.99511,1.00
24270,-0.00900,0.02664,-0.01962,0.99941,-0.08316,-0.02699,-0.00225,0.99617,-0.09266,0.00118,-0.01934,0.99551,1.00,-0.08270,-0.05423,-0.00451,0.99509,-0.09279,-0.02611,-0.02134,0.99511,1.00
24281,-0.00904,0.02650,-0.01967,0.99941,-0.08298,-0.02682,-0.00223,0.99619,-0.09253,0.00120,-0.01939,0.99552,1.00,-0.08253,-0.05407,-0.00448,0.99511,-0.09266,-0.02609,-0.02138,0.99513,1.00
24293,-0.00910,0.02631,-0.01982,0.99942,-0.08293,-0.02666,-0.00222,0.99620,-0.09253,0.00118,-0.01954,0.99552,1.00,-0.08246,-0.05390,-0.00447,0.99513,-0.09266,-0.02610,-0.02153,0.99512,1.00
24304,-0.00911,0.02624,-0.01987,0.99942,-0.08292,-0.02661,-0.00221,0.99620,-0.09253,0.00118,-0.01959,0.99552,1.00,-0.08245,-0.05385,-0.00446,0.99513,-0.09265,-0.02611,-0.02158,0.99512,1.00
24315,-0.00910,0.02623,-0.01999,0.99941,-0.08282,-0.02566,-0.00213,0.99623,-0.09241,0.00212,-0.01964,0.99553,1.00,-0.08236,-0.05291,-0.00438,0.99519,-0.09255,-0.02518,-0.02163,0.99516,1.00
24326,-0.00915,0.02620,-0.02004,0.99941,-0.08278,-0.02565,-0.00213,0.99624,-0.09241,0.00211,-0.01969,0.99552,1.00,-0.08232,-0.05289,-0.00438,0.99519,-0.09254,-0.02518,-0.02167,0.99515,1.00
24337,-0.00919,0.02619,-0.02007,0.99941,-0.08273,-0.02564,-0.00213,0.99624,-0.09241,0.00211,-0.01972,0.99552,1.00,-0.08227,-0.05289,-0.00437,0.99520,-0.09254,-0.02518,-0.02170,0.99515,1.00
24348,-0.00932,0.02629,-0.02000,0.99941,-0.08266,-0.02743,-0.00228,0.99620,-0.09251,0.00041,-0.01977,0.99552,1.00,-0.08219,-0.05467,-0.00452,0.99511,-0.09263,-0.02687,-0.02174,0.99510,1.00
24360,-0.00942,0.02645,-0.01998,0.99941,-0.08256,-0.02758,-0.00229,0.99620,-0.09251,0.00041,-0.01975,0.99552,1.00,-0.08209,-0.05482,-0.00452,0.99511,-0.09264,-0.02687,-0.02172,0.99510,1.00
24370,-0.00951,0.02673,-0.02016,0.99939,-0.08246,-0.02789,-0.00231,0.99620,-0.09251,0.00040,-0.01992,0.99551,1.00,-0.08198,-0.05513,-0.00454,0.99510,-0.09263,-0.02689,-0.02189,0.99510,1.00
24382,-0.00965,0.02706,-0.02057,0.99938,-0.08248,-0.02814,-0.00233,0.99619,-0.09268,0.00051,-0.02032,0.99549,1.00,-0.08199,-0.05538,-0.00456,0.99508,-0.09280,-0.02678,-0.02228,0.99508,1.00
24393,-0.00963,0.02740,-0.02084,0.99936,-0.08249,-0.02852,-0.00236,0.99618,-0.09268,0.00048,-0.02058,0.99548,1.00,-0.08198,-0.05576,-0.00459,0.99506,-0.09279,-0.02680,-0.02254,0.99507,1.00
24404,-0.00968,0.02767,-0.02103,0.99935,-0.08242,-0.02883,-0.00239,0.99618,-0.09268,0.00047,-0.02077,0.99548,1.00,-0.08190,-0.05607,-0.00461,0.99505,-0.09279,-0.02682,-0.02273,0.99507,1.00
24415,-0.00968,0.02793,-0.02110,0.99934,-0.08340,-0.03083,-0.00258,0.99604,-0.09370,-0.00126,-0.02097,0.99538,1.00,-0.08286,-0.05806,-0.00484,0.99486,-0.09380,-0.02854,-0.02295,0.99492,1.00
24426,-0.00961,0.02819,-0.02121,0.99933,-0.08346,-0.03111,-0.00261,0.99602,-0.09370,-0.00127,-0.02108,0.99538,1.00,-0.08292,-0.05834,-0.00486,0.99484,-0.09380,-0.02855,-0.02306,0.99491,1.00
24437,-0.00963,0.02845,-0.02121,0.99932,-0.08343,-0.03136,-0.00263,0.99602,-0.09370,-0.00127,-0.02108,0.99538,1.00,-0.08289,-0.05860,-0.00488,0.99482,-0.09380,-0.02855,-0.02306,0.99491,1.00
24448,-0.00961,0.02860,-0.02129,0.99932,-0.08303,-0.02848,-0.00237,0.99614,-0.09322,0.00178,-0.02093,0.99542,1.00,-0.08255,-0.05573,-0.00462,0.99502,-0.09337,-0.02551,-0.02291,0.99504,1.00
24460,-0.00958,0.02875,-0.02139,0.99931,-0.08306,-0.02865,-0.00239,0.99613,-0.09322,0.00177,-0.02104,0.99542,1.00,-0.08257,-0.05589,-0.00464,0.99501,-0.09337,-0.02552,-0.02301,0.99504,1.00
24471,-0.00959,0.02880,-0.02145,0.99931,-0.08304,-0.02871,-0.00239,0.99613,-0.09322,0.00176,-0.02109,0.99542,1.00,-0.08255,-0.05595,-0.00464,0.99500,-0.09337,-0.02553,-0.02307,0.99504,1.00
24482,-0.00948,0.02881,-0.02155,0.99931,-0.08387,-0.02888,-0.00243,0.99606,-0.09395,0.00163,-0.02120,0.99535,1.00,-0.08337,-0.05612,-0.00470,0.99493,-0.09410,-0.02566,-0.02321,0.99496,1.00
24493,-0.00938,0.02877,-0.02153,0.99931,-0.08397,-0.02884,-0.00243,0.99605,-0.09395,0.00163,-0.02119,0.99535,1.00,-0.08347,-0.05608,-0.00471,0.99492,-0.09410,-0.02566,-0.02319,0.99496,1.00
24504,-0.00934,0.02877,-0.02155,0.99931,-0.08402,-0.02883,-0.00243,0.99604,-0.09395,0.00163,-0.02121,0.99535,1.00,-0.08352,-0.05608,-0.00471,0.99492,-0.09410,-0.02566,-0.02322,0.99496,1.00
24515,-0.00927,0.02859,-0.02149,0.99932,-0.08552,-0.02584,-0.00222,0.99600,-0.09531,0.00447,-0.02094,0.99522,1.00,-0.08506,-0.05311,-0.00454,0.99495,-0.09549,-0.02284,-0.02300,0.99490,1.00
24526,-0.00924,0.02841,-0.02144,0.99932,-0.08555,-0.02565,-0.00220,0.99600,-0.09531,0.00447,-0.02089,0.99522,1.00,-0.08510,-0.05292,-0.00453,0.99496,-0.09549,-0.02284,-0.02295,0.99490,1.00
24538,-0.00914,0.02810,-0.02133,0.99934,-0.08566,-0.02533,-0.00218,0.99600,-0.09531,0.00448,-0.02079,0.99522,1.00,-0.08521,-0.05260,-0.00450,0.99496,-0.09549,-0.02283,-0.02285,0.99491,1.00
24549,-0.00907,0.02792,-0.02132,0.99934,-0.08596,-0.02408,-0.00208,0.99601,-0.09551,0.00556,-0.02070,0.99520,1.00,-0.08552,-0.05136,-0.00441,0.99500,-0.09571,-0.02176,-0.02277,0.99491,1.00
24560,-0.00900,0.02769,-0.02132,0.99935,-0.08603,-0.02385,-0.00206,0.99601,-0.09551,0.00556,-0.02070,0.99520,1.00,-0.08559,-0.05113,-0.00440,0.99501,-0.09571,-0.02176,-0.02278,0.99491,1.00
24571,-0.00892,0.02751,-0.02127,0.99936,-0.08612,-0.02367,-0.00205,0.99600,-0.09551,0.00556,-0.02065,0.99520,1.00,-0.08568,-0.05095,-0.00439,0.99501,-0.09571,-0.02176,-0.02273,0.99491,1.00
24582,-0.00880,0.02727,-0.02126,0.99936,-0.08603,-0.02352,-0.00203,0.99601,-0.09529,0.00547,-0.02066,0.99522,1.00,-0.08560,-0.05081,-0.00437,0.99502,-0.09550,-0.02185,-0.02274,0.99493,1.00
24594,-0.00866,0.02721,-0.02125,0.99937,-0.08617,-0.02346,-0.00203,0.99600,-0.09529,0.00547,-0.02065,0.99522,1.00,-0.08573,-0.05074,-0.00437,0.99502,-0.09550,-0.02185,-0.02274,0.99493,1.00
24605,-0.00858,0.02710,-0.02132,0.99937,-0.08625,-0.02337,-0.00202,0.99600,-0.09529,0.00546,-0.02072,0.99522,1.00,-0.08581,-0.05065,-0.00437,0.99501,-0.09549,-0.02186,-0.02282,0.99493,1.00
24616,-0.00851,0.02702,-0.02135,0.99937,-0.08625,-0.02163,-0.00187,0.99604,-0.09518,0.00712,-0.02062,0.99522,1.00,-0.08583,-0.04892,-0.00422,0.99510,-0.09540,-0.02021,-0.02272,0.99497,1.00
24627,-0.00845,0.02703,-0.02139,0.99937,-0.08631,-0.02165,-0.00188,0.99603,-0.09518,0.00712,-0.02067,0.99522,1.00,-0.08589,-0.04894,-0.00422,0.99509,-0.09540,-0.02021,-0.02277,0.99497,1.00
24638,-0.00840,0.02697,-0.02138,0.99937,-0.08636,-0.02158,-0.00187,0.99603,-0.09518,0.00712,-0.02066,0.99522,1.00,-0.08594,-0.04888,-0.00422,0.99509,-0.09540,-0.02021,-0.02277,0.99497,1.00
24649,-0.00833,0.02703,-0.02143,0.99937,-0.08612,-0.02176,-0.00188,0.99604,-0.09489,0.00701,-0.02071,0.99525,1.00,-0.08571,-0.04906,-0.00423,0.99510,-0.09511,-0.02033,-0.02282,0.99500,1.00
24660,-0.00832,0.02713,-0.02147,0.99937,-0.08614,-0.02187,-0.00189,0.99604,-0.09489,0.00700,-0.02076,0.99525,1.00,-0.08572,-0.04916,-0.00423,0.99510,-0.09511,-0.02033,-0.02286,0.99500,1.00
24672,-0.00833,0.02720,-0.02148,0.99936,-0.08613,-0.02194,-0.00190,0.99604,-0.09489,0.00700,-0.02077,0.99525,1.00,-0.08570,-0.04923,-0.00424,0.99509,-0.09511,-0.02033,-0.02287,0.99500,1.00
24682,-0.00835,0.02732,-0.02151,0.99936,-0.08492,-0.02190,-0.00187,0.99615,-0.09371,0.00714,-0.02079,0.99536,1.00,-0.08451,-0.04919,-0.00418,0.99520,-0.09394,-0.02019,-0.02286,0.99511,1.00
24694,-0.00842,0.02741,-0.02157,0.99936,-0.08485,-0.02200,-0.00187,0.99615,-0.09371,0.00713,-0.02085,0.99536,1.00,-0.08444,-0.04929,-0.00418,0.99520,-0.09394,-0.02019,-0.02291,0.99511,1.00
24705,-0.00853,0.02751,-0.02162,0.99935,-0.08474,-0.02211,-0.00188,0.99616,-0.09371,0.00713,-0.02090,0.99535,1.00,-0.08432,-0.04940,-0.00419,0.99520,-0.09394,-0.02020,-0.02296,0.99511,1.00
24716,-0.00859,0.02756,-0.02166,0.99935,-0.08450,-0.02158,-0.00183,0.99619,-0.09352,0.00771,-0.02089,0.99537,1.00,-0.08410,-0.04887,-0.00413,0.99525,-0.09376,-0.01961,-0.02295,0.99514,1.00
24727,-0.00866,0.02761,-0.02176,0.99934,-0.08443,-0.02164,-0.00183,0.99619,-0.09352,0.00770,-0.02099,0.99537,1.00,-0.08401,-0.04892,-0.00413,0.99525,-0.09376,-0.01962,-0.02304,0.99514,1.00
24739,-0.00869,0.02764,-0.02184,0.99934,-0.08439,-0.02168,-0.00184,0.99619,-0.09352,0.00769,-0.02107,0.99536,1.00,-0.08397,-0.04897,-0.00413,0.99526,-0.09375,-0.01963,-0.02312,0.99513,1.00
24750,-0.00870,0.02765,-0.02189,0.99934,-0.08451,-0.02093,-0.00178,0.99620,-0.09363,0.00847,-0.02106,0.99535,1.00,-0.08410,-0.04822,-0.00407,0.99528,-0.09388,-0.01886,-0.02311,0.99514,1.00
24760,-0.00873,0.02762,-0.02196,0.99934,-0.08448,-0.02091,-0.00177,0.99620,-0.09363,0.00846,-0.02114,0.99535,1.00,-0.08407,-0.04820,-0.00407,0.99528,-0.09388,-0.01887,-0.02319,0.99514,1.00
24772,-0.00872,0.02760,-0.02202,0.99934,-0.08449,-0.02090,-0.00177,0.99620,-0.09363,0.00845,-0.02119,0.99535,1.00,-0.08408,-0.04819,-0.00407,0.99528,-0.09388,-0.01887,-0.02324,0.99513,1.00
24783,-0.00873,0.02754,-0.02204,0.99934,-0.08459,-0.02070,-0.00176,0.99620,-0.09374,0.00859,-0.02120,0.99533,1.00,-0.08419,-0.04799,-0.00406,0.99529,-0.09399,-0.01873,-0.02325,0.99512,1.00
24794,-0.00874,0.02749,-0.02209,0.99934,-0.08458,-0.02066,-0.00175,0.99620,-0.09374,0.00859,-0.02125,0.99533,1.00,-0.08418,-0.04795,-0.00406,0.99529,-0.09399,-0.01874,-0.02330,0.99512,1.00
24805,-0.00882,0.02747,-0.02210,0.99934,-0.08450,-0.02065,-0.00175,0.99621,-0.09374,0.00859,-0.02126,0.99533,1.00,-0.08409,-0.04794,-0.00405,0.99530,-0.09399,-0.01874,-0.02331,0.99512,1.00
24816,-0.00899,0.02744,-0.02211,0.99934,-0.08467,-0.02145,-0.00182,0.99618,-0.09410,0.00776,-0.02133,0.99530,1.00,-0.08426,-0.04874,-0.00413,0.99524,-0.09435,-0.01957,-0.02338,0.99507,1.00
24827,-0.00914,0.02749,-0.02215,0.99933,-0.08452,-0.02151,-0.00182,0.99619,-0.09410,0.00775,-0.02137,0.99530,1.00,-0.08411,-0.04879,-0.00412,0.99525,-0.09435,-0.01957,-0.02341,0.99507,1.00
24839,-0.00916,0.02762,-0.02232,0.99933,-0.08450,-0.02166,-0.00184,0.99619,-0.09410,0.00774,-0.02154,0.99530,1.00,-0.08407,-0.04894,-0.00413,0.99525,-0.09434,-0.01959,-0.02357,0.99507,1.00
24849,-0.00909,0.02786,-0.02260,0.99931,-0.08658,-0.02210,-0.00192,0.99600,-0.09613,0.00761,-0.02182,0.99510,1.00,-0.08614,-0.04940,-0.00428,0.99505,-0.09637,-0.01973,-0.02391,0.99486,1.00
24861,-0.00905,0.02799,-0.02268,0.99931,-0.08662,-0.02224,-0.00193,0.99599,-0.09613,0.00760,-0.02189,0.99510,1.00,-0.08618,-0.04954,-0.00429,0.99504,-0.09636,-0.01974,-0.02399,0.99486,1.00
24872,-0.00900,0.02815,-0.02261,0.99931,-0.08666,-0.02239,-0.00195,0.99598,-0.09613,0.00761,-0.02183,0.99510,1.00,-0.08622,-0.04969,-0.00431,0.99503,-0.09637,-0.01973,-0.02393,0.99486,1.00
24883,-0.00895,0.02821,-0.02253,0.99931,-0.08564,-0.02213,-0.00190,0.99608,-0.09505,0.00790,-0.02173,0.99520,1.00,-0.08522,-0.04942,-0.00423,0.99513,-0.09530,-0.01943,-0.02381,0.99497,1.00
24894,-0.00884,0.02831,-0.02225,0.99931,-0.08575,-0.02219,-0.00191,0.99607,-0.09505,0.00792,-0.02145,0.99521,1.00,-0.08535,-0.04948,-0.00424,0.99511,-0.09531,-0.01941,-0.02353,0.99498,1.00
24906,-0.00882,0.02830,-0.02228,0.99931,-0.08577,-0.02218,-0.00191,0.99607,-0.09505,0.00792,-0.02147,0.99521,1.00,-0.08537,-0.04947,-0.00424,0.99511,-0.09531,-0.01941,-0.02356,0.99498,1.00
24916,-0.00880,0.02828,-0.02228,0.99931,-0.08730,-0.02218,-0.00194,0.99593,-0.09655,0.00793,-0.02147,0.99506,1.00,-0.08689,-0.04949,-0.00432,0.99498,-0.09681,-0.01941,-0.02360,0.99483,1.00
24927,-0.00886,0.02819,-0.02240,0.99931,-0.08724,-0.02211,-0.00194,0.99594,-0.09655,0.00792,-0.02159,0.99506,1.00,-0.08682,-0.04941,-0.00431,0.99499,-0.09681,-0.01943,-0.02371,0.99483,1.00
24939,-0.00893,0.02804,-0.02244,0.99932,-0.08718,-0.02197,-0.00192,0.99595,-0.09655,0.00791,-0.02163,0.99506,1.00,-0.08676,-0.04927,-0.00430,0.99500,-0.09680,-0.01943,-0.02375,0.99483,1.00
24950,-0.00905,0.02781,-0.02251,0.99932,-0.08696,-0.03251,-0.00284,0.99568,-0.09672,-0.00286,-0.02254,0.99505,1.00,-0.08641,-0.05975,-0.00519,0.99445,-0.09684,-0.03015,-0.02463,0.99454,1.00
24961,-0.00920,0.02754,-0.02251,0.99932,-0.08682,-0.03223,-0.00281,0.99570,-0.09672,-0.00286,-0.02254,0.99505,1.00,-0.08626,-0.05947,-0.00516,0.99448,-0.09684,-0.03015,-0.02462,0.99454,1.00
24973,-0.00931,0.02738,-0.02260,0.99933,-0.08671,-0.03209,-0.00279,0.99571,-0.09672,-0.00287,-0.02262,0.99505,1.00,-0.08615,-0.05932,-0.00514,0.99450,-0.09684,-0.03016,-0.02470,0.99454,1.00
24983,-0.00938,0.02713,-0.02265,0.99933,-0.08697,-0.03209,-0.00280,0.99569,-0.09705,-0.00310,-0.02269,0.99502,1.00,-0.08641,-0.05933,-0.00515,0.99448,-0.09716,-0.03039,-0.02478,0.99450,1.00
24995,-0.00941,0.02703,-0.02273,0.99933,-0.08693,-0.03200,-0.00279,0.99570,-0.09704,-0.00311,-0.02278,0.99501,1.00,-0.08637,-0.05924,-0.00514,0.99449,-0.09716,-0.03040,-0.02486,0.99449,1.00
25006,-0.00949,0.02697,-0.02292,0.99933,-0.08685,-0.03197,-0.00279,0.99570,-0.09704,-0.00313,-0.02297,0.99501,1.00,-0.08628,-0.05921,-0.00514,0.99450,-0.09715,-0.03042,-0.02504,0.99449,1.00
25017,-0.00949,0.02699,-0.02297,0.99933,-0.08687,-0.03242,-0.00283,0.99569,-0.09708,-0.00356,-0.02304,0.99500,1.00,-0.08631,-0.05966,-0.00518,0.99447,-0.09719,-0.03085,-0.02512,0.99447,1.00
25028,-0.00954,0.02699,-0.02299,0.99933,-0.08682,-0.03243,-0.00283,0.99569,-0.09708,-0.00357,-0.02307,0.99500,1.00,-0.08625,-0.05967,-0.00518,0.99447,-0.09719,-0.03085,-0.02514,0.99447,1.00
25039,-0.00958,0.02710,-0.02293,0.99932,-0.08678,-0.03252,-0.00283,0.99569,-0.09708,-0.00356,-0.02300,0.99500,1.00,-0.08621,-0.05976,-0.00518,0.99447,-0.09719,-0.03085,-0.02507,0.99447,1.00
25050,-0.00974,0.02728,-0.02284,0.99932,-0.08372,-0.03214,-0.00270,0.99597,-0.09417,-0.00307,-0.02285,0.99529,1.00,-0.08320,-0.05937,-0.00497,0.99475,-0.09432,-0.03034,-0.02484,0.99477,1.00
25061,-0.00981,0.02744,-0.02275,0.99932,-0.08365,-0.03228,-0.00271,0.99597,-0.09417,-0.00306,-0.02276,0.99529,1.00,-0.08314,-0.05950,-0.00497,0.99475,-0.09433,-0.03033,-0.02474,0.99477,1.00
25073,-0.00982,0.02769,-0.02282,0.99931,-0.08363,-0.03254,-0.00273,0.99596,-0.09417,-0.00306,-0.02282,0.99529,1.00,-0.08311,-0.05976,-0.00499,0.99473,-0.09433,-0.03033,-0.02480,0.99477,1.00
25084,-0.00991,0.02786,-0.02305,0.99930,-0.08152,-0.03277,-0.00268,0.99613,-0.09216,-0.00314,-0.02304,0.99547,1.00,-0.08101,-0.05997,-0.00488,0.99490,-0.09232,-0.03040,-0.02496,0.99495,1.00
25095,-0.00996,0.02798,-0.02326,0.99929,-0.08146,-0.03292,-0.00269,0.99613,-0.09216,-0.00316,-0.02325,0.99547,1.00,-0.08093,-0.06013,-0.00489,0.99489,-0.09232,-0.03042,-0.02516,0.99495,1.00
25106,-0.01005,0.02806,-0.02336,0.99928,-0.08137,-0.03302,-0.00270,0.99613,-0.09216,-0.00317,-0.02335,0.99547,1.00,-0.08083,-0.06023,-0.00489,0.99489,-0.09231,-0.03042,-0.02526,0.99494,1.00
25117,-0.01007,0.02812,-0.02344,0.99928,-0.08102,-0.03272,-0.00266,0.99617,-0.09183,-0.00281,-0.02340,0.99550,1.00,-0.08049,-0.05992,-0.00485,0.99494,-0.09199,-0.03006,-0.02530,0.99498,1.00
25128,-0.01014,0.02812,-0.02344,0.99928,-0.08095,-0.03271,-0.00266,0.99618,-0.09183,-0.00281,-0.02340,0.99550,1.00,-0.08042,-0.05991,-0.00484,0.99495,-0.09199,-0.03006,-0.02529,0.99498,1.00
25139,-0.01022,0.02814,-0.02343,0.99928,-0.08087,-0.03273,-0.00266,0.99618,-0.09183,-0.00280,-0.02338,0.99550,1.00,-0.08034,-0.05993,-0.00484,0.99495,-0.09199,-0.03005,-0.02527,0.99499,1.00
25150,-0.01030,0.02810,-0.02343,0.99928,-0.08084,-0.03316,-0.00269,0.99617,-0.09190,-0.00328,-0.02342,0.99549,1.00,-0.08033,-0.06035,-0.00487,0.99493,-0.09207,-0.03052,-0.02530,0.99496,1.00
25161,-0.01035,0.02805,-0.02353,0.99928,-0.08079,-0.03313,-0.00269,0.99618,-0.09190,-0.00329,-0.02352,0.99549,1.00,-0.08027,-0.06033,-0.00487,0.99493,-0.09206,-0.03053,-0.02540,0.99496,1.00
25173,-0.01039,0.02800,-0.02365,0.99927,-0.08075,-0.03310,-0.00268,0.99618,-0.09190,-0.00330,-0.02363,0.99548,1.00,-0.08022,-0.06029,-0.00486,0.99494,-0.09206,-0.03054,-0.02551,0.99496,1.00
25184,-0.01039,0.02790,-0.02374,0.99927,-0.08094,-0.03362,-0.00273,0.99615,-0.09211,-0.00390,-0.02377,0.99546,1.00,-0.08041,-0.06081,-0.00491,0.99489,-0.09227,-0.03115,-0.02565,0.99492,1.00
25195,-0.01037,0.02779,-0.02377,0.99928,-0.08097,-0.03351,-0.00272,0.99615,-0.09211,-0.00391,-0.02380,0.99546,1.00,-0.08043,-0.06070,-0.00491,0.99490,-0.09227,-0.03115,-0.02568,0.99492,1.00
25207,-0.01037,0.02766,-0.02375,0.99928,-0.08097,-0.03338,-0.00271,0.99615,-0.09211,-0.00391,-0.02379,0.99546,1.00,-0.08044,-0.06057,-0.00490,0.99491,-0.09227,-0.03115,-0.02567,0.99492,1.00
25218,-0.01033,0.02758,-0.02372,0.99928,-0.08115,-0.03264,-0.00266,0.99616,-0.09222,-0.00325,-0.02371,0.99545,1.00,-0.08063,-0.05984,-0.00485,0.99493,-0.09240,-0.03050,-0.02560,0.99493,1.00
25228,-0.01031,0.02753,-0.02372,0.99929,-0.08117,-0.03260,-0.00266,0.99616,-0.09222,-0.00325,-0.02372,0.99545,1.00,-0.08065,-0.05980,-0.00485,0.99494,-0.09240,-0.03050,-0.02561,0.99493,1.00
25240,-0.01026,0.02747,-0.02372,0.99929,-0.08121,-0.03254,-0.00265,0.99616,-0.09222,-0.00325,-0.02371,0.99545,1.00,-0.08070,-0.05974,-0.00485,0.99494,-0.09240,-0.03050,-0.02561,0.99493,1.00
25251,-0.01026,0.02740,-0.02375,0.99929,-0.08135,-0.03089,-0.00252,0.99620,-0.09231,-0.00166,-0.02363,0.99545,1.00,-0.08085,-0.05810,-0.00472,0.99502,-0.09251,-0.02892,-0.02554,0.99496,1.00
25262,-0.01029,0.02741,-0.02376,0.99929,-0.08131,-0.03090,-0.00252,0.99621,-0.09231,-0.00166,-0.02364,0.99545,1.00,-0.08082,-0.05811,-0.00472,0.99502,-0.09251,-0.02892,-0.02554,0.99496,1.00
25273,-0.01035,0.02740,-0.02372,0.99929,-0.08126,-0.03088,-0.00252,0.99621,-0.09231,-0.00166,-0.02360,0.99545,1.00,-0.08076,-0.05809,-0.00471,0.99503,-0.09251,-0.02892,-0.02550,0.99496,1.00
25284,-0.01040,0.02741,-0.02364,0.99929,-0.07955,-0.02965,-0.00237,0.99639,-0.09063,-0.00046,-0.02343,0.99561,1.00,-0.07909,-0.05685,-0.00452,0.99523,-0.09086,-0.02771,-0.02529,0.99516,1.00
25295,-0.01038,0.02745,-0.02367,0.99929,-0.07957,-0.02969,-0.00237,0.99638,-0.09063,-0.00046,-0.02346,0.99561,1.00,-0.07911,-0.05690,-0.00452,0.99523,-0.09086,-0.02772,-0.02532,0.99516,1.00
25307,-0.01040,0.02751,-0.02368,0.99929,-0.07955,-0.02976,-0.00238,0.99638,-0.09063,-0.00046,-0.02347,0.99561,1.00,-0.07909,-0.05696,-0.00453,0.99523,-0.09086,-0.02772,-0.02532,0.99516,1.00
25317,-0.01035,0.02754,-0.02373,0.99929,-0.08130,-0.02987,-0.00244,0.99624,-0.09233,-0.00050,-0.02353,0.99545,1.00,-0.08082,-0.05709,-0.00464,0.99508,-0.09255,-0.02777,-0.02543,0.99500,1.00
25328,-0.01028,0.02760,-0.02377,0.99928,-0.08137,-0.02993,-0.00244,0.99623,-0.09233,-0.00051,-0.02357,0.99545,1.00,-0.08089,-0.05715,-0.00465,0.99507,-0.09255,-0.02777,-0.02547,0.99500,1.00
25340,-0.01020,0.02763,-0.02376,0.99928,-0.08145,-0.02996,-0.00245,0.99622,-0.09233,-0.00051,-0.02357,0.99545,1.00,-0.08097,-0.05718,-0.00465,0.99506,-0.09255,-0.02777,-0.02548,0.99500,1.00
25351,-0.01013,0.02766,-0.02377,0.99928,-0.08206,-0.03070,-0.00253,0.99615,-0.09289,-0.00120,-0.02363,0.99540,1.00,-0.08157,-0.05792,-0.00475,0.99497,-0.09310,-0.02847,-0.02555,0.99492,1.00
25362,-0.01009,0.02761,-0.02374,0.99929,-0.08211,-0.03065,-0.00253,0.99615,-0.09289,-0.00120,-0.02360,0.99540,1.00,-0.08162,-0.05787,-0.00475,0.99497,-0.09310,-0.02847,-0.02553,0.99492,1.00
25374,-0.01013,0.02760,-0.02374,0.99929,-0.08206,-0.03063,-0.00252,0.99615,-0.09289,-0.00120,-0.02359,0.99540,1.00,-0.08157,-0.05785,-0.00474,0.99498,-0.09310,-0.02846,-0.02552,0.99492,1.00
25385,-0.01014,0.02757,-0.02372,0.99929,-0.08193,-0.03053,-0.00251,0.99617,-0.09277,-0.00113,-0.02357,0.99541,1.00,-0.08144,-0.05775,-0.00473,0.99499,-0.09297,-0.02840,-0.02549,0.99494,1.00
25395,-0.01020,0.02748,-0.02371,0.99929,-0.08187,-0.03044,-0.00250,0.99618,-0.09277,-0.00113,-0.02356,0.99541,1.00,-0.08138,-0.05765,-0.00472,0.99500,-0.09298,-0.02839,-0.02548,0.99494,1.00
25407,-0.01030,0.02742,-0.02371,0.99929,-0.08178,-0.03038,-0.00249,0.99618,-0.09277,-0.00113,-0.02356,0.99541,1.00,-0.08129,-0.05760,-0.00471,0.99501,-0.09298,-0.02839,-0.02547,0.99494,1.00
25418,-0.01039,0.02734,-0.02373,0.99929,-0.08285,-0.03048,-0.00254,0.99609,-0.09393,-0.00129,-0.02359,0.99530,1.00,-0.08235,-0.05770,-0.00478,0.99492,-0.09413,-0.02856,-0.02553,0.99482,1.00
25429,-0.01049,0.02728,-0.02380,0.99929,-0.08275,-0.03043,-0.00253,0.99610,-0.09393,-0.00129,-0.02366,0.99530,1.00,-0.08225,-0.05766,-0.00477,0.99493,-0.09413,-0.02856,-0.02559,0.99482,1.00
25440,-0.01071,0.02718,-0.02389,0.99929,-0.08253,-0.03035,-0.00251,0.99612,-0.09393,-0.00130,-0.02375,0.99529,1.00,-0.08203,-0.05757,-0.00475,0.99495,-0.09412,-0.02857,-0.02567,0.99482,1.00
25451,-0.01086,0.02711,-0.02395,0.99929,-0.08289,-0.02982,-0.00248,0.99611,-0.09443,-0.00084,-0.02377,0.99525,1.00,-0.08239,-0.05705,-0.00472,0.99495,-0.09463,-0.02812,-0.02570,0.99478,1.00
25462,-0.01104,0.02711,-0.02380,0.99929,-0.08271,-0.02979,-0.00247,0.99613,-0.09443,-0.00083,-0.02361,0.99525,1.00,-0.08222,-0.05702,-0.00471,0.99497,-0.09464,-0.02810,-0.02553,0.99479,1.00
25474,-0.01119,0.02712,-0.02365,0.99929,-0.08257,-0.02978,-0.00247,0.99614,-0.09443,-0.00081,-0.02345,0.99525,1.00,-0.08209,-0.05700,-0.00470,0.99498,-0.09464,-0.02809,-0.02537,0.99479,1.00
25484,-0.01133,0.02718,-0.02365,0.99929,-0.09488,-0.01412,-0.00135,0.99539,-0.10646,0.01517,-0.02215,0.99395,1.00,-0.09453,-0.04152,-0.00395,0.99465,-0.10682,-0.01226,-0.02443,0.99390,1.00
25495,-0.01146,0.02733,-0.02373,0.99928,-0.09474,-0.01429,-0.00136,0.99540,-0.10646,0.01516,-0.02223,0.99395,1.00,-0.09439,-0.04168,-0.00396,0.99465,-0.10682,-0.01227,-0.02450,0.99390,1.00
25507,-0.01160,0.02746,-0.02383,0.99927,-0.09460,-0.01444,-0.00137,0.99541,-0.10646,0.01515,-0.02233,0.99395,1.00,-0.09424,-0.04183,-0.00396,0.99466,-0.10682,-0.01228,-0.02459,0.99390,1.00
25518,-0.01162,0.02759,-0.02404,0.99926,-0.09502,-0.00974,-0.00093,0.99543,-0.10678,0.02000,-0.02212,0.99384,1.00,-0.09471,-0.03715,-0.00354,0.99481,-0.10719,-0.00744,-0.02440,0.99391,1.00
25529,-0.01155,0.02778,-0.02418,0.99926,-0.09509,-0.00995,-0.00095,0.99542,-0.10678,0.01999,-0.02226,0.99383,1.00,-0.09476,-0.03737,-0.00356,0.99479,-0.10719,-0.00746,-0.02454,0.99391,1.00
25540,-0.01148,0.02794,-0.02419,0.99925,-0.09516,-0.01013,-0.00097,0.99541,-0.10678,0.01999,-0.02227,0.99383,1.00,-0.09483,-0.03754,-0.00358,0.99478,-0.10719,-0.00746,-0.02456,0.99391,1.00
25552,-0.01149,0.02805,-0.02420,0.99925,-0.09280,-0.00519,-0.00048,0.99567,-0.10431,0.02498,-0.02191,0.99399,1.00,-0.09256,-0.03260,-0.00303,0.99517,-0.10479,-0.00246,-0.02414,0.99420,1.00
25562,-0.01140,0.02812,-0.02406,0.99925,-0.09289,-0.00524,-0.00049,0.99566,-0.10431,0.02500,-0.02177,0.99399,1.00,-0.09265,-0.03265,-0.00304,0.99516,-0.10479,-0.00244,-0.02400,0.99420,1.00
25574,-0.01139,0.02816,-0.02403,0.99925,-0.09290,-0.00527,-0.00049,0.99566,-0.10431,0.02500,-0.02174,0.99399,1.00,-0.09266,-0.03268,-0.00304,0.99516,-0.10479,-0.00244,-0.02397,0.99420,1.00
25585,-0.01130,0.02813,-0.02390,0.99925,-0.09232,-0.00448,-0.00042,0.99572,-0.10362,0.02573,-0.02156,0.99405,1.00,-0.09210,-0.03189,-0.00295,0.99523,-0.10412,-0.00170,-0.02378,0.99428,1.00
25596,-0.01124,0.02806,-0.02380,0.99926,-0.09237,-0.00440,-0.00041,0.99571,-0.10362,0.02574,-0.02147,0.99405,1.00,-0.09216,-0.03180,-0.00295,0.99523,-0.10412,-0.00169,-0.02369,0.99428,1.00
25607,-0.01118,0.02793,-0.02378,0.99926,-0.09244,-0.00426,-0.00040,0.99571,-0.10362,0.02574,-0.02145,0.99405,1.00,-0.09223,-0.03167,-0.00293,0.99523,-0.10412,-0.00169,-0.02367,0.99428,1.00
25618,-0.01122,0.02776,-0.02376,0.99927,-0.09231,-0.00427,-0.00040,0.99572,-0.10353,0.02556,-0.02144,0.99407,1.00,-0.09210,-0.03167,-0.00293,0.99524,-0.10403,-0.00187,-0.02366,0.99429,1.00
25629,-0.01132,0.02759,-0.02372,0.99927,-0.09222,-0.00409,-0.00038,0.99573,-0.10353,0.02557,-0.02140,0.99407,1.00,-0.09200,-0.03149,-0.00291,0.99526,-0.10403,-0.00186,-0.02362,0.99429,1.00
25641,-0.01147,0.02743,-0.02361,0.99928,-0.09207,-0.00390,-0.00036,0.99575,-0.10352,0.02558,-0.02130,0.99407,1.00,-0.09186,-0.03131,-0.00289,0.99528,-0.10403,-0.00185,-0.02351,0.99429,1.00
25652,-0.01164,0.02731,-0.02338,0.99929,-0.08889,-0.00682,-0.00061,0.99602,-0.10060,0.02247,-0.02139,0.99444,1.00,-0.08866,-0.03419,-0.00304,0.99547,-0.10107,-0.00493,-0.02349,0.99459,1.00
25663,-0.01165,0.02718,-0.02323,0.99929,-0.08888,-0.00666,-0.00059,0.99602,-0.10059,0.02248,-0.02124,0.99445,1.00,-0.08866,-0.03403,-0.00303,0.99548,-0.10107,-0.00492,-0.02335,0.99459,1.00
25674,-0.01171,0.02718,-0.02321,0.99929,-0.08883,-0.00665,-0.00059,0.99602,-0.10059,0.02248,-0.02122,0.99445,1.00,-0.08861,-0.03402,-0.00303,0.99548,-0.10107,-0.00492,-0.02333,0.99459,1.00
25685,-0.01166,0.02715,-0.02320,0.99929,-0.08902,-0.00831,-0.00074,0.99599,-0.10079,0.02079,-0.02134,0.99446,1.00,-0.08878,-0.03568,-0.00318,0.99541,-0.10123,-0.00661,-0.02345,0.99456,1.00
25697,-0.01154,0.02722,-0.02324,0.99929,-0.08914,-0.00840,-0.00075,0.99598,-0.10079,0.02079,-0.02137,0.99446,1.00,-0.08889,-0.03577,-0.00319,0.99539,-0.10123,-0.00661,-0.02349,0.99456,1.00
25708,-0.01135,0.02732,-0.02326,0.99929,-0.08933,-0.00851,-0.00076,0.99597,-0.10079,0.02078,-0.02139,0.99446,1.00,-0.08908,-0.03588,-0.00321,0.99537,-0.10123,-0.00662,-0.02352,0.99456,1.00
25718,-0.01121,0.02743,-0.02324,0.99929,-0.08725,-0.00998,-0.00087,0.99614,-0.09862,0.01937,-0.02151,0.99470,1.00,-0.08698,-0.03733,-0.00326,0.99551,-0.09904,-0.00801,-0.02359,0.99477,1.00
25729,-0.01116,0.02754,-0.02314,0.99929,-0.08730,-0.01007,-0.00088,0.99613,-0.09861,0.01938,-0.02142,0.99471,1.00,-0.08703,-0.03742,-0.00327,0.99550,-0.09904,-0.00800,-0.02349,0.99477,1.00
25741,-0.01105,0.02768,-0.02303,0.99929,-0.08740,-0.01019,-0.00089,0.99612,-0.09861,0.01940,-0.02130,0.99471,1.00,-0.08714,-0.03754,-0.00329,0.99548,-0.09904,-0.00799,-0.02338,0.99478,1.00
25752,-0.01097,0.02783,-0.02322,0.99928,-0.08448,-0.02193,-0.00186,0.99618,-0.09591,0.00775,-0.02239,0.99511,1.00,-0.08408,-0.04921,-0.00416,0.99523,-0.09619,-0.01958,-0.02438,0.99487,1.00
25763,-0.01091,0.02798,-0.02342,0.99927,-0.08453,-0.02212,-0.00188,0.99617,-0.09591,0.00773,-0.02260,0.99510,1.00,-0.08412,-0.04940,-0.00418,0.99522,-0.09619,-0.01960,-0.02459,0.99487,1.00
25774,-0.01107,0.02806,-0.02361,0.99927,-0.08437,-0.02223,-0.00188,0.99619,-0.09591,0.00771,-0.02279,0.99510,1.00,-0.08394,-0.04952,-0.00418,0.99523,-0.09619,-0.01961,-0.02476,0.99486,1.00
25785,-0.01123,0.02811,-0.02361,0.99926,-0.08395,-0.02476,-0.00209,0.99616,-0.09572,0.00521,-0.02297,0.99513,1.00,-0.08349,-0.05203,-0.00437,0.99514,-0.09596,-0.02210,-0.02493,0.99483,1.00
25796,-0.01145,0.02820,-0.02362,0.99926,-0.08373,-0.02485,-0.00209,0.99618,-0.09572,0.00521,-0.02297,0.99513,1.00,-0.08328,-0.05211,-0.00436,0.99515,-0.09596,-0.02210,-0.02491,0.99483,1.00
25808,-0.01157,0.02822,-0.02346,0.99926,-0.08361,-0.02484,-0.00209,0.99619,-0.09572,0.00523,-0.02280,0.99513,1.00,-0.08317,-0.05211,-0.00435,0.99516,-0.09596,-0.02208,-0.02475,0.99483,1.00
25819,-0.01168,0.02827,-0.02349,0.99926,-0.08395,-0.02743,-0.00231,0.99609,-0.09624,0.00270,-0.02301,0.99509,1.00,-0.08349,-0.05468,-0.00459,0.99500,-0.09646,-0.02460,-0.02496,0.99472,1.00
25830,-0.01174,0.02833,-0.02354,0.99925,-0.08389,-0.02749,-0.00232,0.99609,-0.09624,0.00269,-0.02306,0.99509,1.00,-0.08343,-0.05474,-0.00459,0.99500,-0.09646,-0.02461,-0.02500,0.99472,1.00
25841,-0.01179,0.02835,-0.02360,0.99925,-0.08384,-0.02752,-0.00232,0.99610,-0.09624,0.00269,-0.02312,0.99509,1.00,-0.08337,-0.05477,-0.00459,0.99500,-0.09646,-0.02461,-0.02506,0.99472,1.00
25852,-0.01181,0.02834,-0.02367,0.99925,-0.08473,-0.02732,-0.00232,0.99603,-0.09714,0.00291,-0.02318,0.99500,1.00,-0.08426,-0.05458,-0.00462,0.99494,-0.09736,-0.02440,-0.02514,0.99463,1.00
25863,-0.01175,0.02833,-0.02374,0.99925,-0.08479,-0.02733,-0.00233,0.99602,-0.09714,0.00290,-0.02325,0.99499,1.00,-0.08431,-0.05459,-0.00463,0.99493,-0.09736,-0.02441,-0.02521,0.99463,1.00
25875,-0.01170,0.02830,-0.02372,0.99925,-0.08484,-0.02729,-0.00232,0.99602,-0.09714,0.00290,-0.02322,0.99500,1.00,-0.08436,-0.05455,-0.00463,0.99493,-0.09736,-0.02440,-0.02519,0.99463,1.00
25885,-0.01162,0.02828,-0.02366,0.99925,-0.08513,-0.02670,-0.00228,0.99601,-0.09733,0.00347,-0.02313,0.99498,1.00,-0.08466,-0.05397,-0.00459,0.99494,-0.09756,-0.02384,-0.02511,0.99463,1.00
25897,-0.01160,0.02823,-0.02363,0.99925,-0.08514,-0.02665,-0.00228,0.99601,-0.09733,0.00348,-0.02310,0.99498,1.00,-0.08468,-0.05391,-0.00459,0.99494,-0.09756,-0.02384,-0.02508,0.99463,1.00
25908,-0.01153,0.02822,-0.02358,0.99926,-0.08522,-0.02663,-0.00228,0.99600,-0.09733,0.00348,-0.02305,0.99498,1.00,-0.08475,-0.05389,-0.00459,0.99493,-0.09756,-0.02383,-0.02503,0.99463,1.00
25919,-0.01145,0.02818,-0.02354,0.99926,-0.08227,-0.02655,-0.00219,0.99625,-0.09430,0.00346,-0.02302,0.99527,1.00,-0.08183,-0.05379,-0.00442,0.99518,-0.09456,-0.02383,-0.02492,0.99492,1.00
25930,-0.01129,0.02815,-0.02349,0.99926,-0.08243,-0.02651,-0.00219,0.99624,-0.09430,0.00346,-0.02298,0.99527,1.00,-0.08199,-0.05376,-0.00443,0.99517,-0.09456,-0.02383,-0.02489,0.99492,1.00
25942,-0.01113,0.02814,-0.02352,0.99927,-0.08259,-0.02651,-0.00220,0.99623,-0.09430,0.00346,-0.02300,0.99527,1.00,-0.08215,-0.05376,-0.00444,0.99516,-0.09456,-0.02383,-0.02493,0.99492,1.00
25952,-0.01096,0.02811,-0.02356,0.99927,-0.08261,-0.02658,-0.00220,0.99622,-0.09416,0.00336,-0.02306,0.99528,1.00,-0.08216,-0.05383,-0.00444,0.99515,-0.09440,-0.02393,-0.02499,0.99493,1.00
25964,-0.01085,0.02813,-0.02353,0.99927,-0.08272,-0.02660,-0.00221,0.99622,-0.09416,0.00337,-0.02304,0.99529,1.00,-0.08227,-0.05385,-0.00445,0.99514,-0.09440,-0.02392,-0.02497,0.99493,1.00
25975,-0.01078,0.02813,-0.02349,0.99927,-0.08279,-0.02660,-0.00221,0.99621,-0.09416,0.00337,-0.02299,0.99529,1.00,-0.08235,-0.05384,-0.00446,0.99514,-0.09440,-0.02392,-0.02493,0.99493,1.00
25986,-0.01070,0.02811,-0.02338,0.99927,-0.08238,-0.02742,-0.00227,0.99622,-0.09368,0.00250,-0.02295,0.99533,1.00,-0.08193,-0.05466,-0.00450,0.99513,-0.09392,-0.02479,-0.02487,0.99496,1.00
25997,-0.01065,0.02812,-0.02332,0.99928,-0.08243,-0.02743,-0.00227,0.99622,-0.09368,0.00250,-0.02288,0.99534,1.00,-0.08199,-0.05467,-0.00450,0.99512,-0.09393,-0.02478,-0.02481,0.99496,1.00
26008,-0.01055,0.02812,-0.02322,0.99928,-0.08253,-0.02741,-0.00227,0.99621,-0.09368,0.00251,-0.02279,0.99534,1.00,-0.08209,-0.05465,-0.00451,0.99512,-0.09393,-0.02477,-0.02473,0.99496,1.00
26019,-0.01045,0.02817,-0.02312,0.99928,-0.08314,-0.02788,-0.00233,0.99614,-0.09420,0.00210,-0.02272,0.99529,1.00,-0.08270,-0.05512,-0.00458,0.99504,-0.09444,-0.02518,-0.02467,0.99491,1.00
26030,-0.01034,0.02817,-0.02306,0.99928,-0.08325,-0.02786,-0.00233,0.99614,-0.09420,0.00211,-0.02266,0.99529,1.00,-0.08281,-0.05511,-0.00459,0.99503,-0.09444,-0.02518,-0.02462,0.99491,1.00
26042,-0.01022,0.02810,-0.02305,0.99929,-0.08337,-0.02780,-0.00233,0.99613,-0.09420,0.00211,-0.02266,0.99529,1.00,-0.08293,-0.05504,-0.00459,0.99502,-0.09444,-0.02518,-0.02463,0.99491,1.00
26053,-0.01009,0.02810,-0.02307,0.99929,-0.08314,-0.02862,-0.00239,0.99612,-0.09386,0.00129,-0.02274,0.99532,1.00,-0.08268,-0.05586,-0.00464,0.99500,-0.09408,-0.02600,-0.02470,0.99492,1.00
26064,-0.01001,0.02797,-0.02295,0.99930,-0.08323,-0.02847,-0.00238,0.99612,-0.09386,0.00130,-0.02263,0.99533,1.00,-0.08277,-0.05571,-0.00463,0.99500,-0.09408,-0.02599,-0.02459,0.99492,1.00
26075,-0.01003,0.02785,-0.02292,0.99930,-0.08321,-0.02834,-0.00237,0.99613,-0.09386,0.00130,-0.02260,0.99533,1.00,-0.08276,-0.05558,-0.00462,0.99501,-0.09408,-0.02599,-0.02457,0.99492,1.00
26086,-0.01000,0.02781,-0.02286,0.99930,-0.08303,-0.02755,-0.00230,0.99616,-0.09362,0.00205,-0.02248,0.99535,1.00,-0.08257,-0.05480,-0.00455,0.99507,-0.09385,-0.02524,-0.02444,0.99497,1.00
26097,-0.01008,0.02765,-0.02286,0.99931,-0.08295,-0.02739,-0.00228,0.99617,-0.09362,0.00205,-0.02248,0.99535,1.00,-0.08250,-0.05463,-0.00453,0.99508,-0.09385,-0.02524,-0.02444,0.99497,1.00
26109,-0.01025,0.02743,-0.02279,0.99931,-0.08279,-0.02715,-0.00226,0.99619,-0.09362,0.00205,-0.02241,0.99535,1.00,-0.08235,-0.05439,-0.00450,0.99511,-0.09385,-0.02523,-0.02436,0.99497,1.00
26120,-0.01038,0.02726,-0.02270,0.99932,-0.08281,-0.02732,-0.00227,0.99619,-0.09378,0.00171,-0.02234,0.99534,1.00,-0.08236,-0.05456,-0.00452,0.99510,-0.09399,-0.02557,-0.02429,0.99495,1.00
26131,-0.01048,0.02707,-0.02248,0.99933,-0.08272,-0.02709,-0.00225,0.99620,-0.09378,0.00173,-0.02212,0.99535,1.00,-0.08229,-0.05433,-0.00449,0.99512,-0.09400,-0.02555,-0.02407,0.99495,1.00
26142,-0.01060,0.02697,-0.02238,0.99933,-0.08261,-0.02697,-0.00224,0.99621,-0.09378,0.00174,-0.02201,0.99535,1.00,-0.08218,-0.05421,-0.00448,0.99513,-0.09400,-0.02554,-0.02395,0.99496,1.00
26153,-0.01065,0.02690,-0.02239,0.99933,-0.08317,-0.02659,-0.00222,0.99618,-0.09437,0.00207,-0.02200,0.99529,1.00,-0.08273,-0.05384,-0.00448,0.99511,-0.09460,-0.02522,-0.02395,0.99491,1.00
26164,-0.01083,0.02684,-0.02226,0.99933,-0.08299,-0.02650,-0.00221,0.99620,-0.09437,0.00208,-0.02187,0.99529,1.00,-0.08256,-0.05375,-0.00446,0.99513,-0.09460,-0.02521,-0.02381,0.99491,1.00
26175,-0.01097,0.02680,-0.02217,0.99934,-0.08286,-0.02644,-0.00220,0.99621,-0.09437,0.00209,-0.02177,0.99530,1.00,-0.08243,-0.05368,-0.00445,0.99514,-0.09460,-0.02520,-0.02370,0.99491,1.00
26186,-0.01093,0.02684,-0.02208,0.99934,-0.08323,-0.02691,-0.00225,0.99616,-0.09471,0.00166,-0.02172,0.99527,1.00,-0.08279,-0.05416,-0.00451,0.99508,-0.09493,-0.02563,-0.02366,0.99487,1.00
26197,-0.01091,0.02686,-0.02212,0.99934,-0.08325,-0.02693,-0.00225,0.99616,-0.09472,0.00166,-0.02175,0.99527,1.00,-0.08281,-0.05418,-0.00451,0.99508,-0.09493,-0.02563,-0.02370,0.99487,1.00
26209,-0.01078,0.02694,-0.02216,0.99933,-0.08338,-0.02703,-0.00226,0.99615,-0.09472,0.00165,-0.02180,0.99526,1.00,-0.08294,-0.05427,-0.00452,0.99507,-0.09493,-0.02564,-0.02375,0.99487,1.00
26220,-0.01069,0.02702,-0.02218,0.99933,-0.08371,-0.02620,-0.00220,0.99614,-0.09494,0.00257,-0.02175,0.99524,1.00,-0.08327,-0.05346,-0.00447,0.99508,-0.09515,-0.02474,-0.02372,0.99487,1.00
26231,-0.01058,0.02708,-0.02208,0.99933,-0.08382,-0.02624,-0.00221,0.99613,-0.09494,0.00257,-0.02165,0.99524,1.00,-0.08338,-0.05350,-0.00448,0.99507,-0.09516,-0.02473,-0.02362,0.99488,1.00
26242,-0.01034,0.02707,-0.02178,0.99934,-0.08407,-0.02619,-0.00221,0.99611,-0.09494,0.00260,-0.02136,0.99525,1.00,-0.08364,-0.05345,-0.00449,0.99505,-0.09516,-0.02470,-0.02335,0.99488,1.00
26253,-0.01013,0.02708,-0.02150,0.99935,-0.08352,-0.02611,-0.00219,0.99616,-0.09418,0.00265,-0.02108,0.99533,1.00,-0.08311,-0.05337,-0.00446,0.99510,-0.09440,-0.02465,-0.02306,0.99496,1.00
26265,-0.00987,0.02709,-0.02133,0.99936,-0.08378,-0.02610,-0.00219,0.99614,-0.09418,0.00267,-0.02091,0.99533,1.00,-0.08338,-0.05336,-0.00447,0.99508,-0.09441,-0.02463,-0.02290,0.99497,1.00
26276,-0.00974,0.02703,-0.02123,0.99936,-0.08392,-0.02603,-0.00219,0.99613,-0.09418,0.00268,-0.02081,0.99533,1.00,-0.08352,-0.05329,-0.00447,0.99507,-0.09441,-0.02462,-0.02282,0.99497,1.00
26286,-0.00962,0.02704,-0.02120,0.99936,-0.08367,-0.02771,-0.00233,0.99611,-0.09385,0.00099,-0.02092,0.99537,1.00,-0.08324,-0.05496,-0.00460,0.99500,-0.09405,-0.02630,-0.02291,0.99496,1.00
26298,-0.00951,0.02696,-0.02110,0.99937,-0.08379,-0.02762,-0.00232,0.99610,-0.09385,0.00100,-0.02082,0.99537,1.00,-0.08336,-0.05487,-0.00460,0.99500,-0.09405,-0.02629,-0.02282,0.99496,1.00
26309,-0.00942,0.02688,-0.02081,0.99938,-0.08547,-0.02758,-0.00237,0.99596,-0.09543,0.00097,-0.02054,0.99522,1.00,-0.08503,-0.05483,-0.00469,0.99486,-0.09561,-0.02634,-0.02259,0.99481,1.00
26320,-0.00943,0.02682,-0.02063,0.99938,-0.08546,-0.02749,-0.00236,0.99596,-0.09543,0.00098,-0.02036,0.99523,1.00,-0.08503,-0.05475,-0.00468,0.99486,-0.09561,-0.02632,-0.02241,0.99482,1.00
26331,-0.00936,0.02673,-0.02044,0.99939,-0.08554,-0.02736,-0.00235,0.99596,-0.09543,0.00100,-0.02017,0.99523,1.00,-0.08512,-0.05462,-0.00467,0.99486,-0.09562,-0.02630,-0.02222,0.99482,1.00
26343,-0.00933,0.02667,-0.02040,0.99939,-0.08557,-0.02730,-0.00235,0.99596,-0.09543,0.00100,-0.02013,0.99523,1.00,-0.08515,-0.05456,-0.00467,0.99486,-0.09562,-0.02630,-0.02218,0.99482,1.00
26354,-0.00922,0.02660,-0.02037,0.99940,-0.08584,-0.02680,-0.00231,0.99595,-0.09558,0.00144,-0.02007,0.99522,1.00,-0.08540,-0.05406,-0.00464,0.99487,-0.09575,-0.02587,-0.02214,0.99482,1.00
26365,-0.00916,0.02652,-0.02045,0.99940,-0.08590,-0.02673,-0.00231,0.99594,-0.09558,0.00143,-0.02015,0.99522,1.00,-0.08546,-0.05400,-0.00464,0.99487,-0.09574,-0.02588,-0.02222,0.99482,1.00
26376,-0.00903,0.02643,-0.02046,0.99940,-0.08603,-0.02665,-0.00230,0.99593,-0.09558,0.00143,-0.02016,0.99522,1.00,-0.08559,-0.05392,-0.00464,0.99486,-0.09574,-0.02588,-0.02224,0.99482,1.00
26387,-0.00891,0.02637,-0.02040,0.99940,-0.08666,-0.02644,-0.00230,0.99588,-0.09608,0.00158,-0.02010,0.99517,1.00,-0.08620,-0.05372,-0.00465,0.99482,-0.09622,-0.02574,-0.02220,0.99478,1.00
26398,-0.00881,0.02627,-0.02030,0.99941,-0.08676,-0.02633,-0.00229,0.99588,-0.09608,0.00159,-0.02000,0.99517,1.00,-0.08630,-0.05360,-0.00465,0.99482,-0.09623,-0.02573,-0.02211,0.99478,1.00
26409,-0.00878,0.02615,-0.02021,0.99942,-0.08680,-0.02619,-0.00228,0.99588,-0.09608,0.00160,-0.01991,0.99517,1.00,-0.08634,-0.05347,-0.00464,0.99482,-0.09623,-0.02572,-0.02202,0.99478,1.00
26420,-0.00873,0.02605,-0.02012,0.99942,-0.08658,-0.02673,-0.00232,0.99588,-0.09582,0.00095,-0.01987,0.99520,1.00,-0.08612,-0.05400,-0.00467,0.99481,-0.09597,-0.02636,-0.02197,0.99479,1.00
26431,-0.00863,0.02599,-0.02016,0.99942,-0.08668,-0.02668,-0.00232,0.99588,-0.09582,0.00095,-0.01991,0.99520,1.00,-0.08622,-0.05395,-0.00468,0.99480,-0.09596,-0.02636,-0.02202,0.99479,1.00
26443,-0.00857,0.02594,-0.02032,0.99942,-0.08674,-0.02665,-0.00232,0.99587,-0.09582,0.00093,-0.02008,0.99520,1.00,-0.08627,-0.05392,-0.00468,0.99480,-0.09596,-0.02638,-0.02219,0.99479,1.00
26454,-0.00856,0.02594,-0.02042,0.99942,-0.08638,-0.03166,-0.00275,0.99575,-0.09557,-0.00407,-0.02056,0.99520,1.00,-0.08585,-0.05891,-0.00508,0.99455,-0.09564,-0.03136,-0.02266,0.99466,1.00
26465,-0.00861,0.02590,-0.02047,0.99942,-0.08633,-0.03163,-0.00274,0.99576,-0.09557,-0.00408,-0.02062,0.99520,1.00,-0.08579,-0.05887,-0.00508,0.99456,-0.09564,-0.03136,-0.02271,0.99466,1.00
26476,-0.00867,0.02595,-0.02034,0.99942,-0.08429,-0.03183,-0.00269,0.99593,-0.09359,-0.00429,-0.02048,0.99539,1.00,-0.08377,-0.05906,-0.00497,0.99472,-0.09368,-0.03156,-0.02252,0.99485,1.00
26487,-0.00871,0.02604,-0.02013,0.99942,-0.08426,-0.03189,-0.00270,0.99593,-0.09359,-0.00427,-0.02028,0.99540,1.00,-0.08375,-0.05912,-0.00498,0.99472,-0.09368,-0.03154,-0.02231,0.99485,1.00
26499,-0.00873,0.02613,-0.01996,0.99942,-0.08424,-0.03194,-0.00270,0.99593,-0.09359,-0.00425,-0.02010,0.99540,1.00,-0.08374,-0.05917,-0.00498,0.99472,-0.09369,-0.03152,-0.02213,0.99486,1.00
26510,-0.00867,0.02631,-0.01982,0.99942,-0.08430,-0.03210,-0.00272,0.99592,-0.09359,-0.00424,-0.01996,0.99540,1.00,-0.08381,-0.05933,-0.00500,0.99470,-0.09369,-0.03151,-0.02199,0.99486,1.00
26521,-0.00868,0.02643,-0.01982,0.99942,-0.08423,-0.03104,-0.00263,0.99596,-0.09350,-0.00306,-0.01987,0.99542,1.00,-0.08374,-0.05828,-0.00491,0.99477,-0.09361,-0.03034,-0.02190,0.99491,1.00
26532,-0.00855,0.02657,-0.01976,0.99942,-0.08435,-0.03117,-0.00264,0.99594,-0.09350,-0.00305,-0.01981,0.99542,1.00,-0.08387,-0.05840,-0.00492,0.99475,-0.09361,-0.03033,-0.02185,0.99491,1.00
26543,-0.00846,0.02663,-0.01968,0.99942,-0.08445,-0.03122,-0.00265,0.99594,-0.09350,-0.00304,-0.01974,0.99542,1.00,-0.08397,-0.05846,-0.00493,0.99474,-0.09361,-0.03032,-0.02178,0.99491,1.00
26554,-0.00828,0.02666,-0.01962,0.99942,-0.08459,-0.03102,-0.00263,0.99593,-0.09346,-0.00281,-0.01967,0.99542,1.00,-0.08410,-0.05826,-0.00493,0.99474,-0.09356,-0.03009,-0.02172,0.99492,1.00
26565,-0.00814,0.02662,-0.01962,0.99942,-0.08473,-0.03099,-0.00264,0.99592,-0.09346,-0.00281,-0.01966,0.99542,1.00,-0.08424,-0.05822,-0.00493,0.99473,-0.09356,-0.03009,-0.02172,0.99492,1.00
26576,-0.00797,0.02660,-0.01959,0.99942,-0.08490,-0.03096,-0.00264,0.99590,-0.09346,-0.00281,-0.01965,0.99543,1.00,-0.08441,-0.05820,-0.00494,0.99472,-0.09356,-0.03009,-0.02172,0.99492,1.00
26587,-0.00778,0.02654,-0.01958,0.99943,-0.08583,-0.03080,-0.00265,0.99583,-0.09420,-0.00269,-0.01964,0.99536,1.00,-0.08533,-0.05805,-0.00498,0.99465,-0.09428,-0.02998,-0.02174,0.99486,1.00
26598,-0.00770,0.02647,-0.01954,0.99943,-0.08592,-0.03073,-0.00265,0.99582,-0.09420,-0.00269,-0.01960,0.99536,1.00,-0.08541,-0.05797,-0.00498,0.99465,-0.09429,-0.02998,-0.02171,0.99486,1.00
26609,-0.00753,0.02647,-0.01950,0.99943,-0.08609,-0.03072,-0.00266,0.99581,-0.09420,-0.00269,-0.01957,0.99536,1.00,-0.08559,-0.05797,-0.00499,0.99463,-0.09429,-0.02998,-0.02168,0.99486,1.00
26620,-0.00741,0.02645,-0.01955,0.99943,-0.08593,-0.03063,-0.00264,0.99583,-0.09393,-0.00261,-0.01961,0.99538,1.00,-0.08542,-0.05787,-0.00497,0.99465,-0.09401,-0.02990,-0.02172,0.99489,1.00
26632,-0.00729,0.02646,-0.01956,0.99943,-0.08605,-0.03064,-0.00265,0.99582,-0.09393,-0.00261,-0.01962,0.99538,1.00,-0.08554,-0.05789,-0.00498,0.99464,-0.09401,-0.02990,-0.02175,0.99488,1.00
26643,-0.00725,0.02642,-0.01961,0.99943,-0.08610,-0.03061,-0.00265,0.99581,-0.09393,-0.00262,-0.01967,0.99538,1.00,-0.08558,-0.05786,-0.00498,0.99464,-0.09401,-0.02990,-0.02180,0.99488,1.00
26654,-0.00723,0.02642,-0.01964,0.99943,-0.08819,-0.02266,-0.00201,0.99584,-0.09583,0.00539,-0.01907,0.99520,1.00,-0.08775,-0.04996,-0.00441,0.99488,-0.09599,-0.02196,-0.02126,0.99491,1.00
26665,-0.00726,0.02640,-0.01970,0.99943,-0.08815,-0.02264,-0.00200,0.99585,-0.09583,0.00538,-0.01913,0.99520,1.00,-0.08771,-0.04995,-0.00440,0.99488,-0.09599,-0.02196,-0.02132,0.99491,1.00
26676,-0.00735,0.02639,-0.01970,0.99943,-0.08806,-0.02263,-0.00200,0.99586,-0.09583,0.00538,-0.01912,0.99520,1.00,-0.08762,-0.04993,-0.00440,0.99489,-0.09599,-0.02196,-0.02131,0.99491,1.00
26687,-0.00747,0.02639,-0.01967,0.99943,-0.08947,-0.02184,-0.00196,0.99575,-0.09734,0.00619,-0.01902,0.99505,1.00,-0.08904,-0.04916,-0.00440,0.99480,-0.09750,-0.02117,-0.02125,0.99478,1.00
26698,-0.00763,0.02634,-0.01962,0.99943,-0.08932,-0.02178,-0.00195,0.99576,-0.09734,0.00619,-0.01897,0.99505,1.00,-0.08889,-0.04910,-0.00439,0.99482,-0.09750,-0.02116,-0.02119,0.99478,1.00
26709,-0.00780,0.02629,-0.01956,0.99943,-0.08736,-0.02149,-0.00189,0.99594,-0.09555,0.00639,-0.01890,0.99522,1.00,-0.08695,-0.04880,-0.00426,0.99501,-0.09573,-0.02095,-0.02106,0.99496,1.00
26720,-0.00800,0.02621,-0.01953,0.99943,-0.08717,-0.02140,-0.00187,0.99596,-0.09555,0.00640,-0.01886,0.99523,1.00,-0.08676,-0.04871,-0.00425,0.99503,-0.09573,-0.02094,-0.02101,0.99497,1.00
26732,-0.00813,0.02621,-0.01955,0.99943,-0.08704,-0.02141,-0.00187,0.99597,-0.09555,0.00640,-0.01889,0.99522,1.00,-0.08663,-0.04871,-0.00424,0.99504,-0.09573,-0.02094,-0.02103,0.99497,1.00
26743,-0.00828,0.02618,-0.01959,0.99943,-0.08689,-0.02138,-0.00187,0.99599,-0.09555,0.00639,-0.01892,0.99522,1.00,-0.08648,-0.04868,-0.00423,0.99505,-0.09573,-0.02095,-0.02106,0.99496,1.00
26754,-0.00834,0.02608,-0.01951,0.99943,-0.08710,-0.02137,-0.00187,0.99597,-0.09582,0.00630,-0.01885,0.99520,1.00,-0.08669,-0.04867,-0.00424,0.99504,-0.09600,-0.02104,-0.02099,0.99494,1.00
26765,-0.00843,0.02608,-0.01950,0.99943,-0.08701,-0.02137,-0.00187,0.99598,-0.09582,0.00630,-0.01884,0.99520,1.00,-0.08660,-0.04867,-0.00424,0.99505,-0.09600,-0.02104,-0.02097,0.99494,1.00
26777,-0.00850,0.02606,-0.01947,0.99943,-0.08694,-0.02134,-0.00186,0.99598,-0.09582,0.00630,-0.01881,0.99520,1.00,-0.08653,-0.04864,-0.00423,0.99505,-0.09600,-0.02104,-0.02094,0.99494,1.00
26788,-0.00855,0.02605,-0.01951,0.99943,-0.08726,-0.01940,-0.00170,0.99600,-0.09615,0.00824,-0.01869,0.99516,1.00,-0.08687,-0.04671,-0.00408,0.99512,-0.09635,-0.01911,-0.02083,0.99495,1.00
26799,-0.00855,0.02604,-0.01956,0.99943,-0.08725,-0.01940,-0.00170,0.99600,-0.09615,0.00824,-0.01874,0.99516,1.00,-0.08686,-0.04671,-0.00408,0.99512,-0.09635,-0.01911,-0.02088,0.99495,1.00
26810,-0.00853,0.02602,-0.01957,0.99943,-0.08837,-0.02200,-0.00195,0.99584,-0.09730,0.00564,-0.01895,0.99506,1.00,-0.08795,-0.04931,-0.00436,0.99489,-0.09747,-0.02171,-0.02111,0.99478,1.00
26821,-0.00855,0.02600,-0.01958,0.99943,-0.08835,-0.02197,-0.00195,0.99584,-0.09730,0.00564,-0.01896,0.99506,1.00,-0.08793,-0.04928,-0.00436,0.99490,-0.09746,-0.02171,-0.02112,0.99478,1.00
26832,-0.00855,0.02599,-0.01952,0.99944,-0.08836,-0.02195,-0.00195,0.99584,-0.09730,0.00565,-0.01890,0.99506,1.00,-0.08793,-0.04926,-0.00435,0.99490,-0.09747,-0.02170,-0.02107,0.99478,1.00
26843,-0.00857,0.02601,-0.01954,0.99943,-0.08848,-0.01894,-0.00168,0.99590,-0.09738,0.00868,-0.01868,0.99503,1.00,-0.08809,-0.04627,-0.00410,0.99503,-0.09758,-0.01868,-0.02085,0.99483,1.00
26855,-0.00858,0.02601,-0.01953,0.99943,-0.08846,-0.01895,-0.00168,0.99590,-0.09738,0.00869,-0.01867,0.99503,1.00,-0.08807,-0.04627,-0.00410,0.99503,-0.09758,-0.01867,-0.02084,0.99483,1.00
26866,-0.00866,0.02610,-0.01959,0.99943,-0.08838,-0.01904,-0.00169,0.99590,-0.09738,0.00868,-0.01873,0.99503,1.00,-0.08799,-0.04636,-0.00410,0.99503,-0.09757,-0.01868,-0.02090,0.99483,1.00
26877,-0.00870,0.02619,-0.01970,0.99943,-0.08843,-0.01858,-0.00165,0.99591,-0.09745,0.00925,-0.01879,0.99502,1.00,-0.08804,-0.04590,-0.00406,0.99505,-0.09765,-0.01811,-0.02095,0.99484,1.00
26888,-0.00865,0.02631,-0.01989,0.99942,-0.08847,-0.01873,-0.00166,0.99590,-0.09745,0.00923,-0.01898,0.99502,1.00,-0.08807,-0.04606,-0.00408,0.99504,-0.09765,-0.01813,-0.02115,0.99483,1.00
26899,-0.00855,0.02651,-0.02022,0.99941,-0.08856,-0.01899,-0.00169,0.99589,-0.09745,0.00920,-0.01931,0.99501,1.00,-0.08814,-0.04631,-0.00410,0.99502,-0.09764,-0.01817,-0.02148,0.99482,1.00
26910,-0.00853,0.02665,-0.02036,0.99940,-0.08857,-0.01916,-0.00170,0.99588,-0.09745,0.00918,-0.01946,0.99501,1.00,-0.08814,-0.04649,-0.00412,0.99501,-0.09764,-0.01818,-0.02163,0.99482,1.00
26921,-0.00858,0.02678,-0.02038,0.99940,-0.08740,-0.01907,-0.00167,0.99599,-0.09632,0.00938,-0.01947,0.99512,1.00,-0.08699,-0.04639,-0.00405,0.99512,-0.09652,-0.01798,-0.02161,0.99493,1.00
26933,-0.00861,0.02679,-0.02020,0.99940,-0.08736,-0.01905,-0.00167,0.99599,-0.09632,0.00940,-0.01929,0.99512,1.00,-0.08696,-0.04637,-0.00405,0.99512,-0.09652,-0.01796,-0.02143,0.99494,1.00
26944,-0.00864,0.02689,-0.02016,0.99940,-0.08733,-0.01914,-0.00168,0.99599,-0.09632,0.00940,-0.01925,0.99512,1.00,-0.08693,-0.04646,-0.00406,0.99512,-0.09652,-0.01795,-0.02138,0.99494,1.00
26955,-0.00870,0.02690,-0.02005,0.99940,-0.08726,-0.01865,-0.00163,0.99601,-0.09629,0.00988,-0.01910,0.99512,1.00,-0.08689,-0.04597,-0.00401,0.99515,-0.09652,-0.01747,-0.02123,0.99495,1.00
26966,-0.00878,0.02691,-0.02008,0.99940,-0.08718,-0.01867,-0.00163,0.99602,-0.09629,0.00988,-0.01912,0.99512,1.00,-0.08681,-0.04599,-0.00401,0.99516,-0.09652,-0.01747,-0.02125,0.99495,1.00
26977,-0.00889,0.02687,-0.02017,0.99940,-0.08707,-0.01864,-0.00163,0.99603,-0.09629,0.00987,-0.01921,0.99512,1.00,-0.08669,-0.04596,-0.00400,0.99517,-0.09652,-0.01748,-0.02134,0.99495,1.00
26988,-0.00904,0.02675,-0.02027,0.99940,-0.08696,-0.02051,-0.00179,0.99600,-0.09638,0.00789,-0.01947,0.99512,1.00,-0.08655,-0.04782,-0.00416,0.99509,-0.09658,-0.01945,-0.02158,0.99490,1.00
26999,-0.00921,0.02659,-0.02027,0.99940,-0.08680,-0.02034,-0.00177,0.99602,-0.09638,0.00789,-0.01946,0.99512,1.00,-0.08639,-0.04765,-0.00414,0.99511,-0.09658,-0.01945,-0.02157,0.99490,1.00
27011,-0.00937,0.02642,-0.02023,0.99940,-0.08780,-0.02131,-0.00188,0.99591,-0.09756,0.00677,-0.01951,0.99502,1.00,-0.08737,-0.04862,-0.00427,0.99498,-0.09774,-0.02058,-0.02163,0.99476,1.00
27022,-0.00947,0.02630,-0.02025,0.99940,-0.08770,-0.02119,-0.00187,0.99592,-0.09756,0.00677,-0.01952,0.99502,1.00,-0.08728,-0.04850,-0.00425,0.99499,-0.09774,-0.02058,-0.02164,0.99476,1.00
27033,-0.00950,0.02618,-0.02024,0.99941,-0.08768,-0.02107,-0.00186,0.99592,-0.09756,0.00677,-0.01951,0.99502,1.00,-0.08726,-0.04838,-0.00424,0.99500,-0.09774,-0.02058,-0.02163,0.99476,1.00
27044,-0.00955,0.02607,-0.02030,0.99941,-0.08797,-0.02122,-0.00187,0.99590,-0.09790,0.00652,-0.01960,0.99498,1.00,-0.08754,-0.04853,-0.00427,0.99497,-0.09809,-0.02082,-0.02172,0.99472,1.00
27055,-0.00947,0.02601,-0.02039,0.99941,-0.08805,-0.02118,-0.00187,0.99589,-0.09790,0.00652,-0.01969,0.99498,1.00,-0.08762,-0.04849,-0.00427,0.99496,-0.09809,-0.02083,-0.02182,0.99472,1.00
27066,-0.00945,0.02596,-0.02048,0.99941,-0.08807,-0.02114,-0.00187,0.99589,-0.09791,0.00651,-0.01978,0.99498,1.00,-0.08764,-0.04845,-0.00427,0.99496,-0.09809,-0.02084,-0.02191,0.99472,1.00
27077,-0.00929,0.02597,-0.02057,0.99941,-0.08734,-0.01999,-0.00175,0.99598,-0.09700,0.00766,-0.01979,0.99506,1.00,-0.08693,-0.04730,-0.00413,0.99508,-0.09720,-0.01968,-0.02191,0.99483,1.00
27088,-0.00916,0.02601,-0.02061,0.99941,-0.08747,-0.02004,-0.00176,0.99596,-0.09700,0.00766,-0.01983,0.99506,1.00,-0.08706,-0.04735,-0.00414,0.99507,-0.09720,-0.01969,-0.02195,0.99483,1.00
27100,-0.00907,0.02602,-0.02061,0.99941,-0.08756,-0.02005,-0.00176,0.99596,-0.09700,0.00766,-0.01982,0.99506,1.00,-0.08714,-0.04736,-0.00415,0.99506,-0.09720,-0.01969,-0.02195,0.99483,1.00
27111,-0.00903,0.02609,-0.02053,0.99941,-0.08747,-0.02021,-0.00177,0.99596,-0.09687,0.00757,-0.01975,0.99507,1.00,-0.08706,-0.04752,-0.00416,0.99506,-0.09708,-0.01978,-0.02188,0.99484,1.00
27122,-0.00892,0.02615,-0.02048,0.99941,-0.08758,-0.02026,-0.00178,0.99595,-0.09687,0.00757,-0.01971,0.99507,1.00,-0.08718,-0.04757,-0.00417,0.99505,-0.09708,-0.01978,-0.02184,0.99484,1.00
27133,-0.00881,0.02626,-0.02060,0.99940,-0.08768,-0.02039,-0.00180,0.99594,-0.09687,0.00756,-0.01983,0.99507,1.00,-0.08727,-0.04771,-0.00418,0.99503,-0.09708,-0.01979,-0.02197,0.99484,1.00
27144,-0.00871,0.02644,-0.02083,0.99940,-0.08777,-0.02062,-0.00182,0.99593,-0.09687,0.00754,-0.02006,0.99507,1.00,-0.08735,-0.04793,-0.00421,0.99501,-0.09708,-0.01981,-0.02221,0.99483,1.00
27155,-0.00864,0.02654,-0.02095,0.99939,-0.08658,-0.02058,-0.00179,0.99603,-0.09561,0.00767,-0.02018,0.99518,1.00,-0.08616,-0.04788,-0.00415,0.99512,-0.09582,-0.01967,-0.02229,0.99495,1.00
27166,-0.00854,0.02664,-0.02102,0.99939,-0.08668,-0.02069,-0.00180,0.99602,-0.09561,0.00766,-0.02025,0.99518,1.00,-0.08626,-0.04800,-0.00416,0.99511,-0.09582,-0.01968,-0.02237,0.99495,1.00
27178,-0.00848,0.02675,-0.02095,0.99939,-0.08832,-0.01914,-0.00170,0.99591,-0.09716,0.00935,-0.02004,0.99502,1.00,-0.08792,-0.04646,-0.00411,0.99503,-0.09739,-0.01801,-0.02221,0.99484,1.00
27189,-0.00849,0.02683,-0.02095,0.99938,-0.08831,-0.01922,-0.00170,0.99591,-0.09716,0.00935,-0.02003,0.99502,1.00,-0.08792,-0.04654,-0.00411,0.99503,-0.09739,-0.01801,-0.02220,0.99484,1.00
27200,-0.00846,0.02686,-0.02095,0.99938,-0.08834,-0.01925,-0.00171,0.99590,-0.09716,0.00935,-0.02003,0.99502,1.00,-0.08794,-0.04657,-0.00412,0.99503,-0.09739,-0.01801,-0.02220,0.99484,1.00
27211,-0.00852,0.02687,-0.02098,0.99938,-0.08809,-0.01896,-0.00168,0.99593,-0.09697,0.00964,-0.02004,0.99504,1.00,-0.08770,-0.04629,-0.00408,0.99506,-0.09721,-0.01771,-0.02220,0.99486,1.00
27222,-0.00853,0.02688,-0.02102,0.99938,-0.08808,-0.01898,-0.00168,0.99593,-0.09697,0.00964,-0.02008,0.99504,1.00,-0.08769,-0.04631,-0.00408,0.99506,-0.09721,-0.01772,-0.02224,0.99486,1.00
27233,-0.00856,0.02678,-0.02101,0.99938,-0.08805,-0.01888,-0.00167,0.99594,-0.09697,0.00964,-0.02008,0.99504,1.00,-0.08766,-0.04620,-0.00407,0.99507,-0.09721,-0.01772,-0.02223,0.99486,1.00
27244,-0.00857,0.02671,-0.02100,0.99939,-0.08805,-0.02096,-0.00185,0.99589,-0.09702,0.00749,-0.02024,0.99505,1.00,-0.08763,-0.04827,-0.00425,0.99497,-0.09723,-0.01986,-0.02239,0.99481,1.00
27255,-0.00856,0.02653,-0.02099,0.99939,-0.08806,-0.02078,-0.00184,0.99590,-0.09702,0.00749,-0.02023,0.99505,1.00,-0.08765,-0.04809,-0.00424,0.99498,-0.09723,-0.01986,-0.02238,0.99481,1.00
27266,-0.00856,0.02643,-0.02100,0.99939,-0.08806,-0.02068,-0.00183,0.99590,-0.09702,0.00749,-0.02024,0.99505,1.00,-0.08765,-0.04799,-0.00423,0.99499,-0.09723,-0.01986,-0.02239,0.99481,1.00
27278,-0.00853,0.02628,-0.02099,0.99940,-0.08910,-0.03302,-0.00296,0.99547,-0.09831,-0.00500,-0.02123,0.99492,1.00,-0.08853,-0.06027,-0.00537,0.99423,-0.09837,-0.03230,-0.02339,0.99435,1.00
27289,-0.00846,0.02614,-0.02100,0.99940,-0.08917,-0.03289,-0.00295,0.99547,-0.09831,-0.00500,-0.02124,0.99492,1.00,-0.08861,-0.06014,-0.00536,0.99424,-0.09837,-0.03230,-0.02341,0.99435,1.00
27300,-0.00838,0.02608,-0.02095,0.99941,-0.08926,-0.03282,-0.00294,0.99546,-0.09831,-0.00499,-0.02120,0.99492,1.00,-0.08870,-0.06007,-0.00536,0.99423,-0.09837,-0.03229,-0.02337,0.99435,1.00
27311,-0.00832,0.02605,-0.02093,0.99941,-0.08782,-0.03396,-0.00300,0.99555,-0.09683,-0.00620,-0.02126,0.99505,1.00,-0.08725,-0.06120,-0.00537,0.99429,-0.09689,-0.03349,-0.02339,0.99446,1.00
27322,-0.00824,0.02607,-0.02091,0.99941,-0.08789,-0.03399,-0.00300,0.99555,-0.09683,-0.00620,-0.02125,0.99505,1.00,-0.08732,-0.06122,-0.00538,0.99428,-0.09689,-0.03349,-0.02339,0.99446,1.00
27334,-0.00822,0.02611,-0.02086,0.99941,-0.08791,-0.03402,-0.00300,0.99554,-0.09683,-0.00619,-0.02119,0.99506,1.00,-0.08735,-0.06126,-0.00538,0.99428,-0.09689,-0.03348,-0.02333,0.99446,1.00
27344,-0.00820,0.02617,-0.02083,0.99941,-0.08843,-0.03423,-0.00304,0.99549,-0.09733,-0.00634,-0.02118,0.99501,1.00,-0.08786,-0.06147,-0.00543,0.99422,-0.09739,-0.03363,-0.02333,0.99440,1.00
27355,-0.00821,0.02625,-0.02076,0.99941,-0.08842,-0.03430,-0.00305,0.99549,-0.09733,-0.00634,-0.02111,0.99501,1.00,-0.08786,-0.06154,-0.00544,0.99422,-0.09739,-0.03363,-0.02327,0.99441,1.00
27366,-0.00825,0.02636,-0.02069,0.99940,-0.08838,-0.03440,-0.00305,0.99549,-0.09733,-0.00633,-0.02104,0.99501,1.00,-0.08783,-0.06164,-0.00544,0.99421,-0.09739,-0.03362,-0.02319,0.99441,1.00
27378,-0.00834,0.02643,-0.02060,0.99940,-0.08756,-0.03445,-0.00303,0.99556,-0.09660,-0.00633,-0.02093,0.99508,1.00,-0.08701,-0.06168,-0.00540,0.99428,-0.09666,-0.03362,-0.02306,0.99448,1.00
27389,-0.00843,0.02654,-0.02057,0.99940,-0.08747,-0.03455,-0.00304,0.99556,-0.09660,-0.00633,-0.02090,0.99508,1.00,-0.08692,-0.06178,-0.00540,0.99428,-0.09666,-0.03361,-0.02302,0.99448,1.00
27400,-0.00845,0.02664,-0.02054,0.99940,-0.08744,-0.03464,-0.00304,0.99556,-0.09660,-0.00633,-0.02087,0.99508,1.00,-0.08689,-0.06188,-0.00541,0.99428,-0.09666,-0.03361,-0.02299,0.99448,1.00
27411,-0.00856,0.02670,-0.02051,0.99940,-0.08805,-0.03453,-0.00305,0.99551,-0.09731,-0.00615,-0.02082,0.99502,1.00,-0.08749,-0.06177,-0.00543,0.99423,-0.09736,-0.03343,-0.02296,0.99442,1.00
27422,-0.00862,0.02680,-0.02049,0.99939,-0.08799,-0.03462,-0.00306,0.99551,-0.09731,-0.00614,-0.02080,0.99502,1.00,-0.08743,-0.06186,-0.00544,0.99423,-0.09736,-0.03343,-0.02293,0.99442,1.00
27434,-0.00868,0.02681,-0.02046,0.99939,-0.08793,-0.03462,-0.00306,0.99552,-0.09731,-0.00614,-0.02077,0.99502,1.00,-0.08737,-0.06186,-0.00544,0.99424,-0.09736,-0.03343,-0.02290,0.99442,1.00
27445,-0.00872,0.02684,-0.02044,0.99939,-0.08832,-0.03315,-0.00294,0.99554,-0.09771,-0.00463,-0.02063,0.99499,1.00,-0.08777,-0.06040,-0.00533,0.99429,-0.09777,-0.03193,-0.02277,0.99444,1.00
27456,-0.00877,0.02682,-0.02043,0.99939,-0.08827,-0.03312,-0.00294,0.99554,-0.09771,-0.00463,-0.02061,0.99499,1.00,-0.08773,-0.06037,-0.00533,0.99430,-0.09777,-0.03192,-0.02275,0.99444,1.00
27467,-0.00885,0.02678,-0.02044,0.99939,-0.08820,-0.03309,-0.00293,0.99555,-0.09771,-0.00463,-0.02063,0.99499,1.00,-0.08765,-0.06034,-0.00532,0.99431,-0.09777,-0.03192,-0.02276,0.99444,1.00
27478,-0.00891,0.02674,-0.02050,0.99939,-0.08959,-0.01956,-0.00176,0.99579,-0.09885,0.00889,-0.01960,0.99487,1.00,-0.08918,-0.04689,-0.00420,0.99490,-0.09906,-0.01847,-0.02179,0.99467,1.00
27489,-0.00906,0.02670,-0.02059,0.99939,-0.08943,-0.01954,-0.00175,0.99580,-0.09885,0.00889,-0.01969,0.99487,1.00,-0.08902,-0.04687,-0.00419,0.99492,-0.09906,-0.01848,-0.02187,0.99467,1.00
27500,-0.00913,0.02666,-0.02060,0.99939,-0.08937,-0.01950,-0.00175,0.99581,-0.09885,0.00888,-0.01970,0.99487,1.00,-0.08896,-0.04683,-0.00419,0.99493,-0.09906,-0.01848,-0.02188,0.99467,1.00
27511,-0.00915,0.02663,-0.02062,0.99939,-0.08950,-0.01948,-0.00175,0.99579,-0.09901,0.00888,-0.01972,0.99485,1.00,-0.08910,-0.04681,-0.00419,0.99491,-0.09923,-0.01848,-0.02190,0.99465,1.00
27522,-0.00917,0.02660,-0.02058,0.99939,-0.08949,-0.01944,-0.00175,0.99580,-0.09901,0.00889,-0.01968,0.99485,1.00,-0.08909,-0.04677,-0.00419,0.99492,-0.09923,-0.01848,-0.02187,0.99465,1.00
27534,-0.00916,0.02660,-0.02056,0.99939,-0.08950,-0.01943,-0.00175,0.99580,-0.09901,0.00889,-0.01966,0.99485,1.00,-0.08910,-0.04676,-0.00419,0.99492,-0.09923,-0.01848,-0.02184,0.99465,1.00
27545,-0.00911,0.02661,-0.02061,0.99939,-0.08954,-0.01946,-0.00175,0.99579,-0.09901,0.00888,-0.01971,0.99485,1.00,-0.08914,-0.04679,-0.00419,0.99491,-0.09923,-0.01848,-0.02190,0.99465,1.00
27556,-0.00898,0.02667,-0.02064,0.99939,-0.08954,-0.02023,-0.00182,0.99578,-0.09889,0.00817,-0.01980,0.99487,1.00,-0.08912,-0.04756,-0.00426,0.99488,-0.09910,-0.01919,-0.02199,0.99465,1.00
27567,-0.00893,0.02673,-0.02076,0.99939,-0.08958,-0.02031,-0.00183,0.99577,-0.09889,0.00816,-0.01992,0.99487,1.00,-0.08916,-0.04764,-0.00427,0.99487,-0.09910,-0.01920,-0.02211,0.99465,1.00
27579,-0.00884,0.02679,-0.02084,0.99938,-0.08807,-0.02035,-0.00180,0.99591,-0.09729,0.00816,-0.02002,0.99502,1.00,-0.08765,-0.04767,-0.00420,0.99500,-0.09750,-0.01919,-0.02217,0.99480,1.00
27589,-0.00875,0.02686,-0.02098,0.99938,-0.08815,-0.02045,-0.00181,0.99590,-0.09729,0.00815,-0.02016,0.99502,1.00,-0.08772,-0.04777,-0.00421,0.99499,-0.09749,-0.01921,-0.02231,0.99480,1.00
27600,-0.00859,0.02699,-0.02122,0.99937,-0.08831,-0.02063,-0.00183,0.99588,-0.09729,0.00812,-0.02040,0.99501,1.00,-0.08787,-0.04795,-0.00423,0.99497,-0.09749,-0.01923,-0.02257,0.99479,1.00
27612,-0.00850,0.02706,-0.02145,0.99937,-0.08982,-0.02053,-0.00185,0.99574,-0.09872,0.00833,-0.02061,0.99487,1.00,-0.08938,-0.04786,-0.00430,0.99484,-0.09892,-0.01903,-0.02281,0.99465,1.00
27623,-0.00842,0.02711,-0.02150,0.99937,-0.08990,-0.02060,-0.00186,0.99574,-0.09872,0.00833,-0.02066,0.99487,1.00,-0.08945,-0.04793,-0.00431,0.99483,-0.09892,-0.01904,-0.02287,0.99465,1.00
27634,-0.00840,0.02712,-0.02145,0.99937,-0.08992,-0.02059,-0.00186,0.99573,-0.09872,0.00833,-0.02060,0.99487,1.00,-0.08947,-0.04792,-0.00431,0.99483,-0.09892,-0.01903,-0.02281,0.99465,1.00
27645,-0.00829,0.02711,-0.02144,0.99937,-0.09145,-0.02033,-0.00187,0.99560,-0.10013,0.00862,-0.02056,0.99472,1.00,-0.09102,-0.04767,-0.00436,0.99470,-0.10034,-0.01876,-0.02282,0.99451,1.00
27656,-0.00822,0.02707,-0.02127,0.99937,-0.09152,-0.02026,-0.00186,0.99560,-0.10013,0.00863,-0.02040,0.99473,1.00,-0.09110,-0.04760,-0.00436,0.99469,-0.10035,-0.01875,-0.02266,0.99452,1.00
27667,-0.00823,0.02701,-0.02125,0.99938,-0.09151,-0.02019,-0.00186,0.99560,-0.10013,0.00864,-0.02037,0.99473,1.00,-0.09109,-0.04754,-0.00435,0.99470,-0.10035,-0.01874,-0.02264,0.99452,1.00
27678,-0.00824,0.02695,-0.02131,0.99938,-0.09142,-0.02092,-0.00192,0.99559,-0.10006,0.00786,-0.02050,0.99474,1.00,-0.09100,-0.04826,-0.00441,0.99467,-0.10028,-0.01952,-0.02276,0.99451,1.00
27689,-0.00824,0.02691,-0.02142,0.99937,-0.09142,-0.02089,-0.00192,0.99559,-0.10006,0.00785,-0.02061,0.99474,1.00,-0.09099,-0.04823,-0.00441,0.99467,-0.10028,-0.01953,-0.02287,0.99451,1.00
27701,-0.00823,0.02681,-0.02147,0.99938,-0.09143,-0.02081,-0.00191,0.99559,-0.10007,0.00784,-0.02066,0.99474,1.00,-0.09099,-0.04815,-0.00440,0.99468,-0.10027,-0.01953,-0.02292,0.99450,1.00
27712,-0.00821,0.02675,-0.02145,0.99938,-0.09131,-0.02331,-0.00214,0.99555,-0.09999,0.00528,-0.02086,0.99476,1.00,-0.09085,-0.05063,-0.00462,0.99457,-0.10017,-0.02209,-0.02311,0.99446,1.00
27723,-0.00822,0.02661,-0.02147,0.99938,-0.09131,-0.02318,-0.00213,0.99555,-0.09999,0.00527,-0.02088,0.99476,1.00,-0.09085,-0.05050,-0.00461,0.99457,-0.10017,-0.02209,-0.02314,0.99446,1.00
27734,-0.00821,0.02649,-0.02142,0.99939,-0.09132,-0.02305,-0.00211,0.99555,-0.09999,0.00528,-0.02083,0.99476,1.00,-0.09086,-0.05037,-0.00460,0.99458,-0.10017,-0.02209,-0.02308,0.99446,1.00
27745,-0.00817,0.02638,-0.02149,0.99939,-0.08804,-0.02502,-0.00221,0.99580,-0.09672,0.00314,-0.02108,0.99508,1.00,-0.08757,-0.05231,-0.00460,0.99477,-0.09689,-0.02419,-0.02324,0.99473,1.00
27756,-0.00817,0.02624,-0.02160,0.99939,-0.08803,-0.02490,-0.00220,0.99580,-0.09672,0.00313,-0.02119,0.99508,1.00,-0.08756,-0.05219,-0.00459,0.99478,-0.09689,-0.02420,-0.02335,0.99473,1.00
27767,-0.00813,0.02611,-0.02171,0.99939,-0.08808,-0.02479,-0.00219,0.99580,-0.09672,0.00312,-0.02131,0.99508,1.00,-0.08760,-0.05208,-0.00459,0.99478,-0.09688,-0.02421,-0.02347,0.99472,1.00
27779,-0.00811,0.02604,-0.02173,0.99939,-0.08768,-0.02549,-0.00224,0.99582,-0.09632,0.00234,-0.02139,0.99512,1.00,-0.08720,-0.05278,-0.00463,0.99478,-0.09648,-0.02498,-0.02354,0.99474,1.00
27789,-0.00809,0.02599,-0.02176,0.99939,-0.08770,-0.02544,-0.00224,0.99582,-0.09632,0.00234,-0.02143,0.99512,1.00,-0.08722,-0.05273,-0.00462,0.99478,-0.09648,-0.02499,-0.02358,0.99474,1.00
27801,-0.00816,0.02597,-0.02176,0.99939,-0.08763,-0.02543,-0.00224,0.99583,-0.09632,0.00234,-0.02142,0.99512,1.00,-0.08715,-0.05271,-0.00462,0.99479,-0.09648,-0.02499,-0.02357,0.99474,1.00
27812,-0.00822,0.02599,-0.02170,0.99939,-0.08752,-0.02626,-0.00231,0.99581,-0.09628,0.00151,-0.02143,0.99512,1.00,-0.08704,-0.05355,-0.00469,0.99475,-0.09645,-0.02581,-0.02357,0.99472,1.00
27823,-0.00825,0.02602,-0.02170,0.99939,-0.08749,-0.02629,-0.00231,0.99582,-0.09628,0.00151,-0.02142,0.99512,1.00,-0.08702,-0.05358,-0.00469,0.99475,-0.09645,-0.02581,-0.02356,0.99472,1.00
27834,-0.00824,0.02612,-0.02180,0.99939,-0.08749,-0.02641,-0.00232,0.99581,-0.09628,0.00150,-0.02152,0.99512,1.00,-0.08701,-0.05369,-0.00470,0.99475,-0.09645,-0.02582,-0.02366,0.99472,1.00
27845,-0.00823,0.02625,-0.02196,0.99938,-0.08773,-0.02667,-0.00235,0.99578,-0.09652,0.00139,-0.02169,0.99509,1.00,-0.08724,-0.05395,-0.00473,0.99471,-0.09668,-0.02593,-0.02384,0.99469,1.00
27857,-0.00817,0.02643,-0.02217,0.99937,-0.08778,-0.02689,-0.00237,0.99577,-0.09652,0.00137,-0.02191,0.99509,1.00,-0.08728,-0.05418,-0.00475,0.99470,-0.09667,-0.02595,-0.02406,0.99469,1.00
27868,-0.00814,0.02658,-0.02220,0.99937,-0.08780,-0.02705,-0.00238,0.99577,-0.09652,0.00137,-0.02194,0.99509,1.00,-0.08730,-0.05433,-0.00477,0.99469,-0.09667,-0.02596,-0.02409,0.99469,1.00
27879,-0.00810,0.02675,-0.02214,0.99936,-0.08786,-0.02596,-0.00229,0.99579,-0.09650,0.00262,-0.02178,0.99509,1.00,-0.08738,-0.05325,-0.00468,0.99474,-0.09669,-0.02471,-0.02393,0.99472,1.00
27890,-0.00802,0.02690,-0.02211,0.99936,-0.08793,-0.02610,-0.00230,0.99578,-0.09650,0.00262,-0.02174,0.99509,1.00,-0.08746,-0.05339,-0.00469,0.99473,-0.09669,-0.02471,-0.02390,0.99472,1.00
27901,-0.00808,0.02697,-0.02211,0.99936,-0.08787,-0.02618,-0.00231,0.99579,-0.09650,0.00262,-0.02174,0.99509,1.00,-0.08740,-0.05347,-0.00470,0.99473,-0.09669,-0.02470,-0.02390,0.99472,1.00
27912,-0.00810,0.02709,-0.02218,0.99935,-0.08946,-0.02475,-0.00222,0.99568,-0.09808,0.00421,-0.02168,0.99493,1.00,-0.08899,-0.05206,-0.00466,0.99466,-0.09827,-0.02314,-0.02388,0.99460,1.00
27923,-0.00812,0.02716,-0.02224,0.99935,-0.08943,-0.02483,-0.00223,0.99568,-0.09808,0.00420,-0.02174,0.99493,1.00,-0.08896,-0.05214,-0.00466,0.99466,-0.09827,-0.02315,-0.02394,0.99460,1.00
27935,-0.00813,0.02715,-0.02227,0.99935,-0.08943,-0.02482,-0.00223,0.99568,-0.09808,0.00420,-0.02177,0.99493,1.00,-0.08896,-0.05213,-0.00466,0.99466,-0.09827,-0.02315,-0.02397,0.99460,1.00
27946,-0.00820,0.02715,-0.02233,0.99935,-0.08936,-0.02483,-0.00223,0.99569,-0.09808,0.00419,-0.02183,0.99493,1.00,-0.08888,-0.05214,-0.00466,0.99467,-0.09827,-0.02315,-0.02402,0.99460,1.00
27957,-0.00829,0.02704,-0.02232,0.99935,-0.08558,-0.02556,-0.00220,0.99600,-0.09441,0.00328,-0.02190,0.99529,1.00,-0.08512,-0.05283,-0.00452,0.99496,-0.09461,-0.02403,-0.02399,0.99494,1.00
27968,-0.00837,0.02693,-0.02235,0.99935,-0.08550,-0.02545,-0.00218,0.99601,-0.09441,0.00328,-0.02192,0.99529,1.00,-0.08504,-0.05272,-0.00451,0.99497,-0.09461,-0.02403,-0.02401,0.99493,1.00
27979,-0.00849,0.02681,-0.02228,0.99936,-0.08549,-0.02660,-0.00228,0.99598,-0.09454,0.00201,-0.02195,0.99528,1.00,-0.08502,-0.05386,-0.00460,0.99491,-0.09473,-0.02530,-0.02403,0.99489,1.00
27990,-0.00859,0.02664,-0.02225,0.99936,-0.08540,-0.02642,-0.00227,0.99599,-0.09454,0.00201,-0.02193,0.99528,1.00,-0.08493,-0.05369,-0.00458,0.99493,-0.09474,-0.02530,-0.02400,0.99489,1.00
28001,-0.00869,0.02652,-0.02222,0.99936,-0.08529,-0.02629,-0.00225,0.99601,-0.09454,0.00201,-0.02189,0.99528,1.00,-0.08483,-0.05356,-0.00457,0.99494,-0.09474,-0.02529,-0.02396,0.99489,1.00
28012,-0.00878,0.02636,-0.02218,0.99937,-0.08542,-0.02632,-0.00226,0.99599,-0.09476,0.00183,-0.02187,0.99526,1.00,-0.08496,-0.05358,-0.00458,0.99493,-0.09496,-0.02547,-0.02393,0.99487,1.00
28024,-0.00884,0.02626,-0.02212,0.99937,-0.08537,-0.02620,-0.00225,0.99600,-0.09476,0.00184,-0.02181,0.99526,1.00,-0.08491,-0.05347,-0.00456,0.99494,-0.09496,-0.02547,-0.02387,0.99487,1.00
28035,-0.00890,0.02616,-0.02201,0.99938,-0.08531,-0.02608,-0.00223,0.99601,-0.09476,0.00185,-0.02169,0.99526,1.00,-0.08486,-0.05334,-0.00455,0.99495,-0.09496,-0.02545,-0.02375,0.99487,1.00
28046,-0.00894,0.02612,-0.02205,0.99938,-0.08716,-0.02608,-0.00228,0.99585,-0.09664,0.00185,-0.02173,0.99508,1.00,-0.08670,-0.05336,-0.00465,0.99479,-0.09683,-0.02547,-0.02384,0.99469,1.00
28057,-0.00898,0.02605,-0.02194,0.99938,-0.08713,-0.02599,-0.00227,0.99586,-0.09664,0.00186,-0.02162,0.99508,1.00,-0.08667,-0.05327,-0.00464,0.99480,-0.09684,-0.02546,-0.02373,0.99469,1.00
28068,-0.00906,0.02604,-0.02189,0.99938,-0.08704,-0.02597,-0.00227,0.99586,-0.09664,0.00186,-0.02157,0.99508,1.00,-0.08659,-0.05325,-0.00463,0.99481,-0.09684,-0.02546,-0.02368,0.99469,1.00
28079,-0.00907,0.02611,-0.02174,0.99938,-0.08723,-0.02569,-0.00225,0.99585,-0.09683,0.00221,-0.02139,0.99507,1.00,-0.08679,-0.05297,-0.00462,0.99481,-0.09703,-0.02512,-0.02350,0.99469,1.00
28090,-0.00902,0.02618,-0.02160,0.99938,-0.08729,-0.02573,-0.00226,0.99585,-0.09683,0.00222,-0.02125,0.99507,1.00,-0.08685,-0.05301,-0.00463,0.99480,-0.09703,-0.02511,-0.02336,0.99469,1.00
28102,-0.00887,0.02630,-0.02150,0.99938,-0.08744,-0.02584,-0.00227,0.99583,-0.09683,0.00223,-0.02115,0.99507,1.00,-0.08700,-0.05312,-0.00465,0.99478,-0.09703,-0.02510,-0.02327,0.99469,1.00
28113,-0.00867,0.02646,-0.02144,0.99938,-0.08616,-0.02534,-0.00219,0.99596,-0.09534,0.00286,-0.02104,0.99522,1.00,-0.08573,-0.05262,-0.00453,0.99492,-0.09555,-0.02446,-0.02313,0.99486,1.00
28124,-0.00857,0.02653,-0.02148,0.99938,-0.08625,-0.02542,-0.00220,0.99595,-0.09534,0.00286,-0.02109,0.99522,1.00,-0.08582,-0.05269,-0.00455,0.99491,-0.09555,-0.02446,-0.02318,0.99485,1.00
28135,-0.00841,0.02657,-0.02145,0.99938,-0.08641,-0.02546,-0.00221,0.99593,-0.09534,0.00286,-0.02106,0.99522,1.00,-0.08598,-0.05274,-0.00456,0.99489,-0.09555,-0.02446,-0.02317,0.99485,1.00
28146,-0.00836,0.02662,-0.02146,0.99938,-0.08459,-0.02538,-0.00216,0.99609,-0.09346,0.00295,-0.02106,0.99540,1.00,-0.08415,-0.05264,-0.00445,0.99505,-0.09367,-0.02436,-0.02312,0.99504,1.00
28157,-0.00834,0.02660,-0.02140,0.99938,-0.08461,-0.02535,-0.00215,0.99609,-0.09346,0.00295,-0.02101,0.99540,1.00,-0.08418,-0.05262,-0.00445,0.99505,-0.09367,-0.02435,-0.02307,0.99504,1.00
28169,-0.00834,0.02658,-0.02141,0.99938,-0.08461,-0.02533,-0.00215,0.99609,-0.09346,0.00295,-0.02102,0.99540,1.00,-0.08418,-0.05260,-0.00445,0.99505,-0.09367,-0.02436,-0.02308,0.99504,1.00
28180,-0.00841,0.02649,-0.02143,0.99938,-0.08157,-0.03181,-0.00260,0.99616,-0.09065,-0.00367,-0.02153,0.99564,1.00,-0.08107,-0.05901,-0.00481,0.99495,-0.09079,-0.03092,-0.02349,0.99511,1.00
28191,-0.00848,0.02639,-0.02146,0.99939,-0.08151,-0.03171,-0.00259,0.99616,-0.09065,-0.00367,-0.02155,0.99564,1.00,-0.08101,-0.05892,-0.00480,0.99496,-0.09078,-0.03092,-0.02351,0.99511,1.00
28202,-0.00862,0.02624,-0.02152,0.99939,-0.08137,-0.03157,-0.00258,0.99618,-0.09065,-0.00368,-0.02160,0.99564,1.00,-0.08087,-0.05877,-0.00478,0.99498,-0.09078,-0.03093,-0.02355,0.99511,1.00
28213,-0.00875,0.02612,-0.02155,0.99939,-0.08120,-0.03150,-0.00257,0.99620,-0.09061,-0.00373,-0.02164,0.99564,1.00,-0.08070,-0.05870,-0.00476,0.99500,-0.09075,-0.03098,-0.02358,0.99511,1.00
28224,-0.00894,0.02596,-0.02153,0.99939,-0.08101,-0.03133,-0.00255,0.99622,-0.09061,-0.00373,-0.02161,0.99564,1.00,-0.08051,-0.05853,-0.00474,0.99502,-0.09075,-0.03098,-0.02355,0.99511,1.00
28235,-0.00907,0.02583,-0.02143,0.99940,-0.08090,-0.03118,-0.00253,0.99623,-0.09061,-0.00372,-0.02151,0.99565,1.00,-0.08040,-0.05839,-0.00472,0.99504,-0.09075,-0.03097,-0.02343,0.99512,1.00
28246,-0.00925,0.02580,-0.02147,0.99939,-0.08119,-0.03031,-0.00247,0.99623,-0.09107,-0.00288,-0.02149,0.99561,1.00,-0.08071,-0.05753,-0.00467,0.99507,-0.09121,-0.03013,-0.02341,0.99510,1.00
28257,-0.00942,0.02578,-0.02143,0.99939,-0.08102,-0.03028,-0.00246,0.99625,-0.09107,-0.00287,-0.02144,0.99561,1.00,-0.08053,-0.05750,-0.00465,0.99508,-0.09122,-0.03013,-0.02336,0.99510,1.00
28269,-0.00969,0.02579,-0.02146,0.99939,-0.08075,-0.03030,-0.00246,0.99627,-0.09107,-0.00287,-0.02146,0.99561,1.00,-0.08027,-0.05751,-0.00464,0.99510,-0.09122,-0.03013,-0.02337,0.99510,1.00
28279,-0.00978,0.02593,-0.02153,0.99938,-0.08152,-0.02986,-0.00244,0.99622,-0.09192,-0.00228,-0.02149,0.99553,1.00,-0.08104,-0.05708,-0.00465,0.99506,-0.09207,-0.02955,-0.02341,0.99504,1.00
28290,-0.00977,0.02600,-0.02174,0.99938,-0.08152,-0.02997,-0.00245,0.99622,-0.09192,-0.00230,-0.02169,0.99553,1.00,-0.08103,-0.05719,-0.00466,0.99506,-0.09207,-0.02956,-0.02362,0.99503,1.00
28302,-0.00983,0.02615,-0.02181,0.99937,-0.08146,-0.03013,-0.00246,0.99622,-0.09192,-0.00231,-0.02176,0.99553,1.00,-0.08096,-0.05735,-0.00467,0.99506,-0.09206,-0.02957,-0.02368,0.99503,1.00
28313,-0.00985,0.02621,-0.02178,0.99937,-0.08185,-0.02913,-0.00239,0.99622,-0.09232,-0.00124,-0.02166,0.99549,1.00,-0.08137,-0.05636,-0.00461,0.99508,-0.09247,-0.02852,-0.02359,0.99503,1.00
28324,-0.00980,0.02630,-0.02171,0.99937,-0.08191,-0.02922,-0.00240,0.99621,-0.09232,-0.00124,-0.02159,0.99549,1.00,-0.08143,-0.05644,-0.00462,0.99507,-0.09248,-0.02851,-0.02353,0.99503,1.00
28335,-0.00973,0.02639,-0.02159,0.99937,-0.08198,-0.02928,-0.00241,0.99620,-0.09232,-0.00123,-0.02147,0.99550,1.00,-0.08151,-0.05651,-0.00463,0.99506,-0.09248,-0.02850,-0.02341,0.99503,1.00
28346,-0.00964,0.02645,-0.02149,0.99937,-0.08207,-0.02932,-0.00242,0.99619,-0.09232,-0.00122,-0.02137,0.99550,1.00,-0.08160,-0.05655,-0.00464,0.99505,-0.09248,-0.02849,-0.02331,0.99503,1.00
28357,-0.00958,0.02642,-0.02140,0.99938,-0.08232,-0.02815,-0.00233,0.99621,-0.09247,-0.00008,-0.02120,0.99549,1.00,-0.08187,-0.05539,-0.00456,0.99509,-0.09266,-0.02736,-0.02316,0.99505,1.00
28368,-0.00954,0.02640,-0.02144,0.99938,-0.08235,-0.02814,-0.00233,0.99620,-0.09247,-0.00008,-0.02124,0.99549,1.00,-0.08190,-0.05538,-0.00456,0.99509,-0.09265,-0.02736,-0.02320,0.99505,1.00
28380,-0.00955,0.02632,-0.02149,0.99938,-0.08355,-0.02289,-0.00192,0.99624,-0.09355,0.00513,-0.02091,0.99538,1.00,-0.08314,-0.05016,-0.00419,0.99527,-0.09378,-0.02218,-0.02291,0.99508,1.00
28391,-0.00957,0.02624,-0.02159,0.99938,-0.08353,-0.02283,-0.00191,0.99624,-0.09355,0.00512,-0.02101,0.99538,1.00,-0.08311,-0.05010,-0.00418,0.99527,-0.09378,-0.02219,-0.02300,0.99508,1.00
28402,-0.00964,0.02613,-0.02160,0.99938,-0.08346,-0.02272,-0.00190,0.99625,-0.09355,0.00512,-0.02102,0.99538,1.00,-0.08304,-0.04999,-0.00417,0.99528,-0.09378,-0.02219,-0.02301,0.99508,1.00
28413,-0.00973,0.02606,-0.02155,0.99938,-0.08339,-0.02225,-0.00186,0.99627,-0.09357,0.00550,-0.02094,0.99538,1.00,-0.08299,-0.04952,-0.00413,0.99531,-0.09380,-0.02181,-0.02293,0.99509,1.00
28424,-0.00983,0.02598,-0.02157,0.99938,-0.08330,-0.02217,-0.00185,0.99628,-0.09357,0.00550,-0.02096,0.99538,1.00,-0.08289,-0.04945,-0.00412,0.99532,-0.09380,-0.02181,-0.02294,0.99509,1.00
28435,-0.00989,0.02596,-0.02161,0.99938,-0.08324,-0.02216,-0.00185,0.99628,-0.09357,0.00550,-0.02100,0.99538,1.00,-0.08283,-0.04943,-0.00411,0.99533,-0.09380,-0.02181,-0.02298,0.99509,1.00
28446,-0.00991,0.02595,-0.02169,0.99938,-0.08333,-0.02272,-0.00190,0.99626,-0.09369,0.00493,-0.02112,0.99537,1.00,-0.08291,-0.04999,-0.00416,0.99529,-0.09391,-0.02238,-0.02310,0.99506,1.00
28458,-0.00990,0.02599,-0.02178,0.99938,-0.08334,-0.02278,-0.00191,0.99626,-0.09369,0.00492,-0.02121,0.99536,1.00,-0.08292,-0.05005,-0.00417,0.99529,-0.09391,-0.02239,-0.02319,0.99506,1.00
28469,-0.00989,0.02606,-0.02181,0.99937,-0.08334,-0.02285,-0.00191,0.99626,-0.09369,0.00492,-0.02124,0.99536,1.00,-0.08291,-0.05012,-0.00418,0.99529,-0.09391,-0.02239,-0.02323,0.99506,1.00
28480,-0.00984,0.02618,-0.02181,0.99937,-0.08412,-0.02574,-0.00217,0.99612,-0.09449,0.00216,-0.02144,0.99529,1.00,-0.08367,-0.05300,-0.00446,0.99507,-0.09468,-0.02514,-0.02345,0.99491,1.00
28491,-0.00988,0.02626,-0.02178,0.99937,-0.08408,-0.02582,-0.00218,0.99612,-0.09449,0.00216,-0.02141,0.99529,1.00,-0.08363,-0.05308,-0.00446,0.99507,-0.09468,-0.02514,-0.02341,0.99492,1.00
28502,-0.00984,0.02637,-0.02172,0.99937,-0.08412,-0.02591,-0.00219,0.99612,-0.09449,0.00217,-0.02135,0.99530,1.00,-0.08367,-0.05318,-0.00447,0.99506,-0.09468,-0.02513,-0.02335,0.99492,1.00
28513,-0.00976,0.02650,-0.02176,0.99936,-0.08490,-0.02592,-0.00221,0.99605,-0.09519,0.00231,-0.02138,0.99523,1.00,-0.08445,-0.05319,-0.00451,0.99500,-0.09538,-0.02499,-0.02340,0.99485,1.00
28524,-0.00966,0.02667,-0.02202,0.99936,-0.08498,-0.02614,-0.00223,0.99604,-0.09519,0.00229,-0.02164,0.99522,1.00,-0.08451,-0.05340,-0.00454,0.99498,-0.09537,-0.02502,-0.02367,0.99485,1.00
28536,-0.00960,0.02672,-0.02216,0.99935,-0.08504,-0.02621,-0.00224,0.99603,-0.09519,0.00228,-0.02178,0.99522,1.00,-0.08456,-0.05348,-0.00455,0.99497,-0.09537,-0.02503,-0.02381,0.99484,1.00
28547,-0.00965,0.02678,-0.02223,0.99935,-0.08425,-0.02371,-0.00201,0.99616,-0.09439,0.00484,-0.02166,0.99529,1.00,-0.08381,-0.05099,-0.00429,0.99517,-0.09460,-0.02248,-0.02367,0.99498,1.00
28558,-0.00964,0.02684,-0.02223,0.99935,-0.08425,-0.02377,-0.00201,0.99616,-0.09439,0.00483,-0.02167,0.99529,1.00,-0.08381,-0.05104,-0.00430,0.99516,-0.09460,-0.02248,-0.02368,0.99498,1.00
28569,-0.00960,0.02679,-0.02220,0.99935,-0.08430,-0.02372,-0.00201,0.99616,-0.09439,0.00484,-0.02163,0.99529,1.00,-0.08386,-0.05099,-0.00430,0.99516,-0.09460,-0.02248,-0.02365,0.99498,1.00
28580,-0.00951,0.02677,-0.02214,0.99935,-0.08291,-0.02338,-0.00195,0.99628,-0.09290,0.00511,-0.02156,0.99543,1.00,-0.08249,-0.05065,-0.00420,0.99530,-0.09314,-0.02219,-0.02354,0.99513,1.00
28591,-0.00945,0.02667,-0.02215,0.99935,-0.08297,-0.02329,-0.00194,0.99628,-0.09290,0.00511,-0.02157,0.99543,1.00,-0.08255,-0.05056,-0.00419,0.99529,-0.09314,-0.02219,-0.02356,0.99513,1.00
28602,-0.00929,0.02655,-0.02224,0.99936,-0.08313,-0.02319,-0.00193,0.99627,-0.09290,0.00510,-0.02167,0.99543,1.00,-0.08271,-0.05045,-0.00419,0.99529,-0.09313,-0.02220,-0.02366,0.99512,1.00
28614,-0.00910,0.02638,-0.02226,0.99936,-0.08257,-0.02337,-0.00194,0.99631,-0.09215,0.00474,-0.02172,0.99550,1.00,-0.08214,-0.05064,-0.00418,0.99532,-0.09239,-0.02256,-0.02370,0.99519,1.00
28625,-0.00895,0.02627,-0.02231,0.99937,-0.08272,-0.02328,-0.00193,0.99630,-0.09216,0.00474,-0.02177,0.99550,1.00,-0.08230,-0.05054,-0.00418,0.99532,-0.09239,-0.02256,-0.02376,0.99518,1.00
28636,-0.00873,0.02614,-0.02224,0.99937,-0.08295,-0.02314,-0.00193,0.99628,-0.09215,0.00474,-0.02171,0.99550,1.00,-0.08252,-0.05041,-0.00418,0.99530,-0.09239,-0.02256,-0.02371,0.99519,1.00
28647,-0.00854,0.02606,-0.02214,0.99938,-0.08345,-0.02365,-0.00198,0.99623,-0.09248,0.00415,-0.02166,0.99547,1.00,-0.08304,-0.05092,-0.00425,0.99524,-0.09272,-0.02315,-0.02368,0.99514,1.00
28658,-0.00826,0.02597,-0.02206,0.99939,-0.08374,-0.02355,-0.00198,0.99621,-0.09248,0.00416,-0.02158,0.99547,1.00,-0.08332,-0.05082,-0.00425,0.99522,-0.09272,-0.02314,-0.02362,0.99514,1.00
28669,-0.00798,0.02599,-0.02199,0.99939,-0.08402,-0.02357,-0.00199,0.99618,-0.09248,0.00417,-0.02152,0.99547,1.00,-0.08361,-0.05084,-0.00427,0.99519,-0.09272,-0.02314,-0.02358,0.99514,1.00
28680,-0.00763,0.02595,-0.02198,0.99939,-0.08606,-0.02595,-0.00224,0.99595,-0.09424,0.00178,-0.02171,0.99531,1.00,-0.08561,-0.05323,-0.00458,0.99490,-0.09444,-0.02553,-0.02382,0.99492,1.00
28691,-0.00730,0.02597,-0.02206,0.99939,-0.08639,-0.02600,-0.00226,0.99592,-0.09424,0.00177,-0.02180,0.99531,1.00,-0.08593,-0.05327,-0.00460,0.99487,-0.09444,-0.02554,-0.02393,0.99492,1.00
28703,-0.00699,0.02595,-0.02208,0.99939,-0.08670,-0.02599,-0.00226,0.99589,-0.09424,0.00177,-0.02182,0.99531,1.00,-0.08624,-0.05327,-0.00462,0.99484,-0.09444,-0.02554,-0.02397,0.99491,1.00
28714,-0.00668,0.02605,-0.02219,0.99939,-0.08733,-0.02627,-0.00230,0.99583,-0.09457,0.00161,-0.02195,0.99527,1.00,-0.08685,-0.05355,-0.00468,0.99477,-0.09476,-0.02571,-0.02412,0.99488,1.00
28725,-0.00651,0.02612,-0.02224,0.99939,-0.08750,-0.02635,-0.00232,0.99581,-0.09457,0.00160,-0.02200,0.99527,1.00,-0.08702,-0.05363,-0.00469,0.99475,-0.09476,-0.02572,-0.02419,0.99487,1.00
28736,-0.00634,0.02617,-0.02234,0.99939,-0.08766,-0.02643,-0.00233,0.99580,-0.09457,0.00159,-0.02211,0.99527,1.00,-0.08718,-0.05371,-0.00471,0.99473,-0.09475,-0.02573,-0.02431,0.99487,1.00
28747,-0.00618,0.02632,-0.02244,0.99938,-0.08798,-0.02549,-0.00225,0.99579,-0.09471,0.00269,-0.02212,0.99526,1.00,-0.08750,-0.05278,-0.00464,0.99475,-0.09490,-0.02464,-0.02433,0.99488,1.00
28758,-0.00599,0.02635,-0.02245,0.99938,-0.08817,-0.02553,-0.00226,0.99578,-0.09471,0.00269,-0.02214,0.99526,1.00,-0.08769,-0.05282,-0.00466,0.99474,-0.09490,-0.02464,-0.02436,0.99488,1.00
28770,-0.00585,0.02647,-0.02258,0.99938,-0.08830,-0.02568,-0.00228,0.99576,-0.09471,0.00268,-0.02227,0.99525,1.00,-0.08781,-0.05297,-0.00468,0.99472,-0.09490,-0.02465,-0.02450,0.99488,1.00
28781,-0.00570,0.02654,-0.02266,0.99937,-0.08681,-0.02503,-0.00218,0.99591,-0.09306,0.00337,-0.02230,0.99541,1.00,-0.08634,-0.05232,-0.00454,0.99488,-0.09327,-0.02395,-0.02449,0.99505,1.00
28792,-0.00560,0.02665,-0.02271,0.99937,-0.08690,-0.02515,-0.00219,0.99590,-0.09306,0.00336,-0.02235,0.99540,1.00,-0.08643,-0.05244,-0.00456,0.99487,-0.09326,-0.02396,-0.02455,0.99505,1.00
28803,-0.00550,0.02670,-0.02267,0.99937,-0.08701,-0.02520,-0.00220,0.99589,-0.09306,0.00337,-0.02232,0.99541,1.00,-0.08654,-0.05248,-0.00457,0.99485,-0.09326,-0.02395,-0.02452,0.99505,1.00
28814,-0.00550,0.02677,-0.02256,0.99937,-0.08861,-0.02401,-0.00214,0.99577,-0.09464,0.00465,-0.02210,0.99526,1.00,-0.08817,-0.05131,-0.00455,0.99477,-0.09486,-0.02268,-0.02435,0.99493,1.00
28825,-0.00541,0.02677,-0.02252,0.99937,-0.08870,-0.02400,-0.00214,0.99577,-0.09464,0.00466,-0.02206,0.99526,1.00,-0.08826,-0.05130,-0.00455,0.99477,-0.09486,-0.02268,-0.02431,0.99493,1.00
28837,-0.00544,0.02678,-0.02236,0.99938,-0.08868,-0.02398,-0.00214,0.99577,-0.09463,0.00467,-0.02189,0.99526,1.00,-0.08824,-0.05128,-0.00455,0.99477,-0.09487,-0.02266,-0.02415,0.99494,1.00
28848,-0.00556,0.02681,-0.02235,0.99938,-0.08875,-0.02380,-0.00212,0.99577,-0.09482,0.00488,-0.02186,0.99524,1.00,-0.08832,-0.05111,-0.00454,0.99477,-0.09505,-0.02245,-0.02412,0.99493,1.00
28859,-0.00564,0.02682,-0.02228,0.99938,-0.08867,-0.02379,-0.00212,0.99577,-0.09482,0.00489,-0.02179,0.99524,1.00,-0.08824,-0.05109,-0.00453,0.99478,-0.09505,-0.02245,-0.02403,0.99493,1.00
28870,-0.00578,0.02682,-0.02229,0.99938,-0.08854,-0.02380,-0.00212,0.99579,-0.09482,0.00489,-0.02180,0.99524,1.00,-0.08810,-0.05110,-0.00453,0.99479,-0.09505,-0.02245,-0.02404,0.99493,1.00
28881,-0.00592,0.02676,-0.02220,0.99938,-0.08853,-0.02386,-0.00212,0.99579,-0.09495,0.00476,-0.02171,0.99523,1.00,-0.08809,-0.05116,-0.00453,0.99479,-0.09518,-0.02258,-0.02395,0.99492,1.00
28892,-0.00613,0.02660,-0.02206,0.99938,-0.08832,-0.02367,-0.00210,0.99581,-0.09495,0.00477,-0.02157,0.99524,1.00,-0.08789,-0.05097,-0.00450,0.99481,-0.09519,-0.02256,-0.02380,0.99492,1.00
28904,-0.00629,0.02649,-0.02190,0.99939,-0.08818,-0.02353,-0.00208,0.99582,-0.09495,0.00479,-0.02141,0.99524,1.00,-0.08776,-0.05083,-0.00448,0.99483,-0.09519,-0.02255,-0.02363,0.99492,1.00
28915,-0.00641,0.02642,-0.02191,0.99939,-0.08812,-0.02379,-0.00211,0.99582,-0.09503,0.00445,-0.02145,0.99523,1.00,-0.08769,-0.05109,-0.00450,0.99483,-0.09526,-0.02288,-0.02366,0.99491,1.00
28926,-0.00653,0.02635,-0.02203,0.99939,-0.08800,-0.02374,-0.00210,0.99584,-0.09503,0.00444,-0.02156,0.99523,1.00,-0.08757,-0.05103,-0.00449,0.99484,-0.09525,-0.02289,-0.02376,0.99491,1.00
28937,-0.00673,0.02620,-0.02198,0.99939,-0.08781,-0.02358,-0.00208,0.99586,-0.09503,0.00445,-0.02151,0.99523,1.00,-0.08737,-0.05088,-0.00447,0.99487,-0.09526,-0.02289,-0.02370,0.99491,1.00
28948,-0.00693,0.02617,-0.02203,0.99939,-0.08768,-0.02379,-0.00209,0.99586,-0.09512,0.00421,-0.02157,0.99522,1.00,-0.08724,-0.05108,-0.00448,0.99487,-0.09533,-0.02312,-0.02376,0.99489,1.00
28959,-0.00694,0.02615,-0.02207,0.99939,-0.08768,-0.02377,-0.00209,0.99586,-0.09512,0.00421,-0.02161,0.99522,1.00,-0.08723,-0.05106,-0.00448,0.99487,-0.09532,-0.02312,-0.02380,0.99489,1.00
28970,-0.00698,0.02620,-0.02221,0.99939,-0.08764,-0.02384,-0.00210,0.99586,-0.09512,0.00419,-0.02176,0.99522,1.00,-0.08718,-0.05114,-0.00448,0.99487,-0.09532,-0.02314,-0.02394,0.99489,1.00
28981,-0.00702,0.02623,-0.02223,0.99938,-0.08747,-0.02239,-0.00197,0.99591,-0.09496,0.00568,-0.02166,0.99523,1.00,-0.08703,-0.04969,-0.00435,0.99496,-0.09518,-0.02166,-0.02383,0.99494,1.00
28993,-0.00702,0.02632,-0.02223,0.99938,-0.08747,-0.02248,-0.00197,0.99591,-0.09496,0.00568,-0.02165,0.99523,1.00,-0.08703,-0.04978,-0.00435,0.99495,-0.09518,-0.02166,-0.02383,0.99494,1.00
29004,-0.00702,0.02639,-0.02218,0.99938,-0.08746,-0.02254,-0.00198,0.99591,-0.09496,0.00568,-0.02160,0.99523,1.00,-0.08703,-0.04984,-0.00436,0.99495,-0.09518,-0.02165,-0.02378,0.99494,1.00
29015,-0.00699,0.02652,-0.02195,0.99938,-0.08758,-0.02263,-0.00199,0.99590,-0.09504,0.00570,-0.02137,0.99523,1.00,-0.08717,-0.04993,-0.00437,0.99493,-0.09528,-0.02163,-0.02355,0.99494,1.00
29026,-0.00697,0.02663,-0.02177,0.99938,-0.08760,-0.02270,-0.00200,0.99589,-0.09504,0.00572,-0.02118,0.99523,1.00,-0.08720,-0.05001,-0.00438,0.99493,-0.09528,-0.02162,-0.02337,0.99494,1.00
29037,-0.00691,0.02674,-0.02155,0.99939,-0.08766,-0.02277,-0.00200,0.99589,-0.09503,0.00574,-0.02097,0.99524,1.00,-0.08726,-0.05008,-0.00439,0.99492,-0.09529,-0.02160,-0.02315,0.99495,1.00
29048,-0.00691,0.02676,-0.02157,0.99939,-0.08509,-0.02794,-0.00239,0.99598,-0.09259,0.00055,-0.02140,0.99547,1.00,-0.08464,-0.05520,-0.00470,0.99487,-0.09278,-0.02674,-0.02350,0.99505,1.00
29059,-0.00695,0.02685,-0.02153,0.99938,-0.08505,-0.02802,-0.00239,0.99598,-0.09259,0.00055,-0.02136,0.99548,1.00,-0.08460,-0.05528,-0.00470,0.99487,-0.09278,-0.02674,-0.02346,0.99505,1.00
29071,-0.00701,0.02688,-0.02156,0.99938,-0.08500,-0.02805,-0.00239,0.99598,-0.09259,0.00055,-0.02138,0.99547,1.00,-0.08454,-0.05531,-0.00470,0.99487,-0.09278,-0.02674,-0.02349,0.99505,1.00
29082,-0.00706,0.02687,-0.02146,0.99938,-0.08496,-0.02814,-0.00240,0.99598,-0.09260,0.00045,-0.02129,0.99548,1.00,-0.08449,-0.05539,-0.00470,0.99487,-0.09277,-0.02685,-0.02339,0.99505,1.00
29093,-0.00718,0.02683,-0.02134,0.99939,-0.08483,-0.02808,-0.00239,0.99600,-0.09260,0.00046,-0.02117,0.99548,1.00,-0.08438,-0.05533,-0.00469,0.99489,-0.09278,-0.02683,-0.02326,0.99505,1.00
29104,-0.00728,0.02681,-0.02123,0.99939,-0.08474,-0.02803,-0.00239,0.99601,-0.09260,0.00047,-0.02106,0.99548,1.00,-0.08429,-0.05529,-0.00468,0.99490,-0.09278,-0.02682,-0.02314,0.99506,1.00
29115,-0.00734,0.02678,-0.02123,0.99939,-0.08479,-0.02793,-0.00238,0.99600,-0.09270,0.00054,-0.02104,0.99547,1.00,-0.08433,-0.05519,-0.00468,0.99490,-0.09288,-0.02675,-0.02313,0.99505,1.00
29126,-0.00736,0.02671,-0.02131,0.99939,-0.08476,-0.02788,-0.00237,0.99601,-0.09270,0.00053,-0.02113,0.99547,1.00,-0.08430,-0.05514,-0.00467,0.99490,-0.09287,-0.02676,-0.02321,0.99505,1.00
29138,-0.00734,0.02668,-0.02137,0.99939,-0.08479,-0.02786,-0.00237,0.99601,-0.09270,0.00052,-0.02119,0.99547,1.00,-0.08432,-0.05511,-0.00467,0.99490,-0.09287,-0.02677,-0.02328,0.99505,1.00
29149,-0.00729,0.02661,-0.02143,0.99939,-0.08374,-0.02758,-0.00232,0.99610,-0.09160,0.00071,-0.02123,0.99557,1.00,-0.08327,-0.05483,-0.00459,0.99501,-0.09177,-0.02657,-0.02329,0.99515,1.00
29160,-0.00725,0.02653,-0.02141,0.99939,-0.08378,-0.02751,-0.00231,0.99610,-0.09160,0.00072,-0.02122,0.99557,1.00,-0.08331,-0.05475,-0.00458,0.99501,-0.09177,-0.02657,-0.02328,0.99515,1.00
29171,-0.00724,0.02645,-0.02135,0.99940,-0.08379,-0.02742,-0.00231,0.99610,-0.09160,0.00072,-0.02115,0.99557,1.00,-0.08333,-0.05466,-0.00458,0.99501,-0.09177,-0.02656,-0.02321,0.99516,1.00
29182,-0.00727,0.02635,-0.02119,0.99940,-0.08380,-0.02646,-0.00223,0.99613,-0.09161,0.00156,-0.02093,0.99557,1.00,-0.08336,-0.05372,-0.00450,0.99506,-0.09180,-0.02573,-0.02300,0.99518,1.00
29193,-0.00726,0.02625,-0.02120,0.99940,-0.08382,-0.02637,-0.00222,0.99613,-0.09161,0.00156,-0.02094,0.99557,1.00,-0.08337,-0.05363,-0.00449,0.99506,-0.09180,-0.02573,-0.02300,0.99518,1.00
29205,-0.00723,0.02624,-0.02133,0.99940,-0.08384,-0.02638,-0.00222,0.99613,-0.09161,0.00154,-0.02108,0.99557,1.00,-0.08339,-0.05363,-0.00449,0.99506,-0.09179,-0.02575,-0.02314,0.99518,1.00
29216,-0.00726,0.02620,-0.02149,0.99940,-0.08621,-0.02634,-0.00228,0.99593,-0.09402,0.00161,-0.02123,0.99534,1.00,-0.08573,-0.05361,-0.00462,0.99486,-0.09418,-0.02570,-0.02336,0.99495,1.00
29226,-0.00734,0.02620,-0.02157,0.99940,-0.08613,-0.02635,-0.00228,0.99593,-0.09402,0.00160,-0.02131,0.99534,1.00,-0.08565,-0.05362,-0.00462,0.99487,-0.09418,-0.02571,-0.02343,0.99495,1.00
29238,-0.00742,0.02625,-0.02148,0.99940,-0.08605,-0.02638,-0.00228,0.99594,-0.09402,0.00161,-0.02122,0.99534,1.00,-0.08557,-0.05365,-0.00461,0.99488,-0.09418,-0.02570,-0.02334,0.99495,1.00
29249,-0.00742,0.02628,-0.02138,0.99940,-0.08702,-0.02678,-0.00234,0.99584,-0.09498,0.00125,-0.02115,0.99525,1.00,-0.08654,-0.05406,-0.00470,0.99477,-0.09515,-0.02606,-0.02330,0.99485,1.00
29260,-0.00733,0.02638,-0.02125,0.99940,-0.08710,-0.02685,-0.00235,0.99583,-0.09498,0.00127,-0.02101,0.99526,1.00,-0.08664,-0.05413,-0.00471,0.99476,-0.09515,-0.02605,-0.02317,0.99485,1.00
29271,-0.00723,0.02647,-0.02118,0.99940,-0.08720,-0.02693,-0.00236,0.99582,-0.09498,0.00127,-0.02094,0.99526,1.00,-0.08674,-0.05421,-0.00473,0.99474,-0.09515,-0.02604,-0.02310,0.99485,1.00
29282,-0.00710,0.02655,-0.02113,0.99940,-0.08646,-0.02753,-0.00239,0.99587,-0.09412,0.00074,-0.02094,0.99534,1.00,-0.08599,-0.05479,-0.00474,0.99478,-0.09428,-0.02657,-0.02308,0.99492,1.00
29293,-0.00694,0.02662,-0.02111,0.99940,-0.08661,-0.02760,-0.00240,0.99586,-0.09412,0.00074,-0.02092,0.99534,1.00,-0.08614,-0.05487,-0.00475,0.99476,-0.09428,-0.02657,-0.02307,0.99492,1.00
29305,-0.00673,0.02666,-0.02111,0.99940,-0.08682,-0.02764,-0.00241,0.99584,-0.09412,0.00074,-0.02093,0.99534,1.00,-0.08636,-0.05491,-0.00477,0.99474,-0.09428,-0.02657,-0.02309,0.99492,1.00
29316,-0.00649,0.02660,-0.02102,0.99940,-0.08469,-0.02745,-0.00233,0.99603,-0.09175,0.00082,-0.02084,0.99556,1.00,-0.08424,-0.05470,-0.00463,0.99493,-0.09192,-0.02647,-0.02295,0.99515,1.00
29327,-0.00625,0.02651,-0.02101,0.99941,-0.08493,-0.02737,-0.00233,0.99601,-0.09175,0.00082,-0.02084,0.99556,1.00,-0.08448,-0.05462,-0.00464,0.99492,-0.09192,-0.02647,-0.02296,0.99515,1.00
29338,-0.00595,0.02642,-0.02092,0.99941,-0.08524,-0.02726,-0.00233,0.99598,-0.09175,0.00083,-0.02075,0.99557,1.00,-0.08478,-0.05452,-0.00465,0.99490,-0.09192,-0.02646,-0.02289,0.99515,1.00
29349,-0.00559,0.02626,-0.02097,0.99942,-0.08519,-0.02093,-0.00179,0.99614,-0.09120,0.00702,-0.02032,0.99560,1.00,-0.08480,-0.04822,-0.00411,0.99522,-0.09143,-0.02030,-0.02248,0.99535,1.00
29360,-0.00521,0.02611,-0.02089,0.99943,-0.08557,-0.02077,-0.00178,0.99611,-0.09120,0.00703,-0.02025,0.99560,1.00,-0.08519,-0.04806,-0.00411,0.99520,-0.09144,-0.02029,-0.02243,0.99535,1.00
29371,-0.00486,0.02595,-0.02098,0.99943,-0.08593,-0.02063,-0.00178,0.99609,-0.09120,0.00702,-0.02035,0.99560,1.00,-0.08553,-0.04793,-0.00412,0.99517,-0.09143,-0.02030,-0.02254,0.99535,1.00
29382,-0.00449,0.02581,-0.02102,0.99944,-0.08688,-0.01862,-0.00162,0.99604,-0.09174,0.00892,-0.02024,0.99554,1.00,-0.08650,-0.04593,-0.00399,0.99519,-0.09199,-0.01841,-0.02247,0.99534,1.00
29394,-0.00413,0.02570,-0.02111,0.99944,-0.08724,-0.01852,-0.00162,0.99601,-0.09174,0.00892,-0.02033,0.99554,1.00,-0.08685,-0.04584,-0.00400,0.99516,-0.09199,-0.01843,-0.02259,0.99533,1.00
29405,-0.00387,0.02562,-0.02112,0.99944,-0.08750,-0.01845,-0.00162,0.99599,-0.09174,0.00891,-0.02035,0.99554,1.00,-0.08711,-0.04577,-0.00401,0.99514,-0.09198,-0.01843,-0.02262,0.99533,1.00
29416,-0.00362,0.02555,-0.02114,0.99944,-0.08794,-0.01850,-0.00163,0.99595,-0.09193,0.00881,-0.02038,0.99552,1.00,-0.08755,-0.04582,-0.00403,0.99510,-0.09218,-0.01853,-0.02267,0.99531,1.00
29427,-0.00341,0.02553,-0.02107,0.99945,-0.08816,-0.01847,-0.00163,0.99593,-0.09193,0.00882,-0.02030,0.99552,1.00,-0.08777,-0.04579,-0.00404,0.99508,-0.09218,-0.01853,-0.02260,0.99531,1.00
29439,-0.00328,0.02559,-0.02088,0.99945,-0.08828,-0.01849,-0.00164,0.99592,-0.09193,0.00884,-0.02012,0.99552,1.00,-0.08791,-0.04582,-0.00405,0.99507,-0.09218,-0.01851,-0.02243,0.99532,1.00
29449,-0.00309,0.02572,-0.02082,0.99945,-0.09052,-0.01885,-0.00171,0.99571,-0.09398,0.00865,-0.02006,0.99533,1.00,-0.09013,-0.04620,-0.00419,0.99485,-0.09423,-0.01871,-0.02244,0.99512,1.00
29460,-0.00288,0.02581,-0.02076,0.99945,-0.09072,-0.01893,-0.00172,0.99569,-0.09398,0.00865,-0.02000,0.99534,1.00,-0.09034,-0.04627,-0.00420,0.99483,-0.09423,-0.01871,-0.02238,0.99512,1.00
29472,-0.00267,0.02594,-0.02078,0.99944,-0.09093,-0.01907,-0.00174,0.99567,-0.09398,0.00865,-0.02002,0.99533,1.00,-0.09055,-0.04641,-0.00422,0.99480,-0.09423,-0.01871,-0.02242,0.99512,1.00
29483,-0.00243,0.02602,-0.02073,0.99944,-0.09155,-0.01922,-0.00177,0.99561,-0.09436,0.00858,-0.01998,0.99530,1.00,-0.09116,-0.04657,-0.00427,0.99474,-0.09460,-0.01879,-0.02240,0.99509,1.00
29494,-0.00224,0.02607,-0.02068,0.99944,-0.09174,-0.01927,-0.00178,0.99560,-0.09436,0.00859,-0.01993,0.99530,1.00,-0.09135,-0.04662,-0.00428,0.99472,-0.09460,-0.01878,-0.02236,0.99509,1.00
29505,-0.00208,0.02607,-0.02061,0.99945,-0.09190,-0.01927,-0.00178,0.99558,-0.09436,0.00859,-0.01986,0.99530,1.00,-0.09151,-0.04662,-0.00429,0.99470,-0.09460,-0.01878,-0.02231,0.99509,1.00
29516,-0.00197,0.02605,-0.02062,0.99945,-0.09336,-0.02163,-0.00203,0.99540,-0.09577,0.00624,-0.02007,0.99518,1.00,-0.09293,-0.04898,-0.00458,0.99446,-0.09596,-0.02114,-0.02256,0.99490,1.00
29527,-0.00198,0.02605,-0.02069,0.99944,-0.09335,-0.02164,-0.00203,0.99540,-0.09577,0.00623,-0.02015,0.99518,1.00,-0.09291,-0.04899,-0.00458,0.99446,-0.09596,-0.02114,-0.02263,0.99490,1.00
29539,-0.00191,0.02600,-0.02064,0.99945,-0.09342,-0.02158,-0.00203,0.99539,-0.09577,0.00623,-0.02010,0.99518,1.00,-0.09299,-0.04893,-0.00458,0.99445,-0.09596,-0.02114,-0.02259,0.99490,1.00
29550,-0.00203,0.02595,-0.02065,0.99945,-0.09280,-0.02743,-0.00256,0.99530,-0.09541,0.00032,-0.02064,0.99522,1.00,-0.09229,-0.05475,-0.00508,0.99421,-0.09552,-0.02702,-0.02310,0.99479,1.00
29561,-0.00220,0.02584,-0.02056,0.99945,-0.09264,-0.02730,-0.00254,0.99532,-0.09541,0.00033,-0.02055,0.99523,1.00,-0.09214,-0.05461,-0.00506,0.99423,-0.09552,-0.02701,-0.02300,0.99479,1.00
29573,-0.00239,0.02578,-0.02060,0.99945,-0.09245,-0.02724,-0.00253,0.99534,-0.09541,0.00033,-0.02058,0.99523,1.00,-0.09194,-0.05455,-0.00504,0.99426,-0.09552,-0.02701,-0.02302,0.99479,1.00
29583,-0.00267,0.02564,-0.02060,0.99946,-0.09148,-0.02753,-0.00253,0.99542,-0.09472,-0.00011,-0.02061,0.99529,1.00,-0.09097,-0.05483,-0.00502,0.99433,-0.09484,-0.02745,-0.02301,0.99485,1.00
29594,-0.00288,0.02556,-0.02058,0.99946,-0.09128,-0.02744,-0.00252,0.99544,-0.09472,-0.00011,-0.02058,0.99529,1.00,-0.09077,-0.05474,-0.00500,0.99435,-0.09484,-0.02744,-0.02298,0.99485,1.00
29606,-0.00307,0.02542,-0.02051,0.99946,-0.09109,-0.02729,-0.00250,0.99547,-0.09472,-0.00010,-0.02051,0.99529,1.00,-0.09059,-0.05459,-0.00497,0.99438,-0.09484,-0.02743,-0.02290,0.99485,1.00
29617,-0.00329,0.02536,-0.02048,0.99946,-0.09117,-0.02781,-0.00255,0.99544,-0.09503,-0.00069,-0.02053,0.99526,1.00,-0.09066,-0.05510,-0.00502,0.99434,-0.09514,-0.02802,-0.02291,0.99481,1.00
29628,-0.00352,0.02535,-0.02062,0.99946,-0.09094,-0.02782,-0.00254,0.99546,-0.09503,-0.00070,-0.02066,0.99526,1.00,-0.09042,-0.05512,-0.00501,0.99436,-0.09513,-0.02803,-0.02303,0.99480,1.00
29639,-0.00380,0.02539,-0.02069,0.99946,-0.09065,-0.02786,-0.00254,0.99549,-0.09503,-0.00071,-0.02073,0.99526,1.00,-0.09014,-0.05516,-0.00500,0.99439,-0.09513,-0.02804,-0.02307,0.99480,1.00
29650,-0.00407,0.02541,-0.02087,0.99945,-0.09239,-0.02775,-0.00258,0.99533,-0.09704,-0.00053,-0.02089,0.99506,1.00,-0.09185,-0.05506,-0.00509,0.99424,-0.09713,-0.02787,-0.02328,0.99461,1.00
29661,-0.00420,0.02550,-0.02110,0.99944,-0.09225,-0.02788,-0.00258,0.99534,-0.09704,-0.00055,-0.02112,0.99506,1.00,-0.09171,-0.05519,-0.00509,0.99424,-0.09712,-0.02789,-0.02350,0.99460,1.00
29673,-0.00431,0.02564,-0.02135,0.99943,-0.09213,-0.02807,-0.00260,0.99535,-0.09704,-0.00057,-0.02136,0.99505,1.00,-0.09157,-0.05537,-0.00510,0.99424,-0.09712,-0.02792,-0.02374,0.99460,1.00
29683,-0.00434,0.02585,-0.02152,0.99942,-0.09275,-0.02796,-0.00261,0.99529,-0.09769,-0.00024,-0.02151,0.99498,1.00,-0.09220,-0.05528,-0.00513,0.99419,-0.09778,-0.02759,-0.02390,0.99454,1.00
29695,-0.00447,0.02610,-0.02160,0.99942,-0.09262,-0.02823,-0.00263,0.99530,-0.09769,-0.00024,-0.02158,0.99498,1.00,-0.09206,-0.05554,-0.00514,0.99419,-0.09778,-0.02759,-0.02397,0.99454,1.00
29707,-0.00450,0.02629,-0.02159,0.99941,-0.09259,-0.02841,-0.00264,0.99530,-0.09769,-0.00024,-0.02157,0.99498,1.00,-0.09202,-0.05572,-0.00516,0.99418,-0.09778,-0.02759,-0.02395,0.99454,1.00
29717,-0.00452,0.02647,-0.02153,0.99941,-0.09050,-0.02602,-0.00237,0.99555,-0.09557,0.00229,-0.02129,0.99519,1.00,-0.09000,-0.05333,-0.00483,0.99450,-0.09572,-0.02505,-0.02361,0.99481,1.00
29728,-0.00455,0.02670,-0.02151,0.99940,-0.09047,-0.02624,-0.00238,0.99555,-0.09557,0.00229,-0.02126,0.99519,1.00,-0.08998,-0.05354,-0.00484,0.99449,-0.09573,-0.02505,-0.02358,0.99481,1.00
29740,-0.00461,0.02688,-0.02157,0.99940,-0.09040,-0.02643,-0.00240,0.99555,-0.09557,0.00229,-0.02132,0.99519,1.00,-0.08990,-0.05374,-0.00486,0.99449,-0.09572,-0.02506,-0.02364,0.99481,1.00
29750,-0.00465,0.02703,-0.02169,0.99939,-0.09000,-0.02831,-0.00256,0.99554,-0.09525,0.00056,-0.02158,0.99522,1.00,-0.08949,-0.05560,-0.00500,0.99442,-0.09539,-0.02677,-0.02389,0.99479,1.00
29761,-0.00473,0.02708,-0.02189,0.99938,-0.08991,-0.02840,-0.00256,0.99554,-0.09525,0.00054,-0.02178,0.99521,1.00,-0.08939,-0.05569,-0.00501,0.99443,-0.09539,-0.02679,-0.02408,0.99479,1.00
29773,-0.00485,0.02717,-0.02196,0.99938,-0.08979,-0.02849,-0.00257,0.99555,-0.09525,0.00053,-0.02186,0.99521,1.00,-0.08926,-0.05578,-0.00501,0.99443,-0.09539,-0.02679,-0.02415,0.99479,1.00
29784,-0.00496,0.02709,-0.02189,0.99938,-0.08916,-0.02621,-0.00235,0.99567,-0.09468,0.00271,-0.02160,0.99527,1.00,-0.08867,-0.05351,-0.00477,0.99461,-0.09485,-0.02462,-0.02388,0.99490,1.00
29795,-0.00502,0.02707,-0.02185,0.99938,-0.08910,-0.02618,-0.00234,0.99568,-0.09468,0.00272,-0.02155,0.99527,1.00,-0.08861,-0.05348,-0.00476,0.99462,-0.09485,-0.02461,-0.02382,0.99490,1.00
29807,-0.00511,0.02695,-0.02186,0.99938,-0.08902,-0.02607,-0.00233,0.99569,-0.09468,0.00271,-0.02157,0.99527,1.00,-0.08853,-0.05336,-0.00475,0.99463,-0.09485,-0.02462,-0.02383,0.99490,1.00
29817,-0.00515,0.02681,-0.02192,0.99939,-0.08989,-0.02752,-0.00248,0.99557,-0.09563,0.00115,-0.02175,0.99518,1.00,-0.08938,-0.05481,-0.00493,0.99448,-0.09577,-0.02618,-0.02404,0.99477,1.00
29828,-0.00523,0.02656,-0.02198,0.99939,-0.08981,-0.02728,-0.00246,0.99558,-0.09563,0.00114,-0.02181,0.99518,1.00,-0.08930,-0.05457,-0.00490,0.99450,-0.09577,-0.02619,-0.02410,0.99477,1.00
29840,-0.00531,0.02635,-0.02211,0.99939,-0.08973,-0.02709,-0.00244,0.99559,-0.09563,0.00113,-0.02194,0.99517,1.00,-0.08922,-0.05438,-0.00488,0.99451,-0.09577,-0.02620,-0.02422,0.99476,1.00
29850,-0.00542,0.02625,-0.02223,0.99939,-0.08986,-0.02727,-0.00246,0.99558,-0.09588,0.00087,-0.02208,0.99515,1.00,-0.08934,-0.05456,-0.00490,0.99449,-0.09602,-0.02646,-0.02437,0.99473,1.00
29861,-0.00547,0.02611,-0.02224,0.99940,-0.08982,-0.02713,-0.00245,0.99559,-0.09588,0.00086,-0.02209,0.99515,1.00,-0.08930,-0.05443,-0.00489,0.99450,-0.09602,-0.02646,-0.02437,0.99473,1.00
29873,-0.00557,0.02595,-0.02228,0.99940,-0.08972,-0.02698,-0.00243,0.99560,-0.09588,0.00086,-0.02214,0.99515,1.00,-0.08920,-0.05427,-0.00487,0.99452,-0.09602,-0.02647,-0.02441,0.99473,1.00
29884,-0.00568,0.02579,-0.02213,0.99941,-0.08986,-0.02713,-0.00245,0.99558,-0.09612,0.00054,-0.02201,0.99513,1.00,-0.08935,-0.05442,-0.00489,0.99450,-0.09627,-0.02679,-0.02428,0.99470,1.00
29895,-0.00572,0.02575,-0.02218,0.99941,-0.08981,-0.02709,-0.00244,0.99559,-0.09612,0.00054,-0.02205,0.99513,1.00,-0.08930,-0.05438,-0.00488,0.99451,-0.09627,-0.02679,-0.02433,0.99470,1.00
29907,-0.00573,0.02567,-0.02233,0.99940,-0.08980,-0.02704,-0.00244,0.99559,-0.09612,0.00052,-0.02221,0.99512,1.00,-0.08928,-0.05433,-0.00488,0.99451,-0.09627,-0.02681,-0.02448,0.99469,1.00
29917,-0.00573,0.02565,-0.02264,0.99940,-0.08960,-0.02214,-0.00199,0.99573,-0.09580,0.00542,-0.02211,0.99514,1.00,-0.08913,-0.04946,-0.00443,0.99478,-0.09601,-0.02193,-0.02439,0.99484,1.00
29928,-0.00573,0.02558,-0.02280,0.99940,-0.08959,-0.02210,-0.00199,0.99573,-0.09580,0.00541,-0.02227,0.99514,1.00,-0.08912,-0.04942,-0.00443,0.99478,-0.09601,-0.02194,-0.02454,0.99484,1.00
29940,-0.00569,0.02562,-0.02292,0.99939,-0.08963,-0.02217,-0.00200,0.99573,-0.09580,0.00540,-0.02240,0.99513,1.00,-0.08915,-0.04949,-0.00444,0.99478,-0.09601,-0.02195,-0.02467,0.99483,1.00
29951,-0.00565,0.02561,-0.02294,0.99939,-0.08975,-0.02128,-0.00192,0.99573,-0.09586,0.00628,-0.02234,0.99512,1.00,-0.08930,-0.04861,-0.00436,0.99481,-0.09609,-0.02108,-0.02462,0.99484,1.00
29962,-0.00565,0.02554,-0.02297,0.99939,-0.08975,-0.02123,-0.00191,0.99574,-0.09586,0.00627,-0.02237,0.99512,1.00,-0.08930,-0.04855,-0.00436,0.99481,-0.09609,-0.02108,-0.02465,0.99484,1.00
29974,-0.00559,0.02557,-0.02297,0.99939,-0.08982,-0.02125,-0.00192,0.99573,-0.09586,0.00627,-0.02237,0.99512,1.00,-0.08936,-0.04857,-0.00436,0.99480,-0.09609,-0.02108,-0.02466,0.99484,1.00
29984,-0.00558,0.02560,-0.02301,0.99939,-0.08983,-0.01930,-0.00174,0.99577,-0.09582,0.00826,-0.02225,0.99512,1.00,-0.08942,-0.04663,-0.00419,0.99489,-0.09609,-0.01910,-0.02453,0.99489,1.00
29995,-0.00551,0.02563,-0.02313,0.99939,-0.08990,-0.01936,-0.00175,0.99576,-0.09582,0.00825,-0.02236,0.99511,1.00,-0.08948,-0.04669,-0.00420,0.99488,-0.09609,-0.01911,-0.02465,0.99488,1.00
30007,-0.00535,0.02570,-0.02317,0.99939,-0.09005,-0.01943,-0.00176,0.99575,-0.09582,0.00824,-0.02241,0.99511,1.00,-0.08963,-0.04677,-0.00421,0.99487,-0.09609,-0.01912,-0.02471,0.99488,1.00
