Time_ms,TargetRotX,TargetRotY,HeadRotX,HeadRotY,HeadRotZ,HeadRotW,LeftLocalRotX,LeftLocalRotY,LeftLocalRotZ,LeftLocalRotW,LeftWorldRotX,LeftWorldRotY,LeftWorldRotZ,LeftWorldRotW,LeftConfidence,RightLocalRotX,RightLocalRotY,RightLocalRotZ,RightLocalRotW,RightWorldRotX,RightWorldRotY,RightWorldRotZ,RightWorldRotW,RightConfidence
0,0.00,0.00,0.12451,0.06924,-0.04347,0.98884,-0.03981,-0.04783,-0.00191,0.99806,0.08269,0.02378,-0.04848,0.99511,1.00,-0.03954,-0.07471,-0.00296,0.99642,0.08151,-0.00279,-0.05281,0.99527,1.00
14,0.00,0.00,0.12445,0.06885,-0.04305,0.98890,-0.03978,-0.04744,-0.00189,0.99808,0.08271,0.02374,-0.04800,0.99513,1.00,-0.03953,-0.07432,-0.00295,0.99645,0.08151,-0.00283,-0.05234,0.99529,1.00
28,0.00,0.00,0.12441,0.06841,-0.04269,0.98895,-0.03976,-0.04702,-0.00187,0.99810,0.08272,0.02371,-0.04759,0.99515,1.00,-0.03954,-0.07390,-0.00293,0.99648,0.08151,-0.00286,-0.05193,0.99531,1.00
41,0.00,0.00,0.12430,0.06801,-0.04219,0.98901,-0.03979,-0.04529,-0.00181,0.99818,0.08269,0.02500,-0.04682,0.99516,1.00,-0.03957,-0.07218,-0.00287,0.99660,0.08150,-0.00159,-0.05116,0.99536,1.00
55,0.00,0.00,0.12436,0.06764,-0.04183,0.98904,-0.03987,-0.04494,-0.00180,0.99819,0.08270,0.02496,-0.04642,0.99518,1.00,-0.03967,-0.07184,-0.00286,0.99662,0.08150,-0.00162,-0.05076,0.99538,1.00
69,0.00,0.00,0.12438,0.06741,-0.04157,0.98907,-0.03996,-0.04510,-0.00181,0.99818,0.08264,0.02457,-0.04620,0.99520,1.00,-0.03972,-0.07200,-0.00287,0.99661,0.08149,-0.00202,-0.05055,0.99539,1.00
83,0.00,0.00,0.12453,0.06712,-0.04132,0.98908,-0.04012,-0.04482,-0.00180,0.99819,0.08265,0.02455,-0.04592,0.99522,1.00,-0.03990,-0.07173,-0.00287,0.99662,0.08149,-0.00204,-0.05028,0.99540,1.00
97,0.00,0.00,0.12455,0.06691,-0.04102,0.98910,-0.04016,-0.04463,-0.00180,0.99819,0.08266,0.02452,-0.04560,0.99523,1.00,-0.03995,-0.07153,-0.00287,0.99663,0.08149,-0.00207,-0.04996,0.99542,1.00
111,0.00,0.00,0.12465,0.06675,-0.04097,0.98911,-0.04099,-0.04522,-0.00186,0.99813,0.08190,0.02381,-0.04563,0.99531,1.00,-0.04073,-0.07212,-0.00295,0.99656,0.08078,-0.00278,-0.05002,0.99547,1.00
125,0.00,0.00,0.12465,0.06665,-0.04112,0.98911,-0.04099,-0.04511,-0.00185,0.99814,0.08190,0.02382,-0.04577,0.99530,1.00,-0.04072,-0.07202,-0.00294,0.99657,0.08079,-0.00277,-0.05016,0.99547,1.00
139,0.00,0.00,0.12440,0.06645,-0.04091,0.98916,-0.04103,-0.04553,-0.00187,0.99812,0.08160,0.02320,-0.04562,0.99535,1.00,-0.04073,-0.07243,-0.00296,0.99654,0.08052,-0.00339,-0.05000,0.99549,1.00
153,0.00,0.00,0.12413,0.06605,-0.04055,0.98923,-0.04078,-0.04513,-0.00184,0.99815,0.08161,0.02317,-0.04521,0.99537,1.00,-0.04051,-0.07203,-0.00293,0.99658,0.08052,-0.00343,-0.04957,0.99551,1.00
167,0.00,0.00,0.12402,0.06573,-0.04028,0.98928,-0.04111,-0.04531,-0.00187,0.99813,0.08118,0.02267,-0.04497,0.99543,1.00,-0.04082,-0.07221,-0.00296,0.99655,0.08010,-0.00392,-0.04934,0.99556,1.00
181,0.00,0.00,0.12419,0.06541,-0.03991,0.98930,-0.04129,-0.04502,-0.00186,0.99813,0.08118,0.02264,-0.04457,0.99544,1.00,-0.04103,-0.07192,-0.00296,0.99656,0.08010,-0.00396,-0.04895,0.99558,1.00
195,0.00,0.00,0.12442,0.06515,-0.03966,0.98929,-0.04155,-0.04477,-0.00186,0.99813,0.08119,0.02262,-0.04429,0.99546,1.00,-0.04130,-0.07168,-0.00297,0.99657,0.08010,-0.00398,-0.04869,0.99559,1.00
209,0.00,0.00,0.12469,0.06490,-0.03930,0.98929,-0.04253,-0.04329,-0.00184,0.99816,0.08056,0.02386,-0.04369,0.99551,1.00,-0.04228,-0.07021,-0.00298,0.99663,0.07949,-0.00274,-0.04812,0.99567,1.00
222,0.00,0.00,0.12487,0.06476,-0.03900,0.98929,-0.04272,-0.04317,-0.00185,0.99815,0.08057,0.02384,-0.04338,0.99552,1.00,-0.04249,-0.07009,-0.00299,0.99663,0.07949,-0.00277,-0.04783,0.99568,1.00
236,0.00,0.00,0.12479,0.06447,-0.03847,0.98934,-0.04284,-0.04329,-0.00186,0.99814,0.08038,0.02340,-0.04287,0.99557,1.00,-0.04259,-0.07022,-0.00300,0.99662,0.07933,-0.00321,-0.04732,0.99572,1.00
250,0.00,0.00,0.12463,0.06421,-0.03779,0.98940,-0.04271,-0.04305,-0.00184,0.99816,0.08040,0.02334,-0.04217,0.99560,1.00,-0.04250,-0.06997,-0.00298,0.99664,0.07933,-0.00326,-0.04661,0.99575,1.00
264,0.00,0.00,0.12452,0.06394,-0.03706,0.98946,-0.04467,-0.04058,-0.00182,0.99818,0.07847,0.02555,-0.04099,0.99575,1.00,-0.04445,-0.06754,-0.00301,0.99672,0.07743,-0.00107,-0.04549,0.99596,1.00
278,0.00,0.00,0.12422,0.06366,-0.03629,0.98955,-0.04439,-0.04032,-0.00179,0.99820,0.07849,0.02549,-0.04019,0.99578,1.00,-0.04421,-0.06727,-0.00298,0.99675,0.07743,-0.00114,-0.04467,0.99600,1.00
292,0.00,0.00,0.12389,0.06331,-0.03554,0.98964,-0.04409,-0.03997,-0.00177,0.99823,0.07851,0.02542,-0.03938,0.99581,1.00,-0.04395,-0.06693,-0.00295,0.99678,0.07743,-0.00120,-0.04385,0.99603,1.00
306,0.00,0.00,0.12343,0.06293,-0.03479,0.98975,-0.08618,-0.03759,-0.00325,0.99557,0.03607,0.02885,-0.03707,0.99824,1.00,-0.08573,-0.06478,-0.00559,0.99419,0.03526,0.00212,-0.04272,0.99846,1.00
320,0.00,0.00,0.12278,0.06242,-0.03402,0.98989,-0.08555,-0.03701,-0.00318,0.99564,0.03610,0.02882,-0.03622,0.99828,1.00,-0.08515,-0.06420,-0.00550,0.99428,0.03526,0.00209,-0.04183,0.99850,1.00
334,0.00,0.00,0.12213,0.06183,-0.03317,0.99003,-0.09080,-0.03722,-0.00340,0.99517,0.03019,0.02811,-0.03530,0.99853,1.00,-0.09032,-0.06445,-0.00586,0.99381,0.02945,0.00135,-0.04105,0.99872,1.00
348,0.00,0.00,0.12167,0.06132,-0.03239,0.99014,-0.09037,-0.03664,-0.00333,0.99523,0.03022,0.02808,-0.03444,0.99855,1.00,-0.08994,-0.06387,-0.00578,0.99388,0.02945,0.00133,-0.04017,0.99876,1.00
362,0.00,0.00,0.12124,0.06072,-0.03157,0.99026,-0.08997,-0.03597,-0.00325,0.99529,0.03024,0.02806,-0.03354,0.99859,1.00,-0.08959,-0.06319,-0.00570,0.99396,0.02945,0.00130,-0.03924,0.99879,1.00
376,0.00,0.00,0.12095,0.06016,-0.03079,0.99036,-0.09321,-0.03500,-0.00328,0.99503,0.02676,0.02847,-0.03251,0.99871,1.00,-0.09276,-0.06226,-0.00581,0.99372,0.02606,0.00168,-0.03830,0.99893,1.00
390,0.00,0.00,0.12067,0.05968,-0.03017,0.99044,-0.09295,-0.03446,-0.00322,0.99507,0.02678,0.02845,-0.03182,0.99873,1.00,-0.09254,-0.06172,-0.00575,0.99378,0.02606,0.00166,-0.03759,0.99895,1.00
404,0.00,0.00,0.12036,0.05927,-0.02948,0.99052,-0.09368,-0.03476,-0.00327,0.99499,0.02575,0.02769,-0.03120,0.99880,1.00,-0.09321,-0.06203,-0.00582,0.99370,0.02510,0.00090,-0.03700,0.99900,1.00
417,0.00,0.00,0.12005,0.05893,-0.02885,0.99060,-0.09339,-0.03437,-0.00323,0.99503,0.02577,0.02767,-0.03052,0.99882,1.00,-0.09295,-0.06164,-0.00577,0.99374,0.02510,0.00088,-0.03630,0.99903,1.00
431,0.00,0.00,0.11950,0.05859,-0.02826,0.99070,-0.09252,-0.03493,-0.00325,0.99509,0.02607,0.02670,-0.03009,0.99885,1.00,-0.09203,-0.06219,-0.00576,0.99380,0.02549,-0.00010,-0.03583,0.99903,1.00
445,0.00,0.00,0.11887,0.05824,-0.02760,0.99082,-0.09191,-0.03451,-0.00319,0.99516,0.02609,0.02668,-0.02938,0.99887,1.00,-0.09146,-0.06177,-0.00568,0.99387,0.02549,-0.00012,-0.03508,0.99906,1.00
460,0.00,0.00,0.11816,0.05785,-0.02686,0.99094,-0.09121,-0.03404,-0.00312,0.99524,0.02611,0.02666,-0.02857,0.99890,1.00,-0.09081,-0.06129,-0.00560,0.99396,0.02549,-0.00014,-0.03423,0.99909,1.00
473,0.00,0.00,0.11724,0.05723,-0.02593,0.99111,-0.08907,-0.03230,-0.00289,0.99550,0.02744,0.02761,-0.02737,0.99887,1.00,-0.08866,-0.05955,-0.00531,0.99427,0.02685,0.00080,-0.03296,0.99910,1.00
487,0.00,0.00,0.11639,0.05655,-0.02500,0.99128,-0.08824,-0.03152,-0.00279,0.99560,0.02747,0.02758,-0.02634,0.99890,1.00,-0.08790,-0.05877,-0.00519,0.99438,0.02685,0.00077,-0.03188,0.99913,1.00
501,0.00,0.00,0.11570,0.05574,-0.02407,0.99143,-0.08723,-0.03134,-0.00275,0.99569,0.02781,0.02684,-0.02546,0.99893,1.00,-0.08686,-0.05858,-0.00512,0.99448,0.02725,0.00003,-0.03095,0.99915,1.00
515,0.00,0.00,0.11506,0.05499,-0.02335,0.99156,-0.08661,-0.03053,-0.00266,0.99577,0.02783,0.02682,-0.02463,0.99895,1.00,-0.08629,-0.05776,-0.00501,0.99458,0.02725,0.00001,-0.03009,0.99918,1.00
529,0.00,0.00,0.11454,0.05417,-0.02266,0.99168,-0.08612,-0.02964,-0.00256,0.99584,0.02785,0.02679,-0.02383,0.99897,1.00,-0.08584,-0.05687,-0.00491,0.99467,0.02725,-0.00002,-0.02927,0.99920,1.00
543,0.00,0.00,0.11415,0.05336,-0.02223,0.99178,-0.08724,-0.02741,-0.00240,0.99581,0.02641,0.02816,-0.02299,0.99899,1.00,-0.08690,-0.05467,-0.00478,0.99470,0.02589,0.00133,-0.02845,0.99926,1.00
557,0.00,0.00,0.11384,0.05265,-0.02185,0.99186,-0.08694,-0.02666,-0.00233,0.99585,0.02643,0.02815,-0.02253,0.99900,1.00,-0.08663,-0.05392,-0.00470,0.99477,0.02589,0.00132,-0.02797,0.99927,1.00
571,0.00,0.00,0.11354,0.05200,-0.02141,0.99194,-0.08777,-0.02433,-0.00214,0.99584,0.02537,0.02977,-0.02165,0.99900,1.00,-0.08742,-0.05161,-0.00453,0.99482,0.02490,0.00292,-0.02711,0.99932,1.00
585,0.00,0.00,0.11332,0.05147,-0.02099,0.99200,-0.08756,-0.02376,-0.00209,0.99587,0.02539,0.02976,-0.02116,0.99901,1.00,-0.08724,-0.05104,-0.00448,0.99487,0.02490,0.00291,-0.02662,0.99933,1.00
599,0.00,0.00,0.11306,0.05104,-0.02058,0.99206,-0.08639,-0.02419,-0.00210,0.99597,0.02629,0.02884,-0.02091,0.99902,1.00,-0.08603,-0.05147,-0.00445,0.99495,0.02586,0.00199,-0.02632,0.99932,1.00
613,0.00,0.00,0.11278,0.05053,-0.02029,0.99213,-0.08612,-0.02366,-0.00205,0.99600,0.02630,0.02884,-0.02056,0.99903,1.00,-0.08577,-0.05093,-0.00439,0.99500,0.02586,0.00198,-0.02596,0.99933,1.00
627,0.00,0.00,0.11250,0.05003,-0.01999,0.99219,-0.08585,-0.02313,-0.00199,0.99604,0.02631,0.02883,-0.02020,0.99903,1.00,-0.08553,-0.05041,-0.00433,0.99505,0.02586,0.00197,-0.02558,0.99934,1.00
641,0.00,0.00,0.11246,0.04967,-0.01998,0.99221,-0.08447,-0.02162,-0.00183,0.99619,0.02769,0.02992,-0.01996,0.99897,1.00,-0.08412,-0.04890,-0.00413,0.99525,0.02727,0.00306,-0.02531,0.99930,1.00
654,0.00,0.00,0.11263,0.04940,-0.02012,0.99220,-0.08465,-0.02136,-0.00182,0.99618,0.02769,0.02992,-0.02007,0.99897,1.00,-0.08429,-0.04864,-0.00412,0.99524,0.02727,0.00306,-0.02542,0.99930,1.00
668,0.00,0.00,0.11296,0.04924,-0.02020,0.99217,-0.08432,-0.02205,-0.00187,0.99619,0.02833,0.02909,-0.02031,0.99897,1.00,-0.08392,-0.04933,-0.00416,0.99524,0.02795,0.00223,-0.02567,0.99928,1.00
682,0.00,0.00,0.11338,0.04924,-0.02023,0.99212,-0.08475,-0.02206,-0.00188,0.99616,0.02833,0.02909,-0.02034,0.99897,1.00,-0.08435,-0.04934,-0.00418,0.99521,0.02795,0.00223,-0.02572,0.99928,1.00
696,0.00,0.00,0.11374,0.04933,-0.02020,0.99208,-0.08510,-0.02216,-0.00189,0.99612,0.02833,0.02909,-0.02032,0.99897,1.00,-0.08470,-0.04945,-0.00421,0.99517,0.02795,0.00223,-0.02572,0.99928,1.00
710,0.00,0.00,0.11428,0.04964,-0.02027,0.99200,-0.08313,-0.02222,-0.00185,0.99629,0.03085,0.02930,-0.02044,0.99889,1.00,-0.08273,-0.04950,-0.00411,0.99533,0.03047,0.00245,-0.02580,0.99920,1.00
724,0.00,0.00,0.11471,0.04988,-0.02013,0.99194,-0.08355,-0.02247,-0.00188,0.99625,0.03085,0.02930,-0.02033,0.99889,1.00,-0.08316,-0.04975,-0.00416,0.99529,0.03047,0.00245,-0.02571,0.99920,1.00
738,0.00,0.00,0.11505,0.05022,-0.01999,0.99189,-0.08163,-0.02156,-0.00177,0.99643,0.03315,0.03049,-0.02005,0.99878,1.00,-0.08126,-0.04882,-0.00399,0.99549,0.03275,0.00365,-0.02539,0.99913,1.00
752,0.00,0.00,0.11537,0.05060,-0.02007,0.99183,-0.08194,-0.02195,-0.00181,0.99639,0.03315,0.03050,-0.02018,0.99878,1.00,-0.08157,-0.04922,-0.00403,0.99544,0.03275,0.00365,-0.02553,0.99913,1.00
766,0.00,0.00,0.11556,0.05082,-0.01996,0.99180,-0.08093,-0.02178,-0.00177,0.99648,0.03436,0.03086,-0.02005,0.99873,1.00,-0.08056,-0.04905,-0.00397,0.99553,0.03396,0.00402,-0.02538,0.99909,1.00
780,0.00,0.00,0.11572,0.05095,-0.01983,0.99178,-0.08109,-0.02191,-0.00178,0.99646,0.03436,0.03085,-0.01993,0.99873,1.00,-0.08073,-0.04918,-0.00399,0.99551,0.03396,0.00401,-0.02528,0.99910,1.00
794,0.00,0.00,0.11565,0.05102,-0.01971,0.99178,-0.08102,-0.02198,-0.00179,0.99647,0.03437,0.03085,-0.01982,0.99874,1.00,-0.08066,-0.04924,-0.00399,0.99552,0.03396,0.00401,-0.02516,0.99910,1.00
808,0.00,0.00,0.11548,0.05090,-0.01963,0.99181,-0.08014,-0.02302,-0.00185,0.99652,0.03505,0.02968,-0.01997,0.99875,1.00,-0.07976,-0.05027,-0.00403,0.99554,0.03466,0.00285,-0.02528,0.99908,1.00
822,0.00,0.00,0.11534,0.05076,-0.01961,0.99183,-0.08000,-0.02287,-0.00184,0.99653,0.03505,0.02968,-0.01994,0.99875,1.00,-0.07963,-0.05012,-0.00401,0.99556,0.03466,0.00285,-0.02523,0.99908,1.00
836,0.00,0.00,0.11509,0.05052,-0.01973,0.99187,-0.08089,-0.02250,-0.00183,0.99647,0.03391,0.02983,-0.01997,0.99878,1.00,-0.08049,-0.04975,-0.00402,0.99550,0.03354,0.00300,-0.02529,0.99911,1.00
849,0.00,0.00,0.11458,0.05001,-0.01982,0.99196,-0.08039,-0.02198,-0.00177,0.99652,0.03391,0.02983,-0.02001,0.99878,1.00,-0.08000,-0.04923,-0.00396,0.99557,0.03354,0.00300,-0.02530,0.99911,1.00
863,0.00,0.00,0.11419,0.04970,-0.01987,0.99202,-0.08001,-0.02166,-0.00174,0.99656,0.03391,0.02983,-0.02002,0.99878,1.00,-0.07962,-0.04891,-0.00391,0.99562,0.03354,0.00300,-0.02529,0.99911,1.00
877,0.00,0.00,0.11379,0.04947,-0.01988,0.99207,-0.08147,-0.02156,-0.00176,0.99644,0.03204,0.02973,-0.01998,0.99884,1.00,-0.08107,-0.04882,-0.00398,0.99550,0.03168,0.00288,-0.02528,0.99917,1.00
891,0.00,0.00,0.11329,0.04938,-0.01981,0.99214,-0.08097,-0.02145,-0.00174,0.99648,0.03204,0.02972,-0.01990,0.99885,1.00,-0.08058,-0.04871,-0.00394,0.99555,0.03168,0.00288,-0.02517,0.99918,1.00
905,0.00,0.00,0.11274,0.04935,-0.01983,0.99220,-0.08203,-0.02111,-0.00174,0.99640,0.03043,0.03004,-0.01982,0.99889,1.00,-0.08164,-0.04838,-0.00397,0.99548,0.03007,0.00319,-0.02510,0.99923,1.00
919,0.00,0.00,0.11222,0.04946,-0.01977,0.99225,-0.08151,-0.02121,-0.00174,0.99644,0.03043,0.03004,-0.01977,0.99889,1.00,-0.08113,-0.04848,-0.00395,0.99552,0.03007,0.00318,-0.02503,0.99923,1.00
933,0.00,0.00,0.11180,0.04963,-0.01971,0.99229,-0.08207,-0.02149,-0.00177,0.99639,0.02945,0.02995,-0.01973,0.99892,1.00,-0.08168,-0.04876,-0.00400,0.99546,0.02908,0.00308,-0.02499,0.99926,1.00
947,0.00,0.00,0.11134,0.04982,-0.01968,0.99234,-0.08160,-0.02167,-0.00177,0.99643,0.02945,0.02995,-0.01972,0.99892,1.00,-0.08122,-0.04893,-0.00399,0.99549,0.02908,0.00308,-0.02495,0.99926,1.00
962,0.00,0.00,0.11085,0.05005,-0.01968,0.99238,-0.08110,-0.02188,-0.00178,0.99646,0.02945,0.02995,-0.01974,0.99892,1.00,-0.08072,-0.04914,-0.00398,0.99552,0.02908,0.00308,-0.02495,0.99926,1.00
975,0.00,0.00,0.11039,0.05041,-0.01958,0.99242,-0.07799,-0.02140,-0.00167,0.99672,0.03213,0.03072,-0.01961,0.99882,1.00,-0.07762,-0.04865,-0.00379,0.99579,0.03175,0.00386,-0.02472,0.99918,1.00
989,0.00,0.00,0.10992,0.05070,-0.01952,0.99245,-0.07751,-0.02169,-0.00169,0.99675,0.03213,0.03072,-0.01958,0.99882,1.00,-0.07715,-0.04893,-0.00379,0.99581,0.03175,0.00386,-0.02467,0.99918,1.00
1003,0.00,0.00,0.10946,0.05106,-0.01951,0.99249,-0.07744,-0.02167,-0.00168,0.99676,0.03173,0.03108,-0.01954,0.99882,1.00,-0.07708,-0.04891,-0.00379,0.99582,0.03135,0.00422,-0.02461,0.99920,1.00
1016,0.00,0.00,0.10891,0.05133,-0.01957,0.99253,-0.07689,-0.02193,-0.00169,0.99680,0.03173,0.03108,-0.01962,0.99882,1.00,-0.07652,-0.04917,-0.00378,0.99585,0.03135,0.00422,-0.02466,0.99920,1.00
1030,0.00,0.00,0.10848,0.05160,-0.01954,0.99257,-0.07672,-0.02299,-0.00177,0.99679,0.03145,0.03030,-0.01977,0.99885,1.00,-0.07634,-0.05022,-0.00385,0.99581,0.03108,0.00345,-0.02479,0.99920,1.00
1044,0.00,0.00,0.10809,0.05183,-0.01948,0.99260,-0.07632,-0.02321,-0.00178,0.99681,0.03145,0.03030,-0.01973,0.99885,1.00,-0.07594,-0.05044,-0.00385,0.99583,0.03108,0.00344,-0.02473,0.99921,1.00
1059,0.00,0.00,0.10781,0.05210,-0.01940,0.99262,-0.07603,-0.02347,-0.00179,0.99683,0.03145,0.03030,-0.01968,0.99885,1.00,-0.07566,-0.05069,-0.00385,0.99584,0.03108,0.00344,-0.02466,0.99921,1.00
1072,0.00,0.00,0.10764,0.05240,-0.01929,0.99262,-0.07697,-0.02388,-0.00184,0.99675,0.03033,0.03021,-0.01960,0.99889,1.00,-0.07659,-0.05111,-0.00393,0.99574,0.02996,0.00335,-0.02460,0.99924,1.00
1086,0.00,0.00,0.10753,0.05264,-0.01934,0.99262,-0.07685,-0.02412,-0.00186,0.99675,0.03033,0.03021,-0.01967,0.99889,1.00,-0.07647,-0.05135,-0.00394,0.99574,0.02996,0.00335,-0.02466,0.99924,1.00
1100,0.00,0.00,0.10743,0.05300,-0.01951,0.99261,-0.07724,-0.02436,-0.00189,0.99671,0.02983,0.03037,-0.01985,0.99890,1.00,-0.07684,-0.05158,-0.00398,0.99570,0.02947,0.00350,-0.02485,0.99925,1.00
1114,0.00,0.00,0.10715,0.05328,-0.01967,0.99262,-0.07696,-0.02463,-0.00190,0.99673,0.02982,0.03037,-0.02003,0.99889,1.00,-0.07655,-0.05185,-0.00399,0.99571,0.02947,0.00351,-0.02502,0.99925,1.00
1128,0.00,0.00,0.10686,0.05360,-0.01967,0.99263,-0.07667,-0.02495,-0.00192,0.99674,0.02982,0.03037,-0.02007,0.99889,1.00,-0.07626,-0.05217,-0.00400,0.99571,0.02947,0.00351,-0.02504,0.99925,1.00
1142,0.00,0.00,0.10667,0.05385,-0.01965,0.99264,-0.07703,-0.02451,-0.00189,0.99673,0.02928,0.03106,-0.01994,0.99889,1.00,-0.07662,-0.05174,-0.00398,0.99571,0.02893,0.00420,-0.02491,0.99926,1.00
1156,0.00,0.00,0.10639,0.05399,-0.01981,0.99266,-0.07675,-0.02465,-0.00190,0.99674,0.02927,0.03107,-0.02011,0.99889,1.00,-0.07633,-0.05188,-0.00398,0.99572,0.02893,0.00420,-0.02507,0.99926,1.00
1170,0.00,0.00,0.10611,0.05410,-0.02001,0.99268,-0.07598,-0.02407,-0.00183,0.99682,0.02977,0.03176,-0.02021,0.99885,1.00,-0.07557,-0.05128,-0.00389,0.99581,0.02941,0.00489,-0.02514,0.99924,1.00
1184,0.00,0.00,0.10592,0.05434,-0.02036,0.99268,-0.07579,-0.02432,-0.00185,0.99683,0.02976,0.03177,-0.02059,0.99884,1.00,-0.07536,-0.05153,-0.00390,0.99582,0.02941,0.00490,-0.02551,0.99923,1.00
1198,0.00,0.00,0.10578,0.05451,-0.02068,0.99268,-0.07498,-0.02448,-0.00184,0.99688,0.03041,0.03179,-0.02094,0.99881,1.00,-0.07455,-0.05169,-0.00387,0.99587,0.03005,0.00493,-0.02584,0.99920,1.00
1211,0.00,0.00,0.10568,0.05453,-0.02072,0.99269,-0.07489,-0.02450,-0.00184,0.99689,0.03041,0.03179,-0.02098,0.99881,1.00,-0.07446,-0.05171,-0.00387,0.99588,0.03005,0.00493,-0.02587,0.99920,1.00
1226,0.00,0.00,0.10563,0.05468,-0.02083,0.99268,-0.07483,-0.02465,-0.00185,0.99689,0.03040,0.03179,-0.02111,0.99881,1.00,-0.07439,-0.05186,-0.00387,0.99587,0.03005,0.00493,-0.02600,0.99920,1.00
1239,0.00,0.00,0.10554,0.05466,-0.02085,0.99269,-0.07303,-0.02601,-0.00191,0.99699,0.03208,0.03040,-0.02143,0.99879,1.00,-0.07261,-0.05320,-0.00388,0.99593,0.03171,0.00355,-0.02626,0.99915,1.00
1253,0.00,0.00,0.10539,0.05479,-0.02099,0.99270,-0.07287,-0.02614,-0.00191,0.99700,0.03208,0.03041,-0.02159,0.99879,1.00,-0.07245,-0.05333,-0.00388,0.99594,0.03171,0.00356,-0.02641,0.99914,1.00
1267,0.00,0.00,0.10517,0.05494,-0.02119,0.99271,-0.07295,-0.02601,-0.00190,0.99699,0.03178,0.03070,-0.02174,0.99879,1.00,-0.07253,-0.05319,-0.00387,0.99594,0.03140,0.00385,-0.02656,0.99915,1.00
1281,0.00,0.00,0.10501,0.05505,-0.02126,0.99272,-0.07279,-0.02612,-0.00191,0.99700,0.03177,0.03070,-0.02183,0.99879,1.00,-0.07237,-0.05331,-0.00387,0.99594,0.03140,0.00385,-0.02664,0.99914,1.00
1295,0.00,0.00,0.10487,0.05516,-0.02134,0.99273,-0.07265,-0.02623,-0.00191,0.99701,0.03177,0.03071,-0.02192,0.99878,1.00,-0.07222,-0.05342,-0.00387,0.99595,0.03140,0.00386,-0.02672,0.99914,1.00
1309,0.00,0.00,0.10484,0.05523,-0.02135,0.99272,-0.07469,-0.02525,-0.00189,0.99689,0.02972,0.03178,-0.02168,0.99882,1.00,-0.07428,-0.05245,-0.00391,0.99585,0.02933,0.00492,-0.02654,0.99921,1.00
1323,0.00,0.00,0.10477,0.05529,-0.02136,0.99273,-0.07462,-0.02531,-0.00189,0.99689,0.02972,0.03178,-0.02170,0.99882,1.00,-0.07421,-0.05251,-0.00391,0.99585,0.02933,0.00492,-0.02655,0.99921,1.00
1337,0.00,0.00,0.10480,0.05525,-0.02133,0.99273,-0.07499,-0.02501,-0.00188,0.99687,0.02940,0.03204,-0.02161,0.99882,1.00,-0.07459,-0.05222,-0.00391,0.99584,0.02899,0.00518,-0.02648,0.99922,1.00
1350,0.00,0.00,0.10489,0.05519,-0.02124,0.99272,-0.07507,-0.02495,-0.00188,0.99686,0.02940,0.03204,-0.02151,0.99882,1.00,-0.07468,-0.05216,-0.00391,0.99583,0.02899,0.00518,-0.02638,0.99922,1.00
1364,0.00,0.00,0.10503,0.05500,-0.02108,0.99272,-0.07471,-0.02466,-0.00185,0.99690,0.02991,0.03212,-0.02133,0.99881,1.00,-0.07434,-0.05187,-0.00387,0.99588,0.02949,0.00526,-0.02620,0.99921,1.00
1378,0.00,0.00,0.10520,0.05472,-0.02085,0.99273,-0.07489,-0.02437,-0.00183,0.99689,0.02992,0.03211,-0.02107,0.99881,1.00,-0.07453,-0.05157,-0.00386,0.99588,0.02949,0.00525,-0.02594,0.99921,1.00
1392,0.00,0.00,0.10537,0.05449,-0.02099,0.99272,-0.07507,-0.02415,-0.00182,0.99688,0.02992,0.03212,-0.02118,0.99881,1.00,-0.07470,-0.05136,-0.00385,0.99588,0.02949,0.00526,-0.02607,0.99921,1.00
1406,0.00,0.00,0.10561,0.05413,-0.02090,0.99271,-0.07302,-0.02736,-0.00200,0.99695,0.03212,0.02854,-0.02176,0.99884,1.00,-0.07263,-0.05454,-0.00398,0.99586,0.03172,0.00170,-0.02659,0.99914,1.00
1420,0.00,0.00,0.10568,0.05373,-0.02071,0.99273,-0.07310,-0.02695,-0.00198,0.99696,0.03213,0.02853,-0.02153,0.99884,1.00,-0.07272,-0.05413,-0.00395,0.99588,0.03172,0.00170,-0.02636,0.99915,1.00
1434,0.00,0.00,0.10548,0.05333,-0.02046,0.99278,-0.07478,-0.02342,-0.00176,0.99692,0.03034,0.03163,-0.02062,0.99883,1.00,-0.07444,-0.05063,-0.00378,0.99593,0.02991,0.00477,-0.02550,0.99922,1.00
1448,0.00,0.00,0.10506,0.05283,-0.02004,0.99286,-0.07437,-0.02289,-0.00171,0.99697,0.03035,0.03161,-0.02015,0.99884,1.00,-0.07405,-0.05010,-0.00372,0.99599,0.02992,0.00476,-0.02501,0.99923,1.00
1462,0.00,0.00,0.10480,0.05243,-0.01991,0.99291,-0.07412,-0.02247,-0.00167,0.99699,0.03036,0.03161,-0.01998,0.99884,1.00,-0.07381,-0.04968,-0.00368,0.99603,0.02992,0.00475,-0.02482,0.99923,1.00
1476,0.00,0.00,0.10479,0.05201,-0.01983,0.99294,-0.07241,-0.02550,-0.00185,0.99705,0.03198,0.02816,-0.02052,0.99888,1.00,-0.07206,-0.05268,-0.00381,0.99600,0.03157,0.00132,-0.02531,0.99918,1.00
1490,0.00,0.00,0.10472,0.05154,-0.01978,0.99297,-0.07234,-0.02503,-0.00182,0.99706,0.03198,0.02816,-0.02042,0.99888,1.00,-0.07200,-0.05221,-0.00377,0.99603,0.03157,0.00132,-0.02521,0.99918,1.00
1504,0.00,0.00,0.10472,0.05119,-0.01965,0.99299,-0.07371,-0.02177,-0.00161,0.99704,0.03070,0.03103,-0.01969,0.99885,1.00,-0.07338,-0.04898,-0.00361,0.99609,0.03029,0.00417,-0.02452,0.99923,1.00
1517,0.00,0.00,0.10467,0.05091,-0.01951,0.99301,-0.07367,-0.02149,-0.00159,0.99705,0.03070,0.03103,-0.01953,0.99886,1.00,-0.07335,-0.04869,-0.00359,0.99611,0.03029,0.00416,-0.02436,0.99924,1.00
1531,0.00,0.00,0.10467,0.05067,-0.01943,0.99303,-0.07384,-0.02253,-0.00167,0.99701,0.03050,0.02975,-0.01964,0.99890,1.00,-0.07350,-0.04974,-0.00367,0.99605,0.03011,0.00289,-0.02447,0.99924,1.00
1545,0.00,0.00,0.10472,0.05054,-0.01944,0.99303,-0.07390,-0.02240,-0.00166,0.99701,0.03050,0.02975,-0.01964,0.99890,1.00,-0.07356,-0.04961,-0.00366,0.99605,0.03011,0.00289,-0.02448,0.99924,1.00
1560,0.00,0.00,0.10481,0.05033,-0.01941,0.99303,-0.07400,-0.02219,-0.00165,0.99701,0.03051,0.02975,-0.01959,0.99890,1.00,-0.07366,-0.04940,-0.00365,0.99605,0.03011,0.00289,-0.02443,0.99924,1.00
1573,0.00,0.00,0.10492,0.05016,-0.01934,0.99303,-0.07416,-0.02155,-0.00160,0.99701,0.03047,0.03021,-0.01942,0.99889,1.00,-0.07382,-0.04876,-0.00361,0.99607,0.03008,0.00335,-0.02427,0.99925,1.00
1587,0.00,0.00,0.10498,0.05000,-0.01931,0.99303,-0.07422,-0.02139,-0.00159,0.99701,0.03047,0.03021,-0.01937,0.99889,1.00,-0.07389,-0.04860,-0.00361,0.99608,0.03008,0.00335,-0.02423,0.99925,1.00
1601,0.00,0.00,0.10497,0.04983,-0.01923,0.99304,-0.07310,-0.02176,-0.00160,0.99709,0.03158,0.02965,-0.01940,0.99887,1.00,-0.07276,-0.04897,-0.00358,0.99614,0.03120,0.00279,-0.02422,0.99922,1.00
1615,0.00,0.00,0.10493,0.04961,-0.01911,0.99306,-0.07305,-0.02153,-0.00158,0.99709,0.03159,0.02965,-0.01925,0.99888,1.00,-0.07272,-0.04874,-0.00356,0.99615,0.03120,0.00278,-0.02407,0.99922,1.00
1629,0.00,0.00,0.10493,0.04938,-0.01904,0.99307,-0.07306,-0.02130,-0.00156,0.99710,0.03159,0.02964,-0.01916,0.99888,1.00,-0.07273,-0.04850,-0.00354,0.99617,0.03120,0.00278,-0.02398,0.99922,1.00
1643,0.00,0.00,0.10509,0.04928,-0.01910,0.99306,-0.07314,-0.02159,-0.00158,0.99709,0.03166,0.02926,-0.01928,0.99888,1.00,-0.07280,-0.04880,-0.00357,0.99615,0.03128,0.00239,-0.02411,0.99922,1.00
1657,0.00,0.00,0.10520,0.04905,-0.01913,0.99306,-0.07325,-0.02137,-0.00157,0.99708,0.03166,0.02926,-0.01929,0.99888,1.00,-0.07291,-0.04858,-0.00356,0.99615,0.03128,0.00240,-0.02412,0.99922,1.00
1671,0.00,0.00,0.10527,0.04895,-0.01906,0.99306,-0.07441,-0.02015,-0.00150,0.99702,0.03060,0.03037,-0.01898,0.99889,1.00,-0.07407,-0.04738,-0.00352,0.99612,0.03022,0.00350,-0.02385,0.99925,1.00
1684,0.00,0.00,0.10513,0.04887,-0.01911,0.99307,-0.07427,-0.02007,-0.00149,0.99703,0.03060,0.03037,-0.01901,0.99889,1.00,-0.07394,-0.04729,-0.00351,0.99614,0.03022,0.00350,-0.02388,0.99925,1.00
1698,0.00,0.00,0.10499,0.04880,-0.01908,0.99309,-0.07399,-0.01992,-0.00148,0.99706,0.03074,0.03044,-0.01897,0.99888,1.00,-0.07366,-0.04714,-0.00349,0.99616,0.03036,0.00356,-0.02382,0.99925,1.00
1712,0.00,0.00,0.10477,0.04879,-0.01915,0.99311,-0.07378,-0.01991,-0.00147,0.99707,0.03074,0.03044,-0.01905,0.99888,1.00,-0.07344,-0.04713,-0.00347,0.99618,0.03036,0.00357,-0.02388,0.99925,1.00
1727,0.00,0.00,0.10465,0.04886,-0.01917,0.99312,-0.07365,-0.01998,-0.00148,0.99708,0.03074,0.03044,-0.01907,0.99888,1.00,-0.07331,-0.04720,-0.00347,0.99619,0.03036,0.00357,-0.02390,0.99925,1.00
1740,0.00,0.00,0.10462,0.04894,-0.01908,0.99312,-0.07207,-0.02028,-0.00147,0.99719,0.03229,0.03019,-0.01907,0.99884,1.00,-0.07174,-0.04749,-0.00342,0.99629,0.03191,0.00332,-0.02386,0.99920,1.00
1754,0.00,0.00,0.10469,0.04902,-0.01895,0.99312,-0.07214,-0.02035,-0.00147,0.99719,0.03230,0.03019,-0.01895,0.99884,1.00,-0.07182,-0.04756,-0.00343,0.99628,0.03191,0.00332,-0.02374,0.99920,1.00
1768,0.00,0.00,0.10482,0.04911,-0.01898,0.99310,-0.07244,-0.02075,-0.00151,0.99716,0.03211,0.02990,-0.01904,0.99886,1.00,-0.07211,-0.04796,-0.00347,0.99624,0.03173,0.00304,-0.02384,0.99921,1.00
1782,0.00,0.00,0.10493,0.04922,-0.01901,0.99308,-0.07255,-0.02086,-0.00152,0.99715,0.03211,0.02991,-0.01908,0.99885,1.00,-0.07222,-0.04807,-0.00348,0.99622,0.03173,0.00304,-0.02389,0.99921,1.00
1796,0.00,0.00,0.10499,0.04937,-0.01903,0.99306,-0.07261,-0.02101,-0.00153,0.99714,0.03211,0.02991,-0.01911,0.99885,1.00,-0.07228,-0.04822,-0.00350,0.99621,0.03173,0.00304,-0.02392,0.99921,1.00
1810,0.00,0.00,0.10509,0.04942,-0.01922,0.99305,-0.07267,-0.02134,-0.00156,0.99713,0.03214,0.02964,-0.01936,0.99886,1.00,-0.07231,-0.04855,-0.00352,0.99619,0.03177,0.00278,-0.02417,0.99920,1.00
1824,0.00,0.00,0.10528,0.04944,-0.01947,0.99302,-0.07286,-0.02138,-0.00156,0.99711,0.03213,0.02965,-0.01961,0.99885,1.00,-0.07249,-0.04859,-0.00354,0.99618,0.03177,0.00278,-0.02444,0.99919,1.00
1838,0.00,0.00,0.10533,0.04951,-0.01948,0.99301,-0.07433,-0.02145,-0.00160,0.99700,0.03071,0.02968,-0.01959,0.99890,1.00,-0.07396,-0.04867,-0.00361,0.99607,0.03035,0.00281,-0.02446,0.99924,1.00
1851,0.00,0.00,0.10543,0.04956,-0.01956,0.99300,-0.07443,-0.02151,-0.00161,0.99699,0.03070,0.02968,-0.01967,0.99889,1.00,-0.07406,-0.04873,-0.00362,0.99606,0.03035,0.00281,-0.02454,0.99923,1.00
1865,0.00,0.00,0.10548,0.04954,-0.01951,0.99299,-0.07390,-0.02135,-0.00158,0.99704,0.03129,0.02980,-0.01962,0.99887,1.00,-0.07354,-0.04857,-0.00359,0.99610,0.03092,0.00293,-0.02447,0.99922,1.00
1879,0.00,0.00,0.10553,0.04952,-0.01952,0.99299,-0.07395,-0.02134,-0.00158,0.99703,0.03129,0.02980,-0.01963,0.99887,1.00,-0.07359,-0.04855,-0.00359,0.99610,0.03092,0.00293,-0.02449,0.99922,1.00
1894,0.00,0.00,0.10560,0.04953,-0.01962,0.99298,-0.07401,-0.02135,-0.00159,0.99703,0.03129,0.02980,-0.01972,0.99887,1.00,-0.07365,-0.04857,-0.00359,0.99609,0.03092,0.00294,-0.02459,0.99922,1.00
1907,0.00,0.00,0.10566,0.04957,-0.01982,0.99297,-0.07430,-0.02129,-0.00159,0.99701,0.03107,0.02993,-0.01990,0.99887,1.00,-0.07393,-0.04851,-0.00360,0.99608,0.03069,0.00306,-0.02477,0.99922,1.00
1921,0.00,0.00,0.10576,0.04967,-0.02007,0.99295,-0.07440,-0.02140,-0.00160,0.99700,0.03106,0.02993,-0.02016,0.99887,1.00,-0.07402,-0.04862,-0.00361,0.99606,0.03069,0.00307,-0.02504,0.99921,1.00
1935,0.00,0.00,0.10578,0.04982,-0.02032,0.99293,-0.07384,-0.02149,-0.00159,0.99704,0.03163,0.03000,-0.02044,0.99884,1.00,-0.07346,-0.04870,-0.00359,0.99610,0.03126,0.00314,-0.02530,0.99919,1.00
1949,0.00,0.00,0.10580,0.05001,-0.02058,0.99292,-0.07385,-0.02169,-0.00161,0.99703,0.03162,0.03001,-0.02072,0.99883,1.00,-0.07345,-0.04891,-0.00361,0.99609,0.03126,0.00315,-0.02559,0.99918,1.00
1963,0.00,0.00,0.10573,0.05022,-0.02080,0.99291,-0.07379,-0.02191,-0.00162,0.99703,0.03162,0.03002,-0.02096,0.99883,1.00,-0.07338,-0.04913,-0.00362,0.99609,0.03126,0.00315,-0.02583,0.99917,1.00
1977,0.00,0.00,0.10557,0.05044,-0.02109,0.99291,-0.07381,-0.02340,-0.00173,0.99700,0.03138,0.02879,-0.02149,0.99886,1.00,-0.07339,-0.05061,-0.00373,0.99601,0.03102,0.00193,-0.02635,0.99917,1.00
1991,0.00,0.00,0.10530,0.05066,-0.02121,0.99292,-0.07354,-0.02362,-0.00174,0.99701,0.03138,0.02879,-0.02164,0.99886,1.00,-0.07311,-0.05083,-0.00373,0.99602,0.03102,0.00193,-0.02648,0.99917,1.00
2005,0.00,0.00,0.10511,0.05092,-0.02145,0.99292,-0.07340,-0.02352,-0.00173,0.99702,0.03133,0.02918,-0.02184,0.99884,1.00,-0.07298,-0.05072,-0.00372,0.99604,0.03095,0.00231,-0.02667,0.99916,1.00
2019,0.00,15.00,0.10499,0.05118,-0.02194,0.99291,-0.07327,-0.02379,-0.00175,0.99703,0.03131,0.02919,-0.02236,0.99883,1.00,-0.07283,-0.05100,-0.00373,0.99603,0.03095,0.00233,-0.02719,0.99915,1.00
2033,0.00,15.00,0.10500,0.05141,-0.02218,0.99289,-0.07359,-0.02342,-0.00173,0.99701,0.03102,0.02981,-0.02251,0.99882,1.00,-0.07316,-0.05063,-0.00372,0.99603,0.03063,0.00295,-0.02734,0.99915,1.00
2047,0.00,15.00,0.10493,0.05154,-0.02228,0.99289,-0.07351,-0.02356,-0.00174,0.99701,0.03101,0.02981,-0.02262,0.99882,1.00,-0.07308,-0.05077,-0.00373,0.99603,0.03062,0.00295,-0.02745,0.99915,1.00
2061,0.00,15.00,0.10488,0.05159,-0.02235,0.99289,-0.07346,-0.02361,-0.00174,0.99702,0.03101,0.02982,-0.02270,0.99882,1.00,-0.07303,-0.05081,-0.00373,0.99603,0.03062,0.00295,-0.02753,0.99915,1.00
2075,0.00,15.00,0.10495,0.05165,-0.02245,0.99288,-0.07294,-0.02313,-0.00169,0.99707,0.03161,0.03035,-0.02273,0.99878,1.00,-0.07254,-0.05033,-0.00367,0.99609,0.03119,0.00349,-0.02754,0.99913,1.00
2088,0.00,15.00,0.10503,0.05159,-0.02252,0.99287,-0.07302,-0.02308,-0.00169,0.99706,0.03161,0.03035,-0.02279,0.99878,1.00,-0.07262,-0.05028,-0.00367,0.99608,0.03119,0.00349,-0.02761,0.99913,1.00
2102,0.00,15.00,0.10503,0.05160,-0.02255,0.99287,-0.07238,-0.02290,-0.00166,0.99711,0.03226,0.03053,-0.02281,0.99875,1.00,-0.07201,-0.05010,-0.00362,0.99614,0.03182,0.00367,-0.02761,0.99911,1.00
2116,0.00,15.00,0.10512,0.05149,-0.02251,0.99287,-0.07247,-0.02278,-0.00166,0.99711,0.03227,0.03053,-0.02275,0.99875,1.00,-0.07210,-0.04998,-0.00362,0.99614,0.03182,0.00367,-0.02755,0.99911,1.00
2130,0.00,15.00,0.10519,0.05135,-0.02244,0.99287,-0.07237,-0.02256,-0.00164,0.99712,0.03245,0.03061,-0.02266,0.99875,1.00,-0.07201,-0.04976,-0.00360,0.99616,0.03199,0.00375,-0.02746,0.99910,1.00
2144,0.00,15.00,0.10534,0.05122,-0.02227,0.99287,-0.07251,-0.02242,-0.00163,0.99711,0.03246,0.03060,-0.02247,0.99875,1.00,-0.07217,-0.04962,-0.00359,0.99615,0.03199,0.00374,-0.02728,0.99911,1.00
2158,0.00,15.00,0.10541,0.05112,-0.02213,0.99287,-0.07259,-0.02231,-0.00162,0.99711,0.03246,0.03059,-0.02232,0.99876,1.00,-0.07225,-0.04952,-0.00359,0.99615,0.03199,0.00374,-0.02713,0.99911,1.00
2172,0.00,15.00,0.10549,0.05101,-0.02196,0.99287,-0.07250,-0.02379,-0.00173,0.99708,0.03259,0.02902,-0.02242,0.99880,1.00,-0.07215,-0.05098,-0.00369,0.99608,0.03213,0.00217,-0.02723,0.99911,1.00
2186,0.00,15.00,0.10545,0.05088,-0.02180,0.99288,-0.07246,-0.02365,-0.00172,0.99709,0.03259,0.02901,-0.02225,0.99880,1.00,-0.07213,-0.05084,-0.00368,0.99609,0.03213,0.00216,-0.02706,0.99912,1.00
2200,0.00,15.00,0.10535,0.05073,-0.02165,0.99290,-0.07428,-0.02372,-0.00177,0.99695,0.03067,0.02881,-0.02207,0.99887,1.00,-0.07393,-0.05093,-0.00378,0.99595,0.03023,0.00195,-0.02693,0.99918,1.00
2214,0.00,15.00,0.10521,0.05052,-0.02148,0.99293,-0.07414,-0.02351,-0.00175,0.99697,0.03068,0.02880,-0.02188,0.99887,1.00,-0.07380,-0.05071,-0.00376,0.99598,0.03023,0.00194,-0.02673,0.99918,1.00
2228,0.00,15.00,0.10512,0.05039,-0.02137,0.99295,-0.07406,-0.02336,-0.00174,0.99698,0.03068,0.02880,-0.02175,0.99888,1.00,-0.07372,-0.05057,-0.00374,0.99599,0.03023,0.00194,-0.02660,0.99919,1.00
2241,0.00,15.00,0.10504,0.05033,-0.02121,0.99297,-0.07399,-0.02362,-0.00175,0.99698,0.03066,0.02848,-0.02165,0.99889,1.00,-0.07365,-0.05082,-0.00376,0.99598,0.03022,0.00162,-0.02649,0.99919,1.00
2255,0.00,15.00,0.10513,0.05031,-0.02109,0.99296,-0.07408,-0.02360,-0.00175,0.99697,0.03067,0.02848,-0.02152,0.99889,1.00,-0.07374,-0.05080,-0.00376,0.99598,0.03022,0.00162,-0.02637,0.99919,1.00
2269,0.00,15.00,0.10516,0.05032,-0.02096,0.99296,-0.07434,0.01607,0.00120,0.99710,0.03143,0.06757,-0.01427,0.99712,1.00,-0.07439,-0.01123,-0.00084,0.99717,0.03071,0.04068,-0.01916,0.99852,1.00
2283,0.00,15.00,0.10528,0.05039,-0.02076,0.99295,-0.07445,0.01601,0.00120,0.99710,0.03145,0.06756,-0.01408,0.99712,1.00,-0.07451,-0.01130,-0.00084,0.99716,0.03072,0.04067,-0.01898,0.99852,1.00
2297,0.00,15.00,0.10536,0.05054,-0.02066,0.99293,-0.07363,0.08998,0.00667,0.99320,0.03373,0.14036,-0.00069,0.98953,1.00,-0.07442,0.06307,0.00472,0.99522,0.03250,0.11397,-0.00547,0.99294,1.00
2311,0.00,15.00,0.10556,0.05067,-0.02046,0.99291,-0.07379,0.08985,0.00668,0.99320,0.03376,0.14035,-0.00047,0.98953,1.00,-0.07459,0.06295,0.00472,0.99521,0.03252,0.11396,-0.00526,0.99294,1.00
2325,0.00,15.00,0.10590,0.05081,-0.02047,0.99287,-0.07412,0.08971,0.00669,0.99318,0.03377,0.14035,-0.00042,0.98953,1.00,-0.07492,0.06280,0.00473,0.99520,0.03253,0.11396,-0.00522,0.99294,1.00
2339,0.00,15.00,0.10641,0.05087,-0.02050,0.99281,-0.07451,0.09160,0.00687,0.99298,0.03392,0.14225,0.00000,0.98925,1.00,-0.07532,0.06471,0.00490,0.99505,0.03268,0.11589,-0.00482,0.99271,1.00
2353,0.00,15.00,0.10686,0.05088,-0.02042,0.99276,-0.07492,0.09160,0.00691,0.99295,0.03394,0.14225,0.00019,0.98925,1.00,-0.07574,0.06471,0.00493,0.99501,0.03270,0.11588,-0.00466,0.99271,1.00
2367,0.00,15.00,0.10742,0.05084,-0.02028,0.99271,-0.07476,0.09010,0.00678,0.99310,0.03464,0.14072,0.00007,0.98944,1.00,-0.07556,0.06319,0.00480,0.99513,0.03342,0.11434,-0.00479,0.99287,1.00
2380,0.00,15.00,0.10798,0.05073,-0.02027,0.99265,-0.07530,0.09021,0.00684,0.99305,0.03466,0.14072,0.00022,0.98944,1.00,-0.07611,0.06330,0.00484,0.99508,0.03343,0.11434,-0.00467,0.99287,1.00
2395,0.00,15.00,0.10820,0.05058,-0.02029,0.99263,-0.07552,0.09036,0.00687,0.99302,0.03466,0.14071,0.00027,0.98944,1.00,-0.07633,0.06345,0.00487,0.99505,0.03343,0.11433,-0.00464,0.99287,1.00
2409,0.00,15.00,0.10832,0.05048,-0.02016,0.99263,-0.07466,0.09225,0.00694,0.99291,0.03566,0.14244,0.00062,0.98916,1.00,-0.07547,0.06536,0.00496,0.99499,0.03443,0.11609,-0.00425,0.99263,1.00
2422,0.00,15.00,0.10832,0.05034,-0.02037,0.99263,-0.07470,0.09238,0.00695,0.99289,0.03563,0.14245,0.00045,0.98916,1.00,-0.07551,0.06549,0.00497,0.99498,0.03441,0.11609,-0.00444,0.99263,1.00
2436,0.00,15.00,0.10820,0.05024,-0.02045,0.99265,-0.07478,0.09499,0.00716,0.99264,0.03548,0.14492,0.00084,0.98881,1.00,-0.07560,0.06813,0.00518,0.99479,0.03425,0.11859,-0.00403,0.99234,1.00
2450,0.00,15.00,0.10817,0.05015,-0.02044,0.99266,-0.07474,0.09508,0.00716,0.99263,0.03548,0.14492,0.00085,0.98881,1.00,-0.07556,0.06822,0.00518,0.99479,0.03425,0.11859,-0.00402,0.99234,1.00
2464,0.00,15.00,0.10804,0.05007,-0.02037,0.99268,-0.07517,0.11356,0.00862,0.99065,0.03515,0.16293,0.00441,0.98600,1.00,-0.07619,0.08692,0.00667,0.99327,0.03378,0.13685,-0.00041,0.99002,1.00
2478,0.00,15.00,0.10785,0.05001,-0.02035,0.99270,-0.07499,0.11361,0.00860,0.99065,0.03515,0.16293,0.00438,0.98600,1.00,-0.07601,0.08698,0.00666,0.99328,0.03378,0.13685,-0.00042,0.99002,1.00
2492,0.00,15.00,0.10774,0.05002,-0.02050,0.99271,-0.07492,0.11360,0.00859,0.99066,0.03512,0.16293,0.00420,0.98600,1.00,-0.07593,0.08696,0.00665,0.99329,0.03375,0.13685,-0.00060,0.99002,1.00
2506,0.00,15.00,0.10762,0.05011,-0.02069,0.99271,-0.07374,0.11529,0.00858,0.99055,0.03622,0.16469,0.00413,0.98567,1.00,-0.07474,0.08869,0.00667,0.99323,0.03487,0.13864,-0.00064,0.98973,1.00
2520,0.00,15.00,0.10746,0.05020,-0.02100,0.99272,-0.07367,0.11518,0.00857,0.99057,0.03616,0.16470,0.00378,0.98567,1.00,-0.07466,0.08858,0.00666,0.99324,0.03482,0.13865,-0.00098,0.98973,1.00
2534,0.00,15.00,0.10720,0.05031,-0.02114,0.99274,-0.07273,0.11503,0.00845,0.99066,0.03685,0.16467,0.00343,0.98565,1.00,-0.07370,0.08844,0.00656,0.99333,0.03552,0.13863,-0.00129,0.98971,1.00
2548,0.00,15.00,0.10678,0.05039,-0.02132,0.99278,-0.07238,0.11495,0.00840,0.99070,0.03680,0.16469,0.00314,0.98565,1.00,-0.07333,0.08835,0.00652,0.99336,0.03548,0.13864,-0.00157,0.98971,1.00
2562,0.00,15.00,0.10655,0.05054,-0.02155,0.99279,-0.07222,0.11479,0.00837,0.99073,0.03675,0.16470,0.00284,0.98566,1.00,-0.07316,0.08819,0.00650,0.99339,0.03544,0.13865,-0.00186,0.98971,1.00
2575,0.00,15.00,0.10652,0.05071,-0.02179,0.99278,-0.07184,0.11397,0.00826,0.99085,0.03712,0.16408,0.00240,0.98575,1.00,-0.07277,0.08737,0.00640,0.99349,0.03580,0.13802,-0.00230,0.98978,1.00
2589,0.00,15.00,0.10657,0.05082,-0.02208,0.99276,-0.07197,0.11384,0.00827,0.99085,0.03708,0.16409,0.00213,0.98575,1.00,-0.07289,0.08724,0.00640,0.99350,0.03576,0.13803,-0.00258,0.98978,1.00
2603,0.00,15.00,0.10659,0.05089,-0.02208,0.99275,-0.07204,0.11350,0.00825,0.99089,0.03702,0.16381,0.00208,0.98580,1.00,-0.07299,0.08689,0.00638,0.99352,0.03569,0.13774,-0.00262,0.98982,1.00
2617,0.00,15.00,0.10672,0.05093,-0.02214,0.99274,-0.07219,0.11345,0.00826,0.99088,0.03702,0.16381,0.00205,0.98580,1.00,-0.07313,0.08684,0.00639,0.99351,0.03568,0.13774,-0.00266,0.98982,1.00
2631,0.00,15.00,0.10702,0.05089,-0.02247,0.99270,-0.07218,0.11338,0.00826,0.99089,0.03737,0.16372,0.00174,0.98580,1.00,-0.07312,0.08677,0.00639,0.99352,0.03602,0.13766,-0.00298,0.98982,1.00
2645,0.00,15.00,0.10722,0.05086,-0.02243,0.99268,-0.07235,0.11341,0.00828,0.99088,0.03738,0.16372,0.00184,0.98580,1.00,-0.07330,0.08680,0.00640,0.99351,0.03603,0.13765,-0.00289,0.98982,1.00
2659,0.00,15.00,0.10732,0.05079,-0.02245,0.99267,-0.07245,0.11349,0.00830,0.99086,0.03739,0.16372,0.00186,0.98580,1.00,-0.07340,0.08687,0.00642,0.99349,0.03603,0.13765,-0.00288,0.98982,1.00
2673,0.00,15.00,0.10729,0.05069,-0.02244,0.99268,-0.07158,0.11371,0.00821,0.99090,0.03823,0.16384,0.00175,0.98575,1.00,-0.07254,0.08710,0.00636,0.99353,0.03687,0.13778,-0.00296,0.98977,1.00
2687,0.00,15.00,0.10715,0.05056,-0.02241,0.99270,-0.07143,0.11385,0.00821,0.99089,0.03823,0.16384,0.00175,0.98575,1.00,-0.07239,0.08724,0.00636,0.99353,0.03687,0.13778,-0.00295,0.98977,1.00
2701,0.00,15.00,0.10697,0.05040,-0.02232,0.99273,-0.07101,0.11384,0.00816,0.99092,0.03845,0.16367,0.00174,0.98576,1.00,-0.07198,0.08723,0.00632,0.99356,0.03709,0.13761,-0.00294,0.98979,1.00
2714,0.00,15.00,0.10662,0.05028,-0.02235,0.99278,-0.07068,0.11396,0.00813,0.99093,0.03844,0.16367,0.00163,0.98576,1.00,-0.07164,0.08735,0.00630,0.99358,0.03708,0.13761,-0.00303,0.98979,1.00
2729,0.00,15.00,0.10643,0.05020,-0.02231,0.99280,-0.07049,0.11404,0.00811,0.99094,0.03843,0.16367,0.00162,0.98576,1.00,-0.07145,0.08744,0.00629,0.99358,0.03708,0.13761,-0.00303,0.98979,1.00
2742,0.00,15.00,0.10621,0.05017,-0.02231,0.99283,-0.07099,0.11487,0.00823,0.99081,0.03773,0.16446,0.00183,0.98566,1.00,-0.07197,0.08828,0.00640,0.99347,0.03636,0.13841,-0.00282,0.98970,1.00
2757,0.00,15.00,0.10603,0.05020,-0.02236,0.99284,-0.07084,0.11483,0.00821,0.99082,0.03771,0.16447,0.00172,0.98566,1.00,-0.07181,0.08824,0.00638,0.99349,0.03634,0.13841,-0.00293,0.98970,1.00
2771,0.00,15.00,0.10586,0.05030,-0.02245,0.99285,-0.07104,0.11512,0.00825,0.99077,0.03736,0.16485,0.00171,0.98561,1.00,-0.07201,0.08853,0.00642,0.99345,0.03599,0.13881,-0.00294,0.98966,1.00
2784,0.00,15.00,0.10565,0.05031,-0.02255,0.99287,-0.07086,0.11510,0.00823,0.99079,0.03733,0.16486,0.00155,0.98561,1.00,-0.07182,0.08852,0.00640,0.99346,0.03597,0.13881,-0.00309,0.98966,1.00
2798,0.00,15.00,0.10547,0.05048,-0.02267,0.99288,-0.06755,0.11487,0.00783,0.99105,0.04045,0.16479,0.00083,0.98550,1.00,-0.06846,0.08830,0.00608,0.99372,0.03914,0.13875,-0.00372,0.98955,1.00
2812,0.00,15.00,0.10534,0.05062,-0.02289,0.99288,-0.06749,0.11473,0.00781,0.99107,0.04041,0.16480,0.00057,0.98550,1.00,-0.06839,0.08816,0.00607,0.99374,0.03910,0.13876,-0.00397,0.98955,1.00
2826,0.00,15.00,0.10508,0.05079,-0.02299,0.99290,-0.06728,0.11455,0.00778,0.99111,0.04038,0.16481,0.00039,0.98550,1.00,-0.06816,0.08799,0.00604,0.99377,0.03908,0.13877,-0.00415,0.98954,1.00
2840,0.00,15.00,0.10484,0.05094,-0.02318,0.99291,-0.06746,0.11436,0.00778,0.99112,0.03997,0.16479,0.00018,0.98552,1.00,-0.06835,0.08779,0.00604,0.99377,0.03866,0.13875,-0.00435,0.98956,1.00
2854,0.00,15.00,0.10466,0.05116,-0.02324,0.99292,-0.06731,0.11414,0.00775,0.99115,0.03995,0.16480,0.00005,0.98552,1.00,-0.06820,0.08757,0.00601,0.99380,0.03864,0.13876,-0.00448,0.98956,1.00
2868,0.00,15.00,0.10447,0.05133,-0.02331,0.99293,-0.07132,0.11370,0.00818,0.99092,0.03578,0.16457,0.00057,0.98572,1.00,-0.07227,0.08710,0.00634,0.99355,0.03440,0.13850,-0.00406,0.98976,1.00
2882,0.00,15.00,0.10427,0.05149,-0.02343,0.99294,-0.07116,0.11354,0.00815,0.99095,0.03575,0.16457,0.00038,0.98572,1.00,-0.07209,0.08694,0.00631,0.99358,0.03437,0.13851,-0.00424,0.98976,1.00
2896,0.00,15.00,0.10416,0.05160,-0.02341,0.99294,-0.07106,0.11342,0.00813,0.99097,0.03574,0.16457,0.00035,0.98572,1.00,-0.07199,0.08682,0.00629,0.99360,0.03437,0.13851,-0.00426,0.98976,1.00
2910,0.00,15.00,0.10400,0.05170,-0.02355,0.99295,-0.07129,0.11435,0.00823,0.99085,0.03538,0.16559,0.00041,0.98556,1.00,-0.07224,0.08776,0.00638,0.99350,0.03399,0.13954,-0.00420,0.98962,1.00
2923,0.00,15.00,0.10374,0.05180,-0.02346,0.99298,-0.07101,0.11425,0.00819,0.99088,0.03538,0.16559,0.00042,0.98556,1.00,-0.07197,0.08766,0.00635,0.99353,0.03399,0.13954,-0.00418,0.98962,1.00
2937,0.00,15.00,0.10356,0.05194,-0.02355,0.99299,-0.06817,0.11368,0.00782,0.99114,0.03803,0.16517,-0.00026,0.98553,1.00,-0.06909,0.08710,0.00606,0.99378,0.03668,0.13911,-0.00478,0.98959,1.00
2951,0.00,15.00,0.10343,0.05203,-0.02359,0.99299,-0.06806,0.11360,0.00780,0.99116,0.03802,0.16517,-0.00034,0.98553,1.00,-0.06898,0.08702,0.00604,0.99380,0.03667,0.13911,-0.00485,0.98959,1.00
2965,0.00,15.00,0.10326,0.05202,-0.02354,0.99301,-0.06822,0.11366,0.00782,0.99114,0.03768,0.16523,-0.00027,0.98554,1.00,-0.06915,0.08707,0.00606,0.99378,0.03632,0.13917,-0.00478,0.98959,1.00
2979,0.00,15.00,0.10326,0.05207,-0.02354,0.99301,-0.06822,0.11361,0.00782,0.99115,0.03768,0.16523,-0.00028,0.98554,1.00,-0.06915,0.08703,0.00606,0.99378,0.03632,0.13917,-0.00479,0.98959,1.00
2993,0.00,15.00,0.10324,0.05211,-0.02354,0.99301,-0.06820,0.11357,0.00781,0.99116,0.03768,0.16523,-0.00029,0.98554,1.00,-0.06912,0.08698,0.00605,0.99379,0.03632,0.13917,-0.00480,0.98959,1.00
3007,0.00,15.00,0.10329,0.05210,-0.02362,0.99301,-0.06826,0.11126,0.00766,0.99141,0.03764,0.16295,-0.00076,0.98592,1.00,-0.06916,0.08464,0.00589,0.99399,0.03629,0.13686,-0.00529,0.98991,1.00
3021,0.00,15.00,0.10335,0.05200,-0.02368,0.99300,-0.06834,0.11136,0.00768,0.99140,0.03764,0.16295,-0.00079,0.98592,1.00,-0.06924,0.08474,0.00590,0.99398,0.03629,0.13686,-0.00532,0.98991,1.00
3035,0.00,15.00,0.10333,0.05197,-0.02397,0.99300,-0.06762,0.11146,0.00760,0.99144,0.03836,0.16304,-0.00118,0.98587,1.00,-0.06850,0.08485,0.00585,0.99402,0.03703,0.13695,-0.00569,0.98987,1.00
3049,0.00,15.00,0.10330,0.05196,-0.02423,0.99300,-0.06767,0.11147,0.00761,0.99143,0.03832,0.16305,-0.00144,0.98587,1.00,-0.06853,0.08485,0.00585,0.99402,0.03699,0.13696,-0.00595,0.98987,1.00
3063,0.00,15.00,0.10323,0.05199,-0.02426,0.99300,-0.06760,0.11144,0.00760,0.99144,0.03831,0.16305,-0.00149,0.98587,1.00,-0.06847,0.08482,0.00584,0.99402,0.03699,0.13696,-0.00600,0.98987,1.00
3077,0.00,15.00,0.10315,0.05206,-0.02420,0.99301,-0.06742,0.11332,0.00771,0.99124,0.03844,0.16497,-0.00114,0.98555,1.00,-0.06832,0.08673,0.00596,0.99387,0.03709,0.13890,-0.00563,0.98959,1.00
3091,0.00,15.00,0.10314,0.05215,-0.02409,0.99301,-0.06738,0.11323,0.00770,0.99125,0.03846,0.16497,-0.00104,0.98555,1.00,-0.06828,0.08664,0.00595,0.99388,0.03711,0.13890,-0.00554,0.98960,1.00
3105,0.00,15.00,0.10316,0.05232,-0.02409,0.99300,-0.06931,0.11310,0.00791,0.99113,0.03656,0.16501,-0.00073,0.98561,1.00,-0.07025,0.08650,0.00611,0.99375,0.03517,0.13895,-0.00527,0.98966,1.00
3119,0.00,15.00,0.10311,0.05240,-0.02407,0.99300,-0.06926,0.11302,0.00790,0.99114,0.03656,0.16501,-0.00074,0.98561,1.00,-0.07020,0.08642,0.00610,0.99376,0.03517,0.13895,-0.00527,0.98966,1.00
3132,0.00,15.00,0.10303,0.05245,-0.02404,0.99300,-0.06917,0.11297,0.00788,0.99116,0.03656,0.16501,-0.00073,0.98561,1.00,-0.07011,0.08637,0.00609,0.99377,0.03517,0.13895,-0.00526,0.98966,1.00
3146,0.00,15.00,0.10289,0.05244,-0.02394,0.99302,-0.06912,0.11162,0.00778,0.99131,0.03644,0.16368,-0.00090,0.98584,1.00,-0.07005,0.08500,0.00599,0.99390,0.03505,0.13759,-0.00543,0.98985,1.00
3161,0.00,15.00,0.10276,0.05236,-0.02391,0.99304,-0.06899,0.11170,0.00777,0.99131,0.03644,0.16368,-0.00089,0.98584,1.00,-0.06991,0.08509,0.00599,0.99390,0.03505,0.13759,-0.00542,0.98985,1.00
3174,0.00,15.00,0.10270,0.05229,-0.02393,0.99305,-0.06900,0.11070,0.00770,0.99143,0.03635,0.16263,-0.00109,0.98602,1.00,-0.06992,0.08407,0.00591,0.99399,0.03497,0.13653,-0.00562,0.99000,1.00
3188,0.00,15.00,0.10264,0.05218,-0.02393,0.99306,-0.06895,0.11081,0.00771,0.99142,0.03635,0.16263,-0.00110,0.98602,1.00,-0.06986,0.08417,0.00592,0.99398,0.03497,0.13653,-0.00563,0.99000,1.00
3202,0.00,15.00,0.10262,0.05213,-0.02397,0.99306,-0.06914,0.11083,0.00773,0.99140,0.03613,0.16261,-0.00111,0.98603,1.00,-0.07005,0.08420,0.00593,0.99397,0.03476,0.13650,-0.00564,0.99001,1.00
3216,0.00,15.00,0.10249,0.05206,-0.02389,0.99308,-0.06900,0.11091,0.00772,0.99140,0.03614,0.16261,-0.00106,0.98603,1.00,-0.06991,0.08428,0.00593,0.99397,0.03477,0.13650,-0.00559,0.99001,1.00
3230,0.00,15.00,0.10238,0.05203,-0.02390,0.99310,-0.06889,0.11093,0.00771,0.99141,0.03614,0.16261,-0.00109,0.98603,1.00,-0.06981,0.08430,0.00592,0.99397,0.03476,0.13650,-0.00561,0.99001,1.00
3244,0.00,15.00,0.10238,0.05215,-0.02407,0.99309,-0.06981,0.11240,0.00792,0.99118,0.03526,0.16418,-0.00084,0.98580,1.00,-0.07074,0.08578,0.00611,0.99378,0.03387,0.13809,-0.00538,0.98983,1.00
3258,0.00,15.00,0.10245,0.05231,-0.02421,0.99307,-0.06993,0.11223,0.00792,0.99119,0.03524,0.16418,-0.00097,0.98580,1.00,-0.07085,0.08562,0.00610,0.99379,0.03385,0.13810,-0.00552,0.98982,1.00
3272,0.00,15.00,0.10260,0.05248,-0.02432,0.99304,-0.07033,0.11203,0.00795,0.99118,0.03500,0.16416,-0.00102,0.98581,1.00,-0.07126,0.08541,0.00612,0.99378,0.03360,0.13808,-0.00558,0.98984,1.00
3285,0.00,15.00,0.10279,0.05271,-0.02425,0.99301,-0.07050,0.11181,0.00795,0.99119,0.03501,0.16416,-0.00093,0.98581,1.00,-0.07143,0.08519,0.00612,0.99378,0.03361,0.13807,-0.00550,0.98984,1.00
3299,0.00,15.00,0.10280,0.05281,-0.02429,0.99300,-0.07032,0.11056,0.00784,0.99135,0.03518,0.16305,-0.00121,0.98599,1.00,-0.07124,0.08392,0.00602,0.99390,0.03379,0.13694,-0.00578,0.98999,1.00
3313,0.00,15.00,0.10273,0.05295,-0.02433,0.99300,-0.07027,0.11043,0.00783,0.99137,0.03517,0.16305,-0.00128,0.98599,1.00,-0.07118,0.08379,0.00600,0.99392,0.03378,0.13694,-0.00585,0.98999,1.00
3328,0.00,15.00,0.10260,0.05299,-0.02434,0.99301,-0.07015,0.11038,0.00781,0.99138,0.03516,0.16305,-0.00134,0.98599,1.00,-0.07106,0.08374,0.00599,0.99393,0.03377,0.13694,-0.00589,0.98999,1.00
3344,0.00,15.00,0.10249,0.05303,-0.02430,0.99302,-0.07026,0.10994,0.00779,0.99142,0.03492,0.16266,-0.00136,0.98606,1.00,-0.07118,0.08329,0.00596,0.99396,0.03353,0.13654,-0.00592,0.99005,1.00
3355,0.00,15.00,0.10236,0.05292,-0.02434,0.99304,-0.07015,0.11005,0.00779,0.99142,0.03491,0.16266,-0.00142,0.98606,1.00,-0.07106,0.08340,0.00596,0.99396,0.03352,0.13654,-0.00597,0.99005,1.00
3369,0.00,15.00,0.10227,0.05284,-0.02431,0.99306,-0.06975,0.10912,0.00768,0.99155,0.03520,0.16167,-0.00163,0.98622,1.00,-0.07065,0.08247,0.00586,0.99407,0.03381,0.13554,-0.00618,0.99018,1.00
3383,0.00,15.00,0.10220,0.05269,-0.02430,0.99307,-0.06968,0.10928,0.00768,0.99154,0.03520,0.16167,-0.00163,0.98622,1.00,-0.07058,0.08262,0.00587,0.99406,0.03382,0.13554,-0.00617,0.99018,1.00
3397,0.00,15.00,0.10213,0.05251,-0.02430,0.99309,-0.06961,0.10945,0.00768,0.99152,0.03520,0.16167,-0.00163,0.98622,1.00,-0.07051,0.08279,0.00587,0.99405,0.03382,0.13554,-0.00616,0.99018,1.00
3411,0.00,15.00,0.10207,0.05241,-0.02431,0.99310,-0.06974,0.10924,0.00768,0.99154,0.03501,0.16136,-0.00167,0.98627,1.00,-0.07064,0.08258,0.00587,0.99406,0.03363,0.13522,-0.00621,0.99023,1.00
3425,0.00,15.00,0.10207,0.05229,-0.02431,0.99310,-0.06973,0.10936,0.00769,0.99152,0.03501,0.16136,-0.00166,0.98627,1.00,-0.07064,0.08270,0.00588,0.99405,0.03363,0.13522,-0.00619,0.99023,1.00
3439,0.00,15.00,0.10214,0.05227,-0.02418,0.99310,-0.06994,0.10918,0.00770,0.99153,0.03486,0.16116,-0.00152,0.98631,1.00,-0.07085,0.08252,0.00588,0.99405,0.03347,0.13502,-0.00606,0.99026,1.00
3452,0.00,15.00,0.10224,0.05235,-0.02411,0.99309,-0.07001,0.10910,0.00770,0.99153,0.03488,0.16116,-0.00144,0.98631,1.00,-0.07093,0.08244,0.00588,0.99405,0.03348,0.13502,-0.00599,0.99026,1.00
3466,0.00,15.00,0.10227,0.05241,-0.02402,0.99308,-0.06955,0.10889,0.00764,0.99159,0.03535,0.16099,-0.00145,0.98632,1.00,-0.07047,0.08223,0.00583,0.99410,0.03397,0.13485,-0.00599,0.99027,1.00
3480,0.00,15.00,0.10229,0.05251,-0.02392,0.99308,-0.06954,0.10879,0.00763,0.99160,0.03537,0.16099,-0.00136,0.98632,1.00,-0.07046,0.08213,0.00582,0.99411,0.03398,0.13485,-0.00590,0.99027,1.00
3495,0.00,15.00,0.10232,0.05260,-0.02385,0.99307,-0.06956,0.10870,0.00763,0.99161,0.03538,0.16099,-0.00130,0.98632,1.00,-0.07048,0.08204,0.00582,0.99412,0.03399,0.13485,-0.00584,0.99027,1.00
3508,0.00,15.00,0.10227,0.05268,-0.02375,0.99308,-0.06907,0.11032,0.00768,0.99146,0.03584,0.16264,-0.00099,0.98603,1.00,-0.06999,0.08368,0.00589,0.99401,0.03445,0.13653,-0.00551,0.99002,1.00
3522,0.00,15.00,0.10218,0.05266,-0.02371,0.99309,-0.06897,0.11034,0.00767,0.99147,0.03584,0.16264,-0.00098,0.98603,1.00,-0.06989,0.08370,0.00589,0.99402,0.03446,0.13653,-0.00549,0.99002,1.00
3536,0.00,15.00,0.10189,0.05260,-0.02368,0.99312,-0.06860,0.11051,0.00765,0.99148,0.03592,0.16275,-0.00101,0.98601,1.00,-0.06951,0.08387,0.00587,0.99403,0.03455,0.13663,-0.00551,0.99000,1.00
3550,0.00,15.00,0.10171,0.05251,-0.02372,0.99314,-0.06843,0.11060,0.00763,0.99148,0.03591,0.16275,-0.00109,0.98601,1.00,-0.06934,0.08397,0.00586,0.99404,0.03454,0.13664,-0.00558,0.99000,1.00
3564,0.00,15.00,0.10153,0.05229,-0.02375,0.99317,-0.06782,0.11131,0.00761,0.99144,0.03634,0.16323,-0.00114,0.98592,1.00,-0.06872,0.08469,0.00585,0.99402,0.03499,0.13712,-0.00560,0.98992,1.00
3578,0.00,15.00,0.10143,0.05219,-0.02361,0.99319,-0.06769,0.11141,0.00761,0.99144,0.03636,0.16322,-0.00102,0.98592,1.00,-0.06859,0.08479,0.00585,0.99402,0.03500,0.13712,-0.00548,0.98992,1.00
3592,0.00,15.00,0.10145,0.05207,-0.02356,0.99320,-0.06770,0.11153,0.00762,0.99142,0.03637,0.16322,-0.00096,0.98592,1.00,-0.06861,0.08491,0.00586,0.99401,0.03501,0.13711,-0.00541,0.98992,1.00
3606,0.00,15.00,0.10150,0.05194,-0.02352,0.99320,-0.06616,0.11147,0.00744,0.99153,0.03793,0.16302,-0.00118,0.98589,1.00,-0.06705,0.08486,0.00572,0.99412,0.03659,0.13691,-0.00560,0.98989,1.00
3619,0.00,15.00,0.10156,0.05184,-0.02348,0.99320,-0.06622,0.11157,0.00745,0.99152,0.03794,0.16301,-0.00112,0.98589,1.00,-0.06711,0.08496,0.00574,0.99411,0.03660,0.13691,-0.00554,0.98989,1.00
3634,0.00,15.00,0.10160,0.05179,-0.02352,0.99320,-0.06640,0.11136,0.00746,0.99153,0.03780,0.16276,-0.00116,0.98594,1.00,-0.06729,0.08475,0.00574,0.99411,0.03646,0.13666,-0.00559,0.98993,1.00
3647,0.00,15.00,0.10170,0.05172,-0.02365,0.99319,-0.06653,0.11143,0.00748,0.99151,0.03778,0.16277,-0.00125,0.98594,1.00,-0.06741,0.08481,0.00575,0.99410,0.03645,0.13666,-0.00569,0.98993,1.00
3661,0.00,15.00,0.10187,0.05167,-0.02368,0.99317,-0.06671,0.11148,0.00750,0.99150,0.03778,0.16277,-0.00123,0.98594,1.00,-0.06759,0.08486,0.00577,0.99408,0.03645,0.13666,-0.00567,0.98993,1.00
3675,0.00,15.00,0.10202,0.05163,-0.02352,0.99316,-0.06688,0.11209,0.00756,0.99142,0.03774,0.16332,-0.00091,0.98585,1.00,-0.06778,0.08549,0.00583,0.99401,0.03640,0.13723,-0.00536,0.98986,1.00
3689,0.00,15.00,0.10219,0.05164,-0.02333,0.99315,-0.06700,0.11209,0.00757,0.99141,0.03778,0.16331,-0.00069,0.98585,1.00,-0.06791,0.08548,0.00584,0.99401,0.03643,0.13722,-0.00515,0.98986,1.00
3703,0.00,15.00,0.10237,0.05164,-0.02315,0.99314,-0.06951,0.11138,0.00781,0.99131,0.03543,0.16262,-0.00020,0.98605,1.00,-0.07045,0.08475,0.00601,0.99389,0.03404,0.13651,-0.00472,0.99004,1.00
3717,0.00,15.00,0.10260,0.05166,-0.02314,0.99311,-0.06973,0.11136,0.00783,0.99130,0.03544,0.16261,-0.00013,0.98605,1.00,-0.07068,0.08473,0.00603,0.99388,0.03405,0.13651,-0.00467,0.99004,1.00
3731,0.00,15.00,0.10280,0.05162,-0.02308,0.99309,-0.07027,0.11138,0.00790,0.99126,0.03510,0.16259,0.00004,0.98607,1.00,-0.07121,0.08475,0.00607,0.99384,0.03372,0.13648,-0.00452,0.99006,1.00
3745,0.00,15.00,0.10292,0.05156,-0.02310,0.99308,-0.07038,0.11144,0.00791,0.99124,0.03511,0.16259,0.00005,0.98607,1.00,-0.07133,0.08481,0.00609,0.99382,0.03372,0.13648,-0.00451,0.99006,1.00
3759,0.00,15.00,0.10291,0.05151,-0.02297,0.99309,-0.07034,0.11149,0.00791,0.99124,0.03513,0.16258,0.00019,0.98607,1.00,-0.07129,0.08486,0.00609,0.99382,0.03374,0.13648,-0.00437,0.99006,1.00
3773,0.00,15.00,0.10282,0.05141,-0.02286,0.99311,-0.07058,0.11155,0.00794,0.99122,0.03478,0.16253,0.00033,0.98609,1.00,-0.07153,0.08491,0.00611,0.99380,0.03340,0.13642,-0.00424,0.99008,1.00
3786,0.00,15.00,0.10271,0.05129,-0.02287,0.99312,-0.07048,0.11166,0.00794,0.99121,0.03478,0.16253,0.00030,0.98609,1.00,-0.07143,0.08503,0.00611,0.99380,0.03339,0.13642,-0.00426,0.99008,1.00
3801,0.00,15.00,0.10264,0.05121,-0.02286,0.99314,-0.07037,0.11150,0.00792,0.99124,0.03481,0.16230,0.00025,0.98613,1.00,-0.07131,0.08487,0.00609,0.99382,0.03343,0.13619,-0.00431,0.99011,1.00
3814,0.00,15.00,0.10257,0.05121,-0.02292,0.99314,-0.07032,0.11150,0.00791,0.99124,0.03480,0.16230,0.00017,0.98613,1.00,-0.07126,0.08487,0.00609,0.99382,0.03342,0.13619,-0.00438,0.99011,1.00
3828,0.00,15.00,0.10246,0.05117,-0.02290,0.99316,-0.07020,0.11154,0.00790,0.99125,0.03480,0.16230,0.00017,0.98613,1.00,-0.07114,0.08491,0.00608,0.99383,0.03342,0.13619,-0.00438,0.99011,1.00
3842,0.00,15.00,0.10239,0.05124,-0.02312,0.99315,-0.07024,0.11222,0.00795,0.99117,0.03473,0.16305,0.00007,0.98601,1.00,-0.07117,0.08560,0.00613,0.99377,0.03336,0.13695,-0.00448,0.99001,1.00
3856,0.00,15.00,0.10226,0.05138,-0.02343,0.99315,-0.07020,0.11207,0.00794,0.99119,0.03468,0.16306,-0.00027,0.98601,1.00,-0.07111,0.08545,0.00611,0.99378,0.03332,0.13696,-0.00482,0.99000,1.00
3870,0.00,15.00,0.10217,0.05144,-0.02345,0.99316,-0.07000,0.11196,0.00791,0.99121,0.03478,0.16301,-0.00035,0.98601,1.00,-0.07091,0.08534,0.00609,0.99381,0.03342,0.13692,-0.00489,0.99001,1.00
3884,0.00,15.00,0.10206,0.05159,-0.02364,0.99316,-0.06995,0.11180,0.00789,0.99123,0.03475,0.16302,-0.00057,0.98601,1.00,-0.07085,0.08518,0.00607,0.99382,0.03339,0.13692,-0.00511,0.99001,1.00
3898,0.00,15.00,0.10202,0.05176,-0.02369,0.99315,-0.06974,0.11169,0.00786,0.99126,0.03491,0.16308,-0.00067,0.98600,1.00,-0.07065,0.08507,0.00605,0.99385,0.03355,0.13698,-0.00520,0.98999,1.00
3912,0.00,15.00,0.10198,0.05196,-0.02385,0.99314,-0.06975,0.11148,0.00784,0.99129,0.03488,0.16309,-0.00086,0.98600,1.00,-0.07065,0.08486,0.00603,0.99387,0.03352,0.13699,-0.00539,0.98999,1.00
3926,0.00,15.00,0.10197,0.05210,-0.02396,0.99313,-0.06978,0.11134,0.00784,0.99130,0.03486,0.16309,-0.00098,0.98599,1.00,-0.07067,0.08472,0.00602,0.99388,0.03351,0.13699,-0.00551,0.98999,1.00
3940,0.00,15.00,0.10207,0.05221,-0.02411,0.99311,-0.07008,0.11161,0.00789,0.99125,0.03468,0.16348,-0.00101,0.98594,1.00,-0.07099,0.08499,0.00607,0.99383,0.03330,0.13738,-0.00555,0.98994,1.00
3953,0.00,15.00,0.10211,0.05235,-0.02411,0.99310,-0.07012,0.11147,0.00789,0.99126,0.03467,0.16348,-0.00102,0.98594,1.00,-0.07103,0.08485,0.00606,0.99384,0.03330,0.13738,-0.00556,0.98994,1.00
3968,0.00,15.00,0.10213,0.05238,-0.02416,0.99310,-0.06742,0.11004,0.00748,0.99161,0.03736,0.16208,-0.00176,0.98607,1.00,-0.06829,0.08341,0.00573,0.99416,0.03602,0.13597,-0.00623,0.99004,1.00
3981,0.00,15.00,0.10216,0.05240,-0.02413,0.99309,-0.06745,0.11002,0.00748,0.99161,0.03737,0.16208,-0.00172,0.98607,1.00,-0.06832,0.08339,0.00573,0.99416,0.03603,0.13597,-0.00620,0.99004,1.00
3995,0.00,15.00,0.10224,0.05240,-0.02412,0.99309,-0.06752,0.11002,0.00749,0.99161,0.03737,0.16208,-0.00169,0.98607,1.00,-0.06839,0.08339,0.00574,0.99415,0.03603,0.13597,-0.00618,0.99004,1.00
4009,0.00,15.00,0.10233,0.05241,-0.02420,0.99307,-0.06742,0.11020,0.00749,0.99159,0.03757,0.16227,-0.00175,0.98603,1.00,-0.06830,0.08358,0.00574,0.99414,0.03623,0.13616,-0.00623,0.99000,1.00
4023,0.00,0.00,0.10234,0.05244,-0.02422,0.99307,-0.06744,0.11017,0.00749,0.99159,0.03757,0.16227,-0.00176,0.98603,1.00,-0.06831,0.08354,0.00574,0.99414,0.03622,0.13616,-0.00625,0.99000,1.00
4037,0.00,0.00,0.10226,0.05254,-0.02418,0.99307,-0.06723,0.11019,0.00747,0.99161,0.03770,0.16238,-0.00176,0.98601,1.00,-0.06811,0.08356,0.00572,0.99416,0.03635,0.13627,-0.00623,0.98998,1.00
4051,0.00,0.00,0.10216,0.05267,-0.02409,0.99308,-0.06711,0.11005,0.00745,0.99163,0.03770,0.16238,-0.00171,0.98601,1.00,-0.06799,0.08343,0.00571,0.99418,0.03635,0.13627,-0.00618,0.98999,1.00
4065,0.00,0.00,0.10201,0.05284,-0.02401,0.99309,-0.06745,0.10918,0.00743,0.99170,0.03719,0.16169,-0.00173,0.98614,1.00,-0.06833,0.08254,0.00567,0.99423,0.03584,0.13556,-0.00620,0.99010,1.00
4079,0.00,0.00,0.10179,0.05301,-0.02403,0.99310,-0.06725,0.10901,0.00739,0.99174,0.03717,0.16169,-0.00182,0.98614,1.00,-0.06813,0.08237,0.00564,0.99425,0.03583,0.13557,-0.00629,0.99010,1.00
4093,0.00,0.00,0.10159,0.05313,-0.02393,0.99312,-0.06704,0.10889,0.00736,0.99176,0.03718,0.16169,-0.00180,0.98614,1.00,-0.06792,0.08225,0.00562,0.99428,0.03583,0.13557,-0.00625,0.99010,1.00
4107,0.00,0.00,0.10144,0.05332,-0.02396,0.99312,-0.06888,0.10798,0.00750,0.99174,0.03518,0.16100,-0.00169,0.98633,1.00,-0.06977,0.08132,0.00571,0.99423,0.03382,0.13486,-0.00619,0.99027,1.00
4121,0.00,0.00,0.10126,0.05344,-0.02390,0.99314,-0.06869,0.10786,0.00747,0.99176,0.03518,0.16100,-0.00169,0.98633,1.00,-0.06958,0.08119,0.00568,0.99425,0.03382,0.13486,-0.00618,0.99027,1.00
4135,0.00,0.00,0.10114,0.05353,-0.02391,0.99314,-0.06892,0.10764,0.00748,0.99177,0.03484,0.16089,-0.00170,0.98636,1.00,-0.06980,0.08098,0.00569,0.99425,0.03348,0.13474,-0.00619,0.99030,1.00
4149,0.00,0.00,0.10113,0.05358,-0.02391,0.99314,-0.06890,0.10760,0.00748,0.99178,0.03484,0.16089,-0.00172,0.98636,1.00,-0.06979,0.08093,0.00568,0.99426,0.03348,0.13474,-0.00621,0.99030,1.00
4162,0.00,0.00,0.10106,0.05359,-0.02380,0.99315,-0.06881,0.10759,0.00746,0.99178,0.03485,0.16089,-0.00163,0.98636,1.00,-0.06970,0.08092,0.00567,0.99426,0.03349,0.13474,-0.00611,0.99030,1.00
4176,0.00,0.00,0.10099,0.05353,-0.02363,0.99317,-0.06723,0.10824,0.00734,0.99182,0.03634,0.16144,-0.00162,0.98621,1.00,-0.06811,0.08159,0.00559,0.99432,0.03500,0.13530,-0.00606,0.99017,1.00
4190,0.00,0.00,0.10105,0.05345,-0.02353,0.99317,-0.06726,0.10832,0.00735,0.99181,0.03636,0.16143,-0.00150,0.98621,1.00,-0.06814,0.08167,0.00560,0.99431,0.03501,0.13529,-0.00595,0.99017,1.00
4204,0.00,0.00,0.10111,0.05339,-0.02359,0.99316,-0.06756,0.10816,0.00737,0.99181,0.03612,0.16122,-0.00153,0.98626,1.00,-0.06844,0.08150,0.00561,0.99430,0.03478,0.13508,-0.00598,0.99021,1.00
4218,0.00,0.00,0.10116,0.05328,-0.02355,0.99316,-0.06760,0.10827,0.00738,0.99179,0.03613,0.16122,-0.00147,0.98626,1.00,-0.06848,0.08161,0.00562,0.99429,0.03479,0.13508,-0.00593,0.99021,1.00
4232,0.00,0.00,0.10117,0.05314,-0.02354,0.99317,-0.06948,0.10755,0.00753,0.99174,0.03426,0.16039,-0.00129,0.98646,1.00,-0.07037,0.08087,0.00572,0.99422,0.03290,0.13423,-0.00579,0.99039,1.00
4246,0.00,0.00,0.10133,0.05305,-0.02366,0.99316,-0.06967,0.10764,0.00756,0.99172,0.03425,0.16039,-0.00135,0.98646,1.00,-0.07056,0.08096,0.00575,0.99420,0.03289,0.13423,-0.00587,0.99039,1.00
4261,0.00,0.00,0.10167,0.05289,-0.02388,0.99312,-0.07005,0.10779,0.00761,0.99167,0.03423,0.16040,-0.00146,0.98646,1.00,-0.07094,0.08111,0.00579,0.99416,0.03287,0.13424,-0.00600,0.99039,1.00
4274,0.00,0.00,0.10191,0.05284,-0.02381,0.99310,-0.07378,0.04016,0.00297,0.99646,0.02939,0.09399,-0.01278,0.99506,1.00,-0.07404,0.01290,0.00096,0.99717,0.02845,0.06717,-0.01756,0.99718,1.00
4288,0.00,0.00,0.10210,0.05289,-0.02374,0.99308,-0.07396,0.04011,0.00298,0.99645,0.02940,0.09398,-0.01269,0.99506,1.00,-0.07423,0.01285,0.00096,0.99716,0.02845,0.06717,-0.01748,0.99718,1.00
4302,0.00,0.00,0.10228,0.05305,-0.02382,0.99305,-0.07395,-0.01394,-0.00103,0.99716,0.02817,0.04093,-0.02228,0.99852,1.00,-0.07367,-0.04119,-0.00305,0.99643,0.02761,0.01403,-0.02706,0.99915,1.00
4315,0.00,0.00,0.10253,0.05322,-0.02383,0.99302,-0.07420,-0.01412,-0.00105,0.99714,0.02817,0.04093,-0.02231,0.99852,1.00,-0.07392,-0.04137,-0.00307,0.99640,0.02761,0.01403,-0.02710,0.99915,1.00
4330,0.00,0.00,0.10275,0.05337,-0.02392,0.99299,-0.07441,-0.01428,-0.00107,0.99712,0.02816,0.04093,-0.02240,0.99851,1.00,-0.07413,-0.04153,-0.00309,0.99638,0.02761,0.01403,-0.02721,0.99915,1.00
4343,0.00,0.00,0.10296,0.05351,-0.02389,0.99296,-0.07020,-0.01493,-0.00105,0.99742,0.03257,0.04033,-0.02265,0.99840,1.00,-0.06993,-0.04215,-0.00296,0.99666,0.03201,0.01345,-0.02735,0.99902,1.00
4357,0.00,0.00,0.10302,0.05359,-0.02391,0.99295,-0.07026,-0.01501,-0.00106,0.99742,0.03257,0.04033,-0.02268,0.99840,1.00,-0.06998,-0.04224,-0.00297,0.99665,0.03201,0.01345,-0.02738,0.99902,1.00
4371,0.00,0.00,0.10304,0.05355,-0.02396,0.99295,-0.06925,-0.01417,-0.00098,0.99750,0.03363,0.04111,-0.02263,0.99833,1.00,-0.06899,-0.04139,-0.00286,0.99675,0.03306,0.01423,-0.02730,0.99898,1.00
4385,0.00,0.00,0.10316,0.05354,-0.02398,0.99293,-0.06937,-0.01415,-0.00098,0.99749,0.03363,0.04111,-0.02264,0.99833,1.00,-0.06911,-0.04137,-0.00287,0.99675,0.03306,0.01423,-0.02732,0.99898,1.00
4399,0.00,0.00,0.10322,0.05343,-0.02401,0.99293,-0.06909,-0.01418,-0.00098,0.99751,0.03397,0.04097,-0.02270,0.99832,1.00,-0.06882,-0.04140,-0.00286,0.99677,0.03340,0.01410,-0.02736,0.99897,1.00
4413,0.00,0.00,0.10329,0.05323,-0.02407,0.99293,-0.06917,-0.01399,-0.00097,0.99751,0.03397,0.04098,-0.02274,0.99832,1.00,-0.06890,-0.04121,-0.00285,0.99677,0.03340,0.01410,-0.02741,0.99897,1.00
4428,0.00,0.00,0.10323,0.05307,-0.02403,0.99295,-0.06911,-0.01382,-0.00096,0.99751,0.03397,0.04097,-0.02268,0.99833,1.00,-0.06885,-0.04104,-0.00283,0.99678,0.03340,0.01410,-0.02735,0.99897,1.00
4441,0.00,0.00,0.10318,0.05290,-0.02416,0.99296,-0.06958,-0.01373,-0.00096,0.99748,0.03345,0.04092,-0.02279,0.99834,1.00,-0.06932,-0.04095,-0.00285,0.99675,0.03288,0.01404,-0.02747,0.99898,1.00
4455,0.00,0.00,0.10307,0.05272,-0.02445,0.99297,-0.06948,-0.01356,-0.00094,0.99749,0.03344,0.04093,-0.02306,0.99834,1.00,-0.06920,-0.04078,-0.00283,0.99677,0.03288,0.01405,-0.02774,0.99898,1.00
4469,0.00,0.00,0.10287,0.05256,-0.02448,0.99300,-0.06933,-0.02441,-0.00170,0.99729,0.03306,0.03005,-0.02496,0.99869,1.00,-0.06895,-0.05158,-0.00357,0.99628,0.03257,0.00320,-0.02961,0.99903,1.00
4483,0.00,0.00,0.10283,0.05243,-0.02458,0.99301,-0.06929,-0.02428,-0.00169,0.99730,0.03306,0.03005,-0.02506,0.99869,1.00,-0.06891,-0.05146,-0.00356,0.99629,0.03257,0.00320,-0.02971,0.99902,1.00
4497,0.00,0.00,0.10278,0.05236,-0.02465,0.99302,-0.06924,-0.02421,-0.00168,0.99730,0.03306,0.03005,-0.02512,0.99869,1.00,-0.06885,-0.05139,-0.00355,0.99630,0.03257,0.00320,-0.02976,0.99902,1.00
4511,0.00,0.00,0.10274,0.05230,-0.02470,0.99303,-0.06963,-0.02589,-0.00181,0.99724,0.03258,0.02835,-0.02545,0.99874,1.00,-0.06924,-0.05306,-0.00369,0.99618,0.03209,0.00150,-0.03010,0.99903,1.00
4525,0.00,0.00,0.10277,0.05226,-0.02482,0.99302,-0.06966,-0.02586,-0.00181,0.99723,0.03258,0.02835,-0.02556,0.99874,1.00,-0.06927,-0.05303,-0.00369,0.99618,0.03209,0.00150,-0.03021,0.99903,1.00
4538,0.00,0.00,0.10286,0.05225,-0.02491,0.99301,-0.07210,-0.02613,-0.00189,0.99705,0.03021,0.02814,-0.02563,0.99882,1.00,-0.07170,-0.05331,-0.00384,0.99599,0.02972,0.00128,-0.03036,0.99910,1.00
4552,0.00,0.00,0.10292,0.05220,-0.02493,0.99301,-0.07217,-0.02608,-0.00189,0.99705,0.03021,0.02814,-0.02565,0.99882,1.00,-0.07176,-0.05326,-0.00384,0.99599,0.02972,0.00128,-0.03038,0.99910,1.00
4566,0.00,0.00,0.10296,0.05218,-0.02494,0.99300,-0.07029,-0.02506,-0.00177,0.99721,0.03216,0.02909,-0.02554,0.99873,1.00,-0.06991,-0.05223,-0.00367,0.99618,0.03165,0.00223,-0.03022,0.99904,1.00
4580,0.00,0.00,0.10296,0.05211,-0.02491,0.99301,-0.07029,-0.02498,-0.00176,0.99721,0.03216,0.02909,-0.02550,0.99873,1.00,-0.06991,-0.05216,-0.00366,0.99618,0.03165,0.00223,-0.03018,0.99904,1.00
4595,0.00,0.00,0.10304,0.05204,-0.02488,0.99300,-0.07037,-0.02491,-0.00176,0.99721,0.03216,0.02908,-0.02546,0.99873,1.00,-0.07000,-0.05209,-0.00366,0.99618,0.03165,0.00223,-0.03014,0.99904,1.00
4608,0.00,0.00,0.10309,0.05193,-0.02491,0.99300,-0.07035,-0.02460,-0.00174,0.99722,0.03224,0.02929,-0.02544,0.99873,1.00,-0.06998,-0.05177,-0.00364,0.99620,0.03173,0.00244,-0.03013,0.99904,1.00
4622,0.00,0.00,0.10310,0.05179,-0.02495,0.99301,-0.07036,-0.02446,-0.00173,0.99722,0.03224,0.02929,-0.02547,0.99873,1.00,-0.06999,-0.05164,-0.00363,0.99620,0.03173,0.00244,-0.03016,0.99904,1.00
4636,0.00,0.00,0.10306,0.05165,-0.02499,0.99302,-0.07023,-0.02445,-0.00172,0.99723,0.03233,0.02916,-0.02553,0.99873,1.00,-0.06987,-0.05162,-0.00362,0.99621,0.03181,0.00231,-0.03021,0.99903,1.00
4650,0.00,0.00,0.10302,0.05155,-0.02500,0.99303,-0.07019,-0.02434,-0.00171,0.99723,0.03233,0.02916,-0.02552,0.99873,1.00,-0.06983,-0.05152,-0.00361,0.99622,0.03181,0.00231,-0.03020,0.99903,1.00
4663,0.00,0.00,0.10296,0.05144,-0.02504,0.99304,-0.07014,-0.02423,-0.00170,0.99724,0.03233,0.02916,-0.02555,0.99872,1.00,-0.06977,-0.05141,-0.00360,0.99623,0.03181,0.00231,-0.03022,0.99903,1.00
4677,0.00,0.00,0.10297,0.05138,-0.02504,0.99304,-0.06866,-0.02338,-0.00161,0.99737,0.03385,0.02990,-0.02545,0.99866,1.00,-0.06831,-0.05056,-0.00347,0.99638,0.03332,0.00305,-0.03008,0.99899,1.00
4691,0.00,0.00,0.10303,0.05133,-0.02507,0.99304,-0.06872,-0.02334,-0.00161,0.99736,0.03385,0.02991,-0.02548,0.99865,1.00,-0.06837,-0.05052,-0.00347,0.99637,0.03332,0.00305,-0.03012,0.99899,1.00
4705,0.00,0.00,0.10309,0.05133,-0.02511,0.99303,-0.06958,-0.02407,-0.00168,0.99728,0.03302,0.02921,-0.02562,0.99870,1.00,-0.06922,-0.05124,-0.00356,0.99628,0.03250,0.00236,-0.03028,0.99901,1.00
4719,0.00,0.00,0.10307,0.05138,-0.02517,0.99303,-0.06956,-0.02411,-0.00168,0.99728,0.03302,0.02921,-0.02568,0.99870,1.00,-0.06920,-0.05129,-0.00356,0.99628,0.03250,0.00236,-0.03034,0.99901,1.00
4733,0.00,0.00,0.10301,0.05142,-0.02509,0.99303,-0.06946,-0.02379,-0.00166,0.99730,0.03307,0.02958,-0.02554,0.99869,1.00,-0.06911,-0.05096,-0.00354,0.99630,0.03254,0.00272,-0.03020,0.99901,1.00
4747,0.00,0.00,0.10301,0.05151,-0.02512,0.99303,-0.06946,-0.02387,-0.00166,0.99730,0.03307,0.02958,-0.02558,0.99869,1.00,-0.06910,-0.05105,-0.00354,0.99630,0.03254,0.00272,-0.03024,0.99901,1.00
4761,0.00,0.00,0.10303,0.05159,-0.02507,0.99302,-0.06947,-0.02395,-0.00167,0.99729,0.03307,0.02958,-0.02554,0.99869,1.00,-0.06912,-0.05113,-0.00355,0.99629,0.03254,0.00272,-0.03020,0.99901,1.00
4775,0.00,0.00,0.10307,0.05163,-0.02489,0.99302,-0.07134,-0.02289,-0.00164,0.99719,0.03128,0.03070,-0.02513,0.99872,1.00,-0.07100,-0.05009,-0.00357,0.99621,0.03074,0.00383,-0.02984,0.99907,1.00
4789,0.00,0.00,0.10315,0.05167,-0.02480,0.99301,-0.07142,-0.02293,-0.00164,0.99718,0.03129,0.03070,-0.02504,0.99873,1.00,-0.07108,-0.05012,-0.00358,0.99620,0.03074,0.00383,-0.02976,0.99908,1.00
4803,0.00,0.00,0.10320,0.05170,-0.02473,0.99301,-0.07145,-0.02253,-0.00161,0.99719,0.03132,0.03112,-0.02489,0.99871,1.00,-0.07112,-0.04972,-0.00355,0.99622,0.03077,0.00426,-0.02961,0.99908,1.00
4816,0.00,0.00,0.10315,0.05170,-0.02464,0.99302,-0.07141,-0.02252,-0.00161,0.99719,0.03132,0.03112,-0.02481,0.99872,1.00,-0.07108,-0.04972,-0.00355,0.99622,0.03077,0.00425,-0.02953,0.99908,1.00
4830,0.00,0.00,0.10310,0.05172,-0.02463,0.99302,-0.07129,-0.02246,-0.00161,0.99720,0.03139,0.03119,-0.02479,0.99871,1.00,-0.07095,-0.04966,-0.00354,0.99624,0.03086,0.00432,-0.02950,0.99908,1.00
4844,0.00,0.00,0.10316,0.05172,-0.02483,0.99301,-0.07135,-0.02248,-0.00161,0.99720,0.03138,0.03119,-0.02498,0.99871,1.00,-0.07100,-0.04967,-0.00354,0.99623,0.03085,0.00433,-0.02970,0.99907,1.00
4858,0.00,0.00,0.10326,0.05177,-0.02489,0.99299,-0.07144,-0.02253,-0.00161,0.99719,0.03138,0.03120,-0.02505,0.99871,1.00,-0.07109,-0.04973,-0.00355,0.99622,0.03085,0.00433,-0.02978,0.99907,1.00
4872,0.00,0.00,0.10333,0.05181,-0.02473,0.99299,-0.06973,-0.02273,-0.00159,0.99731,0.03316,0.03098,-0.02498,0.99866,1.00,-0.06939,-0.04992,-0.00348,0.99633,0.03263,0.00412,-0.02965,0.99902,1.00
4886,0.00,0.00,0.10344,0.05190,-0.02451,0.99298,-0.06983,-0.02282,-0.00160,0.99730,0.03317,0.03098,-0.02477,0.99866,1.00,-0.06951,-0.05001,-0.00349,0.99632,0.03263,0.00412,-0.02945,0.99903,1.00
4900,0.00,0.00,0.10370,0.05199,-0.02433,0.99295,-0.07078,-0.02391,-0.00170,0.99720,0.03246,0.03001,-0.02475,0.99872,1.00,-0.07045,-0.05109,-0.00361,0.99620,0.03192,0.00315,-0.02946,0.99905,1.00
4914,0.00,0.00,0.10384,0.05215,-0.02421,0.99293,-0.07092,-0.02407,-0.00171,0.99719,0.03246,0.03001,-0.02464,0.99872,1.00,-0.07059,-0.05125,-0.00363,0.99618,0.03192,0.00315,-0.02936,0.99905,1.00
4928,0.00,0.00,0.10393,0.05223,-0.02410,0.99292,-0.07100,-0.02414,-0.00172,0.99718,0.03246,0.03000,-0.02454,0.99872,1.00,-0.07068,-0.05132,-0.00364,0.99617,0.03192,0.00315,-0.02927,0.99906,1.00
4942,0.00,0.00,0.10389,0.05228,-0.02394,0.99293,-0.07068,-0.02565,-0.00182,0.99717,0.03271,0.02855,-0.02465,0.99875,1.00,-0.07033,-0.05283,-0.00373,0.99612,0.03219,0.00170,-0.02937,0.99905,1.00
4956,0.00,0.00,0.10382,0.05228,-0.02381,0.99294,-0.07061,-0.02564,-0.00182,0.99717,0.03271,0.02854,-0.02451,0.99876,1.00,-0.07027,-0.05282,-0.00373,0.99612,0.03219,0.00169,-0.02922,0.99905,1.00
4970,0.00,0.00,0.10380,0.05228,-0.02366,0.99294,-0.07037,-0.02392,-0.00169,0.99723,0.03298,0.03023,-0.02407,0.99871,1.00,-0.07005,-0.05110,-0.00359,0.99623,0.03246,0.00337,-0.02878,0.99905,1.00
4984,0.00,0.00,0.10384,0.05229,-0.02353,0.99294,-0.07041,-0.02392,-0.00169,0.99723,0.03299,0.03022,-0.02395,0.99871,1.00,-0.07009,-0.05111,-0.00360,0.99622,0.03246,0.00337,-0.02866,0.99906,1.00
4998,0.00,0.00,0.10391,0.05229,-0.02345,0.99293,-0.07129,-0.02383,-0.00170,0.99717,0.03218,0.03033,-0.02382,0.99874,1.00,-0.07095,-0.05102,-0.00363,0.99617,0.03168,0.00348,-0.02855,0.99908,1.00
5011,0.00,0.00,0.10399,0.05231,-0.02337,0.99293,-0.07136,-0.02384,-0.00171,0.99716,0.03219,0.03033,-0.02374,0.99874,1.00,-0.07103,-0.05103,-0.00364,0.99616,0.03168,0.00347,-0.02848,0.99909,1.00
5025,0.00,0.00,0.10401,0.05240,-0.02323,0.99292,-0.07138,-0.02393,-0.00171,0.99716,0.03219,0.03033,-0.02362,0.99874,1.00,-0.07105,-0.05112,-0.00365,0.99616,0.03168,0.00347,-0.02836,0.99909,1.00
5039,0.00,0.00,0.10406,0.05250,-0.02333,0.99291,-0.07169,-0.02398,-0.00172,0.99714,0.03194,0.03039,-0.02370,0.99875,1.00,-0.07134,-0.05117,-0.00366,0.99613,0.03144,0.00354,-0.02845,0.99909,1.00
5053,0.00,0.00,0.10416,0.05261,-0.02348,0.99289,-0.07178,-0.02410,-0.00173,0.99713,0.03193,0.03040,-0.02387,0.99874,1.00,-0.07143,-0.05129,-0.00368,0.99612,0.03144,0.00354,-0.02862,0.99909,1.00
5067,0.00,0.00,0.10418,0.05276,-0.02352,0.99288,-0.07205,-0.02589,-0.00187,0.99706,0.03162,0.02879,-0.02420,0.99879,1.00,-0.07167,-0.05307,-0.00382,0.99601,0.03115,0.00193,-0.02896,0.99909,1.00
5081,0.00,0.00,0.10418,0.05287,-0.02353,0.99287,-0.07205,-0.02601,-0.00188,0.99706,0.03162,0.02879,-0.02423,0.99879,1.00,-0.07167,-0.05319,-0.00383,0.99600,0.03115,0.00194,-0.02899,0.99909,1.00
5095,0.00,0.00,0.10422,0.05303,-0.02359,0.99286,-0.07210,-0.02616,-0.00189,0.99705,0.03162,0.02879,-0.02430,0.99879,1.00,-0.07171,-0.05335,-0.00384,0.99599,0.03115,0.00194,-0.02906,0.99909,1.00
5109,0.00,0.00,0.10420,0.05316,-0.02363,0.99285,-0.07197,-0.02606,-0.00188,0.99706,0.03172,0.02903,-0.02432,0.99878,1.00,-0.07158,-0.05325,-0.00383,0.99601,0.03125,0.00218,-0.02908,0.99909,1.00
5123,0.00,0.00,0.10422,0.05324,-0.02368,0.99285,-0.07199,-0.02614,-0.00189,0.99706,0.03172,0.02903,-0.02438,0.99878,1.00,-0.07160,-0.05333,-0.00383,0.99600,0.03125,0.00218,-0.02914,0.99908,1.00
5137,0.00,0.00,0.10425,0.05331,-0.02367,0.99284,-0.07157,-0.02235,-0.00160,0.99718,0.03228,0.03282,-0.02371,0.99866,1.00,-0.07122,-0.04955,-0.00354,0.99622,0.03179,0.00596,-0.02846,0.99907,1.00
5151,0.00,0.00,0.10426,0.05334,-0.02364,0.99284,-0.07158,-0.02239,-0.00161,0.99718,0.03228,0.03282,-0.02368,0.99866,1.00,-0.07123,-0.04959,-0.00355,0.99622,0.03179,0.00596,-0.02844,0.99907,1.00
5165,0.00,0.00,0.10427,0.05337,-0.02356,0.99284,-0.07120,-0.02219,-0.00158,0.99721,0.03268,0.03304,-0.02358,0.99864,1.00,-0.07086,-0.04938,-0.00351,0.99626,0.03218,0.00618,-0.02832,0.99906,1.00
5178,0.00,0.00,0.10435,0.05330,-0.02347,0.99283,-0.07128,-0.02212,-0.00158,0.99721,0.03269,0.03303,-0.02348,0.99864,1.00,-0.07094,-0.04931,-0.00351,0.99625,0.03218,0.00617,-0.02823,0.99906,1.00
5193,0.00,0.00,0.10440,0.05323,-0.02335,0.99284,-0.07133,-0.02204,-0.00158,0.99721,0.03269,0.03303,-0.02336,0.99865,1.00,-0.07100,-0.04924,-0.00351,0.99625,0.03218,0.00617,-0.02811,0.99907,1.00
5207,0.00,0.00,0.10446,0.05310,-0.02321,0.99284,-0.07132,-0.02246,-0.00161,0.99720,0.03275,0.03248,-0.02330,0.99866,1.00,-0.07099,-0.04965,-0.00354,0.99623,0.03224,0.00562,-0.02805,0.99907,1.00
5220,0.00,0.00,0.10454,0.05294,-0.02313,0.99284,-0.07141,-0.02229,-0.00160,0.99720,0.03275,0.03248,-0.02320,0.99867,1.00,-0.07108,-0.04949,-0.00353,0.99624,0.03224,0.00562,-0.02796,0.99907,1.00
5234,0.00,0.00,0.10454,0.05279,-0.02303,0.99285,-0.07130,-0.02240,-0.00160,0.99720,0.03286,0.03221,-0.02314,0.99867,1.00,-0.07097,-0.04959,-0.00353,0.99624,0.03236,0.00536,-0.02789,0.99907,1.00
5248,0.00,0.00,0.10455,0.05263,-0.02291,0.99286,-0.07130,-0.02223,-0.00159,0.99721,0.03287,0.03221,-0.02299,0.99868,1.00,-0.07098,-0.04942,-0.00352,0.99625,0.03236,0.00535,-0.02775,0.99908,1.00
5262,0.00,0.00,0.10459,0.05253,-0.02270,0.99287,-0.07135,-0.02212,-0.00158,0.99721,0.03287,0.03220,-0.02277,0.99868,1.00,-0.07104,-0.04932,-0.00352,0.99625,0.03236,0.00535,-0.02753,0.99908,1.00
5276,0.00,0.00,0.10466,0.05240,-0.02268,0.99287,-0.07207,-0.02440,-0.00176,0.99710,0.03215,0.02983,-0.02314,0.99877,1.00,-0.07172,-0.05159,-0.00372,0.99608,0.03167,0.00298,-0.02792,0.99910,1.00
5290,0.00,0.00,0.10464,0.05226,-0.02252,0.99288,-0.07206,-0.02426,-0.00175,0.99710,0.03216,0.02983,-0.02297,0.99877,1.00,-0.07172,-0.05145,-0.00370,0.99609,0.03167,0.00298,-0.02775,0.99911,1.00
5303,0.00,0.00,0.10465,0.05213,-0.02243,0.99289,-0.07087,-0.02327,-0.00165,0.99721,0.03338,0.03064,-0.02275,0.99871,1.00,-0.07054,-0.05045,-0.00357,0.99623,0.03290,0.00379,-0.02749,0.99907,1.00
5317,0.00,0.00,0.10457,0.05206,-0.02228,0.99290,-0.07079,-0.02319,-0.00165,0.99722,0.03339,0.03064,-0.02259,0.99872,1.00,-0.07047,-0.05038,-0.00356,0.99623,0.03290,0.00378,-0.02733,0.99908,1.00
5331,0.00,0.00,0.10443,0.05199,-0.02225,0.99292,-0.07188,-0.02345,-0.00169,0.99714,0.03215,0.03034,-0.02258,0.99877,1.00,-0.07154,-0.05064,-0.00364,0.99615,0.03168,0.00348,-0.02735,0.99912,1.00
5345,0.00,0.00,0.10439,0.05194,-0.02213,0.99293,-0.07184,-0.02338,-0.00168,0.99714,0.03215,0.03034,-0.02245,0.99877,1.00,-0.07150,-0.05058,-0.00363,0.99615,0.03168,0.00348,-0.02722,0.99912,1.00
5360,0.00,0.00,0.10433,0.05185,-0.02205,0.99295,-0.07179,-0.02329,-0.00168,0.99715,0.03216,0.03033,-0.02236,0.99877,1.00,-0.07146,-0.05048,-0.00362,0.99616,0.03168,0.00348,-0.02712,0.99912,1.00
5373,0.00,0.00,0.10433,0.05177,-0.02193,0.99295,-0.07225,-0.02143,-0.00155,0.99716,0.03174,0.03209,-0.02190,0.99874,1.00,-0.07193,-0.04864,-0.00351,0.99622,0.03127,0.00523,-0.02668,0.99914,1.00
5387,0.00,0.00,0.10443,0.05165,-0.02184,0.99295,-0.07235,-0.02131,-0.00155,0.99715,0.03175,0.03209,-0.02180,0.99874,1.00,-0.07203,-0.04852,-0.00351,0.99622,0.03127,0.00522,-0.02659,0.99914,1.00
5401,0.00,0.00,0.10451,0.05153,-0.02188,0.99295,-0.07252,-0.02140,-0.00156,0.99714,0.03165,0.03188,-0.02186,0.99875,1.00,-0.07219,-0.04861,-0.00352,0.99620,0.03119,0.00502,-0.02665,0.99915,1.00
5415,0.00,0.00,0.10447,0.05134,-0.02185,0.99296,-0.07248,-0.02121,-0.00154,0.99714,0.03165,0.03188,-0.02181,0.99875,1.00,-0.07216,-0.04842,-0.00351,0.99621,0.03119,0.00502,-0.02660,0.99915,1.00
5429,0.00,0.00,0.10447,0.05117,-0.02219,0.99296,-0.07250,-0.02105,-0.00153,0.99715,0.03164,0.03189,-0.02214,0.99875,1.00,-0.07215,-0.04826,-0.00349,0.99622,0.03119,0.00503,-0.02693,0.99914,1.00
5443,0.00,0.00,0.10467,0.05104,-0.02239,0.99294,-0.07265,-0.02194,-0.00160,0.99711,0.03165,0.03090,-0.02250,0.99877,1.00,-0.07228,-0.04915,-0.00357,0.99617,0.03121,0.00404,-0.02730,0.99913,1.00
5457,0.00,0.00,0.10486,0.05092,-0.02240,0.99293,-0.07284,-0.02182,-0.00159,0.99710,0.03165,0.03090,-0.02250,0.99877,1.00,-0.07247,-0.04903,-0.00357,0.99616,0.03121,0.00404,-0.02731,0.99913,1.00
5471,0.00,0.00,0.10500,0.05079,-0.02231,0.99292,-0.07080,-0.02291,-0.00163,0.99723,0.03382,0.02965,-0.02267,0.99873,1.00,-0.07044,-0.05010,-0.00354,0.99625,0.03337,0.00280,-0.02742,0.99906,1.00
5485,0.00,0.00,0.10505,0.05080,-0.02212,0.99292,-0.07085,-0.02292,-0.00163,0.99722,0.03383,0.02965,-0.02248,0.99874,1.00,-0.07050,-0.05010,-0.00355,0.99625,0.03337,0.00279,-0.02724,0.99907,1.00
5499,0.00,0.00,0.10517,0.05079,-0.02211,0.99291,-0.07293,-0.02338,-0.00171,0.99706,0.03185,0.02921,-0.02250,0.99881,1.00,-0.07257,-0.05058,-0.00369,0.99607,0.03140,0.00236,-0.02732,0.99913,1.00
5512,0.00,0.00,0.10528,0.05088,-0.02200,0.99290,-0.07303,-0.02348,-0.00172,0.99705,0.03185,0.02921,-0.02239,0.99881,1.00,-0.07268,-0.05068,-0.00370,0.99606,0.03140,0.00235,-0.02722,0.99913,1.00
5527,0.00,0.00,0.10520,0.05095,-0.02187,0.99290,-0.07294,-0.02354,-0.00172,0.99706,0.03186,0.02921,-0.02228,0.99882,1.00,-0.07260,-0.05074,-0.00370,0.99606,0.03140,0.00235,-0.02709,0.99914,1.00
5541,0.00,0.00,0.10522,0.05095,-0.02168,0.99291,-0.07116,-0.02346,-0.00167,0.99719,0.03368,0.02923,-0.02212,0.99876,1.00,-0.07082,-0.05065,-0.00360,0.99620,0.03321,0.00238,-0.02689,0.99908,1.00
5554,0.00,0.00,0.10528,0.05096,-0.02153,0.99290,-0.07122,-0.02347,-0.00168,0.99718,0.03368,0.02923,-0.02197,0.99876,1.00,-0.07089,-0.05066,-0.00361,0.99619,0.03321,0.00238,-0.02675,0.99909,1.00
5568,0.00,0.00,0.10534,0.05084,-0.02148,0.99290,-0.07309,-0.02233,-0.00164,0.99707,0.03190,0.03026,-0.02168,0.99880,1.00,-0.07276,-0.04954,-0.00362,0.99611,0.03144,0.00340,-0.02651,0.99915,1.00
5582,0.00,0.00,0.10538,0.05075,-0.02148,0.99290,-0.07314,-0.02224,-0.00163,0.99707,0.03190,0.03026,-0.02167,0.99880,1.00,-0.07280,-0.04945,-0.00361,0.99611,0.03144,0.00340,-0.02650,0.99915,1.00
5596,0.00,0.00,0.10542,0.05060,-0.02156,0.99291,-0.07318,-0.02209,-0.00162,0.99707,0.03190,0.03026,-0.02173,0.99880,1.00,-0.07284,-0.04930,-0.00361,0.99612,0.03144,0.00340,-0.02657,0.99915,1.00
5610,0.00,0.00,0.10534,0.05040,-0.02151,0.99293,-0.07152,-0.02131,-0.00153,0.99721,0.03350,0.03080,-0.02161,0.99873,1.00,-0.07119,-0.04851,-0.00347,0.99628,0.03305,0.00394,-0.02640,0.99910,1.00
5624,0.00,0.00,0.10525,0.05028,-0.02150,0.99294,-0.07143,-0.02118,-0.00152,0.99722,0.03350,0.03080,-0.02159,0.99873,1.00,-0.07111,-0.04838,-0.00345,0.99629,0.03305,0.00394,-0.02637,0.99910,1.00
5638,0.00,0.00,0.10521,0.05024,-0.02171,0.99294,-0.07470,-0.02141,-0.00160,0.99697,0.03017,0.03062,-0.02173,0.99884,1.00,-0.07434,-0.04863,-0.00363,0.99604,0.02974,0.00375,-0.02661,0.99920,1.00
5652,0.00,0.00,0.10525,0.05022,-0.02196,0.99293,-0.07474,-0.02140,-0.00160,0.99697,0.03016,0.03063,-0.02198,0.99883,1.00,-0.07437,-0.04862,-0.00363,0.99604,0.02974,0.00376,-0.02686,0.99919,1.00
5666,0.00,0.00,0.10532,0.05024,-0.02202,0.99292,-0.07351,-0.02141,-0.00158,0.99706,0.03147,0.03062,-0.02209,0.99879,1.00,-0.07315,-0.04863,-0.00357,0.99613,0.03103,0.00375,-0.02693,0.99915,1.00
5679,0.00,0.00,0.10536,0.05031,-0.02208,0.99292,-0.07355,-0.02148,-0.00158,0.99706,0.03147,0.03062,-0.02216,0.99879,1.00,-0.07318,-0.04869,-0.00358,0.99612,0.03103,0.00376,-0.02700,0.99915,1.00
5694,0.00,0.00,0.10543,0.05041,-0.02210,0.99290,-0.07362,-0.02159,-0.00159,0.99705,0.03146,0.03062,-0.02218,0.99879,1.00,-0.07324,-0.04880,-0.00359,0.99611,0.03103,0.00376,-0.02703,0.99915,1.00
5708,0.00,0.00,0.10549,0.05055,-0.02217,0.99289,-0.07416,-0.02231,-0.00166,0.99700,0.03096,0.03006,-0.02236,0.99882,1.00,-0.07378,-0.04952,-0.00367,0.99604,0.03053,0.00320,-0.02722,0.99916,1.00
5721,0.00,0.00,0.10548,0.05060,-0.02223,0.99288,-0.07415,-0.02236,-0.00166,0.99700,0.03096,0.03006,-0.02242,0.99882,1.00,-0.07377,-0.04958,-0.00367,0.99604,0.03053,0.00320,-0.02728,0.99916,1.00
5735,0.00,0.00,0.10552,0.05066,-0.02223,0.99288,-0.07356,-0.02183,-0.00161,0.99705,0.03160,0.03064,-0.02234,0.99878,1.00,-0.07320,-0.04904,-0.00360,0.99610,0.03115,0.00377,-0.02719,0.99914,1.00
5749,0.00,0.00,0.10556,0.05065,-0.02229,0.99287,-0.07360,-0.02183,-0.00161,0.99705,0.03160,0.03064,-0.02240,0.99878,1.00,-0.07324,-0.04904,-0.00361,0.99610,0.03115,0.00378,-0.02725,0.99914,1.00
5763,0.00,0.00,0.10556,0.05062,-0.02228,0.99287,-0.07360,-0.02180,-0.00161,0.99705,0.03160,0.03064,-0.02238,0.99878,1.00,-0.07324,-0.04901,-0.00360,0.99610,0.03115,0.00378,-0.02723,0.99914,1.00
5777,0.00,0.00,0.10545,0.05058,-0.02224,0.99289,-0.07396,-0.02203,-0.00163,0.99702,0.03113,0.03037,-0.02238,0.99880,1.00,-0.07360,-0.04924,-0.00364,0.99606,0.03068,0.00350,-0.02723,0.99915,1.00
5791,0.00,0.00,0.10536,0.05056,-0.02221,0.99290,-0.07387,-0.02201,-0.00163,0.99702,0.03114,0.03037,-0.02234,0.99880,1.00,-0.07351,-0.04922,-0.00363,0.99607,0.03068,0.00350,-0.02719,0.99915,1.00
5805,0.00,0.00,0.10528,0.05054,-0.02217,0.99291,-0.07339,-0.02161,-0.00159,0.99707,0.03154,0.03074,-0.02225,0.99878,1.00,-0.07304,-0.04882,-0.00358,0.99613,0.03108,0.00387,-0.02709,0.99914,1.00
5819,0.00,0.00,0.10530,0.05052,-0.02209,0.99291,-0.07341,-0.02158,-0.00159,0.99707,0.03154,0.03073,-0.02216,0.99878,1.00,-0.07307,-0.04879,-0.00358,0.99613,0.03108,0.00387,-0.02700,0.99914,1.00
5833,0.00,0.00,0.10541,0.05053,-0.02205,0.99290,-0.07362,-0.02162,-0.00160,0.99705,0.03144,0.03071,-0.02213,0.99879,1.00,-0.07328,-0.04884,-0.00359,0.99611,0.03099,0.00384,-0.02698,0.99915,1.00
5847,0.00,0.00,0.10536,0.05049,-0.02194,0.99291,-0.07357,-0.02157,-0.00159,0.99706,0.03145,0.03070,-0.02202,0.99879,1.00,-0.07323,-0.04878,-0.00359,0.99611,0.03099,0.00384,-0.02686,0.99915,1.00
5861,0.00,0.00,0.10528,0.05049,-0.02185,0.99292,-0.07349,-0.02156,-0.00159,0.99706,0.03145,0.03070,-0.02192,0.99879,1.00,-0.07315,-0.04878,-0.00358,0.99612,0.03099,0.00384,-0.02676,0.99915,1.00
5875,0.00,0.00,0.10518,0.05053,-0.02179,0.99293,-0.07319,-0.01989,-0.00146,0.99712,0.03171,0.03238,-0.02157,0.99874,1.00,-0.07287,-0.04711,-0.00345,0.99622,0.03123,0.00551,-0.02640,0.99915,1.00
5888,0.00,0.00,0.10518,0.05063,-0.02175,0.99293,-0.07318,-0.01999,-0.00147,0.99712,0.03171,0.03238,-0.02154,0.99874,1.00,-0.07286,-0.04720,-0.00345,0.99622,0.03123,0.00551,-0.02637,0.99915,1.00
5902,0.00,0.00,0.10518,0.05069,-0.02175,0.99292,-0.07212,-0.02004,-0.00145,0.99719,0.03277,0.03237,-0.02158,0.99871,1.00,-0.07180,-0.04725,-0.00341,0.99629,0.03230,0.00550,-0.02638,0.99912,1.00
5916,0.00,0.00,0.10513,0.05078,-0.02172,0.99292,-0.07207,-0.02012,-0.00145,0.99720,0.03277,0.03237,-0.02156,0.99871,1.00,-0.07175,-0.04734,-0.00341,0.99629,0.03230,0.00550,-0.02636,0.99912,1.00
5930,0.00,0.00,0.10517,0.05086,-0.02170,0.99292,-0.07211,-0.02134,-0.00154,0.99717,0.03273,0.03125,-0.02175,0.99874,1.00,-0.07177,-0.04855,-0.00350,0.99623,0.03228,0.00439,-0.02655,0.99912,1.00
5944,0.00,0.00,0.10523,0.05096,-0.02175,0.99290,-0.07217,-0.02145,-0.00155,0.99716,0.03273,0.03125,-0.02181,0.99874,1.00,-0.07183,-0.04866,-0.00351,0.99622,0.03228,0.00439,-0.02661,0.99912,1.00
5958,0.00,0.00,0.10528,0.05107,-0.02178,0.99289,-0.07221,-0.02156,-0.00156,0.99716,0.03273,0.03126,-0.02185,0.99874,1.00,-0.07187,-0.04877,-0.00352,0.99621,0.03228,0.00439,-0.02666,0.99911,1.00
5972,0.00,0.00,0.10529,0.05122,-0.02167,0.99289,-0.07223,-0.02225,-0.00161,0.99714,0.03271,0.03071,-0.02185,0.99875,1.00,-0.07188,-0.04945,-0.00357,0.99618,0.03226,0.00385,-0.02665,0.99912,1.00
5986,0.00,0.00,0.10530,0.05133,-0.02168,0.99288,-0.07224,-0.02236,-0.00162,0.99714,0.03271,0.03071,-0.02188,0.99875,1.00,-0.07190,-0.04957,-0.00358,0.99617,0.03226,0.00385,-0.02668,0.99912,1.00
6000,0.00,0.00,0.10523,0.05146,-0.02167,0.99288,-0.07267,-0.02227,-0.00162,0.99711,0.03221,0.03095,-0.02182,0.99876,1.00,-0.07232,-0.04948,-0.00359,0.99615,0.03176,0.00408,-0.02664,0.99913,1.00
6014,0.00,0.00,0.10511,0.05157,-0.02169,0.99289,-0.07254,-0.02238,-0.00163,0.99711,0.03221,0.03095,-0.02186,0.99876,1.00,-0.07219,-0.04959,-0.00359,0.99615,0.03176,0.00408,-0.02666,0.99913,1.00
6028,0.00,345.00,0.10497,0.05171,-0.02192,0.99289,-0.07240,-0.02252,-0.00164,0.99712,0.03220,0.03095,-0.02210,0.99876,1.00,-0.07204,-0.04973,-0.00360,0.99615,0.03176,0.00409,-0.02690,0.99913,1.00
6041,0.00,345.00,0.10495,0.05187,-0.02212,0.99288,-0.07245,-0.02280,-0.00166,0.99711,0.03213,0.03086,-0.02234,0.99876,1.00,-0.07207,-0.05000,-0.00362,0.99614,0.03170,0.00400,-0.02714,0.99912,1.00
6055,0.00,345.00,0.10507,0.05205,-0.02208,0.99286,-0.07256,-0.02298,-0.00167,0.99710,0.03213,0.03086,-0.02232,0.99876,1.00,-0.07218,-0.05018,-0.00364,0.99612,0.03170,0.00400,-0.02713,0.99912,1.00
6069,0.00,345.00,0.10512,0.05220,-0.02202,0.99284,-0.07272,-0.02259,-0.00165,0.99710,0.03203,0.03140,-0.02217,0.99875,1.00,-0.07236,-0.04979,-0.00362,0.99613,0.03159,0.00454,-0.02699,0.99913,1.00
6083,0.00,345.00,0.10523,0.05246,-0.02195,0.99282,-0.07282,-0.02285,-0.00167,0.99708,0.03204,0.03140,-0.02213,0.99875,1.00,-0.07246,-0.05005,-0.00364,0.99611,0.03159,0.00453,-0.02694,0.99913,1.00
6097,0.00,345.00,0.10536,0.05256,-0.02190,0.99280,-0.07185,-0.02279,-0.00164,0.99715,0.03314,0.03153,-0.02209,0.99871,1.00,-0.07150,-0.04999,-0.00359,0.99618,0.03269,0.00467,-0.02688,0.99909,1.00
6111,0.00,345.00,0.10545,0.05262,-0.02194,0.99279,-0.07194,-0.02285,-0.00165,0.99715,0.03314,0.03153,-0.02214,0.99871,1.00,-0.07159,-0.05005,-0.00360,0.99617,0.03269,0.00467,-0.02694,0.99909,1.00
6125,0.00,345.00,0.10553,0.05267,-0.02189,0.99278,-0.07202,-0.02291,-0.00165,0.99714,0.03314,0.03153,-0.02209,0.99871,1.00,-0.07167,-0.05011,-0.00360,0.99616,0.03269,0.00467,-0.02690,0.99909,1.00
6139,0.00,345.00,0.10566,0.05268,-0.02190,0.99276,-0.07305,-0.02294,-0.00168,0.99706,0.03224,0.03152,-0.02208,0.99874,1.00,-0.07269,-0.05015,-0.00366,0.99609,0.03179,0.00466,-0.02691,0.99912,1.00
6153,0.00,345.00,0.10575,0.05258,-0.02188,0.99276,-0.07314,-0.02285,-0.00168,0.99706,0.03224,0.03152,-0.02205,0.99874,1.00,-0.07279,-0.05006,-0.00366,0.99608,0.03179,0.00466,-0.02689,0.99912,1.00
6167,0.00,345.00,0.10582,0.05248,-0.02195,0.99276,-0.07194,-0.02258,-0.00163,0.99715,0.03352,0.03166,-0.02211,0.99869,1.00,-0.07158,-0.04978,-0.00358,0.99619,0.03307,0.00480,-0.02692,0.99908,1.00
6181,0.00,345.00,0.10586,0.05239,-0.02194,0.99276,-0.07198,-0.02249,-0.00162,0.99715,0.03352,0.03166,-0.02210,0.99869,1.00,-0.07163,-0.04969,-0.00357,0.99619,0.03307,0.00480,-0.02691,0.99908,1.00
6195,0.00,345.00,0.10589,0.05230,-0.02188,0.99276,-0.07201,-0.02241,-0.00162,0.99715,0.03352,0.03166,-0.02203,0.99869,1.00,-0.07167,-0.04961,-0.00357,0.99619,0.03307,0.00480,-0.02685,0.99908,1.00
6209,0.00,345.00,0.10584,0.05229,-0.02186,0.99277,-0.07214,-0.02306,-0.00167,0.99713,0.03333,0.03100,-0.02212,0.99872,1.00,-0.07178,-0.05026,-0.00362,0.99615,0.03288,0.00415,-0.02694,0.99909,1.00
6223,0.00,345.00,0.10585,0.05233,-0.02187,0.99276,-0.07214,-0.02310,-0.00167,0.99713,0.03333,0.03100,-0.02214,0.99872,1.00,-0.07179,-0.05029,-0.00362,0.99614,0.03288,0.00415,-0.02695,0.99909,1.00
6237,0.00,345.00,0.10596,0.05236,-0.02211,0.99275,-0.07182,-0.02324,-0.00167,0.99715,0.03375,0.03091,-0.02241,0.99870,1.00,-0.07145,-0.05043,-0.00362,0.99616,0.03331,0.00406,-0.02721,0.99907,1.00
6250,0.00,345.00,0.10610,0.05242,-0.02220,0.99272,-0.07196,-0.02331,-0.00168,0.99713,0.03375,0.03091,-0.02251,0.99870,1.00,-0.07159,-0.05050,-0.00363,0.99615,0.03331,0.00406,-0.02733,0.99906,1.00
6264,0.00,345.00,0.10628,0.05251,-0.02226,0.99270,-0.05672,-0.11762,-0.00673,0.99142,0.04609,-0.06272,-0.03827,0.99623,1.00,-0.05573,-0.14367,-0.00810,0.98802,0.04606,-0.08864,-0.04238,0.99410,1.00
6278,0.00,345.00,0.10631,0.05260,-0.02232,0.99269,-0.05674,-0.11771,-0.00674,0.99140,0.04609,-0.06271,-0.03834,0.99623,1.00,-0.05574,-0.14376,-0.00811,0.98801,0.04607,-0.08864,-0.04246,0.99409,1.00
6292,0.00,345.00,0.10633,0.05269,-0.02237,0.99268,-0.05674,-0.11780,-0.00674,0.99139,0.04610,-0.06271,-0.03840,0.99623,1.00,-0.05574,-0.14385,-0.00812,0.98799,0.04607,-0.08863,-0.04251,0.99409,1.00
6306,0.00,345.00,0.10627,0.05278,-0.02245,0.99268,-0.05351,-0.15418,-0.00836,0.98656,0.04781,-0.09890,-0.04401,0.99297,1.00,-0.05233,-0.17951,-0.00956,0.98232,0.04791,-0.12416,-0.04786,0.98995,1.00
6320,0.00,345.00,0.10620,0.05293,-0.02248,0.99268,-0.05343,-0.15433,-0.00836,0.98654,0.04782,-0.09890,-0.04403,0.99297,1.00,-0.05225,-0.17966,-0.00956,0.98229,0.04791,-0.12416,-0.04788,0.98995,1.00
6334,0.00,345.00,0.10623,0.05299,-0.02255,0.99267,-0.04967,-0.15449,-0.00778,0.98671,0.05162,-0.09913,-0.04375,0.99277,1.00,-0.04857,-0.17980,-0.00889,0.98246,0.05163,-0.12438,-0.04750,0.98975,1.00
6348,0.00,345.00,0.10633,0.05302,-0.02255,0.99266,-0.04976,-0.15452,-0.00779,0.98670,0.05162,-0.09913,-0.04378,0.99277,1.00,-0.04866,-0.17983,-0.00891,0.98245,0.05163,-0.12438,-0.04754,0.98975,1.00
6362,0.00,345.00,0.10637,0.05304,-0.02257,0.99265,-0.04980,-0.15454,-0.00780,0.98670,0.05162,-0.09912,-0.04381,0.99277,1.00,-0.04869,-0.17985,-0.00891,0.98245,0.05164,-0.12438,-0.04757,0.98975,1.00
6376,0.00,345.00,0.10652,0.05302,-0.02257,0.99264,-0.04994,-0.15434,-0.00781,0.98672,0.05163,-0.09894,-0.04382,0.99279,1.00,-0.04884,-0.17965,-0.00893,0.98248,0.05164,-0.12419,-0.04759,0.98977,1.00
6390,0.00,345.00,0.10661,0.05298,-0.02254,0.99263,-0.05004,-0.15431,-0.00782,0.98672,0.05163,-0.09894,-0.04381,0.99279,1.00,-0.04894,-0.17962,-0.00895,0.98248,0.05164,-0.12419,-0.04758,0.98977,1.00
6404,0.00,345.00,0.10669,0.05291,-0.02256,0.99263,-0.05144,-0.15714,-0.00820,0.98620,0.05018,-0.10176,-0.04443,0.99255,1.00,-0.05029,-0.18238,-0.00934,0.98190,0.05023,-0.12696,-0.04822,0.98946,1.00
6417,0.00,345.00,0.10674,0.05287,-0.02253,0.99262,-0.05150,-0.15710,-0.00820,0.98621,0.05018,-0.10176,-0.04440,0.99255,1.00,-0.05035,-0.18235,-0.00935,0.98190,0.05023,-0.12696,-0.04820,0.98946,1.00
6431,0.00,345.00,0.10678,0.05282,-0.02251,0.99262,-0.05212,-0.15839,-0.00837,0.98596,0.04953,-0.10308,-0.04466,0.99243,1.00,-0.05096,-0.18362,-0.00953,0.98163,0.04960,-0.12825,-0.04847,0.98931,1.00
6445,0.00,345.00,0.10687,0.05282,-0.02246,0.99262,-0.05223,-0.15840,-0.00839,0.98596,0.04953,-0.10308,-0.04464,0.99244,1.00,-0.05106,-0.18362,-0.00955,0.98162,0.04959,-0.12825,-0.04845,0.98932,1.00
6460,0.00,345.00,0.10693,0.05282,-0.02245,0.99261,-0.05228,-0.15841,-0.00840,0.98595,0.04953,-0.10308,-0.04465,0.99244,1.00,-0.05111,-0.18363,-0.00956,0.98162,0.04960,-0.12825,-0.04846,0.98931,1.00
6473,0.00,345.00,0.10706,0.05281,-0.02238,0.99260,-0.05148,-0.15896,-0.00830,0.98591,0.05046,-0.10368,-0.04460,0.99233,1.00,-0.05033,-0.18417,-0.00944,0.98156,0.05051,-0.12883,-0.04840,0.98920,1.00
6487,0.00,345.00,0.10712,0.05280,-0.02229,0.99259,-0.05156,-0.15896,-0.00831,0.98590,0.05045,-0.10368,-0.04453,0.99233,1.00,-0.05041,-0.18417,-0.00946,0.98156,0.05050,-0.12884,-0.04833,0.98920,1.00
6501,0.00,345.00,0.10725,0.05280,-0.02221,0.99258,-0.05292,-0.16003,-0.00859,0.98565,0.04918,-0.10471,-0.04479,0.99228,1.00,-0.05173,-0.18522,-0.00976,0.98129,0.04927,-0.12984,-0.04862,0.98912,1.00
6515,0.00,345.00,0.10739,0.05282,-0.02213,0.99257,-0.05307,-0.16006,-0.00862,0.98564,0.04918,-0.10471,-0.04476,0.99228,1.00,-0.05189,-0.18526,-0.00980,0.98127,0.04926,-0.12984,-0.04860,0.98912,1.00
6529,0.00,345.00,0.10758,0.05276,-0.02212,0.99255,-0.05326,-0.16001,-0.00865,0.98564,0.04918,-0.10471,-0.04478,0.99228,1.00,-0.05207,-0.18520,-0.00983,0.98127,0.04927,-0.12984,-0.04863,0.98912,1.00
6543,0.00,345.00,0.10775,0.05273,-0.02203,0.99253,-0.05353,-0.16808,-0.00914,0.98428,0.04873,-0.11276,-0.04604,0.99136,1.00,-0.05228,-0.19308,-0.01030,0.97973,0.04887,-0.13772,-0.04986,0.98801,1.00
6557,0.00,345.00,0.10781,0.05265,-0.02184,0.99254,-0.05365,-0.16800,-0.00916,0.98428,0.04872,-0.11277,-0.04588,0.99137,1.00,-0.05241,-0.19301,-0.01032,0.97974,0.04885,-0.13773,-0.04970,0.98802,1.00
6571,0.00,345.00,0.10779,0.05259,-0.02170,0.99254,-0.05333,-0.16796,-0.00910,0.98431,0.04904,-0.11281,-0.04569,0.99135,1.00,-0.05210,-0.19297,-0.01026,0.97977,0.04918,-0.13777,-0.04950,0.98800,1.00
6584,0.00,345.00,0.10776,0.05249,-0.02168,0.99255,-0.05331,-0.16787,-0.00909,0.98433,0.04904,-0.11281,-0.04566,0.99135,1.00,-0.05208,-0.19287,-0.01025,0.97979,0.04917,-0.13777,-0.04947,0.98801,1.00
6598,0.00,345.00,0.10759,0.05245,-0.02161,0.99258,-0.05440,-0.16790,-0.00928,0.98426,0.04778,-0.11286,-0.04569,0.99141,1.00,-0.05313,-0.19291,-0.01046,0.97972,0.04794,-0.13782,-0.04953,0.98806,1.00
6612,0.00,345.00,0.10733,0.05236,-0.02157,0.99261,-0.05417,-0.16780,-0.00924,0.98429,0.04776,-0.11286,-0.04557,0.99142,1.00,-0.05291,-0.19281,-0.01041,0.97975,0.04793,-0.13783,-0.04940,0.98806,1.00
6627,0.00,345.00,0.10723,0.05232,-0.02173,0.99262,-0.05405,-0.16775,-0.00921,0.98430,0.04778,-0.11286,-0.04569,0.99141,1.00,-0.05278,-0.19277,-0.01038,0.97977,0.04794,-0.13782,-0.04951,0.98806,1.00
6640,0.00,345.00,0.10732,0.05228,-0.02188,0.99261,-0.05612,-0.16769,-0.00956,0.98420,0.04575,-0.11274,-0.04609,0.99150,1.00,-0.05479,-0.19271,-0.01078,0.97967,0.04597,-0.13771,-0.04995,0.98814,1.00
6654,0.00,345.00,0.10747,0.05231,-0.02186,0.99259,-0.05627,-0.16773,-0.00959,0.98418,0.04575,-0.11274,-0.04611,0.99150,1.00,-0.05494,-0.19275,-0.01081,0.97965,0.04598,-0.13771,-0.04998,0.98814,1.00
6668,0.00,345.00,0.10776,0.05237,-0.02173,0.99256,-0.05675,-0.16633,-0.00959,0.98439,0.04563,-0.11127,-0.04586,0.99168,1.00,-0.05543,-0.19139,-0.01083,0.97989,0.04585,-0.13628,-0.04976,0.98836,1.00
6682,0.00,345.00,0.10808,0.05246,-0.02158,0.99252,-0.05709,-0.16643,-0.00965,0.98435,0.04563,-0.11127,-0.04582,0.99168,1.00,-0.05576,-0.19150,-0.01090,0.97985,0.04585,-0.13628,-0.04974,0.98836,1.00
6696,0.00,345.00,0.10826,0.05249,-0.02165,0.99250,-0.05724,-0.16648,-0.00968,0.98433,0.04564,-0.11127,-0.04594,0.99168,1.00,-0.05591,-0.19154,-0.01093,0.97983,0.04587,-0.13627,-0.04986,0.98835,1.00
6710,0.00,345.00,0.10834,0.05251,-0.02153,0.99249,-0.05709,-0.16648,-0.00965,0.98434,0.04589,-0.11126,-0.04582,0.99167,1.00,-0.05576,-0.19154,-0.01090,0.97984,0.04611,-0.13627,-0.04974,0.98835,1.00
6724,0.00,345.00,0.10834,0.05251,-0.02147,0.99249,-0.05711,-0.16647,-0.00966,0.98434,0.04588,-0.11127,-0.04576,0.99168,1.00,-0.05579,-0.19154,-0.01091,0.97984,0.04610,-0.13627,-0.04969,0.98835,1.00
6738,0.00,345.00,0.10823,0.05243,-0.02131,0.99251,-0.05710,-0.16852,-0.00978,0.98399,0.04572,-0.11339,-0.04592,0.99144,1.00,-0.05577,-0.19353,-0.01102,0.97945,0.04595,-0.13835,-0.04983,0.98806,1.00
6752,0.00,345.00,0.10820,0.05235,-0.02121,0.99252,-0.05711,-0.16844,-0.00978,0.98401,0.04570,-0.11340,-0.04581,0.99144,1.00,-0.05579,-0.19345,-0.01102,0.97946,0.04593,-0.13835,-0.04972,0.98807,1.00
6766,0.00,345.00,0.10826,0.05223,-0.02115,0.99252,-0.05702,-0.16861,-0.00977,0.98398,0.04586,-0.11370,-0.04578,0.99140,1.00,-0.05569,-0.19362,-0.01101,0.97943,0.04610,-0.13865,-0.04969,0.98802,1.00
6779,0.00,345.00,0.10838,0.05211,-0.02107,0.99252,-0.05716,-0.16851,-0.00979,0.98399,0.04586,-0.11370,-0.04574,0.99140,1.00,-0.05583,-0.19351,-0.01103,0.97945,0.04609,-0.13865,-0.04965,0.98802,1.00
6794,0.00,345.00,0.10856,0.05192,-0.02097,0.99251,-0.05737,-0.16832,-0.00981,0.98401,0.04585,-0.11370,-0.04567,0.99141,1.00,-0.05604,-0.19333,-0.01106,0.97947,0.04608,-0.13865,-0.04959,0.98802,1.00
6807,0.00,345.00,0.10868,0.05183,-0.02074,0.99251,-0.05616,-0.16893,-0.00964,0.98398,0.04719,-0.11445,-0.04542,0.99127,1.00,-0.05485,-0.19392,-0.01086,0.97942,0.04741,-0.13938,-0.04932,0.98787,1.00
6821,0.00,345.00,0.10872,0.05178,-0.02092,0.99250,-0.05615,-0.16888,-0.00964,0.98399,0.04721,-0.11444,-0.04560,0.99126,1.00,-0.05484,-0.19387,-0.01085,0.97943,0.04744,-0.13937,-0.04950,0.98786,1.00
6835,0.00,345.00,0.10874,0.05174,-0.02102,0.99250,-0.05587,-0.16852,-0.00957,0.98407,0.04752,-0.11413,-0.04562,0.99128,1.00,-0.05454,-0.19352,-0.01078,0.97952,0.04775,-0.13907,-0.04951,0.98789,1.00
6849,0.00,345.00,0.10870,0.05173,-0.02107,0.99250,-0.05581,-0.16851,-0.00956,0.98407,0.04752,-0.11413,-0.04565,0.99128,1.00,-0.05449,-0.19351,-0.01077,0.97952,0.04775,-0.13907,-0.04953,0.98789,1.00
6863,0.00,345.00,0.10870,0.05177,-0.02106,0.99250,-0.05582,-0.16855,-0.00956,0.98407,0.04752,-0.11413,-0.04565,0.99128,1.00,-0.05449,-0.19355,-0.01077,0.97952,0.04775,-0.13907,-0.04954,0.98789,1.00
6877,0.00,345.00,0.10865,0.05180,-0.02107,0.99251,-0.05566,-0.16530,-0.00934,0.98463,0.04777,-0.11087,-0.04510,0.99166,1.00,-0.05436,-0.19038,-0.01056,0.98015,0.04798,-0.13589,-0.04900,0.98835,1.00
6891,0.00,345.00,0.10863,0.05191,-0.02110,0.99250,-0.05563,-0.16541,-0.00934,0.98461,0.04777,-0.11087,-0.04513,0.99166,1.00,-0.05433,-0.19049,-0.01056,0.98013,0.04799,-0.13589,-0.04903,0.98835,1.00
6905,0.00,345.00,0.10861,0.05200,-0.02117,0.99250,-0.05786,-0.16349,-0.00960,0.98480,0.04557,-0.10879,-0.04513,0.99199,1.00,-0.05652,-0.18862,-0.01087,0.98036,0.04582,-0.13386,-0.04910,0.98872,1.00
6919,0.00,345.00,0.10863,0.05206,-0.02122,0.99249,-0.05786,-0.16355,-0.00961,0.98479,0.04558,-0.10878,-0.04518,0.99199,1.00,-0.05652,-0.18869,-0.01088,0.98035,0.04583,-0.13385,-0.04915,0.98872,1.00
6933,0.00,345.00,0.10867,0.05210,-0.02123,0.99248,-0.05801,-0.15515,-0.00913,0.98614,0.04582,-0.10038,-0.04383,0.99293,1.00,-0.05673,-0.18047,-0.01043,0.98189,0.04602,-0.12562,-0.04785,0.98985,1.00
6946,0.00,345.00,0.10870,0.05213,-0.02129,0.99248,-0.05803,-0.15517,-0.00913,0.98614,0.04582,-0.10038,-0.04390,0.99292,1.00,-0.05674,-0.18050,-0.01043,0.98188,0.04603,-0.12562,-0.04792,0.98985,1.00
6961,0.00,345.00,0.10878,0.05211,-0.02127,0.99247,-0.05811,-0.15516,-0.00914,0.98614,0.04582,-0.10038,-0.04390,0.99292,1.00,-0.05682,-0.18048,-0.01044,0.98188,0.04603,-0.12562,-0.04792,0.98985,1.00
6974,0.00,345.00,0.10883,0.05202,-0.02131,0.99247,-0.05811,-0.15354,-0.00905,0.98639,0.04593,-0.09886,-0.04368,0.99308,1.00,-0.05684,-0.17890,-0.01035,0.98217,0.04613,-0.12413,-0.04772,0.99004,1.00
6988,0.00,345.00,0.10891,0.05188,-0.02127,0.99247,-0.05821,-0.15342,-0.00905,0.98640,0.04593,-0.09886,-0.04365,0.99308,1.00,-0.05694,-0.17878,-0.01036,0.98219,0.04612,-0.12413,-0.04769,0.99005,1.00
7002,0.00,345.00,0.10895,0.05181,-0.02124,0.99247,-0.05775,-0.15336,-0.00898,0.98644,0.04644,-0.09890,-0.04358,0.99306,1.00,-0.05649,-0.17872,-0.01028,0.98222,0.04662,-0.12417,-0.04761,0.99002,1.00
7016,0.00,345.00,0.10899,0.05170,-0.02125,0.99247,-0.05780,-0.15326,-0.00898,0.98645,0.04644,-0.09890,-0.04359,0.99306,1.00,-0.05654,-0.17861,-0.01028,0.98224,0.04662,-0.12416,-0.04762,0.99002,1.00
7030,0.00,345.00,0.10896,0.05163,-0.02114,0.99248,-0.05780,-0.15318,-0.00897,0.98647,0.04643,-0.09890,-0.04347,0.99306,1.00,-0.05654,-0.17854,-0.01028,0.98225,0.04661,-0.12417,-0.04750,0.99003,1.00
7044,0.00,345.00,0.10892,0.05161,-0.02114,0.99249,-0.05639,-0.15331,-0.00876,0.98653,0.04779,-0.09909,-0.04334,0.99298,1.00,-0.05516,-0.17866,-0.01003,0.98231,0.04794,-0.12436,-0.04734,0.98995,1.00
7058,0.00,345.00,0.10881,0.05156,-0.02105,0.99250,-0.05632,-0.15325,-0.00875,0.98654,0.04778,-0.09910,-0.04322,0.99299,1.00,-0.05510,-0.17860,-0.01002,0.98233,0.04793,-0.12436,-0.04721,0.98995,1.00
7072,0.00,345.00,0.10875,0.05157,-0.02097,0.99251,-0.05625,-0.15303,-0.00872,0.98658,0.04780,-0.09888,-0.04309,0.99302,1.00,-0.05503,-0.17839,-0.00999,0.98237,0.04795,-0.12415,-0.04708,0.98999,1.00
7086,0.00,345.00,0.10875,0.05153,-0.02095,0.99251,-0.05626,-0.15299,-0.00872,0.98659,0.04780,-0.09888,-0.04306,0.99302,1.00,-0.05504,-0.17835,-0.00999,0.98238,0.04795,-0.12415,-0.04705,0.98999,1.00
7100,0.00,345.00,0.10883,0.05153,-0.02085,0.99251,-0.05855,-0.15450,-0.00917,0.98621,0.04552,-0.10030,-0.04346,0.99296,1.00,-0.05728,-0.17984,-0.01049,0.98197,0.04572,-0.12555,-0.04751,0.98989,1.00
7114,0.00,345.00,0.10888,0.05151,-0.02079,0.99250,-0.05862,-0.15448,-0.00918,0.98621,0.04551,-0.10030,-0.04342,0.99297,1.00,-0.05735,-0.17982,-0.01050,0.98197,0.04572,-0.12555,-0.04746,0.98990,1.00
7128,0.00,345.00,0.10901,0.05140,-0.02075,0.99249,-0.05876,-0.15438,-0.00920,0.98622,0.04551,-0.10030,-0.04340,0.99297,1.00,-0.05749,-0.17971,-0.01052,0.98198,0.04572,-0.12555,-0.04746,0.98990,1.00
7141,0.00,345.00,0.10916,0.05130,-0.02062,0.99249,-0.05949,-0.15443,-0.00932,0.98617,0.04495,-0.10044,-0.04338,0.99298,1.00,-0.05820,-0.17977,-0.01066,0.98193,0.04517,-0.12568,-0.04746,0.98990,1.00
7155,0.00,345.00,0.10927,0.05114,-0.02043,0.99249,-0.05966,-0.15427,-0.00933,0.98618,0.04493,-0.10044,-0.04321,0.99299,1.00,-0.05838,-0.17961,-0.01068,0.98195,0.04515,-0.12569,-0.04730,0.98991,1.00
7169,0.00,345.00,0.10936,0.05106,-0.02047,0.99248,-0.05950,-0.16184,-0.00978,0.98497,0.04485,-0.10804,-0.04452,0.99214,1.00,-0.05815,-0.18701,-0.01109,0.98057,0.04512,-0.13314,-0.04856,0.98888,1.00
7183,0.00,345.00,0.10936,0.05099,-0.02038,0.99248,-0.05953,-0.16177,-0.00978,0.98498,0.04484,-0.10805,-0.04443,0.99214,1.00,-0.05819,-0.18694,-0.01109,0.98058,0.04511,-0.13314,-0.04847,0.98888,1.00
7197,0.00,345.00,0.10918,0.05093,-0.02027,0.99251,-0.06036,-0.16248,-0.00996,0.98481,0.04381,-0.10879,-0.04451,0.99210,1.00,-0.05899,-0.18764,-0.01129,0.98040,0.04411,-0.13387,-0.04856,0.98883,1.00
7211,0.00,345.00,0.10899,0.05084,-0.02034,0.99253,-0.06017,-0.16237,-0.00992,0.98484,0.04382,-0.10879,-0.04452,0.99210,1.00,-0.05880,-0.18753,-0.01125,0.98043,0.04411,-0.13387,-0.04856,0.98883,1.00
7225,0.00,345.00,0.10892,0.05074,-0.02049,0.99254,-0.06007,-0.16228,-0.00990,0.98487,0.04383,-0.10878,-0.04463,0.99210,1.00,-0.05869,-0.18744,-0.01122,0.98046,0.04413,-0.13386,-0.04867,0.98882,1.00
7239,0.00,345.00,0.10888,0.05072,-0.02047,0.99255,-0.06123,-0.16188,-0.01006,0.98486,0.04263,-0.10838,-0.04468,0.99219,1.00,-0.05983,-0.18706,-0.01142,0.98046,0.04296,-0.13348,-0.04874,0.98892,1.00
7253,0.00,345.00,0.10888,0.05071,-0.02032,0.99255,-0.06127,-0.16188,-0.01007,0.98486,0.04262,-0.10839,-0.04452,0.99220,1.00,-0.05988,-0.18706,-0.01142,0.98046,0.04294,-0.13348,-0.04859,0.98893,1.00
7267,0.00,345.00,0.10893,0.05077,-0.02018,0.99255,-0.06032,-0.16058,-0.00983,0.98513,0.04370,-0.10708,-0.04407,0.99231,1.00,-0.05897,-0.18579,-0.01117,0.98076,0.04399,-0.13221,-0.04812,0.98908,1.00
7280,0.00,345.00,0.10904,0.05087,-0.02005,0.99253,-0.06045,-0.16069,-0.00986,0.98510,0.04369,-0.10709,-0.04398,0.99231,1.00,-0.05910,-0.18590,-0.01120,0.98073,0.04398,-0.13221,-0.04804,0.98908,1.00
7295,0.00,345.00,0.10921,0.05092,-0.01996,0.99251,-0.06063,-0.16075,-0.00989,0.98508,0.04369,-0.10709,-0.04395,0.99232,1.00,-0.05928,-0.18596,-0.01124,0.98070,0.04398,-0.13221,-0.04802,0.98908,1.00
7309,0.00,345.00,0.10944,0.05090,-0.01989,0.99249,-0.05971,-0.16077,-0.00974,0.98514,0.04485,-0.10716,-0.04382,0.99226,1.00,-0.05838,-0.18598,-0.01107,0.98076,0.04513,-0.13228,-0.04788,0.98903,1.00
7322,0.00,345.00,0.10950,0.05079,-0.01969,0.99249,-0.05984,-0.16066,-0.00976,0.98515,0.04483,-0.10717,-0.04364,0.99227,1.00,-0.05851,-0.18586,-0.01109,0.98077,0.04511,-0.13229,-0.04770,0.98903,1.00
7336,0.00,345.00,0.10945,0.05059,-0.01962,0.99251,-0.05941,-0.16039,-0.00967,0.98522,0.04523,-0.10712,-0.04348,0.99227,1.00,-0.05808,-0.18559,-0.01099,0.98085,0.04551,-0.13224,-0.04753,0.98903,1.00
7350,0.00,345.00,0.10933,0.05039,-0.01945,0.99254,-0.05935,-0.16018,-0.00965,0.98525,0.04521,-0.10713,-0.04326,0.99227,1.00,-0.05804,-0.18539,-0.01097,0.98089,0.04548,-0.13225,-0.04731,0.98904,1.00
7364,0.00,345.00,0.10916,0.05030,-0.01942,0.99256,-0.05860,-0.15916,-0.00946,0.98547,0.04585,-0.10623,-0.04296,0.99235,1.00,-0.05730,-0.18438,-0.01077,0.98112,0.04611,-0.13138,-0.04698,0.98914,1.00
7378,0.00,345.00,0.10913,0.05020,-0.01930,0.99257,-0.05861,-0.15905,-0.00946,0.98548,0.04583,-0.10624,-0.04283,0.99236,1.00,-0.05731,-0.18428,-0.01076,0.98114,0.04609,-0.13138,-0.04686,0.98915,1.00
7392,0.00,345.00,0.10896,0.05010,-0.01908,0.99260,-0.05851,-0.15895,-0.00944,0.98551,0.04581,-0.10625,-0.04256,0.99237,1.00,-0.05723,-0.18418,-0.01074,0.98117,0.04606,-0.13140,-0.04659,0.98916,1.00
7406,0.00,345.00,0.10889,0.05006,-0.01895,0.99261,-0.05848,-0.15918,-0.00945,0.98547,0.04577,-0.10653,-0.04246,0.99235,1.00,-0.05719,-0.18441,-0.01075,0.98113,0.04603,-0.13168,-0.04648,0.98913,1.00
7420,0.00,345.00,0.10885,0.05000,-0.01903,0.99262,-0.05842,-0.15912,-0.00943,0.98548,0.04578,-0.10653,-0.04252,0.99234,1.00,-0.05713,-0.18435,-0.01073,0.98114,0.04604,-0.13167,-0.04654,0.98913,1.00
7434,0.00,345.00,0.10879,0.04992,-0.01905,0.99263,-0.06073,-0.15994,-0.00986,0.98521,0.04336,-0.10735,-0.04293,0.99235,1.00,-0.05937,-0.18516,-0.01121,0.98085,0.04369,-0.13249,-0.04699,0.98911,1.00
7448,0.00,345.00,0.10874,0.04983,-0.01896,0.99264,-0.06071,-0.15985,-0.00985,0.98522,0.04334,-0.10736,-0.04282,0.99235,1.00,-0.05935,-0.18508,-0.01120,0.98087,0.04367,-0.13249,-0.04689,0.98911,1.00
7462,0.00,345.00,0.10868,0.04973,-0.01887,0.99265,-0.06069,-0.15975,-0.00984,0.98524,0.04333,-0.10736,-0.04271,0.99236,1.00,-0.05933,-0.18497,-0.01119,0.98089,0.04366,-0.13250,-0.04677,0.98912,1.00
7476,0.00,345.00,0.10868,0.04969,-0.01882,0.99266,-0.06081,-0.15992,-0.00987,0.98521,0.04321,-0.10757,-0.04270,0.99234,1.00,-0.05945,-0.18514,-0.01122,0.98085,0.04354,-0.13270,-0.04676,0.98909,1.00
7490,0.00,345.00,0.10865,0.04965,-0.01883,0.99266,-0.06078,-0.15988,-0.00986,0.98521,0.04321,-0.10757,-0.04269,0.99234,1.00,-0.05942,-0.18510,-0.01121,0.98086,0.04354,-0.13270,-0.04676,0.98909,1.00
7504,0.00,345.00,0.10869,0.04963,-0.01883,0.99266,-0.06142,-0.16013,-0.00998,0.98513,0.04260,-0.10783,-0.04281,0.99233,1.00,-0.06003,-0.18535,-0.01135,0.98077,0.04296,-0.13296,-0.04689,0.98908,1.00
7517,0.00,345.00,0.10872,0.04955,-0.01881,0.99266,-0.06145,-0.16006,-0.00998,0.98514,0.04260,-0.10783,-0.04280,0.99233,1.00,-0.06007,-0.18528,-0.01135,0.98078,0.04295,-0.13296,-0.04688,0.98908,1.00
7531,0.00,345.00,0.10872,0.04950,-0.01882,0.99266,-0.05935,-0.15971,-0.00962,0.98533,0.04473,-0.10761,-0.04252,0.99228,1.00,-0.05801,-0.18494,-0.01094,0.98098,0.04504,-0.13274,-0.04655,0.98903,1.00
7545,0.00,345.00,0.10868,0.04943,-0.01876,0.99267,-0.05933,-0.15964,-0.00961,0.98534,0.04472,-0.10761,-0.04244,0.99228,1.00,-0.05800,-0.18487,-0.01093,0.98099,0.04503,-0.13275,-0.04647,0.98904,1.00
7559,0.00,345.00,0.10863,0.04936,-0.01876,0.99268,-0.05929,-0.15957,-0.00960,0.98536,0.04472,-0.10761,-0.04242,0.99228,1.00,-0.05796,-0.18480,-0.01092,0.98101,0.04503,-0.13275,-0.04645,0.98904,1.00
7573,0.00,345.00,0.10866,0.04931,-0.01879,0.99268,-0.05942,-0.16131,-0.00973,0.98507,0.04454,-0.10938,-0.04276,0.99208,1.00,-0.05807,-0.18649,-0.01104,0.98068,0.04487,-0.13448,-0.04679,0.98879,1.00
7587,0.00,345.00,0.10870,0.04922,-0.01887,0.99268,-0.05944,-0.16122,-0.00973,0.98508,0.04455,-0.10937,-0.04284,0.99208,1.00,-0.05809,-0.18640,-0.01104,0.98069,0.04488,-0.13448,-0.04687,0.98879,1.00
7601,0.00,345.00,0.10865,0.04911,-0.01888,0.99269,-0.05937,-0.15962,-0.00962,0.98535,0.04463,-0.10789,-0.04258,0.99225,1.00,-0.05803,-0.18484,-0.01093,0.98099,0.04495,-0.13303,-0.04661,0.98900,1.00
7615,0.00,345.00,0.10842,0.04912,-0.01879,0.99271,-0.05918,-0.15961,-0.00959,0.98536,0.04462,-0.10790,-0.04243,0.99225,1.00,-0.05784,-0.18483,-0.01090,0.98101,0.04493,-0.13303,-0.04645,0.98900,1.00
7629,0.00,345.00,0.10819,0.04918,-0.01876,0.99274,-0.05896,-0.15966,-0.00955,0.98536,0.04461,-0.10790,-0.04235,0.99226,1.00,-0.05763,-0.18488,-0.01086,0.98101,0.04492,-0.13304,-0.04636,0.98901,1.00
7643,0.00,345.00,0.10804,0.04926,-0.01879,0.99275,-0.05895,-0.15027,-0.00898,0.98685,0.04483,-0.09848,-0.04078,0.99329,1.00,-0.05769,-0.17570,-0.01031,0.98270,0.04509,-0.12381,-0.04484,0.99027,1.00
7657,0.00,345.00,0.10795,0.04938,-0.01882,0.99275,-0.05886,-0.15038,-0.00897,0.98683,0.04483,-0.09848,-0.04080,0.99329,1.00,-0.05759,-0.17581,-0.01030,0.98268,0.04509,-0.12381,-0.04486,0.99027,1.00
7670,0.00,345.00,0.10786,0.04943,-0.01881,0.99276,-0.05890,-0.15043,-0.00898,0.98682,0.04469,-0.09848,-0.04079,0.99330,1.00,-0.05764,-0.17586,-0.01031,0.98267,0.04495,-0.12381,-0.04484,0.99027,1.00
7684,0.00,345.00,0.10785,0.04944,-0.01877,0.99276,-0.05890,-0.15044,-0.00898,0.98682,0.04468,-0.09848,-0.04075,0.99330,1.00,-0.05764,-0.17587,-0.01031,0.98267,0.04495,-0.12382,-0.04480,0.99027,1.00
7698,0.00,345.00,0.10787,0.04941,-0.01882,0.99276,-0.05907,-0.14941,-0.00894,0.98697,0.04457,-0.09749,-0.04065,0.99341,1.00,-0.05781,-0.17486,-0.01028,0.98284,0.04483,-0.12284,-0.04472,0.99041,1.00
7712,0.00,345.00,0.10805,0.04930,-0.01890,0.99274,-0.05923,-0.14931,-0.00896,0.98697,0.04458,-0.09748,-0.04076,0.99340,1.00,-0.05796,-0.17477,-0.01031,0.98285,0.04484,-0.12283,-0.04483,0.99040,1.00
7727,0.00,345.00,0.10824,0.04919,-0.01900,0.99272,-0.05940,-0.14922,-0.00898,0.98698,0.04459,-0.09748,-0.04090,0.99340,1.00,-0.05812,-0.17467,-0.01033,0.98286,0.04486,-0.12282,-0.04497,0.99039,1.00
7740,0.00,345.00,0.10849,0.04897,-0.01897,0.99271,-0.05942,-0.15048,-0.00906,0.98678,0.04476,-0.09895,-0.04113,0.99323,1.00,-0.05814,-0.17590,-0.01041,0.98263,0.04504,-0.12427,-0.04521,0.99019,1.00
7754,0.00,345.00,0.10868,0.04888,-0.01902,0.99269,-0.05960,-0.15040,-0.00908,0.98679,0.04477,-0.09895,-0.04122,0.99323,1.00,-0.05831,-0.17582,-0.01043,0.98264,0.04505,-0.12427,-0.04530,0.99019,1.00
7768,0.00,345.00,0.10883,0.04876,-0.01914,0.99268,-0.05949,-0.15166,-0.00914,0.98660,0.04497,-0.10031,-0.04157,0.99307,1.00,-0.05819,-0.17705,-0.01049,0.98242,0.04525,-0.12560,-0.04565,0.99000,1.00
7782,0.00,345.00,0.10876,0.04863,-0.01920,0.99269,-0.05941,-0.15153,-0.00912,0.98662,0.04497,-0.10031,-0.04159,0.99307,1.00,-0.05812,-0.17693,-0.01047,0.98245,0.04525,-0.12560,-0.04567,0.99000,1.00
7796,0.00,345.00,0.10877,0.04859,-0.01930,0.99269,-0.05941,-0.15149,-0.00912,0.98663,0.04498,-0.10030,-0.04168,0.99307,1.00,-0.05811,-0.17688,-0.01046,0.98246,0.04526,-0.12560,-0.04576,0.98999,1.00
7810,0.00,345.00,0.10871,0.04862,-0.01950,0.99269,-0.05882,-0.15181,-0.00905,0.98662,0.04547,-0.10060,-0.04186,0.99301,1.00,-0.05753,-0.17720,-0.01038,0.98244,0.04574,-0.12589,-0.04592,0.98992,1.00
7824,0.00,345.00,0.10874,0.04869,-0.01967,0.99268,-0.05881,-0.15188,-0.00905,0.98661,0.04548,-0.10059,-0.04204,0.99300,1.00,-0.05750,-0.17728,-0.01038,0.98242,0.04576,-0.12588,-0.04610,0.98992,1.00
7837,0.00,345.00,0.10881,0.04875,-0.01963,0.99267,-0.05983,-0.15188,-0.00921,0.98654,0.04452,-0.10050,-0.04212,0.99305,1.00,-0.05852,-0.17728,-0.01056,0.98236,0.04480,-0.12580,-0.04621,0.98997,1.00
7851,0.00,345.00,0.10897,0.04891,-0.01955,0.99265,-0.06000,-0.15205,-0.00925,0.98651,0.04452,-0.10050,-0.04210,0.99305,1.00,-0.05869,-0.17746,-0.01060,0.98232,0.04480,-0.12580,-0.04619,0.98997,1.00
7865,0.00,345.00,0.10926,0.04912,-0.01955,0.99261,-0.05920,-0.15228,-0.00914,0.98652,0.04560,-0.10054,-0.04209,0.99300,1.00,-0.05791,-0.17768,-0.01047,0.98233,0.04586,-0.12583,-0.04617,0.98992,1.00
7879,0.00,345.00,0.10947,0.04914,-0.01956,0.99258,-0.05940,-0.15230,-0.00917,0.98650,0.04561,-0.10053,-0.04215,0.99299,1.00,-0.05811,-0.17770,-0.01051,0.98231,0.04586,-0.12583,-0.04624,0.98991,1.00
7894,0.00,345.00,0.10962,0.04920,-0.01964,0.99256,-0.05952,-0.15238,-0.00919,0.98649,0.04562,-0.10053,-0.04228,0.99299,1.00,-0.05822,-0.17777,-0.01054,0.98229,0.04588,-0.12582,-0.04638,0.98991,1.00
7907,0.00,345.00,0.10959,0.04925,-0.01958,0.99256,-0.05994,-0.15116,-0.00918,0.98665,0.04523,-0.09926,-0.04205,0.99314,1.00,-0.05864,-0.17659,-0.01054,0.98248,0.04549,-0.12458,-0.04617,0.99009,1.00
7921,0.00,345.00,0.10951,0.04923,-0.01951,0.99257,-0.05987,-0.15114,-0.00917,0.98666,0.04522,-0.09927,-0.04196,0.99315,1.00,-0.05859,-0.17656,-0.01053,0.98249,0.04548,-0.12458,-0.04607,0.99010,1.00
7935,0.00,345.00,0.10946,0.04921,-0.01946,0.99258,-0.05864,-0.15095,-0.00897,0.98676,0.04643,-0.09915,-0.04175,0.99311,1.00,-0.05738,-0.17637,-0.01030,0.98260,0.04666,-0.12446,-0.04583,0.99007,1.00
7949,0.00,345.00,0.10944,0.04917,-0.01948,0.99259,-0.05862,-0.15092,-0.00896,0.98677,0.04643,-0.09915,-0.04175,0.99311,1.00,-0.05736,-0.17633,-0.01029,0.98260,0.04666,-0.12446,-0.04583,0.99007,1.00
7963,0.00,345.00,0.10948,0.04915,-0.01951,0.99258,-0.05865,-0.15089,-0.00897,0.98677,0.04643,-0.09915,-0.04179,0.99311,1.00,-0.05739,-0.17631,-0.01030,0.98261,0.04666,-0.12446,-0.04588,0.99006,1.00
7977,0.00,345.00,0.10950,0.04919,-0.01961,0.99258,-0.05955,-0.15089,-0.00911,0.98671,0.04553,-0.09906,-0.04198,0.99315,1.00,-0.05826,-0.17631,-0.01045,0.98255,0.04579,-0.12438,-0.04608,0.99011,1.00
7991,0.00,345.00,0.10944,0.04931,-0.01954,0.99258,-0.05950,-0.15100,-0.00911,0.98670,0.04552,-0.09907,-0.04191,0.99315,1.00,-0.05822,-0.17642,-0.01045,0.98254,0.04578,-0.12438,-0.04602,0.99011,1.00
8005,0.00,345.00,0.10937,0.04947,-0.01966,0.99258,-0.05935,-0.15097,-0.00908,0.98671,0.04558,-0.09887,-0.04198,0.99317,1.00,-0.05807,-0.17639,-0.01042,0.98255,0.04584,-0.12419,-0.04608,0.99013,1.00
8018,0.00,345.00,0.10925,0.04963,-0.01979,0.99258,-0.05920,-0.15111,-0.00907,0.98670,0.04559,-0.09886,-0.04209,0.99316,1.00,-0.05791,-0.17654,-0.01040,0.98253,0.04585,-0.12418,-0.04618,0.99012,1.00
8032,0.00,0.00,0.10919,0.04980,-0.01974,0.99258,-0.05923,-0.15170,-0.00911,0.98661,0.04549,-0.09928,-0.04213,0.99313,1.00,-0.05794,-0.17711,-0.01045,0.98243,0.04574,-0.12458,-0.04621,0.99008,1.00
8046,0.00,0.00,0.10918,0.04988,-0.01982,0.99257,-0.05919,-0.15177,-0.00911,0.98660,0.04550,-0.09927,-0.04221,0.99312,1.00,-0.05790,-0.17718,-0.01044,0.98242,0.04575,-0.12458,-0.04629,0.99007,1.00
8061,0.00,0.00,0.10927,0.04992,-0.01988,0.99256,-0.05926,-0.15182,-0.00912,0.98659,0.04551,-0.09927,-0.04230,0.99312,1.00,-0.05796,-0.17723,-0.01046,0.98240,0.04577,-0.12458,-0.04638,0.99007,1.00
8074,0.00,0.00,0.10931,0.04996,-0.01991,0.99255,-0.05835,-0.15102,-0.00893,0.98677,0.04649,-0.09846,-0.04210,0.99316,1.00,-0.05709,-0.17644,-0.01025,0.98260,0.04672,-0.12378,-0.04617,0.99013,1.00
8088,0.00,0.00,0.10945,0.04996,-0.01991,0.99254,-0.05849,-0.15103,-0.00895,0.98676,0.04649,-0.09846,-0.04214,0.99316,1.00,-0.05722,-0.17645,-0.01028,0.98259,0.04672,-0.12377,-0.04622,0.99013,1.00
8102,0.00,0.00,0.10964,0.04997,-0.01990,0.99252,-0.05866,-0.15146,-0.00900,0.98668,0.04650,-0.09887,-0.04224,0.99312,1.00,-0.05739,-0.17687,-0.01033,0.98251,0.04673,-0.12417,-0.04633,0.99008,1.00
8116,0.00,0.00,0.10981,0.04995,-0.01987,0.99250,-0.05883,-0.15145,-0.00903,0.98667,0.04650,-0.09887,-0.04226,0.99312,1.00,-0.05756,-0.17686,-0.01036,0.98250,0.04673,-0.12417,-0.04635,0.99008,1.00
8130,0.00,0.00,0.10993,0.04993,-0.01977,0.99249,-0.05897,-0.15143,-0.00905,0.98667,0.04649,-0.09887,-0.04219,0.99312,1.00,-0.05770,-0.17684,-0.01039,0.98249,0.04672,-0.12417,-0.04629,0.99008,1.00
8144,0.00,0.00,0.11015,0.04981,-0.01961,0.99247,-0.06015,-0.15129,-0.00922,0.98661,0.04555,-0.09881,-0.04217,0.99317,1.00,-0.05887,-0.17670,-0.01059,0.98245,0.04579,-0.12412,-0.04630,0.99013,1.00
8158,0.00,0.00,0.11028,0.04971,-0.01947,0.99247,-0.06032,-0.15119,-0.00924,0.98662,0.04554,-0.09881,-0.04206,0.99317,1.00,-0.05904,-0.17661,-0.01061,0.98245,0.04578,-0.12412,-0.04620,0.99013,1.00
8171,0.00,0.00,0.11035,0.04963,-0.01939,0.99246,-0.06179,-0.15113,-0.00947,0.98654,0.04414,-0.09878,-0.04214,0.99324,1.00,-0.06048,-0.17655,-0.01087,0.98237,0.04442,-0.12409,-0.04632,0.99019,1.00
8185,0.00,0.00,0.11047,0.04951,-0.01936,0.99246,-0.06192,-0.15101,-0.00948,0.98655,0.04414,-0.09878,-0.04212,0.99324,1.00,-0.06061,-0.17643,-0.01088,0.98238,0.04442,-0.12409,-0.04631,0.99019,1.00
8199,0.00,0.00,0.11058,0.04938,-0.01926,0.99245,-0.06002,-0.15017,-0.00913,0.98679,0.04621,-0.09815,-0.04171,0.99322,1.00,-0.05875,-0.17561,-0.01050,0.98265,0.04645,-0.12347,-0.04586,0.99020,1.00
8213,0.00,0.00,0.11074,0.04927,-0.01914,0.99244,-0.06021,-0.15007,-0.00916,0.98680,0.04620,-0.09815,-0.04163,0.99323,1.00,-0.05894,-0.17551,-0.01053,0.98266,0.04645,-0.12347,-0.04579,0.99020,1.00
8228,0.00,0.00,0.11088,0.04920,-0.01903,0.99243,-0.06038,-0.15000,-0.00918,0.98680,0.04619,-0.09816,-0.04155,0.99323,1.00,-0.05911,-0.17544,-0.01055,0.98266,0.04644,-0.12348,-0.04572,0.99021,1.00
8241,0.00,0.00,0.11102,0.04912,-0.01897,0.99242,-0.06291,-0.14919,-0.00951,0.98676,0.04381,-0.09734,-0.04163,0.99341,1.00,-0.06160,-0.17466,-0.01095,0.98264,0.04411,-0.12268,-0.04587,0.99040,1.00
8255,0.00,0.00,0.11113,0.04905,-0.01884,0.99242,-0.06306,-0.14912,-0.00953,0.98676,0.04380,-0.09734,-0.04153,0.99342,1.00,-0.06174,-0.17459,-0.01097,0.98264,0.04410,-0.12269,-0.04577,0.99041,1.00
8269,0.00,0.00,0.11123,0.04903,-0.01871,0.99241,-0.06878,-0.05142,-0.00355,0.99630,0.04143,-0.00050,-0.02451,0.99884,1.00,-0.06820,-0.07840,-0.00538,0.99457,0.04121,-0.02717,-0.02932,0.99835,1.00
8283,0.00,0.00,0.11126,0.04902,-0.01858,0.99241,-0.06882,-0.05141,-0.00355,0.99630,0.04143,-0.00051,-0.02439,0.99884,1.00,-0.06825,-0.07839,-0.00538,0.99457,0.04121,-0.02718,-0.02920,0.99835,1.00
8297,0.00,0.00,0.11129,0.04893,-0.01850,0.99241,-0.06885,-0.05132,-0.00355,0.99630,0.04143,-0.00051,-0.02429,0.99885,1.00,-0.06829,-0.07830,-0.00538,0.99457,0.04121,-0.02718,-0.02911,0.99836,1.00
8311,0.00,0.00,0.11139,0.04894,-0.01842,0.99240,-0.07428,-0.02604,-0.00194,0.99690,0.03676,0.02453,-0.01955,0.99883,1.00,-0.07391,-0.05324,-0.00395,0.99584,0.03641,-0.00229,-0.02457,0.99903,1.00
8325,0.00,0.00,0.11149,0.04894,-0.01834,0.99239,-0.07438,-0.02604,-0.00194,0.99689,0.03676,0.02453,-0.01948,0.99883,1.00,-0.07401,-0.05323,-0.00396,0.99583,0.03641,-0.00229,-0.02451,0.99903,1.00
8339,0.00,0.00,0.11157,0.04893,-0.01827,0.99238,-0.07417,-0.02583,-0.00192,0.99691,0.03705,0.02471,-0.01937,0.99882,1.00,-0.07380,-0.05303,-0.00393,0.99585,0.03671,-0.00211,-0.02440,0.99903,1.00
8352,0.00,0.00,0.11175,0.04892,-0.01807,0.99237,-0.07436,-0.02582,-0.00193,0.99690,0.03705,0.02471,-0.01917,0.99882,1.00,-0.07400,-0.05302,-0.00394,0.99584,0.03670,-0.00211,-0.02421,0.99903,1.00
8367,0.00,0.00,0.11187,0.04894,-0.01811,0.99235,-0.07429,-0.02311,-0.00172,0.99697,0.03730,0.02739,-0.01871,0.99875,1.00,-0.07394,-0.05032,-0.00374,0.99599,0.03695,0.00056,-0.02375,0.99903,1.00
8380,0.00,0.00,0.11192,0.04887,-0.01806,0.99235,-0.07435,-0.02304,-0.00172,0.99696,0.03730,0.02739,-0.01865,0.99875,1.00,-0.07400,-0.05025,-0.00373,0.99598,0.03695,0.00056,-0.02370,0.99904,1.00
8395,0.00,0.00,0.11191,0.04888,-0.01805,0.99235,-0.07434,-0.02305,-0.00172,0.99696,0.03730,0.02739,-0.01865,0.99875,1.00,-0.07399,-0.05026,-0.00373,0.99598,0.03695,0.00056,-0.02369,0.99904,1.00
8408,0.00,0.00,0.11198,0.04882,-0.01826,0.99234,-0.07666,-0.02299,-0.00177,0.99679,0.03504,0.02744,-0.01879,0.99883,1.00,-0.07628,-0.05022,-0.00385,0.99581,0.03471,0.00061,-0.02390,0.99911,1.00
8422,0.00,0.00,0.11208,0.04884,-0.01837,0.99233,-0.07676,-0.02302,-0.00177,0.99678,0.03503,0.02745,-0.01890,0.99883,1.00,-0.07637,-0.05024,-0.00385,0.99581,0.03471,0.00061,-0.02402,0.99911,1.00
8436,0.00,0.00,0.11222,0.04887,-0.01834,0.99231,-0.07673,-0.02317,-0.00178,0.99678,0.03521,0.02733,-0.01890,0.99883,1.00,-0.07635,-0.05039,-0.00386,0.99580,0.03488,0.00050,-0.02402,0.99910,1.00
8450,0.00,0.00,0.11240,0.04894,-0.01817,0.99229,-0.07691,-0.02323,-0.00179,0.99677,0.03521,0.02733,-0.01874,0.99883,1.00,-0.07654,-0.05046,-0.00388,0.99578,0.03488,0.00049,-0.02387,0.99911,1.00
8464,0.00,0.00,0.11269,0.04906,-0.01796,0.99226,-0.07694,-0.02446,-0.00189,0.99673,0.03545,0.02622,-0.01876,0.99885,1.00,-0.07656,-0.05168,-0.00397,0.99572,0.03512,-0.00061,-0.02389,0.99910,1.00
8478,0.00,0.00,0.11299,0.04906,-0.01791,0.99222,-0.07723,-0.02446,-0.00190,0.99671,0.03545,0.02622,-0.01870,0.99885,1.00,-0.07686,-0.05169,-0.00399,0.99569,0.03512,-0.00061,-0.02386,0.99910,1.00
8492,0.00,0.00,0.11324,0.04905,-0.01782,0.99220,-0.07749,-0.02446,-0.00190,0.99669,0.03545,0.02622,-0.01862,0.99885,1.00,-0.07711,-0.05168,-0.00400,0.99567,0.03512,-0.00061,-0.02379,0.99910,1.00
8506,0.00,0.00,0.11341,0.04896,-0.01768,0.99218,-0.07820,-0.02428,-0.00190,0.99664,0.03492,0.02631,-0.01844,0.99887,1.00,-0.07782,-0.05151,-0.00403,0.99563,0.03459,-0.00052,-0.02363,0.99912,1.00
8519,0.00,0.00,0.11344,0.04882,-0.01757,0.99219,-0.07823,-0.02413,-0.00189,0.99664,0.03492,0.02630,-0.01831,0.99888,1.00,-0.07786,-0.05136,-0.00402,0.99563,0.03459,-0.00053,-0.02351,0.99913,1.00
8534,0.00,0.00,0.11347,0.04878,-0.01747,0.99219,-0.07778,-0.02263,-0.00177,0.99671,0.03544,0.02772,-0.01794,0.99883,1.00,-0.07742,-0.04987,-0.00388,0.99574,0.03511,0.00088,-0.02313,0.99912,1.00
8547,0.00,0.00,0.11360,0.04859,-0.01737,0.99219,-0.07792,-0.02244,-0.00175,0.99671,0.03544,0.02771,-0.01782,0.99883,1.00,-0.07757,-0.04968,-0.00387,0.99574,0.03511,0.00088,-0.02301,0.99912,1.00
8562,0.00,0.00,0.11370,0.04842,-0.01738,0.99218,-0.07802,-0.02228,-0.00174,0.99670,0.03544,0.02771,-0.01781,0.99883,1.00,-0.07767,-0.04951,-0.00386,0.99574,0.03511,0.00088,-0.02301,0.99912,1.00
8575,0.00,0.00,0.11367,0.04836,-0.01734,0.99219,-0.07768,-0.02161,-0.00168,0.99674,0.03577,0.02830,-0.01765,0.99880,1.00,-0.07732,-0.04884,-0.00379,0.99580,0.03544,0.00147,-0.02284,0.99911,1.00
8589,0.00,0.00,0.11363,0.04825,-0.01725,0.99220,-0.07764,-0.02149,-0.00167,0.99675,0.03577,0.02830,-0.01755,0.99881,1.00,-0.07729,-0.04872,-0.00378,0.99581,0.03544,0.00146,-0.02274,0.99911,1.00
8603,0.00,0.00,0.11352,0.04821,-0.01735,0.99221,-0.07597,-0.02250,-0.00171,0.99685,0.03731,0.02725,-0.01789,0.99877,1.00,-0.07561,-0.04972,-0.00377,0.99589,0.03699,0.00042,-0.02302,0.99905,1.00
8617,0.00,0.00,0.11346,0.04822,-0.01759,0.99222,-0.07592,-0.02251,-0.00171,0.99686,0.03730,0.02726,-0.01813,0.99877,1.00,-0.07554,-0.04974,-0.00377,0.99589,0.03699,0.00043,-0.02326,0.99904,1.00
8631,0.00,0.00,0.11342,0.04826,-0.01773,0.99222,-0.07699,-0.02177,-0.00168,0.99679,0.03620,0.02806,-0.01810,0.99879,1.00,-0.07660,-0.04900,-0.00377,0.99585,0.03589,0.00123,-0.02326,0.99908,1.00
8645,0.00,0.00,0.11347,0.04831,-0.01779,0.99221,-0.07704,-0.02182,-0.00169,0.99679,0.03620,0.02806,-0.01816,0.99879,1.00,-0.07665,-0.04905,-0.00378,0.99584,0.03589,0.00123,-0.02333,0.99908,1.00
8659,0.00,0.00,0.11359,0.04836,-0.01780,0.99219,-0.07716,-0.02187,-0.00169,0.99678,0.03620,0.02806,-0.01818,0.99879,1.00,-0.07677,-0.04911,-0.00379,0.99583,0.03589,0.00123,-0.02335,0.99908,1.00
8673,0.00,0.00,0.11378,0.04843,-0.01789,0.99216,-0.07738,-0.02154,-0.00167,0.99677,0.03618,0.02848,-0.01819,0.99877,1.00,-0.07700,-0.04878,-0.00377,0.99583,0.03586,0.00164,-0.02338,0.99908,1.00
8687,0.00,0.00,0.11396,0.04854,-0.01803,0.99214,-0.07755,-0.02166,-0.00169,0.99675,0.03617,0.02848,-0.01835,0.99877,1.00,-0.07716,-0.04890,-0.00379,0.99581,0.03586,0.00164,-0.02354,0.99908,1.00
8701,0.00,0.00,0.11404,0.04851,-0.01810,0.99213,-0.07890,-0.02036,-0.00161,0.99667,0.03493,0.02976,-0.01813,0.99878,1.00,-0.07852,-0.04761,-0.00375,0.99577,0.03461,0.00292,-0.02337,0.99912,1.00
8714,0.00,0.00,0.11409,0.04852,-0.01813,0.99212,-0.07896,-0.02037,-0.00161,0.99667,0.03493,0.02976,-0.01816,0.99878,1.00,-0.07858,-0.04762,-0.00376,0.99576,0.03461,0.00292,-0.02340,0.99912,1.00
8728,0.00,0.00,0.11411,0.04847,-0.01812,0.99212,-0.07897,-0.02032,-0.00161,0.99667,0.03493,0.02976,-0.01815,0.99878,1.00,-0.07859,-0.04758,-0.00375,0.99576,0.03461,0.00292,-0.02339,0.99912,1.00
8742,0.00,0.00,0.11416,0.04836,-0.01812,0.99212,-0.08076,-0.01677,-0.00136,0.99659,0.03328,0.03318,-0.01741,0.99874,1.00,-0.08042,-0.04405,-0.00356,0.99578,0.03292,0.00632,-0.02271,0.99918,1.00
8756,0.00,0.00,0.11426,0.04832,-0.01815,0.99211,-0.08086,-0.01673,-0.00136,0.99658,0.03328,0.03318,-0.01744,0.99874,1.00,-0.08052,-0.04401,-0.00356,0.99577,0.03292,0.00632,-0.02275,0.99918,1.00
8770,0.00,0.00,0.11434,0.04818,-0.01816,0.99211,-0.08079,-0.01620,-0.00131,0.99660,0.03344,0.03357,-0.01736,0.99873,1.00,-0.08046,-0.04348,-0.00351,0.99580,0.03308,0.00671,-0.02266,0.99917,1.00
8784,0.00,0.00,0.11437,0.04809,-0.01819,0.99211,-0.08082,-0.01611,-0.00131,0.99660,0.03344,0.03357,-0.01738,0.99873,1.00,-0.08049,-0.04339,-0.00351,0.99580,0.03308,0.00671,-0.02268,0.99917,1.00
8798,0.00,0.00,0.11438,0.04801,-0.01822,0.99211,-0.07991,-0.01618,-0.00130,0.99667,0.03436,0.03341,-0.01746,0.99870,1.00,-0.07958,-0.04345,-0.00347,0.99588,0.03400,0.00655,-0.02274,0.99914,1.00
8812,0.00,0.00,0.11435,0.04798,-0.01825,0.99211,-0.07988,-0.01615,-0.00129,0.99667,0.03436,0.03341,-0.01749,0.99870,1.00,-0.07955,-0.04343,-0.00347,0.99588,0.03400,0.00655,-0.02276,0.99914,1.00
8826,0.00,0.00,0.11429,0.04796,-0.01829,0.99212,-0.07982,-0.01613,-0.00129,0.99668,0.03436,0.03341,-0.01753,0.99870,1.00,-0.07948,-0.04340,-0.00346,0.99588,0.03400,0.00655,-0.02280,0.99914,1.00
8840,0.00,0.00,0.11423,0.04795,-0.01826,0.99213,-0.07969,-0.01604,-0.00128,0.99669,0.03444,0.03348,-0.01749,0.99869,1.00,-0.07936,-0.04332,-0.00345,0.99590,0.03407,0.00662,-0.02276,0.99914,1.00
8854,0.00,0.00,0.11411,0.04797,-0.01829,0.99214,-0.07957,-0.01606,-0.00128,0.99670,0.03444,0.03348,-0.01752,0.99869,1.00,-0.07924,-0.04333,-0.00345,0.99591,0.03407,0.00662,-0.02278,0.99914,1.00
8868,0.00,0.00,0.11395,0.04795,-0.01833,0.99216,-0.07880,-0.01631,-0.00129,0.99676,0.03504,0.03320,-0.01763,0.99868,1.00,-0.07847,-0.04358,-0.00343,0.99596,0.03467,0.00634,-0.02286,0.99912,1.00
8881,0.00,0.00,0.11376,0.04798,-0.01835,0.99218,-0.07860,-0.01634,-0.00129,0.99677,0.03504,0.03320,-0.01766,0.99868,1.00,-0.07828,-0.04361,-0.00343,0.99597,0.03467,0.00635,-0.02288,0.99912,1.00
8895,0.00,0.00,0.11361,0.04797,-0.01841,0.99220,-0.07845,-0.01633,-0.00129,0.99678,0.03504,0.03320,-0.01772,0.99868,1.00,-0.07813,-0.04360,-0.00342,0.99598,0.03467,0.00635,-0.02293,0.99912,1.00
8909,0.00,0.00,0.11356,0.04801,-0.01841,0.99220,-0.07828,-0.01503,-0.00118,0.99682,0.03519,0.03452,-0.01747,0.99863,1.00,-0.07797,-0.04230,-0.00331,0.99605,0.03481,0.00766,-0.02268,0.99911,1.00
8923,0.00,0.00,0.11352,0.04804,-0.01853,0.99220,-0.07824,-0.01506,-0.00118,0.99682,0.03519,0.03453,-0.01759,0.99863,1.00,-0.07792,-0.04233,-0.00331,0.99605,0.03481,0.00767,-0.02280,0.99910,1.00
8937,0.00,0.00,0.11351,0.04809,-0.01866,0.99220,-0.07849,-0.01636,-0.00129,0.99678,0.03490,0.03331,-0.01796,0.99867,1.00,-0.07815,-0.04363,-0.00342,0.99598,0.03453,0.00645,-0.02318,0.99911,1.00
8951,0.00,0.00,0.11349,0.04813,-0.01865,0.99220,-0.07847,-0.01640,-0.00129,0.99678,0.03490,0.03331,-0.01795,0.99867,1.00,-0.07814,-0.04367,-0.00343,0.99598,0.03453,0.00645,-0.02317,0.99911,1.00
8965,0.00,0.00,0.11346,0.04815,-0.01858,0.99220,-0.07912,-0.01621,-0.00129,0.99673,0.03422,0.03352,-0.01782,0.99869,1.00,-0.07880,-0.04348,-0.00344,0.99594,0.03384,0.00666,-0.02305,0.99914,1.00
8979,0.00,0.00,0.11340,0.04817,-0.01864,0.99221,-0.07906,-0.01623,-0.00129,0.99674,0.03422,0.03352,-0.01789,0.99869,1.00,-0.07874,-0.04350,-0.00344,0.99594,0.03384,0.00666,-0.02312,0.99914,1.00
8993,0.00,0.00,0.11317,0.04819,-0.01875,0.99223,-0.07884,-0.01626,-0.00129,0.99675,0.03422,0.03353,-0.01800,0.99869,1.00,-0.07850,-0.04353,-0.00343,0.99596,0.03384,0.00667,-0.02322,0.99914,1.00
9007,0.00,0.00,0.11284,0.04823,-0.01879,0.99226,-0.07869,-0.01653,-0.00131,0.99676,0.03402,0.03330,-0.01809,0.99870,1.00,-0.07836,-0.04380,-0.00345,0.99596,0.03364,0.00644,-0.02330,0.99914,1.00
9021,0.00,0.00,0.11274,0.04835,-0.01909,0.99226,-0.07859,-0.01666,-0.00131,0.99677,0.03401,0.03331,-0.01841,0.99870,1.00,-0.07824,-0.04393,-0.00345,0.99596,0.03364,0.00645,-0.02361,0.99913,1.00
9035,0.00,0.00,0.11287,0.04845,-0.01931,0.99224,-0.07906,-0.01646,-0.00131,0.99673,0.03368,0.03363,-0.01857,0.99869,1.00,-0.07871,-0.04373,-0.00346,0.99593,0.03331,0.00677,-0.02378,0.99914,1.00
9048,0.00,0.00,0.11306,0.04863,-0.01926,0.99221,-0.07924,-0.01664,-0.00132,0.99672,0.03368,0.03363,-0.01853,0.99869,1.00,-0.07889,-0.04391,-0.00348,0.99591,0.03331,0.00677,-0.02376,0.99914,1.00
9062,0.00,0.00,0.11330,0.04877,-0.01914,0.99218,-0.07948,-0.01679,-0.00134,0.99669,0.03368,0.03363,-0.01843,0.99870,1.00,-0.07913,-0.04406,-0.00350,0.99588,0.03331,0.00677,-0.02367,0.99914,1.00
9077,0.00,0.00,0.11347,0.04891,-0.01906,0.99215,-0.07978,-0.01649,-0.00132,0.99668,0.03357,0.03406,-0.01828,0.99869,1.00,-0.07945,-0.04376,-0.00349,0.99587,0.03317,0.00720,-0.02353,0.99915,1.00
9090,0.00,0.00,0.11353,0.04901,-0.01902,0.99214,-0.07983,-0.01659,-0.00133,0.99667,0.03357,0.03406,-0.01824,0.99869,1.00,-0.07950,-0.04387,-0.00350,0.99586,0.03317,0.00720,-0.02349,0.99915,1.00
9104,0.00,0.00,0.11359,0.04902,-0.01900,0.99214,-0.08029,-0.01630,-0.00131,0.99664,0.03317,0.03436,-0.01816,0.99869,1.00,-0.07997,-0.04358,-0.00350,0.99584,0.03277,0.00749,-0.02342,0.99916,1.00
9118,0.00,0.00,0.11367,0.04904,-0.01902,0.99213,-0.08038,-0.01632,-0.00132,0.99663,0.03317,0.03436,-0.01817,0.99869,1.00,-0.08006,-0.04360,-0.00351,0.99583,0.03277,0.00749,-0.02345,0.99916,1.00
9132,0.00,0.00,0.11371,0.04893,-0.01904,0.99213,-0.08042,-0.01621,-0.00131,0.99663,0.03317,0.03436,-0.01818,0.99869,1.00,-0.08010,-0.04349,-0.00350,0.99583,0.03277,0.00749,-0.02346,0.99916,1.00
9146,0.00,0.00,0.11368,0.04884,-0.01896,0.99214,-0.08027,-0.01627,-0.00131,0.99664,0.03328,0.03421,-0.01813,0.99870,1.00,-0.07995,-0.04355,-0.00350,0.99584,0.03288,0.00734,-0.02340,0.99916,1.00
9160,0.00,0.00,0.11369,0.04869,-0.01887,0.99214,-0.08029,-0.01611,-0.00130,0.99664,0.03329,0.03420,-0.01802,0.99870,1.00,-0.07997,-0.04339,-0.00348,0.99585,0.03288,0.00734,-0.02329,0.99916,1.00
9174,0.00,0.00,0.11373,0.04861,-0.01886,0.99214,-0.08011,-0.01635,-0.00131,0.99665,0.03350,0.03388,-0.01806,0.99870,1.00,-0.07979,-0.04363,-0.00350,0.99585,0.03311,0.00702,-0.02333,0.99916,1.00
9188,0.00,0.00,0.11381,0.04855,-0.01879,0.99214,-0.08018,-0.01629,-0.00131,0.99665,0.03351,0.03388,-0.01798,0.99870,1.00,-0.07987,-0.04356,-0.00349,0.99585,0.03311,0.00702,-0.02326,0.99916,1.00
9202,0.00,0.00,0.11378,0.04854,-0.01864,0.99214,-0.07952,-0.01642,-0.00131,0.99670,0.03414,0.03372,-0.01789,0.99869,1.00,-0.07922,-0.04369,-0.00348,0.99589,0.03374,0.00686,-0.02314,0.99914,1.00
9215,0.00,0.00,0.11383,0.04856,-0.01871,0.99214,-0.07957,-0.01645,-0.00131,0.99669,0.03413,0.03372,-0.01796,0.99869,1.00,-0.07926,-0.04372,-0.00348,0.99589,0.03374,0.00686,-0.02321,0.99914,1.00
9230,0.00,0.00,0.11385,0.04867,-0.01890,0.99213,-0.07959,-0.01657,-0.00132,0.99669,0.03413,0.03373,-0.01817,0.99868,1.00,-0.07927,-0.04384,-0.00349,0.99588,0.03374,0.00687,-0.02342,0.99913,1.00
9244,0.00,0.00,0.11377,0.04873,-0.01893,0.99213,-0.07944,-0.01672,-0.00133,0.99670,0.03420,0.03363,-0.01822,0.99868,1.00,-0.07911,-0.04399,-0.00349,0.99589,0.03381,0.00678,-0.02347,0.99913,1.00
9257,0.00,0.00,0.11367,0.04876,-0.01892,0.99214,-0.07934,-0.01676,-0.00133,0.99671,0.03420,0.03363,-0.01821,0.99868,1.00,-0.07901,-0.04403,-0.00349,0.99589,0.03381,0.00678,-0.02346,0.99913,1.00
9271,0.00,0.00,0.11357,0.04886,-0.01888,0.99215,-0.07921,-0.01844,-0.00147,0.99669,0.03419,0.03207,-0.01850,0.99873,1.00,-0.07887,-0.04570,-0.00362,0.99583,0.03381,0.00521,-0.02373,0.99913,1.00
9285,0.00,0.00,0.11349,0.04892,-0.01892,0.99215,-0.07913,-0.01850,-0.00147,0.99669,0.03418,0.03207,-0.01854,0.99873,1.00,-0.07879,-0.04576,-0.00362,0.99583,0.03381,0.00522,-0.02377,0.99913,1.00
9299,0.00,0.00,0.11345,0.04897,-0.01905,0.99215,-0.08084,-0.02005,-0.00163,0.99652,0.03240,0.03063,-0.01891,0.99883,1.00,-0.08046,-0.04732,-0.00382,0.99563,0.03204,0.00377,-0.02419,0.99919,1.00
9313,0.00,0.00,0.11348,0.04895,-0.01910,0.99215,-0.08086,-0.02004,-0.00163,0.99652,0.03239,0.03063,-0.01896,0.99883,1.00,-0.08048,-0.04730,-0.00382,0.99563,0.03204,0.00378,-0.02423,0.99919,1.00
9328,0.00,0.00,0.11341,0.04893,-0.01906,0.99216,-0.08080,-0.02001,-0.00162,0.99653,0.03239,0.03063,-0.01892,0.99883,1.00,-0.08042,-0.04727,-0.00382,0.99563,0.03204,0.00377,-0.02419,0.99919,1.00
9341,0.00,0.00,0.11331,0.04889,-0.01902,0.99217,-0.07869,-0.02079,-0.00164,0.99668,0.03439,0.02978,-0.01909,0.99878,1.00,-0.07832,-0.04804,-0.00378,0.99576,0.03403,0.00293,-0.02430,0.99912,1.00
9355,0.00,0.00,0.11326,0.04883,-0.01895,0.99218,-0.07864,-0.02073,-0.00164,0.99669,0.03439,0.02978,-0.01901,0.99878,1.00,-0.07827,-0.04798,-0.00377,0.99577,0.03403,0.00293,-0.02422,0.99912,1.00
9369,0.00,0.00,0.11329,0.04876,-0.01891,0.99218,-0.07880,-0.02030,-0.00161,0.99668,0.03427,0.03013,-0.01890,0.99878,1.00,-0.07845,-0.04755,-0.00375,0.99578,0.03390,0.00328,-0.02411,0.99913,1.00
9383,0.00,0.00,0.11337,0.04872,-0.01888,0.99218,-0.07888,-0.02026,-0.00160,0.99668,0.03427,0.03012,-0.01887,0.99878,1.00,-0.07853,-0.04751,-0.00375,0.99577,0.03390,0.00328,-0.02408,0.99913,1.00
9397,0.00,0.00,0.11342,0.04865,-0.01890,0.99218,-0.07893,-0.02020,-0.00160,0.99667,0.03427,0.03013,-0.01887,0.99878,1.00,-0.07857,-0.04745,-0.00374,0.99577,0.03390,0.00328,-0.02409,0.99913,1.00
9411,0.00,0.00,0.11333,0.04863,-0.01894,0.99219,-0.07886,-0.02231,-0.00177,0.99663,0.03419,0.02802,-0.01932,0.99884,1.00,-0.07848,-0.04955,-0.00391,0.99568,0.03384,0.00118,-0.02453,0.99913,1.00
9424,0.00,0.00,0.11308,0.04860,-0.01897,0.99222,-0.07862,-0.02228,-0.00176,0.99665,0.03419,0.02802,-0.01935,0.99884,1.00,-0.07824,-0.04952,-0.00389,0.99570,0.03384,0.00118,-0.02455,0.99913,1.00
9438,0.00,0.00,0.11265,0.04868,-0.01897,0.99226,-0.07847,-0.02168,-0.00171,0.99668,0.03392,0.02869,-0.01922,0.99883,1.00,-0.07809,-0.04892,-0.00384,0.99574,0.03357,0.00184,-0.02440,0.99914,1.00
9452,0.00,0.00,0.11243,0.04876,-0.01890,0.99228,-0.07824,-0.02175,-0.00171,0.99670,0.03393,0.02868,-0.01916,0.99883,1.00,-0.07787,-0.04899,-0.00383,0.99575,0.03357,0.00184,-0.02434,0.99914,1.00
9466,0.00,0.00,0.11224,0.04884,-0.01900,0.99230,-0.07842,-0.02213,-0.00174,0.99667,0.03355,0.02840,-0.01932,0.99885,1.00,-0.07804,-0.04938,-0.00387,0.99572,0.03320,0.00156,-0.02449,0.99915,1.00
9480,0.00,0.00,0.11224,0.04895,-0.01896,0.99229,-0.07842,-0.02224,-0.00175,0.99667,0.03355,0.02840,-0.01929,0.99885,1.00,-0.07804,-0.04948,-0.00388,0.99571,0.03320,0.00156,-0.02446,0.99915,1.00
9495,0.00,0.00,0.11222,0.04898,-0.01896,0.99229,-0.07840,-0.02227,-0.00175,0.99667,0.03355,0.02840,-0.01930,0.99885,1.00,-0.07802,-0.04951,-0.00388,0.99571,0.03320,0.00156,-0.02447,0.99915,1.00
9508,0.00,0.00,0.11228,0.04898,-0.01892,0.99229,-0.07818,-0.02190,-0.00172,0.99670,0.03383,0.02877,-0.01919,0.99883,1.00,-0.07781,-0.04914,-0.00384,0.99575,0.03347,0.00192,-0.02435,0.99914,1.00
9522,0.00,0.00,0.11239,0.04896,-0.01890,0.99228,-0.07829,-0.02188,-0.00172,0.99669,0.03383,0.02876,-0.01916,0.99883,1.00,-0.07792,-0.04912,-0.00384,0.99574,0.03347,0.00192,-0.02434,0.99914,1.00
9536,0.00,0.00,0.11241,0.04890,-0.01896,0.99228,-0.07744,-0.02198,-0.00171,0.99675,0.03470,0.02860,-0.01928,0.99880,1.00,-0.07707,-0.04921,-0.00381,0.99580,0.03434,0.00175,-0.02442,0.99911,1.00
9550,0.00,0.00,0.11246,0.04877,-0.01891,0.99228,-0.07750,-0.02185,-0.00170,0.99675,0.03470,0.02859,-0.01921,0.99880,1.00,-0.07713,-0.04908,-0.00380,0.99580,0.03434,0.00175,-0.02436,0.99911,1.00
9564,0.00,0.00,0.11241,0.04862,-0.01877,0.99229,-0.07742,-0.02249,-0.00175,0.99674,0.03472,0.02779,-0.01920,0.99883,1.00,-0.07705,-0.04972,-0.00385,0.99578,0.03436,0.00095,-0.02435,0.99911,1.00
9577,0.00,0.00,0.11242,0.04847,-0.01857,0.99230,-0.07743,-0.02233,-0.00174,0.99675,0.03472,0.02779,-0.01899,0.99883,1.00,-0.07707,-0.04957,-0.00384,0.99579,0.03436,0.00095,-0.02413,0.99912,1.00
9591,0.00,0.00,0.11246,0.04838,-0.01857,0.99230,-0.07747,-0.02225,-0.00173,0.99675,0.03472,0.02779,-0.01898,0.99883,1.00,-0.07711,-0.04948,-0.00383,0.99579,0.03436,0.00095,-0.02413,0.99912,1.00
9605,0.00,0.00,0.11252,0.04831,-0.01853,0.99230,-0.07721,-0.02237,-0.00173,0.99676,0.03504,0.02758,-0.01898,0.99883,1.00,-0.07684,-0.04960,-0.00383,0.99580,0.03469,0.00074,-0.02412,0.99911,1.00
9619,0.00,0.00,0.11249,0.04822,-0.01842,0.99231,-0.07718,-0.02228,-0.00172,0.99677,0.03504,0.02757,-0.01886,0.99883,1.00,-0.07683,-0.04951,-0.00382,0.99581,0.03469,0.00074,-0.02400,0.99911,1.00
9633,0.00,0.00,0.11250,0.04818,-0.01846,0.99231,-0.07777,-0.02103,-0.00164,0.99675,0.03449,0.02878,-0.01865,0.99882,1.00,-0.07742,-0.04827,-0.00375,0.99582,0.03413,0.00193,-0.02381,0.99913,1.00
9647,0.00,0.00,0.11257,0.04822,-0.01853,0.99230,-0.07785,-0.02107,-0.00165,0.99674,0.03449,0.02878,-0.01872,0.99882,1.00,-0.07749,-0.04832,-0.00376,0.99582,0.03413,0.00194,-0.02388,0.99913,1.00
9661,0.00,0.00,0.11275,0.04831,-0.01855,0.99227,-0.07803,-0.02117,-0.00166,0.99673,0.03449,0.02878,-0.01875,0.99881,1.00,-0.07767,-0.04841,-0.00378,0.99580,0.03413,0.00194,-0.02393,0.99913,1.00
9675,0.00,0.00,0.11290,0.04838,-0.01840,0.99226,-0.07813,-0.02055,-0.00161,0.99673,0.03455,0.02944,-0.01848,0.99880,1.00,-0.07778,-0.04780,-0.00373,0.99582,0.03419,0.00259,-0.02366,0.99913,1.00
9689,0.00,0.00,0.11303,0.04841,-0.01834,0.99224,-0.07826,-0.02059,-0.00162,0.99672,0.03455,0.02944,-0.01842,0.99880,1.00,-0.07791,-0.04784,-0.00374,0.99581,0.03419,0.00259,-0.02361,0.99913,1.00
9703,0.00,0.00,0.11310,0.04845,-0.01835,0.99223,-0.07892,-0.02060,-0.00163,0.99667,0.03396,0.02948,-0.01841,0.99882,1.00,-0.07856,-0.04785,-0.00378,0.99575,0.03360,0.00263,-0.02362,0.99915,1.00
9717,0.00,0.00,0.11298,0.04845,-0.01832,0.99225,-0.07880,-0.02060,-0.00163,0.99668,0.03396,0.02948,-0.01838,0.99882,1.00,-0.07845,-0.04785,-0.00377,0.99576,0.03360,0.00263,-0.02358,0.99915,1.00
9731,0.00,0.00,0.11288,0.04840,-0.01831,0.99226,-0.07852,-0.02047,-0.00161,0.99670,0.03414,0.02955,-0.01836,0.99881,1.00,-0.07817,-0.04772,-0.00375,0.99579,0.03379,0.00270,-0.02355,0.99915,1.00
9744,0.00,0.00,0.11278,0.04826,-0.01834,0.99228,-0.07842,-0.02033,-0.00160,0.99671,0.03414,0.02955,-0.01837,0.99881,1.00,-0.07806,-0.04758,-0.00373,0.99581,0.03379,0.00270,-0.02356,0.99915,1.00
9758,0.00,0.00,0.11269,0.04809,-0.01831,0.99230,-0.07834,-0.02016,-0.00158,0.99672,0.03414,0.02955,-0.01833,0.99881,1.00,-0.07798,-0.04740,-0.00371,0.99582,0.03379,0.00270,-0.02351,0.99915,1.00
9772,0.00,0.00,0.11263,0.04789,-0.01827,0.99231,-0.07870,-0.01975,-0.00156,0.99670,0.03373,0.02975,-0.01822,0.99882,1.00,-0.07834,-0.04701,-0.00370,0.99581,0.03338,0.00290,-0.02341,0.99916,1.00
9786,0.00,0.00,0.11262,0.04767,-0.01831,0.99233,-0.07869,-0.01953,-0.00154,0.99671,0.03373,0.02975,-0.01823,0.99882,1.00,-0.07834,-0.04678,-0.00368,0.99582,0.03338,0.00290,-0.02342,0.99916,1.00
9800,0.00,0.00,0.11260,0.04750,-0.01831,0.99234,-0.07887,-0.01889,-0.00149,0.99670,0.03354,0.03021,-0.01811,0.99882,1.00,-0.07852,-0.04614,-0.00364,0.99584,0.03319,0.00336,-0.02331,0.99917,1.00
9814,0.00,0.00,0.11245,0.04737,-0.01821,0.99236,-0.07873,-0.01875,-0.00148,0.99672,0.03354,0.03021,-0.01800,0.99882,1.00,-0.07839,-0.04600,-0.00362,0.99585,0.03319,0.00335,-0.02319,0.99917,1.00
9828,0.00,0.00,0.11237,0.04731,-0.01836,0.99237,-0.07865,-0.01870,-0.00148,0.99673,0.03354,0.03021,-0.01814,0.99882,1.00,-0.07830,-0.04595,-0.00361,0.99586,0.03319,0.00336,-0.02333,0.99917,1.00
9842,0.00,0.00,0.11234,0.04733,-0.01864,0.99237,-0.07873,-0.01910,-0.00151,0.99671,0.03341,0.02986,-0.01850,0.99882,1.00,-0.07836,-0.04635,-0.00365,0.99584,0.03307,0.00301,-0.02368,0.99917,1.00
9856,0.00,0.00,0.11211,0.04736,-0.01876,0.99239,-0.07851,-0.01912,-0.00151,0.99673,0.03341,0.02987,-0.01862,0.99882,1.00,-0.07813,-0.04638,-0.00364,0.99586,0.03307,0.00301,-0.02379,0.99917,1.00
9870,0.00,0.00,0.11192,0.04738,-0.01878,0.99241,-0.07765,-0.02047,-0.00159,0.99677,0.03404,0.02855,-0.01892,0.99883,1.00,-0.07727,-0.04771,-0.00370,0.99586,0.03370,0.00170,-0.02406,0.99914,1.00
9884,0.00,0.00,0.11167,0.04741,-0.01882,0.99244,-0.07739,-0.02050,-0.00159,0.99679,0.03404,0.02855,-0.01896,0.99883,1.00,-0.07701,-0.04774,-0.00369,0.99588,0.03370,0.00170,-0.02409,0.99914,1.00
9898,0.00,0.00,0.11127,0.04756,-0.01887,0.99247,-0.07732,-0.02070,-0.00161,0.99679,0.03371,0.02850,-0.01903,0.99884,1.00,-0.07694,-0.04794,-0.00370,0.99588,0.03337,0.00165,-0.02415,0.99915,1.00
9911,0.00,0.00,0.11096,0.04766,-0.01903,0.99250,-0.07700,-0.02080,-0.00161,0.99681,0.03371,0.02851,-0.01920,0.99884,1.00,-0.07662,-0.04804,-0.00370,0.99590,0.03337,0.00165,-0.02430,0.99915,1.00
9925,0.00,0.00,0.11070,0.04778,-0.01921,0.99252,-0.07674,-0.02093,-0.00161,0.99683,0.03370,0.02851,-0.01939,0.99884,1.00,-0.07635,-0.04816,-0.00369,0.99591,0.03337,0.00166,-0.02448,0.99914,1.00
9939,0.00,0.00,0.11044,0.04786,-0.01924,0.99254,-0.07733,-0.02098,-0.00163,0.99678,0.03285,0.02855,-0.01941,0.99886,1.00,-0.07695,-0.04823,-0.00373,0.99586,0.03250,0.00169,-0.02450,0.99917,1.00
9953,0.00,0.00,0.11021,0.04797,-0.01926,0.99256,-0.07710,-0.02109,-0.00163,0.99680,0.03285,0.02855,-0.01945,0.99886,1.00,-0.07671,-0.04833,-0.00372,0.99587,0.03250,0.00169,-0.02452,0.99917,1.00
9967,0.00,0.00,0.10999,0.04802,-0.01928,0.99258,-0.07752,-0.02093,-0.00163,0.99677,0.03221,0.02877,-0.01941,0.99888,1.00,-0.07715,-0.04817,-0.00373,0.99585,0.03185,0.00191,-0.02450,0.99919,1.00
9981,0.00,0.00,0.10974,0.04812,-0.01929,0.99261,-0.07727,-0.02102,-0.00163,0.99679,0.03221,0.02877,-0.01943,0.99888,1.00,-0.07690,-0.04826,-0.00373,0.99586,0.03185,0.00191,-0.02451,0.99919,1.00
9995,0.00,0.00,0.10957,0.04815,-0.01928,0.99263,-0.07709,-0.02105,-0.00163,0.99680,0.03221,0.02877,-0.01943,0.99888,1.00,-0.07672,-0.04829,-0.00372,0.99588,0.03185,0.00191,-0.02449,0.99919,1.00
10009,0.00,0.00,0.10940,0.04816,-0.01931,0.99264,-0.07681,-0.02086,-0.00161,0.99683,0.03232,0.02896,-0.01943,0.99887,1.00,-0.07645,-0.04810,-0.00369,0.99591,0.03196,0.00210,-0.02448,0.99919,1.00
10023,0.00,0.00,0.10929,0.04818,-0.01932,0.99265,-0.07670,-0.02087,-0.00161,0.99683,0.03232,0.02896,-0.01944,0.99887,1.00,-0.07634,-0.04811,-0.00369,0.99591,0.03196,0.00210,-0.02448,0.99919,1.00
10037,350.00,0.00,0.10925,0.04830,-0.01930,0.99265,-0.07631,-0.02156,-0.00165,0.99685,0.03266,0.02840,-0.01955,0.99887,1.00,-0.07594,-0.04879,-0.00372,0.99591,0.03229,0.00154,-0.02458,0.99918,1.00
10051,350.00,0.00,0.10920,0.04831,-0.01925,0.99266,-0.07626,-0.02157,-0.00165,0.99685,0.03266,0.02839,-0.01950,0.99887,1.00,-0.07590,-0.04880,-0.00372,0.99591,0.03229,0.00154,-0.02452,0.99918,1.00
10064,350.00,0.00,0.10921,0.04837,-0.01913,0.99266,-0.07511,-0.02146,-0.00162,0.99694,0.03383,0.02853,-0.01939,0.99883,1.00,-0.07476,-0.04868,-0.00365,0.99601,0.03345,0.00168,-0.02438,0.99914,1.00
10078,350.00,0.00,0.10925,0.04850,-0.01901,0.99265,-0.07514,-0.02158,-0.00163,0.99694,0.03383,0.02853,-0.01928,0.99883,1.00,-0.07480,-0.04881,-0.00367,0.99600,0.03345,0.00168,-0.02428,0.99914,1.00
10092,350.00,0.00,0.10928,0.04859,-0.01889,0.99264,-0.07518,-0.02167,-0.00163,0.99693,0.03384,0.02853,-0.01917,0.99884,1.00,-0.07484,-0.04889,-0.00367,0.99599,0.03345,0.00167,-0.02416,0.99915,1.00
10106,350.00,0.00,0.10932,0.04870,-0.01873,0.99264,-0.07534,-0.02293,-0.00173,0.99689,0.03368,0.02740,-0.01923,0.99887,1.00,-0.07499,-0.05014,-0.00378,0.99592,0.03331,0.00055,-0.02423,0.99915,1.00
10120,350.00,0.00,0.10933,0.04874,-0.01860,0.99264,-0.07535,-0.02296,-0.00174,0.99689,0.03369,0.02739,-0.01911,0.99887,1.00,-0.07501,-0.05018,-0.00378,0.99591,0.03331,0.00054,-0.02411,0.99915,1.00
10134,350.00,0.00,0.10917,0.04877,-0.01844,0.99265,-0.07533,-0.02229,-0.00168,0.99691,0.03357,0.02807,-0.01881,0.99887,1.00,-0.07499,-0.04951,-0.00373,0.99595,0.03320,0.00122,-0.02381,0.99916,1.00
10148,350.00,0.00,0.10906,0.04884,-0.01834,0.99266,-0.07521,-0.02235,-0.00169,0.99692,0.03357,0.02806,-0.01872,0.99887,1.00,-0.07488,-0.04957,-0.00373,0.99595,0.03320,0.00121,-0.02372,0.99917,1.00
10162,350.00,0.00,0.10907,0.04887,-0.01827,0.99266,-0.07522,-0.02238,-0.00169,0.99691,0.03357,0.02806,-0.01866,0.99887,1.00,-0.07489,-0.04960,-0.00373,0.99595,0.03320,0.00121,-0.02365,0.99917,1.00
10176,350.00,0.00,0.10907,0.04888,-0.01815,0.99267,-0.07531,-0.02246,-0.00170,0.99691,0.03348,0.02799,-0.01855,0.99888,1.00,-0.07497,-0.04968,-0.00374,0.99594,0.03312,0.00114,-0.02354,0.99917,1.00
10190,350.00,0.00,0.10929,0.04896,-0.01791,0.99264,-0.07553,-0.02254,-0.00171,0.99689,0.03349,0.02798,-0.01832,0.99888,1.00,-0.07520,-0.04976,-0.00376,0.99592,0.03312,0.00113,-0.02333,0.99918,1.00
10204,350.00,0.00,0.10946,0.04898,-0.01781,0.99262,-0.07578,-0.02223,-0.00169,0.99688,0.03342,0.02830,-0.01815,0.99888,1.00,-0.07544,-0.04945,-0.00375,0.99592,0.03307,0.00145,-0.02317,0.99918,1.00
10217,350.00,0.00,0.10960,0.04903,-0.01768,0.99261,-0.07592,-0.02227,-0.00170,0.99686,0.03343,0.02830,-0.01803,0.99888,1.00,-0.07559,-0.04950,-0.00376,0.99590,0.03307,0.00145,-0.02305,0.99919,1.00
10231,350.00,0.00,0.10959,0.04906,-0.01755,0.99261,-0.07715,-0.02207,-0.00171,0.99677,0.03219,0.02853,-0.01782,0.99892,1.00,-0.07680,-0.04930,-0.00380,0.99582,0.03185,0.00168,-0.02289,0.99923,1.00
10245,350.00,0.00,0.10960,0.04913,-0.01757,0.99261,-0.07715,-0.02215,-0.00171,0.99677,0.03219,0.02853,-0.01785,0.99892,1.00,-0.07681,-0.04938,-0.00381,0.99582,0.03185,0.00168,-0.02291,0.99923,1.00
10260,350.00,0.00,0.10964,0.04918,-0.01766,0.99260,-0.07720,-0.02220,-0.00172,0.99677,0.03219,0.02854,-0.01795,0.99891,1.00,-0.07684,-0.04943,-0.00381,0.99581,0.03185,0.00168,-0.02301,0.99923,1.00
10273,350.00,0.00,0.10977,0.04920,-0.01765,0.99258,-0.10665,-0.02051,-0.00220,0.99408,0.00278,0.03068,-0.01673,0.99939,1.00,-0.10617,-0.04797,-0.00513,0.99318,0.00254,0.00368,-0.02266,0.99973,1.00
10287,350.00,0.00,0.11003,0.04925,-0.01744,0.99255,-0.10692,-0.02054,-0.00221,0.99405,0.00279,0.03068,-0.01652,0.99939,1.00,-0.10644,-0.04801,-0.00515,0.99315,0.00254,0.00368,-0.02247,0.99974,1.00
10301,350.00,0.00,0.11032,0.04927,-0.01730,0.99252,-0.15511,-0.02267,-0.00356,0.98763,-0.04557,0.02923,-0.01548,0.99841,1.00,-0.15437,-0.05068,-0.00793,0.98668,-0.04563,0.00185,-0.02293,0.99869,1.00
10315,350.00,0.00,0.11059,0.04939,-0.01717,0.99249,-0.15539,-0.02278,-0.00358,0.98758,-0.04557,0.02923,-0.01536,0.99842,1.00,-0.15465,-0.05079,-0.00796,0.98663,-0.04563,0.00186,-0.02282,0.99870,1.00
10329,350.00,0.00,0.11077,0.04946,-0.01702,0.99247,-0.15556,-0.02282,-0.00359,0.98756,-0.04556,0.02924,-0.01521,0.99842,1.00,-0.15482,-0.05083,-0.00798,0.98660,-0.04563,0.00187,-0.02268,0.99870,1.00
10343,350.00,0.00,0.11087,0.04947,-0.01691,0.99246,-0.15524,-0.02343,-0.00368,0.98759,-0.04515,0.02864,-0.01527,0.99845,1.00,-0.15448,-0.05143,-0.00805,0.98662,-0.04520,0.00128,-0.02274,0.99872,1.00
10357,350.00,0.00,0.11092,0.04947,-0.01679,0.99246,-0.15529,-0.02340,-0.00368,0.98759,-0.04515,0.02865,-0.01515,0.99845,1.00,-0.15454,-0.05141,-0.00805,0.98662,-0.04520,0.00128,-0.02261,0.99872,1.00
10371,350.00,0.00,0.11087,0.04942,-0.01668,0.99247,-0.15425,-0.02322,-0.00363,0.98775,-0.04414,0.02875,-0.01502,0.99850,1.00,-0.15350,-0.05121,-0.00797,0.98679,-0.04418,0.00139,-0.02245,0.99877,1.00
10385,350.00,0.00,0.11079,0.04936,-0.01648,0.99248,-0.15416,-0.02311,-0.00361,0.98777,-0.04413,0.02876,-0.01481,0.99850,1.00,-0.15343,-0.05110,-0.00795,0.98681,-0.04418,0.00140,-0.02224,0.99877,1.00
10399,350.00,0.00,0.11071,0.04921,-0.01640,0.99250,-0.15330,-0.02205,-0.00342,0.98793,-0.04331,0.02962,-0.01449,0.99852,1.00,-0.15258,-0.05004,-0.00773,0.98699,-0.04336,0.00227,-0.02189,0.99882,1.00
10413,350.00,0.00,0.11060,0.04916,-0.01625,0.99252,-0.15319,-0.02197,-0.00341,0.98795,-0.04330,0.02963,-0.01434,0.99852,1.00,-0.15247,-0.04995,-0.00772,0.98701,-0.04336,0.00227,-0.02173,0.99882,1.00
10427,350.00,0.00,0.11044,0.04903,-0.01612,0.99254,-0.15303,-0.02181,-0.00338,0.98797,-0.04330,0.02963,-0.01418,0.99852,1.00,-0.15233,-0.04978,-0.00768,0.98705,-0.04336,0.00228,-0.02157,0.99882,1.00
10441,350.00,0.00,0.11029,0.04895,-0.01595,0.99257,-0.15352,-0.02189,-0.00340,0.98790,-0.04394,0.02945,-0.01403,0.99850,1.00,-0.15280,-0.04987,-0.00772,0.98697,-0.04398,0.00209,-0.02142,0.99880,1.00
10455,350.00,0.00,0.11016,0.04894,-0.01608,0.99258,-0.15339,-0.02191,-0.00340,0.98792,-0.04394,0.02945,-0.01417,0.99850,1.00,-0.15267,-0.04989,-0.00772,0.98699,-0.04398,0.00209,-0.02155,0.99880,1.00
10468,350.00,0.00,0.11008,0.04894,-0.01610,0.99259,-0.15523,-0.02109,-0.00332,0.98765,-0.04586,0.03027,-0.01392,0.99839,1.00,-0.15450,-0.04910,-0.00769,0.98674,-0.04589,0.00289,-0.02136,0.99871,1.00
10482,350.00,0.00,0.10993,0.04897,-0.01600,0.99260,-0.15507,-0.02109,-0.00331,0.98767,-0.04585,0.03027,-0.01382,0.99839,1.00,-0.15435,-0.04910,-0.00768,0.98677,-0.04589,0.00289,-0.02125,0.99872,1.00
10496,350.00,0.00,0.10979,0.04900,-0.01585,0.99262,-0.15493,-0.02110,-0.00331,0.98769,-0.04585,0.03028,-0.01366,0.99840,1.00,-0.15421,-0.04911,-0.00767,0.98679,-0.04589,0.00290,-0.02109,0.99872,1.00
10510,350.00,0.00,0.10966,0.04905,-0.01584,0.99263,-0.15623,-0.02307,-0.00365,0.98745,-0.04734,0.02841,-0.01413,0.99837,1.00,-0.15546,-0.05109,-0.00805,0.98649,-0.04734,0.00102,-0.02159,0.99865,1.00
10524,350.00,0.00,0.10956,0.04908,-0.01584,0.99264,-0.15613,-0.02309,-0.00365,0.98746,-0.04734,0.02841,-0.01413,0.99837,1.00,-0.15536,-0.05111,-0.00805,0.98650,-0.04734,0.00102,-0.02159,0.99865,1.00
10538,350.00,0.00,0.10946,0.04908,-0.01581,0.99265,-0.15635,-0.02173,-0.00344,0.98746,-0.04762,0.02975,-0.01373,0.99833,1.00,-0.15560,-0.04975,-0.00785,0.98653,-0.04764,0.00236,-0.02120,0.99864,1.00
10552,350.00,0.00,0.10939,0.04907,-0.01579,0.99266,-0.15628,-0.02171,-0.00344,0.98747,-0.04762,0.02975,-0.01370,0.99833,1.00,-0.15553,-0.04973,-0.00784,0.98655,-0.04764,0.00236,-0.02116,0.99864,1.00
10566,350.00,0.00,0.10934,0.04899,-0.01573,0.99267,-0.15396,-0.02158,-0.00336,0.98784,-0.04532,0.02977,-0.01370,0.99844,1.00,-0.15323,-0.04957,-0.00770,0.98692,-0.04535,0.00240,-0.02108,0.99875,1.00
10580,350.00,0.00,0.10933,0.04894,-0.01566,0.99268,-0.15394,-0.02151,-0.00335,0.98784,-0.04532,0.02977,-0.01361,0.99844,1.00,-0.15321,-0.04950,-0.00769,0.98692,-0.04535,0.00240,-0.02100,0.99875,1.00
10594,350.00,0.00,0.10937,0.04886,-0.01564,0.99268,-0.15399,-0.02143,-0.00334,0.98783,-0.04532,0.02977,-0.01359,0.99844,1.00,-0.15326,-0.04942,-0.00767,0.98692,-0.04535,0.00240,-0.02097,0.99875,1.00
10608,350.00,0.00,0.10945,0.04875,-0.01560,0.99267,-0.15329,-0.02103,-0.00326,0.98795,-0.04453,0.03003,-0.01348,0.99847,1.00,-0.15257,-0.04902,-0.00758,0.98705,-0.04456,0.00267,-0.02085,0.99879,1.00
10621,350.00,0.00,0.10948,0.04864,-0.01554,0.99268,-0.15332,-0.02091,-0.00325,0.98795,-0.04452,0.03003,-0.01341,0.99847,1.00,-0.15261,-0.04890,-0.00756,0.98705,-0.04456,0.00267,-0.02078,0.99879,1.00
10635,350.00,0.00,0.10946,0.04854,-0.01550,0.99268,-0.15332,-0.02097,-0.00325,0.98795,-0.04454,0.02987,-0.01339,0.99847,1.00,-0.15260,-0.04896,-0.00757,0.98705,-0.04457,0.00250,-0.02076,0.99879,1.00
10649,350.00,0.00,0.10946,0.04843,-0.01546,0.99269,-0.15332,-0.02085,-0.00324,0.98795,-0.04454,0.02987,-0.01335,0.99847,1.00,-0.15260,-0.04884,-0.00755,0.98705,-0.04457,0.00251,-0.02071,0.99879,1.00
10663,350.00,0.00,0.10951,0.04839,-0.01548,0.99269,-0.15337,-0.02082,-0.00323,0.98794,-0.04454,0.02987,-0.01336,0.99847,1.00,-0.15265,-0.04881,-0.00755,0.98705,-0.04457,0.00250,-0.02073,0.99879,1.00
10677,350.00,0.00,0.10962,0.04835,-0.01545,0.99268,-0.15348,-0.02229,-0.00346,0.98789,-0.04458,0.02839,-0.01372,0.99851,1.00,-0.15273,-0.05027,-0.00778,0.98696,-0.04457,0.00102,-0.02110,0.99878,1.00
10691,350.00,0.00,0.10977,0.04835,-0.01543,0.99266,-0.15363,-0.02229,-0.00347,0.98787,-0.04457,0.02839,-0.01371,0.99851,1.00,-0.15288,-0.05028,-0.00779,0.98693,-0.04457,0.00102,-0.02109,0.99878,1.00
10705,350.00,0.00,0.10998,0.04834,-0.01542,0.99264,-0.15522,-0.02248,-0.00353,0.98762,-0.04598,0.02821,-0.01370,0.99845,1.00,-0.15446,-0.05048,-0.00790,0.98668,-0.04597,0.00084,-0.02114,0.99872,1.00
10719,350.00,0.00,0.11009,0.04825,-0.01539,0.99263,-0.15533,-0.02238,-0.00352,0.98760,-0.04598,0.02821,-0.01366,0.99845,1.00,-0.15457,-0.05039,-0.00789,0.98666,-0.04597,0.00084,-0.02111,0.99872,1.00
10733,350.00,0.00,0.11022,0.04817,-0.01538,0.99262,-0.15508,-0.02254,-0.00354,0.98764,-0.04559,0.02798,-0.01371,0.99847,1.00,-0.15432,-0.05054,-0.00790,0.98670,-0.04558,0.00061,-0.02115,0.99874,1.00
10747,350.00,0.00,0.11022,0.04807,-0.01534,0.99263,-0.15508,-0.02242,-0.00352,0.98764,-0.04559,0.02798,-0.01366,0.99847,1.00,-0.15432,-0.05043,-0.00789,0.98670,-0.04558,0.00061,-0.02110,0.99874,1.00
10761,350.00,0.00,0.11017,0.04788,-0.01533,0.99264,-0.15504,-0.02223,-0.00349,0.98765,-0.04559,0.02798,-0.01363,0.99848,1.00,-0.15428,-0.05024,-0.00785,0.98672,-0.04558,0.00061,-0.02107,0.99874,1.00
10775,350.00,0.00,0.11008,0.04771,-0.01534,0.99266,-0.15472,-0.02102,-0.00329,0.98773,-0.04533,0.02900,-0.01336,0.99846,1.00,-0.15398,-0.04902,-0.00765,0.98683,-0.04534,0.00162,-0.02078,0.99875,1.00
10788,350.00,0.00,0.10997,0.04758,-0.01546,0.99268,-0.15461,-0.02091,-0.00327,0.98775,-0.04534,0.02899,-0.01346,0.99846,1.00,-0.15387,-0.04892,-0.00763,0.98685,-0.04534,0.00162,-0.02088,0.99875,1.00
10802,350.00,0.00,0.10988,0.04746,-0.01568,0.99269,-0.15306,-0.02232,-0.00346,0.98796,-0.04390,0.02751,-0.01411,0.99856,1.00,-0.15228,-0.05030,-0.00776,0.98703,-0.04388,0.00015,-0.02148,0.99881,1.00
10816,350.00,0.00,0.10965,0.04742,-0.01578,0.99271,-0.15283,-0.02230,-0.00345,0.98799,-0.04390,0.02750,-0.01421,0.99856,1.00,-0.15205,-0.05027,-0.00774,0.98706,-0.04388,0.00015,-0.02156,0.99880,1.00
10830,350.00,0.00,0.10933,0.04744,-0.01578,0.99275,-0.15252,-0.02231,-0.00344,0.98804,-0.04390,0.02750,-0.01421,0.99856,1.00,-0.15174,-0.05028,-0.00773,0.98711,-0.04388,0.00015,-0.02155,0.99880,1.00
10844,350.00,0.00,0.10903,0.04754,-0.01590,0.99277,-0.15229,-0.02656,-0.00409,0.98797,-0.04409,0.02346,-0.01543,0.99863,1.00,-0.15143,-0.05450,-0.00836,0.98693,-0.04400,-0.00387,-0.02274,0.99877,1.00
10858,350.00,0.00,0.10862,0.04763,-0.01625,0.99281,-0.15188,-0.02672,-0.00411,0.98803,-0.04409,0.02345,-0.01581,0.99863,1.00,-0.15100,-0.05466,-0.00836,0.98699,-0.04399,-0.00389,-0.02309,0.99876,1.00
10872,350.00,0.00,0.10814,0.04782,-0.01641,0.99285,-0.15068,-0.02704,-0.00412,0.98821,-0.04338,0.02333,-0.01602,0.99866,1.00,-0.14980,-0.05496,-0.00834,0.98715,-0.04329,-0.00400,-0.02325,0.99878,1.00
10885,350.00,0.00,0.10783,0.04798,-0.01685,0.99287,-0.15037,-0.02728,-0.00415,0.98825,-0.04339,0.02331,-0.01650,0.99865,1.00,-0.14947,-0.05519,-0.00836,0.98719,-0.04328,-0.00402,-0.02371,0.99877,1.00
10900,350.00,0.00,0.10764,0.04820,-0.01723,0.99287,-0.15058,-0.02733,-0.00416,0.98821,-0.04381,0.02354,-0.01684,0.99862,1.00,-0.14969,-0.05525,-0.00838,0.98715,-0.04372,-0.00379,-0.02406,0.99875,1.00
10913,350.00,0.00,0.10739,0.04834,-0.01724,0.99289,-0.15033,-0.02747,-0.00418,0.98825,-0.04381,0.02354,-0.01687,0.99862,1.00,-0.14944,-0.05539,-0.00838,0.98718,-0.04372,-0.00380,-0.02407,0.99875,1.00
10928,350.00,0.00,0.10735,0.04863,-0.01725,0.99288,-0.15029,-0.02776,-0.00422,0.98824,-0.04381,0.02354,-0.01692,0.99862,1.00,-0.14939,-0.05568,-0.00843,0.98717,-0.04372,-0.00380,-0.02411,0.99875,1.00
10941,350.00,0.00,0.10750,0.04878,-0.01721,0.99286,-0.15004,-0.02771,-0.00421,0.98828,-0.04342,0.02373,-0.01685,0.99863,1.00,-0.14918,-0.05562,-0.00841,0.98721,-0.04336,-0.00360,-0.02404,0.99876,1.00
10955,350.00,0.00,0.10772,0.04881,-0.01726,0.99283,-0.15026,-0.02775,-0.00422,0.98825,-0.04342,0.02373,-0.01691,0.99863,1.00,-0.14940,-0.05567,-0.00842,0.98717,-0.04336,-0.00360,-0.02411,0.99876,1.00
10969,350.00,0.00,0.10786,0.04883,-0.01731,0.99282,-0.14983,-0.02935,-0.00445,0.98827,-0.04289,0.02219,-0.01738,0.99868,1.00,-0.14895,-0.05725,-0.00864,0.98715,-0.04282,-0.00512,-0.02457,0.99877,1.00
10983,350.00,0.00,0.10810,0.04865,-0.01732,0.99280,-0.15008,-0.02917,-0.00443,0.98823,-0.04289,0.02219,-0.01737,0.99868,1.00,-0.14919,-0.05708,-0.00863,0.98712,-0.04282,-0.00512,-0.02457,0.99877,1.00
10998,350.00,0.00,0.10826,0.04819,-0.01722,0.99280,-0.15024,-0.02869,-0.00436,0.98822,-0.04288,0.02220,-0.01722,0.99869,1.00,-0.14937,-0.05659,-0.00856,0.98712,-0.04282,-0.00512,-0.02443,0.99877,1.00
11011,350.00,0.00,0.10811,0.04779,-0.01704,0.99284,-0.14889,-0.02799,-0.00422,0.98845,-0.04165,0.02245,-0.01694,0.99874,1.00,-0.14805,-0.05588,-0.00838,0.98736,-0.04160,-0.00486,-0.02411,0.99883,1.00
11025,350.00,0.00,0.10806,0.04745,-0.01694,0.99287,-0.14886,-0.02762,-0.00416,0.98846,-0.04165,0.02245,-0.01680,0.99874,1.00,-0.14802,-0.05551,-0.00832,0.98739,-0.04160,-0.00485,-0.02397,0.99884,1.00
11039,350.00,0.00,0.10800,0.04718,-0.01693,0.99289,-0.14859,-0.02768,-0.00416,0.98850,-0.04144,0.02212,-0.01684,0.99875,1.00,-0.14776,-0.05556,-0.00831,0.98743,-0.04139,-0.00518,-0.02400,0.99884,1.00
11053,350.00,0.00,0.10791,0.04698,-0.01686,0.99291,-0.14850,-0.02746,-0.00413,0.98852,-0.04144,0.02212,-0.01675,0.99876,1.00,-0.14767,-0.05535,-0.00828,0.98745,-0.04139,-0.00518,-0.02391,0.99884,1.00
11066,350.00,0.00,0.10769,0.04684,-0.01664,0.99294,-0.14926,-0.02681,-0.00405,0.98843,-0.04240,0.02260,-0.01637,0.99871,1.00,-0.14845,-0.05471,-0.00823,0.98737,-0.04237,-0.00472,-0.02354,0.99881,1.00
11080,350.00,0.00,0.10755,0.04683,-0.01660,0.99296,-0.14912,-0.02679,-0.00404,0.98845,-0.04240,0.02260,-0.01631,0.99871,1.00,-0.14831,-0.05468,-0.00821,0.98739,-0.04237,-0.00471,-0.02348,0.99882,1.00
11095,350.00,0.00,0.10742,0.04688,-0.01686,0.99296,-0.14900,-0.02688,-0.00405,0.98846,-0.04241,0.02259,-0.01659,0.99871,1.00,-0.14817,-0.05478,-0.00822,0.98741,-0.04237,-0.00472,-0.02375,0.99881,1.00
11108,350.00,0.00,0.10731,0.04684,-0.01687,0.99298,-0.14913,-0.01802,-0.00272,0.98865,-0.04243,0.03122,-0.01432,0.99851,1.00,-0.14848,-0.04597,-0.00691,0.98782,-0.04253,0.00388,-0.02150,0.99886,1.00
11122,350.00,0.00,0.10715,0.04690,-0.01688,0.99299,-0.14898,-0.01808,-0.00272,0.98867,-0.04243,0.03122,-0.01435,0.99851,1.00,-0.14832,-0.04603,-0.00691,0.98784,-0.04253,0.00388,-0.02152,0.99886,1.00
11136,350.00,0.00,0.10690,0.04698,-0.01682,0.99302,-0.14699,-0.01739,-0.00258,0.98898,-0.04065,0.03194,-0.01415,0.99856,1.00,-0.14636,-0.04531,-0.00671,0.98817,-0.04078,0.00461,-0.02125,0.99893,1.00
11150,350.00,0.00,0.10675,0.04706,-0.01686,0.99303,-0.14684,-0.01748,-0.00259,0.98900,-0.04066,0.03194,-0.01421,0.99856,1.00,-0.14621,-0.04539,-0.00672,0.98819,-0.04078,0.00461,-0.02130,0.99893,1.00
11164,350.00,0.00,0.10663,0.04708,-0.01692,0.99304,-0.14672,-0.01750,-0.00260,0.98902,-0.04066,0.03194,-0.01427,0.99856,1.00,-0.14609,-0.04542,-0.00671,0.98821,-0.04078,0.00461,-0.02135,0.99893,1.00
11178,350.00,0.00,0.10655,0.04712,-0.01691,0.99305,-0.14702,-0.01736,-0.00258,0.98898,-0.04104,0.03212,-0.01421,0.99854,1.00,-0.14639,-0.04529,-0.00671,0.98817,-0.04117,0.00479,-0.02130,0.99891,1.00
11192,350.00,0.00,0.10645,0.04709,-0.01686,0.99306,-0.14691,-0.01731,-0.00257,0.98899,-0.04103,0.03212,-0.01415,0.99854,1.00,-0.14629,-0.04524,-0.00670,0.98818,-0.04117,0.00479,-0.02123,0.99892,1.00
11206,350.00,0.00,0.10641,0.04693,-0.01677,0.99307,-0.14790,-0.01725,-0.00258,0.98885,-0.04206,0.03203,-0.01404,0.99850,1.00,-0.14728,-0.04518,-0.00674,0.98804,-0.04219,0.00469,-0.02115,0.99887,1.00
11220,350.00,0.00,0.10634,0.04667,-0.01655,0.99310,-0.14783,-0.01694,-0.00253,0.98886,-0.04205,0.03205,-0.01378,0.99851,1.00,-0.14722,-0.04487,-0.00669,0.98806,-0.04219,0.00470,-0.02089,0.99888,1.00
11234,350.00,0.00,0.10632,0.04641,-0.01649,0.99311,-0.14803,-0.01779,-0.00266,0.98882,-0.04230,0.03095,-0.01397,0.99853,1.00,-0.14740,-0.04572,-0.00682,0.98800,-0.04242,0.00360,-0.02108,0.99887,1.00
11248,350.00,0.00,0.10624,0.04606,-0.01639,0.99314,-0.14795,-0.01742,-0.00261,0.98884,-0.04229,0.03095,-0.01383,0.99853,1.00,-0.14733,-0.04535,-0.00676,0.98802,-0.04241,0.00361,-0.02094,0.99887,1.00
11262,350.00,0.00,0.10619,0.04583,-0.01626,0.99316,-0.14791,-0.01716,-0.00257,0.98885,-0.04229,0.03096,-0.01367,0.99853,1.00,-0.14730,-0.04509,-0.00672,0.98804,-0.04241,0.00361,-0.02078,0.99888,1.00
11275,350.00,0.00,0.10610,0.04560,-0.01624,0.99318,-0.14793,-0.01735,-0.00260,0.98884,-0.04240,0.03053,-0.01373,0.99854,1.00,-0.14731,-0.04528,-0.00675,0.98803,-0.04252,0.00319,-0.02084,0.99887,1.00
11289,350.00,0.00,0.10607,0.04541,-0.01608,0.99319,-0.14790,-0.01713,-0.00256,0.98885,-0.04240,0.03054,-0.01355,0.99854,1.00,-0.14729,-0.04506,-0.00672,0.98804,-0.04252,0.00319,-0.02065,0.99888,1.00
11303,350.00,0.00,0.10604,0.04527,-0.01593,0.99320,-0.14722,-0.01718,-0.00256,0.98895,-0.04174,0.03032,-0.01345,0.99858,1.00,-0.14661,-0.04510,-0.00669,0.98814,-0.04186,0.00298,-0.02053,0.99891,1.00
11317,350.00,0.00,0.10603,0.04520,-0.01585,0.99321,-0.14721,-0.01710,-0.00254,0.98895,-0.04174,0.03032,-0.01336,0.99858,1.00,-0.14661,-0.04502,-0.00668,0.98815,-0.04186,0.00298,-0.02044,0.99891,1.00
11331,350.00,0.00,0.10599,0.04509,-0.01574,0.99322,-0.14717,-0.01696,-0.00252,0.98896,-0.04173,0.03033,-0.01323,0.99858,1.00,-0.14657,-0.04488,-0.00666,0.98816,-0.04186,0.00299,-0.02031,0.99891,1.00
11345,350.00,0.00,0.10597,0.04511,-0.01558,0.99322,-0.14808,-0.01749,-0.00262,0.98882,-0.04268,0.02981,-0.01318,0.99856,1.00,-0.14747,-0.04543,-0.00678,0.98800,-0.04279,0.00247,-0.02028,0.99888,1.00
11359,350.00,0.00,0.10598,0.04504,-0.01549,0.99323,-0.14809,-0.01741,-0.00261,0.98882,-0.04268,0.02982,-0.01308,0.99856,1.00,-0.14749,-0.04534,-0.00677,0.98800,-0.04279,0.00247,-0.02019,0.99888,1.00
11373,350.00,0.00,0.10591,0.04501,-0.01543,0.99324,-0.14661,-0.01769,-0.00262,0.98903,-0.04126,0.02949,-0.01314,0.99863,1.00,-0.14600,-0.04560,-0.00674,0.98821,-0.04136,0.00215,-0.02019,0.99894,1.00
11386,350.00,0.00,0.10586,0.04500,-0.01534,0.99324,-0.14656,-0.01766,-0.00262,0.98904,-0.04126,0.02949,-0.01305,0.99863,1.00,-0.14596,-0.04557,-0.00673,0.98822,-0.04136,0.00215,-0.02011,0.99894,1.00
11401,350.00,0.00,0.10582,0.04496,-0.01529,0.99325,-0.14758,-0.01581,-0.00236,0.98892,-0.04229,0.03127,-0.01250,0.99854,1.00,-0.14700,-0.04374,-0.00651,0.98815,-0.04241,0.00392,-0.01959,0.99890,1.00
11414,350.00,0.00,0.10571,0.04494,-0.01522,0.99326,-0.14748,-0.01577,-0.00235,0.98894,-0.04229,0.03127,-0.01243,0.99854,1.00,-0.14690,-0.04371,-0.00650,0.98816,-0.04241,0.00392,-0.01951,0.99890,1.00
11429,350.00,0.00,0.10559,0.04490,-0.01517,0.99328,-0.14736,-0.01572,-0.00234,0.98896,-0.04228,0.03127,-0.01237,0.99854,1.00,-0.14678,-0.04365,-0.00648,0.98818,-0.04241,0.00392,-0.01945,0.99890,1.00
11442,350.00,0.00,0.10563,0.04490,-0.01520,0.99328,-0.14708,-0.01505,-0.00224,0.98901,-0.04195,0.03193,-0.01224,0.99853,1.00,-0.14651,-0.04299,-0.00637,0.98825,-0.04208,0.00458,-0.01931,0.99892,1.00
11456,350.00,0.00,0.10569,0.04492,-0.01515,0.99327,-0.14714,-0.01506,-0.00224,0.98900,-0.04195,0.03193,-0.01219,0.99854,1.00,-0.14657,-0.04300,-0.00638,0.98824,-0.04208,0.00458,-0.01927,0.99892,1.00
11471,350.00,0.00,0.10577,0.04494,-0.01495,0.99326,-0.14734,-0.01482,-0.00221,0.98897,-0.04206,0.03216,-0.01193,0.99853,1.00,-0.14678,-0.04276,-0.00635,0.98822,-0.04219,0.00481,-0.01901,0.99892,1.00
11484,350.00,0.00,0.10594,0.04493,-0.01477,0.99325,-0.14750,-0.01478,-0.00220,0.98895,-0.04206,0.03217,-0.01173,0.99853,1.00,-0.14696,-0.04272,-0.00635,0.98820,-0.04219,0.00482,-0.01882,0.99892,1.00
11498,350.00,0.00,0.10601,0.04496,-0.01467,0.99324,-0.14752,-0.01464,-0.00218,0.98895,-0.04200,0.03232,-0.01160,0.99853,1.00,-0.14697,-0.04258,-0.00633,0.98820,-0.04213,0.00497,-0.01869,0.99893,1.00
11512,350.00,0.00,0.10587,0.04496,-0.01455,0.99326,-0.14738,-0.01461,-0.00218,0.98897,-0.04199,0.03232,-0.01147,0.99853,1.00,-0.14684,-0.04255,-0.00632,0.98822,-0.04212,0.00497,-0.01856,0.99893,1.00
11526,350.00,0.00,0.10575,0.04496,-0.01452,0.99327,-0.14726,-0.01461,-0.00217,0.98899,-0.04199,0.03232,-0.01144,0.99853,1.00,-0.14672,-0.04254,-0.00632,0.98824,-0.04212,0.00497,-0.01852,0.99893,1.00
11540,350.00,0.00,0.10571,0.04496,-0.01466,0.99327,-0.14669,-0.01487,-0.00221,0.98907,-0.04148,0.03208,-0.01167,0.99856,1.00,-0.14613,-0.04280,-0.00633,0.98832,-0.04159,0.00473,-0.01873,0.99895,1.00
11553,350.00,0.00,0.10571,0.04497,-0.01468,0.99327,-0.14670,-0.01489,-0.00221,0.98907,-0.04148,0.03208,-0.01169,0.99856,1.00,-0.14614,-0.04282,-0.00633,0.98832,-0.04159,0.00473,-0.01875,0.99895,1.00
11567,350.00,0.00,0.10579,0.04500,-0.01450,0.99326,-0.14687,-0.01500,-0.00223,0.98904,-0.04156,0.03197,-0.01153,0.99856,1.00,-0.14630,-0.04293,-0.00636,0.98829,-0.04167,0.00462,-0.01860,0.99895,1.00
11581,350.00,0.00,0.10589,0.04508,-0.01432,0.99325,-0.14696,-0.01505,-0.00224,0.98903,-0.04156,0.03198,-0.01135,0.99856,1.00,-0.14640,-0.04299,-0.00637,0.98827,-0.04167,0.00463,-0.01842,0.99895,1.00
11596,350.00,0.00,0.10602,0.04514,-0.01419,0.99324,-0.14708,-0.01509,-0.00224,0.98901,-0.04155,0.03198,-0.01122,0.99856,1.00,-0.14653,-0.04302,-0.00638,0.98825,-0.04167,0.00463,-0.01830,0.99895,1.00
11609,350.00,0.00,0.10612,0.04525,-0.01415,0.99322,-0.14541,-0.01711,-0.00252,0.98922,-0.03981,0.03009,-0.01173,0.99869,1.00,-0.14483,-0.04502,-0.00660,0.98841,-0.03989,0.00276,-0.01876,0.99902,1.00
11623,350.00,0.00,0.10629,0.04530,-0.01417,0.99320,-0.14558,-0.01717,-0.00253,0.98919,-0.03981,0.03009,-0.01176,0.99869,1.00,-0.14499,-0.04508,-0.00661,0.98838,-0.03989,0.00276,-0.01880,0.99902,1.00
11638,350.00,0.00,0.10641,0.04529,-0.01413,0.99319,-0.14539,-0.01706,-0.00251,0.98922,-0.03950,0.03018,-0.01170,0.99870,1.00,-0.14480,-0.04496,-0.00659,0.98842,-0.03957,0.00286,-0.01874,0.99904,1.00
11651,350.00,0.00,0.10648,0.04531,-0.01410,0.99318,-0.14547,-0.01708,-0.00251,0.98921,-0.03950,0.03018,-0.01167,0.99870,1.00,-0.14487,-0.04498,-0.00659,0.98841,-0.03957,0.00286,-0.01871,0.99904,1.00
11665,350.00,0.00,0.10652,0.04536,-0.01408,0.99318,-0.14527,-0.01637,-0.00240,0.98925,-0.03924,0.03091,-0.01147,0.99869,1.00,-0.14468,-0.04428,-0.00648,0.98847,-0.03932,0.00358,-0.01851,0.99905,1.00
11679,350.00,0.00,0.10666,0.04545,-0.01409,0.99316,-0.14540,-0.01647,-0.00242,0.98923,-0.03924,0.03091,-0.01149,0.99869,1.00,-0.14481,-0.04438,-0.00650,0.98844,-0.03932,0.00358,-0.01854,0.99905,1.00
11694,350.00,0.00,0.10674,0.04557,-0.01415,0.99314,-0.14549,-0.01661,-0.00244,0.98922,-0.03924,0.03090,-0.01157,0.99868,1.00,-0.14489,-0.04452,-0.00653,0.98842,-0.03932,0.00358,-0.01862,0.99905,1.00
11707,350.00,0.00,0.10669,0.04576,-0.01412,0.99314,-0.14657,-0.01541,-0.00228,0.98908,-0.04037,0.03227,-0.01117,0.99860,1.00,-0.14600,-0.04333,-0.00640,0.98831,-0.04046,0.00493,-0.01825,0.99900,1.00
11721,350.00,0.00,0.10655,0.04588,-0.01403,0.99315,-0.14644,-0.01552,-0.00230,0.98910,-0.04037,0.03227,-0.01109,0.99860,1.00,-0.14587,-0.04344,-0.00641,0.98833,-0.04046,0.00494,-0.01817,0.99900,1.00
11735,350.00,0.00,0.10642,0.04614,-0.01425,0.99315,-0.14685,-0.01559,-0.00231,0.98903,-0.04091,0.03249,-0.01127,0.99857,1.00,-0.14626,-0.04352,-0.00644,0.98827,-0.04100,0.00515,-0.01836,0.99898,1.00
11749,350.00,0.00,0.10644,0.04626,-0.01435,0.99314,-0.14686,-0.01573,-0.00234,0.98903,-0.04092,0.03249,-0.01139,0.99857,1.00,-0.14626,-0.04365,-0.00646,0.98826,-0.04100,0.00515,-0.01847,0.99898,1.00
11763,350.00,0.00,0.10640,0.04645,-0.01431,0.99314,-0.14682,-0.01591,-0.00236,0.98903,-0.04092,0.03249,-0.01137,0.99857,1.00,-0.14622,-0.04384,-0.00649,0.98826,-0.04100,0.00515,-0.01845,0.99898,1.00
11776,350.00,0.00,0.10648,0.04649,-0.01430,0.99312,-0.14697,-0.01635,-0.00243,0.98900,-0.04099,0.03209,-0.01147,0.99858,1.00,-0.14637,-0.04428,-0.00656,0.98822,-0.04107,0.00475,-0.01856,0.99897,1.00
11790,350.00,0.00,0.10656,0.04656,-0.01431,0.99311,-0.14704,-0.01644,-0.00244,0.98899,-0.04099,0.03209,-0.01148,0.99858,1.00,-0.14644,-0.04436,-0.00657,0.98820,-0.04107,0.00475,-0.01857,0.99897,1.00
11804,350.00,0.00,0.10670,0.04672,-0.01435,0.99309,-0.14719,-0.01691,-0.00252,0.98896,-0.04101,0.03179,-0.01162,0.99859,1.00,-0.14658,-0.04483,-0.00665,0.98816,-0.04108,0.00445,-0.01872,0.99897,1.00
11818,350.00,0.00,0.10688,0.04673,-0.01440,0.99307,-0.14737,-0.01693,-0.00252,0.98893,-0.04101,0.03179,-0.01167,0.99858,1.00,-0.14675,-0.04486,-0.00666,0.98813,-0.04108,0.00445,-0.01878,0.99897,1.00
11832,350.00,0.00,0.10698,0.04677,-0.01443,0.99306,-0.14543,-0.01750,-0.00257,0.98921,-0.03897,0.03127,-0.01190,0.99868,1.00,-0.14480,-0.04540,-0.00665,0.98840,-0.03903,0.00395,-0.01895,0.99905,1.00
11846,350.00,0.00,0.10697,0.04678,-0.01442,0.99306,-0.14542,-0.01751,-0.00257,0.98921,-0.03897,0.03127,-0.01189,0.99868,1.00,-0.14480,-0.04541,-0.00665,0.98840,-0.03903,0.00395,-0.01895,0.99905,1.00
11860,350.00,0.00,0.10691,0.04680,-0.01444,0.99306,-0.14536,-0.01753,-0.00258,0.98922,-0.03897,0.03127,-0.01191,0.99868,1.00,-0.14474,-0.04543,-0.00665,0.98840,-0.03903,0.00395,-0.01896,0.99905,1.00
11874,350.00,0.00,0.10688,0.04679,-0.01442,0.99307,-0.14724,-0.01735,-0.00258,0.98895,-0.04089,0.03144,-0.01179,0.99860,1.00,-0.14661,-0.04528,-0.00672,0.98813,-0.04095,0.00410,-0.01890,0.99897,1.00
11888,350.00,0.00,0.10693,0.04677,-0.01445,0.99306,-0.14729,-0.01734,-0.00258,0.98894,-0.04089,0.03144,-0.01182,0.99860,1.00,-0.14666,-0.04527,-0.00672,0.98813,-0.04095,0.00410,-0.01893,0.99897,1.00
11902,350.00,0.00,0.10713,0.04682,-0.01451,0.99304,-0.14536,-0.01640,-0.00241,0.98924,-0.03872,0.03240,-0.01169,0.99866,1.00,-0.14476,-0.04431,-0.00649,0.98845,-0.03880,0.00508,-0.01875,0.99906,1.00
11916,350.00,0.00,0.10738,0.04685,-0.01457,0.99301,-0.14561,-0.01645,-0.00242,0.98920,-0.03872,0.03240,-0.01176,0.99866,1.00,-0.14500,-0.04435,-0.00651,0.98842,-0.03880,0.00508,-0.01883,0.99906,1.00
11930,350.00,0.00,0.10764,0.04696,-0.01467,0.99297,-0.14587,-0.01658,-0.00245,0.98916,-0.03873,0.03239,-0.01188,0.99865,1.00,-0.14525,-0.04449,-0.00654,0.98837,-0.03881,0.00507,-0.01896,0.99905,1.00
11944,350.00,0.00,0.10770,0.04700,-0.01473,0.99296,-0.14628,-0.01656,-0.00245,0.98910,-0.03909,0.03246,-0.01191,0.99864,1.00,-0.14567,-0.04447,-0.00655,0.98831,-0.03917,0.00514,-0.01901,0.99904,1.00
11958,350.00,0.00,0.10769,0.04713,-0.01485,0.99296,-0.14627,-0.01672,-0.00247,0.98910,-0.03909,0.03246,-0.01205,0.99864,1.00,-0.14565,-0.04463,-0.00658,0.98831,-0.03917,0.00513,-0.01915,0.99904,1.00
11972,350.00,0.00,0.10773,0.04715,-0.01493,0.99295,-0.14578,-0.01724,-0.00254,0.98916,-0.03857,0.03198,-0.01227,0.99867,1.00,-0.14515,-0.04514,-0.00663,0.98836,-0.03864,0.00466,-0.01935,0.99905,1.00
11987,350.00,0.00,0.10769,0.04717,-0.01508,0.99295,-0.14575,-0.01728,-0.00255,0.98917,-0.03858,0.03197,-0.01243,0.99867,1.00,-0.14511,-0.04519,-0.00663,0.98836,-0.03864,0.00466,-0.01952,0.99905,1.00
12000,350.00,0.00,0.10772,0.04723,-0.01518,0.99294,-0.14580,-0.01743,-0.00257,0.98916,-0.03860,0.03190,-0.01256,0.99867,1.00,-0.14516,-0.04534,-0.00666,0.98835,-0.03867,0.00458,-0.01965,0.99905,1.00
12013,350.00,0.00,0.10788,0.04718,-0.01527,0.99293,-0.14596,-0.01740,-0.00257,0.98913,-0.03860,0.03189,-0.01265,0.99867,1.00,-0.14532,-0.04531,-0.00666,0.98832,-0.03867,0.00458,-0.01974,0.99905,1.00
12027,350.00,0.00,0.10813,0.04712,-0.01541,0.99290,-0.14621,-0.01737,-0.00257,0.98910,-0.03861,0.03189,-0.01278,0.99866,1.00,-0.14556,-0.04528,-0.00667,0.98829,-0.03867,0.00457,-0.01989,0.99904,1.00
12041,0.00,0.00,0.10831,0.04707,-0.01545,0.99288,-0.14811,-0.01696,-0.00254,0.98882,-0.04035,0.03227,-0.01267,0.99858,1.00,-0.14747,-0.04490,-0.00670,0.98802,-0.04042,0.00494,-0.01984,0.99897,1.00
12054,0.00,0.00,0.10830,0.04706,-0.01551,0.99288,-0.14811,-0.01696,-0.00254,0.98882,-0.04035,0.03227,-0.01272,0.99858,1.00,-0.14746,-0.04489,-0.00670,0.98803,-0.04042,0.00493,-0.01989,0.99897,1.00
12069,0.00,0.00,0.10822,0.04708,-0.01549,0.99289,-0.14893,-0.01700,-0.00256,0.98870,-0.04125,0.03225,-0.01269,0.99855,1.00,-0.14829,-0.04495,-0.00675,0.98790,-0.04134,0.00491,-0.01989,0.99894,1.00
12083,0.00,0.00,0.10820,0.04710,-0.01563,0.99289,-0.14891,-0.01705,-0.00257,0.98870,-0.04126,0.03225,-0.01284,0.99855,1.00,-0.14826,-0.04499,-0.00675,0.98790,-0.04134,0.00491,-0.02003,0.99893,1.00
12097,0.00,0.00,0.10813,0.04711,-0.01568,0.99290,-0.14884,-0.01706,-0.00257,0.98871,-0.04126,0.03225,-0.01289,0.99854,1.00,-0.14820,-0.04501,-0.00675,0.98791,-0.04134,0.00490,-0.02008,0.99893,1.00
12110,0.00,0.00,0.10811,0.04706,-0.01553,0.99290,-0.14934,-0.01653,-0.00250,0.98864,-0.04177,0.03270,-0.01259,0.99851,1.00,-0.14872,-0.04449,-0.00670,0.98786,-0.04187,0.00535,-0.01980,0.99891,1.00
12124,0.00,0.00,0.10814,0.04701,-0.01552,0.99290,-0.14937,-0.01648,-0.00249,0.98864,-0.04177,0.03270,-0.01258,0.99851,1.00,-0.14875,-0.04444,-0.00669,0.98785,-0.04187,0.00535,-0.01979,0.99891,1.00
12138,0.00,0.00,0.10823,0.04692,-0.01558,0.99290,-0.15252,-0.01492,-0.00230,0.98818,-0.04483,0.03417,-0.01214,0.99834,1.00,-0.15192,-0.04293,-0.00660,0.98744,-0.04496,0.00679,-0.01946,0.99878,1.00
12152,0.00,0.00,0.10827,0.04685,-0.01560,0.99290,-0.15257,-0.01485,-0.00229,0.98818,-0.04484,0.03417,-0.01215,0.99834,1.00,-0.15196,-0.04286,-0.00660,0.98743,-0.04496,0.00679,-0.01947,0.99878,1.00
12166,0.00,0.00,0.10830,0.04671,-0.01563,0.99290,-0.15255,-0.01443,-0.00223,0.98819,-0.04477,0.03446,-0.01209,0.99833,1.00,-0.15195,-0.04244,-0.00653,0.98746,-0.04490,0.00707,-0.01941,0.99878,1.00
12180,0.00,0.00,0.10852,0.04664,-0.01581,0.99287,-0.15277,-0.01439,-0.00223,0.98815,-0.04478,0.03445,-0.01227,0.99833,1.00,-0.15217,-0.04240,-0.00653,0.98742,-0.04490,0.00706,-0.01960,0.99877,1.00
12195,0.00,0.00,0.10896,0.04655,-0.01591,0.99283,-0.15321,-0.01433,-0.00222,0.98809,-0.04478,0.03445,-0.01235,0.99833,1.00,-0.15260,-0.04235,-0.00654,0.98736,-0.04490,0.00706,-0.01971,0.99877,1.00
12208,0.00,0.00,0.10920,0.04642,-0.01568,0.99281,-0.15326,-0.01386,-0.00215,0.98809,-0.04458,0.03474,-0.01203,0.99833,1.00,-0.15268,-0.04188,-0.00648,0.98737,-0.04472,0.00736,-0.01940,0.99878,1.00
12222,0.00,0.00,0.10948,0.04643,-0.01562,0.99278,-0.15354,-0.01386,-0.00215,0.98804,-0.04458,0.03475,-0.01196,0.99833,1.00,-0.15296,-0.04188,-0.00649,0.98732,-0.04472,0.00736,-0.01935,0.99879,1.00
12236,0.00,0.00,0.10961,0.04636,-0.01553,0.99277,-0.15321,-0.01294,-0.00201,0.98811,-0.04409,0.03555,-0.01166,0.99833,1.00,-0.15266,-0.04096,-0.00633,0.98741,-0.04426,0.00817,-0.01904,0.99881,1.00
12250,0.00,0.00,0.10972,0.04631,-0.01549,0.99276,-0.15332,-0.01289,-0.00200,0.98809,-0.04409,0.03556,-0.01161,0.99833,1.00,-0.15277,-0.04091,-0.00633,0.98739,-0.04426,0.00817,-0.01900,0.99881,1.00
12264,0.00,0.00,0.10985,0.04627,-0.01544,0.99275,-0.15345,-0.01284,-0.00199,0.98807,-0.04409,0.03556,-0.01155,0.99833,1.00,-0.15291,-0.04087,-0.00633,0.98737,-0.04426,0.00817,-0.01895,0.99881,1.00
12278,0.00,0.00,0.10986,0.04618,-0.01547,0.99275,-0.15283,-0.01229,-0.00190,0.98817,-0.04344,0.03601,-0.01146,0.99834,1.00,-0.15229,-0.04031,-0.00622,0.98749,-0.04361,0.00863,-0.01884,0.99883,1.00
12292,0.00,0.00,0.10991,0.04602,-0.01537,0.99276,-0.15288,-0.01211,-0.00187,0.98817,-0.04344,0.03601,-0.01134,0.99834,1.00,-0.15235,-0.04013,-0.00619,0.98749,-0.04361,0.00863,-0.01872,0.99884,1.00
12305,0.00,0.00,0.11003,0.04590,-0.01532,0.99275,-0.15296,-0.01278,-0.00198,0.98815,-0.04341,0.03523,-0.01148,0.99837,1.00,-0.15241,-0.04079,-0.00630,0.98746,-0.04357,0.00785,-0.01887,0.99884,1.00
12319,0.00,0.00,0.11025,0.04573,-0.01530,0.99273,-0.15318,-0.01260,-0.00195,0.98812,-0.04341,0.03524,-0.01144,0.99837,1.00,-0.15263,-0.04062,-0.00628,0.98743,-0.04357,0.00786,-0.01884,0.99884,1.00
12334,0.00,0.00,0.11048,0.04562,-0.01528,0.99271,-0.15287,-0.01211,-0.00187,0.98817,-0.04285,0.03560,-0.01133,0.99838,1.00,-0.15233,-0.04013,-0.00619,0.98750,-0.04302,0.00822,-0.01872,0.99887,1.00
12347,0.00,0.00,0.11071,0.04551,-0.01527,0.99269,-0.15310,-0.01200,-0.00186,0.98814,-0.04285,0.03560,-0.01129,0.99838,1.00,-0.15256,-0.04003,-0.00618,0.98746,-0.04302,0.00822,-0.01870,0.99887,1.00
12362,0.00,0.00,0.11083,0.04542,-0.01512,0.99269,-0.15322,-0.01188,-0.00184,0.98812,-0.04285,0.03561,-0.01113,0.99839,1.00,-0.15269,-0.03990,-0.00617,0.98745,-0.04302,0.00823,-0.01855,0.99887,1.00
12375,0.00,0.00,0.11096,0.04542,-0.01531,0.99267,-0.14502,-0.01570,-0.00230,0.98930,-0.03452,0.03183,-0.01258,0.99882,1.00,-0.14443,-0.04360,-0.00637,0.98853,-0.03464,0.00454,-0.01973,0.99919,1.00
12389,0.00,0.00,0.11107,0.04542,-0.01545,0.99265,-0.14512,-0.01572,-0.00231,0.98929,-0.03453,0.03183,-0.01273,0.99882,1.00,-0.14453,-0.04362,-0.00638,0.98852,-0.03464,0.00454,-0.01988,0.99919,1.00
12403,0.00,0.00,0.11108,0.04548,-0.01537,0.99265,-0.07897,-0.01448,-0.00115,0.99677,0.03205,0.03230,-0.01447,0.99886,1.00,-0.07867,-0.04176,-0.00330,0.99602,0.03175,0.00542,-0.01964,0.99929,1.00
12417,0.00,0.00,0.11104,0.04562,-0.01534,0.99265,-0.07893,-0.01462,-0.00116,0.99677,0.03205,0.03230,-0.01446,0.99886,1.00,-0.07863,-0.04189,-0.00331,0.99602,0.03175,0.00542,-0.01962,0.99929,1.00
12431,0.00,0.00,0.11114,0.04572,-0.01531,0.99263,-0.07880,-0.01513,-0.00120,0.99677,0.03227,0.03189,-0.01453,0.99886,1.00,-0.07850,-0.04240,-0.00334,0.99601,0.03197,0.00502,-0.01969,0.99928,1.00
12444,0.00,0.00,0.11123,0.04587,-0.01530,0.99262,-0.07890,-0.01528,-0.00121,0.99677,0.03227,0.03189,-0.01453,0.99886,1.00,-0.07859,-0.04255,-0.00336,0.99599,0.03197,0.00502,-0.01970,0.99928,1.00
12459,0.00,0.00,0.11135,0.04600,-0.01533,0.99260,-0.07902,-0.01542,-0.00122,0.99675,0.03227,0.03190,-0.01458,0.99886,1.00,-0.07871,-0.04269,-0.00337,0.99598,0.03197,0.00502,-0.01975,0.99928,1.00
12473,0.00,0.00,0.11146,0.04612,-0.01534,0.99258,-0.07957,-0.01537,-0.00123,0.99671,0.03182,0.03207,-0.01455,0.99887,1.00,-0.07926,-0.04265,-0.00339,0.99594,0.03152,0.00519,-0.01974,0.99929,1.00
12486,0.00,0.00,0.11146,0.04616,-0.01530,0.99258,-0.07957,-0.01542,-0.00123,0.99671,0.03182,0.03207,-0.01451,0.99887,1.00,-0.07926,-0.04270,-0.00340,0.99593,0.03152,0.00519,-0.01971,0.99930,1.00
12500,0.00,0.00,0.11141,0.04618,-0.01521,0.99258,-0.08114,-0.01520,-0.00124,0.99659,0.03021,0.03231,-0.01433,0.99892,1.00,-0.08083,-0.04249,-0.00345,0.99582,0.02991,0.00543,-0.01957,0.99935,1.00
12514,0.00,0.00,0.11137,0.04611,-0.01515,0.99259,-0.08109,-0.01512,-0.00123,0.99659,0.03021,0.03231,-0.01426,0.99892,1.00,-0.08079,-0.04241,-0.00344,0.99582,0.02991,0.00543,-0.01950,0.99935,1.00
12528,0.00,0.00,0.11132,0.04606,-0.01511,0.99260,-0.08105,-0.01507,-0.00123,0.99660,0.03021,0.03231,-0.01422,0.99892,1.00,-0.08074,-0.04236,-0.00343,0.99583,0.02991,0.00542,-0.01946,0.99935,1.00
12542,0.00,0.00,0.11134,0.04604,-0.01508,0.99260,-0.08102,-0.01440,-0.00117,0.99661,0.03027,0.03294,-0.01407,0.99890,1.00,-0.08072,-0.04169,-0.00338,0.99586,0.02997,0.00606,-0.01930,0.99935,1.00
12556,0.00,0.00,0.11143,0.04597,-0.01502,0.99259,-0.08111,-0.01433,-0.00117,0.99660,0.03028,0.03294,-0.01399,0.99890,1.00,-0.08082,-0.04162,-0.00338,0.99585,0.02997,0.00606,-0.01923,0.99935,1.00
12570,0.00,0.00,0.11150,0.04591,-0.01497,0.99259,-0.08067,-0.01399,-0.00113,0.99664,0.03079,0.03321,-0.01390,0.99888,1.00,-0.08037,-0.04128,-0.00333,0.99590,0.03049,0.00633,-0.01913,0.99933,1.00
12584,0.00,0.00,0.11154,0.04582,-0.01491,0.99259,-0.08071,-0.01389,-0.00112,0.99664,0.03079,0.03321,-0.01383,0.99888,1.00,-0.08042,-0.04118,-0.00333,0.99590,0.03049,0.00633,-0.01906,0.99933,1.00
12598,0.00,0.00,0.11160,0.04581,-0.01485,0.99259,-0.08069,-0.01277,-0.00103,0.99666,0.03090,0.03429,-0.01355,0.99884,1.00,-0.08041,-0.04007,-0.00324,0.99595,0.03059,0.00741,-0.01879,0.99933,1.00
12612,0.00,0.00,0.11167,0.04577,-0.01475,0.99258,-0.08076,-0.01273,-0.00103,0.99665,0.03090,0.03429,-0.01345,0.99884,1.00,-0.08049,-0.04003,-0.00323,0.99595,0.03059,0.00741,-0.01869,0.99933,1.00
12626,0.00,0.00,0.11189,0.04575,-0.01469,0.99256,-0.08097,-0.01271,-0.00103,0.99663,0.03090,0.03429,-0.01338,0.99884,1.00,-0.08071,-0.04000,-0.00324,0.99593,0.03059,0.00740,-0.01863,0.99933,1.00
12639,0.00,0.00,0.11213,0.04579,-0.01468,0.99253,-0.08090,-0.01285,-0.00104,0.99664,0.03123,0.03419,-0.01340,0.99884,1.00,-0.08062,-0.04014,-0.00325,0.99593,0.03092,0.00731,-0.01866,0.99932,1.00
12653,0.00,0.00,0.11239,0.04587,-0.01460,0.99250,-0.08115,-0.01292,-0.00105,0.99662,0.03123,0.03419,-0.01333,0.99884,1.00,-0.08088,-0.04022,-0.00327,0.99591,0.03092,0.00731,-0.01860,0.99932,1.00
12667,0.00,0.00,0.11250,0.04590,-0.01458,0.99248,-0.07766,-0.01368,-0.00107,0.99689,0.03483,0.03343,-0.01357,0.99874,1.00,-0.07738,-0.04095,-0.00318,0.99616,0.03453,0.00657,-0.01874,0.99921,1.00
12681,0.00,0.00,0.11257,0.04595,-0.01455,0.99247,-0.07772,-0.01373,-0.00107,0.99688,0.03483,0.03343,-0.01354,0.99874,1.00,-0.07745,-0.04100,-0.00319,0.99615,0.03453,0.00657,-0.01871,0.99921,1.00
12696,0.00,0.00,0.11265,0.04597,-0.01454,0.99246,-0.07781,-0.01375,-0.00107,0.99687,0.03483,0.03343,-0.01353,0.99874,1.00,-0.07754,-0.04103,-0.00319,0.99614,0.03453,0.00657,-0.01871,0.99921,1.00
12709,0.00,0.00,0.11270,0.04600,-0.01461,0.99246,-0.07660,-0.01420,-0.00109,0.99696,0.03607,0.03300,-0.01373,0.99871,1.00,-0.07632,-0.04147,-0.00318,0.99622,0.03578,0.00614,-0.01887,0.99916,1.00
12723,0.00,0.00,0.11287,0.04603,-0.01472,0.99243,-0.07678,-0.01424,-0.00110,0.99695,0.03607,0.03301,-0.01384,0.99871,1.00,-0.07649,-0.04151,-0.00319,0.99620,0.03578,0.00615,-0.01899,0.99916,1.00
12737,0.00,0.00,0.11308,0.04602,-0.01480,0.99241,-0.07674,-0.01431,-0.00110,0.99695,0.03632,0.03293,-0.01394,0.99870,1.00,-0.07644,-0.04158,-0.00319,0.99620,0.03603,0.00607,-0.01910,0.99915,1.00
12751,0.00,0.00,0.11323,0.04605,-0.01470,0.99239,-0.07688,-0.01434,-0.00111,0.99694,0.03632,0.03293,-0.01384,0.99870,1.00,-0.07659,-0.04161,-0.00320,0.99619,0.03603,0.00607,-0.01900,0.99915,1.00
12765,0.00,0.00,0.11336,0.04610,-0.01488,0.99237,-0.07648,-0.01423,-0.00109,0.99697,0.03686,0.03310,-0.01401,0.99867,1.00,-0.07618,-0.04149,-0.00317,0.99623,0.03657,0.00624,-0.01917,0.99913,1.00
12778,0.00,0.00,0.11346,0.04616,-0.01498,0.99236,-0.07657,-0.01430,-0.00110,0.99696,0.03686,0.03310,-0.01411,0.99867,1.00,-0.07627,-0.04156,-0.00318,0.99622,0.03657,0.00624,-0.01928,0.99913,1.00
12793,0.00,0.00,0.11344,0.04623,-0.01502,0.99236,-0.07656,-0.01437,-0.00110,0.99696,0.03686,0.03310,-0.01416,0.99867,1.00,-0.07625,-0.04164,-0.00319,0.99621,0.03657,0.00624,-0.01933,0.99912,1.00
12807,0.00,0.00,0.11344,0.04632,-0.01537,0.99235,-0.07625,-0.01605,-0.00123,0.99696,0.03713,0.03156,-0.01483,0.99870,1.00,-0.07592,-0.04330,-0.00330,0.99617,0.03686,0.00471,-0.01999,0.99911,1.00
12820,0.00,0.00,0.11368,0.04638,-0.01565,0.99231,-0.07649,-0.01613,-0.00124,0.99694,0.03712,0.03157,-0.01512,0.99870,1.00,-0.07614,-0.04339,-0.00332,0.99615,0.03685,0.00472,-0.02028,0.99910,1.00
12835,0.00,0.00,0.11382,0.04641,-0.01572,0.99229,-0.07622,-0.01603,-0.00123,0.99696,0.03753,0.03171,-0.01518,0.99868,1.00,-0.07589,-0.04328,-0.00330,0.99617,0.03725,0.00486,-0.02034,0.99909,1.00
12848,0.00,0.00,0.11411,0.04652,-0.01560,0.99226,-0.07651,-0.01613,-0.00124,0.99694,0.03754,0.03170,-0.01506,0.99868,1.00,-0.07617,-0.04339,-0.00332,0.99614,0.03725,0.00485,-0.02024,0.99909,1.00
12863,0.00,0.00,0.11441,0.04655,-0.01559,0.99222,-0.07680,-0.01616,-0.00125,0.99691,0.03754,0.03170,-0.01505,0.99868,1.00,-0.07647,-0.04342,-0.00333,0.99612,0.03725,0.00485,-0.02024,0.99909,1.00
12876,0.00,0.00,0.11466,0.04662,-0.01560,0.99219,-0.07674,-0.01608,-0.00124,0.99692,0.03786,0.03186,-0.01505,0.99866,1.00,-0.07643,-0.04334,-0.00333,0.99613,0.03756,0.00501,-0.02025,0.99908,1.00
12890,0.00,0.00,0.11488,0.04666,-0.01559,0.99216,-0.07695,-0.01612,-0.00124,0.99690,0.03786,0.03186,-0.01503,0.99866,1.00,-0.07664,-0.04338,-0.00334,0.99611,0.03756,0.00501,-0.02024,0.99908,1.00
12904,0.00,0.00,0.11499,0.04666,-0.01556,0.99215,-0.07771,-0.01617,-0.00126,0.99684,0.03722,0.03182,-0.01500,0.99869,1.00,-0.07740,-0.04344,-0.00338,0.99605,0.03691,0.00497,-0.02023,0.99910,1.00
12918,0.00,0.00,0.11513,0.04654,-0.01548,0.99214,-0.07785,-0.01606,-0.00125,0.99684,0.03722,0.03181,-0.01490,0.99869,1.00,-0.07754,-0.04332,-0.00337,0.99604,0.03691,0.00497,-0.02014,0.99910,1.00
12931,0.00,0.00,0.11512,0.04629,-0.01547,0.99215,-0.07778,-0.01572,-0.00123,0.99685,0.03728,0.03190,-0.01485,0.99869,1.00,-0.07748,-0.04298,-0.00334,0.99606,0.03698,0.00505,-0.02009,0.99910,1.00
12945,0.00,0.00,0.11518,0.04610,-0.01545,0.99215,-0.07785,-0.01553,-0.00121,0.99684,0.03729,0.03189,-0.01481,0.99869,1.00,-0.07755,-0.04279,-0.00333,0.99606,0.03698,0.00505,-0.02005,0.99910,1.00
12960,0.00,0.00,0.11532,0.04591,-0.01540,0.99215,-0.07799,-0.01533,-0.00120,0.99684,0.03729,0.03189,-0.01473,0.99869,1.00,-0.07769,-0.04260,-0.00332,0.99606,0.03698,0.00504,-0.01998,0.99910,1.00
12974,0.00,0.00,0.11542,0.04576,-0.01538,0.99214,-0.07985,-0.01538,-0.00123,0.99669,0.03552,0.03172,-0.01468,0.99876,1.00,-0.07955,-0.04266,-0.00341,0.99591,0.03522,0.00487,-0.01999,0.99917,1.00
12987,0.00,0.00,0.11551,0.04562,-0.01521,0.99214,-0.07994,-0.01523,-0.00122,0.99668,0.03553,0.03171,-0.01448,0.99876,1.00,-0.07964,-0.04251,-0.00340,0.99591,0.03522,0.00486,-0.01979,0.99917,1.00
13001,0.00,0.00,0.11560,0.04559,-0.01507,0.99213,-0.07978,-0.01626,-0.00130,0.99668,0.03576,0.03066,-0.01455,0.99878,1.00,-0.07948,-0.04353,-0.00347,0.99588,0.03546,0.00381,-0.01987,0.99917,1.00
13015,0.00,0.00,0.11572,0.04555,-0.01532,0.99212,-0.07990,-0.01623,-0.00130,0.99667,0.03575,0.03067,-0.01479,0.99878,1.00,-0.07959,-0.04350,-0.00348,0.99587,0.03546,0.00382,-0.02011,0.99916,1.00
13029,0.00,0.00,0.11580,0.04558,-0.01537,0.99211,-0.07999,-0.01627,-0.00131,0.99666,0.03575,0.03067,-0.01486,0.99878,1.00,-0.07967,-0.04354,-0.00348,0.99586,0.03546,0.00382,-0.02018,0.99916,1.00
13043,0.00,0.00,0.11586,0.04558,-0.01532,0.99210,-0.08002,-0.01503,-0.00121,0.99668,0.03580,0.03189,-0.01456,0.99874,1.00,-0.07971,-0.04231,-0.00339,0.99591,0.03550,0.00503,-0.01988,0.99916,1.00
13057,0.00,0.00,0.11595,0.04561,-0.01525,0.99209,-0.08011,-0.01506,-0.00121,0.99667,0.03580,0.03188,-0.01450,0.99875,1.00,-0.07980,-0.04234,-0.00339,0.99591,0.03550,0.00503,-0.01983,0.99916,1.00
13071,0.00,0.00,0.11617,0.04562,-0.01516,0.99207,-0.07931,-0.01572,-0.00125,0.99673,0.03681,0.03123,-0.01456,0.99873,1.00,-0.07901,-0.04299,-0.00341,0.99594,0.03651,0.00438,-0.01987,0.99913,1.00
13085,0.00,0.00,0.11659,0.04559,-0.01507,0.99202,-0.07973,-0.01568,-0.00125,0.99669,0.03681,0.03123,-0.01446,0.99873,1.00,-0.07943,-0.04296,-0.00343,0.99591,0.03651,0.00438,-0.01980,0.99913,1.00
13098,0.00,0.00,0.11693,0.04552,-0.01505,0.99198,-0.08053,-0.01564,-0.00126,0.99663,0.03635,0.03121,-0.01442,0.99875,1.00,-0.08023,-0.04292,-0.00346,0.99585,0.03606,0.00437,-0.01979,0.99914,1.00
13112,0.00,0.00,0.11714,0.04537,-0.01503,0.99196,-0.08075,-0.01549,-0.00126,0.99661,0.03635,0.03121,-0.01438,0.99875,1.00,-0.08044,-0.04278,-0.00346,0.99584,0.03606,0.00437,-0.01976,0.99914,1.00
13127,0.00,0.00,0.11720,0.04518,-0.01500,0.99197,-0.08081,-0.01530,-0.00124,0.99661,0.03636,0.03121,-0.01433,0.99875,1.00,-0.08050,-0.04258,-0.00344,0.99584,0.03606,0.00436,-0.01971,0.99915,1.00
13140,0.00,0.00,0.11725,0.04500,-0.01494,0.99197,-0.08068,-0.01585,-0.00128,0.99661,0.03652,0.03048,-0.01439,0.99876,1.00,-0.08037,-0.04313,-0.00348,0.99583,0.03623,0.00364,-0.01977,0.99914,1.00
13154,0.00,0.00,0.11728,0.04484,-0.01491,0.99197,-0.08072,-0.01568,-0.00127,0.99661,0.03652,0.03048,-0.01434,0.99876,1.00,-0.08041,-0.04297,-0.00347,0.99583,0.03623,0.00364,-0.01972,0.99914,1.00
13168,0.00,0.00,0.11727,0.04470,-0.01499,0.99198,-0.08205,-0.01583,-0.00130,0.99650,0.03518,0.03023,-0.01442,0.99882,1.00,-0.08172,-0.04312,-0.00354,0.99572,0.03490,0.00338,-0.01984,0.99919,1.00
13182,0.00,0.00,0.11728,0.04467,-0.01512,0.99198,-0.08206,-0.01580,-0.00130,0.99650,0.03517,0.03023,-0.01455,0.99882,1.00,-0.08173,-0.04309,-0.00354,0.99572,0.03490,0.00338,-0.01997,0.99919,1.00
13197,0.00,0.00,0.11722,0.04466,-0.01526,0.99198,-0.08200,-0.01580,-0.00130,0.99651,0.03517,0.03024,-0.01469,0.99882,1.00,-0.08166,-0.04309,-0.00353,0.99572,0.03490,0.00339,-0.02011,0.99918,1.00
13210,0.00,0.00,0.11717,0.04468,-0.01542,0.99199,-0.08201,-0.01613,-0.00133,0.99650,0.03510,0.02994,-0.01491,0.99882,1.00,-0.08166,-0.04342,-0.00356,0.99571,0.03483,0.00309,-0.02033,0.99918,1.00
13224,0.00,0.00,0.11703,0.04479,-0.01552,0.99200,-0.08187,-0.01625,-0.00133,0.99651,0.03509,0.02995,-0.01503,0.99882,1.00,-0.08151,-0.04354,-0.00356,0.99571,0.03483,0.00310,-0.02044,0.99918,1.00
13238,0.00,0.00,0.11675,0.04497,-0.01562,0.99202,-0.08158,-0.01675,-0.00137,0.99652,0.03509,0.02964,-0.01522,0.99883,1.00,-0.08123,-0.04403,-0.00359,0.99572,0.03482,0.00279,-0.02061,0.99918,1.00
13252,0.00,0.00,0.11659,0.04515,-0.01573,0.99203,-0.08142,-0.01693,-0.00138,0.99653,0.03508,0.02964,-0.01534,0.99883,1.00,-0.08106,-0.04422,-0.00360,0.99572,0.03482,0.00279,-0.02072,0.99918,1.00
13266,0.00,0.00,0.11633,0.04529,-0.01581,0.99205,-0.07827,-0.01693,-0.00133,0.99679,0.03798,0.02973,-0.01550,0.99872,1.00,-0.07793,-0.04420,-0.00346,0.99597,0.03770,0.00289,-0.02079,0.99907,1.00
13280,0.00,0.00,0.11629,0.04536,-0.01583,0.99205,-0.07823,-0.01701,-0.00134,0.99679,0.03798,0.02974,-0.01553,0.99872,1.00,-0.07789,-0.04427,-0.00346,0.99597,0.03770,0.00289,-0.02082,0.99907,1.00
13294,0.00,0.00,0.11625,0.04544,-0.01586,0.99205,-0.07819,-0.01709,-0.00134,0.99679,0.03798,0.02974,-0.01557,0.99871,1.00,-0.07784,-0.04435,-0.00347,0.99597,0.03770,0.00289,-0.02085,0.99907,1.00
13307,0.00,0.00,0.11621,0.04544,-0.01590,0.99206,-0.07851,-0.01492,-0.00117,0.99680,0.03766,0.03188,-0.01518,0.99867,1.00,-0.07819,-0.04219,-0.00331,0.99604,0.03736,0.00503,-0.02048,0.99908,1.00
13321,0.00,0.00,0.11603,0.04531,-0.01595,0.99208,-0.07833,-0.01479,-0.00116,0.99682,0.03766,0.03188,-0.01522,0.99867,1.00,-0.07801,-0.04206,-0.00329,0.99606,0.03736,0.00503,-0.02050,0.99908,1.00
13336,0.00,0.00,0.11588,0.04521,-0.01597,0.99211,-0.07968,-0.01454,-0.00116,0.99671,0.03615,0.03204,-0.01515,0.99872,1.00,-0.07937,-0.04182,-0.00333,0.99596,0.03585,0.00519,-0.02047,0.99913,1.00
13349,0.00,0.00,0.11573,0.04498,-0.01603,0.99213,-0.07954,-0.01431,-0.00114,0.99673,0.03615,0.03204,-0.01519,0.99872,1.00,-0.07923,-0.04159,-0.00331,0.99598,0.03584,0.00519,-0.02050,0.99913,1.00
13363,0.00,0.00,0.11562,0.04476,-0.01601,0.99216,-0.07944,-0.01409,-0.00112,0.99674,0.03616,0.03204,-0.01515,0.99872,1.00,-0.07912,-0.04137,-0.00329,0.99600,0.03585,0.00519,-0.02045,0.99913,1.00
13377,0.00,0.00,0.11554,0.04450,-0.01597,0.99218,-0.07966,-0.01393,-0.00111,0.99672,0.03585,0.03194,-0.01508,0.99873,1.00,-0.07936,-0.04121,-0.00328,0.99599,0.03554,0.00509,-0.02039,0.99915,1.00
13391,0.00,0.00,0.11553,0.04436,-0.01587,0.99219,-0.07965,-0.01377,-0.00110,0.99673,0.03586,0.03194,-0.01497,0.99873,1.00,-0.07936,-0.04106,-0.00327,0.99599,0.03554,0.00508,-0.02028,0.99915,1.00
13405,0.00,0.00,0.11549,0.04429,-0.01589,0.99219,-0.07944,-0.01357,-0.00108,0.99675,0.03603,0.03207,-0.01496,0.99872,1.00,-0.07915,-0.04085,-0.00325,0.99602,0.03570,0.00522,-0.02026,0.99914,1.00
13419,0.00,0.00,0.11523,0.04416,-0.01584,0.99223,-0.07919,-0.01343,-0.00107,0.99677,0.03603,0.03207,-0.01490,0.99872,1.00,-0.07890,-0.04071,-0.00322,0.99605,0.03570,0.00521,-0.02019,0.99915,1.00
13433,0.00,0.00,0.11511,0.04415,-0.01602,0.99224,-0.07927,-0.01379,-0.00110,0.99676,0.03582,0.03172,-0.01515,0.99874,1.00,-0.07897,-0.04107,-0.00326,0.99603,0.03550,0.00486,-0.02043,0.99915,1.00
13447,0.00,0.00,0.11507,0.04417,-0.01625,0.99224,-0.07923,-0.01382,-0.00110,0.99676,0.03581,0.03173,-0.01538,0.99874,1.00,-0.07891,-0.04110,-0.00326,0.99603,0.03550,0.00487,-0.02066,0.99914,1.00
13461,0.00,0.00,0.11509,0.04413,-0.01620,0.99224,-0.07925,-0.01378,-0.00110,0.99676,0.03581,0.03172,-0.01532,0.99874,1.00,-0.07894,-0.04106,-0.00325,0.99603,0.03550,0.00487,-0.02061,0.99915,1.00
13475,0.00,0.00,0.11515,0.04414,-0.01605,0.99224,-0.07948,-0.01604,-0.00128,0.99671,0.03560,0.02950,-0.01560,0.99881,1.00,-0.07916,-0.04332,-0.00344,0.99591,0.03529,0.00265,-0.02089,0.99916,1.00
13488,0.00,0.00,0.11528,0.04413,-0.01587,0.99223,-0.07960,-0.01603,-0.00128,0.99670,0.03560,0.02950,-0.01542,0.99881,1.00,-0.07929,-0.04330,-0.00345,0.99590,0.03529,0.00264,-0.02072,0.99916,1.00
13502,0.00,0.00,0.11545,0.04416,-0.01574,0.99221,-0.08029,-0.01614,-0.00130,0.99664,0.03509,0.02941,-0.01530,0.99883,1.00,-0.07998,-0.04342,-0.00349,0.99584,0.03478,0.00256,-0.02062,0.99918,1.00
13516,0.00,0.00,0.11568,0.04412,-0.01577,0.99218,-0.08051,-0.01610,-0.00130,0.99662,0.03509,0.02941,-0.01532,0.99883,1.00,-0.08020,-0.04338,-0.00349,0.99583,0.03478,0.00256,-0.02065,0.99918,1.00
13530,0.00,0.00,0.11580,0.04399,-0.01574,0.99217,-0.08064,-0.01597,-0.00129,0.99661,0.03509,0.02941,-0.01527,0.99883,1.00,-0.08033,-0.04326,-0.00349,0.99582,0.03478,0.00256,-0.02061,0.99918,1.00
13544,0.00,0.00,0.11594,0.04368,-0.01571,0.99217,-0.08018,-0.01570,-0.00126,0.99666,0.03570,0.02936,-0.01523,0.99882,1.00,-0.07988,-0.04298,-0.00345,0.99587,0.03539,0.00251,-0.02056,0.99916,1.00
13558,0.00,0.00,0.11607,0.04345,-0.01572,0.99217,-0.08031,-0.01547,-0.00125,0.99665,0.03570,0.02936,-0.01521,0.99882,1.00,-0.08000,-0.04275,-0.00343,0.99587,0.03539,0.00251,-0.02055,0.99916,1.00
13572,0.00,0.00,0.11622,0.04320,-0.01565,0.99216,-0.07928,-0.01394,-0.00111,0.99675,0.03692,0.03059,-0.01489,0.99874,1.00,-0.07899,-0.04122,-0.00327,0.99602,0.03660,0.00374,-0.02021,0.99912,1.00
13586,0.00,0.00,0.11656,0.04297,-0.01569,0.99213,-0.07962,-0.01373,-0.00110,0.99673,0.03692,0.03059,-0.01490,0.99874,1.00,-0.07933,-0.04101,-0.00327,0.99600,0.03660,0.00374,-0.02024,0.99912,1.00
13600,0.00,0.00,0.11688,0.04287,-0.01569,0.99210,-0.07959,-0.01544,-0.00123,0.99671,0.03724,0.02881,-0.01526,0.99877,1.00,-0.07927,-0.04271,-0.00340,0.99593,0.03694,0.00196,-0.02060,0.99910,1.00
13613,0.00,0.00,0.11707,0.04276,-0.01565,0.99208,-0.07979,-0.01532,-0.00123,0.99669,0.03724,0.02881,-0.01520,0.99878,1.00,-0.07948,-0.04260,-0.00340,0.99592,0.03694,0.00196,-0.02055,0.99910,1.00
13628,0.00,0.00,0.11714,0.04270,-0.01548,0.99208,-0.07985,-0.01525,-0.00122,0.99669,0.03725,0.02880,-0.01502,0.99878,1.00,-0.07955,-0.04253,-0.00340,0.99592,0.03694,0.00195,-0.02037,0.99911,1.00
13642,0.00,0.00,0.11710,0.04275,-0.01569,0.99208,-0.07838,-0.01437,-0.00113,0.99682,0.03870,0.02972,-0.01509,0.99869,1.00,-0.07808,-0.04164,-0.00326,0.99607,0.03839,0.00288,-0.02040,0.99905,1.00
13655,0.00,0.00,0.11712,0.04272,-0.01584,0.99207,-0.07840,-0.01434,-0.00113,0.99682,0.03870,0.02973,-0.01524,0.99869,1.00,-0.07810,-0.04162,-0.00326,0.99607,0.03839,0.00288,-0.02055,0.99905,1.00
13670,0.00,0.00,0.11710,0.04276,-0.01592,0.99207,-0.07821,-0.01503,-0.00118,0.99682,0.03885,0.02909,-0.01545,0.99870,1.00,-0.07789,-0.04230,-0.00331,0.99606,0.03855,0.00225,-0.02076,0.99904,1.00
13684,0.00,0.00,0.11707,0.04285,-0.01598,0.99207,-0.07818,-0.01512,-0.00119,0.99682,0.03885,0.02910,-0.01552,0.99870,1.00,-0.07786,-0.04239,-0.00331,0.99606,0.03855,0.00226,-0.02083,0.99904,1.00
13698,0.00,0.00,0.11703,0.04288,-0.01603,0.99207,-0.07814,-0.01516,-0.00119,0.99683,0.03884,0.02910,-0.01558,0.99870,1.00,-0.07782,-0.04243,-0.00331,0.99606,0.03855,0.00226,-0.02088,0.99904,1.00
13711,0.00,0.00,0.11698,0.04294,-0.01615,0.99207,-0.07797,-0.01525,-0.00119,0.99684,0.03895,0.02907,-0.01572,0.99869,1.00,-0.07765,-0.04252,-0.00331,0.99607,0.03865,0.00223,-0.02102,0.99903,1.00
13725,0.00,0.00,0.11695,0.04302,-0.01629,0.99207,-0.07794,-0.01534,-0.00120,0.99684,0.03895,0.02908,-0.01587,0.99869,1.00,-0.07761,-0.04261,-0.00332,0.99607,0.03865,0.00224,-0.02117,0.99903,1.00
13739,0.00,0.00,0.11700,0.04306,-0.01643,0.99206,-0.07929,-0.01532,-0.00122,0.99673,0.03764,0.02917,-0.01596,0.99874,1.00,-0.07896,-0.04259,-0.00338,0.99596,0.03734,0.00232,-0.02130,0.99907,1.00
13753,0.00,0.00,0.11702,0.04307,-0.01659,0.99206,-0.07932,-0.01534,-0.00122,0.99673,0.03764,0.02917,-0.01612,0.99874,1.00,-0.07898,-0.04262,-0.00338,0.99596,0.03734,0.00233,-0.02146,0.99907,1.00
13767,0.00,0.00,0.11704,0.04303,-0.01668,0.99205,-0.07936,-0.01411,-0.00112,0.99675,0.03765,0.03035,-0.01598,0.99870,1.00,-0.07903,-0.04139,-0.00328,0.99601,0.03733,0.00350,-0.02132,0.99907,1.00
13781,0.00,0.00,0.11702,0.04300,-0.01681,0.99206,-0.07934,-0.01408,-0.00112,0.99675,0.03765,0.03035,-0.01610,0.99870,1.00,-0.07901,-0.04137,-0.00328,0.99601,0.03733,0.00350,-0.02144,0.99907,1.00
13795,0.00,0.00,0.11702,0.04296,-0.01696,0.99205,-0.07935,-0.01405,-0.00112,0.99675,0.03764,0.03036,-0.01625,0.99870,1.00,-0.07901,-0.04133,-0.00328,0.99601,0.03733,0.00351,-0.02159,0.99906,1.00
13809,0.00,0.00,0.11710,0.04294,-0.01721,0.99204,-0.07824,-0.01236,-0.00097,0.99686,0.03886,0.03200,-0.01620,0.99860,1.00,-0.07793,-0.03964,-0.00310,0.99617,0.03852,0.00515,-0.02151,0.99901,1.00
13823,0.00,0.00,0.11727,0.04293,-0.01729,0.99202,-0.07842,-0.01236,-0.00097,0.99684,0.03886,0.03200,-0.01629,0.99860,1.00,-0.07810,-0.03964,-0.00311,0.99615,0.03852,0.00516,-0.02161,0.99901,1.00
13837,0.00,0.00,0.11746,0.04301,-0.01745,0.99199,-0.07831,-0.00964,-0.00076,0.99688,0.03920,0.03477,-0.01591,0.99850,1.00,-0.07804,-0.03693,-0.00289,0.99626,0.03884,0.00791,-0.02123,0.99899,1.00
13850,0.00,0.00,0.11760,0.04309,-0.01752,0.99197,-0.07846,-0.00973,-0.00077,0.99687,0.03920,0.03477,-0.01599,0.99850,1.00,-0.07818,-0.03702,-0.00291,0.99625,0.03883,0.00792,-0.02132,0.99899,1.00
13864,0.00,0.00,0.11782,0.04319,-0.01747,0.99194,-0.07868,-0.00983,-0.00078,0.99685,0.03920,0.03477,-0.01594,0.99850,1.00,-0.07840,-0.03712,-0.00292,0.99623,0.03884,0.00792,-0.02129,0.99899,1.00
13878,0.00,0.00,0.11796,0.04329,-0.01755,0.99192,-0.07857,-0.01019,-0.00080,0.99686,0.03944,0.03452,-0.01609,0.99850,1.00,-0.07830,-0.03748,-0.00295,0.99622,0.03906,0.00767,-0.02144,0.99898,1.00
13892,0.00,0.00,0.11802,0.04337,-0.01754,0.99191,-0.07863,-0.01027,-0.00081,0.99685,0.03944,0.03452,-0.01609,0.99850,1.00,-0.07836,-0.03756,-0.00295,0.99621,0.03906,0.00767,-0.02143,0.99898,1.00
13906,0.00,0.00,0.11807,0.04345,-0.01754,0.99190,-0.07691,-0.01020,-0.00079,0.99699,0.04122,0.03464,-0.01613,0.99842,1.00,-0.07665,-0.03748,-0.00288,0.99635,0.04082,0.00780,-0.02143,0.99891,1.00
13920,0.00,0.00,0.11813,0.04351,-0.01761,0.99189,-0.07697,-0.01026,-0.00079,0.99698,0.04121,0.03464,-0.01620,0.99842,1.00,-0.07671,-0.03754,-0.00289,0.99634,0.04082,0.00780,-0.02151,0.99890,1.00
13934,0.00,0.00,0.11817,0.04352,-0.01766,0.99188,-0.07666,-0.01089,-0.00084,0.99700,0.04155,0.03405,-0.01639,0.99842,1.00,-0.07640,-0.03816,-0.00293,0.99634,0.04116,0.00720,-0.02168,0.99889,1.00
13948,0.00,0.00,0.11825,0.04348,-0.01774,0.99187,-0.07675,-0.01085,-0.00083,0.99699,0.04155,0.03405,-0.01646,0.99842,1.00,-0.07648,-0.03812,-0.00293,0.99634,0.04116,0.00721,-0.02176,0.99889,1.00
13962,0.00,0.00,0.11829,0.04348,-0.01782,0.99187,-0.07679,-0.01086,-0.00084,0.99699,0.04154,0.03405,-0.01654,0.99842,1.00,-0.07652,-0.03813,-0.00293,0.99633,0.04116,0.00721,-0.02184,0.99889,1.00
13975,0.00,0.00,0.11834,0.04346,-0.01803,0.99186,-0.07674,-0.01073,-0.00083,0.99699,0.04163,0.03417,-0.01673,0.99841,1.00,-0.07647,-0.03801,-0.00292,0.99634,0.04125,0.00733,-0.02203,0.99888,1.00
13990,0.00,0.00,0.11854,0.04347,-0.01825,0.99183,-0.07695,-0.01076,-0.00083,0.99698,0.04163,0.03418,-0.01695,0.99840,1.00,-0.07666,-0.03803,-0.00293,0.99633,0.04125,0.00734,-0.02226,0.99887,1.00
14004,0.00,0.00,0.11862,0.04354,-0.01837,0.99181,-0.07680,-0.01217,-0.00094,0.99697,0.04183,0.03286,-0.01734,0.99843,1.00,-0.07651,-0.03944,-0.00303,0.99628,0.04145,0.00602,-0.02265,0.99887,1.00
14018,0.00,0.00,0.11876,0.04360,-0.01839,0.99179,-0.07694,-0.01223,-0.00094,0.99696,0.04183,0.03286,-0.01737,0.99843,1.00,-0.07664,-0.03951,-0.00304,0.99627,0.04145,0.00603,-0.02269,0.99887,1.00
14032,0.00,0.00,0.11886,0.04370,-0.01846,0.99178,-0.07704,-0.01234,-0.00095,0.99695,0.04182,0.03286,-0.01745,0.99843,1.00,-0.07673,-0.03961,-0.00305,0.99626,0.04145,0.00603,-0.02277,0.99886,1.00
14046,10.00,0.00,0.11887,0.04385,-0.01857,0.99177,-0.07841,-0.01512,-0.00119,0.99681,0.04039,0.03031,-0.01805,0.99856,1.00,-0.07809,-0.04240,-0.00332,0.99604,0.04002,0.00348,-0.02341,0.99892,1.00
14060,10.00,0.00,0.11876,0.04398,-0.01866,0.99177,-0.07830,-0.01525,-0.00120,0.99681,0.04039,0.03031,-0.01816,0.99856,1.00,-0.07797,-0.04252,-0.00333,0.99604,0.04002,0.00348,-0.02351,0.99892,1.00
14073,10.00,0.00,0.11875,0.04408,-0.01905,0.99176,-0.07647,-0.01519,-0.00117,0.99696,0.04221,0.03048,-0.01858,0.99847,1.00,-0.07613,-0.04245,-0.00324,0.99619,0.04184,0.00365,-0.02388,0.99883,1.00
14087,10.00,0.00,0.11890,0.04420,-0.01929,0.99173,-0.07662,-0.01532,-0.00118,0.99694,0.04220,0.03049,-0.01883,0.99847,1.00,-0.07627,-0.04258,-0.00326,0.99617,0.04184,0.00366,-0.02414,0.99883,1.00
14101,10.00,0.00,0.11905,0.04417,-0.01925,0.99172,-0.07832,-0.01303,-0.00102,0.99684,0.04071,0.03274,-0.01829,0.99847,1.00,-0.07801,-0.04031,-0.00316,0.99613,0.04031,0.00590,-0.02365,0.99889,1.00
14115,10.00,0.00,0.11929,0.04423,-0.01923,0.99169,-0.07856,-0.01309,-0.00103,0.99682,0.04071,0.03274,-0.01828,0.99847,1.00,-0.07825,-0.04037,-0.00317,0.99611,0.04031,0.00590,-0.02365,0.99889,1.00
14129,10.00,0.00,0.11959,0.04424,-0.01925,0.99165,-0.07886,-0.01311,-0.00104,0.99680,0.04071,0.03274,-0.01830,0.99847,1.00,-0.07854,-0.04039,-0.00318,0.99609,0.04031,0.00590,-0.02369,0.99889,1.00
14143,10.00,0.00,0.11981,0.04432,-0.01928,0.99162,-0.07944,-0.01298,-0.00103,0.99675,0.04035,0.03296,-0.01828,0.99847,1.00,-0.07914,-0.04027,-0.00320,0.99604,0.03994,0.00612,-0.02370,0.99890,1.00
14157,10.00,0.00,0.12001,0.04428,-0.01931,0.99160,-0.07964,-0.01295,-0.00103,0.99674,0.04035,0.03296,-0.01830,0.99847,1.00,-0.07934,-0.04024,-0.00321,0.99603,0.03994,0.00612,-0.02373,0.99890,1.00
14170,10.00,0.00,0.12013,0.04421,-0.01928,0.99159,-0.07933,-0.01270,-0.00101,0.99677,0.04080,0.03312,-0.01824,0.99845,1.00,-0.07904,-0.03999,-0.00317,0.99606,0.04038,0.00629,-0.02366,0.99888,1.00
14184,10.00,0.00,0.12015,0.04408,-0.01928,0.99159,-0.07934,-0.01258,-0.00100,0.99677,0.04080,0.03312,-0.01822,0.99845,1.00,-0.07905,-0.03987,-0.00316,0.99607,0.04038,0.00628,-0.02364,0.99889,1.00
14198,10.00,0.00,0.12006,0.04395,-0.01928,0.99161,-0.07925,-0.01244,-0.00099,0.99678,0.04080,0.03312,-0.01821,0.99845,1.00,-0.07897,-0.03973,-0.00315,0.99608,0.04038,0.00628,-0.02363,0.99889,1.00
14212,10.00,0.00,0.12001,0.04383,-0.01927,0.99162,-0.07879,-0.01326,-0.00105,0.99680,0.04119,0.03218,-0.01839,0.99846,1.00,-0.07850,-0.04055,-0.00320,0.99608,0.04077,0.00535,-0.02379,0.99887,1.00
14227,10.00,0.00,0.11992,0.04375,-0.01934,0.99163,-0.07870,-0.01319,-0.00104,0.99681,0.04119,0.03218,-0.01845,0.99846,1.00,-0.07841,-0.04047,-0.00319,0.99609,0.04077,0.00535,-0.02384,0.99887,1.00
14241,10.00,0.00,0.11989,0.04369,-0.01938,0.99164,-0.08143,-0.01181,-0.00096,0.99661,0.03846,0.03353,-0.01813,0.99853,1.00,-0.08115,-0.03911,-0.00319,0.99593,0.03803,0.00668,-0.02361,0.99898,1.00
14254,10.00,0.00,0.11980,0.04364,-0.01935,0.99165,-0.08134,-0.01176,-0.00096,0.99662,0.03846,0.03352,-0.01810,0.99853,1.00,-0.08106,-0.03906,-0.00318,0.99594,0.03803,0.00668,-0.02357,0.99898,1.00
14268,10.00,0.00,0.11977,0.04366,-0.01947,0.99165,-0.08135,-0.01268,-0.00104,0.99660,0.03841,0.03264,-0.01839,0.99856,1.00,-0.08105,-0.03998,-0.00325,0.99590,0.03799,0.00580,-0.02386,0.99898,1.00
14282,10.00,0.00,0.11984,0.04370,-0.01970,0.99164,-0.08142,-0.01274,-0.00104,0.99660,0.03840,0.03265,-0.01863,0.99856,1.00,-0.08111,-0.04004,-0.00326,0.99590,0.03799,0.00581,-0.02411,0.99897,1.00
14296,10.00,0.00,0.11989,0.04372,-0.01977,0.99163,-0.08147,-0.01276,-0.00104,0.99659,0.03840,0.03265,-0.01870,0.99855,1.00,-0.08115,-0.04006,-0.00326,0.99589,0.03799,0.00581,-0.02418,0.99897,1.00
14310,10.00,0.00,0.11992,0.04372,-0.01970,0.99162,-0.08133,-0.01284,-0.00105,0.99660,0.03857,0.03257,-0.01866,0.99855,1.00,-0.08103,-0.04014,-0.00327,0.99590,0.03815,0.00573,-0.02413,0.99896,1.00
14323,10.00,0.00,0.12001,0.04370,-0.01975,0.99161,-0.08142,-0.01282,-0.00105,0.99660,0.03857,0.03257,-0.01870,0.99855,1.00,-0.08111,-0.04012,-0.00327,0.99589,0.03815,0.00573,-0.02418,0.99896,1.00
14338,10.00,0.00,0.12001,0.04366,-0.01979,0.99161,-0.07873,-0.01300,-0.00103,0.99681,0.04126,0.03231,-0.01887,0.99845,1.00,-0.07844,-0.04028,-0.00317,0.99610,0.04083,0.00548,-0.02427,0.99886,1.00
14352,10.00,0.00,0.12007,0.04364,-0.01985,0.99161,-0.07879,-0.01299,-0.00103,0.99681,0.04126,0.03231,-0.01892,0.99845,1.00,-0.07850,-0.04027,-0.00317,0.99610,0.04083,0.00548,-0.02433,0.99885,1.00
14365,10.00,0.00,0.12020,0.04359,-0.01989,0.99159,-0.07885,-0.01354,-0.00107,0.99679,0.04132,0.03172,-0.01908,0.99846,1.00,-0.07855,-0.04082,-0.00322,0.99607,0.04089,0.00489,-0.02449,0.99885,1.00
14379,10.00,0.00,0.12037,0.04344,-0.01978,0.99158,-0.07902,-0.01339,-0.00106,0.99678,0.04132,0.03171,-0.01895,0.99846,1.00,-0.07873,-0.04067,-0.00321,0.99606,0.04089,0.00488,-0.02437,0.99885,1.00
14394,10.00,0.00,0.12056,0.04332,-0.01973,0.99156,-0.07921,-0.01327,-0.00105,0.99677,0.04132,0.03171,-0.01888,0.99846,1.00,-0.07892,-0.04056,-0.00321,0.99605,0.04089,0.00488,-0.02431,0.99886,1.00
14407,10.00,0.00,0.12073,0.04325,-0.01967,0.99155,-0.07919,-0.01330,-0.00106,0.99677,0.04151,0.03161,-0.01884,0.99846,1.00,-0.07891,-0.04058,-0.00322,0.99605,0.04107,0.00478,-0.02427,0.99885,1.00
14421,10.00,0.00,0.12080,0.04315,-0.01961,0.99154,-0.07926,-0.01320,-0.00105,0.99677,0.04151,0.03160,-0.01877,0.99846,1.00,-0.07898,-0.04049,-0.00321,0.99605,0.04107,0.00478,-0.02420,0.99885,1.00
14436,10.00,0.00,0.12095,0.04314,-0.01959,0.99153,-0.07908,-0.01411,-0.00112,0.99677,0.04182,0.03070,-0.01893,0.99847,1.00,-0.07879,-0.04139,-0.00327,0.99603,0.04139,0.00387,-0.02437,0.99884,1.00
14449,10.00,0.00,0.12110,0.04307,-0.01951,0.99151,-0.07924,-0.01404,-0.00112,0.99676,0.04182,0.03070,-0.01884,0.99848,1.00,-0.07895,-0.04132,-0.00328,0.99602,0.04139,0.00387,-0.02428,0.99884,1.00
14463,10.00,0.00,0.12124,0.04306,-0.01950,0.99150,-0.07938,-0.01403,-0.00112,0.99675,0.04182,0.03069,-0.01883,0.99848,1.00,-0.07909,-0.04131,-0.00328,0.99601,0.04139,0.00387,-0.02428,0.99884,1.00
14477,10.00,0.00,0.12134,0.04309,-0.01943,0.99148,-0.07917,-0.01314,-0.00104,0.99677,0.04216,0.03158,-0.01859,0.99844,1.00,-0.07889,-0.04042,-0.00320,0.99606,0.04172,0.00476,-0.02404,0.99883,1.00
14491,10.00,0.00,0.12132,0.04318,-0.01944,0.99148,-0.07914,-0.01324,-0.00105,0.99677,0.04216,0.03158,-0.01861,0.99844,1.00,-0.07887,-0.04052,-0.00321,0.99606,0.04172,0.00476,-0.02406,0.99883,1.00
14505,10.00,0.00,0.12132,0.04331,-0.01943,0.99148,-0.03441,-0.01204,-0.00041,0.99934,0.08687,0.03206,-0.01979,0.99551,1.00,-0.03430,-0.03912,-0.00134,0.99864,0.08634,0.00530,-0.02399,0.99596,1.00
14519,10.00,0.00,0.12125,0.04346,-0.01936,0.99148,-0.03433,-0.01220,-0.00042,0.99934,0.08688,0.03206,-0.01974,0.99551,1.00,-0.03422,-0.03928,-0.00135,0.99864,0.08634,0.00529,-0.02394,0.99596,1.00
14533,10.00,0.00,0.12114,0.04364,-0.01929,0.99149,0.01667,-0.01008,0.00017,0.99981,0.13745,0.03329,-0.02106,0.98972,1.00,0.01661,-0.03713,0.00062,0.99917,0.13682,0.00639,-0.02388,0.99029,1.00
14546,10.00,0.00,0.12099,0.04382,-0.01913,0.99150,0.01682,-0.01028,0.00017,0.99981,0.13746,0.03328,-0.02093,0.98973,1.00,0.01675,-0.03733,0.00063,0.99916,0.13682,0.00637,-0.02374,0.99029,1.00
14561,10.00,0.00,0.12091,0.04400,-0.01907,0.99150,0.01691,-0.01047,0.00018,0.99980,0.13746,0.03327,-0.02090,0.98973,1.00,0.01684,-0.03752,0.00063,0.99915,0.13682,0.00637,-0.02370,0.99029,1.00
14574,10.00,0.00,0.12083,0.04416,-0.01892,0.99151,0.01691,-0.01145,0.00019,0.99979,0.13736,0.03245,-0.02086,0.98977,1.00,0.01684,-0.03850,0.00065,0.99912,0.13672,0.00555,-0.02366,0.99031,1.00
14588,10.00,0.00,0.12080,0.04435,-0.01889,0.99151,0.01695,-0.01165,0.00020,0.99979,0.13736,0.03245,-0.02085,0.98977,1.00,0.01687,-0.03870,0.00065,0.99911,0.13672,0.00555,-0.02364,0.99031,1.00
14602,10.00,0.00,0.12084,0.04455,-0.01891,0.99149,0.01392,-0.01082,0.00015,0.99984,0.13443,0.03353,-0.02069,0.99014,1.00,0.01387,-0.03787,0.00053,0.99919,0.13380,0.00664,-0.02357,0.99071,1.00
14616,10.00,0.00,0.12086,0.04460,-0.01879,0.99149,0.01391,-0.01089,0.00015,0.99984,0.13443,0.03351,-0.02057,0.99014,1.00,0.01385,-0.03794,0.00053,0.99918,0.13381,0.00662,-0.02345,0.99071,1.00
14630,10.00,0.00,0.12099,0.04473,-0.01846,0.99147,0.01379,-0.01108,0.00015,0.99984,0.13444,0.03347,-0.02026,0.99015,1.00,0.01372,-0.03812,0.00052,0.99918,0.13381,0.00658,-0.02315,0.99072,1.00
14644,10.00,0.00,0.12105,0.04485,-0.01831,0.99146,0.01211,-0.01146,0.00014,0.99986,0.13283,0.03325,-0.02010,0.99038,1.00,0.01204,-0.03850,0.00046,0.99919,0.13220,0.00637,-0.02304,0.99093,1.00
14658,10.00,0.00,0.12104,0.04504,-0.01835,0.99146,0.01212,-0.01164,0.00014,0.99986,0.13283,0.03326,-0.02016,0.99038,1.00,0.01205,-0.03868,0.00047,0.99918,0.13220,0.00638,-0.02310,0.99093,1.00
14672,10.00,0.00,0.12091,0.04517,-0.01814,0.99147,0.01145,-0.01079,0.00012,0.99988,0.13206,0.03425,-0.01984,0.99045,1.00,0.01139,-0.03783,0.00043,0.99922,0.13144,0.00737,-0.02279,0.99103,1.00
14685,10.00,0.00,0.12071,0.04532,-0.01812,0.99149,0.01166,-0.01093,0.00013,0.99987,0.13206,0.03425,-0.01983,0.99045,1.00,0.01160,-0.03797,0.00044,0.99921,0.13144,0.00737,-0.02277,0.99103,1.00
14700,10.00,0.00,0.12073,0.04554,-0.01819,0.99147,0.01149,-0.01083,0.00012,0.99988,0.13192,0.03457,-0.01989,0.99046,1.00,0.01144,-0.03788,0.00043,0.99922,0.13132,0.00769,-0.02284,0.99105,1.00
14713,10.00,0.00,0.12073,0.04571,-0.01810,0.99147,0.01149,-0.01102,0.00013,0.99987,0.13192,0.03456,-0.01983,0.99046,1.00,0.01145,-0.03806,0.00044,0.99921,0.13132,0.00768,-0.02277,0.99105,1.00
14728,10.00,0.00,0.12076,0.04591,-0.01792,0.99146,0.01147,-0.01124,0.00013,0.99987,0.13192,0.03454,-0.01967,0.99046,1.00,0.01142,-0.03828,0.00044,0.99920,0.13132,0.00766,-0.02262,0.99105,1.00
14741,10.00,0.00,0.12083,0.04607,-0.01775,0.99144,0.00953,-0.00922,0.00009,0.99991,0.13011,0.03674,-0.01921,0.99063,1.00,0.00948,-0.03627,0.00034,0.99930,0.12951,0.00987,-0.02221,0.99128,1.00
14755,10.00,0.00,0.12091,0.04623,-0.01778,0.99143,0.00945,-0.00937,0.00009,0.99991,0.13010,0.03675,-0.01926,0.99063,1.00,0.00940,-0.03642,0.00034,0.99929,0.12951,0.00988,-0.02227,0.99128,1.00
14769,10.00,0.00,0.12092,0.04638,-0.01775,0.99142,0.00690,-0.01086,0.00007,0.99992,0.12756,0.03548,-0.01931,0.99101,1.00,0.00687,-0.03790,0.00026,0.99926,0.12698,0.00862,-0.02238,0.99162,1.00
14783,10.00,0.00,0.12098,0.04654,-0.01767,0.99141,0.00684,-0.01104,0.00008,0.99992,0.12756,0.03547,-0.01925,0.99101,1.00,0.00681,-0.03808,0.00026,0.99925,0.12698,0.00861,-0.02232,0.99162,1.00
14797,10.00,0.00,0.12101,0.04659,-0.01760,0.99140,0.00682,-0.01110,0.00008,0.99992,0.12757,0.03546,-0.01918,0.99101,1.00,0.00678,-0.03814,0.00026,0.99925,0.12698,0.00860,-0.02226,0.99162,1.00
14811,10.00,0.00,0.12093,0.04670,-0.01752,0.99141,0.00809,-0.01151,0.00009,0.99990,0.12874,0.03513,-0.01920,0.99087,1.00,0.00806,-0.03855,0.00031,0.99922,0.12816,0.00827,-0.02224,0.99147,1.00
14825,10.00,0.00,0.12089,0.04672,-0.01746,0.99141,0.00814,-0.01154,0.00009,0.99990,0.12874,0.03512,-0.01914,0.99087,1.00,0.00809,-0.03858,0.00031,0.99922,0.12816,0.00826,-0.02218,0.99147,1.00
14839,10.00,0.00,0.12084,0.04672,-0.01738,0.99142,0.00719,-0.01167,0.00008,0.99991,0.12776,0.03502,-0.01904,0.99100,1.00,0.00715,-0.03870,0.00028,0.99923,0.12718,0.00816,-0.02210,0.99160,1.00
14853,10.00,0.00,0.12085,0.04680,-0.01736,0.99142,0.00718,-0.01174,0.00008,0.99991,0.12776,0.03502,-0.01903,0.99100,1.00,0.00715,-0.03878,0.00028,0.99922,0.12718,0.00816,-0.02209,0.99160,1.00
14867,10.00,0.00,0.12079,0.04685,-0.01730,0.99142,0.00720,-0.01254,0.00009,0.99990,0.12770,0.03427,-0.01906,0.99104,1.00,0.00716,-0.03958,0.00028,0.99919,0.12712,0.00741,-0.02212,0.99161,1.00
14881,10.00,0.00,0.12064,0.04689,-0.01721,0.99144,0.00735,-0.01259,0.00009,0.99989,0.12770,0.03426,-0.01898,0.99104,1.00,0.00731,-0.03962,0.00029,0.99919,0.12712,0.00740,-0.02203,0.99162,1.00
14895,10.00,0.00,0.12056,0.04696,-0.01732,0.99144,0.00743,-0.01265,0.00009,0.99989,0.12770,0.03428,-0.01910,0.99104,1.00,0.00740,-0.03968,0.00029,0.99919,0.12712,0.00742,-0.02215,0.99161,1.00
14908,10.00,0.00,0.12054,0.04702,-0.01749,0.99144,0.00654,-0.01254,0.00008,0.99990,0.12680,0.03446,-0.01923,0.99114,1.00,0.00653,-0.03957,0.00026,0.99920,0.12624,0.00761,-0.02230,0.99172,1.00
14922,10.00,0.00,0.12049,0.04704,-0.01751,0.99144,0.00659,-0.01255,0.00008,0.99990,0.12680,0.03447,-0.01925,0.99114,1.00,0.00658,-0.03958,0.00026,0.99919,0.12624,0.00761,-0.02232,0.99172,1.00
14936,10.00,0.00,0.12046,0.04712,-0.01750,0.99144,0.00648,-0.01346,0.00009,0.99989,0.12664,0.03365,-0.01934,0.99119,1.00,0.00646,-0.04049,0.00026,0.99916,0.12608,0.00679,-0.02241,0.99174,1.00
14950,10.00,0.00,0.12048,0.04713,-0.01747,0.99144,0.00646,-0.01347,0.00009,0.99989,0.12665,0.03364,-0.01931,0.99119,1.00,0.00645,-0.04050,0.00026,0.99916,0.12608,0.00679,-0.02238,0.99175,1.00
14964,10.00,0.00,0.12046,0.04718,-0.01752,0.99144,0.00760,-0.01333,0.00010,0.99988,0.12775,0.03381,-0.01938,0.99104,1.00,0.00758,-0.04036,0.00031,0.99916,0.12717,0.00695,-0.02242,0.99160,1.00
14978,10.00,0.00,0.12035,0.04721,-0.01754,0.99145,0.00770,-0.01336,0.00010,0.99988,0.12775,0.03381,-0.01941,0.99104,1.00,0.00768,-0.04039,0.00031,0.99915,0.12717,0.00696,-0.02245,0.99160,1.00
14992,10.00,0.00,0.12027,0.04718,-0.01755,0.99146,0.00778,-0.01332,0.00010,0.99988,0.12775,0.03381,-0.01941,0.99104,1.00,0.00776,-0.04035,0.00031,0.99916,0.12717,0.00696,-0.02244,0.99160,1.00
15006,10.00,0.00,0.12021,0.04710,-0.01760,0.99148,0.00776,-0.01358,0.00011,0.99988,0.12765,0.03348,-0.01949,0.99106,1.00,0.00774,-0.04060,0.00031,0.99915,0.12707,0.00662,-0.02252,0.99162,1.00
15019,10.00,0.00,0.12016,0.04699,-0.01766,0.99149,0.00780,-0.01346,0.00011,0.99988,0.12765,0.03349,-0.01954,0.99106,1.00,0.00778,-0.04049,0.00032,0.99915,0.12707,0.00663,-0.02256,0.99161,1.00
15034,10.00,0.00,0.12016,0.04684,-0.01764,0.99149,0.00777,-0.01294,0.00010,0.99989,0.12762,0.03386,-0.01946,0.99105,1.00,0.00774,-0.03997,0.00031,0.99917,0.12704,0.00700,-0.02248,0.99162,1.00
15048,10.00,0.00,0.12010,0.04669,-0.01767,0.99151,0.00782,-0.01278,0.00010,0.99989,0.12762,0.03386,-0.01947,0.99105,1.00,0.00780,-0.03981,0.00031,0.99918,0.12704,0.00700,-0.02250,0.99162,1.00
15062,10.00,0.00,0.11993,0.04656,-0.01772,0.99153,0.00799,-0.01264,0.00010,0.99989,0.12762,0.03387,-0.01951,0.99105,1.00,0.00797,-0.03967,0.00032,0.99918,0.12704,0.00701,-0.02252,0.99162,1.00
15076,10.00,0.00,0.11977,0.04647,-0.01777,0.99155,0.00695,-0.01075,0.00007,0.99992,0.12646,0.03568,-0.01931,0.99114,1.00,0.00693,-0.03779,0.00026,0.99926,0.12589,0.00882,-0.02235,0.99175,1.00
15090,10.00,0.00,0.11960,0.04640,-0.01775,0.99158,0.00711,-0.01068,0.00008,0.99992,0.12646,0.03567,-0.01928,0.99114,1.00,0.00709,-0.03772,0.00027,0.99926,0.12589,0.00881,-0.02231,0.99175,1.00
15104,10.00,0.00,0.11949,0.04627,-0.01784,0.99160,0.00700,-0.01080,0.00008,0.99992,0.12623,0.03543,-0.01938,0.99118,1.00,0.00698,-0.03783,0.00026,0.99926,0.12566,0.00856,-0.02241,0.99178,1.00
15117,10.00,0.00,0.11938,0.04621,-0.01796,0.99161,0.00711,-0.01072,0.00008,0.99992,0.12623,0.03544,-0.01949,0.99118,1.00,0.00710,-0.03776,0.00027,0.99926,0.12566,0.00858,-0.02252,0.99178,1.00
15131,10.00,0.00,0.11921,0.04613,-0.01798,0.99163,0.00699,-0.01200,0.00008,0.99990,0.12592,0.03408,-0.01965,0.99126,1.00,0.00697,-0.03904,0.00027,0.99921,0.12534,0.00722,-0.02267,0.99183,1.00
15145,10.00,0.00,0.11906,0.04604,-0.01801,0.99166,0.00714,-0.01191,0.00009,0.99990,0.12592,0.03408,-0.01967,0.99126,1.00,0.00713,-0.03894,0.00028,0.99922,0.12534,0.00722,-0.02268,0.99183,1.00
15159,10.00,0.00,0.11893,0.04595,-0.01803,0.99168,0.00727,-0.01182,0.00009,0.99990,0.12592,0.03409,-0.01968,0.99126,1.00,0.00725,-0.03885,0.00028,0.99922,0.12534,0.00722,-0.02269,0.99183,1.00
15173,10.00,0.00,0.11885,0.04587,-0.01814,0.99169,0.00810,-0.01195,0.00010,0.99990,0.12666,0.03386,-0.01983,0.99117,1.00,0.00808,-0.03898,0.00032,0.99921,0.12608,0.00699,-0.02281,0.99173,1.00
15187,10.00,0.00,0.11866,0.04575,-0.01815,0.99171,0.00829,-0.01183,0.00010,0.99990,0.12666,0.03386,-0.01984,0.99117,1.00,0.00827,-0.03886,0.00032,0.99921,0.12608,0.00699,-0.02281,0.99173,1.00
15201,10.00,0.00,0.11842,0.04571,-0.01822,0.99174,0.01072,-0.01125,0.00012,0.99988,0.12884,0.03434,-0.01992,0.99087,1.00,0.01069,-0.03829,0.00041,0.99921,0.12826,0.00746,-0.02283,0.99145,1.00
15214,10.00,0.00,0.11822,0.04568,-0.01822,0.99177,0.01093,-0.01122,0.00012,0.99988,0.12884,0.03434,-0.01992,0.99087,1.00,0.01090,-0.03825,0.00042,0.99921,0.12826,0.00746,-0.02281,0.99145,1.00
15229,10.00,0.00,0.11809,0.04568,-0.01830,0.99178,0.01105,-0.01120,0.00012,0.99988,0.12884,0.03435,-0.02000,0.99087,1.00,0.01103,-0.03824,0.00042,0.99921,0.12826,0.00747,-0.02288,0.99145,1.00
15242,10.00,0.00,0.11783,0.04567,-0.01812,0.99182,0.01106,-0.01141,0.00013,0.99987,0.12858,0.03414,-0.01984,0.99091,1.00,0.01102,-0.03844,0.00042,0.99920,0.12799,0.00726,-0.02272,0.99149,1.00
15256,10.00,0.00,0.11762,0.04567,-0.01803,0.99184,0.01127,-0.01141,0.00013,0.99987,0.12858,0.03413,-0.01976,0.99091,1.00,0.01123,-0.03845,0.00043,0.99920,0.12799,0.00725,-0.02262,0.99149,1.00
15270,10.00,0.00,0.11730,0.04570,-0.01814,0.99188,0.01115,-0.01137,0.00013,0.99987,0.12815,0.03420,-0.01986,0.99097,1.00,0.01111,-0.03841,0.00043,0.99920,0.12756,0.00732,-0.02272,0.99154,1.00
15284,10.00,0.00,0.11682,0.04574,-0.01810,0.99193,0.01164,-0.01140,0.00013,0.99987,0.12815,0.03420,-0.01983,0.99097,1.00,0.01160,-0.03844,0.00045,0.99919,0.12756,0.00731,-0.02267,0.99155,1.00
15298,10.00,0.00,0.11630,0.04569,-0.01822,0.99200,0.01159,-0.01350,0.00016,0.99984,0.12754,0.03206,-0.02016,0.99111,1.00,0.01156,-0.04053,0.00047,0.99911,0.12694,0.00518,-0.02298,0.99163,1.00
15312,10.00,0.00,0.11604,0.04575,-0.01850,0.99202,0.01185,-0.01352,0.00016,0.99984,0.12753,0.03210,-0.02045,0.99110,1.00,0.01183,-0.04055,0.00048,0.99911,0.12694,0.00521,-0.02326,0.99162,1.00
15326,10.00,0.00,0.11579,0.04576,-0.01865,0.99204,0.01210,-0.01349,0.00016,0.99984,0.12753,0.03212,-0.02060,0.99110,1.00,0.01208,-0.04053,0.00049,0.99911,0.12694,0.00523,-0.02339,0.99162,1.00
15340,10.00,0.00,0.11548,0.04575,-0.01861,0.99208,0.00974,-0.01466,0.00014,0.99985,0.12486,0.03100,-0.02060,0.99148,1.00,0.00972,-0.04169,0.00041,0.99908,0.12426,0.00412,-0.02345,0.99196,1.00
15354,10.00,0.00,0.11523,0.04562,-0.01851,0.99212,0.00999,-0.01454,0.00015,0.99984,0.12486,0.03098,-0.02050,0.99148,1.00,0.00997,-0.04157,0.00041,0.99909,0.12426,0.00411,-0.02333,0.99197,1.00
15368,10.00,0.00,0.11501,0.04551,-0.01859,0.99215,0.01134,-0.01447,0.00016,0.99983,0.12599,0.03092,-0.02061,0.99134,1.00,0.01131,-0.04150,0.00047,0.99907,0.12538,0.00403,-0.02340,0.99183,1.00
15382,10.00,0.00,0.11483,0.04545,-0.01865,0.99217,0.01153,-0.01440,0.00017,0.99983,0.12598,0.03092,-0.02066,0.99134,1.00,0.01150,-0.04143,0.00048,0.99908,0.12538,0.00404,-0.02344,0.99182,1.00
15396,10.00,0.00,0.11463,0.04519,-0.01877,0.99220,0.01172,-0.01412,0.00017,0.99983,0.12598,0.03093,-0.02075,0.99133,1.00,0.01169,-0.04114,0.00048,0.99908,0.12538,0.00405,-0.02352,0.99182,1.00
15409,10.00,0.00,0.11448,0.04496,-0.01877,0.99223,0.01293,-0.01302,0.00017,0.99983,0.12706,0.03177,-0.02067,0.99117,1.00,0.01289,-0.04005,0.00052,0.99911,0.12645,0.00488,-0.02341,0.99169,1.00
15423,10.00,0.00,0.11428,0.04473,-0.01874,0.99226,0.01314,-0.01279,0.00017,0.99983,0.12706,0.03176,-0.02061,0.99117,1.00,0.01310,-0.03982,0.00052,0.99912,0.12645,0.00487,-0.02334,0.99169,1.00
15438,10.00,0.00,0.11402,0.04449,-0.01874,0.99230,0.01288,-0.01288,0.00017,0.99983,0.12654,0.03144,-0.02062,0.99125,1.00,0.01283,-0.03991,0.00051,0.99912,0.12593,0.00455,-0.02334,0.99175,1.00
15452,10.00,0.00,0.11376,0.04425,-0.01880,0.99234,0.01313,-0.01263,0.00017,0.99983,0.12654,0.03145,-0.02065,0.99125,1.00,0.01309,-0.03966,0.00052,0.99913,0.12593,0.00455,-0.02335,0.99175,1.00
15465,10.00,0.00,0.11354,0.04415,-0.01888,0.99237,0.01080,-0.01300,0.00014,0.99986,0.12400,0.03102,-0.02069,0.99158,1.00,0.01076,-0.04003,0.00043,0.99914,0.12338,0.00413,-0.02345,0.99207,1.00
15480,10.00,0.00,0.11336,0.04397,-0.01882,0.99240,0.01097,-0.01282,0.00014,0.99986,0.12400,0.03101,-0.02061,0.99158,1.00,0.01094,-0.03986,0.00044,0.99915,0.12338,0.00412,-0.02337,0.99208,1.00
15494,10.00,0.00,0.11314,0.04387,-0.01884,0.99243,0.01119,-0.01272,0.00014,0.99986,0.12400,0.03101,-0.02062,0.99158,1.00,0.01115,-0.03975,0.00044,0.99915,0.12338,0.00412,-0.02337,0.99208,1.00
15507,10.00,0.00,0.11298,0.04376,-0.01914,0.99245,0.01082,-0.01153,0.00012,0.99988,0.12349,0.03209,-0.02079,0.99161,1.00,0.01080,-0.03857,0.00042,0.99920,0.12289,0.00520,-0.02354,0.99213,1.00
15521,10.00,0.00,0.11277,0.04375,-0.01946,0.99247,0.01102,-0.01147,0.00013,0.99987,0.12348,0.03213,-0.02111,0.99160,1.00,0.01102,-0.03851,0.00042,0.99920,0.12289,0.00523,-0.02385,0.99212,1.00
15535,10.00,0.00,0.11252,0.04371,-0.01962,0.99249,0.01253,-0.01072,0.00013,0.99986,0.12474,0.03279,-0.02124,0.99142,1.00,0.01252,-0.03777,0.00047,0.99921,0.12414,0.00589,-0.02393,0.99196,1.00
15549,10.00,0.00,0.11234,0.04366,-0.01981,0.99251,0.01270,-0.01065,0.00014,0.99986,0.12473,0.03282,-0.02143,0.99142,1.00,0.01271,-0.03769,0.00048,0.99921,0.12414,0.00591,-0.02411,0.99195,1.00
15563,10.00,0.00,0.11206,0.04362,-0.01982,0.99255,0.01299,-0.01060,0.00014,0.99986,0.12473,0.03282,-0.02143,0.99142,1.00,0.01299,-0.03765,0.00049,0.99921,0.12414,0.00591,-0.02410,0.99195,1.00
15576,10.00,0.00,0.11188,0.04371,-0.01988,0.99256,0.01452,-0.01199,0.00017,0.99982,0.12604,0.03150,-0.02168,0.99129,1.00,0.01450,-0.03903,0.00057,0.99913,0.12542,0.00459,-0.02431,0.99180,1.00
15590,10.00,0.00,0.11163,0.04376,-0.02002,0.99258,0.01476,-0.01200,0.00018,0.99982,0.12603,0.03152,-0.02183,0.99129,1.00,0.01475,-0.03904,0.00058,0.99913,0.12542,0.00460,-0.02444,0.99179,1.00
15605,10.00,0.00,0.11144,0.04378,-0.02003,0.99260,0.01442,-0.01114,0.00016,0.99983,0.12552,0.03242,-0.02174,0.99132,1.00,0.01440,-0.03818,0.00055,0.99917,0.12490,0.00550,-0.02436,0.99186,1.00
15618,10.00,0.00,0.11111,0.04379,-0.02002,0.99264,0.01475,-0.01113,0.00016,0.99983,0.12552,0.03241,-0.02173,0.99132,1.00,0.01473,-0.03818,0.00056,0.99916,0.12490,0.00550,-0.02433,0.99186,1.00
15632,10.00,0.00,0.11089,0.04375,-0.01999,0.99267,0.01514,-0.01179,0.00018,0.99982,0.12567,0.03172,-0.02178,0.99133,1.00,0.01510,-0.03883,0.00059,0.99913,0.12502,0.00480,-0.02436,0.99184,1.00
15646,10.00,0.00,0.11069,0.04352,-0.01989,0.99270,0.01534,-0.01156,0.00018,0.99982,0.12567,0.03170,-0.02165,0.99133,1.00,0.01529,-0.03861,0.00059,0.99914,0.12502,0.00479,-0.02422,0.99185,1.00
15661,10.00,0.00,0.11058,0.04335,-0.01986,0.99272,0.01544,-0.01140,0.00018,0.99982,0.12567,0.03170,-0.02161,0.99133,1.00,0.01538,-0.03844,0.00059,0.99914,0.12502,0.00478,-0.02417,0.99185,1.00
15674,10.00,0.00,0.11049,0.04316,-0.01983,0.99274,0.01498,-0.01086,0.00016,0.99983,0.12513,0.03205,-0.02151,0.99139,1.00,0.01492,-0.03790,0.00057,0.99917,0.12449,0.00513,-0.02408,0.99192,1.00
15687,10.00,0.00,0.11042,0.04299,-0.01974,0.99276,0.01505,-0.01070,0.00016,0.99983,0.12514,0.03204,-0.02141,0.99139,1.00,0.01499,-0.03775,0.00057,0.99917,0.12449,0.00512,-0.02398,0.99192,1.00
15702,10.00,0.00,0.11032,0.04285,-0.01965,0.99278,0.01498,-0.01131,0.00017,0.99982,0.12495,0.03130,-0.02136,0.99144,1.00,0.01491,-0.03835,0.00057,0.99915,0.12430,0.00438,-0.02393,0.99195,1.00
15716,10.00,0.00,0.11018,0.04274,-0.01960,0.99280,0.01511,-0.01121,0.00017,0.99982,0.12495,0.03129,-0.02131,0.99144,1.00,0.01504,-0.03825,0.00058,0.99915,0.12430,0.00437,-0.02387,0.99195,1.00
15730,10.00,0.00,0.11007,0.04260,-0.01949,0.99282,0.01522,-0.01108,0.00017,0.99982,0.12496,0.03128,-0.02118,0.99144,1.00,0.01515,-0.03812,0.00058,0.99916,0.12430,0.00436,-0.02374,0.99195,1.00
15744,10.00,0.00,0.10992,0.04255,-0.01936,0.99284,0.01626,-0.01094,0.00018,0.99981,0.12584,0.03134,-0.02107,0.99133,1.00,0.01618,-0.03799,0.00062,0.99915,0.12518,0.00442,-0.02360,0.99184,1.00
15757,10.00,0.00,0.10970,0.04258,-0.01932,0.99287,0.01649,-0.01097,0.00018,0.99980,0.12584,0.03134,-0.02104,0.99133,1.00,0.01641,-0.03802,0.00062,0.99914,0.12518,0.00441,-0.02355,0.99184,1.00
15771,10.00,0.00,0.10950,0.04252,-0.01909,0.99289,0.01640,-0.01049,0.00017,0.99981,0.12557,0.03176,-0.02076,0.99136,1.00,0.01632,-0.03754,0.00061,0.99916,0.12492,0.00483,-0.02327,0.99188,1.00
15785,10.00,0.00,0.10932,0.04249,-0.01900,0.99292,0.01658,-0.01047,0.00017,0.99981,0.12557,0.03175,-0.02068,0.99136,1.00,0.01650,-0.03752,0.00062,0.99916,0.12492,0.00482,-0.02318,0.99188,1.00
15799,10.00,0.00,0.10910,0.04249,-0.01890,0.99294,0.01641,-0.01012,0.00017,0.99981,0.12519,0.03210,-0.02053,0.99140,1.00,0.01634,-0.03717,0.00061,0.99918,0.12455,0.00517,-0.02303,0.99193,1.00
15813,10.00,0.00,0.10881,0.04237,-0.01885,0.99298,0.01670,-0.01001,0.00017,0.99981,0.12519,0.03209,-0.02048,0.99140,1.00,0.01662,-0.03706,0.00062,0.99917,0.12455,0.00516,-0.02296,0.99193,1.00
15828,10.00,0.00,0.10864,0.04227,-0.01894,0.99300,0.01687,-0.00989,0.00017,0.99981,0.12518,0.03211,-0.02056,0.99140,1.00,0.01679,-0.03694,0.00062,0.99918,0.12455,0.00517,-0.02303,0.99193,1.00
15841,10.00,0.00,0.10843,0.04212,-0.01885,0.99303,0.01658,-0.01032,0.00017,0.99981,0.12468,0.03153,-0.02050,0.99148,1.00,0.01651,-0.03736,0.00062,0.99917,0.12406,0.00460,-0.02297,0.99200,1.00
15855,10.00,0.00,0.10826,0.04193,-0.01875,0.99306,0.01675,-0.01015,0.00017,0.99981,0.12468,0.03152,-0.02038,0.99149,1.00,0.01668,-0.03719,0.00062,0.99917,0.12406,0.00458,-0.02285,0.99200,1.00
15869,10.00,0.00,0.10823,0.04179,-0.01866,0.99307,0.01832,-0.01112,0.00020,0.99977,0.12620,0.03037,-0.02043,0.99133,1.00,0.01824,-0.03817,0.00070,0.99910,0.12557,0.00343,-0.02285,0.99182,1.00
15882,10.00,0.00,0.10815,0.04168,-0.01870,0.99308,0.01840,-0.01101,0.00020,0.99977,0.12620,0.03037,-0.02046,0.99133,1.00,0.01833,-0.03805,0.00070,0.99911,0.12557,0.00343,-0.02287,0.99182,1.00
15897,10.00,0.00,0.10788,0.04165,-0.01862,0.99312,0.01867,-0.01098,0.00021,0.99977,0.12620,0.03036,-0.02037,0.99133,1.00,0.01859,-0.03803,0.00071,0.99910,0.12557,0.00342,-0.02277,0.99182,1.00
15911,10.00,0.00,0.10773,0.04162,-0.01877,0.99313,0.02013,-0.01207,0.00024,0.99972,0.12747,0.02922,-0.02066,0.99120,1.00,0.02006,-0.03912,0.00079,0.99903,0.12684,0.00227,-0.02302,0.99165,1.00
15924,10.00,0.00,0.10767,0.04168,-0.01901,0.99313,0.02019,-0.01208,0.00024,0.99972,0.12747,0.02925,-0.02091,0.99119,1.00,0.02013,-0.03913,0.00079,0.99903,0.12684,0.00231,-0.02327,0.99165,1.00
15938,10.00,0.00,0.10751,0.04170,-0.01900,0.99315,0.01999,-0.01147,0.00023,0.99973,0.12712,0.02989,-0.02083,0.99122,1.00,0.01993,-0.03852,0.00077,0.99906,0.12650,0.00294,-0.02319,0.99169,1.00
15952,10.00,0.00,0.10738,0.04172,-0.01889,0.99316,0.02012,-0.01151,0.00023,0.99973,0.12712,0.02988,-0.02074,0.99122,1.00,0.02006,-0.03856,0.00077,0.99905,0.12650,0.00293,-0.02309,0.99169,1.00
15966,10.00,0.00,0.10730,0.04187,-0.01876,0.99317,0.01615,-0.00405,0.00007,0.99986,0.12325,0.03753,-0.01980,0.99147,1.00,0.01611,-0.03112,0.00050,0.99939,0.12267,0.01058,-0.02226,0.99214,1.00
15980,10.00,0.00,0.10717,0.04212,-0.01875,0.99317,0.01628,-0.00429,0.00007,0.99986,0.12325,0.03753,-0.01982,0.99147,1.00,0.01624,-0.03136,0.00051,0.99938,0.12267,0.01058,-0.02228,0.99214,1.00
15995,10.00,0.00,0.10708,0.04225,-0.01872,0.99318,0.01637,-0.00443,0.00007,0.99986,0.12325,0.03753,-0.01981,0.99147,1.00,0.01633,-0.03149,0.00051,0.99937,0.12267,0.01058,-0.02226,0.99214,1.00
16008,10.00,0.00,0.10703,0.04231,-0.01871,0.99318,0.01515,-0.00336,0.00005,0.99988,0.12200,0.03868,-0.01966,0.99158,1.00,0.01511,-0.03043,0.00046,0.99942,0.12143,0.01173,-0.02214,0.99228,1.00
16022,10.00,0.00,0.10698,0.04237,-0.01870,0.99318,0.01520,-0.00342,0.00005,0.99988,0.12200,0.03868,-0.01966,0.99158,1.00,0.01517,-0.03049,0.00046,0.99942,0.12143,0.01173,-0.02214,0.99228,1.00
16036,10.00,0.00,0.10680,0.04236,-0.01872,0.99320,0.01514,-0.00384,0.00006,0.99988,0.12176,0.03825,-0.01972,0.99163,1.00,0.01511,-0.03090,0.00047,0.99941,0.12119,0.01131,-0.02219,0.99232,1.00
16050,0.00,0.00,0.10648,0.04227,-0.01879,0.99324,0.01546,-0.00373,0.00006,0.99987,0.12176,0.03826,-0.01978,0.99162,1.00,0.01543,-0.03079,0.00048,0.99941,0.12119,0.01132,-0.02223,0.99232,1.00
16064,0.00,0.00,0.10616,0.04224,-0.01882,0.99327,0.01579,-0.00369,0.00006,0.99987,0.12176,0.03827,-0.01982,0.99162,1.00,0.01576,-0.03076,0.00048,0.99940,0.12119,0.01132,-0.02225,0.99232,1.00
16078,0.00,0.00,0.10597,0.04224,-0.01891,0.99329,0.01586,-0.00356,0.00006,0.99987,0.12164,0.03839,-0.01990,0.99163,1.00,0.01583,-0.03062,0.00049,0.99941,0.12107,0.01144,-0.02233,0.99233,1.00
16092,0.00,0.00,0.10571,0.04224,-0.01893,0.99332,0.01612,-0.00355,0.00006,0.99986,0.12164,0.03840,-0.01993,0.99163,1.00,0.01609,-0.03061,0.00049,0.99940,0.12107,0.01145,-0.02235,0.99233,1.00
16105,0.00,0.00,0.10548,0.04228,-0.01898,0.99334,0.01725,-0.00471,0.00008,0.99984,0.12251,0.03726,-0.02012,0.99156,1.00,0.01722,-0.03177,0.00055,0.99935,0.12194,0.01031,-0.02250,0.99223,1.00
16119,0.00,0.00,0.10521,0.04239,-0.01935,0.99336,0.01751,-0.00475,0.00008,0.99984,0.12250,0.03731,-0.02051,0.99156,1.00,0.01750,-0.03182,0.00056,0.99934,0.12193,0.01035,-0.02287,0.99222,1.00
16134,0.00,0.00,0.10500,0.04244,-0.01956,0.99337,0.01744,-0.00479,0.00008,0.99984,0.12221,0.03732,-0.02071,0.99159,1.00,0.01743,-0.03186,0.00056,0.99934,0.12164,0.01037,-0.02307,0.99225,1.00
16147,0.00,0.00,0.10476,0.04246,-0.01981,0.99339,0.01767,-0.00477,0.00008,0.99983,0.12220,0.03735,-0.02097,0.99158,1.00,0.01767,-0.03184,0.00056,0.99934,0.12164,0.01040,-0.02332,0.99225,1.00
16162,0.00,0.00,0.10447,0.04250,-0.02004,0.99342,0.01795,-0.00477,0.00009,0.99983,0.12219,0.03738,-0.02122,0.99158,1.00,0.01797,-0.03184,0.00057,0.99933,0.12164,0.01042,-0.02355,0.99224,1.00
16175,0.00,0.00,0.10421,0.04260,-0.02036,0.99343,0.01771,-0.00581,0.00010,0.99983,0.12167,0.03645,-0.02162,0.99167,1.00,0.01773,-0.03287,0.00058,0.99930,0.12110,0.00949,-0.02395,0.99231,1.00
16189,0.00,0.00,0.10396,0.04272,-0.02069,0.99345,0.01795,-0.00588,0.00011,0.99982,0.12166,0.03649,-0.02196,0.99166,1.00,0.01798,-0.03294,0.00059,0.99930,0.12109,0.00953,-0.02428,0.99230,1.00
16203,0.00,0.00,0.10384,0.04292,-0.02108,0.99344,0.01741,-0.00597,0.00010,0.99983,0.12100,0.03660,-0.02235,0.99173,1.00,0.01743,-0.03303,0.00058,0.99930,0.12041,0.00964,-0.02468,0.99237,1.00
16217,0.00,0.00,0.10373,0.04317,-0.02139,0.99344,0.01752,-0.00618,0.00011,0.99983,0.12099,0.03664,-0.02268,0.99172,1.00,0.01756,-0.03324,0.00058,0.99929,0.12041,0.00968,-0.02500,0.99236,1.00
16231,0.00,0.00,0.10347,0.04343,-0.02161,0.99345,0.01777,-0.00640,0.00011,0.99982,0.12098,0.03667,-0.02293,0.99171,1.00,0.01783,-0.03346,0.00060,0.99928,0.12041,0.00971,-0.02524,0.99236,1.00
16244,0.00,0.00,0.10331,0.04380,-0.02190,0.99344,0.01559,-0.00734,0.00011,0.99985,0.11863,0.03615,-0.02323,0.99201,1.00,0.01563,-0.03440,0.00054,0.99929,0.11803,0.00920,-0.02559,0.99264,1.00
16259,0.00,0.00,0.10307,0.04414,-0.02212,0.99345,0.01584,-0.00764,0.00012,0.99985,0.11862,0.03618,-0.02348,0.99200,1.00,0.01589,-0.03470,0.00055,0.99927,0.11803,0.00923,-0.02583,0.99263,1.00
16273,0.00,0.00,0.10293,0.04445,-0.02236,0.99344,-0.02962,-0.01369,-0.00041,0.99947,0.07313,0.03153,-0.02284,0.99656,1.00,-0.02945,-0.04076,-0.00120,0.99873,0.07258,0.00469,-0.02641,0.99700,1.00
16286,0.00,0.00,0.10292,0.04477,-0.02262,0.99342,-0.02961,-0.01400,-0.00041,0.99946,0.07312,0.03155,-0.02314,0.99656,1.00,-0.02942,-0.04107,-0.00121,0.99872,0.07258,0.00471,-0.02671,0.99699,1.00
16300,0.00,0.00,0.10297,0.04492,-0.02288,0.99341,-0.05745,-0.01674,-0.00096,0.99821,0.04529,0.02962,-0.02294,0.99827,1.00,-0.05716,-0.04389,-0.00252,0.99740,0.04480,0.00277,-0.02727,0.99862,1.00
16314,0.00,0.00,0.10311,0.04522,-0.02305,0.99337,-0.05758,-0.01705,-0.00098,0.99819,0.04528,0.02963,-0.02314,0.99827,1.00,-0.05728,-0.04420,-0.00254,0.99738,0.04480,0.00278,-0.02748,0.99861,1.00
16329,0.00,0.00,0.10322,0.04535,-0.02321,0.99335,-0.05769,-0.01719,-0.00099,0.99819,0.04528,0.02964,-0.02331,0.99826,1.00,-0.05739,-0.04434,-0.00255,0.99736,0.04480,0.00279,-0.02765,0.99861,1.00
16342,0.00,0.00,0.10325,0.04545,-0.02346,0.99334,-0.05938,-0.01764,-0.00105,0.99808,0.04361,0.02934,-0.02358,0.99834,1.00,-0.05908,-0.04480,-0.00265,0.99724,0.04311,0.00248,-0.02798,0.99868,1.00
16356,0.00,0.00,0.10317,0.04551,-0.02365,0.99334,-0.05930,-0.01770,-0.00105,0.99808,0.04360,0.02935,-0.02378,0.99833,1.00,-0.05899,-0.04486,-0.00265,0.99725,0.04311,0.00249,-0.02817,0.99867,1.00
16370,0.00,0.00,0.10307,0.04554,-0.02381,0.99335,-0.06123,-0.01722,-0.00106,0.99797,0.04159,0.02991,-0.02380,0.99840,1.00,-0.06093,-0.04439,-0.00271,0.99715,0.04107,0.00305,-0.02824,0.99875,1.00
16384,0.00,0.00,0.10295,0.04547,-0.02395,0.99336,-0.06111,-0.01715,-0.00105,0.99798,0.04158,0.02991,-0.02393,0.99840,1.00,-0.06081,-0.04431,-0.00270,0.99716,0.04107,0.00305,-0.02836,0.99875,1.00
16398,0.00,0.00,0.10272,0.04544,-0.02401,0.99338,-0.06088,-0.01712,-0.00104,0.99800,0.04158,0.02992,-0.02399,0.99840,1.00,-0.06058,-0.04428,-0.00269,0.99718,0.04107,0.00306,-0.02841,0.99875,1.00
16412,0.00,0.00,0.10251,0.04542,-0.02413,0.99340,-0.06176,-0.01486,-0.00092,0.99798,0.04054,0.03215,-0.02372,0.99838,1.00,-0.06149,-0.04203,-0.00259,0.99722,0.04001,0.00528,-0.02816,0.99879,1.00
16426,0.00,0.00,0.10233,0.04538,-0.02416,0.99342,-0.06158,-0.01482,-0.00091,0.99799,0.04054,0.03215,-0.02374,0.99838,1.00,-0.06131,-0.04200,-0.00258,0.99723,0.04001,0.00529,-0.02818,0.99879,1.00
16440,0.00,0.00,0.10228,0.04543,-0.02431,0.99342,-0.06206,-0.01482,-0.00092,0.99796,0.04002,0.03222,-0.02388,0.99839,1.00,-0.06179,-0.04200,-0.00260,0.99720,0.03946,0.00535,-0.02832,0.99881,1.00
16454,0.00,0.00,0.10212,0.04536,-0.02429,0.99344,-0.06190,-0.01475,-0.00091,0.99797,0.04002,0.03221,-0.02385,0.99839,1.00,-0.06164,-0.04192,-0.00259,0.99721,0.03946,0.00535,-0.02828,0.99881,1.00
16468,0.00,0.00,0.10203,0.04532,-0.02426,0.99345,-0.06260,-0.01606,-0.00101,0.99791,0.03919,0.03089,-0.02401,0.99847,1.00,-0.06234,-0.04323,-0.00270,0.99711,0.03863,0.00402,-0.02846,0.99884,1.00
16481,0.00,0.00,0.10189,0.04533,-0.02423,0.99347,-0.06246,-0.01607,-0.00101,0.99792,0.03919,0.03089,-0.02398,0.99847,1.00,-0.06220,-0.04324,-0.00270,0.99712,0.03863,0.00402,-0.02842,0.99884,1.00
16495,0.00,0.00,0.10166,0.04528,-0.02419,0.99349,-0.06223,-0.01601,-0.00100,0.99793,0.03919,0.03089,-0.02394,0.99847,1.00,-0.06198,-0.04319,-0.00268,0.99714,0.03863,0.00402,-0.02837,0.99884,1.00
16509,0.00,0.00,0.10133,0.04525,-0.02425,0.99353,-0.06644,-0.01900,-0.00127,0.99761,0.03457,0.02801,-0.02437,0.99871,1.00,-0.06614,-0.04618,-0.00306,0.99674,0.03403,0.00114,-0.02891,0.99900,1.00
16523,0.00,0.00,0.10111,0.04521,-0.02448,0.99355,-0.06622,-0.01896,-0.00126,0.99762,0.03456,0.02801,-0.02460,0.99871,1.00,-0.06591,-0.04614,-0.00305,0.99675,0.03403,0.00114,-0.02912,0.99900,1.00
16537,0.00,0.00,0.10111,0.04520,-0.02476,0.99354,-0.06738,-0.01928,-0.00130,0.99754,0.03339,0.02773,-0.02490,0.99875,1.00,-0.06705,-0.04647,-0.00313,0.99666,0.03287,0.00086,-0.02945,0.99903,1.00
16551,0.00,0.00,0.10109,0.04510,-0.02469,0.99355,-0.06736,-0.01918,-0.00130,0.99754,0.03339,0.02773,-0.02481,0.99875,1.00,-0.06703,-0.04637,-0.00312,0.99667,0.03287,0.00085,-0.02937,0.99903,1.00
16565,0.00,0.00,0.10104,0.04510,-0.02460,0.99356,-0.06731,-0.01917,-0.00129,0.99755,0.03339,0.02772,-0.02472,0.99875,1.00,-0.06699,-0.04636,-0.00312,0.99667,0.03287,0.00085,-0.02927,0.99903,1.00
16578,0.00,0.00,0.10103,0.04510,-0.02447,0.99356,-0.06871,-0.02096,-0.00144,0.99742,0.03193,0.02599,-0.02486,0.99884,1.00,-0.06839,-0.04814,-0.00330,0.99649,0.03140,-0.00088,-0.02945,0.99907,1.00
16593,0.00,0.00,0.10105,0.04509,-0.02433,0.99356,-0.06873,-0.02093,-0.00144,0.99741,0.03193,0.02599,-0.02471,0.99885,1.00,-0.06841,-0.04812,-0.00330,0.99649,0.03140,-0.00088,-0.02930,0.99908,1.00
16607,0.00,0.00,0.10102,0.04507,-0.02422,0.99357,-0.06890,-0.01928,-0.00133,0.99744,0.03178,0.02761,-0.02432,0.99882,1.00,-0.06861,-0.04647,-0.00320,0.99656,0.03124,0.00073,-0.02891,0.99909,1.00
16621,0.00,0.00,0.10098,0.04498,-0.02403,0.99358,-0.06885,-0.01918,-0.00132,0.99744,0.03179,0.02760,-0.02413,0.99882,1.00,-0.06857,-0.04637,-0.00319,0.99656,0.03124,0.00072,-0.02872,0.99910,1.00
16635,0.00,0.00,0.10084,0.04479,-0.02382,0.99361,-0.06629,-0.01734,-0.00115,0.99765,0.03427,0.02916,-0.02369,0.99871,1.00,-0.06604,-0.04453,-0.00295,0.99682,0.03371,0.00228,-0.02821,0.99903,1.00
16648,0.00,0.00,0.10070,0.04458,-0.02360,0.99364,-0.06615,-0.01711,-0.00113,0.99766,0.03428,0.02915,-0.02344,0.99871,1.00,-0.06591,-0.04430,-0.00293,0.99684,0.03371,0.00227,-0.02796,0.99904,1.00
16662,0.00,0.00,0.10054,0.04429,-0.02355,0.99367,-0.06600,-0.01682,-0.00111,0.99768,0.03428,0.02914,-0.02336,0.99871,1.00,-0.06577,-0.04401,-0.00290,0.99686,0.03371,0.00227,-0.02787,0.99904,1.00
16676,0.00,0.00,0.10033,0.04408,-0.02336,0.99370,-0.06596,-0.01683,-0.00111,0.99768,0.03411,0.02891,-0.02319,0.99873,1.00,-0.06572,-0.04401,-0.00290,0.99686,0.03355,0.00203,-0.02769,0.99905,1.00
16691,0.00,0.00,0.10013,0.04385,-0.02326,0.99374,-0.06576,-0.01659,-0.00109,0.99770,0.03411,0.02891,-0.02307,0.99873,1.00,-0.06553,-0.04377,-0.00288,0.99689,0.03355,0.00203,-0.02755,0.99905,1.00
16704,0.00,0.00,0.09988,0.04371,-0.02304,0.99377,-0.06512,-0.01920,-0.00125,0.99769,0.03444,0.02616,-0.02330,0.99879,1.00,-0.06486,-0.04638,-0.00302,0.99681,0.03391,-0.00072,-0.02776,0.99904,1.00
16718,0.00,0.00,0.09974,0.04358,-0.02303,0.99379,-0.06499,-0.01907,-0.00124,0.99770,0.03444,0.02615,-0.02328,0.99879,1.00,-0.06473,-0.04624,-0.00300,0.99683,0.03391,-0.00072,-0.02773,0.99904,1.00
16732,0.00,0.00,0.09968,0.04361,-0.02325,0.99379,-0.06534,-0.01988,-0.00130,0.99766,0.03400,0.02541,-0.02362,0.99882,1.00,-0.06504,-0.04705,-0.00307,0.99677,0.03349,-0.00147,-0.02808,0.99904,1.00
16746,0.00,0.00,0.09958,0.04357,-0.02306,0.99381,-0.06524,-0.01983,-0.00130,0.99767,0.03401,0.02540,-0.02343,0.99882,1.00,-0.06496,-0.04700,-0.00306,0.99678,0.03349,-0.00147,-0.02788,0.99905,1.00
16760,0.00,0.00,0.09942,0.04354,-0.02294,0.99383,-0.06507,-0.01979,-0.00129,0.99768,0.03401,0.02540,-0.02331,0.99883,1.00,-0.06480,-0.04696,-0.00305,0.99679,0.03349,-0.00148,-0.02775,0.99905,1.00
16774,0.00,0.00,0.09922,0.04365,-0.02279,0.99385,-0.06476,-0.02018,-0.00131,0.99770,0.03411,0.02510,-0.02322,0.99883,1.00,-0.06448,-0.04735,-0.00306,0.99679,0.03360,-0.00177,-0.02765,0.99905,1.00
16788,0.00,0.00,0.09908,0.04366,-0.02268,0.99386,-0.06463,-0.02018,-0.00131,0.99770,0.03411,0.02510,-0.02310,0.99884,1.00,-0.06436,-0.04735,-0.00306,0.99680,0.03360,-0.00178,-0.02752,0.99905,1.00
16802,0.00,0.00,0.09885,0.04364,-0.02262,0.99389,-0.06365,-0.01768,-0.00113,0.99782,0.03493,0.02752,-0.02267,0.99875,1.00,-0.06339,-0.04485,-0.00285,0.99698,0.03441,0.00064,-0.02706,0.99904,1.00
16815,0.00,0.00,0.09867,0.04355,-0.02251,0.99391,-0.06346,-0.01758,-0.00112,0.99783,0.03493,0.02752,-0.02254,0.99876,1.00,-0.06322,-0.04475,-0.00284,0.99699,0.03441,0.00064,-0.02693,0.99905,1.00
16829,0.00,0.00,0.09841,0.04340,-0.02248,0.99395,-0.06321,-0.01742,-0.00110,0.99785,0.03493,0.02752,-0.02250,0.99876,1.00,-0.06296,-0.04460,-0.00282,0.99701,0.03441,0.00064,-0.02687,0.99905,1.00
16843,0.00,0.00,0.09813,0.04326,-0.02238,0.99398,-0.06334,-0.01732,-0.00110,0.99784,0.03452,0.02747,-0.02238,0.99878,1.00,-0.06310,-0.04450,-0.00282,0.99701,0.03400,0.00059,-0.02675,0.99906,1.00
16857,0.00,0.00,0.09782,0.04305,-0.02229,0.99402,-0.06303,-0.01711,-0.00108,0.99786,0.03453,0.02747,-0.02228,0.99878,1.00,-0.06279,-0.04428,-0.00279,0.99704,0.03400,0.00058,-0.02663,0.99907,1.00
16871,0.00,0.00,0.09766,0.04291,-0.02222,0.99405,-0.06339,-0.01716,-0.00109,0.99784,0.03400,0.02728,-0.02221,0.99880,1.00,-0.06314,-0.04434,-0.00281,0.99702,0.03349,0.00039,-0.02656,0.99909,1.00
16885,0.00,0.00,0.09761,0.04279,-0.02218,0.99406,-0.06334,-0.01704,-0.00108,0.99785,0.03401,0.02727,-0.02216,0.99880,1.00,-0.06310,-0.04421,-0.00280,0.99702,0.03349,0.00039,-0.02651,0.99909,1.00
16899,0.00,0.00,0.09751,0.04271,-0.02218,0.99407,-0.06270,-0.01853,-0.00116,0.99786,0.03451,0.02570,-0.02242,0.99882,1.00,-0.06243,-0.04570,-0.00286,0.99700,0.03402,-0.00118,-0.02675,0.99906,1.00
16913,0.00,0.00,0.09732,0.04263,-0.02202,0.99410,-0.06251,-0.01844,-0.00116,0.99787,0.03452,0.02570,-0.02225,0.99883,1.00,-0.06225,-0.04560,-0.00285,0.99701,0.03402,-0.00118,-0.02657,0.99907,1.00
16927,0.00,0.00,0.09710,0.04261,-0.02193,0.99412,-0.06229,-0.01842,-0.00115,0.99789,0.03452,0.02569,-0.02216,0.99883,1.00,-0.06204,-0.04558,-0.00284,0.99703,0.03402,-0.00119,-0.02647,0.99907,1.00
16940,0.00,0.00,0.09688,0.04263,-0.02187,0.99414,-0.06202,-0.01702,-0.00106,0.99793,0.03460,0.02708,-0.02188,0.99879,1.00,-0.06178,-0.04418,-0.00274,0.99711,0.03409,0.00019,-0.02617,0.99908,1.00
16954,0.00,0.00,0.09666,0.04266,-0.02182,0.99416,-0.06180,-0.01704,-0.00106,0.99794,0.03460,0.02708,-0.02184,0.99880,1.00,-0.06156,-0.04421,-0.00273,0.99712,0.03409,0.00019,-0.02612,0.99908,1.00
16968,0.00,0.00,0.09641,0.04277,-0.02182,0.99418,-0.06097,-0.01828,-0.00112,0.99797,0.03515,0.02594,-0.02204,0.99880,1.00,-0.06072,-0.04544,-0.00277,0.99712,0.03466,-0.00094,-0.02629,0.99905,1.00
16982,0.00,0.00,0.09618,0.04281,-0.02178,0.99420,-0.06074,-0.01832,-0.00112,0.99799,0.03515,0.02594,-0.02200,0.99880,1.00,-0.06049,-0.04548,-0.00276,0.99713,0.03466,-0.00095,-0.02624,0.99905,1.00
16997,0.00,0.00,0.09602,0.04288,-0.02175,0.99422,-0.06058,-0.01839,-0.00112,0.99799,0.03515,0.02594,-0.02198,0.99880,1.00,-0.06033,-0.04554,-0.00276,0.99714,0.03466,-0.00095,-0.02621,0.99906,1.00
17010,0.00,0.00,0.09594,0.04291,-0.02167,0.99423,-0.06018,-0.01841,-0.00111,0.99802,0.03547,0.02593,-0.02192,0.99879,1.00,-0.05993,-0.04556,-0.00274,0.99716,0.03497,-0.00095,-0.02614,0.99905,1.00
17024,0.00,0.00,0.09593,0.04295,-0.02166,0.99422,-0.06018,-0.01844,-0.00111,0.99802,0.03547,0.02593,-0.02191,0.99879,1.00,-0.05993,-0.04560,-0.00274,0.99716,0.03497,-0.00095,-0.02613,0.99905,1.00
17038,0.00,0.00,0.09609,0.04293,-0.02166,0.99421,-0.06051,-0.01835,-0.00111,0.99800,0.03529,0.02603,-0.02188,0.99880,1.00,-0.06026,-0.04550,-0.00275,0.99714,0.03480,-0.00086,-0.02611,0.99905,1.00
17052,0.00,0.00,0.09620,0.04290,-0.02160,0.99420,-0.06062,-0.01832,-0.00111,0.99799,0.03529,0.02602,-0.02182,0.99880,1.00,-0.06037,-0.04547,-0.00275,0.99714,0.03480,-0.00086,-0.02606,0.99905,1.00
17066,0.00,0.00,0.09629,0.04283,-0.02141,0.99420,-0.06081,-0.01846,-0.00113,0.99798,0.03519,0.02580,-0.02166,0.99881,1.00,-0.06057,-0.04562,-0.00277,0.99712,0.03470,-0.00109,-0.02590,0.99906,1.00
17080,0.00,0.00,0.09637,0.04273,-0.02130,0.99420,-0.06090,-0.01837,-0.00112,0.99797,0.03519,0.02579,-0.02154,0.99882,1.00,-0.06066,-0.04552,-0.00277,0.99712,0.03470,-0.00109,-0.02578,0.99906,1.00
17094,0.00,0.00,0.09637,0.04267,-0.02121,0.99420,-0.06090,-0.01830,-0.00112,0.99798,0.03519,0.02579,-0.02144,0.99882,1.00,-0.06066,-0.04546,-0.00277,0.99712,0.03470,-0.00109,-0.02569,0.99907,1.00
17108,0.00,0.00,0.09627,0.04253,-0.02106,0.99422,-0.06141,-0.01824,-0.00112,0.99795,0.03459,0.02572,-0.02128,0.99884,1.00,-0.06117,-0.04540,-0.00278,0.99709,0.03410,-0.00117,-0.02554,0.99909,1.00
17121,0.00,0.00,0.09613,0.04246,-0.02117,0.99424,-0.06127,-0.01816,-0.00112,0.99796,0.03458,0.02572,-0.02138,0.99884,1.00,-0.06103,-0.04532,-0.00277,0.99710,0.03410,-0.00117,-0.02563,0.99909,1.00
17135,0.00,0.00,0.09616,0.04238,-0.02136,0.99423,-0.06130,-0.01832,-0.00113,0.99795,0.03458,0.02550,-0.02160,0.99884,1.00,-0.06103,-0.04548,-0.00278,0.99710,0.03411,-0.00139,-0.02586,0.99908,1.00
17149,0.00,0.00,0.09623,0.04232,-0.02149,0.99423,-0.06137,-0.01827,-0.00112,0.99795,0.03457,0.02550,-0.02172,0.99884,1.00,-0.06110,-0.04542,-0.00278,0.99709,0.03411,-0.00138,-0.02598,0.99908,1.00
17164,0.00,0.00,0.09624,0.04225,-0.02144,0.99423,-0.06139,-0.01819,-0.00112,0.99795,0.03457,0.02550,-0.02166,0.99884,1.00,-0.06111,-0.04535,-0.00278,0.99710,0.03411,-0.00139,-0.02592,0.99908,1.00
17178,0.00,0.00,0.09625,0.04221,-0.02143,0.99423,-0.06270,-0.01822,-0.00115,0.99787,0.03326,0.02546,-0.02163,0.99889,1.00,-0.06243,-0.04539,-0.00284,0.99701,0.03280,-0.00143,-0.02592,0.99912,1.00
17191,0.00,0.00,0.09619,0.04220,-0.02148,0.99424,-0.06265,-0.01821,-0.00114,0.99787,0.03326,0.02546,-0.02168,0.99889,1.00,-0.06237,-0.04538,-0.00284,0.99702,0.03280,-0.00143,-0.02597,0.99912,1.00
17205,0.00,0.00,0.09608,0.04228,-0.02157,0.99424,-0.06254,-0.00968,-0.00061,0.99800,0.03347,0.03397,-0.02042,0.99865,1.00,-0.06233,-0.03688,-0.00230,0.99737,0.03296,0.00706,-0.02472,0.99913,1.00
17219,0.00,0.00,0.09592,0.04232,-0.02171,0.99425,-0.06239,-0.00973,-0.00061,0.99800,0.03347,0.03398,-0.02057,0.99865,1.00,-0.06217,-0.03693,-0.00230,0.99738,0.03296,0.00707,-0.02485,0.99912,1.00
17233,0.00,0.00,0.09576,0.04233,-0.02177,0.99427,-0.06231,-0.00963,-0.00060,0.99801,0.03338,0.03408,-0.02061,0.99865,1.00,-0.06210,-0.03683,-0.00229,0.99739,0.03287,0.00717,-0.02489,0.99912,1.00
17247,0.00,0.00,0.09565,0.04232,-0.02185,0.99428,-0.06220,-0.00963,-0.00060,0.99802,0.03338,0.03408,-0.02069,0.99865,1.00,-0.06198,-0.03683,-0.00229,0.99740,0.03287,0.00717,-0.02497,0.99912,1.00
17262,0.00,0.00,0.09557,0.04228,-0.02192,0.99428,-0.06212,-0.00959,-0.00060,0.99802,0.03338,0.03408,-0.02076,0.99865,1.00,-0.06190,-0.03679,-0.00228,0.99740,0.03287,0.00717,-0.02503,0.99912,1.00
17275,0.00,0.00,0.09553,0.04216,-0.02195,0.99429,-0.06132,-0.00946,-0.00058,0.99807,0.03415,0.03408,-0.02080,0.99862,1.00,-0.06111,-0.03665,-0.00225,0.99746,0.03363,0.00717,-0.02505,0.99909,1.00
17289,0.00,0.00,0.09550,0.04212,-0.02208,0.99429,-0.06129,-0.00942,-0.00058,0.99808,0.03415,0.03408,-0.02093,0.99862,1.00,-0.06108,-0.03661,-0.00224,0.99746,0.03363,0.00717,-0.02517,0.99909,1.00
17303,0.00,0.00,0.09538,0.04201,-0.02214,0.99431,-0.06137,-0.00942,-0.00058,0.99807,0.03395,0.03398,-0.02100,0.99863,1.00,-0.06116,-0.03661,-0.00224,0.99745,0.03342,0.00707,-0.02524,0.99910,1.00
17317,0.00,0.00,0.09517,0.04192,-0.02224,0.99433,-0.06116,-0.00932,-0.00057,0.99808,0.03394,0.03398,-0.02109,0.99862,1.00,-0.06094,-0.03652,-0.00223,0.99747,0.03342,0.00707,-0.02532,0.99910,1.00
17331,0.00,0.00,0.09514,0.04198,-0.02267,0.99432,-0.06114,-0.00940,-0.00058,0.99808,0.03393,0.03400,-0.02152,0.99861,1.00,-0.06091,-0.03659,-0.00223,0.99747,0.03342,0.00709,-0.02576,0.99908,1.00
17344,0.00,0.00,0.09498,0.04200,-0.02278,0.99433,-0.06194,-0.01023,-0.00064,0.99803,0.03295,0.03321,-0.02174,0.99867,1.00,-0.06169,-0.03743,-0.00232,0.99739,0.03244,0.00630,-0.02599,0.99912,1.00
17358,0.00,0.00,0.09476,0.04201,-0.02274,0.99435,-0.06171,-0.01024,-0.00063,0.99804,0.03295,0.03321,-0.02170,0.99867,1.00,-0.06147,-0.03744,-0.00231,0.99740,0.03244,0.00630,-0.02594,0.99912,1.00
17372,0.00,0.00,0.09457,0.04211,-0.02282,0.99437,-0.06178,-0.01040,-0.00064,0.99804,0.03269,0.03315,-0.02180,0.99868,1.00,-0.06155,-0.03760,-0.00232,0.99739,0.03216,0.00624,-0.02603,0.99912,1.00
17386,0.00,0.00,0.09438,0.04226,-0.02295,0.99437,-0.06159,-0.01056,-0.00065,0.99805,0.03268,0.03316,-0.02195,0.99867,1.00,-0.06136,-0.03775,-0.00232,0.99740,0.03216,0.00624,-0.02617,0.99912,1.00
17401,0.00,0.00,0.09421,0.04242,-0.02300,0.99438,-0.06025,-0.00874,-0.00053,0.99814,0.03389,0.03509,-0.02175,0.99857,1.00,-0.06005,-0.03593,-0.00216,0.99755,0.03334,0.00818,-0.02593,0.99907,1.00
17414,0.00,0.00,0.09401,0.04256,-0.02313,0.99439,-0.06006,-0.00887,-0.00053,0.99816,0.03389,0.03510,-0.02190,0.99857,1.00,-0.05985,-0.03606,-0.00216,0.99755,0.03334,0.00819,-0.02607,0.99907,1.00
17428,0.00,0.00,0.09387,0.04268,-0.02308,0.99440,-0.05991,-0.00898,-0.00054,0.99816,0.03389,0.03510,-0.02186,0.99857,1.00,-0.05971,-0.03617,-0.00217,0.99756,0.03334,0.00818,-0.02603,0.99907,1.00
17442,0.00,0.00,0.09370,0.04271,-0.02307,0.99442,-0.06002,-0.00879,-0.00053,0.99816,0.03362,0.03532,-0.02182,0.99857,1.00,-0.05982,-0.03598,-0.00216,0.99756,0.03306,0.00841,-0.02598,0.99908,1.00
17455,0.00,0.00,0.09364,0.04276,-0.02303,0.99442,-0.05996,-0.00884,-0.00053,0.99816,0.03362,0.03532,-0.02178,0.99857,1.00,-0.05977,-0.03603,-0.00216,0.99756,0.03306,0.00841,-0.02594,0.99908,1.00
17470,0.00,0.00,0.09358,0.04279,-0.02303,0.99443,-0.06042,-0.00977,-0.00059,0.99812,0.03306,0.03444,-0.02191,0.99862,1.00,-0.06023,-0.03696,-0.00223,0.99750,0.03250,0.00752,-0.02608,0.99910,1.00
17484,0.00,0.00,0.09358,0.04277,-0.02300,0.99443,-0.06042,-0.00975,-0.00059,0.99813,0.03306,0.03444,-0.02187,0.99862,1.00,-0.06023,-0.03694,-0.00223,0.99750,0.03250,0.00752,-0.02604,0.99910,1.00
17498,0.00,0.00,0.09366,0.04274,-0.02299,0.99442,-0.05900,-0.00960,-0.00057,0.99821,0.03457,0.03453,-0.02189,0.99857,1.00,-0.05882,-0.03678,-0.00217,0.99759,0.03400,0.00762,-0.02602,0.99905,1.00
17512,0.00,0.00,0.09366,0.04266,-0.02290,0.99443,-0.05900,-0.00951,-0.00056,0.99821,0.03458,0.03453,-0.02180,0.99857,1.00,-0.05882,-0.03669,-0.00216,0.99759,0.03401,0.00762,-0.02593,0.99906,1.00
17526,0.00,0.00,0.09368,0.04267,-0.02284,0.99443,-0.05902,-0.00952,-0.00056,0.99821,0.03458,0.03453,-0.02173,0.99857,1.00,-0.05884,-0.03670,-0.00216,0.99759,0.03401,0.00762,-0.02586,0.99906,1.00
17539,0.00,0.00,0.09364,0.04263,-0.02273,0.99443,-0.05905,-0.00923,-0.00055,0.99821,0.03452,0.03478,-0.02158,0.99857,1.00,-0.05888,-0.03641,-0.00215,0.99760,0.03394,0.00786,-0.02571,0.99906,1.00
17553,0.00,0.00,0.09364,0.04263,-0.02261,0.99444,-0.05905,-0.00922,-0.00055,0.99821,0.03452,0.03477,-0.02146,0.99857,1.00,-0.05889,-0.03641,-0.00215,0.99760,0.03394,0.00786,-0.02559,0.99907,1.00
17567,0.00,0.00,0.09363,0.04261,-0.02244,0.99444,-0.05907,-0.00876,-0.00052,0.99822,0.03450,0.03520,-0.02122,0.99856,1.00,-0.05891,-0.03594,-0.00212,0.99761,0.03392,0.00829,-0.02535,0.99907,1.00
17581,0.00,0.00,0.09366,0.04260,-0.02231,0.99444,-0.05910,-0.00874,-0.00052,0.99821,0.03450,0.03520,-0.02108,0.99856,1.00,-0.05895,-0.03593,-0.00212,0.99761,0.03392,0.00829,-0.02522,0.99907,1.00
17596,0.00,0.00,0.09368,0.04272,-0.02204,0.99444,-0.05911,-0.00885,-0.00052,0.99821,0.03451,0.03519,-0.02082,0.99857,1.00,-0.05897,-0.03604,-0.00213,0.99761,0.03392,0.00828,-0.02496,0.99908,1.00
17609,0.00,0.00,0.09360,0.04283,-0.02189,0.99445,-0.05953,-0.00898,-0.00054,0.99819,0.03400,0.03517,-0.02068,0.99859,1.00,-0.05939,-0.03617,-0.00215,0.99758,0.03343,0.00826,-0.02482,0.99910,1.00
17622,0.00,0.00,0.09364,0.04294,-0.02181,0.99444,-0.05957,-0.00910,-0.00054,0.99818,0.03401,0.03517,-0.02060,0.99859,1.00,-0.05943,-0.03628,-0.00216,0.99757,0.03343,0.00825,-0.02475,0.99910,1.00
17637,0.00,0.00,0.09355,0.04304,-0.02158,0.99445,-0.05961,-0.00980,-0.00059,0.99817,0.03387,0.03456,-0.02047,0.99862,1.00,-0.05946,-0.03698,-0.00220,0.99754,0.03330,0.00764,-0.02462,0.99911,1.00
17651,0.00,0.00,0.09347,0.04309,-0.02129,0.99446,-0.05952,-0.00984,-0.00059,0.99818,0.03387,0.03455,-0.02019,0.99862,1.00,-0.05938,-0.03703,-0.00220,0.99755,0.03331,0.00764,-0.02433,0.99912,1.00
17665,0.00,0.00,0.09350,0.04311,-0.02110,0.99446,-0.05985,-0.00992,-0.00059,0.99816,0.03357,0.03448,-0.02000,0.99864,1.00,-0.05970,-0.03710,-0.00222,0.99752,0.03302,0.00757,-0.02416,0.99913,1.00
17678,0.00,0.00,0.09344,0.04313,-0.02110,0.99447,-0.05979,-0.00994,-0.00060,0.99816,0.03357,0.03448,-0.02000,0.99864,1.00,-0.05964,-0.03712,-0.00222,0.99753,0.03302,0.00757,-0.02415,0.99913,1.00
17693,0.00,0.00,0.09327,0.04316,-0.02091,0.99449,-0.05961,-0.00996,-0.00059,0.99817,0.03358,0.03448,-0.01982,0.99864,1.00,-0.05947,-0.03714,-0.00221,0.99754,0.03302,0.00756,-0.02396,0.99914,1.00
17706,0.00,0.00,0.09308,0.04314,-0.02092,0.99450,-0.05953,-0.01014,-0.00060,0.99818,0.03347,0.03428,-0.01986,0.99865,1.00,-0.05936,-0.03732,-0.00222,0.99754,0.03294,0.00737,-0.02399,0.99914,1.00
17720,0.00,0.00,0.09307,0.04321,-0.02107,0.99450,-0.05952,-0.01021,-0.00061,0.99818,0.03347,0.03429,-0.02001,0.99865,1.00,-0.05934,-0.03739,-0.00222,0.99753,0.03294,0.00737,-0.02414,0.99914,1.00
17734,0.00,0.00,0.09309,0.04331,-0.02117,0.99449,-0.05919,-0.01024,-0.00061,0.99819,0.03382,0.03436,-0.02012,0.99863,1.00,-0.05900,-0.03742,-0.00221,0.99755,0.03331,0.00745,-0.02424,0.99912,1.00
17748,0.00,0.00,0.09314,0.04340,-0.02105,0.99448,-0.05923,-0.01032,-0.00061,0.99819,0.03383,0.03436,-0.02001,0.99864,1.00,-0.05905,-0.03750,-0.00222,0.99755,0.03331,0.00744,-0.02414,0.99913,1.00
17763,0.00,0.00,0.09321,0.04358,-0.02089,0.99447,-0.05930,-0.01050,-0.00062,0.99819,0.03383,0.03435,-0.01987,0.99864,1.00,-0.05912,-0.03768,-0.00223,0.99754,0.03331,0.00744,-0.02400,0.99913,1.00
17776,0.00,0.00,0.09339,0.04388,-0.02082,0.99444,-0.05784,-0.00910,-0.00053,0.99828,0.03550,0.03600,-0.01962,0.99853,1.00,-0.05768,-0.03628,-0.00210,0.99767,0.03497,0.00909,-0.02372,0.99907,1.00
17790,0.00,0.00,0.09358,0.04415,-0.02082,0.99441,-0.05802,-0.00939,-0.00055,0.99827,0.03550,0.03600,-0.01964,0.99853,1.00,-0.05785,-0.03656,-0.00212,0.99765,0.03497,0.00909,-0.02375,0.99906,1.00
17803,0.00,0.00,0.09380,0.04429,-0.02080,0.99439,-0.05816,-0.00923,-0.00054,0.99826,0.03558,0.03630,-0.01959,0.99852,1.00,-0.05799,-0.03641,-0.00212,0.99765,0.03506,0.00939,-0.02370,0.99906,1.00
17817,0.00,0.00,0.09397,0.04440,-0.02074,0.99437,-0.05833,-0.00933,-0.00055,0.99825,0.03558,0.03630,-0.01953,0.99852,1.00,-0.05816,-0.03651,-0.00213,0.99764,0.03506,0.00939,-0.02366,0.99906,1.00
17831,0.00,0.00,0.09417,0.04447,-0.02074,0.99435,-0.05805,-0.01020,-0.00059,0.99826,0.03605,0.03551,-0.01968,0.99853,1.00,-0.05787,-0.03738,-0.00217,0.99762,0.03553,0.00860,-0.02380,0.99905,1.00
17845,0.00,0.00,0.09431,0.04443,-0.02089,0.99433,-0.05819,-0.01017,-0.00059,0.99825,0.03604,0.03551,-0.01981,0.99852,1.00,-0.05801,-0.03735,-0.00217,0.99762,0.03553,0.00861,-0.02394,0.99904,1.00
17860,0.00,0.00,0.09446,0.04436,-0.02083,0.99432,-0.05834,-0.01010,-0.00059,0.99825,0.03605,0.03551,-0.01975,0.99852,1.00,-0.05816,-0.03728,-0.00217,0.99761,0.03553,0.00861,-0.02389,0.99905,1.00
17874,0.00,0.00,0.09470,0.04433,-0.02089,0.99430,-0.05925,-0.00989,-0.00059,0.99819,0.03539,0.03571,-0.01974,0.99854,1.00,-0.05906,-0.03707,-0.00219,0.99756,0.03488,0.00880,-0.02391,0.99907,1.00
17888,0.00,0.00,0.09486,0.04429,-0.02091,0.99428,-0.05941,-0.00985,-0.00059,0.99818,0.03539,0.03571,-0.01976,0.99854,1.00,-0.05922,-0.03704,-0.00220,0.99756,0.03488,0.00881,-0.02394,0.99907,1.00
17901,0.00,0.00,0.09487,0.04429,-0.02090,0.99428,-0.05900,-0.01018,-0.00060,0.99821,0.03579,0.03538,-0.01981,0.99854,1.00,-0.05881,-0.03736,-0.00220,0.99757,0.03528,0.00848,-0.02398,0.99905,1.00
17915,0.00,0.00,0.09486,0.04436,-0.02106,0.99428,-0.05900,-0.01025,-0.00061,0.99821,0.03579,0.03539,-0.01998,0.99853,1.00,-0.05880,-0.03743,-0.00221,0.99757,0.03528,0.00849,-0.02415,0.99905,1.00
17929,0.00,0.00,0.09482,0.04445,-0.02121,0.99428,-0.05896,-0.01034,-0.00061,0.99821,0.03578,0.03540,-0.02014,0.99853,1.00,-0.05876,-0.03752,-0.00221,0.99756,0.03528,0.00849,-0.02430,0.99905,1.00
17943,0.00,0.00,0.09465,0.04453,-0.02128,0.99429,-0.05986,-0.01037,-0.00062,0.99815,0.03471,0.03547,-0.02017,0.99856,1.00,-0.05965,-0.03756,-0.00225,0.99751,0.03421,0.00856,-0.02435,0.99908,1.00
17957,0.00,0.00,0.09462,0.04462,-0.02132,0.99428,-0.05982,-0.01046,-0.00063,0.99815,0.03471,0.03547,-0.02022,0.99856,1.00,-0.05961,-0.03765,-0.00225,0.99751,0.03421,0.00856,-0.02440,0.99908,1.00
17971,0.00,0.00,0.09455,0.04463,-0.02134,0.99429,-0.06113,-0.01043,-0.00064,0.99807,0.03334,0.03554,-0.02019,0.99861,1.00,-0.06092,-0.03762,-0.00230,0.99743,0.03283,0.00863,-0.02441,0.99913,1.00
17985,0.00,0.00,0.09454,0.04470,-0.02143,0.99429,-0.06112,-0.01051,-0.00064,0.99807,0.03333,0.03554,-0.02029,0.99861,1.00,-0.06091,-0.03770,-0.00230,0.99743,0.03283,0.00863,-0.02451,0.99912,1.00
17999,0.00,0.00,0.09455,0.04469,-0.02162,0.99428,-0.06114,-0.01050,-0.00064,0.99807,0.03333,0.03555,-0.02048,0.99860,1.00,-0.06091,-0.03769,-0.00230,0.99743,0.03283,0.00864,-0.02470,0.99912,1.00
18012,0.00,0.00,0.09462,0.04463,-0.02172,0.99428,-0.06112,-0.01026,-0.00063,0.99808,0.03342,0.03572,-0.02055,0.99859,1.00,-0.06089,-0.03745,-0.00229,0.99744,0.03291,0.00881,-0.02476,0.99911,1.00
18027,0.00,0.00,0.09466,0.04451,-0.02172,0.99428,-0.06116,-0.01015,-0.00062,0.99808,0.03342,0.03572,-0.02054,0.99859,1.00,-0.06094,-0.03734,-0.00228,0.99744,0.03291,0.00881,-0.02476,0.99911,1.00
18040,0.00,0.00,0.09473,0.04434,-0.02170,0.99428,-0.06123,-0.00945,-0.00058,0.99808,0.03344,0.03624,-0.02041,0.99857,1.00,-0.06103,-0.03664,-0.00224,0.99746,0.03292,0.00933,-0.02463,0.99911,1.00
18054,0.00,15.00,0.09486,0.04418,-0.02173,0.99427,-0.06137,-0.00930,-0.00057,0.99807,0.03344,0.03624,-0.02043,0.99857,1.00,-0.06117,-0.03649,-0.00224,0.99746,0.03292,0.00933,-0.02466,0.99911,1.00
18068,0.00,15.00,0.09506,0.04396,-0.02175,0.99426,-0.06035,-0.00922,-0.00056,0.99813,0.03466,0.03608,-0.02049,0.99854,1.00,-0.06016,-0.03640,-0.00220,0.99752,0.03413,0.00917,-0.02470,0.99907,1.00
18082,0.00,15.00,0.09529,0.04380,-0.02173,0.99425,-0.06058,-0.00906,-0.00055,0.99812,0.03466,0.03608,-0.02045,0.99854,1.00,-0.06039,-0.03625,-0.00219,0.99751,0.03413,0.00917,-0.02467,0.99907,1.00
18096,0.00,15.00,0.09544,0.04362,-0.02177,0.99424,-0.06074,-0.00889,-0.00054,0.99811,0.03466,0.03608,-0.02047,0.99854,1.00,-0.06055,-0.03608,-0.00219,0.99751,0.03413,0.00917,-0.02470,0.99907,1.00
18110,0.00,15.00,0.09554,0.04349,-0.02173,0.99424,-0.06058,-0.00702,-0.00043,0.99814,0.03496,0.03779,-0.02015,0.99847,1.00,-0.06041,-0.03421,-0.00207,0.99759,0.03442,0.01088,-0.02438,0.99905,1.00
18124,0.00,15.00,0.09565,0.04348,-0.02167,0.99423,-0.06068,-0.00701,-0.00043,0.99813,0.03497,0.03779,-0.02008,0.99847,1.00,-0.06051,-0.03420,-0.00207,0.99758,0.03442,0.01088,-0.02432,0.99905,1.00
18138,0.00,15.00,0.09580,0.04348,-0.02169,0.99421,-0.06177,-0.00737,-0.00046,0.99806,0.03403,0.03745,-0.02012,0.99852,1.00,-0.06159,-0.03457,-0.00213,0.99750,0.03348,0.01054,-0.02439,0.99909,1.00
18152,0.00,15.00,0.09596,0.04354,-0.02170,0.99420,-0.06192,-0.00744,-0.00046,0.99805,0.03403,0.03745,-0.02013,0.99852,1.00,-0.06175,-0.03464,-0.00214,0.99749,0.03348,0.01054,-0.02441,0.99909,1.00
18166,0.00,15.00,0.09616,0.04362,-0.02172,0.99417,-0.06181,-0.00770,-0.00048,0.99806,0.03433,0.03727,-0.02019,0.99851,1.00,-0.06163,-0.03490,-0.00216,0.99749,0.03379,0.01036,-0.02447,0.99908,1.00
18180,0.00,15.00,0.09630,0.04365,-0.02170,0.99416,-0.06195,-0.00773,-0.00048,0.99805,0.03433,0.03727,-0.02018,0.99851,1.00,-0.06177,-0.03493,-0.00216,0.99748,0.03379,0.01036,-0.02446,0.99908,1.00
18194,0.00,15.00,0.09641,0.04373,-0.02171,0.99414,-0.06206,-0.00781,-0.00049,0.99804,0.03433,0.03727,-0.02019,0.99851,1.00,-0.06189,-0.03501,-0.00217,0.99747,0.03379,0.01036,-0.02448,0.99908,1.00
18208,0.00,15.00,0.09665,0.04375,-0.02179,0.99412,-0.06193,-0.00881,-0.00055,0.99804,0.03467,0.03631,-0.02043,0.99853,1.00,-0.06175,-0.03600,-0.00223,0.99744,0.03414,0.00940,-0.02473,0.99907,1.00
18221,0.00,15.00,0.09687,0.04371,-0.02174,0.99410,-0.06215,-0.00877,-0.00055,0.99803,0.03467,0.03631,-0.02037,0.99853,1.00,-0.06197,-0.03597,-0.00223,0.99743,0.03414,0.00940,-0.02468,0.99907,1.00
18235,0.00,15.00,0.09700,0.04369,-0.02167,0.99409,-0.06282,-0.00869,-0.00055,0.99799,0.03414,0.03638,-0.02027,0.99855,1.00,-0.06264,-0.03590,-0.00225,0.99739,0.03360,0.00947,-0.02460,0.99909,1.00
18249,0.00,15.00,0.09720,0.04368,-0.02146,0.99407,-0.06303,-0.00868,-0.00055,0.99797,0.03415,0.03637,-0.02005,0.99855,1.00,-0.06285,-0.03588,-0.00226,0.99737,0.03360,0.00946,-0.02439,0.99909,1.00
18263,0.00,15.00,0.09749,0.04367,-0.02145,0.99405,-0.06331,-0.00868,-0.00055,0.99796,0.03415,0.03637,-0.02003,0.99855,1.00,-0.06314,-0.03589,-0.00227,0.99736,0.03360,0.00946,-0.02439,0.99909,1.00
18277,0.00,15.00,0.09770,0.04365,-0.02138,0.99403,-0.06292,0.03933,0.00248,0.99724,0.03584,0.08373,-0.01226,0.99577,1.00,-0.06315,0.01214,0.00077,0.99793,0.03501,0.05690,-0.01663,0.99763,1.00
18291,0.00,15.00,0.09786,0.04367,-0.02146,0.99401,-0.06309,0.03931,0.00249,0.99723,0.03583,0.08373,-0.01233,0.99577,1.00,-0.06333,0.01211,0.00077,0.99792,0.03501,0.05690,-0.01670,0.99763,1.00
18305,0.00,15.00,0.09816,0.04369,-0.02170,0.99397,-0.06513,0.11747,0.00772,0.99091,0.03541,0.16071,0.00055,0.98637,1.00,-0.06604,0.09095,0.00604,0.99365,0.03413,0.13465,-0.00374,0.99030,1.00
18319,0.00,15.00,0.09837,0.04373,-0.02161,0.99395,-0.06531,0.11743,0.00774,0.99090,0.03544,0.16070,0.00068,0.98637,1.00,-0.06623,0.09091,0.00606,0.99364,0.03415,0.13465,-0.00362,0.99030,1.00
18333,0.00,15.00,0.09842,0.04380,-0.02144,0.99395,-0.06121,0.11739,0.00725,0.99117,0.03954,0.16069,0.00019,0.98621,1.00,-0.06209,0.09089,0.00568,0.99391,0.03831,0.13465,-0.00401,0.99015,1.00
18347,0.00,15.00,0.09861,0.04399,-0.02135,0.99392,-0.06138,0.11720,0.00726,0.99118,0.03956,0.16069,0.00030,0.98621,1.00,-0.06225,0.09070,0.00568,0.99391,0.03832,0.13464,-0.00390,0.99015,1.00
18361,0.00,15.00,0.09883,0.04424,-0.02128,0.99389,-0.06157,0.11695,0.00726,0.99120,0.03958,0.16068,0.00041,0.98621,1.00,-0.06245,0.09045,0.00568,0.99392,0.03833,0.13464,-0.00380,0.99015,1.00
18375,0.00,15.00,0.09905,0.04444,-0.02123,0.99386,-0.06285,0.11533,0.00731,0.99131,0.03850,0.15929,0.00044,0.98648,1.00,-0.06373,0.08880,0.00569,0.99399,0.03725,0.13322,-0.00382,0.99038,1.00
18388,0.00,15.00,0.09932,0.04450,-0.02116,0.99383,-0.06308,0.11527,0.00734,0.99130,0.03853,0.15928,0.00057,0.98648,1.00,-0.06398,0.08874,0.00571,0.99398,0.03727,0.13321,-0.00369,0.99038,1.00
18402,0.00,15.00,0.09954,0.04461,-0.02106,0.99381,-0.06287,0.11516,0.00730,0.99133,0.03895,0.15927,0.00065,0.98647,1.00,-0.06375,0.08863,0.00568,0.99401,0.03771,0.13320,-0.00362,0.99037,1.00
18416,0.00,15.00,0.09966,0.04457,-0.02089,0.99380,-0.06293,0.11520,0.00731,0.99132,0.03898,0.15926,0.00084,0.98647,1.00,-0.06383,0.08867,0.00569,0.99400,0.03773,0.13319,-0.00343,0.99037,1.00
18430,0.00,15.00,0.09982,0.04459,-0.02089,0.99379,-0.06309,0.11518,0.00733,0.99131,0.03899,0.15926,0.00089,0.98647,1.00,-0.06399,0.08865,0.00571,0.99399,0.03774,0.13319,-0.00339,0.99037,1.00
18444,0.00,15.00,0.09990,0.04450,-0.02073,0.99379,-0.06312,0.11594,0.00738,0.99122,0.03903,0.15990,0.00118,0.98636,1.00,-0.06402,0.08941,0.00576,0.99392,0.03778,0.13384,-0.00310,0.99028,1.00
18458,0.00,15.00,0.09994,0.04451,-0.02074,0.99378,-0.06316,0.11593,0.00739,0.99122,0.03903,0.15990,0.00118,0.98636,1.00,-0.06406,0.08940,0.00576,0.99392,0.03778,0.13384,-0.00310,0.99028,1.00
18472,0.00,15.00,0.10002,0.04454,-0.02058,0.99378,-0.06316,0.11568,0.00737,0.99125,0.03908,0.15967,0.00131,0.98640,1.00,-0.06406,0.08915,0.00575,0.99394,0.03784,0.13360,-0.00298,0.99031,1.00
18487,0.00,15.00,0.10008,0.04449,-0.02034,0.99378,-0.06315,0.11573,0.00737,0.99124,0.03912,0.15966,0.00156,0.98640,1.00,-0.06406,0.08920,0.00575,0.99394,0.03788,0.13359,-0.00273,0.99031,1.00
18500,0.00,15.00,0.10033,0.04454,-0.02042,0.99375,-0.06291,0.11702,0.00743,0.99111,0.03964,0.16098,0.00168,0.98616,1.00,-0.06381,0.09051,0.00581,0.99383,0.03840,0.13493,-0.00260,0.99011,1.00
18514,0.00,15.00,0.10066,0.04456,-0.02043,0.99371,-0.06323,0.11701,0.00747,0.99109,0.03965,0.16097,0.00176,0.98616,1.00,-0.06414,0.09049,0.00584,0.99381,0.03841,0.13493,-0.00254,0.99011,1.00
18528,0.00,15.00,0.10090,0.04460,-0.02040,0.99369,-0.06345,0.11697,0.00749,0.99108,0.03967,0.16097,0.00186,0.98616,1.00,-0.06436,0.09045,0.00586,0.99380,0.03842,0.13493,-0.00245,0.99011,1.00
18542,0.00,15.00,0.10105,0.04463,-0.02037,0.99367,-0.06356,0.11842,0.00760,0.99090,0.03973,0.16242,0.00217,0.98592,1.00,-0.06448,0.09193,0.00597,0.99366,0.03848,0.13640,-0.00215,0.98990,1.00
18555,0.00,15.00,0.10108,0.04463,-0.02031,0.99367,-0.06357,0.11842,0.00760,0.99090,0.03974,0.16242,0.00223,0.98592,1.00,-0.06449,0.09192,0.00597,0.99366,0.03849,0.13640,-0.00208,0.98990,1.00
18569,0.00,15.00,0.10119,0.04479,-0.02019,0.99365,-0.06430,0.11908,0.00773,0.99077,0.03911,0.16323,0.00260,0.98581,1.00,-0.06524,0.09260,0.00608,0.99355,0.03785,0.13722,-0.00173,0.98982,1.00
18583,0.00,15.00,0.10131,0.04488,-0.02027,0.99364,-0.06445,0.11900,0.00774,0.99077,0.03910,0.16323,0.00255,0.98581,1.00,-0.06538,0.09251,0.00609,0.99354,0.03784,0.13722,-0.00179,0.98982,1.00
18598,0.00,15.00,0.10152,0.04500,-0.02024,0.99361,-0.06464,0.11888,0.00776,0.99077,0.03911,0.16322,0.00263,0.98581,1.00,-0.06558,0.09239,0.00610,0.99354,0.03785,0.13721,-0.00172,0.98982,1.00
18611,0.00,15.00,0.10168,0.04504,-0.02024,0.99359,-0.06445,0.12126,0.00789,0.99049,0.03949,0.16560,0.00303,0.98540,1.00,-0.06540,0.09481,0.00624,0.99333,0.03822,0.13963,-0.00132,0.98947,1.00
18625,0.00,15.00,0.10178,0.04508,-0.02028,0.99358,-0.06455,0.12123,0.00790,0.99049,0.03949,0.16560,0.00301,0.98540,1.00,-0.06550,0.09477,0.00625,0.99332,0.03822,0.13963,-0.00134,0.98947,1.00
18639,0.00,15.00,0.10183,0.04507,-0.02028,0.99357,-0.06562,0.11910,0.00789,0.99068,0.03845,0.16351,0.00283,0.98579,1.00,-0.06656,0.09260,0.00620,0.99346,0.03719,0.13750,-0.00155,0.98980,1.00
18653,0.00,15.00,0.10184,0.04503,-0.02028,0.99357,-0.06563,0.11913,0.00789,0.99068,0.03846,0.16351,0.00284,0.98579,1.00,-0.06657,0.09264,0.00621,0.99345,0.03719,0.13750,-0.00155,0.98980,1.00
18667,0.00,15.00,0.10188,0.04503,-0.02027,0.99357,-0.06541,0.11845,0.00782,0.99077,0.03870,0.16283,0.00270,0.98589,1.00,-0.06634,0.09194,0.00614,0.99353,0.03744,0.13681,-0.00168,0.98989,1.00
18681,0.00,15.00,0.10195,0.04499,-0.02030,0.99356,-0.06548,0.11849,0.00783,0.99076,0.03870,0.16283,0.00269,0.98589,1.00,-0.06641,0.09198,0.00615,0.99352,0.03744,0.13681,-0.00170,0.98989,1.00
18695,0.00,15.00,0.10203,0.04504,-0.02035,0.99355,-0.06557,0.11844,0.00784,0.99076,0.03870,0.16283,0.00267,0.98589,1.00,-0.06651,0.09193,0.00615,0.99352,0.03744,0.13681,-0.00173,0.98989,1.00
18709,0.00,15.00,0.10207,0.04512,-0.02042,0.99354,-0.06548,0.11838,0.00782,0.99078,0.03884,0.16286,0.00258,0.98588,1.00,-0.06641,0.09187,0.00614,0.99354,0.03759,0.13684,-0.00181,0.98988,1.00
18723,0.00,15.00,0.10197,0.04516,-0.02046,0.99355,-0.06540,0.11834,0.00781,0.99079,0.03883,0.16286,0.00251,0.98588,1.00,-0.06632,0.09184,0.00613,0.99354,0.03758,0.13684,-0.00188,0.98988,1.00
18737,0.00,15.00,0.10180,0.04527,-0.02045,0.99356,-0.06265,0.12048,0.00762,0.99071,0.04142,0.16506,0.00241,0.98541,1.00,-0.06355,0.09402,0.00601,0.99352,0.04020,0.13908,-0.00190,0.98946,1.00
18751,0.00,15.00,0.10156,0.04535,-0.02045,0.99359,-0.06241,0.12040,0.00758,0.99073,0.04141,0.16506,0.00233,0.98541,1.00,-0.06331,0.09394,0.00599,0.99355,0.04019,0.13908,-0.00196,0.98946,1.00
18765,0.00,15.00,0.10130,0.04548,-0.02041,0.99361,-0.06186,0.12108,0.00756,0.99068,0.04171,0.16586,0.00238,0.98526,1.00,-0.06276,0.09463,0.00598,0.99351,0.04049,0.13989,-0.00189,0.98934,1.00
18778,0.00,15.00,0.10122,0.04552,-0.02043,0.99361,-0.06178,0.12104,0.00755,0.99069,0.04170,0.16586,0.00233,0.98526,1.00,-0.06268,0.09460,0.00597,0.99352,0.04048,0.13989,-0.00194,0.98934,1.00
18793,0.00,15.00,0.10113,0.04559,-0.02046,0.99362,-0.06171,0.12097,0.00754,0.99071,0.04169,0.16586,0.00227,0.98526,1.00,-0.06260,0.09453,0.00596,0.99353,0.04047,0.13989,-0.00200,0.98934,1.00
18806,0.00,15.00,0.10119,0.04559,-0.02044,0.99361,-0.06246,0.12115,0.00764,0.99064,0.04101,0.16605,0.00245,0.98526,1.00,-0.06337,0.09470,0.00604,0.99347,0.03977,0.14007,-0.00184,0.98934,1.00
18820,0.00,15.00,0.10122,0.04546,-0.02047,0.99361,-0.06249,0.12128,0.00765,0.99062,0.04101,0.16605,0.00244,0.98526,1.00,-0.06340,0.09483,0.00605,0.99345,0.03977,0.14007,-0.00184,0.98934,1.00
18834,0.00,15.00,0.10122,0.04529,-0.02033,0.99362,-0.06146,0.11993,0.00744,0.99085,0.04200,0.16454,0.00217,0.98547,1.00,-0.06236,0.09347,0.00587,0.99365,0.04078,0.13855,-0.00209,0.98951,1.00
18848,0.00,15.00,0.10126,0.04514,-0.02024,0.99363,-0.06147,0.12009,0.00745,0.99083,0.04202,0.16454,0.00228,0.98547,1.00,-0.06237,0.09362,0.00588,0.99364,0.04080,0.13855,-0.00198,0.98951,1.00
18862,0.00,15.00,0.10123,0.04494,-0.02021,0.99364,-0.06143,0.12028,0.00746,0.99081,0.04202,0.16454,0.00232,0.98547,1.00,-0.06233,0.09382,0.00589,0.99362,0.04081,0.13854,-0.00193,0.98951,1.00
18876,0.00,15.00,0.10108,0.04471,-0.02015,0.99367,-0.06134,0.12037,0.00745,0.99080,0.04196,0.16439,0.00235,0.98550,1.00,-0.06224,0.09391,0.00588,0.99362,0.04075,0.13840,-0.00190,0.98954,1.00
18890,0.00,15.00,0.10111,0.04467,-0.02024,0.99367,-0.06139,0.12041,0.00746,0.99080,0.04195,0.16439,0.00227,0.98550,1.00,-0.06229,0.09395,0.00589,0.99361,0.04074,0.13840,-0.00198,0.98954,1.00
18903,0.00,15.00,0.10122,0.04457,-0.02038,0.99366,-0.06157,0.12225,0.00760,0.99056,0.04192,0.16611,0.00248,0.98521,1.00,-0.06247,0.09581,0.00603,0.99342,0.04070,0.14014,-0.00178,0.98929,1.00
18918,0.00,15.00,0.10137,0.04457,-0.02033,0.99364,-0.06170,0.12225,0.00761,0.99055,0.04193,0.16610,0.00257,0.98521,1.00,-0.06261,0.09581,0.00604,0.99341,0.04071,0.14014,-0.00169,0.98929,1.00
18932,0.00,15.00,0.10144,0.04463,-0.02011,0.99364,-0.06212,0.12211,0.00766,0.99054,0.04154,0.16601,0.00285,0.98524,1.00,-0.06305,0.09567,0.00607,0.99340,0.04031,0.14005,-0.00143,0.98932,1.00
18945,0.00,15.00,0.10158,0.04484,-0.01978,0.99362,-0.06218,0.12191,0.00765,0.99056,0.04160,0.16600,0.00318,0.98524,1.00,-0.06312,0.09547,0.00607,0.99341,0.04036,0.14003,-0.00110,0.98932,1.00
18960,0.00,15.00,0.10180,0.04499,-0.01976,0.99359,-0.06238,0.12176,0.00767,0.99057,0.04161,0.16599,0.00325,0.98524,1.00,-0.06333,0.09532,0.00608,0.99341,0.04037,0.14003,-0.00104,0.98932,1.00
18973,0.00,15.00,0.10207,0.04515,-0.01972,0.99356,-0.06255,0.12175,0.00769,0.99056,0.04171,0.16614,0.00336,0.98521,1.00,-0.06349,0.09531,0.00609,0.99340,0.04047,0.14018,-0.00094,0.98930,1.00
18987,0.00,15.00,0.10229,0.04522,-0.01963,0.99353,-0.06273,0.12169,0.00771,0.99055,0.04173,0.16613,0.00349,0.98521,1.00,-0.06368,0.09525,0.00611,0.99340,0.04049,0.14018,-0.00081,0.98930,1.00
19001,0.00,15.00,0.10240,0.04529,-0.01937,0.99352,-0.06316,0.12174,0.00776,0.99052,0.04139,0.16624,0.00386,0.98521,1.00,-0.06411,0.09530,0.00615,0.99336,0.04015,0.14028,-0.00047,0.98930,1.00
19015,0.00,15.00,0.10238,0.04537,-0.01924,0.99352,-0.06311,0.12166,0.00775,0.99053,0.04141,0.16624,0.00396,0.98521,1.00,-0.06407,0.09522,0.00614,0.99337,0.04016,0.14028,-0.00036,0.98930,1.00
19029,0.00,15.00,0.10231,0.04549,-0.01918,0.99353,-0.06302,0.12155,0.00773,0.99055,0.04141,0.16624,0.00399,0.98521,1.00,-0.06398,0.09510,0.00613,0.99339,0.04017,0.14028,-0.00033,0.98930,1.00
19043,0.00,15.00,0.10231,0.04573,-0.01917,0.99352,-0.06842,0.11806,0.00815,0.99061,0.03601,0.16306,0.00432,0.98595,1.00,-0.06941,0.09153,0.00640,0.99336,0.03471,0.13704,-0.00015,0.98996,1.00
19056,0.00,15.00,0.10229,0.04594,-0.01910,0.99351,-0.06839,0.11785,0.00814,0.99064,0.03601,0.16306,0.00435,0.98595,1.00,-0.06938,0.09132,0.00638,0.99338,0.03472,0.13704,-0.00011,0.98996,1.00
19071,0.00,15.00,0.10223,0.04614,-0.01902,0.99351,-0.06862,0.11579,0.00802,0.99087,0.03569,0.16125,0.00412,0.98626,1.00,-0.06959,0.08924,0.00625,0.99356,0.03442,0.13519,-0.00035,0.99022,1.00
19085,0.00,15.00,0.10228,0.04646,-0.01918,0.99349,-0.06871,0.11546,0.00801,0.99090,0.03567,0.16125,0.00395,0.98626,1.00,-0.06967,0.08891,0.00623,0.99358,0.03440,0.13519,-0.00053,0.99022,1.00
19098,0.00,15.00,0.10233,0.04674,-0.01940,0.99346,-0.06887,0.11540,0.00802,0.99090,0.03560,0.16148,0.00377,0.98623,1.00,-0.06981,0.08884,0.00624,0.99358,0.03434,0.13542,-0.00072,0.99019,1.00
19112,0.00,15.00,0.10242,0.04701,-0.01949,0.99344,-0.06898,0.11513,0.00801,0.99092,0.03558,0.16148,0.00368,0.98623,1.00,-0.06992,0.08857,0.00623,0.99359,0.03433,0.13542,-0.00082,0.99019,1.00
19127,0.00,15.00,0.10253,0.04727,-0.01962,0.99341,-0.06912,0.11487,0.00801,0.99094,0.03556,0.16148,0.00356,0.98623,1.00,-0.07005,0.08830,0.00623,0.99361,0.03431,0.13542,-0.00095,0.99019,1.00
19140,0.00,15.00,0.10259,0.04751,-0.01979,0.99339,-0.07010,0.11445,0.00810,0.99092,0.03468,0.16133,0.00350,0.98628,1.00,-0.07103,0.08788,0.00628,0.99358,0.03341,0.13526,-0.00103,0.99025,1.00
19154,0.00,15.00,0.10259,0.04776,-0.01988,0.99338,-0.07012,0.11420,0.00808,0.99095,0.03466,0.16134,0.00339,0.98628,1.00,-0.07105,0.08762,0.00627,0.99360,0.03339,0.13527,-0.00114,0.99025,1.00
19169,0.00,15.00,0.10266,0.04797,-0.02008,0.99336,-0.06805,0.11162,0.00766,0.99139,0.03678,0.15902,0.00243,0.98659,1.00,-0.06893,0.08501,0.00590,0.99398,0.03555,0.13291,-0.00207,0.99049,1.00
19182,0.00,15.00,0.10276,0.04822,-0.02020,0.99333,-0.06819,0.11137,0.00766,0.99141,0.03676,0.15902,0.00232,0.98659,1.00,-0.06906,0.08476,0.00589,0.99399,0.03554,0.13291,-0.00218,0.99049,1.00
19196,0.00,15.00,0.10290,0.04835,-0.02025,0.99331,-0.06834,0.11124,0.00767,0.99141,0.03676,0.15902,0.00229,0.98659,1.00,-0.06921,0.08463,0.00589,0.99399,0.03553,0.13292,-0.00222,0.99049,1.00
19210,0.00,15.00,0.10308,0.04848,-0.02029,0.99328,-0.06835,0.11037,0.00761,0.99151,0.03692,0.15830,0.00213,0.98670,1.00,-0.06923,0.08375,0.00583,0.99406,0.03569,0.13218,-0.00239,0.99058,1.00
19224,0.00,15.00,0.10318,0.04861,-0.02022,0.99327,-0.06843,0.11025,0.00761,0.99152,0.03694,0.15830,0.00221,0.98670,1.00,-0.06931,0.08362,0.00583,0.99407,0.03570,0.13218,-0.00231,0.99058,1.00
19238,0.00,15.00,0.10339,0.04870,-0.02016,0.99324,-0.06827,0.11197,0.00771,0.99133,0.03732,0.16007,0.00258,0.98640,1.00,-0.06918,0.08537,0.00594,0.99393,0.03606,0.13397,-0.00194,0.99033,1.00
19252,0.00,15.00,0.10359,0.04874,-0.02008,0.99322,-0.06844,0.11193,0.00773,0.99133,0.03734,0.16006,0.00270,0.98640,1.00,-0.06936,0.08532,0.00595,0.99392,0.03607,0.13396,-0.00182,0.99033,1.00
19266,0.00,15.00,0.10377,0.04889,-0.02014,0.99319,-0.06812,0.11072,0.00761,0.99149,0.03783,0.15903,0.00241,0.98655,1.00,-0.06902,0.08410,0.00584,0.99405,0.03658,0.13291,-0.00212,0.99045,1.00
19279,0.00,15.00,0.10387,0.04911,-0.02025,0.99317,-0.06825,0.11050,0.00761,0.99150,0.03782,0.15903,0.00231,0.98655,1.00,-0.06915,0.08387,0.00583,0.99406,0.03657,0.13292,-0.00223,0.99045,1.00
19294,0.00,15.00,0.10379,0.04922,-0.02021,0.99317,-0.06816,0.11040,0.00759,0.99152,0.03782,0.15903,0.00231,0.98655,1.00,-0.06906,0.08377,0.00582,0.99407,0.03657,0.13292,-0.00222,0.99045,1.00
19307,0.00,15.00,0.10365,0.04945,-0.02023,0.99318,-0.06888,0.11148,0.00775,0.99135,0.03698,0.16033,0.00260,0.98637,1.00,-0.06979,0.08486,0.00596,0.99393,0.03571,0.13423,-0.00194,0.99031,1.00
19321,0.00,15.00,0.10355,0.04961,-0.02029,0.99318,-0.06880,0.11131,0.00773,0.99137,0.03697,0.16033,0.00250,0.98637,1.00,-0.06971,0.08470,0.00594,0.99395,0.03570,0.13423,-0.00204,0.99030,1.00
19335,0.00,15.00,0.10352,0.04980,-0.02041,0.99317,-0.06922,0.11043,0.00771,0.99144,0.03652,0.15966,0.00230,0.98649,1.00,-0.07012,0.08380,0.00591,0.99399,0.03526,0.13354,-0.00225,0.99041,1.00
19349,0.00,15.00,0.10369,0.05008,-0.02061,0.99313,-0.06944,0.11014,0.00771,0.99146,0.03650,0.15967,0.00213,0.98649,1.00,-0.07033,0.08351,0.00591,0.99400,0.03524,0.13355,-0.00243,0.99041,1.00
19363,0.00,15.00,0.10380,0.05023,-0.02076,0.99311,-0.06959,0.10998,0.00772,0.99146,0.03647,0.15967,0.00200,0.98649,1.00,-0.07047,0.08335,0.00591,0.99401,0.03522,0.13356,-0.00257,0.99041,1.00
19377,0.00,15.00,0.10386,0.05043,-0.02095,0.99309,-0.06982,0.11126,0.00784,0.99130,0.03634,0.16113,0.00209,0.98626,1.00,-0.07072,0.08464,0.00602,0.99388,0.03507,0.13503,-0.00249,0.99022,1.00
19391,0.00,15.00,0.10379,0.05052,-0.02113,0.99309,-0.06981,0.11116,0.00783,0.99132,0.03631,0.16114,0.00189,0.98626,1.00,-0.07070,0.08454,0.00601,0.99389,0.03504,0.13504,-0.00268,0.99022,1.00
19405,0.00,15.00,0.10381,0.05062,-0.02146,0.99308,-0.06958,0.11048,0.00775,0.99141,0.03658,0.16058,0.00141,0.98634,1.00,-0.07046,0.08384,0.00594,0.99397,0.03532,0.13447,-0.00316,0.99028,1.00
19419,0.00,15.00,0.10372,0.05065,-0.02160,0.99308,-0.06953,0.11044,0.00775,0.99142,0.03655,0.16059,0.00125,0.98634,1.00,-0.07040,0.08381,0.00594,0.99397,0.03529,0.13447,-0.00332,0.99028,1.00
19432,0.00,15.00,0.10378,0.05057,-0.02167,0.99308,-0.06961,0.10954,0.00769,0.99151,0.03653,0.15963,0.00104,0.98650,1.00,-0.07049,0.08289,0.00588,0.99405,0.03526,0.13350,-0.00354,0.99041,1.00
19447,0.00,15.00,0.10398,0.05048,-0.02183,0.99306,-0.06984,0.10963,0.00772,0.99149,0.03652,0.15964,0.00095,0.98650,1.00,-0.07071,0.08297,0.00590,0.99402,0.03524,0.13351,-0.00364,0.99041,1.00
19461,0.00,15.00,0.10419,0.05026,-0.02201,0.99304,-0.07009,0.10984,0.00776,0.99144,0.03650,0.15964,0.00086,0.98650,1.00,-0.07095,0.08319,0.00594,0.99399,0.03523,0.13351,-0.00375,0.99041,1.00
19474,0.00,15.00,0.10417,0.05010,-0.02220,0.99305,-0.07208,0.10930,0.00795,0.99136,0.03452,0.15898,0.00088,0.98668,1.00,-0.07298,0.08263,0.00607,0.99389,0.03320,0.13284,-0.00377,0.99057,1.00
19488,0.00,15.00,0.10416,0.04988,-0.02234,0.99306,-0.07210,0.10952,0.00797,0.99133,0.03450,0.15899,0.00076,0.98668,1.00,-0.07300,0.08284,0.00608,0.99387,0.03319,0.13284,-0.00389,0.99057,1.00
19502,0.00,15.00,0.10426,0.04978,-0.02274,0.99304,-0.07206,0.10863,0.00790,0.99144,0.03468,0.15805,0.00021,0.98682,1.00,-0.07294,0.08195,0.00601,0.99395,0.03336,0.13189,-0.00446,0.99069,1.00
19516,0.00,15.00,0.10443,0.04959,-0.02280,0.99303,-0.07223,0.10882,0.00793,0.99140,0.03468,0.15805,0.00022,0.98682,1.00,-0.07311,0.08214,0.00604,0.99392,0.03336,0.13189,-0.00446,0.99069,1.00
19530,0.00,15.00,0.10456,0.04949,-0.02279,0.99302,-0.07236,0.10892,0.00795,0.99138,0.03469,0.15804,0.00027,0.98682,1.00,-0.07324,0.08224,0.00606,0.99390,0.03337,0.13189,-0.00441,0.99069,1.00
19543,0.00,15.00,0.10456,0.04947,-0.02275,0.99303,-0.07289,0.10951,0.00805,0.99128,0.03416,0.15860,0.00050,0.98675,1.00,-0.07382,0.08283,0.00615,0.99381,0.03280,0.13245,-0.00418,0.99064,1.00
19558,0.00,15.00,0.10458,0.04941,-0.02280,0.99303,-0.07292,0.10956,0.00806,0.99127,0.03415,0.15860,0.00046,0.98675,1.00,-0.07384,0.08289,0.00616,0.99380,0.03279,0.13246,-0.00423,0.99064,1.00
19572,0.00,15.00,0.10459,0.04941,-0.02285,0.99302,-0.07132,0.11066,0.00796,0.99126,0.03578,0.15966,0.00035,0.98652,1.00,-0.07224,0.08401,0.00611,0.99382,0.03442,0.13354,-0.00429,0.99044,1.00
19586,0.00,15.00,0.10468,0.04937,-0.02286,0.99302,-0.07141,0.11070,0.00798,0.99125,0.03578,0.15966,0.00037,0.98652,1.00,-0.07234,0.08405,0.00612,0.99381,0.03442,0.13354,-0.00427,0.99044,1.00
19600,0.00,15.00,0.10485,0.04929,-0.02284,0.99300,-0.07241,0.11063,0.00808,0.99119,0.03495,0.15952,0.00055,0.98658,1.00,-0.07336,0.08397,0.00620,0.99375,0.03357,0.13339,-0.00412,0.99049,1.00
19613,0.00,15.00,0.10505,0.04909,-0.02282,0.99299,-0.07259,0.11083,0.00812,0.99115,0.03497,0.15951,0.00065,0.98658,1.00,-0.07355,0.08418,0.00623,0.99371,0.03358,0.13339,-0.00403,0.99049,1.00
19628,0.00,15.00,0.10516,0.04884,-0.02280,0.99299,-0.07269,0.11108,0.00815,0.99112,0.03498,0.15951,0.00073,0.98658,1.00,-0.07365,0.08442,0.00626,0.99368,0.03359,0.13338,-0.00396,0.99049,1.00
19642,0.00,15.00,0.10526,0.04859,-0.02277,0.99300,-0.07254,0.11062,0.00810,0.99118,0.03522,0.15881,0.00063,0.98668,1.00,-0.07349,0.08396,0.00621,0.99374,0.03384,0.13268,-0.00406,0.99057,1.00
19655,0.00,15.00,0.10536,0.04836,-0.02277,0.99300,-0.07262,0.11086,0.00812,0.99115,0.03523,0.15881,0.00069,0.98668,1.00,-0.07358,0.08419,0.00623,0.99371,0.03385,0.13267,-0.00401,0.99057,1.00
19670,0.00,15.00,0.10510,0.04816,-0.02266,0.99304,-0.07224,0.11066,0.00806,0.99120,0.03533,0.15841,0.00066,0.98674,1.00,-0.07320,0.08400,0.00619,0.99375,0.03396,0.13228,-0.00402,0.99062,1.00
19683,0.00,15.00,0.10494,0.04802,-0.02263,0.99306,-0.07207,0.11080,0.00806,0.99119,0.03533,0.15841,0.00066,0.98674,1.00,-0.07303,0.08414,0.00618,0.99376,0.03396,0.13228,-0.00401,0.99062,1.00
19697,0.00,15.00,0.10469,0.04797,-0.02288,0.99308,-0.07190,0.11084,0.00804,0.99120,0.03529,0.15842,0.00036,0.98674,1.00,-0.07285,0.08418,0.00617,0.99377,0.03392,0.13229,-0.00430,0.99062,1.00
19711,0.00,15.00,0.10453,0.04790,-0.02285,0.99310,-0.07169,0.11140,0.00806,0.99115,0.03534,0.15890,0.00043,0.98666,1.00,-0.07264,0.08475,0.00620,0.99373,0.03397,0.13278,-0.00422,0.99055,1.00
19725,0.00,15.00,0.10436,0.04776,-0.02280,0.99313,-0.07151,0.11154,0.00805,0.99115,0.03534,0.15890,0.00045,0.98666,1.00,-0.07245,0.08490,0.00619,0.99373,0.03398,0.13278,-0.00419,0.99055,1.00
19739,0.00,15.00,0.10432,0.04775,-0.02279,0.99314,-0.07233,0.11121,0.00812,0.99113,0.03449,0.15857,0.00053,0.98674,1.00,-0.07329,0.08456,0.00624,0.99370,0.03311,0.13245,-0.00413,0.99063,1.00
19752,0.00,15.00,0.10424,0.04770,-0.02276,0.99315,-0.07224,0.11126,0.00811,0.99113,0.03449,0.15857,0.00054,0.98674,1.00,-0.07320,0.08461,0.00623,0.99370,0.03311,0.13245,-0.00411,0.99063,1.00
19766,0.00,15.00,0.10421,0.04771,-0.02280,0.99315,-0.07123,0.11199,0.00805,0.99112,0.03548,0.15930,0.00047,0.98659,1.00,-0.07218,0.08536,0.00620,0.99371,0.03411,0.13319,-0.00416,0.99050,1.00
19780,0.00,15.00,0.10413,0.04773,-0.02278,0.99316,-0.07115,0.11198,0.00804,0.99113,0.03548,0.15930,0.00046,0.98659,1.00,-0.07210,0.08535,0.00619,0.99372,0.03411,0.13319,-0.00416,0.99050,1.00
19795,0.00,15.00,0.10404,0.04769,-0.02274,0.99317,-0.07106,0.11202,0.00803,0.99113,0.03548,0.15930,0.00048,0.98659,1.00,-0.07201,0.08539,0.00619,0.99372,0.03411,0.13319,-0.00414,0.99050,1.00
19809,0.00,15.00,0.10397,0.04771,-0.02262,0.99318,-0.07115,0.11307,0.00812,0.99100,0.03531,0.16035,0.00080,0.98643,1.00,-0.07212,0.08645,0.00628,0.99362,0.03393,0.13425,-0.00381,0.99036,1.00
19822,0.00,15.00,0.10396,0.04771,-0.02262,0.99318,-0.07115,0.11307,0.00812,0.99100,0.03531,0.16035,0.00080,0.98643,1.00,-0.07212,0.08645,0.00627,0.99362,0.03393,0.13425,-0.00381,0.99036,1.00
19836,0.00,15.00,0.10402,0.04766,-0.02258,0.99318,-0.07113,0.11333,0.00813,0.99097,0.03539,0.16055,0.00088,0.98639,1.00,-0.07210,0.08672,0.00629,0.99360,0.03401,0.13445,-0.00373,0.99033,1.00
19850,0.00,15.00,0.10408,0.04752,-0.02262,0.99318,-0.07119,0.11346,0.00815,0.99095,0.03539,0.16055,0.00088,0.98639,1.00,-0.07216,0.08685,0.00631,0.99358,0.03401,0.13446,-0.00374,0.99033,1.00
19864,0.00,15.00,0.10424,0.04745,-0.02261,0.99316,-0.07134,0.11354,0.00817,0.99093,0.03539,0.16054,0.00093,0.98639,1.00,-0.07232,0.08693,0.00633,0.99357,0.03401,0.13445,-0.00369,0.99033,1.00
19878,0.00,15.00,0.10439,0.04731,-0.02264,0.99315,-0.07155,0.11389,0.00822,0.99088,0.03535,0.16074,0.00100,0.98636,1.00,-0.07252,0.08728,0.00637,0.99352,0.03397,0.13466,-0.00363,0.99030,1.00
19893,0.00,15.00,0.10444,0.04733,-0.02268,0.99315,-0.07160,0.11386,0.00823,0.99088,0.03534,0.16074,0.00098,0.98636,1.00,-0.07258,0.08725,0.00637,0.99352,0.03396,0.13466,-0.00366,0.99030,1.00
19906,0.00,15.00,0.10445,0.04732,-0.02263,0.99315,-0.07167,0.11342,0.00820,0.99092,0.03528,0.16030,0.00096,0.98644,1.00,-0.07265,0.08681,0.00635,0.99355,0.03389,0.13421,-0.00368,0.99037,1.00
19920,0.00,15.00,0.10449,0.04749,-0.02265,0.99313,-0.07171,0.11325,0.00820,0.99094,0.03527,0.16030,0.00094,0.98644,1.00,-0.07269,0.08664,0.00634,0.99356,0.03389,0.13421,-0.00370,0.99037,1.00
19934,0.00,15.00,0.10451,0.04764,-0.02272,0.99312,-0.07164,0.11137,0.00805,0.99116,0.03535,0.15861,0.00052,0.98671,1.00,-0.07259,0.08473,0.00619,0.99374,0.03398,0.13249,-0.00412,0.99059,1.00
19947,0.00,15.00,0.10446,0.04782,-0.02272,0.99312,-0.07160,0.11119,0.00803,0.99118,0.03534,0.15861,0.00050,0.98671,1.00,-0.07254,0.08455,0.00617,0.99376,0.03398,0.13249,-0.00414,0.99059,1.00
19962,0.00,15.00,0.10429,0.04812,-0.02282,0.99312,-0.07147,0.11089,0.00800,0.99123,0.03531,0.15862,0.00033,0.98671,1.00,-0.07241,0.08425,0.00614,0.99379,0.03395,0.13250,-0.00431,0.99059,1.00
19976,0.00,15.00,0.10410,0.04831,-0.02284,0.99313,-0.07122,0.11088,0.00797,0.99125,0.03537,0.15880,0.00026,0.98668,1.00,-0.07216,0.08424,0.00612,0.99381,0.03401,0.13268,-0.00437,0.99057,1.00
19989,0.00,15.00,0.10404,0.04853,-0.02284,0.99313,-0.07117,0.11066,0.00794,0.99128,0.03537,0.15880,0.00022,0.98668,1.00,-0.07210,0.08402,0.00610,0.99383,0.03401,0.13268,-0.00440,0.99057,1.00
20003,0.00,15.00,0.10410,0.04868,-0.02300,0.99311,-0.07157,0.11088,0.00801,0.99122,0.03505,0.15918,0.00018,0.98663,1.00,-0.07250,0.08425,0.00615,0.99378,0.03369,0.13307,-0.00446,0.99052,1.00
20017,0.00,15.00,0.10427,0.04883,-0.02315,0.99308,-0.07177,0.11072,0.00802,0.99122,0.03503,0.15919,0.00007,0.98663,1.00,-0.07270,0.08408,0.00615,0.99378,0.03367,0.13307,-0.00458,0.99052,1.00
20031,0.00,15.00,0.10423,0.04894,-0.02301,0.99308,-0.07348,0.11053,0.00819,0.99112,0.03328,0.15911,0.00045,0.98670,1.00,-0.07444,0.08387,0.00628,0.99367,0.03188,0.13298,-0.00424,0.99060,1.00
20045,0.00,15.00,0.10422,0.04900,-0.02288,0.99308,-0.07344,0.11048,0.00819,0.99113,0.03330,0.15910,0.00057,0.98670,1.00,-0.07441,0.08382,0.00628,0.99368,0.03190,0.13298,-0.00412,0.99060,1.00
20059,0.00,0.00,0.10415,0.04910,-0.02284,0.99309,-0.07336,0.11038,0.00817,0.99115,0.03330,0.15910,0.00057,0.98670,1.00,-0.07433,0.08372,0.00626,0.99369,0.03190,0.13298,-0.00411,0.99060,1.00
20073,0.00,0.00,0.10404,0.04916,-0.02282,0.99310,-0.07322,0.11066,0.00817,0.99112,0.03333,0.15943,0.00062,0.98665,1.00,-0.07419,0.08400,0.00627,0.99368,0.03193,0.13331,-0.00406,0.99055,1.00
20087,0.00,0.00,0.10389,0.04911,-0.02271,0.99312,-0.07304,0.11070,0.00816,0.99113,0.03334,0.15943,0.00068,0.98665,1.00,-0.07402,0.08405,0.00626,0.99369,0.03194,0.13331,-0.00399,0.99055,1.00
20100,0.00,0.00,0.10385,0.04907,-0.02278,0.99312,-0.07317,0.11096,0.00819,0.99109,0.03319,0.15965,0.00067,0.98662,1.00,-0.07414,0.08431,0.00629,0.99366,0.03179,0.13352,-0.00400,0.99053,1.00
20114,0.00,0.00,0.10393,0.04902,-0.02284,0.99311,-0.07326,0.11101,0.00821,0.99108,0.03319,0.15965,0.00064,0.98662,1.00,-0.07423,0.08436,0.00630,0.99365,0.03179,0.13353,-0.00403,0.99053,1.00
20129,0.00,0.00,0.10406,0.04893,-0.02279,0.99311,-0.07337,0.11110,0.00822,0.99106,0.03320,0.15965,0.00073,0.98662,1.00,-0.07434,0.08445,0.00632,0.99363,0.03180,0.13352,-0.00394,0.99053,1.00
20142,0.00,0.00,0.10418,0.04883,-0.02260,0.99310,-0.07390,0.11126,0.00830,0.99101,0.03277,0.15969,0.00104,0.98662,1.00,-0.07489,0.08460,0.00638,0.99358,0.03136,0.13356,-0.00365,0.99054,1.00
20156,0.00,0.00,0.10429,0.04880,-0.02253,0.99309,-0.07398,0.11129,0.00831,0.99100,0.03279,0.15968,0.00114,0.98662,1.00,-0.07498,0.08463,0.00639,0.99357,0.03137,0.13356,-0.00355,0.99054,1.00
20170,0.00,0.00,0.10441,0.04883,-0.02241,0.99308,-0.07266,0.11068,0.00811,0.99116,0.03421,0.15910,0.00095,0.98667,1.00,-0.07364,0.08403,0.00623,0.99372,0.03282,0.13297,-0.00372,0.99057,1.00
20184,0.00,0.00,0.10434,0.04884,-0.02235,0.99309,-0.07258,0.11067,0.00810,0.99117,0.03421,0.15909,0.00098,0.98667,1.00,-0.07356,0.08402,0.00622,0.99373,0.03282,0.13297,-0.00368,0.99057,1.00
20198,0.00,0.00,0.10422,0.04880,-0.02226,0.99311,-0.07244,0.11072,0.00809,0.99118,0.03422,0.15909,0.00105,0.98667,1.00,-0.07342,0.08406,0.00621,0.99373,0.03283,0.13296,-0.00361,0.99057,1.00
20212,0.00,0.00,0.10403,0.04879,-0.02224,0.99313,-0.07184,0.10953,0.00794,0.99135,0.03461,0.15792,0.00073,0.98685,1.00,-0.07279,0.08286,0.00607,0.99388,0.03324,0.13177,-0.00391,0.99071,1.00
20226,0.00,0.00,0.10386,0.04873,-0.02223,0.99315,-0.07167,0.10958,0.00792,0.99136,0.03460,0.15792,0.00070,0.98685,1.00,-0.07262,0.08292,0.00606,0.99389,0.03324,0.13177,-0.00393,0.99071,1.00
20239,0.00,0.00,0.10376,0.04869,-0.02220,0.99316,-0.07084,0.10877,0.00777,0.99151,0.03531,0.15707,0.00044,0.98696,1.00,-0.07176,0.08210,0.00593,0.99402,0.03397,0.13092,-0.00417,0.99080,1.00
20253,0.00,0.00,0.10373,0.04865,-0.02223,0.99317,-0.07082,0.10881,0.00777,0.99151,0.03531,0.15707,0.00041,0.98696,1.00,-0.07174,0.08214,0.00593,0.99402,0.03397,0.13092,-0.00420,0.99080,1.00
20267,0.00,0.00,0.10378,0.04858,-0.02220,0.99317,-0.06945,0.10655,0.00746,0.99185,0.03668,0.15477,-0.00018,0.98727,1.00,-0.07033,0.07986,0.00565,0.99431,0.03538,0.12859,-0.00476,0.99105,1.00
20281,0.00,0.00,0.10374,0.04853,-0.02213,0.99317,-0.06940,0.10660,0.00746,0.99185,0.03670,0.15477,-0.00012,0.98727,1.00,-0.07028,0.07991,0.00565,0.99431,0.03539,0.12859,-0.00469,0.99106,1.00
20296,0.00,0.00,0.10377,0.04853,-0.02220,0.99317,-0.06944,0.10660,0.00746,0.99185,0.03669,0.15477,-0.00018,0.98727,1.00,-0.07032,0.07991,0.00565,0.99430,0.03538,0.12859,-0.00476,0.99105,1.00
20310,0.00,0.00,0.10380,0.04857,-0.02247,0.99316,-0.07216,-0.00082,-0.00006,0.99739,0.03184,0.04925,-0.01905,0.99810,1.00,-0.07201,-0.02810,-0.00203,0.99701,0.03125,0.02235,-0.02383,0.99898,1.00
20323,0.00,0.00,0.10376,0.04858,-0.02256,0.99316,-0.07212,-0.00084,-0.00006,0.99740,0.03184,0.04926,-0.01915,0.99810,1.00,-0.07196,-0.02811,-0.00203,0.99701,0.03125,0.02235,-0.02393,0.99898,1.00
20337,0.00,0.00,0.10371,0.04860,-0.02260,0.99316,-0.06976,-0.00493,-0.00035,0.99755,0.03405,0.04519,-0.02001,0.99820,1.00,-0.06957,-0.03219,-0.00225,0.99706,0.03347,0.01830,-0.02472,0.99897,1.00
20351,0.00,0.00,0.10367,0.04867,-0.02268,0.99316,-0.06972,-0.00501,-0.00035,0.99755,0.03404,0.04520,-0.02010,0.99820,1.00,-0.06953,-0.03226,-0.00225,0.99706,0.03347,0.01830,-0.02481,0.99896,1.00
20365,0.00,0.00,0.10365,0.04877,-0.02270,0.99316,-0.06975,-0.00509,-0.00036,0.99755,0.03399,0.04522,-0.02013,0.99820,1.00,-0.06956,-0.03234,-0.00226,0.99705,0.03342,0.01832,-0.02484,0.99897,1.00
20379,0.00,0.00,0.10355,0.04889,-0.02286,0.99316,-0.06965,-0.00521,-0.00036,0.99756,0.03398,0.04523,-0.02030,0.99819,1.00,-0.06945,-0.03246,-0.00226,0.99705,0.03341,0.01833,-0.02500,0.99896,1.00
20393,0.00,0.00,0.10345,0.04895,-0.02295,0.99316,-0.06956,-0.00527,-0.00037,0.99756,0.03398,0.04523,-0.02040,0.99819,1.00,-0.06936,-0.03252,-0.00226,0.99706,0.03341,0.01833,-0.02510,0.99896,1.00
20407,0.00,0.00,0.10337,0.04902,-0.02299,0.99317,-0.06957,-0.00525,-0.00037,0.99756,0.03389,0.04533,-0.02043,0.99819,1.00,-0.06937,-0.03250,-0.00226,0.99706,0.03331,0.01843,-0.02513,0.99896,1.00
20421,0.00,0.00,0.10334,0.04906,-0.02307,0.99317,-0.06954,-0.00529,-0.00037,0.99757,0.03388,0.04533,-0.02052,0.99819,1.00,-0.06934,-0.03254,-0.00226,0.99706,0.03331,0.01843,-0.02522,0.99896,1.00
20434,0.00,0.00,0.10336,0.04904,-0.02315,0.99316,-0.07105,-0.00511,-0.00036,0.99746,0.03239,0.04552,-0.02049,0.99823,1.00,-0.07086,-0.03237,-0.00230,0.99696,0.03181,0.01862,-0.02523,0.99900,1.00
20448,0.00,0.00,0.10345,0.04901,-0.02322,0.99315,-0.07115,-0.00509,-0.00036,0.99745,0.03239,0.04552,-0.02056,0.99823,1.00,-0.07095,-0.03234,-0.00230,0.99695,0.03181,0.01862,-0.02530,0.99900,1.00
20462,0.00,0.00,0.10357,0.04892,-0.02327,0.99315,-0.07127,-0.00500,-0.00036,0.99744,0.03239,0.04552,-0.02060,0.99823,1.00,-0.07107,-0.03226,-0.00230,0.99695,0.03181,0.01862,-0.02535,0.99900,1.00
20476,0.00,0.00,0.10369,0.04889,-0.02327,0.99313,-0.07145,-0.01674,-0.00120,0.99730,0.03201,0.03392,-0.02264,0.99866,1.00,-0.07114,-0.04396,-0.00314,0.99649,0.03150,0.00703,-0.02739,0.99910,1.00
20490,0.00,0.00,0.10385,0.04885,-0.02334,0.99312,-0.07161,-0.01671,-0.00120,0.99729,0.03200,0.03392,-0.02271,0.99865,1.00,-0.07130,-0.04394,-0.00314,0.99648,0.03150,0.00704,-0.02746,0.99910,1.00
20504,0.00,0.00,0.10395,0.04879,-0.02335,0.99311,-0.07104,-0.01670,-0.00119,0.99733,0.03267,0.03385,-0.02274,0.99863,1.00,-0.07074,-0.04392,-0.00312,0.99652,0.03216,0.00697,-0.02748,0.99908,1.00
20518,0.00,0.00,0.10409,0.04876,-0.02335,0.99310,-0.07118,-0.01667,-0.00119,0.99732,0.03268,0.03385,-0.02274,0.99863,1.00,-0.07088,-0.04389,-0.00312,0.99651,0.03216,0.00697,-0.02749,0.99908,1.00
20532,0.00,0.00,0.10408,0.04867,-0.02336,0.99310,-0.07117,-0.01659,-0.00118,0.99733,0.03268,0.03385,-0.02273,0.99863,1.00,-0.07087,-0.04381,-0.00312,0.99652,0.03216,0.00697,-0.02748,0.99908,1.00
20545,0.00,0.00,0.10398,0.04868,-0.02333,0.99311,-0.07069,-0.01644,-0.00116,0.99736,0.03307,0.03400,-0.02269,0.99862,1.00,-0.07040,-0.04365,-0.00308,0.99656,0.03254,0.00712,-0.02742,0.99907,1.00
20560,0.00,0.00,0.10388,0.04865,-0.02330,0.99313,-0.07059,-0.01640,-0.00116,0.99737,0.03307,0.03400,-0.02266,0.99862,1.00,-0.07030,-0.04361,-0.00308,0.99657,0.03254,0.00712,-0.02739,0.99907,1.00
20573,0.00,0.00,0.10383,0.04867,-0.02327,0.99313,-0.07042,-0.01550,-0.00109,0.99740,0.03321,0.03490,-0.02248,0.99859,1.00,-0.07014,-0.04272,-0.00301,0.99662,0.03267,0.00802,-0.02720,0.99906,1.00
20587,0.00,0.00,0.10387,0.04867,-0.02323,0.99313,-0.07046,-0.01551,-0.00110,0.99739,0.03321,0.03490,-0.02244,0.99859,1.00,-0.07018,-0.04273,-0.00301,0.99661,0.03267,0.00802,-0.02716,0.99906,1.00
20602,0.00,0.00,0.10388,0.04866,-0.02323,0.99313,-0.07022,-0.01555,-0.00110,0.99741,0.03345,0.03484,-0.02246,0.99858,1.00,-0.06995,-0.04277,-0.00300,0.99663,0.03292,0.00796,-0.02717,0.99906,1.00
20616,0.00,0.00,0.10398,0.04863,-0.02328,0.99312,-0.07033,-0.01553,-0.00109,0.99740,0.03345,0.03484,-0.02250,0.99858,1.00,-0.07005,-0.04275,-0.00300,0.99662,0.03292,0.00796,-0.02723,0.99906,1.00
20630,0.00,0.00,0.10408,0.04857,-0.02320,0.99311,-0.07042,-0.01547,-0.00109,0.99740,0.03346,0.03483,-0.02242,0.99858,1.00,-0.07015,-0.04269,-0.00300,0.99662,0.03292,0.00796,-0.02715,0.99906,1.00
20644,0.00,0.00,0.10414,0.04854,-0.02308,0.99311,-0.07085,-0.01496,-0.00106,0.99737,0.03310,0.03530,-0.02219,0.99858,1.00,-0.07059,-0.04219,-0.00299,0.99661,0.03256,0.00842,-0.02693,0.99907,1.00
20660,0.00,0.00,0.10425,0.04847,-0.02297,0.99310,-0.07096,-0.01488,-0.00106,0.99737,0.03311,0.03530,-0.02208,0.99858,1.00,-0.07070,-0.04211,-0.00299,0.99660,0.03257,0.00842,-0.02683,0.99907,1.00
20671,0.00,0.00,0.10429,0.04840,-0.02293,0.99310,-0.07049,-0.01471,-0.00104,0.99740,0.03363,0.03540,-0.02202,0.99856,1.00,-0.07024,-0.04193,-0.00295,0.99664,0.03309,0.00852,-0.02676,0.99906,1.00
20685,0.00,0.00,0.10425,0.04836,-0.02283,0.99311,-0.07045,-0.01466,-0.00104,0.99741,0.03363,0.03539,-0.02192,0.99857,1.00,-0.07020,-0.04189,-0.00295,0.99665,0.03309,0.00851,-0.02666,0.99906,1.00
20699,0.00,0.00,0.10425,0.04844,-0.02296,0.99311,-0.07019,-0.01462,-0.00103,0.99743,0.03389,0.03551,-0.02204,0.99855,1.00,-0.06993,-0.04184,-0.00294,0.99667,0.03336,0.00863,-0.02677,0.99905,1.00
20713,0.00,0.00,0.10429,0.04843,-0.02315,0.99310,-0.07023,-0.01462,-0.00103,0.99742,0.03389,0.03552,-0.02224,0.99855,1.00,-0.06996,-0.04184,-0.00294,0.99667,0.03336,0.00864,-0.02697,0.99904,1.00
20728,0.00,0.00,0.10432,0.04841,-0.02309,0.99310,-0.07027,-0.01460,-0.00103,0.99742,0.03389,0.03552,-0.02217,0.99855,1.00,-0.06999,-0.04182,-0.00294,0.99667,0.03336,0.00864,-0.02690,0.99904,1.00
20741,0.00,0.00,0.10445,0.04842,-0.02287,0.99309,-0.07032,-0.01517,-0.00107,0.99741,0.03395,0.03496,-0.02205,0.99857,1.00,-0.07006,-0.04239,-0.00298,0.99664,0.03342,0.00808,-0.02679,0.99905,1.00
20755,0.00,0.00,0.10462,0.04846,-0.02275,0.99307,-0.07049,-0.01520,-0.00107,0.99740,0.03395,0.03495,-0.02193,0.99857,1.00,-0.07023,-0.04242,-0.00299,0.99662,0.03342,0.00808,-0.02667,0.99905,1.00
20769,0.00,0.00,0.10488,0.04851,-0.02270,0.99304,-0.07411,-0.01846,-0.00137,0.99708,0.03049,0.03186,-0.02234,0.99878,1.00,-0.07380,-0.04569,-0.00338,0.99622,0.02999,0.00499,-0.02719,0.99917,1.00
20783,0.00,0.00,0.10509,0.04853,-0.02268,0.99302,-0.07432,-0.01849,-0.00138,0.99706,0.03050,0.03186,-0.02231,0.99878,1.00,-0.07401,-0.04572,-0.00340,0.99620,0.02999,0.00499,-0.02718,0.99917,1.00
20797,0.00,0.00,0.10528,0.04852,-0.02262,0.99300,-0.07451,-0.01848,-0.00138,0.99705,0.03050,0.03186,-0.02225,0.99878,1.00,-0.07421,-0.04571,-0.00341,0.99619,0.02999,0.00498,-0.02713,0.99917,1.00
20811,0.00,0.00,0.10533,0.04851,-0.02246,0.99300,-0.07454,-0.02058,-0.00154,0.99700,0.03046,0.02976,-0.02247,0.99884,1.00,-0.07422,-0.04781,-0.00356,0.99609,0.02997,0.00289,-0.02735,0.99917,1.00
20825,0.00,0.00,0.10525,0.04835,-0.02231,0.99302,-0.07447,-0.02042,-0.00152,0.99701,0.03046,0.02976,-0.02231,0.99884,1.00,-0.07415,-0.04764,-0.00355,0.99610,0.02997,0.00288,-0.02717,0.99918,1.00
20838,0.00,0.00,0.10526,0.04829,-0.02220,0.99302,-0.07409,-0.02258,-0.00168,0.99699,0.03078,0.02755,-0.02260,0.99889,1.00,-0.07376,-0.04979,-0.00369,0.99603,0.03032,0.00068,-0.02745,0.99916,1.00
20853,0.00,0.00,0.10521,0.04819,-0.02208,0.99304,-0.07405,-0.02246,-0.00167,0.99700,0.03079,0.02754,-0.02246,0.99889,1.00,-0.07372,-0.04968,-0.00368,0.99603,0.03032,0.00068,-0.02732,0.99917,1.00
20866,0.00,0.00,0.10516,0.04811,-0.02203,0.99305,-0.07474,-0.02253,-0.00169,0.99695,0.03004,0.02741,-0.02241,0.99892,1.00,-0.07439,-0.04974,-0.00372,0.99598,0.02959,0.00055,-0.02728,0.99919,1.00
20880,0.00,0.00,0.10503,0.04806,-0.02190,0.99307,-0.07461,-0.02247,-0.00168,0.99696,0.03005,0.02741,-0.02228,0.99892,1.00,-0.07427,-0.04968,-0.00370,0.99599,0.02959,0.00054,-0.02714,0.99919,1.00
20895,0.00,0.00,0.10490,0.04802,-0.02181,0.99308,-0.07448,-0.02242,-0.00168,0.99697,0.03005,0.02741,-0.02218,0.99893,1.00,-0.07415,-0.04964,-0.00370,0.99600,0.02959,0.00054,-0.02703,0.99920,1.00
20908,0.00,0.00,0.10483,0.04807,-0.02200,0.99308,-0.07338,-0.02265,-0.00167,0.99705,0.03106,0.02722,-0.02243,0.99889,1.00,-0.07303,-0.04986,-0.00366,0.99608,0.03062,0.00036,-0.02726,0.99916,1.00
20922,0.00,0.00,0.10482,0.04810,-0.02203,0.99308,-0.07337,-0.02269,-0.00167,0.99705,0.03106,0.02722,-0.02247,0.99889,1.00,-0.07302,-0.04989,-0.00366,0.99608,0.03062,0.00036,-0.02729,0.99916,1.00
20936,0.00,0.00,0.10474,0.04809,-0.02201,0.99309,-0.07346,-0.02203,-0.00162,0.99705,0.03092,0.02786,-0.02233,0.99888,1.00,-0.07310,-0.04924,-0.00361,0.99610,0.03047,0.00099,-0.02715,0.99917,1.00
20949,0.00,0.00,0.10470,0.04810,-0.02196,0.99310,-0.07342,-0.02204,-0.00162,0.99706,0.03092,0.02786,-0.02228,0.99889,1.00,-0.07307,-0.04925,-0.00361,0.99610,0.03047,0.00099,-0.02711,0.99917,1.00
20964,0.00,0.00,0.10457,0.04813,-0.02196,0.99311,-0.07329,-0.02207,-0.00162,0.99707,0.03092,0.02786,-0.02229,0.99889,1.00,-0.07294,-0.04927,-0.00361,0.99611,0.03047,0.00099,-0.02710,0.99917,1.00
20978,0.00,0.00,0.10445,0.04812,-0.02190,0.99312,-0.07133,-0.02204,-0.00158,0.99721,0.03276,0.02782,-0.02227,0.99883,1.00,-0.07099,-0.04924,-0.00351,0.99625,0.03230,0.00096,-0.02703,0.99911,1.00
20991,0.00,0.00,0.10433,0.04814,-0.02187,0.99314,-0.07122,-0.02206,-0.00158,0.99722,0.03276,0.02782,-0.02225,0.99883,1.00,-0.07088,-0.04926,-0.00350,0.99626,0.03230,0.00096,-0.02700,0.99911,1.00
21005,0.00,0.00,0.10422,0.04811,-0.02183,0.99315,-0.07130,-0.02203,-0.00157,0.99721,0.03256,0.02782,-0.02220,0.99884,1.00,-0.07096,-0.04922,-0.00351,0.99626,0.03211,0.00095,-0.02695,0.99912,1.00
21019,0.00,0.00,0.10419,0.04808,-0.02177,0.99316,-0.07127,-0.02200,-0.00157,0.99721,0.03257,0.02782,-0.02213,0.99884,1.00,-0.07094,-0.04919,-0.00350,0.99626,0.03211,0.00095,-0.02688,0.99912,1.00
21033,0.00,0.00,0.10408,0.04803,-0.02168,0.99317,-0.07149,-0.02211,-0.00158,0.99719,0.03223,0.02766,-0.02206,0.99885,1.00,-0.07116,-0.04931,-0.00352,0.99624,0.03178,0.00079,-0.02681,0.99914,1.00
21047,0.00,0.00,0.10400,0.04795,-0.02161,0.99319,-0.07141,-0.02202,-0.00158,0.99720,0.03223,0.02765,-0.02198,0.99886,1.00,-0.07108,-0.04922,-0.00351,0.99625,0.03178,0.00079,-0.02673,0.99914,1.00
21062,0.00,0.00,0.10397,0.04781,-0.02155,0.99320,-0.07138,-0.02187,-0.00157,0.99721,0.03223,0.02765,-0.02190,0.99886,1.00,-0.07106,-0.04907,-0.00350,0.99626,0.03178,0.00079,-0.02665,0.99914,1.00
21075,0.00,0.00,0.10397,0.04771,-0.02154,0.99320,-0.07257,-0.02207,-0.00161,0.99712,0.03105,0.02739,-0.02190,0.99890,1.00,-0.07223,-0.04927,-0.00357,0.99616,0.03061,0.00052,-0.02668,0.99918,1.00
21089,0.00,0.00,0.10393,0.04762,-0.02145,0.99321,-0.07253,-0.02197,-0.00160,0.99712,0.03105,0.02739,-0.02180,0.99890,1.00,-0.07219,-0.04917,-0.00356,0.99617,0.03061,0.00052,-0.02658,0.99918,1.00
21103,0.00,0.00,0.10387,0.04759,-0.02143,0.99322,-0.07223,-0.02212,-0.00160,0.99714,0.03128,0.02720,-0.02182,0.99890,1.00,-0.07189,-0.04932,-0.00356,0.99619,0.03085,0.00034,-0.02658,0.99917,1.00
21117,0.00,0.00,0.10393,0.04757,-0.02137,0.99322,-0.07229,-0.02210,-0.00160,0.99714,0.03129,0.02720,-0.02176,0.99890,1.00,-0.07195,-0.04930,-0.00356,0.99618,0.03085,0.00034,-0.02652,0.99917,1.00
21131,0.00,0.00,0.10388,0.04757,-0.02126,0.99322,-0.07224,-0.02209,-0.00160,0.99714,0.03129,0.02720,-0.02165,0.99891,1.00,-0.07191,-0.04929,-0.00356,0.99619,0.03085,0.00033,-0.02641,0.99918,1.00
21144,0.00,0.00,0.10385,0.04762,-0.02123,0.99322,-0.07230,-0.02242,-0.00163,0.99713,0.03119,0.02692,-0.02167,0.99892,1.00,-0.07196,-0.04962,-0.00358,0.99617,0.03076,0.00006,-0.02644,0.99918,1.00
21158,0.00,0.00,0.10383,0.04763,-0.02118,0.99323,-0.07227,-0.02243,-0.00163,0.99713,0.03119,0.02692,-0.02162,0.99892,1.00,-0.07194,-0.04963,-0.00358,0.99617,0.03076,0.00005,-0.02638,0.99918,1.00
21172,0.00,0.00,0.10382,0.04762,-0.02114,0.99323,-0.07233,-0.02161,-0.00157,0.99715,0.03115,0.02771,-0.02143,0.99890,1.00,-0.07200,-0.04881,-0.00353,0.99620,0.03071,0.00084,-0.02620,0.99918,1.00
21186,0.00,0.00,0.10378,0.04759,-0.02103,0.99324,-0.07229,-0.02158,-0.00156,0.99715,0.03115,0.02771,-0.02133,0.99890,1.00,-0.07197,-0.04878,-0.00352,0.99621,0.03071,0.00084,-0.02609,0.99919,1.00
21200,0.00,0.00,0.10373,0.04747,-0.02099,0.99325,-0.07070,-0.02153,-0.00153,0.99726,0.03270,0.02761,-0.02132,0.99886,1.00,-0.07038,-0.04872,-0.00344,0.99632,0.03226,0.00074,-0.02604,0.99914,1.00
21214,0.00,0.00,0.10374,0.04739,-0.02100,0.99325,-0.07072,-0.02144,-0.00152,0.99726,0.03270,0.02761,-0.02133,0.99886,1.00,-0.07039,-0.04864,-0.00344,0.99633,0.03226,0.00074,-0.02605,0.99914,1.00
21229,0.00,0.00,0.10374,0.04727,-0.02097,0.99326,-0.07071,-0.02132,-0.00151,0.99727,0.03270,0.02760,-0.02128,0.99886,1.00,-0.07039,-0.04852,-0.00343,0.99633,0.03226,0.00074,-0.02600,0.99914,1.00
21242,0.00,0.00,0.10378,0.04710,-0.02087,0.99327,-0.07299,-0.02119,-0.00155,0.99711,0.03046,0.02761,-0.02111,0.99893,1.00,-0.07266,-0.04840,-0.00353,0.99618,0.03004,0.00074,-0.02590,0.99921,1.00
21256,0.00,0.00,0.10384,0.04699,-0.02078,0.99327,-0.07305,-0.02106,-0.00154,0.99710,0.03047,0.02761,-0.02101,0.99893,1.00,-0.07273,-0.04828,-0.00352,0.99618,0.03004,0.00073,-0.02579,0.99922,1.00
21270,0.00,0.00,0.10376,0.04679,-0.02076,0.99328,-0.07175,-0.01927,-0.00139,0.99724,0.03174,0.02915,-0.02072,0.99886,1.00,-0.07144,-0.04648,-0.00333,0.99636,0.03130,0.00228,-0.02548,0.99918,1.00
21284,0.00,0.00,0.10368,0.04670,-0.02076,0.99330,-0.07167,-0.01918,-0.00138,0.99724,0.03174,0.02915,-0.02071,0.99886,1.00,-0.07136,-0.04639,-0.00332,0.99637,0.03130,0.00228,-0.02546,0.99918,1.00
21298,0.00,0.00,0.10358,0.04660,-0.02085,0.99331,-0.07203,-0.01938,-0.00140,0.99721,0.03128,0.02887,-0.02084,0.99888,1.00,-0.07170,-0.04659,-0.00335,0.99633,0.03085,0.00199,-0.02559,0.99919,1.00
21312,0.00,0.00,0.10359,0.04654,-0.02108,0.99331,-0.07204,-0.01933,-0.00140,0.99721,0.03127,0.02887,-0.02106,0.99887,1.00,-0.07171,-0.04654,-0.00335,0.99633,0.03085,0.00200,-0.02582,0.99919,1.00
21326,0.00,0.00,0.10365,0.04648,-0.02112,0.99330,-0.07210,-0.01928,-0.00139,0.99721,0.03127,0.02887,-0.02109,0.99887,1.00,-0.07176,-0.04649,-0.00335,0.99633,0.03085,0.00200,-0.02585,0.99919,1.00
21340,0.00,0.00,0.10374,0.04646,-0.02100,0.99330,-0.07192,-0.01933,-0.00139,0.99722,0.03154,0.02879,-0.02099,0.99887,1.00,-0.07160,-0.04654,-0.00334,0.99634,0.03111,0.00191,-0.02574,0.99918,1.00
21353,0.00,0.00,0.10393,0.04653,-0.02088,0.99328,-0.07210,-0.01939,-0.00140,0.99721,0.03155,0.02879,-0.02088,0.99887,1.00,-0.07179,-0.04661,-0.00336,0.99632,0.03111,0.00191,-0.02565,0.99919,1.00
21368,0.00,0.00,0.10414,0.04662,-0.02078,0.99325,-0.07261,-0.02051,-0.00149,0.99715,0.03123,0.02778,-0.02095,0.99891,1.00,-0.07229,-0.04773,-0.00346,0.99624,0.03080,0.00090,-0.02574,0.99919,1.00
21381,0.00,0.00,0.10434,0.04668,-0.02082,0.99323,-0.07280,-0.02059,-0.00150,0.99713,0.03123,0.02778,-0.02100,0.99891,1.00,-0.07248,-0.04780,-0.00348,0.99622,0.03080,0.00090,-0.02580,0.99919,1.00
21396,0.00,0.00,0.10445,0.04664,-0.02080,0.99322,-0.07292,-0.02054,-0.00150,0.99713,0.03123,0.02778,-0.02098,0.99891,1.00,-0.07259,-0.04776,-0.00348,0.99621,0.03080,0.00090,-0.02578,0.99919,1.00
21409,0.00,0.00,0.10456,0.04653,-0.02076,0.99321,-0.07359,-0.01954,-0.00144,0.99710,0.03070,0.02866,-0.02075,0.99890,1.00,-0.07327,-0.04676,-0.00344,0.99621,0.03027,0.00179,-0.02558,0.99921,1.00
21423,0.00,0.00,0.10462,0.04640,-0.02075,0.99321,-0.07365,-0.01941,-0.00143,0.99709,0.03070,0.02866,-0.02073,0.99890,1.00,-0.07333,-0.04663,-0.00343,0.99621,0.03027,0.00179,-0.02556,0.99921,1.00
21437,0.00,0.00,0.10464,0.04620,-0.02077,0.99322,-0.07359,-0.01865,-0.00138,0.99711,0.03080,0.02921,-0.02063,0.99889,1.00,-0.07327,-0.04588,-0.00337,0.99625,0.03036,0.00233,-0.02546,0.99921,1.00
21451,0.00,0.00,0.10464,0.04602,-0.02081,0.99323,-0.07359,-0.01847,-0.00136,0.99712,0.03080,0.02921,-0.02065,0.99889,1.00,-0.07327,-0.04570,-0.00336,0.99626,0.03036,0.00233,-0.02548,0.99921,1.00
21465,0.00,0.00,0.10472,0.04592,-0.02089,0.99322,-0.07431,-0.01805,-0.00134,0.99707,0.03016,0.02955,-0.02064,0.99890,1.00,-0.07399,-0.04528,-0.00336,0.99623,0.02973,0.00267,-0.02549,0.99923,1.00
21479,0.00,0.00,0.10467,0.04580,-0.02083,0.99323,-0.07427,-0.01792,-0.00134,0.99708,0.03017,0.02955,-0.02057,0.99890,1.00,-0.07395,-0.04516,-0.00335,0.99623,0.02973,0.00267,-0.02542,0.99923,1.00
21494,0.00,0.00,0.10467,0.04578,-0.02081,0.99323,-0.07427,-0.01790,-0.00133,0.99708,0.03017,0.02955,-0.02055,0.99890,1.00,-0.07395,-0.04514,-0.00335,0.99623,0.02973,0.00267,-0.02540,0.99923,1.00
21507,0.00,0.00,0.10465,0.04580,-0.02098,0.99323,-0.07414,-0.01821,-0.00135,0.99708,0.03027,0.02928,-0.02078,0.99890,1.00,-0.07381,-0.04545,-0.00337,0.99623,0.02984,0.00239,-0.02562,0.99922,1.00
21521,0.00,0.00,0.10470,0.04582,-0.02108,0.99322,-0.07419,-0.01824,-0.00136,0.99708,0.03027,0.02928,-0.02088,0.99889,1.00,-0.07385,-0.04547,-0.00337,0.99623,0.02984,0.00240,-0.02573,0.99922,1.00
21534,0.00,0.00,0.10477,0.04584,-0.02109,0.99322,-0.07272,-0.01767,-0.00129,0.99720,0.03182,0.02984,-0.02083,0.99883,1.00,-0.07240,-0.04489,-0.00326,0.99636,0.03138,0.00296,-0.02564,0.99917,1.00
21548,0.00,0.00,0.10489,0.04584,-0.02114,0.99320,-0.07283,-0.01767,-0.00129,0.99719,0.03182,0.02984,-0.02088,0.99883,1.00,-0.07251,-0.04490,-0.00327,0.99635,0.03138,0.00296,-0.02569,0.99917,1.00
21562,0.00,0.00,0.10502,0.04587,-0.02118,0.99319,-0.07296,-0.01771,-0.00130,0.99718,0.03182,0.02984,-0.02092,0.99883,1.00,-0.07264,-0.04493,-0.00328,0.99634,0.03138,0.00296,-0.02574,0.99917,1.00
21576,0.00,0.00,0.10520,0.04597,-0.02125,0.99316,-0.07304,-0.01785,-0.00131,0.99717,0.03192,0.02980,-0.02101,0.99883,1.00,-0.07272,-0.04508,-0.00329,0.99633,0.03148,0.00293,-0.02584,0.99917,1.00
21590,0.00,0.00,0.10532,0.04603,-0.02130,0.99314,-0.07317,-0.01791,-0.00131,0.99716,0.03192,0.02981,-0.02106,0.99882,1.00,-0.07284,-0.04514,-0.00330,0.99632,0.03148,0.00293,-0.02590,0.99916,1.00
21605,0.00,0.00,0.10554,0.04613,-0.02123,0.99312,-0.07406,-0.01948,-0.00145,0.99706,0.03120,0.02838,-0.02125,0.99888,1.00,-0.07372,-0.04670,-0.00346,0.99618,0.03076,0.00150,-0.02611,0.99918,1.00
21618,0.00,0.00,0.10556,0.04620,-0.02125,0.99311,-0.07408,-0.01955,-0.00145,0.99706,0.03120,0.02838,-0.02127,0.99888,1.00,-0.07374,-0.04678,-0.00346,0.99617,0.03076,0.00150,-0.02614,0.99918,1.00
21632,0.00,0.00,0.10559,0.04628,-0.02123,0.99311,-0.07381,-0.02147,-0.00159,0.99704,0.03145,0.02655,-0.02160,0.99892,1.00,-0.07346,-0.04869,-0.00359,0.99610,0.03103,-0.00031,-0.02645,0.99917,1.00
21645,0.00,0.00,0.10555,0.04641,-0.02119,0.99310,-0.07376,-0.02160,-0.00160,0.99704,0.03145,0.02655,-0.02157,0.99892,1.00,-0.07342,-0.04881,-0.00360,0.99610,0.03103,-0.00031,-0.02642,0.99917,1.00
21660,0.00,0.00,0.10559,0.04647,-0.02119,0.99310,-0.07380,-0.02166,-0.00160,0.99704,0.03145,0.02655,-0.02157,0.99892,1.00,-0.07345,-0.04888,-0.00360,0.99609,0.03103,-0.00031,-0.02643,0.99917,1.00
21674,0.00,0.00,0.10564,0.04655,-0.02120,0.99309,-0.07207,-0.02155,-0.00156,0.99717,0.03324,0.02670,-0.02161,0.99886,1.00,-0.07173,-0.04876,-0.00351,0.99623,0.03281,-0.00016,-0.02642,0.99911,1.00
21687,0.00,0.00,0.10570,0.04658,-0.02127,0.99308,-0.07213,-0.02159,-0.00156,0.99716,0.03324,0.02671,-0.02168,0.99886,1.00,-0.07179,-0.04880,-0.00352,0.99622,0.03281,-0.00016,-0.02650,0.99911,1.00
21701,0.00,0.00,0.10580,0.04662,-0.02127,0.99307,-0.07195,-0.02233,-0.00161,0.99716,0.03350,0.02601,-0.02182,0.99886,1.00,-0.07160,-0.04953,-0.00356,0.99620,0.03308,-0.00085,-0.02663,0.99910,1.00
21716,0.00,0.00,0.10601,0.04667,-0.02130,0.99304,-0.07216,-0.02239,-0.00162,0.99714,0.03350,0.02601,-0.02186,0.99886,1.00,-0.07180,-0.04959,-0.00357,0.99618,0.03308,-0.00085,-0.02668,0.99910,1.00
21730,0.00,0.00,0.10623,0.04672,-0.02133,0.99301,-0.07238,-0.02245,-0.00163,0.99712,0.03350,0.02601,-0.02189,0.99886,1.00,-0.07202,-0.04965,-0.00359,0.99616,0.03308,-0.00084,-0.02672,0.99910,1.00
21744,0.00,0.00,0.10635,0.04685,-0.02125,0.99300,-0.07232,-0.02034,-0.00148,0.99717,0.03373,0.02821,-0.02143,0.99880,1.00,-0.07199,-0.04755,-0.00344,0.99627,0.03329,0.00135,-0.02626,0.99910,1.00
21757,0.00,0.00,0.10650,0.04700,-0.02119,0.99297,-0.07247,-0.02049,-0.00149,0.99716,0.03373,0.02821,-0.02139,0.99880,1.00,-0.07214,-0.04771,-0.00345,0.99625,0.03329,0.00135,-0.02623,0.99910,1.00
21771,0.00,0.00,0.10664,0.04711,-0.02111,0.99296,-0.07576,-0.02126,-0.00162,0.99690,0.03056,0.02763,-0.02135,0.99892,1.00,-0.07541,-0.04849,-0.00367,0.99597,0.03013,0.00076,-0.02629,0.99920,1.00
21785,0.00,0.00,0.10673,0.04722,-0.02104,0.99294,-0.07584,-0.02136,-0.00163,0.99689,0.03056,0.02763,-0.02128,0.99892,1.00,-0.07550,-0.04859,-0.00368,0.99595,0.03013,0.00076,-0.02623,0.99920,1.00
21799,0.00,0.00,0.10681,0.04733,-0.02091,0.99293,-0.07560,-0.02122,-0.00161,0.99691,0.03090,0.02787,-0.02113,0.99891,1.00,-0.07526,-0.04844,-0.00366,0.99598,0.03047,0.00100,-0.02607,0.99920,1.00
21813,0.00,0.00,0.10696,0.04740,-0.02082,0.99291,-0.07575,-0.02129,-0.00162,0.99690,0.03090,0.02786,-0.02105,0.99891,1.00,-0.07541,-0.04852,-0.00367,0.99596,0.03047,0.00100,-0.02600,0.99920,1.00
21828,0.00,0.00,0.10728,0.04744,-0.02079,0.99288,-0.07607,-0.02134,-0.00163,0.99687,0.03090,0.02786,-0.02102,0.99891,1.00,-0.07573,-0.04857,-0.00369,0.99594,0.03047,0.00100,-0.02599,0.99920,1.00
21841,0.00,0.00,0.10745,0.04741,-0.02068,0.99286,-0.07595,-0.02106,-0.00160,0.99689,0.03120,0.02810,-0.02087,0.99890,1.00,-0.07562,-0.04830,-0.00367,0.99596,0.03077,0.00123,-0.02584,0.99919,1.00
21855,0.00,0.00,0.10774,0.04743,-0.02059,0.99283,-0.07624,-0.02108,-0.00161,0.99687,0.03120,0.02809,-0.02078,0.99890,1.00,-0.07591,-0.04831,-0.00368,0.99594,0.03077,0.00123,-0.02576,0.99919,1.00
21868,0.00,0.00,0.10788,0.04739,-0.02057,0.99282,-0.07335,-0.02142,-0.00158,0.99708,0.03422,0.02766,-0.02090,0.99881,1.00,-0.07302,-0.04864,-0.00356,0.99614,0.03380,0.00081,-0.02581,0.99910,1.00
21882,0.00,0.00,0.10781,0.04740,-0.02057,0.99283,-0.07328,-0.02143,-0.00157,0.99708,0.03422,0.02766,-0.02091,0.99881,1.00,-0.07295,-0.04864,-0.00356,0.99614,0.03380,0.00081,-0.02581,0.99910,1.00
21897,0.00,0.00,0.10775,0.04740,-0.02053,0.99284,-0.07322,-0.02143,-0.00157,0.99708,0.03422,0.02766,-0.02087,0.99881,1.00,-0.07289,-0.04864,-0.00356,0.99615,0.03380,0.00081,-0.02577,0.99910,1.00
21911,0.00,0.00,0.10767,0.04750,-0.02063,0.99284,-0.07441,-0.02070,-0.00154,0.99701,0.03297,0.02851,-0.02079,0.99883,1.00,-0.07407,-0.04792,-0.00356,0.99610,0.03255,0.00165,-0.02573,0.99914,1.00
21924,0.00,0.00,0.10783,0.04762,-0.02082,0.99281,-0.07457,-0.02083,-0.00156,0.99700,0.03296,0.02852,-0.02100,0.99883,1.00,-0.07422,-0.04805,-0.00358,0.99608,0.03255,0.00166,-0.02594,0.99913,1.00
21938,0.00,0.00,0.10821,0.04776,-0.02073,0.99276,-0.07485,-0.02139,-0.00161,0.99696,0.03305,0.02810,-0.02100,0.99884,1.00,-0.07450,-0.04862,-0.00364,0.99603,0.03265,0.00124,-0.02596,0.99913,1.00
21952,0.00,0.00,0.10853,0.04787,-0.02055,0.99273,-0.07516,-0.02150,-0.00162,0.99694,0.03306,0.02810,-0.02083,0.99884,1.00,-0.07482,-0.04872,-0.00366,0.99600,0.03265,0.00124,-0.02580,0.99913,1.00
21966,0.00,0.00,0.10890,0.04802,-0.02037,0.99268,-0.07749,-0.02042,-0.00159,0.99678,0.03114,0.02934,-0.02038,0.99888,1.00,-0.07715,-0.04767,-0.00369,0.99587,0.03072,0.00247,-0.02543,0.99920,1.00
21980,0.00,0.00,0.10920,0.04806,-0.02035,0.99265,-0.07779,-0.02048,-0.00160,0.99676,0.03114,0.02934,-0.02037,0.99888,1.00,-0.07745,-0.04772,-0.00371,0.99585,0.03072,0.00247,-0.02544,0.99920,1.00
21995,0.00,0.00,0.10954,0.04807,-0.02023,0.99261,-0.07812,-0.02049,-0.00161,0.99673,0.03114,0.02934,-0.02025,0.99888,1.00,-0.07779,-0.04774,-0.00373,0.99582,0.03072,0.00247,-0.02534,0.99920,1.00
22008,0.00,0.00,0.10988,0.04797,-0.02008,0.99258,-0.07784,-0.02119,-0.00165,0.99674,0.03175,0.02853,-0.02025,0.99888,1.00,-0.07750,-0.04843,-0.00377,0.99581,0.03134,0.00167,-0.02534,0.99919,1.00
22022,0.00,0.00,0.11007,0.04782,-0.01999,0.99257,-0.07804,-0.02103,-0.00165,0.99673,0.03175,0.02853,-0.02014,0.99889,1.00,-0.07770,-0.04828,-0.00377,0.99580,0.03134,0.00167,-0.02524,0.99919,1.00
22036,0.00,0.00,0.11019,0.04764,-0.01990,0.99257,-0.07710,-0.02161,-0.00167,0.99679,0.03280,0.02775,-0.02020,0.99887,1.00,-0.07675,-0.04885,-0.00376,0.99585,0.03240,0.00090,-0.02528,0.99915,1.00
22050,0.00,0.00,0.11025,0.04748,-0.01983,0.99257,-0.07716,-0.02146,-0.00166,0.99679,0.03281,0.02775,-0.02012,0.99887,1.00,-0.07682,-0.04869,-0.00376,0.99585,0.03240,0.00089,-0.02520,0.99916,1.00
22064,0.00,345.00,0.11017,0.04736,-0.01971,0.99259,-0.07709,-0.02133,-0.00165,0.99680,0.03281,0.02774,-0.01998,0.99888,1.00,-0.07675,-0.04856,-0.00374,0.99586,0.03240,0.00089,-0.02506,0.99916,1.00
22078,0.00,345.00,0.11017,0.04727,-0.01966,0.99259,-0.07340,-0.02146,-0.00158,0.99707,0.03650,0.02745,-0.02007,0.99876,1.00,-0.07307,-0.04867,-0.00357,0.99613,0.03609,0.00061,-0.02504,0.99903,1.00
22092,0.00,345.00,0.11007,0.04718,-0.01957,0.99261,-0.07330,-0.02136,-0.00157,0.99708,0.03650,0.02744,-0.01997,0.99876,1.00,-0.07298,-0.04857,-0.00356,0.99614,0.03609,0.00060,-0.02493,0.99904,1.00
22105,0.00,345.00,0.11000,0.04716,-0.01955,0.99262,-0.07616,-0.02165,-0.00165,0.99686,0.03356,0.02719,-0.01992,0.99887,1.00,-0.07581,-0.04888,-0.00372,0.99592,0.03317,0.00034,-0.02496,0.99914,1.00
22119,0.00,345.00,0.10999,0.04719,-0.01977,0.99262,-0.07615,-0.02169,-0.00166,0.99686,0.03355,0.02720,-0.02015,0.99886,1.00,-0.07579,-0.04892,-0.00372,0.99592,0.03317,0.00035,-0.02519,0.99913,1.00
22133,0.00,345.00,0.10992,0.04724,-0.01978,0.99262,-0.07593,-0.02191,-0.00167,0.99687,0.03370,0.02703,-0.02020,0.99886,1.00,-0.07556,-0.04913,-0.00373,0.99592,0.03333,0.00018,-0.02523,0.99913,1.00
22147,0.00,345.00,0.10982,0.04731,-0.01975,0.99263,-0.07582,-0.02198,-0.00167,0.99688,0.03370,0.02703,-0.02018,0.99886,1.00,-0.07545,-0.04920,-0.00373,0.99593,0.03333,0.00018,-0.02521,0.99913,1.00
22162,0.00,345.00,0.10978,0.04741,-0.01975,0.99263,-0.07578,-0.02207,-0.00168,0.99688,0.03370,0.02703,-0.02019,0.99886,1.00,-0.07541,-0.04930,-0.00373,0.99593,0.03333,0.00018,-0.02521,0.99913,1.00
22175,0.00,345.00,0.10979,0.04746,-0.01981,0.99262,-0.07634,-0.02291,-0.00175,0.99682,0.03312,0.02628,-0.02038,0.99890,1.00,-0.07596,-0.05013,-0.00382,0.99584,0.03275,-0.00057,-0.02542,0.99914,1.00
22189,0.00,345.00,0.10977,0.04748,-0.01987,0.99262,-0.07633,-0.02292,-0.00176,0.99682,0.03312,0.02628,-0.02044,0.99890,1.00,-0.07595,-0.05015,-0.00382,0.99584,0.03275,-0.00057,-0.02548,0.99914,1.00
22203,0.00,345.00,0.10982,0.04744,-0.01992,0.99262,-0.07599,-0.02302,-0.00175,0.99684,0.03351,0.02614,-0.02052,0.99889,1.00,-0.07561,-0.05024,-0.00381,0.99586,0.03314,-0.00071,-0.02555,0.99912,1.00
22216,0.00,345.00,0.10989,0.04734,-0.01992,0.99262,-0.07606,-0.02293,-0.00175,0.99684,0.03351,0.02614,-0.02052,0.99889,1.00,-0.07567,-0.05015,-0.00381,0.99586,0.03314,-0.00071,-0.02555,0.99912,1.00
22230,0.00,345.00,0.10993,0.04720,-0.01993,0.99262,-0.07610,-0.02279,-0.00174,0.99684,0.03351,0.02614,-0.02051,0.99889,1.00,-0.07572,-0.05001,-0.00380,0.99587,0.03314,-0.00071,-0.02555,0.99912,1.00
22244,0.00,345.00,0.10996,0.04703,-0.01994,0.99262,-0.07561,-0.02261,-0.00171,0.99688,0.03403,0.02614,-0.02051,0.99887,1.00,-0.07524,-0.04982,-0.00376,0.99591,0.03366,-0.00071,-0.02553,0.99911,1.00
22258,0.00,345.00,0.11000,0.04685,-0.01989,0.99263,-0.07565,-0.02243,-0.00170,0.99688,0.03404,0.02613,-0.02044,0.99887,1.00,-0.07528,-0.04965,-0.00375,0.99592,0.03366,-0.00071,-0.02547,0.99911,1.00
22272,0.00,345.00,0.11002,0.04669,-0.01987,0.99263,-0.07366,-0.02245,-0.00166,0.99703,0.03605,0.02590,-0.02049,0.99880,1.00,-0.07330,-0.04966,-0.00365,0.99607,0.03567,-0.00094,-0.02546,0.99904,1.00
22286,0.00,345.00,0.10996,0.04651,-0.01988,0.99265,-0.07360,-0.02227,-0.00164,0.99704,0.03605,0.02590,-0.02048,0.99880,1.00,-0.07324,-0.04948,-0.00364,0.99608,0.03567,-0.00094,-0.02545,0.99904,1.00
22300,0.00,345.00,0.10988,0.04635,-0.01991,0.99266,-0.06096,-0.11040,-0.00678,0.99199,0.04597,-0.06165,-0.03579,0.99640,1.00,-0.05996,-0.13659,-0.00828,0.98878,0.04602,-0.08765,-0.04014,0.99428,1.00
22314,0.00,345.00,0.10982,0.04629,-0.01995,0.99267,-0.06089,-0.11034,-0.00677,0.99200,0.04597,-0.06165,-0.03581,0.99640,1.00,-0.05989,-0.13653,-0.00827,0.98879,0.04602,-0.08765,-0.04015,0.99428,1.00
22329,0.00,345.00,0.10974,0.04627,-0.01994,0.99268,-0.06082,-0.11031,-0.00676,0.99201,0.04597,-0.06165,-0.03579,0.99640,1.00,-0.05982,-0.13650,-0.00826,0.98880,0.04602,-0.08765,-0.04013,0.99428,1.00
22342,0.00,345.00,0.10964,0.04627,-0.01994,0.99269,-0.05951,-0.16232,-0.00981,0.98489,0.04522,-0.11330,-0.04442,0.99154,1.00,-0.05814,-0.18748,-0.01112,0.98048,0.04553,-0.13837,-0.04845,0.98815,1.00
22356,0.00,345.00,0.10964,0.04627,-0.01989,0.99270,-0.05952,-0.16232,-0.00981,0.98489,0.04521,-0.11330,-0.04437,0.99154,1.00,-0.05816,-0.18748,-0.01112,0.98048,0.04552,-0.13837,-0.04840,0.98815,1.00
22370,0.00,345.00,0.10966,0.04629,-0.01995,0.99269,-0.05819,-0.16301,-0.00963,0.98486,0.04654,-0.11401,-0.04440,0.99140,1.00,-0.05685,-0.18816,-0.01091,0.98043,0.04683,-0.13906,-0.04840,0.98799,1.00
22383,0.00,345.00,0.10968,0.04631,-0.01989,0.99269,-0.05822,-0.16303,-0.00964,0.98485,0.04654,-0.11401,-0.04434,0.99140,1.00,-0.05688,-0.18817,-0.01092,0.98043,0.04682,-0.13907,-0.04834,0.98799,1.00
22398,0.00,345.00,0.10961,0.04624,-0.01986,0.99270,-0.05816,-0.16295,-0.00962,0.98487,0.04653,-0.11402,-0.04429,0.99140,1.00,-0.05683,-0.18810,-0.01090,0.98044,0.04681,-0.13907,-0.04829,0.98800,1.00
22411,0.00,345.00,0.10951,0.04619,-0.01982,0.99271,-0.05960,-0.16271,-0.00985,0.98482,0.04500,-0.11378,-0.04436,0.99150,1.00,-0.05824,-0.18787,-0.01116,0.98040,0.04531,-0.13884,-0.04839,0.98809,1.00
22426,0.00,345.00,0.10946,0.04606,-0.01981,0.99273,-0.05956,-0.16258,-0.00983,0.98485,0.04500,-0.11378,-0.04432,0.99150,1.00,-0.05820,-0.18773,-0.01114,0.98043,0.04530,-0.13884,-0.04835,0.98810,1.00
22440,0.00,345.00,0.10951,0.04600,-0.01989,0.99272,-0.05959,-0.16306,-0.00987,0.98476,0.04498,-0.11432,-0.04450,0.99143,1.00,-0.05822,-0.18821,-0.01118,0.98034,0.04530,-0.13937,-0.04853,0.98801,1.00
22453,0.00,345.00,0.10953,0.04589,-0.01983,0.99273,-0.05963,-0.16296,-0.00987,0.98478,0.04498,-0.11432,-0.04443,0.99143,1.00,-0.05826,-0.18810,-0.01118,0.98036,0.04529,-0.13937,-0.04846,0.98802,1.00
22467,0.00,345.00,0.10954,0.04578,-0.01970,0.99273,-0.05979,-0.16256,-0.00987,0.98484,0.04488,-0.11404,-0.04427,0.99147,1.00,-0.05842,-0.18772,-0.01119,0.98042,0.04519,-0.13910,-0.04831,0.98807,1.00
22481,0.00,345.00,0.10959,0.04571,-0.01961,0.99273,-0.05986,-0.16249,-0.00988,0.98484,0.04487,-0.11404,-0.04419,0.99148,1.00,-0.05850,-0.18765,-0.01120,0.98043,0.04518,-0.13910,-0.04823,0.98807,1.00
22495,0.00,345.00,0.10957,0.04566,-0.01958,0.99274,-0.05985,-0.16244,-0.00987,0.98485,0.04486,-0.11404,-0.04415,0.99148,1.00,-0.05849,-0.18760,-0.01119,0.98044,0.04517,-0.13910,-0.04819,0.98807,1.00
22509,0.00,345.00,0.10941,0.04567,-0.01955,0.99275,-0.05967,-0.15975,-0.00967,0.98530,0.04501,-0.11137,-0.04362,0.99180,1.00,-0.05833,-0.18498,-0.01100,0.98095,0.04531,-0.13649,-0.04767,0.98846,1.00
22523,0.00,345.00,0.10930,0.04570,-0.01963,0.99276,-0.05954,-0.15977,-0.00965,0.98531,0.04501,-0.11137,-0.04367,0.99180,1.00,-0.05820,-0.18500,-0.01098,0.98095,0.04531,-0.13649,-0.04771,0.98845,1.00
22537,0.00,345.00,0.10935,0.04571,-0.01984,0.99275,-0.05980,-0.15993,-0.00971,0.98527,0.04476,-0.11148,-0.04394,0.99179,1.00,-0.05844,-0.18515,-0.01103,0.98091,0.04508,-0.13660,-0.04799,0.98844,1.00
22550,0.00,345.00,0.10945,0.04578,-0.01988,0.99274,-0.05988,-0.16000,-0.00972,0.98525,0.04477,-0.11148,-0.04401,0.99178,1.00,-0.05851,-0.18522,-0.01105,0.98089,0.04509,-0.13660,-0.04806,0.98843,1.00
22565,0.00,345.00,0.10957,0.04584,-0.01983,0.99272,-0.06000,-0.16006,-0.00975,0.98523,0.04477,-0.11148,-0.04401,0.99178,1.00,-0.05863,-0.18529,-0.01107,0.98087,0.04509,-0.13660,-0.04806,0.98843,1.00
22578,0.00,345.00,0.10969,0.04596,-0.01981,0.99270,-0.06018,-0.15997,-0.00977,0.98524,0.04471,-0.11125,-0.04400,0.99181,1.00,-0.05882,-0.18520,-0.01111,0.98088,0.04502,-0.13638,-0.04807,0.98847,1.00
22592,0.00,345.00,0.10978,0.04607,-0.01984,0.99269,-0.06025,-0.16008,-0.00979,0.98521,0.04471,-0.11125,-0.04406,0.99181,1.00,-0.05889,-0.18531,-0.01113,0.98085,0.04503,-0.13638,-0.04813,0.98846,1.00
22606,0.00,345.00,0.10985,0.04615,-0.01990,0.99268,-0.06023,-0.16062,-0.00982,0.98513,0.04478,-0.11170,-0.04422,0.99175,1.00,-0.05886,-0.18584,-0.01115,0.98075,0.04510,-0.13682,-0.04829,0.98839,1.00
22620,0.00,345.00,0.10987,0.04617,-0.01990,0.99267,-0.06024,-0.16064,-0.00982,0.98512,0.04478,-0.11170,-0.04422,0.99175,1.00,-0.05887,-0.18586,-0.01116,0.98075,0.04510,-0.13682,-0.04829,0.98839,1.00
22634,0.00,345.00,0.10987,0.04613,-0.01986,0.99268,-0.06078,-0.15982,-0.00986,0.98522,0.04429,-0.11091,-0.04411,0.99186,1.00,-0.05940,-0.18506,-0.01121,0.98087,0.04461,-0.13604,-0.04820,0.98852,1.00
22648,0.00,345.00,0.10987,0.04604,-0.01987,0.99268,-0.06077,-0.15974,-0.00985,0.98524,0.04429,-0.11091,-0.04411,0.99186,1.00,-0.05940,-0.18497,-0.01120,0.98088,0.04461,-0.13604,-0.04820,0.98852,1.00
22662,0.00,345.00,0.10984,0.04602,-0.01987,0.99268,-0.06075,-0.15971,-0.00985,0.98524,0.04429,-0.11091,-0.04410,0.99186,1.00,-0.05937,-0.18494,-0.01119,0.98089,0.04461,-0.13604,-0.04819,0.98852,1.00
22676,0.00,345.00,0.10988,0.04598,-0.01987,0.99268,-0.06075,-0.16016,-0.00988,0.98517,0.04431,-0.11140,-0.04419,0.99180,1.00,-0.05937,-0.18538,-0.01122,0.98081,0.04464,-0.13651,-0.04827,0.98845,1.00
22689,0.00,345.00,0.10987,0.04598,-0.01985,0.99268,-0.06074,-0.16015,-0.00987,0.98517,0.04431,-0.11140,-0.04416,0.99180,1.00,-0.05936,-0.18538,-0.01122,0.98081,0.04463,-0.13651,-0.04825,0.98846,1.00
22703,0.00,345.00,0.10974,0.04600,-0.01985,0.99270,-0.05972,-0.15809,-0.00958,0.98557,0.04529,-0.10936,-0.04368,0.99201,1.00,-0.05839,-0.18335,-0.01091,0.98125,0.04558,-0.13452,-0.04775,0.98871,1.00
22717,0.00,345.00,0.10959,0.04608,-0.01986,0.99271,-0.05957,-0.15816,-0.00956,0.98557,0.04529,-0.10936,-0.04365,0.99201,1.00,-0.05824,-0.18343,-0.01089,0.98125,0.04558,-0.13452,-0.04771,0.98871,1.00
22731,0.00,345.00,0.10945,0.04621,-0.02010,0.99271,-0.05949,-0.14977,-0.00903,0.98689,0.04553,-0.10089,-0.04244,0.99295,1.00,-0.05821,-0.17522,-0.01038,0.98275,0.04578,-0.12622,-0.04654,0.98985,1.00
22745,0.00,345.00,0.10928,0.04635,-0.02022,0.99272,-0.05929,-0.14990,-0.00901,0.98688,0.04554,-0.10089,-0.04253,0.99295,1.00,-0.05800,-0.17535,-0.01035,0.98274,0.04579,-0.12622,-0.04662,0.98985,1.00
22760,0.00,345.00,0.10898,0.04642,-0.02024,0.99275,-0.05900,-0.14996,-0.00896,0.98689,0.04553,-0.10089,-0.04248,0.99295,1.00,-0.05771,-0.17540,-0.01030,0.98275,0.04578,-0.12622,-0.04655,0.98985,1.00
22774,0.00,345.00,0.10884,0.04654,-0.02025,0.99276,-0.05913,-0.14993,-0.00898,0.98689,0.04526,-0.10074,-0.04247,0.99298,1.00,-0.05785,-0.17538,-0.01032,0.98275,0.04550,-0.12607,-0.04655,0.98988,1.00
22787,0.00,345.00,0.10869,0.04667,-0.02031,0.99277,-0.05896,-0.15005,-0.00896,0.98688,0.04526,-0.10074,-0.04250,0.99297,1.00,-0.05768,-0.17550,-0.01030,0.98273,0.04550,-0.12607,-0.04657,0.98988,1.00
22801,0.00,345.00,0.10853,0.04684,-0.02039,0.99278,-0.05881,-0.15002,-0.00894,0.98689,0.04525,-0.10054,-0.04253,0.99299,1.00,-0.05753,-0.17546,-0.01027,0.98275,0.04548,-0.12588,-0.04659,0.98991,1.00
22815,0.00,345.00,0.10832,0.04692,-0.02038,0.99280,-0.05860,-0.15009,-0.00891,0.98689,0.04525,-0.10055,-0.04246,0.99300,1.00,-0.05733,-0.17553,-0.01024,0.98275,0.04547,-0.12588,-0.04651,0.98991,1.00
22829,0.00,345.00,0.10823,0.04689,-0.02032,0.99281,-0.05853,-0.15006,-0.00890,0.98690,0.04524,-0.10055,-0.04238,0.99300,1.00,-0.05727,-0.17550,-0.01023,0.98276,0.04546,-0.12589,-0.04643,0.98991,1.00
22843,0.00,345.00,0.10810,0.04681,-0.02024,0.99283,-0.05590,-0.14900,-0.00844,0.98722,0.04781,-0.09967,-0.04185,0.99299,1.00,-0.05471,-0.17445,-0.00971,0.98310,0.04797,-0.12502,-0.04584,0.98993,1.00
22857,0.00,345.00,0.10795,0.04675,-0.02016,0.99285,-0.05578,-0.14893,-0.00841,0.98724,0.04780,-0.09968,-0.04172,0.99300,1.00,-0.05460,-0.17438,-0.00968,0.98312,0.04795,-0.12502,-0.04570,0.98994,1.00
22871,0.00,345.00,0.10783,0.04663,-0.02014,0.99287,-0.05526,-0.14870,-0.00832,0.98730,0.04821,-0.09959,-0.04161,0.99299,1.00,-0.05409,-0.17414,-0.00958,0.98319,0.04835,-0.12493,-0.04557,0.98994,1.00
22885,0.00,345.00,0.10771,0.04654,-0.02006,0.99289,-0.05517,-0.14860,-0.00830,0.98732,0.04820,-0.09959,-0.04149,0.99299,1.00,-0.05401,-0.17405,-0.00956,0.98321,0.04833,-0.12494,-0.04545,0.98994,1.00
22899,0.00,345.00,0.10757,0.04645,-0.01999,0.99291,-0.05609,-0.15033,-0.00854,0.98701,0.04707,-0.10138,-0.04178,0.99285,1.00,-0.05490,-0.17574,-0.00982,0.98286,0.04724,-0.12669,-0.04575,0.98976,1.00
22913,0.00,345.00,0.10750,0.04634,-0.01990,0.99292,-0.05606,-0.15022,-0.00853,0.98702,0.04706,-0.10138,-0.04166,0.99286,1.00,-0.05488,-0.17564,-0.00981,0.98288,0.04723,-0.12670,-0.04563,0.98977,1.00
22927,0.00,345.00,0.10738,0.04630,-0.01985,0.99294,-0.05595,-0.15017,-0.00851,0.98704,0.04705,-0.10139,-0.04158,0.99286,1.00,-0.05477,-0.17558,-0.00978,0.98289,0.04722,-0.12670,-0.04554,0.98977,1.00
22940,0.00,345.00,0.10730,0.04620,-0.01972,0.99296,-0.05536,-0.15029,-0.00843,0.98705,0.04758,-0.10163,-0.04140,0.99282,1.00,-0.05419,-0.17570,-0.00969,0.98290,0.04774,-0.12694,-0.04535,0.98972,1.00
22954,0.00,345.00,0.10721,0.04624,-0.01965,0.99297,-0.05529,-0.15032,-0.00842,0.98705,0.04757,-0.10163,-0.04132,0.99282,1.00,-0.05413,-0.17573,-0.00968,0.98290,0.04772,-0.12695,-0.04526,0.98973,1.00
22968,0.00,345.00,0.10715,0.04623,-0.01954,0.99298,-0.05811,-0.15059,-0.00887,0.98685,0.04469,-0.10183,-0.04153,0.99293,1.00,-0.05688,-0.17601,-0.01019,0.98269,0.04491,-0.12715,-0.04554,0.98982,1.00
22982,0.00,345.00,0.10710,0.04628,-0.01946,0.99298,-0.05807,-0.15065,-0.00887,0.98684,0.04468,-0.10184,-0.04146,0.99293,1.00,-0.05685,-0.17607,-0.01019,0.98268,0.04490,-0.12715,-0.04547,0.98982,1.00
22996,0.00,345.00,0.10704,0.04631,-0.01939,0.99299,-0.05803,-0.15067,-0.00886,0.98684,0.04467,-0.10184,-0.04137,0.99294,1.00,-0.05681,-0.17609,-0.01018,0.98268,0.04489,-0.12716,-0.04538,0.98983,1.00
23010,0.00,345.00,0.10684,0.04632,-0.01922,0.99301,-0.05932,-0.15474,-0.00931,0.98613,0.04304,-0.10585,-0.04198,0.99256,1.00,-0.05804,-0.18008,-0.01064,0.98188,0.04331,-0.13109,-0.04600,0.98936,1.00
23024,0.00,345.00,0.10663,0.04633,-0.01911,0.99303,-0.05915,-0.15474,-0.00928,0.98614,0.04303,-0.10586,-0.04183,0.99257,1.00,-0.05788,-0.18008,-0.01062,0.98189,0.04329,-0.13110,-0.04583,0.98936,1.00
23038,0.00,345.00,0.10660,0.04633,-0.01909,0.99304,-0.05925,-0.15565,-0.00935,0.98599,0.04286,-0.10675,-0.04196,0.99247,1.00,-0.05796,-0.18096,-0.01068,0.98172,0.04314,-0.13197,-0.04596,0.98925,1.00
23052,0.00,345.00,0.10660,0.04628,-0.01906,0.99304,-0.05927,-0.15560,-0.00935,0.98600,0.04285,-0.10676,-0.04192,0.99248,1.00,-0.05798,-0.18092,-0.01068,0.98173,0.04314,-0.13198,-0.04592,0.98925,1.00
23065,0.00,345.00,0.10665,0.04625,-0.01892,0.99304,-0.05741,-0.15561,-0.00906,0.98611,0.04479,-0.10686,-0.04159,0.99239,1.00,-0.05616,-0.18092,-0.01035,0.98184,0.04504,-0.13208,-0.04555,0.98917,1.00
23079,0.00,345.00,0.10666,0.04617,-0.01872,0.99305,-0.05748,-0.15553,-0.00907,0.98612,0.04477,-0.10687,-0.04140,0.99240,1.00,-0.05624,-0.18084,-0.01036,0.98185,0.04501,-0.13209,-0.04536,0.98918,1.00
23094,0.00,345.00,0.10676,0.04610,-0.01866,0.99304,-0.05760,-0.15546,-0.00908,0.98612,0.04477,-0.10688,-0.04136,0.99240,1.00,-0.05636,-0.18077,-0.01038,0.98185,0.04501,-0.13209,-0.04533,0.98918,1.00
23107,0.00,345.00,0.10673,0.04598,-0.01861,0.99305,-0.05759,-0.15322,-0.00895,0.98647,0.04483,-0.10477,-0.04095,0.99264,1.00,-0.05636,-0.17858,-0.01025,0.98226,0.04508,-0.13003,-0.04492,0.98947,1.00
23121,0.00,345.00,0.10660,0.04588,-0.01861,0.99307,-0.05747,-0.15311,-0.00892,0.98650,0.04483,-0.10477,-0.04090,0.99264,1.00,-0.05624,-0.17847,-0.01022,0.98228,0.04507,-0.13003,-0.04487,0.98947,1.00
23135,0.00,345.00,0.10644,0.04585,-0.01881,0.99308,-0.05722,-0.15322,-0.00889,0.98649,0.04488,-0.10491,-0.04107,0.99262,1.00,-0.05597,-0.17858,-0.01018,0.98228,0.04514,-0.13017,-0.04503,0.98944,1.00
23149,0.00,345.00,0.10633,0.04572,-0.01894,0.99310,-0.05709,-0.15310,-0.00886,0.98652,0.04489,-0.10491,-0.04115,0.99262,1.00,-0.05584,-0.17846,-0.01014,0.98231,0.04515,-0.13017,-0.04510,0.98944,1.00
23163,0.00,345.00,0.10622,0.04570,-0.01886,0.99311,-0.05701,-0.15307,-0.00885,0.98653,0.04488,-0.10492,-0.04104,0.99262,1.00,-0.05576,-0.17843,-0.01013,0.98232,0.04514,-0.13018,-0.04499,0.98944,1.00
23177,0.00,345.00,0.10613,0.04575,-0.01869,0.99312,-0.05715,-0.15560,-0.00902,0.98613,0.04458,-0.10738,-0.04129,0.99236,1.00,-0.05589,-0.18090,-0.01030,0.98186,0.04484,-0.13260,-0.04522,0.98912,1.00
23191,0.00,345.00,0.10612,0.04583,-0.01867,0.99312,-0.05714,-0.15568,-0.00902,0.98611,0.04458,-0.10738,-0.04127,0.99236,1.00,-0.05588,-0.18098,-0.01030,0.98184,0.04484,-0.13260,-0.04521,0.98912,1.00
23205,0.00,345.00,0.10611,0.04592,-0.01872,0.99312,-0.05779,-0.15594,-0.00914,0.98603,0.04389,-0.10753,-0.04143,0.99237,1.00,-0.05652,-0.18124,-0.01043,0.98176,0.04418,-0.13275,-0.04538,0.98912,1.00
23219,0.00,345.00,0.10610,0.04596,-0.01879,0.99312,-0.05776,-0.15598,-0.00914,0.98603,0.04390,-0.10753,-0.04149,0.99237,1.00,-0.05648,-0.18128,-0.01043,0.98175,0.04418,-0.13274,-0.04544,0.98912,1.00
23233,0.00,345.00,0.10609,0.04595,-0.01881,0.99312,-0.05788,-0.15551,-0.00913,0.98610,0.04379,-0.10707,-0.04145,0.99242,1.00,-0.05660,-0.18082,-0.01042,0.98183,0.04407,-0.13230,-0.04540,0.98919,1.00
23247,0.00,345.00,0.10594,0.04586,-0.01885,0.99314,-0.05773,-0.15542,-0.00910,0.98612,0.04379,-0.10707,-0.04144,0.99242,1.00,-0.05645,-0.18073,-0.01039,0.98186,0.04407,-0.13230,-0.04538,0.98919,1.00
23261,0.00,345.00,0.10571,0.04583,-0.01890,0.99316,-0.05750,-0.15537,-0.00906,0.98614,0.04379,-0.10708,-0.04142,0.99242,1.00,-0.05623,-0.18069,-0.01035,0.98188,0.04407,-0.13230,-0.04535,0.98919,1.00
23274,0.00,345.00,0.10547,0.04572,-0.01907,0.99319,-0.05479,-0.15506,-0.00861,0.98635,0.04627,-0.10696,-0.04122,0.99233,1.00,-0.05357,-0.18037,-0.00984,0.98209,0.04649,-0.13218,-0.04508,0.98911,1.00
23288,0.00,345.00,0.10531,0.04571,-0.01924,0.99320,-0.05459,-0.15505,-0.00858,0.98636,0.04628,-0.10695,-0.04133,0.99233,1.00,-0.05337,-0.18035,-0.00980,0.98210,0.04651,-0.13218,-0.04518,0.98910,1.00
23302,0.00,345.00,0.10499,0.04577,-0.01928,0.99323,-0.05460,-0.15337,-0.00849,0.98662,0.04601,-0.10523,-0.04106,0.99253,1.00,-0.05339,-0.17871,-0.00971,0.98240,0.04622,-0.13049,-0.04491,0.98935,1.00
23316,0.00,345.00,0.10465,0.04584,-0.01932,0.99326,-0.05426,-0.15342,-0.00844,0.98663,0.04601,-0.10523,-0.04101,0.99254,1.00,-0.05305,-0.17877,-0.00965,0.98241,0.04622,-0.13049,-0.04484,0.98936,1.00
23330,0.00,345.00,0.10437,0.04605,-0.01958,0.99328,-0.05392,-0.15362,-0.00839,0.98662,0.04603,-0.10522,-0.04121,0.99253,1.00,-0.05270,-0.17896,-0.00960,0.98240,0.04624,-0.13048,-0.04503,0.98935,1.00
23344,0.00,345.00,0.10418,0.04616,-0.01985,0.99329,-0.05431,-0.15375,-0.00846,0.98658,0.04539,-0.10522,-0.04150,0.99255,1.00,-0.05308,-0.17909,-0.00968,0.98235,0.04561,-0.13048,-0.04532,0.98936,1.00
23358,0.00,345.00,0.10401,0.04625,-0.01995,0.99330,-0.05412,-0.15383,-0.00844,0.98658,0.04540,-0.10521,-0.04156,0.99254,1.00,-0.05289,-0.17917,-0.00965,0.98235,0.04562,-0.13048,-0.04537,0.98936,1.00
23372,0.00,345.00,0.10391,0.04632,-0.01999,0.99331,-0.05466,-0.15644,-0.00867,0.98614,0.04464,-0.10772,-0.04205,0.99229,1.00,-0.05342,-0.18172,-0.00989,0.98185,0.04487,-0.13293,-0.04585,0.98905,1.00
23386,0.00,345.00,0.10386,0.04635,-0.02009,0.99331,-0.05459,-0.15647,-0.00866,0.98613,0.04465,-0.10772,-0.04214,0.99228,1.00,-0.05334,-0.18175,-0.00987,0.98185,0.04488,-0.13293,-0.04594,0.98904,1.00
23400,0.00,345.00,0.10381,0.04635,-0.02023,0.99331,-0.05467,-0.15628,-0.00866,0.98616,0.04450,-0.10752,-0.04225,0.99231,1.00,-0.05344,-0.18157,-0.00988,0.98188,0.04472,-0.13274,-0.04606,0.98907,1.00
23414,0.00,345.00,0.10372,0.04627,-0.02036,0.99332,-0.05456,-0.15620,-0.00864,0.98618,0.04451,-0.10752,-0.04234,0.99230,1.00,-0.05332,-0.18149,-0.00986,0.98190,0.04473,-0.13273,-0.04614,0.98907,1.00
23428,0.00,345.00,0.10361,0.04622,-0.02036,0.99333,-0.05446,-0.15615,-0.00862,0.98619,0.04451,-0.10752,-0.04230,0.99230,1.00,-0.05322,-0.18143,-0.00983,0.98191,0.04472,-0.13273,-0.04610,0.98907,1.00
23441,0.00,345.00,0.10353,0.04613,-0.02031,0.99335,-0.05384,-0.15404,-0.00841,0.98656,0.04514,-0.10554,-0.04185,0.99251,1.00,-0.05265,-0.17936,-0.00961,0.98233,0.04531,-0.13079,-0.04564,0.98932,1.00
23455,0.00,345.00,0.10348,0.04605,-0.02028,0.99336,-0.05381,-0.15396,-0.00840,0.98658,0.04513,-0.10554,-0.04180,0.99251,1.00,-0.05262,-0.17928,-0.00960,0.98234,0.04530,-0.13079,-0.04559,0.98932,1.00
23470,0.00,345.00,0.10351,0.04592,-0.02019,0.99336,-0.05311,-0.15393,-0.00829,0.98662,0.04588,-0.10567,-0.04165,0.99247,1.00,-0.05195,-0.17925,-0.00948,0.98239,0.04603,-0.13092,-0.04542,0.98928,1.00
23483,0.00,345.00,0.10353,0.04577,-0.02011,0.99337,-0.05315,-0.15378,-0.00828,0.98664,0.04587,-0.10567,-0.04156,0.99247,1.00,-0.05200,-0.17910,-0.00948,0.98241,0.04602,-0.13092,-0.04533,0.98929,1.00
23497,0.00,345.00,0.10362,0.04561,-0.01994,0.99337,-0.05330,-0.15362,-0.00830,0.98666,0.04586,-0.10568,-0.04141,0.99248,1.00,-0.05215,-0.17894,-0.00950,0.98243,0.04600,-0.13093,-0.04519,0.98929,1.00
23511,0.00,345.00,0.10371,0.04541,-0.01992,0.99337,-0.05286,-0.15346,-0.00822,0.98671,0.04639,-0.10574,-0.04134,0.99245,1.00,-0.05172,-0.17879,-0.00941,0.98248,0.04653,-0.13098,-0.04512,0.98926,1.00
23525,0.00,345.00,0.10373,0.04523,-0.01985,0.99338,-0.05291,-0.15329,-0.00822,0.98673,0.04639,-0.10574,-0.04126,0.99245,1.00,-0.05177,-0.17861,-0.00941,0.98251,0.04652,-0.13099,-0.04504,0.98927,1.00
23539,0.00,345.00,0.10366,0.04496,-0.01982,0.99340,-0.05276,-0.15327,-0.00820,0.98674,0.04646,-0.10600,-0.04121,0.99242,1.00,-0.05162,-0.17860,-0.00938,0.98252,0.04660,-0.13125,-0.04499,0.98923,1.00
23553,0.00,345.00,0.10355,0.04478,-0.01974,0.99342,-0.05269,-0.15309,-0.00817,0.98677,0.04645,-0.10601,-0.04109,0.99243,1.00,-0.05156,-0.17841,-0.00936,0.98256,0.04659,-0.13126,-0.04486,0.98924,1.00
23567,0.00,345.00,0.10350,0.04456,-0.01965,0.99344,-0.05312,-0.15163,-0.00816,0.98698,0.04604,-0.10476,-0.04082,0.99259,1.00,-0.05199,-0.17699,-0.00936,0.98279,0.04618,-0.13004,-0.04461,0.98943,1.00
23581,0.00,345.00,0.10351,0.04437,-0.01967,0.99344,-0.05313,-0.15143,-0.00815,0.98701,0.04604,-0.10476,-0.04083,0.99259,1.00,-0.05199,-0.17680,-0.00935,0.98283,0.04618,-0.13004,-0.04462,0.98943,1.00
23595,0.00,345.00,0.10345,0.04422,-0.01961,0.99346,-0.05309,-0.15128,-0.00814,0.98703,0.04603,-0.10476,-0.04074,0.99260,1.00,-0.05197,-0.17665,-0.00934,0.98286,0.04617,-0.13005,-0.04453,0.98943,1.00
23609,0.00,345.00,0.10352,0.04400,-0.01955,0.99346,-0.05321,-0.15150,-0.00817,0.98699,0.04599,-0.10519,-0.04076,0.99255,1.00,-0.05207,-0.17687,-0.00937,0.98281,0.04614,-0.13047,-0.04455,0.98938,1.00
23622,0.00,345.00,0.10348,0.04386,-0.01943,0.99347,-0.05321,-0.15136,-0.00816,0.98701,0.04598,-0.10520,-0.04062,0.99256,1.00,-0.05208,-0.17672,-0.00936,0.98284,0.04612,-0.13048,-0.04441,0.98938,1.00
23637,0.00,345.00,0.10345,0.04355,-0.01941,0.99349,-0.05157,-0.15044,-0.00786,0.98724,0.04764,-0.10465,-0.04029,0.99255,1.00,-0.05048,-0.17582,-0.00903,0.98309,0.04775,-0.12995,-0.04404,0.98939,1.00
23650,0.00,345.00,0.10346,0.04347,-0.01940,0.99349,-0.05158,-0.15036,-0.00786,0.98725,0.04763,-0.10465,-0.04027,0.99255,1.00,-0.05049,-0.17574,-0.00903,0.98310,0.04775,-0.12995,-0.04402,0.98939,1.00
23664,0.00,345.00,0.10340,0.04319,-0.01924,0.99352,-0.05158,-0.15008,-0.00784,0.98730,0.04761,-0.10466,-0.04007,0.99256,1.00,-0.05050,-0.17547,-0.00901,0.98315,0.04772,-0.12996,-0.04383,0.98940,1.00
23678,0.00,345.00,0.10344,0.04303,-0.01914,0.99352,-0.05125,-0.15218,-0.00790,0.98699,0.04793,-0.10692,-0.04027,0.99229,1.00,-0.05016,-0.17752,-0.00906,0.98280,0.04804,-0.13218,-0.04401,0.98908,1.00
23692,0.00,345.00,0.10353,0.04287,-0.01910,0.99352,-0.05136,-0.15202,-0.00791,0.98701,0.04792,-0.10693,-0.04024,0.99230,1.00,-0.05027,-0.17736,-0.00907,0.98282,0.04804,-0.13219,-0.04399,0.98908,1.00
23706,0.00,345.00,0.10344,0.04265,-0.01912,0.99354,-0.05126,-0.14992,-0.00778,0.98734,0.04801,-0.10506,-0.03993,0.99250,1.00,-0.05017,-0.17531,-0.00895,0.98319,0.04812,-0.13036,-0.04368,0.98933,1.00
23720,0.00,345.00,0.10335,0.04255,-0.01901,0.99355,-0.05120,-0.14981,-0.00777,0.98736,0.04799,-0.10506,-0.03979,0.99251,1.00,-0.05012,-0.17521,-0.00893,0.98321,0.04811,-0.13037,-0.04354,0.98934,1.00
23734,0.00,345.00,0.10336,0.04246,-0.01927,0.99355,-0.05054,-0.15016,-0.00769,0.98734,0.04862,-0.10551,-0.04004,0.99242,1.00,-0.04945,-0.17555,-0.00883,0.98319,0.04873,-0.13081,-0.04377,0.98924,1.00
23748,0.00,345.00,0.10337,0.04236,-0.01937,0.99355,-0.05053,-0.15007,-0.00768,0.98735,0.04863,-0.10550,-0.04013,0.99242,1.00,-0.04944,-0.17546,-0.00882,0.98321,0.04875,-0.13081,-0.04386,0.98924,1.00
23763,0.00,345.00,0.10338,0.04230,-0.01937,0.99355,-0.05054,-0.15001,-0.00768,0.98736,0.04863,-0.10550,-0.04013,0.99242,1.00,-0.04945,-0.17540,-0.00882,0.98322,0.04874,-0.13081,-0.04385,0.98924,1.00
23776,0.00,345.00,0.10341,0.04235,-0.01927,0.99355,-0.04985,-0.15040,-0.00759,0.98734,0.04936,-0.10588,-0.04001,0.99235,1.00,-0.04878,-0.17579,-0.00872,0.98318,0.04945,-0.13118,-0.04372,0.98916,1.00
23790,0.00,345.00,0.10347,0.04242,-0.01918,0.99354,-0.04992,-0.15048,-0.00761,0.98732,0.04935,-0.10588,-0.03995,0.99235,1.00,-0.04885,-0.17587,-0.00874,0.98316,0.04945,-0.13118,-0.04366,0.98916,1.00
23803,0.00,345.00,0.10350,0.04254,-0.01912,0.99354,-0.04875,-0.14989,-0.00740,0.98747,0.05058,-0.10521,-0.03967,0.99237,1.00,-0.04772,-0.17529,-0.00851,0.98332,0.05065,-0.13053,-0.04336,0.98920,1.00
23817,0.00,345.00,0.10360,0.04265,-0.01906,0.99352,-0.04886,-0.15001,-0.00742,0.98745,0.05058,-0.10522,-0.03966,0.99237,1.00,-0.04782,-0.17540,-0.00853,0.98330,0.05065,-0.13053,-0.04335,0.98920,1.00
23831,0.00,345.00,0.10363,0.04270,-0.01904,0.99352,-0.04889,-0.15005,-0.00743,0.98744,0.05058,-0.10522,-0.03965,0.99237,1.00,-0.04785,-0.17545,-0.00854,0.98329,0.05065,-0.13053,-0.04335,0.98920,1.00
23845,0.00,345.00,0.10364,0.04270,-0.01908,0.99351,-0.04999,-0.15170,-0.00768,0.98713,0.04942,-0.10681,-0.04006,0.99224,1.00,-0.04891,-0.17706,-0.00881,0.98294,0.04952,-0.13210,-0.04377,0.98903,1.00
23859,0.00,345.00,0.10352,0.04266,-0.01907,0.99353,-0.04988,-0.15166,-0.00766,0.98714,0.04942,-0.10681,-0.04001,0.99224,1.00,-0.04881,-0.17702,-0.00879,0.98296,0.04952,-0.13210,-0.04372,0.98903,1.00
23873,0.00,345.00,0.10330,0.04265,-0.01911,0.99355,-0.05094,-0.14989,-0.00773,0.98736,0.04818,-0.10505,-0.03987,0.99250,1.00,-0.04985,-0.17530,-0.00889,0.98321,0.04830,-0.13037,-0.04361,0.98933,1.00
23887,0.00,345.00,0.10313,0.04258,-0.01911,0.99357,-0.05079,-0.14982,-0.00771,0.98738,0.04818,-0.10505,-0.03981,0.99250,1.00,-0.04970,-0.17523,-0.00886,0.98323,0.04830,-0.13037,-0.04354,0.98933,1.00
23901,0.00,345.00,0.10297,0.04262,-0.01919,0.99359,-0.05156,-0.15031,-0.00785,0.98726,0.04721,-0.10547,-0.04002,0.99249,1.00,-0.05045,-0.17571,-0.00902,0.98311,0.04735,-0.13079,-0.04376,0.98931,1.00
23915,0.00,345.00,0.10277,0.04275,-0.01915,0.99360,-0.05137,-0.15043,-0.00783,0.98725,0.04720,-0.10548,-0.03995,0.99250,1.00,-0.05026,-0.17583,-0.00899,0.98310,0.04734,-0.13079,-0.04368,0.98932,1.00
23929,0.00,345.00,0.10264,0.04293,-0.01929,0.99360,-0.05120,-0.15061,-0.00781,0.98724,0.04722,-0.10547,-0.04007,0.99249,1.00,-0.05009,-0.17600,-0.00897,0.98307,0.04735,-0.13079,-0.04379,0.98931,1.00
23943,0.00,345.00,0.10257,0.04325,-0.01961,0.99359,-0.05056,-0.15091,-0.00773,0.98722,0.04773,-0.10546,-0.04033,0.99246,1.00,-0.04944,-0.17630,-0.00887,0.98305,0.04786,-0.13077,-0.04403,0.98928,1.00
23957,0.00,345.00,0.10245,0.04348,-0.01966,0.99359,-0.05042,-0.15113,-0.00772,0.98720,0.04773,-0.10546,-0.04036,0.99246,1.00,-0.04931,-0.17652,-0.00885,0.98302,0.04786,-0.13077,-0.04406,0.98928,1.00
23971,0.00,345.00,0.10235,0.04377,-0.01981,0.99359,-0.05199,-0.15115,-0.00796,0.98711,0.04603,-0.10514,-0.04066,0.99256,1.00,-0.05084,-0.17655,-0.00913,0.98294,0.04619,-0.13045,-0.04439,0.98938,1.00
23984,0.00,345.00,0.10229,0.04406,-0.01983,0.99358,-0.05191,-0.15144,-0.00796,0.98707,0.04603,-0.10513,-0.04069,0.99256,1.00,-0.05076,-0.17683,-0.00913,0.98289,0.04619,-0.13045,-0.04441,0.98938,1.00
23999,0.00,345.00,0.10224,0.04436,-0.01998,0.99357,-0.05181,-0.15174,-0.00796,0.98703,0.04605,-0.10513,-0.04085,0.99255,1.00,-0.05065,-0.17713,-0.00913,0.98284,0.04621,-0.13045,-0.04457,0.98937,1.00
24012,0.00,345.00,0.10217,0.04458,-0.02012,0.99356,-0.05036,-0.15212,-0.00776,0.98705,0.04740,-0.10533,-0.04087,0.99247,1.00,-0.04924,-0.17749,-0.00889,0.98285,0.04752,-0.13064,-0.04455,0.98929,1.00
24027,0.00,345.00,0.10212,0.04466,-0.02028,0.99356,-0.05027,-0.15219,-0.00775,0.98704,0.04741,-0.10532,-0.04102,0.99246,1.00,-0.04914,-0.17757,-0.00888,0.98284,0.04754,-0.13063,-0.04469,0.98928,1.00
24040,0.00,345.00,0.10213,0.04478,-0.02052,0.99355,-0.04962,-0.15012,-0.00754,0.98739,0.04812,-0.10314,-0.04086,0.99266,1.00,-0.04853,-0.17552,-0.00866,0.98324,0.04822,-0.12848,-0.04453,0.98954,1.00
24054,0.00,345.00,0.10218,0.04486,-0.02079,0.99354,-0.04960,-0.15020,-0.00755,0.98738,0.04815,-0.10313,-0.04114,0.99265,1.00,-0.04849,-0.17561,-0.00866,0.98323,0.04825,-0.12847,-0.04481,0.98952,1.00
24068,0.00,0.00,0.10211,0.04491,-0.02099,0.99354,-0.04873,-0.14981,-0.00739,0.98749,0.04893,-0.10271,-0.04118,0.99265,1.00,-0.04765,-0.17522,-0.00849,0.98334,0.04900,-0.12805,-0.04483,0.98954,1.00
24082,0.00,0.00,0.10204,0.04500,-0.02111,0.99354,-0.04864,-0.14989,-0.00738,0.98748,0.04894,-0.10271,-0.04129,0.99265,1.00,-0.04755,-0.17530,-0.00848,0.98333,0.04901,-0.12804,-0.04493,0.98954,1.00
24096,0.00,0.00,0.10189,0.04511,-0.02128,0.99354,-0.04845,-0.14999,-0.00736,0.98747,0.04896,-0.10270,-0.04142,0.99264,1.00,-0.04736,-0.17540,-0.00845,0.98332,0.04903,-0.12804,-0.04505,0.98953,1.00
24110,0.00,0.00,0.10176,0.04529,-0.02138,0.99355,-0.04848,-0.14988,-0.00736,0.98749,0.04878,-0.10241,-0.04148,0.99268,1.00,-0.04741,-0.17528,-0.00845,0.98334,0.04883,-0.12775,-0.04511,0.98958,1.00
24124,0.00,0.00,0.10160,0.04547,-0.02137,0.99356,-0.04832,-0.15005,-0.00734,0.98747,0.04878,-0.10241,-0.04145,0.99268,1.00,-0.04725,-0.17545,-0.00843,0.98332,0.04883,-0.12775,-0.04507,0.98958,1.00
24138,0.00,0.00,0.10153,0.04568,-0.02137,0.99355,-0.04853,-0.15231,-0.00749,0.98711,0.04841,-0.10444,-0.04178,0.99247,1.00,-0.04746,-0.17766,-0.00858,0.98291,0.04845,-0.12973,-0.04540,0.98932,1.00
24152,0.00,0.00,0.10151,0.04577,-0.02137,0.99355,-0.04851,-0.15240,-0.00749,0.98710,0.04841,-0.10444,-0.04179,0.99247,1.00,-0.04744,-0.17775,-0.00858,0.98289,0.04845,-0.12973,-0.04540,0.98932,1.00
24166,0.00,0.00,0.10142,0.04590,-0.02133,0.99356,-0.04845,-0.15312,-0.00752,0.98699,0.04835,-0.10504,-0.04183,0.99241,1.00,-0.04739,-0.17846,-0.00861,0.98277,0.04838,-0.13032,-0.04544,0.98925,1.00
24179,0.00,0.00,0.10129,0.04597,-0.02124,0.99357,-0.04835,-0.15319,-0.00750,0.98698,0.04834,-0.10504,-0.04172,0.99242,1.00,-0.04729,-0.17853,-0.00859,0.98276,0.04837,-0.13032,-0.04532,0.98925,1.00
24194,0.00,0.00,0.10112,0.04600,-0.02116,0.99359,-0.04820,-0.15321,-0.00748,0.98699,0.04832,-0.10505,-0.04159,0.99242,1.00,-0.04716,-0.17854,-0.00857,0.98276,0.04835,-0.13033,-0.04519,0.98926,1.00
24207,0.00,0.00,0.10095,0.04613,-0.02110,0.99360,-0.05037,-0.15432,-0.00788,0.98671,0.04595,-0.10596,-0.04190,0.99242,1.00,-0.04927,-0.17963,-0.00901,0.98246,0.04602,-0.13122,-0.04554,0.98924,1.00
24221,0.00,0.00,0.10083,0.04615,-0.02098,0.99361,-0.05028,-0.15434,-0.00786,0.98671,0.04593,-0.10596,-0.04176,0.99243,1.00,-0.04919,-0.17965,-0.00899,0.98246,0.04600,-0.13122,-0.04540,0.98924,1.00
24235,0.00,0.00,0.10075,0.04623,-0.02101,0.99361,-0.04953,-0.15421,-0.00774,0.98677,0.04660,-0.10578,-0.04167,0.99242,1.00,-0.04845,-0.17952,-0.00885,0.98252,0.04666,-0.13104,-0.04529,0.98924,1.00
24249,0.00,0.00,0.10079,0.04629,-0.02096,0.99361,-0.04958,-0.15427,-0.00775,0.98675,0.04660,-0.10579,-0.04164,0.99242,1.00,-0.04850,-0.17958,-0.00887,0.98251,0.04666,-0.13104,-0.04526,0.98924,1.00
24263,0.00,0.00,0.10092,0.04629,-0.02094,0.99360,-0.04971,-0.15428,-0.00777,0.98675,0.04660,-0.10578,-0.04166,0.99242,1.00,-0.04863,-0.17959,-0.00889,0.98250,0.04666,-0.13104,-0.04528,0.98924,1.00
24277,0.00,0.00,0.10114,0.04626,-0.02078,0.99358,-0.05113,-0.14624,-0.00757,0.98790,0.04573,-0.09777,-0.04047,0.99333,1.00,-0.05007,-0.17172,-0.00874,0.98383,0.04578,-0.12318,-0.04418,0.99034,1.00
24291,0.00,0.00,0.10146,0.04617,-0.02066,0.99355,-0.05147,-0.14616,-0.00761,0.98789,0.04572,-0.09777,-0.04043,0.99334,1.00,-0.05041,-0.17165,-0.00880,0.98383,0.04578,-0.12319,-0.04415,0.99034,1.00
24305,0.00,0.00,0.10162,0.04607,-0.02071,0.99354,-0.06084,-0.04432,-0.00270,0.99716,0.03984,0.00345,-0.02503,0.99889,1.00,-0.06038,-0.07132,-0.00432,0.99562,0.03951,-0.02329,-0.02938,0.99852,1.00
24318,0.00,0.00,0.10161,0.04600,-0.02055,0.99355,-0.06084,-0.04424,-0.00270,0.99716,0.03984,0.00344,-0.02487,0.99889,1.00,-0.06039,-0.07124,-0.00432,0.99562,0.03951,-0.02330,-0.02922,0.99852,1.00
24332,0.00,0.00,0.10164,0.04593,-0.02058,0.99355,-0.06628,-0.02637,-0.00175,0.99745,0.03490,0.02115,-0.02190,0.99893,1.00,-0.06594,-0.05352,-0.00354,0.99638,0.03450,-0.00570,-0.02643,0.99904,1.00
24346,0.00,0.00,0.10169,0.04583,-0.02065,0.99355,-0.06634,-0.02628,-0.00175,0.99745,0.03490,0.02115,-0.02197,0.99893,1.00,-0.06599,-0.05343,-0.00354,0.99638,0.03450,-0.00569,-0.02650,0.99904,1.00
24361,0.00,0.00,0.10191,0.04579,-0.02055,0.99353,-0.06656,-0.02624,-0.00175,0.99744,0.03490,0.02115,-0.02187,0.99893,1.00,-0.06621,-0.05339,-0.00355,0.99637,0.03450,-0.00570,-0.02641,0.99904,1.00
24374,0.00,0.00,0.10213,0.04567,-0.02018,0.99352,-0.06812,-0.02529,-0.00173,0.99735,0.03359,0.02197,-0.02132,0.99897,1.00,-0.06779,-0.05245,-0.00357,0.99631,0.03318,-0.00488,-0.02591,0.99910,1.00
24388,0.00,0.00,0.10234,0.04563,-0.02006,0.99350,-0.06833,-0.02526,-0.00173,0.99734,0.03359,0.02196,-0.02119,0.99897,1.00,-0.06801,-0.05242,-0.00358,0.99630,0.03318,-0.00489,-0.02580,0.99910,1.00
24402,0.00,0.00,0.10245,0.04559,-0.01996,0.99349,-0.06840,-0.02316,-0.00159,0.99739,0.03369,0.02399,-0.02074,0.99893,1.00,-0.06809,-0.05034,-0.00344,0.99640,0.03327,-0.00287,-0.02535,0.99912,1.00
24416,0.00,0.00,0.10248,0.04548,-0.01988,0.99350,-0.06844,-0.02304,-0.00158,0.99739,0.03369,0.02399,-0.02065,0.99893,1.00,-0.06813,-0.05022,-0.00343,0.99641,0.03327,-0.00287,-0.02527,0.99912,1.00
24430,0.00,0.00,0.10253,0.04540,-0.01980,0.99350,-0.06848,-0.02297,-0.00158,0.99739,0.03370,0.02399,-0.02056,0.99893,1.00,-0.06818,-0.05014,-0.00343,0.99641,0.03327,-0.00287,-0.02518,0.99912,1.00
24444,0.00,0.00,0.10251,0.04516,-0.01963,0.99351,-0.06874,-0.02288,-0.00158,0.99737,0.03343,0.02382,-0.02039,0.99895,1.00,-0.06843,-0.05006,-0.00344,0.99639,0.03302,-0.00304,-0.02502,0.99914,1.00
24458,0.00,0.00,0.10250,0.04498,-0.01953,0.99352,-0.06873,-0.02270,-0.00156,0.99738,0.03343,0.02382,-0.02026,0.99895,1.00,-0.06842,-0.04987,-0.00342,0.99640,0.03302,-0.00304,-0.02489,0.99914,1.00
24471,0.00,0.00,0.10248,0.04477,-0.01949,0.99354,-0.06900,-0.02123,-0.00147,0.99739,0.03319,0.02505,-0.01998,0.99894,1.00,-0.06869,-0.04842,-0.00334,0.99646,0.03278,-0.00181,-0.02462,0.99916,1.00
24486,0.00,0.00,0.10253,0.04456,-0.01939,0.99354,-0.06905,-0.02101,-0.00145,0.99739,0.03319,0.02505,-0.01986,0.99894,1.00,-0.06875,-0.04820,-0.00333,0.99646,0.03278,-0.00182,-0.02450,0.99916,1.00
24500,0.00,0.00,0.10260,0.04439,-0.01941,0.99354,-0.06904,-0.02229,-0.00154,0.99736,0.03324,0.02363,-0.02011,0.99897,1.00,-0.06871,-0.04947,-0.00341,0.99640,0.03285,-0.00324,-0.02475,0.99915,1.00
24513,0.00,0.00,0.10257,0.04432,-0.01937,0.99355,-0.06901,-0.02221,-0.00154,0.99737,0.03324,0.02362,-0.02007,0.99897,1.00,-0.06869,-0.04939,-0.00341,0.99641,0.03285,-0.00324,-0.02471,0.99915,1.00
24528,0.00,0.00,0.10258,0.04420,-0.01935,0.99355,-0.06902,-0.02210,-0.00153,0.99737,0.03324,0.02362,-0.02003,0.99897,1.00,-0.06870,-0.04928,-0.00340,0.99641,0.03285,-0.00324,-0.02467,0.99915,1.00
24541,0.00,0.00,0.10256,0.04419,-0.01958,0.99355,-0.06836,-0.02163,-0.00148,0.99742,0.03389,0.02407,-0.02020,0.99893,1.00,-0.06803,-0.04881,-0.00333,0.99648,0.03351,-0.00279,-0.02482,0.99913,1.00
24555,0.00,0.00,0.10251,0.04425,-0.01967,0.99355,-0.06831,-0.02170,-0.00149,0.99743,0.03388,0.02408,-0.02030,0.99893,1.00,-0.06797,-0.04888,-0.00333,0.99648,0.03351,-0.00279,-0.02491,0.99912,1.00
24569,0.00,0.00,0.10238,0.04426,-0.01968,0.99357,-0.06812,-0.02191,-0.00150,0.99744,0.03394,0.02387,-0.02034,0.99893,1.00,-0.06778,-0.04909,-0.00334,0.99649,0.03356,-0.00299,-0.02495,0.99912,1.00
24583,0.00,0.00,0.10231,0.04431,-0.01964,0.99357,-0.06805,-0.02196,-0.00150,0.99744,0.03394,0.02387,-0.02031,0.99893,1.00,-0.06771,-0.04914,-0.00334,0.99649,0.03356,-0.00299,-0.02491,0.99912,1.00
24597,0.00,0.00,0.10227,0.04439,-0.01966,0.99357,-0.06800,-0.02204,-0.00150,0.99744,0.03394,0.02387,-0.02034,0.99893,1.00,-0.06767,-0.04922,-0.00334,0.99649,0.03356,-0.00299,-0.02494,0.99912,1.00
24611,0.00,0.00,0.10231,0.04449,-0.01973,0.99356,-0.06817,-0.01348,-0.00092,0.99758,0.03402,0.03242,-0.01895,0.99872,1.00,-0.06792,-0.04070,-0.00277,0.99686,0.03358,0.00554,-0.02357,0.99914,1.00
24625,0.00,0.00,0.10237,0.04458,-0.01984,0.99355,-0.06824,-0.01358,-0.00093,0.99758,0.03402,0.03243,-0.01907,0.99871,1.00,-0.06797,-0.04079,-0.00278,0.99685,0.03358,0.00554,-0.02369,0.99914,1.00
24639,0.00,0.00,0.10243,0.04464,-0.01991,0.99354,-0.06760,-0.01357,-0.00092,0.99762,0.03471,0.03250,-0.01914,0.99869,1.00,-0.06734,-0.04078,-0.00275,0.99689,0.03427,0.00561,-0.02375,0.99911,1.00
24653,0.00,0.00,0.10247,0.04466,-0.01996,0.99353,-0.06764,-0.01358,-0.00092,0.99762,0.03471,0.03250,-0.01920,0.99868,1.00,-0.06738,-0.04080,-0.00276,0.99689,0.03427,0.00561,-0.02381,0.99911,1.00
24667,0.00,0.00,0.10250,0.04462,-0.01997,0.99353,-0.06763,-0.01491,-0.00101,0.99760,0.03472,0.03115,-0.01944,0.99872,1.00,-0.06737,-0.04212,-0.00285,0.99683,0.03428,0.00426,-0.02405,0.99911,1.00
24681,0.00,0.00,0.10259,0.04459,-0.01997,0.99352,-0.06773,-0.01489,-0.00101,0.99759,0.03472,0.03115,-0.01944,0.99872,1.00,-0.06746,-0.04210,-0.00285,0.99683,0.03428,0.00426,-0.02405,0.99911,1.00
24695,0.00,0.00,0.10262,0.04460,-0.02003,0.99352,-0.06775,-0.01490,-0.00101,0.99759,0.03472,0.03115,-0.01949,0.99872,1.00,-0.06748,-0.04211,-0.00285,0.99683,0.03428,0.00427,-0.02411,0.99911,1.00
24709,0.00,0.00,0.10269,0.04461,-0.02002,0.99351,-0.06774,-0.01486,-0.00101,0.99759,0.03480,0.03120,-0.01948,0.99872,1.00,-0.06747,-0.04207,-0.00285,0.99683,0.03436,0.00432,-0.02409,0.99911,1.00
24722,0.00,0.00,0.10277,0.04468,-0.02006,0.99350,-0.06781,-0.01493,-0.00101,0.99759,0.03480,0.03120,-0.01952,0.99872,1.00,-0.06755,-0.04214,-0.00286,0.99682,0.03436,0.00432,-0.02415,0.99911,1.00
24737,0.00,0.00,0.10288,0.04471,-0.02000,0.99349,-0.06757,-0.01440,-0.00098,0.99761,0.03516,0.03175,-0.01938,0.99869,1.00,-0.06732,-0.04161,-0.00281,0.99686,0.03472,0.00487,-0.02400,0.99910,1.00
24750,0.00,0.00,0.10293,0.04480,-0.01998,0.99348,-0.06762,-0.01448,-0.00098,0.99761,0.03517,0.03175,-0.01937,0.99869,1.00,-0.06737,-0.04169,-0.00282,0.99685,0.03472,0.00487,-0.02399,0.99910,1.00
24764,0.00,0.00,0.10295,0.04485,-0.01993,0.99348,-0.06747,-0.01435,-0.00097,0.99762,0.03534,0.03193,-0.01930,0.99868,1.00,-0.06722,-0.04156,-0.00280,0.99687,0.03489,0.00505,-0.02392,0.99909,1.00
24778,0.00,0.00,0.10294,0.04497,-0.01990,0.99347,-0.06746,-0.01447,-0.00098,0.99762,0.03534,0.03193,-0.01928,0.99868,1.00,-0.06721,-0.04168,-0.00281,0.99686,0.03489,0.00505,-0.02390,0.99909,1.00
24792,0.00,0.00,0.10292,0.04508,-0.01985,0.99347,-0.06743,-0.01458,-0.00099,0.99762,0.03534,0.03193,-0.01924,0.99868,1.00,-0.06718,-0.04179,-0.00282,0.99686,0.03489,0.00505,-0.02386,0.99909,1.00
24806,0.00,0.00,0.10288,0.04516,-0.01974,0.99347,-0.06782,-0.01451,-0.00099,0.99759,0.03492,0.03207,-0.01910,0.99869,1.00,-0.06757,-0.04173,-0.00283,0.99684,0.03446,0.00519,-0.02373,0.99911,1.00
24820,0.00,0.00,0.10288,0.04525,-0.01968,0.99347,-0.06782,-0.01461,-0.00099,0.99759,0.03492,0.03207,-0.01905,0.99869,1.00,-0.06758,-0.04182,-0.00284,0.99683,0.03447,0.00518,-0.02368,0.99911,1.00
24834,0.00,0.00,0.10298,0.04530,-0.01969,0.99346,-0.06908,-0.01447,-0.00100,0.99751,0.03376,0.03227,-0.01900,0.99873,1.00,-0.06883,-0.04169,-0.00288,0.99675,0.03331,0.00539,-0.02367,0.99915,1.00
24848,0.00,0.00,0.10313,0.04535,-0.01970,0.99344,-0.06923,-0.01453,-0.00101,0.99749,0.03376,0.03227,-0.01901,0.99873,1.00,-0.06898,-0.04175,-0.00289,0.99674,0.03331,0.00539,-0.02368,0.99915,1.00
24862,0.00,0.00,0.10320,0.04533,-0.01952,0.99344,-0.06930,-0.01450,-0.00101,0.99749,0.03376,0.03227,-0.01883,0.99873,1.00,-0.06906,-0.04172,-0.00289,0.99674,0.03331,0.00538,-0.02350,0.99915,1.00
24876,0.00,0.00,0.10327,0.04528,-0.01920,0.99344,-0.06875,-0.01415,-0.00098,0.99753,0.03440,0.03253,-0.01847,0.99871,1.00,-0.06852,-0.04137,-0.00284,0.99679,0.03394,0.00564,-0.02313,0.99914,1.00
24890,0.00,0.00,0.10345,0.04527,-0.01914,0.99342,-0.06893,-0.01415,-0.00098,0.99752,0.03440,0.03252,-0.01841,0.99871,1.00,-0.06871,-0.04137,-0.00285,0.99678,0.03394,0.00564,-0.02308,0.99914,1.00
24904,0.00,0.00,0.10347,0.04529,-0.01909,0.99342,-0.06879,-0.01270,-0.00088,0.99755,0.03460,0.03397,-0.01811,0.99866,1.00,-0.06857,-0.03992,-0.00275,0.99684,0.03414,0.00708,-0.02278,0.99913,1.00
24917,0.00,0.00,0.10352,0.04535,-0.01902,0.99341,-0.06883,-0.01276,-0.00088,0.99755,0.03460,0.03396,-0.01805,0.99866,1.00,-0.06861,-0.03998,-0.00275,0.99684,0.03414,0.00708,-0.02272,0.99913,1.00
24932,0.00,0.00,0.10350,0.04537,-0.01905,0.99341,-0.06863,-0.01277,-0.00088,0.99756,0.03479,0.03397,-0.01808,0.99865,1.00,-0.06840,-0.03999,-0.00274,0.99685,0.03435,0.00709,-0.02275,0.99913,1.00
24945,0.00,0.00,0.10353,0.04544,-0.01915,0.99340,-0.06866,-0.01285,-0.00088,0.99756,0.03479,0.03397,-0.01819,0.99865,1.00,-0.06842,-0.04007,-0.00275,0.99685,0.03434,0.00709,-0.02286,0.99912,1.00
24960,0.00,0.00,0.10345,0.04557,-0.01916,0.99341,-0.06858,-0.01297,-0.00089,0.99756,0.03479,0.03398,-0.01822,0.99865,1.00,-0.06834,-0.04019,-0.00276,0.99685,0.03434,0.00709,-0.02288,0.99912,1.00
24973,0.00,0.00,0.10330,0.04568,-0.01906,0.99342,-0.06903,-0.01283,-0.00089,0.99753,0.03418,0.03423,-0.01806,0.99867,1.00,-0.06879,-0.04006,-0.00276,0.99682,0.03375,0.00734,-0.02274,0.99914,1.00
24987,0.00,0.00,0.10317,0.04580,-0.01897,0.99343,-0.06890,-0.01295,-0.00089,0.99754,0.03419,0.03423,-0.01800,0.99867,1.00,-0.06866,-0.04017,-0.00277,0.99683,0.03375,0.00734,-0.02266,0.99915,1.00
25001,0.00,0.00,0.10313,0.04602,-0.01894,0.99342,-0.07027,-0.01302,-0.00092,0.99744,0.03277,0.03439,-0.01791,0.99871,1.00,-0.07002,-0.04025,-0.00283,0.99673,0.03234,0.00750,-0.02261,0.99919,1.00
25015,0.00,0.00,0.10315,0.04618,-0.01895,0.99341,-0.07029,-0.01318,-0.00093,0.99744,0.03277,0.03439,-0.01794,0.99871,1.00,-0.07004,-0.04041,-0.00284,0.99672,0.03234,0.00750,-0.02264,0.99919,1.00
25029,0.00,0.00,0.10317,0.04624,-0.01884,0.99341,-0.07030,-0.01324,-0.00093,0.99744,0.03278,0.03439,-0.01784,0.99871,1.00,-0.07006,-0.04047,-0.00284,0.99672,0.03234,0.00750,-0.02254,0.99919,1.00
25043,0.00,0.00,0.10310,0.04630,-0.01874,0.99342,-0.07128,-0.01330,-0.00095,0.99737,0.03172,0.03440,-0.01770,0.99875,1.00,-0.07103,-0.04054,-0.00289,0.99665,0.03129,0.00750,-0.02243,0.99923,1.00
25057,0.00,0.00,0.10303,0.04636,-0.01865,0.99342,-0.07121,-0.01335,-0.00095,0.99737,0.03173,0.03439,-0.01762,0.99875,1.00,-0.07097,-0.04059,-0.00289,0.99665,0.03129,0.00750,-0.02235,0.99923,1.00
25071,0.00,0.00,0.10298,0.04639,-0.01851,0.99343,-0.07124,-0.01312,-0.00094,0.99737,0.03166,0.03465,-0.01744,0.99875,1.00,-0.07100,-0.04036,-0.00287,0.99666,0.03123,0.00775,-0.02216,0.99924,1.00
25085,0.00,0.00,0.10297,0.04639,-0.01841,0.99343,-0.07122,-0.01311,-0.00094,0.99737,0.03166,0.03465,-0.01734,0.99875,1.00,-0.07099,-0.04035,-0.00287,0.99666,0.03123,0.00775,-0.02207,0.99924,1.00
25098,0.00,0.00,0.10301,0.04634,-0.01834,0.99343,-0.06951,-0.01291,-0.00090,0.99750,0.03342,0.03477,-0.01730,0.99869,1.00,-0.06928,-0.04014,-0.00279,0.99679,0.03299,0.00788,-0.02198,0.99918,1.00
25112,0.00,0.00,0.10294,0.04625,-0.01817,0.99345,-0.06944,-0.01281,-0.00089,0.99750,0.03343,0.03476,-0.01712,0.99869,1.00,-0.06922,-0.04004,-0.00278,0.99679,0.03299,0.00787,-0.02179,0.99919,1.00
25127,0.00,0.00,0.10290,0.04615,-0.01818,0.99345,-0.06940,-0.01271,-0.00088,0.99751,0.03343,0.03476,-0.01711,0.99869,1.00,-0.06918,-0.03994,-0.00277,0.99680,0.03299,0.00787,-0.02179,0.99919,1.00
25140,0.00,0.00,0.10293,0.04610,-0.01831,0.99345,-0.06949,-0.01300,-0.00091,0.99750,0.03335,0.03444,-0.01730,0.99870,1.00,-0.06925,-0.04023,-0.00279,0.99678,0.03294,0.00755,-0.02198,0.99919,1.00
25154,0.00,0.00,0.10303,0.04604,-0.01832,0.99344,-0.06959,-0.01294,-0.00090,0.99749,0.03335,0.03443,-0.01730,0.99870,1.00,-0.06935,-0.04017,-0.00279,0.99678,0.03294,0.00755,-0.02198,0.99919,1.00
25168,0.00,0.00,0.10312,0.04600,-0.01831,0.99344,-0.07009,-0.01311,-0.00092,0.99745,0.03294,0.03424,-0.01730,0.99872,1.00,-0.06984,-0.04034,-0.00283,0.99674,0.03253,0.00735,-0.02200,0.99920,1.00
25182,0.00,0.00,0.10312,0.04601,-0.01826,0.99344,-0.07009,-0.01311,-0.00092,0.99745,0.03294,0.03424,-0.01726,0.99872,1.00,-0.06984,-0.04034,-0.00283,0.99674,0.03253,0.00735,-0.02195,0.99920,1.00
25196,0.00,0.00,0.10315,0.04609,-0.01826,0.99343,-0.07013,-0.01319,-0.00093,0.99745,0.03294,0.03424,-0.01726,0.99872,1.00,-0.06988,-0.04042,-0.00283,0.99673,0.03253,0.00735,-0.02197,0.99920,1.00
25210,0.00,0.00,0.10306,0.04618,-0.01834,0.99343,-0.07163,-0.01328,-0.00095,0.99734,0.03134,0.03428,-0.01729,0.99877,1.00,-0.07137,-0.04051,-0.00290,0.99662,0.03094,0.00738,-0.02204,0.99925,1.00
25224,0.00,0.00,0.10298,0.04625,-0.01831,0.99344,-0.07154,-0.01334,-0.00096,0.99735,0.03134,0.03428,-0.01728,0.99877,1.00,-0.07128,-0.04058,-0.00290,0.99663,0.03094,0.00738,-0.02202,0.99925,1.00
25238,0.00,0.00,0.10297,0.04629,-0.01831,0.99344,-0.07027,-0.01345,-0.00095,0.99744,0.03261,0.03419,-0.01734,0.99873,1.00,-0.07001,-0.04068,-0.00286,0.99671,0.03220,0.00730,-0.02204,0.99921,1.00
25251,0.00,0.00,0.10291,0.04630,-0.01837,0.99344,-0.07021,-0.01346,-0.00095,0.99744,0.03261,0.03419,-0.01740,0.99873,1.00,-0.06995,-0.04069,-0.00286,0.99672,0.03220,0.00730,-0.02210,0.99921,1.00
25265,0.00,0.00,0.10294,0.04629,-0.01833,0.99344,-0.07157,-0.01311,-0.00094,0.99735,0.03129,0.03455,-0.01725,0.99876,1.00,-0.07131,-0.04035,-0.00289,0.99663,0.03088,0.00766,-0.02199,0.99925,1.00
25279,0.00,0.00,0.10300,0.04624,-0.01832,0.99344,-0.07163,-0.01306,-0.00094,0.99735,0.03129,0.03455,-0.01723,0.99876,1.00,-0.07137,-0.04030,-0.00289,0.99663,0.03088,0.00766,-0.02197,0.99925,1.00
25294,0.00,0.00,0.10313,0.04616,-0.01832,0.99343,-0.07176,-0.01298,-0.00093,0.99734,0.03129,0.03455,-0.01723,0.99876,1.00,-0.07150,-0.04022,-0.00289,0.99663,0.03088,0.00766,-0.02198,0.99925,1.00
25307,0.00,0.00,0.10324,0.04612,-0.01835,0.99342,-0.07172,-0.01332,-0.00096,0.99734,0.03143,0.03418,-0.01732,0.99877,1.00,-0.07146,-0.04056,-0.00291,0.99661,0.03102,0.00728,-0.02207,0.99925,1.00
25321,0.00,0.00,0.10331,0.04609,-0.01835,0.99341,-0.07179,-0.01330,-0.00096,0.99733,0.03143,0.03418,-0.01732,0.99877,1.00,-0.07153,-0.04053,-0.00291,0.99661,0.03102,0.00728,-0.02207,0.99925,1.00
25335,0.00,0.00,0.10333,0.04610,-0.01831,0.99341,-0.07168,-0.01297,-0.00093,0.99734,0.03157,0.03450,-0.01723,0.99876,1.00,-0.07142,-0.04021,-0.00288,0.99663,0.03117,0.00761,-0.02197,0.99924,1.00
25349,0.00,0.00,0.10327,0.04613,-0.01833,0.99341,-0.07162,-0.01300,-0.00093,0.99735,0.03157,0.03450,-0.01725,0.99876,1.00,-0.07136,-0.04024,-0.00288,0.99663,0.03117,0.00761,-0.02199,0.99924,1.00
25363,0.00,0.00,0.10323,0.04619,-0.01834,0.99342,-0.07157,-0.01306,-0.00094,0.99735,0.03157,0.03450,-0.01726,0.99876,1.00,-0.07131,-0.04030,-0.00288,0.99664,0.03117,0.00761,-0.02201,0.99924,1.00
25377,0.00,0.00,0.10321,0.04627,-0.01839,0.99341,-0.07146,-0.01355,-0.00097,0.99735,0.03166,0.03409,-0.01740,0.99877,1.00,-0.07120,-0.04079,-0.00291,0.99662,0.03125,0.00720,-0.02214,0.99924,1.00
25391,0.00,0.00,0.10321,0.04631,-0.01835,0.99341,-0.07145,-0.01359,-0.00097,0.99735,0.03166,0.03409,-0.01736,0.99877,1.00,-0.07119,-0.04083,-0.00292,0.99662,0.03126,0.00720,-0.02210,0.99924,1.00
25405,0.00,0.00,0.10316,0.04631,-0.01828,0.99342,-0.06950,-0.01318,-0.00092,0.99749,0.03358,0.03446,-0.01729,0.99869,1.00,-0.06925,-0.04041,-0.00281,0.99678,0.03316,0.00757,-0.02197,0.99918,1.00
25419,0.00,0.00,0.10323,0.04632,-0.01826,0.99341,-0.06957,-0.01320,-0.00092,0.99749,0.03358,0.03446,-0.01727,0.99869,1.00,-0.06932,-0.04042,-0.00281,0.99677,0.03316,0.00757,-0.02195,0.99918,1.00
25433,0.00,0.00,0.10341,0.04634,-0.01826,0.99339,-0.06942,-0.01379,-0.00096,0.99749,0.03389,0.03389,-0.01738,0.99870,1.00,-0.06916,-0.04101,-0.00285,0.99676,0.03348,0.00700,-0.02207,0.99917,1.00
25447,0.00,0.00,0.10355,0.04629,-0.01817,0.99338,-0.06956,-0.01374,-0.00096,0.99748,0.03389,0.03389,-0.01728,0.99870,1.00,-0.06931,-0.04097,-0.00285,0.99675,0.03348,0.00700,-0.02197,0.99917,1.00
25461,0.00,0.00,0.10363,0.04624,-0.01803,0.99338,-0.06964,-0.01369,-0.00096,0.99748,0.03390,0.03388,-0.01713,0.99870,1.00,-0.06940,-0.04091,-0.00285,0.99675,0.03348,0.00700,-0.02183,0.99918,1.00
25475,0.00,0.00,0.10365,0.04619,-0.01797,0.99338,-0.06950,-0.01339,-0.00093,0.99749,0.03406,0.03412,-0.01702,0.99869,1.00,-0.06926,-0.04061,-0.00282,0.99677,0.03365,0.00723,-0.02172,0.99917,1.00
25488,0.00,0.00,0.10347,0.04611,-0.01787,0.99340,-0.06932,-0.01330,-0.00092,0.99751,0.03407,0.03411,-0.01692,0.99869,1.00,-0.06909,-0.04053,-0.00281,0.99678,0.03365,0.00723,-0.02161,0.99917,1.00
25502,0.00,0.00,0.10302,0.04603,-0.01782,0.99345,-0.07005,-0.01329,-0.00093,0.99745,0.03288,0.03406,-0.01685,0.99874,1.00,-0.06981,-0.04052,-0.00284,0.99673,0.03247,0.00717,-0.02154,0.99921,1.00
25516,0.00,0.00,0.10289,0.04608,-0.01800,0.99346,-0.06993,-0.01334,-0.00094,0.99746,0.03287,0.03406,-0.01704,0.99873,1.00,-0.06968,-0.04056,-0.00284,0.99674,0.03247,0.00717,-0.02172,0.99921,1.00
25530,0.00,0.00,0.10283,0.04604,-0.01804,0.99347,-0.06987,-0.01331,-0.00093,0.99747,0.03287,0.03406,-0.01707,0.99873,1.00,-0.06962,-0.04053,-0.00283,0.99675,0.03247,0.00717,-0.02175,0.99921,1.00
25544,0.00,0.00,0.10281,0.04610,-0.01801,0.99347,-0.07010,-0.01347,-0.00095,0.99745,0.03262,0.03397,-0.01705,0.99874,1.00,-0.06983,-0.04069,-0.00285,0.99672,0.03223,0.00708,-0.02174,0.99922,1.00
25558,0.00,0.00,0.10297,0.04614,-0.01784,0.99345,-0.07026,-0.01350,-0.00095,0.99744,0.03263,0.03396,-0.01689,0.99875,1.00,-0.07000,-0.04072,-0.00286,0.99671,0.03223,0.00707,-0.02159,0.99922,1.00
25572,0.00,0.00,0.10323,0.04620,-0.01774,0.99343,-0.06839,-0.01363,-0.00093,0.99757,0.03475,0.03386,-0.01688,0.99868,1.00,-0.06815,-0.04084,-0.00279,0.99683,0.03435,0.00697,-0.02153,0.99915,1.00
25586,0.00,0.00,0.10348,0.04626,-0.01773,0.99340,-0.06864,-0.01369,-0.00094,0.99755,0.03475,0.03386,-0.01686,0.99868,1.00,-0.06840,-0.04091,-0.00281,0.99681,0.03435,0.00697,-0.02153,0.99915,1.00
25600,0.00,0.00,0.10365,0.04633,-0.01774,0.99338,-0.06866,-0.01371,-0.00094,0.99755,0.03490,0.03392,-0.01687,0.99867,1.00,-0.06842,-0.04093,-0.00281,0.99681,0.03450,0.00704,-0.02154,0.99915,1.00
25613,0.00,0.00,0.10372,0.04626,-0.01764,0.99337,-0.06873,-0.01363,-0.00094,0.99754,0.03490,0.03391,-0.01677,0.99867,1.00,-0.06849,-0.04085,-0.00281,0.99681,0.03450,0.00703,-0.02144,0.99915,1.00
25628,0.00,0.00,0.10366,0.04616,-0.01753,0.99339,-0.06867,-0.01353,-0.00093,0.99755,0.03491,0.03391,-0.01665,0.99868,1.00,-0.06844,-0.04075,-0.00280,0.99682,0.03450,0.00703,-0.02132,0.99915,1.00
25642,0.00,0.00,0.10358,0.04607,-0.01741,0.99340,-0.06807,-0.01236,-0.00084,0.99760,0.03546,0.03496,-0.01635,0.99863,1.00,-0.06785,-0.03958,-0.00269,0.99691,0.03504,0.00808,-0.02101,0.99913,1.00
25655,0.00,0.00,0.10356,0.04589,-0.01733,0.99341,-0.06805,-0.01217,-0.00083,0.99761,0.03546,0.03496,-0.01625,0.99863,1.00,-0.06784,-0.03939,-0.00268,0.99692,0.03505,0.00807,-0.02090,0.99913,1.00
25669,0.00,0.00,0.10368,0.04578,-0.01728,0.99341,-0.06966,-0.01218,-0.00085,0.99750,0.03397,0.03486,-0.01616,0.99868,1.00,-0.06943,-0.03940,-0.00274,0.99680,0.03357,0.00797,-0.02086,0.99919,1.00
25683,0.00,0.00,0.10384,0.04562,-0.01723,0.99340,-0.06982,-0.01202,-0.00084,0.99749,0.03397,0.03486,-0.01609,0.99869,1.00,-0.06960,-0.03925,-0.00274,0.99680,0.03357,0.00797,-0.02080,0.99919,1.00
25697,0.00,0.00,0.10382,0.04557,-0.01707,0.99341,-0.06969,-0.01232,-0.00086,0.99749,0.03408,0.03450,-0.01598,0.99870,1.00,-0.06946,-0.03954,-0.00276,0.99680,0.03369,0.00762,-0.02069,0.99919,1.00
25711,0.00,0.00,0.10379,0.04544,-0.01707,0.99341,-0.06966,-0.01218,-0.00085,0.99750,0.03408,0.03450,-0.01597,0.99870,1.00,-0.06943,-0.03941,-0.00275,0.99680,0.03369,0.00761,-0.02067,0.99919,1.00
25725,0.00,0.00,0.10374,0.04537,-0.01716,0.99342,-0.06961,-0.01211,-0.00085,0.99750,0.03408,0.03450,-0.01605,0.99869,1.00,-0.06938,-0.03934,-0.00274,0.99681,0.03369,0.00762,-0.02076,0.99919,1.00
25739,0.00,0.00,0.10362,0.04534,-0.01716,0.99343,-0.06962,-0.01228,-0.00086,0.99750,0.03394,0.03432,-0.01609,0.99871,1.00,-0.06938,-0.03951,-0.00275,0.99680,0.03356,0.00743,-0.02079,0.99919,1.00
25753,0.00,0.00,0.10354,0.04522,-0.01709,0.99345,-0.06955,-0.01215,-0.00085,0.99750,0.03394,0.03431,-0.01600,0.99871,1.00,-0.06931,-0.03937,-0.00274,0.99681,0.03356,0.00742,-0.02070,0.99919,1.00
25767,0.00,0.00,0.10347,0.04513,-0.01699,0.99346,-0.06954,-0.01225,-0.00085,0.99750,0.03388,0.03412,-0.01593,0.99872,1.00,-0.06931,-0.03947,-0.00274,0.99681,0.03349,0.00723,-0.02062,0.99920,1.00
25781,0.00,0.00,0.10343,0.04508,-0.01698,0.99347,-0.06950,-0.01220,-0.00085,0.99751,0.03388,0.03412,-0.01591,0.99872,1.00,-0.06927,-0.03943,-0.00274,0.99682,0.03349,0.00723,-0.02060,0.99920,1.00
25795,0.00,0.00,0.10339,0.04500,-0.01691,0.99348,-0.06947,-0.01211,-0.00084,0.99751,0.03388,0.03411,-0.01584,0.99872,1.00,-0.06924,-0.03934,-0.00273,0.99682,0.03349,0.00723,-0.02053,0.99920,1.00
25809,0.00,0.00,0.10331,0.04500,-0.01678,0.99349,-0.06951,-0.01211,-0.00084,0.99751,0.03375,0.03411,-0.01570,0.99872,1.00,-0.06928,-0.03933,-0.00273,0.99682,0.03337,0.00722,-0.02039,0.99921,1.00
25822,0.00,0.00,0.10325,0.04492,-0.01664,0.99350,-0.06945,-0.01202,-0.00084,0.99751,0.03376,0.03411,-0.01555,0.99873,1.00,-0.06923,-0.03925,-0.00273,0.99682,0.03337,0.00722,-0.02024,0.99921,1.00
25836,0.00,0.00,0.10318,0.04489,-0.01649,0.99351,-0.06981,-0.01240,-0.00087,0.99748,0.03332,0.03370,-0.01546,0.99876,1.00,-0.06959,-0.03962,-0.00277,0.99678,0.03294,0.00681,-0.02015,0.99923,1.00
25850,0.00,0.00,0.10320,0.04472,-0.01625,0.99352,-0.06983,-0.01222,-0.00086,0.99748,0.03333,0.03369,-0.01519,0.99876,1.00,-0.06962,-0.03944,-0.00275,0.99679,0.03294,0.00680,-0.01989,0.99924,1.00
25864,0.00,0.00,0.10318,0.04466,-0.01611,0.99353,-0.06981,-0.01216,-0.00085,0.99749,0.03334,0.03368,-0.01505,0.99876,1.00,-0.06960,-0.03939,-0.00275,0.99679,0.03294,0.00679,-0.01974,0.99924,1.00
25877,0.00,0.00,0.10330,0.04439,-0.01594,0.99353,-0.07085,-0.01205,-0.00086,0.99741,0.03241,0.03352,-0.01485,0.99880,1.00,-0.07064,-0.03929,-0.00278,0.99672,0.03202,0.00663,-0.01958,0.99927,1.00
25892,0.00,0.00,0.10339,0.04422,-0.01584,0.99353,-0.07094,-0.01187,-0.00084,0.99741,0.03241,0.03352,-0.01473,0.99880,1.00,-0.07074,-0.03911,-0.00278,0.99672,0.03203,0.00662,-0.01946,0.99928,1.00
25906,0.00,0.00,0.10353,0.04407,-0.01571,0.99353,-0.07032,-0.01198,-0.00084,0.99745,0.03318,0.03325,-0.01465,0.99879,1.00,-0.07011,-0.03921,-0.00276,0.99676,0.03281,0.00635,-0.01937,0.99925,1.00
25919,0.00,0.00,0.10370,0.04385,-0.01547,0.99352,-0.07049,-0.01175,-0.00083,0.99744,0.03319,0.03324,-0.01439,0.99879,1.00,-0.07029,-0.03898,-0.00275,0.99676,0.03281,0.00635,-0.01912,0.99926,1.00
25933,0.00,0.00,0.10381,0.04370,-0.01541,0.99352,-0.07122,-0.01177,-0.00084,0.99739,0.03257,0.03308,-0.01431,0.99882,1.00,-0.07100,-0.03900,-0.00278,0.99671,0.03221,0.00619,-0.01906,0.99928,1.00
25947,0.00,0.00,0.10395,0.04355,-0.01529,0.99351,-0.07136,-0.01161,-0.00083,0.99738,0.03257,0.03308,-0.01417,0.99882,1.00,-0.07115,-0.03885,-0.00277,0.99670,0.03221,0.00618,-0.01893,0.99928,1.00
25961,0.00,0.00,0.10406,0.04344,-0.01514,0.99351,-0.07146,-0.01150,-0.00082,0.99738,0.03258,0.03307,-0.01401,0.99882,1.00,-0.07126,-0.03874,-0.00277,0.99670,0.03221,0.00618,-0.01878,0.99929,1.00
25975,0.00,0.00,0.10419,0.04332,-0.01489,0.99350,-0.06900,-0.01179,-0.00082,0.99755,0.03517,0.03262,-0.01390,0.99875,1.00,-0.06880,-0.03901,-0.00269,0.99686,0.03481,0.00573,-0.01860,0.99920,1.00
25989,0.00,0.00,0.10438,0.04324,-0.01478,0.99349,-0.06918,-0.01170,-0.00081,0.99754,0.03518,0.03261,-0.01378,0.99875,1.00,-0.06899,-0.03893,-0.00269,0.99685,0.03481,0.00573,-0.01849,0.99921,1.00
26003,0.00,0.00,0.10463,0.04312,-0.01468,0.99347,-0.07174,-0.01076,-0.00077,0.99737,0.03289,0.03345,-0.01344,0.99881,1.00,-0.07153,-0.03801,-0.00273,0.99671,0.03255,0.00655,-0.01823,0.99928,1.00
26017,0.00,0.00,0.10490,0.04310,-0.01455,0.99344,-0.07201,-0.01074,-0.00078,0.99735,0.03290,0.03344,-0.01330,0.99881,1.00,-0.07181,-0.03799,-0.00274,0.99669,0.03255,0.00655,-0.01811,0.99928,1.00
26031,0.00,0.00,0.10516,0.04301,-0.01426,0.99342,-0.07186,-0.00981,-0.00071,0.99737,0.03333,0.03424,-0.01286,0.99877,1.00,-0.07167,-0.03706,-0.00266,0.99674,0.03298,0.00735,-0.01767,0.99927,1.00
26045,0.00,0.00,0.10543,0.04299,-0.01413,0.99340,-0.07212,-0.00979,-0.00071,0.99735,0.03334,0.03424,-0.01273,0.99878,1.00,-0.07193,-0.03704,-0.00267,0.99672,0.03298,0.00734,-0.01755,0.99927,1.00
26059,0.00,0.00,0.10555,0.04297,-0.01407,0.99339,-0.07224,-0.00977,-0.00071,0.99734,0.03334,0.03424,-0.01266,0.99878,1.00,-0.07206,-0.03702,-0.00268,0.99671,0.03299,0.00734,-0.01750,0.99928,1.00
26073,350.00,0.00,0.10556,0.04298,-0.01399,0.99339,-0.07171,-0.00960,-0.00069,0.99738,0.03389,0.03441,-0.01257,0.99875,1.00,-0.07151,-0.03685,-0.00264,0.99676,0.03355,0.00751,-0.01739,0.99926,1.00
26086,350.00,0.00,0.10563,0.04289,-0.01411,0.99338,-0.07178,-0.00951,-0.00068,0.99737,0.03389,0.03441,-0.01268,0.99875,1.00,-0.07158,-0.03676,-0.00264,0.99675,0.03355,0.00752,-0.01750,0.99926,1.00
26100,350.00,0.00,0.10586,0.04292,-0.01422,0.99335,-0.07172,-0.00967,-0.00070,0.99738,0.03417,0.03430,-0.01282,0.99875,1.00,-0.07150,-0.03692,-0.00265,0.99675,0.03386,0.00741,-0.01764,0.99924,1.00
26114,350.00,0.00,0.10604,0.04293,-0.01406,0.99333,-0.07190,-0.00967,-0.00070,0.99736,0.03418,0.03429,-0.01266,0.99875,1.00,-0.07168,-0.03692,-0.00266,0.99674,0.03386,0.00740,-0.01749,0.99925,1.00
26128,350.00,0.00,0.10617,0.04294,-0.01391,0.99332,-0.07202,-0.00967,-0.00070,0.99736,0.03418,0.03429,-0.01250,0.99875,1.00,-0.07181,-0.03692,-0.00266,0.99673,0.03386,0.00740,-0.01734,0.99925,1.00
26142,350.00,0.00,0.10634,0.04300,-0.01376,0.99330,-0.07270,-0.01055,-0.00077,0.99730,0.03367,0.03348,-0.01249,0.99879,1.00,-0.07248,-0.03780,-0.00275,0.99665,0.03335,0.00659,-0.01735,0.99927,1.00
26156,350.00,0.00,0.10647,0.04304,-0.01379,0.99329,-0.07282,-0.01059,-0.00077,0.99729,0.03367,0.03348,-0.01252,0.99879,1.00,-0.07261,-0.03785,-0.00276,0.99664,0.03335,0.00659,-0.01739,0.99927,1.00
26170,350.00,0.00,0.10661,0.04304,-0.01373,0.99327,-0.07263,-0.01060,-0.00077,0.99730,0.03401,0.03348,-0.01247,0.99878,1.00,-0.07241,-0.03785,-0.00275,0.99665,0.03370,0.00659,-0.01734,0.99926,1.00
26184,350.00,0.00,0.10676,0.04297,-0.01364,0.99326,-0.07278,-0.01053,-0.00077,0.99729,0.03401,0.03348,-0.01237,0.99878,1.00,-0.07256,-0.03778,-0.00275,0.99664,0.03370,0.00659,-0.01725,0.99926,1.00
26198,350.00,0.00,0.10694,0.04295,-0.01355,0.99324,-0.07258,-0.00933,-0.00068,0.99732,0.03441,0.03462,-0.01207,0.99874,1.00,-0.07237,-0.03659,-0.00266,0.99670,0.03410,0.00774,-0.01695,0.99924,1.00
26212,350.00,0.00,0.10713,0.04283,-0.01347,0.99323,-0.07276,-0.00921,-0.00067,0.99731,0.03441,0.03462,-0.01197,0.99874,1.00,-0.07256,-0.03646,-0.00265,0.99669,0.03410,0.00773,-0.01686,0.99925,1.00
26226,350.00,0.00,0.10731,0.04268,-0.01343,0.99322,-0.07295,-0.00906,-0.00066,0.99729,0.03442,0.03462,-0.01191,0.99874,1.00,-0.07275,-0.03632,-0.00265,0.99669,0.03410,0.00773,-0.01681,0.99925,1.00
26240,350.00,0.00,0.10749,0.04254,-0.01343,0.99320,-0.07302,-0.00899,-0.00066,0.99729,0.03452,0.03455,-0.01191,0.99874,1.00,-0.07281,-0.03625,-0.00265,0.99668,0.03422,0.00766,-0.01682,0.99924,1.00
26253,350.00,0.00,0.10758,0.04251,-0.01336,0.99320,-0.07311,-0.00896,-0.00066,0.99728,0.03452,0.03454,-0.01183,0.99874,1.00,-0.07290,-0.03622,-0.00265,0.99668,0.03422,0.00766,-0.01675,0.99924,1.00
26267,350.00,0.00,0.10746,0.04238,-0.01307,0.99322,-0.07607,-0.01244,-0.00095,0.99702,0.03138,0.03100,-0.01208,0.99895,1.00,-0.07583,-0.03970,-0.00302,0.99633,0.03111,0.00411,-0.01707,0.99936,1.00
26281,350.00,0.00,0.10749,0.04235,-0.01309,0.99322,-0.07610,-0.01241,-0.00095,0.99702,0.03138,0.03100,-0.01210,0.99895,1.00,-0.07586,-0.03968,-0.00302,0.99632,0.03111,0.00411,-0.01709,0.99936,1.00
26295,350.00,0.00,0.10748,0.04234,-0.01325,0.99322,-0.07610,-0.01241,-0.00095,0.99702,0.03138,0.03100,-0.01226,0.99895,1.00,-0.07584,-0.03967,-0.00302,0.99633,0.03111,0.00411,-0.01725,0.99936,1.00
26309,350.00,0.00,0.10756,0.04236,-0.01326,0.99321,-0.10519,-0.01437,-0.00152,0.99435,0.00223,0.02941,-0.01178,0.99950,1.00,-0.10479,-0.04184,-0.00441,0.99360,0.00206,0.00239,-0.01762,0.99984,1.00
26323,350.00,0.00,0.10768,0.04234,-0.01328,0.99319,-0.10531,-0.01435,-0.00152,0.99434,0.00223,0.02941,-0.01180,0.99950,1.00,-0.10491,-0.04183,-0.00442,0.99359,0.00206,0.00239,-0.01764,0.99984,1.00
26337,350.00,0.00,0.10779,0.04224,-0.01327,0.99319,-0.12923,-0.01506,-0.00196,0.99150,-0.02176,0.02885,-0.01128,0.99928,1.00,-0.12872,-0.04278,-0.00556,0.99074,-0.02186,0.00167,-0.01784,0.99960,1.00
26351,350.00,0.00,0.10793,0.04213,-0.01333,0.99318,-0.12938,-0.01496,-0.00195,0.99148,-0.02176,0.02885,-0.01132,0.99928,1.00,-0.12887,-0.04268,-0.00555,0.99073,-0.02186,0.00167,-0.01790,0.99960,1.00
26365,350.00,0.00,0.10812,0.04200,-0.01342,0.99316,-0.12948,-0.01496,-0.00195,0.99147,-0.02168,0.02873,-0.01142,0.99929,1.00,-0.12897,-0.04268,-0.00556,0.99071,-0.02178,0.00155,-0.01801,0.99960,1.00
26378,350.00,0.00,0.10824,0.04186,-0.01345,0.99315,-0.12960,-0.01483,-0.00194,0.99145,-0.02168,0.02873,-0.01144,0.99929,1.00,-0.12909,-0.04255,-0.00554,0.99070,-0.02178,0.00155,-0.01803,0.99960,1.00
26393,350.00,0.00,0.10831,0.04173,-0.01340,0.99315,-0.12967,-0.01470,-0.00192,0.99145,-0.02168,0.02873,-0.01137,0.99929,1.00,-0.12916,-0.04242,-0.00553,0.99070,-0.02178,0.00155,-0.01797,0.99960,1.00
26407,350.00,0.00,0.10847,0.04169,-0.01336,0.99314,-0.13175,-0.01330,-0.00177,0.99119,-0.02358,0.03007,-0.01095,0.99921,1.00,-0.13126,-0.04105,-0.00544,0.99048,-0.02370,0.00287,-0.01761,0.99956,1.00
26420,350.00,0.00,0.10863,0.04159,-0.01339,0.99312,-0.13191,-0.01321,-0.00176,0.99117,-0.02358,0.03007,-0.01096,0.99921,1.00,-0.13142,-0.04096,-0.00543,0.99047,-0.02370,0.00287,-0.01764,0.99956,1.00
26434,350.00,0.00,0.10878,0.04148,-0.01327,0.99311,-0.14853,-0.01342,-0.00202,0.98881,-0.04021,0.02987,-0.01042,0.99869,1.00,-0.14799,-0.04138,-0.00620,0.98810,-0.04029,0.00253,-0.01763,0.99903,1.00
26448,350.00,0.00,0.10889,0.04136,-0.01329,0.99310,-0.14864,-0.01331,-0.00200,0.98880,-0.04021,0.02987,-0.01043,0.99869,1.00,-0.14809,-0.04127,-0.00619,0.98809,-0.04029,0.00253,-0.01765,0.99903,1.00
26462,350.00,0.00,0.10897,0.04130,-0.01322,0.99310,-0.14872,-0.01323,-0.00199,0.98879,-0.04021,0.02988,-0.01035,0.99869,1.00,-0.14818,-0.04119,-0.00618,0.98808,-0.04029,0.00253,-0.01757,0.99903,1.00
26476,350.00,0.00,0.10906,0.04120,-0.01315,0.99309,-0.14850,-0.01167,-0.00175,0.98884,-0.03986,0.03129,-0.00990,0.99867,1.00,-0.14799,-0.03964,-0.00594,0.98818,-0.03996,0.00394,-0.01711,0.99905,1.00
26490,350.00,0.00,0.10912,0.04115,-0.01311,0.99309,-0.14856,-0.01162,-0.00175,0.98883,-0.03986,0.03129,-0.00985,0.99867,1.00,-0.14805,-0.03958,-0.00593,0.98817,-0.03996,0.00394,-0.01707,0.99905,1.00
26504,350.00,0.00,0.10914,0.04113,-0.01309,0.99309,-0.14903,-0.01179,-0.00178,0.98876,-0.04032,0.03110,-0.00986,0.99865,1.00,-0.14852,-0.03976,-0.00598,0.98809,-0.04042,0.00375,-0.01710,0.99903,1.00
26518,350.00,0.00,0.10911,0.04112,-0.01303,0.99309,-0.14901,-0.01177,-0.00177,0.98876,-0.04032,0.03110,-0.00980,0.99865,1.00,-0.14849,-0.03974,-0.00597,0.98810,-0.04042,0.00375,-0.01704,0.99903,1.00
26532,350.00,0.00,0.10905,0.04112,-0.01297,0.99310,-0.14985,-0.01171,-0.00177,0.98864,-0.04123,0.03116,-0.00970,0.99862,1.00,-0.14934,-0.03969,-0.00600,0.98797,-0.04133,0.00380,-0.01696,0.99899,1.00
26546,350.00,0.00,0.10890,0.04108,-0.01288,0.99312,-0.14970,-0.01165,-0.00176,0.98866,-0.04123,0.03116,-0.00960,0.99862,1.00,-0.14919,-0.03963,-0.00598,0.98800,-0.04133,0.00380,-0.01685,0.99900,1.00
26560,350.00,0.00,0.10876,0.04106,-0.01280,0.99314,-0.14956,-0.01162,-0.00176,0.98868,-0.04122,0.03116,-0.00952,0.99862,1.00,-0.14905,-0.03959,-0.00597,0.98802,-0.04133,0.00380,-0.01676,0.99900,1.00
26574,350.00,0.00,0.10877,0.04104,-0.01286,0.99314,-0.15109,-0.01162,-0.00178,0.98845,-0.04277,0.03116,-0.00954,0.99855,1.00,-0.15057,-0.03962,-0.00604,0.98779,-0.04286,0.00378,-0.01683,0.99893,1.00
26587,350.00,0.00,0.10883,0.04096,-0.01285,0.99313,-0.15116,-0.01154,-0.00177,0.98844,-0.04277,0.03116,-0.00952,0.99855,1.00,-0.15064,-0.03954,-0.00603,0.98778,-0.04286,0.00379,-0.01681,0.99893,1.00
26602,350.00,0.00,0.10892,0.04086,-0.01268,0.99313,-0.15134,-0.01153,-0.00177,0.98841,-0.04286,0.03104,-0.00936,0.99855,1.00,-0.15082,-0.03953,-0.00604,0.98775,-0.04295,0.00366,-0.01666,0.99893,1.00
26615,350.00,0.00,0.10901,0.04079,-0.01255,0.99312,-0.15143,-0.01144,-0.00175,0.98840,-0.04286,0.03105,-0.00922,0.99856,1.00,-0.15092,-0.03944,-0.00603,0.98774,-0.04295,0.00367,-0.01653,0.99893,1.00
26629,350.00,0.00,0.10901,0.04079,-0.01259,0.99312,-0.15143,-0.01145,-0.00175,0.98840,-0.04286,0.03105,-0.00926,0.99856,1.00,-0.15092,-0.03945,-0.00603,0.98774,-0.04295,0.00367,-0.01657,0.99893,1.00
26643,350.00,0.00,0.10886,0.04075,-0.01254,0.99314,-0.15186,-0.01014,-0.00156,0.98835,-0.04341,0.03228,-0.00886,0.99850,1.00,-0.15137,-0.03816,-0.00585,0.98772,-0.04352,0.00489,-0.01618,0.99891,1.00
26657,350.00,0.00,0.10865,0.04078,-0.01255,0.99316,-0.15164,-0.01017,-0.00156,0.98838,-0.04341,0.03228,-0.00887,0.99850,1.00,-0.15116,-0.03818,-0.00584,0.98776,-0.04352,0.00490,-0.01618,0.99891,1.00
26671,350.00,0.00,0.10846,0.04088,-0.01279,0.99318,-0.14966,-0.01240,-0.00188,0.98866,-0.04164,0.03022,-0.00974,0.99863,1.00,-0.14911,-0.04037,-0.00609,0.98798,-0.04170,0.00286,-0.01697,0.99898,1.00
26685,350.00,0.00,0.10838,0.04102,-0.01290,0.99318,-0.14958,-0.01256,-0.00190,0.98867,-0.04164,0.03021,-0.00986,0.99863,1.00,-0.14902,-0.04054,-0.00611,0.98798,-0.04170,0.00285,-0.01709,0.99898,1.00
26699,350.00,0.00,0.10836,0.04120,-0.01276,0.99318,-0.15008,-0.01213,-0.00184,0.98860,-0.04216,0.03080,-0.00958,0.99859,1.00,-0.14955,-0.04011,-0.00607,0.98792,-0.04224,0.00343,-0.01683,0.99896,1.00
26713,350.00,0.00,0.10835,0.04137,-0.01259,0.99317,-0.15007,-0.01227,-0.00186,0.98860,-0.04216,0.03081,-0.00942,0.99859,1.00,-0.14954,-0.04025,-0.00609,0.98792,-0.04224,0.00344,-0.01666,0.99896,1.00
26728,350.00,0.00,0.10847,0.04176,-0.01250,0.99314,-0.15018,-0.01264,-0.00192,0.98858,-0.04216,0.03081,-0.00937,0.99859,1.00,-0.14966,-0.04063,-0.00615,0.98788,-0.04224,0.00344,-0.01662,0.99896,1.00
26741,350.00,0.00,0.10850,0.04194,-0.01254,0.99313,-0.15036,-0.01359,-0.00207,0.98854,-0.04233,0.03007,-0.00962,0.99861,1.00,-0.14981,-0.04158,-0.00631,0.98782,-0.04239,0.00270,-0.01688,0.99895,1.00
26755,350.00,0.00,0.10855,0.04207,-0.01254,0.99312,-0.15041,-0.01373,-0.00209,0.98853,-0.04233,0.03006,-0.00963,0.99861,1.00,-0.14986,-0.04171,-0.00633,0.98781,-0.04239,0.00270,-0.01689,0.99895,1.00
26769,350.00,0.00,0.10853,0.04209,-0.01250,0.99312,-0.15039,-0.01373,-0.00209,0.98853,-0.04234,0.03008,-0.00959,0.99860,1.00,-0.14984,-0.04171,-0.00633,0.98781,-0.04239,0.00271,-0.01685,0.99896,1.00
26783,350.00,0.00,0.10842,0.04208,-0.01253,0.99314,-0.15029,-0.01373,-0.00209,0.98854,-0.04234,0.03008,-0.00963,0.99860,1.00,-0.14973,-0.04171,-0.00632,0.98783,-0.04239,0.00271,-0.01688,0.99895,1.00
26797,350.00,0.00,0.10825,0.04202,-0.01255,0.99316,-0.15012,-0.01366,-0.00207,0.98857,-0.04234,0.03007,-0.00964,0.99860,1.00,-0.14957,-0.04164,-0.00630,0.98785,-0.04239,0.00271,-0.01688,0.99895,1.00
26810,350.00,0.00,0.10813,0.04192,-0.01262,0.99317,-0.14944,-0.01359,-0.00205,0.98868,-0.04177,0.03005,-0.00973,0.99863,1.00,-0.14887,-0.04156,-0.00626,0.98796,-0.04181,0.00269,-0.01695,0.99898,1.00
26824,350.00,0.00,0.10803,0.04193,-0.01268,0.99318,-0.14933,-0.01362,-0.00206,0.98869,-0.04177,0.03004,-0.00978,0.99863,1.00,-0.14877,-0.04159,-0.00626,0.98798,-0.04181,0.00269,-0.01700,0.99898,1.00
26838,350.00,0.00,0.10791,0.04202,-0.01273,0.99319,-0.14838,-0.01344,-0.00202,0.98884,-0.04092,0.03031,-0.00981,0.99865,1.00,-0.14782,-0.04140,-0.00619,0.98813,-0.04097,0.00296,-0.01699,0.99901,1.00
26852,350.00,0.00,0.10776,0.04216,-0.01274,0.99320,-0.14823,-0.01359,-0.00204,0.98886,-0.04092,0.03031,-0.00984,0.99865,1.00,-0.14767,-0.04154,-0.00621,0.98814,-0.04097,0.00296,-0.01701,0.99901,1.00
26866,350.00,0.00,0.10769,0.04246,-0.01310,0.99319,-0.14709,-0.01500,-0.00223,0.98901,-0.03987,0.02927,-0.01054,0.99872,1.00,-0.14649,-0.04293,-0.00636,0.98826,-0.03990,0.00193,-0.01767,0.99905,1.00
26880,350.00,0.00,0.10763,0.04272,-0.01326,0.99318,-0.14703,-0.01529,-0.00227,0.98901,-0.03988,0.02926,-0.01074,0.99872,1.00,-0.14642,-0.04322,-0.00640,0.98826,-0.03990,0.00192,-0.01786,0.99904,1.00
26895,350.00,0.00,0.10758,0.04289,-0.01331,0.99318,-0.14698,-0.01547,-0.00230,0.98902,-0.03988,0.02926,-0.01081,0.99872,1.00,-0.14637,-0.04340,-0.00643,0.98826,-0.03990,0.00192,-0.01793,0.99904,1.00
26908,350.00,0.00,0.10760,0.04308,-0.01345,0.99317,-0.14686,-0.01534,-0.00228,0.98904,-0.03975,0.02960,-0.01089,0.99871,1.00,-0.14626,-0.04327,-0.00640,0.98828,-0.03978,0.00226,-0.01801,0.99904,1.00
26922,350.00,0.00,0.10757,0.04327,-0.01357,0.99316,-0.14683,-0.01555,-0.00231,0.98904,-0.03975,0.02959,-0.01104,0.99871,1.00,-0.14622,-0.04348,-0.00643,0.98828,-0.03978,0.00226,-0.01815,0.99904,1.00
26936,350.00,0.00,0.10749,0.04337,-0.01375,0.99316,-0.14692,-0.01520,-0.00226,0.98903,-0.03990,0.03006,-0.01110,0.99869,1.00,-0.14632,-0.04313,-0.00639,0.98828,-0.03995,0.00272,-0.01822,0.99903,1.00
26950,350.00,0.00,0.10736,0.04345,-0.01391,0.99317,-0.14678,-0.01531,-0.00227,0.98905,-0.03991,0.03005,-0.01128,0.99869,1.00,-0.14617,-0.04323,-0.00639,0.98829,-0.03995,0.00272,-0.01839,0.99903,1.00
26964,350.00,0.00,0.10718,0.04343,-0.01392,0.99319,-0.15063,-0.01507,-0.00230,0.98847,-0.04397,0.03030,-0.01112,0.99851,1.00,-0.15002,-0.04305,-0.00654,0.98772,-0.04401,0.00293,-0.01835,0.99886,1.00
26977,350.00,0.00,0.10709,0.04337,-0.01402,0.99320,-0.15054,-0.01504,-0.00229,0.98849,-0.04397,0.03030,-0.01122,0.99851,1.00,-0.14992,-0.04302,-0.00653,0.98774,-0.04402,0.00292,-0.01844,0.99886,1.00
26991,350.00,0.00,0.10708,0.04335,-0.01411,0.99320,-0.15053,-0.01503,-0.00229,0.98849,-0.04397,0.03029,-0.01131,0.99851,1.00,-0.14991,-0.04301,-0.00653,0.98774,-0.04402,0.00292,-0.01853,0.99885,1.00
27005,350.00,0.00,0.10706,0.04317,-0.01420,0.99321,-0.15074,-0.01463,-0.00223,0.98846,-0.04420,0.03052,-0.01132,0.99849,1.00,-0.15014,-0.04261,-0.00648,0.98773,-0.04426,0.00314,-0.01854,0.99884,1.00
27019,350.00,0.00,0.10707,0.04300,-0.01426,0.99322,-0.15076,-0.01447,-0.00221,0.98846,-0.04420,0.03052,-0.01135,0.99849,1.00,-0.15015,-0.04245,-0.00645,0.98773,-0.04426,0.00314,-0.01858,0.99884,1.00
27033,350.00,0.00,0.10707,0.04270,-0.01430,0.99323,-0.14658,-0.01421,-0.00211,0.98909,-0.03998,0.03044,-0.01149,0.99867,1.00,-0.14600,-0.04214,-0.00622,0.98837,-0.04006,0.00311,-0.01859,0.99902,1.00
27047,350.00,0.00,0.10703,0.04251,-0.01430,0.99324,-0.14655,-0.01402,-0.00208,0.98910,-0.03998,0.03044,-0.01148,0.99867,1.00,-0.14597,-0.04195,-0.00619,0.98838,-0.04006,0.00311,-0.01857,0.99902,1.00
27062,350.00,0.00,0.10700,0.04235,-0.01426,0.99325,-0.14651,-0.01385,-0.00205,0.98911,-0.03998,0.03045,-0.01142,0.99867,1.00,-0.14594,-0.04177,-0.00617,0.98839,-0.04006,0.00311,-0.01851,0.99902,1.00
27075,350.00,0.00,0.10694,0.04219,-0.01431,0.99327,-0.14652,-0.01434,-0.00212,0.98910,-0.04005,0.02981,-0.01162,0.99869,1.00,-0.14594,-0.04227,-0.00624,0.98837,-0.04013,0.00247,-0.01871,0.99902,1.00
27089,350.00,0.00,0.10693,0.04201,-0.01427,0.99328,-0.14650,-0.01416,-0.00210,0.98911,-0.04005,0.02981,-0.01156,0.99869,1.00,-0.14593,-0.04208,-0.00621,0.98838,-0.04013,0.00248,-0.01865,0.99902,1.00
27103,350.00,0.00,0.10682,0.04190,-0.01424,0.99329,-0.14813,-0.01380,-0.00207,0.98887,-0.04178,0.03006,-0.01140,0.99861,1.00,-0.14757,-0.04175,-0.00623,0.98815,-0.04187,0.00271,-0.01854,0.99895,1.00
27117,350.00,0.00,0.10677,0.04185,-0.01411,0.99330,-0.14807,-0.01372,-0.00205,0.98888,-0.04178,0.03006,-0.01126,0.99861,1.00,-0.14752,-0.04166,-0.00622,0.98816,-0.04187,0.00271,-0.01839,0.99895,1.00
27131,350.00,0.00,0.10674,0.04175,-0.01411,0.99331,-0.14804,-0.01362,-0.00204,0.98889,-0.04178,0.03007,-0.01125,0.99861,1.00,-0.14749,-0.04156,-0.00620,0.98817,-0.04187,0.00271,-0.01839,0.99895,1.00
27144,350.00,0.00,0.10685,0.04173,-0.01409,0.99330,-0.14828,-0.01262,-0.00189,0.98886,-0.04188,0.03102,-0.01098,0.99858,1.00,-0.14775,-0.04058,-0.00607,0.98817,-0.04199,0.00366,-0.01812,0.99895,1.00
27159,350.00,0.00,0.10719,0.04171,-0.01414,0.99326,-0.14861,-0.01262,-0.00190,0.98881,-0.04188,0.03102,-0.01102,0.99858,1.00,-0.14808,-0.04058,-0.00608,0.98812,-0.04199,0.00366,-0.01819,0.99895,1.00
27172,350.00,0.00,0.10762,0.04172,-0.01407,0.99322,-0.14774,-0.01287,-0.00192,0.98894,-0.04057,0.03076,-0.01105,0.99864,1.00,-0.14721,-0.04082,-0.00608,0.98824,-0.04069,0.00341,-0.01820,0.99900,1.00
27186,350.00,0.00,0.10783,0.04163,-0.01394,0.99320,-0.14795,-0.01276,-0.00191,0.98891,-0.04057,0.03077,-0.01090,0.99864,1.00,-0.14743,-0.04071,-0.00607,0.98822,-0.04069,0.00342,-0.01806,0.99900,1.00
27200,350.00,0.00,0.10792,0.04160,-0.01395,0.99319,-0.14765,-0.01360,-0.00203,0.98894,-0.04019,0.02992,-0.01113,0.99868,1.00,-0.14711,-0.04154,-0.00618,0.98823,-0.04029,0.00257,-0.01829,0.99902,1.00
27214,350.00,0.00,0.10791,0.04152,-0.01396,0.99319,-0.14764,-0.01352,-0.00202,0.98895,-0.04019,0.02992,-0.01114,0.99868,1.00,-0.14710,-0.04146,-0.00617,0.98823,-0.04029,0.00257,-0.01830,0.99902,1.00
27228,350.00,0.00,0.10776,0.04137,-0.01400,0.99322,-0.14750,-0.01336,-0.00199,0.98897,-0.04019,0.02992,-0.01117,0.99868,1.00,-0.14696,-0.04131,-0.00614,0.98826,-0.04029,0.00257,-0.01831,0.99902,1.00
27242,350.00,0.00,0.10762,0.04126,-0.01424,0.99323,-0.14755,-0.01345,-0.00201,0.98896,-0.04039,0.02977,-0.01144,0.99867,1.00,-0.14699,-0.04139,-0.00616,0.98825,-0.04048,0.00242,-0.01858,0.99900,1.00
27256,350.00,0.00,0.10769,0.04107,-0.01461,0.99323,-0.14763,-0.01333,-0.00199,0.98895,-0.04040,0.02975,-0.01180,0.99867,1.00,-0.14705,-0.04127,-0.00614,0.98825,-0.04048,0.00241,-0.01894,0.99900,1.00
27270,350.00,0.00,0.10777,0.04098,-0.01475,0.99322,-0.14946,-0.01385,-0.00209,0.98867,-0.04219,0.02919,-0.01203,0.99861,1.00,-0.14886,-0.04181,-0.00630,0.98795,-0.04225,0.00183,-0.01924,0.99892,1.00
27284,350.00,0.00,0.10793,0.04089,-0.01477,0.99321,-0.14962,-0.01376,-0.00208,0.98865,-0.04219,0.02919,-0.01204,0.99861,1.00,-0.14902,-0.04173,-0.00629,0.98793,-0.04225,0.00183,-0.01925,0.99892,1.00
27298,350.00,0.00,0.10809,0.04083,-0.01475,0.99319,-0.14971,-0.01273,-0.00193,0.98865,-0.04209,0.03015,-0.01175,0.99859,1.00,-0.14915,-0.04070,-0.00614,0.98796,-0.04220,0.00278,-0.01898,0.99893,1.00
27311,350.00,0.00,0.10809,0.04080,-0.01468,0.99319,-0.14971,-0.01268,-0.00192,0.98865,-0.04209,0.03015,-0.01169,0.99859,1.00,-0.14916,-0.04065,-0.00614,0.98796,-0.04220,0.00278,-0.01891,0.99893,1.00
27326,350.00,0.00,0.10811,0.04081,-0.01454,0.99319,-0.14973,-0.01266,-0.00192,0.98864,-0.04209,0.03015,-0.01153,0.99859,1.00,-0.14918,-0.04064,-0.00614,0.98796,-0.04220,0.00279,-0.01876,0.99893,1.00
27340,350.00,0.00,0.10819,0.04074,-0.01439,0.99319,-0.14867,-0.01320,-0.00198,0.98880,-0.04095,0.02953,-0.01157,0.99866,1.00,-0.14813,-0.04116,-0.00617,0.98809,-0.04107,0.00217,-0.01877,0.99898,1.00
27354,350.00,0.00,0.10823,0.04063,-0.01423,0.99319,-0.14871,-0.01306,-0.00196,0.98879,-0.04095,0.02953,-0.01139,0.99866,1.00,-0.14818,-0.04102,-0.00615,0.98809,-0.04107,0.00218,-0.01859,0.99898,1.00
27368,350.00,0.00,0.10825,0.04041,-0.01409,0.99320,-0.14857,-0.01298,-0.00195,0.98881,-0.04079,0.02937,-0.01128,0.99867,1.00,-0.14805,-0.04094,-0.00613,0.98811,-0.04090,0.00202,-0.01847,0.99899,1.00
27381,350.00,0.00,0.10824,0.04016,-0.01388,0.99322,-0.14856,-0.01268,-0.00191,0.98882,-0.04078,0.02938,-0.01102,0.99868,1.00,-0.14805,-0.04064,-0.00609,0.98813,-0.04090,0.00203,-0.01822,0.99900,1.00
27395,350.00,0.00,0.10816,0.03998,-0.01371,0.99323,-0.14848,-0.01247,-0.00187,0.98884,-0.04077,0.02939,-0.01083,0.99868,1.00,-0.14798,-0.04043,-0.00605,0.98815,-0.04090,0.00204,-0.01802,0.99900,1.00
27409,350.00,0.00,0.10812,0.03976,-0.01358,0.99325,-0.14721,-0.01256,-0.00187,0.98902,-0.03953,0.02905,-0.01079,0.99874,1.00,-0.14670,-0.04050,-0.00601,0.98833,-0.03964,0.00171,-0.01794,0.99905,1.00
27423,350.00,0.00,0.10797,0.03956,-0.01332,0.99328,-0.14705,-0.01230,-0.00183,0.98905,-0.03952,0.02906,-0.01050,0.99874,1.00,-0.14657,-0.04024,-0.00597,0.98836,-0.03964,0.00172,-0.01764,0.99906,1.00
27437,350.00,0.00,0.10792,0.03954,-0.01347,0.99328,-0.14966,-0.01253,-0.00190,0.98866,-0.04219,0.02886,-0.01064,0.99864,1.00,-0.14913,-0.04050,-0.00611,0.98797,-0.04229,0.00150,-0.01785,0.99894,1.00
27451,350.00,0.00,0.10787,0.03951,-0.01350,0.99329,-0.14960,-0.01251,-0.00189,0.98867,-0.04220,0.02886,-0.01067,0.99864,1.00,-0.14908,-0.04048,-0.00611,0.98798,-0.04229,0.00150,-0.01788,0.99894,1.00
27465,350.00,0.00,0.10775,0.03943,-0.01337,0.99331,-0.14966,-0.00514,-0.00078,0.98872,-0.04222,0.03596,-0.00864,0.99842,1.00,-0.14928,-0.03314,-0.00501,0.98823,-0.04244,0.00858,-0.01587,0.99894,1.00
27479,350.00,0.00,0.10767,0.03939,-0.01326,0.99332,-0.14957,-0.00508,-0.00077,0.98874,-0.04222,0.03597,-0.00853,0.99842,1.00,-0.14920,-0.03307,-0.00499,0.98824,-0.04244,0.00859,-0.01575,0.99894,1.00
27493,350.00,0.00,0.10759,0.03941,-0.01317,0.99333,-0.14950,-0.00508,-0.00077,0.98875,-0.04222,0.03597,-0.00844,0.99843,1.00,-0.14913,-0.03307,-0.00499,0.98825,-0.04244,0.00859,-0.01566,0.99894,1.00
27507,350.00,0.00,0.10756,0.03945,-0.01314,0.99333,-0.14965,-0.00535,-0.00081,0.98872,-0.04241,0.03574,-0.00846,0.99842,1.00,-0.14927,-0.03335,-0.00504,0.98822,-0.04262,0.00836,-0.01568,0.99893,1.00
27520,350.00,0.00,0.10759,0.03941,-0.01313,0.99333,-0.14968,-0.00531,-0.00080,0.98872,-0.04241,0.03574,-0.00845,0.99843,1.00,-0.14930,-0.03331,-0.00503,0.98822,-0.04262,0.00836,-0.01567,0.99893,1.00
27534,350.00,0.00,0.10764,0.03939,-0.01306,0.99332,-0.15020,-0.00410,-0.00062,0.98865,-0.04286,0.03691,-0.00806,0.99837,1.00,-0.14984,-0.03210,-0.00487,0.98818,-0.04309,0.00952,-0.01530,0.99891,1.00
27548,350.00,0.00,0.10771,0.03931,-0.01296,0.99332,-0.15027,-0.00399,-0.00061,0.98864,-0.04286,0.03691,-0.00794,0.99837,1.00,-0.14992,-0.03200,-0.00485,0.98817,-0.04309,0.00952,-0.01518,0.99891,1.00
27562,350.00,0.00,0.10780,0.03923,-0.01287,0.99332,-0.15036,-0.00389,-0.00059,0.98862,-0.04285,0.03692,-0.00783,0.99837,1.00,-0.15001,-0.03190,-0.00484,0.98816,-0.04309,0.00953,-0.01508,0.99891,1.00
27576,350.00,0.00,0.10779,0.03907,-0.01276,0.99332,-0.14942,-0.00380,-0.00057,0.98877,-0.04191,0.03683,-0.00775,0.99841,1.00,-0.14907,-0.03180,-0.00480,0.98830,-0.04214,0.00945,-0.01497,0.99896,1.00
27590,350.00,0.00,0.10774,0.03887,-0.01264,0.99334,-0.14936,-0.00357,-0.00054,0.98878,-0.04190,0.03683,-0.00761,0.99841,1.00,-0.14903,-0.03157,-0.00476,0.98832,-0.04214,0.00945,-0.01483,0.99896,1.00
27604,350.00,0.00,0.10762,0.03878,-0.01256,0.99336,-0.15013,-0.00353,-0.00054,0.98866,-0.04279,0.03678,-0.00751,0.99838,1.00,-0.14978,-0.03154,-0.00478,0.98820,-0.04302,0.00939,-0.01474,0.99892,1.00
27618,350.00,0.00,0.10753,0.03868,-0.01247,0.99337,-0.15003,-0.00341,-0.00052,0.98868,-0.04279,0.03678,-0.00740,0.99838,1.00,-0.14970,-0.03142,-0.00476,0.98822,-0.04302,0.00940,-0.01463,0.99892,1.00
27632,350.00,0.00,0.10748,0.03864,-0.01243,0.99338,-0.14948,-0.00223,-0.00034,0.98876,-0.04226,0.03788,-0.00709,0.99836,1.00,-0.14917,-0.03024,-0.00456,0.98834,-0.04250,0.01049,-0.01431,0.99894,1.00
27646,350.00,0.00,0.10743,0.03859,-0.01238,0.99339,-0.14943,-0.00217,-0.00033,0.98877,-0.04226,0.03788,-0.00703,0.99836,1.00,-0.14912,-0.03018,-0.00455,0.98835,-0.04250,0.01050,-0.01425,0.99894,1.00
27660,350.00,0.00,0.10749,0.03862,-0.01236,0.99338,-0.14949,-0.00220,-0.00033,0.98876,-0.04226,0.03788,-0.00702,0.99836,1.00,-0.14918,-0.03021,-0.00456,0.98834,-0.04250,0.01050,-0.01424,0.99894,1.00
27674,350.00,0.00,0.10758,0.03858,-0.01231,0.99337,-0.14975,-0.00385,-0.00058,0.98872,-0.04246,0.03623,-0.00738,0.99841,1.00,-0.14940,-0.03185,-0.00481,0.98825,-0.04267,0.00884,-0.01461,0.99894,1.00
27688,350.00,0.00,0.10773,0.03863,-0.01227,0.99335,-0.14990,-0.00389,-0.00059,0.98869,-0.04246,0.03623,-0.00734,0.99841,1.00,-0.14955,-0.03189,-0.00483,0.98823,-0.04267,0.00884,-0.01458,0.99894,1.00
27702,350.00,0.00,0.10778,0.03863,-0.01223,0.99335,-0.14895,-0.01089,-0.00164,0.98878,-0.04158,0.02938,-0.00914,0.99866,1.00,-0.14845,-0.03886,-0.00584,0.98814,-0.04167,0.00202,-0.01634,0.99900,1.00
27715,350.00,0.00,0.10785,0.03860,-0.01227,0.99334,-0.14902,-0.01087,-0.00164,0.98877,-0.04158,0.02938,-0.00917,0.99866,1.00,-0.14853,-0.03884,-0.00584,0.98813,-0.04167,0.00201,-0.01637,0.99900,1.00
27729,350.00,0.00,0.10790,0.03862,-0.01229,0.99334,-0.14907,-0.01089,-0.00164,0.98877,-0.04158,0.02938,-0.00920,0.99866,1.00,-0.14857,-0.03887,-0.00584,0.98812,-0.04167,0.00201,-0.01641,0.99899,1.00
27743,350.00,0.00,0.10787,0.03862,-0.01214,0.99334,-0.14895,-0.01092,-0.00164,0.98878,-0.04149,0.02932,-0.00906,0.99867,1.00,-0.14846,-0.03889,-0.00584,0.98814,-0.04157,0.00196,-0.01626,0.99900,1.00
27757,350.00,0.00,0.10794,0.03857,-0.01209,0.99333,-0.14902,-0.01086,-0.00164,0.98877,-0.04149,0.02933,-0.00901,0.99867,1.00,-0.14853,-0.03884,-0.00584,0.98813,-0.04157,0.00196,-0.01621,0.99900,1.00
27771,350.00,0.00,0.10812,0.03859,-0.01216,0.99331,-0.15017,-0.01050,-0.00159,0.98860,-0.04247,0.02972,-0.00894,0.99862,1.00,-0.14968,-0.03849,-0.00583,0.98797,-0.04255,0.00234,-0.01619,0.99896,1.00
27785,350.00,0.00,0.10816,0.03856,-0.01226,0.99331,-0.15021,-0.01049,-0.00159,0.98860,-0.04247,0.02971,-0.00905,0.99861,1.00,-0.14971,-0.03848,-0.00583,0.98796,-0.04255,0.00234,-0.01629,0.99896,1.00
27799,350.00,0.00,0.10810,0.03858,-0.01236,0.99331,-0.14999,-0.01031,-0.00156,0.98863,-0.04230,0.02992,-0.00910,0.99862,1.00,-0.14949,-0.03830,-0.00579,0.98801,-0.04238,0.00255,-0.01634,0.99896,1.00
27813,350.00,0.00,0.10793,0.03856,-0.01256,0.99333,-0.14982,-0.01033,-0.00157,0.98866,-0.04231,0.02991,-0.00931,0.99861,1.00,-0.14931,-0.03832,-0.00579,0.98803,-0.04238,0.00254,-0.01654,0.99896,1.00
27827,350.00,0.00,0.10786,0.03865,-0.01301,0.99333,-0.14977,-0.01051,-0.00159,0.98866,-0.04232,0.02989,-0.00978,0.99861,1.00,-0.14923,-0.03849,-0.00581,0.98804,-0.04238,0.00252,-0.01701,0.99895,1.00
27841,350.00,0.00,0.10786,0.03870,-0.01311,0.99333,-0.14980,-0.00950,-0.00144,0.98867,-0.04234,0.03094,-0.00962,0.99858,1.00,-0.14929,-0.03749,-0.00566,0.98807,-0.04243,0.00357,-0.01684,0.99895,1.00
27854,350.00,0.00,0.10791,0.03882,-0.01321,0.99331,-0.14985,-0.00965,-0.00146,0.98866,-0.04235,0.03094,-0.00974,0.99858,1.00,-0.14933,-0.03764,-0.00569,0.98805,-0.04243,0.00356,-0.01697,0.99895,1.00
27868,350.00,0.00,0.10798,0.03897,-0.01333,0.99330,-0.14942,-0.01073,-0.00162,0.98871,-0.04186,0.03004,-0.01012,0.99862,1.00,-0.14889,-0.03871,-0.00583,0.98808,-0.04194,0.00267,-0.01734,0.99897,1.00
27882,350.00,0.00,0.10809,0.03910,-0.01342,0.99328,-0.14952,-0.01088,-0.00165,0.98870,-0.04186,0.03004,-0.01023,0.99862,1.00,-0.14899,-0.03886,-0.00586,0.98806,-0.04194,0.00267,-0.01745,0.99896,1.00
27897,350.00,0.00,0.10811,0.03932,-0.01360,0.99327,-0.14955,-0.01114,-0.00169,0.98869,-0.04187,0.03003,-0.01044,0.99862,1.00,-0.14900,-0.03912,-0.00590,0.98805,-0.04194,0.00266,-0.01767,0.99896,1.00
27910,350.00,0.00,0.10814,0.03940,-0.01365,0.99326,-0.14951,-0.01134,-0.00172,0.98869,-0.04180,0.02992,-0.01054,0.99862,1.00,-0.14898,-0.03932,-0.00593,0.98804,-0.04189,0.00255,-0.01776,0.99896,1.00
27924,350.00,0.00,0.10815,0.03941,-0.01373,0.99326,-0.14952,-0.01136,-0.00172,0.98869,-0.04181,0.02992,-0.01062,0.99862,1.00,-0.14898,-0.03934,-0.00593,0.98804,-0.04189,0.00255,-0.01785,0.99896,1.00
27938,350.00,0.00,0.10816,0.03940,-0.01376,0.99326,-0.14942,-0.01140,-0.00172,0.98871,-0.04170,0.02987,-0.01066,0.99863,1.00,-0.14889,-0.03938,-0.00593,0.98805,-0.04180,0.00251,-0.01788,0.99896,1.00
27952,350.00,0.00,0.10822,0.03927,-0.01380,0.99326,-0.14948,-0.01128,-0.00171,0.98870,-0.04170,0.02987,-0.01069,0.99863,1.00,-0.14895,-0.03926,-0.00592,0.98805,-0.04180,0.00251,-0.01791,0.99896,1.00
27966,350.00,0.00,0.10826,0.03917,-0.01384,0.99325,-0.14825,-0.01100,-0.00165,0.98889,-0.04041,0.03004,-0.01071,0.99867,1.00,-0.14774,-0.03897,-0.00583,0.98824,-0.04052,0.00268,-0.01789,0.99902,1.00
27980,350.00,0.00,0.10826,0.03897,-0.01385,0.99326,-0.14825,-0.01080,-0.00162,0.98889,-0.04041,0.03004,-0.01070,0.99867,1.00,-0.14774,-0.03876,-0.00580,0.98825,-0.04052,0.00268,-0.01788,0.99902,1.00
27995,350.00,0.00,0.10818,0.03883,-0.01382,0.99328,-0.14817,-0.01065,-0.00160,0.98890,-0.04041,0.03004,-0.01065,0.99867,1.00,-0.14766,-0.03861,-0.00577,0.98827,-0.04052,0.00268,-0.01783,0.99902,1.00
28008,350.00,0.00,0.10812,0.03873,-0.01391,0.99329,-0.14939,-0.01101,-0.00166,0.98872,-0.04171,0.02961,-0.01081,0.99863,1.00,-0.14887,-0.03899,-0.00587,0.98807,-0.04181,0.00224,-0.01803,0.99896,1.00
28022,350.00,0.00,0.10817,0.03864,-0.01429,0.99328,-0.14945,-0.01100,-0.00166,0.98871,-0.04172,0.02959,-0.01119,0.99863,1.00,-0.14891,-0.03897,-0.00587,0.98806,-0.04181,0.00223,-0.01841,0.99895,1.00
28036,350.00,0.00,0.10804,0.03853,-0.01431,0.99330,-0.14850,-0.00934,-0.00140,0.98887,-0.04086,0.03110,-0.01083,0.99862,1.00,-0.14800,-0.03731,-0.00559,0.98827,-0.04099,0.00374,-0.01802,0.99899,1.00
28050,350.00,0.00,0.10797,0.03847,-0.01441,0.99330,-0.14843,-0.00930,-0.00140,0.98888,-0.04086,0.03110,-0.01093,0.99862,1.00,-0.14793,-0.03727,-0.00558,0.98828,-0.04099,0.00373,-0.01812,0.99899,1.00
28063,350.00,0.00,0.10788,0.03845,-0.01450,0.99331,-0.14835,-0.00930,-0.00139,0.98889,-0.04086,0.03109,-0.01102,0.99862,1.00,-0.14784,-0.03726,-0.00557,0.98829,-0.04099,0.00373,-0.01820,0.99899,1.00
28077,0.00,0.00,0.10772,0.03846,-0.01456,0.99333,-0.14913,-0.00950,-0.00143,0.98877,-0.04182,0.03091,-0.01110,0.99859,1.00,-0.14863,-0.03748,-0.00564,0.98817,-0.04195,0.00355,-0.01830,0.99895,1.00
28091,0.00,0.00,0.10751,0.03860,-0.01470,0.99335,-0.14892,-0.00967,-0.00146,0.98880,-0.04182,0.03091,-0.01127,0.99858,1.00,-0.14842,-0.03764,-0.00565,0.98819,-0.04196,0.00354,-0.01846,0.99894,1.00
28105,0.00,0.00,0.10744,0.03868,-0.01480,0.99335,-0.15031,-0.00981,-0.00149,0.98859,-0.04330,0.03087,-0.01135,0.99852,1.00,-0.14980,-0.03781,-0.00573,0.98798,-0.04344,0.00349,-0.01858,0.99888,1.00
28119,0.00,0.00,0.10736,0.03868,-0.01488,0.99336,-0.15023,-0.00983,-0.00149,0.98860,-0.04330,0.03087,-0.01144,0.99852,1.00,-0.14972,-0.03782,-0.00573,0.98799,-0.04344,0.00349,-0.01866,0.99888,1.00
28133,0.00,0.00,0.10730,0.03867,-0.01490,0.99336,-0.15044,-0.00974,-0.00148,0.98857,-0.04357,0.03096,-0.01143,0.99851,1.00,-0.14994,-0.03773,-0.00573,0.98796,-0.04372,0.00357,-0.01866,0.99886,1.00
28147,0.00,0.00,0.10733,0.03860,-0.01492,0.99336,-0.15047,-0.00966,-0.00147,0.98857,-0.04357,0.03096,-0.01144,0.99851,1.00,-0.14997,-0.03766,-0.00572,0.98796,-0.04372,0.00357,-0.01867,0.99886,1.00
28162,0.00,0.00,0.10735,0.03850,-0.01496,0.99336,-0.15049,-0.00958,-0.00146,0.98856,-0.04357,0.03096,-0.01147,0.99850,1.00,-0.14999,-0.03757,-0.00570,0.98796,-0.04372,0.00357,-0.01871,0.99886,1.00
28175,0.00,0.00,0.10737,0.03833,-0.01507,0.99337,-0.15125,-0.00983,-0.00150,0.98844,-0.04432,0.03056,-0.01164,0.99848,1.00,-0.15075,-0.03784,-0.00577,0.98783,-0.04447,0.00317,-0.01890,0.99883,1.00
28189,0.00,0.00,0.10740,0.03819,-0.01517,0.99337,-0.15128,-0.00971,-0.00149,0.98844,-0.04433,0.03056,-0.01173,0.99848,1.00,-0.15077,-0.03771,-0.00576,0.98783,-0.04447,0.00316,-0.01899,0.99883,1.00
28203,0.00,0.00,0.10737,0.03804,-0.01520,0.99337,-0.14871,-0.01031,-0.00155,0.98883,-0.04177,0.02980,-0.01202,0.99861,1.00,-0.14820,-0.03828,-0.00574,0.98820,-0.04192,0.00244,-0.01920,0.99893,1.00
28217,0.00,0.00,0.10738,0.03796,-0.01523,0.99338,-0.14872,-0.01023,-0.00154,0.98883,-0.04177,0.02980,-0.01204,0.99861,1.00,-0.14821,-0.03820,-0.00573,0.98820,-0.04192,0.00244,-0.01921,0.99893,1.00
28231,0.00,0.00,0.10736,0.03787,-0.01520,0.99338,-0.14870,-0.01037,-0.00156,0.98883,-0.04177,0.02957,-0.01206,0.99862,1.00,-0.14820,-0.03834,-0.00575,0.98820,-0.04193,0.00221,-0.01924,0.99893,1.00
28244,0.00,0.00,0.10734,0.03790,-0.01515,0.99338,-0.14868,-0.01039,-0.00156,0.98883,-0.04177,0.02957,-0.01201,0.99862,1.00,-0.14818,-0.03836,-0.00575,0.98820,-0.04193,0.00221,-0.01919,0.99893,1.00
28258,0.00,0.00,0.10732,0.03799,-0.01512,0.99338,-0.14866,-0.01047,-0.00157,0.98883,-0.04177,0.02957,-0.01199,0.99862,1.00,-0.14816,-0.03844,-0.00576,0.98820,-0.04193,0.00221,-0.01917,0.99893,1.00
28272,0.00,0.00,0.10732,0.03804,-0.01505,0.99338,-0.14714,-0.01067,-0.00159,0.98906,-0.04024,0.02941,-0.01201,0.99868,1.00,-0.14665,-0.03862,-0.00573,0.98842,-0.04040,0.00206,-0.01914,0.99900,1.00
28286,0.00,0.00,0.10734,0.03805,-0.01503,0.99338,-0.14716,-0.01068,-0.00159,0.98905,-0.04024,0.02941,-0.01199,0.99869,1.00,-0.14667,-0.03863,-0.00573,0.98841,-0.04040,0.00206,-0.01911,0.99900,1.00
28300,0.00,0.00,0.10746,0.03804,-0.01499,0.99337,-0.13885,-0.00844,-0.00118,0.99028,-0.03168,0.03150,-0.01165,0.99893,1.00,-0.13843,-0.03629,-0.00508,0.98969,-0.03190,0.00422,-0.01852,0.99931,1.00
28314,0.00,0.00,0.10754,0.03802,-0.01499,0.99336,-0.13893,-0.00841,-0.00118,0.99027,-0.03168,0.03150,-0.01164,0.99893,1.00,-0.13851,-0.03627,-0.00508,0.98968,-0.03190,0.00422,-0.01851,0.99931,1.00
28328,0.00,0.00,0.10756,0.03791,-0.01488,0.99336,-0.13894,-0.00829,-0.00116,0.99027,-0.03168,0.03150,-0.01151,0.99894,1.00,-0.13854,-0.03614,-0.00506,0.98968,-0.03190,0.00422,-0.01838,0.99931,1.00
28342,0.00,0.00,0.10762,0.03779,-0.01476,0.99336,-0.06688,-0.00649,-0.00044,0.99774,0.04083,0.03229,-0.01333,0.99856,1.00,-0.06671,-0.03372,-0.00226,0.99720,0.04047,0.00541,-0.01807,0.99900,1.00
28356,0.00,0.00,0.10770,0.03769,-0.01474,0.99336,-0.06696,-0.00639,-0.00043,0.99774,0.04083,0.03229,-0.01330,0.99856,1.00,-0.06680,-0.03362,-0.00225,0.99720,0.04047,0.00541,-0.01804,0.99900,1.00
28370,0.00,0.00,0.10761,0.03756,-0.01470,0.99338,-0.06675,-0.00624,-0.00042,0.99775,0.04095,0.03230,-0.01324,0.99855,1.00,-0.06658,-0.03347,-0.00223,0.99722,0.04059,0.00543,-0.01798,0.99900,1.00
28384,0.00,0.00,0.10741,0.03750,-0.01476,0.99340,-0.06656,-0.00618,-0.00041,0.99776,0.04094,0.03231,-0.01330,0.99855,1.00,-0.06639,-0.03341,-0.00222,0.99723,0.04059,0.00543,-0.01802,0.99900,1.00
28398,0.00,0.00,0.10738,0.03748,-0.01500,0.99340,-0.06758,-0.00638,-0.00043,0.99769,0.03989,0.03212,-0.01354,0.99860,1.00,-0.06739,-0.03361,-0.00227,0.99716,0.03955,0.00524,-0.01829,0.99904,1.00
28411,0.00,0.00,0.10739,0.03752,-0.01510,0.99339,-0.06759,-0.00641,-0.00043,0.99769,0.03988,0.03213,-0.01365,0.99859,1.00,-0.06739,-0.03365,-0.00227,0.99716,0.03954,0.00525,-0.01841,0.99903,1.00
28426,0.00,0.00,0.10743,0.03756,-0.01503,0.99339,-0.06763,-0.00646,-0.00044,0.99769,0.03989,0.03213,-0.01359,0.99860,1.00,-0.06743,-0.03369,-0.00228,0.99715,0.03955,0.00525,-0.01834,0.99904,1.00
28440,0.00,0.00,0.10746,0.03768,-0.01499,0.99338,-0.06775,-0.00448,-0.00030,0.99769,0.03984,0.03419,-0.01318,0.99853,1.00,-0.06758,-0.03173,-0.00215,0.99721,0.03948,0.00730,-0.01794,0.99903,1.00
28453,0.00,0.00,0.10757,0.03784,-0.01496,0.99336,-0.06784,-0.00465,-0.00032,0.99769,0.03984,0.03419,-0.01318,0.99853,1.00,-0.06768,-0.03189,-0.00216,0.99720,0.03948,0.00730,-0.01794,0.99903,1.00
28467,0.00,0.00,0.10772,0.03795,-0.01505,0.99334,-0.06744,-0.00456,-0.00031,0.99771,0.04040,0.03439,-0.01325,0.99850,1.00,-0.06727,-0.03180,-0.00215,0.99723,0.04003,0.00750,-0.01801,0.99901,1.00
28481,0.00,0.00,0.10778,0.03808,-0.01513,0.99333,-0.06751,-0.00469,-0.00032,0.99771,0.04039,0.03439,-0.01335,0.99850,1.00,-0.06734,-0.03193,-0.00216,0.99722,0.04003,0.00751,-0.01811,0.99901,1.00
28495,0.00,0.00,0.10783,0.03815,-0.01510,0.99332,-0.06755,-0.00476,-0.00032,0.99770,0.04039,0.03439,-0.01332,0.99850,1.00,-0.06738,-0.03200,-0.00216,0.99721,0.04003,0.00751,-0.01808,0.99901,1.00
28509,0.00,0.00,0.10782,0.03822,-0.01502,0.99332,-0.06734,-0.00462,-0.00031,0.99772,0.04060,0.03459,-0.01322,0.99849,1.00,-0.06718,-0.03185,-0.00215,0.99723,0.04023,0.00771,-0.01798,0.99900,1.00
28523,0.00,0.00,0.10774,0.03825,-0.01498,0.99333,-0.06726,-0.00464,-0.00031,0.99772,0.04060,0.03459,-0.01318,0.99849,1.00,-0.06710,-0.03188,-0.00214,0.99723,0.04023,0.00771,-0.01794,0.99900,1.00
28537,0.00,0.00,0.10773,0.03828,-0.01504,0.99333,-0.06720,-0.00461,-0.00031,0.99773,0.04065,0.03465,-0.01323,0.99848,1.00,-0.06703,-0.03185,-0.00214,0.99724,0.04028,0.00777,-0.01799,0.99900,1.00
28551,0.00,0.00,0.10773,0.03831,-0.01506,0.99333,-0.06720,-0.00464,-0.00031,0.99773,0.04065,0.03466,-0.01326,0.99848,1.00,-0.06703,-0.03188,-0.00214,0.99724,0.04028,0.00778,-0.01801,0.99900,1.00
28565,0.00,0.00,0.10764,0.03833,-0.01501,0.99334,-0.06690,-0.00471,-0.00032,0.99775,0.04086,0.03460,-0.01324,0.99848,1.00,-0.06673,-0.03195,-0.00214,0.99726,0.04050,0.00772,-0.01798,0.99899,1.00
28578,0.00,0.00,0.10746,0.03837,-0.01488,0.99336,-0.06671,-0.00475,-0.00032,0.99776,0.04087,0.03459,-0.01312,0.99848,1.00,-0.06655,-0.03199,-0.00213,0.99727,0.04050,0.00771,-0.01785,0.99899,1.00
28593,0.00,0.00,0.10736,0.03846,-0.01500,0.99336,-0.06661,-0.00485,-0.00032,0.99777,0.04086,0.03460,-0.01324,0.99848,1.00,-0.06644,-0.03208,-0.00214,0.99727,0.04050,0.00772,-0.01797,0.99899,1.00
28607,0.00,0.00,0.10734,0.03853,-0.01520,0.99336,-0.06673,-0.00458,-0.00031,0.99776,0.04073,0.03494,-0.01339,0.99847,1.00,-0.06655,-0.03182,-0.00212,0.99727,0.04037,0.00806,-0.01812,0.99899,1.00
28620,0.00,0.00,0.10732,0.03858,-0.01520,0.99336,-0.06671,-0.00463,-0.00031,0.99776,0.04073,0.03494,-0.01340,0.99847,1.00,-0.06653,-0.03187,-0.00213,0.99727,0.04037,0.00806,-0.01812,0.99899,1.00
28634,0.00,0.00,0.10728,0.03865,-0.01521,0.99336,-0.06681,-0.00484,-0.00032,0.99775,0.04059,0.03481,-0.01344,0.99848,1.00,-0.06664,-0.03207,-0.00214,0.99726,0.04022,0.00793,-0.01817,0.99899,1.00
28648,0.00,0.00,0.10719,0.03867,-0.01528,0.99337,-0.06672,-0.00486,-0.00033,0.99776,0.04058,0.03481,-0.01351,0.99848,1.00,-0.06654,-0.03210,-0.00214,0.99727,0.04022,0.00793,-0.01823,0.99899,1.00
28662,0.00,0.00,0.10719,0.03875,-0.01541,0.99336,-0.06673,-0.00494,-0.00033,0.99776,0.04058,0.03482,-0.01365,0.99848,1.00,-0.06654,-0.03218,-0.00215,0.99726,0.04022,0.00794,-0.01837,0.99899,1.00
28676,0.00,0.00,0.10724,0.03878,-0.01552,0.99336,-0.06769,-0.00484,-0.00033,0.99769,0.03966,0.03497,-0.01370,0.99851,1.00,-0.06750,-0.03209,-0.00217,0.99720,0.03930,0.00808,-0.01846,0.99902,1.00
28690,0.00,0.00,0.10734,0.03877,-0.01557,0.99334,-0.06779,-0.00484,-0.00033,0.99769,0.03966,0.03497,-0.01375,0.99851,1.00,-0.06760,-0.03208,-0.00217,0.99719,0.03930,0.00808,-0.01851,0.99902,1.00
28704,0.00,0.00,0.10746,0.03879,-0.01562,0.99333,-0.06862,-0.00474,-0.00033,0.99763,0.03896,0.03509,-0.01375,0.99853,1.00,-0.06843,-0.03198,-0.00220,0.99714,0.03859,0.00821,-0.01854,0.99905,1.00
28718,0.00,0.00,0.10755,0.03880,-0.01567,0.99332,-0.06871,-0.00476,-0.00033,0.99763,0.03896,0.03509,-0.01381,0.99853,1.00,-0.06852,-0.03200,-0.00220,0.99713,0.03859,0.00821,-0.01860,0.99905,1.00
28732,0.00,0.00,0.10763,0.03877,-0.01564,0.99331,-0.06866,-0.00486,-0.00033,0.99763,0.03909,0.03496,-0.01380,0.99853,1.00,-0.06848,-0.03211,-0.00221,0.99713,0.03871,0.00808,-0.01859,0.99904,1.00
28745,0.00,0.00,0.10765,0.03882,-0.01568,0.99331,-0.06868,-0.00491,-0.00034,0.99763,0.03909,0.03496,-0.01385,0.99853,1.00,-0.06850,-0.03216,-0.00221,0.99713,0.03871,0.00808,-0.01864,0.99904,1.00
28760,0.00,0.00,0.10758,0.03889,-0.01572,0.99331,-0.06861,-0.00498,-0.00034,0.99763,0.03909,0.03496,-0.01390,0.99853,1.00,-0.06842,-0.03223,-0.00221,0.99713,0.03871,0.00808,-0.01868,0.99904,1.00
28774,0.00,0.00,0.10749,0.03901,-0.01569,0.99332,-0.06786,-0.00506,-0.00034,0.99768,0.03974,0.03500,-0.01389,0.99850,1.00,-0.06768,-0.03230,-0.00219,0.99718,0.03936,0.00812,-0.01866,0.99902,1.00
28787,0.00,0.00,0.10735,0.03913,-0.01570,0.99333,-0.06772,-0.00518,-0.00035,0.99769,0.03974,0.03500,-0.01392,0.99850,1.00,-0.06754,-0.03242,-0.00220,0.99719,0.03936,0.00812,-0.01867,0.99902,1.00
28801,0.00,0.00,0.10726,0.03926,-0.01571,0.99333,-0.06718,-0.00576,-0.00039,0.99772,0.04018,0.03455,-0.01404,0.99850,1.00,-0.06700,-0.03299,-0.00222,0.99720,0.03980,0.00766,-0.01878,0.99900,1.00
28815,0.00,0.00,0.10724,0.03940,-0.01570,0.99333,-0.06715,-0.00590,-0.00040,0.99773,0.04018,0.03455,-0.01405,0.99850,1.00,-0.06697,-0.03314,-0.00223,0.99720,0.03980,0.00767,-0.01879,0.99900,1.00
28829,0.00,0.00,0.10724,0.03946,-0.01572,0.99333,-0.06716,-0.00596,-0.00040,0.99772,0.04018,0.03455,-0.01408,0.99850,1.00,-0.06698,-0.03320,-0.00223,0.99720,0.03980,0.00767,-0.01881,0.99900,1.00
28843,0.00,0.00,0.10729,0.03945,-0.01571,0.99332,-0.06748,-0.00671,-0.00045,0.99770,0.03990,0.03381,-0.01418,0.99853,1.00,-0.06729,-0.03394,-0.00229,0.99715,0.03952,0.00693,-0.01893,0.99902,1.00
28857,0.00,0.00,0.10730,0.03940,-0.01572,0.99332,-0.06748,-0.00665,-0.00045,0.99770,0.03990,0.03381,-0.01419,0.99853,1.00,-0.06729,-0.03388,-0.00229,0.99716,0.03952,0.00693,-0.01893,0.99902,1.00
28871,0.00,0.00,0.10727,0.03929,-0.01576,0.99333,-0.06751,-0.00549,-0.00037,0.99770,0.03986,0.03485,-0.01403,0.99850,1.00,-0.06734,-0.03273,-0.00221,0.99719,0.03948,0.00796,-0.01878,0.99901,1.00
28885,0.00,0.00,0.10730,0.03915,-0.01584,0.99333,-0.06755,-0.00535,-0.00036,0.99770,0.03986,0.03485,-0.01409,0.99850,1.00,-0.06737,-0.03259,-0.00220,0.99719,0.03948,0.00797,-0.01884,0.99901,1.00
28899,0.00,0.00,0.10734,0.03896,-0.01587,0.99333,-0.06760,-0.00561,-0.00038,0.99770,0.03985,0.03441,-0.01418,0.99851,1.00,-0.06741,-0.03285,-0.00222,0.99718,0.03947,0.00753,-0.01893,0.99901,1.00
28913,0.00,0.00,0.10739,0.03873,-0.01577,0.99334,-0.06765,-0.00538,-0.00036,0.99769,0.03985,0.03440,-0.01406,0.99851,1.00,-0.06747,-0.03262,-0.00221,0.99719,0.03947,0.00752,-0.01881,0.99902,1.00
28927,0.00,0.00,0.10751,0.03854,-0.01562,0.99333,-0.06776,-0.00518,-0.00035,0.99769,0.03986,0.03439,-0.01388,0.99852,1.00,-0.06760,-0.03242,-0.00220,0.99718,0.03947,0.00751,-0.01864,0.99902,1.00
28941,0.00,0.00,0.10773,0.03844,-0.01560,0.99331,-0.06828,-0.00535,-0.00037,0.99765,0.03955,0.03414,-0.01388,0.99854,1.00,-0.06811,-0.03259,-0.00223,0.99714,0.03917,0.00726,-0.01866,0.99903,1.00
28954,0.00,0.00,0.10783,0.03824,-0.01554,0.99331,-0.06839,-0.00515,-0.00035,0.99765,0.03956,0.03414,-0.01380,0.99854,1.00,-0.06822,-0.03239,-0.00222,0.99714,0.03917,0.00726,-0.01858,0.99903,1.00
28968,0.00,0.00,0.10785,0.03807,-0.01549,0.99332,-0.06738,-0.00870,-0.00059,0.99769,0.04052,0.03045,-0.01441,0.99861,1.00,-0.06718,-0.03593,-0.00242,0.99709,0.04015,0.00357,-0.01916,0.99900,1.00
28982,0.00,0.00,0.10799,0.03801,-0.01562,0.99330,-0.06752,-0.00864,-0.00058,0.99768,0.04051,0.03045,-0.01453,0.99861,1.00,-0.06732,-0.03587,-0.00242,0.99708,0.04015,0.00358,-0.01929,0.99900,1.00
28996,0.00,0.00,0.10808,0.03798,-0.01554,0.99330,-0.06761,-0.00861,-0.00058,0.99767,0.04051,0.03045,-0.01445,0.99861,1.00,-0.06741,-0.03584,-0.00242,0.99708,0.04015,0.00358,-0.01922,0.99900,1.00
29010,0.00,0.00,0.10815,0.03793,-0.01526,0.99329,-0.06745,-0.00892,-0.00060,0.99768,0.04074,0.03008,-0.01423,0.99862,1.00,-0.06726,-0.03614,-0.00244,0.99708,0.04038,0.00321,-0.01900,0.99900,1.00
29024,0.00,0.00,0.10836,0.03798,-0.01500,0.99327,-0.06765,-0.00896,-0.00061,0.99767,0.04075,0.03007,-0.01397,0.99862,1.00,-0.06748,-0.03619,-0.00245,0.99706,0.04038,0.00320,-0.01875,0.99900,1.00
29038,0.00,0.00,0.10867,0.03801,-0.01485,0.99324,-0.06773,-0.00807,-0.00055,0.99767,0.04101,0.03097,-0.01366,0.99859,1.00,-0.06756,-0.03530,-0.00239,0.99709,0.04063,0.00410,-0.01845,0.99900,1.00
29052,0.00,0.00,0.10884,0.03804,-0.01482,0.99322,-0.06789,-0.00810,-0.00055,0.99766,0.04101,0.03097,-0.01364,0.99859,1.00,-0.06773,-0.03533,-0.00240,0.99708,0.04063,0.00410,-0.01843,0.99900,1.00
29066,0.00,0.00,0.10889,0.03802,-0.01481,0.99322,-0.06838,-0.00815,-0.00056,0.99763,0.04058,0.03091,-0.01362,0.99861,1.00,-0.06819,-0.03539,-0.00242,0.99704,0.04022,0.00404,-0.01843,0.99901,1.00
29080,0.00,0.00,0.10888,0.03794,-0.01468,0.99322,-0.06837,-0.00806,-0.00055,0.99763,0.04058,0.03090,-0.01347,0.99861,1.00,-0.06819,-0.03530,-0.00241,0.99704,0.04022,0.00403,-0.01829,0.99902,1.00
29094,0.00,0.00,0.10875,0.03779,-0.01466,0.99324,-0.06824,-0.00791,-0.00054,0.99764,0.04058,0.03090,-0.01345,0.99861,1.00,-0.06806,-0.03514,-0.00240,0.99706,0.04022,0.00403,-0.01825,0.99902,1.00
29108,0.00,0.00,0.10865,0.03762,-0.01466,0.99326,-0.06802,-0.00856,-0.00058,0.99765,0.04069,0.03009,-0.01358,0.99863,1.00,-0.06782,-0.03579,-0.00243,0.99705,0.04035,0.00322,-0.01838,0.99901,1.00
29121,0.00,0.00,0.10868,0.03742,-0.01477,0.99326,-0.06805,-0.00836,-0.00057,0.99765,0.04069,0.03010,-0.01367,0.99863,1.00,-0.06785,-0.03559,-0.00242,0.99706,0.04035,0.00322,-0.01846,0.99901,1.00
29135,0.00,0.00,0.10893,0.03721,-0.01489,0.99324,-0.06937,-0.01030,-0.00072,0.99754,0.03959,0.02800,-0.01411,0.99872,1.00,-0.06914,-0.03753,-0.00260,0.99690,0.03927,0.00113,-0.01895,0.99905,1.00
29149,0.00,0.00,0.10903,0.03704,-0.01495,0.99324,-0.06947,-0.01014,-0.00071,0.99753,0.03959,0.02800,-0.01414,0.99872,1.00,-0.06923,-0.03737,-0.00260,0.99690,0.03927,0.00113,-0.01899,0.99905,1.00
29163,0.00,0.00,0.10911,0.03702,-0.01492,0.99323,-0.06955,-0.01011,-0.00070,0.99753,0.03959,0.02800,-0.01411,0.99872,1.00,-0.06932,-0.03734,-0.00260,0.99689,0.03927,0.00113,-0.01896,0.99905,1.00
29177,0.00,0.00,0.10912,0.03707,-0.01524,0.99322,-0.06942,-0.00858,-0.00060,0.99755,0.03975,0.02958,-0.01416,0.99867,1.00,-0.06919,-0.03581,-0.00249,0.99696,0.03943,0.00271,-0.01901,0.99904,1.00
29191,0.00,0.00,0.10914,0.03709,-0.01545,0.99321,-0.06944,-0.00861,-0.00060,0.99755,0.03974,0.02959,-0.01437,0.99867,1.00,-0.06920,-0.03585,-0.00249,0.99696,0.03943,0.00272,-0.01922,0.99903,1.00
29205,0.00,0.00,0.10916,0.03709,-0.01541,0.99321,-0.06804,-0.01029,-0.00070,0.99763,0.04113,0.02790,-0.01467,0.99866,1.00,-0.06780,-0.03752,-0.00255,0.99699,0.04082,0.00103,-0.01948,0.99898,1.00
29219,0.00,0.00,0.10914,0.03713,-0.01547,0.99321,-0.06802,-0.01034,-0.00071,0.99763,0.04113,0.02790,-0.01474,0.99866,1.00,-0.06778,-0.03757,-0.00255,0.99699,0.04082,0.00104,-0.01954,0.99898,1.00
29233,0.00,0.00,0.10919,0.03720,-0.01545,0.99320,-0.06799,-0.00956,-0.00065,0.99764,0.04123,0.02874,-0.01457,0.99863,1.00,-0.06776,-0.03679,-0.00250,0.99702,0.04090,0.00187,-0.01938,0.99897,1.00
29247,0.00,0.00,0.10921,0.03724,-0.01561,0.99320,-0.06801,-0.00960,-0.00065,0.99764,0.04123,0.02875,-0.01473,0.99863,1.00,-0.06778,-0.03683,-0.00250,0.99702,0.04090,0.00188,-0.01954,0.99897,1.00
29261,0.00,0.00,0.10927,0.03730,-0.01571,0.99319,-0.06807,-0.00967,-0.00066,0.99763,0.04123,0.02875,-0.01485,0.99863,1.00,-0.06784,-0.03690,-0.00251,0.99701,0.04090,0.00188,-0.01966,0.99897,1.00
29275,0.00,0.00,0.10924,0.03733,-0.01575,0.99319,-0.06869,-0.00964,-0.00066,0.99759,0.04059,0.02882,-0.01486,0.99865,1.00,-0.06845,-0.03687,-0.00253,0.99697,0.04025,0.00195,-0.01969,0.99899,1.00
29289,0.00,0.00,0.10919,0.03736,-0.01573,0.99319,-0.06863,-0.00967,-0.00067,0.99760,0.04059,0.02882,-0.01485,0.99865,1.00,-0.06840,-0.03690,-0.00253,0.99697,0.04025,0.00195,-0.01967,0.99899,1.00
29302,0.00,0.00,0.10913,0.03737,-0.01569,0.99320,-0.07040,-0.00702,-0.00050,0.99749,0.03881,0.03145,-0.01428,0.99865,1.00,-0.07020,-0.03427,-0.00241,0.99694,0.03845,0.00457,-0.01916,0.99907,1.00
29316,0.00,0.00,0.10914,0.03734,-0.01573,0.99320,-0.07041,-0.00700,-0.00049,0.99749,0.03881,0.03146,-0.01431,0.99865,1.00,-0.07021,-0.03425,-0.00241,0.99694,0.03845,0.00458,-0.01919,0.99907,1.00
29332,0.00,0.00,0.10916,0.03734,-0.01575,0.99320,-0.07043,-0.00700,-0.00049,0.99749,0.03881,0.03146,-0.01434,0.99865,1.00,-0.07022,-0.03425,-0.00241,0.99694,0.03845,0.00458,-0.01922,0.99907,1.00
29344,0.00,0.00,0.10916,0.03730,-0.01584,0.99320,-0.07252,-0.00539,-0.00039,0.99735,0.03675,0.03304,-0.01407,0.99868,1.00,-0.07232,-0.03265,-0.00237,0.99684,0.03638,0.00616,-0.01901,0.99914,1.00
29358,0.00,0.00,0.10925,0.03725,-0.01590,0.99319,-0.07261,-0.00534,-0.00039,0.99735,0.03675,0.03305,-0.01412,0.99868,1.00,-0.07241,-0.03261,-0.00237,0.99684,0.03638,0.00616,-0.01906,0.99914,1.00
29372,0.00,0.00,0.10929,0.03721,-0.01592,0.99319,-0.07366,-0.00673,-0.00050,0.99726,0.03570,0.03165,-0.01436,0.99876,1.00,-0.07345,-0.03400,-0.00251,0.99672,0.03534,0.00476,-0.01934,0.99918,1.00
29386,0.00,0.00,0.10927,0.03725,-0.01601,0.99318,-0.07365,-0.00677,-0.00050,0.99726,0.03570,0.03166,-0.01446,0.99876,1.00,-0.07343,-0.03404,-0.00251,0.99672,0.03534,0.00477,-0.01943,0.99918,1.00
29400,0.00,0.00,0.10921,0.03731,-0.01607,0.99319,-0.07352,-0.00555,-0.00041,0.99728,0.03578,0.03293,-0.01429,0.99871,1.00,-0.07332,-0.03282,-0.00241,0.99677,0.03542,0.00604,-0.01926,0.99917,1.00
29414,0.00,0.00,0.10915,0.03742,-0.01616,0.99319,-0.07346,-0.00565,-0.00042,0.99728,0.03578,0.03293,-0.01440,0.99871,1.00,-0.07326,-0.03293,-0.00242,0.99677,0.03542,0.00604,-0.01936,0.99917,1.00
29428,0.00,0.00,0.10894,0.03768,-0.01627,0.99320,-0.07325,-0.00592,-0.00043,0.99730,0.03578,0.03294,-0.01454,0.99871,1.00,-0.07304,-0.03319,-0.00243,0.99677,0.03541,0.00605,-0.01950,0.99916,1.00
29442,0.00,0.00,0.10877,0.03779,-0.01638,0.99321,-0.07312,-0.00614,-0.00045,0.99730,0.03574,0.03284,-0.01469,0.99871,1.00,-0.07290,-0.03341,-0.00244,0.99678,0.03537,0.00595,-0.01963,0.99916,1.00
29456,0.00,0.00,0.10856,0.03796,-0.01641,0.99323,-0.07291,-0.00630,-0.00046,0.99732,0.03573,0.03284,-0.01474,0.99871,1.00,-0.07269,-0.03357,-0.00245,0.99679,0.03537,0.00595,-0.01968,0.99916,1.00
29469,0.00,0.00,0.10836,0.03814,-0.01646,0.99324,-0.07053,-0.00623,-0.00044,0.99749,0.03792,0.03307,-0.01484,0.99862,1.00,-0.07033,-0.03349,-0.00236,0.99696,0.03754,0.00618,-0.01970,0.99908,1.00
29483,0.00,0.00,0.10829,0.03832,-0.01666,0.99324,-0.07046,-0.00642,-0.00045,0.99749,0.03791,0.03307,-0.01506,0.99862,1.00,-0.07024,-0.03367,-0.00237,0.99696,0.03754,0.00619,-0.01992,0.99908,1.00
29497,0.00,0.00,0.10825,0.03851,-0.01673,0.99324,-0.07189,-0.00621,-0.00045,0.99739,0.03645,0.03349,-0.01503,0.99866,1.00,-0.07168,-0.03347,-0.00241,0.99686,0.03607,0.00661,-0.01993,0.99913,1.00
29511,0.00,0.00,0.10823,0.03865,-0.01673,0.99323,-0.07187,-0.00635,-0.00046,0.99739,0.03645,0.03350,-0.01505,0.99866,1.00,-0.07166,-0.03361,-0.00242,0.99686,0.03607,0.00661,-0.01995,0.99913,1.00
29525,0.00,0.00,0.10827,0.03880,-0.01672,0.99322,-0.07190,-0.00650,-0.00047,0.99739,0.03645,0.03350,-0.01505,0.99866,1.00,-0.07169,-0.03376,-0.00243,0.99685,0.03607,0.00661,-0.01995,0.99913,1.00
29539,0.00,0.00,0.10824,0.03890,-0.01686,0.99322,-0.07101,-0.00576,-0.00041,0.99746,0.03733,0.03433,-0.01509,0.99860,1.00,-0.07081,-0.03301,-0.00234,0.99694,0.03693,0.00744,-0.01996,0.99909,1.00
29553,0.00,0.00,0.10799,0.03896,-0.01677,0.99325,-0.07075,-0.00580,-0.00041,0.99748,0.03733,0.03433,-0.01501,0.99860,1.00,-0.07056,-0.03306,-0.00234,0.99696,0.03693,0.00744,-0.01987,0.99909,1.00
29567,0.00,0.00,0.10776,0.03903,-0.01693,0.99327,-0.07177,-0.00554,-0.00040,0.99741,0.03608,0.03468,-0.01508,0.99863,1.00,-0.07157,-0.03280,-0.00235,0.99689,0.03569,0.00779,-0.01996,0.99913,1.00
29584,0.00,0.00,0.10773,0.03908,-0.01731,0.99326,-0.07175,-0.00560,-0.00040,0.99741,0.03607,0.03470,-0.01546,0.99863,1.00,-0.07153,-0.03286,-0.00236,0.99689,0.03568,0.00781,-0.02034,0.99913,1.00
29596,0.00,0.00,0.10778,0.03916,-0.01737,0.99325,-0.07180,-0.00568,-0.00041,0.99740,0.03607,0.03470,-0.01554,0.99863,1.00,-0.07158,-0.03295,-0.00237,0.99689,0.03568,0.00781,-0.02042,0.99912,1.00
29608,0.00,0.00,0.10777,0.03922,-0.01734,0.99325,-0.06995,-0.00665,-0.00047,0.99753,0.03789,0.03378,-0.01574,0.99859,1.00,-0.06974,-0.03390,-0.00237,0.99699,0.03750,0.00690,-0.02057,0.99906,1.00
29622,0.00,0.00,0.10791,0.03925,-0.01726,0.99324,-0.07009,-0.00668,-0.00047,0.99752,0.03789,0.03378,-0.01565,0.99859,1.00,-0.06988,-0.03393,-0.00238,0.99698,0.03750,0.00689,-0.02049,0.99906,1.00
29636,0.00,0.00,0.10805,0.03934,-0.01726,0.99322,-0.07124,-0.00770,-0.00055,0.99743,0.03686,0.03288,-0.01579,0.99865,1.00,-0.07103,-0.03495,-0.00249,0.99686,0.03646,0.00600,-0.02066,0.99910,1.00
29650,0.00,0.00,0.10810,0.03940,-0.01728,0.99321,-0.07129,-0.00776,-0.00055,0.99743,0.03686,0.03289,-0.01582,0.99865,1.00,-0.07108,-0.03502,-0.00250,0.99685,0.03646,0.00600,-0.02069,0.99910,1.00
29664,0.00,0.00,0.10810,0.03945,-0.01735,0.99321,-0.06965,-0.00708,-0.00049,0.99755,0.03852,0.03358,-0.01582,0.99857,1.00,-0.06945,-0.03432,-0.00239,0.99699,0.03811,0.00670,-0.02064,0.99904,1.00
29678,0.00,0.00,0.10803,0.03944,-0.01737,0.99321,-0.06957,-0.00707,-0.00049,0.99755,0.03852,0.03358,-0.01584,0.99857,1.00,-0.06937,-0.03431,-0.00239,0.99700,0.03811,0.00670,-0.02066,0.99904,1.00
29692,0.00,0.00,0.10789,0.03942,-0.01729,0.99323,-0.06944,-0.00704,-0.00049,0.99756,0.03852,0.03358,-0.01576,0.99857,1.00,-0.06924,-0.03429,-0.00238,0.99701,0.03811,0.00670,-0.02057,0.99904,1.00
29706,0.00,0.00,0.10776,0.03941,-0.01727,0.99325,-0.06993,-0.00748,-0.00052,0.99752,0.03788,0.03315,-0.01579,0.99861,1.00,-0.06973,-0.03472,-0.00243,0.99696,0.03747,0.00626,-0.02062,0.99907,1.00
29720,0.00,0.00,0.10768,0.03941,-0.01729,0.99325,-0.06986,-0.00748,-0.00052,0.99753,0.03788,0.03315,-0.01582,0.99861,1.00,-0.06966,-0.03473,-0.00243,0.99696,0.03747,0.00626,-0.02064,0.99906,1.00
29734,0.00,0.00,0.10764,0.03942,-0.01735,0.99326,-0.06995,-0.00691,-0.00048,0.99753,0.03775,0.03373,-0.01577,0.99859,1.00,-0.06976,-0.03415,-0.00239,0.99698,0.03734,0.00685,-0.02060,0.99907,1.00
29748,0.00,0.00,0.10751,0.03945,-0.01728,0.99327,-0.06982,-0.00693,-0.00048,0.99754,0.03775,0.03373,-0.01571,0.99859,1.00,-0.06963,-0.03418,-0.00239,0.99698,0.03734,0.00685,-0.02053,0.99907,1.00
29762,0.00,0.00,0.10744,0.03946,-0.01726,0.99328,-0.06975,-0.00694,-0.00049,0.99754,0.03775,0.03373,-0.01569,0.99859,1.00,-0.06956,-0.03419,-0.00239,0.99699,0.03734,0.00685,-0.02051,0.99907,1.00
29776,0.00,0.00,0.10745,0.03952,-0.01753,0.99327,-0.07031,-0.00765,-0.00054,0.99750,0.03719,0.03311,-0.01607,0.99863,1.00,-0.07010,-0.03490,-0.00245,0.99693,0.03679,0.00622,-0.02090,0.99909,1.00
29790,0.00,0.00,0.10745,0.03955,-0.01768,0.99327,-0.07032,-0.00769,-0.00054,0.99749,0.03718,0.03311,-0.01622,0.99863,1.00,-0.07010,-0.03494,-0.00246,0.99693,0.03678,0.00623,-0.02105,0.99908,1.00
29804,0.00,0.00,0.10745,0.03954,-0.01770,0.99327,-0.07046,-0.00660,-0.00047,0.99749,0.03705,0.03418,-0.01604,0.99860,1.00,-0.07025,-0.03386,-0.00239,0.99695,0.03665,0.00729,-0.02088,0.99908,1.00
29817,0.00,0.00,0.10749,0.03959,-0.01771,0.99326,-0.07051,-0.00666,-0.00047,0.99749,0.03705,0.03418,-0.01606,0.99860,1.00,-0.07030,-0.03391,-0.00239,0.99695,0.03665,0.00729,-0.02089,0.99908,1.00
29831,0.00,0.00,0.10753,0.03966,-0.01780,0.99325,-0.07064,-0.00596,-0.00042,0.99748,0.03697,0.03494,-0.01601,0.99858,1.00,-0.07044,-0.03321,-0.00235,0.99696,0.03655,0.00806,-0.02085,0.99908,1.00
29845,0.00,0.00,0.10757,0.03967,-0.01789,0.99324,-0.07068,-0.00597,-0.00042,0.99748,0.03697,0.03495,-0.01610,0.99858,1.00,-0.07048,-0.03323,-0.00235,0.99696,0.03655,0.00806,-0.02095,0.99908,1.00
29859,0.00,0.00,0.10761,0.03970,-0.01798,0.99324,-0.07073,-0.00600,-0.00043,0.99748,0.03696,0.03495,-0.01619,0.99857,1.00,-0.07052,-0.03326,-0.00235,0.99695,0.03655,0.00806,-0.02104,0.99908,1.00
29873,0.00,0.00,0.10767,0.03969,-0.01797,0.99323,-0.06977,-0.00591,-0.00041,0.99755,0.03798,0.03502,-0.01620,0.99853,1.00,-0.06958,-0.03316,-0.00231,0.99702,0.03756,0.00814,-0.02102,0.99904,1.00
29887,0.00,0.00,0.10773,0.03961,-0.01801,0.99323,-0.06983,-0.00583,-0.00041,0.99754,0.03798,0.03502,-0.01623,0.99853,1.00,-0.06964,-0.03308,-0.00231,0.99702,0.03756,0.00814,-0.02105,0.99904,1.00
29901,0.00,0.00,0.10778,0.03952,-0.01801,0.99323,-0.07307,-0.00570,-0.00042,0.99731,0.03480,0.03511,-0.01610,0.99865,1.00,-0.07287,-0.03297,-0.00241,0.99679,0.03437,0.00822,-0.02102,0.99915,1.00
29915,0.00,0.00,0.10789,0.03943,-0.01802,0.99322,-0.07318,-0.00561,-0.00041,0.99730,0.03480,0.03511,-0.01610,0.99865,1.00,-0.07298,-0.03288,-0.00241,0.99679,0.03437,0.00822,-0.02102,0.99915,1.00
29929,0.00,0.00,0.10792,0.03931,-0.01803,0.99322,-0.07321,-0.00550,-0.00040,0.99730,0.03480,0.03511,-0.01610,0.99865,1.00,-0.07301,-0.03277,-0.00240,0.99679,0.03437,0.00822,-0.02103,0.99915,1.00
29943,0.00,0.00,0.10792,0.03926,-0.01802,0.99322,-0.07290,-0.00686,-0.00050,0.99732,0.03508,0.03370,-0.01635,0.99868,1.00,-0.07269,-0.03413,-0.00249,0.99677,0.03466,0.00681,-0.02126,0.99915,1.00
29957,0.00,0.00,0.10794,0.03919,-0.01799,0.99322,-0.07292,-0.00680,-0.00050,0.99731,0.03508,0.03370,-0.01631,0.99868,1.00,-0.07272,-0.03406,-0.00248,0.99677,0.03466,0.00681,-0.02123,0.99915,1.00
29971,0.00,0.00,0.10801,0.03918,-0.01802,0.99321,-0.07289,-0.00777,-0.00057,0.99731,0.03516,0.03273,-0.01651,0.99871,1.00,-0.07268,-0.03503,-0.00255,0.99674,0.03474,0.00584,-0.02143,0.99915,1.00
29984,0.00,0.00,0.10807,0.03916,-0.01806,0.99321,-0.07294,-0.00775,-0.00057,0.99731,0.03516,0.03273,-0.01655,0.99871,1.00,-0.07273,-0.03501,-0.00255,0.99673,0.03474,0.00584,-0.02147,0.99915,1.00
29998,0.00,0.00,0.10810,0.03915,-0.01802,0.99321,-0.07125,-0.00790,-0.00056,0.99743,0.03690,0.03255,-0.01660,0.99865,1.00,-0.07104,-0.03515,-0.00251,0.99685,0.03647,0.00566,-0.02147,0.99909,1.00
30012,0.00,0.00,0.10812,0.03915,-0.01804,0.99320,-0.07126,-0.00790,-0.00056,0.99743,0.03690,0.03255,-0.01662,0.99865,1.00,-0.07105,-0.03515,-0.00251,0.99685,0.03647,0.00566,-0.02150,0.99909,1.00
