Time_ms,Phase,PhaseTime_ms,TargetRotX,TargetRotY,HeadRotX,HeadRotY,HeadRotZ,HeadRotW,LeftLocalRotX,LeftLocalRotY,LeftLocalRotZ,LeftLocalRotW,LeftWorldRotX,LeftWorldRotY,LeftWorldRotZ,LeftWorldRotW,RightLocalRotX,RightLocalRotY,RightLocalRotZ,RightLocalRotW,RightWorldRotX,RightWorldRotY,RightWorldRotZ,RightWorldRotW,LeftBlinkWeight,RightBlinkWeight,LeftConfidence,RightConfidence
0,Fixation,0,0.00,0.00,0.09342,-0.00885,0.00406,-0.99558,0.16048,-0.01035,-0.00168,-0.98698,-0.25192,0.01985,-0.00188,0.96754,0.16035,0.01783,0.00290,-0.98689,-0.25194,-0.00863,-0.00381,0.96770,0.00000,0.00000,1.00,1.00
10,Fixation,10,0.00,0.00,0.09359,-0.00910,0.00429,-0.99556,0.16032,-0.01001,-0.00163,-0.98701,-0.25192,0.01979,-0.00209,0.96754,0.16018,0.01816,0.00295,-0.98692,-0.25194,-0.00869,-0.00401,0.96770,0.00000,0.00000,1.00,1.00
22,Fixation,22,0.00,0.00,0.09364,-0.00938,0.00455,-0.99555,0.16027,-0.00964,-0.00157,-0.98702,-0.25192,0.01973,-0.00234,0.96754,0.16012,0.01853,0.00301,-0.98692,-0.25193,-0.00875,-0.00425,0.96770,0.00000,0.00000,1.00,1.00
33,Fixation,33,0.00,0.00,0.09379,-0.00965,0.00484,-0.99553,0.15809,-0.00883,-0.00141,-0.98738,-0.24994,0.01922,-0.00267,0.96807,0.15794,0.01931,0.00309,-0.98725,-0.24996,-0.00922,-0.00451,0.96820,0.00000,0.00000,1.00,1.00
44,Fixation,44,0.00,0.00,0.09402,-0.00995,0.00505,-0.99551,0.15788,-0.00846,-0.00135,-0.98742,-0.24994,0.01917,-0.00286,0.96807,0.15772,0.01968,0.00314,-0.98728,-0.24996,-0.00927,-0.00469,0.96820,0.00000,0.00000,1.00,1.00
55,Fixation,55,0.00,0.00,0.09426,-0.01009,0.00508,-0.99548,0.15764,-0.00831,-0.00133,-0.98746,-0.24994,0.01916,-0.00289,0.96807,0.15747,0.01983,0.00316,-0.98732,-0.24996,-0.00927,-0.00470,0.96820,0.00000,0.00000,1.00,1.00
67,Fixation,67,0.00,0.00,0.09477,-0.01025,0.00494,-0.99543,0.15633,-0.00919,-0.00145,-0.98766,-0.24915,0.02018,-0.00270,0.96825,0.15622,0.01893,0.00299,-0.98754,-0.24921,-0.00823,-0.00447,0.96840,0.00000,0.00000,1.00,1.00
77,Fixation,77,0.00,0.00,0.09513,-0.01031,0.00477,-0.99540,0.15596,-0.00920,-0.00145,-0.98772,-0.24914,0.02022,-0.00253,0.96825,0.15586,0.01891,0.00298,-0.98759,-0.24921,-0.00818,-0.00427,0.96840,0.00000,0.00000,1.00,1.00
88,Fixation,88,0.00,0.00,0.09521,-0.01055,0.00481,-0.99539,0.15588,-0.00895,-0.00141,-0.98773,-0.24915,0.02022,-0.00255,0.96825,0.15578,0.01916,0.00302,-0.98760,-0.24921,-0.00819,-0.00429,0.96840,0.00000,0.00000,1.00,1.00
100,Fixation,100,0.00,0.00,0.09493,-0.01081,0.00489,-0.99541,0.15616,-0.00938,-0.00148,-0.98769,-0.24914,0.02091,-0.00255,0.96824,0.15607,0.01874,0.00296,-0.98756,-0.24923,-0.00749,-0.00431,0.96841,0.00000,0.00000,1.00,1.00
111,Fixation,111,0.00,0.00,0.09496,-0.01115,0.00505,-0.99541,0.15614,-0.00899,-0.00142,-0.98769,-0.24915,0.02088,-0.00268,0.96824,0.15604,0.01912,0.00302,-0.98756,-0.24923,-0.00753,-0.00444,0.96841,0.00000,0.00000,1.00,1.00
122,Fixation,122,0.00,0.00,0.09519,-0.01138,0.00507,-0.99538,0.15590,-0.00876,-0.00138,-0.98773,-0.24915,0.02088,-0.00270,0.96824,0.15580,0.01935,0.00305,-0.98759,-0.24923,-0.00753,-0.00443,0.96841,0.00000,0.00000,1.00,1.00
134,Fixation,134,0.00,0.00,0.09559,-0.01170,0.00510,-0.99534,0.15589,-0.00950,-0.00150,-0.98773,-0.24951,0.02195,-0.00263,0.96812,0.15580,0.01861,0.00294,-0.98761,-0.24961,-0.00645,-0.00435,0.96832,0.00000,0.00000,1.00,1.00
144,Fixation,144,0.00,0.00,0.09577,-0.01205,0.00526,-0.99532,0.15571,-0.00910,-0.00143,-0.98776,-0.24951,0.02192,-0.00276,0.96812,0.15562,0.01901,0.00299,-0.98763,-0.24961,-0.00648,-0.00448,0.96831,0.00000,0.00000,1.00,1.00
155,Fixation,155,0.00,0.00,0.09574,-0.01249,0.00553,-0.99531,0.15575,-0.00856,-0.00135,-0.98776,-0.24952,0.02186,-0.00300,0.96812,0.15564,0.01954,0.00308,-0.98762,-0.24961,-0.00655,-0.00472,0.96831,0.00000,0.00000,1.00,1.00
167,Fixation,167,0.00,0.00,0.09563,-0.01293,0.00562,-0.99532,0.15640,-0.00724,-0.00115,-0.98767,-0.25006,0.02097,-0.00308,0.96800,0.15626,0.02087,0.00330,-0.98749,-0.25012,-0.00744,-0.00482,0.96817,0.00000,0.00000,1.00,1.00
177,Fixation,177,0.00,0.00,0.09554,-0.01330,0.00566,-0.99532,0.15648,-0.00688,-0.00109,-0.98766,-0.25006,0.02097,-0.00308,0.96800,0.15635,0.02123,0.00336,-0.98747,-0.25012,-0.00744,-0.00482,0.96817,0.00000,0.00000,1.00,1.00
189,Fixation,189,0.00,0.00,0.09585,-0.01368,0.00534,-0.99529,0.15616,-0.00665,-0.00105,-0.98771,-0.25005,0.02106,-0.00273,0.96800,0.15604,0.02146,0.00339,-0.98751,-0.25012,-0.00735,-0.00446,0.96818,0.00000,0.00000,1.00,1.00
201,Fixation,201,0.00,0.00,0.09682,-0.01387,0.00451,-0.99520,0.15520,-0.00792,-0.00124,-0.98785,-0.25004,0.02241,-0.00183,0.96797,0.15515,0.02018,0.00317,-0.98768,-0.25016,-0.00599,-0.00350,0.96818,0.00000,0.00000,1.00,1.00
210,Fixation,210,0.00,0.00,0.09779,-0.01411,0.00380,-0.99510,0.15422,-0.00798,-0.00125,-0.98800,-0.25003,0.02259,-0.00112,0.96797,0.15420,0.02011,0.00314,-0.98783,-0.25016,-0.00579,-0.00273,0.96818,0.00000,0.00000,1.00,1.00
221,Fixation,221,0.00,0.00,0.09838,-0.01449,0.00329,-0.99504,0.15361,-0.00782,-0.00122,-0.98810,-0.25002,0.02273,-0.00058,0.96798,0.15363,0.02026,0.00315,-0.98792,-0.25017,-0.00564,-0.00216,0.96818,0.00000,0.00000,1.00,1.00
233,Fixation,233,0.00,0.00,0.09804,-0.01501,0.00329,-0.99506,0.15394,-0.00733,-0.00114,-0.98805,-0.25001,0.02275,-0.00052,0.96798,0.15396,0.02075,0.00323,-0.98785,-0.25017,-0.00563,-0.00212,0.96818,0.00000,0.00000,1.00,1.00
243,Fixation,243,0.00,0.00,0.09729,-0.01537,0.00344,-0.99513,0.15278,-0.00526,-0.00081,-0.98825,-0.24815,0.02103,-0.00075,0.96849,0.15270,0.02280,0.00352,-0.98800,-0.24821,-0.00733,-0.00234,0.96867,0.00000,0.00000,1.00,1.00
255,Fixation,255,0.00,0.00,0.09640,-0.01568,0.00389,-0.99521,0.15367,-0.00479,-0.00074,-0.98811,-0.24816,0.02093,-0.00115,0.96849,0.15356,0.02329,0.00362,-0.98786,-0.24821,-0.00744,-0.00279,0.96867,0.00000,0.00000,1.00,1.00
267,Fixation,267,0.00,0.00,0.09546,-0.01574,0.00440,-0.99530,0.13049,0.00486,0.00064,-0.99144,-0.22456,0.01129,-0.00248,0.97439,0.13016,0.03263,0.00429,-0.99095,-0.22436,-0.01671,-0.00346,0.97436,0.00000,0.00000,1.00,1.00
277,Fixation,277,0.00,0.00,0.09532,-0.01553,0.00442,-0.99532,0.13063,0.00466,0.00061,-0.99142,-0.22456,0.01128,-0.00252,0.97439,0.13030,0.03243,0.00426,-0.99093,-0.22436,-0.01672,-0.00351,0.97436,0.00000,0.00000,1.00,1.00
289,Fixation,289,0.00,0.00,0.09611,-0.01509,0.00404,-0.99525,0.12985,0.00410,0.00054,-0.99153,-0.22455,0.01135,-0.00218,0.97439,0.12954,0.03187,0.00417,-0.99105,-0.22437,-0.01663,-0.00313,0.97436,0.00000,0.00000,1.00,1.00
301,Fixation,301,0.00,0.00,0.09714,-0.01451,0.00311,-0.99516,0.12882,0.00321,0.00042,-0.99166,-0.22454,0.01155,-0.00132,0.97439,0.12856,0.03096,0.00402,-0.99121,-0.22438,-0.01642,-0.00221,0.97436,0.00000,0.00000,1.00,1.00
311,Fixation,311,0.00,0.00,0.09811,-0.01415,0.00239,-0.99507,0.12054,0.00293,0.00036,-0.99270,-0.21735,0.01138,-0.00074,0.97603,0.12033,0.03059,0.00371,-0.99226,-0.21721,-0.01648,-0.00136,0.97599,0.00000,0.00000,1.00,1.00
322,Fixation,322,0.00,0.00,0.09848,-0.01402,0.00208,-0.99504,0.12016,0.00270,0.00033,-0.99275,-0.21734,0.01145,-0.00044,0.97603,0.11997,0.03036,0.00367,-0.99231,-0.21721,-0.01641,-0.00105,0.97599,0.00000,0.00000,1.00,1.00
334,Fixation,334,0.00,0.00,0.09801,-0.01417,0.00224,-0.99508,0.12246,0.00352,0.00043,-0.99247,-0.21915,0.01079,-0.00057,0.97563,0.12222,0.03120,0.00384,-0.99200,-0.21898,-0.01709,-0.00126,0.97558,0.00000,0.00000,1.00,1.00
345,Fixation,345,0.00,0.00,0.09694,-0.01443,0.00271,-0.99518,0.12354,0.00393,0.00049,-0.99233,-0.21915,0.01069,-0.00101,0.97563,0.12327,0.03162,0.00393,-0.99186,-0.21897,-0.01720,-0.00176,0.97558,0.00000,0.00000,1.00,1.00
356,Fixation,356,0.00,0.00,0.09621,-0.01460,0.00314,-0.99525,0.12426,0.00424,0.00053,-0.99224,-0.21916,0.01060,-0.00142,0.97563,0.12397,0.03194,0.00399,-0.99176,-0.21896,-0.01730,-0.00220,0.97558,0.00000,0.00000,1.00,1.00
367,Fixation,367,0.00,0.00,0.09583,-0.01461,0.00337,-0.99529,0.12504,0.00486,0.00061,-0.99214,-0.21955,0.01002,-0.00166,0.97555,0.12470,0.03257,0.00410,-0.99165,-0.21931,-0.01790,-0.00248,0.97549,0.00000,0.00000,1.00,1.00
378,Fixation,378,0.00,0.00,0.09592,-0.01459,0.00344,-0.99528,0.12495,0.00486,0.00061,-0.99215,-0.21955,0.01000,-0.00173,0.97555,0.12460,0.03257,0.00409,-0.99166,-0.21931,-0.01791,-0.00254,0.97549,0.00000,0.00000,1.00,1.00
389,Fixation,389,0.00,0.00,0.09653,-0.01456,0.00314,-0.99522,0.12434,0.00473,0.00059,-0.99223,-0.21955,0.01007,-0.00144,0.97555,0.12401,0.03243,0.00406,-0.99174,-0.21931,-0.01784,-0.00221,0.97549,0.00000,0.00000,1.00,1.00
401,Fixation,401,0.00,0.00,0.09741,-0.01453,0.00259,-0.99514,0.12270,0.00396,0.00049,-0.99244,-0.21880,0.01074,-0.00089,0.97571,0.12243,0.03164,0.00391,-0.99196,-0.21860,-0.01714,-0.00160,0.97566,0.00000,0.00000,1.00,1.00
411,Fixation,411,0.00,0.00,0.09830,-0.01467,0.00233,-0.99505,0.12181,0.00401,0.00049,-0.99254,-0.21879,0.01080,-0.00063,0.97571,0.12156,0.03168,0.00388,-0.99207,-0.21861,-0.01707,-0.00128,0.97566,0.00000,0.00000,1.00,1.00
422,Fixation,422,0.00,0.00,0.09901,-0.01497,0.00231,-0.99497,0.12110,0.00430,0.00052,-0.99263,-0.21879,0.01081,-0.00058,0.97571,0.12085,0.03196,0.00389,-0.99215,-0.21861,-0.01705,-0.00119,0.97566,0.00000,0.00000,1.00,1.00
435,Fixation,435,0.00,0.00,0.09930,-0.01531,0.00258,-0.99494,0.12171,0.00474,0.00058,-0.99255,-0.21968,0.01074,-0.00081,0.97551,0.12143,0.03241,0.00397,-0.99206,-0.21947,-0.01713,-0.00143,0.97547,0.00000,0.00000,1.00,1.00
444,Fixation,444,0.00,0.00,0.09946,-0.01560,0.00287,-0.99492,0.12156,0.00512,0.00063,-0.99257,-0.21968,0.01068,-0.00106,0.97551,0.12126,0.03279,0.00401,-0.99207,-0.21947,-0.01719,-0.00168,0.97547,0.00000,0.00000,1.00,1.00
456,Fixation,456,0.00,0.00,0.09941,-0.01591,0.00330,-0.99491,0.12160,0.00556,0.00068,-0.99256,-0.21969,0.01059,-0.00146,0.97551,0.12128,0.03323,0.00406,-0.99205,-0.21946,-0.01728,-0.00208,0.97547,0.00000,0.00000,1.00,1.00
468,Fixation,468,0.00,0.00,0.09956,-0.01599,0.00325,-0.99490,0.12266,0.00568,0.00070,-0.99243,-0.22087,0.01054,-0.00139,0.97525,0.12233,0.03336,0.00411,-0.99192,-0.22063,-0.01735,-0.00204,0.97520,0.00000,0.00000,1.00,1.00
478,Fixation,478,0.00,0.00,0.09998,-0.01598,0.00291,-0.99486,0.12224,0.00556,0.00068,-0.99248,-0.22087,0.01062,-0.00106,0.97525,0.12192,0.03323,0.00408,-0.99197,-0.22064,-0.01727,-0.00168,0.97520,0.00000,0.00000,1.00,1.00
489,Fixation,489,0.00,0.00,0.10049,-0.01579,0.00275,-0.99481,0.12173,0.00532,0.00065,-0.99255,-0.22087,0.01065,-0.00093,0.97525,0.12143,0.03299,0.00404,-0.99204,-0.22064,-0.01723,-0.00152,0.97520,0.00000,0.00000,1.00,1.00
501,Fixation,501,0.00,0.00,0.10110,-0.01567,0.00303,-0.99475,0.12113,0.00530,0.00065,-0.99262,-0.22087,0.01058,-0.00121,0.97525,0.12081,0.03297,0.00401,-0.99212,-0.22064,-0.01729,-0.00177,0.97520,0.00000,0.00000,1.00,1.00
511,Fixation,511,0.00,0.00,0.10185,-0.01544,0.00336,-0.99467,0.12121,0.00534,0.00065,-0.99261,-0.22169,0.01035,-0.00157,0.97506,0.12087,0.03300,0.00402,-0.99211,-0.22145,-0.01751,-0.00211,0.97501,0.00000,0.00000,1.00,1.00
522,Fixation,522,0.00,0.00,0.10274,-0.01498,0.00344,-0.99459,0.12033,0.00493,0.00060,-0.99272,-0.22170,0.01033,-0.00170,0.97506,0.11998,0.03258,0.00394,-0.99223,-0.22145,-0.01753,-0.00218,0.97501,0.00000,0.00000,1.00,1.00
534,Fixation,534,0.00,0.00,0.10343,-0.01456,0.00340,-0.99452,0.12004,0.00375,0.00045,-0.99276,-0.22208,0.01109,-0.00169,0.97496,0.11971,0.03140,0.00379,-0.99230,-0.22186,-0.01676,-0.00215,0.97493,0.00000,0.00000,1.00,1.00
545,Fixation,545,0.00,0.00,0.10401,-0.01425,0.00339,-0.99447,0.11946,0.00344,0.00041,-0.99283,-0.22208,0.01109,-0.00172,0.97496,0.11914,0.03109,0.00373,-0.99238,-0.22186,-0.01676,-0.00215,0.97493,0.00000,0.00000,1.00,1.00
556,Fixation,556,0.00,0.00,0.10433,-0.01405,0.00359,-0.99444,0.11915,0.00332,0.00040,-0.99287,-0.22209,0.01104,-0.00194,0.97496,0.11881,0.03097,0.00371,-0.99243,-0.22185,-0.01681,-0.00235,0.97493,0.00000,0.00000,1.00,1.00
568,Fixation,568,0.00,0.00,0.10442,-0.01387,0.00361,-0.99443,0.12013,0.00307,0.00037,-0.99275,-0.22314,0.01112,-0.00197,0.97472,0.11981,0.03073,0.00371,-0.99231,-0.22293,-0.01674,-0.00240,0.97469,0.00000,0.00000,1.00,1.00
578,Fixation,578,0.00,0.00,0.10421,-0.01384,0.00363,-0.99445,0.12033,0.00304,0.00037,-0.99273,-0.22314,0.01111,-0.00199,0.97472,0.12002,0.03070,0.00371,-0.99229,-0.22293,-0.01675,-0.00244,0.97469,0.00000,0.00000,1.00,1.00
589,Fixation,589,0.00,0.00,0.10389,-0.01391,0.00360,-0.99449,0.12066,0.00310,0.00038,-0.99269,-0.22314,0.01112,-0.00194,0.97472,0.12035,0.03076,0.00373,-0.99225,-0.22293,-0.01674,-0.00241,0.97469,0.00000,0.00000,1.00,1.00
601,Fixation,601,0.00,0.00,0.10386,-0.01389,0.00347,-0.99449,0.12020,0.00359,0.00044,-0.99274,-0.22267,0.01059,-0.00183,0.97484,0.11991,0.03125,0.00378,-0.99229,-0.22247,-0.01727,-0.00228,0.97478,0.00000,0.00000,1.00,1.00
611,Fixation,611,0.00,0.00,0.10357,-0.01397,0.00326,-0.99452,0.12049,0.00360,0.00044,-0.99271,-0.22266,0.01064,-0.00162,0.97484,0.12021,0.03126,0.00379,-0.99225,-0.22248,-0.01722,-0.00209,0.97478,0.00000,0.00000,1.00,1.00
623,Fixation,623,0.00,0.00,0.10312,-0.01413,0.00293,-0.99456,0.12094,0.00363,0.00044,-0.99265,-0.22266,0.01072,-0.00127,0.97484,0.12067,0.03130,0.00381,-0.99219,-0.22248,-0.01715,-0.00176,0.97478,0.00000,0.00000,1.00,1.00
635,Fixation,635,0.00,0.00,0.10292,-0.01420,0.00288,-0.99458,0.12114,0.00368,0.00045,-0.99263,-0.22266,0.01073,-0.00121,0.97484,0.12088,0.03135,0.00382,-0.99216,-0.22248,-0.01714,-0.00172,0.97478,0.00000,0.00000,1.00,1.00
645,Fixation,645,0.00,0.00,0.10302,-0.01423,0.00288,-0.99457,0.11795,0.00426,0.00051,-0.99301,-0.21963,0.01018,-0.00124,0.97553,0.11769,0.03189,0.00378,-0.99253,-0.21944,-0.01765,-0.00166,0.97546,0.00000,0.00000,1.00,1.00
656,Fixation,656,0.00,0.00,0.10316,-0.01429,0.00289,-0.99456,0.11781,0.00432,0.00051,-0.99303,-0.21963,0.01018,-0.00125,0.97553,0.11755,0.03195,0.00378,-0.99255,-0.21944,-0.01765,-0.00165,0.97546,0.00000,0.00000,1.00,1.00
668,Fixation,668,0.00,0.00,0.10396,-0.01427,0.00294,-0.99448,0.11799,0.00436,0.00052,-0.99301,-0.22058,0.01013,-0.00129,0.97531,0.11771,0.03199,0.00379,-0.99253,-0.22038,-0.01770,-0.00168,0.97525,0.00000,0.00000,1.00,1.00
678,Fixation,678,0.00,0.00,0.10450,-0.01434,0.00286,-0.99442,0.11744,0.00441,0.00052,-0.99307,-0.22058,0.01015,-0.00122,0.97531,0.11717,0.03203,0.00378,-0.99259,-0.22038,-0.01768,-0.00158,0.97525,0.00000,0.00000,1.00,1.00
690,Fixation,690,0.00,0.00,0.10491,-0.01436,0.00252,-0.99437,0.11703,0.00430,0.00051,-0.99312,-0.22058,0.01022,-0.00088,0.97532,0.11677,0.03193,0.00376,-0.99264,-0.22039,-0.01759,-0.00121,0.97525,0.00000,0.00000,1.00,1.00
702,Fixation,702,0.00,0.00,0.10527,-0.01434,0.00209,-0.99434,0.11529,0.00496,0.00058,-0.99332,-0.21923,0.00949,-0.00047,0.97563,0.11504,0.03256,0.00377,-0.99282,-0.21903,-0.01830,-0.00075,0.97555,0.00000,0.00000,1.00,1.00
712,Fixation,712,0.00,0.00,0.10554,-0.01427,0.00156,-0.99431,0.11503,0.00472,0.00055,-0.99335,-0.21922,0.00961,0.00005,0.97563,0.11481,0.03232,0.00374,-0.99285,-0.21904,-0.01818,-0.00021,0.97555,0.00000,0.00000,1.00,1.00
723,Fixation,723,0.00,0.00,0.10584,-0.01415,0.00117,-0.99428,0.11472,0.00447,0.00052,-0.99339,-0.21922,0.00969,0.00042,0.97563,0.11452,0.03207,0.00370,-0.99290,-0.21905,-0.01809,0.00017,0.97555,0.00000,0.00000,1.00,1.00
735,Fixation,735,0.00,0.00,0.10612,-0.01410,0.00100,-0.99425,0.11620,0.00204,0.00024,-0.99322,-0.22094,0.01207,0.00062,0.97521,0.11602,0.02966,0.00347,-0.99280,-0.22079,-0.01574,0.00034,0.97519,0.00000,0.00000,1.00,1.00
745,Fixation,745,0.00,0.00,0.10634,-0.01408,0.00129,-0.99423,0.11599,0.00212,0.00025,-0.99325,-0.22095,0.01200,0.00033,0.97521,0.11578,0.02974,0.00347,-0.99282,-0.22078,-0.01580,0.00006,0.97520,0.00000,0.00000,1.00,1.00
757,Fixation,757,0.00,0.00,0.10650,-0.01416,0.00187,-0.99421,0.11583,0.00239,0.00028,-0.99327,-0.22096,0.01188,-0.00024,0.97521,0.11560,0.03001,0.00349,-0.99284,-0.22077,-0.01593,-0.00050,0.97519,0.00000,0.00000,1.00,1.00
768,Fixation,768,0.00,0.00,0.10659,-0.01422,0.00252,-0.99420,0.11587,0.00440,0.00051,-0.99325,-0.22108,0.00998,-0.00089,0.97520,0.11554,0.03201,0.00373,-0.99278,-0.22082,-0.01782,-0.00115,0.97515,0.00000,0.00000,1.00,1.00
779,Fixation,779,0.00,0.00,0.10672,-0.01437,0.00329,-0.99418,0.11574,0.00481,0.00056,-0.99327,-0.22109,0.00981,-0.00165,0.97520,0.11537,0.03242,0.00377,-0.99279,-0.22081,-0.01799,-0.00189,0.97515,0.00000,0.00000,1.00,1.00
790,Fixation,790,0.00,0.00,0.10684,-0.01447,0.00375,-0.99416,0.11562,0.00506,0.00059,-0.99328,-0.22110,0.00971,-0.00209,0.97520,0.11522,0.03267,0.00379,-0.99280,-0.22080,-0.01809,-0.00233,0.97515,0.00000,0.00000,1.00,1.00
802,Fixation,802,0.00,0.00,0.10707,-0.01468,0.00418,-0.99413,0.11682,0.00516,0.00061,-0.99314,-0.22250,0.00987,-0.00249,0.97488,0.11643,0.03278,0.00385,-0.99265,-0.22222,-0.01794,-0.00275,0.97483,0.00000,0.00000,1.00,1.00
812,Fixation,812,0.00,0.00,0.10743,-0.01478,0.00453,-0.99409,0.11647,0.00537,0.00063,-0.99318,-0.22251,0.00979,-0.00283,0.97488,0.11606,0.03299,0.00386,-0.99269,-0.22222,-0.01802,-0.00307,0.97483,0.00000,0.00000,1.00,1.00
823,Fixation,823,0.00,0.00,0.10762,-0.01504,0.00468,-0.99407,0.11627,0.00568,0.00066,-0.99320,-0.22251,0.00976,-0.00295,0.97488,0.11585,0.03329,0.00389,-0.99270,-0.22222,-0.01804,-0.00318,0.97483,0.00000,0.00000,1.00,1.00
835,Fixation,835,0.00,0.00,0.10766,-0.01532,0.00484,-0.99406,0.11400,0.00599,0.00069,-0.99346,-0.22032,0.00974,-0.00310,0.97537,0.11364,0.03358,0.00384,-0.99295,-0.22009,-0.01804,-0.00327,0.97531,0.00000,0.00000,1.00,1.00
846,Fixation,846,0.00,0.00,0.10782,-0.01565,0.00465,-0.99404,0.11383,0.00625,0.00072,-0.99348,-0.22032,0.00979,-0.00288,0.97538,0.11349,0.03384,0.00387,-0.99296,-0.22009,-0.01798,-0.00304,0.97531,0.00000,0.00000,1.00,1.00
857,Fixation,857,0.00,0.00,0.10774,-0.01592,0.00410,-0.99404,0.11391,0.00632,0.00072,-0.99347,-0.22031,0.00992,-0.00230,0.97538,0.11359,0.03391,0.00388,-0.99294,-0.22010,-0.01786,-0.00247,0.97531,0.00000,0.00000,1.00,1.00
869,Fixation,869,0.00,0.00,0.10728,-0.01621,0.00363,-0.99409,0.11489,0.01416,0.00164,-0.99328,-0.22085,0.00227,-0.00185,0.97530,0.11451,0.04173,0.00481,-0.99253,-0.22054,-0.02550,-0.00206,0.97504,0.00000,0.00000,1.00,1.00
879,Fixation,879,0.00,0.00,0.10669,-0.01661,0.00368,-0.99415,0.11548,0.01456,0.00169,-0.99320,-0.22085,0.00226,-0.00187,0.97530,0.11509,0.04214,0.00489,-0.99245,-0.22054,-0.02551,-0.00211,0.97504,0.00000,0.00000,1.00,1.00
890,Fixation,890,0.00,0.00,0.10629,-0.01692,0.00386,-0.99418,0.11588,0.01492,0.00174,-0.99315,-0.22085,0.00223,-0.00202,0.97530,0.11548,0.04250,0.00495,-0.99239,-0.22054,-0.02555,-0.00227,0.97504,0.00000,0.00000,1.00,1.00
902,Fixation,902,0.00,0.00,0.10587,-0.01713,0.00402,-0.99422,0.11606,0.01487,0.00174,-0.99313,-0.22062,0.00251,-0.00216,0.97535,0.11563,0.04246,0.00495,-0.99237,-0.22028,-0.02527,-0.00243,0.97511,0.00000,0.00000,1.00,1.00
912,Fixation,912,0.00,0.00,0.10561,-0.01743,0.00406,-0.99425,0.11631,0.01518,0.00178,-0.99310,-0.22062,0.00251,-0.00216,0.97535,0.11588,0.04276,0.00499,-0.99233,-0.22028,-0.02528,-0.00245,0.97511,0.00000,0.00000,1.00,1.00
924,Fixation,924,0.00,0.00,0.10561,-0.01769,0.00407,-0.99424,0.11632,0.01543,0.00181,-0.99309,-0.22062,0.00251,-0.00216,0.97535,0.11589,0.04302,0.00502,-0.99232,-0.22028,-0.02527,-0.00245,0.97511,0.00000,0.00000,1.00,1.00
936,Fixation,936,0.00,0.00,0.10570,-0.01795,0.00379,-0.99423,0.11510,0.01476,0.00171,-0.99324,-0.21951,0.00341,-0.00184,0.97560,0.11469,0.04233,0.00489,-0.99249,-0.21918,-0.02436,-0.00210,0.97538,0.00000,0.00000,1.00,1.00
946,Fixation,946,0.00,0.00,0.10573,-0.01816,0.00358,-0.99422,0.11507,0.01490,0.00173,-0.99324,-0.21951,0.00346,-0.00161,0.97560,0.11467,0.04247,0.00491,-0.99248,-0.21919,-0.02431,-0.00186,0.97538,0.00000,0.00000,1.00,1.00
957,Fixation,957,0.00,0.00,0.10596,-0.01841,0.00352,-0.99419,0.11485,0.01512,0.00175,-0.99327,-0.21951,0.00348,-0.00151,0.97560,0.11445,0.04269,0.00492,-0.99250,-0.21919,-0.02428,-0.00175,0.97538,0.00000,0.00000,1.00,1.00
969,Fixation,969,0.00,0.00,0.10627,-0.01861,0.00366,-0.99416,0.11406,0.01510,0.00173,-0.99336,-0.21904,0.00370,-0.00163,0.97571,0.11364,0.04267,0.00488,-0.99259,-0.21871,-0.02405,-0.00184,0.97549,0.00000,0.00000,1.00,1.00
979,Fixation,979,0.00,0.00,0.10665,-0.01880,0.00367,-0.99411,0.11367,0.01529,0.00175,-0.99340,-0.21904,0.00370,-0.00162,0.97571,0.11326,0.04285,0.00489,-0.99263,-0.21871,-0.02404,-0.00180,0.97549,0.00000,0.00000,1.00,1.00
991,Fixation,991,0.00,0.00,0.10690,-0.01904,0.00373,-0.99408,0.11343,0.01554,0.00177,-0.99342,-0.21904,0.00370,-0.00165,0.97571,0.11301,0.04310,0.00491,-0.99265,-0.21871,-0.02405,-0.00182,0.97549,0.00000,0.00000,1.00,1.00
1002,Fixation,1002,0.00,0.00,0.10711,-0.01928,0.00391,-0.99405,0.11287,0.01561,0.00177,-0.99349,-0.21870,0.00389,-0.00180,0.97578,0.11243,0.04316,0.00489,-0.99271,-0.21835,-0.02384,-0.00195,0.97558,0.00000,0.00000,1.00,1.00
1013,Fixation,1013,0.00,0.00,0.10756,-0.01957,0.00414,-0.99400,0.11241,0.01596,0.00181,-0.99353,-0.21870,0.00385,-0.00199,0.97578,0.11196,0.04350,0.00491,-0.99275,-0.21834,-0.02388,-0.00212,0.97558,0.00000,0.00000,1.00,1.00
1024,Fixation,1024,0.00,0.00,0.10817,-0.01974,0.00427,-0.99393,0.11180,0.01617,0.00182,-0.99360,-0.21870,0.00382,-0.00210,0.97578,0.11134,0.04371,0.00490,-0.99281,-0.21834,-0.02390,-0.00219,0.97558,0.00000,0.00000,1.00,1.00
1036,Fixation,1036,0.00,0.00,0.10901,-0.01984,0.00429,-0.99383,0.11162,0.01784,0.00200,-0.99359,-0.21936,0.00225,-0.00209,0.97564,0.11114,0.04536,0.00508,-0.99276,-0.21897,-0.02546,-0.00215,0.97540,0.00000,0.00000,1.00,1.00
1046,Fixation,1046,0.00,0.00,0.10988,-0.01999,0.00452,-0.99373,0.11075,0.01805,0.00201,-0.99368,-0.21936,0.00221,-0.00229,0.97564,0.11025,0.04557,0.00506,-0.99285,-0.21897,-0.02549,-0.00231,0.97540,0.00000,0.00000,1.00,1.00
1058,Fixation,1058,0.00,0.00,0.11092,-0.02006,0.00502,-0.99361,0.10970,0.01828,0.00202,-0.99379,-0.21936,0.00210,-0.00276,0.97564,0.10918,0.04579,0.00504,-0.99295,-0.21895,-0.02559,-0.00271,0.97540,0.00000,0.00000,1.00,1.00
1069,Fixation,1069,0.00,0.00,0.11178,-0.02010,0.00540,-0.99352,0.10868,0.01849,0.00202,-0.99390,-0.21922,0.00197,-0.00312,0.97567,0.10815,0.04599,0.00501,-0.99306,-0.21880,-0.02570,-0.00302,0.97543,0.00000,0.00000,1.00,1.00
1079,Fixation,1079,0.00,0.00,0.11259,-0.02007,0.00553,-0.99342,0.10787,0.01850,0.00201,-0.99399,-0.21922,0.00194,-0.00324,0.97567,0.10734,0.04599,0.00497,-0.99315,-0.21880,-0.02572,-0.00309,0.97543,0.00000,0.00000,1.00,1.00
1091,Fixation,1091,0.00,0.00,0.11312,-0.02000,0.00548,-0.99336,0.10734,0.01842,0.00199,-0.99405,-0.21922,0.00195,-0.00319,0.97567,0.10681,0.04590,0.00494,-0.99321,-0.21880,-0.02570,-0.00301,0.97543,0.00000,0.00000,1.00,1.00
1102,Fixation,1102,0.00,0.00,0.11333,-0.01996,0.00559,-0.99334,0.10936,0.01921,0.00211,-0.99381,-0.22141,0.00113,-0.00329,0.97517,0.10883,0.04671,0.00512,-0.99295,-0.22100,-0.02655,-0.00317,0.97491,0.00000,0.00000,1.00,1.00
1113,Fixation,1113,0.00,0.00,0.11307,-0.02006,0.00580,-0.99337,0.10962,0.01938,0.00214,-0.99378,-0.22141,0.00108,-0.00350,0.97517,0.10908,0.04688,0.00515,-0.99291,-0.22100,-0.02660,-0.00339,0.97491,0.00000,0.00000,1.00,1.00
1124,Fixation,1124,0.00,0.00,0.11259,-0.02011,0.00624,-0.99342,0.11009,0.01958,0.00217,-0.99373,-0.22141,0.00098,-0.00394,0.97517,0.10952,0.04708,0.00519,-0.99286,-0.22099,-0.02670,-0.00385,0.97490,0.00000,0.00000,1.00,1.00
1136,Fixation,1136,0.00,0.00,0.11220,-0.02018,0.00666,-0.99346,0.11216,0.01957,0.00221,-0.99350,-0.22307,0.00110,-0.00436,0.97479,0.11159,0.04710,0.00529,-0.99262,-0.22266,-0.02661,-0.00434,0.97452,0.00000,0.00000,1.00,1.00
1146,Fixation,1146,0.00,0.00,0.11231,-0.02025,0.00710,-0.99344,0.11204,0.01978,0.00223,-0.99350,-0.22307,0.00101,-0.00478,0.97479,0.11145,0.04730,0.00531,-0.99263,-0.22264,-0.02670,-0.00475,0.97452,0.00000,0.00000,1.00,1.00
1157,Fixation,1157,0.00,0.00,0.11266,-0.02037,0.00745,-0.99340,0.11168,0.02002,0.00225,-0.99354,-0.22307,0.00093,-0.00511,0.97479,0.11107,0.04753,0.00532,-0.99266,-0.22264,-0.02677,-0.00506,0.97452,0.00000,0.00000,1.00,1.00
1169,Fixation,1169,0.00,0.00,0.11299,-0.02062,0.00761,-0.99335,0.10894,0.01988,0.00218,-0.99385,-0.22070,0.00133,-0.00524,0.97533,0.10838,0.04737,0.00517,-0.99297,-0.22032,-0.02634,-0.00511,0.97506,0.00000,0.00000,1.00,1.00
1180,Fixation,1180,0.00,0.00,0.11317,-0.02089,0.00751,-0.99333,0.10875,0.02010,0.00220,-0.99386,-0.22070,0.00136,-0.00510,0.97533,0.10820,0.04759,0.00519,-0.99298,-0.22032,-0.02630,-0.00496,0.97506,0.00000,0.00000,1.00,1.00
1191,Fixation,1191,0.00,0.00,0.11336,-0.02128,0.00739,-0.99330,0.10856,0.02044,0.00223,-0.99388,-0.22070,0.00140,-0.00493,0.97533,0.10802,0.04793,0.00521,-0.99298,-0.22033,-0.02626,-0.00478,0.97506,0.00000,0.00000,1.00,1.00
1203,Fixation,1203,0.00,0.00,0.11357,-0.02167,0.00732,-0.99327,0.10868,0.02271,0.00248,-0.99381,-0.22103,-0.00051,-0.00481,0.97526,0.10815,0.05019,0.00547,-0.99285,-0.22066,-0.02817,-0.00466,0.97493,0.00000,0.00000,1.00,1.00
1213,Fixation,1213,0.00,0.00,0.11366,-0.02210,0.00735,-0.99325,0.10858,0.02313,0.00253,-0.99382,-0.22103,-0.00050,-0.00478,0.97526,0.10805,0.05061,0.00551,-0.99284,-0.22066,-0.02816,-0.00462,0.97493,0.00000,0.00000,1.00,1.00
1225,Fixation,1225,0.00,0.00,0.11359,-0.02258,0.00749,-0.99324,0.10865,0.02364,0.00258,-0.99380,-0.22103,-0.00052,-0.00487,0.97525,0.10811,0.05111,0.00557,-0.99281,-0.22066,-0.02818,-0.00471,0.97493,0.00000,0.00000,1.00,1.00
1236,Fixation,1236,0.00,0.00,0.11343,-0.02299,0.00757,-0.99325,0.10930,0.02026,0.00223,-0.99380,-0.22149,0.00330,-0.00492,0.97514,0.10881,0.04776,0.00523,-0.99290,-0.22118,-0.02438,-0.00479,0.97492,0.00000,0.00000,1.00,1.00
1247,Fixation,1247,0.00,0.00,0.11327,-0.02337,0.00768,-0.99326,0.10945,0.02066,0.00228,-0.99377,-0.22149,0.00328,-0.00500,0.97514,0.10896,0.04816,0.00528,-0.99286,-0.22118,-0.02440,-0.00487,0.97492,0.00000,0.00000,1.00,1.00
1259,Fixation,1259,0.00,0.00,0.11321,-0.02360,0.00772,-0.99326,0.10951,0.02090,0.00230,-0.99376,-0.22149,0.00328,-0.00501,0.97514,0.10902,0.04840,0.00531,-0.99285,-0.22118,-0.02440,-0.00489,0.97492,0.00000,0.00000,1.00,1.00
1270,Fixation,1270,0.00,0.00,0.11314,-0.02374,0.00767,-0.99327,0.10917,0.02141,0.00235,-0.99379,-0.22109,0.00290,-0.00494,0.97524,0.10867,0.04890,0.00535,-0.99286,-0.22076,-0.02477,-0.00482,0.97500,0.00000,0.00000,1.00,1.00
1280,Fixation,1280,0.00,0.00,0.11313,-0.02368,0.00756,-0.99327,0.10918,0.02132,0.00234,-0.99379,-0.22109,0.00292,-0.00484,0.97524,0.10868,0.04881,0.00534,-0.99286,-0.22077,-0.02475,-0.00472,0.97500,0.00000,0.00000,1.00,1.00
1291,Fixation,1291,0.00,0.00,0.11321,-0.02351,0.00755,-0.99326,0.10910,0.02114,0.00232,-0.99380,-0.22109,0.00292,-0.00485,0.97524,0.10860,0.04863,0.00532,-0.99288,-0.22077,-0.02475,-0.00472,0.97500,0.00000,0.00000,1.00,1.00
1303,Fixation,1303,0.00,0.00,0.11333,-0.02332,0.00751,-0.99326,0.10835,0.02011,0.00219,-0.99391,-0.22046,0.00377,-0.00484,0.97538,0.10786,0.04759,0.00517,-0.99301,-0.22015,-0.02389,-0.00468,0.97516,0.00000,0.00000,1.00,1.00
1314,Fixation,1314,0.00,0.00,0.11361,-0.02262,0.00741,-0.99324,0.10808,0.01941,0.00211,-0.99395,-0.22046,0.00377,-0.00481,0.97538,0.10759,0.04689,0.00508,-0.99308,-0.22015,-0.02388,-0.00464,0.97516,0.00000,0.00000,1.00,1.00
1325,Fixation,1325,0.00,0.00,0.11393,-0.02198,0.00713,-0.99322,0.10777,0.01869,0.00203,-0.99400,-0.22046,0.00382,-0.00460,0.97538,0.10730,0.04617,0.00499,-0.99314,-0.22016,-0.02383,-0.00442,0.97516,0.00000,0.00000,1.00,1.00
1336,Fixation,1336,0.00,0.00,0.11400,-0.02135,0.00697,-0.99323,0.10770,0.02215,0.00240,-0.99393,-0.22048,-0.00030,-0.00449,0.97538,0.10717,0.04961,0.00535,-0.99299,-0.22010,-0.02794,-0.00430,0.97507,0.00000,0.00000,1.00,1.00
1347,Fixation,1347,0.00,0.00,0.11395,-0.02068,0.00678,-0.99325,0.10775,0.02144,0.00232,-0.99394,-0.22048,-0.00028,-0.00438,0.97538,0.10723,0.04891,0.00528,-0.99302,-0.22010,-0.02791,-0.00419,0.97507,0.00000,0.00000,1.00,1.00
1358,Fixation,1358,0.00,0.00,0.11384,-0.01999,0.00656,-0.99328,0.10787,0.02071,0.00225,-0.99395,-0.22048,-0.00025,-0.00424,0.97538,0.10736,0.04817,0.00521,-0.99304,-0.22011,-0.02788,-0.00406,0.97507,0.00000,0.00000,1.00,1.00
1370,Fixation,1370,0.00,0.00,0.11381,-0.01929,0.00624,-0.99330,0.10823,0.02112,0.00230,-0.99390,-0.22080,-0.00140,-0.00399,0.97531,0.10772,0.04859,0.00527,-0.99298,-0.22042,-0.02904,-0.00382,0.97497,0.00000,0.00000,1.00,1.00
1380,Fixation,1380,0.00,0.00,0.11395,-0.01870,0.00579,-0.99329,0.10811,0.02041,0.00222,-0.99393,-0.22080,-0.00131,-0.00361,0.97531,0.10762,0.04788,0.00519,-0.99303,-0.22043,-0.02895,-0.00344,0.97497,0.00000,0.00000,1.00,1.00
1392,Fixation,1392,0.00,0.00,0.11400,-0.01814,0.00535,-0.99330,0.10806,0.01973,0.00214,-0.99395,-0.22080,-0.00123,-0.00324,0.97531,0.10760,0.04720,0.00511,-0.99306,-0.22044,-0.02887,-0.00306,0.97497,0.00000,0.00000,1.00,1.00
1403,Fixation,1403,0.00,0.00,0.11409,-0.01766,0.00509,-0.99330,0.10661,0.01320,0.00142,-0.99421,-0.21943,0.00482,-0.00307,0.97561,0.10625,0.04069,0.00435,-0.99350,-0.21918,-0.02283,-0.00286,0.97541,0.00000,0.00000,1.00,1.00
1413,Fixation,1413,0.00,0.00,0.11401,-0.01722,0.00521,-0.99332,0.10670,0.01282,0.00138,-0.99421,-0.21943,0.00478,-0.00324,0.97561,0.10633,0.04031,0.00431,-0.99350,-0.21917,-0.02287,-0.00303,0.97541,0.00000,0.00000,1.00,1.00
1425,Fixation,1425,0.00,0.00,0.11416,-0.01684,0.00531,-0.99331,0.10655,0.01249,0.00134,-0.99423,-0.21943,0.00475,-0.00339,0.97561,0.10617,0.03998,0.00427,-0.99353,-0.21917,-0.02290,-0.00317,0.97541,0.00000,0.00000,1.00,1.00
1437,Fixation,1437,0.00,0.00,0.11444,-0.01642,0.00536,-0.99328,0.10630,0.01088,0.00116,-0.99427,-0.21944,0.00596,-0.00349,0.97560,0.10592,0.03837,0.00409,-0.99363,-0.21919,-0.02170,-0.00326,0.97544,0.00000,0.00000,1.00,1.00
1447,Fixation,1447,0.00,0.00,0.11484,-0.01616,0.00524,-0.99324,0.10589,0.01059,0.00113,-0.99432,-0.21944,0.00598,-0.00340,0.97560,0.10553,0.03808,0.00404,-0.99368,-0.21919,-0.02167,-0.00314,0.97544,0.00000,0.00000,1.00,1.00
1459,Fixation,1459,0.00,0.00,0.11506,-0.01597,0.00502,-0.99322,0.10568,0.01033,0.00110,-0.99435,-0.21944,0.00602,-0.00321,0.97560,0.10532,0.03782,0.00401,-0.99371,-0.21920,-0.02163,-0.00294,0.97544,0.00000,0.00000,1.00,1.00
1470,Fixation,1470,0.00,0.00,0.11519,-0.01589,0.00493,-0.99320,0.10397,0.01080,0.00113,-0.99452,-0.21789,0.00546,-0.00312,0.97595,0.10362,0.03828,0.00399,-0.99387,-0.21765,-0.02217,-0.00280,0.97577,0.00000,0.00000,1.00,1.00
1480,Fixation,1480,0.00,0.00,0.11523,-0.01583,0.00492,-0.99320,0.10393,0.01073,0.00112,-0.99453,-0.21789,0.00546,-0.00312,0.97595,0.10358,0.03821,0.00398,-0.99388,-0.21765,-0.02217,-0.00280,0.97577,0.00000,0.00000,1.00,1.00
1492,Fixation,1492,0.00,0.00,0.11524,-0.01585,0.00505,-0.99320,0.10391,0.01079,0.00113,-0.99453,-0.21789,0.00544,-0.00325,0.97595,0.10356,0.03827,0.00399,-0.99388,-0.21765,-0.02220,-0.00293,0.97577,0.00000,0.00000,1.00,1.00
1504,Fixation,1504,0.00,0.00,0.11527,-0.01584,0.00518,-0.99319,0.10439,0.01135,0.00119,-0.99447,-0.21839,0.00488,-0.00337,0.97584,0.10402,0.03883,0.00406,-0.99381,-0.21814,-0.02276,-0.00306,0.97565,0.00000,0.00000,1.00,1.00
1514,Fixation,1514,0.00,0.00,0.11532,-0.01589,0.00533,-0.99319,0.10434,0.01145,0.00120,-0.99447,-0.21839,0.00485,-0.00351,0.97584,0.10397,0.03893,0.00407,-0.99381,-0.21814,-0.02279,-0.00320,0.97565,0.00000,0.00000,1.00,1.00
1525,Fixation,1525,0.00,0.00,0.11525,-0.01584,0.00555,-0.99319,0.10441,0.01147,0.00120,-0.99447,-0.21839,0.00480,-0.00374,0.97584,0.10402,0.03895,0.00408,-0.99380,-0.21813,-0.02284,-0.00343,0.97565,0.00000,0.00000,1.00,1.00
1537,Fixation,1537,0.00,0.00,0.11533,-0.01585,0.00591,-0.99318,0.10213,0.00957,0.00098,-0.99473,-0.21622,0.00675,-0.00413,0.97631,0.10176,0.03704,0.00379,-0.99411,-0.21600,-0.02087,-0.00375,0.97616,0.00000,0.00000,1.00,1.00
1547,Fixation,1547,0.00,0.00,0.11540,-0.01575,0.00616,-0.99317,0.10205,0.00956,0.00098,-0.99473,-0.21623,0.00669,-0.00439,0.97631,0.10168,0.03703,0.00379,-0.99412,-0.21599,-0.02093,-0.00401,0.97616,0.00000,0.00000,1.00,1.00
1558,Fixation,1558,0.00,0.00,0.11562,-0.01564,0.00634,-0.99315,0.10184,0.00951,0.00097,-0.99476,-0.21623,0.00665,-0.00458,0.97631,0.10145,0.03697,0.00377,-0.99415,-0.21599,-0.02097,-0.00419,0.97616,0.00000,0.00000,1.00,1.00
1570,Fixation,1570,0.00,0.00,0.11584,-0.01541,0.00649,-0.99313,0.10445,0.00917,0.00096,-0.99449,-0.21901,0.00678,-0.00474,0.97569,0.10408,0.03666,0.00384,-0.99389,-0.21879,-0.02086,-0.00442,0.97554,0.00000,0.00000,1.00,1.00
1581,Fixation,1581,0.00,0.00,0.11614,-0.01515,0.00651,-0.99310,0.10415,0.00892,0.00093,-0.99452,-0.21901,0.00677,-0.00479,0.97569,0.10378,0.03641,0.00380,-0.99393,-0.21879,-0.02087,-0.00445,0.97554,0.00000,0.00000,1.00,1.00
1592,Fixation,1592,0.00,0.00,0.11666,-0.01478,0.00655,-0.99304,0.10363,0.00858,0.00089,-0.99458,-0.21901,0.00676,-0.00487,0.97569,0.10325,0.03606,0.00375,-0.99399,-0.21879,-0.02088,-0.00450,0.97554,0.00000,0.00000,1.00,1.00
1604,Fixation,1604,0.00,0.00,0.11715,-0.01430,0.00655,-0.99299,0.10260,0.00811,0.00084,-0.99469,-0.21848,0.00675,-0.00493,0.97581,0.10226,0.03558,0.00366,-0.99411,-0.21828,-0.02088,-0.00452,0.97565,0.00000,0.00000,1.00,1.00
1614,Fixation,1614,0.00,0.00,0.11788,-0.01382,0.00671,-0.99291,0.10187,0.00769,0.00079,-0.99477,-0.21848,0.00670,-0.00514,0.97581,0.10152,0.03516,0.00359,-0.99421,-0.21828,-0.02091,-0.00469,0.97565,0.00000,0.00000,1.00,1.00
1627,Fixation,1627,0.00,0.00,0.11849,-0.01326,0.00665,-0.99284,0.10127,0.00713,0.00073,-0.99483,-0.21848,0.00670,-0.00515,0.97581,0.10092,0.03460,0.00351,-0.99429,-0.21828,-0.02091,-0.00466,0.97565,0.00000,0.00000,1.00,1.00
1637,Fixation,1637,0.00,0.00,0.11900,-0.01269,0.00679,-0.99279,0.10176,0.00729,0.00075,-0.99478,-0.21946,0.00598,-0.00534,0.97559,0.10141,0.03476,0.00355,-0.99423,-0.21927,-0.02163,-0.00485,0.97541,0.00000,0.00000,1.00,1.00
1647,Fixation,1647,0.00,0.00,0.11940,-0.01206,0.00694,-0.99275,0.10136,0.00674,0.00069,-0.99483,-0.21946,0.00593,-0.00556,0.97559,0.10100,0.03420,0.00347,-0.99429,-0.21927,-0.02167,-0.00505,0.97541,0.00000,0.00000,1.00,1.00
1659,Fixation,1659,0.00,0.00,0.11970,-0.01149,0.00706,-0.99272,0.10107,0.00622,0.00063,-0.99486,-0.21946,0.00589,-0.00575,0.97559,0.10070,0.03369,0.00341,-0.99434,-0.21927,-0.02171,-0.00522,0.97541,0.00000,0.00000,1.00,1.00
1670,Fixation,1670,0.00,0.00,0.12005,-0.01086,0.00682,-0.99268,0.10001,0.00751,0.00075,-0.99496,-0.21878,0.00394,-0.00555,0.97575,0.09967,0.03496,0.00350,-0.99440,-0.21860,-0.02365,-0.00499,0.97552,0.00000,0.00000,1.00,1.00
1681,Fixation,1681,0.00,0.00,0.12022,-0.01044,0.00653,-0.99267,0.09984,0.00701,0.00070,-0.99498,-0.21878,0.00400,-0.00531,0.97575,0.09952,0.03446,0.00345,-0.99443,-0.21860,-0.02359,-0.00474,0.97552,0.00000,0.00000,1.00,1.00
1692,Fixation,1692,0.00,0.00,0.12026,-0.00999,0.00639,-0.99267,0.09981,0.00653,0.00066,-0.99498,-0.21878,0.00402,-0.00522,0.97575,0.09949,0.03398,0.00340,-0.99445,-0.21861,-0.02357,-0.00464,0.97552,0.00000,0.00000,1.00,1.00
1704,Fixation,1704,0.00,0.00,0.12032,-0.00975,0.00627,-0.99267,0.09851,0.00825,0.00082,-0.99510,-0.21758,0.00203,-0.00510,0.97603,0.09821,0.03569,0.00352,-0.99452,-0.21740,-0.02554,-0.00449,0.97574,0.00000,0.00000,1.00,1.00
1714,Fixation,1714,0.00,0.00,0.12052,-0.00943,0.00623,-0.99265,0.09831,0.00793,0.00078,-0.99512,-0.21758,0.00203,-0.00510,0.97603,0.09800,0.03537,0.00348,-0.99455,-0.21740,-0.02553,-0.00447,0.97574,0.00000,0.00000,1.00,1.00
1726,Fixation,1726,0.00,0.00,0.12084,-0.00914,0.00615,-0.99261,0.09799,0.00762,0.00075,-0.99516,-0.21758,0.00204,-0.00505,0.97603,0.09769,0.03506,0.00344,-0.99459,-0.21741,-0.02552,-0.00441,0.97574,0.00000,0.00000,1.00,1.00
1737,Fixation,1737,0.00,0.00,0.12146,-0.00888,0.00624,-0.99254,0.09624,0.00878,0.00085,-0.99532,-0.21647,0.00062,-0.00513,0.97628,0.09593,0.03620,0.00349,-0.99472,-0.21629,-0.02693,-0.00442,0.97595,0.00000,0.00000,1.00,1.00
1748,Fixation,1748,0.00,0.00,0.12221,-0.00869,0.00639,-0.99245,0.09548,0.00864,0.00083,-0.99539,-0.21647,0.00058,-0.00529,0.97627,0.09517,0.03605,0.00345,-0.99480,-0.21628,-0.02695,-0.00454,0.97595,0.00000,0.00000,1.00,1.00
1760,Fixation,1760,0.00,0.00,0.12305,-0.00866,0.00643,-0.99234,0.09464,0.00862,0.00082,-0.99547,-0.21647,0.00057,-0.00533,0.97627,0.09432,0.03603,0.00342,-0.99488,-0.21628,-0.02695,-0.00453,0.97595,0.00000,0.00000,1.00,1.00
1771,Fixation,1771,0.00,0.00,0.12356,-0.00876,0.00631,-0.99228,0.09486,0.00879,0.00084,-0.99545,-0.21718,0.00050,-0.00520,0.97612,0.09456,0.03620,0.00344,-0.99486,-0.21701,-0.02703,-0.00439,0.97579,0.00000,0.00000,1.00,1.00
1781,Fixation,1781,0.00,0.00,0.12378,-0.00899,0.00626,-0.99225,0.09463,0.00899,0.00085,-0.99547,-0.21718,0.00052,-0.00511,0.97612,0.09434,0.03640,0.00345,-0.99487,-0.21701,-0.02701,-0.00430,0.97579,0.00000,0.00000,1.00,1.00
1793,Fixation,1793,0.00,0.00,0.12385,-0.00919,0.00625,-0.99224,0.09457,0.00918,0.00087,-0.99548,-0.21718,0.00052,-0.00508,0.97612,0.09427,0.03659,0.00347,-0.99487,-0.21701,-0.02700,-0.00426,0.97579,0.00000,0.00000,1.00,1.00
1804,Fixation,1804,0.00,0.00,0.12364,-0.00931,0.00628,-0.99226,0.09534,0.00857,0.00082,-0.99541,-0.21774,0.00126,-0.00512,0.97599,0.09506,0.03599,0.00344,-0.99481,-0.21758,-0.02627,-0.00432,0.97568,0.00000,0.00000,1.00,1.00
1815,Fixation,1815,0.00,0.00,0.12350,-0.00933,0.00632,-0.99228,0.09548,0.00861,0.00083,-0.99539,-0.21774,0.00125,-0.00516,0.97599,0.09520,0.03602,0.00345,-0.99480,-0.21758,-0.02629,-0.00437,0.97568,0.00000,0.00000,1.00,1.00
1826,Fixation,1826,0.00,0.00,0.12331,-0.00932,0.00644,-0.99230,0.09567,0.00863,0.00083,-0.99538,-0.21774,0.00123,-0.00528,0.97599,0.09538,0.03605,0.00346,-0.99478,-0.21758,-0.02631,-0.00450,0.97568,0.00000,0.00000,1.00,1.00
1838,Fixation,1838,0.00,0.00,0.12279,-0.00916,0.00688,-0.99237,0.09483,0.00840,0.00080,-0.99546,-0.21641,0.00134,-0.00574,0.97628,0.09452,0.03581,0.00340,-0.99487,-0.21624,-0.02619,-0.00495,0.97598,0.00000,0.00000,1.00,1.00
1849,Fixation,1849,0.00,0.00,0.12254,-0.00901,0.00715,-0.99240,0.09509,0.00834,0.00080,-0.99543,-0.21641,0.00127,-0.00603,0.97628,0.09476,0.03576,0.00341,-0.99485,-0.21623,-0.02626,-0.00526,0.97597,0.00000,0.00000,1.00,1.00
1860,Fixation,1860,0.00,0.00,0.12240,-0.00881,0.00717,-0.99242,0.09522,0.00815,0.00078,-0.99542,-0.21641,0.00126,-0.00607,0.97628,0.09489,0.03557,0.00339,-0.99485,-0.21623,-0.02627,-0.00531,0.97597,0.00000,0.00000,1.00,1.00
1875,Fixation,1875,0.00,0.00,0.12261,-0.00856,0.00687,-0.99239,0.09478,0.00686,0.00065,-0.99547,-0.21617,0.00228,-0.00583,0.97634,0.09450,0.03428,0.00326,-0.99493,-0.21603,-0.02526,-0.00505,0.97605,0.00000,0.00000,1.00,1.00
1881,Fixation,1881,0.00,0.00,0.12296,-0.00845,0.00658,-0.99235,0.09443,0.00667,0.00063,-0.99551,-0.21617,0.00234,-0.00556,0.97634,0.09416,0.03408,0.00323,-0.99497,-0.21604,-0.02519,-0.00477,0.97605,0.00000,0.00000,1.00,1.00
1893,Fixation,1893,0.00,0.00,0.12350,-0.00825,0.00620,-0.99229,0.09390,0.00636,0.00060,-0.99556,-0.21617,0.00242,-0.00521,0.97634,0.09365,0.03377,0.00318,-0.99503,-0.21605,-0.02511,-0.00438,0.97605,0.00000,0.00000,1.00,1.00
1904,Fixation,1904,0.00,0.00,0.12412,-0.00808,0.00600,-0.99222,0.09528,0.00640,0.00061,-0.99543,-0.21813,0.00218,-0.00502,0.97590,0.09505,0.03382,0.00323,-0.99489,-0.21802,-0.02535,-0.00421,0.97561,0.00000,0.00000,1.00,1.00
1914,Fixation,1914,0.00,0.00,0.12459,-0.00794,0.00594,-0.99216,0.09481,0.00624,0.00059,-0.99548,-0.21813,0.00219,-0.00498,0.97590,0.09459,0.03366,0.00320,-0.99494,-0.21802,-0.02534,-0.00414,0.97561,0.00000,0.00000,1.00,1.00
1926,Fixation,1926,0.00,0.00,0.12469,-0.00770,0.00620,-0.99215,0.09471,0.00610,0.00058,-0.99549,-0.21814,0.00213,-0.00525,0.97590,0.09446,0.03352,0.00318,-0.99496,-0.21802,-0.02540,-0.00442,0.97560,0.00000,0.00000,1.00,1.00
1937,Fixation,1937,0.00,0.00,0.12484,-0.00750,0.00645,-0.99213,0.09597,0.00656,0.00063,-0.99536,-0.21952,0.00149,-0.00551,0.97559,0.09569,0.03399,0.00327,-0.99483,-0.21937,-0.02605,-0.00470,0.97528,0.00000,0.00000,1.00,1.00
1948,Fixation,1948,0.00,0.00,0.12495,-0.00721,0.00641,-0.99212,0.09586,0.00627,0.00060,-0.99538,-0.21952,0.00149,-0.00550,0.97559,0.09558,0.03369,0.00324,-0.99485,-0.21937,-0.02605,-0.00469,0.97528,0.00000,0.00000,1.00,1.00
1960,Fixation,1960,0.00,0.00,0.12504,-0.00693,0.00617,-0.99211,0.09578,0.00593,0.00057,-0.99539,-0.21952,0.00154,-0.00530,0.97559,0.09551,0.03336,0.00320,-0.99486,-0.21938,-0.02601,-0.00448,0.97528,0.00000,0.00000,1.00,1.00
1971,Fixation,1971,0.00,0.00,0.12517,-0.00664,0.00605,-0.99210,0.09579,0.00589,0.00057,-0.99538,-0.21966,0.00128,-0.00521,0.97556,0.09553,0.03332,0.00320,-0.99486,-0.21952,-0.02627,-0.00439,0.97524,0.00000,0.00000,1.00,1.00
1982,Fixation,1982,0.00,0.00,0.12533,-0.00637,0.00612,-0.99208,0.09562,0.00565,0.00054,-0.99540,-0.21966,0.00126,-0.00531,0.97556,0.09536,0.03307,0.00317,-0.99489,-0.21952,-0.02628,-0.00448,0.97524,0.00000,0.00000,1.00,1.00
1994,Fixation,1994,0.00,0.00,0.12559,-0.00622,0.00626,-0.99204,0.09536,0.00554,0.00053,-0.99543,-0.21966,0.00122,-0.00546,0.97556,0.09509,0.03297,0.00315,-0.99492,-0.21951,-0.02632,-0.00462,0.97524,0.00000,0.00000,1.00,1.00
2004,Fixation,2004,0.00,0.00,0.12581,-0.00606,0.00636,-0.99202,0.09505,0.00662,0.00063,-0.99545,-0.21958,-0.00002,-0.00555,0.97558,0.09477,0.03404,0.00324,-0.99491,-0.21941,-0.02755,-0.00469,0.97523,0.00000,0.00000,1.00,1.00
2015,Fixation,2015,0.00,0.00,0.12596,-0.00591,0.00646,-0.99200,0.09490,0.00651,0.00062,-0.99547,-0.21958,-0.00004,-0.00567,0.97558,0.09460,0.03393,0.00323,-0.99493,-0.21941,-0.02758,-0.00480,0.97523,0.00000,0.00000,1.00,1.00
2027,Fixation,2027,0.00,0.00,0.12587,-0.00589,0.00652,-0.99201,0.09499,0.00651,0.00062,-0.99546,-0.21958,-0.00006,-0.00572,0.97558,0.09469,0.03393,0.00323,-0.99492,-0.21941,-0.02759,-0.00486,0.97523,0.00000,0.00000,1.00,1.00
2038,Fixation,2038,0.00,0.00,0.12571,-0.00588,0.00653,-0.99203,0.09489,0.00483,0.00046,-0.99548,-0.21931,0.00162,-0.00580,0.97564,0.09463,0.03225,0.00307,-0.99499,-0.21919,-0.02592,-0.00493,0.97533,0.00000,0.00000,1.00,1.00
2048,Fixation,2048,0.00,0.00,0.12569,-0.00586,0.00652,-0.99203,0.09491,0.00481,0.00046,-0.99547,-0.21931,0.00162,-0.00578,0.97564,0.09465,0.03223,0.00307,-0.99498,-0.21919,-0.02591,-0.00492,0.97533,0.00000,0.00000,1.00,1.00
2060,Fixation,2060,0.00,0.00,0.12563,-0.00584,0.00643,-0.99204,0.09497,0.00476,0.00045,-0.99547,-0.21931,0.00164,-0.00570,0.97564,0.09472,0.03219,0.00306,-0.99498,-0.21919,-0.02590,-0.00484,0.97533,0.00000,0.00000,1.00,1.00
2071,Fixation,2071,0.00,0.00,0.12570,-0.00581,0.00618,-0.99203,0.09510,0.00453,0.00043,-0.99546,-0.21950,0.00182,-0.00546,0.97560,0.09487,0.03195,0.00305,-0.99497,-0.21940,-0.02572,-0.00460,0.97529,0.00000,0.00000,1.00,1.00
2081,Fixation,2081,0.00,0.00,0.12589,-0.00576,0.00609,-0.99201,0.09492,0.00445,0.00042,-0.99548,-0.21950,0.00184,-0.00537,0.97560,0.09469,0.03188,0.00303,-0.99499,-0.21940,-0.02570,-0.00451,0.97529,0.00000,0.00000,1.00,1.00
2094,Fixation,2094,0.00,0.00,0.12619,-0.00573,0.00619,-0.99197,0.09461,0.00445,0.00042,-0.99550,-0.21950,0.00182,-0.00548,0.97560,0.09438,0.03187,0.00302,-0.99502,-0.21940,-0.02572,-0.00460,0.97529,0.00000,0.00000,1.00,1.00
2105,Fixation,2105,0.00,0.00,0.12652,-0.00565,0.00629,-0.99193,0.09436,0.00460,0.00044,-0.99553,-0.21958,0.00159,-0.00558,0.97558,0.09412,0.03202,0.00303,-0.99504,-0.21947,-0.02594,-0.00468,0.97526,0.00000,0.00000,1.00,1.00
2115,Fixation,2115,0.00,0.00,0.12685,-0.00551,0.00621,-0.99189,0.09403,0.00444,0.00042,-0.99556,-0.21958,0.00161,-0.00552,0.97558,0.09379,0.03186,0.00300,-0.99508,-0.21947,-0.02592,-0.00460,0.97526,0.00000,0.00000,1.00,1.00
2127,Fixation,2127,0.00,0.00,0.12698,-0.00540,0.00610,-0.99187,0.09390,0.00430,0.00041,-0.99557,-0.21958,0.00163,-0.00542,0.97558,0.09367,0.03172,0.00299,-0.99509,-0.21947,-0.02590,-0.00449,0.97526,0.00000,0.00000,1.00,1.00
2138,Fixation,2138,0.00,0.00,0.12696,-0.00526,0.00599,-0.99188,0.09448,0.00433,0.00041,-0.99552,-0.22012,0.00146,-0.00532,0.97546,0.09425,0.03175,0.00301,-0.99504,-0.22002,-0.02608,-0.00441,0.97514,0.00000,0.00000,1.00,1.00
2148,Fixation,2148,0.00,0.00,0.12682,-0.00514,0.00592,-0.99189,0.09461,0.00420,0.00040,-0.99551,-0.22012,0.00147,-0.00527,0.97546,0.09439,0.03162,0.00300,-0.99503,-0.22002,-0.02607,-0.00437,0.97514,0.00000,0.00000,1.00,1.00
2161,Fixation,2161,0.00,0.00,0.12689,-0.00498,0.00592,-0.99189,0.09455,0.00403,0.00038,-0.99551,-0.22012,0.00146,-0.00529,0.97546,0.09432,0.03146,0.00298,-0.99504,-0.22002,-0.02607,-0.00438,0.97514,0.00000,0.00000,1.00,1.00
2171,Fixation,2171,0.00,0.00,0.12696,-0.00480,0.00591,-0.99188,0.09199,0.00440,0.00041,-0.99575,-0.21769,0.00090,-0.00529,0.97600,0.09176,0.03180,0.00293,-0.99527,-0.21758,-0.02660,-0.00431,0.97567,0.00000,0.00000,1.00,1.00
2181,Fixation,2181,0.00,0.00,0.12718,-0.00462,0.00588,-0.99185,0.09178,0.00422,0.00039,-0.99577,-0.21769,0.00090,-0.00528,0.97600,0.09155,0.03162,0.00291,-0.99529,-0.21758,-0.02660,-0.00429,0.97567,0.00000,0.00000,1.00,1.00
2194,Fixation,2194,0.00,0.00,0.12739,-0.00444,0.00570,-0.99183,0.09156,0.00399,0.00037,-0.99579,-0.21769,0.00094,-0.00513,0.97600,0.09135,0.03139,0.00288,-0.99532,-0.21759,-0.02656,-0.00413,0.97567,0.00000,0.00000,1.00,1.00
2204,Fixation,2204,0.00,0.00,0.12748,-0.00427,0.00574,-0.99182,0.09457,0.00322,0.00031,-0.99551,-0.22073,0.00156,-0.00520,0.97532,0.09436,0.03064,0.00291,-0.99506,-0.22063,-0.02597,-0.00428,0.97500,0.00000,0.00000,1.00,1.00
2215,Fixation,2215,0.00,0.00,0.12751,-0.00424,0.00583,-0.99181,0.09455,0.00322,0.00031,-0.99552,-0.22073,0.00154,-0.00530,0.97532,0.09432,0.03065,0.00291,-0.99507,-0.22062,-0.02599,-0.00438,0.97500,0.00000,0.00000,1.00,1.00
2227,Fixation,2227,0.00,0.00,0.12786,-0.00424,0.00600,-0.99176,0.09419,0.00327,0.00031,-0.99555,-0.22073,0.00150,-0.00546,0.97532,0.09396,0.03069,0.00290,-0.99510,-0.22062,-0.02602,-0.00452,0.97500,0.00000,0.00000,1.00,1.00
2237,Fixation,2237,0.00,0.00,0.12849,-0.00428,0.00608,-0.99168,0.09133,0.00229,0.00021,-0.99582,-0.21854,0.00252,-0.00558,0.97581,0.09112,0.02969,0.00272,-0.99539,-0.21845,-0.02498,-0.00454,0.97552,0.00000,0.00000,1.00,1.00
2248,Fixation,2248,0.00,0.00,0.12901,-0.00431,0.00634,-0.99161,0.09081,0.00239,0.00022,-0.99587,-0.21854,0.00246,-0.00583,0.97581,0.09058,0.02979,0.00271,-0.99544,-0.21844,-0.02503,-0.00477,0.97552,0.00000,0.00000,1.00,1.00
2261,Fixation,2261,0.00,0.00,0.12935,-0.00440,0.00687,-0.99157,0.09047,0.00265,0.00024,-0.99590,-0.21854,0.00235,-0.00634,0.97580,0.09021,0.03005,0.00272,-0.99547,-0.21843,-0.02514,-0.00526,0.97551,0.00000,0.00000,1.00,1.00
2272,Fixation,2272,0.00,0.00,0.12938,-0.00442,0.00726,-0.99156,0.09235,0.00295,0.00027,-0.99572,-0.22042,0.00210,-0.00672,0.97538,0.09208,0.03036,0.00281,-0.99528,-0.22031,-0.02541,-0.00568,0.97508,0.00000,0.00000,1.00,1.00
2282,Fixation,2282,0.00,0.00,0.12943,-0.00431,0.00736,-0.99155,0.09231,0.00288,0.00027,-0.99573,-0.22042,0.00208,-0.00683,0.97538,0.09203,0.03029,0.00280,-0.99529,-0.22030,-0.02543,-0.00579,0.97508,0.00000,0.00000,1.00,1.00
2294,Fixation,2294,0.00,0.00,0.12965,-0.00414,0.00726,-0.99153,0.09209,0.00269,0.00025,-0.99575,-0.22042,0.00210,-0.00675,0.97538,0.09181,0.03010,0.00278,-0.99532,-0.22031,-0.02541,-0.00570,0.97508,0.00000,0.00000,1.00,1.00
2305,Fixation,2305,0.00,0.00,0.12983,-0.00403,0.00709,-0.99150,0.09175,0.00236,0.00022,-0.99578,-0.22027,0.00229,-0.00660,0.97541,0.09152,0.02976,0.00274,-0.99535,-0.22019,-0.02521,-0.00553,0.97512,0.00000,0.00000,1.00,1.00
2315,Fixation,2315,0.00,0.00,0.12992,-0.00388,0.00687,-0.99149,0.09166,0.00215,0.00020,-0.99579,-0.22027,0.00234,-0.00640,0.97542,0.09144,0.02956,0.00272,-0.99537,-0.22020,-0.02516,-0.00533,0.97512,0.00000,0.00000,1.00,1.00
2327,Fixation,2327,0.00,0.00,0.13009,-0.00372,0.00670,-0.99147,0.09149,0.00194,0.00018,-0.99580,-0.22027,0.00237,-0.00626,0.97542,0.09129,0.02934,0.00269,-0.99539,-0.22020,-0.02513,-0.00518,0.97512,0.00000,0.00000,1.00,1.00
2338,Fixation,2338,0.00,0.00,0.13015,-0.00359,0.00659,-0.99147,0.09243,0.00353,0.00033,-0.99571,-0.22127,0.00064,-0.00609,0.97519,0.09223,0.03094,0.00287,-0.99525,-0.22119,-0.02687,-0.00504,0.97485,0.00000,0.00000,1.00,1.00
2349,Fixation,2349,0.00,0.00,0.13016,-0.00338,0.00668,-0.99147,0.09243,0.00336,0.00031,-0.99571,-0.22127,0.00061,-0.00621,0.97519,0.09222,0.03077,0.00285,-0.99526,-0.22119,-0.02689,-0.00516,0.97485,0.00000,0.00000,1.00,1.00
2361,Fixation,2361,0.00,0.00,0.13002,-0.00313,0.00679,-0.99148,0.09257,0.00315,0.00029,-0.99570,-0.22127,0.00058,-0.00635,0.97519,0.09235,0.03056,0.00284,-0.99525,-0.22118,-0.02693,-0.00531,0.97485,0.00000,0.00000,1.00,1.00
2371,Fixation,2371,0.00,0.00,0.12977,-0.00286,0.00690,-0.99152,0.09324,0.00334,0.00031,-0.99564,-0.22168,0.00014,-0.00648,0.97510,0.09300,0.03075,0.00287,-0.99519,-0.22158,-0.02737,-0.00546,0.97474,0.00000,0.00000,1.00,1.00
2382,Fixation,2382,0.00,0.00,0.12977,-0.00268,0.00699,-0.99152,0.09324,0.00319,0.00030,-0.99564,-0.22168,0.00012,-0.00659,0.97510,0.09300,0.03060,0.00286,-0.99519,-0.22158,-0.02740,-0.00557,0.97474,0.00000,0.00000,1.00,1.00
2395,Fixation,2395,0.00,0.00,0.12990,-0.00257,0.00708,-0.99150,0.09311,0.00311,0.00029,-0.99565,-0.22168,0.00009,-0.00669,0.97510,0.09287,0.03052,0.00285,-0.99521,-0.22158,-0.02742,-0.00567,0.97474,0.00000,0.00000,1.00,1.00
2405,Fixation,2405,0.00,0.00,0.13009,-0.00241,0.00707,-0.99147,0.09294,0.00347,0.00032,-0.99567,-0.22169,-0.00042,-0.00669,0.97509,0.09269,0.03088,0.00288,-0.99521,-0.22159,-0.02794,-0.00565,0.97472,0.00000,0.00000,1.00,1.00
2415,Fixation,2415,0.00,0.00,0.13032,-0.00219,0.00690,-0.99145,0.09271,0.00320,0.00030,-0.99569,-0.22169,-0.00039,-0.00654,0.97509,0.09248,0.03061,0.00284,-0.99524,-0.22160,-0.02790,-0.00549,0.97472,0.00000,0.00000,1.00,1.00
2427,Fixation,2427,0.00,0.00,0.13079,-0.00206,0.00686,-0.99138,0.09223,0.00306,0.00028,-0.99573,-0.22169,-0.00039,-0.00653,0.97510,0.09200,0.03046,0.00282,-0.99529,-0.22160,-0.02789,-0.00545,0.97472,0.00000,0.00000,1.00,1.00
2438,Fixation,2438,0.00,0.00,0.13126,-0.00191,0.00688,-0.99132,0.09066,0.00069,0.00006,-0.99588,-0.22059,0.00183,-0.00665,0.97534,0.09047,0.02809,0.00255,-0.99550,-0.22055,-0.02566,-0.00552,0.97502,0.00000,0.00000,1.00,1.00
2449,Fixation,2449,0.00,0.00,0.13157,-0.00166,0.00713,-0.99128,0.09034,0.00052,0.00005,-0.99591,-0.22059,0.00177,-0.00693,0.97534,0.09014,0.02792,0.00253,-0.99553,-0.22055,-0.02572,-0.00578,0.97502,0.00000,0.00000,1.00,1.00
2461,Fixation,2461,0.00,0.00,0.13166,-0.00168,0.00765,-0.99126,0.09026,0.00071,0.00006,-0.99592,-0.22060,0.00165,-0.00744,0.97534,0.09003,0.02810,0.00254,-0.99554,-0.22053,-0.02583,-0.00628,0.97502,0.00000,0.00000,1.00,1.00
2472,Fixation,2472,0.00,0.00,0.13154,-0.00166,0.00815,-0.99128,0.09107,0.00135,0.00012,-0.99584,-0.22128,0.00105,-0.00791,0.97518,0.09081,0.02875,0.00262,-0.99545,-0.22121,-0.02645,-0.00678,0.97484,0.00000,0.00000,1.00,1.00
2482,Fixation,2482,0.00,0.00,0.13139,-0.00167,0.00853,-0.99129,0.09123,0.00147,0.00013,-0.99583,-0.22128,0.00096,-0.00828,0.97517,0.09095,0.02887,0.00264,-0.99543,-0.22120,-0.02653,-0.00716,0.97484,0.00000,0.00000,1.00,1.00
2494,Fixation,2494,0.00,0.00,0.13115,-0.00165,0.00871,-0.99132,0.09146,0.00151,0.00014,-0.99581,-0.22128,0.00092,-0.00846,0.97517,0.09117,0.02891,0.00265,-0.99541,-0.22119,-0.02658,-0.00735,0.97484,0.00000,0.00000,1.00,1.00
2505,Fixation,2505,0.00,0.00,0.13102,-0.00173,0.00878,-0.99134,0.09215,0.00806,0.00075,-0.99571,-0.22187,-0.00556,-0.00827,0.97502,0.09181,0.03546,0.00327,-0.99514,-0.22172,-0.03305,-0.00718,0.97453,0.00000,0.00000,1.00,1.00
2515,Fixation,2515,0.00,0.00,0.13084,-0.00176,0.00882,-0.99136,0.09233,0.00810,0.00075,-0.99570,-0.22187,-0.00556,-0.00830,0.97502,0.09199,0.03550,0.00328,-0.99512,-0.22171,-0.03306,-0.00722,0.97452,0.00000,0.00000,1.00,1.00
2527,Fixation,2527,0.00,0.00,0.13071,-0.00184,0.00893,-0.99138,0.09245,0.00821,0.00076,-0.99568,-0.22187,-0.00559,-0.00841,0.97502,0.09211,0.03561,0.00330,-0.99511,-0.22171,-0.03308,-0.00733,0.97452,0.00000,0.00000,1.00,1.00
2538,Fixation,2538,0.00,0.00,0.13053,-0.00192,0.00908,-0.99140,0.09253,0.00833,0.00077,-0.99567,-0.22178,-0.00561,-0.00854,0.97504,0.09222,0.03573,0.00331,-0.99509,-0.22165,-0.03311,-0.00748,0.97453,0.00000,0.00000,1.00,1.00
2549,Fixation,2549,0.00,0.00,0.13045,-0.00201,0.00933,-0.99141,0.09261,0.00850,0.00079,-0.99567,-0.22178,-0.00567,-0.00878,0.97504,0.09229,0.03589,0.00333,-0.99508,-0.22164,-0.03316,-0.00772,0.97453,0.00000,0.00000,1.00,1.00
2561,Fixation,2561,0.00,0.00,0.13051,-0.00201,0.00954,-0.99140,0.09255,0.00856,0.00080,-0.99567,-0.22178,-0.00571,-0.00898,0.97504,0.09222,0.03596,0.00333,-0.99508,-0.22164,-0.03321,-0.00792,0.97453,0.00000,0.00000,1.00,1.00
2571,Fixation,2571,0.00,0.00,0.13049,-0.00209,0.00965,-0.99140,0.09152,0.00821,0.00075,-0.99577,-0.22075,-0.00527,-0.00910,0.97527,0.09121,0.03560,0.00326,-0.99519,-0.22064,-0.03276,-0.00800,0.97477,0.00000,0.00000,1.00,1.00
2582,Fixation,2582,0.00,0.00,0.13053,-0.00207,0.00970,-0.99139,0.09148,0.00820,0.00075,-0.99577,-0.22075,-0.00528,-0.00914,0.97527,0.09116,0.03559,0.00326,-0.99519,-0.22064,-0.03277,-0.00805,0.97477,0.00000,0.00000,1.00,1.00
2594,Fixation,2594,0.00,0.00,0.13059,-0.00214,0.00976,-0.99139,0.09142,0.00828,0.00076,-0.99578,-0.22075,-0.00529,-0.00919,0.97527,0.09111,0.03567,0.00327,-0.99520,-0.22064,-0.03278,-0.00809,0.97477,0.00000,0.00000,1.00,1.00
2605,Fixation,2605,0.00,0.00,0.13076,-0.00214,0.00985,-0.99136,0.09106,0.00807,0.00074,-0.99581,-0.22056,-0.00507,-0.00929,0.97532,0.09076,0.03546,0.00323,-0.99524,-0.22047,-0.03255,-0.00818,0.97482,0.00000,0.00000,1.00,1.00
2616,Fixation,2616,0.00,0.00,0.13084,-0.00215,0.00987,-0.99135,0.09098,0.00809,0.00074,-0.99582,-0.22056,-0.00507,-0.00931,0.97532,0.09069,0.03547,0.00323,-0.99524,-0.22047,-0.03255,-0.00819,0.97482,0.00000,0.00000,1.00,1.00
2628,Fixation,2628,0.00,0.00,0.13099,-0.00221,0.00985,-0.99133,0.09082,0.00813,0.00074,-0.99583,-0.22056,-0.00507,-0.00928,0.97532,0.09053,0.03552,0.00323,-0.99525,-0.22047,-0.03254,-0.00816,0.97482,0.00000,0.00000,1.00,1.00
2639,Fixation,2639,0.00,0.00,0.13114,-0.00225,0.00985,-0.99131,0.09171,0.00794,0.00073,-0.99575,-0.22158,-0.00483,-0.00928,0.97509,0.09143,0.03534,0.00325,-0.99518,-0.22150,-0.03232,-0.00818,0.97459,0.00000,0.00000,1.00,1.00
2649,Fixation,2649,0.00,0.00,0.13141,-0.00227,0.00983,-0.99128,0.09144,0.00796,0.00073,-0.99578,-0.22158,-0.00482,-0.00926,0.97509,0.09116,0.03534,0.00324,-0.99520,-0.22151,-0.03231,-0.00814,0.97459,0.00000,0.00000,1.00,1.00
2661,Fixation,2661,0.00,0.00,0.13172,-0.00227,0.00967,-0.99124,0.09114,0.00790,0.00072,-0.99581,-0.22158,-0.00479,-0.00910,0.97509,0.09087,0.03529,0.00322,-0.99523,-0.22151,-0.03227,-0.00797,0.97459,0.00000,0.00000,1.00,1.00
2672,Fixation,2672,0.00,0.00,0.13215,-0.00230,0.00958,-0.99118,0.09221,-0.00026,-0.00002,-0.99574,-0.22298,0.00343,-0.00934,0.97477,0.09206,0.02716,0.00251,-0.99538,-0.22305,-0.02408,-0.00823,0.97448,0.00000,0.00000,1.00,1.00
2682,Fixation,2682,0.00,0.00,0.13227,-0.00248,0.00977,-0.99116,0.09209,-0.00002,0.00000,-0.99575,-0.22298,0.00339,-0.00950,0.97477,0.09192,0.02739,0.00253,-0.99539,-0.22304,-0.02411,-0.00838,0.97447,0.00000,0.00000,1.00,1.00
2695,Fixation,2695,0.00,0.00,0.13230,-0.00255,0.01014,-0.99115,0.09206,0.00016,0.00002,-0.99575,-0.22298,0.00331,-0.00986,0.97477,0.09187,0.02758,0.00255,-0.99539,-0.22303,-0.02420,-0.00874,0.97447,0.00000,0.00000,1.00,1.00
2705,Fixation,2705,0.00,0.00,0.13245,-0.00266,0.01053,-0.99113,0.09253,-0.00146,-0.00014,-0.99571,-0.22358,0.00509,-0.01030,0.97462,0.09234,0.02596,0.00241,-0.99539,-0.22364,-0.02243,-0.00918,0.97437,0.00000,0.00000,1.00,1.00
2716,Fixation,2716,0.00,0.00,0.13255,-0.00275,0.01067,-0.99112,0.09244,-0.00133,-0.00012,-0.99572,-0.22358,0.00506,-0.01043,0.97462,0.09224,0.02609,0.00242,-0.99539,-0.22364,-0.02245,-0.00931,0.97437,0.00000,0.00000,1.00,1.00
2728,Fixation,2728,0.00,0.00,0.13272,-0.00285,0.01068,-0.99109,0.09226,-0.00123,-0.00011,-0.99573,-0.22358,0.00506,-0.01042,0.97462,0.09206,0.02618,0.00242,-0.99541,-0.22364,-0.02245,-0.00929,0.97437,0.00000,0.00000,1.00,1.00
2738,Fixation,2738,0.00,0.00,0.13294,-0.00308,0.01071,-0.99106,0.09198,-0.00065,-0.00006,-0.99576,-0.22353,0.00470,-0.01041,0.97463,0.09180,0.02677,0.00247,-0.99541,-0.22360,-0.02281,-0.00927,0.97437,0.00000,0.00000,1.00,1.00
2750,Fixation,2750,0.00,0.00,0.13350,-0.00346,0.01082,-0.99098,0.09141,-0.00025,-0.00002,-0.99581,-0.22353,0.00469,-0.01047,0.97463,0.09122,0.02716,0.00249,-0.99546,-0.22360,-0.02282,-0.00930,0.97437,0.00000,0.00000,1.00,1.00
2761,Fixation,2761,0.00,0.00,0.13401,-0.00381,0.01093,-0.99091,0.09090,0.00012,0.00001,-0.99586,-0.22353,0.00467,-0.01053,0.97463,0.09071,0.02752,0.00251,-0.99549,-0.22360,-0.02282,-0.00933,0.97437,0.00000,0.00000,1.00,1.00
2772,Fixation,2772,0.00,0.00,0.13439,-0.00433,0.01105,-0.99086,0.09019,0.00017,0.00002,-0.99592,-0.22321,0.00513,-0.01061,0.97470,0.09002,0.02757,0.00249,-0.99556,-0.22330,-0.02235,-0.00938,0.97445,0.00000,0.00000,1.00,1.00
2783,Fixation,2783,0.00,0.00,0.13444,-0.00473,0.01100,-0.99085,0.09014,0.00054,0.00005,-0.99593,-0.22321,0.00516,-0.01051,0.97470,0.08997,0.02794,0.00253,-0.99555,-0.22330,-0.02233,-0.00927,0.97445,0.00000,0.00000,1.00,1.00
2795,Fixation,2795,0.00,0.00,0.13445,-0.00513,0.01082,-0.99085,0.09012,0.00087,0.00008,-0.99593,-0.22321,0.00521,-0.01027,0.97470,0.08996,0.02827,0.00255,-0.99554,-0.22331,-0.02227,-0.00904,0.97445,0.00000,0.00000,1.00,1.00
2806,Fixation,2806,0.00,0.00,0.13443,-0.00541,0.01036,-0.99085,0.09110,0.00054,0.00005,-0.99584,-0.22414,0.00579,-0.00980,0.97449,0.09098,0.02795,0.00255,-0.99546,-0.22426,-0.02171,-0.00860,0.97425,0.00000,0.00000,1.00,1.00
2816,Fixation,2816,0.00,0.00,0.13438,-0.00556,0.00983,-0.99087,0.09115,0.00052,0.00005,-0.99584,-0.22414,0.00591,-0.00926,0.97450,0.09105,0.02793,0.00255,-0.99545,-0.22428,-0.02159,-0.00806,0.97425,0.00000,0.00000,1.00,1.00
2829,Fixation,2829,0.00,0.00,0.13420,-0.00576,0.00941,-0.99089,0.09133,0.00059,0.00005,-0.99582,-0.22414,0.00601,-0.00882,0.97450,0.09125,0.02799,0.00257,-0.99543,-0.22429,-0.02149,-0.00763,0.97426,0.00000,0.00000,1.00,1.00
2839,Fixation,2839,0.00,0.00,0.13401,-0.00592,0.00911,-0.99092,0.09205,0.00132,0.00012,-0.99575,-0.22466,0.00541,-0.00847,0.97439,0.09195,0.02874,0.00265,-0.99535,-0.22478,-0.02210,-0.00730,0.97413,0.00000,0.00000,1.00,1.00
2849,Fixation,2849,0.00,0.00,0.13384,-0.00593,0.00897,-0.99094,0.09221,0.00128,0.00012,-0.99574,-0.22466,0.00544,-0.00833,0.97439,0.09213,0.02870,0.00266,-0.99533,-0.22478,-0.02207,-0.00717,0.97413,0.00000,0.00000,1.00,1.00
2862,Fixation,2862,0.00,0.00,0.13376,-0.00588,0.00873,-0.99096,0.09229,0.00116,0.00011,-0.99573,-0.22466,0.00549,-0.00810,0.97439,0.09222,0.02858,0.00265,-0.99532,-0.22479,-0.02202,-0.00695,0.97413,0.00000,0.00000,1.00,1.00
2872,Fixation,2872,0.00,0.00,0.13393,-0.00576,0.00859,-0.99094,0.09073,0.00057,0.00005,-0.99588,-0.22329,0.00595,-0.00800,0.97470,0.09062,0.02797,0.00255,-0.99549,-0.22338,-0.02154,-0.00680,0.97447,0.00000,0.00000,1.00,1.00
2883,Fixation,2883,0.00,0.00,0.13406,-0.00563,0.00840,-0.99092,0.09060,0.00038,0.00003,-0.99589,-0.22329,0.00599,-0.00784,0.97470,0.09050,0.02778,0.00253,-0.99551,-0.22338,-0.02150,-0.00663,0.97447,0.00000,0.00000,1.00,1.00
2895,Fixation,2895,0.00,0.00,0.13424,-0.00556,0.00838,-0.99090,0.09041,0.00030,0.00003,-0.99590,-0.22329,0.00599,-0.00783,0.97470,0.09032,0.02770,0.00251,-0.99552,-0.22338,-0.02150,-0.00661,0.97447,0.00000,0.00000,1.00,1.00
2906,Fixation,2906,0.00,0.00,0.13428,-0.00543,0.00852,-0.99089,0.09027,0.00251,0.00023,-0.99591,-0.22319,0.00366,-0.00788,0.97474,0.09009,0.02990,0.00271,-0.99548,-0.22321,-0.02382,-0.00666,0.97446,0.00000,0.00000,1.00,1.00
2916,Fixation,2916,0.00,0.00,0.13422,-0.00534,0.00858,-0.99090,0.09032,0.00245,0.00022,-0.99591,-0.22320,0.00364,-0.00795,0.97473,0.09014,0.02984,0.00270,-0.99548,-0.22321,-0.02384,-0.00673,0.97446,0.00000,0.00000,1.00,1.00
2928,Fixation,2928,0.00,0.00,0.13404,-0.00516,0.00878,-0.99092,0.09051,0.00234,0.00021,-0.99589,-0.22320,0.00359,-0.00818,0.97473,0.09032,0.02973,0.00270,-0.99547,-0.22320,-0.02389,-0.00696,0.97445,0.00000,0.00000,1.00,1.00
2939,Fixation,2939,0.00,0.00,0.13369,-0.00486,0.00892,-0.99097,0.09186,0.00250,0.00023,-0.99577,-0.22418,0.00315,-0.00833,0.97451,0.09163,0.02990,0.00275,-0.99534,-0.22416,-0.02435,-0.00716,0.97422,0.00000,0.00000,1.00,1.00
2950,Fixation,2950,0.00,0.00,0.13354,-0.00471,0.00892,-0.99099,0.09202,0.00235,0.00022,-0.99575,-0.22418,0.00315,-0.00835,0.97451,0.09179,0.02976,0.00274,-0.99533,-0.22416,-0.02435,-0.00719,0.97422,0.00000,0.00000,1.00,1.00
2962,Fixation,2962,0.00,0.00,0.13329,-0.00455,0.00902,-0.99103,0.09227,0.00223,0.00021,-0.99573,-0.22418,0.00312,-0.00846,0.97451,0.09204,0.02964,0.00274,-0.99531,-0.22415,-0.02438,-0.00732,0.97422,0.00000,0.00000,1.00,1.00
2973,Fixation,2973,0.00,0.00,0.13303,-0.00454,0.00934,-0.99106,0.09230,0.00451,0.00042,-0.99572,-0.22398,0.00086,-0.00869,0.97456,0.09204,0.03191,0.00295,-0.99524,-0.22392,-0.02664,-0.00755,0.97421,0.00000,0.00000,1.00,1.00
2983,Fixation,2983,0.00,0.00,0.13279,-0.00442,0.00958,-0.99109,0.09254,0.00447,0.00042,-0.99570,-0.22398,0.00080,-0.00895,0.97455,0.09226,0.03188,0.00296,-0.99522,-0.22391,-0.02670,-0.00783,0.97421,0.00000,0.00000,1.00,1.00
2995,Fixation,2995,0.00,0.00,0.13277,-0.00438,0.00966,-0.99109,0.09256,0.00446,0.00041,-0.99570,-0.22398,0.00078,-0.00903,0.97455,0.09228,0.03186,0.00295,-0.99522,-0.22391,-0.02672,-0.00791,0.97421,0.00000,0.00000,1.00,1.00
3006,Fixation,3006,0.00,0.00,0.13276,-0.00435,0.00948,-0.99109,0.09170,0.00466,0.00043,-0.99578,-0.22313,0.00052,-0.00885,0.97475,0.09144,0.03206,0.00295,-0.99529,-0.22308,-0.02697,-0.00770,0.97440,0.00000,0.00000,1.00,1.00
3017,Fixation,3017,0.00,0.00,0.13286,-0.00433,0.00938,-0.99108,0.09160,0.00461,0.00042,-0.99579,-0.22313,0.00055,-0.00875,0.97475,0.09135,0.03201,0.00294,-0.99530,-0.22308,-0.02695,-0.00760,0.97440,0.00000,0.00000,1.00,1.00
3029,Fixation,3029,0.00,0.00,0.13287,-0.00442,0.00934,-0.99108,0.09159,0.00468,0.00043,-0.99579,-0.22313,0.00056,-0.00870,0.97475,0.09135,0.03208,0.00294,-0.99530,-0.22309,-0.02693,-0.00755,0.97440,0.00000,0.00000,1.00,1.00
3039,Fixation,3039,0.00,0.00,0.13294,-0.00454,0.00932,-0.99107,0.08996,0.00496,0.00045,-0.99593,-0.22161,0.00039,-0.00866,0.97510,0.08974,0.03234,0.00292,-0.99544,-0.22159,-0.02709,-0.00746,0.97474,0.00000,0.00000,1.00,1.00
3050,Fixation,3050,0.00,0.00,0.13293,-0.00479,0.00934,-0.99107,0.08997,0.00521,0.00047,-0.99593,-0.22161,0.00039,-0.00864,0.97510,0.08974,0.03259,0.00294,-0.99543,-0.22159,-0.02708,-0.00744,0.97474,0.00000,0.00000,1.00,1.00
3062,Fixation,3062,0.00,0.00,0.13282,-0.00495,0.00931,-0.99108,0.09008,0.00535,0.00048,-0.99592,-0.22161,0.00040,-0.00859,0.97510,0.08986,0.03274,0.00296,-0.99541,-0.22159,-0.02708,-0.00740,0.97474,0.00000,0.00000,1.00,1.00
3073,Fixation,3073,0.00,0.00,0.13255,-0.00515,0.00914,-0.99112,0.09146,0.00572,0.00053,-0.99579,-0.22269,0.00023,-0.00839,0.97485,0.09124,0.03311,0.00304,-0.99527,-0.22267,-0.02726,-0.00724,0.97449,0.00000,0.00000,1.00,1.00
3083,Fixation,3083,0.00,0.00,0.13231,-0.00528,0.00909,-0.99115,0.09170,0.00583,0.00054,-0.99577,-0.22269,0.00024,-0.00832,0.97485,0.09148,0.03322,0.00305,-0.99525,-0.22267,-0.02725,-0.00719,0.97449,0.00000,0.00000,1.00,1.00
3096,Fixation,3096,0.00,0.00,0.13210,-0.00539,0.00907,-0.99118,0.09191,0.00593,0.00055,-0.99575,-0.22269,0.00025,-0.00830,0.97485,0.09169,0.03333,0.00307,-0.99523,-0.22267,-0.02725,-0.00718,0.97449,0.00000,0.00000,1.00,1.00
3106,Fixation,3106,0.00,0.00,0.13181,-0.00541,0.00906,-0.99122,0.09080,0.00693,0.00063,-0.99584,-0.22133,-0.00075,-0.00825,0.97516,0.09057,0.03432,0.00312,-0.99529,-0.22129,-0.02823,-0.00710,0.97477,0.00000,0.00000,1.00,1.00
3117,Fixation,3117,0.00,0.00,0.13164,-0.00540,0.00904,-0.99124,0.09097,0.00691,0.00063,-0.99583,-0.22133,-0.00074,-0.00822,0.97516,0.09074,0.03430,0.00313,-0.99528,-0.22129,-0.02822,-0.00709,0.97477,0.00000,0.00000,1.00,1.00
3130,Fixation,3130,0.00,0.00,0.13151,-0.00538,0.00904,-0.99126,0.09110,0.00690,0.00063,-0.99582,-0.22133,-0.00074,-0.00823,0.97516,0.09086,0.03429,0.00313,-0.99527,-0.22129,-0.02823,-0.00710,0.97477,0.00000,0.00000,1.00,1.00
3140,Fixation,3140,0.00,0.00,0.13143,-0.00529,0.00918,-0.99127,0.09190,0.00619,0.00057,-0.99575,-0.22203,-0.00009,-0.00840,0.97500,0.09165,0.03358,0.00309,-0.99522,-0.22198,-0.02759,-0.00730,0.97463,0.00000,0.00000,1.00,1.00
3150,Fixation,3150,0.00,0.00,0.13133,-0.00514,0.00936,-0.99128,0.09200,0.00610,0.00056,-0.99574,-0.22203,-0.00014,-0.00861,0.97500,0.09174,0.03350,0.00309,-0.99521,-0.22197,-0.02763,-0.00751,0.97463,0.00000,0.00000,1.00,1.00
3162,Fixation,3162,0.00,0.00,0.13135,-0.00497,0.00957,-0.99128,0.09198,0.00600,0.00055,-0.99574,-0.22203,-0.00019,-0.00884,0.97500,0.09171,0.03340,0.00308,-0.99522,-0.22197,-0.02769,-0.00774,0.97463,0.00000,0.00000,1.00,1.00
3173,Fixation,3173,0.00,0.00,0.13129,-0.00483,0.00963,-0.99129,0.09078,0.00591,0.00054,-0.99585,-0.22080,-0.00025,-0.00891,0.97528,0.09051,0.03330,0.00303,-0.99533,-0.22074,-0.02773,-0.00778,0.97491,0.00000,0.00000,1.00,1.00
3184,Fixation,3184,0.00,0.00,0.13136,-0.00472,0.00946,-0.99128,0.09072,0.00575,0.00052,-0.99586,-0.22080,-0.00021,-0.00875,0.97528,0.09046,0.03314,0.00301,-0.99534,-0.22074,-0.02769,-0.00762,0.97491,0.00000,0.00000,1.00,1.00
3196,Fixation,3196,0.00,0.00,0.13139,-0.00471,0.00946,-0.99127,0.09069,0.00574,0.00052,-0.99586,-0.22080,-0.00021,-0.00876,0.97528,0.09043,0.03313,0.00301,-0.99535,-0.22074,-0.02769,-0.00762,0.97491,0.00000,0.00000,1.00,1.00
3206,Fixation,3206,0.00,0.00,0.13147,-0.00474,0.00941,-0.99126,0.09111,0.00574,0.00052,-0.99582,-0.22130,-0.00018,-0.00870,0.97517,0.09087,0.03313,0.00302,-0.99531,-0.22126,-0.02767,-0.00757,0.97479,0.00000,0.00000,1.00,1.00
3217,Fixation,3217,0.00,0.00,0.13151,-0.00484,0.00952,-0.99126,0.09108,0.00587,0.00054,-0.99583,-0.22130,-0.00020,-0.00880,0.97517,0.09082,0.03327,0.00304,-0.99531,-0.22125,-0.02769,-0.00767,0.97479,0.00000,0.00000,1.00,1.00
3230,Fixation,3230,0.00,0.00,0.13146,-0.00491,0.00974,-0.99126,0.09112,0.00600,0.00055,-0.99582,-0.22130,-0.00025,-0.00900,0.97516,0.09086,0.03339,0.00305,-0.99530,-0.22125,-0.02774,-0.00788,0.97479,0.00000,0.00000,1.00,1.00
3240,Fixation,3240,0.00,0.00,0.13144,-0.00512,0.01004,-0.99126,0.09156,0.00518,0.00048,-0.99579,-0.22171,0.00082,-0.00932,0.97507,0.09130,0.03258,0.00299,-0.99529,-0.22167,-0.02667,-0.00821,0.97472,0.00000,0.00000,1.00,1.00
3250,Fixation,3250,0.00,0.00,0.13154,-0.00526,0.01012,-0.99124,0.09146,0.00534,0.00049,-0.99579,-0.22171,0.00081,-0.00938,0.97507,0.09119,0.03274,0.00300,-0.99529,-0.22167,-0.02668,-0.00826,0.97472,0.00000,0.00000,1.00,1.00
3262,Fixation,3262,0.00,0.00,0.13190,-0.00539,0.01017,-0.99120,0.09110,0.00547,0.00050,-0.99583,-0.22171,0.00080,-0.00941,0.97507,0.09084,0.03287,0.00300,-0.99532,-0.22167,-0.02668,-0.00827,0.97472,0.00000,0.00000,1.00,1.00
3273,Fixation,3273,0.00,0.00,0.13220,-0.00559,0.01041,-0.99115,0.09082,0.00552,0.00050,-0.99585,-0.22173,0.00097,-0.00962,0.97506,0.09056,0.03291,0.00299,-0.99534,-0.22170,-0.02651,-0.00847,0.97472,0.00000,0.00000,1.00,1.00
3284,Fixation,3284,0.00,0.00,0.13225,-0.00570,0.01098,-0.99114,0.09076,0.00581,0.00053,-0.99586,-0.22173,0.00084,-0.01018,0.97506,0.09047,0.03320,0.00302,-0.99534,-0.22169,-0.02664,-0.00902,0.97471,0.00000,0.00000,1.00,1.00
3296,Fixation,3296,0.00,0.00,0.13218,-0.00585,0.01179,-0.99114,0.09082,0.00621,0.00057,-0.99585,-0.22173,0.00067,-0.01095,0.97505,0.09049,0.03360,0.00305,-0.99533,-0.22166,-0.02682,-0.00979,0.97471,0.00000,0.00000,1.00,1.00
3307,Fixation,3307,0.00,0.00,0.13207,-0.00588,0.01215,-0.99115,0.08999,0.00550,0.00050,-0.99593,-0.22080,0.00143,-0.01134,0.97525,0.08967,0.03288,0.00296,-0.99542,-0.22076,-0.02605,-0.01016,0.97493,0.00000,0.00000,1.00,1.00
3317,Fixation,3317,0.00,0.00,0.13204,-0.00590,0.01227,-0.99115,0.09003,0.00556,0.00050,-0.99592,-0.22080,0.00140,-0.01146,0.97525,0.08970,0.03294,0.00297,-0.99542,-0.22076,-0.02607,-0.01028,0.97493,0.00000,0.00000,1.00,1.00
3329,Fixation,3329,0.00,0.00,0.13205,-0.00583,0.01211,-0.99115,0.09002,0.00544,0.00049,-0.99593,-0.22080,0.00144,-0.01131,0.97525,0.08969,0.03283,0.00296,-0.99542,-0.22076,-0.02604,-0.01013,0.97493,0.00000,0.00000,1.00,1.00
3340,Fixation,3340,0.00,0.00,0.13199,-0.00589,0.01193,-0.99116,0.09029,0.00457,0.00041,-0.99591,-0.22100,0.00236,-0.01116,0.97521,0.09003,0.03195,0.00289,-0.99542,-0.22103,-0.02512,-0.00999,0.97489,0.00000,0.00000,1.00,1.00
3351,Fixation,3351,0.00,0.00,0.13198,-0.00589,0.01200,-0.99116,0.09030,0.00459,0.00042,-0.99590,-0.22100,0.00234,-0.01123,0.97521,0.09005,0.03198,0.00289,-0.99542,-0.22102,-0.02514,-0.01006,0.97489,0.00000,0.00000,1.00,1.00
3363,Fixation,3363,0.00,0.00,0.13217,-0.00585,0.01195,-0.99114,0.09011,0.00453,0.00041,-0.99592,-0.22100,0.00235,-0.01118,0.97521,0.08985,0.03192,0.00288,-0.99544,-0.22103,-0.02512,-0.01001,0.97489,0.00000,0.00000,1.00,1.00
3373,Fixation,3373,0.00,0.00,0.13246,-0.00579,0.01190,-0.99110,0.08985,0.00417,0.00038,-0.99595,-0.22102,0.00265,-0.01115,0.97520,0.08963,0.03156,0.00284,-0.99547,-0.22108,-0.02483,-0.00996,0.97489,0.00000,0.00000,1.00,1.00
3384,Fixation,3384,0.00,0.00,0.13276,-0.00567,0.01171,-0.99106,0.08955,0.00399,0.00036,-0.99597,-0.22102,0.00269,-0.01098,0.97520,0.08934,0.03138,0.00282,-0.99550,-0.22108,-0.02478,-0.00977,0.97489,0.00000,0.00000,1.00,1.00
3397,Fixation,3397,0.00,0.00,0.13271,-0.00544,0.01167,-0.99107,0.08960,0.00377,0.00034,-0.99597,-0.22102,0.00269,-0.01097,0.97520,0.08939,0.03115,0.00280,-0.99551,-0.22108,-0.02478,-0.00977,0.97489,0.00000,0.00000,1.00,1.00
3407,Fixation,3407,0.00,0.00,0.13262,-0.00516,0.01181,-0.99108,0.08991,0.00710,0.00064,-0.99592,-0.22128,-0.00093,-0.01099,0.97515,0.08965,0.03448,0.00311,-0.99537,-0.22128,-0.02840,-0.00979,0.97475,0.00000,0.00000,1.00,1.00
3417,Fixation,3417,0.00,0.00,0.13265,-0.00490,0.01177,-0.99108,0.08988,0.00684,0.00062,-0.99593,-0.22128,-0.00093,-0.01099,0.97515,0.08962,0.03422,0.00308,-0.99538,-0.22128,-0.02840,-0.00980,0.97475,0.00000,0.00000,1.00,1.00
3429,Fixation,3429,0.00,0.00,0.13271,-0.00456,0.01154,-0.99108,0.08983,0.00645,0.00058,-0.99594,-0.22128,-0.00089,-0.01080,0.97515,0.08958,0.03383,0.00304,-0.99540,-0.22128,-0.02835,-0.00960,0.97475,0.00000,0.00000,1.00,1.00
3440,Fixation,3440,0.00,0.00,0.13267,-0.00439,0.01149,-0.99108,0.08993,0.00660,0.00060,-0.99593,-0.22134,-0.00122,-0.01077,0.97514,0.08968,0.03398,0.00306,-0.99539,-0.22134,-0.02869,-0.00957,0.97473,0.00000,0.00000,1.00,1.00
3451,Fixation,3451,0.00,0.00,0.13256,-0.00420,0.01154,-0.99110,0.09004,0.00644,0.00058,-0.99592,-0.22134,-0.00124,-0.01084,0.97514,0.08979,0.03382,0.00305,-0.99538,-0.22134,-0.02871,-0.00965,0.97473,0.00000,0.00000,1.00,1.00
3463,Fixation,3463,0.00,0.00,0.13255,-0.00408,0.01162,-0.99110,0.09005,0.00635,0.00057,-0.99592,-0.22134,-0.00126,-0.01094,0.97513,0.08979,0.03373,0.00304,-0.99538,-0.22134,-0.02873,-0.00975,0.97472,0.00000,0.00000,1.00,1.00
3474,Fixation,3474,0.00,0.00,0.13242,-0.00388,0.01154,-0.99112,0.08901,0.00649,0.00058,-0.99601,-0.22019,-0.00161,-0.01087,0.97540,0.08876,0.03386,0.00302,-0.99547,-0.22019,-0.02907,-0.00966,0.97498,0.00000,0.00000,1.00,1.00
3484,Fixation,3484,0.00,0.00,0.13221,-0.00383,0.01171,-0.99114,0.08922,0.00649,0.00058,-0.99599,-0.22019,-0.00165,-0.01104,0.97539,0.08895,0.03387,0.00303,-0.99546,-0.22019,-0.02911,-0.00984,0.97497,0.00000,0.00000,1.00,1.00
3497,Fixation,3497,0.00,0.00,0.13203,-0.00387,0.01207,-0.99116,0.08939,0.00664,0.00060,-0.99597,-0.22019,-0.00173,-0.01139,0.97539,0.08911,0.03402,0.00305,-0.99544,-0.22017,-0.02919,-0.01020,0.97497,0.00000,0.00000,1.00,1.00
3507,Fixation,3507,0.00,0.00,0.13187,-0.00388,0.01229,-0.99118,0.08849,0.00602,0.00054,-0.99606,-0.21914,-0.00109,-0.01163,0.97562,0.08821,0.03340,0.00296,-0.99554,-0.21914,-0.02854,-0.01042,0.97522,0.00000,0.00000,1.00,1.00
3518,Fixation,3518,0.00,0.00,0.13179,-0.00389,0.01242,-0.99119,0.08856,0.00608,0.00054,-0.99605,-0.21914,-0.00112,-0.01176,0.97562,0.08828,0.03345,0.00297,-0.99553,-0.21913,-0.02857,-0.01055,0.97522,0.00000,0.00000,1.00,1.00
3530,Fixation,3530,0.00,0.00,0.13183,-0.00393,0.01236,-0.99119,0.08853,0.00610,0.00054,-0.99605,-0.21914,-0.00110,-0.01169,0.97562,0.08825,0.03347,0.00297,-0.99553,-0.21914,-0.02856,-0.01048,0.97522,0.00000,0.00000,1.00,1.00
3541,Fixation,3541,0.00,0.00,0.13195,-0.00394,0.01242,-0.99117,0.08901,0.00626,0.00056,-0.99601,-0.21973,-0.00125,-0.01175,0.97549,0.08875,0.03363,0.00300,-0.99548,-0.21975,-0.02871,-0.01055,0.97508,0.00000,0.00000,1.00,1.00
3551,Fixation,3551,0.00,0.00,0.13220,-0.00406,0.01229,-0.99114,0.08877,0.00633,0.00056,-0.99603,-0.21973,-0.00122,-0.01160,0.97549,0.08851,0.03370,0.00300,-0.99550,-0.21975,-0.02867,-0.01039,0.97508,0.00000,0.00000,1.00,1.00
3563,Fixation,3563,0.00,0.00,0.13253,-0.00427,0.01213,-0.99110,0.08843,0.00648,0.00058,-0.99606,-0.21973,-0.00117,-0.01141,0.97549,0.08819,0.03385,0.00300,-0.99552,-0.21976,-0.02863,-0.01018,0.97508,0.00000,0.00000,1.00,1.00
3574,Fixation,3574,0.00,0.00,0.13260,-0.00436,0.01219,-0.99109,0.08944,0.00655,0.00059,-0.99597,-0.22079,-0.00114,-0.01146,0.97525,0.08920,0.03393,0.00304,-0.99543,-0.22083,-0.02861,-0.01026,0.97484,0.00000,0.00000,1.00,1.00
3585,Fixation,3585,0.00,0.00,0.13264,-0.00442,0.01234,-0.99108,0.08940,0.00666,0.00060,-0.99597,-0.22079,-0.00117,-0.01161,0.97525,0.08915,0.03403,0.00305,-0.99543,-0.22082,-0.02864,-0.01040,0.97484,0.00000,0.00000,1.00,1.00
3597,Fixation,3597,0.00,0.00,0.13259,-0.00438,0.01262,-0.99108,0.08944,0.00671,0.00060,-0.99597,-0.22079,-0.00124,-0.01189,0.97525,0.08918,0.03409,0.00305,-0.99543,-0.22081,-0.02870,-0.01068,0.97484,0.00000,0.00000,1.00,1.00
3608,Fixation,3608,0.00,0.00,0.13261,-0.00428,0.01286,-0.99108,0.08972,0.00651,0.00059,-0.99595,-0.22107,-0.00112,-0.01215,0.97518,0.08944,0.03389,0.00305,-0.99541,-0.22109,-0.02858,-0.01095,0.97477,0.00000,0.00000,1.00,1.00
3618,Fixation,3618,0.00,0.00,0.13274,-0.00424,0.01303,-0.99106,0.08959,0.00652,0.00059,-0.99596,-0.22107,-0.00115,-0.01231,0.97518,0.08930,0.03390,0.00304,-0.99542,-0.22109,-0.02862,-0.01110,0.97477,0.00000,0.00000,1.00,1.00
3630,Fixation,3630,0.00,0.00,0.13300,-0.00410,0.01297,-0.99102,0.08933,0.00637,0.00057,-0.99598,-0.22107,-0.00114,-0.01227,0.97518,0.08904,0.03375,0.00302,-0.99545,-0.22109,-0.02861,-0.01105,0.97477,0.00000,0.00000,1.00,1.00
3641,Fixation,3641,0.00,0.00,0.13326,-0.00403,0.01276,-0.99099,0.08926,0.00613,0.00055,-0.99599,-0.22126,-0.00099,-0.01208,0.97514,0.08901,0.03350,0.00300,-0.99546,-0.22130,-0.02845,-0.01085,0.97473,0.00000,0.00000,1.00,1.00
3652,Fixation,3652,0.00,0.00,0.13368,-0.00402,0.01258,-0.99094,0.08884,0.00606,0.00054,-0.99603,-0.22126,-0.00095,-0.01190,0.97514,0.08860,0.03343,0.00298,-0.99550,-0.22131,-0.02841,-0.01065,0.97473,0.00000,0.00000,1.00,1.00
3664,Fixation,3664,0.00,0.00,0.13397,-0.00402,0.01263,-0.99090,0.08855,0.00607,0.00054,-0.99605,-0.22126,-0.00096,-0.01195,0.97514,0.08830,0.03344,0.00297,-0.99553,-0.22131,-0.02842,-0.01068,0.97473,0.00000,0.00000,1.00,1.00
3674,Fixation,3674,0.00,0.00,0.13417,-0.00397,0.01272,-0.99087,0.08810,0.00601,0.00053,-0.99609,-0.22102,-0.00095,-0.01204,0.97519,0.08786,0.03338,0.00295,-0.99557,-0.22107,-0.02840,-0.01075,0.97478,0.00000,0.00000,1.00,1.00
3685,Fixation,3685,0.00,0.00,0.13427,-0.00398,0.01281,-0.99085,0.08800,0.00604,0.00053,-0.99610,-0.22102,-0.00097,-0.01213,0.97519,0.08776,0.03341,0.00295,-0.99558,-0.22107,-0.02842,-0.01083,0.97478,0.00000,0.00000,1.00,1.00
3697,Fixation,3697,0.00,0.00,0.13434,-0.00393,0.01275,-0.99085,0.08793,0.00598,0.00053,-0.99611,-0.22102,-0.00096,-0.01207,0.97519,0.08769,0.03335,0.00294,-0.99558,-0.22107,-0.02841,-0.01078,0.97478,0.00000,0.00000,1.00,1.00
3708,Fixation,3708,0.00,0.00,0.13435,-0.00389,0.01274,-0.99084,0.08857,0.00305,0.00027,-0.99607,-0.22162,0.00194,-0.01220,0.97506,0.08836,0.03043,0.00270,-0.99562,-0.22171,-0.02552,-0.01093,0.97472,0.00000,0.00000,1.00,1.00
3719,Fixation,3719,0.00,0.00,0.13440,-0.00381,0.01260,-0.99084,0.08852,0.00293,0.00026,-0.99607,-0.22162,0.00197,-0.01207,0.97506,0.08833,0.03031,0.00269,-0.99563,-0.22172,-0.02549,-0.01080,0.97472,0.00000,0.00000,1.00,1.00
3730,Fixation,3730,0.00,0.00,0.13448,-0.00378,0.01258,-0.99083,0.08844,0.00290,0.00026,-0.99608,-0.22162,0.00197,-0.01206,0.97506,0.08824,0.03028,0.00268,-0.99564,-0.22172,-0.02549,-0.01078,0.97472,0.00000,0.00000,1.00,1.00
3741,Fixation,3741,0.00,0.00,0.13450,-0.00377,0.01255,-0.99083,0.08834,0.00298,0.00026,-0.99609,-0.22154,0.00188,-0.01203,0.97508,0.08814,0.03035,0.00269,-0.99564,-0.22164,-0.02558,-0.01074,0.97473,0.00000,0.00000,1.00,1.00
3752,Fixation,3752,0.00,0.00,0.13461,-0.00377,0.01262,-0.99081,0.08823,0.00300,0.00027,-0.99610,-0.22154,0.00186,-0.01210,0.97507,0.08803,0.03037,0.00269,-0.99565,-0.22164,-0.02559,-0.01081,0.97473,0.00000,0.00000,1.00,1.00
3764,Fixation,3764,0.00,0.00,0.13464,-0.00378,0.01278,-0.99080,0.08806,0.00342,0.00030,-0.99611,-0.22142,0.00146,-0.01223,0.97510,0.08785,0.03079,0.00272,-0.99565,-0.22151,-0.02599,-0.01094,0.97475,0.00000,0.00000,1.00,1.00
3775,Fixation,3775,0.00,0.00,0.13455,-0.00385,0.01284,-0.99082,0.08816,0.00350,0.00031,-0.99610,-0.22142,0.00145,-0.01229,0.97510,0.08794,0.03088,0.00273,-0.99564,-0.22151,-0.02600,-0.01099,0.97475,0.00000,0.00000,1.00,1.00
3785,Fixation,3785,0.00,0.00,0.13436,-0.00403,0.01297,-0.99084,0.08835,0.00372,0.00033,-0.99608,-0.22142,0.00143,-0.01239,0.97510,0.08813,0.03109,0.00275,-0.99562,-0.22150,-0.02603,-0.01110,0.97475,0.00000,0.00000,1.00,1.00
3797,Fixation,3797,0.00,0.00,0.13432,-0.00416,0.01298,-0.99084,0.08838,0.00385,0.00034,-0.99608,-0.22142,0.00143,-0.01238,0.97510,0.08816,0.03123,0.00277,-0.99561,-0.22150,-0.02603,-0.01110,0.97475,0.00000,0.00000,1.00,1.00
3808,Fixation,3808,0.00,0.00,0.13436,-0.00444,0.01305,-0.99084,0.08798,0.00453,0.00040,-0.99611,-0.22107,0.00103,-0.01240,0.97518,0.08775,0.03190,0.00281,-0.99563,-0.22115,-0.02642,-0.01111,0.97482,0.00000,0.00000,1.00,1.00
3819,Fixation,3819,0.00,0.00,0.13407,-0.00460,0.01328,-0.99087,0.08827,0.00476,0.00042,-0.99609,-0.22107,0.00098,-0.01260,0.97518,0.08803,0.03213,0.00284,-0.99560,-0.22115,-0.02647,-0.01132,0.97482,0.00000,0.00000,1.00,1.00
3831,Fixation,3831,0.00,0.00,0.13357,-0.00481,0.01380,-0.99093,0.08877,0.00513,0.00046,-0.99604,-0.22107,0.00087,-0.01309,0.97517,0.08850,0.03250,0.00289,-0.99554,-0.22113,-0.02659,-0.01184,0.97481,0.00000,0.00000,1.00,1.00
3841,Fixation,3841,0.00,0.00,0.13291,-0.00506,0.01407,-0.99101,0.08931,0.00543,0.00049,-0.99599,-0.22097,0.00085,-0.01332,0.97519,0.08904,0.03281,0.00293,-0.99548,-0.22103,-0.02662,-0.01210,0.97483,0.00000,0.00000,1.00,1.00
3852,Fixation,3852,0.00,0.00,0.13240,-0.00521,0.01404,-0.99108,0.08982,0.00558,0.00050,-0.99594,-0.22097,0.00086,-0.01327,0.97519,0.08955,0.03296,0.00297,-0.99543,-0.22103,-0.02662,-0.01208,0.97483,0.00000,0.00000,1.00,1.00
3864,Fixation,3864,0.00,0.00,0.13199,-0.00536,0.01375,-0.99114,0.08954,0.00534,0.00048,-0.99597,-0.22028,0.00122,-0.01298,0.97535,0.08931,0.03273,0.00294,-0.99546,-0.22037,-0.02625,-0.01180,0.97499,0.00000,0.00000,1.00,1.00
3875,Fixation,3875,0.00,0.00,0.13166,-0.00552,0.01349,-0.99119,0.08987,0.00542,0.00049,-0.99594,-0.22028,0.00128,-0.01271,0.97535,0.08965,0.03280,0.00295,-0.99543,-0.22038,-0.02620,-0.01154,0.97499,0.00000,0.00000,1.00,1.00
3886,Fixation,3886,0.00,0.00,0.13120,-0.00564,0.01341,-0.99125,0.09033,0.00551,0.00050,-0.99590,-0.22028,0.00130,-0.01262,0.97535,0.09012,0.03290,0.00298,-0.99538,-0.22038,-0.02618,-0.01148,0.97500,0.00000,0.00000,1.00,1.00
3898,Fixation,3898,0.00,0.00,0.13069,-0.00561,0.01324,-0.99132,0.09084,0.00544,0.00050,-0.99585,-0.22028,0.00134,-0.01245,0.97536,0.09064,0.03283,0.00299,-0.99534,-0.22038,-0.02615,-0.01134,0.97500,0.00000,0.00000,1.00,1.00
3908,Fixation,3908,0.00,0.00,0.13016,-0.00545,0.01300,-0.99139,0.09000,0.00699,0.00063,-0.99592,-0.21895,-0.00041,-0.01218,0.97566,0.08978,0.03437,0.00310,-0.99536,-0.21904,-0.02789,-0.01105,0.97526,0.00000,0.00000,1.00,1.00
3919,Fixation,3919,0.00,0.00,0.12986,-0.00525,0.01282,-0.99144,0.09031,0.00675,0.00061,-0.99589,-0.21895,-0.00038,-0.01202,0.97566,0.09011,0.03413,0.00309,-0.99534,-0.21904,-0.02786,-0.01092,0.97526,0.00000,0.00000,1.00,1.00
3931,Fixation,3931,0.00,0.00,0.12956,-0.00510,0.01275,-0.99148,0.08931,0.00645,0.00058,-0.99598,-0.21767,-0.00025,-0.01198,0.97595,0.08909,0.03383,0.00303,-0.99544,-0.21775,-0.02772,-0.01085,0.97555,0.00000,0.00000,1.00,1.00
3942,Fixation,3942,0.00,0.00,0.12937,-0.00483,0.01275,-0.99150,0.08951,0.00620,0.00056,-0.99597,-0.21767,-0.00026,-0.01202,0.97595,0.08929,0.03358,0.00301,-0.99544,-0.21775,-0.02773,-0.01091,0.97555,0.00000,0.00000,1.00,1.00
3953,Fixation,3953,0.00,0.00,0.12935,-0.00463,0.01289,-0.99150,0.08952,0.00604,0.00054,-0.99597,-0.21767,-0.00030,-0.01218,0.97595,0.08929,0.03342,0.00300,-0.99544,-0.21774,-0.02777,-0.01106,0.97555,0.00000,0.00000,1.00,1.00
3965,Fixation,3965,0.00,0.00,0.12914,-0.00439,0.01279,-0.99153,0.08974,0.00579,0.00052,-0.99595,-0.21767,-0.00028,-0.01212,0.97595,0.08951,0.03317,0.00298,-0.99543,-0.21774,-0.02776,-0.01101,0.97555,0.00000,0.00000,1.00,1.00
3975,Fixation,3975,0.00,0.00,0.12905,-0.00408,0.01255,-0.99155,0.09156,0.00555,0.00051,-0.99578,-0.21937,-0.00036,-0.01192,0.97557,0.09133,0.03294,0.00302,-0.99527,-0.21943,-0.02785,-0.01087,0.97517,0.00000,0.00000,1.00,1.00
3986,Fixation,3986,0.00,0.00,0.12909,-0.00383,0.01233,-0.99155,0.09153,0.00523,0.00048,-0.99579,-0.21937,-0.00031,-0.01172,0.97557,0.09131,0.03263,0.00299,-0.99528,-0.21943,-0.02780,-0.01067,0.97517,0.00000,0.00000,1.00,1.00
3998,Fixation,3998,0.00,0.00,0.12912,-0.00382,0.01214,-0.99155,0.09150,0.00517,0.00048,-0.99579,-0.21937,-0.00027,-0.01155,0.97557,0.09129,0.03256,0.00299,-0.99529,-0.21944,-0.02776,-0.01049,0.97518,0.00000,0.00000,1.00,1.00
4009,Fixation,4009,0.00,0.00,0.12896,-0.00380,0.01216,-0.99157,0.09284,0.00555,0.00052,-0.99567,-0.22052,-0.00066,-0.01155,0.97531,0.09261,0.03296,0.00307,-0.99515,-0.22057,-0.02817,-0.01054,0.97491,0.00000,0.00000,1.00,1.00
4020,Fixation,4020,0.00,0.00,0.12854,-0.00395,0.01230,-0.99162,0.09325,0.00575,0.00054,-0.99563,-0.22052,-0.00069,-0.01167,0.97531,0.09301,0.03315,0.00310,-0.99511,-0.22057,-0.02820,-0.01068,0.97491,0.00000,0.00000,1.00,1.00
4031,Fixation,4031,0.00,0.00,0.12822,-0.00416,0.01244,-0.99166,0.09357,0.00599,0.00056,-0.99559,-0.22052,-0.00071,-0.01179,0.97531,0.09333,0.03340,0.00313,-0.99507,-0.22057,-0.02823,-0.01081,0.97490,0.00000,0.00000,1.00,1.00
4042,Fixation,4042,0.00,0.00,0.12800,-0.00427,0.01232,-0.99169,0.09385,0.00687,0.00065,-0.99556,-0.22059,-0.00148,-0.01163,0.97530,0.09360,0.03428,0.00322,-0.99501,-0.22062,-0.02900,-0.01067,0.97487,0.00000,0.00000,1.00,1.00
4053,Fixation,4053,0.00,0.00,0.12783,-0.00454,0.01213,-0.99171,0.09402,0.00706,0.00067,-0.99555,-0.22059,-0.00143,-0.01141,0.97530,0.09378,0.03447,0.00325,-0.99499,-0.22062,-0.02895,-0.01046,0.97487,0.00000,0.00000,1.00,1.00
4065,Fixation,4065,0.00,0.00,0.12764,-0.00480,0.01195,-0.99174,0.09421,0.00726,0.00069,-0.99553,-0.22059,-0.00138,-0.01120,0.97530,0.09398,0.03467,0.00327,-0.99497,-0.22063,-0.02890,-0.01026,0.97488,0.00000,0.00000,1.00,1.00
4076,Fixation,4076,0.00,0.00,0.12753,-0.00508,0.01198,-0.99175,0.09370,0.00727,0.00068,-0.99557,-0.21998,-0.00112,-0.01120,0.97544,0.09347,0.03468,0.00326,-0.99501,-0.22002,-0.02864,-0.01025,0.97502,0.00000,0.00000,1.00,1.00
4086,Fixation,4086,0.00,0.00,0.12754,-0.00538,0.01208,-0.99175,0.09369,0.00759,0.00071,-0.99557,-0.21998,-0.00113,-0.01126,0.97544,0.09345,0.03500,0.00329,-0.99500,-0.22002,-0.02865,-0.01031,0.97502,0.00000,0.00000,1.00,1.00
4098,Fixation,4098,0.00,0.00,0.12761,-0.00566,0.01227,-0.99173,0.09414,0.00822,0.00078,-0.99552,-0.22051,-0.00147,-0.01140,0.97532,0.09388,0.03563,0.00336,-0.99494,-0.22052,-0.02899,-0.01046,0.97490,0.00000,0.00000,1.00,1.00
4109,Fixation,4109,0.00,0.00,0.12774,-0.00591,0.01237,-0.99171,0.09401,0.00850,0.00080,-0.99553,-0.22051,-0.00148,-0.01147,0.97532,0.09374,0.03591,0.00338,-0.99494,-0.22052,-0.02900,-0.01052,0.97489,0.00000,0.00000,1.00,1.00
4120,Fixation,4120,0.00,0.00,0.12796,-0.00611,0.01242,-0.99168,0.09379,0.00870,0.00082,-0.99555,-0.22051,-0.00149,-0.01149,0.97532,0.09352,0.03611,0.00339,-0.99496,-0.22052,-0.02900,-0.01053,0.97489,0.00000,0.00000,1.00,1.00
4132,Fixation,4132,0.00,0.00,0.12824,-0.00623,0.01254,-0.99164,0.09351,0.00885,0.00083,-0.99558,-0.22051,-0.00151,-0.01160,0.97531,0.09323,0.03626,0.00340,-0.99498,-0.22052,-0.02902,-0.01062,0.97489,0.00000,0.00000,1.00,1.00
4143,Fixation,4143,0.00,0.00,0.12839,-0.00635,0.01264,-0.99162,0.09321,0.00828,0.00078,-0.99561,-0.22036,-0.00082,-0.01170,0.97535,0.09293,0.03568,0.00333,-0.99503,-0.22037,-0.02833,-0.01071,0.97495,0.00000,0.00000,1.00,1.00
4153,Fixation,4153,0.00,0.00,0.12868,-0.00644,0.01278,-0.99158,0.09292,0.00842,0.00079,-0.99564,-0.22036,-0.00085,-0.01182,0.97535,0.09263,0.03582,0.00333,-0.99505,-0.22037,-0.02835,-0.01082,0.97494,0.00000,0.00000,1.00,1.00
4165,Fixation,4165,0.00,0.00,0.12889,-0.00651,0.01281,-0.99156,0.09254,0.00785,0.00073,-0.99568,-0.22019,-0.00021,-0.01187,0.97538,0.09226,0.03524,0.00327,-0.99511,-0.22021,-0.02771,-0.01085,0.97500,0.00000,0.00000,1.00,1.00
4176,Fixation,4176,0.00,0.00,0.12901,-0.00667,0.01294,-0.99154,0.09241,0.00804,0.00075,-0.99569,-0.22019,-0.00023,-0.01198,0.97538,0.09213,0.03543,0.00328,-0.99511,-0.22021,-0.02773,-0.01095,0.97500,0.00000,0.00000,1.00,1.00
4187,Fixation,4187,0.00,0.00,0.12905,-0.00675,0.01293,-0.99153,0.09237,0.00811,0.00075,-0.99569,-0.22019,-0.00022,-0.01194,0.97538,0.09208,0.03551,0.00329,-0.99511,-0.22021,-0.02772,-0.01092,0.97500,0.00000,0.00000,1.00,1.00
4198,Fixation,4198,0.00,0.00,0.12907,-0.00685,0.01292,-0.99153,0.09235,0.00821,0.00076,-0.99569,-0.22019,-0.00022,-0.01193,0.97538,0.09207,0.03560,0.00329,-0.99511,-0.22021,-0.02772,-0.01090,0.97500,0.00000,0.00000,1.00,1.00
4209,Fixation,4209,0.00,0.00,0.12913,-0.00697,0.01292,-0.99152,0.09204,0.00282,0.00026,-0.99575,-0.21988,0.00530,-0.01212,0.97544,0.09183,0.03023,0.00279,-0.99531,-0.21999,-0.02220,-0.01108,0.97519,0.00000,0.00000,1.00,1.00
4220,Fixation,4220,0.00,0.00,0.12935,-0.00708,0.01278,-0.99149,0.09181,0.00288,0.00027,-0.99577,-0.21988,0.00534,-0.01197,0.97544,0.09162,0.03029,0.00279,-0.99533,-0.21999,-0.02217,-0.01092,0.97519,0.00000,0.00000,1.00,1.00
4232,Fixation,4232,0.00,0.00,0.12959,-0.00732,0.01248,-0.99146,0.09142,0.00263,0.00024,-0.99581,-0.21972,0.00579,-0.01166,0.97548,0.09124,0.03004,0.00275,-0.99537,-0.21985,-0.02171,-0.01060,0.97523,0.00000,0.00000,1.00,1.00
4243,Fixation,4243,0.00,0.00,0.12974,-0.00750,0.01231,-0.99144,0.09127,0.00275,0.00025,-0.99582,-0.21972,0.00583,-0.01146,0.97548,0.09110,0.03016,0.00276,-0.99538,-0.21986,-0.02167,-0.01039,0.97524,0.00000,0.00000,1.00,1.00
4254,Fixation,4254,0.00,0.00,0.12991,-0.00768,0.01229,-0.99142,0.09110,0.00292,0.00027,-0.99584,-0.21972,0.00584,-0.01142,0.97548,0.09094,0.03032,0.00277,-0.99539,-0.21986,-0.02166,-0.01034,0.97524,0.00000,0.00000,1.00,1.00
4265,Fixation,4265,0.00,0.00,0.13010,-0.00783,0.01224,-0.99139,0.09091,0.00305,0.00028,-0.99585,-0.21972,0.00586,-0.01135,0.97548,0.09075,0.03045,0.00278,-0.99540,-0.21986,-0.02164,-0.01026,0.97524,0.00000,0.00000,1.00,1.00
4276,Fixation,4276,0.00,0.00,0.13041,-0.00799,0.01222,-0.99135,0.08945,0.00286,0.00026,-0.99599,-0.21860,0.00618,-0.01133,0.97573,0.08928,0.03025,0.00271,-0.99554,-0.21873,-0.02129,-0.01019,0.97550,0.00000,0.00000,1.00,1.00
4287,Fixation,4287,0.00,0.00,0.13070,-0.00806,0.01226,-0.99131,0.08916,0.00294,0.00026,-0.99601,-0.21860,0.00617,-0.01137,0.97573,0.08899,0.03033,0.00271,-0.99557,-0.21873,-0.02130,-0.01022,0.97550,0.00000,0.00000,1.00,1.00
4299,Fixation,4299,0.00,0.00,0.13117,-0.00816,0.01220,-0.99125,0.08924,0.00222,0.00020,-0.99601,-0.21914,0.00699,-0.01133,0.97560,0.08907,0.02960,0.00265,-0.99558,-0.21926,-0.02048,-0.01016,0.97540,0.00000,0.00000,1.00,1.00
4309,Fixation,4309,0.00,0.00,0.13151,-0.00819,0.01191,-0.99121,0.08890,0.00215,0.00019,-0.99604,-0.21914,0.00706,-0.01104,0.97561,0.08874,0.02954,0.00263,-0.99561,-0.21927,-0.02042,-0.00986,0.97540,0.00000,0.00000,1.00,1.00
4320,Fixation,4320,0.00,0.00,0.13170,-0.00817,0.01166,-0.99119,0.08871,0.00206,0.00018,-0.99606,-0.21913,0.00711,-0.01080,0.97561,0.08856,0.02944,0.00262,-0.99563,-0.21927,-0.02036,-0.00960,0.97540,0.00000,0.00000,1.00,1.00
4332,Fixation,4332,0.00,0.00,0.13170,-0.00814,0.01146,-0.99119,0.08956,0.00170,0.00015,-0.99598,-0.21996,0.00742,-0.01061,0.97542,0.08941,0.02909,0.00261,-0.99557,-0.22010,-0.02006,-0.00944,0.97523,0.00000,0.00000,1.00,1.00
4343,Fixation,4343,0.00,0.00,0.13184,-0.00801,0.01134,-0.99117,0.08942,0.00155,0.00014,-0.99599,-0.21996,0.00744,-0.01051,0.97542,0.08927,0.02894,0.00259,-0.99558,-0.22010,-0.02003,-0.00933,0.97523,0.00000,0.00000,1.00,1.00
4354,Fixation,4354,0.00,0.00,0.13200,-0.00795,0.01127,-0.99115,0.08926,0.00147,0.00013,-0.99601,-0.21996,0.00746,-0.01045,0.97542,0.08912,0.02886,0.00258,-0.99560,-0.22010,-0.02002,-0.00926,0.97523,0.00000,0.00000,1.00,1.00
4366,Fixation,4366,0.00,0.00,0.13211,-0.00786,0.01135,-0.99114,0.08933,0.01052,0.00094,-0.99595,-0.22024,-0.00171,-0.01015,0.97539,0.08906,0.03788,0.00339,-0.99530,-0.22021,-0.02917,-0.00895,0.97498,0.00000,0.00000,1.00,1.00
4376,Fixation,4376,0.00,0.00,0.13210,-0.00792,0.01156,-0.99114,0.08934,0.01064,0.00095,-0.99594,-0.22024,-0.00176,-0.01035,0.97539,0.08905,0.03801,0.00340,-0.99530,-0.22020,-0.02921,-0.00915,0.97497,0.00000,0.00000,1.00,1.00
4387,Fixation,4387,0.00,0.00,0.13213,-0.00787,0.01156,-0.99113,0.08931,0.01059,0.00095,-0.99595,-0.22024,-0.00176,-0.01035,0.97539,0.08902,0.03796,0.00339,-0.99530,-0.22020,-0.02921,-0.00915,0.97497,0.00000,0.00000,1.00,1.00
4399,Fixation,4399,0.00,0.00,0.13215,-0.00780,0.01162,-0.99113,0.08929,0.01055,0.00095,-0.99595,-0.22024,-0.00177,-0.01042,0.97539,0.08900,0.03791,0.00339,-0.99530,-0.22020,-0.02923,-0.00922,0.97497,0.00000,0.00000,1.00,1.00
4409,Fixation,4409,0.00,0.00,0.13226,-0.00775,0.01155,-0.99112,0.08979,0.01063,0.00096,-0.99590,-0.22084,-0.00190,-0.01035,0.97525,0.08949,0.03799,0.00342,-0.99526,-0.22080,-0.02936,-0.00916,0.97483,0.00000,0.00000,1.00,1.00
4421,Fixation,4421,0.00,0.00,0.13258,-0.00770,0.01149,-0.99108,0.08948,0.01056,0.00095,-0.99593,-0.22084,-0.00189,-0.01030,0.97525,0.08918,0.03793,0.00340,-0.99529,-0.22080,-0.02935,-0.00909,0.97484,0.00000,0.00000,1.00,1.00
4432,Fixation,4432,0.00,0.00,0.13275,-0.00774,0.01143,-0.99105,0.08955,0.01068,0.00096,-0.99592,-0.22109,-0.00198,-0.01023,0.97520,0.08926,0.03805,0.00341,-0.99528,-0.22105,-0.02943,-0.00902,0.97478,0.00000,0.00000,1.00,1.00
4443,Fixation,4443,0.00,0.00,0.13286,-0.00778,0.01145,-0.99104,0.08944,0.01073,0.00096,-0.99593,-0.22109,-0.00198,-0.01024,0.97520,0.08915,0.03809,0.00341,-0.99528,-0.22105,-0.02944,-0.00903,0.97478,0.00000,0.00000,1.00,1.00
4454,Fixation,4454,0.00,0.00,0.13293,-0.00774,0.01136,-0.99103,0.08937,0.01066,0.00096,-0.99594,-0.22109,-0.00196,-0.01015,0.97520,0.08909,0.03802,0.00340,-0.99529,-0.22105,-0.02942,-0.00894,0.97478,0.00000,0.00000,1.00,1.00
4465,Fixation,4465,0.00,0.00,0.13290,-0.00776,0.01121,-0.99104,0.08990,0.01086,0.00098,-0.99589,-0.22157,-0.00215,-0.00999,0.97509,0.08961,0.03823,0.00344,-0.99524,-0.22153,-0.02961,-0.00879,0.97466,0.00000,0.00000,1.00,1.00
4476,Fixation,4476,0.00,0.00,0.13290,-0.00776,0.01112,-0.99104,0.08990,0.01083,0.00098,-0.99589,-0.22157,-0.00214,-0.00991,0.97509,0.08962,0.03820,0.00344,-0.99524,-0.22153,-0.02959,-0.00871,0.97467,0.00000,0.00000,1.00,1.00
4487,Fixation,4487,0.00,0.00,0.13280,-0.00775,0.01099,-0.99105,0.09000,0.01078,0.00097,-0.99588,-0.22157,-0.00211,-0.00978,0.97509,0.08973,0.03815,0.00344,-0.99523,-0.22153,-0.02957,-0.00858,0.97467,0.00000,0.00000,1.00,1.00
4499,Fixation,4499,0.00,0.00,0.13268,-0.00771,0.01098,-0.99107,0.09034,0.01082,0.00098,-0.99585,-0.22179,-0.00219,-0.00978,0.97504,0.09005,0.03819,0.00346,-0.99520,-0.22174,-0.02965,-0.00859,0.97462,0.00000,0.00000,1.00,1.00
4510,Fixation,4510,0.00,0.00,0.13251,-0.00766,0.01094,-0.99109,0.09051,0.01077,0.00098,-0.99584,-0.22179,-0.00218,-0.00975,0.97504,0.09022,0.03814,0.00346,-0.99518,-0.22174,-0.02965,-0.00857,0.97462,0.00000,0.00000,1.00,1.00
4521,Fixation,4521,0.00,0.00,0.13212,-0.00754,0.01100,-0.99114,0.09090,0.01068,0.00097,-0.99580,-0.22179,-0.00220,-0.00982,0.97504,0.09061,0.03805,0.00346,-0.99515,-0.22173,-0.02967,-0.00867,0.97462,0.00000,0.00000,1.00,1.00
4533,Fixation,4533,0.00,0.00,0.13193,-0.00740,0.01098,-0.99117,0.08933,0.00960,0.00086,-0.99596,-0.22004,-0.00129,-0.00986,0.97544,0.08905,0.03697,0.00331,-0.99534,-0.22000,-0.02874,-0.00867,0.97504,0.00000,0.00000,1.00,1.00
4544,Fixation,4544,0.00,0.00,0.13199,-0.00727,0.01098,-0.99116,0.08927,0.00948,0.00085,-0.99596,-0.22004,-0.00129,-0.00988,0.97544,0.08899,0.03685,0.00329,-0.99535,-0.22000,-0.02874,-0.00869,0.97504,0.00000,0.00000,1.00,1.00
4554,Fixation,4554,0.00,0.00,0.13210,-0.00720,0.01094,-0.99115,0.08916,0.00941,0.00084,-0.99597,-0.22004,-0.00128,-0.00985,0.97544,0.08888,0.03677,0.00328,-0.99536,-0.22000,-0.02873,-0.00865,0.97504,0.00000,0.00000,1.00,1.00
4566,Fixation,4566,0.00,0.00,0.13228,-0.00723,0.01104,-0.99112,0.08897,0.00946,0.00084,-0.99599,-0.22004,-0.00130,-0.00994,0.97544,0.08869,0.03682,0.00328,-0.99537,-0.22000,-0.02875,-0.00873,0.97504,0.00000,0.00000,1.00,1.00
4577,Fixation,4577,0.00,0.00,0.13240,-0.00729,0.01130,-0.99111,0.08851,0.00949,0.00084,-0.99603,-0.21971,-0.00125,-0.01019,0.97551,0.08822,0.03685,0.00327,-0.99541,-0.21966,-0.02870,-0.00896,0.97511,0.00000,0.00000,1.00,1.00
4588,Fixation,4588,0.00,0.00,0.13251,-0.00729,0.01153,-0.99109,0.08839,0.00955,0.00085,-0.99604,-0.21971,-0.00130,-0.01041,0.97551,0.08808,0.03691,0.00327,-0.99542,-0.21965,-0.02875,-0.00918,0.97511,0.00000,0.00000,1.00,1.00
4599,Fixation,4599,0.00,0.00,0.13265,-0.00727,0.01162,-0.99107,0.08884,0.00965,0.00086,-0.99600,-0.22028,-0.00141,-0.01050,0.97538,0.08853,0.03701,0.00329,-0.99538,-0.22023,-0.02886,-0.00927,0.97498,0.00000,0.00000,1.00,1.00
4610,Fixation,4610,0.00,0.00,0.13273,-0.00729,0.01155,-0.99106,0.08876,0.00965,0.00086,-0.99601,-0.22028,-0.00139,-0.01043,0.97538,0.08845,0.03702,0.00329,-0.99539,-0.22023,-0.02884,-0.00920,0.97498,0.00000,0.00000,1.00,1.00
4621,Fixation,4621,0.00,0.00,0.13275,-0.00726,0.01155,-0.99106,0.08874,0.00962,0.00086,-0.99601,-0.22028,-0.00139,-0.01043,0.97538,0.08844,0.03699,0.00329,-0.99539,-0.22023,-0.02884,-0.00920,0.97498,0.00000,0.00000,1.00,1.00
4633,Fixation,4633,0.00,0.00,0.13274,-0.00726,0.01151,-0.99106,0.08896,0.00957,0.00085,-0.99599,-0.22048,-0.00135,-0.01040,0.97533,0.08867,0.03694,0.00329,-0.99537,-0.22045,-0.02880,-0.00917,0.97493,0.00000,0.00000,1.00,1.00
4643,Fixation,4643,0.00,0.00,0.13273,-0.00723,0.01155,-0.99106,0.08897,0.00955,0.00085,-0.99599,-0.22048,-0.00136,-0.01044,0.97533,0.08868,0.03692,0.00329,-0.99537,-0.22045,-0.02881,-0.00922,0.97493,0.00000,0.00000,1.00,1.00
4654,Fixation,4654,0.00,0.00,0.13283,-0.00712,0.01153,-0.99105,0.08886,0.00944,0.00084,-0.99600,-0.22048,-0.00135,-0.01043,0.97533,0.08858,0.03680,0.00328,-0.99538,-0.22045,-0.02880,-0.00920,0.97493,0.00000,0.00000,1.00,1.00
4667,Fixation,4667,0.00,0.00,0.13297,-0.00706,0.01156,-0.99103,0.08873,0.00939,0.00084,-0.99601,-0.22048,-0.00136,-0.01047,0.97533,0.08844,0.03676,0.00327,-0.99540,-0.22045,-0.02881,-0.00924,0.97493,0.00000,0.00000,1.00,1.00
4677,Fixation,4677,0.00,0.00,0.13312,-0.00698,0.01158,-0.99101,0.08872,0.00842,0.00075,-0.99602,-0.22061,-0.00046,-0.01054,0.97530,0.08844,0.03579,0.00318,-0.99543,-0.22059,-0.02791,-0.00930,0.97492,0.00000,0.00000,1.00,1.00
4688,Fixation,4688,0.00,0.00,0.13333,-0.00684,0.01146,-0.99098,0.08851,0.00824,0.00073,-0.99604,-0.22061,-0.00044,-0.01044,0.97531,0.08824,0.03561,0.00316,-0.99546,-0.22060,-0.02789,-0.00919,0.97492,0.00000,0.00000,1.00,1.00
4699,Fixation,4699,0.00,0.00,0.13354,-0.00673,0.01142,-0.99095,0.08886,0.00805,0.00072,-0.99601,-0.22116,-0.00035,-0.01041,0.97518,0.08860,0.03541,0.00315,-0.99543,-0.22116,-0.02780,-0.00916,0.97480,0.00000,0.00000,1.00,1.00
4710,Fixation,4710,0.00,0.00,0.13384,-0.00660,0.01133,-0.99092,0.08857,0.00789,0.00070,-0.99604,-0.22116,-0.00033,-0.01034,0.97518,0.08831,0.03526,0.00313,-0.99546,-0.22116,-0.02778,-0.00908,0.97480,0.00000,0.00000,1.00,1.00
4721,Fixation,4721,0.00,0.00,0.13399,-0.00645,0.01119,-0.99090,0.08842,0.00770,0.00068,-0.99605,-0.22116,-0.00031,-0.01022,0.97518,0.08817,0.03507,0.00311,-0.99548,-0.22116,-0.02775,-0.00895,0.97480,0.00000,0.00000,1.00,1.00
4733,Fixation,4733,0.00,0.00,0.13419,-0.00633,0.01121,-0.99087,0.08893,0.00771,0.00069,-0.99601,-0.22187,-0.00043,-0.01025,0.97502,0.08868,0.03508,0.00312,-0.99544,-0.22186,-0.02788,-0.00898,0.97464,0.00000,0.00000,1.00,1.00
4744,Fixation,4744,0.00,0.00,0.13442,-0.00632,0.01142,-0.99084,0.08870,0.00776,0.00069,-0.99603,-0.22187,-0.00048,-0.01046,0.97502,0.08844,0.03513,0.00312,-0.99546,-0.22185,-0.02793,-0.00918,0.97464,0.00000,0.00000,1.00,1.00
4755,Fixation,4755,0.00,0.00,0.13459,-0.00626,0.01152,-0.99082,0.08853,0.00774,0.00069,-0.99604,-0.22187,-0.00050,-0.01056,0.97502,0.08826,0.03510,0.00311,-0.99547,-0.22185,-0.02795,-0.00927,0.97464,0.00000,0.00000,1.00,1.00
4767,Fixation,4767,0.00,0.00,0.13462,-0.00634,0.01132,-0.99081,0.08907,0.00734,0.00066,-0.99600,-0.22241,-0.00004,-0.01038,0.97490,0.08881,0.03471,0.00310,-0.99544,-0.22241,-0.02749,-0.00910,0.97452,0.00000,0.00000,1.00,1.00
4778,Fixation,4778,0.00,0.00,0.13462,-0.00638,0.01118,-0.99081,0.08906,0.00734,0.00066,-0.99600,-0.22241,-0.00001,-0.01023,0.97490,0.08881,0.03471,0.00310,-0.99544,-0.22241,-0.02746,-0.00896,0.97452,0.00000,0.00000,1.00,1.00
4788,Fixation,4788,0.00,0.00,0.13471,-0.00646,0.01109,-0.99080,0.08897,0.00738,0.00066,-0.99601,-0.22241,0.00002,-0.01013,0.97490,0.08873,0.03476,0.00310,-0.99544,-0.22242,-0.02744,-0.00886,0.97453,0.00000,0.00000,1.00,1.00
4800,Fixation,4800,0.00,0.00,0.13486,-0.00652,0.01110,-0.99078,0.08813,0.00626,0.00055,-0.99609,-0.22172,0.00120,-0.01019,0.97506,0.08790,0.03363,0.00297,-0.99556,-0.22175,-0.02625,-0.00889,0.97471,0.00000,0.00000,1.00,1.00
4810,Fixation,4810,0.00,0.00,0.13512,-0.00661,0.01113,-0.99074,0.08787,0.00635,0.00056,-0.99611,-0.22172,0.00119,-0.01020,0.97506,0.08764,0.03372,0.00297,-0.99558,-0.22175,-0.02625,-0.00888,0.97471,0.00000,0.00000,1.00,1.00
4821,Fixation,4821,0.00,0.00,0.13545,-0.00663,0.01115,-0.99070,0.08754,0.00637,0.00056,-0.99614,-0.22172,0.00119,-0.01022,0.97506,0.08731,0.03374,0.00296,-0.99561,-0.22175,-0.02625,-0.00889,0.97471,0.00000,0.00000,1.00,1.00
4834,Fixation,4834,0.00,0.00,0.13592,-0.00670,0.01125,-0.99063,0.08516,0.00450,0.00038,-0.99636,-0.21984,0.00313,-0.01041,0.97548,0.08495,0.03185,0.00272,-0.99587,-0.21989,-0.02429,-0.00900,0.97518,0.00000,0.00000,1.00,1.00
4844,Fixation,4844,0.00,0.00,0.13631,-0.00685,0.01122,-0.99058,0.08477,0.00463,0.00039,-0.99639,-0.21984,0.00314,-0.01036,0.97548,0.08456,0.03197,0.00271,-0.99590,-0.21989,-0.02427,-0.00893,0.97518,0.00000,0.00000,1.00,1.00
4855,Fixation,4855,0.00,0.00,0.13654,-0.00703,0.01121,-0.99055,0.08453,0.00480,0.00041,-0.99641,-0.21984,0.00315,-0.01033,0.97548,0.08433,0.03215,0.00272,-0.99592,-0.21989,-0.02426,-0.00888,0.97518,0.00000,0.00000,1.00,1.00
4867,Fixation,4867,0.00,0.00,0.13663,-0.00720,0.01117,-0.99053,0.08444,0.00495,0.00042,-0.99642,-0.21984,0.00316,-0.01026,0.97548,0.08424,0.03230,0.00273,-0.99592,-0.21990,-0.02425,-0.00881,0.97518,0.00000,0.00000,1.00,1.00
4877,Fixation,4877,0.00,0.00,0.13661,-0.00713,0.01119,-0.99054,0.08524,0.00471,0.00040,-0.99635,-0.22060,0.00334,-0.01030,0.97530,0.08504,0.03206,0.00274,-0.99586,-0.22065,-0.02408,-0.00887,0.97501,0.00000,0.00000,1.00,1.00
4888,Fixation,4888,0.00,0.00,0.13640,-0.00698,0.01130,-0.99057,0.08546,0.00460,0.00039,-0.99633,-0.22060,0.00331,-0.01042,0.97530,0.08525,0.03195,0.00274,-0.99584,-0.22065,-0.02411,-0.00900,0.97501,0.00000,0.00000,1.00,1.00
4901,Fixation,4901,0.00,0.00,0.13617,-0.00683,0.01130,-0.99060,0.08569,0.00446,0.00038,-0.99631,-0.22060,0.00331,-0.01044,0.97530,0.08548,0.03181,0.00273,-0.99583,-0.22065,-0.02412,-0.00904,0.97501,0.00000,0.00000,1.00,1.00
4911,Fixation,4911,0.00,0.00,0.13581,-0.00648,0.01128,-0.99065,0.08672,0.00387,0.00034,-0.99623,-0.22125,0.00355,-0.01049,0.97515,0.08650,0.03124,0.00271,-0.99576,-0.22129,-0.02388,-0.00912,0.97487,0.00000,0.00000,1.00,1.00
4922,Fixation,4922,0.00,0.00,0.13601,-0.00613,0.01124,-0.99062,0.08651,0.00352,0.00031,-0.99624,-0.22125,0.00355,-0.01049,0.97515,0.08630,0.03088,0.00268,-0.99579,-0.22129,-0.02388,-0.00911,0.97487,0.00000,0.00000,1.00,1.00
4934,Fixation,4934,0.00,0.00,0.13622,-0.00580,0.01123,-0.99060,0.08571,0.00296,0.00025,-0.99632,-0.22067,0.00377,-0.01054,0.97529,0.08551,0.03032,0.00260,-0.99587,-0.22072,-0.02366,-0.00914,0.97501,0.00000,0.00000,1.00,1.00
4944,Fixation,4944,0.00,0.00,0.13615,-0.00536,0.01156,-0.99061,0.08580,0.00265,0.00023,-0.99631,-0.22067,0.00368,-0.01092,0.97528,0.08557,0.03000,0.00258,-0.99588,-0.22071,-0.02375,-0.00952,0.97500,0.00000,0.00000,1.00,1.00
4955,Fixation,4955,0.00,0.00,0.13596,-0.00494,0.01189,-0.99063,0.08599,0.00235,0.00020,-0.99629,-0.22067,0.00359,-0.01130,0.97528,0.08574,0.02971,0.00256,-0.99587,-0.22070,-0.02384,-0.00991,0.97500,0.00000,0.00000,1.00,1.00
4967,Fixation,4967,0.00,0.00,0.13581,-0.00453,0.01196,-0.99065,0.08749,0.00261,0.00023,-0.99616,-0.22200,0.00295,-0.01139,0.97498,0.08724,0.02998,0.00263,-0.99573,-0.22203,-0.02450,-0.01005,0.97468,0.00000,0.00000,1.00,1.00
4977,Fixation,4977,0.00,0.00,0.13580,-0.00421,0.01174,-0.99066,0.08751,0.00222,0.00020,-0.99616,-0.22199,0.00299,-0.01122,0.97498,0.08727,0.02960,0.00259,-0.99574,-0.22203,-0.02446,-0.00987,0.97468,0.00000,0.00000,1.00,1.00
4989,Fixation,4989,0.00,0.00,0.13559,-0.00393,0.01170,-0.99069,0.08772,0.00195,0.00017,-0.99614,-0.22200,0.00299,-0.01122,0.97498,0.08749,0.02932,0.00258,-0.99573,-0.22203,-0.02446,-0.00989,0.97468,0.00000,0.00000,1.00,1.00
5001,Fixation,5001,0.00,0.00,0.13541,-0.00370,0.01185,-0.99071,0.08686,0.00266,0.00023,-0.99622,-0.22098,0.00205,-0.01136,0.97521,0.08663,0.03003,0.00261,-0.99578,-0.22104,-0.02538,-0.01000,0.97488,0.00000,0.00000,1.00,1.00
5011,Fixation,5011,0.00,0.00,0.13510,-0.00351,0.01211,-0.99075,0.08717,0.00256,0.00022,-0.99619,-0.22098,0.00199,-0.01164,0.97521,0.08693,0.02993,0.00261,-0.99576,-0.22103,-0.02545,-0.01030,0.97488,0.00000,0.00000,1.00,1.00
5022,Fixation,5022,0.00,0.00,0.13493,-0.00323,0.01238,-0.99077,0.08734,0.00238,0.00021,-0.99618,-0.22098,0.00192,-0.01194,0.97520,0.08709,0.02974,0.00260,-0.99575,-0.22102,-0.02552,-0.01061,0.97488,0.00000,0.00000,1.00,1.00
5034,Fixation,5034,0.00,0.00,0.13469,-0.00304,0.01246,-0.99080,0.08885,0.00268,0.00024,-0.99604,-0.22222,0.00145,-0.01202,0.97492,0.08860,0.03006,0.00268,-0.99561,-0.22227,-0.02602,-0.01074,0.97458,0.00000,0.00000,1.00,1.00
5044,Fixation,5044,0.00,0.00,0.13471,-0.00289,0.01238,-0.99080,0.08883,0.00251,0.00022,-0.99604,-0.22222,0.00146,-0.01196,0.97492,0.08859,0.02989,0.00266,-0.99562,-0.22227,-0.02600,-0.01068,0.97458,0.00000,0.00000,1.00,1.00
5055,Fixation,5055,0.00,0.00,0.13474,-0.00285,0.01203,-0.99080,0.08880,0.00236,0.00021,-0.99605,-0.22222,0.00154,-0.01162,0.97493,0.08858,0.02975,0.00265,-0.99562,-0.22228,-0.02592,-0.01033,0.97458,0.00000,0.00000,1.00,1.00
5067,Fixation,5067,0.00,0.00,0.13493,-0.00290,0.01177,-0.99078,0.08645,0.00292,0.00025,-0.99625,-0.22011,0.00098,-0.01133,0.97541,0.08626,0.03028,0.00262,-0.99581,-0.22020,-0.02645,-0.00999,0.97504,0.00000,0.00000,1.00,1.00
5077,Fixation,5077,0.00,0.00,0.13497,-0.00300,0.01144,-0.99078,0.08641,0.00291,0.00025,-0.99626,-0.22011,0.00106,-0.01099,0.97541,0.08624,0.03028,0.00262,-0.99581,-0.22021,-0.02638,-0.00964,0.97505,0.00000,0.00000,1.00,1.00
5089,Fixation,5089,0.00,0.00,0.13505,-0.00317,0.01140,-0.99077,0.08633,0.00306,0.00027,-0.99626,-0.22011,0.00107,-0.01094,0.97541,0.08617,0.03043,0.00263,-0.99581,-0.22021,-0.02636,-0.00958,0.97505,0.00000,0.00000,1.00,1.00
5100,Fixation,5100,0.00,0.00,0.13495,-0.00326,0.01141,-0.99078,0.08929,0.00317,0.00028,-0.99600,-0.22291,0.00109,-0.01093,0.97478,0.08911,0.03055,0.00273,-0.99555,-0.22300,-0.02638,-0.00966,0.97441,0.00000,0.00000,1.00,1.00
5111,Fixation,5111,0.00,0.00,0.13500,-0.00334,0.01146,-0.99077,0.08924,0.00326,0.00029,-0.99600,-0.22291,0.00108,-0.01096,0.97478,0.08906,0.03064,0.00274,-0.99555,-0.22300,-0.02639,-0.00969,0.97441,0.00000,0.00000,1.00,1.00
5122,Fixation,5122,0.00,0.00,0.13519,-0.00351,0.01160,-0.99075,0.08905,0.00346,0.00031,-0.99602,-0.22291,0.00105,-0.01108,0.97477,0.08886,0.03085,0.00275,-0.99556,-0.22299,-0.02641,-0.00980,0.97441,0.00000,0.00000,1.00,1.00
5134,Fixation,5134,0.00,0.00,0.13559,-0.00394,0.01194,-0.99068,0.08745,0.00261,0.00023,-0.99617,-0.22174,0.00236,-0.01142,0.97504,0.08725,0.02998,0.00263,-0.99573,-0.22182,-0.02509,-0.01008,0.97471,0.00000,0.00000,1.00,1.00
5144,Fixation,5144,0.00,0.00,0.13565,-0.00433,0.01227,-0.99067,0.08738,0.00308,0.00027,-0.99617,-0.22174,0.00229,-0.01169,0.97503,0.08717,0.03046,0.00267,-0.99572,-0.22181,-0.02515,-0.01035,0.97471,0.00000,0.00000,1.00,1.00
5156,Fixation,5156,0.00,0.00,0.13561,-0.00479,0.01267,-0.99067,0.08742,0.00365,0.00032,-0.99617,-0.22174,0.00222,-0.01202,0.97503,0.08718,0.03103,0.00272,-0.99571,-0.22181,-0.02523,-0.01068,0.97471,0.00000,0.00000,1.00,1.00
5168,Fixation,5168,0.00,0.00,0.13558,-0.00503,0.01293,-0.99067,0.08778,0.00338,0.00030,-0.99613,-0.22206,0.00276,-0.01227,0.97495,0.08754,0.03075,0.00270,-0.99568,-0.22213,-0.02469,-0.01094,0.97464,0.00000,0.00000,1.00,1.00
5178,Fixation,5178,0.00,0.00,0.13557,-0.00524,0.01304,-0.99067,0.08778,0.00362,0.00032,-0.99613,-0.22206,0.00274,-0.01235,0.97495,0.08754,0.03100,0.00273,-0.99568,-0.22213,-0.02471,-0.01102,0.97464,0.00000,0.00000,1.00,1.00
5189,Fixation,5189,0.00,0.00,0.13582,-0.00543,0.01318,-0.99063,0.08752,0.00384,0.00034,-0.99616,-0.22206,0.00271,-0.01247,0.97495,0.08727,0.03121,0.00274,-0.99569,-0.22212,-0.02474,-0.01112,0.97464,0.00000,0.00000,1.00,1.00
5201,Fixation,5201,0.00,0.00,0.13611,-0.00556,0.01346,-0.99059,0.08631,0.00372,0.00032,-0.99626,-0.22115,0.00297,-0.01274,0.97515,0.08607,0.03109,0.00269,-0.99580,-0.22123,-0.02447,-0.01135,0.97485,0.00000,0.00000,1.00,1.00
5211,Fixation,5211,0.00,0.00,0.13635,-0.00562,0.01363,-0.99055,0.08607,0.00383,0.00033,-0.99628,-0.22115,0.00293,-0.01290,0.97515,0.08582,0.03119,0.00269,-0.99582,-0.22123,-0.02450,-0.01150,0.97485,0.00000,0.00000,1.00,1.00
5222,Fixation,5222,0.00,0.00,0.13659,-0.00562,0.01378,-0.99052,0.08582,0.00387,0.00033,-0.99630,-0.22115,0.00290,-0.01304,0.97515,0.08557,0.03123,0.00268,-0.99584,-0.22123,-0.02453,-0.01163,0.97484,0.00000,0.00000,1.00,1.00
5234,Fixation,5234,0.00,0.00,0.13698,-0.00554,0.01372,-0.99046,0.08585,0.00362,0.00031,-0.99630,-0.22155,0.00306,-0.01300,0.97506,0.08562,0.03098,0.00266,-0.99584,-0.22165,-0.02437,-0.01158,0.97475,0.00000,0.00000,1.00,1.00
5244,Fixation,5244,0.00,0.00,0.13747,-0.00543,0.01361,-0.99040,0.08536,0.00349,0.00030,-0.99634,-0.22155,0.00308,-0.01291,0.97506,0.08514,0.03084,0.00264,-0.99589,-0.22166,-0.02434,-0.01146,0.97475,0.00000,0.00000,1.00,1.00
5255,Fixation,5255,0.00,0.00,0.13792,-0.00524,0.01343,-0.99034,0.08490,0.00324,0.00028,-0.99638,-0.22155,0.00311,-0.01277,0.97506,0.08469,0.03059,0.00260,-0.99593,-0.22166,-0.02430,-0.01129,0.97476,0.00000,0.00000,1.00,1.00
5268,Fixation,5268,0.00,0.00,0.13839,-0.00508,0.01320,-0.99028,0.08500,0.00400,0.00034,-0.99637,-0.22211,0.00218,-0.01251,0.97494,0.08480,0.03135,0.00267,-0.99590,-0.22223,-0.02523,-0.01102,0.97461,0.00000,0.00000,1.00,1.00
5278,Fixation,5278,0.00,0.00,0.13858,-0.00486,0.01306,-0.99025,0.08481,0.00374,0.00032,-0.99639,-0.22211,0.00220,-0.01240,0.97494,0.08462,0.03108,0.00264,-0.99592,-0.22223,-0.02521,-0.01091,0.97461,0.00000,0.00000,1.00,1.00
5289,Fixation,5289,0.00,0.00,0.13876,-0.00459,0.01300,-0.99023,0.08463,0.00346,0.00029,-0.99641,-0.22211,0.00221,-0.01237,0.97494,0.08444,0.03081,0.00261,-0.99595,-0.22223,-0.02520,-0.01087,0.97461,0.00000,0.00000,1.00,1.00
5301,Fixation,5301,0.00,0.00,0.13891,-0.00434,0.01293,-0.99021,0.08616,0.00348,0.00030,-0.99627,-0.22376,0.00195,-0.01232,0.97456,0.08597,0.03084,0.00266,-0.99582,-0.22387,-0.02547,-0.01085,0.97423,0.00000,0.00000,1.00,1.00
5311,Fixation,5311,0.00,0.00,0.13901,-0.00412,0.01293,-0.99020,0.08607,0.00327,0.00028,-0.99628,-0.22376,0.00194,-0.01235,0.97456,0.08587,0.03062,0.00264,-0.99583,-0.22387,-0.02548,-0.01088,0.97423,0.00000,0.00000,1.00,1.00
5322,Fixation,5322,0.00,0.00,0.13904,-0.00399,0.01299,-0.99019,0.08604,0.00316,0.00027,-0.99629,-0.22376,0.00193,-0.01243,0.97456,0.08584,0.03052,0.00263,-0.99584,-0.22387,-0.02549,-0.01095,0.97422,0.00000,0.00000,1.00,1.00
5334,Fixation,5334,0.00,0.00,0.13887,-0.00404,0.01318,-0.99021,0.08546,0.00387,0.00033,-0.99633,-0.22304,0.00127,-0.01258,0.97473,0.08524,0.03123,0.00267,-0.99587,-0.22313,-0.02615,-0.01109,0.97437,0.00000,0.00000,1.00,1.00
5344,Fixation,5344,0.00,0.00,0.13862,-0.00407,0.01337,-0.99025,0.08571,0.00396,0.00034,-0.99631,-0.22304,0.00123,-0.01276,0.97472,0.08549,0.03132,0.00269,-0.99584,-0.22313,-0.02619,-0.01128,0.97437,0.00000,0.00000,1.00,1.00
5356,Fixation,5356,0.00,0.00,0.13838,-0.00424,0.01356,-0.99028,0.08595,0.00419,0.00036,-0.99629,-0.22304,0.00119,-0.01293,0.97472,0.08571,0.03154,0.00272,-0.99582,-0.22312,-0.02623,-0.01146,0.97437,0.00000,0.00000,1.00,1.00
5368,Fixation,5368,0.00,0.00,0.13824,-0.00436,0.01375,-0.99029,0.08812,0.00513,0.00045,-0.99610,-0.22504,0.00041,-0.01305,0.97426,0.08787,0.03250,0.00287,-0.99560,-0.22511,-0.02703,-0.01166,0.97389,0.00000,0.00000,1.00,1.00
5378,Fixation,5378,0.00,0.00,0.13809,-0.00452,0.01403,-0.99031,0.08827,0.00537,0.00048,-0.99608,-0.22504,0.00036,-0.01330,0.97426,0.08800,0.03274,0.00289,-0.99558,-0.22510,-0.02709,-0.01191,0.97389,0.00000,0.00000,1.00,1.00
5389,Fixation,5389,0.00,0.00,0.13795,-0.00468,0.01436,-0.99032,0.08840,0.00563,0.00050,-0.99607,-0.22504,0.00028,-0.01361,0.97425,0.08812,0.03300,0.00292,-0.99556,-0.22509,-0.02716,-0.01222,0.97388,0.00000,0.00000,1.00,1.00
5401,Fixation,5401,0.00,0.00,0.13787,-0.00495,0.01455,-0.99033,0.08647,0.00680,0.00059,-0.99623,-0.22309,-0.00063,-0.01371,0.97470,0.08619,0.03416,0.00296,-0.99569,-0.22315,-0.02806,-0.01228,0.97430,0.00000,0.00000,1.00,1.00
5411,Fixation,5411,0.00,0.00,0.13789,-0.00521,0.01469,-0.99033,0.08645,0.00710,0.00062,-0.99623,-0.22309,-0.00065,-0.01381,0.97470,0.08616,0.03446,0.00298,-0.99568,-0.22315,-0.02808,-0.01237,0.97430,0.00000,0.00000,1.00,1.00
5423,Fixation,5423,0.00,0.00,0.13815,-0.00552,0.01477,-0.99029,0.08619,0.00741,0.00064,-0.99625,-0.22309,-0.00066,-0.01385,0.97470,0.08590,0.03477,0.00300,-0.99569,-0.22315,-0.02808,-0.01240,0.97430,0.00000,0.00000,1.00,1.00
5435,Fixation,5435,0.00,0.00,0.13838,-0.00583,0.01490,-0.99025,0.08566,0.00886,0.00076,-0.99628,-0.22283,-0.00180,-0.01387,0.97476,0.08538,0.03620,0.00310,-0.99569,-0.22289,-0.02921,-0.01240,0.97433,0.00000,0.00000,1.00,1.00
5445,Fixation,5445,0.00,0.00,0.13851,-0.00603,0.01492,-0.99023,0.08553,0.00906,0.00078,-0.99629,-0.22283,-0.00180,-0.01386,0.97476,0.08525,0.03641,0.00312,-0.99569,-0.22289,-0.02920,-0.01239,0.97433,0.00000,0.00000,1.00,1.00
5456,Fixation,5456,0.00,0.00,0.13859,-0.00624,0.01504,-0.99022,0.08544,0.00930,0.00080,-0.99630,-0.22283,-0.00181,-0.01395,0.97476,0.08515,0.03664,0.00313,-0.99569,-0.22289,-0.02922,-0.01246,0.97433,0.00000,0.00000,1.00,1.00
5468,Fixation,5468,0.00,0.00,0.13867,-0.00636,0.01523,-0.99020,0.08536,0.00947,0.00081,-0.99631,-0.22283,-0.00186,-0.01413,0.97475,0.08506,0.03681,0.00314,-0.99569,-0.22288,-0.02926,-0.01264,0.97432,0.00000,0.00000,1.00,1.00
5478,Fixation,5478,0.00,0.00,0.13880,-0.00640,0.01537,-0.99018,0.08504,0.00884,0.00075,-0.99634,-0.22264,-0.00117,-0.01428,0.97480,0.08476,0.03618,0.00308,-0.99574,-0.22271,-0.02857,-0.01278,0.97438,0.00000,0.00000,1.00,1.00
5489,Fixation,5489,0.00,0.00,0.13902,-0.00640,0.01547,-0.99015,0.08481,0.00886,0.00075,-0.99636,-0.22264,-0.00119,-0.01438,0.97479,0.08453,0.03620,0.00307,-0.99576,-0.22271,-0.02859,-0.01287,0.97438,0.00000,0.00000,1.00,1.00
5502,Fixation,5502,0.00,0.00,0.13917,-0.00634,0.01557,-0.99013,0.08498,0.00912,0.00078,-0.99634,-0.22295,-0.00150,-0.01447,0.97472,0.08470,0.03646,0.00310,-0.99573,-0.22303,-0.02890,-0.01296,0.97430,0.00000,0.00000,1.00,1.00
5512,Fixation,5512,0.00,0.00,0.13945,-0.00611,0.01573,-0.99009,0.08470,0.00895,0.00076,-0.99637,-0.22295,-0.00154,-0.01466,0.97472,0.08441,0.03628,0.00308,-0.99577,-0.22302,-0.02894,-0.01313,0.97430,0.00000,0.00000,1.00,1.00
5523,Fixation,5523,0.00,0.00,0.13991,-0.00594,0.01594,-0.99002,0.08424,0.00884,0.00075,-0.99641,-0.22295,-0.00159,-0.01489,0.97471,0.08393,0.03617,0.00305,-0.99581,-0.22301,-0.02898,-0.01333,0.97429,0.00000,0.00000,1.00,1.00
5535,Fixation,5535,0.00,0.00,0.14037,-0.00576,0.01612,-0.98995,0.08619,0.00967,0.00084,-0.99623,-0.22533,-0.00257,-0.01504,0.97416,0.08587,0.03701,0.00319,-0.99561,-0.22538,-0.02997,-0.01352,0.97372,0.00000,0.00000,1.00,1.00
5545,Fixation,5545,0.00,0.00,0.14070,-0.00566,0.01658,-0.98990,0.08585,0.00971,0.00084,-0.99626,-0.22533,-0.00267,-0.01550,0.97416,0.08551,0.03705,0.00318,-0.99564,-0.22537,-0.03007,-0.01396,0.97371,0.00000,0.00000,1.00,1.00
5556,Fixation,5556,0.00,0.00,0.14092,-0.00551,0.01693,-0.98986,0.08563,0.00968,0.00083,-0.99628,-0.22533,-0.00275,-0.01586,0.97415,0.08527,0.03702,0.00317,-0.99567,-0.22536,-0.03016,-0.01431,0.97370,0.00000,0.00000,1.00,1.00
5568,Fixation,5568,0.00,0.00,0.14119,-0.00538,0.01709,-0.98982,0.08623,0.00849,0.00074,-0.99624,-0.22616,-0.00168,-0.01609,0.97396,0.08590,0.03584,0.00309,-0.99565,-0.22623,-0.02909,-0.01455,0.97353,0.00000,0.00000,1.00,1.00
5578,Fixation,5578,0.00,0.00,0.14143,-0.00520,0.01692,-0.98979,0.08599,0.00826,0.00071,-0.99626,-0.22616,-0.00165,-0.01595,0.97396,0.08568,0.03561,0.00306,-0.99568,-0.22624,-0.02905,-0.01440,0.97353,0.00000,0.00000,1.00,1.00
5589,Fixation,5589,0.00,0.00,0.14161,-0.00501,0.01666,-0.98977,0.08582,0.00800,0.00069,-0.99628,-0.22616,-0.00159,-0.01571,0.97396,0.08551,0.03534,0.00304,-0.99571,-0.22624,-0.02900,-0.01416,0.97354,0.00000,0.00000,1.00,1.00
5601,Fixation,5601,0.00,0.00,0.14178,-0.00491,0.01644,-0.98975,0.08644,0.00791,0.00069,-0.99623,-0.22693,-0.00162,-0.01552,0.97379,0.08618,0.03526,0.00305,-0.99565,-0.22705,-0.02903,-0.01397,0.97335,0.00000,0.00000,1.00,1.00
5612,Fixation,5612,0.00,0.00,0.14186,-0.00478,0.01652,-0.98974,0.08636,0.00781,0.00068,-0.99623,-0.22693,-0.00164,-0.01560,0.97379,0.08610,0.03516,0.00304,-0.99566,-0.22705,-0.02905,-0.01405,0.97335,0.00000,0.00000,1.00,1.00
5623,Fixation,5623,0.00,0.00,0.14190,-0.00460,0.01655,-0.98973,0.08632,0.00765,0.00066,-0.99624,-0.22693,-0.00165,-0.01566,0.97378,0.08606,0.03500,0.00302,-0.99567,-0.22705,-0.02906,-0.01411,0.97335,0.00000,0.00000,1.00,1.00
5635,Fixation,5635,0.00,0.00,0.14196,-0.00449,0.01665,-0.98972,0.08332,0.00799,0.00067,-0.99649,-0.22407,-0.00214,-0.01574,0.97444,0.08307,0.03532,0.00295,-0.99591,-0.22419,-0.02952,-0.01411,0.97400,0.00000,0.00000,1.00,1.00
5646,Fixation,5646,0.00,0.00,0.14200,-0.00444,0.01656,-0.98972,0.08328,0.00791,0.00066,-0.99649,-0.22407,-0.00212,-0.01566,0.97445,0.08303,0.03524,0.00294,-0.99592,-0.22420,-0.02950,-0.01402,0.97400,0.00000,0.00000,1.00,1.00
5656,Fixation,5656,0.00,0.00,0.14192,-0.00445,0.01659,-0.98973,0.08337,0.00794,0.00066,-0.99649,-0.22407,-0.00213,-0.01569,0.97445,0.08311,0.03526,0.00294,-0.99591,-0.22420,-0.02951,-0.01406,0.97400,0.00000,0.00000,1.00,1.00
5668,Fixation,5668,0.00,0.00,0.14194,-0.00450,0.01669,-0.98972,0.08335,0.00801,0.00067,-0.99649,-0.22407,-0.00215,-0.01579,0.97444,0.08309,0.03534,0.00295,-0.99591,-0.22419,-0.02953,-0.01415,0.97399,0.00000,0.00000,1.00,1.00
5678,Fixation,5678,0.00,0.00,0.14196,-0.00469,0.01690,-0.98972,0.08475,0.00792,0.00067,-0.99637,-0.22546,-0.00182,-0.01598,0.97412,0.08448,0.03526,0.00299,-0.99580,-0.22558,-0.02922,-0.01439,0.97368,0.00000,0.00000,1.00,1.00
5690,Fixation,5690,0.00,0.00,0.14219,-0.00503,0.01723,-0.98968,0.08451,0.00833,0.00071,-0.99639,-0.22545,-0.00188,-0.01625,0.97412,0.08423,0.03567,0.00302,-0.99580,-0.22558,-0.02927,-0.01464,0.97368,0.00000,0.00000,1.00,1.00
5702,Fixation,5702,0.00,0.00,0.14223,-0.00525,0.01747,-0.98967,0.08340,0.00944,0.00079,-0.99647,-0.22444,-0.00277,-0.01641,0.97435,0.08311,0.03677,0.00307,-0.99586,-0.22456,-0.03015,-0.01477,0.97388,0.00000,0.00000,1.00,1.00
5712,Fixation,5712,0.00,0.00,0.14204,-0.00551,0.01766,-0.98969,0.08359,0.00975,0.00082,-0.99645,-0.22444,-0.00280,-0.01656,0.97434,0.08329,0.03708,0.00310,-0.99583,-0.22455,-0.03018,-0.01493,0.97388,0.00000,0.00000,1.00,1.00
5723,Fixation,5723,0.00,0.00,0.14188,-0.00570,0.01791,-0.98971,0.08374,0.01002,0.00084,-0.99644,-0.22444,-0.00285,-0.01678,0.97434,0.08343,0.03735,0.00313,-0.99581,-0.22455,-0.03024,-0.01516,0.97388,0.00000,0.00000,1.00,1.00
5735,Fixation,5735,0.00,0.00,0.14188,-0.00596,0.01813,-0.98970,0.08378,0.00981,0.00083,-0.99644,-0.22447,-0.00238,-0.01699,0.97433,0.08348,0.03714,0.00311,-0.99581,-0.22460,-0.02976,-0.01536,0.97388,0.00000,0.00000,1.00,1.00
5746,Fixation,5746,0.00,0.00,0.14185,-0.00616,0.01824,-0.98970,0.08380,0.01005,0.00085,-0.99643,-0.22447,-0.00240,-0.01707,0.97433,0.08350,0.03738,0.00313,-0.99580,-0.22459,-0.02978,-0.01545,0.97387,0.00000,0.00000,1.00,1.00
5757,Fixation,5757,0.00,0.00,0.14180,-0.00648,0.01863,-0.98970,0.08384,0.01047,0.00088,-0.99642,-0.22447,-0.00247,-0.01741,0.97432,0.08352,0.03780,0.00317,-0.99578,-0.22458,-0.02986,-0.01579,0.97387,0.00000,0.00000,1.00,1.00
5769,Fixation,5769,0.00,0.00,0.14177,-0.00681,0.01896,-0.98969,0.08219,0.01162,0.00096,-0.99655,-0.22286,-0.00329,-0.01763,0.97469,0.08187,0.03893,0.00320,-0.99588,-0.22297,-0.03065,-0.01597,0.97421,0.00000,0.00000,1.00,1.00
5779,Fixation,5779,0.00,0.00,0.14183,-0.00701,0.01906,-0.98968,0.08213,0.01184,0.00098,-0.99655,-0.22286,-0.00331,-0.01770,0.97469,0.08180,0.03916,0.00322,-0.99587,-0.22297,-0.03067,-0.01604,0.97421,0.00000,0.00000,1.00,1.00
5791,Fixation,5791,0.00,0.00,0.14178,-0.00723,0.01905,-0.98969,0.08218,0.01205,0.00099,-0.99654,-0.22286,-0.00330,-0.01767,0.97469,0.08185,0.03936,0.00324,-0.99586,-0.22297,-0.03066,-0.01600,0.97421,0.00000,0.00000,1.00,1.00
5802,Fixation,5802,0.00,0.00,0.14161,-0.00740,0.01904,-0.98971,0.08135,0.01131,0.00092,-0.99662,-0.22186,-0.00240,-0.01768,0.97492,0.08106,0.03862,0.00314,-0.99596,-0.22202,-0.02975,-0.01600,0.97446,0.00000,0.00000,1.00,1.00
5812,Fixation,5812,0.00,0.00,0.14149,-0.00756,0.01889,-0.98973,0.08146,0.01142,0.00093,-0.99661,-0.22186,-0.00236,-0.01752,0.97492,0.08118,0.03873,0.00316,-0.99594,-0.22202,-0.02971,-0.01584,0.97446,0.00000,0.00000,1.00,1.00
5823,Fixation,5823,0.00,0.00,0.14128,-0.00758,0.01869,-0.98976,0.08168,0.01138,0.00093,-0.99659,-0.22186,-0.00232,-0.01732,0.97492,0.08141,0.03869,0.00316,-0.99592,-0.22203,-0.02967,-0.01566,0.97446,0.00000,0.00000,1.00,1.00
5835,Fixation,5835,0.00,0.00,0.14105,-0.00761,0.01863,-0.98980,0.08269,0.01084,0.00090,-0.99652,-0.22261,-0.00173,-0.01730,0.97475,0.08243,0.03815,0.00316,-0.99586,-0.22279,-0.02910,-0.01567,0.97431,0.00000,0.00000,1.00,1.00
5845,Fixation,5845,0.00,0.00,0.14081,-0.00751,0.01857,-0.98983,0.08294,0.01073,0.00089,-0.99650,-0.22261,-0.00172,-0.01725,0.97475,0.08268,0.03805,0.00316,-0.99584,-0.22280,-0.02909,-0.01564,0.97431,0.00000,0.00000,1.00,1.00
5857,Fixation,5857,0.00,0.00,0.14062,-0.00742,0.01862,-0.98986,0.08313,0.01066,0.00089,-0.99648,-0.22261,-0.00173,-0.01732,0.97475,0.08287,0.03798,0.00316,-0.99583,-0.22279,-0.02911,-0.01571,0.97430,0.00000,0.00000,1.00,1.00
5869,Fixation,5869,0.00,0.00,0.14046,-0.00725,0.01859,-0.98989,0.08291,0.01019,0.00085,-0.99650,-0.22224,-0.00144,-0.01733,0.97484,0.08265,0.03751,0.00311,-0.99587,-0.22241,-0.02881,-0.01573,0.97440,0.00000,0.00000,1.00,1.00
5879,Fixation,5879,0.00,0.00,0.14023,-0.00704,0.01859,-0.98992,0.08314,0.00999,0.00083,-0.99649,-0.22224,-0.00145,-0.01736,0.97484,0.08288,0.03731,0.00311,-0.99586,-0.22241,-0.02882,-0.01577,0.97440,0.00000,0.00000,1.00,1.00
5890,Fixation,5890,0.00,0.00,0.14010,-0.00701,0.01858,-0.98994,0.08328,0.00996,0.00083,-0.99648,-0.22224,-0.00144,-0.01736,0.97484,0.08302,0.03728,0.00311,-0.99585,-0.22241,-0.02882,-0.01578,0.97440,0.00000,0.00000,1.00,1.00
5902,Fixation,5902,0.00,0.00,0.14014,-0.00698,0.01864,-0.98993,0.08269,0.01075,0.00089,-0.99652,-0.22171,-0.00227,-0.01737,0.97495,0.08241,0.03806,0.00315,-0.99587,-0.22187,-0.02964,-0.01577,0.97450,0.00000,0.00000,1.00,1.00
5912,Fixation,5912,0.00,0.00,0.14011,-0.00695,0.01861,-0.98994,0.08272,0.01071,0.00089,-0.99651,-0.22171,-0.00226,-0.01734,0.97496,0.08245,0.03803,0.00315,-0.99586,-0.22187,-0.02963,-0.01574,0.97450,0.00000,0.00000,1.00,1.00
5923,Fixation,5923,0.00,0.00,0.14019,-0.00702,0.01852,-0.98993,0.08264,0.01075,0.00089,-0.99652,-0.22171,-0.00224,-0.01725,0.97496,0.08237,0.03807,0.00315,-0.99587,-0.22188,-0.02961,-0.01564,0.97450,0.00000,0.00000,1.00,1.00
5936,Fixation,5936,0.00,0.00,0.14028,-0.00714,0.01846,-0.98991,0.08382,0.01104,0.00093,-0.99642,-0.22296,-0.00240,-0.01717,0.97467,0.08355,0.03837,0.00322,-0.99576,-0.22312,-0.02978,-0.01559,0.97421,0.00000,0.00000,1.00,1.00
5946,Fixation,5946,0.00,0.00,0.14026,-0.00725,0.01842,-0.98992,0.08384,0.01114,0.00094,-0.99642,-0.22296,-0.00239,-0.01712,0.97467,0.08357,0.03846,0.00323,-0.99575,-0.22312,-0.02977,-0.01554,0.97421,0.00000,0.00000,1.00,1.00
5957,Fixation,5957,0.00,0.00,0.14034,-0.00742,0.01844,-0.98990,0.08376,0.01130,0.00095,-0.99642,-0.22296,-0.00239,-0.01711,0.97467,0.08349,0.03863,0.00324,-0.99575,-0.22312,-0.02976,-0.01553,0.97421,0.00000,0.00000,1.00,1.00
5969,Fixation,5969,0.00,0.00,0.14048,-0.00758,0.01852,-0.98988,0.08501,0.01144,0.00098,-0.99631,-0.22433,-0.00234,-0.01717,0.97436,0.08472,0.03877,0.00330,-0.99564,-0.22448,-0.02973,-0.01562,0.97390,0.00000,0.00000,1.00,1.00
5979,Fixation,5979,0.00,0.00,0.14089,-0.00776,0.01867,-0.98982,0.08459,0.01166,0.00099,-0.99635,-0.22433,-0.00236,-0.01728,0.97436,0.08430,0.03899,0.00330,-0.99567,-0.22448,-0.02975,-0.01571,0.97390,0.00000,0.00000,1.00,1.00
5991,Fixation,5991,0.00,0.00,0.14113,-0.00789,0.01857,-0.98979,0.08435,0.01174,0.00099,-0.99637,-0.22433,-0.00234,-0.01716,0.97436,0.08407,0.03907,0.00330,-0.99569,-0.22448,-0.02972,-0.01558,0.97390,0.00000,0.00000,1.00,1.00
6002,Fixation,6002,0.00,0.00,0.14131,-0.00807,0.01861,-0.98976,0.08436,0.01325,0.00112,-0.99635,-0.22455,-0.00366,-0.01710,0.97431,0.08406,0.04057,0.00342,-0.99563,-0.22468,-0.03104,-0.01550,0.97382,0.00000,0.00000,1.00,1.00
6013,Fixation,6013,0.00,0.00,0.14146,-0.00819,0.01851,-0.98974,0.08421,0.01333,0.00113,-0.99636,-0.22455,-0.00364,-0.01698,0.97431,0.08392,0.04065,0.00343,-0.99564,-0.22468,-0.03101,-0.01538,0.97382,0.00000,0.00000,1.00,1.00
6024,Fixation,6024,0.00,0.00,0.14153,-0.00834,0.01849,-0.98973,0.08414,0.01346,0.00114,-0.99636,-0.22455,-0.00362,-0.01694,0.97431,0.08385,0.04078,0.00343,-0.99564,-0.22468,-0.03100,-0.01533,0.97382,0.00000,0.00000,1.00,1.00
6036,Fixation,6036,0.00,0.00,0.14151,-0.00833,0.01849,-0.98973,0.08326,0.01315,0.00110,-0.99644,-0.22366,-0.00333,-0.01696,0.97451,0.08297,0.04046,0.00337,-0.99572,-0.22380,-0.03070,-0.01533,0.97403,0.00000,0.00000,1.00,1.00
6046,Fixation,6046,0.00,0.00,0.14145,-0.00843,0.01830,-0.98974,0.08332,0.01320,0.00110,-0.99643,-0.22366,-0.00329,-0.01676,0.97452,0.08304,0.04051,0.00338,-0.99572,-0.22380,-0.03065,-0.01514,0.97403,0.00000,0.00000,1.00,1.00
6058,Fixation,6058,0.00,0.00,0.14146,-0.00841,0.01825,-0.98974,0.08331,0.01316,0.00110,-0.99644,-0.22366,-0.00328,-0.01671,0.97452,0.08303,0.04047,0.00337,-0.99572,-0.22381,-0.03064,-0.01509,0.97404,0.00000,0.00000,1.00,1.00
6069,Fixation,6069,0.00,0.00,0.14148,-0.00847,0.01812,-0.98974,0.08340,0.01285,0.00108,-0.99643,-0.22375,-0.00291,-0.01659,0.97450,0.08312,0.04016,0.00335,-0.99572,-0.22390,-0.03028,-0.01497,0.97403,0.00000,0.00000,1.00,1.00
6079,Fixation,6079,0.00,0.00,0.14151,-0.00847,0.01799,-0.98974,0.08336,0.01281,0.00107,-0.99644,-0.22376,-0.00288,-0.01646,0.97450,0.08309,0.04012,0.00335,-0.99573,-0.22390,-0.03025,-0.01484,0.97403,0.00000,0.00000,1.00,1.00
6091,Fixation,6091,0.00,0.00,0.14169,-0.00854,0.01772,-0.98972,0.08319,0.01278,0.00107,-0.99645,-0.22376,-0.00282,-0.01619,0.97451,0.08293,0.04010,0.00334,-0.99574,-0.22391,-0.03019,-0.01456,0.97403,0.00000,0.00000,1.00,1.00
6103,Fixation,6103,0.00,0.00,0.14188,-0.00866,0.01757,-0.98969,0.08306,0.01127,0.00094,-0.99648,-0.22379,-0.00119,-0.01612,0.97450,0.08282,0.03858,0.00321,-0.99581,-0.22396,-0.02856,-0.01448,0.97407,0.00000,0.00000,1.00,1.00
6113,Fixation,6113,0.00,0.00,0.14195,-0.00875,0.01748,-0.98968,0.08299,0.01132,0.00094,-0.99649,-0.22379,-0.00117,-0.01602,0.97450,0.08276,0.03864,0.00321,-0.99582,-0.22396,-0.02854,-0.01438,0.97407,0.00000,0.00000,1.00,1.00
6124,Fixation,6124,0.00,0.00,0.14205,-0.00877,0.01747,-0.98967,0.08290,0.01134,0.00094,-0.99649,-0.22379,-0.00117,-0.01600,0.97450,0.08266,0.03865,0.00321,-0.99582,-0.22396,-0.02853,-0.01436,0.97407,0.00000,0.00000,1.00,1.00
6136,Fixation,6136,0.00,0.00,0.14193,-0.00880,0.01741,-0.98968,0.08376,0.00597,0.00050,-0.99647,-0.22444,0.00425,-0.01626,0.97434,0.08356,0.03331,0.00279,-0.99594,-0.22466,-0.02314,-0.01464,0.97405,0.00000,0.00000,1.00,1.00
6146,Fixation,6146,0.00,0.00,0.14188,-0.00879,0.01728,-0.98969,0.08382,0.00592,0.00050,-0.99646,-0.22444,0.00428,-0.01614,0.97435,0.08363,0.03326,0.00279,-0.99594,-0.22467,-0.02311,-0.01452,0.97405,0.00000,0.00000,1.00,1.00
6158,Fixation,6158,0.00,0.00,0.14172,-0.00880,0.01705,-0.98972,0.08398,0.00586,0.00049,-0.99645,-0.22443,0.00433,-0.01591,0.97435,0.08380,0.03320,0.00279,-0.99593,-0.22467,-0.02306,-0.01430,0.97406,0.00000,0.00000,1.00,1.00
6170,Fixation,6170,0.00,0.00,0.14185,-0.00881,0.01677,-0.98971,0.08400,0.00505,0.00043,-0.99645,-0.22457,0.00513,-0.01567,0.97432,0.08382,0.03239,0.00273,-0.99595,-0.22480,-0.02226,-0.01407,0.97405,0.00000,0.00000,1.00,1.00
6180,Fixation,6180,0.00,0.00,0.14198,-0.00883,0.01671,-0.98969,0.08387,0.00505,0.00042,-0.99646,-0.22457,0.00514,-0.01561,0.97432,0.08370,0.03239,0.00272,-0.99596,-0.22480,-0.02225,-0.01400,0.97405,0.00000,0.00000,1.00,1.00
6191,Fixation,6191,0.00,0.00,0.14190,-0.00886,0.01676,-0.98970,0.08394,0.00509,0.00043,-0.99646,-0.22457,0.00513,-0.01565,0.97432,0.08377,0.03243,0.00273,-0.99595,-0.22480,-0.02226,-0.01404,0.97405,0.00000,0.00000,1.00,1.00
6203,Fixation,6203,0.00,0.00,0.14187,-0.00888,0.01699,-0.98970,0.08753,0.00435,0.00038,-0.99615,-0.22802,0.00598,-0.01591,0.97351,0.08732,0.03171,0.00278,-0.99567,-0.22824,-0.02146,-0.01439,0.97326,0.00000,0.00000,1.00,1.00
6213,Fixation,6213,0.00,0.00,0.14177,-0.00881,0.01700,-0.98971,0.08762,0.00428,0.00038,-0.99614,-0.22802,0.00597,-0.01593,0.97351,0.08741,0.03165,0.00278,-0.99567,-0.22824,-0.02146,-0.01442,0.97326,0.00000,0.00000,1.00,1.00
6225,Fixation,6225,0.00,0.00,0.14174,-0.00868,0.01687,-0.98972,0.08766,0.00411,0.00036,-0.99614,-0.22802,0.00600,-0.01582,0.97351,0.08746,0.03148,0.00277,-0.99567,-0.22824,-0.02144,-0.01431,0.97326,0.00000,0.00000,1.00,1.00
6237,Fixation,6237,0.00,0.00,0.14172,-0.00850,0.01644,-0.98973,0.08764,0.00369,0.00032,-0.99615,-0.22798,0.00621,-0.01543,0.97352,0.08746,0.03106,0.00273,-0.99568,-0.22821,-0.02123,-0.01393,0.97328,0.00000,0.00000,1.00,1.00
6247,Fixation,6247,0.00,0.00,0.14162,-0.00842,0.01634,-0.98975,0.08774,0.00358,0.00032,-0.99614,-0.22798,0.00623,-0.01535,0.97352,0.08757,0.03095,0.00272,-0.99567,-0.22821,-0.02121,-0.01385,0.97328,0.00000,0.00000,1.00,1.00
6258,Fixation,6258,0.00,0.00,0.14140,-0.00830,0.01640,-0.98978,0.08797,0.00349,0.00031,-0.99612,-0.22798,0.00621,-0.01542,0.97352,0.08779,0.03087,0.00272,-0.99566,-0.22821,-0.02123,-0.01393,0.97328,0.00000,0.00000,1.00,1.00
6270,Fixation,6270,0.00,0.00,0.14124,-0.00825,0.01670,-0.98980,0.08804,0.00380,0.00034,-0.99611,-0.22790,0.00588,-0.01570,0.97354,0.08783,0.03118,0.00275,-0.99564,-0.22810,-0.02156,-0.01422,0.97329,0.00000,0.00000,1.00,1.00
6280,Fixation,6280,0.00,0.00,0.14115,-0.00820,0.01671,-0.98981,0.08813,0.00375,0.00033,-0.99610,-0.22790,0.00587,-0.01572,0.97354,0.08792,0.03113,0.00275,-0.99564,-0.22810,-0.02157,-0.01425,0.97329,0.00000,0.00000,1.00,1.00
6292,Fixation,6292,0.00,0.00,0.14109,-0.00809,0.01653,-0.98983,0.08819,0.00360,0.00032,-0.99610,-0.22790,0.00591,-0.01556,0.97354,0.08799,0.03097,0.00274,-0.99564,-0.22811,-0.02153,-0.01409,0.97330,0.00000,0.00000,1.00,1.00
6304,Fixation,6304,0.00,0.00,0.14096,-0.00799,0.01623,-0.98985,0.08744,0.00675,0.00059,-0.99615,-0.22709,0.00261,-0.01510,0.97375,0.08722,0.03411,0.00299,-0.99560,-0.22725,-0.02482,-0.01361,0.97342,0.00000,0.00000,1.00,1.00
6314,Fixation,6314,0.00,0.00,0.14070,-0.00785,0.01605,-0.98989,0.08771,0.00656,0.00058,-0.99612,-0.22709,0.00265,-0.01494,0.97376,0.08749,0.03393,0.00298,-0.99558,-0.22726,-0.02478,-0.01347,0.97343,0.00000,0.00000,1.00,1.00
6325,Fixation,6325,0.00,0.00,0.14035,-0.00765,0.01612,-0.98994,0.08806,0.00640,0.00057,-0.99609,-0.22709,0.00263,-0.01505,0.97375,0.08784,0.03376,0.00298,-0.99556,-0.22725,-0.02481,-0.01359,0.97343,0.00000,0.00000,1.00,1.00
6337,Fixation,6337,0.00,0.00,0.14007,-0.00742,0.01631,-0.98998,0.08734,0.01031,0.00090,-0.99612,-0.22617,-0.00151,-0.01505,0.97397,0.08705,0.03765,0.00329,-0.99549,-0.22626,-0.02893,-0.01358,0.97354,0.00000,0.00000,1.00,1.00
6347,Fixation,6347,0.00,0.00,0.13970,-0.00715,0.01634,-0.99003,0.08772,0.01006,0.00089,-0.99609,-0.22617,-0.00153,-0.01512,0.97397,0.08743,0.03741,0.00329,-0.99546,-0.22625,-0.02895,-0.01366,0.97354,0.00000,0.00000,1.00,1.00
6359,Fixation,6359,0.00,0.00,0.13930,-0.00677,0.01618,-0.99009,0.08812,0.00965,0.00085,-0.99606,-0.22617,-0.00151,-0.01502,0.97397,0.08784,0.03701,0.00327,-0.99544,-0.22625,-0.02894,-0.01359,0.97354,0.00000,0.00000,1.00,1.00
6370,Fixation,6370,0.00,0.00,0.13913,-0.00647,0.01599,-0.99012,0.08762,0.00977,0.00086,-0.99611,-0.22551,-0.00195,-0.01485,0.97413,0.08734,0.03712,0.00326,-0.99548,-0.22559,-0.02937,-0.01341,0.97369,0.00000,0.00000,1.00,1.00
6381,Fixation,6381,0.00,0.00,0.13903,-0.00621,0.01578,-0.99014,0.08773,0.00946,0.00083,-0.99610,-0.22551,-0.00191,-0.01469,0.97413,0.08745,0.03681,0.00323,-0.99548,-0.22560,-0.02933,-0.01325,0.97369,0.00000,0.00000,1.00,1.00
6392,Fixation,6392,0.00,0.00,0.13877,-0.00590,0.01578,-0.99018,0.08800,0.00916,0.00081,-0.99608,-0.22551,-0.00192,-0.01473,0.97413,0.08772,0.03652,0.00322,-0.99547,-0.22560,-0.02935,-0.01331,0.97369,0.00000,0.00000,1.00,1.00
6404,Fixation,6404,0.00,0.00,0.13839,-0.00563,0.01591,-0.99023,0.08757,0.00939,0.00083,-0.99611,-0.22471,-0.00241,-0.01487,0.97431,0.08728,0.03674,0.00322,-0.99550,-0.22480,-0.02983,-0.01345,0.97386,0.00000,0.00000,1.00,1.00
6414,Fixation,6414,0.00,0.00,0.13815,-0.00519,0.01579,-0.99027,0.08781,0.00893,0.00079,-0.99610,-0.22471,-0.00240,-0.01482,0.97431,0.08753,0.03629,0.00319,-0.99550,-0.22480,-0.02982,-0.01341,0.97386,0.00000,0.00000,1.00,1.00
6426,Fixation,6426,0.00,0.00,0.13800,-0.00479,0.01562,-0.99030,0.08797,0.00849,0.00075,-0.99609,-0.22471,-0.00237,-0.01471,0.97431,0.08770,0.03585,0.00316,-0.99550,-0.22480,-0.02980,-0.01331,0.97386,0.00000,0.00000,1.00,1.00
6437,Fixation,6437,0.00,0.00,0.13791,-0.00433,0.01529,-0.99032,0.08758,0.00884,0.00078,-0.99612,-0.22424,-0.00320,-0.01440,0.97442,0.08731,0.03619,0.00317,-0.99552,-0.22433,-0.03063,-0.01300,0.97395,0.00000,0.00000,1.00,1.00
6447,Fixation,6447,0.00,0.00,0.13791,-0.00405,0.01510,-0.99032,0.08759,0.00851,0.00075,-0.99612,-0.22424,-0.00317,-0.01425,0.97442,0.08733,0.03586,0.00315,-0.99553,-0.22433,-0.03059,-0.01285,0.97395,0.00000,0.00000,1.00,1.00
6459,Fixation,6459,0.00,0.00,0.13789,-0.00372,0.01500,-0.99033,0.08761,0.00815,0.00072,-0.99612,-0.22425,-0.00316,-0.01420,0.97442,0.08736,0.03551,0.00312,-0.99554,-0.22434,-0.03058,-0.01280,0.97395,0.00000,0.00000,1.00,1.00
6470,Fixation,6470,0.00,0.00,0.13781,-0.00346,0.01513,-0.99034,0.08708,0.00906,0.00079,-0.99616,-0.22365,-0.00432,-0.01431,0.97455,0.08680,0.03641,0.00317,-0.99555,-0.22372,-0.03174,-0.01289,0.97405,0.00000,0.00000,1.00,1.00
6481,Fixation,6481,0.00,0.00,0.13766,-0.00318,0.01523,-0.99036,0.08722,0.00883,0.00077,-0.99615,-0.22365,-0.00435,-0.01444,0.97455,0.08695,0.03618,0.00316,-0.99555,-0.22372,-0.03177,-0.01303,0.97405,0.00000,0.00000,1.00,1.00
6493,Fixation,6493,0.00,0.00,0.13761,-0.00291,0.01528,-0.99036,0.08728,0.00858,0.00075,-0.99615,-0.22365,-0.00437,-0.01453,0.97455,0.08700,0.03593,0.00314,-0.99556,-0.22371,-0.03179,-0.01312,0.97405,0.00000,0.00000,1.00,1.00
6504,Fixation,6504,0.00,0.00,0.13764,-0.00266,0.01512,-0.99036,0.08718,0.00820,0.00072,-0.99616,-0.22358,-0.00425,-0.01441,0.97457,0.08691,0.03555,0.00310,-0.99558,-0.22365,-0.03167,-0.01300,0.97407,0.00000,0.00000,1.00,1.00
6514,Fixation,6514,0.00,0.00,0.13786,-0.00241,0.01508,-0.99033,0.08696,0.00795,0.00069,-0.99618,-0.22358,-0.00425,-0.01440,0.97457,0.08669,0.03530,0.00307,-0.99560,-0.22365,-0.03167,-0.01298,0.97407,0.00000,0.00000,1.00,1.00
6526,Fixation,6526,0.00,0.00,0.13814,-0.00229,0.01510,-0.99030,0.08669,0.00782,0.00068,-0.99620,-0.22358,-0.00426,-0.01444,0.97457,0.08642,0.03517,0.00305,-0.99563,-0.22365,-0.03167,-0.01300,0.97407,0.00000,0.00000,1.00,1.00
6537,Fixation,6537,0.00,0.00,0.13832,-0.00213,0.01511,-0.99027,0.08862,0.00772,0.00069,-0.99604,-0.22565,-0.00428,-0.01447,0.97409,0.08835,0.03509,0.00311,-0.99547,-0.22572,-0.03172,-0.01308,0.97359,0.00000,0.00000,1.00,1.00
6548,Fixation,6548,0.00,0.00,0.13854,-0.00197,0.01518,-0.99024,0.08841,0.00759,0.00067,-0.99606,-0.22565,-0.00431,-0.01456,0.97409,0.08813,0.03495,0.00309,-0.99549,-0.22572,-0.03174,-0.01316,0.97359,0.00000,0.00000,1.00,1.00
6559,Fixation,6559,0.00,0.00,0.13869,-0.00181,0.01505,-0.99022,0.08825,0.00740,0.00066,-0.99607,-0.22565,-0.00428,-0.01445,0.97409,0.08798,0.03476,0.00307,-0.99551,-0.22572,-0.03172,-0.01304,0.97359,0.00000,0.00000,1.00,1.00
6570,Fixation,6570,0.00,0.00,0.13900,-0.00172,0.01489,-0.99018,0.08827,0.00482,0.00043,-0.99609,-0.22592,-0.00181,-0.01443,0.97404,0.08804,0.03219,0.00285,-0.99559,-0.22605,-0.02925,-0.01301,0.97359,0.00000,0.00000,1.00,1.00
6581,Fixation,6581,0.00,0.00,0.13936,-0.00144,0.01459,-0.99013,0.08791,0.00445,0.00039,-0.99612,-0.22592,-0.00175,-0.01417,0.97404,0.08771,0.03182,0.00280,-0.99563,-0.22606,-0.02919,-0.01274,0.97359,0.00000,0.00000,1.00,1.00
6593,Fixation,6593,0.00,0.00,0.13978,-0.00121,0.01433,-0.99008,0.08749,0.00415,0.00036,-0.99616,-0.22592,-0.00170,-0.01395,0.97404,0.08730,0.03151,0.00276,-0.99568,-0.22606,-0.02913,-0.01249,0.97360,0.00000,0.00000,1.00,1.00
6604,Fixation,6604,0.00,0.00,0.14006,-0.00093,0.01432,-0.99004,0.08655,0.00351,0.00030,-0.99624,-0.22528,-0.00135,-0.01399,0.97419,0.08637,0.03087,0.00268,-0.99578,-0.22542,-0.02878,-0.01250,0.97376,0.00000,0.00000,1.00,1.00
6614,Fixation,6614,0.00,0.00,0.14031,-0.00070,0.01436,-0.99000,0.08630,0.00330,0.00029,-0.99626,-0.22528,-0.00137,-0.01407,0.97419,0.08611,0.03066,0.00265,-0.99581,-0.22542,-0.02879,-0.01256,0.97376,0.00000,0.00000,1.00,1.00
6626,Fixation,6626,0.00,0.00,0.14046,-0.00045,0.01437,-0.98998,0.08616,0.00306,0.00026,-0.99628,-0.22528,-0.00138,-0.01411,0.97419,0.08597,0.03042,0.00263,-0.99583,-0.22542,-0.02880,-0.01260,0.97375,0.00000,0.00000,1.00,1.00
6637,Fixation,6637,0.00,0.00,0.14052,-0.00019,0.01418,-0.98998,0.08587,0.00348,0.00030,-0.99630,-0.22506,-0.00209,-0.01392,0.97424,0.08568,0.03084,0.00265,-0.99584,-0.22519,-0.02950,-0.01240,0.97379,0.00000,0.00000,1.00,1.00
6648,Fixation,6648,0.00,0.00,0.14058,-0.00002,0.01427,-0.98997,0.08581,0.00335,0.00029,-0.99631,-0.22506,-0.00211,-0.01403,0.97424,0.08561,0.03070,0.00264,-0.99585,-0.22518,-0.02952,-0.01250,0.97379,0.00000,0.00000,1.00,1.00
6660,Fixation,6660,0.00,0.00,0.14061,0.00016,0.01468,-0.98996,0.08578,0.00330,0.00028,-0.99631,-0.22506,-0.00221,-0.01445,0.97424,0.08555,0.03065,0.00263,-0.99586,-0.22517,-0.02962,-0.01293,0.97378,0.00000,0.00000,1.00,1.00
6671,Fixation,6671,0.00,0.00,0.14054,0.00030,0.01524,-0.98996,0.08667,0.00193,0.00017,-0.99624,-0.22584,-0.00091,-0.01510,0.97405,0.08642,0.02929,0.00254,-0.99582,-0.22596,-0.02834,-0.01360,0.97363,0.00000,0.00000,1.00,1.00
6681,Fixation,6681,0.00,0.00,0.14035,0.00058,0.01531,-0.98998,0.08687,0.00168,0.00015,-0.99622,-0.22584,-0.00093,-0.01521,0.97404,0.08662,0.02905,0.00253,-0.99581,-0.22596,-0.02837,-0.01372,0.97363,0.00000,0.00000,1.00,1.00
6693,Fixation,6693,0.00,0.00,0.14034,0.00080,0.01521,-0.98999,0.08688,0.00144,0.00013,-0.99622,-0.22584,-0.00092,-0.01515,0.97405,0.08664,0.02880,0.00251,-0.99582,-0.22596,-0.02835,-0.01366,0.97363,0.00000,0.00000,1.00,1.00
6704,Fixation,6704,0.00,0.00,0.14043,0.00110,0.01468,-0.98998,0.08646,0.00081,0.00007,-0.99625,-0.22551,-0.00064,-0.01467,0.97413,0.08628,0.02818,0.00244,-0.99587,-0.22567,-0.02807,-0.01317,0.97371,0.00000,0.00000,1.00,1.00
6715,Fixation,6715,0.00,0.00,0.14040,0.00128,0.01413,-0.98999,0.08650,0.00046,0.00004,-0.99625,-0.22551,-0.00052,-0.01416,0.97414,0.08634,0.02783,0.00241,-0.99587,-0.22569,-0.02795,-0.01266,0.97372,0.00000,0.00000,1.00,1.00
6727,Fixation,6727,0.00,0.00,0.14034,0.00151,0.01360,-0.99001,0.08656,0.00008,0.00001,-0.99625,-0.22551,-0.00040,-0.01367,0.97415,0.08643,0.02745,0.00238,-0.99588,-0.22570,-0.02783,-0.01218,0.97372,0.00000,0.00000,1.00,1.00
6737,Fixation,6737,0.00,0.00,0.14029,0.00166,0.01346,-0.99002,0.08546,-0.00546,-0.00047,-0.99633,-0.22431,0.00497,-0.01385,0.97441,0.08542,0.02191,0.00188,-0.99610,-0.22460,-0.02246,-0.01233,0.97411,0.00000,0.00000,1.00,1.00
6748,Fixation,6748,0.00,0.00,0.14014,0.00182,0.01331,-0.99004,0.08562,-0.00565,-0.00049,-0.99631,-0.22431,0.00500,-0.01373,0.97441,0.08558,0.02172,0.00187,-0.99609,-0.22460,-0.02243,-0.01222,0.97412,0.00000,0.00000,1.00,1.00
6760,Fixation,6760,0.00,0.00,0.14009,0.00205,0.01301,-0.99005,0.08566,-0.00598,-0.00051,-0.99631,-0.22431,0.00506,-0.01346,0.97441,0.08564,0.02140,0.00184,-0.99609,-0.22461,-0.02237,-0.01196,0.97412,0.00000,0.00000,1.00,1.00
6771,Fixation,6771,0.00,0.00,0.14012,0.00210,0.01288,-0.99005,0.08555,-0.00521,-0.00045,-0.99632,-0.22423,0.00424,-0.01330,0.97444,0.08549,0.02216,0.00190,-0.99609,-0.22449,-0.02319,-0.01179,0.97413,0.00000,0.00000,1.00,1.00
6781,Fixation,6781,0.00,0.00,0.14022,0.00210,0.01265,-0.99004,0.08544,-0.00529,-0.00045,-0.99633,-0.22423,0.00429,-0.01307,0.97444,0.08540,0.02209,0.00189,-0.99610,-0.22450,-0.02314,-0.01156,0.97413,0.00000,0.00000,1.00,1.00
6793,Fixation,6793,0.00,0.00,0.14024,0.00195,0.01229,-0.99004,0.08542,-0.00526,-0.00045,-0.99633,-0.22423,0.00437,-0.01270,0.97444,0.08539,0.02211,0.00190,-0.99610,-0.22451,-0.02305,-0.01118,0.97414,0.00000,0.00000,1.00,1.00
6804,Fixation,6804,0.00,0.00,0.14008,0.00193,0.01171,-0.99007,0.08517,-0.00474,-0.00041,-0.99635,-0.22384,0.00382,-0.01210,0.97454,0.08515,0.02263,0.00193,-0.99611,-0.22410,-0.02360,-0.01058,0.97422,0.00000,0.00000,1.00,1.00
6815,Fixation,6815,0.00,0.00,0.13988,0.00189,0.01151,-0.99010,0.08538,-0.00476,-0.00041,-0.99634,-0.22384,0.00387,-0.01189,0.97454,0.08536,0.02261,0.00194,-0.99609,-0.22410,-0.02356,-0.01038,0.97423,0.00000,0.00000,1.00,1.00
6827,Fixation,6827,0.00,0.00,0.13980,0.00188,0.01146,-0.99011,0.08545,-0.00477,-0.00041,-0.99633,-0.22384,0.00388,-0.01184,0.97455,0.08544,0.02260,0.00194,-0.99609,-0.22411,-0.02355,-0.01033,0.97423,0.00000,0.00000,1.00,1.00
6838,Fixation,6838,0.00,0.00,0.13987,0.00183,0.01151,-0.99010,0.08528,-0.00621,-0.00053,-0.99634,-0.22373,0.00538,-0.01196,0.97456,0.08524,0.02116,0.00181,-0.99613,-0.22397,-0.02205,-0.01045,0.97429,0.00000,0.00000,1.00,1.00
6848,Fixation,6848,0.00,0.00,0.13981,0.00177,0.01172,-0.99011,0.08535,-0.00608,-0.00052,-0.99633,-0.22373,0.00533,-0.01216,0.97456,0.08530,0.02129,0.00182,-0.99613,-0.22397,-0.02209,-0.01065,0.97429,0.00000,0.00000,1.00,1.00
6860,Fixation,6860,0.00,0.00,0.13961,0.00169,0.01186,-0.99013,0.08555,-0.00596,-0.00051,-0.99632,-0.22373,0.00530,-0.01229,0.97456,0.08549,0.02141,0.00184,-0.99611,-0.22396,-0.02213,-0.01079,0.97429,0.00000,0.00000,1.00,1.00
6871,Fixation,6871,0.00,0.00,0.13932,0.00147,0.01208,-0.99017,0.08546,-0.00556,-0.00048,-0.99633,-0.22336,0.00514,-0.01247,0.97464,0.08535,0.02181,0.00187,-0.99611,-0.22355,-0.02229,-0.01097,0.97438,0.00000,0.00000,1.00,1.00
6882,Fixation,6882,0.00,0.00,0.13909,0.00139,0.01173,-0.99021,0.08568,-0.00559,-0.00048,-0.99631,-0.22335,0.00522,-0.01211,0.97465,0.08560,0.02178,0.00187,-0.99609,-0.22356,-0.02221,-0.01063,0.97438,0.00000,0.00000,1.00,1.00
6894,Fixation,6894,0.00,0.00,0.13888,0.00126,0.01131,-0.99024,0.08589,-0.00559,-0.00048,-0.99629,-0.22335,0.00533,-0.01167,0.97465,0.08583,0.02178,0.00188,-0.99607,-0.22357,-0.02211,-0.01020,0.97438,0.00000,0.00000,1.00,1.00
6905,Fixation,6905,0.00,0.00,0.13862,0.00122,0.01108,-0.99028,0.08578,-0.00571,-0.00049,-0.99630,-0.22299,0.00546,-0.01145,0.97474,0.08574,0.02166,0.00186,-0.99608,-0.22321,-0.02197,-0.00999,0.97447,0.00000,0.00000,1.00,1.00
6915,Fixation,6915,0.00,0.00,0.13849,0.00116,0.01097,-0.99030,0.08591,-0.00570,-0.00049,-0.99629,-0.22299,0.00549,-0.01133,0.97474,0.08587,0.02168,0.00187,-0.99607,-0.22322,-0.02195,-0.00987,0.97447,0.00000,0.00000,1.00,1.00
6927,Fixation,6927,0.00,0.00,0.13842,0.00124,0.01081,-0.99031,0.08598,-0.00581,-0.00050,-0.99628,-0.22299,0.00553,-0.01118,0.97474,0.08595,0.02156,0.00186,-0.99606,-0.22322,-0.02191,-0.00973,0.97447,0.00000,0.00000,1.00,1.00
6938,Fixation,6938,0.00,0.00,0.13829,0.00134,0.01070,-0.99033,0.08684,-0.00481,-0.00042,-0.99621,-0.22371,0.00441,-0.01103,0.97458,0.08677,0.02257,0.00197,-0.99597,-0.22390,-0.02303,-0.00960,0.97429,0.00000,0.00000,1.00,1.00
6949,Fixation,6949,0.00,0.00,0.13808,0.00145,0.01040,-0.99037,0.08705,-0.00500,-0.00044,-0.99619,-0.22371,0.00448,-0.01075,0.97459,0.08700,0.02238,0.00195,-0.99596,-0.22391,-0.02297,-0.00933,0.97429,0.00000,0.00000,1.00,1.00
6960,Fixation,6960,0.00,0.00,0.13799,0.00153,0.01009,-0.99038,0.08713,-0.00518,-0.00045,-0.99618,-0.22371,0.00455,-0.01045,0.97459,0.08710,0.02221,0.00194,-0.99595,-0.22392,-0.02290,-0.00904,0.97430,0.00000,0.00000,1.00,1.00
6971,Fixation,6971,0.00,0.00,0.13783,0.00154,0.00982,-0.99041,0.08681,-0.00515,-0.00045,-0.99621,-0.22324,0.00448,-0.01018,0.97470,0.08677,0.02223,0.00194,-0.99598,-0.22342,-0.02297,-0.00877,0.97441,0.00000,0.00000,1.00,1.00
6982,Fixation,6982,0.00,0.00,0.13780,0.00150,0.00969,-0.99041,0.08684,-0.00515,-0.00045,-0.99621,-0.22323,0.00451,-0.01005,0.97470,0.08680,0.02223,0.00194,-0.99598,-0.22343,-0.02293,-0.00864,0.97441,0.00000,0.00000,1.00,1.00
6994,Fixation,6994,0.00,0.00,0.13775,0.00132,0.00971,-0.99042,0.08688,-0.00497,-0.00043,-0.99621,-0.22323,0.00451,-0.01005,0.97470,0.08684,0.02241,0.00195,-0.99597,-0.22343,-0.02293,-0.00864,0.97441,0.00000,0.00000,1.00,1.00
7004,Fixation,7004,0.00,0.00,0.13748,0.00110,0.00972,-0.99046,0.08749,-0.00445,-0.00039,-0.99616,-0.22356,0.00422,-0.01001,0.97463,0.08742,0.02293,0.00201,-0.99591,-0.22372,-0.02323,-0.00862,0.97434,0.00000,0.00000,1.00,1.00
7015,Fixation,7015,0.00,0.00,0.13714,0.00077,0.00963,-0.99050,0.08782,-0.00416,-0.00037,-0.99613,-0.22356,0.00425,-0.00987,0.97463,0.08776,0.02323,0.00205,-0.99587,-0.22372,-0.02321,-0.00850,0.97434,0.00000,0.00000,1.00,1.00
7027,Fixation,7027,0.00,0.00,0.13705,0.00047,0.00943,-0.99052,0.08791,-0.00393,-0.00035,-0.99612,-0.22356,0.00431,-0.00963,0.97463,0.08786,0.02345,0.00207,-0.99585,-0.22373,-0.02315,-0.00826,0.97434,0.00000,0.00000,1.00,1.00
7038,Fixation,7038,0.00,0.00,0.13712,0.00013,0.00924,-0.99051,0.08607,-0.00479,-0.00041,-0.99628,-0.22182,0.00547,-0.00946,0.97503,0.08602,0.02258,0.00195,-0.99604,-0.22198,-0.02197,-0.00805,0.97477,0.00000,0.00000,1.00,1.00
7049,Fixation,7049,0.00,0.00,0.13716,-0.00019,0.00922,-0.99051,0.08603,-0.00449,-0.00039,-0.99628,-0.22182,0.00548,-0.00940,0.97503,0.08598,0.02289,0.00198,-0.99603,-0.22199,-0.02196,-0.00798,0.97477,0.00000,0.00000,1.00,1.00
7061,Fixation,7061,0.00,0.00,0.13730,-0.00055,0.00941,-0.99048,0.08588,-0.00408,-0.00035,-0.99630,-0.22182,0.00545,-0.00954,0.97503,0.08582,0.02330,0.00201,-0.99604,-0.22198,-0.02199,-0.00812,0.97477,0.00000,0.00000,1.00,1.00
7072,Fixation,7072,0.00,0.00,0.13733,-0.00084,0.00951,-0.99048,0.08713,-0.00575,-0.00050,-0.99618,-0.22305,0.00743,-0.00969,0.97473,0.08706,0.02164,0.00189,-0.99597,-0.22322,-0.02002,-0.00830,0.97453,0.00000,0.00000,1.00,1.00
7082,Fixation,7082,0.00,0.00,0.13751,-0.00108,0.00949,-0.99045,0.08695,-0.00553,-0.00048,-0.99620,-0.22305,0.00744,-0.00964,0.97473,0.08688,0.02185,0.00191,-0.99598,-0.22322,-0.02001,-0.00824,0.97453,0.00000,0.00000,1.00,1.00
7094,Fixation,7094,0.00,0.00,0.13752,-0.00143,0.00934,-0.99045,0.08693,-0.00524,-0.00046,-0.99620,-0.22305,0.00749,-0.00944,0.97473,0.08687,0.02214,0.00193,-0.99597,-0.22322,-0.01996,-0.00804,0.97453,0.00000,0.00000,1.00,1.00
7105,Fixation,7105,0.00,0.00,0.13736,-0.00172,0.00913,-0.99048,0.08631,-0.00582,-0.00050,-0.99625,-0.22228,0.00834,-0.00925,0.97490,0.08626,0.02156,0.00187,-0.99604,-0.22245,-0.01910,-0.00783,0.97472,0.00000,0.00000,1.00,1.00
7116,Fixation,7116,0.00,0.00,0.13709,-0.00208,0.00899,-0.99052,0.08658,-0.00552,-0.00048,-0.99623,-0.22228,0.00838,-0.00906,0.97491,0.08654,0.02186,0.00190,-0.99601,-0.22246,-0.01906,-0.00766,0.97473,0.00000,0.00000,1.00,1.00
7128,Fixation,7128,0.00,0.00,0.13686,-0.00232,0.00893,-0.99055,0.08681,-0.00531,-0.00046,-0.99621,-0.22228,0.00841,-0.00896,0.97491,0.08677,0.02207,0.00192,-0.99598,-0.22246,-0.01905,-0.00758,0.97473,0.00000,0.00000,1.00,1.00
7139,Fixation,7139,0.00,0.00,0.13665,-0.00257,0.00887,-0.99058,0.08704,-0.00338,-0.00030,-0.99620,-0.22232,0.00672,-0.00878,0.97491,0.08696,0.02400,0.00210,-0.99592,-0.22246,-0.02074,-0.00741,0.97469,0.00000,0.00000,1.00,1.00
7150,Fixation,7150,0.00,0.00,0.13626,-0.00272,0.00851,-0.99063,0.08743,-0.00334,-0.00029,-0.99617,-0.22232,0.00680,-0.00840,0.97491,0.08737,0.02405,0.00211,-0.99588,-0.22247,-0.02066,-0.00705,0.97470,0.00000,0.00000,1.00,1.00
7162,Fixation,7162,0.00,0.00,0.13583,-0.00287,0.00838,-0.99069,0.08786,-0.00323,-0.00028,-0.99613,-0.22232,0.00684,-0.00825,0.97492,0.08781,0.02416,0.00213,-0.99584,-0.22247,-0.02063,-0.00692,0.97470,0.00000,0.00000,1.00,1.00
7172,Fixation,7172,0.00,0.00,0.13558,-0.00306,0.00822,-0.99073,0.08769,-0.00278,-0.00024,-0.99614,-0.22191,0.00655,-0.00805,0.97501,0.08762,0.02461,0.00217,-0.99585,-0.22203,-0.02091,-0.00673,0.97479,0.00000,0.00000,1.00,1.00
7183,Fixation,7183,0.00,0.00,0.13558,-0.00324,0.00817,-0.99073,0.08769,-0.00261,-0.00023,-0.99614,-0.22191,0.00657,-0.00798,0.97501,0.08762,0.02477,0.00218,-0.99584,-0.22203,-0.02089,-0.00665,0.97479,0.00000,0.00000,1.00,1.00
7195,Fixation,7195,0.00,0.00,0.13557,-0.00342,0.00812,-0.99073,0.08770,-0.00246,-0.00022,-0.99614,-0.22191,0.00658,-0.00791,0.97501,0.08763,0.02493,0.00219,-0.99584,-0.22204,-0.02088,-0.00658,0.97479,0.00000,0.00000,1.00,1.00
7205,Fixation,7205,0.00,0.00,0.13537,-0.00372,0.00809,-0.99076,0.08757,-0.00023,-0.00002,-0.99616,-0.22160,0.00464,-0.00775,0.97509,0.08745,0.02715,0.00238,-0.99580,-0.22167,-0.02282,-0.00642,0.97483,0.00000,0.00000,1.00,1.00
7216,Fixation,7216,0.00,0.00,0.13496,-0.00397,0.00825,-0.99081,0.08797,0.00007,0.00001,-0.99612,-0.22161,0.00461,-0.00787,0.97509,0.08784,0.02745,0.00242,-0.99575,-0.22166,-0.02285,-0.00657,0.97483,0.00000,0.00000,1.00,1.00
7228,Fixation,7228,0.00,0.00,0.13446,-0.00426,0.00835,-0.99088,0.08848,0.00038,0.00003,-0.99608,-0.22161,0.00460,-0.00792,0.97509,0.08835,0.02777,0.00246,-0.99570,-0.22166,-0.02287,-0.00664,0.97483,0.00000,0.00000,1.00,1.00
7239,Fixation,7239,0.00,0.00,0.13411,-0.00470,0.00843,-0.99092,0.09105,0.00064,0.00006,-0.99585,-0.22379,0.00481,-0.00794,0.97459,0.09089,0.02804,0.00256,-0.99546,-0.22382,-0.02269,-0.00674,0.97434,0.00000,0.00000,1.00,1.00
7249,Fixation,7249,0.00,0.00,0.13384,-0.00508,0.00822,-0.99096,0.09132,0.00094,0.00009,-0.99582,-0.22379,0.00487,-0.00768,0.97460,0.09117,0.02835,0.00260,-0.99543,-0.22383,-0.02263,-0.00650,0.97435,0.00000,0.00000,1.00,1.00
7261,Fixation,7261,0.00,0.00,0.13373,-0.00563,0.00793,-0.99097,0.09143,0.00138,0.00013,-0.99581,-0.22378,0.00495,-0.00733,0.97460,0.09130,0.02879,0.00264,-0.99540,-0.22383,-0.02255,-0.00615,0.97435,0.00000,0.00000,1.00,1.00
7272,Fixation,7272,0.00,0.00,0.13360,-0.00613,0.00756,-0.99099,0.09068,0.00116,0.00011,-0.99588,-0.22293,0.00563,-0.00692,0.97479,0.09057,0.02856,0.00260,-0.99548,-0.22298,-0.02186,-0.00572,0.97456,0.00000,0.00000,1.00,1.00
7283,Fixation,7283,0.00,0.00,0.13339,-0.00683,0.00744,-0.99101,0.09089,0.00180,0.00016,-0.99586,-0.22293,0.00568,-0.00671,0.97480,0.09078,0.02920,0.00266,-0.99544,-0.22299,-0.02182,-0.00553,0.97456,0.00000,0.00000,1.00,1.00
7295,Fixation,7295,0.00,0.00,0.13325,-0.00745,0.00742,-0.99103,0.09102,0.00238,0.00022,-0.99585,-0.22292,0.00570,-0.00661,0.97480,0.09093,0.02979,0.00272,-0.99541,-0.22299,-0.02179,-0.00543,0.97456,0.00000,0.00000,1.00,1.00
7306,Fixation,7306,0.00,0.00,0.13336,-0.00807,0.00731,-0.99101,0.09018,0.00186,0.00017,-0.99592,-0.22220,0.00683,-0.00647,0.97496,0.09007,0.02926,0.00265,-0.99550,-0.22225,-0.02066,-0.00527,0.97476,0.17342,0.00000,1.00,1.00
7316,Fixation,7316,0.00,0.00,0.13347,-0.00860,0.00722,-0.99099,0.09006,0.00235,0.00021,-0.99593,-0.22220,0.00687,-0.00631,0.97496,0.08995,0.02974,0.00269,-0.99550,-0.22225,-0.02062,-0.00510,0.97476,0.17342,0.00000,1.00,1.00
7328,Fixation,7328,0.00,0.00,0.13360,-0.00927,0.00719,-0.99097,0.08992,0.00297,0.00027,-0.99594,-0.22220,0.00689,-0.00620,0.97496,0.08982,0.03037,0.00274,-0.99549,-0.22225,-0.02059,-0.00499,0.97476,0.17342,0.00000,1.00,1.00
7339,Fixation,7339,0.00,0.00,0.13365,-0.01004,0.00746,-0.99095,0.09312,-0.01027,-0.00096,-0.99560,-0.22525,0.02100,-0.00692,0.97405,0.09313,0.01717,0.00161,-0.99550,-0.22548,-0.00653,-0.00579,0.97421,0.17342,0.00000,1.00,1.00
7350,Fixation,7350,0.00,0.00,0.13357,-0.01080,0.00766,-0.99095,0.09320,-0.00947,-0.00089,-0.99560,-0.22525,0.02098,-0.00700,0.97405,0.09320,0.01796,0.00168,-0.99548,-0.22548,-0.00655,-0.00588,0.97421,0.09373,0.00000,1.00,1.00
7362,Fixation,7362,0.00,0.00,0.13354,-0.01154,0.00779,-0.99095,0.09322,-0.00873,-0.00082,-0.99561,-0.22525,0.02097,-0.00703,0.97405,0.09322,0.01871,0.00175,-0.99547,-0.22548,-0.00656,-0.00591,0.97421,0.09373,0.00000,1.00,1.00
7372,Fixation,7372,0.00,0.00,0.13345,-0.01227,0.00772,-0.99095,0.09332,-0.00980,-0.00092,-0.99559,-0.22525,0.02277,-0.00694,0.97401,0.09332,0.01764,0.00165,-0.99548,-0.22547,-0.00477,-0.00583,0.97422,0.02342,0.00000,1.00,1.00
7383,Fixation,7383,0.00,0.00,0.13347,-0.01290,0.00779,-0.99094,0.09329,-0.00917,-0.00086,-0.99560,-0.22525,0.02277,-0.00692,0.97401,0.09329,0.01827,0.00171,-0.99547,-0.22547,-0.00476,-0.00581,0.97422,0.02342,0.00000,1.00,1.00
7395,Fixation,7395,0.00,0.00,0.13357,-0.01350,0.00787,-0.99092,0.09319,-0.00856,-0.00080,-0.99561,-0.22525,0.02277,-0.00693,0.97401,0.09318,0.01887,0.00177,-0.99547,-0.22547,-0.00476,-0.00581,0.97422,0.02342,0.00000,1.00,1.00
7406,Fixation,7406,0.00,0.00,0.13372,-0.01408,0.00803,-0.99089,0.08526,0.00368,0.00031,-0.99635,-0.21774,0.01102,-0.00662,0.97592,0.08509,0.03104,0.00265,-0.99589,-0.21777,-0.01641,-0.00528,0.97585,0.00659,0.00000,1.00,1.00
7416,Fixation,7416,0.00,0.00,0.13392,-0.01471,0.00805,-0.99085,0.08505,0.00430,0.00037,-0.99637,-0.21774,0.01104,-0.00656,0.97592,0.08488,0.03166,0.00270,-0.99588,-0.21777,-0.01639,-0.00520,0.97585,0.00659,0.00000,1.00,1.00
7429,Fixation,7429,0.00,0.00,0.13403,-0.01529,0.00802,-0.99083,0.08494,0.00485,0.00041,-0.99637,-0.21774,0.01106,-0.00645,0.97592,0.08477,0.03221,0.00274,-0.99588,-0.21777,-0.01637,-0.00509,0.97585,0.00659,0.00000,1.00,1.00
7439,Fixation,7439,0.00,0.00,0.13400,-0.01580,0.00795,-0.99082,0.08507,0.00855,0.00073,-0.99634,-0.21788,0.00786,-0.00615,0.97592,0.08486,0.03589,0.00306,-0.99574,-0.21784,-0.01956,-0.00480,0.97578,0.00207,0.00000,1.00,1.00
7450,Fixation,7450,0.00,0.00,0.13401,-0.01633,0.00779,-0.99081,0.08505,0.00900,0.00077,-0.99634,-0.21788,0.00791,-0.00592,0.97593,0.08485,0.03635,0.00310,-0.99573,-0.21785,-0.01951,-0.00456,0.97578,0.00207,0.00000,1.00,1.00
7462,Fixation,7462,0.00,0.00,0.13405,-0.01694,0.00767,-0.99080,0.08502,0.00956,0.00082,-0.99633,-0.21788,0.00795,-0.00573,0.97593,0.08482,0.03690,0.00314,-0.99571,-0.21785,-0.01947,-0.00437,0.97578,0.00207,0.00000,1.00,1.00
7473,Fixation,7473,0.00,0.00,0.13428,-0.01760,0.00759,-0.99076,0.08813,0.00858,0.00076,-0.99607,-0.22115,0.00960,-0.00561,0.97518,0.08793,0.03595,0.00318,-0.99547,-0.22112,-0.01786,-0.00433,0.97507,0.00072,0.00000,1.00,1.00
7483,Fixation,7483,0.00,0.00,0.13450,-0.01835,0.00755,-0.99072,0.08790,0.00929,0.00082,-0.99609,-0.22115,0.00963,-0.00547,0.97518,0.08771,0.03665,0.00323,-0.99547,-0.22112,-0.01782,-0.00417,0.97507,0.00072,0.00000,1.00,1.00
7496,Fixation,7496,0.00,0.00,0.13461,-0.01913,0.00753,-0.99069,0.08778,0.01003,0.00088,-0.99609,-0.22115,0.00966,-0.00535,0.97518,0.08759,0.03740,0.00329,-0.99545,-0.22112,-0.01779,-0.00405,0.97508,0.00072,0.00000,1.00,1.00
7506,Fixation,7506,0.00,0.00,0.13436,-0.01995,0.00788,-0.99070,0.08898,0.00983,0.00088,-0.99598,-0.22207,0.01071,-0.00563,0.97496,0.08875,0.03720,0.00332,-0.99535,-0.22202,-0.01675,-0.00436,0.97489,0.00027,0.00000,1.00,1.00
7517,Fixation,7517,0.00,0.00,0.13404,-0.02069,0.00814,-0.99073,0.08929,0.01063,0.00095,-0.99595,-0.22207,0.01068,-0.00578,0.97496,0.08905,0.03800,0.00340,-0.99530,-0.22201,-0.01678,-0.00453,0.97489,0.00027,0.00000,1.00,1.00
7529,Fixation,7529,0.00,0.00,0.13370,-0.02132,0.00812,-0.99076,0.08963,0.01122,0.00101,-0.99591,-0.22207,0.01070,-0.00568,0.97496,0.08939,0.03860,0.00347,-0.99524,-0.22202,-0.01677,-0.00445,0.97489,0.00027,0.00000,1.00,1.00
7540,Fixation,7540,0.00,0.00,0.13351,-0.02194,0.00783,-0.99077,0.09000,0.00984,0.00089,-0.99589,-0.22223,0.01269,-0.00539,0.97490,0.08977,0.03722,0.00336,-0.99526,-0.22218,-0.01478,-0.00418,0.97488,0.00011,0.00000,1.00,1.00
7550,Fixation,7550,0.00,0.00,0.13333,-0.02259,0.00771,-0.99078,0.09018,0.01043,0.00094,-0.99587,-0.22222,0.01274,-0.00518,0.97490,0.08995,0.03781,0.00342,-0.99522,-0.22218,-0.01474,-0.00398,0.97489,0.00011,0.00000,1.00,1.00
7562,Fixation,7562,0.00,0.00,0.13320,-0.02325,0.00777,-0.99079,0.09030,0.01108,0.00101,-0.99585,-0.22222,0.01274,-0.00516,0.97490,0.09008,0.03846,0.00348,-0.99519,-0.22218,-0.01473,-0.00397,0.97489,0.00011,0.00000,1.00,1.00
7573,Fixation,7573,0.00,0.00,0.13301,-0.02383,0.00787,-0.99080,0.08825,0.01389,0.00123,-0.99600,-0.22005,0.01051,-0.00511,0.97542,0.08798,0.04124,0.00365,-0.99526,-0.21996,-0.01693,-0.00386,0.97536,0.00005,0.00000,1.00,1.00
7584,Fixation,7584,0.00,0.00,0.13298,-0.02440,0.00793,-0.99079,0.08827,0.01445,0.00128,-0.99599,-0.22005,0.01052,-0.00509,0.97542,0.08800,0.04180,0.00370,-0.99524,-0.21996,-0.01693,-0.00385,0.97536,0.00005,0.00000,1.00,1.00
7596,Fixation,7596,0.00,0.00,0.13317,-0.02474,0.00771,-0.99076,0.08809,0.01471,0.00130,-0.99600,-0.22005,0.01058,-0.00483,0.97542,0.08782,0.04206,0.00371,-0.99524,-0.21996,-0.01687,-0.00357,0.97536,0.00005,0.00000,1.00,1.00
7606,Fixation,7606,0.00,0.00,0.13332,-0.02517,0.00755,-0.99072,0.08744,0.01428,0.00125,-0.99607,-0.21957,0.01141,-0.00466,0.97552,0.08717,0.04162,0.00365,-0.99532,-0.21947,-0.01602,-0.00339,0.97548,0.00002,0.00000,1.00,1.00
7617,Fixation,7617,0.00,0.00,0.13314,-0.02553,0.00737,-0.99074,0.08762,0.01458,0.00128,-0.99605,-0.21957,0.01147,-0.00443,0.97552,0.08736,0.04192,0.00368,-0.99529,-0.21947,-0.01597,-0.00317,0.97548,0.00002,0.00000,1.00,1.00
7629,Fixation,7629,0.00,0.00,0.13282,-0.02588,0.00736,-0.99077,0.08794,0.01491,0.00132,-0.99601,-0.21957,0.01148,-0.00438,0.97552,0.08768,0.04226,0.00372,-0.99525,-0.21947,-0.01596,-0.00314,0.97548,0.00002,0.00000,1.00,1.00
7640,Fixation,7640,0.00,0.00,0.13242,-0.02619,0.00726,-0.99082,0.09104,0.02385,0.00218,-0.99556,-0.22227,0.00281,-0.00385,0.97497,0.09064,0.05118,0.00466,-0.99456,-0.22200,-0.02463,-0.00269,0.97473,0.00001,0.00000,1.00,1.00
7650,Fixation,7650,0.00,0.00,0.13216,-0.02651,0.00713,-0.99085,0.09131,0.02413,0.00221,-0.99553,-0.22227,0.00284,-0.00369,0.97497,0.09091,0.05146,0.00470,-0.99452,-0.22201,-0.02460,-0.00255,0.97473,0.00001,0.00000,1.00,1.00
7663,Fixation,7663,0.00,0.00,0.13201,-0.02681,0.00689,-0.99086,0.09146,0.02434,0.00224,-0.99551,-0.22227,0.00291,-0.00341,0.97497,0.09108,0.05167,0.00473,-0.99449,-0.22201,-0.02453,-0.00228,0.97473,0.00001,0.00000,1.00,1.00
7673,Fixation,7673,0.00,0.00,0.13194,-0.02718,0.00671,-0.99086,0.09111,0.02352,0.00215,-0.99556,-0.22185,0.00408,-0.00323,0.97507,0.09072,0.05085,0.00464,-0.99457,-0.22158,-0.02335,-0.00209,0.97486,0.00001,0.00000,1.00,1.00
7684,Fixation,7684,0.00,0.00,0.13222,-0.02757,0.00660,-0.99081,0.09083,0.02386,0.00218,-0.99558,-0.22185,0.00412,-0.00307,0.97507,0.09045,0.05119,0.00466,-0.99457,-0.22158,-0.02331,-0.00192,0.97486,0.00001,0.00000,1.00,1.00
7696,Fixation,7696,0.00,0.00,0.13267,-0.02803,0.00643,-0.99074,0.09038,0.02425,0.00220,-0.99561,-0.22185,0.00417,-0.00284,0.97507,0.09001,0.05157,0.00467,-0.99459,-0.22159,-0.02325,-0.00166,0.97486,0.00001,0.00000,1.00,1.00
7706,Fixation,7706,0.00,0.00,0.13323,-0.02855,0.00649,-0.99065,0.08856,0.02491,0.00222,-0.99576,-0.22062,0.00403,-0.00281,0.97535,0.08816,0.05222,0.00463,-0.99473,-0.22033,-0.02338,-0.00157,0.97514,0.00001,0.00000,1.00,1.00
7717,Fixation,7717,0.00,0.00,0.13366,-0.02910,0.00672,-0.99058,0.08812,0.02551,0.00226,-0.99578,-0.22062,0.00400,-0.00295,0.97535,0.08771,0.05281,0.00466,-0.99473,-0.22033,-0.02340,-0.00168,0.97514,0.00000,0.00000,1.00,1.00
7729,Fixation,7729,0.00,0.00,0.13401,-0.02964,0.00701,-0.99051,0.08776,0.02612,0.00230,-0.99580,-0.22062,0.00395,-0.00316,0.97535,0.08734,0.05342,0.00469,-0.99473,-0.22033,-0.02344,-0.00188,0.97514,0.00000,0.00000,1.00,1.00
7740,Fixation,7740,0.00,0.00,0.13425,-0.02996,0.00692,-0.99047,0.08792,0.02779,0.00245,-0.99574,-0.22103,0.00259,-0.00295,0.97526,0.08746,0.05508,0.00484,-0.99463,-0.22068,-0.02479,-0.00166,0.97503,0.00000,0.00000,1.00,1.00
7750,Fixation,7750,0.00,0.00,0.13440,-0.03038,0.00681,-0.99044,0.08777,0.02816,0.00248,-0.99574,-0.22103,0.00263,-0.00279,0.97526,0.08731,0.05544,0.00487,-0.99463,-0.22068,-0.02475,-0.00149,0.97503,0.00000,0.00000,1.00,1.00
7762,Fixation,7762,0.00,0.00,0.13444,-0.03062,0.00661,-0.99043,0.08774,0.02833,0.00250,-0.99574,-0.22103,0.00268,-0.00256,0.97526,0.08729,0.05561,0.00488,-0.99462,-0.22069,-0.02470,-0.00126,0.97503,0.00000,0.00000,1.00,1.00
7773,Fixation,7773,0.00,0.00,0.13441,-0.03080,0.00649,-0.99043,0.08900,0.02814,0.00252,-0.99563,-0.22224,0.00303,-0.00243,0.97499,0.08854,0.05543,0.00494,-0.99452,-0.22188,-0.02436,-0.00116,0.97477,0.00000,0.00000,1.00,1.00
7784,Fixation,7784,0.00,0.00,0.13449,-0.03095,0.00638,-0.99041,0.08893,0.02825,0.00252,-0.99563,-0.22224,0.00306,-0.00230,0.97499,0.08848,0.05554,0.00494,-0.99452,-0.22189,-0.02433,-0.00103,0.97477,0.00000,0.00000,1.00,1.00
7796,Fixation,7796,0.00,0.00,0.13455,-0.03104,0.00634,-0.99040,0.08886,0.02833,0.00253,-0.99564,-0.22224,0.00307,-0.00225,0.97499,0.08842,0.05562,0.00494,-0.99452,-0.22189,-0.02432,-0.00098,0.97477,0.00000,0.00000,1.00,1.00
7807,Fixation,7807,0.00,0.00,0.13465,-0.03112,0.00628,-0.99039,0.08931,0.02812,0.00252,-0.99560,-0.22276,0.00336,-0.00218,0.97486,0.08884,0.05541,0.00495,-0.99449,-0.22240,-0.02403,-0.00092,0.97466,0.00000,0.00000,1.00,1.00
7817,Fixation,7817,0.00,0.00,0.13456,-0.03105,0.00613,-0.99040,0.08940,0.02800,0.00251,-0.99560,-0.22276,0.00339,-0.00205,0.97486,0.08894,0.05529,0.00494,-0.99449,-0.22240,-0.02400,-0.00079,0.97466,0.00000,0.00000,1.00,1.00
7829,Fixation,7829,0.00,0.00,0.13458,-0.03093,0.00603,-0.99040,0.08939,0.02786,0.00250,-0.99560,-0.22276,0.00341,-0.00197,0.97486,0.08893,0.05515,0.00493,-0.99450,-0.22240,-0.02398,-0.00071,0.97466,0.00000,0.00000,1.00,1.00
7840,Fixation,7840,0.00,0.00,0.13450,-0.03082,0.00590,-0.99042,0.08975,0.02849,0.00257,-0.99555,-0.22303,0.00265,-0.00182,0.97481,0.08926,0.05577,0.00501,-0.99443,-0.22264,-0.02474,-0.00057,0.97459,0.00000,0.00000,1.00,1.00
7851,Fixation,7851,0.00,0.00,0.13444,-0.03034,0.00596,-0.99044,0.08980,0.02805,0.00253,-0.99556,-0.22303,0.00262,-0.00194,0.97481,0.08931,0.05534,0.00497,-0.99445,-0.22264,-0.02477,-0.00070,0.97459,0.00000,0.00000,1.00,1.00
7863,Fixation,7863,0.00,0.00,0.13453,-0.02989,0.00599,-0.99044,0.08972,0.02763,0.00249,-0.99558,-0.22303,0.00260,-0.00203,0.97481,0.08922,0.05491,0.00493,-0.99448,-0.22263,-0.02479,-0.00078,0.97459,0.00000,0.00000,1.00,1.00
7873,Fixation,7873,0.00,0.00,0.13478,-0.02942,0.00614,-0.99042,0.08980,0.02819,0.00254,-0.99556,-0.22337,0.00157,-0.00219,0.97473,0.08927,0.05548,0.00498,-0.99445,-0.22293,-0.02581,-0.00094,0.97449,0.00000,0.00000,1.00,1.00
7884,Fixation,7884,0.00,0.00,0.13486,-0.02899,0.00622,-0.99042,0.08972,0.02781,0.00251,-0.99558,-0.22337,0.00154,-0.00233,0.97473,0.08918,0.05509,0.00494,-0.99448,-0.22293,-0.02584,-0.00107,0.97449,0.00000,0.00000,1.00,1.00
7896,Fixation,7896,0.00,0.00,0.13491,-0.02847,0.00647,-0.99043,0.08967,0.02738,0.00247,-0.99559,-0.22337,0.00147,-0.00264,0.97473,0.08911,0.05466,0.00490,-0.99451,-0.22292,-0.02591,-0.00138,0.97449,0.00000,0.00000,1.00,1.00
7907,Fixation,7907,0.00,0.00,0.13490,-0.02802,0.00658,-0.99044,0.08987,0.02770,0.00250,-0.99557,-0.22356,0.00072,-0.00277,0.97469,0.08931,0.05498,0.00494,-0.99447,-0.22310,-0.02667,-0.00152,0.97443,0.00000,0.00000,1.00,1.00
7918,Fixation,7918,0.00,0.00,0.13484,-0.02748,0.00671,-0.99046,0.08992,0.02722,0.00246,-0.99557,-0.22356,0.00067,-0.00297,0.97469,0.08935,0.05450,0.00490,-0.99450,-0.22310,-0.02671,-0.00172,0.97443,0.00000,0.00000,1.00,1.00
7930,Fixation,7930,0.00,0.00,0.13463,-0.02699,0.00666,-0.99051,0.09014,0.02673,0.00242,-0.99557,-0.22356,0.00067,-0.00300,0.97469,0.08957,0.05402,0.00486,-0.99450,-0.22310,-0.02672,-0.00176,0.97443,0.00000,0.00000,1.00,1.00
7941,Fixation,7941,0.00,0.00,0.13438,-0.02648,0.00669,-0.99055,0.09049,0.02608,0.00237,-0.99555,-0.22365,0.00081,-0.00310,0.97466,0.08995,0.05337,0.00483,-0.99450,-0.22322,-0.02659,-0.00188,0.97440,0.00000,0.00000,1.00,1.00
7951,Fixation,7951,0.00,0.00,0.13420,-0.02602,0.00677,-0.99059,0.09067,0.02567,0.00234,-0.99555,-0.22365,0.00078,-0.00325,0.97466,0.09012,0.05296,0.00480,-0.99451,-0.22322,-0.02662,-0.00203,0.97440,0.00000,0.00000,1.00,1.00
7963,Fixation,7963,0.00,0.00,0.13402,-0.02547,0.00675,-0.99063,0.09085,0.02513,0.00229,-0.99554,-0.22365,0.00077,-0.00331,0.97466,0.09030,0.05243,0.00476,-0.99452,-0.22321,-0.02664,-0.00210,0.97440,0.00000,0.00000,1.00,1.00
7974,Fixation,7974,0.00,0.00,0.13387,-0.02498,0.00669,-0.99066,0.08946,0.02566,0.00231,-0.99566,-0.22215,-0.00026,-0.00328,0.97501,0.08894,0.05295,0.00473,-0.99462,-0.22174,-0.02765,-0.00203,0.97471,0.00000,0.00000,1.00,1.00
7985,Fixation,7985,0.00,0.00,0.13371,-0.02447,0.00655,-0.99070,0.08964,0.02513,0.00226,-0.99566,-0.22215,-0.00024,-0.00321,0.97501,0.08912,0.05242,0.00470,-0.99463,-0.22174,-0.02763,-0.00197,0.97471,0.00000,0.00000,1.00,1.00
7997,Fixation,7997,0.00,0.00,0.13359,-0.02401,0.00646,-0.99072,0.08976,0.02466,0.00222,-0.99566,-0.22215,-0.00024,-0.00318,0.97501,0.08925,0.05195,0.00466,-0.99464,-0.22174,-0.02763,-0.00196,0.97471,0.00000,0.00000,1.00,1.00
8007,Fixation,8007,0.00,0.00,0.13354,-0.02351,0.00647,-0.99074,0.08939,0.02397,0.00215,-0.99571,-0.22174,-0.00004,-0.00327,0.97510,0.08891,0.05127,0.00458,-0.99471,-0.22136,-0.02744,-0.00204,0.97480,0.00000,0.00000,1.00,1.00
8018,Fixation,8018,0.00,0.00,0.13344,-0.02308,0.00669,-0.99077,0.08949,0.02362,0.00212,-0.99571,-0.22174,-0.00010,-0.00354,0.97510,0.08899,0.05092,0.00456,-0.99472,-0.22135,-0.02750,-0.00232,0.97480,0.00000,0.00000,1.00,1.00
8031,Fixation,8031,0.00,0.00,0.13335,-0.02262,0.00690,-0.99079,0.08958,0.02325,0.00209,-0.99571,-0.22174,-0.00017,-0.00382,0.97510,0.08906,0.05054,0.00453,-0.99473,-0.22134,-0.02756,-0.00260,0.97480,0.00000,0.00000,1.00,1.00
8041,Fixation,8041,0.00,0.00,0.13341,-0.02216,0.00698,-0.99079,0.08887,0.02379,0.00212,-0.99576,-0.22110,-0.00116,-0.00391,0.97524,0.08836,0.05108,0.00454,-0.99477,-0.22071,-0.02856,-0.00267,0.97492,0.00000,0.00000,1.00,1.00
8051,Fixation,8051,0.00,0.00,0.13343,-0.02167,0.00700,-0.99080,0.08885,0.02332,0.00208,-0.99577,-0.22110,-0.00118,-0.00400,0.97524,0.08833,0.05062,0.00449,-0.99479,-0.22071,-0.02858,-0.00275,0.97492,0.00000,0.00000,1.00,1.00
8063,Fixation,8063,0.00,0.00,0.13341,-0.02121,0.00696,-0.99081,0.08887,0.02286,0.00204,-0.99578,-0.22110,-0.00119,-0.00402,0.97524,0.08836,0.05016,0.00446,-0.99481,-0.22071,-0.02858,-0.00277,0.97492,0.00000,0.00000,1.00,1.00
8074,Fixation,8074,0.00,0.00,0.13335,-0.02078,0.00710,-0.99083,0.08882,0.02200,0.00196,-0.99580,-0.22099,-0.00074,-0.00423,0.97527,0.08834,0.04931,0.00438,-0.99486,-0.22063,-0.02814,-0.00299,0.97495,0.00000,0.00000,1.00,1.00
8085,Fixation,8085,0.00,0.00,0.13333,-0.02025,0.00721,-0.99084,0.08884,0.02153,0.00192,-0.99581,-0.22099,-0.00078,-0.00441,0.97527,0.08835,0.04883,0.00434,-0.99488,-0.22063,-0.02818,-0.00317,0.97495,0.00000,0.00000,1.00,1.00
8097,Fixation,8097,0.00,0.00,0.13331,-0.01975,0.00736,-0.99085,0.08886,0.02109,0.00188,-0.99582,-0.22099,-0.00083,-0.00462,0.97526,0.08836,0.04840,0.00430,-0.99490,-0.22062,-0.02823,-0.00338,0.97494,0.00000,0.00000,1.00,1.00
8108,Fixation,8108,0.00,0.00,0.13319,-0.01922,0.00738,-0.99088,0.08885,0.01707,0.00152,-0.99590,-0.22083,0.00268,-0.00488,0.97530,0.08842,0.04439,0.00394,-0.99509,-0.22055,-0.02474,-0.00364,0.97506,0.00000,0.00000,1.00,1.00
8118,Fixation,8118,0.00,0.00,0.13310,-0.01875,0.00751,-0.99090,0.08894,0.01665,0.00149,-0.99590,-0.22083,0.00264,-0.00507,0.97529,0.08850,0.04398,0.00391,-0.99510,-0.22054,-0.02478,-0.00384,0.97506,0.00000,0.00000,1.00,1.00
8130,Fixation,8130,0.00,0.00,0.13318,-0.01829,0.00758,-0.99089,0.08886,0.01623,0.00145,-0.99591,-0.22083,0.00261,-0.00520,0.97529,0.08841,0.04356,0.00387,-0.99512,-0.22054,-0.02481,-0.00396,0.97505,0.00000,0.00000,1.00,1.00
8141,Fixation,8141,0.00,0.00,0.13342,-0.01779,0.00772,-0.99087,0.08852,0.01704,0.00151,-0.99593,-0.22074,0.00131,-0.00534,0.97532,0.08809,0.04436,0.00393,-0.99512,-0.22046,-0.02610,-0.00409,0.97504,0.00000,0.00000,1.00,1.00
8152,Fixation,8152,0.00,0.00,0.13359,-0.01733,0.00793,-0.99085,0.08834,0.01666,0.00148,-0.99595,-0.22074,0.00125,-0.00561,0.97532,0.08790,0.04399,0.00389,-0.99515,-0.22045,-0.02616,-0.00434,0.97504,0.00000,0.00000,1.00,1.00
8164,Fixation,8164,0.00,0.00,0.13364,-0.01692,0.00832,-0.99085,0.08830,0.01638,0.00145,-0.99596,-0.22074,0.00115,-0.00604,0.97531,0.08783,0.04371,0.00386,-0.99517,-0.22044,-0.02626,-0.00478,0.97504,0.00000,0.00000,1.00,1.00
8175,Fixation,8175,0.00,0.00,0.13370,-0.01656,0.00870,-0.99085,0.09007,0.01637,0.00148,-0.99580,-0.22255,0.00086,-0.00645,0.97490,0.08960,0.04371,0.00394,-0.99501,-0.22226,-0.02658,-0.00523,0.97461,0.00000,0.00000,1.00,1.00
8186,Fixation,8186,0.00,0.00,0.13364,-0.01616,0.00880,-0.99086,0.09013,0.01601,0.00145,-0.99580,-0.22255,0.00082,-0.00661,0.97490,0.08966,0.04335,0.00391,-0.99502,-0.22226,-0.02661,-0.00539,0.97461,0.00000,0.00000,1.00,1.00
8197,Fixation,8197,0.00,0.00,0.13352,-0.01594,0.00875,-0.99088,0.09026,0.01579,0.00143,-0.99579,-0.22255,0.00083,-0.00659,0.97490,0.08979,0.04313,0.00389,-0.99502,-0.22226,-0.02661,-0.00538,0.97461,0.00000,0.00000,1.00,1.00
8208,Fixation,8208,0.00,0.00,0.13331,-0.01566,0.00858,-0.99091,0.09069,0.01512,0.00138,-0.99576,-0.22276,0.00121,-0.00647,0.97485,0.09029,0.04247,0.00385,-0.99500,-0.22253,-0.02624,-0.00528,0.97456,0.00000,0.00000,1.00,1.00
8219,Fixation,8219,0.00,0.00,0.13295,-0.01552,0.00859,-0.99096,0.09105,0.01499,0.00137,-0.99573,-0.22276,0.00120,-0.00650,0.97485,0.09064,0.04235,0.00386,-0.99498,-0.22253,-0.02625,-0.00533,0.97456,0.00000,0.00000,1.00,1.00
8230,Fixation,8230,0.00,0.00,0.13261,-0.01535,0.00871,-0.99101,0.09139,0.01487,0.00136,-0.99570,-0.22276,0.00117,-0.00665,0.97485,0.09098,0.04223,0.00386,-0.99495,-0.22253,-0.02629,-0.00549,0.97456,0.00000,0.00000,1.00,1.00
8241,Fixation,8241,0.00,0.00,0.13233,-0.01514,0.00893,-0.99105,0.09162,0.01515,0.00139,-0.99568,-0.22272,0.00069,-0.00688,0.97486,0.09122,0.04251,0.00390,-0.99491,-0.22251,-0.02677,-0.00574,0.97455,0.00000,0.00000,1.00,1.00
8252,Fixation,8252,0.00,0.00,0.13226,-0.01495,0.00911,-0.99106,0.09170,0.01502,0.00138,-0.99567,-0.22272,0.00065,-0.00708,0.97486,0.09129,0.04238,0.00389,-0.99491,-0.22250,-0.02682,-0.00595,0.97455,0.00000,0.00000,1.00,1.00
8264,Fixation,8264,0.00,0.00,0.13217,-0.01476,0.00917,-0.99107,0.09178,0.01486,0.00137,-0.99567,-0.22272,0.00063,-0.00717,0.97486,0.09137,0.04223,0.00388,-0.99491,-0.22250,-0.02684,-0.00604,0.97454,0.00000,0.00000,1.00,1.00
8275,Fixation,8275,0.00,0.00,0.13214,-0.01463,0.00924,-0.99108,0.08976,0.01286,0.00116,-0.99588,-0.22069,0.00250,-0.00734,0.97531,0.08939,0.04022,0.00361,-0.99518,-0.22052,-0.02496,-0.00616,0.97504,0.00000,0.00000,1.00,1.00
8286,Fixation,8286,0.00,0.00,0.13202,-0.01448,0.00927,-0.99110,0.08988,0.01273,0.00115,-0.99587,-0.22069,0.00248,-0.00739,0.97531,0.08951,0.04009,0.00361,-0.99517,-0.22052,-0.02497,-0.00621,0.97504,0.00000,0.00000,1.00,1.00
8297,Fixation,8297,0.00,0.00,0.13187,-0.01441,0.00936,-0.99112,0.09003,0.01269,0.00115,-0.99586,-0.22069,0.00246,-0.00748,0.97531,0.08965,0.04005,0.00361,-0.99516,-0.22052,-0.02499,-0.00631,0.97504,0.00000,0.00000,1.00,1.00
8308,Fixation,8308,0.00,0.00,0.13183,-0.01434,0.00951,-0.99112,0.08905,0.01418,0.00127,-0.99593,-0.21970,0.00090,-0.00758,0.97554,0.08868,0.04153,0.00370,-0.99519,-0.21953,-0.02653,-0.00639,0.97522,0.00000,0.00000,1.00,1.00
8319,Fixation,8319,0.00,0.00,0.13168,-0.01417,0.00970,-0.99114,0.08919,0.01408,0.00126,-0.99591,-0.21970,0.00086,-0.00780,0.97554,0.08880,0.04142,0.00370,-0.99518,-0.21952,-0.02659,-0.00661,0.97522,0.00000,0.00000,1.00,1.00
8331,Fixation,8331,0.00,0.00,0.13163,-0.01401,0.00973,-0.99115,0.08924,0.01394,0.00125,-0.99591,-0.21970,0.00084,-0.00785,0.97554,0.08886,0.04129,0.00369,-0.99518,-0.21952,-0.02660,-0.00666,0.97522,0.00000,0.00000,1.00,1.00
8341,Fixation,8341,0.00,0.00,0.13194,-0.01387,0.00985,-0.99111,0.08859,0.01317,0.00117,-0.99598,-0.21935,0.00148,-0.00800,0.97561,0.08823,0.04051,0.00359,-0.99527,-0.21920,-0.02596,-0.00679,0.97531,0.00000,0.00000,1.00,1.00
8352,Fixation,8352,0.00,0.00,0.13202,-0.01356,0.00973,-0.99111,0.08850,0.01284,0.00114,-0.99599,-0.21935,0.00150,-0.00793,0.97561,0.08815,0.04018,0.00356,-0.99529,-0.21921,-0.02594,-0.00671,0.97531,0.00000,0.00000,1.00,1.00
8364,Fixation,8364,0.00,0.00,0.13224,-0.01324,0.00977,-0.99108,0.08947,0.01288,0.00116,-0.99591,-0.22050,0.00115,-0.00798,0.97535,0.08912,0.04023,0.00360,-0.99520,-0.22037,-0.02630,-0.00679,0.97504,0.00000,0.00000,1.00,1.00
8375,Fixation,8375,0.00,0.00,0.13224,-0.01290,0.00988,-0.99109,0.08947,0.01258,0.00113,-0.99591,-0.22050,0.00111,-0.00814,0.97535,0.08912,0.03994,0.00358,-0.99521,-0.22037,-0.02634,-0.00694,0.97504,0.00000,0.00000,1.00,1.00
8386,Fixation,8386,0.00,0.00,0.13238,-0.01250,0.00986,-0.99107,0.08933,0.01219,0.00109,-0.99593,-0.22050,0.00110,-0.00817,0.97535,0.08898,0.03954,0.00354,-0.99524,-0.22036,-0.02634,-0.00697,0.97504,0.00000,0.00000,1.00,1.00
8398,Fixation,8398,0.00,0.00,0.13258,-0.01204,0.00980,-0.99105,0.08913,0.01173,0.00105,-0.99595,-0.22050,0.00110,-0.00817,0.97535,0.08878,0.03908,0.00349,-0.99528,-0.22037,-0.02634,-0.00696,0.97504,0.00000,0.00000,1.00,1.00
8409,Fixation,8409,0.00,0.00,0.13285,-0.01168,0.00965,-0.99102,0.09061,0.01165,0.00106,-0.99582,-0.22221,0.00082,-0.00806,0.97496,0.09028,0.03901,0.00354,-0.99515,-0.22209,-0.02664,-0.00688,0.97464,0.00000,0.00000,1.00,1.00
8419,Fixation,8419,0.00,0.00,0.13308,-0.01133,0.00946,-0.99100,0.09038,0.01125,0.00102,-0.99584,-0.22221,0.00085,-0.00791,0.97497,0.09006,0.03861,0.00349,-0.99518,-0.22209,-0.02660,-0.00672,0.97464,0.00000,0.00000,1.00,1.00
8431,Fixation,8431,0.00,0.00,0.13320,-0.01093,0.00921,-0.99099,0.09026,0.01078,0.00098,-0.99586,-0.22221,0.00090,-0.00772,0.97497,0.08995,0.03814,0.00345,-0.99521,-0.22210,-0.02656,-0.00652,0.97464,0.00000,0.00000,1.00,1.00
8442,Fixation,8442,0.00,0.00,0.13328,-0.01061,0.00915,-0.99098,0.08924,0.00949,0.00085,-0.99596,-0.22127,0.00187,-0.00774,0.97518,0.08896,0.03685,0.00329,-0.99535,-0.22119,-0.02558,-0.00651,0.97487,0.00000,0.00000,1.00,1.00
8452,Fixation,8452,0.00,0.00,0.13320,-0.01013,0.00898,-0.99100,0.08932,0.00897,0.00080,-0.99596,-0.22127,0.00189,-0.00764,0.97518,0.08905,0.03634,0.00325,-0.99536,-0.22119,-0.02556,-0.00642,0.97487,0.00000,0.00000,1.00,1.00
8464,Fixation,8464,0.00,0.00,0.13305,-0.00969,0.00890,-0.99102,0.09055,0.00970,0.00088,-0.99584,-0.22232,0.00073,-0.00757,0.97494,0.09026,0.03707,0.00336,-0.99522,-0.22222,-0.02673,-0.00639,0.97461,0.00000,0.00000,1.00,1.00
8475,Fixation,8475,0.00,0.00,0.13279,-0.00910,0.00874,-0.99106,0.09081,0.00908,0.00083,-0.99583,-0.22232,0.00075,-0.00749,0.97494,0.09053,0.03645,0.00332,-0.99522,-0.22222,-0.02672,-0.00632,0.97461,0.00000,0.00000,1.00,1.00
8486,Fixation,8486,0.00,0.00,0.13254,-0.00840,0.00844,-0.99111,0.09108,0.00831,0.00076,-0.99581,-0.22232,0.00079,-0.00730,0.97495,0.09081,0.03569,0.00326,-0.99522,-0.22223,-0.02668,-0.00614,0.97461,0.00000,0.00000,1.00,1.00
8498,Fixation,8498,0.00,0.00,0.13199,-0.00757,0.00819,-0.99119,0.09161,0.00891,0.00082,-0.99575,-0.22231,-0.00065,-0.00710,0.97495,0.09133,0.03629,0.00333,-0.99515,-0.22219,-0.02812,-0.00598,0.97458,0.00000,0.00000,1.00,1.00
8509,Fixation,8509,0.00,0.00,0.13151,-0.00665,0.00812,-0.99126,0.09209,0.00800,0.00074,-0.99572,-0.22231,-0.00066,-0.00716,0.97495,0.09181,0.03538,0.00326,-0.99514,-0.22219,-0.02814,-0.00605,0.97458,0.00000,0.00000,1.00,1.00
8519,Fixation,8519,0.00,0.00,0.13110,-0.00580,0.00829,-0.99132,0.09252,0.00724,0.00067,-0.99568,-0.22231,-0.00072,-0.00743,0.97495,0.09222,0.03463,0.00321,-0.99513,-0.22218,-0.02821,-0.00635,0.97458,0.00000,0.00000,1.00,1.00
8531,Fixation,8531,0.00,0.00,0.13061,-0.00499,0.00830,-0.99139,0.09225,0.00831,0.00077,-0.99570,-0.22157,-0.00261,-0.00748,0.97511,0.09193,0.03570,0.00330,-0.99512,-0.22142,-0.03009,-0.00641,0.97469,0.00000,0.00000,1.00,1.00
8542,Fixation,8542,0.00,0.00,0.13000,-0.00415,0.00825,-0.99147,0.09286,0.00750,0.00070,-0.99565,-0.22157,-0.00262,-0.00754,0.97511,0.09255,0.03489,0.00324,-0.99509,-0.22142,-0.03011,-0.00650,0.97469,0.00000,0.00000,1.00,1.00
8553,Fixation,8553,0.00,0.00,0.12932,-0.00336,0.00814,-0.99156,0.09355,0.00670,0.00063,-0.99559,-0.22157,-0.00262,-0.00755,0.97511,0.09323,0.03410,0.00319,-0.99506,-0.22142,-0.03012,-0.00655,0.97469,0.00000,0.00000,1.00,1.00
8564,Fixation,8564,0.00,0.00,0.12881,-0.00262,0.00816,-0.99163,0.09407,0.00600,0.00057,-0.99555,-0.22157,-0.00265,-0.00766,0.97511,0.09375,0.03340,0.00315,-0.99503,-0.22141,-0.03016,-0.00669,0.97469,0.00000,0.00000,1.00,1.00
8576,Fixation,8576,0.00,0.00,0.12828,-0.00197,0.00824,-0.99170,0.09352,0.00403,0.00038,-0.99561,-0.22050,-0.00131,-0.00787,0.97536,0.09324,0.03144,0.00295,-0.99514,-0.22039,-0.02883,-0.00690,0.97496,0.00000,0.00000,1.00,1.00
8586,Fixation,8586,0.00,0.00,0.12828,-0.00164,0.00854,-0.99170,0.09352,0.00381,0.00036,-0.99561,-0.22050,-0.00139,-0.00822,0.97535,0.09322,0.03121,0.00292,-0.99515,-0.22038,-0.02890,-0.00725,0.97496,0.00000,0.00000,1.00,1.00
8598,Fixation,8598,0.00,0.00,0.12873,-0.00156,0.00868,-0.99164,0.09307,0.00377,0.00035,-0.99565,-0.22050,-0.00142,-0.00837,0.97535,0.09276,0.03117,0.00291,-0.99520,-0.22037,-0.02893,-0.00737,0.97496,0.00000,0.00000,1.00,1.00
8609,Fixation,8609,0.00,0.00,0.12915,-0.00169,0.00872,-0.99159,0.09185,0.00415,0.00038,-0.99576,-0.21971,-0.00168,-0.00837,0.97553,0.09158,0.03155,0.00290,-0.99529,-0.21962,-0.02918,-0.00733,0.97512,0.00000,0.00000,1.00,1.00
8620,Fixation,8620,0.00,0.00,0.12931,-0.00206,0.00860,-0.99156,0.09168,0.00447,0.00041,-0.99578,-0.21971,-0.00164,-0.00821,0.97553,0.09142,0.03187,0.00293,-0.99530,-0.21963,-0.02914,-0.00716,0.97512,0.00000,0.00000,1.00,1.00
8631,Fixation,8631,0.00,0.00,0.12917,-0.00215,0.00876,-0.99158,0.09182,0.00460,0.00042,-0.99576,-0.21971,-0.00168,-0.00836,0.97553,0.09155,0.03200,0.00294,-0.99528,-0.21962,-0.02917,-0.00731,0.97512,0.00000,0.00000,1.00,1.00
8642,Fixation,8642,0.00,0.00,0.12890,-0.00272,0.00917,-0.99161,0.09196,0.00399,0.00037,-0.99575,-0.21958,-0.00045,-0.00873,0.97555,0.09171,0.03139,0.00289,-0.99529,-0.21954,-0.02795,-0.00769,0.97517,0.00000,0.00000,1.00,1.00
8653,Fixation,8653,0.00,0.00,0.12885,-0.00277,0.00943,-0.99161,0.09201,0.00411,0.00038,-0.99575,-0.21958,-0.00050,-0.00898,0.97555,0.09175,0.03152,0.00291,-0.99528,-0.21953,-0.02801,-0.00795,0.97517,0.00000,0.00000,1.00,1.00
8665,Fixation,8665,0.00,0.00,0.12888,-0.00267,0.00970,-0.99161,0.09199,0.00411,0.00038,-0.99575,-0.21958,-0.00057,-0.00926,0.97555,0.09171,0.03151,0.00290,-0.99528,-0.21952,-0.02807,-0.00823,0.97517,0.00000,0.00000,1.00,1.00
8676,Fixation,8676,0.00,0.00,0.12903,-0.00250,0.00970,-0.99159,0.09288,0.00157,0.00015,-0.99568,-0.22059,0.00181,-0.00937,0.97532,0.09264,0.02898,0.00270,-0.99527,-0.22057,-0.02571,-0.00836,0.97500,0.00000,0.00000,1.00,1.00
8686,Fixation,8686,0.00,0.00,0.12916,-0.00232,0.00971,-0.99157,0.09275,0.00140,0.00013,-0.99569,-0.22059,0.00181,-0.00940,0.97532,0.09251,0.02882,0.00268,-0.99529,-0.22057,-0.02571,-0.00838,0.97500,0.00000,0.00000,1.00,1.00
8698,Fixation,8698,0.00,0.00,0.12918,-0.00197,0.00960,-0.99157,0.09273,0.00103,0.00010,-0.99569,-0.22059,0.00182,-0.00934,0.97532,0.09250,0.02844,0.00264,-0.99530,-0.22058,-0.02570,-0.00832,0.97500,0.00000,0.00000,1.00,1.00
8709,Fixation,8709,0.00,0.00,0.12921,-0.00170,0.00960,-0.99157,0.09268,0.00050,0.00005,-0.99570,-0.22055,0.00208,-0.00939,0.97533,0.09247,0.02791,0.00259,-0.99532,-0.22057,-0.02544,-0.00837,0.97500,0.00000,0.00000,1.00,1.00
8720,Fixation,8720,0.00,0.00,0.12927,-0.00131,0.00978,-0.99156,0.09262,0.00018,0.00002,-0.99570,-0.22055,0.00203,-0.00961,0.97533,0.09240,0.02759,0.00256,-0.99534,-0.22056,-0.02549,-0.00859,0.97500,0.00000,0.00000,1.00,1.00
8732,Fixation,8732,0.00,0.00,0.12942,-0.00083,0.00998,-0.99154,0.09247,-0.00022,-0.00002,-0.99572,-0.22055,0.00197,-0.00987,0.97532,0.09224,0.02719,0.00252,-0.99536,-0.22056,-0.02554,-0.00884,0.97500,0.00000,0.00000,1.00,1.00
8743,Fixation,8743,0.00,0.00,0.12971,-0.00033,0.01006,-0.99150,0.09230,0.00131,0.00012,-0.99573,-0.22069,-0.00006,-0.00994,0.97529,0.09206,0.02872,0.00266,-0.99534,-0.22067,-0.02757,-0.00889,0.97492,0.00000,0.00000,1.00,1.00
8753,Fixation,8753,0.00,0.00,0.13004,0.00012,0.00986,-0.99146,0.09198,0.00082,0.00008,-0.99576,-0.22069,-0.00003,-0.00980,0.97530,0.09174,0.02822,0.00260,-0.99538,-0.22068,-0.02753,-0.00874,0.97492,0.00000,0.00000,1.00,1.00
8765,Fixation,8765,0.00,0.00,0.13036,0.00047,0.00962,-0.99142,0.09167,0.00040,0.00004,-0.99579,-0.22069,0.00001,-0.00961,0.97530,0.09144,0.02781,0.00255,-0.99542,-0.22068,-0.02749,-0.00853,0.97492,0.00000,0.00000,1.00,1.00
8776,Fixation,8776,0.00,0.00,0.13088,0.00074,0.00935,-0.99135,0.09197,0.00088,0.00008,-0.99576,-0.22150,-0.00076,-0.00935,0.97511,0.09178,0.02829,0.00261,-0.99537,-0.22152,-0.02826,-0.00826,0.97471,0.00000,0.00000,1.00,1.00
8787,Fixation,8787,0.00,0.00,0.13132,0.00076,0.00918,-0.99130,0.09153,0.00080,0.00007,-0.99580,-0.22150,-0.00072,-0.00917,0.97512,0.09135,0.02821,0.00259,-0.99542,-0.22153,-0.02822,-0.00806,0.97471,0.00000,0.00000,1.00,1.00
8798,Fixation,8798,0.00,0.00,0.13147,0.00085,0.00916,-0.99128,0.09137,0.00070,0.00006,-0.99582,-0.22150,-0.00072,-0.00917,0.97512,0.09119,0.02810,0.00257,-0.99543,-0.22153,-0.02821,-0.00805,0.97471,0.00000,0.00000,1.00,1.00
8809,Fixation,8809,0.00,0.00,0.13129,0.00080,0.00959,-0.99130,0.09231,0.00142,0.00013,-0.99573,-0.22225,-0.00134,-0.00956,0.97494,0.09211,0.02883,0.00267,-0.99533,-0.22226,-0.02885,-0.00847,0.97452,0.00000,0.00000,1.00,1.00
8820,Fixation,8820,0.00,0.00,0.13092,0.00084,0.00984,-0.99134,0.09268,0.00147,0.00014,-0.99569,-0.22225,-0.00140,-0.00982,0.97494,0.09247,0.02889,0.00268,-0.99529,-0.22225,-0.02891,-0.00875,0.97452,0.00000,0.00000,1.00,1.00
8832,Fixation,8832,0.00,0.00,0.13076,0.00089,0.00987,-0.99136,0.09284,0.00143,0.00013,-0.99568,-0.22225,-0.00141,-0.00985,0.97494,0.09263,0.02884,0.00268,-0.99528,-0.22225,-0.02892,-0.00879,0.97452,0.00000,0.00000,1.00,1.00
8843,Fixation,8843,0.00,0.00,0.13082,0.00098,0.00985,-0.99136,0.09391,-0.00097,-0.00009,-0.99558,-0.22333,0.00093,-0.00993,0.97469,0.09372,0.02645,0.00249,-0.99524,-0.22337,-0.02660,-0.00890,0.97433,0.00000,0.00000,1.00,1.00
8853,Fixation,8853,0.00,0.00,0.13080,0.00096,0.00977,-0.99136,0.09393,-0.00098,-0.00009,-0.99558,-0.22333,0.00095,-0.00985,0.97469,0.09375,0.02645,0.00249,-0.99524,-0.22337,-0.02658,-0.00882,0.97433,0.00000,0.00000,1.00,1.00
8865,Fixation,8865,0.00,0.00,0.13086,0.00095,0.00980,-0.99135,0.09314,-0.00115,-0.00011,-0.99565,-0.22262,0.00112,-0.00989,0.97486,0.09298,0.02627,0.00245,-0.99532,-0.22267,-0.02640,-0.00884,0.97450,0.00000,0.00000,1.00,1.00
8876,Fixation,8876,0.00,0.00,0.13093,0.00105,0.01001,-0.99134,0.09307,-0.00118,-0.00011,-0.99566,-0.22262,0.00107,-0.01011,0.97485,0.09289,0.02624,0.00245,-0.99533,-0.22267,-0.02645,-0.00905,0.97449,0.00000,0.00000,1.00,1.00
8887,Fixation,8887,0.00,0.00,0.13106,0.00112,0.01052,-0.99132,0.09295,-0.00109,-0.00010,-0.99567,-0.22262,0.00096,-0.01062,0.97485,0.09274,0.02633,0.00245,-0.99534,-0.22265,-0.02656,-0.00955,0.97449,0.00000,0.00000,1.00,1.00
8899,Fixation,8899,0.00,0.00,0.13118,0.00125,0.01076,-0.99130,0.09282,-0.00114,-0.00011,-0.99568,-0.22262,0.00090,-0.01088,0.97484,0.09260,0.02628,0.00244,-0.99535,-0.22265,-0.02662,-0.00980,0.97449,0.00000,0.00000,1.00,1.00
8910,Fixation,8910,0.00,0.00,0.13137,0.00140,0.01091,-0.99127,0.09266,-0.00152,-0.00014,-0.99570,-0.22264,0.00114,-0.01106,0.97484,0.09245,0.02590,0.00241,-0.99538,-0.22268,-0.02638,-0.00998,0.97448,0.00000,0.00000,1.00,1.00
8921,Fixation,8921,0.00,0.00,0.13145,0.00154,0.01088,-0.99126,0.09258,-0.00167,-0.00015,-0.99570,-0.22264,0.00114,-0.01104,0.97484,0.09237,0.02575,0.00239,-0.99539,-0.22268,-0.02637,-0.00995,0.97448,0.00000,0.00000,1.00,1.00
8932,Fixation,8932,0.00,0.00,0.13156,0.00169,0.01091,-0.99125,0.09230,-0.00247,-0.00023,-0.99573,-0.22247,0.00180,-0.01111,0.97488,0.09213,0.02495,0.00231,-0.99543,-0.22255,-0.02571,-0.01002,0.97453,0.00000,0.00000,1.00,1.00
8943,Fixation,8943,0.00,0.00,0.13181,0.00187,0.01089,-0.99121,0.09205,-0.00265,-0.00024,-0.99575,-0.22247,0.00180,-0.01112,0.97488,0.09188,0.02477,0.00229,-0.99546,-0.22255,-0.02571,-0.01001,0.97453,0.00000,0.00000,1.00,1.00
8954,Fixation,8954,0.00,0.00,0.13200,0.00212,0.01090,-0.99119,0.09187,-0.00289,-0.00027,-0.99577,-0.22247,0.00179,-0.01117,0.97487,0.09170,0.02453,0.00226,-0.99548,-0.22255,-0.02572,-0.01005,0.97453,0.00000,0.00000,1.00,1.00
8966,Fixation,8966,0.00,0.00,0.13207,0.00232,0.01087,-0.99118,0.09106,-0.00374,-0.00034,-0.99584,-0.22173,0.00243,-0.01119,0.97504,0.09092,0.02367,0.00216,-0.99558,-0.22185,-0.02507,-0.01005,0.97471,0.00000,0.00000,1.00,1.00
8976,Fixation,8976,0.00,0.00,0.13239,0.00261,0.01084,-0.99114,0.09074,-0.00403,-0.00037,-0.99587,-0.22173,0.00242,-0.01120,0.97504,0.09060,0.02338,0.00213,-0.99561,-0.22185,-0.02507,-0.01004,0.97471,0.00000,0.00000,1.00,1.00
8987,Fixation,8987,0.00,0.00,0.13279,0.00276,0.01090,-0.99108,0.09034,-0.00415,-0.00038,-0.99590,-0.22173,0.00240,-0.01128,0.97504,0.09019,0.02325,0.00211,-0.99565,-0.22185,-0.02509,-0.01010,0.97471,0.00000,0.00000,1.00,1.00
8999,Fixation,8999,0.00,0.00,0.13314,0.00300,0.01105,-0.99103,0.08974,-0.00498,-0.00045,-0.99595,-0.22148,0.00300,-0.01149,0.97509,0.08960,0.02242,0.00202,-0.99572,-0.22162,-0.02449,-0.01029,0.97477,0.00000,0.00000,1.00,1.00
9010,Fixation,9010,0.00,0.00,0.13330,0.00315,0.01142,-0.99101,0.08959,-0.00501,-0.00045,-0.99597,-0.22148,0.00291,-0.01188,0.97509,0.08943,0.02239,0.00201,-0.99574,-0.22161,-0.02457,-0.01066,0.97477,0.00000,0.00000,1.00,1.00
9021,Fixation,9021,0.00,0.00,0.13362,0.00336,0.01169,-0.99096,0.08927,-0.00513,-0.00046,-0.99599,-0.22149,0.00284,-0.01218,0.97508,0.08910,0.02227,0.00199,-0.99577,-0.22160,-0.02464,-0.01094,0.97476,0.00000,0.00000,1.00,1.00
9032,Fixation,9032,0.00,0.00,0.13389,0.00359,0.01171,-0.99092,0.08894,-0.01375,-0.00123,-0.99594,-0.22133,0.01126,-0.01261,0.97505,0.08889,0.01365,0.00122,-0.99595,-0.22159,-0.01622,-0.01136,0.97494,0.00000,0.00000,1.00,1.00
9043,Fixation,9043,0.00,0.00,0.13413,0.00371,0.01167,-0.99089,0.08871,-0.01388,-0.00124,-0.99596,-0.22133,0.01127,-0.01259,0.97505,0.08866,0.01352,0.00120,-0.99597,-0.22159,-0.01621,-0.01133,0.97494,0.00000,0.00000,1.00,1.00
9054,Fixation,9054,0.00,0.00,0.13437,0.00379,0.01163,-0.99086,0.08846,-0.01398,-0.00124,-0.99598,-0.22132,0.01127,-0.01257,0.97505,0.08842,0.01342,0.00119,-0.99599,-0.22159,-0.01620,-0.01130,0.97494,0.00000,0.00000,1.00,1.00
9066,Fixation,9066,0.00,0.00,0.13458,0.00389,0.01168,-0.99083,0.08806,-0.01396,-0.00123,-0.99602,-0.22114,0.01115,-0.01263,0.97510,0.08804,0.01344,0.00119,-0.99603,-0.22143,-0.01632,-0.01134,0.97497,0.00000,0.00000,1.00,1.00
9077,Fixation,9077,0.00,0.00,0.13481,0.00391,0.01186,-0.99079,0.08784,-0.01393,-0.00123,-0.99604,-0.22114,0.01111,-0.01282,0.97509,0.08781,0.01347,0.00119,-0.99605,-0.22143,-0.01636,-0.01152,0.97497,0.00000,0.00000,1.00,1.00
9088,Fixation,9088,0.00,0.00,0.13504,0.00408,0.01193,-0.99076,0.08761,-0.01407,-0.00124,-0.99605,-0.22114,0.01108,-0.01291,0.97509,0.08758,0.01332,0.00117,-0.99607,-0.22143,-0.01638,-0.01160,0.97497,0.00000,0.00000,1.00,1.00
9100,Fixation,9100,0.00,0.00,0.13546,0.00428,0.01192,-0.99070,0.08719,-0.01426,-0.00125,-0.99609,-0.22114,0.01108,-0.01294,0.97509,0.08715,0.01313,0.00115,-0.99611,-0.22143,-0.01638,-0.01161,0.97497,0.00000,0.00000,1.00,1.00
9110,Fixation,9110,0.00,0.00,0.13600,0.00438,0.01190,-0.99063,0.08648,-0.01498,-0.00130,-0.99614,-0.22097,0.01168,-0.01298,0.97512,0.08647,0.01241,0.00108,-0.99618,-0.22128,-0.01577,-0.01161,0.97501,0.00000,0.00000,1.00,1.00
9121,Fixation,9121,0.00,0.00,0.13666,0.00442,0.01182,-0.99054,0.08582,-0.01504,-0.00130,-0.99620,-0.22097,0.01169,-0.01293,0.97512,0.08581,0.01234,0.00106,-0.99623,-0.22128,-0.01575,-0.01152,0.97501,0.00000,0.00000,1.00,1.00
9133,Fixation,9133,0.00,0.00,0.13718,0.00436,0.01172,-0.99047,0.08528,-0.01502,-0.00129,-0.99624,-0.22097,0.01171,-0.01283,0.97513,0.08529,0.01235,0.00106,-0.99628,-0.22129,-0.01573,-0.01140,0.97502,0.00000,0.00000,1.00,1.00
9143,Fixation,9143,0.00,0.00,0.13762,0.00439,0.01152,-0.99041,0.08577,-0.01387,-0.00119,-0.99622,-0.22190,0.01051,-0.01258,0.97493,0.08578,0.01351,0.00116,-0.99622,-0.22221,-0.01693,-0.01115,0.97479,0.00000,0.00000,1.00,1.00
9155,Fixation,9155,0.00,0.00,0.13798,0.00429,0.01164,-0.99036,0.08541,-0.01374,-0.00118,-0.99625,-0.22190,0.01049,-0.01269,0.97493,0.08542,0.01364,0.00117,-0.99625,-0.22221,-0.01695,-0.01124,0.97479,0.00000,0.00000,1.00,1.00
9166,Fixation,9166,0.00,0.00,0.13808,0.00427,0.01163,-0.99034,0.08767,-0.00551,-0.00048,-0.99613,-0.22431,0.00229,-0.01224,0.97444,0.08757,0.02188,0.00192,-0.99592,-0.22449,-0.02517,-0.01084,0.97409,0.00000,0.00000,1.00,1.00
9177,Fixation,9177,0.00,0.00,0.13823,0.00418,0.01166,-0.99032,0.08751,-0.00541,-0.00048,-0.99615,-0.22431,0.00229,-0.01226,0.97444,0.08742,0.02197,0.00193,-0.99593,-0.22449,-0.02517,-0.01085,0.97409,0.00000,0.00000,1.00,1.00
9188,Fixation,9188,0.00,0.00,0.13837,0.00408,0.01162,-0.99030,0.08737,-0.00533,-0.00047,-0.99616,-0.22431,0.00230,-0.01220,0.97444,0.08728,0.02205,0.00193,-0.99594,-0.22450,-0.02515,-0.01079,0.97409,0.00000,0.00000,1.00,1.00
9200,Fixation,9200,0.00,0.00,0.13858,0.00406,0.01156,-0.99028,0.08823,-0.00059,-0.00005,-0.99610,-0.22540,-0.00243,-0.01191,0.97419,0.08808,0.02680,0.00237,-0.99575,-0.22551,-0.02989,-0.01051,0.97372,0.00000,0.00000,1.00,1.00
9210,Fixation,9210,0.00,0.00,0.13881,0.00398,0.01149,-0.99025,0.08800,-0.00054,-0.00005,-0.99612,-0.22540,-0.00241,-0.01182,0.97419,0.08786,0.02685,0.00237,-0.99577,-0.22552,-0.02987,-0.01041,0.97373,0.00000,0.00000,1.00,1.00
9221,Fixation,9221,0.00,0.00,0.13892,0.00393,0.01142,-0.99023,0.08789,-0.00052,-0.00005,-0.99613,-0.22540,-0.00240,-0.01174,0.97419,0.08775,0.02687,0.00237,-0.99578,-0.22552,-0.02985,-0.01033,0.97373,0.00000,0.00000,1.00,1.00
9234,Fixation,9234,0.00,0.00,0.13893,0.00387,0.01132,-0.99023,0.08781,-0.00057,-0.00005,-0.99614,-0.22533,-0.00229,-0.01165,0.97421,0.08767,0.02681,0.00236,-0.99579,-0.22545,-0.02974,-0.01022,0.97375,0.00000,0.00000,1.00,1.00
9243,Fixation,9243,0.00,0.00,0.13893,0.00382,0.01121,-0.99023,0.08780,-0.00056,-0.00005,-0.99614,-0.22533,-0.00226,-0.01153,0.97421,0.08767,0.02682,0.00236,-0.99579,-0.22545,-0.02971,-0.01011,0.97375,0.00000,0.00000,1.00,1.00
9255,Fixation,9255,0.00,0.00,0.13891,0.00379,0.01128,-0.99023,0.08782,-0.00051,-0.00005,-0.99614,-0.22533,-0.00227,-0.01160,0.97421,0.08768,0.02687,0.00237,-0.99578,-0.22545,-0.02972,-0.01018,0.97375,0.00000,0.00000,1.00,1.00
9267,Fixation,9267,0.00,0.00,0.13884,0.00371,0.01130,-0.99024,0.08742,0.00218,0.00019,-0.99617,-0.22490,-0.00490,-0.01146,0.97430,0.08724,0.02955,0.00259,-0.99575,-0.22496,-0.03234,-0.01003,0.97378,0.00000,0.00000,1.00,1.00
9277,Fixation,9277,0.00,0.00,0.13887,0.00369,0.01114,-0.99024,0.08739,0.00216,0.00019,-0.99617,-0.22490,-0.00486,-0.01131,0.97430,0.08722,0.02953,0.00259,-0.99575,-0.22497,-0.03230,-0.00988,0.97378,0.00000,0.00000,1.00,1.00
9288,Fixation,9288,0.00,0.00,0.13902,0.00358,0.01058,-0.99023,0.08724,0.00209,0.00018,-0.99619,-0.22490,-0.00473,-0.01074,0.97431,0.08710,0.02946,0.00258,-0.99576,-0.22499,-0.03217,-0.00930,0.97379,0.00000,0.00000,1.00,1.00
9300,Fixation,9300,0.00,0.00,0.13905,0.00352,0.01013,-0.99023,0.08721,0.00200,0.00018,-0.99619,-0.22490,-0.00463,-0.01030,0.97432,0.08710,0.02938,0.00257,-0.99576,-0.22500,-0.03207,-0.00885,0.97379,0.00000,0.00000,1.00,1.00
9310,Fixation,9310,0.00,0.00,0.13900,0.00340,0.00988,-0.99024,0.08555,0.00058,0.00005,-0.99633,-0.22322,-0.00313,-0.01011,0.97471,0.08546,0.02795,0.00240,-0.99595,-0.22334,-0.03055,-0.00862,0.97422,0.00000,0.00000,1.00,1.00
9321,Fixation,9321,0.00,0.00,0.13875,0.00329,0.00996,-0.99027,0.08581,0.00072,0.00006,-0.99631,-0.22322,-0.00314,-0.01016,0.97471,0.08571,0.02809,0.00242,-0.99592,-0.22334,-0.03057,-0.00869,0.97422,0.00000,0.00000,1.00,1.00
9333,Fixation,9333,0.00,0.00,0.13870,0.00327,0.01004,-0.99028,0.08595,0.00078,0.00007,-0.99630,-0.22332,-0.00318,-0.01024,0.97469,0.08582,0.02815,0.00243,-0.99591,-0.22339,-0.03060,-0.00878,0.97421,0.00000,0.00000,1.00,1.00
9344,Fixation,9344,0.00,0.00,0.13854,0.00313,0.00985,-0.99030,0.08612,0.00086,0.00007,-0.99628,-0.22332,-0.00313,-0.01004,0.97469,0.08599,0.02822,0.00244,-0.99589,-0.22340,-0.03056,-0.00859,0.97421,0.00000,0.00000,1.00,1.00
9355,Fixation,9355,0.00,0.00,0.13845,0.00298,0.00966,-0.99032,0.08621,0.00094,0.00008,-0.99628,-0.22332,-0.00308,-0.00984,0.97469,0.08610,0.02831,0.00245,-0.99588,-0.22341,-0.03051,-0.00839,0.97421,0.00000,0.00000,1.00,1.00
9367,Fixation,9367,0.00,0.00,0.13833,0.00278,0.00957,-0.99034,0.08630,0.00047,0.00004,-0.99627,-0.22329,-0.00241,-0.00975,0.97470,0.08618,0.02784,0.00241,-0.99589,-0.22337,-0.02985,-0.00831,0.97424,0.00000,0.00000,1.00,1.00
9378,Fixation,9378,0.00,0.00,0.13843,0.00244,0.00965,-0.99032,0.08621,0.00081,0.00007,-0.99628,-0.22329,-0.00242,-0.00978,0.97470,0.08608,0.02818,0.00244,-0.99589,-0.22337,-0.02985,-0.00833,0.97424,0.00000,0.00000,1.00,1.00
9389,Fixation,9389,0.00,0.00,0.13866,0.00205,0.00982,-0.99029,0.08597,0.00124,0.00011,-0.99630,-0.22329,-0.00245,-0.00989,0.97470,0.08583,0.02861,0.00247,-0.99590,-0.22336,-0.02987,-0.00843,0.97424,0.00000,0.00000,1.00,1.00
9400,Fixation,9400,0.00,0.00,0.13888,0.00149,0.01024,-0.99026,0.08554,0.00157,0.00013,-0.99633,-0.22309,-0.00218,-0.01024,0.97474,0.08537,0.02893,0.00248,-0.99593,-0.22314,-0.02961,-0.00876,0.97430,0.00000,0.00000,1.00,1.00
9411,Fixation,9411,0.00,0.00,0.13893,0.00089,0.01072,-0.99024,0.08547,0.00230,0.00020,-0.99634,-0.22309,-0.00227,-0.01063,0.97474,0.08528,0.02966,0.00254,-0.99591,-0.22313,-0.02969,-0.00914,0.97429,0.00000,0.00000,1.00,1.00
9422,Fixation,9422,0.00,0.00,0.13885,0.00020,0.01110,-0.99025,0.08555,0.00307,0.00026,-0.99633,-0.22309,-0.00234,-0.01091,0.97473,0.08534,0.03044,0.00261,-0.99588,-0.22312,-0.02976,-0.00943,0.97429,0.00000,0.00000,1.00,1.00
9434,Fixation,9434,0.00,0.00,0.13895,-0.00043,0.01133,-0.99023,0.08655,0.00259,0.00023,-0.99624,-0.22416,-0.00119,-0.01111,0.97449,0.08634,0.02996,0.00260,-0.99581,-0.22420,-0.02863,-0.00965,0.97407,0.00000,0.00000,1.00,1.00
9444,Fixation,9444,0.00,0.00,0.13911,-0.00115,0.01139,-0.99021,0.08638,0.00330,0.00029,-0.99626,-0.22416,-0.00118,-0.01107,0.97449,0.08617,0.03067,0.00265,-0.99581,-0.22421,-0.02862,-0.00961,0.97407,0.00000,0.00000,1.00,1.00
9455,Fixation,9455,0.00,0.00,0.13942,-0.00175,0.01137,-0.99017,0.08606,0.00387,0.00033,-0.99628,-0.22416,-0.00116,-0.01097,0.97449,0.08585,0.03124,0.00269,-0.99581,-0.22421,-0.02859,-0.00949,0.97408,0.00000,0.00000,1.00,1.00
9467,Fixation,9467,0.00,0.00,0.13973,-0.00234,0.01145,-0.99012,0.08574,0.00447,0.00038,-0.99631,-0.22416,-0.00116,-0.01096,0.97449,0.08554,0.03183,0.00273,-0.99582,-0.22421,-0.02858,-0.00946,0.97408,0.00000,0.00000,1.00,1.00
9477,Fixation,9477,0.00,0.00,0.13992,-0.00293,0.01150,-0.99009,0.08578,0.00388,0.00033,-0.99631,-0.22438,0.00002,-0.01099,0.97444,0.08560,0.03124,0.00269,-0.99584,-0.22445,-0.02740,-0.00949,0.97405,0.00000,0.00000,1.00,1.00
9489,Fixation,9489,0.00,0.00,0.14019,-0.00338,0.01156,-0.99005,0.08550,0.00432,0.00037,-0.99633,-0.22438,0.00002,-0.01099,0.97444,0.08532,0.03168,0.00271,-0.99585,-0.22445,-0.02740,-0.00947,0.97405,0.00000,0.00000,1.00,1.00
9500,Fixation,9500,0.00,0.00,0.14056,-0.00378,0.01162,-0.99000,0.08571,0.00697,0.00060,-0.99630,-0.22498,-0.00222,-0.01087,0.97430,0.08549,0.03432,0.00295,-0.99574,-0.22501,-0.02964,-0.00934,0.97386,0.00000,0.00000,1.00,1.00
9511,Fixation,9511,0.00,0.00,0.14089,-0.00406,0.01153,-0.98995,0.08538,0.00721,0.00062,-0.99632,-0.22498,-0.00219,-0.01074,0.97430,0.08517,0.03456,0.00296,-0.99576,-0.22501,-0.02960,-0.00919,0.97386,0.00000,0.00000,1.00,1.00
9522,Fixation,9522,0.00,0.00,0.14122,-0.00431,0.01167,-0.98990,0.08504,0.00749,0.00064,-0.99635,-0.22498,-0.00222,-0.01083,0.97430,0.08482,0.03484,0.00297,-0.99578,-0.22501,-0.02962,-0.00927,0.97386,0.00000,0.00000,1.00,1.00
9534,Fixation,9534,0.00,0.00,0.14141,-0.00433,0.01164,-0.98987,0.08540,0.00598,0.00051,-0.99633,-0.22550,-0.00069,-0.01089,0.97418,0.08518,0.03334,0.00285,-0.99580,-0.22554,-0.02810,-0.00933,0.97378,0.00000,0.00000,1.00,1.00
9544,Fixation,9544,0.00,0.00,0.14148,-0.00431,0.01180,-0.98986,0.08532,0.00602,0.00052,-0.99634,-0.22550,-0.00073,-0.01105,0.97418,0.08510,0.03337,0.00285,-0.99581,-0.22553,-0.02814,-0.00949,0.97378,0.00000,0.00000,1.00,1.00
9555,Fixation,9555,0.00,0.00,0.14156,-0.00419,0.01181,-0.98985,0.08524,0.00591,0.00051,-0.99634,-0.22550,-0.00074,-0.01107,0.97418,0.08502,0.03326,0.00284,-0.99582,-0.22553,-0.02814,-0.00951,0.97378,0.00000,0.00000,1.00,1.00
9567,Fixation,9567,0.00,0.00,0.14167,-0.00400,0.01182,-0.98984,0.08284,0.00147,0.00012,-0.99656,-0.22320,0.00350,-0.01136,0.97470,0.08267,0.02881,0.00239,-0.99616,-0.22330,-0.02389,-0.00972,0.97441,0.00000,0.00000,1.00,1.00
9578,Fixation,9578,0.00,0.00,0.14197,-0.00400,0.01171,-0.98979,0.08255,0.00143,0.00012,-0.99659,-0.22320,0.00352,-0.01126,0.97470,0.08237,0.02878,0.00238,-0.99618,-0.22331,-0.02387,-0.00961,0.97441,0.00000,0.00000,1.00,1.00
9589,Fixation,9589,0.00,0.00,0.14230,-0.00396,0.01144,-0.98975,0.08221,0.00131,0.00011,-0.99661,-0.22320,0.00358,-0.01100,0.97470,0.08205,0.02865,0.00236,-0.99621,-0.22331,-0.02380,-0.00933,0.97441,0.00000,0.00000,1.00,1.00
9601,Fixation,9601,0.00,0.00,0.14243,-0.00392,0.01128,-0.98973,0.08264,0.00022,0.00002,-0.99658,-0.22374,0.00462,-0.01091,0.97458,0.08251,0.02757,0.00228,-0.99621,-0.22387,-0.02277,-0.00925,0.97431,0.00000,0.00000,1.00,1.00
9611,Fixation,9611,0.00,0.00,0.14233,-0.00401,0.01150,-0.98974,0.08275,0.00037,0.00003,-0.99657,-0.22374,0.00457,-0.01111,0.97458,0.08260,0.02772,0.00230,-0.99619,-0.22386,-0.02282,-0.00946,0.97431,0.00000,0.00000,1.00,1.00
9622,Fixation,9622,0.00,0.00,0.14232,-0.00394,0.01158,-0.98974,0.08275,0.00033,0.00003,-0.99657,-0.22374,0.00455,-0.01119,0.97457,0.08260,0.02768,0.00229,-0.99620,-0.22386,-0.02284,-0.00954,0.97431,0.00000,0.00000,1.00,1.00
9635,Fixation,9635,0.00,0.00,0.14225,-0.00392,0.01165,-0.98975,0.08438,0.00041,0.00003,-0.99643,-0.22527,0.00448,-0.01125,0.97422,0.08421,0.02776,0.00235,-0.99606,-0.22538,-0.02293,-0.00965,0.97395,0.00000,0.00000,1.00,1.00
9644,Fixation,9644,0.00,0.00,0.14220,-0.00392,0.01158,-0.98976,0.08443,0.00039,0.00003,-0.99643,-0.22527,0.00449,-0.01118,0.97422,0.08427,0.02774,0.00235,-0.99605,-0.22538,-0.02292,-0.00958,0.97396,0.00000,0.00000,1.00,1.00
9655,Fixation,9655,0.00,0.00,0.14214,-0.00393,0.01145,-0.98977,0.08449,0.00036,0.00003,-0.99642,-0.22527,0.00452,-0.01106,0.97422,0.08434,0.02772,0.00235,-0.99605,-0.22538,-0.02289,-0.00946,0.97396,0.00000,0.00000,1.00,1.00
9667,Fixation,9667,0.00,0.00,0.14201,-0.00396,0.01126,-0.98979,0.08462,0.00034,0.00003,-0.99641,-0.22526,0.00456,-0.01087,0.97423,0.08448,0.02769,0.00235,-0.99604,-0.22538,-0.02285,-0.00928,0.97396,0.00000,0.00000,1.00,1.00
9678,Fixation,9678,0.00,0.00,0.14194,-0.00397,0.01117,-0.98981,0.08480,0.00016,0.00001,-0.99640,-0.22536,0.00474,-0.01079,0.97420,0.08466,0.02752,0.00234,-0.99603,-0.22549,-0.02267,-0.00920,0.97394,0.00000,0.00000,1.00,1.00
9689,Fixation,9689,0.00,0.00,0.14190,-0.00397,0.01111,-0.98981,0.08484,0.00014,0.00001,-0.99639,-0.22536,0.00476,-0.01073,0.97420,0.08470,0.02750,0.00234,-0.99602,-0.22549,-0.02266,-0.00915,0.97394,0.00000,0.00000,1.00,1.00
9701,Fixation,9701,0.00,0.00,0.14193,-0.00401,0.01114,-0.98981,0.08312,0.00076,0.00006,-0.99654,-0.22371,0.00416,-0.01072,0.97459,0.08297,0.02811,0.00234,-0.99615,-0.22382,-0.02323,-0.00909,0.97431,0.00000,0.00000,1.00,1.00
9711,Fixation,9711,0.00,0.00,0.14203,-0.00408,0.01122,-0.98979,0.08301,0.00085,0.00007,-0.99655,-0.22371,0.00415,-0.01079,0.97459,0.08286,0.02820,0.00235,-0.99616,-0.22382,-0.02324,-0.00915,0.97431,0.00000,0.00000,1.00,1.00
9722,Fixation,9722,0.00,0.00,0.14224,-0.00414,0.01128,-0.98976,0.08280,0.00092,0.00008,-0.99657,-0.22371,0.00414,-0.01084,0.97459,0.08264,0.02826,0.00234,-0.99618,-0.22382,-0.02325,-0.00919,0.97431,0.00000,0.00000,1.00,1.00
9735,Fixation,9735,0.00,0.00,0.14258,-0.00430,0.01126,-0.98971,0.08158,0.00055,0.00005,-0.99667,-0.22285,0.00466,-0.01084,0.97478,0.08143,0.02789,0.00228,-0.99629,-0.22297,-0.02272,-0.00915,0.97452,0.00000,0.00000,1.00,1.00
9745,Fixation,9745,0.00,0.00,0.14269,-0.00444,0.01129,-0.98969,0.08147,0.00069,0.00006,-0.99668,-0.22285,0.00465,-0.01085,0.97478,0.08132,0.02803,0.00229,-0.99629,-0.22297,-0.02272,-0.00916,0.97452,0.00000,0.00000,1.00,1.00
9756,Fixation,9756,0.00,0.00,0.14271,-0.00453,0.01131,-0.98969,0.08145,0.00078,0.00006,-0.99668,-0.22285,0.00465,-0.01085,0.97478,0.08130,0.02812,0.00229,-0.99629,-0.22297,-0.02272,-0.00915,0.97452,0.00000,0.00000,1.00,1.00
9768,Fixation,9768,0.00,0.00,0.14266,-0.00460,0.01137,-0.98970,0.08182,0.00068,0.00006,-0.99665,-0.22317,0.00483,-0.01091,0.97471,0.08167,0.02801,0.00230,-0.99626,-0.22328,-0.02254,-0.00922,0.97445,0.00000,0.00000,1.00,1.00
9778,Fixation,9778,0.00,0.00,0.14267,-0.00461,0.01145,-0.98969,0.08181,0.00072,0.00006,-0.99665,-0.22317,0.00482,-0.01099,0.97471,0.08165,0.02806,0.00230,-0.99626,-0.22328,-0.02256,-0.00931,0.97445,0.00000,0.00000,1.00,1.00
9789,Fixation,9789,0.00,0.00,0.14264,-0.00454,0.01152,-0.98970,0.08184,0.00067,0.00005,-0.99665,-0.22317,0.00480,-0.01107,0.97470,0.08168,0.02800,0.00230,-0.99626,-0.22328,-0.02258,-0.00938,0.97445,0.00000,0.00000,1.00,1.00
9801,Fixation,9801,0.00,0.00,0.14269,-0.00436,0.01166,-0.98969,0.08145,0.00031,0.00003,-0.99668,-0.22283,0.00498,-0.01125,0.97478,0.08128,0.02765,0.00226,-0.99631,-0.22293,-0.02239,-0.00955,0.97453,0.00000,0.00000,1.00,1.00
9811,Fixation,9811,0.00,0.00,0.14280,-0.00400,0.01168,-0.98967,0.08134,-0.00003,0.00000,-0.99669,-0.22283,0.00497,-0.01132,0.97478,0.08117,0.02731,0.00222,-0.99632,-0.22293,-0.02240,-0.00962,0.97453,0.00000,0.00000,1.00,1.00
9822,Fixation,9822,0.00,0.00,0.14286,-0.00372,0.01170,-0.98967,0.08128,-0.00030,-0.00002,-0.99669,-0.22283,0.00496,-0.01138,0.97478,0.08111,0.02704,0.00220,-0.99634,-0.22293,-0.02242,-0.00967,0.97453,0.00000,0.00000,1.00,1.00
9834,Fixation,9834,0.00,0.00,0.14303,-0.00334,0.01163,-0.98964,0.08027,0.00097,0.00008,-0.99677,-0.22202,0.00330,-0.01126,0.97497,0.08009,0.02829,0.00227,-0.99638,-0.22211,-0.02406,-0.00952,0.97468,0.00000,0.00000,1.00,1.00
9845,Fixation,9845,0.00,0.00,0.14318,-0.00299,0.01162,-0.98962,0.08012,0.00063,0.00005,-0.99678,-0.22202,0.00329,-0.01130,0.97497,0.07994,0.02795,0.00224,-0.99641,-0.22211,-0.02407,-0.00956,0.97468,0.00000,0.00000,1.00,1.00
9856,Fixation,9856,0.00,0.00,0.14344,-0.00273,0.01169,-0.98959,0.07986,0.00040,0.00003,-0.99681,-0.22202,0.00326,-0.01141,0.97497,0.07967,0.02772,0.00222,-0.99643,-0.22211,-0.02409,-0.00965,0.97468,0.00000,0.00000,1.00,1.00
9868,Fixation,9868,0.00,0.00,0.14363,-0.00248,0.01158,-0.98956,0.07967,0.00012,0.00001,-0.99682,-0.22202,0.00328,-0.01134,0.97497,0.07949,0.02744,0.00219,-0.99646,-0.22211,-0.02407,-0.00957,0.97468,0.00000,0.00000,1.00,1.00
9878,Fixation,9878,0.00,0.00,0.14374,-0.00226,0.01136,-0.98955,0.07982,0.00043,0.00003,-0.99681,-0.22227,0.00273,-0.01111,0.97492,0.07965,0.02775,0.00222,-0.99643,-0.22237,-0.02462,-0.00934,0.97461,0.00000,0.00000,1.00,1.00
9889,Fixation,9889,0.00,0.00,0.14376,-0.00205,0.01110,-0.98955,0.07980,0.00015,0.00001,-0.99681,-0.22227,0.00279,-0.01089,0.97492,0.07966,0.02747,0.00220,-0.99644,-0.22238,-0.02457,-0.00912,0.97461,0.00000,0.00000,1.00,1.00
9901,Fixation,9901,0.00,0.00,0.14375,-0.00186,0.01090,-0.98955,0.08024,0.00069,0.00006,-0.99678,-0.22270,0.00204,-0.01067,0.97483,0.08010,0.02801,0.00225,-0.99639,-0.22281,-0.02532,-0.00891,0.97449,0.00000,0.00000,1.00,1.00
9912,Fixation,9912,0.00,0.00,0.14356,-0.00169,0.01091,-0.98958,0.08044,0.00053,0.00004,-0.99676,-0.22270,0.00203,-0.01070,0.97483,0.08030,0.02786,0.00225,-0.99638,-0.22281,-0.02533,-0.00896,0.97449,0.00000,0.00000,1.00,1.00
9923,Fixation,9923,0.00,0.00,0.14351,-0.00148,0.01102,-0.98959,0.08049,0.00036,0.00003,-0.99676,-0.22270,0.00200,-0.01084,0.97482,0.08034,0.02769,0.00223,-0.99638,-0.22281,-0.02536,-0.00910,0.97449,0.00000,0.00000,1.00,1.00
9935,Fixation,9935,0.00,0.00,0.14342,-0.00122,0.01092,-0.98960,0.07986,-0.00015,-0.00001,-0.99681,-0.22199,0.00224,-0.01079,0.97499,0.07971,0.02717,0.00217,-0.99645,-0.22210,-0.02511,-0.00903,0.97466,0.00000,0.00000,1.00,1.00
9945,Fixation,9945,0.00,0.00,0.14341,-0.00092,0.01085,-0.98960,0.07988,-0.00046,-0.00004,-0.99680,-0.22199,0.00225,-0.01077,0.97499,0.07973,0.02686,0.00215,-0.99645,-0.22210,-0.02511,-0.00901,0.97466,0.00000,0.00000,1.00,1.00
9957,Fixation,9957,0.00,0.00,0.14342,-0.00066,0.01068,-0.98960,0.07987,-0.00077,-0.00006,-0.99681,-0.22199,0.00228,-0.01064,0.97499,0.07973,0.02656,0.00213,-0.99646,-0.22210,-0.02508,-0.00889,0.97466,0.00000,0.00000,1.00,1.00
9968,Fixation,9968,0.00,0.00,0.14342,-0.00044,0.01060,-0.98960,0.07980,-0.00092,-0.00007,-0.99681,-0.22193,0.00221,-0.01059,0.97500,0.07967,0.02641,0.00211,-0.99647,-0.22204,-0.02515,-0.00883,0.97467,0.00000,0.00000,1.00,1.00
9978,Fixation,9978,0.00,0.00,0.14350,-0.00029,0.01082,-0.98959,0.07973,-0.00100,-0.00008,-0.99682,-0.22193,0.00215,-0.01083,0.97500,0.07958,0.02633,0.00210,-0.99648,-0.22203,-0.02520,-0.00906,0.97467,0.00000,0.00000,1.00,1.00
9989,Fixation,9989,0.00,0.00,0.14329,-0.00028,0.01124,-0.98962,0.07994,-0.00088,-0.00007,-0.99680,-0.22193,0.00206,-0.01124,0.97500,0.07977,0.02645,0.00212,-0.99646,-0.22202,-0.02530,-0.00949,0.97467,0.00000,0.00000,1.00,1.00
10001,Fixation,10001,0.00,0.00,0.14295,-0.00038,0.01172,-0.98966,0.08074,-0.00158,-0.00013,-0.99673,-0.22237,0.00290,-0.01175,0.97489,0.08056,0.02575,0.00208,-0.99642,-0.22246,-0.02446,-0.01003,0.97458,0.00000,0.00000,1.00,1.00
10012,Saccade,10,0.00,0.00,0.14265,-0.00044,0.01196,-0.98970,0.08104,-0.00145,-0.00012,-0.99671,-0.22237,0.00285,-0.01198,0.97488,0.08085,0.02589,0.00210,-0.99639,-0.22246,-0.02452,-0.01027,0.97458,0.00000,0.00000,1.00,1.00
10023,Saccade,22,0.00,0.00,0.14252,-0.00059,0.01186,-0.98972,0.08118,-0.00132,-0.00011,-0.99670,-0.22237,0.00288,-0.01186,0.97489,0.08098,0.02601,0.00211,-0.99637,-0.22246,-0.02449,-0.01016,0.97458,0.00000,0.00000,1.00,1.00
10035,Saccade,34,0.00,0.00,0.14255,-0.00076,0.01156,-0.98972,0.08079,-0.00318,-0.00026,-0.99673,-0.22201,0.00488,-0.01166,0.97496,0.08066,0.02416,0.00196,-0.99645,-0.22216,-0.02249,-0.00995,0.97470,0.00000,0.00000,1.00,1.00
10045,Saccade,44,0.00,0.00,0.14262,-0.00088,0.01125,-0.98971,0.08072,-0.00317,-0.00026,-0.99673,-0.22200,0.00495,-0.01134,0.97497,0.08061,0.02417,0.00196,-0.99645,-0.22217,-0.02242,-0.00963,0.97470,0.00000,0.00000,1.00,1.00
10056,Saccade,55,0.00,0.00,0.14262,-0.00107,0.01108,-0.98972,0.08072,-0.00303,-0.00025,-0.99673,-0.22200,0.00500,-0.01114,0.97497,0.08062,0.02430,0.00197,-0.99645,-0.22217,-0.02238,-0.00943,0.97470,0.00000,0.00000,1.00,1.00
10068,Saccade,67,0.00,0.00,0.14271,-0.00110,0.01107,-0.98970,0.08027,-0.00317,-0.00026,-0.99677,-0.22166,0.00516,-0.01114,0.97505,0.08018,0.02416,0.00194,-0.99649,-0.22184,-0.02221,-0.00942,0.97479,0.00000,0.00000,1.00,1.00
10079,Saccade,77,0.00,0.00,0.14272,-0.00111,0.01110,-0.98970,0.08026,-0.00315,-0.00025,-0.99677,-0.22166,0.00515,-0.01117,0.97505,0.08018,0.02418,0.00195,-0.99649,-0.22183,-0.02221,-0.00944,0.97479,0.00000,0.00000,1.00,1.00
10090,Saccade,88,0.00,0.00,0.14275,-0.00114,0.01120,-0.98970,0.08023,-0.00309,-0.00025,-0.99677,-0.22166,0.00513,-0.01127,0.97505,0.08014,0.02424,0.00195,-0.99649,-0.22183,-0.02223,-0.00954,0.97478,0.00000,0.00000,1.00,1.00
10102,Saccade,101,0.00,0.00,0.14278,-0.00104,0.01137,-0.98969,0.08322,-0.00307,-0.00026,-0.99653,-0.22461,0.00506,-0.01143,0.97437,0.08310,0.02428,0.00203,-0.99624,-0.22476,-0.02234,-0.00978,0.97411,0.00000,0.00000,1.00,1.00
10112,Saccade,111,0.00,0.00,0.14288,-0.00095,0.01141,-0.98967,0.08312,-0.00314,-0.00026,-0.99653,-0.22461,0.00505,-0.01148,0.97437,0.08299,0.02421,0.00202,-0.99625,-0.22476,-0.02235,-0.00982,0.97411,0.00000,0.00000,1.00,1.00
10123,Saccade,122,0.00,0.00,0.14300,-0.00085,0.01135,-0.98966,0.08301,-0.00326,-0.00027,-0.99654,-0.22461,0.00506,-0.01144,0.97437,0.08288,0.02409,0.00200,-0.99627,-0.22476,-0.02234,-0.00978,0.97411,0.00000,0.00000,1.00,1.00
10135,Saccade,134,0.00,0.00,0.14300,-0.00075,0.01124,-0.98966,0.08309,-0.00334,-0.00028,-0.99654,-0.22470,0.00503,-0.01134,0.97435,0.08298,0.02401,0.00200,-0.99626,-0.22486,-0.02237,-0.00968,0.97409,0.00000,0.00000,1.00,1.00
10145,Saccade,144,0.00,0.00,0.14295,-0.00064,0.01125,-0.98967,0.08315,-0.00345,-0.00029,-0.99653,-0.22470,0.00502,-0.01137,0.97435,0.08303,0.02391,0.00199,-0.99626,-0.22486,-0.02237,-0.00971,0.97409,0.00000,0.00000,1.00,1.00
10156,Saccade,155,0.00,0.00,0.14281,-0.00053,0.01127,-0.98969,0.08329,-0.00355,-0.00030,-0.99652,-0.22470,0.00502,-0.01140,0.97435,0.08317,0.02381,0.00199,-0.99625,-0.22486,-0.02238,-0.00975,0.97409,0.00000,0.00000,1.00,1.00
10168,Saccade,167,0.00,0.00,0.14275,-0.00037,0.01127,-0.98969,0.08121,-0.00353,-0.00029,-0.99669,-0.22262,0.00482,-0.01142,0.97483,0.08110,0.02381,0.00194,-0.99642,-0.22277,-0.02256,-0.00972,0.97456,0.00000,0.00000,1.00,1.00
10179,Saccade,178,0.00,0.00,0.14275,-0.00010,0.01112,-0.98970,0.08122,-0.00383,-0.00031,-0.99669,-0.22262,0.00484,-0.01131,0.97483,0.08111,0.02351,0.00191,-0.99643,-0.22278,-0.02254,-0.00961,0.97456,0.00000,0.00000,1.00,1.00
10190,Saccade,189,0.00,0.00,0.14265,0.00005,0.01108,-0.98971,0.08132,-0.00399,-0.00033,-0.99668,-0.22262,0.00485,-0.01129,0.97483,0.08121,0.02336,0.00190,-0.99642,-0.22278,-0.02253,-0.00959,0.97456,0.00000,0.00000,1.00,1.00
10202,Saccade,201,0.00,0.00,0.14249,0.00029,0.01134,-0.98973,0.08141,-0.00247,-0.00020,-0.99668,-0.22256,0.00311,-0.01147,0.97485,0.08127,0.02487,0.00203,-0.99638,-0.22268,-0.02427,-0.00978,0.97454,0.00000,0.00000,1.00,1.00
10212,Saccade,211,0.00,0.00,0.14239,0.00040,0.01171,-0.98974,0.08150,-0.00246,-0.00020,-0.99667,-0.22256,0.00302,-0.01185,0.97484,0.08134,0.02488,0.00203,-0.99637,-0.22267,-0.02435,-0.01016,0.97454,0.00000,0.00000,1.00,1.00
10223,Saccade,222,0.00,0.00,0.14235,0.00055,0.01193,-0.98974,0.08155,-0.00254,-0.00021,-0.99667,-0.22256,0.00297,-0.01209,0.97484,0.08137,0.02480,0.00202,-0.99637,-0.22267,-0.02441,-0.01041,0.97453,0.00000,0.00000,1.00,1.00
10235,Saccade,234,0.00,0.00,0.14226,0.00064,0.01202,-0.98976,0.08145,-0.00218,-0.00018,-0.99668,-0.22237,0.00253,-0.01216,0.97488,0.08128,0.02515,0.00205,-0.99637,-0.22249,-0.02485,-0.01048,0.97456,0.00000,0.00000,1.00,1.00
10245,Saccade,244,0.00,0.00,0.14211,0.00067,0.01210,-0.98978,0.08160,-0.00219,-0.00018,-0.99666,-0.22237,0.00251,-0.01224,0.97488,0.08142,0.02515,0.00206,-0.99636,-0.22249,-0.02487,-0.01057,0.97456,0.00000,0.00000,1.00,1.00
10257,Saccade,255,0.00,0.00,0.14170,0.00059,0.01211,-0.98984,0.08201,-0.00210,-0.00017,-0.99663,-0.22237,0.00251,-0.01224,0.97488,0.08183,0.02524,0.00207,-0.99632,-0.22249,-0.02488,-0.01059,0.97456,0.00000,0.00000,1.00,1.00
10269,Saccade,268,0.00,0.00,0.14120,0.00054,0.01236,-0.98990,0.08170,-0.00421,-0.00035,-0.99665,-0.22155,0.00469,-0.01262,0.97506,0.08156,0.02313,0.00189,-0.99640,-0.22172,-0.02270,-0.01097,0.97478,0.00000,0.00000,1.00,1.00
10279,Saccade,278,0.00,0.00,0.14063,0.00045,0.01249,-0.98998,0.08228,-0.00408,-0.00034,-0.99660,-0.22155,0.00466,-0.01272,0.97505,0.08213,0.02327,0.00192,-0.99635,-0.22172,-0.02273,-0.01111,0.97478,0.00000,0.00000,1.00,1.00
10291,Saccade,289,0.00,0.00,0.14030,0.00033,0.01255,-0.99003,0.08261,-0.00394,-0.00033,-0.99657,-0.22156,0.00465,-0.01276,0.97505,0.08246,0.02341,0.00194,-0.99632,-0.22172,-0.02274,-0.01116,0.97478,0.00000,0.00000,1.00,1.00
10303,Saccade,301,0.00,0.00,0.14003,0.00025,0.01252,-0.99007,0.08176,-0.00390,-0.00032,-0.99664,-0.22046,0.00468,-0.01273,0.97530,0.08163,0.02344,0.00192,-0.99638,-0.22064,-0.02271,-0.01112,0.97503,0.00000,0.00000,1.00,1.00
10313,Saccade,311,0.00,0.00,0.13978,-0.00002,0.01256,-0.99010,0.08201,-0.00362,-0.00030,-0.99663,-0.22046,0.00468,-0.01273,0.97530,0.08188,0.02372,0.00195,-0.99636,-0.22064,-0.02271,-0.01113,0.97503,0.00000,0.00000,1.00,1.00
10324,Saccade,322,0.00,0.00,0.13960,-0.00033,0.01265,-0.99013,0.08219,-0.00330,-0.00027,-0.99661,-0.22046,0.00467,-0.01278,0.97530,0.08206,0.02404,0.00198,-0.99634,-0.22064,-0.02272,-0.01119,0.97503,0.00000,0.00000,1.00,1.00
10335,Saccade,334,0.00,0.00,0.13940,-0.00064,0.01277,-0.99015,0.08138,-0.00223,-0.00018,-0.99668,-0.21949,0.00392,-0.01280,0.97552,0.08125,0.02511,0.00205,-0.99638,-0.21967,-0.02347,-0.01120,0.97523,0.00000,0.00000,1.00,1.00
10346,Saccade,345,0.00,0.00,0.13926,-0.00086,0.01287,-0.99017,0.08153,-0.00200,-0.00016,-0.99667,-0.21949,0.00390,-0.01287,0.97552,0.08139,0.02535,0.00207,-0.99636,-0.21967,-0.02348,-0.01127,0.97523,0.00000,0.00000,1.00,1.00
10357,Saccade,356,0.00,0.00,0.13929,-0.00104,0.01286,-0.99017,0.08149,-0.00182,-0.00015,-0.99667,-0.21949,0.00391,-0.01284,0.97552,0.08136,0.02552,0.00208,-0.99636,-0.21967,-0.02348,-0.01124,0.97523,0.00000,0.00000,1.00,1.00
10369,Saccade,368,0.00,0.00,0.13942,-0.00110,0.01293,-0.99015,0.08170,-0.00236,-0.00019,-0.99665,-0.21982,0.00452,-0.01293,0.97544,0.08158,0.02498,0.00205,-0.99635,-0.22001,-0.02286,-0.01133,0.97516,0.00000,0.00000,1.00,1.00
10379,Saccade,378,0.00,0.00,0.13963,-0.00116,0.01307,-0.99012,0.08149,-0.00227,-0.00019,-0.99667,-0.21982,0.00450,-0.01306,0.97544,0.08136,0.02507,0.00205,-0.99637,-0.22001,-0.02289,-0.01145,0.97516,0.00000,0.00000,1.00,1.00
10391,Saccade,389,0.00,0.00,0.13984,-0.00107,0.01315,-0.99009,0.08129,-0.00233,-0.00019,-0.99669,-0.21982,0.00447,-0.01316,0.97544,0.08115,0.02501,0.00204,-0.99639,-0.22001,-0.02291,-0.01154,0.97516,0.00000,0.00000,1.00,1.00
10402,Saccade,401,0.00,0.00,0.13990,-0.00100,0.01337,-0.99007,0.08458,-0.00336,-0.00028,-0.99641,-0.22310,0.00549,-0.01342,0.97469,0.08444,0.02401,0.00203,-0.99614,-0.22329,-0.02193,-0.01189,0.97443,0.00000,0.00000,1.00,1.00
10412,Saccade,411,0.00,0.00,0.13993,-0.00078,0.01351,-0.99007,0.08456,-0.00352,-0.00030,-0.99641,-0.22310,0.00545,-0.01359,0.97469,0.08441,0.02384,0.00202,-0.99614,-0.22328,-0.02197,-0.01206,0.97443,0.00000,0.00000,1.00,1.00
10424,Saccade,423,0.00,0.00,0.13982,-0.00059,0.01359,-0.99008,0.08467,-0.00368,-0.00031,-0.99640,-0.22310,0.00543,-0.01369,0.97469,0.08451,0.02369,0.00201,-0.99614,-0.22328,-0.02199,-0.01216,0.97443,0.00000,0.00000,1.00,1.00
10436,Saccade,435,0.00,0.00,0.13955,-0.00032,0.01348,-0.99012,0.08512,-0.00416,-0.00036,-0.99636,-0.22326,0.00564,-0.01363,0.97465,0.08498,0.02320,0.00198,-0.99611,-0.22346,-0.02179,-0.01212,0.97439,0.00000,0.00000,1.00,1.00
10446,Saccade,445,0.00,0.00,0.13931,-0.00012,0.01331,-0.99016,0.08536,-0.00440,-0.00038,-0.99634,-0.22326,0.00567,-0.01349,0.97465,0.08524,0.02297,0.00197,-0.99609,-0.22347,-0.02176,-0.01199,0.97439,0.00000,0.00000,1.00,1.00
10457,Saccade,456,0.00,0.00,0.13918,0.00003,0.01286,-0.99018,0.08549,-0.00468,-0.00040,-0.99633,-0.22326,0.00576,-0.01307,0.97465,0.08539,0.02269,0.00194,-0.99609,-0.22348,-0.02167,-0.01158,0.97440,0.00000,0.00000,1.00,1.00
10469,Saccade,468,0.00,0.00,0.13929,0.00018,0.01238,-0.99017,0.08446,-0.00319,-0.00027,-0.99642,-0.22238,0.00406,-0.01252,0.97487,0.08437,0.02417,0.00205,-0.99614,-0.22260,-0.02336,-0.01100,0.97457,0.00000,0.00000,1.00,1.00
10479,Saccade,478,0.00,0.00,0.13939,0.00020,0.01184,-0.99017,0.08436,-0.00337,-0.00029,-0.99643,-0.22238,0.00418,-0.01200,0.97488,0.08431,0.02399,0.00203,-0.99615,-0.22261,-0.02324,-0.01047,0.97457,0.00000,0.00000,1.00,1.00
10491,Saccade,489,0.00,0.00,0.13946,0.00016,0.01169,-0.99016,0.08428,-0.00338,-0.00029,-0.99644,-0.22238,0.00421,-0.01185,0.97488,0.08424,0.02398,0.00203,-0.99616,-0.22262,-0.02320,-0.01032,0.97458,0.00000,0.00000,1.00,1.00
10503,Saccade,501,0.00,0.00,0.13930,0.00010,0.01157,-0.99018,0.08309,-0.00277,-0.00023,-0.99654,-0.22106,0.00363,-0.01169,0.97518,0.08302,0.02459,0.00205,-0.99624,-0.22127,-0.02377,-0.01014,0.97487,0.00000,0.00000,1.00,1.00
10513,Saccade,512,0.00,0.00,0.13897,0.00008,0.01150,-0.99023,0.08343,-0.00275,-0.00023,-0.99651,-0.22106,0.00364,-0.01162,0.97518,0.08336,0.02460,0.00206,-0.99621,-0.22127,-0.02376,-0.01009,0.97487,0.00000,0.00000,1.00,1.00
10524,Saccade,523,0.00,0.00,0.13848,0.00000,0.01138,-0.99030,0.08391,-0.00271,-0.00023,-0.99647,-0.22106,0.00367,-0.01148,0.97519,0.08386,0.02465,0.00207,-0.99617,-0.22127,-0.02374,-0.00997,0.97487,0.00000,0.00000,1.00,1.00
10536,Saccade,535,0.00,0.00,0.13792,-0.00013,0.01126,-0.99038,0.08432,-0.00180,-0.00015,-0.99644,-0.22092,0.00289,-0.01131,0.97522,0.08422,0.02556,0.00216,-0.99612,-0.22109,-0.02452,-0.00982,0.97490,0.00000,0.00000,1.00,1.00
10546,Saccade,545,0.00,0.00,0.13753,-0.00027,0.01112,-0.99044,0.08471,-0.00171,-0.00015,-0.99640,-0.22092,0.00293,-0.01115,0.97523,0.08462,0.02565,0.00218,-0.99608,-0.22109,-0.02449,-0.00969,0.97490,0.00000,0.00000,1.00,1.00
10557,Saccade,556,0.00,0.00,0.13725,-0.00040,0.01102,-0.99047,0.08498,-0.00161,-0.00014,-0.99638,-0.22091,0.00295,-0.01104,0.97523,0.08490,0.02575,0.00220,-0.99605,-0.22109,-0.02447,-0.00959,0.97490,0.00000,0.00000,1.00,1.00
10569,Saccade,568,0.00,0.00,0.13692,-0.00052,0.01093,-0.99052,0.08494,0.00069,0.00006,-0.99639,-0.22057,0.00076,-0.01081,0.97531,0.08481,0.02805,0.00239,-0.99600,-0.22069,-0.02666,-0.00937,0.97494,0.00000,0.00000,1.00,1.00
10580,Saccade,578,0.00,0.00,0.13652,-0.00067,0.01102,-0.99058,0.08534,0.00086,0.00007,-0.99635,-0.22057,0.00074,-0.01087,0.97531,0.08521,0.02822,0.00241,-0.99596,-0.22068,-0.02668,-0.00945,0.97493,0.00000,0.00000,1.00,1.00
10591,Saccade,590,0.00,0.00,0.13613,-0.00079,0.01114,-0.99063,0.08573,0.00102,0.00009,-0.99632,-0.22057,0.00072,-0.01097,0.97531,0.08559,0.02839,0.00244,-0.99592,-0.22068,-0.02671,-0.00957,0.97493,0.00000,0.00000,1.00,1.00
10603,Saccade,601,0.00,0.00,0.13597,-0.00088,0.01092,-0.99065,0.08891,0.00713,0.00064,-0.99601,-0.22358,-0.00530,-0.01046,0.97461,0.08868,0.03451,0.00307,-0.99546,-0.22358,-0.03276,-0.00914,0.97409,0.00000,0.00000,1.00,1.00
10613,Saccade,611,0.00,0.00,0.13594,-0.00103,0.01066,-0.99066,0.08894,0.00720,0.00064,-0.99601,-0.22358,-0.00524,-0.01018,0.97462,0.08873,0.03457,0.00308,-0.99545,-0.22359,-0.03269,-0.00887,0.97409,0.00000,0.00000,1.00,1.00
10624,Saccade,623,0.00,0.00,0.13612,-0.00118,0.01026,-0.99064,0.08877,0.00722,0.00064,-0.99603,-0.22359,-0.00515,-0.00977,0.97462,0.08858,0.03459,0.00308,-0.99546,-0.22361,-0.03260,-0.00845,0.97410,0.00000,0.00000,1.00,1.00
10636,Saccade,635,0.00,0.00,0.13616,-0.00146,0.01007,-0.99064,0.08833,0.00961,0.00085,-0.99604,-0.22322,-0.00730,-0.00943,0.97470,0.08811,0.03697,0.00327,-0.99542,-0.22319,-0.03473,-0.00810,0.97412,0.00000,0.00000,1.00,1.00
10646,Saccade,645,0.00,0.00,0.13603,-0.00164,0.01002,-0.99065,0.08845,0.00977,0.00087,-0.99603,-0.22322,-0.00728,-0.00936,0.97470,0.08823,0.03714,0.00329,-0.99540,-0.22319,-0.03472,-0.00804,0.97412,0.00000,0.00000,1.00,1.00
10658,Saccade,656,0.00,0.00,0.13592,-0.00178,0.00998,-0.99067,0.08857,0.00990,0.00088,-0.99602,-0.22322,-0.00727,-0.00931,0.97470,0.08835,0.03726,0.00331,-0.99539,-0.22320,-0.03471,-0.00798,0.97412,0.00000,0.00000,1.00,1.00
10670,Saccade,668,0.00,0.00,0.13582,-0.00183,0.00988,-0.99068,0.08946,0.00986,0.00089,-0.99594,-0.22399,-0.00718,-0.00921,0.97452,0.08921,0.03723,0.00334,-0.99531,-0.22394,-0.03463,-0.00792,0.97396,0.00000,0.00000,1.00,1.00
10680,Saccade,678,0.00,0.00,0.13566,-0.00179,0.00957,-0.99071,0.08962,0.00972,0.00088,-0.99593,-0.22399,-0.00711,-0.00891,0.97452,0.08939,0.03709,0.00333,-0.99530,-0.22395,-0.03457,-0.00763,0.97396,0.00000,0.00000,1.00,1.00
10691,Saccade,690,0.00,0.00,0.13560,-0.00173,0.00921,-0.99072,0.08969,0.00956,0.00086,-0.99592,-0.22400,-0.00704,-0.00858,0.97453,0.08948,0.03693,0.00332,-0.99530,-0.22396,-0.03449,-0.00730,0.97396,0.00000,0.00000,1.00,1.00
10703,Saccade,702,0.00,0.00,0.13552,-0.00157,0.00888,-0.99073,0.09048,0.00882,0.00080,-0.99586,-0.22468,-0.00647,-0.00830,0.97438,0.09026,0.03620,0.00328,-0.99525,-0.22463,-0.03394,-0.00705,0.97383,0.00000,0.00000,1.00,1.00
10713,Saccade,712,0.00,0.00,0.13558,-0.00148,0.00878,-0.99073,0.09042,0.00869,0.00079,-0.99587,-0.22468,-0.00645,-0.00821,0.97438,0.09021,0.03607,0.00327,-0.99526,-0.22463,-0.03392,-0.00695,0.97383,0.00000,0.00000,1.00,1.00
10724,Saccade,723,0.00,0.00,0.13554,-0.00133,0.00862,-0.99073,0.09047,0.00850,0.00077,-0.99586,-0.22468,-0.00642,-0.00807,0.97438,0.09027,0.03588,0.00325,-0.99527,-0.22464,-0.03388,-0.00682,0.97383,0.00000,0.00000,1.00,1.00
10736,Saccade,735,0.00,0.00,0.13540,-0.00120,0.00846,-0.99075,0.09073,0.00675,0.00062,-0.99585,-0.22479,-0.00481,-0.00801,0.97436,0.09052,0.03414,0.00310,-0.99530,-0.22474,-0.03228,-0.00676,0.97386,0.00000,0.00000,1.00,1.00
10747,Saccade,745,0.00,0.00,0.13534,-0.00112,0.00809,-0.99077,0.09080,0.00656,0.00060,-0.99585,-0.22479,-0.00473,-0.00766,0.97437,0.09061,0.03395,0.00309,-0.99530,-0.22475,-0.03220,-0.00642,0.97386,0.00000,0.00000,1.00,1.00
10758,Saccade,757,0.00,0.00,0.13520,-0.00096,0.00779,-0.99079,0.09094,0.00631,0.00058,-0.99584,-0.22479,-0.00467,-0.00739,0.97437,0.09076,0.03370,0.00307,-0.99530,-0.22476,-0.03214,-0.00616,0.97387,0.00000,0.00000,1.00,1.00
10770,Saccade,768,0.00,0.00,0.13498,-0.00080,0.00760,-0.99082,0.09096,-0.00395,-0.00036,-0.99585,-0.22451,0.00545,-0.00767,0.97443,0.09089,0.02346,0.00214,-0.99558,-0.22462,-0.02205,-0.00645,0.97418,0.00000,0.00000,1.00,1.00
10780,Saccade,779,0.00,0.00,0.13484,-0.00072,0.00761,-0.99084,0.09110,-0.00403,-0.00037,-0.99583,-0.22451,0.00545,-0.00769,0.97443,0.09103,0.02338,0.00214,-0.99557,-0.22461,-0.02205,-0.00647,0.97418,0.00000,0.00000,1.00,1.00
10792,Saccade,791,0.00,0.00,0.13470,-0.00053,0.00769,-0.99086,0.09124,-0.00418,-0.00038,-0.99582,-0.22451,0.00542,-0.00779,0.97443,0.09116,0.02323,0.00213,-0.99556,-0.22461,-0.02208,-0.00658,0.97418,0.00000,0.00000,1.00,1.00
10803,Saccade,802,0.00,0.00,0.13456,-0.00039,0.00770,-0.99088,0.09406,-0.00378,-0.00036,-0.99556,-0.22714,0.00491,-0.00778,0.97382,0.09394,0.02365,0.00223,-0.99529,-0.22720,-0.02262,-0.00665,0.97356,0.00000,0.00000,1.00,1.00
10814,Saccade,812,0.00,0.00,0.13443,-0.00032,0.00751,-0.99089,0.09419,-0.00391,-0.00037,-0.99555,-0.22714,0.00495,-0.00761,0.97382,0.09408,0.02352,0.00222,-0.99528,-0.22720,-0.02258,-0.00649,0.97357,0.00000,0.00000,1.00,1.00
10825,Saccade,824,0.00,0.00,0.13430,-0.00030,0.00726,-0.99091,0.09432,-0.00401,-0.00038,-0.99553,-0.22713,0.00501,-0.00736,0.97382,0.09422,0.02342,0.00222,-0.99527,-0.22720,-0.02253,-0.00625,0.97357,0.00000,0.00000,1.00,1.00
10837,Saccade,836,0.00,0.00,0.13411,-0.00030,0.00703,-0.99094,0.09276,-0.00474,-0.00044,-0.99568,-0.22541,0.00570,-0.00717,0.97422,0.09268,0.02269,0.00211,-0.99544,-0.22549,-0.02182,-0.00602,0.97398,0.00000,0.00000,1.00,1.00
10847,Saccade,846,0.00,0.00,0.13377,-0.00029,0.00689,-0.99099,0.09309,-0.00479,-0.00045,-0.99565,-0.22541,0.00574,-0.00703,0.97422,0.09302,0.02264,0.00212,-0.99540,-0.22549,-0.02179,-0.00590,0.97398,0.00000,0.00000,1.00,1.00
10859,Saccade,857,0.00,0.00,0.13349,-0.00044,0.00698,-0.99103,0.09337,-0.00462,-0.00043,-0.99562,-0.22541,0.00572,-0.00709,0.97422,0.09329,0.02281,0.00214,-0.99538,-0.22549,-0.02181,-0.00598,0.97398,0.00000,0.00000,1.00,1.00
10870,Saccade,869,0.00,0.00,0.13329,-0.00048,0.00705,-0.99105,0.09424,-0.00306,-0.00029,-0.99554,-0.22607,0.00421,-0.00710,0.97408,0.09412,0.02438,0.00231,-0.99526,-0.22611,-0.02332,-0.00601,0.97380,0.00000,0.00000,1.00,1.00
10881,Saccade,880,0.00,0.00,0.13321,-0.00060,0.00705,-0.99106,0.09432,-0.00294,-0.00028,-0.99554,-0.22607,0.00422,-0.00708,0.97408,0.09420,0.02449,0.00232,-0.99525,-0.22611,-0.02332,-0.00599,0.97380,0.00000,0.00000,1.00,1.00
10892,Saccade,891,0.00,0.00,0.13314,-0.00072,0.00692,-0.99107,0.09439,-0.00287,-0.00027,-0.99553,-0.22607,0.00425,-0.00693,0.97408,0.09427,0.02457,0.00233,-0.99524,-0.22611,-0.02329,-0.00585,0.97381,0.00000,0.00000,1.00,1.00
10904,Saccade,903,0.00,0.00,0.13330,-0.00082,0.00679,-0.99105,0.09327,-0.00466,-0.00044,-0.99563,-0.22512,0.00612,-0.00687,0.97429,0.09318,0.02277,0.00213,-0.99539,-0.22518,-0.02141,-0.00576,0.97406,0.00000,0.00000,1.00,1.00
10914,Saccade,913,0.00,0.00,0.13342,-0.00093,0.00675,-0.99104,0.09315,-0.00456,-0.00043,-0.99564,-0.22512,0.00613,-0.00682,0.97429,0.09306,0.02287,0.00214,-0.99540,-0.22518,-0.02140,-0.00570,0.97406,0.00000,0.00000,1.00,1.00
10925,Saccade,924,0.00,0.00,0.13361,-0.00103,0.00668,-0.99101,0.09295,-0.00449,-0.00042,-0.99566,-0.22512,0.00615,-0.00674,0.97429,0.09287,0.02294,0.00214,-0.99541,-0.22518,-0.02137,-0.00561,0.97407,0.00000,0.00000,1.00,1.00
10937,Saccade,935,0.00,0.00,0.13383,-0.00107,0.00672,-0.99098,0.09281,-0.00399,-0.00037,-0.99568,-0.22519,0.00569,-0.00675,0.97427,0.09270,0.02344,0.00218,-0.99542,-0.22524,-0.02183,-0.00561,0.97404,0.00000,0.00000,1.00,1.00
10947,Saccade,946,0.00,0.00,0.13405,-0.00109,0.00666,-0.99095,0.09258,-0.00399,-0.00037,-0.99570,-0.22519,0.00570,-0.00669,0.97427,0.09248,0.02344,0.00218,-0.99544,-0.22524,-0.02182,-0.00554,0.97404,0.00000,0.00000,1.00,1.00
10958,Saccade,957,0.00,0.00,0.13437,-0.00117,0.00677,-0.99091,0.09226,-0.00387,-0.00036,-0.99573,-0.22519,0.00568,-0.00680,0.97427,0.09215,0.02355,0.00218,-0.99546,-0.22524,-0.02184,-0.00563,0.97404,0.00000,0.00000,1.00,1.00
10970,Saccade,969,0.00,0.00,0.13460,-0.00116,0.00682,-0.99088,0.09195,-0.00502,-0.00046,-0.99575,-0.22510,0.00682,-0.00690,0.97429,0.09184,0.02240,0.00207,-0.99552,-0.22515,-0.02069,-0.00572,0.97409,0.00000,0.00000,1.00,1.00
10981,Saccade,979,0.00,0.00,0.13475,-0.00125,0.00681,-0.99086,0.09179,-0.00494,-0.00046,-0.99577,-0.22510,0.00682,-0.00688,0.97429,0.09169,0.02248,0.00207,-0.99553,-0.22515,-0.02069,-0.00569,0.97409,0.00000,0.00000,1.00,1.00
10992,Saccade,991,0.00,0.00,0.13474,-0.00132,0.00675,-0.99086,0.09180,-0.00489,-0.00045,-0.99577,-0.22510,0.00684,-0.00682,0.97429,0.09170,0.02253,0.00208,-0.99553,-0.22515,-0.02067,-0.00562,0.97409,0.00000,0.00000,1.00,1.00
11003,Saccade,1002,0.00,0.00,0.13470,-0.00137,0.00677,-0.99086,0.09200,-0.00499,-0.00046,-0.99575,-0.22525,0.00700,-0.00683,0.97425,0.09189,0.02243,0.00207,-0.99551,-0.22530,-0.02051,-0.00564,0.97406,0.00000,0.00000,1.00,1.00
11014,Saccade,1012,0.00,0.00,0.13469,-0.00137,0.00679,-0.99086,0.09201,-0.00499,-0.00046,-0.99575,-0.22525,0.00699,-0.00685,0.97425,0.09190,0.02243,0.00207,-0.99551,-0.22530,-0.02052,-0.00567,0.97406,0.00000,0.00000,1.00,1.00
11025,Saccade,1024,0.00,0.00,0.13455,-0.00128,0.00685,-0.99088,0.09215,-0.00505,-0.00047,-0.99573,-0.22525,0.00698,-0.00692,0.97425,0.09204,0.02237,0.00207,-0.99550,-0.22530,-0.02054,-0.00574,0.97406,0.00000,0.00000,1.00,1.00
11037,Saccade,1036,0.00,0.00,0.13442,-0.00124,0.00686,-0.99090,0.09257,-0.00523,-0.00049,-0.99569,-0.22553,0.00712,-0.00694,0.97418,0.09246,0.02219,0.00206,-0.99547,-0.22558,-0.02040,-0.00578,0.97399,0.00000,0.00000,1.00,1.00
11048,Saccade,1046,0.00,0.00,0.13436,-0.00112,0.00688,-0.99091,0.09263,-0.00534,-0.00050,-0.99569,-0.22553,0.00711,-0.00697,0.97418,0.09252,0.02209,0.00205,-0.99546,-0.22558,-0.02041,-0.00581,0.97399,0.00000,0.00000,1.00,1.00
11059,Saccade,1058,0.00,0.00,0.13437,-0.00103,0.00697,-0.99091,0.09262,-0.00540,-0.00050,-0.99569,-0.22553,0.00709,-0.00707,0.97418,0.09251,0.02203,0.00205,-0.99547,-0.22558,-0.02043,-0.00591,0.97399,0.00000,0.00000,1.00,1.00
11071,Saccade,1069,0.00,0.00,0.13440,-0.00092,0.00699,-0.99090,0.09212,-0.00281,-0.00026,-0.99574,-0.22509,0.00439,-0.00700,0.97430,0.09197,0.02461,0.00227,-0.99545,-0.22510,-0.02312,-0.00582,0.97404,0.00000,0.00000,1.00,1.00
11081,Saccade,1080,0.00,0.00,0.13453,-0.00086,0.00702,-0.99088,0.09199,-0.00286,-0.00026,-0.99576,-0.22509,0.00438,-0.00704,0.97430,0.09184,0.02456,0.00227,-0.99547,-0.22510,-0.02313,-0.00585,0.97404,0.00000,0.00000,1.00,1.00
11093,Saccade,1091,0.00,0.00,0.13453,-0.00074,0.00703,-0.99088,0.09199,-0.00298,-0.00028,-0.99576,-0.22509,0.00437,-0.00707,0.97430,0.09183,0.02444,0.00225,-0.99547,-0.22510,-0.02314,-0.00588,0.97404,0.00000,0.00000,1.00,1.00
11104,Saccade,1103,0.00,0.00,0.13449,-0.00062,0.00707,-0.99089,0.09203,-0.00293,-0.00027,-0.99575,-0.22510,0.00422,-0.00711,0.97430,0.09188,0.02448,0.00226,-0.99547,-0.22511,-0.02329,-0.00593,0.97404,0.00000,0.00000,1.00,1.00
11114,Saccade,1113,0.00,0.00,0.13452,-0.00052,0.00720,-0.99088,0.09201,-0.00299,-0.00028,-0.99575,-0.22510,0.00418,-0.00725,0.97430,0.09185,0.02442,0.00225,-0.99547,-0.22510,-0.02333,-0.00607,0.97404,0.00000,0.00000,1.00,1.00
11126,Saccade,1125,0.00,0.00,0.13485,-0.00054,0.00743,-0.99084,0.09168,-0.00290,-0.00027,-0.99578,-0.22510,0.00413,-0.00747,0.97430,0.09151,0.02451,0.00225,-0.99550,-0.22510,-0.02337,-0.00627,0.97404,0.00000,0.00000,1.00,1.00
11138,Saccade,1136,0.00,0.00,0.13524,-0.00057,0.00776,-0.99078,0.09065,-0.00502,-0.00046,-0.99587,-0.22445,0.00631,-0.00790,0.97443,0.09051,0.02239,0.00204,-0.99564,-0.22449,-0.02119,-0.00666,0.97422,0.00000,0.00000,1.00,1.00
11148,Saccade,1146,0.00,0.00,0.13545,-0.00072,0.00821,-0.99075,0.09044,-0.00473,-0.00043,-0.99589,-0.22446,0.00621,-0.00832,0.97443,0.09027,0.02268,0.00206,-0.99566,-0.22448,-0.02129,-0.00707,0.97422,0.00000,0.00000,1.00,1.00
11160,Saccade,1158,0.00,0.00,0.13543,-0.00093,0.00857,-0.99075,0.09046,-0.00441,-0.00040,-0.99589,-0.22446,0.00613,-0.00866,0.97443,0.09027,0.02299,0.00208,-0.99565,-0.22448,-0.02136,-0.00740,0.97422,0.00000,0.00000,1.00,1.00
11171,Saccade,1169,0.00,0.00,0.13526,-0.00118,0.00856,-0.99077,0.09101,-0.00534,-0.00049,-0.99584,-0.22482,0.00731,-0.00866,0.97433,0.09086,0.02208,0.00201,-0.99562,-0.22489,-0.02019,-0.00743,0.97415,0.00000,0.00000,1.00,1.00
11181,Saccade,1180,0.00,0.00,0.13514,-0.00144,0.00847,-0.99079,0.09113,-0.00511,-0.00047,-0.99583,-0.22482,0.00734,-0.00853,0.97433,0.09098,0.02230,0.00204,-0.99560,-0.22489,-0.02016,-0.00730,0.97415,0.00000,0.00000,1.00,1.00
11193,Saccade,1192,0.00,0.00,0.13508,-0.00164,0.00821,-0.99080,0.09118,-0.00500,-0.00046,-0.99582,-0.22482,0.00740,-0.00825,0.97434,0.09106,0.02241,0.00205,-0.99559,-0.22489,-0.02010,-0.00703,0.97415,0.00000,0.00000,1.00,1.00
11204,Saccade,1202,0.00,0.00,0.13508,-0.00188,0.00819,-0.99080,0.09095,-0.00527,-0.00048,-0.99584,-0.22458,0.00790,-0.00822,0.97439,0.09085,0.02214,0.00202,-0.99562,-0.22469,-0.01960,-0.00699,0.97421,0.00000,0.00000,1.00,1.00
11214,Saccade,1213,0.00,0.00,0.13513,-0.00208,0.00813,-0.99079,0.09089,-0.00510,-0.00047,-0.99585,-0.22458,0.00792,-0.00813,0.97439,0.09081,0.02231,0.00204,-0.99562,-0.22469,-0.01958,-0.00691,0.97421,0.00000,0.00000,1.00,1.00
11226,Saccade,1225,0.00,0.00,0.13529,-0.00216,0.00818,-0.99077,0.09073,-0.00500,-0.00046,-0.99586,-0.22458,0.00791,-0.00817,0.97439,0.09064,0.02241,0.00204,-0.99563,-0.22469,-0.01958,-0.00694,0.97421,0.00000,0.00000,1.00,1.00
11237,Saccade,1236,0.00,0.00,0.13535,-0.00221,0.00824,-0.99076,0.09067,-0.00329,-0.00030,-0.99588,-0.22460,0.00625,-0.00815,0.97440,0.09055,0.02412,0.00219,-0.99560,-0.22467,-0.02125,-0.00691,0.97418,0.00000,0.00000,1.00,1.00
11248,Saccade,1247,0.00,0.00,0.13537,-0.00222,0.00835,-0.99076,0.09065,-0.00325,-0.00030,-0.99588,-0.22460,0.00623,-0.00826,0.97440,0.09053,0.02416,0.00220,-0.99560,-0.22467,-0.02127,-0.00701,0.97418,0.00000,0.00000,1.00,1.00
11260,Saccade,1258,0.00,0.00,0.13537,-0.00217,0.00860,-0.99075,0.09065,-0.00321,-0.00029,-0.99588,-0.22460,0.00617,-0.00851,0.97439,0.09051,0.02419,0.00220,-0.99560,-0.22467,-0.02133,-0.00726,0.97418,0.00000,0.00000,1.00,1.00
11271,Saccade,1270,0.00,0.00,0.13541,-0.00194,0.00879,-0.99075,0.08967,-0.00347,-0.00031,-0.99597,-0.22367,0.00621,-0.00874,0.97461,0.08951,0.02393,0.00215,-0.99570,-0.22373,-0.02128,-0.00747,0.97439,0.00000,0.00000,1.00,1.00
11281,Saccade,1280,0.00,0.00,0.13550,-0.00172,0.00898,-0.99073,0.08958,-0.00363,-0.00033,-0.99597,-0.22367,0.00616,-0.00896,0.97460,0.08941,0.02377,0.00213,-0.99571,-0.22372,-0.02133,-0.00769,0.97439,0.00000,0.00000,1.00,1.00
11293,Saccade,1292,0.00,0.00,0.13533,-0.00150,0.00921,-0.99076,0.08976,-0.00377,-0.00034,-0.99596,-0.22367,0.00610,-0.00921,0.97460,0.08958,0.02363,0.00213,-0.99570,-0.22372,-0.02138,-0.00794,0.97439,0.00000,0.00000,1.00,1.00
11304,Saccade,1303,0.00,0.00,0.13518,-0.00122,0.00949,-0.99078,0.09002,-0.00352,-0.00032,-0.99593,-0.22378,0.00560,-0.00950,0.97458,0.08984,0.02388,0.00215,-0.99567,-0.22383,-0.02188,-0.00824,0.97435,0.00000,0.00000,1.00,1.00
11315,Saccade,1314,0.00,0.00,0.13519,-0.00101,0.00962,-0.99077,0.09001,-0.00368,-0.00033,-0.99593,-0.22378,0.00556,-0.00966,0.97458,0.08982,0.02372,0.00214,-0.99567,-0.22383,-0.02192,-0.00841,0.97435,0.00000,0.00000,1.00,1.00
11327,Saccade,1325,0.00,0.00,0.13536,-0.00089,0.00990,-0.99075,0.08984,-0.00371,-0.00033,-0.99595,-0.22379,0.00550,-0.00995,0.97457,0.08963,0.02369,0.00213,-0.99569,-0.22382,-0.02199,-0.00868,0.97434,0.00000,0.00000,1.00,1.00
11338,Saccade,1336,0.00,0.00,0.13569,-0.00083,0.01017,-0.99070,0.08926,-0.00205,-0.00018,-0.99601,-0.22355,0.00379,-0.01015,0.97463,0.08905,0.02534,0.00227,-0.99570,-0.22359,-0.02368,-0.00885,0.97436,0.00000,0.00000,1.00,1.00
11348,Saccade,1347,0.00,0.00,0.13602,-0.00097,0.01053,-0.99065,0.08892,-0.00181,-0.00016,-0.99604,-0.22355,0.00371,-0.01049,0.97463,0.08870,0.02559,0.00228,-0.99573,-0.22358,-0.02376,-0.00918,0.97435,0.00000,0.00000,1.00,1.00
11360,Saccade,1359,0.00,0.00,0.13642,-0.00111,0.01071,-0.99059,0.08851,-0.00162,-0.00014,-0.99607,-0.22355,0.00368,-0.01065,0.97463,0.08828,0.02577,0.00228,-0.99576,-0.22357,-0.02379,-0.00931,0.97435,0.00000,0.00000,1.00,1.00
11371,Saccade,1370,0.00,0.00,0.13684,-0.00128,0.01078,-0.99053,0.08875,-0.00126,-0.00011,-0.99605,-0.22419,0.00350,-0.01069,0.97448,0.08855,0.02613,0.00232,-0.99573,-0.22425,-0.02397,-0.00935,0.97419,0.00000,0.00000,1.00,1.00
11382,Saccade,1380,0.00,0.00,0.13733,-0.00144,0.01093,-0.99046,0.08825,-0.00107,-0.00009,-0.99610,-0.22419,0.00347,-0.01081,0.97448,0.08804,0.02632,0.00233,-0.99577,-0.22425,-0.02399,-0.00944,0.97419,0.00000,0.00000,1.00,1.00
11394,Saccade,1392,0.00,0.00,0.13782,-0.00169,0.01105,-0.99039,0.08776,-0.00080,-0.00007,-0.99614,-0.22419,0.00345,-0.01090,0.97448,0.08755,0.02659,0.00234,-0.99580,-0.22424,-0.02401,-0.00950,0.97419,0.00000,0.00000,1.00,1.00
11404,Saccade,1403,0.00,0.00,0.13834,-0.00190,0.01114,-0.99032,0.08762,-0.00218,-0.00019,-0.99615,-0.22456,0.00505,-0.01104,0.97438,0.08746,0.02520,0.00221,-0.99585,-0.22467,-0.02240,-0.00963,0.97413,0.00000,0.00000,1.00,1.00
11415,Saccade,1414,0.00,0.00,0.13878,-0.00208,0.01126,-0.99026,0.08718,-0.00197,-0.00017,-0.99619,-0.22456,0.00503,-0.01114,0.97438,0.08702,0.02541,0.00222,-0.99588,-0.22467,-0.02242,-0.00971,0.97413,0.00000,0.00000,1.00,1.00
11427,Saccade,1426,0.00,0.00,0.13912,-0.00227,0.01146,-0.99021,0.08684,-0.00172,-0.00015,-0.99622,-0.22456,0.00499,-0.01132,0.97438,0.08666,0.02566,0.00223,-0.99591,-0.22467,-0.02246,-0.00986,0.97413,0.00000,0.00000,1.00,1.00
11438,Saccade,1436,0.00,0.00,0.13940,-0.00233,0.01174,-0.99016,0.08588,-0.00245,-0.00021,-0.99630,-0.22389,0.00579,-0.01163,0.97453,0.08572,0.02492,0.00214,-0.99601,-0.22401,-0.02164,-0.01014,0.97429,0.00000,0.00000,1.00,1.00
11448,Saccade,1447,0.00,0.00,0.13965,-0.00239,0.01184,-0.99013,0.08562,-0.00237,-0.00020,-0.99633,-0.22389,0.00577,-0.01172,0.97453,0.08545,0.02500,0.00214,-0.99603,-0.22401,-0.02166,-0.01022,0.97429,0.00000,0.00000,1.00,1.00
11460,Saccade,1459,0.00,0.00,0.13990,-0.00240,0.01187,-0.99009,0.08537,-0.00236,-0.00020,-0.99635,-0.22389,0.00576,-0.01175,0.97453,0.08521,0.02501,0.00214,-0.99605,-0.22401,-0.02166,-0.01024,0.97429,0.00000,0.00000,1.00,1.00
11471,Saccade,1470,0.00,0.00,0.14016,-0.00230,0.01191,-0.99006,0.08311,-0.00301,-0.00025,-0.99654,-0.22192,0.00629,-0.01185,0.97497,0.08297,0.02434,0.00203,-0.99625,-0.22207,-0.02111,-0.01027,0.97475,0.00000,0.00000,1.00,1.00
11482,Saccade,1481,0.00,0.00,0.14036,-0.00218,0.01211,-0.99002,0.08291,-0.00306,-0.00025,-0.99655,-0.22192,0.00624,-0.01207,0.97497,0.08276,0.02429,0.00202,-0.99627,-0.22207,-0.02116,-0.01048,0.97475,0.00000,0.00000,1.00,1.00
11494,Saccade,1493,0.00,0.00,0.14051,-0.00198,0.01222,-0.99000,0.08276,-0.00322,-0.00027,-0.99656,-0.22192,0.00621,-0.01221,0.97497,0.08260,0.02413,0.00200,-0.99629,-0.22206,-0.02119,-0.01060,0.97474,0.00000,0.00000,1.00,1.00
11505,Saccade,1504,0.00,0.00,0.14062,-0.00171,0.01240,-0.98999,0.08358,-0.00234,-0.00020,-0.99650,-0.22283,0.00509,-0.01235,0.97476,0.08341,0.02501,0.00209,-0.99620,-0.22297,-0.02232,-0.01077,0.97451,0.00000,0.00000,1.00,1.00
11515,Saccade,1514,0.00,0.00,0.14080,-0.00140,0.01246,-0.98996,0.08340,-0.00262,-0.00022,-0.99651,-0.22284,0.00507,-0.01245,0.97476,0.08323,0.02473,0.00207,-0.99622,-0.22297,-0.02234,-0.01086,0.97451,0.00000,0.00000,1.00,1.00
11527,Saccade,1526,0.00,0.00,0.14098,-0.00116,0.01251,-0.98993,0.08321,-0.00285,-0.00024,-0.99653,-0.22284,0.00505,-0.01253,0.97476,0.08304,0.02450,0.00204,-0.99624,-0.22296,-0.02235,-0.01093,0.97451,0.00000,0.00000,1.00,1.00
11538,Saccade,1537,0.00,0.00,0.14116,-0.00077,0.01255,-0.98991,0.08198,-0.00304,-0.00025,-0.99663,-0.22180,0.00484,-0.01262,0.97500,0.08183,0.02431,0.00200,-0.99635,-0.22195,-0.02255,-0.01098,0.97474,0.00000,0.00000,1.00,1.00
11549,Saccade,1547,0.00,0.00,0.14131,-0.00046,0.01266,-0.98988,0.08183,-0.00330,-0.00027,-0.99664,-0.22180,0.00480,-0.01278,0.97500,0.08167,0.02404,0.00197,-0.99637,-0.22195,-0.02258,-0.01113,0.97473,0.00000,0.00000,1.00,1.00
11561,Saccade,1559,0.00,0.00,0.14146,-0.00013,0.01272,-0.98986,0.08169,-0.00361,-0.00030,-0.99665,-0.22180,0.00478,-0.01288,0.97499,0.08152,0.02373,0.00194,-0.99639,-0.22195,-0.02260,-0.01122,0.97473,0.00000,0.00000,1.00,1.00
11571,Saccade,1570,0.00,0.00,0.14162,0.00004,0.01281,-0.98984,0.08240,-0.00470,-0.00039,-0.99659,-0.22263,0.00573,-0.01305,0.97480,0.08226,0.02265,0.00187,-0.99635,-0.22281,-0.02166,-0.01141,0.97455,0.00000,0.00000,1.00,1.00
11582,Saccade,1581,0.00,0.00,0.14170,0.00025,0.01282,-0.98983,0.08231,-0.00490,-0.00041,-0.99659,-0.22263,0.00572,-0.01309,0.97480,0.08217,0.02244,0.00185,-0.99636,-0.22281,-0.02167,-0.01145,0.97455,0.00000,0.00000,1.00,1.00
11594,Saccade,1593,0.00,0.00,0.14171,0.00034,0.01278,-0.98983,0.08230,-0.00500,-0.00041,-0.99659,-0.22263,0.00573,-0.01306,0.97480,0.08216,0.02234,0.00184,-0.99637,-0.22281,-0.02166,-0.01142,0.97455,0.00000,0.00000,1.00,1.00
11605,Saccade,1604,0.00,0.00,0.14171,0.00036,0.01285,-0.98982,0.08277,-0.00465,-0.00039,-0.99656,-0.22309,0.00537,-0.01311,0.97469,0.08265,0.02270,0.00188,-0.99632,-0.22329,-0.02203,-0.01148,0.97444,0.00000,0.00000,1.00,1.00
11615,Saccade,1614,0.00,0.00,0.14172,0.00036,0.01293,-0.98982,0.08276,-0.00463,-0.00038,-0.99656,-0.22309,0.00535,-0.01319,0.97469,0.08263,0.02272,0.00188,-0.99632,-0.22329,-0.02205,-0.01156,0.97444,0.00000,0.00000,1.00,1.00
11628,Saccade,1626,0.00,0.00,0.14186,0.00034,0.01302,-0.98980,0.08262,-0.00458,-0.00038,-0.99657,-0.22309,0.00533,-0.01327,0.97469,0.08249,0.02277,0.00188,-0.99633,-0.22328,-0.02207,-0.01163,0.97443,0.00000,0.00000,1.00,1.00
11638,Saccade,1637,0.00,0.00,0.14208,0.00029,0.01292,-0.98977,0.08268,-0.00376,-0.00031,-0.99657,-0.22337,0.00455,-0.01313,0.97463,0.08255,0.02359,0.00195,-0.99631,-0.22357,-0.02284,-0.01148,0.97435,0.00000,0.00000,1.00,1.00
11649,Saccade,1647,0.00,0.00,0.14216,0.00027,0.01295,-0.98976,0.08260,-0.00373,-0.00031,-0.99658,-0.22337,0.00454,-0.01315,0.97463,0.08247,0.02361,0.00195,-0.99631,-0.22357,-0.02285,-0.01150,0.97435,0.00000,0.00000,1.00,1.00
11661,Saccade,1660,0.00,0.00,0.14219,0.00015,0.01302,-0.98975,0.08256,-0.00360,-0.00030,-0.99658,-0.22337,0.00453,-0.01321,0.97463,0.08243,0.02375,0.00197,-0.99631,-0.22356,-0.02286,-0.01155,0.97435,0.00000,0.00000,1.00,1.00
11672,Saccade,1671,0.00,0.00,0.14224,-0.00013,0.01322,-0.98974,0.08143,-0.00340,-0.00028,-0.99667,-0.22231,0.00461,-0.01338,0.97487,0.08130,0.02394,0.00195,-0.99640,-0.22251,-0.02277,-0.01169,0.97459,0.00000,0.00000,1.00,1.00
11682,Saccade,1681,0.00,0.00,0.14243,-0.00028,0.01329,-0.98972,0.08123,-0.00324,-0.00026,-0.99669,-0.22231,0.00460,-0.01342,0.97487,0.08110,0.02410,0.00196,-0.99641,-0.22251,-0.02278,-0.01173,0.97459,0.00000,0.00000,1.00,1.00
11694,Saccade,1693,0.00,0.00,0.14246,-0.00046,0.01340,-0.98971,0.08119,-0.00303,-0.00025,-0.99669,-0.22231,0.00458,-0.01351,0.97487,0.08106,0.02431,0.00198,-0.99641,-0.22251,-0.02280,-0.01181,0.97459,0.00000,0.00000,1.00,1.00
11705,Saccade,1704,0.00,0.00,0.14234,-0.00063,0.01359,-0.98972,0.08123,-0.00263,-0.00021,-0.99669,-0.22223,0.00436,-0.01365,0.97489,0.08109,0.02471,0.00201,-0.99640,-0.22242,-0.02301,-0.01196,0.97461,0.00000,0.00000,1.00,1.00
11716,Saccade,1714,0.00,0.00,0.14201,-0.00076,0.01368,-0.98977,0.08156,-0.00247,-0.00020,-0.99667,-0.22223,0.00435,-0.01373,0.97489,0.08141,0.02487,0.00203,-0.99637,-0.22242,-0.02303,-0.01205,0.97460,0.00000,0.00000,1.00,1.00
11727,Saccade,1726,0.00,0.00,0.14177,-0.00084,0.01354,-0.98981,0.08180,-0.00243,-0.00020,-0.99665,-0.22223,0.00438,-0.01358,0.97489,0.08167,0.02491,0.00204,-0.99635,-0.22242,-0.02300,-0.01192,0.97461,0.00000,0.00000,1.00,1.00
11738,Saccade,1737,0.00,0.00,0.14170,-0.00094,0.01319,-0.98982,0.08198,-0.00290,-0.00024,-0.99663,-0.22233,0.00493,-0.01324,0.97487,0.08188,0.02444,0.00201,-0.99634,-0.22255,-0.02246,-0.01159,0.97459,0.00000,0.00000,1.00,1.00
11749,Saccade,1748,0.00,0.00,0.14165,-0.00111,0.01289,-0.98983,0.08203,-0.00284,-0.00023,-0.99663,-0.22233,0.00500,-0.01292,0.97487,0.08194,0.02451,0.00202,-0.99633,-0.22256,-0.02239,-0.01127,0.97460,0.00000,0.00000,1.00,1.00
11761,Saccade,1760,0.00,0.00,0.14155,-0.00125,0.01256,-0.98985,0.08212,-0.00280,-0.00023,-0.99662,-0.22233,0.00508,-0.01258,0.97488,0.08206,0.02455,0.00202,-0.99632,-0.22257,-0.02231,-0.01093,0.97460,0.00000,0.00000,1.00,1.00
11772,Saccade,1771,0.00,0.00,0.14131,-0.00146,0.01252,-0.98989,0.08311,-0.00275,-0.00023,-0.99654,-0.22305,0.00525,-0.01252,0.97471,0.08304,0.02461,0.00205,-0.99624,-0.22329,-0.02215,-0.01091,0.97444,0.00000,0.00000,1.00,1.00
11783,Saccade,1782,0.00,0.00,0.14099,-0.00154,0.01247,-0.98993,0.08343,-0.00269,-0.00022,-0.99651,-0.22305,0.00526,-0.01245,0.97471,0.08336,0.02467,0.00206,-0.99621,-0.22329,-0.02214,-0.01086,0.97444,0.00000,0.00000,1.00,1.00
11795,Saccade,1794,0.00,0.00,0.14060,-0.00166,0.01239,-0.98999,0.08382,-0.00259,-0.00022,-0.99648,-0.22305,0.00529,-0.01235,0.97471,0.08376,0.02477,0.00208,-0.99618,-0.22329,-0.02212,-0.01078,0.97444,0.00000,0.00000,1.00,1.00
11805,Saccade,1804,0.00,0.00,0.14024,-0.00170,0.01216,-0.99004,0.08377,-0.00277,-0.00023,-0.99648,-0.22266,0.00548,-0.01213,0.97481,0.08369,0.02459,0.00207,-0.99619,-0.22287,-0.02193,-0.01057,0.97454,0.00000,0.00000,1.00,1.00
11816,Saccade,1815,0.00,0.00,0.13991,-0.00190,0.01207,-0.99009,0.08411,-0.00260,-0.00022,-0.99645,-0.22266,0.00551,-0.01201,0.97481,0.08403,0.02476,0.00209,-0.99615,-0.22288,-0.02190,-0.01047,0.97454,0.00000,0.00000,1.00,1.00
11828,Saccade,1827,0.00,0.00,0.13957,-0.00195,0.01202,-0.99014,0.08445,-0.00256,-0.00022,-0.99642,-0.22266,0.00552,-0.01195,0.97481,0.08438,0.02481,0.00210,-0.99612,-0.22288,-0.02189,-0.01043,0.97455,0.00000,0.00000,1.00,1.00
11839,Saccade,1838,0.00,0.00,0.13923,-0.00205,0.01197,-0.99019,0.08403,-0.00098,-0.00008,-0.99646,-0.22193,0.00404,-0.01181,0.97498,0.08392,0.02637,0.00222,-0.99612,-0.22210,-0.02337,-0.01028,0.97469,0.00000,0.00000,1.00,1.00
11849,Saccade,1848,0.00,0.00,0.13884,-0.00219,0.01199,-0.99024,0.08442,-0.00084,-0.00007,-0.99643,-0.22193,0.00404,-0.01181,0.97498,0.08431,0.02652,0.00224,-0.99608,-0.22210,-0.02338,-0.01030,0.97469,0.00000,0.00000,1.00,1.00
11862,Saccade,1860,0.00,0.00,0.13872,-0.00227,0.01196,-0.99026,0.08454,-0.00077,-0.00007,-0.99642,-0.22193,0.00405,-0.01177,0.97498,0.08443,0.02659,0.00225,-0.99607,-0.22210,-0.02337,-0.01027,0.97469,0.00000,0.00000,1.00,1.00
11872,Saccade,1871,0.00,0.00,0.13872,-0.00243,0.01204,-0.99025,0.08397,-0.00172,-0.00014,-0.99647,-0.22136,0.00515,-0.01188,0.97511,0.08385,0.02564,0.00216,-0.99615,-0.22154,-0.02226,-0.01037,0.97484,0.00000,0.00000,1.00,1.00
11883,Saccade,1882,0.00,0.00,0.13880,-0.00249,0.01200,-0.99024,0.08389,-0.00167,-0.00014,-0.99647,-0.22136,0.00516,-0.01184,0.97511,0.08377,0.02569,0.00216,-0.99615,-0.22154,-0.02225,-0.01031,0.97484,0.00000,0.00000,1.00,1.00
11895,Saccade,1894,0.00,0.00,0.13875,-0.00266,0.01231,-0.99025,0.08394,-0.00141,-0.00012,-0.99647,-0.22137,0.00510,-0.01212,0.97510,0.08380,0.02595,0.00218,-0.99614,-0.22153,-0.02231,-0.01060,0.97484,0.00000,0.00000,1.00,1.00
11906,Saccade,1905,0.00,0.00,0.13870,-0.00287,0.01246,-0.99025,0.08447,-0.00057,-0.00005,-0.99643,-0.22184,0.00449,-0.01221,0.97500,0.08431,0.02678,0.00227,-0.99608,-0.22198,-0.02293,-0.01070,0.97472,0.00000,0.00000,1.00,1.00
11916,Saccade,1915,0.00,0.00,0.13876,-0.00306,0.01248,-0.99024,0.08440,-0.00039,-0.00003,-0.99643,-0.22184,0.00449,-0.01220,0.97500,0.08424,0.02697,0.00228,-0.99608,-0.22198,-0.02292,-0.01069,0.97472,0.00000,0.00000,1.00,1.00
11929,Saccade,1927,0.00,0.00,0.13885,-0.00324,0.01240,-0.99023,0.08431,-0.00024,-0.00002,-0.99644,-0.22184,0.00451,-0.01210,0.97500,0.08416,0.02712,0.00229,-0.99608,-0.22198,-0.02290,-0.01059,0.97472,0.00000,0.00000,1.00,1.00
11939,Saccade,1938,0.00,0.00,0.13891,-0.00351,0.01238,-0.99022,0.08626,-0.00132,-0.00011,-0.99627,-0.22379,0.00589,-0.01210,0.97454,0.08612,0.02606,0.00225,-0.99594,-0.22396,-0.02155,-0.01064,0.97430,0.00000,0.00000,1.00,1.00
11950,Saccade,1948,0.00,0.00,0.13906,-0.00363,0.01236,-0.99020,0.08611,-0.00121,-0.00010,-0.99629,-0.22379,0.00590,-0.01206,0.97455,0.08597,0.02616,0.00226,-0.99595,-0.22396,-0.02154,-0.01059,0.97430,0.00000,0.00000,1.00,1.00
11962,Saccade,1960,0.00,0.00,0.13917,-0.00383,0.01233,-0.99018,0.08599,-0.00103,-0.00009,-0.99630,-0.22379,0.00591,-0.01201,0.97455,0.08586,0.02634,0.00227,-0.99596,-0.22396,-0.02153,-0.01053,0.97430,0.00000,0.00000,1.00,1.00
11972,Saccade,1971,0.00,0.00,0.13938,-0.00399,0.01241,-0.99015,0.08810,0.00069,0.00006,-0.99611,-0.22608,0.00437,-0.01197,0.97403,0.08794,0.02807,0.00248,-0.99573,-0.22622,-0.02308,-0.01055,0.97375,0.00000,0.00000,1.00,1.00
11983,Saccade,1982,0.00,0.00,0.13957,-0.00411,0.01240,-0.99013,0.08791,0.00081,0.00007,-0.99613,-0.22608,0.00438,-0.01195,0.97403,0.08775,0.02819,0.00248,-0.99574,-0.22622,-0.02307,-0.01052,0.97375,0.00000,0.00000,1.00,1.00
11996,Saccade,1994,0.00,0.00,0.13980,-0.00426,0.01240,-0.99009,0.08767,0.00094,0.00008,-0.99615,-0.22608,0.00439,-0.01193,0.97403,0.08752,0.02832,0.00249,-0.99576,-0.22622,-0.02306,-0.01048,0.97375,0.00000,0.00000,1.00,1.00
12006,Saccade,2005,0.00,0.00,0.14002,-0.00434,0.01220,-0.99006,0.08774,0.00084,0.00007,-0.99614,-0.22636,0.00455,-0.01173,0.97396,0.08759,0.02822,0.00248,-0.99575,-0.22650,-0.02289,-0.01028,0.97369,0.00000,0.00000,1.00,1.00
12017,Saccade,2015,0.00,15.00,0.14020,-0.00445,0.01196,-0.99004,0.08756,0.00086,0.00008,-0.99616,-0.22636,0.00461,-0.01148,0.97397,0.08742,0.02824,0.00248,-0.99577,-0.22650,-0.02283,-0.01002,0.97369,0.00000,0.00000,1.00,1.00
12029,Saccade,2028,0.00,15.00,0.14038,-0.00454,0.01164,-0.99002,0.08737,0.00085,0.00007,-0.99618,-0.22636,0.00469,-0.01115,0.97397,0.08725,0.02823,0.00247,-0.99578,-0.22651,-0.02276,-0.00968,0.97369,0.00000,0.00000,1.00,1.00
12039,Saccade,2038,0.00,15.00,0.14041,-0.00450,0.01152,-0.99002,0.08639,0.00092,0.00008,-0.99626,-0.22543,0.00456,-0.01103,0.97419,0.08627,0.02829,0.00245,-0.99587,-0.22558,-0.02287,-0.00953,0.97391,0.00000,0.00000,1.00,1.00
12050,Saccade,2048,0.00,15.00,0.14051,-0.00454,0.01138,-0.99000,0.08630,0.00091,0.00008,-0.99627,-0.22543,0.00459,-0.01090,0.97419,0.08618,0.02828,0.00245,-0.99588,-0.22558,-0.02284,-0.00939,0.97391,0.00000,0.00000,1.00,1.00
12062,Saccade,2061,0.00,15.00,0.14055,-0.00444,0.01127,-0.99000,0.08626,0.00078,0.00007,-0.99627,-0.22543,0.00462,-0.01080,0.97419,0.08615,0.02814,0.00243,-0.99588,-0.22558,-0.02281,-0.00929,0.97391,0.00000,0.00000,1.00,1.00
12073,Saccade,2071,0.00,15.00,0.14061,-0.00438,0.01120,-0.98999,0.08444,0.00229,0.00019,-0.99643,-0.22373,0.00302,-0.01066,0.97459,0.08429,0.02964,0.00251,-0.99600,-0.22384,-0.02439,-0.00910,0.97428,0.00000,0.00000,1.00,1.00
12083,Saccade,2082,0.00,15.00,0.14068,-0.00427,0.01105,-0.98998,0.08437,0.00213,0.00018,-0.99643,-0.22373,0.00305,-0.01053,0.97459,0.08422,0.02948,0.00249,-0.99601,-0.22384,-0.02436,-0.00897,0.97428,0.00000,0.00000,1.00,1.00
12096,Saccade,2094,0.00,15.00,0.14078,-0.00422,0.01102,-0.98997,0.08427,0.00207,0.00018,-0.99644,-0.22373,0.00305,-0.01050,0.97459,0.08413,0.02942,0.00249,-0.99602,-0.22384,-0.02435,-0.00893,0.97428,0.00000,0.00000,1.00,1.00
12106,Saccade,2105,0.00,15.00,0.14086,-0.00409,0.01088,-0.98996,0.08554,0.00214,0.00018,-0.99633,-0.22504,0.00286,-0.01037,0.97429,0.08537,0.02950,0.00253,-0.99591,-0.22513,-0.02455,-0.00884,0.97398,0.00000,0.00000,1.00,1.00
12117,Saccade,2115,0.00,15.00,0.14088,-0.00401,0.01087,-0.98996,0.08551,0.00206,0.00018,-0.99634,-0.22504,0.00286,-0.01038,0.97429,0.08535,0.02942,0.00252,-0.99591,-0.22513,-0.02455,-0.00884,0.97398,0.00000,0.00000,1.00,1.00
12128,Saccade,2127,0.00,15.00,0.14094,-0.00387,0.01070,-0.98995,0.08545,0.00187,0.00016,-0.99634,-0.22504,0.00290,-0.01023,0.97429,0.08530,0.02923,0.00250,-0.99592,-0.22514,-0.02452,-0.00868,0.97398,0.00000,0.00000,1.00,1.00
12139,Saccade,2138,0.00,15.00,0.14095,-0.00384,0.01055,-0.98995,0.08514,0.00205,0.00018,-0.99637,-0.22475,0.00267,-0.01007,0.97436,0.08498,0.02941,0.00251,-0.99595,-0.22483,-0.02475,-0.00852,0.97405,0.00000,0.00000,1.00,1.00
12150,Saccade,2149,0.00,15.00,0.14120,-0.00383,0.01042,-0.98992,0.08489,0.00200,0.00017,-0.99639,-0.22475,0.00270,-0.00994,0.97436,0.08474,0.02935,0.00250,-0.99597,-0.22483,-0.02471,-0.00838,0.97405,0.00000,0.00000,1.00,1.00
12163,Saccade,2161,0.00,15.00,0.14140,-0.00392,0.01036,-0.98989,0.08469,0.00207,0.00018,-0.99641,-0.22475,0.00271,-0.00987,0.97436,0.08454,0.02942,0.00250,-0.99598,-0.22483,-0.02470,-0.00830,0.97405,0.00000,0.00000,1.00,1.00
12173,Saccade,2172,0.00,15.00,0.14149,-0.00401,0.01031,-0.98988,0.08480,0.00461,0.00039,-0.99639,-0.22498,0.00025,-0.00967,0.97432,0.08462,0.03195,0.00272,-0.99590,-0.22502,-0.02715,-0.00810,0.97394,0.00000,0.00000,1.00,1.00
12183,Saccade,2182,0.00,15.00,0.14167,-0.00409,0.01029,-0.98985,0.08462,0.00467,0.00040,-0.99640,-0.22498,0.00026,-0.00964,0.97432,0.08444,0.03202,0.00271,-0.99591,-0.22502,-0.02714,-0.00806,0.97394,0.00000,0.00000,1.00,1.00
12196,Saccade,2195,0.00,15.00,0.14189,-0.00425,0.01030,-0.98982,0.08440,0.00483,0.00041,-0.99642,-0.22498,0.00027,-0.00962,0.97432,0.08422,0.03218,0.00272,-0.99592,-0.22502,-0.02713,-0.00802,0.97394,0.00000,0.00000,1.00,1.00
12206,Saccade,2205,0.00,15.00,0.14187,-0.00445,0.01014,-0.98982,0.08224,0.00572,0.00047,-0.99660,-0.22285,-0.00047,-0.00940,0.97481,0.08205,0.03305,0.00272,-0.99608,-0.22287,-0.02784,-0.00774,0.97442,0.00000,0.00000,1.00,1.00
12217,Saccade,2216,0.00,15.00,0.14184,-0.00458,0.00996,-0.98983,0.08227,0.00579,0.00048,-0.99659,-0.22285,-0.00042,-0.00920,0.97481,0.08209,0.03312,0.00273,-0.99607,-0.22288,-0.02780,-0.00755,0.97442,0.00000,0.00000,1.00,1.00
12229,Saccade,2228,0.00,15.00,0.14191,-0.00473,0.00995,-0.98982,0.08220,0.00594,0.00049,-0.99660,-0.22285,-0.00041,-0.00917,0.97481,0.08202,0.03327,0.00274,-0.99607,-0.22288,-0.02779,-0.00751,0.97442,0.00000,0.00000,1.00,1.00
12240,Saccade,2238,0.00,15.00,0.14194,-0.00497,0.00999,-0.98981,0.08254,0.00539,0.00045,-0.99657,-0.22320,0.00038,-0.00922,0.97473,0.08235,0.03272,0.00271,-0.99606,-0.22323,-0.02699,-0.00757,0.97436,0.00000,0.00000,1.00,1.00
12250,Saccade,2249,0.00,15.00,0.14176,-0.00504,0.01027,-0.98984,0.08272,0.00554,0.00046,-0.99656,-0.22320,0.00032,-0.00949,0.97473,0.08252,0.03287,0.00272,-0.99604,-0.22322,-0.02706,-0.00785,0.97436,0.00000,0.00000,1.00,1.00
12262,Saccade,2261,0.00,15.00,0.14143,-0.00527,0.01060,-0.98988,0.08304,0.00586,0.00049,-0.99653,-0.22320,0.00026,-0.00978,0.97472,0.08282,0.03320,0.00276,-0.99601,-0.22322,-0.02713,-0.00816,0.97436,0.00000,0.00000,1.00,1.00
12273,Saccade,2272,0.00,15.00,0.14122,-0.00522,0.01063,-0.98991,0.08534,-0.05901,-0.00506,-0.99459,-0.22427,0.06523,-0.01345,0.97225,0.08585,-0.03177,-0.00274,-0.99580,-0.22525,0.03796,-0.01191,0.97349,0.00000,0.00000,1.00,1.00
12284,Saccade,2283,0.00,15.00,0.14104,-0.00521,0.01049,-0.98993,0.08550,-0.05907,-0.00508,-0.99457,-0.22426,0.06527,-0.01329,0.97225,0.08601,-0.03183,-0.00275,-0.99578,-0.22524,0.03799,-0.01176,0.97349,0.00000,0.00000,1.00,1.00
12296,Saccade,2295,0.00,15.00,0.14100,-0.00530,0.01028,-0.98994,0.08551,-0.05905,-0.00508,-0.99457,-0.22425,0.06532,-0.01307,0.97225,0.08604,-0.03181,-0.00275,-0.99578,-0.22524,0.03804,-0.01154,0.97349,0.00000,0.00000,1.00,1.00
12307,Saccade,2305,0.00,15.00,0.14093,-0.00539,0.01013,-0.98995,0.08781,-0.10175,-0.00902,-0.99089,-0.22549,0.10823,-0.01498,0.96810,0.08888,-0.07488,-0.00670,-0.99320,-0.22716,0.08133,-0.01350,0.97036,0.00000,0.00000,1.00,1.00
12317,Saccade,2316,0.00,15.00,0.14091,-0.00541,0.01005,-0.98996,0.08781,-0.10176,-0.00902,-0.99089,-0.22548,0.10825,-0.01489,0.96810,0.08888,-0.07489,-0.00670,-0.99320,-0.22715,0.08135,-0.01342,0.97036,0.00000,0.00000,1.00,1.00
12329,Saccade,2328,0.00,15.00,0.14083,-0.00534,0.00998,-0.98997,0.08787,-0.10184,-0.00903,-0.99087,-0.22547,0.10827,-0.01482,0.96810,0.08895,-0.07498,-0.00672,-0.99319,-0.22715,0.08137,-0.01335,0.97036,0.00000,0.00000,1.00,1.00
12340,Saccade,2339,0.00,15.00,0.14076,-0.00526,0.00983,-0.98998,0.08764,-0.10237,-0.00906,-0.99084,-0.22518,0.10869,-0.01473,0.96812,0.08872,-0.07551,-0.00675,-0.99317,-0.22685,0.08180,-0.01325,0.97040,0.00000,0.00000,1.00,1.00
12351,Saccade,2350,0.00,15.00,0.14080,-0.00514,0.00955,-0.98998,0.08755,-0.10257,-0.00906,-0.99082,-0.22515,0.10875,-0.01448,0.96813,0.08864,-0.07571,-0.00676,-0.99316,-0.22683,0.08186,-0.01300,0.97040,0.00000,0.00000,1.00,1.00
12363,Saccade,2362,0.00,15.00,0.14087,-0.00514,0.00933,-0.98997,0.08744,-0.10264,-0.00906,-0.99083,-0.22513,0.10879,-0.01429,0.96813,0.08854,-0.07578,-0.00676,-0.99316,-0.22681,0.08190,-0.01280,0.97040,0.00000,0.00000,1.00,1.00
12374,Saccade,2372,0.00,15.00,0.14085,-0.00520,0.00920,-0.98998,0.08632,-0.10442,-0.00910,-0.99074,-0.22399,0.11060,-0.01437,0.96819,0.08742,-0.07759,-0.00683,-0.99312,-0.22568,0.08375,-0.01285,0.97051,0.00000,0.00000,1.00,1.00
12384,Saccade,2383,0.00,15.00,0.14077,-0.00524,0.00902,-0.98999,0.08636,-0.10444,-0.00910,-0.99073,-0.22397,0.11065,-0.01417,0.96819,0.08747,-0.07761,-0.00684,-0.99312,-0.22566,0.08379,-0.01266,0.97051,0.00000,0.00000,1.00,1.00
12396,Saccade,2395,0.00,15.00,0.14072,-0.00543,0.00895,-0.98999,0.08638,-0.10429,-0.00909,-0.99075,-0.22395,0.11068,-0.01407,0.96819,0.08751,-0.07746,-0.00682,-0.99312,-0.22565,0.08382,-0.01255,0.97051,0.00000,0.00000,1.00,1.00
12407,Saccade,2406,0.00,15.00,0.14049,-0.00556,0.00880,-0.99003,0.08663,-0.10405,-0.00910,-0.99075,-0.22400,0.11057,-0.01384,0.96820,0.08774,-0.07722,-0.00682,-0.99312,-0.22568,0.08370,-0.01234,0.97052,0.00000,0.00000,1.00,1.00
12418,Saccade,2416,0.00,15.00,0.14056,-0.00572,0.00863,-0.99002,0.08652,-0.10395,-0.00908,-0.99077,-0.22398,0.11060,-0.01368,0.96820,0.08764,-0.07712,-0.00681,-0.99314,-0.22566,0.08374,-0.01217,0.97052,0.00000,0.00000,1.00,1.00
12430,Saccade,2428,0.00,15.00,0.14076,-0.00590,0.00843,-0.98999,0.08628,-0.10384,-0.00904,-0.99080,-0.22396,0.11064,-0.01351,0.96820,0.08741,-0.07701,-0.00678,-0.99317,-0.22564,0.08379,-0.01199,0.97053,0.00000,0.00000,1.00,1.00
12440,Saccade,2439,0.00,15.00,0.14086,-0.00614,0.00839,-0.98998,0.08485,-0.10375,-0.00888,-0.99094,-0.22265,0.11076,-0.01361,0.96849,0.08593,-0.07693,-0.00666,-0.99330,-0.22430,0.08392,-0.01206,0.97083,0.00000,0.00000,1.00,1.00
12451,Saccade,2449,0.00,15.00,0.14085,-0.00633,0.00866,-0.98997,0.08491,-0.10349,-0.00887,-0.99096,-0.22268,0.11070,-0.01384,0.96849,0.08598,-0.07667,-0.00664,-0.99332,-0.22432,0.08386,-0.01229,0.97082,0.00000,0.00000,1.00,1.00
12463,Saccade,2461,0.00,15.00,0.14089,-0.00658,0.00889,-0.98996,0.08491,-0.10317,-0.00884,-0.99099,-0.22270,0.11066,-0.01403,0.96848,0.08597,-0.07635,-0.00661,-0.99335,-0.22433,0.08382,-0.01248,0.97082,0.00000,0.00000,1.00,1.00
12473,Saccade,2472,0.00,15.00,0.14092,-0.00680,0.00887,-0.98996,0.08539,-0.10491,-0.00904,-0.99077,-0.22317,0.11262,-0.01404,0.96815,0.08646,-0.07810,-0.00680,-0.99317,-0.22481,0.08579,-0.01249,0.97054,0.00000,0.00000,1.00,1.00
12484,Saccade,2483,0.00,15.00,0.14094,-0.00701,0.00874,-0.98995,0.08534,-0.10475,-0.00902,-0.99079,-0.22315,0.11265,-0.01389,0.96815,0.08641,-0.07794,-0.00678,-0.99318,-0.22480,0.08583,-0.01235,0.97054,0.00000,0.00000,1.00,1.00
12496,Saccade,2495,0.00,15.00,0.14086,-0.00728,0.00864,-0.98997,0.08540,-0.10452,-0.00901,-0.99081,-0.22313,0.11268,-0.01375,0.96816,0.08648,-0.07771,-0.00677,-0.99320,-0.22479,0.08586,-0.01220,0.97054,0.00000,0.00000,1.00,1.00
12507,Saccade,2506,0.00,15.00,0.14069,-0.00755,0.00860,-0.98999,0.08562,-0.10544,-0.00911,-0.99069,-0.22317,0.11388,-0.01369,0.96801,0.08672,-0.07864,-0.00687,-0.99310,-0.22484,0.08706,-0.01215,0.97042,0.00000,0.00000,1.00,1.00
12518,Saccade,2517,0.00,15.00,0.14059,-0.00768,0.00867,-0.99000,0.08573,-0.10530,-0.00911,-0.99070,-0.22317,0.11388,-0.01371,0.96801,0.08682,-0.07850,-0.00686,-0.99310,-0.22484,0.08706,-0.01218,0.97042,0.00000,0.00000,1.00,1.00
12530,Saccade,2529,0.00,15.00,0.14052,-0.00785,0.00860,-0.99001,0.08578,-0.10515,-0.00910,-0.99071,-0.22316,0.11390,-0.01361,0.96801,0.08688,-0.07835,-0.00685,-0.99311,-0.22483,0.08708,-0.01209,0.97042,0.00000,0.00000,1.00,1.00
12541,Saccade,2540,0.00,15.00,0.14044,-0.00788,0.00853,-0.99002,0.08965,-0.11268,-0.01021,-0.98953,-0.22669,0.12155,-0.01345,0.96626,0.09088,-0.08594,-0.00787,-0.99212,-0.22851,0.09479,-0.01202,0.96884,0.00000,0.00000,1.00,1.00
12551,Saccade,2550,0.00,15.00,0.14034,-0.00793,0.00841,-0.99004,0.08972,-0.11267,-0.01022,-0.98952,-0.22667,0.12159,-0.01331,0.96626,0.09095,-0.08594,-0.00788,-0.99211,-0.22850,0.09482,-0.01189,0.96884,0.00000,0.00000,1.00,1.00
12563,Saccade,2562,0.00,15.00,0.14046,-0.00786,0.00838,-0.99002,0.08960,-0.11275,-0.01021,-0.98952,-0.22667,0.12159,-0.01331,0.96626,0.09084,-0.08602,-0.00788,-0.99211,-0.22850,0.09482,-0.01188,0.96884,0.00000,0.00000,1.00,1.00
12574,Saccade,2573,0.00,15.00,0.14058,-0.00791,0.00824,-0.99000,0.08929,-0.11320,-0.01021,-0.98950,-0.22648,0.12207,-0.01325,0.96624,0.09052,-0.08647,-0.00789,-0.99210,-0.22831,0.09531,-0.01180,0.96884,0.00000,0.00000,1.00,1.00
12585,Saccade,2583,0.00,15.00,0.14105,-0.00780,0.00818,-0.98994,0.08882,-0.11331,-0.01017,-0.98953,-0.22649,0.12205,-0.01332,0.96624,0.09005,-0.08658,-0.00786,-0.99214,-0.22831,0.09530,-0.01185,0.96884,0.00000,0.00000,1.00,1.00
12597,Saccade,2596,0.00,15.00,0.14142,-0.00787,0.00812,-0.98989,0.08845,-0.11326,-0.01012,-0.98957,-0.22650,0.12205,-0.01334,0.96624,0.08968,-0.08654,-0.00782,-0.99217,-0.22831,0.09530,-0.01185,0.96884,0.00000,0.00000,1.00,1.00
12607,Saccade,2606,0.00,15.00,0.14169,-0.00795,0.00807,-0.98985,0.08765,-0.11453,-0.01015,-0.98949,-0.22596,0.12338,-0.01347,0.96620,0.08887,-0.08783,-0.00787,-0.99213,-0.22777,0.09666,-0.01195,0.96883,0.00000,0.00000,1.00,1.00
12618,Saccade,2617,0.00,15.00,0.14188,-0.00800,0.00812,-0.98982,0.08748,-0.11446,-0.01012,-0.98952,-0.22597,0.12336,-0.01356,0.96620,0.08869,-0.08776,-0.00785,-0.99215,-0.22778,0.09664,-0.01203,0.96883,0.00000,0.00000,1.00,1.00
12630,Saccade,2629,0.00,15.00,0.14194,-0.00813,0.00815,-0.98981,0.08742,-0.11434,-0.01010,-0.98954,-0.22597,0.12336,-0.01358,0.96620,0.08863,-0.08763,-0.00783,-0.99217,-0.22778,0.09663,-0.01206,0.96883,0.00000,0.00000,1.00,1.00
12642,Saccade,2641,0.00,15.00,0.14196,-0.00826,0.00826,-0.98980,0.08621,-0.11412,-0.00994,-0.98967,-0.22480,0.12326,-0.01383,0.96648,0.08739,-0.08743,-0.00770,-0.99230,-0.22658,0.09655,-0.01227,0.96912,0.00000,0.00000,1.00,1.00
12651,Saccade,2650,0.00,15.00,0.14192,-0.00841,0.00829,-0.98981,0.08625,-0.11397,-0.00993,-0.98968,-0.22480,0.12326,-0.01382,0.96648,0.08743,-0.08727,-0.00769,-0.99231,-0.22658,0.09655,-0.01227,0.96912,0.00000,0.00000,1.00,1.00
12663,Saccade,2662,0.00,15.00,0.14198,-0.00853,0.00834,-0.98980,0.08620,-0.11384,-0.00992,-0.98970,-0.22481,0.12325,-0.01387,0.96648,0.08738,-0.08715,-0.00767,-0.99233,-0.22659,0.09654,-0.01231,0.96912,0.00000,0.00000,1.00,1.00
12674,Saccade,2673,0.00,15.00,0.14213,-0.00864,0.00820,-0.98978,0.08652,-0.11419,-0.00998,-0.98963,-0.22527,0.12371,-0.01372,0.96631,0.08771,-0.08750,-0.00773,-0.99227,-0.22706,0.09700,-0.01216,0.96896,0.00000,0.00000,1.00,1.00
12685,Saccade,2684,0.00,15.00,0.14227,-0.00876,0.00825,-0.98975,0.08639,-0.11406,-0.00996,-0.98966,-0.22528,0.12369,-0.01378,0.96631,0.08758,-0.08736,-0.00771,-0.99229,-0.22707,0.09698,-0.01222,0.96896,0.00000,0.00000,1.00,1.00
12697,Saccade,2696,0.00,15.00,0.14254,-0.00884,0.00813,-0.98972,0.08610,-0.11401,-0.00992,-0.98969,-0.22527,0.12371,-0.01372,0.96631,0.08729,-0.08732,-0.00768,-0.99232,-0.22706,0.09700,-0.01214,0.96896,0.00000,0.00000,1.00,1.00
12708,Saccade,2707,0.00,15.00,0.14280,-0.00886,0.00809,-0.98968,0.08532,-0.11421,-0.00984,-0.98974,-0.22477,0.12390,-0.01382,0.96641,0.08650,-0.08752,-0.00763,-0.99237,-0.22655,0.09720,-0.01221,0.96906,0.00000,0.00000,1.00,1.00
12718,Saccade,2717,0.00,15.00,0.14302,-0.00880,0.00813,-0.98965,0.08512,-0.11425,-0.00983,-0.98975,-0.22478,0.12388,-0.01391,0.96640,0.08629,-0.08757,-0.00761,-0.99238,-0.22655,0.09718,-0.01229,0.96906,0.00000,0.00000,1.00,1.00
12731,Saccade,2729,0.00,15.00,0.14323,-0.00870,0.00812,-0.98962,0.08492,-0.11434,-0.00981,-0.98976,-0.22478,0.12386,-0.01397,0.96640,0.08609,-0.08766,-0.00760,-0.99239,-0.22656,0.09717,-0.01234,0.96906,0.00000,0.00000,1.00,1.00
12741,Saccade,2740,0.00,15.00,0.14349,-0.00862,0.00820,-0.98958,0.08384,-0.11419,-0.00967,-0.98987,-0.22398,0.12361,-0.01421,0.96662,0.08498,-0.08751,-0.00749,-0.99250,-0.22573,0.09692,-0.01255,0.96928,0.00000,0.00000,1.00,1.00
12752,Saccade,2750,0.00,15.00,0.14362,-0.00854,0.00827,-0.98956,0.08373,-0.11424,-0.00966,-0.98987,-0.22400,0.12358,-0.01431,0.96662,0.08487,-0.08756,-0.00749,-0.99251,-0.22574,0.09690,-0.01264,0.96927,0.00000,0.00000,1.00,1.00
12764,Saccade,2762,0.00,15.00,0.14370,-0.00850,0.00841,-0.98955,0.08369,-0.11423,-0.00966,-0.98988,-0.22402,0.12354,-0.01447,0.96662,0.08482,-0.08755,-0.00748,-0.99251,-0.22575,0.09686,-0.01280,0.96927,0.00000,0.00000,1.00,1.00
12774,Saccade,2773,0.00,15.00,0.14400,-0.00861,0.00846,-0.98950,0.08402,-0.11366,-0.00965,-0.98991,-0.22464,0.12309,-0.01447,0.96653,0.08514,-0.08697,-0.00746,-0.99254,-0.22637,0.09640,-0.01280,0.96917,0.00000,0.00000,1.00,1.00
12785,Saccade,2784,0.00,15.00,0.14427,-0.00879,0.00848,-0.98946,0.08375,-0.11348,-0.00960,-0.98996,-0.22464,0.12308,-0.01453,0.96653,0.08488,-0.08679,-0.00742,-0.99258,-0.22638,0.09639,-0.01285,0.96917,0.00000,0.00000,1.00,1.00
12797,Saccade,2796,0.00,15.00,0.14434,-0.00894,0.00846,-0.98945,0.08367,-0.11334,-0.00958,-0.98998,-0.22464,0.12308,-0.01451,0.96653,0.08480,-0.08665,-0.00740,-0.99260,-0.22637,0.09639,-0.01283,0.96917,0.00000,0.00000,1.00,1.00
12808,Saccade,2807,0.00,15.00,0.14435,-0.00915,0.00865,-0.98945,0.08416,-0.11277,-0.00959,-0.99000,-0.22511,0.12275,-0.01458,0.96646,0.08529,-0.08607,-0.00740,-0.99260,-0.22685,0.09605,-0.01291,0.96909,0.00000,0.00000,1.00,1.00
12819,Saccade,2817,0.00,15.00,0.14423,-0.00929,0.00875,-0.98946,0.08429,-0.11261,-0.00959,-0.99001,-0.22512,0.12274,-0.01464,0.96646,0.08541,-0.08591,-0.00739,-0.99261,-0.22686,0.09604,-0.01297,0.96909,0.00000,0.00000,1.00,1.00
12831,Saccade,2829,0.00,15.00,0.14432,-0.00930,0.00859,-0.98945,0.08417,-0.11264,-0.00958,-0.99002,-0.22510,0.12277,-0.01450,0.96646,0.08530,-0.08595,-0.00739,-0.99261,-0.22685,0.09607,-0.01283,0.96910,0.00000,0.00000,1.00,1.00
12841,Saccade,2840,0.00,15.00,0.14437,-0.00934,0.00820,-0.98945,0.08532,-0.11314,-0.00975,-0.98986,-0.22630,0.12330,-0.01400,0.96612,0.08650,-0.08643,-0.00753,-0.99247,-0.22808,0.09659,-0.01235,0.96876,0.00000,0.00000,1.00,1.00
12852,Saccade,2851,0.00,15.00,0.14447,-0.00927,0.00793,-0.98943,0.08516,-0.11328,-0.00975,-0.98986,-0.22628,0.12335,-0.01378,0.96612,0.08635,-0.08658,-0.00753,-0.99247,-0.22806,0.09664,-0.01213,0.96876,0.00000,0.00000,1.00,1.00
12864,Saccade,2863,0.00,15.00,0.14457,-0.00911,0.00784,-0.98942,0.08505,-0.11347,-0.00975,-0.98985,-0.22627,0.12336,-0.01374,0.96612,0.08624,-0.08677,-0.00754,-0.99246,-0.22806,0.09665,-0.01208,0.96876,0.00000,0.00000,1.00,1.00
12875,Saccade,2874,0.00,15.00,0.14462,-0.00881,0.00794,-0.98942,0.08219,-0.11331,-0.00941,-0.99011,-0.22352,0.12285,-0.01422,0.96682,0.08332,-0.08662,-0.00727,-0.99272,-0.22525,0.09616,-0.01249,0.96946,0.00000,0.00000,1.00,1.00
12885,Saccade,2884,0.00,15.00,0.14464,-0.00847,0.00810,-0.98942,0.08221,-0.11359,-0.00943,-0.99008,-0.22355,0.12280,-0.01442,0.96682,0.08333,-0.08690,-0.00729,-0.99270,-0.22527,0.09612,-0.01269,0.96946,0.00000,0.00000,1.00,1.00
12897,Saccade,2896,0.00,15.00,0.14471,-0.00812,0.00823,-0.98941,0.08276,-0.11337,-0.00948,-0.99005,-0.22415,0.12226,-0.01450,0.96675,0.08387,-0.08668,-0.00732,-0.99267,-0.22585,0.09557,-0.01278,0.96938,0.00000,0.00000,1.00,1.00
12908,Saccade,2907,0.00,15.00,0.14483,-0.00783,0.00833,-0.98939,0.08268,-0.11361,-0.00949,-0.99003,-0.22417,0.12222,-0.01467,0.96674,0.08377,-0.08692,-0.00734,-0.99266,-0.22587,0.09553,-0.01294,0.96938,0.00000,0.00000,1.00,1.00
12919,Saccade,2918,0.00,15.00,0.14494,-0.00765,0.00839,-0.98938,0.08259,-0.11377,-0.00949,-0.99002,-0.22418,0.12220,-0.01478,0.96674,0.08368,-0.08707,-0.00734,-0.99265,-0.22588,0.09551,-0.01305,0.96937,0.00000,0.00000,1.00,1.00
12931,Saccade,2930,0.00,15.00,0.14503,-0.00759,0.00844,-0.98936,0.08252,-0.11380,-0.00949,-0.99002,-0.22419,0.12218,-0.01485,0.96674,0.08361,-0.08711,-0.00734,-0.99266,-0.22589,0.09549,-0.01312,0.96937,0.00000,0.00000,1.00,1.00
12942,Saccade,2941,0.00,15.00,0.14509,-0.00757,0.00849,-0.98935,0.08264,-0.11323,-0.00945,-0.99008,-0.22437,0.12160,-0.01486,0.96677,0.08373,-0.08654,-0.00730,-0.99270,-0.22608,0.09490,-0.01313,0.96939,0.00000,0.00000,1.00,1.00
12953,Saccade,2951,0.00,15.00,0.14513,-0.00765,0.00857,-0.98935,0.08261,-0.11313,-0.00944,-0.99009,-0.22438,0.12158,-0.01493,0.96677,0.08370,-0.08644,-0.00729,-0.99271,-0.22608,0.09489,-0.01320,0.96939,0.00000,0.00000,1.00,1.00
12964,Saccade,2963,0.00,15.00,0.14524,-0.00765,0.00854,-0.98933,0.08268,-0.11271,-0.00941,-0.99014,-0.22457,0.12116,-0.01488,0.96678,0.08378,-0.08601,-0.00726,-0.99274,-0.22629,0.09446,-0.01315,0.96938,0.00000,0.00000,1.00,1.00
12975,Saccade,2974,0.00,15.00,0.14538,-0.00786,0.00854,-0.98931,0.08254,-0.11251,-0.00938,-0.99017,-0.22457,0.12116,-0.01488,0.96678,0.08364,-0.08582,-0.00723,-0.99277,-0.22628,0.09446,-0.01314,0.96938,0.00000,0.00000,1.00,1.00
12986,Saccade,2985,0.00,15.00,0.14554,-0.00819,0.00853,-0.98928,0.08237,-0.11219,-0.00933,-0.99022,-0.22457,0.12116,-0.01487,0.96678,0.08347,-0.08549,-0.00719,-0.99281,-0.22628,0.09447,-0.01312,0.96938,0.00000,0.00000,1.00,1.00
12998,Saccade,2997,0.00,15.00,0.14560,-0.00859,0.00881,-0.98927,0.08236,-0.11172,-0.00929,-0.99028,-0.22460,0.12111,-0.01509,0.96678,0.08345,-0.08503,-0.00715,-0.99285,-0.22630,0.09442,-0.01334,0.96938,0.00000,0.00000,1.00,1.00
13009,Saccade,3007,0.00,15.00,0.14582,-0.00890,0.00928,-0.98923,0.08112,-0.11096,-0.00909,-0.99047,-0.22357,0.12066,-0.01566,0.96706,0.08217,-0.08427,-0.00697,-0.99303,-0.22524,0.09397,-0.01388,0.96966,0.00000,0.00000,1.00,1.00
13019,Saccade,3018,0.00,15.00,0.14619,-0.00911,0.00947,-0.98917,0.08080,-0.11069,-0.00903,-0.99052,-0.22360,0.12060,-0.01589,0.96706,0.08183,-0.08400,-0.00692,-0.99308,-0.22527,0.09392,-0.01409,0.96966,0.00000,0.00000,1.00,1.00
13031,Saccade,3030,0.00,15.00,0.14662,-0.00938,0.00964,-0.98910,0.08072,-0.11084,-0.00903,-0.99051,-0.22392,0.12102,-0.01611,0.96693,0.08176,-0.08414,-0.00693,-0.99307,-0.22560,0.09434,-0.01429,0.96954,0.00000,0.00000,1.00,1.00
13042,Saccade,3041,0.00,15.00,0.14690,-0.00962,0.00994,-0.98905,0.08051,-0.11051,-0.00898,-0.99057,-0.22396,0.12095,-0.01642,0.96693,0.08153,-0.08382,-0.00688,-0.99312,-0.22563,0.09427,-0.01459,0.96953,0.00000,0.00000,1.00,1.00
13053,Saccade,3051,0.00,15.00,0.14725,-0.00981,0.01030,-0.98900,0.08024,-0.11021,-0.00893,-0.99062,-0.22401,0.12086,-0.01682,0.96692,0.08124,-0.08352,-0.00683,-0.99317,-0.22567,0.09418,-0.01498,0.96953,0.00000,0.00000,1.00,1.00
13064,Saccade,3063,0.00,15.00,0.14744,-0.00999,0.01048,-0.98897,0.08225,-0.11093,-0.00921,-0.99038,-0.22611,0.12183,-0.01680,0.96631,0.08330,-0.08423,-0.00707,-0.99293,-0.22782,0.09514,-0.01500,0.96893,0.00000,0.00000,1.00,1.00
13075,Saccade,3074,0.00,15.00,0.14758,-0.01009,0.01065,-0.98894,0.08214,-0.11079,-0.00919,-0.99040,-0.22613,0.12178,-0.01698,0.96631,0.08318,-0.08408,-0.00704,-0.99296,-0.22784,0.09510,-0.01518,0.96892,0.00000,0.00000,1.00,1.00
13086,Saccade,3085,0.00,15.00,0.14785,-0.01011,0.01079,-0.98890,0.08192,-0.11072,-0.00916,-0.99043,-0.22615,0.12174,-0.01717,0.96630,0.08295,-0.08402,-0.00702,-0.99298,-0.22786,0.09506,-0.01536,0.96892,0.00000,0.00000,1.00,1.00
13098,Saccade,3097,0.00,15.00,0.14800,-0.01011,0.01098,-0.98888,0.08247,-0.11064,-0.00921,-0.99039,-0.22682,0.12170,-0.01731,0.96615,0.08352,-0.08393,-0.00706,-0.99294,-0.22855,0.09500,-0.01550,0.96876,0.00000,0.00000,1.00,1.00
13109,Saccade,3108,0.00,15.00,0.14802,-0.01003,0.01125,-0.98887,0.08251,-0.11064,-0.00922,-0.99039,-0.22685,0.12163,-0.01758,0.96614,0.08355,-0.08392,-0.00706,-0.99294,-0.22858,0.09493,-0.01577,0.96876,0.00000,0.00000,1.00,1.00
13120,Saccade,3118,0.00,15.00,0.14786,-0.00990,0.01133,-0.98889,0.08269,-0.11074,-0.00925,-0.99036,-0.22686,0.12162,-0.01763,0.96614,0.08373,-0.08402,-0.00709,-0.99291,-0.22859,0.09492,-0.01583,0.96876,0.00000,0.00000,1.00,1.00
13131,Saccade,3130,0.00,15.00,0.14776,-0.00966,0.01127,-0.98891,0.07937,-0.11108,-0.00890,-0.99060,-0.22353,0.12163,-0.01801,0.96691,0.08039,-0.08439,-0.00683,-0.99316,-0.22523,0.09496,-0.01613,0.96953,0.00000,0.00000,1.00,1.00
13142,Saccade,3141,0.00,15.00,0.14766,-0.00946,0.01119,-0.98893,0.07946,-0.11130,-0.00893,-0.99057,-0.22352,0.12164,-0.01794,0.96691,0.08049,-0.08460,-0.00686,-0.99314,-0.22523,0.09497,-0.01606,0.96953,0.00000,0.00000,1.00,1.00
13153,Saccade,3152,0.00,15.00,0.14775,-0.00921,0.01115,-0.98892,0.07937,-0.11154,-0.00894,-0.99054,-0.22352,0.12164,-0.01795,0.96691,0.08040,-0.08485,-0.00687,-0.99312,-0.22523,0.09497,-0.01607,0.96953,0.00000,0.00000,1.00,1.00
13165,Saccade,3164,0.00,15.00,0.14790,-0.00894,0.01120,-0.98890,0.07925,-0.11179,-0.00894,-0.99053,-0.22353,0.12161,-0.01807,0.96691,0.08027,-0.08509,-0.00688,-0.99311,-0.22524,0.09494,-0.01619,0.96953,0.00000,0.00000,1.00,1.00
13176,Saccade,3174,0.00,15.00,0.14795,-0.00877,0.01131,-0.98889,0.07924,-0.11179,-0.00894,-0.99053,-0.22357,0.12145,-0.01821,0.96692,0.08027,-0.08510,-0.00688,-0.99311,-0.22529,0.09479,-0.01632,0.96953,0.00000,0.00000,1.00,1.00
13187,Saccade,3185,0.00,15.00,0.14797,-0.00865,0.01143,-0.98889,0.07925,-0.11187,-0.00895,-0.99052,-0.22358,0.12142,-0.01834,0.96692,0.08027,-0.08518,-0.00689,-0.99310,-0.22530,0.09476,-0.01646,0.96953,0.00000,0.00000,1.00,1.00
13198,Saccade,3196,0.00,15.00,0.14795,-0.00855,0.01146,-0.98889,0.07928,-0.11195,-0.00896,-0.99051,-0.22359,0.12141,-0.01838,0.96692,0.08030,-0.08526,-0.00689,-0.99309,-0.22530,0.09475,-0.01649,0.96953,0.00000,0.00000,1.00,1.00
13208,Saccade,3207,0.00,15.00,0.14805,-0.00848,0.01139,-0.98888,0.07867,-0.11171,-0.00887,-0.99058,-0.22310,0.12108,-0.01838,0.96707,0.07970,-0.08502,-0.00682,-0.99316,-0.22482,0.09442,-0.01647,0.96967,0.00000,0.00000,1.00,1.00
13220,Saccade,3218,0.00,15.00,0.14820,-0.00837,0.01124,-0.98886,0.07849,-0.11185,-0.00886,-0.99058,-0.22309,0.12110,-0.01829,0.96707,0.07953,-0.08517,-0.00682,-0.99316,-0.22481,0.09444,-0.01637,0.96968,0.00000,0.00000,1.00,1.00
13231,Saccade,3230,0.00,15.00,0.14835,-0.00826,0.01125,-0.98884,0.07836,-0.11196,-0.00886,-0.99058,-0.22310,0.12108,-0.01834,0.96707,0.07939,-0.08527,-0.00682,-0.99317,-0.22482,0.09443,-0.01642,0.96968,0.00000,0.00000,1.00,1.00
13242,Saccade,3241,0.00,15.00,0.14839,-0.00819,0.01123,-0.98883,0.07998,-0.11155,-0.00901,-0.99049,-0.22474,0.12066,-0.01811,0.96675,0.08104,-0.08486,-0.00692,-0.99307,-0.22648,0.09398,-0.01623,0.96933,0.00000,0.00000,1.00,1.00
13253,Saccade,3252,0.00,15.00,0.14849,-0.00803,0.01126,-0.98882,0.07989,-0.11170,-0.00901,-0.99048,-0.22475,0.12064,-0.01819,0.96675,0.08094,-0.08500,-0.00693,-0.99306,-0.22649,0.09396,-0.01631,0.96933,0.00000,0.00000,1.00,1.00
13265,Saccade,3264,0.00,15.00,0.14862,-0.00786,0.01137,-0.98880,0.07980,-0.11182,-0.00901,-0.99048,-0.22477,0.12060,-0.01835,0.96675,0.08085,-0.08512,-0.00693,-0.99306,-0.22650,0.09393,-0.01646,0.96933,0.00000,0.00000,1.00,1.00
13276,Saccade,3275,0.00,15.00,0.14876,-0.00779,0.01159,-0.98877,0.07825,-0.11147,-0.00880,-0.99064,-0.22338,0.12015,-0.01875,0.96712,0.07926,-0.08478,-0.00677,-0.99322,-0.22509,0.09349,-0.01682,0.96970,0.00000,0.00000,1.00,1.00
13286,Saccade,3285,0.00,15.00,0.14879,-0.00782,0.01172,-0.98877,0.07824,-0.11139,-0.00880,-0.99065,-0.22339,0.12012,-0.01887,0.96712,0.07925,-0.08471,-0.00676,-0.99323,-0.22510,0.09346,-0.01694,0.96970,0.00000,0.00000,1.00,1.00
13298,Saccade,3297,0.00,15.00,0.14883,-0.00780,0.01173,-0.98876,0.07681,-0.11135,-0.00863,-0.99077,-0.22203,0.12001,-0.01906,0.96744,0.07781,-0.08468,-0.00663,-0.99334,-0.22373,0.09337,-0.01709,0.97002,0.00000,0.00000,1.00,1.00
13309,Saccade,3308,0.00,15.00,0.14887,-0.00779,0.01175,-0.98876,0.07678,-0.11135,-0.00863,-0.99077,-0.22203,0.12001,-0.01908,0.96744,0.07777,-0.08468,-0.00663,-0.99335,-0.22373,0.09337,-0.01711,0.97002,0.00000,0.00000,1.00,1.00
13320,Saccade,3318,0.00,15.00,0.14888,-0.00779,0.01167,-0.98876,0.07675,-0.11137,-0.00863,-0.99077,-0.22203,0.12002,-0.01901,0.96744,0.07775,-0.08470,-0.00663,-0.99335,-0.22373,0.09338,-0.01704,0.97002,0.00000,0.00000,1.00,1.00
13332,Saccade,3330,0.00,15.00,0.14910,-0.00788,0.01164,-0.98872,0.07668,-0.11119,-0.00861,-0.99080,-0.22219,0.11993,-0.01900,0.96741,0.07769,-0.08452,-0.00661,-0.99337,-0.22390,0.09329,-0.01701,0.96999,0.00000,0.00000,1.00,1.00
13343,Saccade,3341,0.00,15.00,0.14951,-0.00802,0.01162,-0.98866,0.07628,-0.11106,-0.00855,-0.99085,-0.22219,0.11991,-0.01905,0.96741,0.07729,-0.08439,-0.00657,-0.99341,-0.22390,0.09328,-0.01705,0.96999,0.00000,0.00000,1.00,1.00
13353,Saccade,3352,0.00,15.00,0.14971,-0.00803,0.01181,-0.98863,0.07612,-0.11099,-0.00853,-0.99087,-0.22222,0.11986,-0.01928,0.96741,0.07712,-0.08432,-0.00655,-0.99343,-0.22392,0.09323,-0.01727,0.96998,0.00000,0.00000,1.00,1.00
13365,Saccade,3364,0.00,15.00,0.14966,-0.00810,0.01198,-0.98863,0.07637,-0.11065,-0.00853,-0.99088,-0.22240,0.11961,-0.01938,0.96740,0.07737,-0.08397,-0.00654,-0.99344,-0.22410,0.09298,-0.01738,0.96996,0.00000,0.00000,1.00,1.00
13376,Saccade,3375,0.00,15.00,0.14958,-0.00805,0.01214,-0.98864,0.07649,-0.11066,-0.00854,-0.99087,-0.22242,0.11958,-0.01952,0.96739,0.07747,-0.08398,-0.00655,-0.99343,-0.22412,0.09294,-0.01753,0.96996,0.00000,0.00000,1.00,1.00
13387,Saccade,3386,0.00,15.00,0.14965,-0.00801,0.01206,-0.98863,0.07640,-0.11072,-0.00854,-0.99087,-0.22241,0.11960,-0.01946,0.96739,0.07739,-0.08404,-0.00655,-0.99343,-0.22411,0.09296,-0.01746,0.96996,0.00000,0.00000,1.00,1.00
13399,Saccade,3397,0.00,15.00,0.14951,-0.00792,0.01191,-0.98866,0.07651,-0.11086,-0.00856,-0.99085,-0.22239,0.11963,-0.01930,0.96740,0.07750,-0.08418,-0.00657,-0.99341,-0.22410,0.09299,-0.01731,0.96997,0.00000,0.00000,1.00,1.00
13409,Saccade,3408,0.00,15.00,0.14924,-0.00777,0.01172,-0.98870,0.07891,-0.11101,-0.00884,-0.99064,-0.22450,0.11969,-0.01882,0.96691,0.07996,-0.08431,-0.00679,-0.99320,-0.22624,0.09303,-0.01689,0.96947,0.00000,0.00000,1.00,1.00
13420,Saccade,3419,0.00,15.00,0.14869,-0.00757,0.01159,-0.98879,0.07942,-0.11125,-0.00892,-0.99057,-0.22447,0.11974,-0.01860,0.96692,0.08049,-0.08456,-0.00685,-0.99314,-0.22622,0.09307,-0.01670,0.96947,0.00000,0.00000,1.00,1.00
13432,Saccade,3431,0.00,15.00,0.14834,-0.00728,0.01178,-0.98884,0.07864,-0.11139,-0.00884,-0.99062,-0.22334,0.11960,-0.01888,0.96719,0.07968,-0.08470,-0.00679,-0.99319,-0.22507,0.09293,-0.01696,0.96975,0.00000,0.00000,1.00,1.00
13442,Saccade,3441,0.00,15.00,0.14816,-0.00697,0.01197,-0.98887,0.07888,-0.11163,-0.00889,-0.99057,-0.22336,0.11956,-0.01905,0.96719,0.07990,-0.08494,-0.00683,-0.99315,-0.22509,0.09289,-0.01716,0.96975,0.00000,0.00000,1.00,1.00
13453,Saccade,3452,0.00,15.00,0.14811,-0.00670,0.01211,-0.98887,0.07896,-0.11185,-0.00892,-0.99054,-0.22338,0.11952,-0.01922,0.96719,0.07998,-0.08516,-0.00686,-0.99313,-0.22511,0.09285,-0.01732,0.96974,0.00000,0.00000,1.00,1.00
13465,Saccade,3464,0.00,15.00,0.14806,-0.00642,0.01207,-0.98888,0.07902,-0.11213,-0.00895,-0.99051,-0.22338,0.11952,-0.01921,0.96719,0.08004,-0.08544,-0.00689,-0.99310,-0.22511,0.09285,-0.01731,0.96975,0.00000,0.00000,1.00,1.00
13476,Saccade,3475,0.00,15.00,0.14800,-0.00612,0.01196,-0.98890,0.07866,-0.11200,-0.00889,-0.99055,-0.22300,0.11908,-0.01914,0.96733,0.07969,-0.08532,-0.00685,-0.99314,-0.22472,0.09241,-0.01724,0.96988,0.00000,0.00000,1.00,1.00
13487,Saccade,3486,0.00,15.00,0.14809,-0.00586,0.01177,-0.98889,0.07854,-0.11231,-0.00891,-0.99052,-0.22298,0.11911,-0.01903,0.96733,0.07957,-0.08562,-0.00686,-0.99312,-0.22471,0.09244,-0.01712,0.96988,0.00000,0.00000,1.00,1.00
13499,Saccade,3497,0.00,15.00,0.14813,-0.00557,0.01170,-0.98888,0.07796,-0.11385,-0.00896,-0.99039,-0.22241,0.12034,-0.01915,0.96731,0.07901,-0.08719,-0.00694,-0.99303,-0.22417,0.09370,-0.01723,0.96988,0.00000,0.00000,1.00,1.00
13510,Saccade,3508,0.00,15.00,0.14809,-0.00536,0.01158,-0.98889,0.07798,-0.11408,-0.00898,-0.99037,-0.22240,0.12036,-0.01906,0.96731,0.07904,-0.08742,-0.00696,-0.99301,-0.22416,0.09372,-0.01714,0.96988,0.00000,0.00000,1.00,1.00
13520,Saccade,3519,0.00,15.00,0.14821,-0.00508,0.01153,-0.98888,0.07786,-0.11437,-0.00899,-0.99034,-0.22241,0.12035,-0.01908,0.96731,0.07892,-0.08771,-0.00697,-0.99299,-0.22416,0.09372,-0.01715,0.96988,0.00000,0.00000,1.00,1.00
13532,Saccade,3531,0.00,15.00,0.14822,-0.00487,0.01141,-0.98888,0.08086,-0.11775,-0.00962,-0.98970,-0.22526,0.12362,-0.01884,0.96624,0.08201,-0.09113,-0.00753,-0.99243,-0.22711,0.09700,-0.01698,0.96888,0.00000,0.00000,1.00,1.00
13543,Saccade,3541,0.00,15.00,0.14822,-0.00462,0.01124,-0.98888,0.08082,-0.11805,-0.00964,-0.98967,-0.22525,0.12365,-0.01871,0.96624,0.08198,-0.09142,-0.00755,-0.99240,-0.22710,0.09703,-0.01686,0.96888,0.00000,0.00000,1.00,1.00
13553,Saccade,3552,0.00,15.00,0.14822,-0.00441,0.01133,-0.98888,0.08086,-0.11822,-0.00966,-0.98964,-0.22526,0.12362,-0.01882,0.96624,0.08201,-0.09160,-0.00757,-0.99239,-0.22711,0.09701,-0.01697,0.96888,0.00000,0.00000,1.00,1.00
13565,Saccade,3564,0.00,15.00,0.14833,-0.00407,0.01132,-0.98886,0.08444,-0.13630,-0.01166,-0.98699,-0.22831,0.14148,-0.01952,0.96305,0.08584,-0.10993,-0.00953,-0.99018,-0.23048,0.11512,-0.01774,0.96608,0.00000,0.00000,1.00,1.00
13576,Saccade,3574,0.00,15.00,0.14855,-0.00380,0.01136,-0.98883,0.08426,-0.13654,-0.01166,-0.98698,-0.22833,0.14145,-0.01965,0.96305,0.08565,-0.11017,-0.00953,-0.99017,-0.23049,0.11509,-0.01786,0.96608,0.00000,0.00000,1.00,1.00
13587,Saccade,3586,0.00,15.00,0.14881,-0.00343,0.01122,-0.98880,0.08398,-0.13692,-0.01165,-0.98695,-0.22833,0.14145,-0.01964,0.96305,0.08538,-0.11056,-0.00953,-0.99015,-0.23049,0.11510,-0.01785,0.96608,0.00000,0.00000,1.00,1.00
13599,Saccade,3597,0.00,15.00,0.14915,-0.00318,0.01117,-0.98875,0.08119,-0.13640,-0.01122,-0.98726,-0.22596,0.14059,-0.02002,0.96373,0.08253,-0.11006,-0.00917,-0.99045,-0.22807,0.11426,-0.01814,0.96675,0.00000,0.00000,1.00,1.00
13610,Saccade,3608,0.00,15.00,0.14947,-0.00288,0.01098,-0.98870,0.08084,-0.13673,-0.01120,-0.98724,-0.22596,0.14060,-0.01997,0.96373,0.08218,-0.11039,-0.00916,-0.99044,-0.22806,0.11427,-0.01808,0.96675,0.00000,0.00000,1.00,1.00
13621,Saccade,3619,0.00,15.00,0.14984,-0.00262,0.01094,-0.98865,0.08049,-0.13699,-0.01117,-0.98723,-0.22597,0.14057,-0.02007,0.96373,0.08183,-0.11066,-0.00914,-0.99044,-0.22807,0.11426,-0.01816,0.96675,0.00000,0.00000,1.00,1.00
13632,Saccade,3631,0.00,15.00,0.15019,-0.00246,0.01109,-0.98859,0.08238,-0.13401,-0.01118,-0.98749,-0.22824,0.13751,-0.01983,0.96364,0.08372,-0.10762,-0.00909,-0.99062,-0.23032,0.11113,-0.01796,0.96658,0.00000,0.00000,1.00,1.00
13643,Saccade,3642,0.00,15.00,0.15053,-0.00231,0.01128,-0.98854,0.08211,-0.13409,-0.01115,-0.98750,-0.22828,0.13744,-0.02011,0.96364,0.08343,-0.10770,-0.00907,-0.99063,-0.23035,0.11106,-0.01823,0.96658,0.00000,0.00000,1.00,1.00
13654,Saccade,3652,0.00,15.00,0.15070,-0.00213,0.01126,-0.98851,0.08195,-0.13426,-0.01114,-0.98749,-0.22829,0.13743,-0.02016,0.96364,0.08326,-0.10788,-0.00907,-0.99063,-0.23036,0.11105,-0.01827,0.96658,0.00000,0.00000,1.00,1.00
13666,Saccade,3664,0.00,15.00,0.15099,-0.00195,0.01121,-0.98847,0.08167,-0.13444,-0.01112,-0.98749,-0.22829,0.13741,-0.02022,0.96363,0.08298,-0.10806,-0.00905,-0.99063,-0.23036,0.11104,-0.01832,0.96657,0.00000,0.00000,1.00,1.00
13676,Saccade,3675,0.00,15.00,0.15119,-0.00175,0.01117,-0.98844,0.08071,-0.13365,-0.01092,-0.98768,-0.22759,0.13638,-0.02030,0.96394,0.08201,-0.10727,-0.00888,-0.99080,-0.22965,0.11002,-0.01836,0.96686,0.00000,0.00000,1.00,1.00
13687,Saccade,3686,0.00,15.00,0.15127,-0.00155,0.01121,-0.98843,0.08065,-0.13382,-0.01093,-0.98766,-0.22761,0.13636,-0.02039,0.96394,0.08194,-0.10744,-0.00889,-0.99079,-0.22966,0.10999,-0.01845,0.96686,0.00000,0.00000,1.00,1.00
13699,Saccade,3698,0.00,15.00,0.15140,-0.00136,0.01132,-0.98841,0.08071,-0.13337,-0.01090,-0.98771,-0.22779,0.13572,-0.02049,0.96399,0.08200,-0.10698,-0.00885,-0.99083,-0.22984,0.10936,-0.01855,0.96689,0.00000,0.00000,1.00,1.00
13709,Saccade,3708,0.00,15.00,0.15141,-0.00118,0.01146,-0.98840,0.08075,-0.13349,-0.01091,-0.98769,-0.22782,0.13569,-0.02065,0.96398,0.08203,-0.10711,-0.00887,-0.99082,-0.22986,0.10932,-0.01872,0.96688,0.00000,0.00000,1.00,1.00
13720,Saccade,3719,0.00,15.00,0.15149,-0.00099,0.01155,-0.98839,0.08070,-0.13364,-0.01092,-0.98768,-0.22783,0.13566,-0.02078,0.96398,0.08198,-0.10726,-0.00887,-0.99081,-0.22988,0.10929,-0.01884,0.96688,0.00000,0.00000,1.00,1.00
13732,Saccade,3731,0.00,15.00,0.15146,-0.00082,0.01155,-0.98840,0.08020,-0.11204,-0.00907,-0.99042,-0.22797,0.11385,-0.01937,0.96679,0.08124,-0.08535,-0.00698,-0.99301,-0.22971,0.08717,-0.01742,0.96919,0.00000,0.00000,1.00,1.00
13743,Saccade,3742,0.00,15.00,0.15145,-0.00068,0.01159,-0.98840,0.08022,-0.11216,-0.00908,-0.99041,-0.22798,0.11384,-0.01943,0.96679,0.08126,-0.08546,-0.00699,-0.99300,-0.22971,0.08715,-0.01749,0.96919,0.00000,0.00000,1.00,1.00
13754,Saccade,3753,0.00,15.00,0.15148,-0.00059,0.01152,-0.98839,0.08017,-0.11227,-0.00909,-0.99040,-0.22797,0.11385,-0.01939,0.96679,0.08122,-0.08558,-0.00700,-0.99299,-0.22971,0.08716,-0.01744,0.96919,0.00000,0.00000,1.00,1.00
13766,Saccade,3764,0.00,15.00,0.15149,-0.00044,0.01152,-0.98839,0.08035,-0.11195,-0.00908,-0.99042,-0.22816,0.11339,-0.01936,0.96681,0.08141,-0.08525,-0.00699,-0.99300,-0.22991,0.08670,-0.01741,0.96919,0.00000,0.00000,1.00,1.00
13777,Saccade,3775,0.00,15.00,0.15148,-0.00040,0.01142,-0.98839,0.08033,-0.11202,-0.00909,-0.99041,-0.22815,0.11341,-0.01927,0.96681,0.08140,-0.08532,-0.00699,-0.99300,-0.22990,0.08672,-0.01732,0.96919,0.00000,0.00000,1.00,1.00
13788,Saccade,3786,0.00,15.00,0.15132,-0.00027,0.01134,-0.98842,0.08048,-0.11217,-0.00911,-0.99038,-0.22814,0.11343,-0.01917,0.96681,0.08155,-0.08547,-0.00702,-0.99297,-0.22989,0.08674,-0.01724,0.96919,0.00000,0.00000,1.00,1.00
13799,Saccade,3798,0.00,15.00,0.15111,-0.00014,0.01125,-0.98845,0.08069,-0.11290,-0.00920,-0.99028,-0.22812,0.11404,-0.01910,0.96674,0.08178,-0.08622,-0.00710,-0.99289,-0.22990,0.08736,-0.01717,0.96913,0.00000,0.00000,1.00,1.00
13810,Saccade,3809,0.00,15.00,0.15084,0.00007,0.01116,-0.98850,0.08094,-0.11314,-0.00925,-0.99023,-0.22811,0.11406,-0.01898,0.96674,0.08204,-0.08646,-0.00714,-0.99285,-0.22989,0.08738,-0.01706,0.96914,0.00000,0.00000,1.00,1.00
13821,Saccade,3820,0.00,15.00,0.15069,0.00029,0.01112,-0.98852,0.08109,-0.11336,-0.00928,-0.99020,-0.22811,0.11407,-0.01894,0.96675,0.08219,-0.08667,-0.00717,-0.99282,-0.22989,0.08739,-0.01704,0.96914,0.00000,0.00000,1.00,1.00
13833,Saccade,3832,0.00,15.00,0.15050,0.00063,0.01096,-0.98855,0.08124,-0.11374,-0.00933,-0.99014,-0.22809,0.11411,-0.01879,0.96675,0.08235,-0.08706,-0.00722,-0.99277,-0.22987,0.08742,-0.01689,0.96914,0.00000,0.00000,1.00,1.00
13843,Saccade,3842,0.00,15.00,0.15029,0.00102,0.01089,-0.98858,0.08433,-0.11448,-0.00975,-0.98979,-0.23088,0.11455,-0.01842,0.96604,0.08549,-0.08779,-0.00756,-0.99244,-0.23271,0.08784,-0.01661,0.96843,0.00000,0.00000,1.00,1.00
13854,Saccade,3853,0.00,15.00,0.15018,0.00137,0.01085,-0.98860,0.08444,-0.11483,-0.00980,-0.98974,-0.23088,0.11456,-0.01842,0.96604,0.08559,-0.08814,-0.00760,-0.99239,-0.23271,0.08784,-0.01661,0.96843,0.00000,0.00000,1.00,1.00
13866,Saccade,3865,0.00,15.00,0.15025,0.00167,0.01101,-0.98859,0.08442,-0.11507,-0.00981,-0.98972,-0.23091,0.11451,-0.01863,0.96603,0.08556,-0.08837,-0.00762,-0.99238,-0.23273,0.08779,-0.01682,0.96842,0.00000,0.00000,1.00,1.00
13877,Saccade,3876,0.00,15.00,0.15065,0.00192,0.01109,-0.98852,0.08364,-0.11480,-0.00970,-0.98981,-0.23054,0.11398,-0.01884,0.96618,0.08476,-0.08812,-0.00753,-0.99247,-0.23234,0.08728,-0.01700,0.96856,0.00000,0.00000,1.00,1.00
13888,Saccade,3887,0.00,15.00,0.15088,0.00209,0.01129,-0.98849,0.08347,-0.11490,-0.00969,-0.98982,-0.23057,0.11391,-0.01911,0.96618,0.08458,-0.08821,-0.00752,-0.99248,-0.23237,0.08721,-0.01726,0.96856,0.00000,0.00000,1.00,1.00
13900,Saccade,3899,0.00,15.00,0.15085,0.00212,0.01156,-0.98849,0.08348,-0.11747,-0.00991,-0.98951,-0.23045,0.11647,-0.01954,0.96589,0.08462,-0.09082,-0.00775,-0.99224,-0.23229,0.08982,-0.01770,0.96833,0.00000,0.00000,1.00,1.00
13910,Saccade,3909,0.00,15.00,0.15063,0.00220,0.01175,-0.98852,0.08374,-0.11748,-0.00994,-0.98949,-0.23046,0.11644,-0.01968,0.96589,0.08487,-0.09084,-0.00777,-0.99221,-0.23230,0.08978,-0.01785,0.96833,0.00000,0.00000,1.00,1.00
13921,Saccade,3920,0.00,15.00,0.15037,0.00221,0.01176,-0.98856,0.08399,-0.11750,-0.00997,-0.98946,-0.23046,0.11645,-0.01963,0.96589,0.08513,-0.09085,-0.00779,-0.99219,-0.23230,0.08979,-0.01781,0.96833,0.00000,0.00000,1.00,1.00
13933,Saccade,3932,0.00,15.00,0.15011,0.00228,0.01156,-0.98860,0.08421,-0.11718,-0.00997,-0.98948,-0.23045,0.11606,-0.01937,0.96594,0.08538,-0.09053,-0.00779,-0.99220,-0.23231,0.08939,-0.01756,0.96837,0.00000,0.00000,1.00,1.00
13944,Saccade,3942,0.00,15.00,0.14984,0.00227,0.01151,-0.98864,0.08446,-0.11719,-0.01000,-0.98946,-0.23044,0.11608,-0.01925,0.96595,0.08564,-0.09054,-0.00782,-0.99217,-0.23231,0.08942,-0.01745,0.96837,0.00000,0.00000,1.00,1.00
13955,Saccade,3953,0.00,15.00,0.14952,0.00220,0.01144,-0.98869,0.08475,-0.11715,-0.01004,-0.98944,-0.23042,0.11612,-0.01910,0.96595,0.08594,-0.09050,-0.00784,-0.99215,-0.23229,0.08945,-0.01732,0.96837,0.00000,0.00000,1.00,1.00
13967,Saccade,3965,0.00,15.00,0.14915,0.00216,0.01154,-0.98874,0.08470,-0.11789,-0.01009,-0.98936,-0.22998,0.11691,-0.01920,0.96596,0.08590,-0.09125,-0.00790,-0.99208,-0.23187,0.09025,-0.01743,0.96839,0.00000,0.00000,1.00,1.00
13977,Saccade,3976,0.00,15.00,0.14881,0.00209,0.01156,-0.98880,0.08504,-0.11782,-0.01013,-0.98933,-0.22997,0.11693,-0.01914,0.96596,0.08624,-0.09119,-0.00793,-0.99206,-0.23186,0.09027,-0.01738,0.96840,0.00000,0.00000,1.00,1.00
13988,Saccade,3987,0.00,15.00,0.14858,0.00195,0.01158,-0.98883,0.08526,-0.11769,-0.01014,-0.98933,-0.22996,0.11694,-0.01908,0.96596,0.08647,-0.09105,-0.00794,-0.99205,-0.23186,0.09028,-0.01733,0.96840,0.00000,0.00000,1.00,1.00
14000,Saccade,3999,0.00,15.00,0.14833,0.00187,0.01148,-0.98887,0.08349,-0.11839,-0.00999,-0.98940,-0.22798,0.11766,-0.01920,0.96634,0.08469,-0.09177,-0.00783,-0.99214,-0.22987,0.09103,-0.01742,0.96880,0.00000,0.00000,1.00,1.00
14011,Saccade,4009,0.00,15.00,0.14829,0.00165,0.01141,-0.98888,0.08351,-0.11820,-0.00998,-0.98942,-0.22797,0.11769,-0.01909,0.96634,0.08471,-0.09158,-0.00782,-0.99216,-0.22986,0.09105,-0.01731,0.96880,0.00000,0.00000,1.00,1.00
14022,Saccade,4020,0.00,0.00,0.14823,0.00150,0.01157,-0.98888,0.08360,-0.11801,-0.00997,-0.98944,-0.22798,0.11766,-0.01921,0.96634,0.08479,-0.09139,-0.00781,-0.99217,-0.22987,0.09103,-0.01743,0.96880,0.00000,0.00000,1.00,1.00
14034,Saccade,4032,0.00,0.00,0.14815,0.00145,0.01165,-0.98890,0.08300,-0.12114,-0.01017,-0.98911,-0.22722,0.12083,-0.01954,0.96612,0.08421,-0.09457,-0.00803,-0.99192,-0.22914,0.09424,-0.01775,0.96866,0.00000,0.00000,1.00,1.00
14044,Saccade,4043,0.00,0.00,0.14791,0.00142,0.01174,-0.98893,0.08325,-0.12109,-0.01019,-0.98909,-0.22722,0.12082,-0.01956,0.96612,0.08447,-0.09451,-0.00805,-0.99190,-0.22914,0.09424,-0.01778,0.96866,0.00000,0.00000,1.00,1.00
14055,Saccade,4054,0.00,0.00,0.14786,0.00150,0.01165,-0.98894,0.08329,-0.12119,-0.01020,-0.98908,-0.22721,0.12084,-0.01947,0.96612,0.08450,-0.09462,-0.00806,-0.99189,-0.22914,0.09426,-0.01770,0.96866,0.00000,0.00000,1.00,1.00
14067,Saccade,4066,0.00,0.00,0.14790,0.00148,0.01162,-0.98893,0.08269,-0.12354,-0.01033,-0.98883,-0.22661,0.12320,-0.01967,0.96596,0.08393,-0.09700,-0.00821,-0.99171,-0.22856,0.09665,-0.01788,0.96856,0.00000,0.00000,1.00,1.00
14077,Saccade,4076,0.00,0.00,0.14806,0.00153,0.01149,-0.98891,0.08251,-0.12363,-0.01032,-0.98884,-0.22660,0.12322,-0.01959,0.96596,0.08375,-0.09709,-0.00820,-0.99171,-0.22855,0.09667,-0.01779,0.96856,0.00000,0.00000,1.00,1.00
14088,Saccade,4087,0.00,0.00,0.14815,0.00154,0.01149,-0.98890,0.08242,-0.12363,-0.01031,-0.98885,-0.22660,0.12321,-0.01962,0.96596,0.08366,-0.09710,-0.00819,-0.99172,-0.22855,0.09666,-0.01781,0.96856,0.00000,0.00000,1.00,1.00
14100,Saccade,4099,0.00,0.00,0.14817,0.00151,0.01151,-0.98889,0.08311,-0.12181,-0.01024,-0.98901,-0.22734,0.12144,-0.01944,0.96602,0.08433,-0.09524,-0.00810,-0.99184,-0.22927,0.09486,-0.01765,0.96857,0.00000,0.00000,1.00,1.00
14111,Saccade,4109,0.00,0.00,0.14823,0.00156,0.01143,-0.98889,0.08303,-0.12188,-0.01023,-0.98901,-0.22733,0.12145,-0.01938,0.96602,0.08426,-0.09532,-0.00810,-0.99184,-0.22927,0.09487,-0.01759,0.96857,0.00000,0.00000,1.00,1.00
14122,Saccade,4120,0.00,0.00,0.14829,0.00155,0.01128,-0.98888,0.08294,-0.12192,-0.01022,-0.98902,-0.22732,0.12148,-0.01926,0.96602,0.08417,-0.09535,-0.00809,-0.99185,-0.22925,0.09490,-0.01746,0.96857,0.00000,0.00000,1.00,1.00
14134,Saccade,4132,0.00,0.00,0.14851,0.00131,0.01110,-0.98885,0.08178,-0.12171,-0.01006,-0.98914,-0.22642,0.12146,-0.01922,0.96624,0.08300,-0.09515,-0.00796,-0.99196,-0.22834,0.09490,-0.01738,0.96879,0.00000,0.00000,1.00,1.00
14144,Saccade,4143,0.00,0.00,0.14853,0.00106,0.01083,-0.98885,0.08168,-0.12155,-0.01004,-0.98917,-0.22638,0.12153,-0.01893,0.96624,0.08291,-0.09499,-0.00794,-0.99199,-0.22831,0.09497,-0.01709,0.96879,0.00000,0.00000,1.00,1.00
14155,Saccade,4154,0.00,0.00,0.14852,0.00076,0.01067,-0.98885,0.08164,-0.12132,-0.01001,-0.98920,-0.22636,0.12157,-0.01874,0.96625,0.08289,-0.09476,-0.00792,-0.99201,-0.22829,0.09501,-0.01689,0.96880,0.00000,0.00000,1.00,1.00
14167,Saccade,4166,0.00,0.00,0.14848,0.00044,0.01072,-0.98886,0.08291,-0.12110,-0.01015,-0.98912,-0.22755,0.12171,-0.01859,0.96595,0.08416,-0.09453,-0.00802,-0.99193,-0.22949,0.09513,-0.01678,0.96851,0.00000,0.00000,1.00,1.00
14178,Saccade,4176,0.00,0.00,0.14841,0.00019,0.01079,-0.98887,0.08298,-0.12084,-0.01014,-0.98915,-0.22756,0.12171,-0.01860,0.96595,0.08423,-0.09427,-0.00801,-0.99194,-0.22949,0.09513,-0.01680,0.96851,0.00000,0.00000,1.00,1.00
14189,Saccade,4187,0.00,0.00,0.14837,-0.00008,0.01094,-0.98887,0.08305,-0.12054,-0.01012,-0.98918,-0.22757,0.12169,-0.01869,0.96595,0.08429,-0.09396,-0.00798,-0.99197,-0.22950,0.09511,-0.01689,0.96850,0.00000,0.00000,1.00,1.00
14201,Saccade,4199,0.00,0.00,0.14835,-0.00034,0.01098,-0.98887,0.08218,-0.12079,-0.01004,-0.98922,-0.22669,0.12218,-0.01883,0.96609,0.08340,-0.09423,-0.00792,-0.99202,-0.22859,0.09561,-0.01701,0.96867,0.00000,0.00000,1.00,1.00
14211,Saccade,4210,0.00,0.00,0.14837,-0.00061,0.01091,-0.98887,0.08213,-0.12056,-0.01001,-0.98925,-0.22668,0.12220,-0.01873,0.96609,0.08335,-0.09399,-0.00790,-0.99205,-0.22858,0.09563,-0.01691,0.96867,0.00000,0.00000,1.00,1.00
14222,Saccade,4221,0.00,0.00,0.14827,-0.00093,0.01069,-0.98889,0.08216,-0.12032,-0.00999,-0.98928,-0.22664,0.12227,-0.01845,0.96610,0.08339,-0.09376,-0.00788,-0.99206,-0.22856,0.09570,-0.01663,0.96867,0.00000,0.00000,1.00,1.00
14234,Saccade,4232,0.00,0.00,0.14823,-0.00117,0.01067,-0.98889,0.08227,-0.12081,-0.01005,-0.98921,-0.22669,0.12300,-0.01844,0.96599,0.08350,-0.09425,-0.00793,-0.99201,-0.22861,0.09643,-0.01662,0.96859,0.00000,0.00000,1.00,1.00
14244,Saccade,4242,0.00,0.00,0.14820,-0.00140,0.01070,-0.98890,0.08230,-0.12058,-0.01003,-0.98923,-0.22669,0.12300,-0.01842,0.96599,0.08353,-0.09402,-0.00792,-0.99203,-0.22860,0.09643,-0.01660,0.96859,0.00000,0.00000,1.00,1.00
14255,Saccade,4254,0.00,0.00,0.14800,-0.00155,0.01073,-0.98893,0.08250,-0.12044,-0.01004,-0.98924,-0.22668,0.12301,-0.01837,0.96599,0.08373,-0.09388,-0.00792,-0.99203,-0.22860,0.09644,-0.01657,0.96859,0.00000,0.00000,1.00,1.00
14267,Saccade,4266,0.00,0.00,0.14773,-0.00171,0.01071,-0.98897,0.08275,-0.12029,-0.01006,-0.98923,-0.22667,0.12303,-0.01827,0.96600,0.08398,-0.09372,-0.00793,-0.99202,-0.22859,0.09646,-0.01648,0.96859,0.00000,0.00000,1.00,1.00
14278,Saccade,4276,0.00,0.00,0.14743,-0.00183,0.01059,-0.98901,0.08258,-0.07371,-0.00612,-0.99384,-0.22740,0.07650,-0.01519,0.97067,0.08328,-0.04660,-0.00390,-0.99543,-0.22862,0.04937,-0.01341,0.97217,0.00000,0.00000,1.00,1.00
14289,Saccade,4288,0.00,0.00,0.14719,-0.00194,0.01034,-0.98905,0.08278,-0.07369,-0.00614,-0.99382,-0.22738,0.07657,-0.01489,0.97068,0.08349,-0.04658,-0.00391,-0.99541,-0.22861,0.04944,-0.01313,0.97217,0.00000,0.00000,1.00,1.00
14301,Saccade,4300,0.00,0.00,0.14700,-0.00199,0.01003,-0.98908,0.08029,-0.01986,-0.00160,-0.99657,-0.22571,0.02267,-0.01117,0.97387,0.08041,0.00748,0.00060,-0.99673,-0.22612,-0.00469,-0.00933,0.97404,0.00000,0.00000,1.00,1.00
14311,Saccade,4310,0.00,0.00,0.14686,-0.00214,0.00987,-0.98911,0.08043,-0.01977,-0.00160,-0.99656,-0.22570,0.02271,-0.01099,0.97387,0.08055,0.00757,0.00061,-0.99672,-0.22612,-0.00465,-0.00916,0.97405,0.00000,0.00000,1.00,1.00
14322,Saccade,4321,0.00,0.00,0.14659,-0.00225,0.00977,-0.98915,0.08069,-0.01969,-0.00159,-0.99654,-0.22570,0.02274,-0.01086,0.97387,0.08082,0.00765,0.00062,-0.99670,-0.22612,-0.00462,-0.00904,0.97405,0.00000,0.00000,1.00,1.00
14334,Saccade,4333,0.00,0.00,0.14630,-0.00231,0.00973,-0.98919,0.08025,-0.01929,-0.00155,-0.99659,-0.22499,0.02239,-0.01079,0.97404,0.08035,0.00805,0.00065,-0.99673,-0.22538,-0.00497,-0.00897,0.97422,0.00000,0.00000,1.00,1.00
14345,Saccade,4343,0.00,0.00,0.14606,-0.00242,0.00967,-0.98923,0.08049,-0.01920,-0.00155,-0.99657,-0.22499,0.02241,-0.01071,0.97404,0.08059,0.00814,0.00066,-0.99671,-0.22538,-0.00495,-0.00891,0.97422,0.00000,0.00000,1.00,1.00
14356,Saccade,4355,0.00,0.00,0.14587,-0.00253,0.00946,-0.98926,0.08067,-0.01916,-0.00155,-0.99656,-0.22499,0.02247,-0.01048,0.97405,0.08078,0.00818,0.00066,-0.99670,-0.22538,-0.00490,-0.00869,0.97422,0.00000,0.00000,1.00,1.00
14368,Saccade,4366,0.00,0.00,0.14574,-0.00269,0.00896,-0.98928,0.07772,-0.01857,-0.00145,-0.99680,-0.22199,0.02196,-0.01000,0.97475,0.07783,0.00875,0.00068,-0.99693,-0.22237,-0.00537,-0.00812,0.97491,0.00000,0.00000,1.00,1.00
14378,Saccade,4376,0.00,0.00,0.14556,-0.00277,0.00851,-0.98931,0.07788,-0.01863,-0.00146,-0.99679,-0.22198,0.02207,-0.00954,0.97475,0.07802,0.00869,0.00068,-0.99691,-0.22237,-0.00527,-0.00767,0.97492,0.00000,0.00000,1.00,1.00
14389,Saccade,4388,0.00,0.00,0.14528,-0.00287,0.00831,-0.98935,0.07816,-0.01859,-0.00146,-0.99677,-0.22198,0.02212,-0.00932,0.97476,0.07831,0.00873,0.00069,-0.99689,-0.22237,-0.00523,-0.00747,0.97492,0.00000,0.00000,1.00,1.00
14401,Saccade,4400,0.00,0.00,0.14499,-0.00290,0.00824,-0.98939,0.07785,-0.01872,-0.00146,-0.99679,-0.22140,0.02226,-0.00926,0.97489,0.07797,0.00861,0.00067,-0.99692,-0.22176,-0.00508,-0.00741,0.97506,0.00000,0.00000,1.00,1.00
14411,Saccade,4410,0.00,0.00,0.14479,-0.00302,0.00837,-0.98942,0.07806,-0.01856,-0.00145,-0.99677,-0.22140,0.02224,-0.00936,0.97488,0.07817,0.00877,0.00069,-0.99690,-0.22176,-0.00511,-0.00752,0.97506,0.00000,0.00000,1.00,1.00
14422,Saccade,4421,0.00,0.00,0.14459,-0.00302,0.00842,-0.98945,0.07827,-0.01855,-0.00146,-0.99676,-0.22140,0.02223,-0.00940,0.97488,0.07837,0.00878,0.00069,-0.99689,-0.22176,-0.00512,-0.00757,0.97506,0.00000,0.00000,1.00,1.00
14434,Saccade,4433,0.00,0.00,0.14429,-0.00311,0.00872,-0.98949,0.07923,-0.01894,-0.00151,-0.99668,-0.22204,0.02275,-0.00968,0.97472,0.07929,0.00840,0.00067,-0.99682,-0.22236,-0.00461,-0.00789,0.97492,0.00000,0.00000,1.00,1.00
14445,Saccade,4444,0.00,0.00,0.14391,-0.00312,0.00884,-0.98955,0.07962,-0.01889,-0.00151,-0.99664,-0.22204,0.02272,-0.00979,0.97472,0.07968,0.00844,0.00067,-0.99678,-0.22236,-0.00464,-0.00802,0.97492,0.00000,0.00000,1.00,1.00
14456,Saccade,4455,0.00,0.00,0.14365,-0.00306,0.00875,-0.98958,0.07987,-0.01898,-0.00152,-0.99662,-0.22204,0.02274,-0.00970,0.97472,0.07993,0.00836,0.00067,-0.99677,-0.22236,-0.00462,-0.00794,0.97492,0.00000,0.00000,1.00,1.00
14468,Saccade,4466,0.00,0.00,0.14366,-0.00292,0.00841,-0.98959,0.07911,-0.01939,-0.00154,-0.99668,-0.22131,0.02299,-0.00942,0.97489,0.07918,0.00794,0.00063,-0.99683,-0.22164,-0.00437,-0.00764,0.97509,0.00000,0.00000,1.00,1.00
14478,Saccade,4477,0.00,0.00,0.14351,-0.00290,0.00823,-0.98961,0.07925,-0.01947,-0.00155,-0.99666,-0.22130,0.02303,-0.00923,0.97489,0.07934,0.00786,0.00063,-0.99682,-0.22164,-0.00433,-0.00746,0.97509,0.00000,0.00000,1.00,1.00
14489,Saccade,4488,0.00,0.00,0.14325,-0.00280,0.00818,-0.98965,0.07952,-0.01958,-0.00156,-0.99664,-0.22130,0.02304,-0.00919,0.97489,0.07960,0.00775,0.00062,-0.99680,-0.22164,-0.00432,-0.00744,0.97509,0.00000,0.00000,1.00,1.00
14501,Saccade,4500,0.00,0.00,0.14299,-0.00279,0.00817,-0.98969,0.07885,-0.00948,-0.00075,-0.99684,-0.22050,0.01291,-0.00854,0.97527,0.07882,0.01785,0.00141,-0.99673,-0.22068,-0.01445,-0.00677,0.97522,0.00000,0.00000,1.00,1.00
14512,Saccade,4510,0.00,0.00,0.14289,-0.00286,0.00802,-0.98970,0.07894,-0.00946,-0.00075,-0.99683,-0.22049,0.01295,-0.00837,0.97527,0.07892,0.01787,0.00142,-0.99672,-0.22068,-0.01441,-0.00661,0.97522,0.00000,0.00000,1.00,1.00
14523,Saccade,4521,0.00,0.00,0.14280,-0.00292,0.00769,-0.98972,0.07904,-0.00950,-0.00075,-0.99683,-0.22049,0.01302,-0.00805,0.97527,0.07903,0.01783,0.00141,-0.99671,-0.22069,-0.01434,-0.00629,0.97522,0.00000,0.00000,1.00,1.00
14535,Saccade,4533,0.00,0.00,0.14271,-0.00308,0.00741,-0.98973,0.07853,-0.00861,-0.00068,-0.99687,-0.21992,0.01227,-0.00770,0.97541,0.07852,0.01872,0.00147,-0.99674,-0.22010,-0.01508,-0.00593,0.97534,0.00000,0.00000,1.00,1.00
14545,Saccade,4543,0.00,0.00,0.14238,-0.00313,0.00701,-0.98978,0.07886,-0.00867,-0.00069,-0.99685,-0.21992,0.01236,-0.00730,0.97541,0.07887,0.01866,0.00148,-0.99671,-0.22011,-0.01500,-0.00555,0.97534,0.00000,0.00000,1.00,1.00
14556,Saccade,4555,0.00,0.00,0.14210,-0.00317,0.00694,-0.98982,0.07913,-0.00867,-0.00069,-0.99683,-0.21992,0.01238,-0.00722,0.97541,0.07915,0.01867,0.00148,-0.99669,-0.22011,-0.01498,-0.00548,0.97534,0.00000,0.00000,1.00,1.00
14568,Saccade,4567,0.00,0.00,0.14184,-0.00307,0.00679,-0.98986,0.07900,-0.00721,-0.00057,-0.99685,-0.21954,0.01081,-0.00698,0.97552,0.07898,0.02012,0.00159,-0.99667,-0.21968,-0.01655,-0.00525,0.97542,0.00000,0.00000,1.00,1.00
14578,Saccade,4577,0.00,0.00,0.14160,-0.00291,0.00671,-0.98990,0.07923,-0.00738,-0.00059,-0.99683,-0.21954,0.01082,-0.00692,0.97552,0.07921,0.01995,0.00159,-0.99666,-0.21968,-0.01654,-0.00520,0.97542,0.00000,0.00000,1.00,1.00
14589,Saccade,4588,0.00,0.00,0.14130,-0.00272,0.00657,-0.98994,0.07954,-0.00761,-0.00061,-0.99680,-0.21953,0.01085,-0.00680,0.97552,0.07953,0.01972,0.00157,-0.99664,-0.21968,-0.01652,-0.00510,0.97542,0.00000,0.00000,1.00,1.00
14601,Saccade,4600,0.00,0.00,0.14128,-0.00256,0.00650,-0.98994,0.08003,-0.00723,-0.00058,-0.99677,-0.22000,0.01031,-0.00672,0.97542,0.07998,0.02011,0.00161,-0.99659,-0.22011,-0.01706,-0.00503,0.97531,0.00000,0.00000,1.00,1.00
14611,Saccade,4610,0.00,0.00,0.14121,-0.00242,0.00648,-0.98996,0.08010,-0.00737,-0.00059,-0.99676,-0.22000,0.01031,-0.00672,0.97542,0.08006,0.01997,0.00160,-0.99659,-0.22011,-0.01706,-0.00503,0.97531,0.00000,0.00000,1.00,1.00
14623,Saccade,4622,0.00,0.00,0.14093,-0.00219,0.00656,-0.99000,0.08039,-0.00757,-0.00061,-0.99673,-0.22000,0.01029,-0.00682,0.97542,0.08034,0.01977,0.00159,-0.99657,-0.22011,-0.01709,-0.00515,0.97531,0.00000,0.00000,1.00,1.00
14635,Saccade,4633,0.00,0.00,0.14065,-0.00204,0.00681,-0.99003,0.08007,-0.00764,-0.00061,-0.99676,-0.21941,0.01023,-0.00709,0.97555,0.07999,0.01970,0.00158,-0.99660,-0.21950,-0.01715,-0.00541,0.97545,0.00000,0.00000,1.00,1.00
14645,Saccade,4644,0.00,0.00,0.14035,-0.00163,0.00679,-0.99008,0.08037,-0.00803,-0.00065,-0.99673,-0.21941,0.01022,-0.00712,0.97555,0.08029,0.01931,0.00156,-0.99658,-0.21950,-0.01716,-0.00547,0.97545,0.00000,0.00000,1.00,1.00
14656,Saccade,4655,0.00,0.00,0.14038,-0.00128,0.00675,-0.99007,0.08034,-0.00839,-0.00068,-0.99673,-0.21941,0.01022,-0.00713,0.97555,0.08026,0.01895,0.00153,-0.99659,-0.21950,-0.01716,-0.00547,0.97545,0.00000,0.00000,1.00,1.00
14668,Saccade,4667,0.00,0.00,0.14062,-0.00102,0.00679,-0.99004,0.08158,-0.00831,-0.00068,-0.99663,-0.22086,0.00989,-0.00718,0.97523,0.08150,0.01904,0.00156,-0.99649,-0.22094,-0.01750,-0.00555,0.97511,0.00000,0.00000,1.00,1.00
14678,Saccade,4677,0.00,0.00,0.14073,-0.00103,0.00687,-0.99002,0.08147,-0.00828,-0.00068,-0.99664,-0.22086,0.00988,-0.00726,0.97523,0.08138,0.01907,0.00156,-0.99650,-0.22094,-0.01751,-0.00562,0.97511,0.00000,0.00000,1.00,1.00
14690,Saccade,4688,0.00,0.00,0.14056,-0.00095,0.00671,-0.99005,0.08164,-0.00840,-0.00069,-0.99663,-0.22086,0.00991,-0.00711,0.97523,0.08156,0.01895,0.00155,-0.99649,-0.22094,-0.01748,-0.00548,0.97511,0.00000,0.00000,1.00,1.00
14702,Saccade,4700,0.00,0.00,0.14028,-0.00091,0.00657,-0.99009,0.08165,-0.01081,-0.00089,-0.99660,-0.22057,0.01227,-0.00711,0.97527,0.08162,0.01654,0.00135,-0.99653,-0.22071,-0.01513,-0.00549,0.97521,0.00000,0.00000,1.00,1.00
14712,Saccade,4710,0.00,0.00,0.14001,-0.00080,0.00645,-0.99013,0.08192,-0.01095,-0.00090,-0.99658,-0.22057,0.01229,-0.00701,0.97527,0.08190,0.01640,0.00135,-0.99650,-0.22072,-0.01511,-0.00540,0.97521,0.00000,0.00000,1.00,1.00
14723,Saccade,4721,0.00,0.00,0.13986,-0.00071,0.00629,-0.99015,0.08207,-0.01109,-0.00091,-0.99656,-0.22057,0.01232,-0.00686,0.97527,0.08205,0.01627,0.00134,-0.99649,-0.22072,-0.01507,-0.00526,0.97521,0.00000,0.00000,1.00,1.00
14735,Saccade,4733,0.00,0.00,0.13976,-0.00060,0.00616,-0.99017,0.08149,-0.01079,-0.00088,-0.99662,-0.21991,0.01191,-0.00673,0.97542,0.08148,0.01656,0.00135,-0.99654,-0.22005,-0.01548,-0.00512,0.97535,0.00000,0.00000,1.00,1.00
14745,Saccade,4744,0.00,0.00,0.13969,-0.00050,0.00613,-0.99018,0.08156,-0.01090,-0.00089,-0.99661,-0.21991,0.01191,-0.00671,0.97542,0.08155,0.01645,0.00135,-0.99653,-0.22005,-0.01548,-0.00511,0.97535,0.00000,0.00000,1.00,1.00
14757,Saccade,4755,0.00,0.00,0.13968,-0.00037,0.00618,-0.99018,0.08158,-0.01101,-0.00090,-0.99661,-0.21991,0.01190,-0.00677,0.97542,0.08156,0.01634,0.00134,-0.99653,-0.22005,-0.01550,-0.00517,0.97535,0.00000,0.00000,1.00,1.00
14769,Saccade,4768,0.00,0.00,0.13968,-0.00024,0.00629,-0.99018,0.08117,-0.01070,-0.00087,-0.99664,-0.21952,0.01147,-0.00688,0.97552,0.08113,0.01664,0.00135,-0.99656,-0.21964,-0.01592,-0.00527,0.97544,0.00000,0.00000,1.00,1.00
14779,Saccade,4778,0.00,0.00,0.13971,-0.00012,0.00640,-0.99017,0.08115,-0.01079,-0.00088,-0.99664,-0.21952,0.01145,-0.00700,0.97552,0.08110,0.01656,0.00135,-0.99657,-0.21964,-0.01594,-0.00539,0.97544,0.00000,0.00000,1.00,1.00
14790,Saccade,4789,0.00,0.00,0.13980,-0.00001,0.00656,-0.99016,0.08105,-0.01085,-0.00088,-0.99665,-0.21952,0.01141,-0.00718,0.97551,0.08100,0.01649,0.00134,-0.99658,-0.21964,-0.01598,-0.00556,0.97543,0.00000,0.00000,1.00,1.00
14802,Saccade,4801,0.00,0.00,0.13995,0.00006,0.00668,-0.99014,0.08071,-0.01051,-0.00085,-0.99668,-0.21933,0.01101,-0.00729,0.97556,0.08065,0.01683,0.00136,-0.99660,-0.21944,-0.01638,-0.00565,0.97547,0.00000,0.00000,1.00,1.00
14812,Saccade,4811,0.00,0.00,0.14000,0.00025,0.00670,-0.99013,0.08066,-0.01068,-0.00086,-0.99668,-0.21933,0.01099,-0.00734,0.97556,0.08060,0.01666,0.00135,-0.99661,-0.21944,-0.01639,-0.00570,0.97547,0.00000,0.00000,1.00,1.00
14823,Saccade,4822,0.00,0.00,0.13998,0.00047,0.00677,-0.99013,0.08068,-0.01088,-0.00088,-0.99668,-0.21933,0.01097,-0.00744,0.97556,0.08062,0.01646,0.00133,-0.99661,-0.21944,-0.01641,-0.00580,0.97547,0.00000,0.00000,1.00,1.00
14836,Saccade,4834,0.00,0.00,0.14004,0.00069,0.00686,-0.99012,0.08225,-0.01079,-0.00089,-0.99655,-0.22092,0.01068,-0.00753,0.97520,0.08219,0.01657,0.00137,-0.99648,-0.22104,-0.01672,-0.00593,0.97510,0.00000,0.00000,1.00,1.00
14845,Saccade,4844,0.00,0.00,0.14003,0.00100,0.00709,-0.99012,0.08227,-0.01102,-0.00091,-0.99655,-0.22092,0.01062,-0.00779,0.97520,0.08219,0.01633,0.00135,-0.99648,-0.22103,-0.01678,-0.00619,0.97510,0.00000,0.00000,1.00,1.00
14857,Saccade,4855,0.00,0.00,0.14013,0.00131,0.00717,-0.99011,0.08217,-0.01129,-0.00093,-0.99655,-0.22093,0.01060,-0.00791,0.97520,0.08208,0.01606,0.00132,-0.99650,-0.22103,-0.01680,-0.00631,0.97510,0.00000,0.00000,1.00,1.00
14868,Saccade,4867,0.00,0.00,0.14030,0.00154,0.00720,-0.99008,0.08069,-0.01150,-0.00093,-0.99667,-0.21964,0.01057,-0.00800,0.97549,0.08062,0.01584,0.00128,-0.99662,-0.21976,-0.01682,-0.00635,0.97539,0.00000,0.00000,1.00,1.00
14878,Saccade,4877,0.00,0.00,0.14047,0.00188,0.00721,-0.99006,0.08052,-0.01183,-0.00096,-0.99668,-0.21964,0.01055,-0.00805,0.97549,0.08045,0.01551,0.00125,-0.99664,-0.21976,-0.01683,-0.00640,0.97539,0.00000,0.00000,1.00,1.00
14889,Saccade,4888,0.00,0.00,0.14049,0.00216,0.00719,-0.99005,0.08050,-0.01210,-0.00098,-0.99668,-0.21964,0.01055,-0.00807,0.97549,0.08043,0.01524,0.00123,-0.99664,-0.21976,-0.01683,-0.00642,0.97539,0.00000,0.00000,1.00,1.00
14902,Saccade,4901,0.00,0.00,0.14060,0.00244,0.00727,-0.99004,0.08059,-0.01286,-0.00104,-0.99666,-0.21983,0.01103,-0.00822,0.97544,0.08055,0.01448,0.00117,-0.99664,-0.21998,-0.01635,-0.00656,0.97535,0.00000,0.00000,1.00,1.00
14912,Saccade,4911,0.00,0.00,0.14062,0.00283,0.00725,-0.99003,0.08058,-0.01325,-0.00107,-0.99666,-0.21983,0.01103,-0.00825,0.97544,0.08053,0.01409,0.00114,-0.99665,-0.21998,-0.01636,-0.00660,0.97535,0.00000,0.00000,1.00,1.00
14923,Saccade,4922,0.00,0.00,0.14053,0.00309,0.00734,-0.99004,0.08067,-0.01347,-0.00109,-0.99665,-0.21983,0.01100,-0.00837,0.97544,0.08062,0.01388,0.00112,-0.99665,-0.21998,-0.01638,-0.00672,0.97534,0.00000,0.00000,1.00,1.00
14935,Saccade,4934,0.00,0.00,0.14043,0.00349,0.00743,-0.99006,0.08054,-0.01304,-0.00105,-0.99667,-0.21961,0.01018,-0.00848,0.97550,0.08050,0.01430,0.00116,-0.99665,-0.21976,-0.01720,-0.00682,0.97538,0.00000,0.00000,1.00,1.00
14946,Saccade,4944,0.00,0.00,0.14062,0.00370,0.00764,-0.99003,0.08035,-0.01319,-0.00106,-0.99668,-0.21961,0.01013,-0.00872,0.97550,0.08030,0.01415,0.00114,-0.99667,-0.21976,-0.01725,-0.00705,0.97538,0.00000,0.00000,1.00,1.00
14957,Saccade,4956,0.00,0.00,0.14058,0.00401,0.00801,-0.99003,0.08041,-0.01337,-0.00108,-0.99667,-0.21962,0.01004,-0.00912,0.97549,0.08033,0.01397,0.00113,-0.99667,-0.21975,-0.01734,-0.00746,0.97537,0.00000,0.00000,1.00,1.00
14969,Saccade,4968,0.00,0.00,0.14042,0.00422,0.00850,-0.99005,0.08018,-0.01028,-0.00083,-0.99673,-0.21926,0.00677,-0.00944,0.97560,0.08007,0.01706,0.00137,-0.99664,-0.21936,-0.02061,-0.00777,0.97540,0.00000,0.00000,1.00,1.00
14979,Saccade,4978,0.00,0.00,0.14012,0.00454,0.00904,-0.99008,0.08050,-0.01042,-0.00084,-0.99670,-0.21926,0.00664,-0.01000,0.97559,0.08035,0.01692,0.00136,-0.99662,-0.21935,-0.02074,-0.00835,0.97539,0.00000,0.00000,1.00,1.00
14991,Saccade,4989,0.00,0.00,0.13990,0.00485,0.00933,-0.99011,0.08073,-0.01064,-0.00086,-0.99668,-0.21927,0.00657,-0.01032,0.97559,0.08057,0.01670,0.00135,-0.99661,-0.21934,-0.02081,-0.00869,0.97539,0.00000,0.00000,1.00,1.00
15002,Saccade,5001,0.00,0.00,0.13971,0.00514,0.00943,-0.99013,0.08080,-0.00656,-0.00053,-0.99671,-0.21919,0.00221,-0.01021,0.97563,0.08063,0.02078,0.00168,-0.99653,-0.21924,-0.02517,-0.00858,0.97531,0.00000,0.00000,1.00,1.00
15012,Saccade,5011,0.00,0.00,0.13952,0.00542,0.00935,-0.99016,0.08099,-0.00686,-0.00056,-0.99669,-0.21919,0.00222,-0.01017,0.97563,0.08083,0.02048,0.00166,-0.99652,-0.21925,-0.02516,-0.00855,0.97531,0.00000,0.00000,1.00,1.00
15023,Saccade,5022,0.00,0.00,0.13920,0.00569,0.00939,-0.99020,0.08132,-0.00710,-0.00058,-0.99666,-0.21919,0.00221,-0.01024,0.97563,0.08115,0.02024,0.00165,-0.99650,-0.21924,-0.02518,-0.00863,0.97531,0.00000,0.00000,1.00,1.00
15035,Saccade,5034,0.00,0.00,0.13878,0.00600,0.00940,-0.99026,0.08131,-0.00532,-0.00043,-0.99667,-0.21879,0.00010,-0.01016,0.97572,0.08117,0.02203,0.00179,-0.99646,-0.21887,-0.02728,-0.00857,0.97534,0.00000,0.00000,1.00,1.00
15046,Saccade,5044,0.00,0.00,0.13840,0.00639,0.00957,-0.99031,0.08170,-0.00563,-0.00046,-0.99664,-0.21879,0.00005,-0.01039,0.97572,0.08155,0.02171,0.00178,-0.99643,-0.21886,-0.02733,-0.00882,0.97533,0.00000,0.00000,1.00,1.00
15057,Saccade,5056,0.00,0.00,0.13808,0.00685,0.00966,-0.99035,0.08203,-0.00605,-0.00050,-0.99661,-0.21879,0.00002,-0.01053,0.97572,0.08187,0.02130,0.00175,-0.99641,-0.21886,-0.02737,-0.00898,0.97533,0.00000,0.00000,1.00,1.00
15069,Saccade,5068,0.00,0.00,0.13772,0.00724,0.00971,-0.99040,0.08269,-0.00565,-0.00047,-0.99656,-0.21908,-0.00075,-0.01059,0.97565,0.08255,0.02170,0.00180,-0.99635,-0.21917,-0.02815,-0.00906,0.97524,0.00000,0.00000,1.00,1.00
15079,Saccade,5078,0.00,0.00,0.13743,0.00766,0.00968,-0.99043,0.08298,-0.00606,-0.00050,-0.99653,-0.21908,-0.00076,-0.01061,0.97565,0.08284,0.02129,0.00177,-0.99633,-0.21917,-0.02816,-0.00910,0.97524,0.00000,0.00000,1.00,1.00
15091,Saccade,5090,0.00,0.00,0.13729,0.00798,0.00965,-0.99045,0.08312,-0.00638,-0.00053,-0.99652,-0.21908,-0.00076,-0.01063,0.97565,0.08298,0.02098,0.00175,-0.99633,-0.21916,-0.02817,-0.00913,0.97524,0.00000,0.00000,1.00,1.00
15103,Saccade,5102,0.00,0.00,0.13721,0.00824,0.00973,-0.99046,0.08361,-0.00781,-0.00066,-0.99647,-0.21946,0.00043,-0.01081,0.97556,0.08350,0.01955,0.00164,-0.99631,-0.21958,-0.02698,-0.00932,0.97518,0.00000,0.00000,1.00,1.00
15113,Saccade,5111,0.00,0.00,0.13717,0.00851,0.00996,-0.99046,0.08364,-0.00800,-0.00067,-0.99646,-0.21946,0.00037,-0.01107,0.97556,0.08353,0.01936,0.00162,-0.99632,-0.21958,-0.02704,-0.00958,0.97517,0.00000,0.00000,1.00,1.00
15124,Saccade,5122,0.00,0.00,0.13710,0.00873,0.01023,-0.99047,0.08372,-0.00813,-0.00068,-0.99646,-0.21946,0.00031,-0.01136,0.97556,0.08359,0.01923,0.00161,-0.99631,-0.21957,-0.02711,-0.00988,0.97517,0.00000,0.00000,1.00,1.00
15136,Saccade,5134,0.00,0.00,0.13718,0.00893,0.01046,-0.99045,0.08362,-0.00939,-0.00079,-0.99645,-0.21942,0.00138,-0.01167,0.97556,0.08351,0.01797,0.00151,-0.99634,-0.21957,-0.02604,-0.01019,0.97520,0.00000,0.00000,1.00,1.00
15146,Saccade,5144,0.00,0.00,0.13759,0.00893,0.01069,-0.99039,0.08321,-0.00931,-0.00078,-0.99649,-0.21943,0.00132,-0.01191,0.97556,0.08309,0.01805,0.00151,-0.99638,-0.21956,-0.02609,-0.01040,0.97519,0.00000,0.00000,1.00,1.00
15157,Saccade,5156,0.00,0.00,0.13787,0.00887,0.01070,-0.99035,0.08293,-0.00925,-0.00077,-0.99651,-0.21943,0.00132,-0.01191,0.97556,0.08281,0.01810,0.00150,-0.99640,-0.21956,-0.02608,-0.01039,0.97519,0.00000,0.00000,1.00,1.00
15169,Saccade,5167,0.00,0.00,0.13794,0.00855,0.01094,-0.99034,0.08268,-0.00890,-0.00074,-0.99654,-0.21925,0.00130,-0.01210,0.97559,0.08258,0.01846,0.00153,-0.99641,-0.21942,-0.02611,-0.01057,0.97522,0.00000,0.00000,1.00,1.00
15180,Saccade,5178,0.00,0.00,0.13798,0.00832,0.01120,-0.99034,0.08263,-0.00859,-0.00071,-0.99654,-0.21925,0.00125,-0.01233,0.97559,0.08253,0.01876,0.00155,-0.99641,-0.21941,-0.02616,-0.01080,0.97522,0.00000,0.00000,1.00,1.00
15191,Saccade,5190,0.00,0.00,0.13808,0.00807,0.01135,-0.99032,0.08254,-0.00831,-0.00069,-0.99655,-0.21925,0.00122,-0.01244,0.97559,0.08242,0.01904,0.00157,-0.99641,-0.21941,-0.02618,-0.01091,0.97522,0.00000,0.00000,1.00,1.00
15202,Saccade,5201,0.00,0.00,0.13817,0.00798,0.01154,-0.99031,0.08275,-0.00832,-0.00069,-0.99654,-0.21955,0.00134,-0.01262,0.97552,0.08266,0.01904,0.00158,-0.99640,-0.21974,-0.02607,-0.01109,0.97515,0.00000,0.00000,1.00,1.00
15213,Saccade,5211,0.00,0.00,0.13819,0.00786,0.01170,-0.99031,0.08273,-0.00815,-0.00068,-0.99654,-0.21955,0.00130,-0.01277,0.97552,0.08263,0.01920,0.00159,-0.99639,-0.21973,-0.02610,-0.01124,0.97515,0.00000,0.00000,1.00,1.00
15224,Saccade,5223,0.00,0.00,0.13806,0.00799,0.01178,-0.99032,0.08287,-0.00825,-0.00069,-0.99653,-0.21955,0.00128,-0.01286,0.97551,0.08276,0.01911,0.00159,-0.99639,-0.21973,-0.02612,-0.01134,0.97514,0.00000,0.00000,1.00,1.00
15236,Saccade,5235,0.00,0.00,0.13779,0.00814,0.01173,-0.99036,0.08158,-0.00870,-0.00071,-0.99663,-0.21802,0.00156,-0.01284,0.97586,0.08150,0.01864,0.00152,-0.99650,-0.21823,-0.02583,-0.01129,0.97549,0.00000,0.00000,1.00,1.00
15246,Saccade,5245,0.00,0.00,0.13750,0.00834,0.01172,-0.99040,0.08188,-0.00890,-0.00073,-0.99660,-0.21802,0.00156,-0.01286,0.97586,0.08180,0.01845,0.00151,-0.99648,-0.21822,-0.02584,-0.01132,0.97549,0.00000,0.00000,1.00,1.00
15257,Saccade,5256,0.00,0.00,0.13712,0.00873,0.01166,-0.99045,0.08226,-0.00929,-0.00077,-0.99657,-0.21802,0.00156,-0.01285,0.97586,0.08218,0.01807,0.00149,-0.99645,-0.21822,-0.02584,-0.01134,0.97549,0.00000,0.00000,1.00,1.00
15269,Saccade,5268,0.00,0.00,0.13685,0.00910,0.01162,-0.99048,0.08238,-0.00969,-0.00080,-0.99655,-0.21787,0.00160,-0.01286,0.97589,0.08232,0.01766,0.00146,-0.99645,-0.21809,-0.02581,-0.01135,0.97552,0.00000,0.00000,1.00,1.00
15279,Saccade,5278,0.00,0.00,0.13660,0.00953,0.01148,-0.99051,0.08264,-0.01014,-0.00084,-0.99653,-0.21787,0.00161,-0.01278,0.97589,0.08258,0.01722,0.00143,-0.99643,-0.21809,-0.02579,-0.01129,0.97552,0.00000,0.00000,1.00,1.00
15291,Saccade,5289,0.00,0.00,0.13646,0.00984,0.01136,-0.99053,0.08278,-0.01047,-0.00087,-0.99651,-0.21787,0.00163,-0.01270,0.97589,0.08273,0.01688,0.00140,-0.99643,-0.21810,-0.02578,-0.01122,0.97552,0.00000,0.00000,1.00,1.00
15303,Saccade,5302,0.00,0.00,0.13633,0.01022,0.01134,-0.99055,0.08285,-0.00912,-0.00076,-0.99652,-0.21783,-0.00011,-0.01264,0.97590,0.08279,0.01824,0.00152,-0.99640,-0.21804,-0.02752,-0.01116,0.97549,0.00000,0.00000,1.00,1.00
15313,Saccade,5312,0.00,0.00,0.13622,0.01053,0.01140,-0.99056,0.08297,-0.00940,-0.00078,-0.99651,-0.21783,-0.00014,-0.01274,0.97590,0.08291,0.01796,0.00149,-0.99639,-0.21804,-0.02754,-0.01127,0.97549,0.00000,0.00000,1.00,1.00
15324,Saccade,5323,0.00,0.00,0.13603,0.01079,0.01170,-0.99058,0.08317,-0.00956,-0.00080,-0.99649,-0.21783,-0.00021,-0.01306,0.97590,0.08308,0.01780,0.00148,-0.99638,-0.21803,-0.02762,-0.01160,0.97548,0.00000,0.00000,1.00,1.00
15336,Saccade,5335,0.00,0.00,0.13581,0.01101,0.01185,-0.99060,0.08685,-0.00881,-0.00077,-0.99618,-0.22123,-0.00111,-0.01319,0.97513,0.08675,0.01857,0.00162,-0.99606,-0.22141,-0.02856,-0.01184,0.97469,0.00000,0.00000,1.00,1.00
15347,Saccade,5346,0.00,0.00,0.13558,0.01117,0.01197,-0.99063,0.08708,-0.00892,-0.00078,-0.99616,-0.22123,-0.00114,-0.01333,0.97513,0.08697,0.01846,0.00161,-0.99604,-0.22141,-0.02860,-0.01199,0.97469,0.00000,0.00000,1.00,1.00
15358,Saccade,5357,0.00,0.00,0.13533,0.01126,0.01190,-0.99066,0.08733,-0.00903,-0.00079,-0.99614,-0.22123,-0.00113,-0.01328,0.97513,0.08723,0.01836,0.00161,-0.99602,-0.22141,-0.02859,-0.01195,0.97469,0.00000,0.00000,1.00,1.00
15370,Saccade,5368,0.00,0.00,0.13521,0.01130,0.01186,-0.99068,0.08689,-0.01034,-0.00090,-0.99616,-0.22066,0.00013,-0.01330,0.97526,0.08683,0.01705,0.00149,-0.99608,-0.22088,-0.02732,-0.01196,0.97484,0.00000,0.00000,1.00,1.00
15380,Saccade,5379,0.00,0.00,0.13522,0.01142,0.01168,-0.99068,0.08688,-0.01051,-0.00092,-0.99616,-0.22066,0.00017,-0.01314,0.97526,0.08683,0.01688,0.00147,-0.99608,-0.22089,-0.02729,-0.01180,0.97485,0.00000,0.00000,1.00,1.00
15392,Saccade,5390,0.00,0.00,0.13527,0.01139,0.01166,-0.99068,0.08683,-0.01048,-0.00091,-0.99617,-0.22066,0.00017,-0.01312,0.97526,0.08678,0.01690,0.00147,-0.99608,-0.22089,-0.02728,-0.01177,0.97485,0.00000,0.00000,1.00,1.00
15403,Saccade,5402,0.00,0.00,0.13533,0.01147,0.01160,-0.99067,0.08554,-0.01198,-0.00103,-0.99626,-0.21944,0.00157,-0.01314,0.97554,0.08553,0.01540,0.00132,-0.99622,-0.21971,-0.02587,-0.01176,0.97515,0.00000,0.00000,1.00,1.00
15413,Saccade,5412,0.00,0.00,0.13538,0.01155,0.01161,-0.99066,0.08549,-0.01205,-0.00103,-0.99627,-0.21944,0.00157,-0.01317,0.97554,0.08547,0.01533,0.00131,-0.99622,-0.21970,-0.02587,-0.01179,0.97515,0.00000,0.00000,1.00,1.00
15425,Saccade,5423,0.00,0.00,0.13546,0.01166,0.01156,-0.99065,0.08541,-0.01217,-0.00104,-0.99627,-0.21944,0.00157,-0.01313,0.97554,0.08539,0.01521,0.00130,-0.99623,-0.21971,-0.02586,-0.01175,0.97515,0.00000,0.00000,1.00,1.00
15436,Saccade,5435,0.00,0.00,0.13541,0.01179,0.01157,-0.99065,0.08530,-0.01206,-0.00103,-0.99628,-0.21929,0.00133,-0.01314,0.97557,0.08528,0.01532,0.00131,-0.99624,-0.21955,-0.02611,-0.01175,0.97518,0.00000,0.00000,1.00,1.00
15447,Saccade,5445,0.00,0.00,0.13525,0.01194,0.01155,-0.99067,0.08547,-0.01221,-0.00105,-0.99627,-0.21929,0.00133,-0.01314,0.97557,0.08545,0.01517,0.00130,-0.99623,-0.21955,-0.02611,-0.01176,0.97518,0.00000,0.00000,1.00,1.00
15458,Saccade,5457,0.00,0.00,0.13510,0.01215,0.01160,-0.99069,0.08562,-0.01240,-0.00107,-0.99625,-0.21929,0.00131,-0.01322,0.97557,0.08560,0.01498,0.00129,-0.99622,-0.21955,-0.02613,-0.01185,0.97518,0.00000,0.00000,1.00,1.00
15470,Saccade,5469,0.00,0.00,0.13482,0.01241,0.01165,-0.99072,0.08660,-0.01247,-0.00108,-0.99616,-0.21997,0.00115,-0.01328,0.97542,0.08657,0.01491,0.00130,-0.99613,-0.22023,-0.02630,-0.01195,0.97502,0.00000,0.00000,1.00,1.00
15480,Saccade,5479,0.00,0.00,0.13466,0.01269,0.01170,-0.99074,0.08676,-0.01272,-0.00111,-0.99615,-0.21997,0.00113,-0.01338,0.97541,0.08673,0.01466,0.00128,-0.99612,-0.22022,-0.02633,-0.01205,0.97502,0.00000,0.00000,1.00,1.00
15492,Saccade,5490,0.00,0.00,0.13477,0.01291,0.01171,-0.99072,0.08666,-0.01293,-0.00112,-0.99615,-0.21997,0.00112,-0.01341,0.97541,0.08662,0.01445,0.00126,-0.99614,-0.22022,-0.02633,-0.01208,0.97502,0.00000,0.00000,1.00,1.00
15504,Saccade,5502,0.00,0.00,0.13503,0.01310,0.01180,-0.99068,0.08642,-0.01353,-0.00117,-0.99617,-0.21998,0.00153,-0.01355,0.97541,0.08639,0.01385,0.00120,-0.99616,-0.22025,-0.02592,-0.01221,0.97502,0.00000,0.00000,1.00,1.00
15514,Saccade,5512,0.00,0.00,0.13511,0.01318,0.01195,-0.99067,0.08634,-0.01356,-0.00118,-0.99617,-0.21998,0.00150,-0.01371,0.97541,0.08631,0.01382,0.00120,-0.99617,-0.22024,-0.02595,-0.01236,0.97502,0.00000,0.00000,1.00,1.00
15525,Saccade,5524,0.00,0.00,0.13501,0.01320,0.01220,-0.99068,0.08644,-0.01351,-0.00117,-0.99616,-0.21998,0.00144,-0.01395,0.97540,0.08639,0.01387,0.00120,-0.99616,-0.22024,-0.02601,-0.01261,0.97502,0.00000,0.00000,1.00,1.00
15537,Saccade,5535,0.00,0.00,0.13489,0.01327,0.01234,-0.99070,0.08649,-0.01304,-0.00113,-0.99617,-0.21991,0.00092,-0.01408,0.97542,0.08644,0.01434,0.00124,-0.99615,-0.22017,-0.02653,-0.01274,0.97502,0.00000,0.00000,1.00,1.00
15547,Saccade,5546,0.00,0.00,0.13473,0.01348,0.01230,-0.99071,0.08665,-0.01325,-0.00115,-0.99615,-0.21991,0.00092,-0.01407,0.97542,0.08660,0.01413,0.00123,-0.99614,-0.22017,-0.02653,-0.01274,0.97502,0.00000,0.00000,1.00,1.00
15558,Saccade,5557,0.00,0.00,0.13460,0.01357,0.01203,-0.99073,0.08678,-0.01342,-0.00117,-0.99614,-0.21991,0.00098,-0.01381,0.97542,0.08675,0.01396,0.00122,-0.99613,-0.22017,-0.02647,-0.01248,0.97502,0.00000,0.00000,1.00,1.00
15570,Saccade,5569,0.00,0.00,0.13441,0.01367,0.01193,-0.99076,0.08723,-0.01324,-0.00116,-0.99610,-0.22017,0.00069,-0.01371,0.97537,0.08722,0.01415,0.00124,-0.99609,-0.22045,-0.02676,-0.01240,0.97495,0.00000,0.00000,1.00,1.00
15581,Saccade,5579,0.00,0.00,0.13417,0.01383,0.01197,-0.99079,0.08747,-0.01337,-0.00117,-0.99608,-0.22017,0.00068,-0.01376,0.97536,0.08746,0.01402,0.00123,-0.99607,-0.22045,-0.02678,-0.01247,0.97495,0.00000,0.00000,1.00,1.00
15593,Saccade,5591,0.00,0.00,0.13385,0.01403,0.01206,-0.99083,0.08780,-0.01354,-0.00119,-0.99605,-0.22017,0.00066,-0.01387,0.97536,0.08778,0.01385,0.00122,-0.99604,-0.22045,-0.02681,-0.01260,0.97495,0.00000,0.00000,1.00,1.00
15603,Saccade,5602,0.00,0.00,0.13345,0.01436,0.01197,-0.99088,0.08786,-0.01352,-0.00119,-0.99604,-0.21983,0.00031,-0.01380,0.97544,0.08785,0.01387,0.00122,-0.99604,-0.22011,-0.02716,-0.01254,0.97502,0.00000,0.00000,1.00,1.00
15614,Saccade,5613,0.00,0.00,0.13298,0.01463,0.01181,-0.99094,0.08833,-0.01384,-0.00123,-0.99599,-0.21983,0.00034,-0.01367,0.97544,0.08832,0.01356,0.00120,-0.99600,-0.22012,-0.02713,-0.01244,0.97502,0.00000,0.00000,1.00,1.00
15626,Saccade,5624,0.00,0.00,0.13257,0.01509,0.01153,-0.99099,0.08875,-0.01436,-0.00128,-0.99595,-0.21983,0.00039,-0.01346,0.97544,0.08875,0.01304,0.00116,-0.99597,-0.22012,-0.02709,-0.01225,0.97502,0.00000,0.00000,1.00,1.00
15637,Saccade,5636,0.00,0.00,0.13220,0.01541,0.01138,-0.99104,0.09244,-0.02436,-0.00226,-0.99542,-0.22297,0.01016,-0.01373,0.97468,0.09258,0.00306,0.00028,-0.99570,-0.22342,-0.01736,-0.01264,0.97449,0.00000,0.00000,1.00,1.00
15647,Saccade,5646,0.00,0.00,0.13191,0.01580,0.01140,-0.99107,0.09274,-0.02474,-0.00230,-0.99538,-0.22297,0.01015,-0.01379,0.97468,0.09288,0.00269,0.00025,-0.99567,-0.22342,-0.01737,-0.01271,0.97449,0.00000,0.00000,1.00,1.00
15659,Saccade,5658,0.00,0.00,0.13173,0.01605,0.01163,-0.99109,0.09294,-0.02490,-0.00233,-0.99536,-0.22297,0.01009,-0.01404,0.97467,0.09306,0.00252,0.00024,-0.99566,-0.22341,-0.01743,-0.01297,0.97448,0.00000,0.00000,1.00,1.00
15670,Saccade,5669,0.00,0.00,0.13163,0.01626,0.01168,-0.99110,0.09398,-0.02418,-0.00228,-0.99528,-0.22390,0.00917,-0.01408,0.97447,0.09409,0.00326,0.00031,-0.99556,-0.22433,-0.01836,-0.01304,0.97425,0.00000,0.00000,1.00,1.00
15681,Saccade,5679,0.00,0.00,0.13141,0.01645,0.01165,-0.99112,0.09420,-0.02436,-0.00231,-0.99525,-0.22390,0.00918,-0.01406,0.97447,0.09431,0.00308,0.00029,-0.99554,-0.22433,-0.01836,-0.01303,0.97425,0.00000,0.00000,1.00,1.00
15692,Saccade,5691,0.00,0.00,0.13143,0.01652,0.01150,-0.99112,0.09418,-0.02448,-0.00232,-0.99525,-0.22390,0.00921,-0.01392,0.97447,0.09430,0.00296,0.00028,-0.99554,-0.22433,-0.01833,-0.01290,0.97426,0.00000,0.00000,1.00,1.00
15704,Saccade,5703,0.00,0.00,0.13133,0.01654,0.01140,-0.99114,0.09596,-0.02372,-0.00229,-0.99510,-0.22556,0.00845,-0.01378,0.97409,0.09609,0.00373,0.00036,-0.99537,-0.22599,-0.01911,-0.01280,0.97386,0.00000,0.00000,1.00,1.00
15714,Saccade,5713,0.00,0.00,0.13123,0.01659,0.01150,-0.99115,0.09607,-0.02374,-0.00229,-0.99509,-0.22556,0.00842,-0.01388,0.97409,0.09619,0.00371,0.00036,-0.99536,-0.22599,-0.01914,-0.01291,0.97386,0.00000,0.00000,1.00,1.00
15726,Saccade,5724,0.00,0.00,0.13111,0.01649,0.01175,-0.99116,0.09619,-0.02355,-0.00228,-0.99508,-0.22557,0.00837,-0.01411,0.97409,0.09630,0.00390,0.00038,-0.99534,-0.22599,-0.01919,-0.01315,0.97385,0.00000,0.00000,1.00,1.00
15737,Saccade,5736,0.00,0.00,0.13113,0.01636,0.01200,-0.99116,0.09498,-0.02218,-0.00212,-0.99523,-0.22441,0.00712,-0.01431,0.97436,0.09506,0.00526,0.00050,-0.99546,-0.22481,-0.02043,-0.01331,0.97410,0.00000,0.00000,1.00,1.00
15748,Saccade,5746,0.00,0.00,0.13114,0.01628,0.01202,-0.99116,0.09496,-0.02210,-0.00211,-0.99523,-0.22441,0.00712,-0.01432,0.97436,0.09505,0.00534,0.00051,-0.99546,-0.22481,-0.02043,-0.01332,0.97410,0.00000,0.00000,1.00,1.00
15759,Saccade,5758,0.00,0.00,0.13121,0.01616,0.01211,-0.99115,0.09489,-0.02195,-0.00209,-0.99524,-0.22441,0.00710,-0.01439,0.97436,0.09497,0.00549,0.00052,-0.99546,-0.22481,-0.02044,-0.01339,0.97410,0.00000,0.00000,1.00,1.00
15770,Saccade,5769,0.00,0.00,0.13138,0.01593,0.01211,-0.99113,0.09443,-0.02342,-0.00222,-0.99525,-0.22409,0.00879,-0.01443,0.97442,0.09454,0.00402,0.00038,-0.99551,-0.22453,-0.01875,-0.01341,0.97419,0.00000,0.00000,1.00,1.00
15781,Saccade,5780,0.00,0.00,0.13142,0.01578,0.01221,-0.99113,0.09438,-0.02325,-0.00220,-0.99526,-0.22409,0.00878,-0.01451,0.97442,0.09449,0.00419,0.00040,-0.99552,-0.22453,-0.01876,-0.01349,0.97419,0.00000,0.00000,1.00,1.00
15793,Saccade,5791,0.00,0.00,0.13150,0.01570,0.01223,-0.99112,0.09431,-0.02317,-0.00220,-0.99527,-0.22409,0.00877,-0.01453,0.97442,0.09442,0.00427,0.00041,-0.99552,-0.22453,-0.01877,-0.01350,0.97419,0.00000,0.00000,1.00,1.00
15804,Saccade,5803,0.00,0.00,0.13161,0.01566,0.01233,-0.99110,0.09407,-0.02258,-0.00213,-0.99531,-0.22397,0.00824,-0.01460,0.97445,0.09417,0.00486,0.00046,-0.99554,-0.22441,-0.01930,-0.01357,0.97421,0.00000,0.00000,1.00,1.00
15814,Saccade,5813,0.00,0.00,0.13182,0.01561,0.01244,-0.99107,0.09385,-0.02250,-0.00212,-0.99533,-0.22398,0.00821,-0.01472,0.97445,0.09395,0.00493,0.00047,-0.99556,-0.22440,-0.01932,-0.01367,0.97421,0.00000,0.00000,1.00,1.00
15826,Saccade,5825,0.00,0.00,0.13200,0.01564,0.01258,-0.99105,0.09368,-0.02249,-0.00212,-0.99535,-0.22398,0.00818,-0.01486,0.97445,0.09377,0.00494,0.00047,-0.99558,-0.22440,-0.01935,-0.01380,0.97421,0.00000,0.00000,1.00,1.00
15837,Saccade,5836,0.00,0.00,0.13222,0.01560,0.01282,-0.99102,0.09366,-0.02339,-0.00220,-0.99533,-0.22415,0.00914,-0.01513,0.97439,0.09376,0.00405,0.00038,-0.99559,-0.22460,-0.01839,-0.01406,0.97418,0.00000,0.00000,1.00,1.00
15848,Saccade,5847,0.00,0.00,0.13242,0.01558,0.01297,-0.99099,0.09346,-0.02333,-0.00219,-0.99535,-0.22416,0.00911,-0.01528,0.97439,0.09355,0.00410,0.00039,-0.99561,-0.22459,-0.01842,-0.01421,0.97418,0.00000,0.00000,1.00,1.00
15860,Saccade,5858,0.00,0.00,0.13272,0.01558,0.01315,-0.99094,0.09317,-0.02327,-0.00218,-0.99538,-0.22416,0.00906,-0.01547,0.97439,0.09324,0.00416,0.00039,-0.99563,-0.22459,-0.01846,-0.01438,0.97417,0.00000,0.00000,1.00,1.00
15871,Saccade,5870,0.00,0.00,0.13296,0.01549,0.01316,-0.99091,0.09384,-0.02274,-0.00214,-0.99533,-0.22506,0.00864,-0.01545,0.97418,0.09393,0.00469,0.00044,-0.99557,-0.22551,-0.01889,-0.01437,0.97395,0.00000,0.00000,1.00,1.00
15881,Saccade,5880,0.00,0.00,0.13315,0.01540,0.01322,-0.99089,0.09365,-0.02264,-0.00213,-0.99535,-0.22506,0.00863,-0.01551,0.97418,0.09374,0.00480,0.00045,-0.99559,-0.22550,-0.01890,-0.01442,0.97395,0.00000,0.00000,1.00,1.00
15893,Saccade,5892,0.00,0.00,0.13313,0.01522,0.01325,-0.99089,0.09367,-0.02245,-0.00211,-0.99535,-0.22506,0.00863,-0.01550,0.97418,0.09376,0.00498,0.00047,-0.99558,-0.22550,-0.01890,-0.01442,0.97395,0.00000,0.00000,1.00,1.00
15904,Saccade,5903,0.00,0.00,0.13292,0.01501,0.01335,-0.99092,0.09458,-0.02314,-0.00220,-0.99525,-0.22574,0.00954,-0.01561,0.97402,0.09469,0.00430,0.00041,-0.99550,-0.22621,-0.01800,-0.01455,0.97380,0.00000,0.00000,1.00,1.00
15915,Saccade,5913,0.00,0.00,0.13276,0.01486,0.01346,-0.99094,0.09474,-0.02296,-0.00219,-0.99523,-0.22574,0.00952,-0.01569,0.97401,0.09485,0.00448,0.00043,-0.99548,-0.22621,-0.01802,-0.01464,0.97380,0.00000,0.00000,1.00,1.00
15927,Saccade,5926,0.00,0.00,0.13254,0.01473,0.01361,-0.99097,0.09497,-0.02278,-0.00217,-0.99522,-0.22574,0.00950,-0.01581,0.97401,0.09507,0.00467,0.00045,-0.99546,-0.22620,-0.01805,-0.01477,0.97380,0.00000,0.00000,1.00,1.00
15938,Saccade,5937,0.00,0.00,0.13243,0.01455,0.01386,-0.99099,0.09523,-0.02187,-0.00209,-0.99521,-0.22590,0.00879,-0.01600,0.97398,0.09532,0.00558,0.00053,-0.99543,-0.22636,-0.01875,-0.01497,0.97375,0.00000,0.00000,1.00,1.00
15948,Saccade,5947,0.00,0.00,0.13233,0.01441,0.01405,-0.99100,0.09534,-0.02168,-0.00208,-0.99521,-0.22590,0.00876,-0.01616,0.97398,0.09541,0.00576,0.00055,-0.99542,-0.22635,-0.01879,-0.01514,0.97375,0.00000,0.00000,1.00,1.00
15960,Saccade,5959,0.00,0.00,0.13229,0.01420,0.01426,-0.99101,0.09538,-0.02141,-0.00205,-0.99521,-0.22591,0.00871,-0.01635,0.97397,0.09545,0.00604,0.00058,-0.99542,-0.22635,-0.01884,-0.01533,0.97374,0.00000,0.00000,1.00,1.00
15971,Saccade,5969,0.00,0.00,0.13234,0.01411,0.01431,-0.99100,0.09345,-0.02290,-0.00215,-0.99536,-0.22404,0.01028,-0.01646,0.97439,0.09354,0.00453,0.00043,-0.99561,-0.22452,-0.01725,-0.01538,0.97420,0.00000,0.00000,1.00,1.00
15982,Saccade,5980,0.00,0.00,0.13231,0.01387,0.01435,-0.99101,0.09348,-0.02266,-0.00213,-0.99536,-0.22404,0.01027,-0.01647,0.97439,0.09357,0.00477,0.00045,-0.99560,-0.22452,-0.01725,-0.01540,0.97420,0.00000,0.00000,1.00,1.00
15993,Saccade,5992,0.00,0.00,0.13237,0.01372,0.01437,-0.99100,0.09341,-0.02251,-0.00211,-0.99537,-0.22404,0.01027,-0.01647,0.97439,0.09350,0.00492,0.00046,-0.99561,-0.22452,-0.01725,-0.01540,0.97420,0.00000,0.00000,1.00,1.00
16004,Saccade,6003,0.00,0.00,0.13227,0.01348,0.01463,-0.99101,0.09333,-0.02172,-0.00204,-0.99540,-0.22387,0.00974,-0.01667,0.97443,0.09342,0.00572,0.00054,-0.99561,-0.22435,-0.01779,-0.01560,0.97422,0.00000,0.00000,1.00,1.00
16015,Saccade,6014,0.00,0.00,0.13216,0.01326,0.01474,-0.99103,0.09344,-0.02147,-0.00202,-0.99539,-0.22387,0.00972,-0.01675,0.97443,0.09352,0.00596,0.00056,-0.99560,-0.22435,-0.01781,-0.01568,0.97422,0.00000,0.00000,1.00,1.00
16027,Saccade,6026,0.00,-15.00,0.13217,0.01312,0.01486,-0.99103,0.09344,-0.02130,-0.00200,-0.99540,-0.22387,0.00970,-0.01685,0.97443,0.09351,0.00613,0.00058,-0.99560,-0.22434,-0.01783,-0.01578,0.97422,0.00000,0.00000,1.00,1.00
16038,Saccade,6036,0.00,-15.00,0.13208,0.01299,0.01486,-0.99104,0.09387,-0.01918,-0.00181,-0.99540,-0.22424,0.00772,-0.01675,0.97436,0.09393,0.00826,0.00078,-0.99554,-0.22469,-0.01982,-0.01569,0.97410,0.00000,0.00000,1.00,1.00
16048,Saccade,6047,0.00,-15.00,0.13210,0.01285,0.01479,-0.99104,0.09384,-0.01907,-0.00180,-0.99540,-0.22424,0.00773,-0.01666,0.97436,0.09391,0.00837,0.00079,-0.99555,-0.22469,-0.01980,-0.01561,0.97410,0.00000,0.00000,1.00,1.00
16061,Saccade,6059,0.00,-15.00,0.13244,0.01279,0.01470,-0.99100,0.09350,-0.01905,-0.00179,-0.99544,-0.22424,0.00775,-0.01658,0.97436,0.09357,0.00838,0.00079,-0.99558,-0.22469,-0.01978,-0.01550,0.97411,0.00000,0.00000,1.00,1.00
16071,Saccade,6070,0.00,-15.00,0.13280,0.01268,0.01485,-0.99095,0.09303,-0.01818,-0.00170,-0.99550,-0.22414,0.00700,-0.01669,0.97439,0.09309,0.00925,0.00087,-0.99561,-0.22458,-0.02053,-0.01559,0.97411,0.00000,0.00000,1.00,1.00
16082,Saccade,6080,0.00,-15.00,0.13292,0.01269,0.01523,-0.99093,0.09292,-0.01807,-0.00169,-0.99551,-0.22414,0.00691,-0.01707,0.97438,0.09295,0.00936,0.00087,-0.99563,-0.22458,-0.02061,-0.01596,0.97411,0.00000,0.00000,1.00,1.00
16094,Saccade,6093,0.00,-15.00,0.13271,0.01277,0.01568,-0.99095,0.09313,-0.01800,-0.00168,-0.99549,-0.22414,0.00681,-0.01752,0.97438,0.09315,0.00944,0.00088,-0.99561,-0.22457,-0.02072,-0.01642,0.97410,0.00000,0.00000,1.00,1.00
16105,Saccade,6104,0.00,-15.00,0.13251,0.01290,0.01611,-0.99097,0.09369,-0.01865,-0.00176,-0.99543,-0.22447,0.00738,-0.01798,0.97429,0.09369,0.00879,0.00083,-0.99556,-0.22489,-0.02015,-0.01690,0.97403,0.00000,0.00000,1.00,1.00
16115,Saccade,6114,0.00,-15.00,0.13250,0.01315,0.01620,-0.99096,0.09371,-0.01886,-0.00178,-0.99542,-0.22447,0.00735,-0.01809,0.97429,0.09370,0.00857,0.00081,-0.99556,-0.22489,-0.02018,-0.01702,0.97403,0.00000,0.00000,1.00,1.00
16127,Saccade,6126,0.00,-15.00,0.13266,0.01335,0.01633,-0.99094,0.09355,-0.01901,-0.00179,-0.99543,-0.22447,0.00731,-0.01826,0.97428,0.09354,0.00843,0.00079,-0.99558,-0.22489,-0.02022,-0.01717,0.97402,0.00000,0.00000,1.00,1.00
16138,Saccade,6137,0.00,-15.00,0.13293,0.01351,0.01661,-0.99089,0.09282,-0.01866,-0.00174,-0.99551,-0.22402,0.00682,-0.01855,0.97438,0.09281,0.00877,0.00082,-0.99564,-0.22446,-0.02071,-0.01744,0.97411,0.00000,0.00000,1.00,1.00
16148,Saccade,6147,0.00,-15.00,0.13305,0.01368,0.01693,-0.99087,0.09271,-0.01873,-0.00174,-0.99552,-0.22402,0.00674,-0.01889,0.97438,0.09269,0.00870,0.00081,-0.99566,-0.22445,-0.02078,-0.01777,0.97410,0.00000,0.00000,1.00,1.00
16160,Saccade,6159,0.00,-15.00,0.13300,0.01386,0.01725,-0.99087,0.09277,-0.01880,-0.00175,-0.99551,-0.22403,0.00666,-0.01922,0.97437,0.09273,0.00863,0.00080,-0.99565,-0.22444,-0.02086,-0.01811,0.97410,0.00000,0.00000,1.00,1.00
16171,Saccade,6170,0.00,-15.00,0.13292,0.01407,0.01743,-0.99087,0.09356,-0.01946,-0.00183,-0.99542,-0.22470,0.00715,-0.01945,0.97421,0.09356,0.00797,0.00075,-0.99558,-0.22516,-0.02038,-0.01836,0.97393,0.00000,0.00000,1.00,1.00
16182,Saccade,6180,0.00,-15.00,0.13284,0.01421,0.01755,-0.99088,0.09364,-0.01955,-0.00184,-0.99541,-0.22470,0.00712,-0.01958,0.97420,0.09363,0.00788,0.00074,-0.99558,-0.22516,-0.02041,-0.01849,0.97393,0.00000,0.00000,1.00,1.00
16194,Saccade,6193,0.00,-15.00,0.13280,0.01436,0.01750,-0.99088,0.09369,-0.01972,-0.00186,-0.99540,-0.22470,0.00713,-0.01954,0.97421,0.09368,0.00772,0.00073,-0.99557,-0.22516,-0.02040,-0.01846,0.97393,0.00000,0.00000,1.00,1.00
16205,Saccade,6203,0.00,-15.00,0.13301,0.01448,0.01752,-0.99085,0.09199,-0.01895,-0.00175,-0.99558,-0.22326,0.00620,-0.01956,0.97454,0.09201,0.00848,0.00078,-0.99572,-0.22375,-0.02131,-0.01843,0.97424,0.00000,0.00000,1.00,1.00
16215,Saccade,6214,0.00,-15.00,0.13323,0.01458,0.01747,-0.99082,0.09177,-0.01906,-0.00176,-0.99560,-0.22326,0.00621,-0.01953,0.97454,0.09180,0.00836,0.00077,-0.99574,-0.22375,-0.02130,-0.01839,0.97424,0.00000,0.00000,1.00,1.00
16227,Saccade,6225,0.00,-15.00,0.13350,0.01464,0.01758,-0.99078,0.09150,-0.01909,-0.00175,-0.99562,-0.22326,0.00618,-0.01965,0.97454,0.09152,0.00833,0.00077,-0.99577,-0.22375,-0.02132,-0.01849,0.97424,0.00000,0.00000,1.00,1.00
16238,Saccade,6236,0.00,-15.00,0.13349,0.01470,0.01750,-0.99079,0.09192,0.06145,0.00568,-0.99385,-0.22474,-0.07464,-0.01617,0.97142,0.09098,0.08848,0.00812,-0.99188,-0.22398,-0.10174,-0.01492,0.96915,0.00000,0.00000,1.00,1.00
16248,Saccade,6247,0.00,-15.00,0.13363,0.01487,0.01741,-0.99077,0.09180,0.06125,0.00566,-0.99388,-0.22474,-0.07463,-0.01609,0.97142,0.09086,0.08829,0.00809,-0.99191,-0.22399,-0.10172,-0.01484,0.96916,0.00000,0.00000,1.00,1.00
16261,Saccade,6259,0.00,-15.00,0.13386,0.01502,0.01733,-0.99073,0.09158,0.06107,0.00563,-0.99391,-0.22475,-0.07460,-0.01599,0.97142,0.09065,0.08811,0.00805,-0.99195,-0.22400,-0.10170,-0.01473,0.96916,0.00000,0.00000,1.00,1.00
16272,Saccade,6271,0.00,-15.00,0.13395,0.01514,0.01730,-0.99072,0.09164,0.08886,0.00821,-0.99179,-0.22505,-0.10256,-0.01478,0.96882,0.09039,0.11557,0.01056,-0.98912,-0.22388,-0.12932,-0.01346,0.96591,0.00000,0.00000,1.00,1.00
16282,Saccade,6281,0.00,-15.00,0.13389,0.01527,0.01763,-0.99072,0.09163,0.08884,0.00821,-0.99179,-0.22502,-0.10264,-0.01512,0.96882,0.09036,0.11554,0.01056,-0.98913,-0.22383,-0.12940,-0.01380,0.96590,0.00000,0.00000,1.00,1.00
16294,Saccade,6293,0.00,-15.00,0.13383,0.01548,0.01802,-0.99072,0.09161,0.08876,0.00820,-0.99180,-0.22497,-0.10274,-0.01553,0.96881,0.09032,0.11546,0.01054,-0.98914,-0.22378,-0.12949,-0.01421,0.96590,0.00000,0.00000,1.00,1.00
16305,Saccade,6304,0.00,-15.00,0.13385,0.01568,0.01804,-0.99071,0.09151,0.09241,0.00853,-0.99147,-0.22490,-0.10659,-0.01540,0.96841,0.09018,0.11906,0.01086,-0.98872,-0.22366,-0.13329,-0.01407,0.96541,0.00000,0.00000,1.00,1.00
16316,Saccade,6314,0.00,-15.00,0.13381,0.01587,0.01777,-0.99072,0.09160,0.09215,0.00851,-0.99149,-0.22493,-0.10654,-0.01517,0.96841,0.09028,0.11880,0.01085,-0.98875,-0.22369,-0.13324,-0.01385,0.96541,0.00000,0.00000,1.00,1.00
16328,Saccade,6327,0.00,-15.00,0.13379,0.01597,0.01751,-0.99073,0.09167,0.09197,0.00850,-0.99150,-0.22495,-0.10649,-0.01495,0.96842,0.09036,0.11863,0.01084,-0.98876,-0.22372,-0.13319,-0.01363,0.96541,0.00000,0.00000,1.00,1.00
16339,Saccade,6338,0.00,-15.00,0.13386,0.01611,0.01732,-0.99072,0.09129,0.09438,0.00869,-0.99130,-0.22463,-0.10905,-0.01462,0.96821,0.08998,0.12100,0.01101,-0.98850,-0.22339,-0.13571,-0.01329,0.96514,0.00000,0.00000,1.00,1.00
16349,Saccade,6348,0.00,-15.00,0.13388,0.01628,0.01729,-0.99071,0.09128,0.09420,0.00867,-0.99132,-0.22463,-0.10905,-0.01461,0.96821,0.08998,0.12082,0.01100,-0.98853,-0.22339,-0.13571,-0.01328,0.96514,0.00000,0.00000,1.00,1.00
16361,Saccade,6360,0.00,-15.00,0.13397,0.01657,0.01727,-0.99070,0.09119,0.09391,0.00864,-0.99136,-0.22463,-0.10905,-0.01461,0.96821,0.08989,0.12053,0.01096,-0.98857,-0.22339,-0.13571,-0.01327,0.96514,0.00000,0.00000,1.00,1.00
16372,Saccade,6370,0.00,-15.00,0.13399,0.01685,0.01727,-0.99069,0.09063,0.09424,0.00862,-0.99138,-0.22410,-0.10966,-0.01456,0.96827,0.08932,0.12086,0.01092,-0.98858,-0.22286,-0.13631,-0.01321,0.96518,0.00000,0.00000,1.00,1.00
16383,Saccade,6381,0.00,-15.00,0.13408,0.01719,0.01731,-0.99067,0.09053,0.09393,0.00858,-0.99142,-0.22409,-0.10968,-0.01462,0.96827,0.08922,0.12054,0.01088,-0.98863,-0.22285,-0.13633,-0.01326,0.96518,0.00000,0.00000,1.00,1.00
16395,Saccade,6393,0.00,-15.00,0.13423,0.01759,0.01732,-0.99064,0.09038,0.09354,0.00853,-0.99147,-0.22409,-0.10968,-0.01465,0.96827,0.08908,0.12015,0.01083,-0.98869,-0.22285,-0.13633,-0.01328,0.96518,0.00000,0.00000,1.00,1.00
16405,Saccade,6404,0.00,-15.00,0.13441,0.01788,0.01719,-0.99062,0.08877,0.09508,0.00851,-0.99147,-0.22268,-0.11153,-0.01429,0.96839,0.08747,0.12167,0.01076,-0.98865,-0.22143,-0.13814,-0.01287,0.96526,0.00000,0.00000,1.00,1.00
16416,Saccade,6415,0.00,-15.00,0.13462,0.01816,0.01703,-0.99059,0.08860,0.09475,0.00847,-0.99151,-0.22270,-0.11150,-0.01413,0.96839,0.08731,0.12134,0.01072,-0.98871,-0.22146,-0.13811,-0.01271,0.96526,0.00000,0.00000,1.00,1.00
16428,Saccade,6427,0.00,-15.00,0.13471,0.01841,0.01698,-0.99057,0.08851,0.09449,0.00844,-0.99155,-0.22270,-0.11149,-0.01409,0.96839,0.08723,0.12108,0.01068,-0.98875,-0.22146,-0.13810,-0.01267,0.96526,0.00000,0.00000,1.00,1.00
16439,Saccade,6438,0.00,-15.00,0.13480,0.01861,0.01693,-0.99055,0.08839,0.09568,0.00853,-0.99144,-0.22267,-0.11288,-0.01398,0.96824,0.08710,0.12225,0.01077,-0.98861,-0.22142,-0.13947,-0.01255,0.96507,0.00000,0.00000,1.00,1.00
16449,Saccade,6448,0.00,-15.00,0.13478,0.01893,0.01700,-0.99055,0.08840,0.09539,0.00851,-0.99147,-0.22265,-0.11290,-0.01410,0.96824,0.08711,0.12197,0.01075,-0.98865,-0.22140,-0.13950,-0.01266,0.96507,0.00000,0.00000,1.00,1.00
16462,Saccade,6460,0.00,-15.00,0.13468,0.01917,0.01693,-0.99056,0.08851,0.09515,0.00849,-0.99148,-0.22265,-0.11290,-0.01408,0.96824,0.08721,0.12173,0.01074,-0.98867,-0.22140,-0.13950,-0.01265,0.96507,0.00000,0.00000,1.00,1.00
16472,Saccade,6471,0.00,-15.00,0.13446,0.01928,0.01696,-0.99059,0.08669,0.09874,0.00864,-0.99129,-0.22067,-0.11661,-0.01376,0.96825,0.08538,0.12526,0.01082,-0.98838,-0.21939,-0.14314,-0.01229,0.96500,0.00000,0.00000,1.00,1.00
16483,Saccade,6481,0.00,-15.00,0.13432,0.01941,0.01682,-0.99060,0.08685,0.09858,0.00864,-0.99129,-0.22068,-0.11659,-0.01368,0.96826,0.08555,0.12511,0.01083,-0.98839,-0.21940,-0.14313,-0.01221,0.96500,0.00000,0.00000,1.00,1.00
16495,Saccade,6494,0.00,-15.00,0.13417,0.01944,0.01656,-0.99063,0.08706,0.09848,0.00865,-0.99129,-0.22071,-0.11655,-0.01347,0.96826,0.08577,0.12500,0.01085,-0.98838,-0.21943,-0.14308,-0.01201,0.96500,0.00000,0.00000,1.00,1.00
16506,Saccade,6504,0.00,-15.00,0.13403,0.01946,0.01633,-0.99065,0.08529,0.10045,0.00864,-0.99124,-0.21882,-0.11857,-0.01295,0.96845,0.08402,0.12694,0.01079,-0.98829,-0.21755,-0.14506,-0.01145,0.96514,0.00000,0.00000,1.00,1.00
16516,Saccade,6515,0.00,-15.00,0.13389,0.01951,0.01620,-0.99067,0.08545,0.10037,0.00865,-0.99124,-0.21883,-0.11855,-0.01285,0.96845,0.08418,0.12686,0.01081,-0.98828,-0.21757,-0.14504,-0.01137,0.96514,0.00000,0.00000,1.00,1.00
16529,Saccade,6527,0.00,-15.00,0.13383,0.01948,0.01632,-0.99068,0.08548,0.10044,0.00866,-0.99123,-0.21881,-0.11858,-0.01298,0.96845,0.08421,0.12693,0.01082,-0.98827,-0.21755,-0.14507,-0.01150,0.96514,0.00000,0.00000,1.00,1.00
16539,Saccade,6538,0.00,-15.00,0.13382,0.01954,0.01626,-0.99068,0.08519,0.09956,0.00856,-0.99134,-0.21851,-0.11777,-0.01294,0.96862,0.08392,0.12607,0.01070,-0.98841,-0.21725,-0.14428,-0.01144,0.96533,0.00000,0.00000,1.00,1.00
16549,Saccade,6548,0.00,-15.00,0.13383,0.01952,0.01627,-0.99068,0.08518,0.09959,0.00856,-0.99134,-0.21851,-0.11777,-0.01294,0.96862,0.08391,0.12610,0.01071,-0.98840,-0.21725,-0.14428,-0.01145,0.96533,0.00000,0.00000,1.00,1.00
16561,Saccade,6560,0.00,-15.00,0.13393,0.01953,0.01617,-0.99067,0.08510,0.09954,0.00855,-0.99135,-0.21852,-0.11774,-0.01283,0.96862,0.08384,0.12605,0.01069,-0.98842,-0.21727,-0.14425,-0.01133,0.96533,0.00000,0.00000,1.00,1.00
16572,Saccade,6571,0.00,-15.00,0.13396,0.01948,0.01612,-0.99066,0.08493,0.10106,0.00866,-0.99121,-0.21838,-0.11921,-0.01267,0.96847,0.08364,0.12754,0.01080,-0.98824,-0.21709,-0.14570,-0.01117,0.96515,0.00000,0.00000,1.00,1.00
16583,Saccade,6582,0.00,-15.00,0.13386,0.01947,0.01601,-0.99068,0.08504,0.10104,0.00867,-0.99120,-0.21839,-0.11919,-0.01259,0.96847,0.08377,0.12753,0.01081,-0.98823,-0.21711,-0.14568,-0.01109,0.96515,0.00000,0.00000,1.00,1.00
16596,Saccade,6594,0.00,-15.00,0.13383,0.01942,0.01593,-0.99069,0.08509,0.10107,0.00868,-0.99120,-0.21839,-0.11918,-0.01252,0.96848,0.08382,0.12755,0.01082,-0.98822,-0.21712,-0.14567,-0.01102,0.96515,0.00000,0.00000,1.00,1.00
16606,Saccade,6604,0.00,-15.00,0.13399,0.01938,0.01583,-0.99067,0.08726,0.09921,0.00873,-0.99119,-0.22065,-0.11728,-0.01274,0.96819,0.08597,0.12574,0.01094,-0.98827,-0.21936,-0.14383,-0.01130,0.96492,0.00000,0.00000,1.00,1.00
16616,Saccade,6615,0.00,-15.00,0.13415,0.01925,0.01556,-0.99065,0.08715,0.09925,0.00873,-0.99120,-0.22068,-0.11721,-0.01244,0.96820,0.08588,0.12578,0.01093,-0.98827,-0.21940,-0.14376,-0.01099,0.96492,0.00000,0.00000,1.00,1.00
16629,Saccade,6627,0.00,-15.00,0.13410,0.01911,0.01550,-0.99066,0.08721,0.09936,0.00874,-0.99118,-0.22069,-0.11720,-0.01236,0.96820,0.08595,0.12590,0.01095,-0.98825,-0.21941,-0.14374,-0.01092,0.96492,0.00000,0.00000,1.00,1.00
16639,Saccade,6638,0.00,-15.00,0.13405,0.01895,0.01553,-0.99067,0.08563,0.09897,0.00855,-0.99136,-0.21910,-0.11664,-0.01222,0.96863,0.08438,0.12549,0.01071,-0.98844,-0.21784,-0.14318,-0.01074,0.96537,0.00000,0.00000,1.00,1.00
16650,Saccade,6649,0.00,-15.00,0.13420,0.01881,0.01563,-0.99065,0.08546,0.09912,0.00854,-0.99136,-0.21909,-0.11665,-0.01227,0.96863,0.08421,0.12565,0.01070,-0.98844,-0.21783,-0.14319,-0.01078,0.96537,0.00000,0.00000,1.00,1.00
16662,Saccade,6661,0.00,-15.00,0.13429,0.01861,0.01576,-0.99064,0.08535,0.09935,0.00855,-0.99135,-0.21908,-0.11667,-0.01234,0.96863,0.08409,0.12587,0.01071,-0.98842,-0.21782,-0.14320,-0.01085,0.96537,0.00000,0.00000,1.00,1.00
16673,Saccade,6671,0.00,-15.00,0.13425,0.01841,0.01611,-0.99065,0.08692,0.09952,0.00873,-0.99119,-0.22062,-0.11660,-0.01285,0.96828,0.08560,0.12605,0.01092,-0.98826,-0.21931,-0.14315,-0.01139,0.96503,0.00000,0.00000,1.00,1.00
16683,Saccade,6682,0.00,-15.00,0.13418,0.01811,0.01631,-0.99066,0.08695,0.09986,0.00876,-0.99116,-0.22060,-0.11664,-0.01302,0.96828,0.08562,0.12640,0.01095,-0.98822,-0.21929,-0.14319,-0.01156,0.96503,0.00000,0.00000,1.00,1.00
16695,Saccade,6694,0.00,-15.00,0.13412,0.01777,0.01625,-0.99067,0.08702,0.10017,0.00880,-0.99112,-0.22061,-0.11662,-0.01293,0.96828,0.08570,0.12671,0.01099,-0.98817,-0.21930,-0.14317,-0.01147,0.96503,0.00000,0.00000,1.00,1.00
16706,Saccade,6705,0.00,-15.00,0.13411,0.01757,0.01612,-0.99068,0.08622,0.10257,0.00892,-0.99094,-0.21981,-0.11883,-0.01257,0.96820,0.08489,0.12906,0.01109,-0.98793,-0.21848,-0.14533,-0.01110,0.96489,0.00000,0.00000,1.00,1.00
16717,Saccade,6716,0.00,-15.00,0.13388,0.01717,0.01590,-0.99072,0.08649,0.10290,0.00898,-0.99088,-0.21983,-0.11879,-0.01236,0.96820,0.08517,0.12939,0.01116,-0.98787,-0.21851,-0.14529,-0.01090,0.96490,0.00000,0.00000,1.00,1.00
16729,Saccade,6728,0.00,-15.00,0.13369,0.01689,0.01592,-0.99075,0.08668,0.10319,0.00903,-0.99084,-0.21983,-0.11879,-0.01239,0.96820,0.08536,0.12967,0.01121,-0.98781,-0.21850,-0.14530,-0.01094,0.96490,0.00000,0.00000,1.00,1.00
16740,Saccade,6738,0.00,-15.00,0.13350,0.01670,0.01588,-0.99078,0.08680,0.10395,0.00911,-0.99075,-0.21976,-0.11938,-0.01233,0.96814,0.08547,0.13042,0.01129,-0.98770,-0.21842,-0.14586,-0.01089,0.96483,0.00000,0.00000,1.00,1.00
16750,Saccade,6749,0.00,-15.00,0.13337,0.01647,0.01583,-0.99080,0.08693,0.10416,0.00914,-0.99071,-0.21977,-0.11936,-0.01228,0.96815,0.08561,0.13063,0.01132,-0.98766,-0.21843,-0.14585,-0.01084,0.96483,0.00000,0.00000,1.00,1.00
16762,Saccade,6761,0.00,-15.00,0.13325,0.01630,0.01555,-0.99083,0.08712,0.10425,0.00917,-0.99069,-0.21980,-0.11931,-0.01202,0.96815,0.08580,0.13072,0.01136,-0.98763,-0.21847,-0.14580,-0.01059,0.96483,0.00000,0.00000,1.00,1.00
16773,Saccade,6772,0.00,-15.00,0.13304,0.01617,0.01524,-0.99086,0.08672,0.10355,0.00906,-0.99079,-0.21918,-0.11851,-0.01171,0.96839,0.08543,0.13002,0.01124,-0.98776,-0.21786,-0.14500,-0.01028,0.96509,0.00000,0.00000,1.00,1.00
16784,Saccade,6782,0.00,-15.00,0.13285,0.01597,0.01504,-0.99089,0.08695,0.10369,0.00910,-0.99076,-0.21920,-0.11847,-0.01153,0.96839,0.08566,0.13016,0.01129,-0.98772,-0.21788,-0.14497,-0.01012,0.96510,0.00000,0.00000,1.00,1.00
16796,Saccade,6794,0.00,-15.00,0.13280,0.01575,0.01500,-0.99090,0.08702,0.10389,0.00912,-0.99073,-0.21921,-0.11846,-0.01147,0.96839,0.08573,0.13037,0.01132,-0.98769,-0.21789,-0.14495,-0.01006,0.96510,0.00000,0.00000,1.00,1.00
16806,Saccade,6805,0.00,-15.00,0.13271,0.01554,0.01503,-0.99092,0.08663,0.10371,0.00907,-0.99079,-0.21875,-0.11807,-0.01146,0.96854,0.08532,0.13018,0.01125,-0.98775,-0.21741,-0.14456,-0.01004,0.96526,0.00000,0.00000,1.00,1.00
16817,Saccade,6816,0.00,-15.00,0.13262,0.01526,0.01513,-0.99093,0.08669,0.10401,0.00910,-0.99075,-0.21874,-0.11808,-0.01154,0.96854,0.08538,0.13048,0.01128,-0.98770,-0.21740,-0.14457,-0.01012,0.96526,0.00000,0.00000,1.00,1.00
16829,Saccade,6828,0.00,-15.00,0.13247,0.01495,0.01518,-0.99096,0.08683,0.10434,0.00914,-0.99070,-0.21873,-0.11809,-0.01158,0.96854,0.08551,0.13080,0.01133,-0.98765,-0.21739,-0.14459,-0.01017,0.96526,0.00000,0.00000,1.00,1.00
16840,Saccade,6838,0.00,-15.00,0.13257,0.01458,0.01511,-0.99095,0.08679,0.10789,0.00946,-0.99032,-0.21879,-0.12129,-0.01129,0.96814,0.08542,0.13429,0.01162,-0.98718,-0.21739,-0.14772,-0.00987,0.96479,0.00000,0.00000,1.00,1.00
16850,Saccade,6849,0.00,-15.00,0.13276,0.01424,0.01503,-0.99093,0.08663,0.10818,0.00946,-0.99030,-0.21881,-0.12125,-0.01113,0.96814,0.08527,0.13459,0.01163,-0.98716,-0.21741,-0.14768,-0.00970,0.96479,0.00000,0.00000,1.00,1.00
16862,Saccade,6861,0.00,-15.00,0.13287,0.01385,0.01504,-0.99092,0.08652,0.10855,0.00948,-0.99027,-0.21882,-0.12124,-0.01106,0.96814,0.08517,0.13496,0.01164,-0.98712,-0.21742,-0.14767,-0.00963,0.96479,0.00000,0.00000,1.00,1.00
16873,Saccade,6872,0.00,-15.00,0.13287,0.01335,0.01533,-0.99092,0.08711,0.10916,0.00960,-0.99015,-0.21942,-0.12133,-0.01136,0.96799,0.08571,0.13556,0.01177,-0.98699,-0.21799,-0.14775,-0.00993,0.96465,0.00000,0.00000,1.00,1.00
16884,Saccade,6882,0.00,-15.00,0.13287,0.01286,0.01553,-0.99093,0.08706,0.10969,0.00964,-0.99010,-0.21941,-0.12135,-0.01148,0.96799,0.08566,0.13608,0.01181,-0.98692,-0.21797,-0.14778,-0.01005,0.96465,0.00000,0.00000,1.00,1.00
16896,Saccade,6895,0.00,-15.00,0.13289,0.01234,0.01562,-0.99093,0.08703,0.11021,0.00969,-0.99004,-0.21941,-0.12136,-0.01149,0.96799,0.08562,0.13661,0.01185,-0.98685,-0.21797,-0.14778,-0.01006,0.96465,0.00000,0.00000,1.00,1.00
16907,Saccade,6905,0.00,-15.00,0.13295,0.01188,0.01544,-0.99093,0.08708,0.10953,0.00963,-0.99012,-0.21951,-0.12023,-0.01131,0.96811,0.08568,0.13593,0.01180,-0.98694,-0.21808,-0.14666,-0.00988,0.96480,0.00000,0.00000,1.00,1.00
16917,Saccade,6916,0.00,-15.00,0.13300,0.01131,0.01535,-0.99093,0.08706,0.11004,0.00968,-0.99006,-0.21953,-0.12019,-0.01113,0.96811,0.08567,0.13644,0.01184,-0.98687,-0.21811,-0.14662,-0.00970,0.96480,0.00000,0.00000,1.00,1.00
16929,Saccade,6928,0.00,-15.00,0.13298,0.01080,0.01517,-0.99094,0.08712,0.11048,0.00972,-0.99000,-0.21956,-0.12014,-0.01090,0.96811,0.08575,0.13688,0.01189,-0.98680,-0.21814,-0.14657,-0.00948,0.96480,0.00000,0.00000,1.00,1.00
16940,Saccade,6939,0.00,-15.00,0.13297,0.01027,0.01524,-0.99095,0.08606,0.10970,0.00953,-0.99019,-0.21852,-0.11883,-0.01084,0.96851,0.08470,0.13609,0.01168,-0.98700,-0.21713,-0.14525,-0.00939,0.96523,0.00000,0.00000,1.00,1.00
16950,Saccade,6949,0.00,-15.00,0.13304,0.00982,0.01534,-0.99094,0.08597,0.11015,0.00956,-0.99014,-0.21852,-0.11883,-0.01086,0.96851,0.08461,0.13654,0.01171,-0.98695,-0.21712,-0.14526,-0.00941,0.96523,0.00000,0.00000,1.00,1.00
16962,Saccade,6961,0.00,-15.00,0.13309,0.00938,0.01525,-0.99094,0.08595,0.11055,0.00960,-0.99010,-0.21854,-0.11880,-0.01070,0.96851,0.08459,0.13694,0.01174,-0.98689,-0.21715,-0.14522,-0.00925,0.96523,0.00000,0.00000,1.00,1.00
16973,Saccade,6972,0.00,-15.00,0.13324,0.00905,0.01516,-0.99093,0.08539,0.10909,0.00941,-0.99031,-0.21813,-0.11702,-0.01058,0.96882,0.08405,0.13548,0.01153,-0.98714,-0.21676,-0.14345,-0.00911,0.96559,0.00000,0.00000,1.00,1.00
16984,Saccade,6983,0.00,-15.00,0.13330,0.00880,0.01508,-0.99092,0.08536,0.10930,0.00942,-0.99029,-0.21815,-0.11699,-0.01045,0.96882,0.08402,0.13569,0.01155,-0.98711,-0.21678,-0.14342,-0.00898,0.96559,0.00000,0.00000,1.00,1.00
16996,Saccade,6995,0.00,-15.00,0.13324,0.00844,0.01532,-0.99093,0.08536,0.10973,0.00946,-0.99024,-0.21813,-0.11704,-0.01064,0.96882,0.08401,0.13611,0.01158,-0.98706,-0.21675,-0.14346,-0.00917,0.96559,0.00000,0.00000,1.00,1.00
17007,Saccade,7005,0.00,-15.00,0.13318,0.00815,0.01539,-0.99094,0.08599,0.10876,0.00944,-0.99030,-0.21870,-0.11578,-0.01081,0.96884,0.08462,0.13515,0.01159,-0.98714,-0.21730,-0.14221,-0.00936,0.96564,0.00000,0.00000,1.00,1.00
17017,Saccade,7016,0.00,-15.00,0.13317,0.00789,0.01555,-0.99094,0.08596,0.10905,0.00947,-0.99027,-0.21868,-0.11580,-0.01093,0.96884,0.08458,0.13545,0.01161,-0.98710,-0.21729,-0.14224,-0.00948,0.96564,0.00000,0.00000,1.00,1.00
17029,Saccade,7028,0.00,-15.00,0.13311,0.00770,0.01562,-0.99095,0.08601,0.10926,0.00949,-0.99024,-0.21868,-0.11582,-0.01099,0.96884,0.08462,0.13566,0.01163,-0.98707,-0.21728,-0.14225,-0.00953,0.96564,0.00000,0.00000,1.00,1.00
17040,Saccade,7039,0.00,-15.00,0.13318,0.00746,0.01577,-0.99094,0.08658,0.11336,0.00992,-0.98972,-0.21932,-0.11967,-0.01098,0.96822,0.08512,0.13968,0.01205,-0.98646,-0.21784,-0.14604,-0.00953,0.96495,0.00000,0.00000,1.00,1.00
17051,Saccade,7050,0.00,-15.00,0.13315,0.00722,0.01590,-0.99094,0.08658,0.11363,0.00994,-0.98969,-0.21931,-0.11969,-0.01108,0.96822,0.08512,0.13995,0.01208,-0.98642,-0.21783,-0.14606,-0.00963,0.96495,0.00000,0.00000,1.00,1.00
17063,Saccade,7062,0.00,-15.00,0.13319,0.00690,0.01606,-0.99094,0.08651,0.11399,0.00996,-0.98966,-0.21930,-0.11972,-0.01119,0.96822,0.08504,0.14030,0.01210,-0.98638,-0.21781,-0.14608,-0.00973,0.96495,0.00000,0.00000,1.00,1.00
17074,Saccade,7073,0.00,-15.00,0.13317,0.00658,0.01618,-0.99094,0.08820,0.11363,0.01013,-0.98955,-0.22095,-0.11904,-0.01150,0.96793,0.08670,0.13996,0.01230,-0.98628,-0.21944,-0.14542,-0.01008,0.96467,0.00000,0.00000,1.00,1.00
17084,Saccade,7083,0.00,-15.00,0.13301,0.00633,0.01633,-0.99096,0.08832,0.11393,0.01017,-0.98950,-0.22093,-0.11907,-0.01164,0.96792,0.08682,0.14025,0.01235,-0.98623,-0.21942,-0.14545,-0.01023,0.96467,0.00000,0.00000,1.00,1.00
17097,Saccade,7095,0.00,-15.00,0.13275,0.00595,0.01651,-0.99099,0.08853,0.11436,0.01023,-0.98943,-0.22091,-0.11911,-0.01182,0.96792,0.08702,0.14068,0.01241,-0.98615,-0.21939,-0.14550,-0.01042,0.96467,0.00000,0.00000,1.00,1.00
17107,Saccade,7106,0.00,-15.00,0.13257,0.00556,0.01661,-0.99102,0.08876,0.11492,0.01031,-0.98935,-0.22097,-0.11928,-0.01191,0.96789,0.08724,0.14123,0.01250,-0.98605,-0.21945,-0.14566,-0.01053,0.96463,0.00000,0.00000,1.00,1.00
17118,Saccade,7116,0.00,-15.00,0.13240,0.00503,0.01676,-0.99104,0.08889,0.11548,0.01038,-0.98927,-0.22096,-0.11931,-0.01202,0.96788,0.08736,0.14179,0.01256,-0.98595,-0.21943,-0.14568,-0.01064,0.96463,0.00000,0.00000,1.00,1.00
17130,Saccade,7129,0.00,-15.00,0.13226,0.00441,0.01666,-0.99107,0.08905,0.11605,0.01045,-0.98919,-0.22098,-0.11927,-0.01187,0.96789,0.08753,0.14236,0.01264,-0.98586,-0.21946,-0.14565,-0.01050,0.96463,0.00000,0.00000,1.00,1.00
17140,Saccade,7139,0.00,-15.00,0.13220,0.00372,0.01666,-0.99108,0.08812,0.11871,0.01058,-0.98895,-0.22002,-0.12126,-0.01160,0.96786,0.08661,0.14496,0.01274,-0.98556,-0.21849,-0.14758,-0.01021,0.96456,0.00000,0.00000,1.00,1.00
17151,Saccade,7150,0.00,-15.00,0.13226,0.00305,0.01652,-0.99107,0.08811,0.11930,0.01063,-0.98888,-0.22005,-0.12120,-0.01136,0.96786,0.08660,0.14556,0.01279,-0.98547,-0.21853,-0.14752,-0.00997,0.96456,0.00000,0.00000,1.00,1.00
17163,Saccade,7162,0.00,-15.00,0.13250,0.00243,0.01639,-0.99104,0.08791,0.11984,0.01065,-0.98884,-0.22008,-0.12114,-0.01110,0.96787,0.08642,0.14609,0.01281,-0.98541,-0.21857,-0.14746,-0.00970,0.96457,0.00000,0.00000,1.00,1.00
17174,Saccade,7172,0.00,-15.00,0.13271,0.00176,0.01631,-0.99102,0.08724,0.11912,0.01051,-0.98898,-0.21963,-0.11976,-0.01089,0.96814,0.08577,0.14537,0.01265,-0.98557,-0.21814,-0.14608,-0.00947,0.96488,0.00000,0.00000,1.00,1.00
17185,Saccade,7183,0.00,-15.00,0.13287,0.00108,0.01638,-0.99100,0.08707,0.11978,0.01055,-0.98892,-0.21964,-0.11975,-0.01083,0.96814,0.08560,0.14602,0.01268,-0.98549,-0.21815,-0.14606,-0.00940,0.96488,0.00000,0.00000,1.00,1.00
17196,Saccade,7195,0.00,-15.00,0.13302,0.00045,0.01647,-0.99098,0.08691,0.12040,0.01058,-0.98886,-0.21964,-0.11974,-0.01080,0.96814,0.08544,0.14664,0.01271,-0.98541,-0.21816,-0.14605,-0.00936,0.96488,0.00000,0.00000,1.00,1.00
17207,Saccade,7206,0.00,-15.00,0.13303,-0.00021,0.01643,-0.99098,0.08599,0.12423,0.01081,-0.98846,-0.21875,-0.12293,-0.01041,0.96795,0.08448,0.15038,0.01290,-0.98493,-0.21721,-0.14914,-0.00894,0.96462,0.00000,0.00000,1.00,1.00
17218,Saccade,7217,0.00,-15.00,0.13318,-0.00090,0.01655,-0.99095,0.08582,0.12492,0.01085,-0.98839,-0.21876,-0.12292,-0.01040,0.96795,0.08431,0.15106,0.01293,-0.98484,-0.21722,-0.14914,-0.00892,0.96462,0.00000,0.00000,1.00,1.00
17230,Saccade,7229,0.00,-15.00,0.13324,-0.00156,0.01663,-0.99094,0.08575,0.12557,0.01090,-0.98831,-0.21876,-0.12292,-0.01037,0.96795,0.08424,0.15171,0.01298,-0.98474,-0.21722,-0.14913,-0.00889,0.96462,0.00000,0.00000,1.00,1.00
17241,Saccade,7239,0.00,-15.00,0.13323,-0.00217,0.01678,-0.99094,0.08609,0.12542,0.01093,-0.98830,-0.21911,-0.12215,-0.01052,0.96797,0.08455,0.15155,0.01301,-0.98474,-0.21755,-0.14836,-0.00905,0.96467,0.00000,0.00000,1.00,1.00
17251,Saccade,7250,0.00,-15.00,0.13323,-0.00270,0.01681,-0.99094,0.08608,0.12593,0.01097,-0.98824,-0.21911,-0.12214,-0.01048,0.96797,0.08454,0.15206,0.01306,-0.98466,-0.21755,-0.14835,-0.00901,0.96467,0.00000,0.00000,1.00,1.00
17263,Saccade,7262,0.00,-15.00,0.13343,-0.00308,0.01690,-0.99091,0.08587,0.12632,0.01098,-0.98821,-0.21912,-0.12214,-0.01046,0.96797,0.08433,0.15244,0.01306,-0.98462,-0.21756,-0.14834,-0.00898,0.96467,0.00000,0.00000,1.00,1.00
17274,Saccade,7273,0.00,-15.00,0.13387,-0.00350,0.01681,-0.99085,0.08665,0.12600,0.01105,-0.98818,-0.22030,-0.12141,-0.01039,0.96779,0.08508,0.15212,0.01315,-0.98461,-0.21872,-0.14760,-0.00892,0.96452,0.00000,0.00000,1.00,1.00
17285,Saccade,7284,0.00,-15.00,0.13424,-0.00384,0.01695,-0.99080,0.08626,0.12635,0.01103,-0.98817,-0.22030,-0.12141,-0.01038,0.96779,0.08469,0.15246,0.01311,-0.98459,-0.21872,-0.14760,-0.00889,0.96452,0.00000,0.00000,1.00,1.00
17297,Saccade,7296,0.00,-15.00,0.13449,-0.00409,0.01723,-0.99076,0.08594,0.12666,0.01102,-0.98815,-0.22028,-0.12145,-0.01055,0.96779,0.08437,0.15277,0.01309,-0.98457,-0.21870,-0.14763,-0.00904,0.96452,0.00000,0.00000,1.00,1.00
17308,Saccade,7306,0.00,-15.00,0.13470,-0.00427,0.01749,-0.99072,0.08663,0.12639,0.01108,-0.98813,-0.22119,-0.12097,-0.01087,0.96764,0.08503,0.15248,0.01317,-0.98455,-0.21958,-0.14715,-0.00937,0.96439,0.00000,0.00000,1.00,1.00
17318,Saccade,7317,0.00,-15.00,0.13479,-0.00430,0.01751,-0.99071,0.08654,0.12641,0.01107,-0.98813,-0.22119,-0.12097,-0.01086,0.96764,0.08493,0.15251,0.01316,-0.98456,-0.21958,-0.14715,-0.00935,0.96439,0.00000,0.00000,1.00,1.00
17331,Saccade,7329,0.00,-15.00,0.13481,-0.00414,0.01739,-0.99071,0.08655,0.12623,0.01106,-0.98816,-0.22120,-0.12094,-0.01076,0.96764,0.08495,0.15232,0.01314,-0.98459,-0.21960,-0.14712,-0.00926,0.96439,0.00000,0.00000,1.00,1.00
17341,Saccade,7340,0.00,-15.00,0.13488,-0.00397,0.01723,-0.99070,0.08817,0.12679,0.01132,-0.98794,-0.22283,-0.12169,-0.01078,0.96717,0.08653,0.15287,0.01344,-0.98436,-0.22119,-0.14786,-0.00931,0.96391,0.00000,0.00000,1.00,1.00
17351,Saccade,7350,0.00,-15.00,0.13491,-0.00391,0.01721,-0.99070,0.08814,0.12672,0.01131,-0.98795,-0.22283,-0.12169,-0.01077,0.96717,0.08651,0.15280,0.01343,-0.98437,-0.22119,-0.14785,-0.00930,0.96391,0.00000,0.00000,1.00,1.00
17363,Saccade,7362,0.00,-15.00,0.13470,-0.00361,0.01734,-0.99073,0.08831,0.12648,0.01131,-0.98797,-0.22280,-0.12174,-0.01098,0.96717,0.08666,0.15256,0.01343,-0.98439,-0.22115,-0.14790,-0.00952,0.96391,0.00000,0.00000,1.00,1.00
17374,Saccade,7373,0.00,-15.00,0.13426,-0.00308,0.01759,-0.99079,0.08908,0.12650,0.01141,-0.98789,-0.22315,-0.12226,-0.01142,0.96702,0.08740,0.15258,0.01355,-0.98433,-0.22148,-0.14842,-0.00999,0.96375,0.00000,0.00000,1.00,1.00
17385,Saccade,7384,0.00,-15.00,0.13409,-0.00269,0.01761,-0.99081,0.08923,0.12615,0.01139,-0.98792,-0.22314,-0.12228,-0.01153,0.96702,0.08755,0.15223,0.01354,-0.98437,-0.22146,-0.14845,-0.01010,0.96375,0.00000,0.00000,1.00,1.00
17397,Saccade,7396,0.00,-15.00,0.13404,-0.00233,0.01733,-0.99082,0.08935,0.12572,0.01137,-0.98797,-0.22316,-0.12224,-0.01133,0.96702,0.08768,0.15179,0.01352,-0.98442,-0.22149,-0.14840,-0.00991,0.96375,0.00000,0.00000,1.00,1.00
17408,Saccade,7407,0.00,-15.00,0.13414,-0.00195,0.01705,-0.99081,0.08790,0.12668,0.01127,-0.98798,-0.22180,-0.12360,-0.01085,0.96717,0.08626,0.15273,0.01338,-0.98441,-0.22015,-0.14973,-0.00939,0.96386,0.00000,0.00000,1.00,1.00
17419,Saccade,7418,0.00,-15.00,0.13419,-0.00170,0.01691,-0.99081,0.08788,0.12639,0.01124,-0.98802,-0.22181,-0.12358,-0.01073,0.96717,0.08625,0.15245,0.01336,-0.98445,-0.22017,-0.14970,-0.00928,0.96386,0.00000,0.00000,1.00,1.00
17431,Saccade,7429,0.00,-15.00,0.13432,-0.00147,0.01714,-0.99079,0.08770,0.12624,0.01120,-0.98805,-0.22178,-0.12363,-0.01095,0.96717,0.08606,0.15229,0.01331,-0.98449,-0.22013,-0.14975,-0.00948,0.96386,0.00000,0.00000,1.00,1.00
17441,Saccade,7440,0.00,-15.00,0.13439,-0.00131,0.01731,-0.99078,0.08717,0.12821,0.01131,-0.98784,-0.22136,-0.12575,-0.01097,0.96699,0.08552,0.15423,0.01340,-0.98424,-0.21969,-0.15184,-0.00948,0.96363,0.00000,0.00000,1.00,1.00
17452,Saccade,7451,0.00,-15.00,0.13437,-0.00112,0.01730,-0.99078,0.08719,0.12803,0.01130,-0.98787,-0.22136,-0.12575,-0.01099,0.96699,0.08554,0.15405,0.01339,-0.98426,-0.21969,-0.15185,-0.00950,0.96363,0.00000,0.00000,1.00,1.00
17464,Saccade,7463,0.00,-15.00,0.13456,-0.00092,0.01715,-0.99076,0.08705,0.12778,0.01126,-0.98791,-0.22138,-0.12572,-0.01083,0.96699,0.08541,0.15380,0.01334,-0.98431,-0.21971,-0.15181,-0.00933,0.96364,0.00000,0.00000,1.00,1.00
17475,Saccade,7473,0.00,-15.00,0.13492,-0.00076,0.01696,-0.99071,0.08567,0.12708,0.01102,-0.98812,-0.22035,-0.12518,-0.01046,0.96730,0.08408,0.15312,0.01308,-0.98454,-0.21874,-0.15128,-0.00893,0.96394,0.00000,0.00000,1.00,1.00
17485,Saccade,7484,0.00,-15.00,0.13523,-0.00069,0.01691,-0.99067,0.08539,0.12698,0.01097,-0.98816,-0.22037,-0.12516,-0.01035,0.96730,0.08380,0.15302,0.01302,-0.98458,-0.21876,-0.15125,-0.00880,0.96395,0.00000,0.00000,1.00,1.00
17497,Saccade,7496,0.00,-15.00,0.13541,-0.00061,0.01705,-0.99064,0.08477,0.12729,0.01092,-0.98818,-0.21996,-0.12553,-0.01038,0.96734,0.08319,0.15332,0.01295,-0.98458,-0.21835,-0.15162,-0.00881,0.96398,0.00000,0.00000,1.00,1.00
17508,Saccade,7507,0.00,-15.00,0.13564,-0.00055,0.01729,-0.99061,0.08448,0.12728,0.01088,-0.98820,-0.21994,-0.12557,-0.01055,0.96734,0.08289,0.15331,0.01291,-0.98461,-0.21833,-0.15165,-0.00897,0.96398,0.00000,0.00000,1.00,1.00
17519,Saccade,7518,0.00,-15.00,0.13589,-0.00045,0.01737,-0.99057,0.08422,0.12720,0.01084,-0.98824,-0.21993,-0.12557,-0.01058,0.96734,0.08264,0.15323,0.01286,-0.98465,-0.21833,-0.15166,-0.00898,0.96398,0.00000,0.00000,1.00,1.00
17531,Saccade,7529,0.00,-15.00,0.13622,-0.00032,0.01727,-0.99053,0.08393,0.12703,0.01079,-0.98828,-0.21996,-0.12554,-0.01042,0.96734,0.08235,0.15306,0.01280,-0.98470,-0.21835,-0.15162,-0.00881,0.96398,0.00000,0.00000,1.00,1.00
17542,Saccade,7540,0.00,-15.00,0.13651,-0.00034,0.01714,-0.99049,0.08429,0.12706,0.01084,-0.98825,-0.22058,-0.12555,-0.01030,0.96720,0.08272,0.15309,0.01286,-0.98466,-0.21898,-0.15164,-0.00869,0.96384,0.00000,0.00000,1.00,1.00
17552,Saccade,7551,0.00,-15.00,0.13659,-0.00029,0.01699,-0.99048,0.08425,0.12696,0.01082,-0.98826,-0.22060,-0.12551,-0.01015,0.96720,0.08268,0.15300,0.01285,-0.98468,-0.21900,-0.15160,-0.00853,0.96384,0.00000,0.00000,1.00,1.00
17564,Saccade,7563,0.00,-15.00,0.13668,-0.00038,0.01706,-0.99047,0.08415,0.12706,0.01082,-0.98826,-0.22059,-0.12552,-0.01018,0.96720,0.08258,0.15310,0.01284,-0.98467,-0.21900,-0.15161,-0.00856,0.96384,0.00000,0.00000,1.00,1.00
17575,Saccade,7573,0.00,-15.00,0.13658,-0.00039,0.01707,-0.99048,0.08491,0.12773,0.01098,-0.98811,-0.22125,-0.12618,-0.01026,0.96696,0.08334,0.15376,0.01302,-0.98450,-0.21964,-0.15227,-0.00866,0.96359,0.00000,0.00000,1.00,1.00
17586,Saccade,7584,0.00,-15.00,0.13671,-0.00040,0.01706,-0.99046,0.08480,0.12773,0.01096,-0.98812,-0.22126,-0.12617,-0.01022,0.96697,0.08322,0.15376,0.01300,-0.98451,-0.21965,-0.15226,-0.00861,0.96359,0.00000,0.00000,1.00,1.00
17597,Saccade,7596,0.00,-15.00,0.13656,-0.00045,0.01693,-0.99049,0.08497,0.12774,0.01099,-0.98810,-0.22127,-0.12615,-0.01013,0.96697,0.08340,0.15378,0.01303,-0.98449,-0.21966,-0.15224,-0.00853,0.96359,0.00000,0.00000,1.00,1.00
17608,Saccade,7607,0.00,-15.00,0.13641,-0.00045,0.01679,-0.99051,0.08448,0.12734,0.01089,-0.98819,-0.22062,-0.12576,-0.00996,0.96717,0.08292,0.15338,0.01292,-0.98460,-0.21903,-0.15186,-0.00836,0.96379,0.00000,0.00000,1.00,1.00
17619,Saccade,7618,0.00,-15.00,0.13626,-0.00050,0.01668,-0.99053,0.08465,0.12737,0.01091,-0.98818,-0.22063,-0.12575,-0.00989,0.96717,0.08310,0.15341,0.01295,-0.98458,-0.21904,-0.15184,-0.00830,0.96379,0.00000,0.00000,1.00,1.00
17631,Saccade,7630,0.00,-15.00,0.13621,-0.00052,0.01653,-0.99054,0.08471,0.12757,0.01094,-0.98814,-0.22062,-0.12594,-0.00975,0.96715,0.08315,0.15361,0.01297,-0.98454,-0.21902,-0.15203,-0.00816,0.96377,0.00000,0.00000,1.00,1.00
17642,Saccade,7640,0.00,-15.00,0.13630,-0.00055,0.01630,-0.99053,0.08468,0.12752,0.01093,-0.98815,-0.22065,-0.12588,-0.00950,0.96715,0.08313,0.15356,0.01297,-0.98455,-0.21906,-0.15198,-0.00791,0.96377,0.00000,0.00000,1.00,1.00
17652,Saccade,7651,0.00,-15.00,0.13631,-0.00054,0.01609,-0.99054,0.08473,0.12745,0.01093,-0.98816,-0.22067,-0.12584,-0.00930,0.96715,0.08320,0.15349,0.01297,-0.98456,-0.21909,-0.15193,-0.00772,0.96377,0.00000,0.00000,1.00,1.00
17664,Saccade,7663,0.00,-15.00,0.13633,-0.00051,0.01611,-0.99053,0.08470,0.12743,0.01092,-0.98816,-0.22067,-0.12584,-0.00932,0.96715,0.08317,0.15347,0.01296,-0.98456,-0.21908,-0.15194,-0.00773,0.96377,0.00000,0.00000,1.00,1.00
17675,Saccade,7674,0.00,-15.00,0.13628,-0.00051,0.01610,-0.99054,0.08581,0.12759,0.01108,-0.98805,-0.22170,-0.12601,-0.00945,0.96689,0.08423,0.15363,0.01315,-0.98444,-0.22008,-0.15211,-0.00789,0.96352,0.00000,0.00000,1.00,1.00
17686,Saccade,7684,0.00,-15.00,0.13627,-0.00052,0.01636,-0.99054,0.08575,0.12767,0.01108,-0.98804,-0.22167,-0.12606,-0.00970,0.96689,0.08416,0.15371,0.01314,-0.98444,-0.22004,-0.15216,-0.00813,0.96352,0.00000,0.00000,1.00,1.00
17698,Saccade,7696,0.00,-15.00,0.13623,-0.00061,0.01661,-0.99054,0.08620,0.12950,0.01130,-0.98776,-0.22210,-0.12778,-0.00991,0.96656,0.08456,0.15551,0.01336,-0.98412,-0.22042,-0.15386,-0.00835,0.96316,0.00000,0.00000,1.00,1.00
17708,Saccade,7707,0.00,-15.00,0.13629,-0.00083,0.01697,-0.99052,0.08605,0.12982,0.01131,-0.98773,-0.22206,-0.12785,-0.01020,0.96656,0.08440,0.15583,0.01336,-0.98408,-0.22037,-0.15392,-0.00863,0.96316,0.00000,0.00000,1.00,1.00
17719,Saccade,7718,0.00,-15.00,0.13637,-0.00117,0.01708,-0.99051,0.08595,0.13017,0.01133,-0.98769,-0.22206,-0.12786,-0.01024,0.96656,0.08429,0.15617,0.01338,-0.98404,-0.22037,-0.15393,-0.00866,0.96316,0.00000,0.00000,1.00,1.00
17731,Saccade,7730,0.00,-15.00,0.13644,-0.00149,0.01722,-0.99050,0.08585,0.13052,0.01135,-0.98766,-0.22205,-0.12787,-0.01031,0.96656,0.08419,0.15652,0.01339,-0.98399,-0.22036,-0.15394,-0.00873,0.96316,0.00000,0.00000,1.00,1.00
17742,Saccade,7741,0.00,-15.00,0.13654,-0.00185,0.01734,-0.99048,0.08622,0.13112,0.01145,-0.98754,-0.22254,-0.12811,-0.01040,0.96641,0.08456,0.15712,0.01350,-0.98386,-0.22084,-0.15418,-0.00882,0.96301,0.00000,0.00000,1.00,1.00
17753,Saccade,7752,0.00,-15.00,0.13664,-0.00220,0.01751,-0.99046,0.08609,0.13150,0.01146,-0.98750,-0.22253,-0.12813,-0.01048,0.96641,0.08442,0.15749,0.01351,-0.98381,-0.22083,-0.15420,-0.00890,0.96300,0.00000,0.00000,1.00,1.00
17765,Saccade,7763,0.00,-15.00,0.13685,-0.00251,0.01757,-0.99043,0.08612,0.13062,0.01139,-0.98762,-0.22278,-0.12694,-0.01054,0.96651,0.08448,0.15662,0.01345,-0.98395,-0.22111,-0.15302,-0.00896,0.96313,0.00000,0.00000,1.00,1.00
17776,Saccade,7774,0.00,-15.00,0.13707,-0.00283,0.01760,-0.99040,0.08591,0.13093,0.01139,-0.98760,-0.22279,-0.12692,-0.01047,0.96651,0.08427,0.15693,0.01344,-0.98392,-0.22112,-0.15300,-0.00888,0.96313,0.00000,0.00000,1.00,1.00
17786,Saccade,7785,0.00,-15.00,0.13729,-0.00303,0.01752,-0.99037,0.08572,0.13108,0.01138,-0.98759,-0.22281,-0.12689,-0.01031,0.96651,0.08409,0.15708,0.01342,-0.98391,-0.22115,-0.15296,-0.00871,0.96313,0.00000,0.00000,1.00,1.00
17798,Saccade,7797,0.00,-15.00,0.13739,-0.00320,0.01743,-0.99036,0.08564,0.13121,0.01138,-0.98758,-0.22283,-0.12686,-0.01018,0.96652,0.08402,0.15721,0.01343,-0.98389,-0.22117,-0.15293,-0.00858,0.96313,0.00000,0.00000,1.00,1.00
17809,Saccade,7807,0.00,-15.00,0.13746,-0.00339,0.01738,-0.99035,0.08449,0.13115,0.01122,-0.98769,-0.22176,-0.12661,-0.00996,0.96680,0.08290,0.15713,0.01324,-0.98400,-0.22014,-0.15266,-0.00833,0.96341,0.00000,0.00000,1.00,1.00
17820,Saccade,7818,0.00,-15.00,0.13747,-0.00344,0.01727,-0.99035,0.08451,0.13116,0.01122,-0.98769,-0.22178,-0.12658,-0.00985,0.96680,0.08292,0.15714,0.01324,-0.98400,-0.22016,-0.15263,-0.00822,0.96342,0.00000,0.00000,1.00,1.00
17831,Saccade,7830,0.00,-15.00,0.13744,-0.00357,0.01719,-0.99036,0.08457,0.13126,0.01124,-0.98767,-0.22179,-0.12656,-0.00976,0.96680,0.08298,0.15725,0.01326,-0.98398,-0.22017,-0.15261,-0.00814,0.96342,0.00000,0.00000,1.00,1.00
17842,Saccade,7841,0.00,-15.00,0.13750,-0.00365,0.01702,-0.99035,0.08477,0.13144,0.01128,-0.98763,-0.22202,-0.12668,-0.00960,0.96673,0.08318,0.15742,0.01331,-0.98393,-0.22039,-0.15272,-0.00797,0.96335,0.00000,0.00000,1.00,1.00
17853,Saccade,7852,0.00,-15.00,0.13750,-0.00367,0.01711,-0.99035,0.08474,0.13149,0.01128,-0.98762,-0.22201,-0.12670,-0.00968,0.96673,0.08315,0.15746,0.01331,-0.98393,-0.22038,-0.15274,-0.00805,0.96335,0.00000,0.00000,1.00,1.00
17865,Saccade,7863,0.00,-15.00,0.13746,-0.00378,0.01717,-0.99035,0.08477,0.13161,0.01130,-0.98761,-0.22200,-0.12671,-0.00973,0.96673,0.08317,0.15758,0.01332,-0.98391,-0.22037,-0.15275,-0.00811,0.96335,0.00000,0.00000,1.00,1.00
17876,Saccade,7875,0.00,-15.00,0.13747,-0.00385,0.01716,-0.99035,0.08486,0.13129,0.01128,-0.98764,-0.22211,-0.12631,-0.00975,0.96676,0.08325,0.15726,0.01331,-0.98395,-0.22046,-0.15236,-0.00813,0.96339,0.00000,0.00000,1.00,1.00
17886,Saccade,7885,0.00,-15.00,0.13743,-0.00397,0.01725,-0.99035,0.08487,0.13143,0.01129,-0.98762,-0.22210,-0.12633,-0.00982,0.96676,0.08326,0.15740,0.01332,-0.98393,-0.22045,-0.15237,-0.00820,0.96339,0.00000,0.00000,1.00,1.00
17898,Saccade,7897,0.00,-15.00,0.13736,-0.00407,0.01726,-0.99036,0.08494,0.13153,0.01131,-0.98760,-0.22210,-0.12633,-0.00983,0.96676,0.08333,0.15751,0.01334,-0.98391,-0.22045,-0.15238,-0.00822,0.96339,0.00000,0.00000,1.00,1.00
17909,Saccade,7908,0.00,-15.00,0.13742,-0.00420,0.01723,-0.99035,0.08481,0.13046,0.01120,-0.98776,-0.22203,-0.12513,-0.00983,0.96693,0.08321,0.15645,0.01323,-0.98409,-0.22039,-0.15119,-0.00821,0.96359,0.00000,0.00000,1.00,1.00
17920,Saccade,7919,0.00,-15.00,0.13762,-0.00443,0.01714,-0.99033,0.08465,0.13064,0.01120,-0.98775,-0.22205,-0.12509,-0.00966,0.96693,0.08305,0.15663,0.01322,-0.98407,-0.22042,-0.15115,-0.00803,0.96359,0.00000,0.00000,1.00,1.00
17932,Saccade,7930,0.00,-15.00,0.13770,-0.00462,0.01715,-0.99031,0.08457,0.13082,0.01120,-0.98773,-0.22205,-0.12508,-0.00963,0.96693,0.08298,0.15681,0.01322,-0.98405,-0.22043,-0.15114,-0.00800,0.96359,0.00000,0.00000,1.00,1.00
17942,Saccade,7941,0.00,-15.00,0.13753,-0.00483,0.01743,-0.99033,0.08434,0.13080,0.01117,-0.98775,-0.22170,-0.12483,-0.00988,0.96704,0.08274,0.15679,0.01318,-0.98407,-0.22007,-0.15089,-0.00824,0.96371,0.00000,0.00000,1.00,1.00
17953,Saccade,7952,0.00,-15.00,0.13735,-0.00503,0.01785,-0.99035,0.08440,0.13113,0.01121,-0.98770,-0.22165,-0.12493,-0.01029,0.96704,0.08278,0.15711,0.01322,-0.98402,-0.22001,-0.15098,-0.00866,0.96370,0.00000,0.00000,1.00,1.00
17965,Saccade,7963,0.00,-15.00,0.13720,-0.00511,0.01785,-0.99037,0.08462,0.13200,0.01131,-0.98757,-0.22172,-0.12573,-0.01029,0.96692,0.08298,0.15796,0.01332,-0.98386,-0.22006,-0.15176,-0.00866,0.96357,0.00000,0.00000,1.00,1.00
17976,Saccade,7974,0.00,-15.00,0.13721,-0.00521,0.01786,-0.99037,0.08461,0.13210,0.01132,-0.98755,-0.22172,-0.12573,-0.01028,0.96692,0.08297,0.15806,0.01333,-0.98385,-0.22006,-0.15176,-0.00866,0.96357,0.00000,0.00000,1.00,1.00
17986,Saccade,7985,0.00,-15.00,0.13724,-0.00533,0.01769,-0.99037,0.08463,0.13217,0.01133,-0.98754,-0.22174,-0.12568,-0.01010,0.96692,0.08300,0.15813,0.01334,-0.98383,-0.22009,-0.15172,-0.00848,0.96357,0.00000,0.00000,1.00,1.00
17998,Saccade,7997,0.00,-15.00,0.13734,-0.00556,0.01752,-0.99035,0.08541,0.13179,0.01140,-0.98753,-0.22258,-0.12510,-0.01002,0.96680,0.08379,0.15776,0.01344,-0.98383,-0.22094,-0.15114,-0.00842,0.96347,0.00000,0.00000,1.00,1.00
18009,Saccade,8008,0.00,-15.00,0.13749,-0.00569,0.01739,-0.99033,0.08530,0.13187,0.01139,-0.98752,-0.22261,-0.12505,-0.00984,0.96680,0.08369,0.15784,0.01343,-0.98382,-0.22097,-0.15110,-0.00823,0.96347,0.00000,0.00000,1.00,1.00
18020,Saccade,8019,0.00,-15.00,0.13755,-0.00573,0.01732,-0.99033,0.08526,0.13188,0.01139,-0.98753,-0.22262,-0.12503,-0.00975,0.96681,0.08365,0.15785,0.01342,-0.98382,-0.22098,-0.15108,-0.00814,0.96347,0.00000,0.00000,1.00,1.00
18034,Saccade,8033,0.00,0.00,0.13767,-0.00580,0.01736,-0.99031,0.08516,0.13176,0.01136,-0.98755,-0.22265,-0.12485,-0.00976,0.96682,0.08355,0.15773,0.01339,-0.98385,-0.22100,-0.15089,-0.00814,0.96350,0.00000,0.00000,1.00,1.00
18042,Saccade,8041,0.00,0.00,0.13780,-0.00583,0.01726,-0.99029,0.08507,0.13176,0.01135,-0.98756,-0.22267,-0.12482,-0.00963,0.96682,0.08346,0.15772,0.01338,-0.98386,-0.22102,-0.15086,-0.00801,0.96350,0.00000,0.00000,1.00,1.00
18053,Saccade,8052,0.00,0.00,0.13797,-0.00586,0.01720,-0.99027,0.08492,0.13177,0.01133,-0.98757,-0.22268,-0.12479,-0.00953,0.96682,0.08332,0.15773,0.01336,-0.98387,-0.22104,-0.15083,-0.00790,0.96350,0.00000,0.00000,1.00,1.00
18065,Saccade,8063,0.00,0.00,0.13814,-0.00591,0.01705,-0.99025,0.08479,0.13175,0.01131,-0.98758,-0.22270,-0.12475,-0.00934,0.96683,0.08320,0.15772,0.01334,-0.98388,-0.22107,-0.15079,-0.00770,0.96350,0.00000,0.00000,1.00,1.00
18076,Saccade,8074,0.00,0.00,0.13822,-0.00595,0.01706,-0.99024,0.08438,0.13178,0.01126,-0.98762,-0.22238,-0.12473,-0.00929,0.96690,0.08278,0.15773,0.01327,-0.98392,-0.22074,-0.15076,-0.00764,0.96358,0.00000,0.00000,1.00,1.00
18087,Saccade,8086,0.00,0.00,0.13823,-0.00586,0.01707,-0.99024,0.08437,0.13169,0.01125,-0.98763,-0.22238,-0.12473,-0.00930,0.96690,0.08277,0.15765,0.01326,-0.98393,-0.22074,-0.15076,-0.00765,0.96358,0.00000,0.00000,1.00,1.00
18099,Saccade,8098,0.00,0.00,0.13821,-0.00576,0.01706,-0.99024,0.08444,0.13251,0.01133,-0.98751,-0.22243,-0.12565,-0.00927,0.96677,0.08282,0.15845,0.01334,-0.98380,-0.22077,-0.15167,-0.00762,0.96343,0.00000,0.00000,1.00,1.00
18110,Saccade,8109,0.00,0.00,0.13809,-0.00561,0.01707,-0.99026,0.08455,0.13238,0.01133,-0.98752,-0.22242,-0.12567,-0.00933,0.96677,0.08293,0.15831,0.01334,-0.98381,-0.22076,-0.15168,-0.00768,0.96343,0.00000,0.00000,1.00,1.00
18121,Saccade,8119,0.00,0.00,0.13809,-0.00543,0.01696,-0.99026,0.08458,0.13217,0.01132,-0.98755,-0.22243,-0.12565,-0.00924,0.96677,0.08296,0.15811,0.01333,-0.98384,-0.22077,-0.15166,-0.00760,0.96343,0.00000,0.00000,1.00,1.00
18132,Saccade,8131,0.00,0.00,0.13812,-0.00514,0.01667,-0.99026,0.08440,0.13195,0.01128,-0.98759,-0.22224,-0.12574,-0.00897,0.96681,0.08279,0.15789,0.01329,-0.98389,-0.22058,-0.15175,-0.00733,0.96346,0.00000,0.00000,1.00,1.00
18143,Saccade,8142,0.00,0.00,0.13798,-0.00490,0.01654,-0.99028,0.08456,0.13169,0.01127,-0.98761,-0.22224,-0.12572,-0.00891,0.96681,0.08296,0.15763,0.01329,-0.98392,-0.22059,-0.15174,-0.00727,0.96347,0.00000,0.00000,1.00,1.00
18154,Saccade,8152,0.00,0.00,0.13808,-0.00467,0.01687,-0.99027,0.08438,0.13156,0.01124,-0.98765,-0.22220,-0.12580,-0.00923,0.96681,0.08276,0.15750,0.01325,-0.98396,-0.22054,-0.15181,-0.00758,0.96346,0.00000,0.00000,1.00,1.00
18165,Saccade,8164,0.00,0.00,0.13832,-0.00453,0.01736,-0.99022,0.08399,0.13148,0.01118,-0.98769,-0.22213,-0.12581,-0.00965,0.96682,0.08235,0.15742,0.01317,-0.98400,-0.22045,-0.15182,-0.00798,0.96348,0.00000,0.00000,1.00,1.00
18176,Saccade,8175,0.00,0.00,0.13861,-0.00467,0.01770,-0.99018,0.08363,0.13170,0.01115,-0.98769,-0.22209,-0.12586,-0.00988,0.96682,0.08198,0.15764,0.01313,-0.98400,-0.22042,-0.15187,-0.00819,0.96348,0.00000,0.00000,1.00,1.00
18187,Saccade,8186,0.00,0.00,0.13879,-0.00478,0.01757,-0.99015,0.08348,0.13176,0.01114,-0.98770,-0.22212,-0.12582,-0.00970,0.96682,0.08184,0.15770,0.01312,-0.98400,-0.22045,-0.15183,-0.00800,0.96348,0.00000,0.00000,1.00,1.00
18199,Saccade,8198,0.00,0.00,0.13872,-0.00495,0.01733,-0.99017,0.08362,0.13185,0.01116,-0.98767,-0.22215,-0.12577,-0.00946,0.96682,0.08199,0.15779,0.01315,-0.98397,-0.22048,-0.15177,-0.00777,0.96348,0.00000,0.00000,1.00,1.00
18209,Saccade,8208,0.00,0.00,0.13865,-0.00497,0.01730,-0.99018,0.08372,0.13213,0.01120,-0.98763,-0.22218,-0.12603,-0.00944,0.96678,0.08211,0.15808,0.01319,-0.98392,-0.22053,-0.15204,-0.00776,0.96343,0.00000,0.00000,1.00,1.00
18220,Saccade,8219,0.00,0.00,0.13853,-0.00498,0.01737,-0.99019,0.08382,0.13217,0.01122,-0.98761,-0.22217,-0.12605,-0.00953,0.96678,0.08220,0.15812,0.01321,-0.98390,-0.22051,-0.15206,-0.00786,0.96343,0.00000,0.00000,1.00,1.00
18232,Saccade,8231,0.00,0.00,0.13844,-0.00496,0.01749,-0.99020,0.08388,0.13219,0.01123,-0.98761,-0.22215,-0.12609,-0.00967,0.96678,0.08225,0.15813,0.01322,-0.98390,-0.22049,-0.15210,-0.00800,0.96342,0.00000,0.00000,1.00,1.00
18242,Saccade,8241,0.00,0.00,0.13835,-0.00482,0.01761,-0.99022,0.08416,0.13205,0.01125,-0.98760,-0.22235,-0.12607,-0.00986,0.96673,0.08253,0.15799,0.01325,-0.98390,-0.22069,-0.15208,-0.00819,0.96338,0.00000,0.00000,1.00,1.00
18254,Saccade,8252,0.00,0.00,0.13835,-0.00469,0.01774,-0.99021,0.08412,0.13196,0.01124,-0.98762,-0.22233,-0.12610,-0.01000,0.96673,0.08249,0.15790,0.01324,-0.98391,-0.22067,-0.15211,-0.00833,0.96338,0.00000,0.00000,1.00,1.00
18265,Saccade,8264,0.00,0.00,0.13840,-0.00442,0.01789,-0.99021,0.08404,0.13175,0.01121,-0.98765,-0.22231,-0.12614,-0.01016,0.96673,0.08240,0.15770,0.01321,-0.98396,-0.22064,-0.15215,-0.00849,0.96338,0.00000,0.00000,1.00,1.00
18276,Saccade,8275,0.00,0.00,0.13844,-0.00440,0.01815,-0.99019,0.08524,0.11871,0.01023,-0.98921,-0.22355,-0.11306,-0.01127,0.96805,0.08371,0.14490,0.01230,-0.98582,-0.22205,-0.13933,-0.00964,0.96498,0.00000,0.00000,1.00,1.00
18287,Saccade,8286,0.00,0.00,0.13840,-0.00423,0.01840,-0.99020,0.08522,0.11862,0.01022,-0.98922,-0.22352,-0.11312,-0.01154,0.96804,0.08368,0.14482,0.01229,-0.98584,-0.22201,-0.13939,-0.00991,0.96498,0.00000,0.00000,1.00,1.00
18299,Saccade,8298,0.00,0.00,0.13837,-0.00407,0.01861,-0.99020,0.08554,0.02322,0.00199,-0.99606,-0.22297,-0.01762,-0.01695,0.97452,0.08507,0.05050,0.00432,-0.99509,-0.22288,-0.04497,-0.01546,0.97369,0.00000,0.00000,1.00,1.00
18310,Saccade,8308,0.00,0.00,0.13841,-0.00391,0.01864,-0.99019,0.08550,0.02307,0.00198,-0.99607,-0.22297,-0.01763,-0.01700,0.97452,0.08503,0.05035,0.00430,-0.99510,-0.22288,-0.04498,-0.01550,0.97369,0.00000,0.00000,1.00,1.00
18321,Saccade,8319,0.00,0.00,0.13836,-0.00381,0.01869,-0.99020,0.08555,0.02300,0.00198,-0.99607,-0.22296,-0.01765,-0.01707,0.97452,0.08507,0.05028,0.00430,-0.99510,-0.22287,-0.04500,-0.01558,0.97368,0.00000,0.00000,1.00,1.00
18332,Saccade,8331,0.00,0.00,0.13827,-0.00365,0.01869,-0.99021,0.08566,0.02196,0.00189,-0.99608,-0.22297,-0.01677,-0.01714,0.97453,0.08522,0.04925,0.00422,-0.99514,-0.22292,-0.04413,-0.01566,0.97371,0.00000,0.00000,1.00,1.00
18343,Saccade,8342,0.00,0.00,0.13823,-0.00349,0.01861,-0.99022,0.08570,0.02179,0.00187,-0.99608,-0.22297,-0.01676,-0.01708,0.97453,0.08526,0.04908,0.00421,-0.99514,-0.22292,-0.04412,-0.01560,0.97371,0.00000,0.00000,1.00,1.00
18354,Saccade,8353,0.00,0.00,0.13815,-0.00343,0.01865,-0.99023,0.08578,0.02175,0.00187,-0.99607,-0.22297,-0.01677,-0.01713,0.97453,0.08534,0.04904,0.00421,-0.99514,-0.22292,-0.04413,-0.01565,0.97371,0.00000,0.00000,1.00,1.00
18366,Saccade,8365,0.00,0.00,0.13803,-0.00340,0.01882,-0.99024,0.08869,0.02158,0.00192,-0.99582,-0.22568,-0.01657,-0.01737,0.97391,0.08824,0.04889,0.00434,-0.99489,-0.22564,-0.04396,-0.01597,0.97309,0.00000,0.00000,1.00,1.00
18377,Saccade,8375,0.00,0.00,0.13802,-0.00349,0.01904,-0.99024,0.08868,0.02172,0.00193,-0.99582,-0.22568,-0.01662,-0.01757,0.97390,0.08822,0.04904,0.00435,-0.99488,-0.22563,-0.04401,-0.01618,0.97308,0.00000,0.00000,1.00,1.00
18388,Saccade,8386,0.00,0.00,0.13801,-0.00348,0.01902,-0.99024,0.08870,0.02171,0.00193,-0.99582,-0.22568,-0.01661,-0.01755,0.97390,0.08824,0.04902,0.00435,-0.99488,-0.22563,-0.04401,-0.01616,0.97309,0.00000,0.00000,1.00,1.00
18399,Saccade,8398,0.00,0.00,0.13804,-0.00371,0.01896,-0.99024,0.08852,0.02082,0.00185,-0.99586,-0.22553,-0.01551,-0.01751,0.97396,0.08810,0.04814,0.00426,-0.99494,-0.22551,-0.04290,-0.01611,0.97316,0.00000,0.00000,1.00,1.00
18410,Saccade,8408,0.00,0.00,0.13810,-0.00391,0.01870,-0.99023,0.08847,0.02094,0.00186,-0.99586,-0.22553,-0.01544,-0.01723,0.97396,0.08806,0.04826,0.00427,-0.99494,-0.22552,-0.04284,-0.01583,0.97317,0.00000,0.00000,1.00,1.00
18421,Saccade,8420,0.00,0.00,0.13811,-0.00430,0.01836,-0.99024,0.08847,0.02121,0.00188,-0.99585,-0.22554,-0.01535,-0.01684,0.97397,0.08809,0.04853,0.00430,-0.99492,-0.22554,-0.04275,-0.01544,0.97317,0.00000,0.00000,1.00,1.00
18433,Saccade,8431,0.00,0.00,0.13815,-0.00461,0.01830,-0.99023,0.08602,0.02106,0.00182,-0.99607,-0.22319,-0.01494,-0.01672,0.97452,0.08566,0.04836,0.00416,-0.99514,-0.22320,-0.04231,-0.01525,0.97373,0.00000,0.00000,1.00,1.00
18443,Saccade,8442,0.00,0.00,0.13808,-0.00490,0.01842,-0.99024,0.08609,0.02138,0.00185,-0.99606,-0.22318,-0.01496,-0.01681,0.97452,0.08571,0.04868,0.00419,-0.99512,-0.22320,-0.04233,-0.01534,0.97373,0.00000,0.00000,1.00,1.00
18454,Saccade,8453,0.00,0.00,0.13794,-0.00518,0.01860,-0.99025,0.08622,0.02170,0.00188,-0.99604,-0.22318,-0.01499,-0.01694,0.97451,0.08584,0.04900,0.00423,-0.99509,-0.22319,-0.04236,-0.01549,0.97373,0.00000,0.00000,1.00,1.00
18466,Saccade,8465,0.00,0.00,0.13779,-0.00545,0.01877,-0.99027,0.08636,0.02203,0.00191,-0.99602,-0.22318,-0.01502,-0.01708,0.97451,0.08597,0.04933,0.00426,-0.99507,-0.22319,-0.04239,-0.01564,0.97373,0.00000,0.00000,1.00,1.00
18477,Saccade,8475,0.00,0.00,0.13768,-0.00574,0.01874,-0.99028,0.08646,0.02023,0.00176,-0.99605,-0.22314,-0.01294,-0.01712,0.97455,0.08608,0.04754,0.00411,-0.99515,-0.22317,-0.04033,-0.01568,0.97382,0.00000,0.00000,1.00,1.00
18488,Saccade,8486,0.00,0.00,0.13770,-0.00591,0.01863,-0.99028,0.08644,0.02036,0.00177,-0.99605,-0.22315,-0.01291,-0.01699,0.97455,0.08606,0.04767,0.00412,-0.99514,-0.22317,-0.04030,-0.01554,0.97382,0.00000,0.00000,1.00,1.00
18500,Saccade,8498,0.00,0.00,0.13774,-0.00608,0.01859,-0.99027,0.08878,0.01195,0.00107,-0.99598,-0.22534,-0.00428,-0.01738,0.97412,0.08849,0.03931,0.00349,-0.99529,-0.22548,-0.03171,-0.01601,0.97360,0.00000,0.00000,1.00,1.00
18510,Saccade,8509,0.00,0.00,0.13779,-0.00617,0.01856,-0.99027,0.08874,0.01203,0.00107,-0.99598,-0.22534,-0.00427,-0.01734,0.97412,0.08845,0.03938,0.00350,-0.99530,-0.22548,-0.03171,-0.01597,0.97360,0.00000,0.00000,1.00,1.00
18521,Saccade,8520,0.00,0.00,0.13782,-0.00631,0.01859,-0.99026,0.08870,0.01218,0.00108,-0.99598,-0.22534,-0.00427,-0.01735,0.97412,0.08842,0.03953,0.00351,-0.99529,-0.22548,-0.03171,-0.01597,0.97360,0.00000,0.00000,1.00,1.00
18533,Saccade,8532,0.00,0.00,0.13789,-0.00634,0.01862,-0.99025,0.08854,0.01160,0.00103,-0.99600,-0.22523,-0.00366,-0.01741,0.97414,0.08825,0.03896,0.00345,-0.99533,-0.22537,-0.03110,-0.01603,0.97364,0.00000,0.00000,1.00,1.00
18543,Saccade,8542,0.00,0.00,0.13788,-0.00637,0.01856,-0.99025,0.08854,0.01161,0.00103,-0.99600,-0.22523,-0.00365,-0.01734,0.97414,0.08825,0.03897,0.00345,-0.99533,-0.22538,-0.03108,-0.01596,0.97365,0.00000,0.00000,1.00,1.00
18555,Saccade,8553,0.00,0.00,0.13789,-0.00639,0.01841,-0.99026,0.08854,0.01158,0.00103,-0.99600,-0.22523,-0.00361,-0.01719,0.97415,0.08826,0.03893,0.00345,-0.99533,-0.22538,-0.03105,-0.01581,0.97365,0.00000,0.00000,1.00,1.00
18566,Saccade,8565,0.00,0.00,0.13784,-0.00628,0.01816,-0.99027,0.08824,0.00961,0.00085,-0.99605,-0.22486,-0.00177,-0.01705,0.97424,0.08798,0.03697,0.00327,-0.99543,-0.22503,-0.02921,-0.01566,0.97379,0.00000,0.00000,1.00,1.00
18577,Saccade,8576,0.00,0.00,0.13779,-0.00608,0.01787,-0.99028,0.08830,0.00933,0.00083,-0.99605,-0.22486,-0.00171,-0.01679,0.97425,0.08806,0.03669,0.00325,-0.99543,-0.22504,-0.02915,-0.01541,0.97379,0.00000,0.00000,1.00,1.00
18588,Saccade,8587,0.00,0.00,0.13804,-0.00607,0.01785,-0.99025,0.08805,0.00930,0.00082,-0.99607,-0.22486,-0.00171,-0.01677,0.97425,0.08781,0.03666,0.00323,-0.99546,-0.22504,-0.02914,-0.01538,0.97379,0.00000,0.00000,1.00,1.00
18600,Saccade,8598,0.00,0.00,0.13819,-0.00607,0.01802,-0.99022,0.08760,0.00975,0.00086,-0.99611,-0.22458,-0.00215,-0.01692,0.97431,0.08734,0.03711,0.00326,-0.99548,-0.22474,-0.02958,-0.01550,0.97385,0.00000,0.00000,1.00,1.00
18610,Saccade,8609,0.00,0.00,0.13834,-0.00606,0.01854,-0.99019,0.08745,0.00990,0.00087,-0.99612,-0.22458,-0.00227,-0.01743,0.97430,0.08715,0.03725,0.00326,-0.99549,-0.22472,-0.02969,-0.01601,0.97384,0.00000,0.00000,1.00,1.00
18621,Saccade,8620,0.00,0.00,0.13825,-0.00612,0.01904,-0.99020,0.08753,0.01012,0.00089,-0.99611,-0.22458,-0.00238,-0.01791,0.97429,0.08720,0.03747,0.00328,-0.99548,-0.22471,-0.02980,-0.01649,0.97383,0.00000,0.00000,1.00,1.00
18633,Saccade,8632,0.00,0.00,0.13815,-0.00602,0.01920,-0.99021,0.08780,0.01013,0.00089,-0.99609,-0.22475,-0.00247,-0.01808,0.97424,0.08747,0.03748,0.00329,-0.99546,-0.22488,-0.02989,-0.01667,0.97379,0.00000,0.00000,1.00,1.00
18644,Saccade,8643,0.00,0.00,0.13828,-0.00589,0.01899,-0.99019,0.08768,0.00993,0.00087,-0.99610,-0.22475,-0.00242,-0.01789,0.97425,0.08736,0.03728,0.00327,-0.99547,-0.22488,-0.02985,-0.01647,0.97379,0.00000,0.00000,1.00,1.00
18655,Saccade,8654,0.00,0.00,0.13843,-0.00579,0.01890,-0.99018,0.08753,0.00981,0.00086,-0.99611,-0.22475,-0.00241,-0.01782,0.97425,0.08722,0.03716,0.00326,-0.99549,-0.22489,-0.02983,-0.01639,0.97379,0.00000,0.00000,1.00,1.00
18667,Saccade,8666,0.00,0.00,0.13861,-0.00560,0.01871,-0.99015,0.08755,0.00951,0.00084,-0.99611,-0.22495,-0.00232,-0.01766,0.97421,0.08727,0.03687,0.00323,-0.99550,-0.22511,-0.02975,-0.01623,0.97374,0.00000,0.00000,1.00,1.00
18677,Saccade,8676,0.00,0.00,0.13864,-0.00540,0.01876,-0.99015,0.08752,0.00934,0.00082,-0.99612,-0.22495,-0.00234,-0.01773,0.97421,0.08724,0.03669,0.00322,-0.99551,-0.22511,-0.02976,-0.01630,0.97374,0.00000,0.00000,1.00,1.00
18688,Saccade,8687,0.00,0.00,0.13860,-0.00516,0.01883,-0.99016,0.08757,0.00913,0.00080,-0.99612,-0.22495,-0.00236,-0.01783,0.97420,0.08729,0.03649,0.00320,-0.99551,-0.22510,-0.02979,-0.01640,0.97374,0.00000,0.00000,1.00,1.00
18700,Saccade,8699,0.00,0.00,0.13866,-0.00484,0.01876,-0.99015,0.08769,0.00757,0.00067,-0.99612,-0.22510,-0.00112,-0.01788,0.97417,0.08742,0.03493,0.00307,-0.99555,-0.22528,-0.02855,-0.01645,0.97374,0.00000,0.00000,1.00,1.00
18711,Saccade,8709,0.00,0.00,0.13856,-0.00453,0.01855,-0.99017,0.08780,0.00720,0.00063,-0.99611,-0.22510,-0.00108,-0.01771,0.97417,0.08754,0.03456,0.00304,-0.99556,-0.22528,-0.02851,-0.01629,0.97374,0.00000,0.00000,1.00,1.00
18722,Saccade,8720,0.00,0.00,0.13851,-0.00426,0.01841,-0.99018,0.08786,0.00690,0.00061,-0.99611,-0.22510,-0.00105,-0.01761,0.97418,0.08761,0.03426,0.00302,-0.99556,-0.22529,-0.02849,-0.01619,0.97374,0.00000,0.00000,1.00,1.00
18734,Saccade,8732,0.00,0.00,0.13842,-0.00404,0.01814,-0.99020,0.08707,0.00622,0.00054,-0.99618,-0.22423,-0.00063,-0.01740,0.97438,0.08685,0.03358,0.00293,-0.99565,-0.22444,-0.02805,-0.01597,0.97395,0.00000,0.00000,1.00,1.00
18744,Saccade,8743,0.00,0.00,0.13840,-0.00387,0.01787,-0.99021,0.08710,0.00597,0.00052,-0.99618,-0.22423,-0.00057,-0.01716,0.97439,0.08689,0.03333,0.00291,-0.99566,-0.22444,-0.02800,-0.01573,0.97396,0.00000,0.00000,1.00,1.00
18755,Saccade,8754,0.00,0.00,0.13839,-0.00363,0.01766,-0.99021,0.08711,0.00567,0.00050,-0.99618,-0.22423,-0.00053,-0.01699,0.97439,0.08691,0.03303,0.00288,-0.99566,-0.22445,-0.02796,-0.01556,0.97396,0.00000,0.00000,1.00,1.00
18767,Saccade,8766,0.00,0.00,0.13833,-0.00360,0.01765,-0.99022,0.08607,0.00643,0.00056,-0.99627,-0.22316,-0.00135,-0.01693,0.97463,0.08586,0.03379,0.00291,-0.99573,-0.22336,-0.02876,-0.01547,0.97419,0.00000,0.00000,1.00,1.00
18777,Saccade,8776,0.00,0.00,0.13802,-0.00341,0.01765,-0.99027,0.08638,0.00626,0.00054,-0.99624,-0.22316,-0.00135,-0.01696,0.97463,0.08617,0.03361,0.00291,-0.99571,-0.22336,-0.02877,-0.01552,0.97419,0.00000,0.00000,1.00,1.00
18789,Saccade,8787,0.00,0.00,0.13807,-0.00329,0.01749,-0.99026,0.08633,0.00609,0.00053,-0.99625,-0.22316,-0.00132,-0.01682,0.97464,0.08612,0.03345,0.00289,-0.99572,-0.22336,-0.02874,-0.01538,0.97419,0.00000,0.00000,1.00,1.00
18801,Saccade,8799,0.00,0.00,0.13812,-0.00314,0.01737,-0.99026,0.08611,0.00727,0.00063,-0.99626,-0.22301,-0.00266,-0.01665,0.97467,0.08588,0.03462,0.00299,-0.99570,-0.22318,-0.03007,-0.01520,0.97419,0.00000,0.00000,1.00,1.00
18811,Saccade,8810,0.00,0.00,0.13812,-0.00305,0.01729,-0.99026,0.08611,0.00715,0.00062,-0.99626,-0.22301,-0.00264,-0.01659,0.97467,0.08589,0.03450,0.00298,-0.99570,-0.22319,-0.03006,-0.01514,0.97419,0.00000,0.00000,1.00,1.00
18822,Saccade,8821,0.00,0.00,0.13809,-0.00308,0.01750,-0.99026,0.08615,0.00725,0.00063,-0.99626,-0.22301,-0.00269,-0.01678,0.97467,0.08591,0.03460,0.00299,-0.99570,-0.22318,-0.03010,-0.01533,0.97419,0.00000,0.00000,1.00,1.00
18834,Saccade,8833,0.00,0.00,0.13810,-0.00301,0.01749,-0.99026,0.08833,0.00770,0.00068,-0.99606,-0.22516,-0.00317,-0.01677,0.97417,0.08807,0.03506,0.00310,-0.99549,-0.22532,-0.03061,-0.01537,0.97368,0.00000,0.00000,1.00,1.00
18844,Saccade,8843,0.00,0.00,0.13820,-0.00300,0.01738,-0.99025,0.08824,0.00766,0.00068,-0.99607,-0.22517,-0.00315,-0.01666,0.97417,0.08799,0.03502,0.00310,-0.99550,-0.22532,-0.03059,-0.01527,0.97368,0.00000,0.00000,1.00,1.00
18855,Saccade,8854,0.00,0.00,0.13841,-0.00302,0.01722,-0.99022,0.08802,0.00762,0.00067,-0.99609,-0.22517,-0.00311,-0.01650,0.97418,0.08778,0.03498,0.00308,-0.99552,-0.22533,-0.03055,-0.01509,0.97369,0.00000,0.00000,1.00,1.00
18867,Saccade,8866,0.00,0.00,0.13876,-0.00316,0.01713,-0.99017,0.08767,0.00771,0.00068,-0.99612,-0.22517,-0.00309,-0.01639,0.97418,0.08744,0.03507,0.00308,-0.99555,-0.22533,-0.03052,-0.01496,0.97369,0.00000,0.00000,1.00,1.00
18878,Saccade,8876,0.00,0.00,0.13884,-0.00322,0.01705,-0.99016,0.08759,0.00746,0.00066,-0.99613,-0.22516,-0.00279,-0.01631,0.97418,0.08736,0.03483,0.00306,-0.99556,-0.22533,-0.03022,-0.01488,0.97370,0.00000,0.00000,1.00,1.00
18889,Saccade,8888,0.00,0.00,0.13886,-0.00327,0.01716,-0.99016,0.08757,0.00755,0.00066,-0.99613,-0.22516,-0.00281,-0.01642,0.97418,0.08733,0.03491,0.00306,-0.99556,-0.22533,-0.03024,-0.01499,0.97370,0.00000,0.00000,1.00,1.00
18901,Saccade,8899,0.00,0.00,0.13885,-0.00319,0.01715,-0.99016,0.08766,0.00588,0.00052,-0.99613,-0.22521,-0.00121,-0.01650,0.97417,0.08743,0.03325,0.00292,-0.99561,-0.22539,-0.02865,-0.01507,0.97373,0.00000,0.00000,1.00,1.00
18911,Saccade,8910,0.00,0.00,0.13872,-0.00309,0.01717,-0.99018,0.08779,0.00579,0.00051,-0.99612,-0.22521,-0.00122,-0.01654,0.97417,0.08756,0.03316,0.00292,-0.99560,-0.22539,-0.02866,-0.01512,0.97373,0.00000,0.00000,1.00,1.00
18922,Saccade,8921,0.00,0.00,0.13863,-0.00293,0.01715,-0.99019,0.08788,0.00563,0.00050,-0.99612,-0.22521,-0.00122,-0.01654,0.97417,0.08765,0.03300,0.00291,-0.99560,-0.22538,-0.02866,-0.01512,0.97373,0.00000,0.00000,1.00,1.00
18934,Saccade,8933,0.00,0.00,0.13861,-0.00276,0.01705,-0.99020,0.08645,0.00548,0.00048,-0.99624,-0.22379,-0.00127,-0.01646,0.97450,0.08623,0.03284,0.00284,-0.99573,-0.22398,-0.02869,-0.01500,0.97406,0.00000,0.00000,1.00,1.00
18944,Saccade,8943,0.00,0.00,0.13872,-0.00252,0.01678,-0.99019,0.08635,0.00516,0.00045,-0.99625,-0.22379,-0.00121,-0.01622,0.97450,0.08615,0.03252,0.00281,-0.99575,-0.22398,-0.02864,-0.01476,0.97406,0.00000,0.00000,1.00,1.00
18955,Saccade,8954,0.00,0.00,0.13880,-0.00241,0.01644,-0.99018,0.08628,0.00495,0.00043,-0.99626,-0.22379,-0.00114,-0.01591,0.97451,0.08609,0.03231,0.00279,-0.99576,-0.22399,-0.02856,-0.01445,0.97407,0.00000,0.00000,1.00,1.00
18967,Saccade,8966,0.00,0.00,0.13881,-0.00230,0.01627,-0.99018,0.08629,0.00418,0.00036,-0.99626,-0.22380,-0.00050,-0.01578,0.97451,0.08611,0.03154,0.00273,-0.99578,-0.22400,-0.02792,-0.01432,0.97408,0.00000,0.00000,1.00,1.00
18978,Saccade,8977,0.00,0.00,0.13865,-0.00224,0.01605,-0.99021,0.08644,0.00406,0.00035,-0.99625,-0.22380,-0.00045,-0.01559,0.97451,0.08628,0.03142,0.00272,-0.99577,-0.22401,-0.02788,-0.01413,0.97409,0.00000,0.00000,1.00,1.00
18989,Saccade,8988,0.00,0.00,0.13840,-0.00211,0.01593,-0.99025,0.08671,0.00391,0.00034,-0.99623,-0.22380,-0.00043,-0.01548,0.97451,0.08654,0.03127,0.00272,-0.99575,-0.22401,-0.02786,-0.01405,0.97409,0.00000,0.00000,1.00,1.00
19001,Saccade,9000,0.00,0.00,0.13818,-0.00205,0.01578,-0.99028,0.08693,0.00237,0.00021,-0.99621,-0.22378,0.00104,-0.01542,0.97452,0.08678,0.02974,0.00259,-0.99578,-0.22400,-0.02639,-0.01400,0.97413,0.00000,0.00000,1.00,1.00
19011,Saccade,9009,0.00,0.00,0.13802,-0.00208,0.01558,-0.99030,0.08709,0.00233,0.00020,-0.99620,-0.22378,0.00109,-0.01522,0.97452,0.08695,0.02970,0.00259,-0.99577,-0.22401,-0.02635,-0.01380,0.97413,0.00000,0.00000,1.00,1.00
19022,Saccade,9021,0.00,0.00,0.13791,-0.00203,0.01526,-0.99032,0.08721,0.00219,0.00019,-0.99619,-0.22378,0.00116,-0.01492,0.97452,0.08708,0.02956,0.00258,-0.99576,-0.22402,-0.02628,-0.01350,0.97414,0.00000,0.00000,1.00,1.00
19034,Saccade,9033,0.00,0.00,0.13789,-0.00215,0.01488,-0.99033,0.08833,0.00258,0.00023,-0.99609,-0.22486,0.00087,-0.01451,0.97428,0.08819,0.02996,0.00265,-0.99565,-0.22507,-0.02658,-0.01313,0.97389,0.00000,0.00000,1.00,1.00
19044,Saccade,9043,0.00,0.00,0.13786,-0.00221,0.01464,-0.99034,0.08835,0.00256,0.00023,-0.99609,-0.22486,0.00093,-0.01426,0.97429,0.08823,0.02994,0.00265,-0.99565,-0.22508,-0.02653,-0.01289,0.97389,0.00000,0.00000,1.00,1.00
19056,Saccade,9054,0.00,0.00,0.13784,-0.00232,0.01445,-0.99035,0.08838,0.00261,0.00023,-0.99608,-0.22486,0.00097,-0.01406,0.97429,0.08826,0.02999,0.00266,-0.99564,-0.22509,-0.02648,-0.01268,0.97390,0.00000,0.00000,1.00,1.00
19068,Saccade,9066,0.00,0.00,0.13784,-0.00236,0.01442,-0.99035,0.08838,0.00264,0.00023,-0.99608,-0.22486,0.00098,-0.01403,0.97429,0.08826,0.03002,0.00266,-0.99564,-0.22509,-0.02647,-0.01265,0.97390,0.00000,0.00000,1.00,1.00
19078,Saccade,9077,0.00,0.00,0.13781,-0.00251,0.01432,-0.99035,0.08757,0.00402,0.00035,-0.99615,-0.22407,-0.00028,-0.01384,0.97448,0.08741,0.03140,0.00276,-0.99567,-0.22424,-0.02772,-0.01244,0.97406,0.00000,0.00000,1.00,1.00
19089,Saccade,9088,0.00,0.00,0.13779,-0.00254,0.01430,-0.99036,0.08759,0.00405,0.00036,-0.99615,-0.22407,-0.00027,-0.01381,0.97448,0.08744,0.03142,0.00276,-0.99567,-0.22424,-0.02771,-0.01242,0.97406,0.00000,0.00000,1.00,1.00
19101,Saccade,9100,0.00,0.00,0.13788,-0.00257,0.01417,-0.99034,0.08780,0.00407,0.00036,-0.99613,-0.22435,-0.00028,-0.01369,0.97441,0.08762,0.03145,0.00277,-0.99565,-0.22450,-0.02772,-0.01229,0.97400,0.00000,0.00000,1.00,1.00
19111,Saccade,9110,0.00,0.00,0.13794,-0.00259,0.01411,-0.99034,0.08773,0.00407,0.00036,-0.99614,-0.22435,-0.00026,-0.01362,0.97441,0.08755,0.03144,0.00276,-0.99566,-0.22450,-0.02770,-0.01222,0.97400,0.00000,0.00000,1.00,1.00
19122,Saccade,9121,0.00,0.00,0.13811,-0.00261,0.01393,-0.99032,0.08757,0.00403,0.00035,-0.99615,-0.22435,-0.00022,-0.01344,0.97442,0.08740,0.03140,0.00276,-0.99567,-0.22451,-0.02766,-0.01204,0.97401,0.00000,0.00000,1.00,1.00
19134,Saccade,9133,0.00,0.00,0.13822,-0.00270,0.01380,-0.99030,0.08700,0.00317,0.00028,-0.99620,-0.22389,0.00071,-0.01335,0.97452,0.08683,0.03054,0.00266,-0.99575,-0.22405,-0.02672,-0.01193,0.97414,0.00000,0.00000,1.00,1.00
19145,Saccade,9143,0.00,0.00,0.13832,-0.00283,0.01378,-0.99029,0.08689,0.00329,0.00029,-0.99621,-0.22389,0.00072,-0.01331,0.97452,0.08672,0.03066,0.00267,-0.99576,-0.22405,-0.02671,-0.01188,0.97414,0.00000,0.00000,1.00,1.00
19156,Saccade,9154,0.00,0.00,0.13849,-0.00293,0.01369,-0.99026,0.08672,0.00335,0.00029,-0.99623,-0.22389,0.00075,-0.01320,0.97452,0.08656,0.03072,0.00267,-0.99577,-0.22405,-0.02669,-0.01176,0.97414,0.00000,0.00000,1.00,1.00
19168,Saccade,9166,0.00,0.00,0.13877,-0.00320,0.01359,-0.99023,0.08666,0.00131,0.00011,-0.99624,-0.22407,0.00306,-0.01320,0.97448,0.08651,0.02868,0.00249,-0.99584,-0.22425,-0.02438,-0.01175,0.97416,0.00000,0.00000,1.00,1.00
19178,Saccade,9177,0.00,0.00,0.13911,-0.00342,0.01342,-0.99018,0.08631,0.00146,0.00013,-0.99627,-0.22407,0.00310,-0.01300,0.97448,0.08617,0.02883,0.00249,-0.99586,-0.22426,-0.02433,-0.01153,0.97416,0.00000,0.00000,1.00,1.00
19189,Saccade,9188,0.00,0.00,0.13925,-0.00365,0.01328,-0.99016,0.08617,0.00163,0.00014,-0.99628,-0.22407,0.00314,-0.01283,0.97448,0.08604,0.02900,0.00251,-0.99587,-0.22426,-0.02429,-0.01136,0.97416,0.00000,0.00000,1.00,1.00
19201,Saccade,9200,0.00,0.00,0.13935,-0.00383,0.01321,-0.99015,0.08654,0.00374,0.00032,-0.99624,-0.22456,0.00121,-0.01263,0.97438,0.08638,0.03111,0.00270,-0.99577,-0.22470,-0.02621,-0.01116,0.97401,0.00000,0.00000,1.00,1.00
19211,Saccade,9210,0.00,0.00,0.13935,-0.00384,0.01296,-0.99015,0.08654,0.00367,0.00032,-0.99624,-0.22456,0.00127,-0.01239,0.97438,0.08639,0.03104,0.00269,-0.99577,-0.22471,-0.02616,-0.01092,0.97401,0.00000,0.00000,1.00,1.00
19222,Saccade,9221,0.00,0.00,0.13941,-0.00366,0.01256,-0.99015,0.08649,0.00336,0.00029,-0.99625,-0.22456,0.00136,-0.01202,0.97438,0.08636,0.03073,0.00266,-0.99579,-0.22472,-0.02607,-0.01055,0.97402,0.00000,0.00000,1.00,1.00
19234,Saccade,9233,0.00,0.00,0.13946,-0.00348,0.01218,-0.99015,0.08692,0.00194,0.00017,-0.99621,-0.22502,0.00258,-0.01173,0.97428,0.08679,0.02931,0.00255,-0.99579,-0.22517,-0.02485,-0.01027,0.97395,0.00000,0.00000,1.00,1.00
19245,Saccade,9244,0.00,0.00,0.13961,-0.00319,0.01182,-0.99013,0.08677,0.00154,0.00013,-0.99623,-0.22502,0.00265,-0.01142,0.97428,0.08666,0.02891,0.00252,-0.99582,-0.22518,-0.02478,-0.00995,0.97395,0.00000,0.00000,1.00,1.00
19256,Saccade,9255,0.00,0.00,0.14004,-0.00282,0.01151,-0.99008,0.08635,0.00109,0.00009,-0.99626,-0.22502,0.00271,-0.01116,0.97429,0.08625,0.02846,0.00246,-0.99586,-0.22519,-0.02471,-0.00967,0.97395,0.00000,0.00000,1.00,1.00
19268,Saccade,9267,0.00,0.00,0.14045,-0.00251,0.01136,-0.99002,0.08467,0.00104,0.00009,-0.99641,-0.22378,0.00242,-0.01104,0.97457,0.08455,0.02839,0.00241,-0.99601,-0.22392,-0.02499,-0.00950,0.97424,0.00000,0.00000,1.00,1.00
19279,Saccade,9277,0.00,0.00,0.14055,-0.00213,0.01139,-0.99001,0.08457,0.00069,0.00006,-0.99642,-0.22378,0.00240,-0.01113,0.97457,0.08444,0.02804,0.00238,-0.99603,-0.22392,-0.02501,-0.00957,0.97424,0.00000,0.00000,1.00,1.00
19290,Saccade,9288,0.00,0.00,0.14046,-0.00180,0.01157,-0.99002,0.08466,0.00042,0.00004,-0.99641,-0.22378,0.00235,-0.01135,0.97457,0.08453,0.02778,0.00236,-0.99603,-0.22391,-0.02506,-0.00980,0.97424,0.00000,0.00000,1.00,1.00
19302,Saccade,9300,0.00,0.00,0.14040,-0.00149,0.01152,-0.99003,0.08488,0.00090,0.00008,-0.99639,-0.22394,0.00156,-0.01130,0.97454,0.08471,0.02825,0.00240,-0.99600,-0.22403,-0.02585,-0.00976,0.97419,0.00000,0.00000,1.00,1.00
19311,Saccade,9310,0.00,0.00,0.14049,-0.00108,0.01120,-0.99002,0.08480,0.00041,0.00003,-0.99640,-0.22394,0.00162,-0.01105,0.97454,0.08464,0.02776,0.00236,-0.99602,-0.22404,-0.02579,-0.00950,0.97419,0.00000,0.00000,1.00,1.00
19323,Saccade,9321,0.00,0.00,0.14066,-0.00087,0.01067,-0.99000,0.08463,0.00004,0.00000,-0.99641,-0.22394,0.00173,-0.01056,0.97454,0.08450,0.02739,0.00232,-0.99604,-0.22405,-0.02568,-0.00900,0.97420,0.00000,0.00000,1.00,1.00
19335,Saccade,9333,0.00,0.00,0.14073,-0.00070,0.01023,-0.98999,0.08530,-0.00177,-0.00015,-0.99635,-0.22465,0.00334,-0.01023,0.97438,0.08521,0.02559,0.00219,-0.99603,-0.22480,-0.02408,-0.00870,0.97407,0.00000,0.00000,1.00,1.00
19345,Saccade,9344,0.00,0.00,0.14074,-0.00064,0.00987,-0.99000,0.08530,-0.00194,-0.00017,-0.99635,-0.22465,0.00343,-0.00988,0.97438,0.08522,0.02542,0.00218,-0.99604,-0.22481,-0.02400,-0.00835,0.97407,0.00000,0.00000,1.00,1.00
19356,Saccade,9355,0.00,0.00,0.14069,-0.00047,0.00985,-0.99000,0.08535,-0.00211,-0.00018,-0.99635,-0.22465,0.00342,-0.00990,0.97438,0.08528,0.02525,0.00216,-0.99604,-0.22481,-0.02400,-0.00836,0.97407,0.00000,0.00000,1.00,1.00
19368,Saccade,9367,0.00,0.00,0.14061,-0.00040,0.00979,-0.99002,0.08501,-0.00343,-0.00029,-0.99637,-0.22423,0.00467,-0.00991,0.97448,0.08492,0.02393,0.00204,-0.99610,-0.22437,-0.02275,-0.00837,0.97420,0.00000,0.00000,1.00,1.00
19379,Saccade,9377,0.00,0.00,0.14044,-0.00028,0.00976,-0.99004,0.08518,-0.00356,-0.00030,-0.99636,-0.22423,0.00468,-0.00990,0.97448,0.08510,0.02381,0.00203,-0.99609,-0.22437,-0.02275,-0.00837,0.97420,0.00000,0.00000,1.00,1.00
19390,Saccade,9389,0.00,0.00,0.14028,-0.00021,0.00952,-0.99007,0.08534,-0.00370,-0.00032,-0.99634,-0.22423,0.00473,-0.00967,0.97448,0.08527,0.02367,0.00203,-0.99607,-0.22438,-0.02269,-0.00815,0.97420,0.00000,0.00000,1.00,1.00
19402,Saccade,9401,0.00,0.00,0.14003,-0.00015,0.00924,-0.99010,0.08559,-0.00471,-0.00040,-0.99632,-0.22421,0.00566,-0.00945,0.97448,0.08552,0.02266,0.00195,-0.99608,-0.22436,-0.02177,-0.00795,0.97423,0.00000,0.00000,1.00,1.00
19412,Saccade,9411,0.00,0.00,0.13991,-0.00005,0.00894,-0.99012,0.08570,-0.00490,-0.00042,-0.99631,-0.22421,0.00572,-0.00917,0.97448,0.08565,0.02248,0.00193,-0.99607,-0.22437,-0.02171,-0.00767,0.97423,0.00000,0.00000,1.00,1.00
19423,Saccade,9422,0.00,0.00,0.13965,0.00005,0.00882,-0.99016,0.08597,-0.00503,-0.00043,-0.99629,-0.22421,0.00575,-0.00906,0.97448,0.08592,0.02234,0.00193,-0.99605,-0.22437,-0.02169,-0.00758,0.97423,0.00000,0.00000,1.00,1.00
19435,Saccade,9434,0.00,0.00,0.13943,0.00017,0.00890,-0.99019,0.08390,-0.00484,-0.00041,-0.99646,-0.22197,0.00542,-0.00915,0.97500,0.08382,0.02252,0.00190,-0.99622,-0.22210,-0.02199,-0.00761,0.97475,0.00000,0.00000,1.00,1.00
19445,Saccade,9444,0.00,0.00,0.13908,0.00044,0.00892,-0.99024,0.08425,-0.00508,-0.00043,-0.99643,-0.22197,0.00541,-0.00920,0.97500,0.08417,0.02228,0.00188,-0.99620,-0.22210,-0.02201,-0.00769,0.97474,0.00000,0.00000,1.00,1.00
19457,Saccade,9455,0.00,0.00,0.13908,0.00062,0.00898,-0.99024,0.08425,-0.00524,-0.00044,-0.99643,-0.22197,0.00539,-0.00930,0.97499,0.08417,0.02212,0.00187,-0.99620,-0.22210,-0.02203,-0.00778,0.97474,0.00000,0.00000,1.00,1.00
19469,Saccade,9467,0.00,0.00,0.13917,0.00086,0.00900,-0.99023,0.08417,-0.00547,-0.00046,-0.99644,-0.22197,0.00538,-0.00935,0.97499,0.08408,0.02189,0.00185,-0.99622,-0.22210,-0.02204,-0.00782,0.97474,0.00000,0.00000,1.00,1.00
19479,Saccade,9477,0.00,0.00,0.13915,0.00107,0.00905,-0.99023,0.08363,-0.00557,-0.00047,-0.99648,-0.22142,0.00527,-0.00942,0.97512,0.08352,0.02179,0.00183,-0.99627,-0.22153,-0.02214,-0.00788,0.97487,0.00000,0.00000,1.00,1.00
19490,Saccade,9489,0.00,0.00,0.13906,0.00124,0.00921,-0.99024,0.08371,-0.00568,-0.00048,-0.99647,-0.22142,0.00523,-0.00960,0.97512,0.08360,0.02168,0.00182,-0.99626,-0.22152,-0.02218,-0.00807,0.97487,0.00000,0.00000,1.00,1.00
19502,Saccade,9501,0.00,0.00,0.13891,0.00144,0.00943,-0.99026,0.08503,-0.00529,-0.00045,-0.99636,-0.22256,0.00466,-0.00980,0.97486,0.08490,0.02208,0.00188,-0.99614,-0.22265,-0.02276,-0.00831,0.97460,0.00000,0.00000,1.00,1.00
19512,Saccade,9510,0.00,0.00,0.13894,0.00174,0.00947,-0.99025,0.08501,-0.00556,-0.00047,-0.99636,-0.22256,0.00465,-0.00989,0.97486,0.08487,0.02181,0.00186,-0.99615,-0.22265,-0.02278,-0.00839,0.97460,0.00000,0.00000,1.00,1.00
19523,Saccade,9522,0.00,0.00,0.13894,0.00198,0.00926,-0.99026,0.08500,-0.00586,-0.00050,-0.99636,-0.22256,0.00468,-0.00971,0.97486,0.08488,0.02151,0.00183,-0.99616,-0.22266,-0.02274,-0.00822,0.97460,0.00000,0.00000,1.00,1.00
19535,Saccade,9534,0.00,0.00,0.13896,0.00221,0.00913,-0.99025,0.08475,-0.00622,-0.00053,-0.99638,-0.22233,0.00480,-0.00963,0.97491,0.08465,0.02115,0.00180,-0.99618,-0.22245,-0.02262,-0.00813,0.97465,0.00000,0.00000,1.00,1.00
19546,Saccade,9544,0.00,0.00,0.13893,0.00240,0.00906,-0.99026,0.08478,-0.00642,-0.00055,-0.99638,-0.22233,0.00481,-0.00958,0.97491,0.08469,0.02095,0.00178,-0.99619,-0.22245,-0.02262,-0.00808,0.97465,0.00000,0.00000,1.00,1.00
19557,Saccade,9555,0.00,0.00,0.13882,0.00254,0.00923,-0.99027,0.08490,-0.00650,-0.00055,-0.99637,-0.22233,0.00477,-0.00977,0.97491,0.08480,0.02087,0.00178,-0.99618,-0.22244,-0.02266,-0.00828,0.97465,0.00000,0.00000,1.00,1.00
19569,Saccade,9568,0.00,0.00,0.13859,0.00277,0.00922,-0.99030,0.08475,-0.00794,-0.00068,-0.99637,-0.22194,0.00598,-0.00985,0.97499,0.08467,0.01942,0.00165,-0.99622,-0.22209,-0.02144,-0.00836,0.97476,0.00000,0.00000,1.00,1.00
19579,Saccade,9578,0.00,0.00,0.13849,0.00298,0.00915,-0.99032,0.08485,-0.00817,-0.00070,-0.99636,-0.22194,0.00599,-0.00981,0.97499,0.08477,0.01920,0.00163,-0.99621,-0.22209,-0.02143,-0.00833,0.97476,0.00000,0.00000,1.00,1.00
19590,Saccade,9589,0.00,0.00,0.13827,0.00320,0.00899,-0.99035,0.08507,-0.00843,-0.00072,-0.99634,-0.22194,0.00602,-0.00969,0.97499,0.08500,0.01894,0.00162,-0.99620,-0.22209,-0.02141,-0.00821,0.97476,0.00000,0.00000,1.00,1.00
19602,Saccade,9601,0.00,0.00,0.13799,0.00343,0.00872,-0.99039,0.08510,-0.00824,-0.00070,-0.99634,-0.22170,0.00558,-0.00942,0.97505,0.08504,0.01913,0.00163,-0.99619,-0.22185,-0.02185,-0.00795,0.97480,0.00000,0.00000,1.00,1.00
19612,Saccade,9611,0.00,0.00,0.13781,0.00359,0.00858,-0.99042,0.08528,-0.00844,-0.00072,-0.99632,-0.22169,0.00561,-0.00930,0.97506,0.08523,0.01893,0.00162,-0.99618,-0.22185,-0.02182,-0.00785,0.97480,0.00000,0.00000,1.00,1.00
19623,Saccade,9622,0.00,0.00,0.13772,0.00384,0.00852,-0.99043,0.08537,-0.00869,-0.00074,-0.99631,-0.22169,0.00562,-0.00928,0.97506,0.08532,0.01868,0.00160,-0.99618,-0.22185,-0.02182,-0.00783,0.97480,0.00000,0.00000,1.00,1.00
19635,Saccade,9634,0.00,0.00,0.13777,0.00398,0.00868,-0.99042,0.08589,-0.00809,-0.00070,-0.99627,-0.22225,0.00489,-0.00942,0.97493,0.08582,0.01929,0.00166,-0.99612,-0.22239,-0.02255,-0.00798,0.97466,0.00000,0.00000,1.00,1.00
19645,Saccade,9644,0.00,0.00,0.13766,0.00407,0.00879,-0.99043,0.08600,-0.00814,-0.00070,-0.99626,-0.22225,0.00487,-0.00953,0.97493,0.08592,0.01923,0.00166,-0.99611,-0.22239,-0.02258,-0.00810,0.97466,0.00000,0.00000,1.00,1.00
19657,Saccade,9656,0.00,0.00,0.13717,0.00403,0.00896,-0.99050,0.08650,-0.00805,-0.00070,-0.99622,-0.22225,0.00483,-0.00969,0.97493,0.08641,0.01933,0.00168,-0.99607,-0.22239,-0.02262,-0.00828,0.97466,0.00000,0.00000,1.00,1.00
19669,Saccade,9668,0.00,0.00,0.13669,0.00401,0.00889,-0.99057,0.08814,-0.01495,-0.00132,-0.99599,-0.22332,0.01178,-0.00994,0.97462,0.08814,0.01244,0.00110,-0.99603,-0.22356,-0.01569,-0.00860,0.97453,0.00000,0.00000,1.00,1.00
19679,Saccade,9678,0.00,0.00,0.13625,0.00398,0.00886,-0.99063,0.08858,-0.01493,-0.00133,-0.99596,-0.22332,0.01179,-0.00990,0.97462,0.08858,0.01247,0.00111,-0.99599,-0.22356,-0.01568,-0.00858,0.97453,0.00000,0.00000,1.00,1.00
19690,Saccade,9689,0.00,0.00,0.13591,0.00389,0.00888,-0.99067,0.08892,-0.01484,-0.00133,-0.99593,-0.22332,0.01180,-0.00989,0.97462,0.08892,0.01256,0.00112,-0.99596,-0.22356,-0.01568,-0.00859,0.97453,0.00000,0.00000,1.00,1.00
19703,Saccade,9701,0.00,0.00,0.13557,0.00394,0.00898,-0.99072,0.08848,-0.01557,-0.00138,-0.99596,-0.22254,0.01248,-0.01003,0.97479,0.08849,0.01183,0.00105,-0.99601,-0.22280,-0.01499,-0.00873,0.97471,0.00000,0.00000,1.00,1.00
19712,Saccade,9711,0.00,0.00,0.13525,0.00398,0.00914,-0.99076,0.08881,-0.01555,-0.00139,-0.99593,-0.22255,0.01245,-0.01018,0.97479,0.08881,0.01185,0.00106,-0.99598,-0.22280,-0.01503,-0.00890,0.97471,0.00000,0.00000,1.00,1.00
19724,Saccade,9722,0.00,0.00,0.13497,0.00398,0.00924,-0.99080,0.08909,-0.01553,-0.00139,-0.99590,-0.22255,0.01243,-0.01028,0.97479,0.08908,0.01188,0.00106,-0.99595,-0.22280,-0.01506,-0.00901,0.97471,0.00000,0.00000,1.00,1.00
19736,Saccade,9734,0.00,0.00,0.13485,0.00413,0.00934,-0.99081,0.08820,-0.01616,-0.00143,-0.99597,-0.22155,0.01291,-0.01043,0.97501,0.08821,0.01124,0.00100,-0.99604,-0.22181,-0.01456,-0.00914,0.97494,0.00000,0.00000,1.00,1.00
19746,Saccade,9744,0.00,0.00,0.13475,0.00423,0.00929,-0.99083,0.08830,-0.01627,-0.00144,-0.99596,-0.22155,0.01292,-0.01039,0.97501,0.08830,0.01113,0.00099,-0.99603,-0.22181,-0.01455,-0.00910,0.97494,0.00000,0.00000,1.00,1.00
19757,Saccade,9756,0.00,0.00,0.13454,0.00433,0.00934,-0.99085,0.08851,-0.01635,-0.00145,-0.99594,-0.22155,0.01291,-0.01044,0.97501,0.08851,0.01105,0.00098,-0.99601,-0.22181,-0.01456,-0.00917,0.97494,0.00000,0.00000,1.00,1.00
19769,Saccade,9768,0.00,0.00,0.13447,0.00444,0.00925,-0.99086,0.09166,-0.01612,-0.00148,-0.99566,-0.22457,0.01259,-0.01031,0.97432,0.09168,0.01131,0.00104,-0.99572,-0.22484,-0.01492,-0.00913,0.97424,0.00000,0.00000,1.00,1.00
19780,Saccade,9778,0.00,0.00,0.13437,0.00462,0.00931,-0.99088,0.09176,-0.01627,-0.00150,-0.99565,-0.22457,0.01257,-0.01040,0.97432,0.09178,0.01116,0.00103,-0.99572,-0.22484,-0.01494,-0.00922,0.97424,0.00000,0.00000,1.00,1.00
19791,Saccade,9790,0.00,0.00,0.13430,0.00489,0.00924,-0.99089,0.09183,-0.01655,-0.00153,-0.99564,-0.22457,0.01258,-0.01036,0.97432,0.09185,0.01088,0.00100,-0.99571,-0.22484,-0.01493,-0.00918,0.97424,0.00000,0.00000,1.00,1.00
19803,Saccade,9801,0.00,0.00,0.13423,0.00517,0.00914,-0.99090,0.09136,-0.01703,-0.00156,-0.99567,-0.22403,0.01278,-0.01031,0.97444,0.09140,0.01039,0.00095,-0.99576,-0.22431,-0.01473,-0.00912,0.97436,0.00000,0.00000,1.00,1.00
19813,Saccade,9811,0.00,0.00,0.13415,0.00548,0.00902,-0.99090,0.09144,-0.01737,-0.00160,-0.99566,-0.22403,0.01279,-0.01023,0.97445,0.09147,0.01005,0.00092,-0.99576,-0.22431,-0.01471,-0.00905,0.97436,0.00000,0.00000,1.00,1.00
19824,Saccade,9823,0.00,0.00,0.13405,0.00576,0.00890,-0.99092,0.09154,-0.01767,-0.00163,-0.99564,-0.22403,0.01281,-0.01015,0.97445,0.09159,0.00975,0.00090,-0.99575,-0.22431,-0.01470,-0.00897,0.97437,0.00000,0.00000,1.00,1.00
19836,Saccade,9835,0.00,0.00,0.13404,0.00603,0.00882,-0.99092,0.09086,-0.01775,-0.00162,-0.99570,-0.22334,0.01260,-0.01011,0.97461,0.09090,0.00967,0.00088,-0.99581,-0.22363,-0.01490,-0.00891,0.97452,0.00000,0.00000,1.00,1.00
19846,Saccade,9845,0.00,0.00,0.13398,0.00624,0.00873,-0.99093,0.09091,-0.01798,-0.00164,-0.99570,-0.22334,0.01262,-0.01005,0.97461,0.09096,0.00944,0.00086,-0.99581,-0.22364,-0.01489,-0.00885,0.97452,0.00000,0.00000,1.00,1.00
19858,Saccade,9856,0.00,0.00,0.13406,0.00633,0.00875,-0.99091,0.09084,-0.01806,-0.00165,-0.99570,-0.22334,0.01261,-0.01007,0.97461,0.09089,0.00936,0.00085,-0.99582,-0.22363,-0.01489,-0.00888,0.97452,0.00000,0.00000,1.00,1.00
19870,Saccade,9869,0.00,0.00,0.13419,0.00647,0.00886,-0.99089,0.09046,-0.01905,-0.00173,-0.99572,-0.22310,0.01347,-0.01025,0.97465,0.09052,0.00836,0.00076,-0.99586,-0.22340,-0.01403,-0.00904,0.97458,0.00000,0.00000,1.00,1.00
19880,Saccade,9878,0.00,0.00,0.13444,0.00639,0.00892,-0.99086,0.09022,-0.01895,-0.00172,-0.99574,-0.22310,0.01345,-0.01031,0.97465,0.09027,0.00846,0.00077,-0.99588,-0.22340,-0.01404,-0.00909,0.97458,0.00000,0.00000,1.00,1.00
19891,Saccade,9889,0.00,0.00,0.13457,0.00626,0.00887,-0.99084,0.09008,-0.01885,-0.00171,-0.99575,-0.22310,0.01347,-0.01024,0.97465,0.09014,0.00856,0.00077,-0.99589,-0.22340,-0.01402,-0.00901,0.97458,0.00000,0.00000,1.00,1.00
19903,Saccade,9901,0.00,0.00,0.13460,0.00618,0.00887,-0.99084,0.09027,-0.01765,-0.00160,-0.99576,-0.22333,0.01235,-0.01018,0.97461,0.09031,0.00976,0.00089,-0.99587,-0.22362,-0.01515,-0.00895,0.97452,0.00000,0.00000,1.00,1.00
19913,Saccade,9911,0.00,0.00,0.13467,0.00591,0.00886,-0.99083,0.09020,-0.01739,-0.00158,-0.99577,-0.22333,0.01236,-0.01014,0.97461,0.09025,0.01002,0.00091,-0.99587,-0.22362,-0.01514,-0.00891,0.97452,0.00000,0.00000,1.00,1.00
19924,Saccade,9923,0.00,0.00,0.13484,0.00540,0.00883,-0.99081,0.09002,-0.01691,-0.00153,-0.99580,-0.22333,0.01238,-0.01005,0.97461,0.09007,0.01050,0.00095,-0.99588,-0.22362,-0.01512,-0.00881,0.97452,0.00000,0.00000,1.00,1.00
19936,Saccade,9935,0.00,0.00,0.13483,0.00498,0.00869,-0.99082,0.09029,-0.01659,-0.00150,-0.99578,-0.22358,0.01247,-0.00985,0.97456,0.09035,0.01082,0.00098,-0.99585,-0.22388,-0.01502,-0.00862,0.97446,0.00000,0.00000,1.00,1.00
19946,Saccade,9945,0.00,0.00,0.13466,0.00458,0.00876,-0.99084,0.09046,-0.01619,-0.00147,-0.99577,-0.22358,0.01247,-0.00986,0.97456,0.09052,0.01122,0.00102,-0.99583,-0.22388,-0.01503,-0.00864,0.97446,0.00000,0.00000,1.00,1.00
19957,Saccade,9956,0.00,0.00,0.13442,0.00408,0.00893,-0.99088,0.09070,-0.01565,-0.00143,-0.99575,-0.22358,0.01245,-0.00996,0.97456,0.09075,0.01176,0.00107,-0.99580,-0.22387,-0.01505,-0.00875,0.97446,0.00000,0.00000,1.00,1.00
19969,Saccade,9968,0.00,0.00,0.13411,0.00375,0.00885,-0.99092,0.09110,-0.01600,-0.00146,-0.99571,-0.22367,0.01312,-0.00985,0.97453,0.09115,0.01141,0.00104,-0.99577,-0.22396,-0.01438,-0.00866,0.97445,0.00000,0.00000,1.00,1.00
19979,Saccade,9978,0.00,0.00,0.13391,0.00340,0.00862,-0.99095,0.09129,-0.01574,-0.00144,-0.99570,-0.22366,0.01319,-0.00957,0.97453,0.09136,0.01168,0.00107,-0.99575,-0.22397,-0.01432,-0.00839,0.97446,0.00000,0.00000,1.00,1.00
19991,Saccade,9990,0.00,0.00,0.13373,0.00314,0.00816,-0.99098,0.09146,-0.01563,-0.00144,-0.99569,-0.22366,0.01330,-0.00908,0.97453,0.09155,0.01179,0.00108,-0.99573,-0.22397,-0.01421,-0.00791,0.97446,0.00000,0.00000,1.00,1.00
20003,Saccade,10002,0.00,0.00,0.13350,0.00286,0.00797,-0.99101,0.08915,-0.01587,-0.00142,-0.99589,-0.22118,0.01378,-0.00891,0.97509,0.08924,0.01154,0.00103,-0.99594,-0.22149,-0.01371,-0.00768,0.97504,0.00000,0.00000,1.00,1.00
20013,Saccade,10012,0.00,0.00,0.13324,0.00263,0.00787,-0.99105,0.08941,-0.01567,-0.00141,-0.99587,-0.22118,0.01381,-0.00877,0.97510,0.08951,0.01173,0.00105,-0.99592,-0.22149,-0.01368,-0.00755,0.97504,0.00000,0.00000,1.00,1.00
20024,Saccade,10023,0.00,0.00,0.13294,0.00248,0.00785,-0.99109,0.08971,-0.01554,-0.00140,-0.99585,-0.22118,0.01382,-0.00872,0.97510,0.08981,0.01186,0.00107,-0.99589,-0.22149,-0.01367,-0.00752,0.97504,0.00000,0.00000,1.00,1.00
20036,Saccade,10035,-10.00,0.00,0.13273,0.00234,0.00775,-0.99112,0.09161,-0.01507,-0.00139,-0.99568,-0.22284,0.01350,-0.00856,0.97472,0.09168,0.01235,0.00114,-0.99571,-0.22311,-0.01401,-0.00742,0.97466,0.00000,0.00000,1.00,1.00
20046,Saccade,10045,-10.00,0.00,0.13245,0.00221,0.00763,-0.99116,0.09188,-0.01498,-0.00138,-0.99566,-0.22283,0.01354,-0.00841,0.97473,0.09195,0.01244,0.00115,-0.99569,-0.22311,-0.01398,-0.00729,0.97467,0.00000,0.00000,1.00,1.00
20058,Saccade,10057,-10.00,0.00,0.13231,0.00220,0.00751,-0.99118,0.09202,-0.01501,-0.00139,-0.99564,-0.22283,0.01357,-0.00829,0.97473,0.09210,0.01242,0.00115,-0.99567,-0.22311,-0.01395,-0.00717,0.97467,0.00000,0.00000,1.00,1.00
20070,Saccade,10068,-10.00,0.00,0.13221,0.00210,0.00727,-0.99119,0.09152,-0.01441,-0.00132,-0.99570,-0.22226,0.01303,-0.00803,0.97487,0.09158,0.01301,0.00120,-0.99571,-0.22250,-0.01448,-0.00690,0.97480,0.00000,0.00000,1.00,1.00
20080,Saccade,10079,-10.00,0.00,0.13217,0.00208,0.00711,-0.99120,0.09156,-0.01444,-0.00133,-0.99569,-0.22225,0.01307,-0.00786,0.97487,0.09162,0.01298,0.00119,-0.99571,-0.22251,-0.01445,-0.00674,0.97480,0.00000,0.00000,1.00,1.00
20091,Saccade,10090,-10.00,0.00,0.13219,0.00193,0.00696,-0.99120,0.09153,-0.01434,-0.00132,-0.99570,-0.22225,0.01311,-0.00770,0.97487,0.09160,0.01308,0.00120,-0.99571,-0.22251,-0.01441,-0.00657,0.97480,0.00000,0.00000,1.00,1.00
20103,Saccade,10102,-10.00,0.00,0.13216,0.00169,0.00701,-0.99120,0.09192,-0.01548,-0.00143,-0.99565,-0.22259,0.01450,-0.00776,0.97477,0.09198,0.01194,0.00110,-0.99569,-0.22284,-0.01302,-0.00665,0.97474,0.00000,0.00000,1.00,1.00
20113,Saccade,10112,-10.00,0.00,0.13211,0.00141,0.00689,-0.99121,0.09197,-0.01525,-0.00141,-0.99564,-0.22259,0.01453,-0.00761,0.97477,0.09204,0.01217,0.00113,-0.99568,-0.22285,-0.01298,-0.00650,0.97475,0.00000,0.00000,1.00,1.00
20125,Saccade,10123,-10.00,0.00,0.13226,0.00108,0.00674,-0.99119,0.09181,-0.01499,-0.00138,-0.99566,-0.22259,0.01458,-0.00742,0.97478,0.09188,0.01244,0.00115,-0.99569,-0.22285,-0.01294,-0.00630,0.97475,0.00000,0.00000,1.00,1.00
20137,Saccade,10135,-10.00,0.00,0.13245,0.00068,0.00658,-0.99117,0.09325,-0.01519,-0.00142,-0.99553,-0.22418,0.01518,-0.00722,0.97440,0.09331,0.01225,0.00115,-0.99556,-0.22443,-0.01235,-0.00613,0.97439,0.00000,0.00000,1.00,1.00
20147,Saccade,10145,-10.00,0.00,0.13247,0.00031,0.00663,-0.99117,0.09323,-0.01481,-0.00139,-0.99553,-0.22418,0.01518,-0.00722,0.97440,0.09329,0.01262,0.00118,-0.99556,-0.22443,-0.01235,-0.00613,0.97439,0.00000,0.00000,1.00,1.00
20158,Saccade,10157,-10.00,0.00,0.13248,-0.00012,0.00683,-0.99116,0.09322,-0.01434,-0.00134,-0.99554,-0.22418,0.01515,-0.00736,0.97440,0.09327,0.01310,0.00123,-0.99555,-0.22443,-0.01239,-0.00627,0.97439,0.00000,0.00000,1.00,1.00
20170,Saccade,10169,-10.00,0.00,0.13247,-0.00045,0.00695,-0.99116,0.09189,-0.01462,-0.00135,-0.99566,-0.22288,0.01575,-0.00748,0.97469,0.09193,0.01281,0.00118,-0.99568,-0.22311,-0.01177,-0.00636,0.97470,0.00000,0.00000,1.00,1.00
20180,Saccade,10179,-10.00,0.00,0.13250,-0.00079,0.00689,-0.99116,0.09186,-0.01430,-0.00132,-0.99567,-0.22288,0.01577,-0.00738,0.97469,0.09190,0.01312,0.00121,-0.99568,-0.22311,-0.01174,-0.00625,0.97470,0.00000,0.00000,1.00,1.00
20192,Saccade,10191,-10.00,0.00,0.13252,-0.00102,0.00669,-0.99116,0.09184,-0.01414,-0.00130,-0.99567,-0.22287,0.01582,-0.00715,0.97469,0.09189,0.01328,0.00123,-0.99568,-0.22311,-0.01169,-0.00602,0.97470,0.00000,0.00000,1.00,1.00
20204,Saccade,10203,-10.00,0.00,0.13260,-0.00123,0.00642,-0.99115,0.09352,-0.01323,-0.00124,-0.99553,-0.22462,0.01510,-0.00680,0.97431,0.09356,0.01421,0.00134,-0.99551,-0.22484,-0.01243,-0.00571,0.97430,0.00000,0.00000,1.00,1.00
20213,Saccade,10211,-10.00,0.00,0.13265,-0.00137,0.00617,-0.99114,0.09347,-0.01317,-0.00124,-0.99553,-0.22462,0.01516,-0.00653,0.97431,0.09353,0.01426,0.00134,-0.99551,-0.22484,-0.01237,-0.00545,0.97430,0.00000,0.00000,1.00,1.00
20224,Saccade,10223,-10.00,0.00,0.13268,-0.00149,0.00611,-0.99114,0.09344,-0.01308,-0.00123,-0.99554,-0.22461,0.01518,-0.00646,0.97431,0.09350,0.01436,0.00135,-0.99552,-0.22484,-0.01236,-0.00537,0.97430,0.00000,0.00000,1.00,1.00
20236,Saccade,10235,-10.00,0.00,0.13262,-0.00162,0.00592,-0.99115,0.09467,-0.01127,-0.00107,-0.99544,-0.22578,0.01349,-0.00617,0.97407,0.09469,0.01617,0.00154,-0.99537,-0.22595,-0.01406,-0.00512,0.97402,0.00000,0.00000,1.00,1.00
20246,Saccade,10245,-10.00,0.00,0.13251,-0.00173,0.00575,-0.99116,0.09478,-0.01123,-0.00107,-0.99543,-0.22578,0.01353,-0.00599,0.97407,0.09480,0.01622,0.00154,-0.99536,-0.22596,-0.01402,-0.00494,0.97402,0.00000,0.00000,1.00,1.00
20258,Saccade,10257,-10.00,0.00,0.13227,-0.00182,0.00551,-0.99120,0.09501,-0.01122,-0.00107,-0.99541,-0.22577,0.01359,-0.00573,0.97407,0.09506,0.01623,0.00155,-0.99534,-0.22596,-0.01396,-0.00470,0.97403,0.00000,0.00000,1.00,1.00
20270,Saccade,10269,-10.00,0.00,0.13207,-0.00195,0.00531,-0.99122,0.09853,-0.01109,-0.00110,-0.99507,-0.22903,0.01360,-0.00547,0.97331,0.09855,0.01639,0.00162,-0.99500,-0.22919,-0.01400,-0.00453,0.97327,0.00000,0.00000,1.00,1.00
20280,Saccade,10279,-10.00,0.00,0.13194,-0.00210,0.00520,-0.99124,0.09866,-0.01098,-0.00109,-0.99506,-0.22902,0.01363,-0.00534,0.97331,0.09869,0.01650,0.00164,-0.99498,-0.22919,-0.01397,-0.00441,0.97327,0.00000,0.00000,1.00,1.00
20292,Saccade,10291,-10.00,0.00,0.13172,-0.00228,0.00522,-0.99127,0.09888,-0.01080,-0.00107,-0.99504,-0.22902,0.01363,-0.00533,0.97331,0.09890,0.01668,0.00166,-0.99496,-0.22919,-0.01397,-0.00442,0.97327,0.00000,0.00000,1.00,1.00
20304,Saccade,10303,-10.00,0.00,0.13159,-0.00254,0.00542,-0.99129,0.14300,-0.00273,-0.00039,-0.98972,-0.27197,0.00605,-0.00497,0.96227,0.14281,0.02520,0.00364,-0.98942,-0.27191,-0.02218,-0.00529,0.96205,0.00000,0.00000,1.00,1.00
20314,Saccade,10313,-10.00,0.00,0.13139,-0.00284,0.00555,-0.99131,0.14319,-0.00239,-0.00035,-0.98969,-0.27197,0.00602,-0.00506,0.96227,0.14300,0.02554,0.00369,-0.98939,-0.27191,-0.02220,-0.00539,0.96205,0.00000,0.00000,1.00,1.00
20325,Saccade,10324,-10.00,0.00,0.13120,-0.00315,0.00573,-0.99133,0.14339,-0.00202,-0.00029,-0.98966,-0.27197,0.00598,-0.00520,0.96227,0.14318,0.02592,0.00375,-0.98935,-0.27190,-0.02225,-0.00554,0.96205,0.00000,0.00000,1.00,1.00
20337,Saccade,10336,-10.00,0.00,0.13084,-0.00354,0.00576,-0.99138,0.14414,-0.00207,-0.00030,-0.98956,-0.27235,0.00643,-0.00516,0.96216,0.14392,0.02587,0.00376,-0.98924,-0.27227,-0.02181,-0.00554,0.96196,0.00000,0.00000,1.00,1.00
20347,Saccade,10346,-10.00,0.00,0.13060,-0.00383,0.00575,-0.99141,0.14437,-0.00180,-0.00026,-0.98952,-0.27235,0.00644,-0.00511,0.96216,0.14416,0.02615,0.00381,-0.98920,-0.27227,-0.02180,-0.00550,0.96196,0.00000,0.00000,1.00,1.00
20359,Saccade,10358,-10.00,0.00,0.13035,-0.00415,0.00568,-0.99144,0.14461,-0.00153,-0.00022,-0.98949,-0.27235,0.00647,-0.00500,0.96216,0.14440,0.02642,0.00386,-0.98916,-0.27227,-0.02177,-0.00540,0.96196,0.00000,0.00000,1.00,1.00
20370,Saccade,10369,-10.00,0.00,0.13010,-0.00446,0.00561,-0.99147,0.14344,-0.00040,-0.00006,-0.98966,-0.27097,0.00562,-0.00491,0.96256,0.14320,0.02753,0.00399,-0.98930,-0.27087,-0.02260,-0.00528,0.96234,0.00000,0.00000,1.00,1.00
20381,Saccade,10379,-10.00,0.00,0.12991,-0.00466,0.00556,-0.99150,0.14362,-0.00024,-0.00003,-0.98963,-0.27097,0.00564,-0.00483,0.96256,0.14339,0.02770,0.00402,-0.98927,-0.27087,-0.02258,-0.00521,0.96234,0.00000,0.00000,1.00,1.00
20392,Saccade,10391,-10.00,0.00,0.12961,-0.00483,0.00552,-0.99154,0.14393,-0.00008,-0.00001,-0.98959,-0.27097,0.00566,-0.00477,0.96256,0.14370,0.02786,0.00405,-0.98922,-0.27087,-0.02257,-0.00517,0.96234,0.00000,0.00000,1.00,1.00
20403,Saccade,10402,-10.00,0.00,0.12943,-0.00495,0.00554,-0.99156,0.14424,-0.00066,-0.00010,-0.98954,-0.27109,0.00637,-0.00475,0.96252,0.14400,0.02729,0.00397,-0.98919,-0.27099,-0.02187,-0.00517,0.96232,0.00000,0.00000,1.00,1.00
20414,Saccade,10413,-10.00,0.00,0.12924,-0.00507,0.00544,-0.99159,0.14442,-0.00059,-0.00009,-0.98952,-0.27109,0.00640,-0.00464,0.96252,0.14420,0.02736,0.00399,-0.98916,-0.27099,-0.02184,-0.00507,0.96232,0.00000,0.00000,1.00,1.00
20426,Saccade,10424,-10.00,0.00,0.12919,-0.00503,0.00530,-0.99159,0.14447,-0.00069,-0.00010,-0.98951,-0.27109,0.00644,-0.00450,0.96252,0.14425,0.02726,0.00398,-0.98916,-0.27099,-0.02180,-0.00494,0.96232,0.00000,0.00000,1.00,1.00
20437,Saccade,10436,-10.00,0.00,0.12929,-0.00502,0.00510,-0.99158,0.14463,-0.00127,-0.00019,-0.98948,-0.27134,0.00699,-0.00430,0.96245,0.14441,0.02668,0.00390,-0.98915,-0.27124,-0.02126,-0.00473,0.96227,0.00000,0.00000,1.00,1.00
20447,Saccade,10446,-10.00,0.00,0.12938,-0.00505,0.00496,-0.99157,0.14454,-0.00130,-0.00019,-0.98950,-0.27133,0.00703,-0.00415,0.96245,0.14433,0.02665,0.00389,-0.98916,-0.27124,-0.02121,-0.00458,0.96227,0.00000,0.00000,1.00,1.00
20459,Saccade,10458,-10.00,0.00,0.12943,-0.00498,0.00490,-0.99156,0.14449,-0.00139,-0.00020,-0.98950,-0.27133,0.00704,-0.00411,0.96245,0.14429,0.02656,0.00387,-0.98917,-0.27124,-0.02120,-0.00453,0.96227,0.00000,0.00000,1.00,1.00
20470,Saccade,10469,-10.00,0.00,0.12943,-0.00499,0.00491,-0.99156,0.14549,-0.00148,-0.00022,-0.98936,-0.27230,0.00715,-0.00411,0.96218,0.14526,0.02648,0.00389,-0.98903,-0.27219,-0.02111,-0.00456,0.96200,0.00000,0.00000,1.00,1.00
20481,Saccade,10479,-10.00,0.00,0.12935,-0.00501,0.00498,-0.99157,0.14556,-0.00143,-0.00021,-0.98935,-0.27230,0.00713,-0.00417,0.96218,0.14533,0.02653,0.00390,-0.98902,-0.27219,-0.02113,-0.00463,0.96200,0.00000,0.00000,1.00,1.00
20492,Saccade,10491,-10.00,0.00,0.12930,-0.00503,0.00492,-0.99158,0.14561,-0.00144,-0.00021,-0.98934,-0.27230,0.00715,-0.00412,0.96218,0.14538,0.02652,0.00390,-0.98901,-0.27219,-0.02111,-0.00458,0.96200,0.00000,0.00000,1.00,1.00
20504,Saccade,10502,-10.00,0.00,0.12925,-0.00507,0.00478,-0.99159,0.15363,0.00114,0.00018,-0.98813,-0.28006,0.00458,-0.00397,0.95996,0.15333,0.02921,0.00453,-0.98773,-0.27987,-0.02381,-0.00467,0.95973,0.00000,0.00000,1.00,1.00
20514,Saccade,10513,-10.00,0.00,0.12924,-0.00509,0.00464,-0.99159,0.15364,0.00110,0.00017,-0.98813,-0.28006,0.00463,-0.00383,0.95996,0.15335,0.02917,0.00453,-0.98773,-0.27987,-0.02377,-0.00452,0.95973,0.00000,0.00000,1.00,1.00
20525,Saccade,10524,-10.00,0.00,0.12915,-0.00516,0.00468,-0.99160,0.15373,0.00119,0.00019,-0.98811,-0.28006,0.00462,-0.00386,0.95996,0.15344,0.02925,0.00454,-0.98771,-0.27987,-0.02378,-0.00456,0.95973,0.00000,0.00000,1.00,1.00
20537,Saccade,10536,-10.00,0.00,0.12904,-0.00516,0.00490,-0.99161,0.15376,0.00140,0.00022,-0.98811,-0.27998,0.00444,-0.00408,0.95999,0.15344,0.02946,0.00458,-0.98771,-0.27978,-0.02395,-0.00478,0.95975,0.00000,0.00000,1.00,1.00
20547,Saccade,10546,-10.00,0.00,0.12908,-0.00526,0.00508,-0.99161,0.15372,0.00157,0.00024,-0.98811,-0.27999,0.00439,-0.00425,0.95999,0.15339,0.02963,0.00460,-0.98771,-0.27977,-0.02400,-0.00495,0.95975,0.00000,0.00000,1.00,1.00
20559,Saccade,10558,-10.00,0.00,0.12916,-0.00537,0.00526,-0.99160,0.15364,0.00176,0.00027,-0.98813,-0.27999,0.00434,-0.00442,0.95998,0.15330,0.02982,0.00463,-0.98772,-0.27977,-0.02405,-0.00511,0.95975,0.00000,0.00000,1.00,1.00
20571,Saccade,10569,-10.00,0.00,0.12934,-0.00563,0.00534,-0.99157,0.15645,0.00191,0.00030,-0.98768,-0.28290,0.00447,-0.00445,0.95913,0.15611,0.03001,0.00474,-0.98727,-0.28267,-0.02397,-0.00522,0.95890,0.00000,0.00000,1.00,1.00
20581,Saccade,10580,-10.00,0.00,0.12964,-0.00589,0.00525,-0.99153,0.15615,0.00211,0.00033,-0.98773,-0.28290,0.00451,-0.00432,0.95913,0.15581,0.03020,0.00477,-0.98731,-0.28268,-0.02393,-0.00508,0.95890,0.00000,0.00000,1.00,1.00
20593,Saccade,10592,-10.00,0.00,0.13006,-0.00623,0.00528,-0.99147,0.15574,0.00243,0.00038,-0.98780,-0.28290,0.00451,-0.00431,0.95913,0.15539,0.03052,0.00480,-0.98737,-0.28268,-0.02392,-0.00504,0.95890,0.00000,0.00000,1.00,1.00
20604,Saccade,10603,-10.00,0.00,0.13031,-0.00651,0.00549,-0.99144,0.15563,0.00240,0.00038,-0.98781,-0.28303,0.00485,-0.00447,0.95909,0.15529,0.03049,0.00480,-0.98739,-0.28282,-0.02358,-0.00519,0.95887,0.00000,0.00000,1.00,1.00
20614,Saccade,10613,-10.00,0.00,0.13036,-0.00687,0.00593,-0.99143,0.15558,0.00294,0.00046,-0.98782,-0.28303,0.00473,-0.00487,0.95909,0.15521,0.03102,0.00488,-0.98738,-0.28281,-0.02369,-0.00558,0.95887,0.00000,0.00000,1.00,1.00
20627,Saccade,10625,-10.00,0.00,0.13032,-0.00708,0.00608,-0.99143,0.15561,0.00320,0.00050,-0.98781,-0.28303,0.00470,-0.00498,0.95909,0.15524,0.03129,0.00492,-0.98737,-0.28281,-0.02373,-0.00570,0.95887,0.00000,0.00000,1.00,1.00
20637,Saccade,10636,-10.00,0.00,0.13049,-0.00717,0.00601,-0.99141,0.15522,0.00084,0.00013,-0.98788,-0.28280,0.00717,-0.00484,0.95914,0.15490,0.02892,0.00454,-0.98750,-0.28264,-0.02126,-0.00554,0.95898,0.00000,0.00000,1.00,1.00
20648,Saccade,10647,-10.00,0.00,0.13066,-0.00728,0.00561,-0.99138,0.15505,0.00076,0.00012,-0.98791,-0.28280,0.00729,-0.00443,0.95914,0.15475,0.02885,0.00452,-0.98752,-0.28265,-0.02113,-0.00512,0.95898,0.00000,0.00000,1.00,1.00
20660,Saccade,10659,-10.00,0.00,0.13076,-0.00726,0.00529,-0.99137,0.15495,0.00060,0.00009,-0.98792,-0.28280,0.00738,-0.00411,0.95914,0.15467,0.02868,0.00449,-0.98754,-0.28265,-0.02104,-0.00480,0.95898,0.00000,0.00000,1.00,1.00
20671,Saccade,10670,-10.00,0.00,0.13073,-0.00728,0.00516,-0.99138,0.15397,-0.00018,-0.00003,-0.98808,-0.28181,0.00817,-0.00398,0.95943,0.15372,0.02790,0.00434,-0.98771,-0.28169,-0.02024,-0.00464,0.95928,0.00000,0.00000,1.00,1.00
20682,Saccade,10680,-10.00,0.00,0.13066,-0.00719,0.00502,-0.99139,0.15403,-0.00033,-0.00005,-0.98807,-0.28181,0.00821,-0.00384,0.95943,0.15379,0.02774,0.00432,-0.98771,-0.28169,-0.02020,-0.00451,0.95928,0.00000,0.00000,1.00,1.00
20693,Saccade,10692,-10.00,0.00,0.13055,-0.00699,0.00490,-0.99140,0.15414,-0.00057,-0.00009,-0.98805,-0.28181,0.00823,-0.00375,0.95943,0.15390,0.02751,0.00429,-0.98769,-0.28169,-0.02017,-0.00442,0.95928,0.00000,0.00000,1.00,1.00
20705,Saccade,10703,-10.00,0.00,0.13044,-0.00676,0.00467,-0.99142,0.15540,0.00014,0.00002,-0.98785,-0.28293,0.00726,-0.00357,0.95911,0.15513,0.02823,0.00443,-0.98748,-0.28277,-0.02117,-0.00428,0.95894,0.00000,0.00000,1.00,1.00
20714,Saccade,10713,-10.00,0.00,0.13058,-0.00658,0.00463,-0.99141,0.15527,-0.00005,-0.00001,-0.98787,-0.28293,0.00727,-0.00355,0.95911,0.15500,0.02804,0.00440,-0.98751,-0.28278,-0.02116,-0.00425,0.95894,0.00000,0.00000,1.00,1.00
20726,Saccade,10724,-10.00,0.00,0.13073,-0.00652,0.00452,-0.99139,0.15512,-0.00016,-0.00002,-0.98790,-0.28293,0.00730,-0.00345,0.95911,0.15486,0.02793,0.00438,-0.98753,-0.28278,-0.02113,-0.00414,0.95894,0.00000,0.00000,1.00,1.00
20737,Saccade,10736,-10.00,0.00,0.13080,-0.00640,0.00446,-0.99138,0.15393,0.00024,0.00004,-0.98808,-0.28185,0.00676,-0.00343,0.95943,0.15364,0.02831,0.00440,-0.98771,-0.28167,-0.02164,-0.00408,0.95926,0.00000,0.00000,1.00,1.00
20748,Saccade,10746,-10.00,0.00,0.13077,-0.00634,0.00446,-0.99138,0.15396,0.00019,0.00003,-0.98808,-0.28185,0.00676,-0.00343,0.95943,0.15367,0.02826,0.00440,-0.98771,-0.28167,-0.02164,-0.00409,0.95926,0.00000,0.00000,1.00,1.00
20760,Saccade,10758,-10.00,0.00,0.13077,-0.00628,0.00454,-0.99138,0.15397,0.00017,0.00003,-0.98808,-0.28185,0.00673,-0.00352,0.95943,0.15368,0.02824,0.00439,-0.98771,-0.28167,-0.02167,-0.00418,0.95926,0.00000,0.00000,1.00,1.00
20771,Saccade,10769,-10.00,0.00,0.13069,-0.00628,0.00469,-0.99139,0.15416,0.00109,0.00017,-0.98805,-0.28196,0.00582,-0.00369,0.95940,0.15383,0.02916,0.00454,-0.98766,-0.28175,-0.02258,-0.00436,0.95921,0.00000,0.00000,1.00,1.00
20781,Saccade,10780,-10.00,0.00,0.13082,-0.00628,0.00469,-0.99137,0.15402,0.00109,0.00017,-0.98807,-0.28196,0.00582,-0.00370,0.95940,0.15370,0.02916,0.00454,-0.98768,-0.28175,-0.02258,-0.00436,0.95921,0.00000,0.00000,1.00,1.00
20793,Saccade,10792,-10.00,0.00,0.13105,-0.00632,0.00465,-0.99135,0.15380,0.00111,0.00017,-0.98810,-0.28196,0.00584,-0.00364,0.95940,0.15348,0.02918,0.00453,-0.98771,-0.28175,-0.02256,-0.00429,0.95921,0.00000,0.00000,1.00,1.00
20804,Saccade,10803,-10.00,0.00,0.13118,-0.00636,0.00457,-0.99133,0.15085,0.00129,0.00020,-0.98856,-0.27923,0.00567,-0.00359,0.96020,0.15054,0.02932,0.00447,-0.98816,-0.27902,-0.02267,-0.00414,0.96001,0.00000,0.00000,1.00,1.00
20815,Saccade,10813,-10.00,0.00,0.13124,-0.00649,0.00482,-0.99132,0.15079,0.00152,0.00023,-0.98857,-0.27923,0.00561,-0.00382,0.96020,0.15046,0.02954,0.00450,-0.98816,-0.27902,-0.02274,-0.00437,0.96001,0.00000,0.00000,1.00,1.00
20827,Saccade,10826,-10.00,0.00,0.13130,-0.00663,0.00512,-0.99131,0.15073,0.00178,0.00027,-0.98857,-0.27923,0.00553,-0.00409,0.96020,0.15039,0.02980,0.00454,-0.98817,-0.27901,-0.02282,-0.00464,0.96001,0.00000,0.00000,1.00,1.00
20838,Saccade,10837,-10.00,0.00,0.13145,-0.00661,0.00511,-0.99129,0.15083,0.00130,0.00020,-0.98856,-0.27947,0.00599,-0.00409,0.96013,0.15050,0.02932,0.00447,-0.98816,-0.27926,-0.02236,-0.00463,0.95994,0.00000,0.00000,1.00,1.00
20848,Saccade,10847,-10.00,0.00,0.13158,-0.00673,0.00489,-0.99127,0.15070,0.00131,0.00020,-0.98858,-0.27947,0.00606,-0.00385,0.96013,0.15038,0.02934,0.00446,-0.98818,-0.27927,-0.02229,-0.00439,0.95994,0.00000,0.00000,1.00,1.00
20860,Saccade,10859,-10.00,0.00,0.13176,-0.00681,0.00471,-0.99125,0.15052,0.00131,0.00020,-0.98861,-0.27947,0.00611,-0.00366,0.96013,0.15021,0.02933,0.00446,-0.98821,-0.27927,-0.02223,-0.00419,0.95995,0.00000,0.00000,1.00,1.00
20871,Saccade,10870,-10.00,0.00,0.13200,-0.00692,0.00445,-0.99122,0.15039,0.00110,0.00017,-0.98863,-0.27957,0.00640,-0.00338,0.96010,0.15011,0.02912,0.00442,-0.98823,-0.27940,-0.02194,-0.00390,0.95992,0.00000,0.00000,1.00,1.00
20882,Saccade,10881,-10.00,0.00,0.13235,-0.00698,0.00440,-0.99117,0.15004,0.00113,0.00017,-0.98868,-0.27957,0.00642,-0.00332,0.96010,0.14976,0.02914,0.00442,-0.98828,-0.27940,-0.02192,-0.00382,0.95992,0.00000,0.00000,1.00,1.00
20893,Saccade,10892,-10.00,0.00,0.13273,-0.00705,0.00441,-0.99112,0.14966,0.00120,0.00018,-0.98874,-0.27957,0.00642,-0.00333,0.96010,0.14939,0.02921,0.00442,-0.98834,-0.27940,-0.02191,-0.00381,0.95992,0.00000,0.00000,1.00,1.00
20905,Saccade,10904,-10.00,0.00,0.13300,-0.00702,0.00443,-0.99108,0.14984,0.00164,0.00025,-0.98871,-0.28000,0.00595,-0.00336,0.95997,0.14954,0.02965,0.00449,-0.98830,-0.27981,-0.02238,-0.00384,0.95979,0.00000,0.00000,1.00,1.00
20915,Saccade,10914,-10.00,0.00,0.13315,-0.00707,0.00455,-0.99106,0.14968,0.00173,0.00026,-0.98873,-0.28000,0.00592,-0.00347,0.95997,0.14937,0.02974,0.00450,-0.98832,-0.27980,-0.02241,-0.00394,0.95979,0.00000,0.00000,1.00,1.00
20927,Saccade,10926,-10.00,0.00,0.13327,-0.00700,0.00461,-0.99104,0.14957,0.00170,0.00026,-0.98875,-0.28000,0.00590,-0.00354,0.95997,0.14926,0.02970,0.00449,-0.98834,-0.27980,-0.02243,-0.00400,0.95979,0.00000,0.00000,1.00,1.00
20938,Saccade,10937,-10.00,0.00,0.13342,-0.00694,0.00458,-0.99102,0.14933,0.00152,0.00023,-0.98879,-0.27992,0.00601,-0.00352,0.96000,0.14901,0.02952,0.00445,-0.98838,-0.27971,-0.02231,-0.00397,0.95982,0.00000,0.00000,1.00,1.00
20949,Saccade,10947,-10.00,0.00,0.13350,-0.00684,0.00442,-0.99102,0.14926,0.00136,0.00021,-0.98880,-0.27992,0.00605,-0.00337,0.96000,0.14895,0.02936,0.00442,-0.98840,-0.27972,-0.02227,-0.00381,0.95982,0.00000,0.00000,1.00,1.00
20960,Saccade,10959,-10.00,0.00,0.13368,-0.00672,0.00436,-0.99099,0.14907,0.00122,0.00018,-0.98883,-0.27992,0.00606,-0.00333,0.96000,0.14877,0.02922,0.00440,-0.98843,-0.27972,-0.02225,-0.00376,0.95982,0.00000,0.00000,1.00,1.00
20971,Saccade,10970,-10.00,0.00,0.13365,-0.00670,0.00437,-0.99100,0.14910,0.00120,0.00018,-0.98882,-0.27991,0.00606,-0.00334,0.96000,0.14879,0.02920,0.00440,-0.98843,-0.27971,-0.02226,-0.00377,0.95982,0.00000,0.00000,1.00,1.00
20982,Saccade,10981,-10.00,0.00,0.13360,-0.00671,0.00448,-0.99100,0.14915,0.00126,0.00019,-0.98881,-0.27992,0.00602,-0.00345,0.96000,0.14884,0.02926,0.00441,-0.98842,-0.27971,-0.02229,-0.00389,0.95982,0.00000,0.00000,1.00,1.00
20994,Saccade,10993,-10.00,0.00,0.13338,-0.00672,0.00476,-0.99103,0.14936,0.00140,0.00021,-0.98878,-0.27992,0.00594,-0.00373,0.96000,0.14903,0.02940,0.00443,-0.98839,-0.27970,-0.02238,-0.00418,0.95982,0.00000,0.00000,1.00,1.00
21005,Saccade,11004,-10.00,0.00,0.13308,-0.00674,0.00512,-0.99107,0.14999,0.00142,0.00022,-0.98869,-0.28023,0.00599,-0.00408,0.95990,0.14964,0.02944,0.00446,-0.98829,-0.28001,-0.02234,-0.00455,0.95973,0.00000,0.00000,1.00,1.00
21016,Saccade,11014,-10.00,0.00,0.13294,-0.00676,0.00525,-0.99109,0.15013,0.00149,0.00023,-0.98866,-0.28024,0.00596,-0.00420,0.95990,0.14978,0.02951,0.00447,-0.98827,-0.28001,-0.02238,-0.00468,0.95973,0.00000,0.00000,1.00,1.00
21028,Saccade,11026,-10.00,0.00,0.13282,-0.00671,0.00522,-0.99110,0.15026,0.00144,0.00022,-0.98865,-0.28024,0.00596,-0.00418,0.95990,0.14990,0.02946,0.00447,-0.98825,-0.28001,-0.02237,-0.00467,0.95973,0.00000,0.00000,1.00,1.00
21038,Saccade,11037,-10.00,0.00,0.13286,-0.00668,0.00537,-0.99110,0.15122,0.00118,0.00018,-0.98850,-0.28121,0.00622,-0.00432,0.95962,0.15088,0.02921,0.00446,-0.98811,-0.28100,-0.02213,-0.00483,0.95944,0.00000,0.00000,1.00,1.00
21049,Saccade,11048,-10.00,0.00,0.13282,-0.00662,0.00539,-0.99110,0.15125,0.00113,0.00017,-0.98849,-0.28121,0.00621,-0.00435,0.95962,0.15091,0.02916,0.00445,-0.98811,-0.28100,-0.02214,-0.00487,0.95944,0.00000,0.00000,1.00,1.00
21061,Saccade,11060,-10.00,0.00,0.13297,-0.00665,0.00536,-0.99108,0.15111,0.00115,0.00018,-0.98852,-0.28121,0.00622,-0.00431,0.95962,0.15077,0.02918,0.00445,-0.98813,-0.28100,-0.02213,-0.00482,0.95944,0.00000,0.00000,1.00,1.00
21072,Saccade,11071,-10.00,0.00,0.13313,-0.00664,0.00537,-0.99106,0.15071,0.00107,0.00016,-0.98858,-0.28097,0.00629,-0.00433,0.95969,0.15039,0.02909,0.00443,-0.98819,-0.28078,-0.02205,-0.00482,0.95951,0.00000,0.00000,1.00,1.00
21083,Saccade,11081,-10.00,0.00,0.13331,-0.00663,0.00534,-0.99104,0.15053,0.00105,0.00016,-0.98861,-0.28097,0.00630,-0.00430,0.95969,0.15021,0.02907,0.00442,-0.98822,-0.28078,-0.02204,-0.00478,0.95951,0.00000,0.00000,1.00,1.00
21095,Saccade,11094,-10.00,0.00,0.13350,-0.00663,0.00531,-0.99101,0.15034,0.00103,0.00016,-0.98863,-0.28097,0.00631,-0.00427,0.95969,0.15002,0.02905,0.00441,-0.98825,-0.28078,-0.02203,-0.00475,0.95951,0.00000,0.00000,1.00,1.00
21106,Saccade,11104,-10.00,0.00,0.13363,-0.00659,0.00532,-0.99100,0.15032,0.00128,0.00020,-0.98864,-0.28108,0.00602,-0.00429,0.95966,0.15000,0.02930,0.00445,-0.98824,-0.28089,-0.02232,-0.00476,0.95947,0.00000,0.00000,1.00,1.00
21116,Saccade,11115,-10.00,0.00,0.13370,-0.00660,0.00531,-0.99099,0.15024,0.00129,0.00020,-0.98865,-0.28108,0.00602,-0.00428,0.95966,0.14993,0.02930,0.00445,-0.98825,-0.28089,-0.02231,-0.00475,0.95947,0.00000,0.00000,1.00,1.00
21128,Saccade,11127,-10.00,0.00,0.13380,-0.00652,0.00530,-0.99097,0.15014,0.00120,0.00018,-0.98866,-0.28108,0.00602,-0.00428,0.95966,0.14983,0.02922,0.00443,-0.98827,-0.28089,-0.02231,-0.00474,0.95947,0.00000,0.00000,1.00,1.00
21139,Saccade,11138,-10.00,0.00,0.13394,-0.00637,0.00537,-0.99095,0.15053,0.00111,0.00017,-0.98861,-0.28159,0.00598,-0.00437,0.95951,0.15021,0.02913,0.00443,-0.98822,-0.28140,-0.02236,-0.00484,0.95932,0.00000,0.00000,1.00,1.00
21150,Saccade,11149,-10.00,0.00,0.13394,-0.00619,0.00542,-0.99096,0.15053,0.00096,0.00015,-0.98860,-0.28159,0.00596,-0.00445,0.95951,0.15021,0.02898,0.00441,-0.98822,-0.28140,-0.02238,-0.00491,0.95932,0.00000,0.00000,1.00,1.00
21162,Saccade,11160,-10.00,0.00,0.13396,-0.00612,0.00568,-0.99095,0.15052,0.00101,0.00015,-0.98861,-0.28159,0.00588,-0.00471,0.95950,0.15018,0.02903,0.00441,-0.98822,-0.28139,-0.02246,-0.00518,0.95932,0.00000,0.00000,1.00,1.00
21172,Saccade,11171,-10.00,0.00,0.13405,-0.00583,0.00569,-0.99094,0.15073,0.00105,0.00016,-0.98857,-0.28189,0.00556,-0.00477,0.95942,0.15039,0.02908,0.00442,-0.98819,-0.28169,-0.02279,-0.00524,0.95922,0.00000,0.00000,1.00,1.00
21183,Saccade,11181,-10.00,0.00,0.13421,-0.00562,0.00565,-0.99092,0.15058,0.00084,0.00013,-0.98860,-0.28189,0.00556,-0.00475,0.95942,0.15024,0.02886,0.00439,-0.98822,-0.28169,-0.02278,-0.00522,0.95922,0.00000,0.00000,1.00,1.00
21195,Saccade,11194,-10.00,0.00,0.13422,-0.00533,0.00548,-0.99092,0.15056,0.00049,0.00007,-0.98860,-0.28189,0.00560,-0.00462,0.95942,0.15024,0.02851,0.00433,-0.98823,-0.28169,-0.02274,-0.00508,0.95922,0.00000,0.00000,1.00,1.00
21206,Saccade,11204,-10.00,0.00,0.13422,-0.00528,0.00555,-0.99092,0.15078,-0.00084,-0.00013,-0.98857,-0.28210,0.00690,-0.00467,0.95935,0.15049,0.02719,0.00414,-0.98823,-0.28194,-0.02145,-0.00514,0.95918,0.00000,0.00000,1.00,1.00
21216,Saccade,11215,-10.00,0.00,0.13457,-0.00516,0.00563,-0.99088,0.15044,-0.00092,-0.00014,-0.98862,-0.28210,0.00687,-0.00477,0.95935,0.15015,0.02710,0.00412,-0.98828,-0.28194,-0.02147,-0.00522,0.95918,0.00000,0.00000,1.00,1.00
21228,Saccade,11227,-10.00,0.00,0.13495,-0.00528,0.00582,-0.99082,0.15006,-0.00072,-0.00011,-0.98868,-0.28210,0.00682,-0.00495,0.95935,0.14976,0.02730,0.00414,-0.98834,-0.28194,-0.02151,-0.00537,0.95918,0.00000,0.00000,1.00,1.00
21239,Saccade,11238,-10.00,0.00,0.13521,-0.00537,0.00636,-0.99078,0.14820,0.00153,0.00023,-0.98896,-0.28056,0.00470,-0.00551,0.95981,0.14785,0.02952,0.00441,-0.98856,-0.28036,-0.02360,-0.00587,0.95959,0.00000,0.00000,1.00,1.00
21249,Saccade,11248,-10.00,0.00,0.13522,-0.00551,0.00707,-0.99078,0.14819,0.00198,0.00030,-0.98896,-0.28057,0.00450,-0.00620,0.95980,0.14779,0.02996,0.00448,-0.98855,-0.28034,-0.02380,-0.00656,0.95958,0.00000,0.00000,1.00,1.00
21261,Saccade,11260,-10.00,0.00,0.13517,-0.00564,0.00771,-0.99078,0.14824,0.00238,0.00036,-0.98895,-0.28057,0.00432,-0.00682,0.95980,0.14781,0.03037,0.00454,-0.98854,-0.28032,-0.02398,-0.00718,0.95958,0.00000,0.00000,1.00,1.00
21272,Saccade,11271,-10.00,0.00,0.13519,-0.00568,0.00793,-0.99077,0.14875,0.00244,0.00037,-0.98887,-0.28109,0.00433,-0.00703,0.95965,0.14834,0.03044,0.00457,-0.98846,-0.28087,-0.02398,-0.00741,0.95942,0.00000,0.00000,1.00,1.00
21282,Saccade,11281,-10.00,0.00,0.13536,-0.00569,0.00790,-0.99075,0.14859,0.00243,0.00037,-0.98890,-0.28109,0.00434,-0.00700,0.95965,0.14818,0.03042,0.00456,-0.98848,-0.28087,-0.02397,-0.00737,0.95942,0.00000,0.00000,1.00,1.00
21295,Saccade,11294,-10.00,0.00,0.13562,-0.00564,0.00773,-0.99071,0.14833,0.00231,0.00035,-0.98894,-0.28109,0.00439,-0.00684,0.95965,0.14792,0.03030,0.00453,-0.98852,-0.28087,-0.02391,-0.00719,0.95942,0.00000,0.00000,1.00,1.00
21305,Saccade,11304,-10.00,0.00,0.13592,-0.00562,0.00771,-0.99067,0.14817,0.00171,0.00026,-0.98896,-0.28122,0.00497,-0.00682,0.95961,0.14782,0.02969,0.00444,-0.98856,-0.28106,-0.02333,-0.00716,0.95938,0.00000,0.00000,1.00,1.00
21316,Saccade,11315,-10.00,0.00,0.13623,-0.00544,0.00786,-0.99063,0.14786,0.00160,0.00024,-0.98901,-0.28122,0.00492,-0.00699,0.95961,0.14751,0.02958,0.00441,-0.98861,-0.28106,-0.02337,-0.00731,0.95938,0.00000,0.00000,1.00,1.00
21329,Saccade,11327,-10.00,0.00,0.13663,-0.00527,0.00801,-0.99058,0.14747,0.00150,0.00022,-0.98907,-0.28122,0.00487,-0.00716,0.95960,0.14711,0.02948,0.00439,-0.98867,-0.28106,-0.02341,-0.00746,0.95938,0.00000,0.00000,1.00,1.00
21339,Saccade,11338,-10.00,0.00,0.13709,-0.00496,0.00814,-0.99051,0.14607,0.00150,0.00022,-0.98927,-0.28032,0.00457,-0.00734,0.95987,0.14572,0.02946,0.00434,-0.98888,-0.28017,-0.02369,-0.00759,0.95963,0.00000,0.00000,1.00,1.00
21349,Saccade,11348,-10.00,0.00,0.13756,-0.00465,0.00818,-0.99045,0.14561,0.00122,0.00018,-0.98934,-0.28032,0.00455,-0.00742,0.95987,0.14526,0.02918,0.00429,-0.98895,-0.28016,-0.02371,-0.00764,0.95963,0.00000,0.00000,1.00,1.00
21362,Saccade,11361,-10.00,0.00,0.13790,-0.00442,0.00825,-0.99040,0.14526,0.00104,0.00015,-0.98939,-0.28032,0.00452,-0.00753,0.95987,0.14491,0.02899,0.00425,-0.98901,-0.28016,-0.02373,-0.00773,0.95963,0.00000,0.00000,1.00,1.00
21372,Saccade,11371,-10.00,0.00,0.13818,-0.00412,0.00827,-0.99036,0.14588,0.00096,0.00014,-0.98930,-0.28118,0.00432,-0.00759,0.95962,0.14554,0.02892,0.00426,-0.98892,-0.28104,-0.02394,-0.00780,0.95937,0.00000,0.00000,1.00,1.00
21383,Saccade,11382,-10.00,0.00,0.13844,-0.00390,0.00830,-0.99033,0.14561,0.00075,0.00011,-0.98934,-0.28118,0.00430,-0.00765,0.95962,0.14527,0.02871,0.00422,-0.98897,-0.28104,-0.02396,-0.00784,0.95937,0.00000,0.00000,1.00,1.00
21395,Saccade,11394,-10.00,0.00,0.13857,-0.00376,0.00822,-0.99031,0.14549,0.00060,0.00009,-0.98936,-0.28118,0.00432,-0.00759,0.95962,0.14516,0.02855,0.00419,-0.98899,-0.28104,-0.02394,-0.00778,0.95937,0.00000,0.00000,1.00,1.00
21406,Saccade,11405,-10.00,0.00,0.13860,-0.00359,0.00822,-0.99031,0.14649,0.00135,0.00020,-0.98921,-0.28218,0.00340,-0.00762,0.95932,0.14616,0.02931,0.00433,-0.98882,-0.28205,-0.02488,-0.00783,0.95905,0.00000,0.00000,1.00,1.00
21417,Saccade,11415,-10.00,0.00,0.13867,-0.00358,0.00811,-0.99030,0.14642,0.00129,0.00019,-0.98922,-0.28218,0.00343,-0.00751,0.95932,0.14609,0.02925,0.00432,-0.98883,-0.28205,-0.02484,-0.00772,0.95905,0.00000,0.00000,1.00,1.00
21429,Saccade,11428,-10.00,0.00,0.13879,-0.00362,0.00810,-0.99028,0.14630,0.00132,0.00020,-0.98924,-0.28218,0.00343,-0.00749,0.95933,0.14598,0.02928,0.00432,-0.98885,-0.28205,-0.02484,-0.00769,0.95905,0.00000,0.00000,1.00,1.00
21439,Saccade,11438,-10.00,0.00,0.13879,-0.00367,0.00827,-0.99028,0.14498,0.00212,0.00031,-0.98943,-0.28091,0.00268,-0.00766,0.95970,0.14465,0.03007,0.00440,-0.98902,-0.28078,-0.02556,-0.00783,0.95940,0.00000,0.00000,1.00,1.00
21450,Saccade,11449,-10.00,0.00,0.13880,-0.00388,0.00867,-0.99027,0.14497,0.00250,0.00037,-0.98943,-0.28091,0.00258,-0.00803,0.95970,0.14461,0.03044,0.00445,-0.98901,-0.28077,-0.02567,-0.00819,0.95940,0.00000,0.00000,1.00,1.00
21462,Saccade,11461,-10.00,0.00,0.13887,-0.00413,0.00891,-0.99026,0.14489,0.00283,0.00041,-0.98944,-0.28091,0.00252,-0.00823,0.95969,0.14453,0.03077,0.00450,-0.98901,-0.28076,-0.02573,-0.00839,0.95940,0.00000,0.00000,1.00,1.00
21473,Saccade,11471,-10.00,0.00,0.13894,-0.00432,0.00891,-0.99025,0.14514,0.00301,0.00044,-0.98941,-0.28122,0.00253,-0.00820,0.95961,0.14478,0.03096,0.00453,-0.98897,-0.28107,-0.02572,-0.00837,0.95931,0.00000,0.00000,1.00,1.00
21483,Saccade,11482,-10.00,0.00,0.13893,-0.00454,0.00895,-0.99025,0.14514,0.00324,0.00048,-0.98941,-0.28122,0.00252,-0.00822,0.95961,0.14479,0.03119,0.00457,-0.98896,-0.28107,-0.02573,-0.00838,0.95930,0.00000,0.00000,1.00,1.00
21496,Saccade,11494,-10.00,0.00,0.13877,-0.00475,0.00902,-0.99027,0.14530,0.00346,0.00051,-0.98938,-0.28122,0.00251,-0.00826,0.95961,0.14494,0.03141,0.00460,-0.98893,-0.28107,-0.02574,-0.00843,0.95930,0.00000,0.00000,1.00,1.00
21506,Saccade,11505,-10.00,0.00,0.13869,-0.00491,0.00912,-0.99028,0.14447,0.00385,0.00056,-0.98950,-0.28033,0.00228,-0.00833,0.95986,0.14411,0.03179,0.00463,-0.98904,-0.28019,-0.02595,-0.00849,0.95956,0.00000,0.00000,1.00,1.00
21517,Saccade,11515,-10.00,0.00,0.13863,-0.00495,0.00907,-0.99029,0.14453,0.00387,0.00057,-0.98949,-0.28033,0.00230,-0.00828,0.95986,0.14417,0.03181,0.00464,-0.98903,-0.28020,-0.02594,-0.00844,0.95956,0.00000,0.00000,1.00,1.00
21529,Saccade,11528,-10.00,0.00,0.13874,-0.00491,0.00910,-0.99028,0.14442,0.00385,0.00056,-0.98951,-0.28033,0.00229,-0.00832,0.95986,0.14406,0.03178,0.00463,-0.98905,-0.28019,-0.02595,-0.00847,0.95956,0.00000,0.00000,1.00,1.00
21539,Saccade,11538,-10.00,0.00,0.13878,-0.00493,0.00917,-0.99027,0.14436,0.00052,0.00008,-0.98952,-0.28029,0.00568,-0.00837,0.95986,0.14407,0.02846,0.00415,-0.98915,-0.28022,-0.02256,-0.00852,0.95963,0.00000,0.00000,1.00,1.00
21550,Saccade,11549,-10.00,0.00,0.13886,-0.00483,0.00920,-0.99026,0.14428,0.00044,0.00006,-0.98954,-0.28029,0.00567,-0.00841,0.95986,0.14399,0.02838,0.00413,-0.98916,-0.28022,-0.02257,-0.00856,0.95963,0.00000,0.00000,1.00,1.00
21562,Saccade,11561,-10.00,0.00,0.13889,-0.00466,0.00923,-0.99025,0.14425,0.00029,0.00004,-0.98954,-0.28029,0.00565,-0.00846,0.95986,0.14396,0.02823,0.00411,-0.98917,-0.28022,-0.02258,-0.00860,0.95963,0.00000,0.00000,1.00,1.00
21573,Saccade,11571,-10.00,0.00,0.13889,-0.00450,0.00931,-0.99025,0.14403,0.00274,0.00040,-0.98957,-0.28010,0.00303,-0.00858,0.95993,0.14369,0.03067,0.00446,-0.98914,-0.27998,-0.02520,-0.00872,0.95964,0.00000,0.00000,1.00,1.00
21583,Saccade,11582,-10.00,0.00,0.13889,-0.00429,0.00934,-0.99025,0.14404,0.00255,0.00037,-0.98957,-0.28010,0.00301,-0.00864,0.95993,0.14369,0.03048,0.00443,-0.98914,-0.27997,-0.02522,-0.00878,0.95964,0.00000,0.00000,1.00,1.00
21596,Saccade,11595,-10.00,0.00,0.13886,-0.00403,0.00950,-0.99026,0.14407,0.00238,0.00035,-0.98957,-0.28010,0.00295,-0.00884,0.95993,0.14371,0.03031,0.00440,-0.98915,-0.27997,-0.02528,-0.00897,0.95963,0.00000,0.00000,1.00,1.00
21606,Saccade,11605,-10.00,0.00,0.13883,-0.00392,0.00965,-0.99026,0.14416,0.00352,0.00051,-0.98955,-0.28017,0.00171,-0.00900,0.95991,0.14378,0.03146,0.00457,-0.98910,-0.28002,-0.02652,-0.00914,0.95958,0.00000,0.00000,1.00,1.00
21617,Saccade,11616,-10.00,0.00,0.13888,-0.00380,0.00973,-0.99025,0.14410,0.00345,0.00050,-0.98956,-0.28017,0.00168,-0.00910,0.95991,0.14372,0.03138,0.00456,-0.98911,-0.28002,-0.02655,-0.00924,0.95958,0.00000,0.00000,1.00,1.00
21629,Saccade,11628,-10.00,0.00,0.13888,-0.00374,0.00987,-0.99025,0.14411,0.00345,0.00050,-0.98956,-0.28017,0.00164,-0.00925,0.95990,0.14372,0.03138,0.00456,-0.98911,-0.28001,-0.02659,-0.00938,0.95958,0.00000,0.00000,1.00,1.00
21639,Saccade,11638,-10.00,0.00,0.13897,-0.00366,0.00999,-0.99024,0.14423,0.00404,0.00059,-0.98954,-0.28038,0.00099,-0.00938,0.95984,0.14384,0.03197,0.00465,-0.98907,-0.28022,-0.02724,-0.00952,0.95950,0.00000,0.00000,1.00,1.00
21650,Saccade,11649,-10.00,0.00,0.13910,-0.00369,0.01015,-0.99022,0.14409,0.00413,0.00060,-0.98956,-0.28038,0.00094,-0.00953,0.95984,0.14370,0.03206,0.00466,-0.98909,-0.28022,-0.02728,-0.00966,0.95950,0.00000,0.00000,1.00,1.00
21663,Saccade,11661,-10.00,0.00,0.13920,-0.00365,0.01018,-0.99020,0.14399,0.00411,0.00060,-0.98957,-0.28038,0.00093,-0.00956,0.95984,0.14359,0.03203,0.00465,-0.98911,-0.28022,-0.02729,-0.00969,0.95950,0.00000,0.00000,1.00,1.00
21673,Saccade,11672,-10.00,0.00,0.13930,-0.00377,0.01015,-0.99019,0.14397,0.00436,0.00063,-0.98957,-0.28045,0.00079,-0.00952,0.95982,0.14359,0.03228,0.00469,-0.98910,-0.28031,-0.02743,-0.00964,0.95947,0.00000,0.00000,1.00,1.00
21684,Saccade,11683,-10.00,0.00,0.13927,-0.00379,0.01019,-0.99020,0.14401,0.00440,0.00064,-0.98957,-0.28045,0.00078,-0.00956,0.95982,0.14362,0.03233,0.00469,-0.98909,-0.28031,-0.02745,-0.00968,0.95947,0.00000,0.00000,1.00,1.00
21696,Saccade,11695,-10.00,0.00,0.13926,-0.00380,0.01022,-0.99020,0.14401,0.00441,0.00064,-0.98957,-0.28045,0.00077,-0.00959,0.95982,0.14362,0.03234,0.00470,-0.98909,-0.28031,-0.02745,-0.00971,0.95947,0.00000,0.00000,1.00,1.00
21707,Saccade,11705,-10.00,0.00,0.13940,-0.00376,0.01027,-0.99018,0.14387,0.00448,0.00065,-0.98959,-0.28045,0.00067,-0.00964,0.95982,0.14349,0.03240,0.00470,-0.98911,-0.28032,-0.02755,-0.00976,0.95946,0.00000,0.00000,1.00,1.00
21717,Saccade,11716,-10.00,0.00,0.13971,-0.00373,0.01038,-0.99013,0.14356,0.00449,0.00065,-0.98963,-0.28045,0.00064,-0.00976,0.95982,0.14318,0.03241,0.00469,-0.98916,-0.28032,-0.02758,-0.00985,0.95946,0.00000,0.00000,1.00,1.00
21730,Saccade,11728,-10.00,0.00,0.14005,-0.00373,0.01053,-0.99008,0.14322,0.00455,0.00066,-0.98968,-0.28045,0.00060,-0.00990,0.95982,0.14283,0.03247,0.00469,-0.98920,-0.28031,-0.02761,-0.00998,0.95946,0.00000,0.00000,1.00,1.00
21740,Saccade,11739,-10.00,0.00,0.14034,-0.00371,0.01060,-0.99004,0.14314,0.00441,0.00064,-0.98969,-0.28065,0.00073,-0.00997,0.95976,0.14276,0.03233,0.00467,-0.98922,-0.28052,-0.02748,-0.01004,0.95940,0.00000,0.00000,1.00,1.00
21751,Saccade,11749,-10.00,0.00,0.14063,-0.00365,0.01084,-0.99000,0.14284,0.00446,0.00064,-0.98974,-0.28065,0.00066,-0.01021,0.95975,0.14245,0.03237,0.00466,-0.98926,-0.28052,-0.02755,-0.01026,0.95940,0.00000,0.00000,1.00,1.00
21763,Saccade,11762,-10.00,0.00,0.14084,-0.00360,0.01110,-0.98996,0.14263,0.00452,0.00065,-0.98977,-0.28065,0.00058,-0.01048,0.95975,0.14222,0.03243,0.00466,-0.98929,-0.28051,-0.02762,-0.01052,0.95940,0.00000,0.00000,1.00,1.00
21773,Saccade,11772,-10.00,0.00,0.14104,-0.00350,0.01133,-0.98993,0.14189,0.00444,0.00064,-0.98987,-0.28012,0.00058,-0.01072,0.95991,0.14148,0.03235,0.00463,-0.98940,-0.27998,-0.02761,-0.01073,0.95955,0.00000,0.00000,1.00,1.00
21784,Saccade,11783,-10.00,0.00,0.14118,-0.00333,0.01138,-0.98991,0.14174,0.00430,0.00062,-0.98989,-0.28012,0.00056,-0.01079,0.95990,0.14134,0.03220,0.00460,-0.98943,-0.27998,-0.02763,-0.01080,0.95955,0.00000,0.00000,1.00,1.00
21796,Saccade,11795,-10.00,0.00,0.14128,-0.00317,0.01149,-0.98990,0.14165,0.00420,0.00060,-0.98991,-0.28012,0.00052,-0.01092,0.95990,0.14123,0.03210,0.00458,-0.98945,-0.27998,-0.02766,-0.01092,0.95955,0.00000,0.00000,1.00,1.00
21807,Saccade,11806,-10.00,0.00,0.14136,-0.00294,0.01154,-0.98989,0.14161,0.00525,0.00075,-0.98991,-0.28018,-0.00076,-0.01100,0.95988,0.14120,0.03315,0.00473,-0.98941,-0.28004,-0.02894,-0.01100,0.95949,0.00000,0.00000,1.00,1.00
21818,Saccade,11816,-10.00,0.00,0.14180,-0.00281,0.01155,-0.98982,0.14118,0.00513,0.00073,-0.98997,-0.28018,-0.00077,-0.01104,0.95988,0.14076,0.03302,0.00470,-0.98948,-0.28004,-0.02894,-0.01100,0.95949,0.00000,0.00000,1.00,1.00
21830,Saccade,11828,-10.00,0.00,0.14231,-0.00258,0.01162,-0.98975,0.14067,0.00494,0.00070,-0.99004,-0.28018,-0.00080,-0.01114,0.95988,0.14025,0.03283,0.00465,-0.98956,-0.28003,-0.02896,-0.01107,0.95949,0.00000,0.00000,1.00,1.00
21841,Saccade,11839,-10.00,0.00,0.14272,-0.00245,0.01192,-0.98969,0.14081,0.00511,0.00073,-0.99002,-0.28072,-0.00106,-0.01144,0.95972,0.14040,0.03300,0.00468,-0.98953,-0.28058,-0.02923,-0.01137,0.95932,0.00000,0.00000,1.00,1.00
21851,Saccade,11850,-10.00,0.00,0.14306,-0.00235,0.01240,-0.98963,0.14047,0.00521,0.00074,-0.99007,-0.28072,-0.00120,-0.01193,0.95972,0.14003,0.03309,0.00468,-0.98958,-0.28057,-0.02936,-0.01184,0.95931,0.00000,0.00000,1.00,1.00
21863,Saccade,11862,-10.00,0.00,0.14356,-0.00218,0.01265,-0.98956,0.13997,0.00516,0.00073,-0.99014,-0.28072,-0.00128,-0.01220,0.95971,0.13952,0.03303,0.00466,-0.98966,-0.28056,-0.02944,-0.01208,0.95931,0.00000,0.00000,1.00,1.00
21874,Saccade,11873,-10.00,0.00,0.14408,-0.00201,0.01273,-0.98948,0.13967,0.00392,0.00055,-0.99019,-0.28093,-0.00018,-0.01231,0.95965,0.13927,0.03179,0.00447,-0.98973,-0.28082,-0.02834,-0.01217,0.95927,0.00000,0.00000,1.00,1.00
21884,Saccade,11883,-10.00,0.00,0.14455,-0.00182,0.01275,-0.98941,0.13920,0.00374,0.00053,-0.99026,-0.28093,-0.00020,-0.01235,0.95965,0.13880,0.03161,0.00443,-0.98981,-0.28082,-0.02834,-0.01218,0.95926,0.00000,0.00000,1.00,1.00
21897,Saccade,11895,-10.00,0.00,0.14494,-0.00175,0.01292,-0.98935,0.13881,0.00374,0.00052,-0.99031,-0.28093,-0.00025,-0.01253,0.95965,0.13840,0.03161,0.00442,-0.98986,-0.28081,-0.02839,-0.01234,0.95926,0.00000,0.00000,1.00,1.00
21907,Saccade,11906,-10.00,0.00,0.14506,-0.00158,0.01320,-0.98933,0.13990,0.00388,0.00055,-0.99016,-0.28209,-0.00051,-0.01283,0.95930,0.13950,0.03176,0.00448,-0.98970,-0.28200,-0.02866,-0.01267,0.95890,0.00000,0.00000,1.00,1.00
21918,Saccade,11916,-10.00,0.00,0.14528,-0.00144,0.01362,-0.98930,0.13967,0.00393,0.00055,-0.99019,-0.28209,-0.00063,-0.01327,0.95930,0.13924,0.03180,0.00447,-0.98974,-0.28199,-0.02879,-0.01309,0.95890,0.00000,0.00000,1.00,1.00
21930,Saccade,11929,-10.00,0.00,0.14549,-0.00125,0.01380,-0.98926,0.13947,0.00382,0.00054,-0.99022,-0.28209,-0.00070,-0.01347,0.95929,0.13903,0.03169,0.00445,-0.98977,-0.28198,-0.02884,-0.01328,0.95889,0.00000,0.00000,1.00,1.00
21941,Saccade,11940,-10.00,0.00,0.14573,-0.00106,0.01397,-0.98923,0.13884,0.00329,0.00046,-0.99031,-0.28171,-0.00033,-0.01366,0.95940,0.13844,0.03115,0.00436,-0.98987,-0.28164,-0.02847,-0.01345,0.95900,0.00000,0.00000,1.00,1.00
21951,Saccade,11950,-10.00,0.00,0.14613,-0.00084,0.01416,-0.98916,0.13844,0.00316,0.00044,-0.99037,-0.28171,-0.00040,-0.01388,0.95940,0.13803,0.03102,0.00433,-0.98993,-0.28164,-0.02853,-0.01365,0.95900,0.00000,0.00000,1.00,1.00
21963,Saccade,11962,-10.00,0.00,0.14661,-0.00062,0.01420,-0.98909,0.13796,0.00297,0.00041,-0.99043,-0.28171,-0.00042,-0.01396,0.95940,0.13755,0.03082,0.00428,-0.99001,-0.28164,-0.02854,-0.01369,0.95900,0.00000,0.00000,1.00,1.00
21974,Saccade,11973,-10.00,0.00,0.14732,-0.00045,0.01440,-0.98898,0.13756,0.00447,0.00062,-0.99048,-0.28203,-0.00209,-0.01416,0.95930,0.13716,0.03232,0.00448,-0.99001,-0.28196,-0.03020,-0.01386,0.95885,0.00000,0.00000,1.00,1.00
21985,Saccade,11984,-10.00,0.00,0.14807,-0.00031,0.01462,-0.98887,0.13682,0.00442,0.00061,-0.99059,-0.28203,-0.00216,-0.01439,0.95929,0.13640,0.03226,0.00444,-0.99012,-0.28196,-0.03026,-0.01405,0.95885,0.00000,0.00000,1.00,1.00
21997,Saccade,11996,-10.00,0.00,0.14860,-0.00025,0.01482,-0.98879,0.13628,0.00444,0.00061,-0.99066,-0.28203,-0.00221,-0.01459,0.95929,0.13586,0.03227,0.00443,-0.99019,-0.28195,-0.03031,-0.01422,0.95884,0.00000,0.00000,1.00,1.00
22007,Saccade,12006,-10.00,0.00,0.14898,-0.00012,0.01482,-0.98873,0.13671,0.00461,0.00064,-0.99060,-0.28281,-0.00251,-0.01460,0.95906,0.13631,0.03244,0.00447,-0.99012,-0.28276,-0.03061,-0.01424,0.95860,0.00000,0.00000,1.00,1.00
22018,Saccade,12017,-10.00,0.00,0.14943,0.00003,0.01491,-0.98866,0.13626,0.00450,0.00062,-0.99066,-0.28281,-0.00254,-0.01471,0.95906,0.13585,0.03233,0.00444,-0.99019,-0.28276,-0.03063,-0.01432,0.95859,0.00000,0.00000,1.00,1.00
22030,Saccade,12029,-10.00,0.00,0.14961,0.00025,0.01495,-0.98863,0.13608,0.00431,0.00059,-0.99069,-0.28281,-0.00256,-0.01479,0.95906,0.13568,0.03214,0.00440,-0.99022,-0.28276,-0.03065,-0.01439,0.95859,0.00000,0.00000,1.00,1.00
22041,Saccade,12040,0.00,0.00,0.14965,0.00049,0.01525,-0.98862,0.13554,0.00445,0.00061,-0.99076,-0.28234,-0.00291,-0.01511,0.95919,0.13515,0.03227,0.00440,-0.99029,-0.28230,-0.03099,-0.01469,0.95871,0.00000,0.00000,1.00,1.00
22052,Saccade,12050,0.00,0.00,0.14980,0.00069,0.01586,-0.98859,0.13539,0.00452,0.00062,-0.99078,-0.28234,-0.00309,-0.01574,0.95918,0.13497,0.03234,0.00441,-0.99031,-0.28228,-0.03117,-0.01532,0.95870,0.00000,0.00000,1.00,1.00
22064,Saccade,12062,0.00,0.00,0.14994,0.00074,0.01643,-0.98856,0.13524,0.00470,0.00064,-0.99080,-0.28233,-0.00326,-0.01631,0.95917,0.13479,0.03252,0.00443,-0.99033,-0.28226,-0.03134,-0.01587,0.95869,0.00000,0.00000,1.00,1.00
22075,Saccade,12073,0.00,0.00,0.15006,0.00086,0.01666,-0.98854,0.13496,0.00442,0.00060,-0.99084,-0.28217,-0.00306,-0.01656,0.95922,0.13453,0.03223,0.00438,-0.99038,-0.28214,-0.03113,-0.01611,0.95873,0.00000,0.00000,1.00,1.00
22085,Saccade,12084,0.00,0.00,0.15003,0.00079,0.01684,-0.98854,0.13499,0.00456,0.00062,-0.99084,-0.28217,-0.00311,-0.01672,0.95921,0.13454,0.03238,0.00440,-0.99037,-0.28213,-0.03118,-0.01628,0.95873,0.00000,0.00000,1.00,1.00
22097,Saccade,12096,0.00,0.00,0.14992,0.00066,0.01703,-0.98855,0.13509,0.00476,0.00065,-0.99082,-0.28217,-0.00316,-0.01689,0.95921,0.13464,0.03258,0.00443,-0.99035,-0.28212,-0.03123,-0.01645,0.95873,0.00000,0.00000,1.00,1.00
22108,Saccade,12107,0.00,0.00,0.14982,0.00040,0.01718,-0.98856,0.13523,0.00313,0.00043,-0.99081,-0.28218,-0.00123,-0.01703,0.95921,0.13486,0.03095,0.00421,-0.99037,-0.28222,-0.02931,-0.01660,0.95876,0.00000,0.00000,1.00,1.00
22119,Saccade,12117,0.00,0.00,0.14978,0.00013,0.01740,-0.98857,0.13526,0.00348,0.00047,-0.99080,-0.28218,-0.00128,-0.01721,0.95921,0.13488,0.03130,0.00426,-0.99036,-0.28222,-0.02936,-0.01678,0.95876,0.00000,0.00000,1.00,1.00
22131,Saccade,12129,0.00,0.00,0.14984,-0.00026,0.01746,-0.98856,0.13520,0.00386,0.00053,-0.99081,-0.28218,-0.00128,-0.01721,0.95921,0.13481,0.03168,0.00431,-0.99036,-0.28222,-0.02936,-0.01677,0.95876,0.00000,0.00000,1.00,1.00
22141,Saccade,12140,0.00,0.00,0.14990,-0.00073,0.01754,-0.98855,0.13394,0.00399,0.00054,-0.99098,-0.28103,-0.00096,-0.01722,0.95954,0.13361,0.03180,0.00429,-0.99051,-0.28112,-0.02902,-0.01675,0.95909,0.00000,0.00000,1.00,1.00
22152,Saccade,12151,0.00,0.00,0.15009,-0.00115,0.01751,-0.98852,0.13375,0.00438,0.00059,-0.99101,-0.28103,-0.00093,-0.01712,0.95955,0.13341,0.03218,0.00433,-0.99053,-0.28112,-0.02898,-0.01664,0.95909,0.00000,0.00000,1.00,1.00
22164,Saccade,12162,0.00,0.00,0.15018,-0.00162,0.01757,-0.98850,0.13365,0.00484,0.00065,-0.99102,-0.28103,-0.00093,-0.01712,0.95955,0.13332,0.03265,0.00439,-0.99053,-0.28112,-0.02898,-0.01663,0.95909,0.00000,0.00000,1.00,1.00
22175,Saccade,12174,0.00,0.00,0.15024,-0.00189,0.01748,-0.98849,0.13366,0.00632,0.00085,-0.99101,-0.28113,-0.00216,-0.01696,0.95952,0.13332,0.03412,0.00459,-0.99047,-0.28120,-0.03021,-0.01647,0.95903,0.00000,0.00000,1.00,1.00
22186,Saccade,12184,0.00,0.00,0.15024,-0.00223,0.01748,-0.98849,0.13366,0.00664,0.00090,-0.99100,-0.28113,-0.00215,-0.01691,0.95952,0.13332,0.03444,0.00464,-0.99046,-0.28120,-0.03020,-0.01642,0.95903,0.00000,0.00000,1.00,1.00
22197,Saccade,12196,0.00,0.00,0.15033,-0.00240,0.01766,-0.98848,0.13356,0.00687,0.00093,-0.99102,-0.28113,-0.00219,-0.01706,0.95952,0.13322,0.03467,0.00466,-0.99047,-0.28120,-0.03024,-0.01657,0.95903,0.00000,0.00000,1.00,1.00
22208,Saccade,12207,0.00,0.00,0.15045,-0.00258,0.01790,-0.98845,0.13365,0.00719,0.00097,-0.99100,-0.28134,-0.00230,-0.01727,0.95945,0.13328,0.03499,0.00471,-0.99045,-0.28139,-0.03035,-0.01677,0.95897,0.00000,0.00000,1.00,1.00
22219,Saccade,12218,0.00,0.00,0.15057,-0.00268,0.01818,-0.98843,0.13353,0.00740,0.00100,-0.99102,-0.28134,-0.00238,-0.01753,0.95945,0.13314,0.03520,0.00473,-0.99046,-0.28138,-0.03042,-0.01703,0.95896,0.00000,0.00000,1.00,1.00
22231,Saccade,12230,0.00,0.00,0.15069,-0.00275,0.01848,-0.98840,0.13340,0.00759,0.00102,-0.99103,-0.28134,-0.00246,-0.01782,0.95944,0.13300,0.03538,0.00475,-0.99047,-0.28138,-0.03050,-0.01731,0.95896,0.00000,0.00000,1.00,1.00
22242,Saccade,12240,0.00,0.00,0.15066,-0.00283,0.01889,-0.98840,0.13130,0.00918,0.00122,-0.99130,-0.27931,-0.00397,-0.01817,0.96002,0.13085,0.03694,0.00488,-0.99070,-0.27931,-0.03198,-0.01760,0.95951,0.00000,0.00000,1.00,1.00
22252,Saccade,12251,0.00,0.00,0.15067,-0.00283,0.01916,-0.98839,0.13129,0.00929,0.00123,-0.99130,-0.27931,-0.00405,-0.01843,0.96002,0.13082,0.03706,0.00489,-0.99070,-0.27930,-0.03205,-0.01786,0.95950,0.00000,0.00000,1.00,1.00
22264,Saccade,12263,0.00,0.00,0.15077,-0.00288,0.01942,-0.98837,0.13119,0.00945,0.00125,-0.99131,-0.27931,-0.00412,-0.01869,0.96001,0.13071,0.03721,0.00491,-0.99071,-0.27929,-0.03212,-0.01811,0.95950,0.00000,0.00000,1.00,1.00
22275,Saccade,12274,0.00,0.00,0.15093,-0.00294,0.01946,-0.98835,0.13128,0.00904,0.00120,-0.99130,-0.27955,-0.00364,-0.01873,0.95994,0.13082,0.03680,0.00486,-0.99071,-0.27956,-0.03165,-0.01815,0.95944,0.00000,0.00000,1.00,1.00
22286,Saccade,12285,0.00,0.00,0.15121,-0.00304,0.01943,-0.98831,0.13100,0.00911,0.00120,-0.99134,-0.27955,-0.00363,-0.01867,0.95994,0.13055,0.03687,0.00486,-0.99074,-0.27956,-0.03163,-0.01808,0.95944,0.00000,0.00000,1.00,1.00
22298,Saccade,12297,0.00,0.00,0.15139,-0.00315,0.01932,-0.98828,0.13081,0.00917,0.00121,-0.99136,-0.27955,-0.00359,-0.01855,0.95995,0.13037,0.03693,0.00486,-0.99077,-0.27956,-0.03159,-0.01794,0.95944,0.00000,0.00000,1.00,1.00
22309,Saccade,12307,0.00,0.00,0.15139,-0.00327,0.01923,-0.98828,0.13181,0.00930,0.00124,-0.99123,-0.28052,-0.00360,-0.01845,0.95967,0.13140,0.03707,0.00492,-0.99062,-0.28056,-0.03161,-0.01787,0.95915,0.00000,0.00000,1.00,1.00
22319,Saccade,12318,0.00,0.00,0.15147,-0.00340,0.01919,-0.98827,0.13173,0.00940,0.00125,-0.99124,-0.28052,-0.00358,-0.01839,0.95967,0.13132,0.03717,0.00493,-0.99063,-0.28056,-0.03159,-0.01781,0.95915,0.00000,0.00000,1.00,1.00
22331,Saccade,12330,0.00,0.00,0.15148,-0.00362,0.01900,-0.98827,0.13263,0.00953,0.00128,-0.99112,-0.28140,-0.00351,-0.01817,0.95941,0.13224,0.03731,0.00498,-0.99050,-0.28145,-0.03153,-0.01761,0.95890,0.00000,0.00000,1.00,1.00
22342,Saccade,12340,0.00,0.00,0.15142,-0.00387,0.01889,-0.98828,0.13269,0.00972,0.00130,-0.99111,-0.28140,-0.00347,-0.01802,0.95942,0.13230,0.03750,0.00501,-0.99049,-0.28146,-0.03149,-0.01747,0.95890,0.00000,0.00000,1.00,1.00
22353,Saccade,12351,0.00,0.00,0.15144,-0.00420,0.01889,-0.98828,0.13266,0.01003,0.00134,-0.99111,-0.28140,-0.00345,-0.01797,0.95942,0.13227,0.03781,0.00505,-0.99048,-0.28146,-0.03148,-0.01742,0.95890,0.00000,0.00000,1.00,1.00
22364,Saccade,12363,0.00,0.00,0.15157,-0.00449,0.01895,-0.98826,0.13221,0.01060,0.00141,-0.99116,-0.28110,-0.00373,-0.01798,0.95950,0.13180,0.03837,0.00511,-0.99052,-0.28113,-0.03175,-0.01740,0.95899,0.00000,0.00000,1.00,1.00
22375,Saccade,12374,0.00,0.00,0.15169,-0.00489,0.01903,-0.98823,0.13208,0.01100,0.00147,-0.99118,-0.28110,-0.00374,-0.01799,0.95950,0.13166,0.03877,0.00515,-0.99052,-0.28113,-0.03175,-0.01742,0.95899,0.00000,0.00000,1.00,1.00
22386,Saccade,12385,0.00,0.00,0.15172,-0.00527,0.01915,-0.98822,0.13204,0.01141,0.00152,-0.99118,-0.28110,-0.00376,-0.01806,0.95950,0.13163,0.03918,0.00521,-0.99051,-0.28113,-0.03177,-0.01748,0.95898,0.00000,0.00000,1.00,1.00
22398,Saccade,12396,0.00,0.00,0.15180,-0.00565,0.01938,-0.98820,0.13195,0.01186,0.00158,-0.99118,-0.28110,-0.00380,-0.01822,0.95950,0.13152,0.03963,0.00526,-0.99051,-0.28113,-0.03181,-0.01764,0.95898,0.00000,0.00000,1.00,1.00
22409,Saccade,12407,0.00,0.00,0.15196,-0.00618,0.01960,-0.98817,0.13026,0.01175,0.00154,-0.99141,-0.27962,-0.00317,-0.01837,0.95993,0.12982,0.03950,0.00518,-0.99074,-0.27965,-0.03115,-0.01773,0.95943,0.00000,0.00000,1.00,1.00
22420,Saccade,12418,0.00,0.00,0.15216,-0.00672,0.01992,-0.98813,0.13005,0.01239,0.00163,-0.99143,-0.27962,-0.00323,-0.01860,0.95993,0.12960,0.04013,0.00525,-0.99074,-0.27964,-0.03121,-0.01795,0.95943,0.00000,0.00000,1.00,1.00
22431,Saccade,12430,0.00,0.00,0.15223,-0.00729,0.02036,-0.98811,0.12995,0.01310,0.00172,-0.99143,-0.27962,-0.00333,-0.01894,0.95992,0.12948,0.04084,0.00534,-0.99073,-0.27963,-0.03131,-0.01828,0.95942,0.00000,0.00000,1.00,1.00
22442,Saccade,12441,0.00,0.00,0.15211,-0.00785,0.02074,-0.98812,0.12568,0.01320,0.00167,-0.99198,-0.27537,-0.00290,-0.01923,0.96114,0.12521,0.04089,0.00517,-0.99127,-0.27539,-0.03081,-0.01846,0.96066,0.00000,0.00000,1.00,1.00
22453,Saccade,12452,0.00,0.00,0.15196,-0.00830,0.02074,-0.98813,0.12583,0.01362,0.00173,-0.99196,-0.27537,-0.00288,-0.01916,0.96114,0.12535,0.04132,0.00523,-0.99124,-0.27539,-0.03079,-0.01840,0.96066,0.00000,0.00000,1.00,1.00
22465,Saccade,12463,0.00,0.00,0.15195,-0.00865,0.02046,-0.98814,0.12583,0.01384,0.00176,-0.99195,-0.27537,-0.00279,-0.01884,0.96115,0.12538,0.04153,0.00525,-0.99123,-0.27540,-0.03070,-0.01808,0.96067,0.00000,0.00000,1.00,1.00
22475,Saccade,12474,0.00,0.00,0.15191,-0.00899,0.02010,-0.98815,0.08749,0.01570,0.00138,-0.99604,-0.23808,-0.00502,-0.01821,0.97106,0.08718,0.04304,0.00377,-0.99526,-0.23823,-0.03241,-0.01640,0.97053,0.00000,0.00000,1.00,1.00
22486,Saccade,12485,0.00,0.00,0.15187,-0.00934,0.02005,-0.98815,0.08752,0.01602,0.00141,-0.99603,-0.23808,-0.00499,-0.01811,0.97106,0.08721,0.04336,0.00380,-0.99524,-0.23823,-0.03239,-0.01631,0.97053,0.00000,0.00000,1.00,1.00
22498,Saccade,12497,0.00,0.00,0.15183,-0.00968,0.02000,-0.98816,0.08755,0.01634,0.00144,-0.99602,-0.23808,-0.00497,-0.01801,0.97106,0.08725,0.04368,0.00383,-0.99522,-0.23823,-0.03236,-0.01622,0.97053,0.00000,0.00000,1.00,1.00
22509,Saccade,12508,0.00,0.00,0.15184,-0.00995,0.01994,-0.98815,0.08411,0.01442,0.00122,-0.99635,-0.23470,-0.00285,-0.01804,0.97190,0.08384,0.04174,0.00351,-0.99560,-0.23489,-0.03020,-0.01615,0.97142,0.00000,0.00000,1.00,1.00
22520,Saccade,12518,0.00,0.00,0.15193,-0.01016,0.01966,-0.98814,0.08403,0.01453,0.00123,-0.99636,-0.23471,-0.00277,-0.01774,0.97190,0.08377,0.04185,0.00352,-0.99560,-0.23490,-0.03013,-0.01584,0.97142,0.00000,0.00000,1.00,1.00
22532,Saccade,12530,0.00,0.00,0.15201,-0.01039,0.01938,-0.98813,0.08718,0.01410,0.00123,-0.99609,-0.23785,-0.00208,-0.01748,0.97114,0.08691,0.04144,0.00362,-0.99535,-0.23802,-0.02947,-0.01567,0.97069,0.00000,0.00000,1.00,1.00
22542,Saccade,12541,0.00,0.00,0.15207,-0.01058,0.01933,-0.98812,0.08712,0.01426,0.00125,-0.99609,-0.23785,-0.00206,-0.01740,0.97114,0.08685,0.04160,0.00363,-0.99535,-0.23802,-0.02945,-0.01559,0.97069,0.00000,0.00000,1.00,1.00
22553,Saccade,12552,0.00,0.00,0.15211,-0.01071,0.01957,-0.98811,0.08707,0.01446,0.00126,-0.99610,-0.23785,-0.00211,-0.01761,0.97114,0.08679,0.04180,0.00364,-0.99534,-0.23802,-0.02950,-0.01579,0.97068,0.00000,0.00000,1.00,1.00
22565,Saccade,12563,0.00,0.00,0.15219,-0.01086,0.01983,-0.98809,0.08698,0.01468,0.00128,-0.99610,-0.23785,-0.00216,-0.01784,0.97114,0.08669,0.04202,0.00366,-0.99534,-0.23801,-0.02955,-0.01601,0.97068,0.00000,0.00000,1.00,1.00
22576,Saccade,12574,0.00,0.00,0.15238,-0.01090,0.01996,-0.98806,0.08311,0.01408,0.00117,-0.99644,-0.23424,-0.00157,-0.01800,0.97201,0.08279,0.04139,0.00344,-0.99570,-0.23439,-0.02891,-0.01607,0.97158,0.00000,0.00000,1.00,1.00
22587,Saccade,12585,0.00,0.00,0.15255,-0.01098,0.01994,-0.98803,0.08293,0.01414,0.00118,-0.99645,-0.23424,-0.00156,-0.01797,0.97201,0.08262,0.04145,0.00344,-0.99571,-0.23439,-0.02890,-0.01603,0.97158,0.00000,0.00000,1.00,1.00
22598,Saccade,12597,0.00,0.00,0.15288,-0.01096,0.01974,-0.98799,0.08570,0.01603,0.00138,-0.99619,-0.23730,-0.00344,-0.01764,0.97127,0.08536,0.04335,0.00372,-0.99540,-0.23741,-0.03080,-0.01576,0.97079,0.00000,0.00000,1.00,1.00
22609,Saccade,12608,0.00,0.00,0.15336,-0.01097,0.01958,-0.98792,0.08522,0.01598,0.00137,-0.99623,-0.23730,-0.00340,-0.01747,0.97127,0.08489,0.04329,0.00369,-0.99544,-0.23741,-0.03076,-0.01556,0.97080,0.00000,0.00000,1.00,1.00
22620,Saccade,12619,0.00,0.00,0.15368,-0.01102,0.01963,-0.98786,0.08489,0.01604,0.00137,-0.99626,-0.23730,-0.00341,-0.01751,0.97127,0.08456,0.04335,0.00368,-0.99547,-0.23741,-0.03076,-0.01559,0.97080,0.00000,0.00000,1.00,1.00
22632,Saccade,12630,0.00,0.00,0.15393,-0.01105,0.01996,-0.98782,0.08233,0.01816,0.00150,-0.99644,-0.23508,-0.00552,-0.01766,0.97180,0.08196,0.04545,0.00374,-0.99559,-0.23516,-0.03284,-0.01566,0.97128,0.00000,0.00000,1.00,1.00
22642,Saccade,12641,0.00,0.00,0.15403,-0.01104,0.02023,-0.98780,0.08221,0.01824,0.00150,-0.99645,-0.23508,-0.00559,-0.01793,0.97179,0.08183,0.04552,0.00374,-0.99560,-0.23515,-0.03290,-0.01592,0.97127,0.00000,0.00000,1.00,1.00
22653,Saccade,12652,0.00,0.00,0.15410,-0.01110,0.02035,-0.98778,0.08214,0.01834,0.00151,-0.99645,-0.23508,-0.00561,-0.01804,0.97179,0.08176,0.04562,0.00375,-0.99560,-0.23515,-0.03293,-0.01603,0.97127,0.00000,0.00000,1.00,1.00
22665,Saccade,12664,0.00,0.00,0.15421,-0.01106,0.02032,-0.98777,0.08203,0.01829,0.00151,-0.99646,-0.23508,-0.00561,-0.01801,0.97179,0.08165,0.04557,0.00374,-0.99561,-0.23515,-0.03292,-0.01599,0.97127,0.00000,0.00000,1.00,1.00
22676,Saccade,12675,0.00,0.00,0.15424,-0.01117,0.02023,-0.98776,0.07330,0.01814,0.00133,-0.99714,-0.22658,-0.00550,-0.01787,0.97381,0.07297,0.04537,0.00332,-0.99630,-0.22670,-0.03272,-0.01562,0.97329,0.00000,0.00000,1.00,1.00
22687,Saccade,12686,0.00,0.00,0.15425,-0.01117,0.02012,-0.98776,0.07329,0.01811,0.00133,-0.99715,-0.22658,-0.00548,-0.01776,0.97382,0.07297,0.04534,0.00332,-0.99630,-0.22670,-0.03270,-0.01551,0.97329,0.00000,0.00000,1.00,1.00
22699,Saccade,12698,0.00,0.00,0.15428,-0.01112,0.02004,-0.98776,0.07326,0.01803,0.00132,-0.99715,-0.22658,-0.00546,-0.01770,0.97382,0.07294,0.04526,0.00331,-0.99630,-0.22670,-0.03268,-0.01545,0.97329,0.00000,0.00000,1.00,1.00
22709,Saccade,12708,0.00,0.00,0.15424,-0.01111,0.02003,-0.98777,0.07101,0.01534,0.00109,-0.99736,-0.22430,-0.00282,-0.01790,0.97435,0.07074,0.04257,0.00302,-0.99658,-0.22447,-0.03003,-0.01560,0.97389,0.00000,0.00000,1.00,1.00
22720,Saccade,12719,0.00,0.00,0.15412,-0.01109,0.02006,-0.98779,0.07114,0.01533,0.00109,-0.99735,-0.22430,-0.00283,-0.01793,0.97435,0.07086,0.04256,0.00303,-0.99657,-0.22447,-0.03003,-0.01563,0.97389,0.00000,0.00000,1.00,1.00
22732,Saccade,12731,0.00,0.00,0.15389,-0.01110,0.02016,-0.98782,0.07137,0.01538,0.00110,-0.99733,-0.22430,-0.00285,-0.01804,0.97435,0.07109,0.04261,0.00304,-0.99656,-0.22447,-0.03006,-0.01575,0.97389,0.00000,0.00000,1.00,1.00
22743,Saccade,12741,0.00,0.00,0.15345,-0.01108,0.02026,-0.98789,0.07195,0.01538,0.00111,-0.99729,-0.22444,-0.00286,-0.01814,0.97432,0.07166,0.04261,0.00306,-0.99651,-0.22460,-0.03007,-0.01588,0.97386,0.00000,0.00000,1.00,1.00
22754,Saccade,12752,0.00,0.00,0.15313,-0.01106,0.02023,-0.98794,0.07228,0.01536,0.00111,-0.99727,-0.22444,-0.00285,-0.01812,0.97432,0.07199,0.04259,0.00308,-0.99649,-0.22460,-0.03007,-0.01588,0.97386,0.00000,0.00000,1.00,1.00
22765,Saccade,12764,0.00,0.00,0.15295,-0.01098,0.02011,-0.98797,0.06909,0.01556,0.00108,-0.99749,-0.22115,-0.00319,-0.01799,0.97507,0.06882,0.04277,0.00295,-0.99671,-0.22133,-0.03038,-0.01567,0.97460,0.00000,0.00000,1.00,1.00
22776,Saccade,12775,0.00,0.00,0.15272,-0.01092,0.02013,-0.98800,0.06933,0.01551,0.00108,-0.99747,-0.22115,-0.00320,-0.01802,0.97507,0.06906,0.04272,0.00296,-0.99669,-0.22133,-0.03039,-0.01571,0.97460,0.00000,0.00000,1.00,1.00
22787,Saccade,12786,0.00,0.00,0.15251,-0.01078,0.02021,-0.98804,0.06954,0.01540,0.00107,-0.99746,-0.22115,-0.00322,-0.01812,0.97507,0.06926,0.04261,0.00296,-0.99668,-0.22133,-0.03041,-0.01582,0.97460,0.00000,0.00000,1.00,1.00
22799,Saccade,12798,0.00,0.00,0.15222,-0.01068,0.02033,-0.98808,0.06983,0.01535,0.00107,-0.99744,-0.22115,-0.00325,-0.01826,0.97506,0.06954,0.04257,0.00297,-0.99667,-0.22133,-0.03045,-0.01597,0.97459,0.00000,0.00000,1.00,1.00
22809,Saccade,12808,0.00,0.00,0.15206,-0.01058,0.02047,-0.98810,0.06937,0.01596,0.00111,-0.99746,-0.22056,-0.00396,-0.01836,0.97519,0.06907,0.04317,0.00299,-0.99667,-0.22072,-0.03115,-0.01607,0.97471,0.00000,0.00000,1.00,1.00
22820,Saccade,12819,0.00,0.00,0.15193,-0.01045,0.02056,-0.98812,0.06950,0.01586,0.00110,-0.99746,-0.22056,-0.00399,-0.01846,0.97519,0.06920,0.04307,0.00299,-0.99667,-0.22071,-0.03118,-0.01618,0.97471,0.00000,0.00000,1.00,1.00
22832,Saccade,12831,0.00,0.00,0.15195,-0.01041,0.02056,-0.98812,0.07117,0.01599,0.00114,-0.99734,-0.22222,-0.00413,-0.01846,0.97481,0.07087,0.04322,0.00307,-0.99654,-0.22238,-0.03134,-0.01622,0.97432,0.00000,0.00000,1.00,1.00
22843,Saccade,12841,0.00,0.00,0.15202,-0.01034,0.02040,-0.98811,0.07111,0.01587,0.00113,-0.99734,-0.22222,-0.00410,-0.01831,0.97482,0.07081,0.04310,0.00306,-0.99655,-0.22238,-0.03130,-0.01607,0.97432,0.00000,0.00000,1.00,1.00
22853,Saccade,12852,0.00,0.00,0.15200,-0.01032,0.02031,-0.98812,0.07113,0.01583,0.00113,-0.99734,-0.22222,-0.00408,-0.01823,0.97482,0.07084,0.04305,0.00306,-0.99655,-0.22238,-0.03128,-0.01599,0.97433,0.00000,0.00000,1.00,1.00
22865,Saccade,12864,0.00,0.00,0.15211,-0.01026,0.02020,-0.98810,0.07103,0.01574,0.00112,-0.99735,-0.22222,-0.00405,-0.01813,0.97482,0.07074,0.04296,0.00305,-0.99656,-0.22239,-0.03126,-0.01588,0.97433,0.00000,0.00000,1.00,1.00
22876,Saccade,12875,0.00,0.00,0.15220,-0.01023,0.02021,-0.98809,0.07066,0.01623,0.00115,-0.99737,-0.22195,-0.00458,-0.01810,0.97488,0.07038,0.04345,0.00307,-0.99657,-0.22213,-0.03178,-0.01584,0.97437,0.00000,0.00000,1.00,1.00
22887,Saccade,12886,0.00,0.00,0.15232,-0.01014,0.02035,-0.98807,0.07054,0.01619,0.00114,-0.99738,-0.22195,-0.00461,-0.01825,0.97488,0.07025,0.04340,0.00306,-0.99658,-0.22212,-0.03181,-0.01598,0.97437,0.00000,0.00000,1.00,1.00
22899,Saccade,12898,0.00,0.00,0.15251,-0.01000,0.02077,-0.98803,0.07034,0.01616,0.00114,-0.99739,-0.22195,-0.00471,-0.01868,0.97487,0.07003,0.04338,0.00305,-0.99660,-0.22211,-0.03191,-0.01640,0.97436,0.00000,0.00000,1.00,1.00
22910,Saccade,12909,0.00,0.00,0.15275,-0.00986,0.02107,-0.98799,0.07000,0.01586,0.00111,-0.99742,-0.22186,-0.00453,-0.01900,0.97488,0.06967,0.04308,0.00301,-0.99663,-0.22201,-0.03173,-0.01671,0.97439,0.00000,0.00000,1.00,1.00
22921,Saccade,12919,0.00,0.00,0.15292,-0.00970,0.02126,-0.98796,0.06982,0.01576,0.00110,-0.99743,-0.22186,-0.00458,-0.01921,0.97488,0.06948,0.04298,0.00300,-0.99665,-0.22200,-0.03177,-0.01690,0.97438,0.00000,0.00000,1.00,1.00
22933,Saccade,12931,0.00,0.00,0.15299,-0.00961,0.02140,-0.98795,0.07011,0.01588,0.00112,-0.99741,-0.22221,-0.00477,-0.01934,0.97479,0.06979,0.04309,0.00302,-0.99663,-0.22237,-0.03196,-0.01704,0.97429,0.00000,0.00000,1.00,1.00
22943,Saccade,12942,0.00,0.00,0.15309,-0.00950,0.02148,-0.98793,0.07001,0.01579,0.00111,-0.99742,-0.22221,-0.00479,-0.01943,0.97479,0.06968,0.04301,0.00301,-0.99664,-0.22237,-0.03198,-0.01713,0.97429,0.00000,0.00000,1.00,1.00
22954,Saccade,12953,0.00,0.00,0.15316,-0.00944,0.02150,-0.98792,0.06994,0.01574,0.00110,-0.99743,-0.22221,-0.00480,-0.01946,0.97479,0.06961,0.04295,0.00300,-0.99664,-0.22237,-0.03199,-0.01716,0.97429,0.00000,0.00000,1.00,1.00
22966,Saccade,12964,0.00,0.00,0.15311,-0.00941,0.02152,-0.98793,0.07073,0.01589,0.00113,-0.99737,-0.22294,-0.00497,-0.01948,0.97462,0.07042,0.04312,0.00305,-0.99658,-0.22312,-0.03217,-0.01719,0.97411,0.00000,0.00000,1.00,1.00
22976,Saccade,12975,0.00,0.00,0.15299,-0.00943,0.02158,-0.98795,0.07086,0.01593,0.00113,-0.99736,-0.22294,-0.00498,-0.01954,0.97462,0.07055,0.04316,0.00306,-0.99657,-0.22312,-0.03218,-0.01726,0.97411,0.00000,0.00000,1.00,1.00
22987,Saccade,12986,0.00,0.00,0.15296,-0.00941,0.02162,-0.98795,0.07089,0.01593,0.00113,-0.99736,-0.22294,-0.00499,-0.01958,0.97462,0.07058,0.04315,0.00306,-0.99657,-0.22312,-0.03219,-0.01730,0.97411,0.00000,0.00000,1.00,1.00
22999,Saccade,12998,0.00,0.00,0.15277,-0.00952,0.02169,-0.98798,0.07123,0.01518,0.00108,-0.99734,-0.22307,-0.00413,-0.01970,0.97459,0.07093,0.04241,0.00302,-0.99657,-0.22328,-0.03133,-0.01744,0.97410,0.00000,0.00000,1.00,1.00
23010,Saccade,13009,0.00,0.00,0.15235,-0.00971,0.02190,-0.98804,0.07164,0.01543,0.00111,-0.99731,-0.22307,-0.00417,-0.01989,0.97459,0.07133,0.04266,0.00305,-0.99654,-0.22327,-0.03138,-0.01765,0.97409,0.00000,0.00000,1.00,1.00
23021,Saccade,13020,0.00,0.00,0.15186,-0.00994,0.02217,-0.98810,0.07213,0.01575,0.00114,-0.99727,-0.22307,-0.00422,-0.02013,0.97459,0.07181,0.04299,0.00310,-0.99649,-0.22326,-0.03144,-0.01792,0.97409,0.00000,0.00000,1.00,1.00
23033,Saccade,13031,0.00,0.00,0.15134,-0.01008,0.02231,-0.98818,0.07264,0.01594,0.00116,-0.99723,-0.22307,-0.00425,-0.02025,0.97458,0.07231,0.04317,0.00313,-0.99644,-0.22326,-0.03148,-0.01807,0.97408,0.00000,0.00000,1.00,1.00
23043,Saccade,13042,0.00,0.00,0.15076,-0.01021,0.02230,-0.98827,0.07295,0.01590,0.00116,-0.99721,-0.22280,-0.00408,-0.02025,0.97465,0.07264,0.04314,0.00314,-0.99642,-0.22300,-0.03131,-0.01808,0.97415,0.00000,0.00000,1.00,1.00
23054,Saccade,13053,0.00,0.00,0.15026,-0.01032,0.02220,-0.98834,0.07345,0.01599,0.00118,-0.99717,-0.22280,-0.00406,-0.02014,0.97465,0.07315,0.04323,0.00317,-0.99638,-0.22300,-0.03130,-0.01800,0.97415,0.00000,0.00000,1.00,1.00
23066,Saccade,13065,0.00,0.00,0.14978,-0.01040,0.02198,-0.98842,0.07528,0.01559,0.00118,-0.99704,-0.22410,-0.00356,-0.01996,0.97435,0.07500,0.04284,0.00322,-0.99626,-0.22433,-0.03081,-0.01789,0.97386,0.00000,0.00000,1.00,1.00
23077,Saccade,13076,0.00,0.00,0.14937,-0.01048,0.02190,-0.98848,0.07569,0.01565,0.00119,-0.99701,-0.22410,-0.00354,-0.01988,0.97436,0.07541,0.04290,0.00325,-0.99622,-0.22433,-0.03080,-0.01783,0.97386,0.00000,0.00000,1.00,1.00
23088,Saccade,13087,0.00,0.00,0.14899,-0.01057,0.02184,-0.98854,0.07608,0.01572,0.00120,-0.99698,-0.22410,-0.00352,-0.01982,0.97436,0.07581,0.04298,0.00327,-0.99619,-0.22433,-0.03079,-0.01779,0.97386,0.00000,0.00000,1.00,1.00
23100,Saccade,13099,0.00,0.00,0.14873,-0.01053,0.02185,-0.98858,0.07634,0.01569,0.00120,-0.99696,-0.22410,-0.00353,-0.01984,0.97436,0.07606,0.04295,0.00328,-0.99617,-0.22433,-0.03080,-0.01782,0.97386,0.00000,0.00000,1.00,1.00
23110,Saccade,13109,0.00,0.00,0.14868,-0.01045,0.02182,-0.98859,0.07508,0.01558,0.00117,-0.99705,-0.22282,-0.00352,-0.01981,0.97465,0.07480,0.04283,0.00322,-0.99627,-0.22304,-0.03078,-0.01777,0.97416,0.00000,0.00000,1.00,1.00
23121,Saccade,13120,0.00,0.00,0.14865,-0.01048,0.02173,-0.98860,0.07512,0.01558,0.00117,-0.99705,-0.22282,-0.00350,-0.01973,0.97465,0.07484,0.04283,0.00322,-0.99627,-0.22305,-0.03076,-0.01768,0.97416,0.00000,0.00000,1.00,1.00
23133,Saccade,13132,0.00,0.00,0.14872,-0.01044,0.02167,-0.98859,0.07505,0.01552,0.00117,-0.99706,-0.22282,-0.00349,-0.01967,0.97465,0.07477,0.04277,0.00321,-0.99628,-0.22305,-0.03074,-0.01762,0.97416,0.00000,0.00000,1.00,1.00
23144,Saccade,13142,0.00,0.00,0.14887,-0.01031,0.02147,-0.98857,0.07362,0.01589,0.00117,-0.99716,-0.22158,-0.00403,-0.01945,0.97494,0.07335,0.04313,0.00317,-0.99637,-0.22180,-0.03127,-0.01736,0.97444,0.00000,0.00000,1.00,1.00
23155,Saccade,13154,0.00,0.00,0.14893,-0.01030,0.02143,-0.98856,0.07357,0.01587,0.00117,-0.99716,-0.22158,-0.00402,-0.01941,0.97494,0.07330,0.04311,0.00317,-0.99637,-0.22180,-0.03126,-0.01731,0.97444,0.00000,0.00000,1.00,1.00
23167,Saccade,13165,0.00,0.00,0.14902,-0.01021,0.02133,-0.98855,0.07309,0.01597,0.00117,-0.99720,-0.22121,-0.00422,-0.01930,0.97503,0.07282,0.04320,0.00316,-0.99640,-0.22142,-0.03145,-0.01719,0.97452,0.00000,0.00000,1.00,1.00
23177,Saccade,13176,0.00,0.00,0.14905,-0.01015,0.02134,-0.98855,0.07307,0.01591,0.00117,-0.99720,-0.22121,-0.00422,-0.01932,0.97502,0.07279,0.04315,0.00315,-0.99641,-0.22142,-0.03146,-0.01721,0.97452,0.00000,0.00000,1.00,1.00
23188,Saccade,13187,0.00,0.00,0.14915,-0.01010,0.02142,-0.98853,0.07296,0.01589,0.00116,-0.99721,-0.22121,-0.00424,-0.01940,0.97502,0.07268,0.04312,0.00315,-0.99642,-0.22142,-0.03147,-0.01729,0.97452,0.00000,0.00000,1.00,1.00
23200,Saccade,13199,0.00,0.00,0.14922,-0.01003,0.02150,-0.98852,0.07485,0.01590,0.00119,-0.99707,-0.22313,-0.00429,-0.01950,0.97458,0.07455,0.04314,0.00323,-0.99628,-0.22332,-0.03154,-0.01743,0.97408,0.00000,0.00000,1.00,1.00
23210,Saccade,13209,0.00,0.00,0.14924,-0.00999,0.02157,-0.98852,0.07483,0.01588,0.00119,-0.99707,-0.22313,-0.00430,-0.01957,0.97458,0.07453,0.04313,0.00323,-0.99628,-0.22331,-0.03155,-0.01750,0.97408,0.00000,0.00000,1.00,1.00
23222,Saccade,13220,0.00,0.00,0.14934,-0.00998,0.02160,-0.98850,0.07472,0.01588,0.00119,-0.99708,-0.22313,-0.00431,-0.01959,0.97458,0.07442,0.04313,0.00322,-0.99629,-0.22331,-0.03156,-0.01752,0.97408,0.00000,0.00000,1.00,1.00
23234,Saccade,13232,0.00,0.00,0.14948,-0.01000,0.02162,-0.98848,0.07473,0.01508,0.00113,-0.99709,-0.22325,-0.00348,-0.01967,0.97456,0.07443,0.04232,0.00316,-0.99632,-0.22345,-0.03073,-0.01759,0.97407,0.00000,0.00000,1.00,1.00
23244,Saccade,13243,0.00,0.00,0.14961,-0.01002,0.02160,-0.98846,0.07459,0.01509,0.00113,-0.99710,-0.22325,-0.00348,-0.01965,0.97456,0.07430,0.04233,0.00316,-0.99633,-0.22345,-0.03073,-0.01756,0.97407,0.00000,0.00000,1.00,1.00
23255,Saccade,13254,0.00,0.00,0.14976,-0.01008,0.02162,-0.98843,0.07444,0.01515,0.00113,-0.99711,-0.22325,-0.00348,-0.01965,0.97456,0.07415,0.04239,0.00315,-0.99634,-0.22345,-0.03073,-0.01756,0.97407,0.00000,0.00000,1.00,1.00
23267,Saccade,13266,0.00,0.00,0.14985,-0.01014,0.02159,-0.98842,0.07210,0.01481,0.00107,-0.99729,-0.22104,-0.00313,-0.01964,0.97506,0.07183,0.04204,0.00303,-0.99653,-0.22126,-0.03035,-0.01749,0.97459,0.00000,0.00000,1.00,1.00
23277,Saccade,13276,0.00,0.00,0.14994,-0.01019,0.02152,-0.98841,0.07202,0.01483,0.00107,-0.99729,-0.22104,-0.00311,-0.01956,0.97506,0.07174,0.04206,0.00303,-0.99653,-0.22127,-0.03033,-0.01740,0.97459,0.00000,0.00000,1.00,1.00
23288,Saccade,13287,0.00,0.00,0.15000,-0.01019,0.02138,-0.98840,0.07196,0.01478,0.00107,-0.99730,-0.22104,-0.00308,-0.01942,0.97507,0.07169,0.04202,0.00302,-0.99654,-0.22127,-0.03030,-0.01726,0.97459,0.00000,0.00000,1.00,1.00
23300,Saccade,13299,0.00,0.00,0.15011,-0.01009,0.02119,-0.98839,0.07214,0.01460,0.00106,-0.99729,-0.22133,-0.00300,-0.01926,0.97500,0.07188,0.04184,0.00302,-0.99653,-0.22156,-0.03022,-0.01710,0.97453,0.00000,0.00000,1.00,1.00
23311,Saccade,13309,0.00,0.00,0.15037,-0.00997,0.02107,-0.98836,0.07189,0.01445,0.00104,-0.99731,-0.22133,-0.00297,-0.01915,0.97501,0.07164,0.04168,0.00300,-0.99656,-0.22156,-0.03020,-0.01697,0.97453,0.00000,0.00000,1.00,1.00
23322,Saccade,13320,0.00,0.00,0.15076,-0.00980,0.02090,-0.98830,0.07151,0.01423,0.00102,-0.99734,-0.22133,-0.00294,-0.01901,0.97501,0.07127,0.04146,0.00296,-0.99659,-0.22157,-0.03016,-0.01681,0.97453,0.00000,0.00000,1.00,1.00
23334,Saccade,13333,0.00,0.00,0.15115,-0.00967,0.02069,-0.98825,0.07190,0.01443,0.00104,-0.99731,-0.22211,-0.00329,-0.01879,0.97484,0.07166,0.04166,0.00300,-0.99655,-0.22233,-0.03051,-0.01659,0.97435,0.00000,0.00000,1.00,1.00
23344,Saccade,13343,0.00,0.00,0.15126,-0.00950,0.02060,-0.98823,0.07180,0.01424,0.00102,-0.99732,-0.22211,-0.00327,-0.01873,0.97484,0.07155,0.04147,0.00298,-0.99657,-0.22233,-0.03049,-0.01652,0.97435,0.00000,0.00000,1.00,1.00
23355,Saccade,13354,0.00,0.00,0.15134,-0.00942,0.02067,-0.98822,0.07171,0.01418,0.00102,-0.99732,-0.22211,-0.00329,-0.01880,0.97484,0.07146,0.04141,0.00297,-0.99658,-0.22233,-0.03051,-0.01659,0.97435,0.00000,0.00000,1.00,1.00
23367,Saccade,13366,0.00,0.00,0.15120,-0.00923,0.02074,-0.98824,0.07276,0.01527,0.00111,-0.99723,-0.22301,-0.00455,-0.01880,0.97462,0.07248,0.04251,0.00309,-0.99646,-0.22319,-0.03178,-0.01663,0.97411,0.00000,0.00000,1.00,1.00
23377,Saccade,13376,0.00,0.00,0.15106,-0.00911,0.02079,-0.98826,0.07289,0.01518,0.00111,-0.99722,-0.22301,-0.00457,-0.01887,0.97462,0.07261,0.04241,0.00309,-0.99645,-0.22319,-0.03180,-0.01670,0.97411,0.00000,0.00000,1.00,1.00
23389,Saccade,13387,0.00,0.00,0.15086,-0.00894,0.02057,-0.98830,0.07310,0.01496,0.00110,-0.99721,-0.22301,-0.00453,-0.01869,0.97463,0.07283,0.04219,0.00308,-0.99645,-0.22320,-0.03176,-0.01653,0.97412,0.00000,0.00000,1.00,1.00
23401,Saccade,13399,0.00,0.00,0.15067,-0.00892,0.02044,-0.98833,0.07334,0.01527,0.00112,-0.99719,-0.22305,-0.00487,-0.01854,0.97462,0.07306,0.04251,0.00312,-0.99642,-0.22324,-0.03210,-0.01639,0.97410,0.00000,0.00000,1.00,1.00
23411,Saccade,13409,0.00,0.00,0.15050,-0.00887,0.02026,-0.98836,0.07352,0.01517,0.00112,-0.99718,-0.22305,-0.00483,-0.01838,0.97462,0.07325,0.04241,0.00312,-0.99641,-0.22324,-0.03207,-0.01624,0.97410,0.00000,0.00000,1.00,1.00
23423,Saccade,13422,0.00,0.00,0.15046,-0.00886,0.02014,-0.98837,0.07356,0.01513,0.00112,-0.99718,-0.22306,-0.00480,-0.01826,0.97462,0.07330,0.04236,0.00312,-0.99640,-0.22325,-0.03204,-0.01612,0.97410,0.00000,0.00000,1.00,1.00
23434,Saccade,13432,0.00,0.00,0.15046,-0.00888,0.01988,-0.98838,0.07288,0.01553,0.00114,-0.99722,-0.22239,-0.00522,-0.01796,0.97478,0.07263,0.04276,0.00312,-0.99644,-0.22258,-0.03244,-0.01581,0.97425,0.00000,0.00000,1.00,1.00
23444,Saccade,13443,0.00,0.00,0.15054,-0.00893,0.01975,-0.98837,0.07280,0.01554,0.00113,-0.99722,-0.22239,-0.00518,-0.01782,0.97478,0.07256,0.04277,0.00311,-0.99644,-0.22259,-0.03241,-0.01567,0.97425,0.00000,0.00000,1.00,1.00
23456,Saccade,13454,0.00,0.00,0.15045,-0.00891,0.01969,-0.98838,0.07290,0.01550,0.00113,-0.99722,-0.22240,-0.00517,-0.01777,0.97478,0.07265,0.04274,0.00312,-0.99644,-0.22259,-0.03240,-0.01562,0.97425,0.00000,0.00000,1.00,1.00
23467,Saccade,13466,0.00,0.00,0.15022,-0.00900,0.01973,-0.98842,0.07200,0.01580,0.00114,-0.99728,-0.22130,-0.00539,-0.01779,0.97503,0.07174,0.04303,0.00310,-0.99649,-0.22147,-0.03261,-0.01562,0.97450,0.00000,0.00000,1.00,1.00
23478,Saccade,13476,0.00,0.00,0.15005,-0.00901,0.01973,-0.98844,0.07217,0.01581,0.00114,-0.99727,-0.22130,-0.00539,-0.01778,0.97503,0.07191,0.04304,0.00311,-0.99648,-0.22147,-0.03261,-0.01562,0.97450,0.00000,0.00000,1.00,1.00
23489,Saccade,13487,0.00,0.00,0.14982,-0.00905,0.01966,-0.98848,0.07240,0.01584,0.00115,-0.99725,-0.22130,-0.00538,-0.01771,0.97503,0.07214,0.04307,0.00312,-0.99646,-0.22147,-0.03260,-0.01557,0.97450,0.00000,0.00000,1.00,1.00
23501,Saccade,13500,0.00,0.00,0.14955,-0.00904,0.01961,-0.98852,0.07240,0.01416,0.00103,-0.99727,-0.22100,-0.00371,-0.01780,0.97510,0.07214,0.04140,0.00300,-0.99653,-0.22119,-0.03094,-0.01566,0.97461,0.00000,0.00000,1.00,1.00
23511,Saccade,13510,0.00,0.00,0.14939,-0.00898,0.01936,-0.98855,0.07258,0.01403,0.00102,-0.99726,-0.22100,-0.00366,-0.01757,0.97511,0.07233,0.04127,0.00300,-0.99652,-0.22120,-0.03089,-0.01544,0.97462,0.00000,0.00000,1.00,1.00
23522,Saccade,13521,0.00,0.00,0.14924,-0.00902,0.01907,-0.98858,0.07273,0.01398,0.00102,-0.99725,-0.22100,-0.00359,-0.01728,0.97511,0.07250,0.04122,0.00300,-0.99651,-0.22120,-0.03083,-0.01516,0.97462,0.00000,0.00000,1.00,1.00
23534,Saccade,13533,0.00,0.00,0.14904,-0.00899,0.01892,-0.98861,0.07420,0.01254,0.00093,-0.99716,-0.22222,-0.00217,-0.01725,0.97484,0.07397,0.03979,0.00295,-0.99646,-0.22243,-0.02942,-0.01517,0.97439,0.00000,0.00000,1.00,1.00
23545,Saccade,13543,0.00,0.00,0.14908,-0.00903,0.01884,-0.98860,0.07416,0.01255,0.00093,-0.99717,-0.22222,-0.00215,-0.01717,0.97484,0.07394,0.03981,0.00295,-0.99646,-0.22243,-0.02940,-0.01509,0.97439,0.00000,0.00000,1.00,1.00
23556,Saccade,13554,0.00,0.00,0.14935,-0.00904,0.01876,-0.98856,0.07389,0.01253,0.00093,-0.99719,-0.22222,-0.00213,-0.01708,0.97484,0.07367,0.03978,0.00294,-0.99648,-0.22243,-0.02938,-0.01499,0.97439,0.00000,0.00000,1.00,1.00
23568,Saccade,13566,0.00,0.00,0.14969,-0.00901,0.01877,-0.98851,0.07309,0.01262,0.00092,-0.99725,-0.22178,-0.00226,-0.01708,0.97494,0.07285,0.03987,0.00291,-0.99654,-0.22197,-0.02950,-0.01496,0.97449,0.00000,0.00000,1.00,1.00
23578,Saccade,13577,0.00,0.00,0.14992,-0.00907,0.01882,-0.98848,0.07286,0.01269,0.00093,-0.99726,-0.22178,-0.00227,-0.01712,0.97494,0.07262,0.03994,0.00291,-0.99656,-0.22197,-0.02951,-0.01499,0.97449,0.00000,0.00000,1.00,1.00
23589,Saccade,13588,0.00,0.00,0.15001,-0.00901,0.01874,-0.98847,0.07278,0.01261,0.00092,-0.99727,-0.22178,-0.00225,-0.01705,0.97495,0.07254,0.03985,0.00290,-0.99656,-0.22197,-0.02949,-0.01491,0.97449,0.00000,0.00000,1.00,1.00
23601,Saccade,13600,0.00,0.00,0.15006,-0.00889,0.01858,-0.98846,0.07095,0.01654,0.00118,-0.99734,-0.22011,-0.00635,-0.01658,0.97531,0.07068,0.04376,0.00310,-0.99653,-0.22024,-0.03355,-0.01439,0.97476,0.00000,0.00000,1.00,1.00
23611,Saccade,13610,0.00,0.00,0.15012,-0.00872,0.01843,-0.98846,0.07089,0.01633,0.00116,-0.99735,-0.22011,-0.00632,-0.01646,0.97532,0.07063,0.04355,0.00309,-0.99655,-0.22025,-0.03353,-0.01427,0.97476,0.00000,0.00000,1.00,1.00
23622,Saccade,13621,0.00,0.00,0.15029,-0.00859,0.01848,-0.98843,0.07073,0.01623,0.00115,-0.99736,-0.22011,-0.00633,-0.01652,0.97531,0.07046,0.04345,0.00307,-0.99656,-0.22025,-0.03354,-0.01432,0.97476,0.00000,0.00000,1.00,1.00
23634,Saccade,13633,0.00,0.00,0.15036,-0.00835,0.01849,-0.98842,0.06782,0.01617,0.00110,-0.99757,-0.21734,-0.00657,-0.01653,0.97593,0.06755,0.04337,0.00294,-0.99677,-0.21747,-0.03374,-0.01425,0.97538,0.00000,0.00000,1.00,1.00
23644,Saccade,13643,0.00,0.00,0.15040,-0.00810,0.01851,-0.98842,0.06778,0.01594,0.00108,-0.99757,-0.21734,-0.00658,-0.01659,0.97593,0.06751,0.04314,0.00292,-0.99678,-0.21746,-0.03376,-0.01430,0.97538,0.00000,0.00000,1.00,1.00
23656,Saccade,13655,0.00,0.00,0.15037,-0.00774,0.01848,-0.98843,0.06782,0.01559,0.00106,-0.99758,-0.21734,-0.00659,-0.01662,0.97593,0.06754,0.04279,0.00290,-0.99679,-0.21746,-0.03376,-0.01433,0.97538,0.00000,0.00000,1.00,1.00
23668,Saccade,13666,0.00,0.00,0.15036,-0.00747,0.01851,-0.98843,0.06644,0.01628,0.00108,-0.99766,-0.21599,-0.00757,-0.01659,0.97622,0.06616,0.04347,0.00289,-0.99686,-0.21611,-0.03473,-0.01427,0.97565,0.00000,0.00000,1.00,1.00
23678,Saccade,13677,0.00,0.00,0.15036,-0.00711,0.01835,-0.98843,0.06645,0.01589,0.00106,-0.99766,-0.21599,-0.00755,-0.01649,0.97623,0.06618,0.04308,0.00286,-0.99687,-0.21612,-0.03471,-0.01417,0.97565,0.00000,0.00000,1.00,1.00
23689,Saccade,13688,0.00,0.00,0.15039,-0.00683,0.01829,-0.98843,0.06643,0.01560,0.00104,-0.99767,-0.21599,-0.00755,-0.01648,0.97623,0.06616,0.04280,0.00284,-0.99689,-0.21612,-0.03471,-0.01415,0.97565,0.00000,0.00000,1.00,1.00
23701,Saccade,13700,0.00,0.00,0.15048,-0.00666,0.01830,-0.98842,0.06449,0.01514,0.00098,-0.99780,-0.21418,-0.00728,-0.01652,0.97663,0.06424,0.04233,0.00273,-0.99703,-0.21432,-0.03443,-0.01414,0.97606,0.00000,0.00000,1.00,1.00
23711,Saccade,13710,0.00,0.00,0.15047,-0.00639,0.01842,-0.98842,0.06450,0.01491,0.00096,-0.99781,-0.21418,-0.00732,-0.01667,0.97663,0.06424,0.04209,0.00271,-0.99704,-0.21431,-0.03446,-0.01430,0.97605,0.00000,0.00000,1.00,1.00
23722,Saccade,13721,0.00,0.00,0.15052,-0.00619,0.01854,-0.98841,0.06445,0.01475,0.00095,-0.99781,-0.21417,-0.00735,-0.01682,0.97662,0.06418,0.04194,0.00270,-0.99705,-0.21430,-0.03449,-0.01444,0.97605,0.00000,0.00000,1.00,1.00
23734,Saccade,13733,0.00,0.00,0.15042,-0.00598,0.01863,-0.98843,0.06464,0.01606,0.00104,-0.99778,-0.21428,-0.00886,-0.01682,0.97659,0.06435,0.04325,0.00279,-0.99699,-0.21440,-0.03601,-0.01444,0.97598,0.00000,0.00000,1.00,1.00
23745,Saccade,13744,0.00,0.00,0.15049,-0.00581,0.01870,-0.98842,0.06457,0.01592,0.00103,-0.99779,-0.21428,-0.00888,-0.01691,0.97659,0.06427,0.04311,0.00278,-0.99700,-0.21439,-0.03603,-0.01453,0.97597,0.00000,0.00000,1.00,1.00
23756,Saccade,13755,0.00,0.00,0.15058,-0.00568,0.01876,-0.98840,0.06448,0.01580,0.00102,-0.99779,-0.21428,-0.00890,-0.01698,0.97658,0.06418,0.04298,0.00277,-0.99701,-0.21439,-0.03604,-0.01460,0.97597,0.00000,0.00000,1.00,1.00
23768,Saccade,13767,0.00,0.00,0.15055,-0.00554,0.01897,-0.98840,0.06522,0.01549,0.00101,-0.99775,-0.21497,-0.00869,-0.01724,0.97643,0.06493,0.04268,0.00278,-0.99697,-0.21509,-0.03584,-0.01488,0.97582,0.00000,0.00000,1.00,1.00
23779,Saccade,13777,0.00,0.00,0.15044,-0.00563,0.01923,-0.98842,0.06532,0.01565,0.00102,-0.99774,-0.21497,-0.00875,-0.01748,0.97642,0.06502,0.04284,0.00279,-0.99696,-0.21509,-0.03590,-0.01512,0.97582,0.00000,0.00000,1.00,1.00
23789,Saccade,13788,0.00,0.00,0.15038,-0.00560,0.01939,-0.98842,0.06538,0.01567,0.00103,-0.99774,-0.21497,-0.00878,-0.01764,0.97642,0.06506,0.04286,0.00280,-0.99696,-0.21508,-0.03593,-0.01529,0.97582,0.00000,0.00000,1.00,1.00
23801,Saccade,13800,0.00,0.00,0.15039,-0.00559,0.01928,-0.98842,0.06544,0.01409,0.00092,-0.99776,-0.21502,-0.00722,-0.01767,0.97642,0.06517,0.04128,0.00270,-0.99702,-0.21518,-0.03438,-0.01532,0.97585,0.00000,0.00000,1.00,1.00
23811,Saccade,13810,0.00,0.00,0.15049,-0.00560,0.01921,-0.98841,0.06535,0.01408,0.00092,-0.99776,-0.21502,-0.00721,-0.01759,0.97642,0.06508,0.04127,0.00269,-0.99702,-0.21518,-0.03437,-0.01524,0.97585,0.00000,0.00000,1.00,1.00
23822,Saccade,13821,0.00,0.00,0.15069,-0.00559,0.01900,-0.98838,0.06516,0.01400,0.00091,-0.99778,-0.21502,-0.00716,-0.01738,0.97643,0.06490,0.04120,0.00268,-0.99704,-0.21519,-0.03432,-0.01502,0.97585,0.00000,0.00000,1.00,1.00
23835,Saccade,13833,0.00,0.00,0.15080,-0.00566,0.01880,-0.98837,0.06505,0.01374,0.00090,-0.99779,-0.21502,-0.00685,-0.01720,0.97643,0.06482,0.04094,0.00266,-0.99705,-0.21521,-0.03401,-0.01484,0.97586,0.00000,0.00000,1.00,1.00
23845,Saccade,13843,0.00,0.00,0.15079,-0.00565,0.01882,-0.98837,0.06506,0.01374,0.00090,-0.99779,-0.21502,-0.00685,-0.01722,0.97643,0.06484,0.04093,0.00266,-0.99705,-0.21521,-0.03401,-0.01485,0.97586,0.00000,0.00000,1.00,1.00
23856,Saccade,13855,0.00,0.00,0.15066,-0.00554,0.01881,-0.98839,0.06520,0.01363,0.00089,-0.99778,-0.21502,-0.00686,-0.01724,0.97643,0.06497,0.04083,0.00266,-0.99705,-0.21521,-0.03401,-0.01488,0.97586,0.00000,0.00000,1.00,1.00
23868,Saccade,13867,0.00,0.00,0.15062,-0.00529,0.01884,-0.98840,0.06540,0.01198,0.00079,-0.99779,-0.21515,-0.00545,-0.01742,0.97641,0.06517,0.03918,0.00256,-0.99710,-0.21535,-0.03261,-0.01507,0.97588,0.00000,0.00000,1.00,1.00
23878,Saccade,13877,0.00,0.00,0.15057,-0.00488,0.01877,-0.98841,0.06545,0.01157,0.00076,-0.99779,-0.21515,-0.00545,-0.01742,0.97641,0.06523,0.03877,0.00254,-0.99711,-0.21535,-0.03261,-0.01507,0.97588,0.00000,0.00000,1.00,1.00
23890,Saccade,13888,0.00,0.00,0.15063,-0.00450,0.01864,-0.98841,0.06541,0.01116,0.00073,-0.99780,-0.21515,-0.00543,-0.01734,0.97641,0.06518,0.03837,0.00251,-0.99713,-0.21535,-0.03260,-0.01499,0.97588,0.00000,0.00000,1.00,1.00
23902,Saccade,13901,0.00,0.00,0.15058,-0.00411,0.01853,-0.98842,0.06563,0.01239,0.00082,-0.99777,-0.21534,-0.00705,-0.01716,0.97636,0.06540,0.03960,0.00260,-0.99707,-0.21552,-0.03421,-0.01481,0.97579,0.00000,0.00000,1.00,1.00
23912,Saccade,13910,0.00,0.00,0.15049,-0.00365,0.01852,-0.98843,0.06573,0.01195,0.00079,-0.99777,-0.21534,-0.00707,-0.01722,0.97636,0.06549,0.03915,0.00257,-0.99708,-0.21552,-0.03423,-0.01488,0.97579,0.00000,0.00000,1.00,1.00
23923,Saccade,13921,0.00,0.00,0.15035,-0.00320,0.01862,-0.98845,0.06587,0.01154,0.00076,-0.99776,-0.21534,-0.00710,-0.01738,0.97636,0.06563,0.03874,0.00255,-0.99709,-0.21551,-0.03427,-0.01505,0.97578,0.00000,0.00000,1.00,1.00
23935,Saccade,13933,0.00,0.00,0.15022,-0.00280,0.01875,-0.98847,0.06592,0.01048,0.00069,-0.99777,-0.21525,-0.00644,-0.01763,0.97638,0.06568,0.03769,0.00248,-0.99713,-0.21543,-0.03361,-0.01530,0.97582,0.00000,0.00000,1.00,1.00
23945,Saccade,13944,0.00,0.00,0.15013,-0.00242,0.01873,-0.98849,0.06602,0.01012,0.00067,-0.99777,-0.21525,-0.00645,-0.01767,0.97638,0.06578,0.03733,0.00246,-0.99713,-0.21542,-0.03362,-0.01535,0.97582,0.00000,0.00000,1.00,1.00
23956,Saccade,13955,0.00,0.00,0.15009,-0.00198,0.01858,-0.98850,0.06607,0.00965,0.00064,-0.99777,-0.21525,-0.00643,-0.01759,0.97638,0.06583,0.03686,0.00243,-0.99715,-0.21543,-0.03360,-0.01527,0.97582,0.00000,0.00000,1.00,1.00
23968,Saccade,13967,0.00,0.00,0.15008,-0.00163,0.01859,-0.98850,0.06531,0.01039,0.00068,-0.99781,-0.21450,-0.00753,-0.01756,0.97654,0.06507,0.03760,0.00245,-0.99717,-0.21468,-0.03470,-0.01522,0.97595,0.00000,0.00000,1.00,1.00
23979,Saccade,13978,0.00,0.00,0.14994,-0.00140,0.01872,-0.98852,0.06545,0.01020,0.00067,-0.99780,-0.21450,-0.00757,-0.01771,0.97653,0.06521,0.03741,0.00245,-0.99717,-0.21468,-0.03473,-0.01538,0.97595,0.00000,0.00000,1.00,1.00
23990,Saccade,13989,0.00,0.00,0.14977,-0.00112,0.01885,-0.98854,0.06562,0.00998,0.00066,-0.99779,-0.21450,-0.00760,-0.01789,0.97653,0.06537,0.03718,0.00244,-0.99717,-0.21467,-0.03477,-0.01557,0.97594,0.00000,0.00000,1.00,1.00
24002,Saccade,14001,0.00,0.00,0.14962,-0.00087,0.01887,-0.98856,0.06551,0.00932,0.00061,-0.99781,-0.21423,-0.00720,-0.01799,0.97659,0.06528,0.03654,0.00239,-0.99720,-0.21443,-0.03437,-0.01566,0.97601,0.00000,0.00000,1.00,1.00
24012,Saccade,14011,0.00,0.00,0.14946,-0.00069,0.01890,-0.98859,0.06568,0.00916,0.00060,-0.99780,-0.21423,-0.00721,-0.01804,0.97659,0.06544,0.03637,0.00239,-0.99719,-0.21442,-0.03439,-0.01573,0.97601,0.00000,0.00000,1.00,1.00
24024,Saccade,14022,0.00,0.00,0.14932,-0.00047,0.01891,-0.98861,0.06582,0.00895,0.00059,-0.99779,-0.21423,-0.00722,-0.01808,0.97659,0.06558,0.03617,0.00238,-0.99719,-0.21442,-0.03440,-0.01577,0.97601,0.00000,0.00000,1.00,1.00
24036,Saccade,14034,0.00,0.00,0.14929,-0.00020,0.01888,-0.98861,0.06573,0.00636,0.00042,-0.99782,-0.21406,-0.00492,-0.01829,0.97664,0.06553,0.03359,0.00221,-0.99728,-0.21430,-0.03210,-0.01598,0.97611,0.00000,0.00000,1.00,1.00
24045,Saccade,14044,10.00,0.00,0.14918,0.00003,0.01885,-0.98863,0.06584,0.00613,0.00040,-0.99781,-0.21406,-0.00492,-0.01829,0.97664,0.06564,0.03336,0.00220,-0.99728,-0.21430,-0.03210,-0.01599,0.97611,0.00000,0.00000,1.00,1.00
24056,Saccade,14055,10.00,0.00,0.14894,0.00025,0.01882,-0.98867,0.06608,0.00592,0.00039,-0.99780,-0.21406,-0.00492,-0.01830,0.97664,0.06588,0.03314,0.00219,-0.99727,-0.21430,-0.03211,-0.01601,0.97611,0.00000,0.00000,1.00,1.00
24068,Saccade,14067,10.00,0.00,0.14883,0.00055,0.01869,-0.98869,0.06682,0.00592,0.00040,-0.99775,-0.21467,-0.00521,-0.01820,0.97650,0.06663,0.03315,0.00221,-0.99722,-0.21491,-0.03241,-0.01594,0.97597,0.00000,0.00000,1.00,1.00
24079,Saccade,14077,10.00,0.00,0.14874,0.00091,0.01848,-0.98870,0.06691,0.00551,0.00037,-0.99774,-0.21467,-0.00517,-0.01804,0.97651,0.06674,0.03274,0.00219,-0.99723,-0.21492,-0.03237,-0.01578,0.97597,0.00000,0.00000,1.00,1.00
24090,Saccade,14089,10.00,0.00,0.14858,0.00129,0.01835,-0.98873,0.06708,0.00512,0.00034,-0.99773,-0.21467,-0.00516,-0.01798,0.97651,0.06691,0.03235,0.00217,-0.99723,-0.21492,-0.03236,-0.01573,0.97597,0.00000,0.00000,1.00,1.00
24102,Saccade,14101,10.00,0.00,0.14847,0.00159,0.01823,-0.98875,0.06684,0.00558,0.00037,-0.99775,-0.21433,-0.00594,-0.01784,0.97658,0.06667,0.03281,0.00219,-0.99723,-0.21458,-0.03314,-0.01558,0.97602,0.00000,0.00000,1.00,1.00
24112,Saccade,14111,10.00,0.00,0.14857,0.00197,0.01815,-0.98873,0.06675,0.00519,0.00035,-0.99776,-0.21433,-0.00594,-0.01782,0.97658,0.06658,0.03242,0.00216,-0.99725,-0.21458,-0.03313,-0.01556,0.97602,0.00000,0.00000,1.00,1.00
24123,Saccade,14122,10.00,0.00,0.14853,0.00224,0.01810,-0.98874,0.06680,0.00491,0.00033,-0.99775,-0.21433,-0.00593,-0.01780,0.97658,0.06663,0.03214,0.00215,-0.99726,-0.21458,-0.03313,-0.01554,0.97602,0.00000,0.00000,1.00,1.00
24135,Saccade,14134,10.00,0.00,0.14836,0.00246,0.01818,-0.98876,0.06750,0.00451,0.00031,-0.99771,-0.21484,-0.00573,-0.01794,0.97647,0.06733,0.03175,0.00214,-0.99722,-0.21509,-0.03294,-0.01571,0.97591,0.00000,0.00000,1.00,1.00
24146,Saccade,14144,10.00,0.00,0.14807,0.00271,0.01822,-0.98881,0.06780,0.00428,0.00029,-0.99769,-0.21484,-0.00575,-0.01802,0.97647,0.06762,0.03152,0.00214,-0.99721,-0.21509,-0.03296,-0.01580,0.97591,0.00000,0.00000,1.00,1.00
24157,Saccade,14155,10.00,0.00,0.14784,0.00294,0.01809,-0.98884,0.06804,0.00403,0.00027,-0.99767,-0.21484,-0.00573,-0.01792,0.97647,0.06787,0.03127,0.00213,-0.99720,-0.21509,-0.03294,-0.01572,0.97591,0.00000,0.00000,1.00,1.00
24168,Saccade,14167,10.00,0.00,0.14767,0.00311,0.01777,-0.98887,0.06790,0.00289,0.00020,-0.99769,-0.21453,-0.00478,-0.01771,0.97655,0.06776,0.03014,0.00205,-0.99724,-0.21480,-0.03200,-0.01550,0.97601,0.00000,0.00000,1.00,1.00
24179,Saccade,14178,10.00,0.00,0.14742,0.00321,0.01735,-0.98892,0.06816,0.00267,0.00018,-0.99767,-0.21453,-0.00470,-0.01731,0.97655,0.06804,0.02992,0.00204,-0.99723,-0.21481,-0.03192,-0.01513,0.97602,0.00000,0.00000,1.00,1.00
24190,Saccade,14189,10.00,0.00,0.14718,0.00328,0.01708,-0.98896,0.06841,0.00254,0.00017,-0.99765,-0.21453,-0.00464,-0.01706,0.97656,0.06830,0.02979,0.00204,-0.99722,-0.21482,-0.03186,-0.01489,0.97602,0.00000,0.00000,1.00,1.00
24202,Saccade,14201,10.00,0.00,0.14679,0.00337,0.01690,-0.98902,0.07080,0.00224,0.00016,-0.99749,-0.21648,-0.00440,-0.01692,0.97613,0.07069,0.02950,0.00209,-0.99706,-0.21677,-0.03165,-0.01482,0.97560,0.00000,0.00000,1.00,1.00
24212,Saccade,14211,10.00,0.00,0.14657,0.00345,0.01675,-0.98905,0.07103,0.00212,0.00015,-0.99747,-0.21648,-0.00437,-0.01680,0.97613,0.07092,0.02939,0.00209,-0.99705,-0.21677,-0.03162,-0.01471,0.97560,0.00000,0.00000,1.00,1.00
24223,Saccade,14222,10.00,0.00,0.14640,0.00358,0.01664,-0.98908,0.07120,0.00197,0.00014,-0.99746,-0.21648,-0.00435,-0.01670,0.97613,0.07110,0.02924,0.00208,-0.99704,-0.21677,-0.03161,-0.01463,0.97560,0.00000,0.00000,1.00,1.00
24235,Saccade,14234,10.00,0.00,0.14636,0.00362,0.01648,-0.98909,0.07010,0.00288,0.00020,-0.99754,-0.21538,-0.00533,-0.01647,0.97638,0.06998,0.03014,0.00212,-0.99709,-0.21564,-0.03257,-0.01437,0.97582,0.00000,0.00000,1.00,1.00
24246,Saccade,14244,10.00,0.00,0.14608,0.00375,0.01625,-0.98913,0.07039,0.00269,0.00019,-0.99752,-0.21538,-0.00529,-0.01627,0.97638,0.07028,0.02995,0.00211,-0.99708,-0.21564,-0.03253,-0.01418,0.97583,0.00000,0.00000,1.00,1.00
24257,Saccade,14256,10.00,0.00,0.14576,0.00384,0.01606,-0.98918,0.07071,0.00255,0.00018,-0.99749,-0.21538,-0.00525,-0.01610,0.97638,0.07061,0.02981,0.00211,-0.99706,-0.21565,-0.03250,-0.01403,0.97583,0.00000,0.00000,1.00,1.00
24269,Saccade,14268,10.00,0.00,0.14539,0.00381,0.01587,-0.98924,0.07043,0.00178,0.00013,-0.99751,-0.21474,-0.00446,-0.01597,0.97653,0.07033,0.02905,0.00205,-0.99710,-0.21499,-0.03171,-0.01390,0.97600,0.00000,0.00000,1.00,1.00
24279,Saccade,14278,10.00,0.00,0.14511,0.00382,0.01573,-0.98928,0.07072,0.00174,0.00012,-0.99749,-0.21474,-0.00443,-0.01583,0.97653,0.07062,0.02900,0.00205,-0.99708,-0.21500,-0.03168,-0.01377,0.97600,0.00000,0.00000,1.00,1.00
24290,Saccade,14289,10.00,0.00,0.14474,0.00371,0.01561,-0.98934,0.07109,0.00181,0.00013,-0.99747,-0.21474,-0.00440,-0.01570,0.97654,0.07100,0.02908,0.00207,-0.99705,-0.21500,-0.03166,-0.01367,0.97600,0.00000,0.00000,1.00,1.00
24303,Saccade,14302,10.00,0.00,0.14453,0.00370,0.01544,-0.98937,0.03325,-0.01151,-0.00038,-0.99938,-0.17716,0.00826,-0.01683,0.98400,0.03328,0.01561,0.00052,-0.99932,-0.17759,-0.01870,-0.01381,0.98383,0.00000,0.00000,1.00,1.00
24313,Saccade,14311,10.00,0.00,0.14444,0.00355,0.01531,-0.98939,0.03333,-0.01139,-0.00038,-0.99938,-0.17715,0.00829,-0.01669,0.98401,0.03336,0.01573,0.00053,-0.99932,-0.17759,-0.01867,-0.01366,0.98383,0.00000,0.00000,1.00,1.00
24323,Saccade,14322,10.00,0.00,0.14421,0.00346,0.01508,-0.98943,0.03356,-0.01135,-0.00038,-0.99937,-0.17715,0.00833,-0.01644,0.98401,0.03361,0.01577,0.00053,-0.99931,-0.17760,-0.01863,-0.01343,0.98383,0.00000,0.00000,1.00,1.00
24335,Saccade,14334,10.00,0.00,0.14390,0.00324,0.01523,-0.98947,0.02683,-0.01103,-0.00030,-0.99958,-0.17022,0.00812,-0.01661,0.98523,0.02685,0.01608,0.00043,-0.99951,-0.17064,-0.01880,-0.01343,0.98506,0.00000,0.00000,1.00,1.00
24346,Saccade,14345,10.00,0.00,0.14357,0.00306,0.01533,-0.98952,0.02716,-0.01083,-0.00029,-0.99957,-0.17022,0.00811,-0.01667,0.98523,0.02717,0.01628,0.00044,-0.99950,-0.17064,-0.01882,-0.01350,0.98506,0.00000,0.00000,1.00,1.00
24357,Saccade,14356,10.00,0.00,0.14338,0.00287,0.01536,-0.98954,0.02735,-0.01063,-0.00029,-0.99957,-0.17022,0.00811,-0.01667,0.98523,0.02737,0.01648,0.00045,-0.99949,-0.17064,-0.01882,-0.01352,0.98506,0.00000,0.00000,1.00,1.00
24369,Saccade,14368,10.00,0.00,0.14310,0.00272,0.01508,-0.98959,0.02658,-0.01076,-0.00029,-0.99959,-0.16918,0.00837,-0.01641,0.98541,0.02659,0.01635,0.00043,-0.99951,-0.16959,-0.01856,-0.01324,0.98525,0.00000,0.00000,1.00,1.00
24379,Saccade,14378,10.00,0.00,0.14274,0.00257,0.01482,-0.98965,0.02693,-0.01065,-0.00029,-0.99958,-0.16918,0.00842,-0.01612,0.98542,0.02696,0.01645,0.00044,-0.99950,-0.16960,-0.01851,-0.01297,0.98525,0.00000,0.00000,1.00,1.00
24391,Saccade,14390,10.00,0.00,0.14233,0.00237,0.01449,-0.98971,0.02734,-0.01052,-0.00029,-0.99957,-0.16918,0.00848,-0.01576,0.98542,0.02739,0.01659,0.00045,-0.99949,-0.16960,-0.01846,-0.01264,0.98526,0.00000,0.00000,1.00,1.00
24402,Saccade,14401,10.00,0.00,0.14198,0.00223,0.01423,-0.98977,0.02664,-0.01155,-0.00031,-0.99958,-0.16812,0.00963,-0.01562,0.98560,0.02669,0.01555,0.00042,-0.99952,-0.16855,-0.01730,-0.01249,0.98546,0.00000,0.00000,1.00,1.00
24413,Saccade,14411,10.00,0.00,0.14168,0.00209,0.01401,-0.98981,0.02693,-0.01146,-0.00031,-0.99957,-0.16812,0.00967,-0.01538,0.98560,0.02699,0.01565,0.00042,-0.99951,-0.16855,-0.01726,-0.01226,0.98547,0.00000,0.00000,1.00,1.00
24424,Saccade,14423,10.00,0.00,0.14130,0.00206,0.01380,-0.98987,0.02731,-0.01146,-0.00031,-0.99956,-0.16812,0.00971,-0.01516,0.98560,0.02738,0.01565,0.00043,-0.99950,-0.16855,-0.01723,-0.01207,0.98547,0.00000,0.00000,1.00,1.00
24436,Saccade,14435,10.00,0.00,0.14106,0.00189,0.01362,-0.98991,0.02659,-0.01169,-0.00031,-0.99958,-0.16717,0.01009,-0.01501,0.98576,0.02664,0.01542,0.00041,-0.99953,-0.16758,-0.01685,-0.01190,0.98564,0.00000,0.00000,1.00,1.00
24446,Saccade,14445,10.00,0.00,0.14074,0.00185,0.01326,-0.98996,0.02691,-0.01171,-0.00032,-0.99957,-0.16716,0.01015,-0.01464,0.98577,0.02697,0.01539,0.00042,-0.99952,-0.16758,-0.01679,-0.01155,0.98565,0.00000,0.00000,1.00,1.00
24458,Saccade,14456,10.00,0.00,0.14038,0.00174,0.01304,-0.99001,0.02727,-0.01164,-0.00032,-0.99956,-0.16716,0.01019,-0.01440,0.98577,0.02735,0.01546,0.00042,-0.99951,-0.16758,-0.01675,-0.01133,0.98565,0.00000,0.00000,1.00,1.00
24469,Saccade,14468,10.00,0.00,0.14025,0.00168,0.01292,-0.99003,0.02405,-0.01112,-0.00027,-0.99965,-0.16387,0.00968,-0.01425,0.98633,0.02410,0.01598,0.00039,-0.99958,-0.16426,-0.01724,-0.01109,0.98620,0.00000,0.00000,1.00,1.00
24479,Saccade,14478,10.00,0.00,0.14017,0.00149,0.01293,-0.99004,0.02413,-0.01093,-0.00026,-0.99965,-0.16387,0.00968,-0.01423,0.98633,0.02417,0.01617,0.00039,-0.99958,-0.16426,-0.01724,-0.01108,0.98621,0.00000,0.00000,1.00,1.00
24491,Saccade,14490,10.00,0.00,0.14010,0.00129,0.01289,-0.99005,0.02420,-0.01075,-0.00026,-0.99965,-0.16387,0.00969,-0.01417,0.98633,0.02425,0.01635,0.00040,-0.99957,-0.16426,-0.01723,-0.01102,0.98621,0.00000,0.00000,1.00,1.00
24503,Saccade,14502,10.00,0.00,0.14001,0.00096,0.01283,-0.99007,0.01625,-0.00152,-0.00002,-0.99987,-0.15606,0.00076,-0.01303,0.98766,0.01625,0.02556,0.00042,-0.99954,-0.15637,-0.02611,-0.00967,0.98731,0.00000,0.00000,1.00,1.00
24513,Saccade,14512,10.00,0.00,0.13988,0.00053,0.01278,-0.99009,0.01637,-0.00111,-0.00002,-0.99987,-0.15606,0.00078,-0.01292,0.98766,0.01638,0.02597,0.00043,-0.99953,-0.15637,-0.02610,-0.00957,0.98731,0.00000,0.00000,1.00,1.00
24524,Saccade,14523,10.00,0.00,0.13976,-0.00001,0.01279,-0.99010,0.01649,-0.00057,-0.00001,-0.99986,-0.15606,0.00079,-0.01285,0.98766,0.01650,0.02651,0.00044,-0.99951,-0.15637,-0.02609,-0.00951,0.98731,0.00000,0.00000,1.00,1.00
24536,Saccade,14535,10.00,0.00,0.13953,-0.00068,0.01279,-0.99013,0.01623,-0.00042,-0.00001,-0.99987,-0.15558,0.00131,-0.01283,0.98774,0.01623,0.02666,0.00043,-0.99951,-0.15588,-0.02556,-0.00948,0.98740,0.00000,0.00000,1.00,1.00
24547,Saccade,14545,10.00,0.00,0.13897,-0.00131,0.01268,-0.99021,0.01679,0.00018,0.00000,-0.99986,-0.15558,0.00134,-0.01264,0.98774,0.01680,0.02726,0.00046,-0.99949,-0.15588,-0.02554,-0.00932,0.98740,0.00000,0.00000,1.00,1.00
24558,Saccade,14557,10.00,0.00,0.13838,-0.00200,0.01261,-0.99030,0.01738,0.00086,0.00002,-0.99985,-0.15558,0.00136,-0.01246,0.98774,0.01740,0.02794,0.00049,-0.99946,-0.15588,-0.02552,-0.00918,0.98740,0.00000,0.00000,1.00,1.00
24570,Saccade,14568,10.00,0.00,0.13782,-0.00254,0.01241,-0.99038,0.02043,-0.00068,-0.00001,-0.99979,-0.15802,0.00347,-0.01244,0.98735,0.02044,0.02640,0.00054,-0.99944,-0.15832,-0.02343,-0.00925,0.98707,0.00000,0.00000,1.00,1.00
24580,Saccade,14579,10.00,0.00,0.13747,-0.00316,0.01226,-0.99043,0.02078,-0.00009,0.00000,-0.99978,-0.15802,0.00351,-0.01220,0.98735,0.02081,0.02699,0.00056,-0.99942,-0.15833,-0.02339,-0.00903,0.98707,0.00000,0.00000,1.00,1.00
24591,Saccade,14590,10.00,0.00,0.13718,-0.00361,0.01186,-0.99047,0.02107,0.00027,0.00001,-0.99978,-0.15802,0.00358,-0.01175,0.98736,0.02111,0.02736,0.00058,-0.99940,-0.15834,-0.02332,-0.00859,0.98707,0.00000,0.00000,1.00,1.00
24603,Saccade,14602,10.00,0.00,0.13709,-0.00408,0.01156,-0.99048,0.02124,-0.00089,-0.00002,-0.99977,-0.15809,0.00521,-0.01158,0.98734,0.02128,0.02619,0.00056,-0.99943,-0.15840,-0.02170,-0.00843,0.98710,0.00000,0.00000,1.00,1.00
24613,Saccade,14612,10.00,0.00,0.13693,-0.00444,0.01135,-0.99051,0.02139,-0.00057,-0.00001,-0.99977,-0.15809,0.00525,-0.01132,0.98735,0.02145,0.02651,0.00057,-0.99942,-0.15840,-0.02166,-0.00818,0.98710,0.00000,0.00000,1.00,1.00
24625,Saccade,14624,10.00,0.00,0.13675,-0.00475,0.01130,-0.99053,0.02157,-0.00027,-0.00001,-0.99977,-0.15809,0.00527,-0.01123,0.98735,0.02163,0.02681,0.00058,-0.99941,-0.15840,-0.02165,-0.00810,0.98710,0.00000,0.00000,1.00,1.00
24636,Saccade,14635,10.00,0.00,0.13646,-0.00492,0.01125,-0.99057,0.02188,0.00109,0.00002,-0.99976,-0.15812,0.00408,-0.01101,0.98735,0.02189,0.02817,0.00062,-0.99936,-0.15838,-0.02283,-0.00790,0.98708,0.00000,0.00000,1.00,1.00
24647,Saccade,14645,10.00,0.00,0.13607,-0.00501,0.01109,-0.99063,0.02228,0.00115,0.00003,-0.99975,-0.15812,0.00411,-0.01085,0.98735,0.02230,0.02824,0.00063,-0.99935,-0.15839,-0.02281,-0.00776,0.98708,0.00000,0.00000,1.00,1.00
24658,Saccade,14657,10.00,0.00,0.13548,-0.00508,0.01081,-0.99071,0.02287,0.00118,0.00003,-0.99974,-0.15812,0.00415,-0.01056,0.98736,0.02290,0.02826,0.00065,-0.99934,-0.15839,-0.02276,-0.00750,0.98709,0.00000,0.00000,1.00,1.00
24670,Saccade,14668,10.00,0.00,0.13500,-0.00504,0.01045,-0.99078,0.02263,0.00106,0.00002,-0.99974,-0.15739,0.00422,-0.01021,0.98747,0.02264,0.02814,0.00064,-0.99935,-0.15764,-0.02270,-0.00716,0.98721,0.00000,0.00000,1.00,1.00
24680,Saccade,14679,10.00,0.00,0.13452,-0.00512,0.01026,-0.99084,0.02310,0.00111,0.00003,-0.99973,-0.15739,0.00425,-0.01002,0.98748,0.02313,0.02819,0.00065,-0.99933,-0.15764,-0.02267,-0.00699,0.98721,0.00000,0.00000,1.00,1.00
24691,Saccade,14690,10.00,0.00,0.13396,-0.00519,0.01021,-0.99092,0.02367,0.00118,0.00003,-0.99972,-0.15739,0.00426,-0.00995,0.98748,0.02370,0.02826,0.00067,-0.99932,-0.15765,-0.02266,-0.00696,0.98721,0.00000,0.00000,1.00,1.00
24703,Saccade,14702,10.00,0.00,0.13358,-0.00522,0.01026,-0.99097,0.02300,0.00079,0.00002,-0.99974,-0.15634,0.00467,-0.01005,0.98764,0.02299,0.02787,0.00064,-0.99935,-0.15656,-0.02225,-0.00705,0.98739,0.00000,0.00000,1.00,1.00
24713,Saccade,14712,10.00,0.00,0.13327,-0.00526,0.01000,-0.99101,0.02331,0.00078,0.00002,-0.99973,-0.15634,0.00471,-0.00978,0.98764,0.02331,0.02787,0.00065,-0.99934,-0.15657,-0.02221,-0.00680,0.98739,0.00000,0.00000,1.00,1.00
24724,Saccade,14723,10.00,0.00,0.13309,-0.00528,0.00956,-0.99104,0.02349,0.00073,0.00002,-0.99972,-0.15634,0.00478,-0.00935,0.98765,0.02351,0.02781,0.00065,-0.99934,-0.15658,-0.02215,-0.00637,0.98740,0.00000,0.00000,1.00,1.00
24737,Saccade,14735,10.00,0.00,0.13288,-0.00542,0.00903,-0.99108,0.02500,0.00064,0.00002,-0.99969,-0.15762,0.00500,-0.00882,0.98745,0.02502,0.02773,0.00069,-0.99930,-0.15784,-0.02193,-0.00589,0.98720,0.00000,0.00000,1.00,1.00
24747,Saccade,14746,10.00,0.00,0.13257,-0.00557,0.00875,-0.99112,0.02531,0.00075,0.00002,-0.99968,-0.15762,0.00505,-0.00852,0.98745,0.02535,0.02783,0.00071,-0.99929,-0.15785,-0.02189,-0.00561,0.98720,0.00000,0.00000,1.00,1.00
24758,Saccade,14757,10.00,0.00,0.13225,-0.00577,0.00865,-0.99116,0.02563,0.00093,0.00002,-0.99967,-0.15762,0.00507,-0.00840,0.98745,0.02568,0.02802,0.00072,-0.99928,-0.15785,-0.02187,-0.00550,0.98721,0.00000,0.00000,1.00,1.00
24770,Saccade,14769,10.00,0.00,0.13197,-0.00596,0.00863,-0.99120,0.02564,0.00359,0.00009,-0.99966,-0.15736,0.00261,-0.00810,0.98750,0.02563,0.03067,0.00079,-0.99920,-0.15754,-0.02433,-0.00521,0.98720,0.00000,0.00000,1.00,1.00
24781,Saccade,14780,10.00,0.00,0.13171,-0.00624,0.00859,-0.99123,0.02589,0.00386,0.00010,-0.99966,-0.15736,0.00262,-0.00802,0.98750,0.02589,0.03094,0.00080,-0.99919,-0.15754,-0.02432,-0.00514,0.98720,0.00000,0.00000,1.00,1.00
24793,Saccade,14792,10.00,0.00,0.13149,-0.00641,0.00843,-0.99126,0.02611,0.00401,0.00010,-0.99965,-0.15736,0.00265,-0.00784,0.98751,0.02612,0.03109,0.00081,-0.99918,-0.15754,-0.02430,-0.00498,0.98720,0.00000,0.00000,1.00,1.00
24804,Saccade,14803,10.00,0.00,0.13126,-0.00676,0.00831,-0.99129,0.02725,0.00401,0.00011,-0.99962,-0.15826,0.00299,-0.00770,0.98736,0.02723,0.03110,0.00085,-0.99914,-0.15841,-0.02396,-0.00488,0.98707,0.00000,0.00000,1.00,1.00
24814,Saccade,14813,10.00,0.00,0.13108,-0.00695,0.00810,-0.99131,0.02743,0.00416,0.00011,-0.99962,-0.15826,0.00303,-0.00747,0.98736,0.02743,0.03125,0.00086,-0.99914,-0.15841,-0.02393,-0.00465,0.98707,0.00000,0.00000,1.00,1.00
24826,Saccade,14824,10.00,0.00,0.13091,-0.00720,0.00786,-0.99134,0.02761,0.00437,0.00012,-0.99961,-0.15826,0.00307,-0.00720,0.98737,0.02761,0.03146,0.00087,-0.99912,-0.15842,-0.02389,-0.00440,0.98707,0.00000,0.00000,1.00,1.00
24837,Saccade,14836,10.00,0.00,0.13076,-0.00747,0.00766,-0.99136,0.02744,0.00353,0.00010,-0.99962,-0.15793,0.00416,-0.00708,0.98742,0.02743,0.03062,0.00084,-0.99915,-0.15808,-0.02280,-0.00427,0.98715,0.00000,0.00000,1.00,1.00
24847,Saccade,14846,10.00,0.00,0.13056,-0.00781,0.00760,-0.99138,0.02763,0.00386,0.00011,-0.99961,-0.15793,0.00417,-0.00699,0.98742,0.02763,0.03095,0.00086,-0.99914,-0.15808,-0.02278,-0.00419,0.98715,0.00000,0.00000,1.00,1.00
24859,Saccade,14858,10.00,0.00,0.13034,-0.00802,0.00750,-0.99141,0.02785,0.00405,0.00011,-0.99960,-0.15793,0.00419,-0.00686,0.98742,0.02786,0.03114,0.00087,-0.99913,-0.15808,-0.02276,-0.00407,0.98715,0.00000,0.00000,1.00,1.00
24870,Saccade,14869,10.00,0.00,0.13040,-0.00820,0.00736,-0.99140,0.03006,0.00358,0.00011,-0.99954,-0.16017,0.00486,-0.00675,0.98705,0.03004,0.03067,0.00092,-0.99908,-0.16029,-0.02211,-0.00402,0.98681,0.00000,0.00000,1.00,1.00
24880,Saccade,14879,10.00,0.00,0.13054,-0.00848,0.00726,-0.99138,0.02992,0.00383,0.00011,-0.99955,-0.16017,0.00488,-0.00662,0.98706,0.02990,0.03092,0.00093,-0.99907,-0.16030,-0.02209,-0.00388,0.98681,0.00000,0.00000,1.00,1.00
24892,Saccade,14890,10.00,0.00,0.13061,-0.00857,0.00709,-0.99137,0.02985,0.00389,0.00012,-0.99955,-0.16017,0.00491,-0.00644,0.98706,0.02984,0.03098,0.00093,-0.99907,-0.16030,-0.02206,-0.00370,0.98681,0.00000,0.00000,1.00,1.00
24903,Saccade,14902,10.00,0.00,0.13065,-0.00886,0.00730,-0.99136,0.02941,0.00498,0.00015,-0.99955,-0.15979,0.00411,-0.00653,0.98712,0.02937,0.03207,0.00094,-0.99905,-0.15988,-0.02285,-0.00378,0.98687,0.00000,0.00000,1.00,1.00
24914,Saccade,14913,10.00,0.00,0.13061,-0.00900,0.00740,-0.99137,0.02945,0.00514,0.00015,-0.99955,-0.15979,0.00410,-0.00662,0.98712,0.02940,0.03223,0.00095,-0.99905,-0.15988,-0.02287,-0.00386,0.98686,0.00000,0.00000,1.00,1.00
24925,Saccade,14924,10.00,0.00,0.13043,-0.00912,0.00747,-0.99139,0.02963,0.00528,0.00016,-0.99955,-0.15979,0.00409,-0.00667,0.98712,0.02958,0.03237,0.00096,-0.99904,-0.15987,-0.02288,-0.00392,0.98686,0.00000,0.00000,1.00,1.00
24937,Saccade,14936,10.00,0.00,0.13023,-0.00920,0.00736,-0.99141,0.02948,0.00490,0.00014,-0.99955,-0.15944,0.00454,-0.00659,0.98718,0.02941,0.03199,0.00094,-0.99906,-0.15951,-0.02243,-0.00385,0.98693,0.00000,0.00000,1.00,1.00
24947,Saccade,14946,10.00,0.00,0.13011,-0.00929,0.00739,-0.99143,0.02960,0.00499,0.00015,-0.99955,-0.15944,0.00454,-0.00661,0.98718,0.02953,0.03208,0.00095,-0.99905,-0.15951,-0.02243,-0.00387,0.98693,0.00000,0.00000,1.00,1.00
24959,Saccade,14958,10.00,0.00,0.13010,-0.00929,0.00726,-0.99143,0.02961,0.00497,0.00015,-0.99955,-0.15944,0.00456,-0.00648,0.98718,0.02955,0.03206,0.00095,-0.99905,-0.15952,-0.02241,-0.00375,0.98693,0.00000,0.00000,1.00,1.00
24970,Saccade,14969,10.00,0.00,0.13011,-0.00932,0.00713,-0.99143,0.02840,0.00693,0.00020,-0.99957,-0.15826,0.00263,-0.00616,0.98737,0.02834,0.03401,0.00096,-0.99902,-0.15833,-0.02433,-0.00339,0.98708,0.00000,0.00000,1.00,1.00
24981,Saccade,14980,10.00,0.00,0.13017,-0.00937,0.00705,-0.99142,0.02834,0.00696,0.00020,-0.99957,-0.15826,0.00264,-0.00607,0.98738,0.02828,0.03404,0.00096,-0.99902,-0.15833,-0.02431,-0.00331,0.98708,0.00000,0.00000,1.00,1.00
24993,Saccade,14992,10.00,0.00,0.13029,-0.00936,0.00696,-0.99141,0.02822,0.00694,0.00020,-0.99958,-0.15826,0.00265,-0.00598,0.98738,0.02817,0.03402,0.00096,-0.99902,-0.15833,-0.02430,-0.00321,0.98708,0.00000,0.00000,1.00,1.00
25004,Saccade,15003,10.00,0.00,0.13043,-0.00938,0.00686,-0.99139,0.02646,0.00671,0.00018,-0.99963,-0.15666,0.00288,-0.00591,0.98763,0.02641,0.03378,0.00089,-0.99908,-0.15673,-0.02406,-0.00308,0.98734,0.00000,0.00000,1.00,1.00
25014,Saccade,15013,10.00,0.00,0.13063,-0.00934,0.00668,-0.99136,0.02625,0.00664,0.00017,-0.99963,-0.15666,0.00291,-0.00574,0.98763,0.02621,0.03371,0.00088,-0.99909,-0.15673,-0.02403,-0.00290,0.98734,0.00000,0.00000,1.00,1.00
25026,Saccade,15024,10.00,0.00,0.13078,-0.00941,0.00647,-0.99135,0.02610,0.00667,0.00017,-0.99964,-0.15666,0.00294,-0.00552,0.98763,0.02607,0.03374,0.00088,-0.99909,-0.15674,-0.02400,-0.00268,0.98734,0.00000,0.00000,1.00,1.00
25037,Saccade,15036,10.00,0.00,0.13092,-0.00947,0.00618,-0.99133,0.02610,0.00610,0.00016,-0.99964,-0.15679,0.00356,-0.00529,0.98761,0.02608,0.03318,0.00087,-0.99911,-0.15687,-0.02339,-0.00244,0.98734,0.00000,0.00000,1.00,1.00
25048,Saccade,15046,10.00,0.00,0.13110,-0.00959,0.00601,-0.99130,0.02593,0.00619,0.00016,-0.99964,-0.15679,0.00358,-0.00510,0.98761,0.02591,0.03326,0.00086,-0.99911,-0.15688,-0.02335,-0.00225,0.98734,0.00000,0.00000,1.00,1.00
25059,Saccade,15058,10.00,0.00,0.13123,-0.00973,0.00590,-0.99129,0.02579,0.00631,0.00016,-0.99965,-0.15679,0.00360,-0.00498,0.98761,0.02579,0.03339,0.00086,-0.99911,-0.15688,-0.02333,-0.00211,0.98734,0.00000,0.00000,1.00,1.00
25071,Saccade,15070,10.00,0.00,0.13125,-0.00995,0.00593,-0.99128,0.02637,0.00646,0.00017,-0.99963,-0.15738,0.00369,-0.00499,0.98752,0.02633,0.03353,0.00088,-0.99909,-0.15744,-0.02326,-0.00214,0.98725,0.00000,0.00000,1.00,1.00
25081,Saccade,15080,10.00,0.00,0.13128,-0.01011,0.00591,-0.99128,0.02634,0.00660,0.00017,-0.99963,-0.15738,0.00369,-0.00494,0.98752,0.02630,0.03368,0.00089,-0.99909,-0.15744,-0.02325,-0.00209,0.98725,0.00000,0.00000,1.00,1.00
25093,Saccade,15092,10.00,0.00,0.13140,-0.01026,0.00591,-0.99126,0.02622,0.00675,0.00018,-0.99963,-0.15738,0.00370,-0.00492,0.98752,0.02619,0.03383,0.00089,-0.99908,-0.15744,-0.02324,-0.00207,0.98725,0.00000,0.00000,1.00,1.00
25104,Saccade,15103,10.00,0.00,0.13166,-0.01037,0.00592,-0.99122,0.02628,0.00668,0.00018,-0.99963,-0.15771,0.00388,-0.00494,0.98747,0.02623,0.03376,0.00089,-0.99909,-0.15775,-0.02306,-0.00208,0.98721,0.00000,0.00000,1.00,1.00
25115,Saccade,15113,10.00,0.00,0.13190,-0.01045,0.00595,-0.99119,0.02604,0.00676,0.00018,-0.99964,-0.15771,0.00388,-0.00496,0.98747,0.02598,0.03384,0.00088,-0.99909,-0.15775,-0.02306,-0.00208,0.98721,0.00000,0.00000,1.00,1.00
25126,Saccade,15125,10.00,0.00,0.13222,-0.01051,0.00600,-0.99115,0.02572,0.00683,0.00018,-0.99965,-0.15771,0.00387,-0.00500,0.98747,0.02566,0.03390,0.00087,-0.99910,-0.15775,-0.02306,-0.00210,0.98721,0.00000,0.00000,1.00,1.00
25138,Saccade,15136,10.00,0.00,0.13234,-0.01048,0.00597,-0.99113,0.02429,0.00643,0.00016,-0.99968,-0.15642,0.00423,-0.00502,0.98767,0.02423,0.03350,0.00081,-0.99914,-0.15645,-0.02270,-0.00209,0.98742,0.00000,0.00000,1.00,1.00
25148,Saccade,15147,10.00,0.00,0.13229,-0.01043,0.00600,-0.99114,0.02435,0.00638,0.00016,-0.99968,-0.15642,0.00422,-0.00506,0.98767,0.02428,0.03346,0.00081,-0.99914,-0.15645,-0.02270,-0.00212,0.98742,0.00000,0.00000,1.00,1.00
25160,Saccade,15159,10.00,0.00,0.13217,-0.01035,0.00603,-0.99115,0.02447,0.00631,0.00015,-0.99968,-0.15642,0.00422,-0.00509,0.98767,0.02440,0.03338,0.00082,-0.99914,-0.15645,-0.02271,-0.00216,0.98742,0.00000,0.00000,1.00,1.00
25171,Saccade,15170,10.00,0.00,0.13189,-0.01019,0.00616,-0.99119,0.02479,-0.00251,-0.00006,-0.99969,-0.15640,0.01284,-0.00617,0.98759,0.02474,0.02458,0.00061,-0.99939,-0.15648,-0.01411,-0.00326,0.98757,0.00000,0.00000,1.00,1.00
25181,Saccade,15180,10.00,0.00,0.13136,-0.00986,0.00619,-0.99127,0.02532,-0.00283,-0.00007,-0.99968,-0.15640,0.01283,-0.00624,0.98759,0.02526,0.02427,0.00061,-0.99939,-0.15648,-0.01412,-0.00336,0.98757,0.00000,0.00000,1.00,1.00
25193,Saccade,15192,10.00,0.00,0.13109,-0.00958,0.00630,-0.99130,0.02559,-0.00308,-0.00008,-0.99967,-0.15640,0.01281,-0.00637,0.98759,0.02553,0.02401,0.00061,-0.99939,-0.15648,-0.01415,-0.00351,0.98757,0.00000,0.00000,1.00,1.00
25204,Saccade,15203,10.00,0.00,0.13107,-0.00930,0.00653,-0.99131,0.02442,-0.00509,-0.00012,-0.99969,-0.15520,0.01452,-0.00685,0.98775,0.02436,0.02201,0.00054,-0.99946,-0.15530,-0.01243,-0.00395,0.98778,0.00000,0.00000,1.00,1.00
25215,Saccade,15214,10.00,0.00,0.13102,-0.00904,0.00682,-0.99132,0.02448,-0.00529,-0.00013,-0.99969,-0.15521,0.01447,-0.00717,0.98775,0.02440,0.02180,0.00053,-0.99946,-0.15529,-0.01248,-0.00427,0.98778,0.00000,0.00000,1.00,1.00
25227,Saccade,15225,10.00,0.00,0.13066,-0.00878,0.00714,-0.99136,0.02485,-0.00549,-0.00014,-0.99968,-0.15521,0.01442,-0.00750,0.98775,0.02476,0.02160,0.00054,-0.99946,-0.15529,-0.01254,-0.00462,0.98778,0.00000,0.00000,1.00,1.00
25238,Saccade,15237,10.00,0.00,0.13043,-0.00845,0.00759,-0.99139,0.02462,-0.00659,-0.00016,-0.99968,-0.15474,0.01519,-0.00808,0.98781,0.02452,0.02051,0.00050,-0.99949,-0.15483,-0.01177,-0.00520,0.98786,0.00000,0.00000,1.00,1.00
25248,Saccade,15247,10.00,0.00,0.13030,-0.00815,0.00795,-0.99141,0.02475,-0.00682,-0.00017,-0.99967,-0.15474,0.01512,-0.00847,0.98780,0.02463,0.02028,0.00050,-0.99949,-0.15482,-0.01183,-0.00560,0.98786,0.00000,0.00000,1.00,1.00
25261,Saccade,15259,10.00,0.00,0.13028,-0.00778,0.00831,-0.99141,0.02478,-0.00712,-0.00018,-0.99967,-0.15475,0.01506,-0.00887,0.98780,0.02464,0.01998,0.00049,-0.99950,-0.15482,-0.01189,-0.00600,0.98785,0.00000,0.00000,1.00,1.00
25271,Saccade,15270,10.00,0.00,0.13011,-0.00750,0.00886,-0.99143,0.02587,-0.00536,-0.00014,-0.99965,-0.15567,0.01306,-0.00922,0.98768,0.02574,0.02174,0.00056,-0.99943,-0.15575,-0.01390,-0.00639,0.98768,0.00000,0.00000,1.00,1.00
25281,Saccade,15280,10.00,0.00,0.12984,-0.00711,0.00934,-0.99147,0.02616,-0.00565,-0.00015,-0.99964,-0.15568,0.01297,-0.00974,0.98768,0.02599,0.02145,0.00056,-0.99943,-0.15574,-0.01399,-0.00692,0.98767,0.00000,0.00000,1.00,1.00
25294,Saccade,15292,10.00,0.00,0.12965,-0.00668,0.00984,-0.99149,0.02637,-0.00598,-0.00016,-0.99963,-0.15568,0.01289,-0.01028,0.98767,0.02617,0.02112,0.00055,-0.99943,-0.15574,-0.01407,-0.00747,0.98767,0.00000,0.00000,1.00,1.00
25304,Saccade,15303,10.00,0.00,0.12958,-0.00619,0.00995,-0.99150,0.02639,-0.00708,-0.00019,-0.99963,-0.15562,0.01349,-0.01052,0.98767,0.02626,0.02002,0.00053,-0.99945,-0.15574,-0.01347,-0.00771,0.98768,0.00000,0.00000,1.00,1.00
25315,Saccade,15314,10.00,0.00,0.12958,-0.00565,0.01018,-0.99150,0.02640,-0.00757,-0.00020,-0.99962,-0.15563,0.01345,-0.01081,0.98767,0.02625,0.01953,0.00051,-0.99946,-0.15574,-0.01352,-0.00801,0.98767,0.00000,0.00000,1.00,1.00
25327,Saccade,15326,10.00,0.00,0.12955,-0.00513,0.01046,-0.99150,0.02644,-0.00803,-0.00021,-0.99962,-0.15563,0.01339,-0.01115,0.98766,0.02627,0.01907,0.00050,-0.99947,-0.15573,-0.01357,-0.00835,0.98767,0.00000,0.00000,1.00,1.00
25338,Saccade,15337,10.00,0.00,0.12953,-0.00455,0.01097,-0.99150,0.02617,-0.00544,-0.00014,-0.99964,-0.15537,0.01025,-0.01141,0.98774,0.02603,0.02166,0.00056,-0.99943,-0.15550,-0.01671,-0.00859,0.98766,0.00000,0.00000,1.00,1.00
25348,Saccade,15347,10.00,0.00,0.12940,-0.00386,0.01160,-0.99152,0.02632,-0.00600,-0.00016,-0.99964,-0.15538,0.01014,-0.01212,0.98773,0.02614,0.02110,0.00055,-0.99944,-0.15549,-0.01683,-0.00931,0.98765,0.00000,0.00000,1.00,1.00
25360,Saccade,15359,10.00,0.00,0.12938,-0.00312,0.01230,-0.99151,0.02636,-0.00660,-0.00017,-0.99963,-0.15538,0.01001,-0.01290,0.98772,0.02614,0.02050,0.00054,-0.99945,-0.15548,-0.01695,-0.01010,0.98764,0.00000,0.00000,1.00,1.00
25371,Saccade,15370,10.00,0.00,0.12925,-0.00238,0.01299,-0.99152,0.02838,-0.00122,-0.00003,-0.99960,-0.15732,0.00397,-0.01304,0.98745,0.02817,0.02587,0.00073,-0.99927,-0.15742,-0.02300,-0.01029,0.98721,0.00000,0.00000,1.00,1.00
25382,Saccade,15381,10.00,0.00,0.12905,-0.00172,0.01346,-0.99155,0.02859,-0.00178,-0.00005,-0.99959,-0.15732,0.00388,-0.01359,0.98745,0.02835,0.02531,0.00072,-0.99928,-0.15741,-0.02309,-0.01085,0.98720,0.00000,0.00000,1.00,1.00
25394,Saccade,15393,10.00,0.00,0.12901,-0.00104,0.01376,-0.99155,0.02864,-0.00239,-0.00007,-0.99959,-0.15733,0.00382,-0.01397,0.98744,0.02838,0.02470,0.00070,-0.99929,-0.15740,-0.02315,-0.01123,0.98720,0.00000,0.00000,1.00,1.00
25405,Saccade,15404,10.00,0.00,0.12903,-0.00049,0.01383,-0.99154,0.02878,-0.00140,-0.00004,-0.99958,-0.15750,0.00228,-0.01395,0.98742,0.02861,0.02570,0.00074,-0.99926,-0.15766,-0.02469,-0.01122,0.98712,0.00000,0.00000,1.00,1.00
25415,Saccade,15414,10.00,0.00,0.12900,-0.00006,0.01400,-0.99155,0.02882,-0.00178,-0.00005,-0.99958,-0.15750,0.00224,-0.01417,0.98741,0.02863,0.02531,0.00073,-0.99927,-0.15765,-0.02473,-0.01144,0.98712,0.00000,0.00000,1.00,1.00
25427,Saccade,15426,10.00,0.00,0.12881,0.00032,0.01425,-0.99157,0.02902,-0.00211,-0.00006,-0.99958,-0.15750,0.00219,-0.01447,0.98741,0.02881,0.02498,0.00072,-0.99927,-0.15764,-0.02478,-0.01175,0.98712,0.00000,0.00000,1.00,1.00
25438,Saccade,15437,10.00,0.00,0.12857,0.00064,0.01464,-0.99159,0.02901,-0.00294,-0.00009,-0.99957,-0.15724,0.00271,-0.01495,0.98744,0.02887,0.02416,0.00070,-0.99929,-0.15746,-0.02427,-0.01223,0.98715,0.00000,0.00000,1.00,1.00
25449,Saccade,15447,10.00,0.00,0.12862,0.00095,0.01502,-0.99158,0.02896,-0.00318,-0.00009,-0.99958,-0.15724,0.00264,-0.01535,0.98744,0.02880,0.02392,0.00069,-0.99930,-0.15745,-0.02433,-0.01264,0.98715,0.00000,0.00000,1.00,1.00
25461,Saccade,15460,10.00,0.00,0.12872,0.00122,0.01527,-0.99156,0.02887,-0.00339,-0.00010,-0.99958,-0.15724,0.00260,-0.01563,0.98743,0.02869,0.02371,0.00068,-0.99931,-0.15744,-0.02437,-0.01291,0.98714,0.00000,0.00000,1.00,1.00
25472,Saccade,15470,10.00,0.00,0.12873,0.00134,0.01574,-0.99155,0.02856,-0.00401,-0.00011,-0.99958,-0.15693,0.00311,-0.01618,0.98747,0.02842,0.02309,0.00066,-0.99933,-0.15719,-0.02387,-0.01345,0.98719,0.00000,0.00000,1.00,1.00
25482,Saccade,15481,10.00,0.00,0.12859,0.00152,0.01619,-0.99156,0.02871,-0.00411,-0.00012,-0.99958,-0.15694,0.00303,-0.01664,0.98746,0.02854,0.02300,0.00066,-0.99933,-0.15718,-0.02394,-0.01392,0.98718,0.00000,0.00000,1.00,1.00
25494,Saccade,15493,10.00,0.00,0.12843,0.00162,0.01650,-0.99158,0.02887,-0.00414,-0.00012,-0.99957,-0.15694,0.00298,-0.01695,0.98746,0.02869,0.02296,0.00066,-0.99932,-0.15717,-0.02399,-0.01424,0.98718,0.00000,0.00000,1.00,1.00
25505,Saccade,15503,10.00,0.00,0.12834,0.00177,0.01660,-0.99159,0.02758,-0.00658,-0.00018,-0.99960,-0.15553,0.00524,-0.01731,0.98767,0.02746,0.02052,0.00056,-0.99941,-0.15584,-0.02174,-0.01457,0.98744,0.00000,0.00000,1.00,1.00
25515,Saccade,15514,10.00,0.00,0.12832,0.00180,0.01667,-0.99159,0.02760,-0.00659,-0.00018,-0.99960,-0.15553,0.00522,-0.01738,0.98766,0.02748,0.02051,0.00056,-0.99941,-0.15584,-0.02175,-0.01464,0.98743,0.00000,0.00000,1.00,1.00
25528,Saccade,15526,10.00,0.00,0.12833,0.00193,0.01667,-0.99159,0.02760,-0.00673,-0.00019,-0.99960,-0.15553,0.00522,-0.01740,0.98766,0.02748,0.02038,0.00056,-0.99941,-0.15584,-0.02175,-0.01466,0.98743,0.00000,0.00000,1.00,1.00
25539,Saccade,15537,10.00,0.00,0.12850,0.00196,0.01683,-0.99156,0.02718,-0.00637,-0.00017,-0.99961,-0.15530,0.00484,-0.01752,0.98770,0.02711,0.02073,0.00056,-0.99942,-0.15566,-0.02213,-0.01476,0.98745,0.00000,0.00000,1.00,1.00
25549,Saccade,15548,10.00,0.00,0.12868,0.00206,0.01706,-0.99154,0.02701,-0.00643,-0.00017,-0.99961,-0.15530,0.00480,-0.01776,0.98770,0.02692,0.02067,0.00056,-0.99942,-0.15565,-0.02217,-0.01499,0.98745,0.00000,0.00000,1.00,1.00
25561,Saccade,15560,10.00,0.00,0.12887,0.00228,0.01722,-0.99151,0.02682,-0.00662,-0.00018,-0.99962,-0.15530,0.00477,-0.01795,0.98769,0.02673,0.02048,0.00055,-0.99943,-0.15565,-0.02219,-0.01517,0.98745,0.00000,0.00000,1.00,1.00
25571,Saccade,15570,10.00,0.00,0.12912,0.00248,0.01750,-0.99147,0.02634,-0.00651,-0.00017,-0.99963,-0.15507,0.00447,-0.01823,0.98772,0.02626,0.02059,0.00054,-0.99944,-0.15544,-0.02250,-0.01543,0.98747,0.00000,0.00000,1.00,1.00
25582,Saccade,15581,10.00,0.00,0.12932,0.00268,0.01794,-0.99144,0.02615,-0.00663,-0.00017,-0.99964,-0.15508,0.00439,-0.01869,0.98772,0.02604,0.02047,0.00053,-0.99945,-0.15543,-0.02257,-0.01588,0.98746,0.00000,0.00000,1.00,1.00
25594,Saccade,15593,10.00,0.00,0.12946,0.00308,0.01845,-0.99141,0.02601,-0.00694,-0.00018,-0.99964,-0.15508,0.00431,-0.01925,0.98771,0.02588,0.02015,0.00052,-0.99946,-0.15542,-0.02265,-0.01643,0.98745,0.00000,0.00000,1.00,1.00
25605,Saccade,15604,10.00,0.00,0.12951,0.00345,0.01894,-0.99139,0.02583,-0.00690,-0.00018,-0.99964,-0.15494,0.00390,-0.01974,0.98772,0.02570,0.02020,0.00052,-0.99947,-0.15530,-0.02305,-0.01692,0.98745,0.00000,0.00000,1.00,1.00
25616,Saccade,15615,10.00,0.00,0.12955,0.00385,0.01947,-0.99137,0.02580,-0.00720,-0.00019,-0.99964,-0.15494,0.00381,-0.02031,0.98771,0.02564,0.01990,0.00051,-0.99947,-0.15529,-0.02314,-0.01749,0.98744,0.00000,0.00000,1.00,1.00
25628,Saccade,15627,10.00,0.00,0.12960,0.00422,0.01966,-0.99136,0.02576,-0.00753,-0.00019,-0.99964,-0.15495,0.00378,-0.02055,0.98770,0.02559,0.01957,0.00050,-0.99948,-0.15528,-0.02318,-0.01772,0.98744,0.00000,0.00000,1.00,1.00
25639,Saccade,15637,10.00,0.00,0.12947,0.00455,0.01984,-0.99137,0.02629,-0.00681,-0.00018,-0.99963,-0.15535,0.00274,-0.02066,0.98764,0.02616,0.02029,0.00053,-0.99945,-0.15574,-0.02422,-0.01785,0.98734,0.00000,0.00000,1.00,1.00
25649,Saccade,15648,10.00,0.00,0.12930,0.00490,0.01981,-0.99140,0.02647,-0.00715,-0.00019,-0.99962,-0.15535,0.00274,-0.02067,0.98764,0.02634,0.01995,0.00053,-0.99945,-0.15574,-0.02422,-0.01787,0.98734,0.00000,0.00000,1.00,1.00
25662,Saccade,15660,10.00,0.00,0.12921,0.00513,0.01984,-0.99141,0.02656,-0.00737,-0.00020,-0.99962,-0.15535,0.00273,-0.02072,0.98764,0.02644,0.01973,0.00052,-0.99946,-0.15574,-0.02423,-0.01793,0.98734,0.00000,0.00000,1.00,1.00
25672,Saccade,15671,10.00,0.00,0.12918,0.00536,0.01986,-0.99141,0.02734,-0.00823,-0.00022,-0.99959,-0.15606,0.00337,-0.02083,0.98752,0.02727,0.01888,0.00052,-0.99945,-0.15651,-0.02359,-0.01806,0.98723,0.00000,0.00000,1.00,1.00
25683,Saccade,15681,10.00,0.00,0.12906,0.00554,0.01995,-0.99142,0.02746,-0.00839,-0.00023,-0.99959,-0.15606,0.00336,-0.02095,0.98752,0.02738,0.01871,0.00051,-0.99945,-0.15651,-0.02361,-0.01819,0.98723,0.00000,0.00000,1.00,1.00
25694,Saccade,15693,10.00,0.00,0.12879,0.00564,0.02005,-0.99145,0.02773,-0.00846,-0.00023,-0.99958,-0.15606,0.00334,-0.02106,0.98752,0.02765,0.01864,0.00052,-0.99944,-0.15651,-0.02363,-0.01831,0.98722,0.00000,0.00000,1.00,1.00
25706,Saccade,15704,10.00,0.00,0.12851,0.00574,0.02012,-0.99149,0.02784,-0.00776,-0.00022,-0.99958,-0.15590,0.00254,-0.02106,0.98754,0.02778,0.01934,0.00054,-0.99943,-0.15637,-0.02443,-0.01832,0.98723,0.00000,0.00000,1.00,1.00
25716,Saccade,15715,10.00,0.00,0.12828,0.00582,0.02017,-0.99152,0.02807,-0.00782,-0.00022,-0.99958,-0.15590,0.00254,-0.02111,0.98754,0.02801,0.01928,0.00054,-0.99942,-0.15637,-0.02444,-0.01838,0.98723,0.00000,0.00000,1.00,1.00
25728,Saccade,15727,10.00,0.00,0.12814,0.00581,0.02000,-0.99154,0.02821,-0.00785,-0.00022,-0.99957,-0.15590,0.00256,-0.02094,0.98755,0.02816,0.01926,0.00054,-0.99942,-0.15637,-0.02441,-0.01822,0.98723,0.00000,0.00000,1.00,1.00
25739,Saccade,15738,10.00,0.00,0.12818,0.00578,0.01990,-0.99153,0.02831,-0.00913,-0.00026,-0.99956,-0.15602,0.00387,-0.02096,0.98752,0.02829,0.01798,0.00051,-0.99944,-0.15652,-0.02310,-0.01825,0.98724,0.00000,0.00000,1.00,1.00
25750,Saccade,15748,10.00,0.00,0.12816,0.00575,0.01984,-0.99154,0.02834,-0.00911,-0.00026,-0.99956,-0.15602,0.00388,-0.02091,0.98753,0.02832,0.01800,0.00051,-0.99944,-0.15652,-0.02310,-0.01819,0.98724,0.00000,0.00000,1.00,1.00
25762,Saccade,15761,10.00,0.00,0.12822,0.00556,0.01975,-0.99153,0.02826,-0.00894,-0.00025,-0.99956,-0.15602,0.00390,-0.02080,0.98753,0.02826,0.01816,0.00051,-0.99944,-0.15652,-0.02308,-0.01808,0.98724,0.00000,0.00000,1.00,1.00
25772,Saccade,15771,10.00,0.00,0.12823,0.00533,0.01980,-0.99153,0.02785,-0.00848,-0.00024,-0.99958,-0.15562,0.00366,-0.02079,0.98759,0.02784,0.01862,0.00052,-0.99944,-0.15613,-0.02331,-0.01806,0.98730,0.00000,0.00000,1.00,1.00
25783,Saccade,15782,10.00,0.00,0.12822,0.00492,0.01997,-0.99153,0.02785,-0.00804,-0.00022,-0.99958,-0.15562,0.00365,-0.02091,0.98759,0.02783,0.01906,0.00053,-0.99943,-0.15612,-0.02333,-0.01818,0.98729,0.00000,0.00000,1.00,1.00
25795,Saccade,15794,10.00,0.00,0.12829,0.00468,0.01988,-0.99153,0.02777,-0.00783,-0.00022,-0.99958,-0.15562,0.00366,-0.02079,0.98759,0.02776,0.01927,0.00054,-0.99943,-0.15613,-0.02331,-0.01806,0.98730,0.00000,0.00000,1.00,1.00
25806,Saccade,15805,10.00,0.00,0.12829,0.00436,0.01978,-0.99153,0.02764,-0.00762,-0.00021,-0.99959,-0.15549,0.00377,-0.02066,0.98761,0.02764,0.01949,0.00054,-0.99943,-0.15600,-0.02321,-0.01793,0.98732,0.00000,0.00000,1.00,1.00
25816,Saccade,15815,10.00,0.00,0.12815,0.00405,0.01971,-0.99155,0.02777,-0.00732,-0.00020,-0.99959,-0.15549,0.00378,-0.02055,0.98762,0.02777,0.01979,0.00055,-0.99942,-0.15600,-0.02319,-0.01782,0.98732,0.00000,0.00000,1.00,1.00
25829,Saccade,15827,10.00,0.00,0.12811,0.00367,0.01968,-0.99156,0.02780,-0.00696,-0.00019,-0.99959,-0.15549,0.00380,-0.02047,0.98762,0.02781,0.02015,0.00056,-0.99941,-0.15601,-0.02318,-0.01774,0.98733,0.00000,0.00000,1.00,1.00
25839,Saccade,15838,10.00,0.00,0.12828,0.00325,0.01973,-0.99154,0.02849,-0.00712,-0.00020,-0.99957,-0.15634,0.00439,-0.02052,0.98748,0.02849,0.01999,0.00057,-0.99939,-0.15685,-0.02258,-0.01781,0.98720,0.00000,0.00000,1.00,1.00
25850,Saccade,15848,10.00,0.00,0.12850,0.00290,0.01975,-0.99151,0.02827,-0.00677,-0.00019,-0.99958,-0.15634,0.00440,-0.02050,0.98748,0.02827,0.02034,0.00058,-0.99939,-0.15685,-0.02258,-0.01778,0.98720,0.00000,0.00000,1.00,1.00
25862,Saccade,15861,10.00,0.00,0.12856,0.00239,0.02013,-0.99149,0.02820,-0.00620,-0.00018,-0.99958,-0.15634,0.00435,-0.02081,0.98747,0.02818,0.02090,0.00059,-0.99938,-0.15684,-0.02263,-0.01808,0.98720,0.00000,0.00000,1.00,1.00
25873,Saccade,15871,10.00,0.00,0.12852,0.00207,0.02031,-0.99150,0.02805,-0.00674,-0.00019,-0.99958,-0.15615,0.00521,-0.02103,0.98750,0.02801,0.02037,0.00057,-0.99940,-0.15664,-0.02177,-0.01830,0.98725,0.00000,0.00000,1.00,1.00
25883,Saccade,15882,10.00,0.00,0.12845,0.00175,0.02031,-0.99151,0.02812,-0.00642,-0.00018,-0.99958,-0.15615,0.00521,-0.02099,0.98750,0.02809,0.02069,0.00058,-0.99939,-0.15664,-0.02176,-0.01826,0.98725,0.00000,0.00000,1.00,1.00
25895,Saccade,15894,10.00,0.00,0.12851,0.00146,0.02003,-0.99150,0.02805,-0.00618,-0.00017,-0.99959,-0.15615,0.00526,-0.02068,0.98750,0.02803,0.02092,0.00059,-0.99939,-0.15664,-0.02171,-0.01795,0.98725,0.00000,0.00000,1.00,1.00
25906,Saccade,15905,10.00,0.00,0.12863,0.00121,0.01969,-0.99150,0.02852,-0.00619,-0.00018,-0.99957,-0.15673,0.00551,-0.02034,0.98742,0.02852,0.02091,0.00060,-0.99937,-0.15724,-0.02146,-0.01762,0.98717,0.00000,0.00000,1.00,1.00
25917,Saccade,15915,10.00,0.00,0.12869,0.00098,0.01939,-0.99149,0.02845,-0.00602,-0.00017,-0.99958,-0.15673,0.00556,-0.02001,0.98742,0.02847,0.02109,0.00060,-0.99937,-0.15725,-0.02141,-0.01729,0.98718,0.00000,0.00000,1.00,1.00
25929,Saccade,15928,10.00,0.00,0.12870,0.00079,0.01908,-0.99150,0.02843,-0.00589,-0.00017,-0.99958,-0.15673,0.00562,-0.01968,0.98743,0.02848,0.02121,0.00060,-0.99937,-0.15726,-0.02136,-0.01696,0.98718,0.00000,0.00000,1.00,1.00
25940,Saccade,15938,10.00,0.00,0.12868,0.00069,0.01891,-0.99151,0.02818,-0.00237,-0.00007,-0.99960,-0.15652,0.00220,-0.01916,0.98749,0.02820,0.02473,0.00070,-0.99930,-0.15701,-0.02477,-0.01642,0.98715,0.00000,0.00000,1.00,1.00
25950,Saccade,15949,10.00,0.00,0.12859,0.00054,0.01865,-0.99152,0.02826,-0.00227,-0.00006,-0.99960,-0.15652,0.00225,-0.01889,0.98749,0.02829,0.02483,0.00070,-0.99929,-0.15702,-0.02472,-0.01616,0.98715,0.00000,0.00000,1.00,1.00
25962,Saccade,15961,10.00,0.00,0.12839,0.00048,0.01842,-0.99155,0.02846,-0.00225,-0.00006,-0.99959,-0.15652,0.00228,-0.01865,0.98750,0.02850,0.02485,0.00071,-0.99928,-0.15702,-0.02469,-0.01593,0.98716,0.00000,0.00000,1.00,1.00
25973,Saccade,15971,10.00,0.00,0.12829,0.00039,0.01807,-0.99157,0.02927,-0.00235,-0.00007,-0.99957,-0.15722,0.00248,-0.01831,0.98739,0.02930,0.02475,0.00073,-0.99926,-0.15770,-0.02449,-0.01562,0.98706,0.00000,0.00000,1.00,1.00
25984,Saccade,15982,10.00,0.00,0.12813,0.00027,0.01788,-0.99160,0.02943,-0.00227,-0.00007,-0.99956,-0.15722,0.00251,-0.01811,0.98739,0.02947,0.02483,0.00073,-0.99926,-0.15770,-0.02446,-0.01542,0.98706,0.00000,0.00000,1.00,1.00
25996,Saccade,15994,10.00,0.00,0.12801,0.00016,0.01783,-0.99161,0.02955,-0.00217,-0.00006,-0.99956,-0.15722,0.00252,-0.01804,0.98740,0.02959,0.02494,0.00074,-0.99925,-0.15770,-0.02445,-0.01536,0.98706,0.00000,0.00000,1.00,1.00
26006,Saccade,16005,10.00,0.00,0.12781,-0.00010,0.01790,-0.99164,0.03058,-0.00142,-0.00004,-0.99953,-0.15805,0.00206,-0.01802,0.98726,0.03058,0.02569,0.00079,-0.99920,-0.15849,-0.02492,-0.01538,0.98693,0.00000,0.00000,1.00,1.00
26017,Saccade,16016,10.00,0.00,0.12763,-0.00034,0.01787,-0.99166,0.03076,-0.00119,-0.00004,-0.99953,-0.15805,0.00207,-0.01797,0.98727,0.03075,0.02592,0.00080,-0.99919,-0.15849,-0.02492,-0.01533,0.98693,0.00000,0.00000,1.00,1.00
26029,Saccade,16028,10.00,0.00,0.12756,-0.00073,0.01786,-0.99167,0.03082,-0.00080,-0.00002,-0.99952,-0.15805,0.00208,-0.01791,0.98727,0.03082,0.02631,0.00081,-0.99918,-0.15849,-0.02491,-0.01527,0.98693,0.00000,0.00000,1.00,1.00
26040,Saccade,16038,10.00,0.00,0.12763,-0.00119,0.01775,-0.99166,0.03140,-0.00040,-0.00001,-0.99951,-0.15870,0.00215,-0.01774,0.98717,0.03138,0.02671,0.00084,-0.99915,-0.15911,-0.02484,-0.01512,0.98683,0.00000,0.00000,1.00,1.00
26050,Saccade,16049,0.00,0.00,0.12744,-0.00173,0.01778,-0.99169,0.03158,0.00013,0.00000,-0.99950,-0.15870,0.00216,-0.01770,0.98717,0.03156,0.02724,0.00086,-0.99913,-0.15911,-0.02484,-0.01509,0.98683,0.00000,0.00000,1.00,1.00
26063,Saccade,16062,0.00,0.00,0.12728,-0.00244,0.01810,-0.99170,0.03173,0.00090,0.00003,-0.99950,-0.15870,0.00212,-0.01793,0.98716,0.03170,0.02801,0.00089,-0.99910,-0.15911,-0.02487,-0.01532,0.98683,0.00000,0.00000,1.00,1.00
26073,Saccade,16072,0.00,0.00,0.12714,-0.00312,0.01816,-0.99171,0.03249,0.00143,0.00005,-0.99947,-0.15932,0.00228,-0.01792,0.98706,0.03244,0.02853,0.00093,-0.99907,-0.15971,-0.02471,-0.01534,0.98674,0.00000,0.00000,1.00,1.00
26083,Saccade,16082,0.00,0.00,0.12713,-0.00375,0.01807,-0.99171,0.03249,0.00203,0.00007,-0.99947,-0.15932,0.00231,-0.01775,0.98706,0.03245,0.02914,0.00095,-0.99905,-0.15972,-0.02468,-0.01517,0.98674,0.00000,0.00000,1.00,1.00
26096,Saccade,16094,0.00,0.00,0.12709,-0.00439,0.01771,-0.99172,0.03252,0.00259,0.00008,-0.99947,-0.15932,0.00238,-0.01732,0.98707,0.03249,0.02970,0.00097,-0.99903,-0.15973,-0.02461,-0.01474,0.98674,0.00000,0.00000,1.00,1.00
26106,Saccade,16105,0.00,0.00,0.12707,-0.00507,0.01754,-0.99173,0.03223,0.00402,0.00013,-0.99947,-0.15904,0.00163,-0.01698,0.98713,0.03221,0.03113,0.00100,-0.99900,-0.15943,-0.02537,-0.01440,0.98678,0.00000,0.00000,1.00,1.00
26117,Saccade,16116,0.00,0.00,0.12708,-0.00560,0.01747,-0.99172,0.03221,0.00453,0.00015,-0.99947,-0.15904,0.00165,-0.01685,0.98713,0.03219,0.03164,0.00102,-0.99898,-0.15944,-0.02534,-0.01426,0.98678,0.00000,0.00000,1.00,1.00
26129,Saccade,16128,0.00,0.00,0.12713,-0.00612,0.01752,-0.99171,0.03216,0.00505,0.00016,-0.99947,-0.15904,0.00165,-0.01683,0.98713,0.03214,0.03216,0.00103,-0.99897,-0.15944,-0.02534,-0.01424,0.98678,0.00000,0.00000,1.00,1.00
26140,Saccade,16139,0.00,0.00,0.12727,-0.00649,0.01744,-0.99169,0.03182,0.00460,0.00015,-0.99948,-0.15885,0.00246,-0.01678,0.98716,0.03179,0.03170,0.00101,-0.99899,-0.15923,-0.02453,-0.01418,0.98684,0.00000,0.00000,1.00,1.00
26150,Saccade,16149,0.00,0.00,0.12738,-0.00670,0.01740,-0.99168,0.03171,0.00480,0.00015,-0.99949,-0.15885,0.00247,-0.01671,0.98716,0.03168,0.03190,0.00101,-0.99899,-0.15923,-0.02452,-0.01410,0.98684,0.00000,0.00000,1.00,1.00
26163,Saccade,16161,0.00,0.00,0.12760,-0.00694,0.01737,-0.99165,0.03149,0.00502,0.00016,-0.99949,-0.15885,0.00248,-0.01666,0.98716,0.03146,0.03212,0.00101,-0.99899,-0.15923,-0.02451,-0.01404,0.98684,0.00000,0.00000,1.00,1.00
26173,Saccade,16172,0.00,0.00,0.12781,-0.00700,0.01748,-0.99162,0.03123,0.00487,0.00015,-0.99950,-0.15881,0.00270,-0.01678,0.98716,0.03118,0.03196,0.00100,-0.99900,-0.15916,-0.02428,-0.01414,0.98685,0.00000,0.00000,1.00,1.00
26184,Saccade,16183,0.00,0.00,0.12808,-0.00700,0.01747,-0.99159,0.03096,0.00486,0.00015,-0.99951,-0.15881,0.00270,-0.01678,0.98716,0.03091,0.03196,0.00099,-0.99901,-0.15916,-0.02428,-0.01413,0.98685,0.00000,0.00000,1.00,1.00
26196,Saccade,16195,0.00,0.00,0.12843,-0.00687,0.01730,-0.99154,0.03062,0.00469,0.00014,-0.99952,-0.15880,0.00273,-0.01662,0.98717,0.03057,0.03179,0.00097,-0.99903,-0.15917,-0.02425,-0.01395,0.98686,0.00000,0.00000,1.00,1.00
26207,Saccade,16205,0.00,0.00,0.12870,-0.00684,0.01725,-0.99151,0.03116,0.00820,0.00026,-0.99948,-0.15968,-0.00079,-0.01623,0.98704,0.03109,0.03529,0.00110,-0.99889,-0.16000,-0.02776,-0.01357,0.98663,0.00000,0.00000,1.00,1.00
26217,Saccade,16216,0.00,0.00,0.12892,-0.00675,0.01713,-0.99148,0.03095,0.00809,0.00025,-0.99949,-0.15968,-0.00077,-0.01612,0.98704,0.03088,0.03517,0.00109,-0.99890,-0.16000,-0.02774,-0.01345,0.98664,0.00000,0.00000,1.00,1.00
26229,Saccade,16228,0.00,0.00,0.12910,-0.00670,0.01713,-0.99146,0.03077,0.00804,0.00025,-0.99949,-0.15968,-0.00077,-0.01613,0.98704,0.03070,0.03512,0.00108,-0.99891,-0.16000,-0.02774,-0.01345,0.98664,0.00000,0.00000,1.00,1.00
26240,Saccade,16239,0.00,0.00,0.12919,-0.00663,0.01703,-0.99145,0.03134,0.00816,0.00026,-0.99948,-0.16034,-0.00096,-0.01601,0.98693,0.03126,0.03524,0.00110,-0.99889,-0.16065,-0.02793,-0.01334,0.98653,0.00000,0.00000,1.00,1.00
26251,Saccade,16249,0.00,0.00,0.12923,-0.00665,0.01691,-0.99145,0.03130,0.00816,0.00026,-0.99948,-0.16034,-0.00094,-0.01589,0.98693,0.03123,0.03524,0.00110,-0.99889,-0.16066,-0.02791,-0.01322,0.98653,0.00000,0.00000,1.00,1.00
26263,Saccade,16261,0.00,0.00,0.12932,-0.00666,0.01685,-0.99144,0.03122,0.00815,0.00025,-0.99948,-0.16034,-0.00093,-0.01583,0.98693,0.03115,0.03523,0.00110,-0.99889,-0.16066,-0.02790,-0.01316,0.98653,0.00000,0.00000,1.00,1.00
26273,Saccade,16272,0.00,0.00,0.12926,-0.00672,0.01675,-0.99145,0.07526,0.01103,0.00083,-0.99710,-0.20369,-0.00309,-0.01560,0.97891,0.07503,0.03830,0.00288,-0.99644,-0.20385,-0.03040,-0.01410,0.97843,0.00000,0.00000,1.00,1.00
26284,Saccade,16283,0.00,0.00,0.12930,-0.00679,0.01672,-0.99144,0.07522,0.01109,0.00084,-0.99710,-0.20369,-0.00308,-0.01556,0.97891,0.07500,0.03836,0.00289,-0.99644,-0.20385,-0.03039,-0.01406,0.97843,0.00000,0.00000,1.00,1.00
26296,Saccade,16295,0.00,0.00,0.12914,-0.00690,0.01663,-0.99146,0.07538,0.01118,0.00085,-0.99709,-0.20369,-0.00306,-0.01546,0.97891,0.07516,0.03845,0.00290,-0.99643,-0.20385,-0.03037,-0.01397,0.97843,0.00000,0.00000,1.00,1.00
26307,Saccade,16306,0.00,0.00,0.12910,-0.00702,0.01653,-0.99147,0.08795,0.01197,0.00106,-0.99605,-0.21599,-0.00356,-0.01535,0.97627,0.08767,0.03932,0.00346,-0.99537,-0.21610,-0.03099,-0.01419,0.97578,0.00000,0.00000,1.00,1.00
26317,Saccade,16316,0.00,0.00,0.12894,-0.00717,0.01628,-0.99149,0.08811,0.01204,0.00106,-0.99604,-0.21599,-0.00350,-0.01509,0.97627,0.08784,0.03939,0.00348,-0.99535,-0.21610,-0.03094,-0.01395,0.97578,0.00000,0.00000,1.00,1.00
26330,Saccade,16328,0.00,0.00,0.12873,-0.00731,0.01621,-0.99152,0.08833,0.01216,0.00108,-0.99602,-0.21599,-0.00348,-0.01501,0.97627,0.08806,0.03951,0.00350,-0.99532,-0.21611,-0.03092,-0.01387,0.97578,0.00000,0.00000,1.00,1.00
26340,Saccade,16339,0.00,0.00,0.12847,-0.00750,0.01615,-0.99155,0.09062,0.01308,0.00119,-0.99580,-0.21801,-0.00418,-0.01490,0.97582,0.09033,0.04044,0.00367,-0.99508,-0.21809,-0.03165,-0.01383,0.97532,0.00000,0.00000,1.00,1.00
26351,Saccade,16350,0.00,0.00,0.12815,-0.00760,0.01612,-0.99160,0.09095,0.01317,0.00120,-0.99577,-0.21801,-0.00418,-0.01487,0.97582,0.09066,0.04054,0.00369,-0.99505,-0.21809,-0.03165,-0.01382,0.97532,0.00000,0.00000,1.00,1.00
26363,Saccade,16362,0.00,0.00,0.12776,-0.00785,0.01630,-0.99164,0.09133,0.01347,0.00124,-0.99573,-0.21801,-0.00421,-0.01502,0.97582,0.09103,0.04085,0.00374,-0.99500,-0.21808,-0.03168,-0.01399,0.97532,0.00000,0.00000,1.00,1.00
26373,Saccade,16372,0.00,0.00,0.12723,-0.00799,0.01639,-0.99171,0.09355,0.01400,0.00132,-0.99552,-0.21967,-0.00457,-0.01510,0.97545,0.09321,0.04139,0.00388,-0.99478,-0.21971,-0.03207,-0.01414,0.97494,0.00000,0.00000,1.00,1.00
26384,Saccade,16383,0.00,0.00,0.12675,-0.00817,0.01631,-0.99177,0.09403,0.01417,0.00134,-0.99547,-0.21967,-0.00455,-0.01500,0.97545,0.09370,0.04156,0.00391,-0.99473,-0.21971,-0.03205,-0.01408,0.97494,0.00000,0.00000,1.00,1.00
26397,Saccade,16395,0.00,0.00,0.12617,-0.00828,0.01621,-0.99184,0.09462,0.01425,0.00135,-0.99541,-0.21967,-0.00453,-0.01490,0.97545,0.09428,0.04165,0.00395,-0.99467,-0.21972,-0.03204,-0.01401,0.97494,0.00000,0.00000,1.00,1.00
26407,Saccade,16406,0.00,0.00,0.12567,-0.00839,0.01619,-0.99190,0.09455,0.01392,0.00132,-0.99542,-0.21912,-0.00409,-0.01488,0.97558,0.09422,0.04132,0.00391,-0.99469,-0.21916,-0.03160,-0.01400,0.97508,0.00000,0.00000,1.00,1.00
26418,Saccade,16417,0.00,0.00,0.12532,-0.00846,0.01610,-0.99195,0.09490,0.01396,0.00133,-0.99539,-0.21912,-0.00407,-0.01479,0.97558,0.09457,0.04136,0.00393,-0.99465,-0.21916,-0.03158,-0.01393,0.97508,0.00000,0.00000,1.00,1.00
26430,Saccade,16429,0.00,0.00,0.12523,-0.00849,0.01616,-0.99196,0.09499,0.01402,0.00134,-0.99538,-0.21912,-0.00408,-0.01485,0.97558,0.09465,0.04141,0.00394,-0.99464,-0.21916,-0.03160,-0.01399,0.97508,0.00000,0.00000,1.00,1.00
26441,Saccade,16439,0.00,0.00,0.12496,-0.00844,0.01621,-0.99199,0.09513,0.01359,0.00130,-0.99537,-0.21898,-0.00370,-0.01493,0.97561,0.09478,0.04099,0.00391,-0.99465,-0.21901,-0.03121,-0.01408,0.97512,0.00000,0.00000,1.00,1.00
26451,Saccade,16450,0.00,0.00,0.12445,-0.00843,0.01656,-0.99205,0.09563,0.01370,0.00132,-0.99532,-0.21898,-0.00378,-0.01528,0.97560,0.09526,0.04110,0.00394,-0.99460,-0.21900,-0.03130,-0.01446,0.97512,0.00000,0.00000,1.00,1.00
26463,Saccade,16462,0.00,0.00,0.12389,-0.00833,0.01682,-0.99212,0.09619,0.01369,0.00132,-0.99527,-0.21898,-0.00384,-0.01556,0.97560,0.09581,0.04110,0.00396,-0.99454,-0.21899,-0.03137,-0.01477,0.97511,0.00000,0.00000,1.00,1.00
26474,Saccade,16473,0.00,0.00,0.12335,-0.00813,0.01685,-0.99219,0.09588,0.01345,0.00130,-0.99530,-0.21814,-0.00379,-0.01562,0.97579,0.09549,0.04085,0.00392,-0.99458,-0.21815,-0.03132,-0.01483,0.97530,0.00000,0.00000,1.00,1.00
26485,Saccade,16483,0.00,0.00,0.12294,-0.00779,0.01672,-0.99224,0.09630,0.01308,0.00127,-0.99527,-0.21814,-0.00377,-0.01554,0.97579,0.09592,0.04049,0.00391,-0.99456,-0.21815,-0.03131,-0.01478,0.97530,0.00000,0.00000,1.00,1.00
26497,Saccade,16496,0.00,0.00,0.12247,-0.00744,0.01659,-0.99231,0.09678,0.01272,0.00124,-0.99522,-0.21814,-0.00376,-0.01546,0.97579,0.09640,0.04013,0.00389,-0.99453,-0.21815,-0.03129,-0.01473,0.97530,0.00000,0.00000,1.00,1.00
26508,Saccade,16507,0.00,0.00,0.12194,-0.00704,0.01648,-0.99238,0.10121,0.01413,0.00144,-0.99476,-0.22198,-0.00552,-0.01538,0.97491,0.10081,0.04157,0.00422,-0.99403,-0.22197,-0.03311,-0.01479,0.97438,0.00000,0.00000,1.00,1.00
26518,Saccade,16517,0.00,0.00,0.12155,-0.00648,0.01633,-0.99243,0.10161,0.01355,0.00138,-0.99473,-0.22198,-0.00551,-0.01531,0.97492,0.10122,0.04100,0.00417,-0.99401,-0.22197,-0.03310,-0.01474,0.97438,0.00000,0.00000,1.00,1.00
26530,Saccade,16529,0.00,0.00,0.12125,-0.00586,0.01618,-0.99247,0.10192,0.01291,0.00132,-0.99471,-0.22198,-0.00549,-0.01525,0.97492,0.10154,0.04036,0.00412,-0.99400,-0.22197,-0.03309,-0.01469,0.97438,0.00000,0.00000,1.00,1.00
26541,Saccade,16540,0.00,0.00,0.12096,-0.00525,0.01585,-0.99252,0.10121,0.01286,0.00131,-0.99478,-0.22098,-0.00609,-0.01498,0.97514,0.10084,0.04031,0.00409,-0.99408,-0.22098,-0.03368,-0.01441,0.97459,0.00000,0.00000,1.00,1.00
26552,Saccade,16550,0.00,0.00,0.12079,-0.00456,0.01551,-0.99255,0.10139,0.01208,0.00123,-0.99477,-0.22099,-0.00604,-0.01472,0.97515,0.10104,0.03953,0.00402,-0.99409,-0.22099,-0.03362,-0.01417,0.97459,0.00000,0.00000,1.00,1.00
26564,Saccade,16562,0.00,0.00,0.12073,-0.00388,0.01515,-0.99256,0.10147,0.01131,0.00115,-0.99477,-0.22099,-0.00598,-0.01446,0.97515,0.10113,0.03876,0.00394,-0.99411,-0.22100,-0.03356,-0.01391,0.97460,0.00000,0.00000,1.00,1.00
26574,Saccade,16573,0.00,0.00,0.12069,-0.00325,0.01493,-0.99257,0.10424,0.00925,0.00097,-0.99451,-0.22363,-0.00450,-0.01435,0.97456,0.10393,0.03673,0.00384,-0.99390,-0.22367,-0.03213,-0.01388,0.97404,0.00000,0.00000,1.00,1.00
26585,Saccade,16584,0.00,0.00,0.12071,-0.00264,0.01476,-0.99257,0.10422,0.00860,0.00090,-0.99452,-0.22363,-0.00448,-0.01426,0.97456,0.10392,0.03609,0.00377,-0.99392,-0.22367,-0.03211,-0.01379,0.97404,0.00000,0.00000,1.00,1.00
26597,Saccade,16596,0.00,0.00,0.12060,-0.00213,0.01472,-0.99259,0.10434,0.00810,0.00085,-0.99451,-0.22363,-0.00449,-0.01429,0.97456,0.10404,0.03559,0.00372,-0.99393,-0.22367,-0.03212,-0.01382,0.97404,0.00000,0.00000,1.00,1.00
26608,Saccade,16606,0.00,0.00,0.12055,-0.00176,0.01466,-0.99260,0.10437,0.00724,0.00076,-0.99451,-0.22359,-0.00400,-0.01428,0.97457,0.10407,0.03473,0.00364,-0.99396,-0.22363,-0.03164,-0.01381,0.97406,0.00000,0.00000,1.00,1.00
26618,Saccade,16617,0.00,0.00,0.12066,-0.00148,0.01442,-0.99259,0.10427,0.00689,0.00072,-0.99453,-0.22359,-0.00395,-0.01408,0.97457,0.10398,0.03438,0.00360,-0.99398,-0.22364,-0.03159,-0.01360,0.97406,0.00000,0.00000,1.00,1.00
26630,Saccade,16629,0.00,0.00,0.12086,-0.00126,0.01410,-0.99257,0.10408,0.00657,0.00069,-0.99455,-0.22360,-0.00388,-0.01378,0.97458,0.10381,0.03406,0.00356,-0.99401,-0.22365,-0.03152,-0.01330,0.97407,0.00000,0.00000,1.00,1.00
26641,Saccade,16640,0.00,0.00,0.12085,-0.00125,0.01396,-0.99257,0.10446,0.00793,0.00083,-0.99450,-0.22398,-0.00527,-0.01363,0.97448,0.10417,0.03542,0.00371,-0.99392,-0.22401,-0.03291,-0.01315,0.97394,0.00000,0.00000,1.00,1.00
26652,Saccade,16650,0.00,0.00,0.12063,-0.00135,0.01418,-0.99260,0.10467,0.00810,0.00085,-0.99447,-0.22398,-0.00532,-0.01383,0.97448,0.10437,0.03559,0.00374,-0.99389,-0.22401,-0.03296,-0.01337,0.97394,0.00000,0.00000,1.00,1.00
26664,Saccade,16663,0.00,0.00,0.12040,-0.00134,0.01418,-0.99262,0.10490,0.00810,0.00085,-0.99445,-0.22398,-0.00532,-0.01384,0.97448,0.10460,0.03559,0.00375,-0.99387,-0.22401,-0.03296,-0.01339,0.97394,0.00000,0.00000,1.00,1.00
26675,Saccade,16674,0.00,0.00,0.12020,-0.00121,0.01402,-0.99265,0.10508,0.00749,0.00079,-0.99444,-0.22395,-0.00485,-0.01370,0.97449,0.10479,0.03499,0.00369,-0.99387,-0.22398,-0.03250,-0.01327,0.97396,0.00000,0.00000,1.00,1.00
26685,Saccade,16684,0.00,0.00,0.12026,-0.00110,0.01393,-0.99264,0.10502,0.00735,0.00078,-0.99444,-0.22395,-0.00483,-0.01362,0.97449,0.10474,0.03485,0.00367,-0.99388,-0.22398,-0.03248,-0.01318,0.97396,0.00000,0.00000,1.00,1.00
26697,Saccade,16696,0.00,0.00,0.12032,-0.00099,0.01378,-0.99264,0.10497,0.00719,0.00076,-0.99445,-0.22395,-0.00480,-0.01349,0.97450,0.10469,0.03469,0.00365,-0.99389,-0.22399,-0.03245,-0.01305,0.97396,0.00000,0.00000,1.00,1.00
26708,Saccade,16706,0.00,0.00,0.12025,-0.00093,0.01366,-0.99265,0.10440,0.00690,0.00072,-0.99451,-0.22332,-0.00458,-0.01338,0.97464,0.10412,0.03439,0.00360,-0.99396,-0.22336,-0.03223,-0.01293,0.97412,0.00000,0.00000,1.00,1.00
26718,Saccade,16717,0.00,0.00,0.12022,-0.00095,0.01370,-0.99265,0.10443,0.00693,0.00073,-0.99451,-0.22332,-0.00459,-0.01342,0.97464,0.10415,0.03443,0.00361,-0.99396,-0.22336,-0.03224,-0.01296,0.97412,0.00000,0.00000,1.00,1.00
26730,Saccade,16729,0.00,0.00,0.12033,-0.00099,0.01383,-0.99264,0.10432,0.00701,0.00074,-0.99452,-0.22332,-0.00462,-0.01354,0.97464,0.10403,0.03451,0.00361,-0.99397,-0.22335,-0.03226,-0.01308,0.97412,0.00000,0.00000,1.00,1.00
26741,Saccade,16740,0.00,0.00,0.12041,-0.00107,0.01384,-0.99263,0.10406,0.00728,0.00076,-0.99454,-0.22315,-0.00482,-0.01353,0.97468,0.10376,0.03478,0.00363,-0.99399,-0.22317,-0.03246,-0.01306,0.97415,0.00000,0.00000,1.00,1.00
26752,Saccade,16751,0.00,0.00,0.12051,-0.00115,0.01378,-0.99262,0.10396,0.00735,0.00077,-0.99455,-0.22315,-0.00481,-0.01346,0.97468,0.10367,0.03484,0.00363,-0.99399,-0.22318,-0.03245,-0.01299,0.97415,0.00000,0.00000,1.00,1.00
26764,Saccade,16762,0.00,0.00,0.12054,-0.00122,0.01369,-0.99261,0.10393,0.00738,0.00077,-0.99456,-0.22315,-0.00478,-0.01336,0.97468,0.10365,0.03488,0.00364,-0.99400,-0.22318,-0.03242,-0.01288,0.97415,0.00000,0.00000,1.00,1.00
26775,Saccade,16773,0.00,0.00,0.12059,-0.00131,0.01356,-0.99261,0.10397,0.00588,0.00062,-0.99456,-0.22321,-0.00320,-0.01325,0.97467,0.10371,0.03338,0.00348,-0.99404,-0.22327,-0.03084,-0.01277,0.97419,0.00000,0.00000,1.00,1.00
26786,Saccade,16784,0.00,0.00,0.12065,-0.00131,0.01329,-0.99261,0.10391,0.00579,0.00060,-0.99457,-0.22321,-0.00314,-0.01298,0.97468,0.10366,0.03329,0.00347,-0.99405,-0.22328,-0.03078,-0.01250,0.97419,0.00000,0.00000,1.00,1.00
26797,Saccade,16796,0.00,0.00,0.12075,-0.00135,0.01316,-0.99259,0.10381,0.00578,0.00060,-0.99458,-0.22321,-0.00311,-0.01285,0.97468,0.10357,0.03328,0.00347,-0.99406,-0.22328,-0.03075,-0.01237,0.97419,0.00000,0.00000,1.00,1.00
26808,Saccade,16807,0.00,0.00,0.12078,-0.00137,0.01317,-0.99259,0.10618,-0.00050,-0.00005,-0.99435,-0.22549,0.00326,-0.01296,0.97415,0.10602,0.02704,0.00288,-0.99399,-0.22565,-0.02443,-0.01255,0.97382,0.00000,0.00000,1.00,1.00
26819,Saccade,16818,0.00,0.00,0.12081,-0.00134,0.01313,-0.99259,0.10616,-0.00054,-0.00006,-0.99435,-0.22549,0.00327,-0.01292,0.97415,0.10600,0.02700,0.00288,-0.99400,-0.22565,-0.02442,-0.01250,0.97382,0.00000,0.00000,1.00,1.00
26831,Saccade,16829,0.00,0.00,0.12081,-0.00129,0.01313,-0.99259,0.10616,-0.00058,-0.00006,-0.99435,-0.22549,0.00326,-0.01292,0.97415,0.10599,0.02695,0.00287,-0.99400,-0.22565,-0.02442,-0.01251,0.97382,0.00000,0.00000,1.00,1.00
26841,Saccade,16840,0.00,0.00,0.12078,-0.00120,0.01309,-0.99259,0.10729,-0.00226,-0.00024,-0.99423,-0.22655,0.00487,-0.01291,0.97390,0.10713,0.02529,0.00273,-0.99392,-0.22672,-0.02283,-0.01253,0.97361,0.00000,0.00000,1.00,1.00
26852,Saccade,16851,0.00,0.00,0.12072,-0.00106,0.01307,-0.99260,0.10736,-0.00239,-0.00026,-0.99422,-0.22655,0.00487,-0.01291,0.97390,0.10720,0.02515,0.00271,-0.99392,-0.22672,-0.02283,-0.01253,0.97361,0.00000,0.00000,1.00,1.00
26864,Saccade,16863,0.00,0.00,0.12062,-0.00088,0.01298,-0.99261,0.10746,-0.00260,-0.00028,-0.99421,-0.22655,0.00489,-0.01284,0.97390,0.10731,0.02494,0.00269,-0.99391,-0.22672,-0.02282,-0.01247,0.97361,0.00000,0.00000,1.00,1.00
26875,Saccade,16874,0.00,0.00,0.12055,-0.00059,0.01289,-0.99262,0.10758,-0.00285,-0.00031,-0.99419,-0.22660,0.00484,-0.01279,0.97389,0.10743,0.02470,0.00267,-0.99390,-0.22677,-0.02287,-0.01242,0.97360,0.00000,0.00000,1.00,1.00
26886,Saccade,16884,0.00,0.00,0.12043,-0.00035,0.01274,-0.99264,0.10770,-0.00313,-0.00034,-0.99418,-0.22660,0.00487,-0.01267,0.97389,0.10755,0.02442,0.00264,-0.99390,-0.22677,-0.02284,-0.01231,0.97360,0.00000,0.00000,1.00,1.00
26898,Saccade,16896,0.00,0.00,0.12044,-0.00017,0.01266,-0.99264,0.10770,-0.00333,-0.00036,-0.99418,-0.22660,0.00488,-0.01261,0.97389,0.10756,0.02422,0.00262,-0.99390,-0.22677,-0.02283,-0.01225,0.97360,0.00000,0.00000,1.00,1.00
26909,Saccade,16907,0.00,0.00,0.12036,0.00001,0.01253,-0.99265,0.10768,-0.00550,-0.00060,-0.99417,-0.22649,0.00687,-0.01253,0.97391,0.10757,0.02205,0.00239,-0.99395,-0.22669,-0.02084,-0.01217,0.97367,0.00000,0.00000,1.00,1.00
26919,Saccade,16918,0.00,0.00,0.12019,0.00022,0.01243,-0.99267,0.10786,-0.00574,-0.00062,-0.99415,-0.22648,0.00689,-0.01245,0.97391,0.10775,0.02181,0.00236,-0.99394,-0.22669,-0.02082,-0.01210,0.97367,0.00000,0.00000,1.00,1.00
26931,Saccade,16930,0.00,0.00,0.11997,0.00033,0.01237,-0.99270,0.10808,-0.00586,-0.00064,-0.99413,-0.22648,0.00690,-0.01241,0.97391,0.10797,0.02169,0.00236,-0.99391,-0.22669,-0.02081,-0.01207,0.97367,0.00000,0.00000,1.00,1.00
26942,Saccade,16941,0.00,0.00,0.11976,0.00043,0.01231,-0.99273,0.10954,-0.00537,-0.00059,-0.99397,-0.22772,0.00633,-0.01234,0.97363,0.10943,0.02219,0.00244,-0.99374,-0.22791,-0.02140,-0.01205,0.97337,0.00000,0.00000,1.00,1.00
26953,Saccade,16951,0.00,0.00,0.11962,0.00044,0.01230,-0.99274,0.10968,-0.00539,-0.00059,-0.99395,-0.22772,0.00633,-0.01233,0.97363,0.10957,0.02218,0.00245,-0.99373,-0.22791,-0.02140,-0.01205,0.97337,0.00000,0.00000,1.00,1.00
26964,Saccade,16963,0.00,0.00,0.11947,0.00043,0.01234,-0.99276,0.10946,-0.00466,-0.00051,-0.99398,-0.22736,0.00561,-0.01236,0.97372,0.10933,0.02291,0.00252,-0.99374,-0.22754,-0.02212,-0.01208,0.97344,0.00000,0.00000,1.00,1.00
26975,Saccade,16974,0.00,0.00,0.11931,0.00027,0.01246,-0.99278,0.10962,-0.00447,-0.00049,-0.99396,-0.22736,0.00559,-0.01246,0.97371,0.10948,0.02310,0.00255,-0.99372,-0.22754,-0.02214,-0.01218,0.97344,0.00000,0.00000,1.00,1.00
26986,Saccade,16985,0.00,0.00,0.11916,0.00025,0.01263,-0.99279,0.10977,-0.00439,-0.00049,-0.99395,-0.22736,0.00555,-0.01262,0.97371,0.10962,0.02318,0.00256,-0.99370,-0.22753,-0.02218,-0.01235,0.97344,0.00000,0.00000,1.00,1.00
26998,Saccade,16996,0.00,0.00,0.11909,0.00015,0.01279,-0.99280,0.11008,-0.00364,-0.00040,-0.99392,-0.22760,0.00492,-0.01276,0.97366,0.10991,0.02394,0.00265,-0.99365,-0.22776,-0.02282,-0.01251,0.97337,0.00000,0.00000,1.00,1.00
27009,Saccade,17007,0.00,0.00,0.11905,0.00018,0.01273,-0.99281,0.11012,-0.00369,-0.00041,-0.99391,-0.22760,0.00493,-0.01271,0.97366,0.10995,0.02388,0.00264,-0.99365,-0.22776,-0.02281,-0.01245,0.97337,0.00000,0.00000,1.00,1.00
27019,Saccade,17018,0.00,0.00,0.11915,0.00018,0.01270,-0.99279,0.11001,-0.00370,-0.00041,-0.99392,-0.22760,0.00494,-0.01268,0.97366,0.10985,0.02387,0.00264,-0.99366,-0.22776,-0.02280,-0.01242,0.97337,0.00000,0.00000,1.00,1.00
27031,Saccade,17030,0.00,0.00,0.11943,0.00022,0.01262,-0.99276,0.10974,-0.00377,-0.00042,-0.99395,-0.22760,0.00496,-0.01260,0.97366,0.10958,0.02380,0.00262,-0.99369,-0.22776,-0.02278,-0.01232,0.97337,0.00000,0.00000,1.00,1.00
27042,Saccade,17041,0.00,0.00,0.11973,0.00026,0.01261,-0.99273,0.10810,-0.00316,-0.00034,-0.99414,-0.22630,0.00428,-0.01260,0.97397,0.10794,0.02440,0.00265,-0.99385,-0.22646,-0.02343,-0.01227,0.97366,0.00000,0.00000,1.00,1.00
27053,Saccade,17051,0.00,0.00,0.11973,0.00032,0.01307,-0.99272,0.10811,-0.00307,-0.00033,-0.99413,-0.22631,0.00418,-0.01306,0.97396,0.10792,0.02449,0.00266,-0.99385,-0.22645,-0.02354,-0.01273,0.97366,0.00000,0.00000,1.00,1.00
27064,Saccade,17063,0.00,0.00,0.11958,0.00045,0.01347,-0.99273,0.10826,-0.00305,-0.00033,-0.99412,-0.22631,0.00408,-0.01348,0.97395,0.10805,0.02450,0.00266,-0.99384,-0.22644,-0.02364,-0.01315,0.97365,0.00000,0.00000,1.00,1.00
27075,Saccade,17074,0.00,0.00,0.11951,0.00057,0.01375,-0.99274,0.10949,0.00732,0.00081,-0.99396,-0.22758,-0.00643,-0.01366,0.97364,0.10911,0.03487,0.00383,-0.99341,-0.22752,-0.03414,-0.01336,0.97308,0.00000,0.00000,1.00,1.00
27086,Saccade,17085,0.00,0.00,0.11958,0.00075,0.01364,-0.99273,0.10942,0.00712,0.00078,-0.99397,-0.22758,-0.00641,-0.01357,0.97364,0.10906,0.03466,0.00380,-0.99342,-0.22753,-0.03412,-0.01327,0.97308,0.00000,0.00000,1.00,1.00
27098,Saccade,17097,0.00,0.00,0.11968,0.00081,0.01355,-0.99272,0.10932,0.00703,0.00077,-0.99398,-0.22759,-0.00639,-0.01348,0.97364,0.10896,0.03457,0.00379,-0.99344,-0.22753,-0.03410,-0.01318,0.97308,0.00000,0.00000,1.00,1.00
27109,Saccade,17108,0.00,0.00,0.11970,0.00080,0.01357,-0.99272,0.10683,0.00725,0.00078,-0.99425,-0.22516,-0.00664,-0.01349,0.97421,0.10651,0.03477,0.00373,-0.99370,-0.22514,-0.03431,-0.01311,0.97363,0.00000,0.00000,1.00,1.00
27120,Saccade,17118,0.00,0.00,0.11972,0.00086,0.01361,-0.99271,0.10681,0.00721,0.00077,-0.99425,-0.22516,-0.00665,-0.01353,0.97420,0.10648,0.03472,0.00372,-0.99370,-0.22514,-0.03432,-0.01315,0.97363,0.00000,0.00000,1.00,1.00
27132,Saccade,17130,0.00,0.00,0.11968,0.00092,0.01374,-0.99272,0.10964,0.00735,0.00081,-0.99394,-0.22790,-0.00680,-0.01368,0.97357,0.10930,0.03489,0.00384,-0.99339,-0.22788,-0.03451,-0.01338,0.97299,0.00000,0.00000,1.00,1.00
27142,Saccade,17141,0.00,0.00,0.11971,0.00106,0.01389,-0.99271,0.10961,0.00726,0.00080,-0.99395,-0.22790,-0.00683,-0.01384,0.97356,0.10927,0.03481,0.00383,-0.99340,-0.22787,-0.03454,-0.01354,0.97298,0.00000,0.00000,1.00,1.00
27153,Saccade,17152,0.00,0.00,0.11975,0.00115,0.01386,-0.99271,0.10958,0.00717,0.00079,-0.99395,-0.22790,-0.00683,-0.01383,0.97356,0.10924,0.03471,0.00382,-0.99340,-0.22787,-0.03454,-0.01353,0.97298,0.00000,0.00000,1.00,1.00
27165,Saccade,17163,0.00,0.00,0.11987,0.00137,0.01374,-0.99269,0.10680,0.00446,0.00048,-0.99427,-0.22526,-0.00438,-0.01375,0.97419,0.10653,0.03198,0.00343,-0.99379,-0.22530,-0.03206,-0.01337,0.97367,0.00000,0.00000,1.00,1.00
27176,Saccade,17174,0.00,0.00,0.11990,0.00156,0.01377,-0.99269,0.10677,0.00428,0.00046,-0.99427,-0.22526,-0.00439,-0.01380,0.97419,0.10649,0.03181,0.00341,-0.99380,-0.22530,-0.03207,-0.01342,0.97367,0.00000,0.00000,1.00,1.00
27187,Saccade,17185,0.00,0.00,0.12005,0.00174,0.01384,-0.99267,0.10663,0.00414,0.00044,-0.99429,-0.22526,-0.00441,-0.01389,0.97419,0.10634,0.03166,0.00339,-0.99382,-0.22530,-0.03209,-0.01350,0.97367,0.00000,0.00000,1.00,1.00
27198,Saccade,17197,0.00,0.00,0.12021,0.00192,0.01398,-0.99265,0.10647,0.00400,0.00043,-0.99431,-0.22526,-0.00445,-0.01405,0.97419,0.10618,0.03153,0.00337,-0.99384,-0.22530,-0.03213,-0.01365,0.97367,0.00000,0.00000,1.00,1.00
27209,Saccade,17208,0.00,0.00,0.12036,0.00219,0.01409,-0.99263,0.10780,0.00396,0.00043,-0.99416,-0.22672,-0.00464,-0.01419,0.97385,0.10751,0.03149,0.00341,-0.99370,-0.22675,-0.03233,-0.01383,0.97332,0.00000,0.00000,1.00,1.00
27220,Saccade,17218,0.00,0.00,0.12068,0.00227,0.01426,-0.99259,0.10749,0.00393,0.00043,-0.99420,-0.22672,-0.00468,-0.01437,0.97384,0.10718,0.03146,0.00339,-0.99374,-0.22675,-0.03237,-0.01398,0.97331,0.00000,0.00000,1.00,1.00
27231,Saccade,17230,0.00,0.00,0.12119,0.00235,0.01436,-0.99252,0.10697,0.00388,0.00042,-0.99425,-0.22672,-0.00470,-0.01447,0.97384,0.10666,0.03140,0.00337,-0.99379,-0.22675,-0.03238,-0.01406,0.97331,0.00000,0.00000,1.00,1.00
27242,Saccade,17241,0.00,0.00,0.12148,0.00229,0.01445,-0.99249,0.10698,0.00456,0.00049,-0.99425,-0.22703,-0.00532,-0.01454,0.97377,0.10668,0.03209,0.00344,-0.99377,-0.22706,-0.03300,-0.01412,0.97322,0.00000,0.00000,1.00,1.00
27253,Saccade,17252,0.00,0.00,0.12162,0.00210,0.01467,-0.99247,0.10684,0.00481,0.00052,-0.99426,-0.22703,-0.00536,-0.01474,0.97376,0.10653,0.03234,0.00347,-0.99378,-0.22705,-0.03304,-0.01431,0.97322,0.00000,0.00000,1.00,1.00
27265,Saccade,17264,0.00,0.00,0.12167,0.00198,0.01504,-0.99246,0.10679,0.00505,0.00054,-0.99427,-0.22702,-0.00544,-0.01509,0.97376,0.10645,0.03257,0.00349,-0.99378,-0.22704,-0.03312,-0.01466,0.97321,0.00000,0.00000,1.00,1.00
27276,Saccade,17275,0.00,0.00,0.12181,0.00185,0.01522,-0.99243,0.10772,0.00531,0.00058,-0.99417,-0.22809,-0.00554,-0.01526,0.97350,0.10740,0.03284,0.00355,-0.99367,-0.22812,-0.03323,-0.01485,0.97295,0.00000,0.00000,1.00,1.00
27287,Saccade,17286,0.00,0.00,0.12189,0.00180,0.01523,-0.99243,0.10765,0.00536,0.00058,-0.99417,-0.22809,-0.00554,-0.01525,0.97350,0.10732,0.03289,0.00355,-0.99367,-0.22812,-0.03323,-0.01484,0.97295,0.00000,0.00000,1.00,1.00
27299,Saccade,17297,0.00,0.00,0.12196,0.00169,0.01532,-0.99242,0.10757,0.00550,0.00059,-0.99418,-0.22809,-0.00556,-0.01533,0.97350,0.10724,0.03303,0.00356,-0.99368,-0.22812,-0.03324,-0.01491,0.97295,0.00000,0.00000,1.00,1.00
27309,Saccade,17308,0.00,0.00,0.12201,0.00168,0.01537,-0.99241,0.10958,0.00011,0.00001,-0.99398,-0.23003,-0.00010,-0.01546,0.97306,0.10935,0.02768,0.00305,-0.99361,-0.23017,-0.02782,-0.01510,0.97264,0.00000,0.00000,1.00,1.00
27320,Saccade,17319,0.00,0.00,0.12214,0.00168,0.01551,-0.99239,0.10945,0.00016,0.00002,-0.99399,-0.23003,-0.00013,-0.01560,0.97306,0.10921,0.02772,0.00305,-0.99363,-0.23017,-0.02786,-0.01524,0.97263,0.00000,0.00000,1.00,1.00
27332,Saccade,17331,0.00,0.00,0.12226,0.00181,0.01551,-0.99238,0.10934,0.00003,0.00000,-0.99400,-0.23003,-0.00014,-0.01562,0.97306,0.10910,0.02759,0.00303,-0.99364,-0.23017,-0.02786,-0.01524,0.97263,0.00000,0.00000,1.00,1.00
27343,Saccade,17342,0.00,0.00,0.12252,0.00194,0.01555,-0.99234,0.10947,-0.00131,-0.00014,-0.99399,-0.23039,0.00109,-0.01568,0.97297,0.10926,0.02625,0.00289,-0.99366,-0.23056,-0.02664,-0.01531,0.97257,0.00000,0.00000,1.00,1.00
27354,Saccade,17352,0.00,0.00,0.12272,0.00206,0.01544,-0.99232,0.10927,-0.00146,-0.00016,-0.99401,-0.23039,0.00111,-0.01559,0.97297,0.10906,0.02610,0.00287,-0.99369,-0.23057,-0.02662,-0.01521,0.97257,0.00000,0.00000,1.00,1.00
27365,Saccade,17364,0.00,0.00,0.12280,0.00220,0.01548,-0.99231,0.10929,-0.00263,-0.00029,-0.99401,-0.23047,0.00215,-0.01566,0.97295,0.10911,0.02493,0.00274,-0.99371,-0.23068,-0.02558,-0.01528,0.97257,0.00000,0.00000,1.00,1.00
27376,Saccade,17375,0.00,0.00,0.12290,0.00232,0.01544,-0.99230,0.10919,-0.00276,-0.00030,-0.99402,-0.23047,0.00215,-0.01564,0.97295,0.10901,0.02480,0.00272,-0.99373,-0.23068,-0.02557,-0.01525,0.97257,0.00000,0.00000,1.00,1.00
27387,Saccade,17386,0.00,0.00,0.12308,0.00247,0.01533,-0.99228,0.10901,-0.00295,-0.00032,-0.99404,-0.23047,0.00217,-0.01555,0.97295,0.10884,0.02462,0.00270,-0.99375,-0.23068,-0.02555,-0.01515,0.97258,0.00000,0.00000,1.00,1.00
27399,Saccade,17398,0.00,0.00,0.12323,0.00261,0.01519,-0.99226,0.10929,-0.00296,-0.00033,-0.99401,-0.23089,0.00205,-0.01543,0.97286,0.10913,0.02460,0.00270,-0.99372,-0.23111,-0.02568,-0.01503,0.97247,0.00000,0.00000,1.00,1.00
27409,Saccade,17408,0.00,0.00,0.12341,0.00268,0.01516,-0.99224,0.10911,-0.00305,-0.00033,-0.99402,-0.23089,0.00205,-0.01540,0.97286,0.10896,0.02451,0.00269,-0.99374,-0.23111,-0.02567,-0.01500,0.97247,0.00000,0.00000,1.00,1.00
27421,Saccade,17419,0.00,0.00,0.12367,0.00277,0.01513,-0.99220,0.10885,-0.00315,-0.00034,-0.99405,-0.23089,0.00206,-0.01539,0.97286,0.10869,0.02441,0.00267,-0.99377,-0.23111,-0.02566,-0.01496,0.97247,0.00000,0.00000,1.00,1.00
27432,Saccade,17431,0.00,0.00,0.12391,0.00294,0.01510,-0.99217,0.10837,-0.00302,-0.00033,-0.99411,-0.23065,0.00176,-0.01537,0.97291,0.10821,0.02453,0.00267,-0.99382,-0.23087,-0.02596,-0.01493,0.97252,0.00000,0.00000,1.00,1.00
27443,Saccade,17441,0.00,0.00,0.12430,0.00298,0.01514,-0.99212,0.10797,-0.00306,-0.00033,-0.99415,-0.23065,0.00174,-0.01542,0.97291,0.10781,0.02450,0.00266,-0.99387,-0.23087,-0.02596,-0.01496,0.97252,0.00000,0.00000,1.00,1.00
27454,Saccade,17452,0.00,0.00,0.12467,0.00305,0.01516,-0.99208,0.10761,-0.00312,-0.00034,-0.99419,-0.23065,0.00174,-0.01546,0.97291,0.10745,0.02443,0.00264,-0.99391,-0.23087,-0.02597,-0.01497,0.97252,0.00000,0.00000,1.00,1.00
27466,Saccade,17464,0.00,0.00,0.12520,0.00304,0.01521,-0.99201,0.10708,-0.00310,-0.00033,-0.99425,-0.23065,0.00172,-0.01551,0.97291,0.10692,0.02444,0.00263,-0.99396,-0.23087,-0.02597,-0.01500,0.97252,0.00000,0.00000,1.00,1.00
27476,Saccade,17475,0.00,0.00,0.12561,0.00301,0.01524,-0.99196,0.10487,-0.00301,-0.00032,-0.99448,-0.22890,0.00163,-0.01554,0.97332,0.10471,0.02451,0.00258,-0.99420,-0.22912,-0.02604,-0.01495,0.97294,0.00000,0.00000,1.00,1.00
27487,Saccade,17486,0.00,0.00,0.12613,0.00290,0.01527,-0.99189,0.10435,-0.00290,-0.00030,-0.99454,-0.22890,0.00162,-0.01555,0.97332,0.10419,0.02462,0.00258,-0.99425,-0.22912,-0.02604,-0.01494,0.97294,0.00000,0.00000,1.00,1.00
27499,Saccade,17498,0.00,0.00,0.12643,0.00272,0.01518,-0.99186,0.10404,-0.00276,-0.00029,-0.99457,-0.22890,0.00165,-0.01544,0.97333,0.10389,0.02475,0.00259,-0.99428,-0.22912,-0.02601,-0.01481,0.97294,0.00000,0.00000,1.00,1.00
27510,Saccade,17508,0.00,0.00,0.12661,0.00255,0.01523,-0.99183,0.10490,-0.00225,-0.00024,-0.99448,-0.22992,0.00132,-0.01547,0.97309,0.10474,0.02528,0.00266,-0.99417,-0.23014,-0.02634,-0.01485,0.97269,0.00000,0.00000,1.00,1.00
27521,Saccade,17519,0.00,0.00,0.12667,0.00231,0.01540,-0.99182,0.10484,-0.00197,-0.00021,-0.99449,-0.22992,0.00129,-0.01560,0.97308,0.10467,0.02556,0.00269,-0.99417,-0.23014,-0.02637,-0.01499,0.97269,0.00000,0.00000,1.00,1.00
27532,Saccade,17531,0.00,0.00,0.12672,0.00212,0.01544,-0.99182,0.10583,-0.00191,-0.00020,-0.99438,-0.23094,0.00145,-0.01562,0.97284,0.10566,0.02562,0.00272,-0.99407,-0.23115,-0.02623,-0.01503,0.97245,0.00000,0.00000,1.00,1.00
27543,Saccade,17542,0.00,0.00,0.12683,0.00196,0.01543,-0.99180,0.10572,-0.00177,-0.00019,-0.99439,-0.23094,0.00145,-0.01559,0.97284,0.10555,0.02576,0.00274,-0.99408,-0.23115,-0.02622,-0.01500,0.97245,0.00000,0.00000,1.00,1.00
27554,Saccade,17553,0.00,0.00,0.12699,0.00178,0.01538,-0.99178,0.10555,-0.00161,-0.00017,-0.99441,-0.23094,0.00147,-0.01551,0.97284,0.10539,0.02592,0.00275,-0.99409,-0.23116,-0.02620,-0.01491,0.97245,0.00000,0.00000,1.00,1.00
27566,Saccade,17565,0.00,0.00,0.12721,0.00164,0.01537,-0.99176,0.10485,-0.00136,-0.00014,-0.99449,-0.23047,0.00135,-0.01548,0.97295,0.10469,0.02617,0.00276,-0.99416,-0.23069,-0.02632,-0.01485,0.97256,0.00000,0.00000,1.00,1.00
27576,Saccade,17575,0.00,0.00,0.12744,0.00148,0.01537,-0.99173,0.10461,-0.00121,-0.00013,-0.99451,-0.23047,0.00135,-0.01547,0.97295,0.10445,0.02631,0.00276,-0.99418,-0.23069,-0.02631,-0.01483,0.97256,0.00000,0.00000,1.00,1.00
27587,Saccade,17586,0.00,0.00,0.12774,0.00139,0.01543,-0.99169,0.10432,-0.00111,-0.00012,-0.99454,-0.23047,0.00134,-0.01551,0.97295,0.10415,0.02641,0.00277,-0.99421,-0.23069,-0.02632,-0.01485,0.97256,0.00000,0.00000,1.00,1.00
27599,Saccade,17598,0.00,0.00,0.12809,0.00144,0.01537,-0.99164,0.10323,-0.00164,-0.00017,-0.99466,-0.22975,0.00180,-0.01548,0.97313,0.10307,0.02587,0.00268,-0.99433,-0.22997,-0.02585,-0.01478,0.97274,0.00000,0.00000,1.00,1.00
27610,Saccade,17609,0.00,0.00,0.12830,0.00146,0.01546,-0.99161,0.10302,-0.00163,-0.00017,-0.99468,-0.22975,0.00178,-0.01557,0.97312,0.10285,0.02588,0.00268,-0.99436,-0.22996,-0.02586,-0.01485,0.97274,0.00000,0.00000,1.00,1.00
27621,Saccade,17620,0.00,0.00,0.12833,0.00158,0.01543,-0.99161,0.10299,-0.00175,-0.00018,-0.99468,-0.22975,0.00178,-0.01556,0.97312,0.10282,0.02576,0.00266,-0.99436,-0.22996,-0.02586,-0.01485,0.97274,0.00000,0.00000,1.00,1.00
27633,Saccade,17632,0.00,0.00,0.12853,0.00159,0.01543,-0.99158,0.10279,-0.00177,-0.00018,-0.99470,-0.22975,0.00178,-0.01555,0.97312,0.10262,0.02573,0.00266,-0.99438,-0.22996,-0.02586,-0.01483,0.97274,0.00000,0.00000,1.00,1.00
27643,Saccade,17642,0.00,0.00,0.12884,0.00156,0.01530,-0.99155,0.10254,-0.00228,-0.00024,-0.99473,-0.22979,0.00232,-0.01544,0.97311,0.10238,0.02522,0.00260,-0.99442,-0.23002,-0.02532,-0.01470,0.97275,0.00000,0.00000,1.00,1.00
27654,Saccade,17653,0.00,0.00,0.12917,0.00151,0.01530,-0.99150,0.10220,-0.00225,-0.00023,-0.99476,-0.22979,0.00232,-0.01544,0.97312,0.10205,0.02525,0.00259,-0.99446,-0.23002,-0.02531,-0.01468,0.97275,0.00000,0.00000,1.00,1.00
27666,Saccade,17665,0.00,0.00,0.12936,0.00132,0.01535,-0.99148,0.10231,-0.00206,-0.00021,-0.99475,-0.23008,0.00233,-0.01546,0.97305,0.10215,0.02544,0.00261,-0.99444,-0.23030,-0.02530,-0.01470,0.97268,0.00000,0.00000,1.00,1.00
27677,Saccade,17676,0.00,0.00,0.12958,0.00116,0.01525,-0.99145,0.10208,-0.00194,-0.00020,-0.99477,-0.23008,0.00236,-0.01535,0.97305,0.10193,0.02556,0.00262,-0.99446,-0.23031,-0.02527,-0.01457,0.97268,0.00000,0.00000,1.00,1.00
27688,Saccade,17686,0.00,0.00,0.12980,0.00088,0.01509,-0.99143,0.10186,-0.00173,-0.00018,-0.99480,-0.23008,0.00240,-0.01515,0.97305,0.10172,0.02577,0.00264,-0.99448,-0.23031,-0.02523,-0.01437,0.97268,0.00000,0.00000,1.00,1.00
27700,Saccade,17698,0.00,0.00,0.12985,0.00070,0.01478,-0.99142,0.10199,-0.00155,-0.00016,-0.99478,-0.23026,0.00236,-0.01482,0.97301,0.10186,0.02595,0.00266,-0.99446,-0.23050,-0.02527,-0.01403,0.97264,0.00000,0.00000,1.00,1.00
27710,Saccade,17709,0.00,0.00,0.12999,0.00047,0.01452,-0.99141,0.10185,-0.00141,-0.00014,-0.99480,-0.23026,0.00243,-0.01454,0.97302,0.10173,0.02608,0.00267,-0.99447,-0.23050,-0.02520,-0.01375,0.97265,0.00000,0.00000,1.00,1.00
27721,Saccade,17720,0.00,0.00,0.12992,0.00025,0.01423,-0.99142,0.10191,-0.00130,-0.00013,-0.99479,-0.23026,0.00250,-0.01422,0.97302,0.10181,0.02620,0.00268,-0.99446,-0.23051,-0.02512,-0.01343,0.97265,0.00000,0.00000,1.00,1.00
27733,Saccade,17732,0.00,0.00,0.12984,0.00005,0.01414,-0.99143,0.09986,-0.00124,-0.00012,-0.99500,-0.22818,0.00261,-0.01412,0.97351,0.09975,0.02623,0.00263,-0.99466,-0.22841,-0.02499,-0.01328,0.97315,0.00000,0.00000,1.00,1.00
27743,Saccade,17742,0.00,0.00,0.12982,-0.00018,0.01397,-0.99144,0.09988,-0.00108,-0.00011,-0.99500,-0.22818,0.00266,-0.01392,0.97352,0.09977,0.02640,0.00265,-0.99466,-0.22842,-0.02494,-0.01308,0.97316,0.00000,0.00000,1.00,1.00
27754,Saccade,17753,0.00,0.00,0.12984,-0.00029,0.01377,-0.99144,0.09986,-0.00104,-0.00010,-0.99500,-0.22818,0.00271,-0.01371,0.97352,0.09976,0.02644,0.00265,-0.99466,-0.22842,-0.02489,-0.01286,0.97316,0.00000,0.00000,1.00,1.00
27766,Saccade,17765,0.00,0.00,0.12996,-0.00037,0.01361,-0.99143,0.09974,-0.00102,-0.00010,-0.99501,-0.22818,0.00275,-0.01354,0.97352,0.09966,0.02646,0.00265,-0.99467,-0.22843,-0.02485,-0.01269,0.97316,0.00000,0.00000,1.00,1.00
27777,Saccade,17776,0.00,0.00,0.13016,-0.00046,0.01354,-0.99140,0.09925,-0.00134,-0.00013,-0.99506,-0.22789,0.00314,-0.01347,0.97359,0.09914,0.02614,0.00261,-0.99473,-0.22811,-0.02445,-0.01261,0.97325,0.00000,0.00000,1.00,1.00
27788,Saccade,17787,0.00,0.00,0.13025,-0.00063,0.01375,-0.99139,0.09916,-0.00110,-0.00011,-0.99507,-0.22790,0.00310,-0.01366,0.97359,0.09904,0.02637,0.00263,-0.99473,-0.22811,-0.02449,-0.01279,0.97324,0.00000,0.00000,1.00,1.00
27800,Saccade,17799,0.00,0.00,0.13034,-0.00081,0.01402,-0.99137,0.09763,0.01055,0.00103,-0.99517,-0.22664,-0.00842,-0.01352,0.97385,0.09731,0.03798,0.00372,-0.99452,-0.22663,-0.03597,-0.01259,0.97324,0.00000,0.00000,1.00,1.00
27811,Saccade,17809,0.00,0.00,0.13043,-0.00110,0.01432,-0.99135,0.09752,0.01092,0.00107,-0.99517,-0.22664,-0.00848,-0.01378,0.97384,0.09719,0.03835,0.00375,-0.99452,-0.22662,-0.03603,-0.01285,0.97323,0.00000,0.00000,1.00,1.00
27822,Saccade,17821,0.00,0.00,0.13054,-0.00148,0.01455,-0.99134,0.09741,0.01137,0.00111,-0.99518,-0.22664,-0.00852,-0.01395,0.97384,0.09707,0.03879,0.00379,-0.99451,-0.22661,-0.03607,-0.01302,0.97323,0.00000,0.00000,1.00,1.00
27834,Saccade,17832,0.00,0.00,0.13088,-0.00194,0.01463,-0.99129,0.09652,0.01149,0.00111,-0.99526,-0.22611,-0.00819,-0.01397,0.97397,0.09618,0.03891,0.00376,-0.99460,-0.22610,-0.03573,-0.01300,0.97336,0.00000,0.00000,1.00,1.00
27844,Saccade,17843,0.00,0.00,0.13136,-0.00242,0.01467,-0.99122,0.09603,0.01196,0.00115,-0.99531,-0.22611,-0.00819,-0.01394,0.97397,0.09570,0.03937,0.00379,-0.99462,-0.22610,-0.03571,-0.01294,0.97336,0.00000,0.00000,1.00,1.00
27855,Saccade,17854,0.00,0.00,0.13180,-0.00286,0.01466,-0.99116,0.09559,0.01237,0.00119,-0.99534,-0.22611,-0.00817,-0.01387,0.97397,0.09526,0.03978,0.00381,-0.99465,-0.22610,-0.03569,-0.01285,0.97336,0.00000,0.00000,1.00,1.00
27867,Saccade,17866,0.00,0.00,0.13204,-0.00340,0.01494,-0.99113,0.09533,0.01297,0.00124,-0.99536,-0.22611,-0.00821,-0.01406,0.97397,0.09499,0.04038,0.00386,-0.99465,-0.22610,-0.03573,-0.01302,0.97336,0.00000,0.00000,1.00,1.00
27877,Saccade,17876,0.00,0.00,0.13238,-0.00378,0.01528,-0.99107,0.09329,0.01245,0.00117,-0.99556,-0.22444,-0.00731,-0.01437,0.97435,0.09295,0.03985,0.00372,-0.99487,-0.22444,-0.03481,-0.01326,0.97378,0.00000,0.00000,1.00,1.00
27888,Saccade,17887,0.00,0.00,0.13282,-0.00414,0.01546,-0.99101,0.09284,0.01285,0.00120,-0.99560,-0.22444,-0.00734,-0.01448,0.97435,0.09249,0.04024,0.00374,-0.99489,-0.22444,-0.03483,-0.01336,0.97377,0.00000,0.00000,1.00,1.00
27900,Saccade,17899,0.00,0.00,0.13324,-0.00437,0.01546,-0.99095,0.09241,0.01307,0.00121,-0.99563,-0.22444,-0.00733,-0.01445,0.97435,0.09207,0.04046,0.00374,-0.99492,-0.22444,-0.03481,-0.01330,0.97377,0.00000,0.00000,1.00,1.00
27910,Saccade,17909,0.00,0.00,0.13368,-0.00469,0.01537,-0.99089,0.09290,0.01235,0.00115,-0.99560,-0.22534,-0.00629,-0.01436,0.97415,0.09257,0.03974,0.00370,-0.99491,-0.22536,-0.03378,-0.01321,0.97360,0.00000,0.00000,1.00,1.00
27921,Saccade,17920,0.00,0.00,0.13412,-0.00491,0.01511,-0.99084,0.09246,0.01247,0.00116,-0.99564,-0.22534,-0.00623,-0.01407,0.97416,0.09215,0.03986,0.00369,-0.99494,-0.22537,-0.03371,-0.01289,0.97360,0.00000,0.00000,1.00,1.00
27933,Saccade,17932,0.00,0.00,0.13453,-0.00518,0.01499,-0.99078,0.09205,0.01268,0.00117,-0.99567,-0.22535,-0.00619,-0.01390,0.97416,0.09175,0.04007,0.00369,-0.99497,-0.22538,-0.03367,-0.01271,0.97361,0.00000,0.00000,1.00,1.00
27944,Saccade,17942,0.00,0.00,0.13481,-0.00538,0.01485,-0.99074,0.09286,0.01063,0.00099,-0.99562,-0.22639,-0.00393,-0.01384,0.97393,0.09260,0.03803,0.00354,-0.99497,-0.22646,-0.03142,-0.01266,0.97343,0.00000,0.00000,1.00,1.00
27955,Saccade,17954,0.00,0.00,0.13495,-0.00559,0.01478,-0.99073,0.09272,0.01080,0.00101,-0.99563,-0.22639,-0.00391,-0.01374,0.97393,0.09247,0.03820,0.00355,-0.99498,-0.22646,-0.03140,-0.01256,0.97343,0.00000,0.00000,1.00,1.00
27967,Saccade,17966,0.00,0.00,0.13493,-0.00580,0.01456,-0.99073,0.09393,0.00344,0.00032,-0.99557,-0.22745,0.00369,-0.01381,0.97369,0.09376,0.03086,0.00291,-0.99511,-0.22762,-0.02383,-0.01266,0.97338,0.00000,0.00000,1.00,1.00
27978,Saccade,17976,0.00,0.00,0.13494,-0.00601,0.01438,-0.99073,0.09391,0.00358,0.00034,-0.99557,-0.22744,0.00374,-0.01361,0.97369,0.09375,0.03100,0.00292,-0.99511,-0.22763,-0.02378,-0.01246,0.97338,0.00000,0.00000,1.00,1.00
27989,Saccade,17987,0.00,0.00,0.13495,-0.00615,0.01424,-0.99073,0.09390,0.00367,0.00035,-0.99557,-0.22744,0.00378,-0.01345,0.97369,0.09375,0.03109,0.00293,-0.99511,-0.22763,-0.02374,-0.01230,0.97338,0.00000,0.00000,1.00,1.00
28000,Saccade,17999,0.00,0.00,0.13505,-0.00638,0.01408,-0.99072,0.09419,0.00299,0.00028,-0.99555,-0.22780,0.00468,-0.01330,0.97361,0.09402,0.03042,0.00287,-0.99510,-0.22798,-0.02285,-0.01215,0.97332,0.00000,0.00000,1.00,1.00
28011,Saccade,18010,0.00,0.00,0.13511,-0.00647,0.01395,-0.99071,0.09412,0.00304,0.00029,-0.99556,-0.22780,0.00471,-0.01315,0.97361,0.09397,0.03046,0.00288,-0.99511,-0.22798,-0.02281,-0.01201,0.97332,0.00000,0.00000,1.00,1.00
28022,Saccade,18021,0.00,0.00,0.13518,-0.00667,0.01377,-0.99070,0.09405,0.00317,0.00030,-0.99556,-0.22780,0.00476,-0.01295,0.97361,0.09390,0.03059,0.00289,-0.99511,-0.22799,-0.02277,-0.01180,0.97333,0.00000,0.00000,1.00,1.00
28034,Saccade,18033,0.00,0.00,0.13531,-0.00679,0.01373,-0.99068,0.09410,0.00312,0.00030,-0.99556,-0.22798,0.00492,-0.01290,0.97357,0.09392,0.03055,0.00288,-0.99511,-0.22814,-0.02261,-0.01175,0.97330,0.00000,0.00000,1.00,1.00
28044,Saccade,18043,0.00,0.00,0.13546,-0.00691,0.01366,-0.99067,0.09395,0.00322,0.00030,-0.99557,-0.22798,0.00493,-0.01282,0.97357,0.09378,0.03064,0.00289,-0.99512,-0.22814,-0.02259,-0.01166,0.97330,0.00000,0.00000,1.00,1.00
28056,Saccade,18054,0.00,15.00,0.13560,-0.00702,0.01372,-0.99064,0.09380,0.00334,0.00031,-0.99559,-0.22798,0.00493,-0.01286,0.97357,0.09363,0.03076,0.00289,-0.99513,-0.22814,-0.02259,-0.01169,0.97330,0.00000,0.00000,1.00,1.00
28067,Saccade,18066,0.00,15.00,0.13577,-0.00708,0.01363,-0.99062,0.09270,0.00414,0.00039,-0.99569,-0.22708,0.00416,-0.01273,0.97378,0.09250,0.03155,0.00293,-0.99521,-0.22721,-0.02334,-0.01153,0.97350,0.00000,0.00000,1.00,1.00
28078,Saccade,18076,0.00,15.00,0.13584,-0.00714,0.01357,-0.99061,0.09264,0.00418,0.00039,-0.99569,-0.22708,0.00418,-0.01266,0.97378,0.09244,0.03158,0.00293,-0.99521,-0.22721,-0.02332,-0.01146,0.97350,0.00000,0.00000,1.00,1.00
28089,Saccade,18087,0.00,15.00,0.13590,-0.00718,0.01333,-0.99061,0.09258,0.00414,0.00038,-0.99570,-0.22708,0.00424,-0.01243,0.97379,0.09240,0.03154,0.00293,-0.99522,-0.22722,-0.02327,-0.01122,0.97350,0.00000,0.00000,1.00,1.00
28101,Saccade,18099,0.00,15.00,0.13592,-0.00727,0.01317,-0.99061,0.09256,0.00417,0.00039,-0.99570,-0.22708,0.00427,-0.01226,0.97379,0.09239,0.03158,0.00293,-0.99522,-0.22722,-0.02323,-0.01105,0.97350,0.00000,0.00000,1.00,1.00
28111,Saccade,18110,0.00,15.00,0.13598,-0.00731,0.01296,-0.99060,0.09243,0.00426,0.00040,-0.99571,-0.22702,0.00421,-0.01204,0.97381,0.09225,0.03166,0.00294,-0.99523,-0.22715,-0.02329,-0.01083,0.97352,0.00000,0.00000,1.00,1.00
28122,Saccade,18121,0.00,15.00,0.13600,-0.00744,0.01294,-0.99060,0.09241,0.00438,0.00041,-0.99571,-0.22702,0.00422,-0.01201,0.97381,0.09223,0.03178,0.00295,-0.99523,-0.22715,-0.02328,-0.01079,0.97352,0.00000,0.00000,1.00,1.00
28134,Saccade,18133,0.00,15.00,0.13606,-0.00758,0.01295,-0.99059,0.09086,0.00572,0.00052,-0.99585,-0.22558,0.00299,-0.01195,0.97415,0.09065,0.03311,0.00302,-0.99533,-0.22567,-0.02449,-0.01068,0.97384,0.00000,0.00000,1.00,1.00
28144,Saccade,18143,0.00,15.00,0.13615,-0.00767,0.01291,-0.99057,0.09077,0.00580,0.00053,-0.99586,-0.22558,0.00300,-0.01190,0.97415,0.09056,0.03319,0.00302,-0.99533,-0.22567,-0.02448,-0.01063,0.97384,0.00000,0.00000,1.00,1.00
28155,Saccade,18154,0.00,15.00,0.13624,-0.00773,0.01300,-0.99056,0.09067,0.00588,0.00054,-0.99586,-0.22558,0.00298,-0.01198,0.97415,0.09046,0.03327,0.00302,-0.99534,-0.22567,-0.02450,-0.01070,0.97384,0.00000,0.00000,1.00,1.00
28167,Saccade,18166,0.00,15.00,0.13647,-0.00773,0.01292,-0.99053,0.09064,0.00567,0.00052,-0.99587,-0.22577,0.00318,-0.01191,0.97410,0.09041,0.03306,0.00300,-0.99535,-0.22585,-0.02429,-0.01063,0.97380,0.00000,0.00000,1.00,1.00
28178,Saccade,18177,0.00,15.00,0.13674,-0.00772,0.01285,-0.99049,0.09037,0.00564,0.00051,-0.99589,-0.22576,0.00320,-0.01184,0.97410,0.09015,0.03302,0.00299,-0.99538,-0.22585,-0.02427,-0.01055,0.97380,0.00000,0.00000,1.00,1.00
28189,Saccade,18188,0.00,15.00,0.13705,-0.00761,0.01283,-0.99045,0.09006,0.00552,0.00050,-0.99592,-0.22576,0.00320,-0.01183,0.97410,0.08984,0.03290,0.00297,-0.99541,-0.22585,-0.02427,-0.01052,0.97380,0.00000,0.00000,1.00,1.00
28201,Saccade,18200,0.00,15.00,0.13739,-0.00746,0.01297,-0.99040,0.09043,0.00442,0.00040,-0.99589,-0.22645,0.00417,-0.01203,0.97394,0.09020,0.03181,0.00288,-0.99541,-0.22653,-0.02330,-0.01072,0.97367,0.00000,0.00000,1.00,1.00
28211,Saccade,18210,0.00,15.00,0.13805,-0.00728,0.01304,-0.99031,0.08976,0.00425,0.00038,-0.99595,-0.22645,0.00415,-0.01212,0.97394,0.08953,0.03164,0.00285,-0.99548,-0.22653,-0.02332,-0.01078,0.97367,0.00000,0.00000,1.00,1.00
28222,Saccade,18221,0.00,15.00,0.13897,-0.00718,0.01304,-0.99018,0.08884,0.00416,0.00037,-0.99604,-0.22645,0.00415,-0.01214,0.97394,0.08861,0.03153,0.00281,-0.99556,-0.22653,-0.02331,-0.01074,0.97367,0.00000,0.00000,1.00,1.00
28234,Saccade,18233,0.00,15.00,0.13966,-0.00702,0.01281,-0.99009,0.08900,0.00387,0.00035,-0.99602,-0.22727,0.00426,-0.01193,0.97375,0.08879,0.03125,0.00279,-0.99556,-0.22737,-0.02320,-0.01052,0.97348,0.00000,0.00000,1.00,1.00
28244,Saccade,18243,0.00,15.00,0.13988,-0.00690,0.01267,-0.99006,0.08878,0.00370,0.00033,-0.99604,-0.22727,0.00429,-0.01181,0.97375,0.08858,0.03108,0.00277,-0.99558,-0.22737,-0.02317,-0.01039,0.97348,0.00000,0.00000,1.00,1.00
28256,Saccade,18255,0.00,15.00,0.14010,-0.00676,0.01287,-0.99003,0.08856,0.00363,0.00032,-0.99606,-0.22728,0.00423,-0.01203,0.97375,0.08834,0.03100,0.00275,-0.99560,-0.22736,-0.02322,-0.01059,0.97348,0.00000,0.00000,1.00,1.00
28268,Saccade,18267,0.00,15.00,0.14052,-0.00659,0.01303,-0.98997,0.08963,-0.00564,-0.00051,-0.99596,-0.22861,0.01338,-0.01268,0.97334,0.08952,0.02176,0.00196,-0.99575,-0.22884,-0.01409,-0.01127,0.97330,0.00000,0.00000,1.00,1.00
28278,Saccade,18277,0.00,15.00,0.14078,-0.00654,0.01309,-0.98993,0.08937,-0.00567,-0.00051,-0.99598,-0.22861,0.01337,-0.01274,0.97334,0.08925,0.02173,0.00195,-0.99577,-0.22884,-0.01411,-0.01132,0.97330,0.00000,0.00000,1.00,1.00
28289,Saccade,18288,0.00,15.00,0.14088,-0.00629,0.01309,-0.98992,0.08928,-0.00590,-0.00053,-0.99599,-0.22861,0.01336,-0.01279,0.97334,0.08915,0.02150,0.00192,-0.99578,-0.22884,-0.01412,-0.01135,0.97330,0.00000,0.00000,1.00,1.00
28301,Saccade,18300,0.00,15.00,0.14086,-0.00615,0.01326,-0.98992,0.09349,-0.08620,-0.00812,-0.99185,-0.23106,0.09382,-0.01667,0.96826,0.09438,-0.05911,-0.00561,-0.99376,-0.23259,0.06667,-0.01536,0.97017,0.00000,0.00000,1.00,1.00
28311,Saccade,18310,0.00,15.00,0.14092,-0.00577,0.01331,-0.98991,0.09344,-0.08655,-0.00815,-0.99182,-0.23107,0.09379,-0.01679,0.96826,0.09433,-0.05946,-0.00564,-0.99375,-0.23260,0.06665,-0.01548,0.97016,0.00000,0.00000,1.00,1.00
28323,Saccade,18321,0.00,15.00,0.14112,-0.00538,0.01338,-0.98989,0.09327,-0.08690,-0.00817,-0.99181,-0.23109,0.09375,-0.01695,0.96826,0.09415,-0.05981,-0.00567,-0.99374,-0.23261,0.06661,-0.01562,0.97016,0.00000,0.00000,1.00,1.00
28335,Saccade,18333,0.00,15.00,0.14130,-0.00496,0.01336,-0.98986,0.09361,-0.09547,-0.00902,-0.99098,-0.23136,0.10195,-0.01734,0.96736,0.09461,-0.06847,-0.00652,-0.99314,-0.23303,0.07489,-0.01602,0.96945,0.00000,0.00000,1.00,1.00
28345,Saccade,18343,0.00,15.00,0.14136,-0.00467,0.01332,-0.98986,0.09355,-0.09576,-0.00904,-0.99096,-0.23136,0.10195,-0.01735,0.96736,0.09456,-0.06877,-0.00655,-0.99312,-0.23303,0.07489,-0.01603,0.96945,0.00000,0.00000,1.00,1.00
28356,Saccade,18355,0.00,15.00,0.14127,-0.00425,0.01334,-0.98987,0.09365,-0.09616,-0.00909,-0.99091,-0.23137,0.10193,-0.01741,0.96736,0.09465,-0.06917,-0.00659,-0.99308,-0.23304,0.07488,-0.01609,0.96945,0.00000,0.00000,1.00,1.00
28368,Saccade,18366,0.00,15.00,0.14116,-0.00379,0.01345,-0.98989,0.09410,-0.09989,-0.00949,-0.99049,-0.23159,0.10524,-0.01767,0.96694,0.09517,-0.07294,-0.00699,-0.99276,-0.23333,0.07823,-0.01637,0.96911,0.00000,0.00000,1.00,1.00
28378,Saccade,18376,0.00,15.00,0.14104,-0.00329,0.01349,-0.98991,0.09424,-0.10036,-0.00955,-0.99043,-0.23160,0.10522,-0.01775,0.96694,0.09531,-0.07341,-0.00705,-0.99271,-0.23334,0.07821,-0.01645,0.96911,0.00000,0.00000,1.00,1.00
28389,Saccade,18388,0.00,15.00,0.14095,-0.00275,0.01325,-0.98992,0.09430,-0.10096,-0.00961,-0.99036,-0.23158,0.10527,-0.01758,0.96695,0.09538,-0.07400,-0.00711,-0.99266,-0.23333,0.07825,-0.01628,0.96911,0.00000,0.00000,1.00,1.00
28401,Saccade,18400,0.00,15.00,0.14093,-0.00233,0.01307,-0.98993,0.09362,-0.10051,-0.00950,-0.99048,-0.23093,0.10437,-0.01749,0.96720,0.09471,-0.07356,-0.00702,-0.99276,-0.23269,0.07736,-0.01618,0.96933,0.00000,0.00000,1.00,1.00
28412,Saccade,18410,0.00,15.00,0.14089,-0.00188,0.01283,-0.98994,0.09363,-0.10102,-0.00955,-0.99042,-0.23091,0.10441,-0.01731,0.96720,0.09472,-0.07407,-0.00707,-0.99272,-0.23267,0.07741,-0.01600,0.96934,0.00000,0.00000,1.00,1.00
28423,Saccade,18422,0.00,15.00,0.14078,-0.00153,0.01277,-0.98996,0.09373,-0.10138,-0.00959,-0.99038,-0.23091,0.10442,-0.01727,0.96720,0.09483,-0.07443,-0.00711,-0.99268,-0.23267,0.07741,-0.01597,0.96934,0.00000,0.00000,1.00,1.00
28435,Saccade,18434,0.00,15.00,0.14055,-0.00114,0.01270,-0.98999,0.09567,-0.10157,-0.00981,-0.99017,-0.23258,0.10428,-0.01703,0.96682,0.09680,-0.07462,-0.00728,-0.99248,-0.23437,0.07726,-0.01578,0.96894,0.00000,0.00000,1.00,1.00
28445,Saccade,18443,0.00,15.00,0.14007,-0.00089,0.01264,-0.99006,0.09614,-0.10185,-0.00989,-0.99009,-0.23256,0.10431,-0.01690,0.96682,0.09728,-0.07489,-0.00734,-0.99241,-0.23436,0.07729,-0.01568,0.96895,0.00000,0.00000,1.00,1.00
28456,Saccade,18455,0.00,15.00,0.13981,-0.00053,0.01250,-0.99010,0.09637,-0.10224,-0.00995,-0.99003,-0.23255,0.10435,-0.01676,0.96683,0.09752,-0.07528,-0.00740,-0.99235,-0.23435,0.07732,-0.01555,0.96895,0.00000,0.00000,1.00,1.00
28468,Saccade,18466,0.00,15.00,0.13962,-0.00030,0.01241,-0.99013,0.09485,-0.10198,-0.00977,-0.99021,-0.23089,0.10382,-0.01682,0.96728,0.09598,-0.07505,-0.00726,-0.99252,-0.23267,0.07681,-0.01558,0.96939,0.00000,0.00000,1.00,1.00
28478,Saccade,18477,0.00,15.00,0.13930,-0.00013,0.01236,-0.99017,0.09515,-0.10217,-0.00982,-0.99016,-0.23088,0.10384,-0.01673,0.96728,0.09630,-0.07523,-0.00730,-0.99248,-0.23267,0.07683,-0.01550,0.96939,0.00000,0.00000,1.00,1.00
28490,Saccade,18488,0.00,15.00,0.13877,-0.00020,0.01255,-0.99024,0.09570,-0.10205,-0.00986,-0.99012,-0.23089,0.10382,-0.01680,0.96728,0.09684,-0.07511,-0.00733,-0.99243,-0.23268,0.07681,-0.01560,0.96939,0.00000,0.00000,1.00,1.00
28502,Saccade,18501,0.00,15.00,0.13825,-0.00019,0.01262,-0.99032,0.09544,-0.10545,-0.01017,-0.98978,-0.23002,0.10723,-0.01698,0.96711,0.09662,-0.07856,-0.00765,-0.99219,-0.23186,0.08027,-0.01579,0.96930,0.00000,0.00000,1.00,1.00
28512,Saccade,18510,0.00,15.00,0.13781,-0.00012,0.01251,-0.99038,0.09585,-0.10557,-0.01022,-0.98973,-0.23000,0.10728,-0.01680,0.96711,0.09704,-0.07867,-0.00769,-0.99214,-0.23185,0.08031,-0.01563,0.96931,0.00000,0.00000,1.00,1.00
28523,Saccade,18521,0.00,15.00,0.13737,-0.00020,0.01234,-0.99044,0.09624,-0.10555,-0.01026,-0.98969,-0.22997,0.10734,-0.01652,0.96712,0.09744,-0.07866,-0.00773,-0.99210,-0.23183,0.08037,-0.01537,0.96931,0.00000,0.00000,1.00,1.00
28535,Saccade,18533,0.00,15.00,0.13706,-0.00024,0.01228,-0.99049,0.09511,-0.12398,-0.01194,-0.98764,-0.22805,0.12584,-0.01727,0.96533,0.09654,-0.09735,-0.00949,-0.99051,-0.23019,0.09915,-0.01608,0.96795,0.00000,0.00000,1.00,1.00
28545,Saccade,18544,0.00,15.00,0.13671,-0.00031,0.01237,-0.99053,0.09546,-0.12389,-0.01198,-0.98762,-0.22804,0.12584,-0.01726,0.96533,0.09690,-0.09726,-0.00951,-0.99049,-0.23019,0.09915,-0.01609,0.96795,0.00000,0.00000,1.00,1.00
28556,Saccade,18555,0.00,15.00,0.13650,-0.00034,0.01259,-0.99056,0.09573,-0.12379,-0.01200,-0.98761,-0.22806,0.12581,-0.01742,0.96533,0.09715,-0.09716,-0.00953,-0.99047,-0.23021,0.09910,-0.01626,0.96795,0.00000,0.00000,1.00,1.00
28568,Saccade,18567,0.00,15.00,0.13633,-0.00043,0.01269,-0.99058,0.09715,-0.12484,-0.01228,-0.98733,-0.22925,0.12699,-0.01734,0.96489,0.09861,-0.09821,-0.00978,-0.99022,-0.23142,0.10029,-0.01622,0.96753,0.00000,0.00000,1.00,1.00
28579,Saccade,18577,0.00,15.00,0.13625,-0.00050,0.01272,-0.99059,0.09724,-0.12476,-0.01229,-0.98734,-0.22925,0.12699,-0.01734,0.96489,0.09869,-0.09812,-0.00978,-0.99022,-0.23143,0.10029,-0.01623,0.96753,0.00000,0.00000,1.00,1.00
28590,Saccade,18588,0.00,15.00,0.13612,-0.00056,0.01274,-0.99061,0.09736,-0.12470,-0.01230,-0.98733,-0.22925,0.12700,-0.01732,0.96489,0.09882,-0.09807,-0.00979,-0.99021,-0.23142,0.10029,-0.01621,0.96753,0.00000,0.00000,1.00,1.00
28601,Saccade,18600,0.00,15.00,0.13595,-0.00059,0.01271,-0.99063,0.09764,-0.12565,-0.01243,-0.98718,-0.22933,0.12799,-0.01726,0.96474,0.09912,-0.09903,-0.00991,-0.99009,-0.23153,0.10130,-0.01617,0.96740,0.00000,0.00000,1.00,1.00
28612,Saccade,18610,0.00,15.00,0.13578,-0.00064,0.01268,-0.99066,0.09780,-0.12562,-0.01244,-0.98717,-0.22932,0.12801,-0.01719,0.96474,0.09928,-0.09900,-0.00993,-0.99007,-0.23152,0.10132,-0.01610,0.96741,0.00000,0.00000,1.00,1.00
28623,Saccade,18622,0.00,15.00,0.13566,-0.00062,0.01254,-0.99068,0.09787,-0.12569,-0.01246,-0.98715,-0.22929,0.12805,-0.01703,0.96475,0.09936,-0.09907,-0.00994,-0.99006,-0.23150,0.10135,-0.01594,0.96741,0.00000,0.00000,1.00,1.00
28635,Saccade,18634,0.00,15.00,0.13559,-0.00054,0.01235,-0.99069,0.09728,-0.12690,-0.01251,-0.98705,-0.22863,0.12915,-0.01696,0.96476,0.09879,-0.10030,-0.01001,-0.98999,-0.23086,0.10247,-0.01586,0.96745,0.00000,0.00000,1.00,1.00
28645,Saccade,18644,0.00,15.00,0.13557,-0.00054,0.01218,-0.99069,0.09725,-0.12696,-0.01251,-0.98705,-0.22861,0.12919,-0.01679,0.96476,0.09877,-0.10036,-0.01001,-0.98999,-0.23084,0.10251,-0.01569,0.96745,0.00000,0.00000,1.00,1.00
28656,Saccade,18655,0.00,15.00,0.13561,-0.00045,0.01202,-0.99069,0.09718,-0.12709,-0.01251,-0.98704,-0.22859,0.12922,-0.01666,0.96476,0.09871,-0.10049,-0.01002,-0.98998,-0.23082,0.10255,-0.01556,0.96745,0.00000,0.00000,1.00,1.00
28669,Saccade,18667,0.00,15.00,0.13583,-0.00054,0.01187,-0.99066,0.09656,-0.12607,-0.01233,-0.98723,-0.22825,0.12824,-0.01657,0.96498,0.09806,-0.09946,-0.00985,-0.99015,-0.23045,0.10157,-0.01545,0.96765,0.00000,0.00000,1.00,1.00
28679,Saccade,18677,0.00,15.00,0.13613,-0.00063,0.01161,-0.99062,0.09621,-0.12605,-0.01228,-0.98727,-0.22823,0.12829,-0.01639,0.96498,0.09772,-0.09945,-0.00981,-0.99018,-0.23043,0.10161,-0.01525,0.96765,0.00000,0.00000,1.00,1.00
28690,Saccade,18688,0.00,15.00,0.13627,-0.00091,0.01135,-0.99061,0.09599,-0.12588,-0.01224,-0.98732,-0.22819,0.12835,-0.01615,0.96498,0.09751,-0.09927,-0.00978,-0.99022,-0.23040,0.10167,-0.01499,0.96765,0.00000,0.00000,1.00,1.00
28702,Saccade,18700,0.00,15.00,0.13638,-0.00111,0.01113,-0.99059,0.09538,-0.12700,-0.01227,-0.98723,-0.22769,0.12963,-0.01604,0.96493,0.09690,-0.10042,-0.00983,-0.99017,-0.22990,0.10299,-0.01487,0.96764,0.00000,0.00000,1.00,1.00
28712,Saccade,18711,0.00,15.00,0.13631,-0.00139,0.01102,-0.99060,0.09541,-0.12676,-0.01225,-0.98726,-0.22767,0.12967,-0.01589,0.96494,0.09694,-0.10018,-0.00981,-0.99019,-0.22988,0.10302,-0.01472,0.96764,0.00000,0.00000,1.00,1.00
28723,Saccade,18722,0.00,15.00,0.13624,-0.00158,0.01095,-0.99061,0.09545,-0.12660,-0.01224,-0.98727,-0.22766,0.12969,-0.01578,0.96494,0.09699,-0.10002,-0.00980,-0.99020,-0.22987,0.10305,-0.01461,0.96764,0.00000,0.00000,1.00,1.00
28735,Saccade,18734,0.00,15.00,0.13607,-0.00183,0.01076,-0.99064,0.09596,-0.12596,-0.01224,-0.98731,-0.22803,0.12929,-0.01546,0.96491,0.09748,-0.09936,-0.00978,-0.99022,-0.23021,0.10263,-0.01431,0.96761,0.00000,0.00000,1.00,1.00
28746,Saccade,18744,0.00,15.00,0.13593,-0.00200,0.01064,-0.99066,0.09606,-0.12584,-0.01224,-0.98731,-0.22800,0.12933,-0.01529,0.96491,0.09759,-0.09925,-0.00978,-0.99022,-0.23020,0.10266,-0.01414,0.96761,0.00000,0.00000,1.00,1.00
28757,Saccade,18755,0.00,15.00,0.13590,-0.00215,0.01054,-0.99066,0.09606,-0.12573,-0.01223,-0.98733,-0.22799,0.12936,-0.01517,0.96491,0.09759,-0.09914,-0.00977,-0.99023,-0.23018,0.10269,-0.01402,0.96761,0.00000,0.00000,1.00,1.00
28769,Saccade,18767,0.00,15.00,0.13592,-0.00237,0.01053,-0.99066,0.09608,-0.12661,-0.01232,-0.98721,-0.22800,0.13045,-0.01517,0.96476,0.09759,-0.10002,-0.00986,-0.99014,-0.23018,0.10380,-0.01402,0.96749,0.00000,0.00000,1.00,1.00
28779,Saccade,18778,0.00,15.00,0.13599,-0.00255,0.01033,-0.99065,0.09595,-0.12649,-0.01229,-0.98724,-0.22797,0.13049,-0.01498,0.96477,0.09748,-0.09991,-0.00984,-0.99016,-0.23016,0.10384,-0.01382,0.96750,0.00000,0.00000,1.00,1.00
28790,Saccade,18789,0.00,15.00,0.13591,-0.00280,0.01012,-0.99067,0.09597,-0.12633,-0.01228,-0.98726,-0.22794,0.13055,-0.01472,0.96477,0.09751,-0.09974,-0.00982,-0.99018,-0.23013,0.10390,-0.01357,0.96750,0.00000,0.00000,1.00,1.00
28802,Saccade,18801,0.00,15.00,0.13586,-0.00295,0.01009,-0.99067,0.09469,-0.12593,-0.01208,-0.98744,-0.22666,0.13026,-0.01483,0.96511,0.09618,-0.09934,-0.00965,-0.99035,-0.22880,0.10362,-0.01365,0.96785,0.00000,0.00000,1.00,1.00
28814,Saccade,18813,0.00,15.00,0.13578,-0.00314,0.01017,-0.99068,0.09479,-0.12572,-0.01207,-0.98745,-0.22666,0.13026,-0.01485,0.96511,0.09627,-0.09914,-0.00964,-0.99036,-0.22881,0.10361,-0.01368,0.96785,0.00000,0.00000,1.00,1.00
28824,Saccade,18822,0.00,15.00,0.13580,-0.00332,0.01017,-0.99068,0.09476,-0.12556,-0.01205,-0.98748,-0.22666,0.13026,-0.01484,0.96511,0.09625,-0.09897,-0.00962,-0.99038,-0.22880,0.10362,-0.01366,0.96785,0.00000,0.00000,1.00,1.00
28836,Saccade,18834,0.00,15.00,0.13590,-0.00348,0.01000,-0.99067,0.09467,-0.12357,-0.01184,-0.98774,-0.22674,0.12841,-0.01460,0.96534,0.09611,-0.09695,-0.00941,-0.99059,-0.22884,0.10173,-0.01342,0.96804,0.00000,0.00000,1.00,1.00
28845,Saccade,18844,0.00,15.00,0.13599,-0.00365,0.00979,-0.99066,0.09453,-0.12348,-0.01182,-0.98776,-0.22672,0.12846,-0.01442,0.96534,0.09598,-0.09685,-0.00938,-0.99062,-0.22882,0.10178,-0.01323,0.96804,0.00000,0.00000,1.00,1.00
28857,Saccade,18855,0.00,15.00,0.13591,-0.00381,0.00941,-0.99067,0.09451,-0.12345,-0.01181,-0.98777,-0.22667,0.12855,-0.01401,0.96535,0.09598,-0.09683,-0.00938,-0.99062,-0.22877,0.10188,-0.01282,0.96805,0.00000,0.00000,1.00,1.00
28869,Saccade,18868,0.00,15.00,0.13605,-0.00399,0.00912,-0.99065,0.09438,-0.12352,-0.01180,-0.98777,-0.22672,0.12877,-0.01375,0.96531,0.09585,-0.09689,-0.00938,-0.99062,-0.22881,0.10209,-0.01255,0.96802,0.00000,0.00000,1.00,1.00
28879,Saccade,18878,0.00,15.00,0.13623,-0.00411,0.00876,-0.99063,0.09412,-0.12351,-0.01177,-0.98780,-0.22667,0.12884,-0.01343,0.96532,0.09561,-0.09689,-0.00935,-0.99065,-0.22878,0.10217,-0.01222,0.96803,0.00000,0.00000,1.00,1.00
28891,Saccade,18889,0.00,15.00,0.13626,-0.00425,0.00871,-0.99063,0.09407,-0.12339,-0.01175,-0.98782,-0.22667,0.12886,-0.01338,0.96532,0.09556,-0.09677,-0.00934,-0.99066,-0.22877,0.10218,-0.01216,0.96803,0.00000,0.00000,1.00,1.00
28902,Saccade,18901,0.00,15.00,0.13627,-0.00442,0.00886,-0.99062,0.09357,-0.12350,-0.01170,-0.98785,-0.22616,0.12913,-0.01358,0.96540,0.09501,-0.09688,-0.00929,-0.99071,-0.22822,0.10246,-0.01236,0.96812,0.00000,0.00000,1.00,1.00
28912,Saccade,18911,0.00,15.00,0.13621,-0.00456,0.00885,-0.99063,0.09362,-0.12337,-0.01169,-0.98787,-0.22616,0.12914,-0.01354,0.96540,0.09506,-0.09675,-0.00928,-0.99071,-0.22822,0.10247,-0.01232,0.96812,0.00000,0.00000,1.00,1.00
28924,Saccade,18922,0.00,15.00,0.13631,-0.00464,0.00858,-0.99062,0.09346,-0.12337,-0.01167,-0.98788,-0.22613,0.12920,-0.01330,0.96540,0.09491,-0.09676,-0.00927,-0.99073,-0.22819,0.10253,-0.01207,0.96813,0.00000,0.00000,1.00,1.00
28936,Saccade,18935,0.00,15.00,0.13637,-0.00470,0.00823,-0.99061,0.09357,-0.12381,-0.01173,-0.98781,-0.22633,0.12965,-0.01296,0.96530,0.09502,-0.09719,-0.00932,-0.99068,-0.22839,0.10299,-0.01173,0.96804,0.00000,0.00000,1.00,1.00
28946,Saccade,18945,0.00,15.00,0.13639,-0.00478,0.00789,-0.99061,0.09347,-0.12384,-0.01172,-0.98782,-0.22629,0.12973,-0.01263,0.96530,0.09493,-0.09723,-0.00932,-0.99068,-0.22835,0.10307,-0.01139,0.96804,0.00000,0.00000,1.00,1.00
28957,Saccade,18956,0.00,15.00,0.13629,-0.00485,0.00773,-0.99063,0.09352,-0.12383,-0.01172,-0.98782,-0.22626,0.12977,-0.01245,0.96530,0.09500,-0.09721,-0.00932,-0.99068,-0.22833,0.10311,-0.01121,0.96804,0.00000,0.00000,1.00,1.00
28969,Saccade,18968,0.00,15.00,0.13617,-0.00489,0.00766,-0.99064,0.09379,-0.12505,-0.01187,-0.98764,-0.22638,0.13104,-0.01237,0.96511,0.09525,-0.09845,-0.00947,-0.99053,-0.22844,0.10439,-0.01115,0.96788,0.00000,0.00000,1.00,1.00
28979,Saccade,18978,0.00,15.00,0.13604,-0.00489,0.00762,-0.99066,0.09391,-0.12507,-0.01189,-0.98762,-0.22637,0.13106,-0.01230,0.96511,0.09538,-0.09847,-0.00948,-0.99051,-0.22844,0.10440,-0.01108,0.96788,0.00000,0.00000,1.00,1.00
28990,Saccade,18989,0.00,15.00,0.13589,-0.00488,0.00755,-0.99068,0.09403,-0.12510,-0.01191,-0.98761,-0.22636,0.13108,-0.01220,0.96511,0.09551,-0.09850,-0.00950,-0.99050,-0.22843,0.10442,-0.01099,0.96788,0.00000,0.00000,1.00,1.00
29002,Saccade,19001,0.00,15.00,0.13569,-0.00497,0.00737,-0.99071,0.09426,-0.12401,-0.01184,-0.98772,-0.22644,0.13008,-0.01191,0.96523,0.09571,-0.09739,-0.00941,-0.99059,-0.22847,0.10340,-0.01072,0.96799,0.00000,0.00000,1.00,1.00
29012,Saccade,19011,0.00,15.00,0.13552,-0.00503,0.00716,-0.99074,0.09437,-0.12404,-0.01185,-0.98771,-0.22640,0.13014,-0.01166,0.96523,0.09583,-0.09742,-0.00942,-0.99057,-0.22844,0.10346,-0.01047,0.96799,0.00000,0.00000,1.00,1.00
29024,Saccade,19023,0.00,15.00,0.13537,-0.00507,0.00690,-0.99076,0.09445,-0.12409,-0.01187,-0.98769,-0.22636,0.13020,-0.01138,0.96523,0.09593,-0.09747,-0.00944,-0.99056,-0.22841,0.10353,-0.01019,0.96799,0.00000,0.00000,1.00,1.00
29036,Saccade,19034,0.00,15.00,0.13515,-0.00513,0.00674,-0.99079,0.09498,-0.12414,-0.01194,-0.98764,-0.22670,0.13032,-0.01112,0.96514,0.09646,-0.09752,-0.00950,-0.99050,-0.22873,0.10364,-0.00995,0.96791,0.00000,0.00000,1.00,1.00
29046,Saccade,19045,0.00,15.00,0.13495,-0.00521,0.00664,-0.99082,0.09516,-0.12411,-0.01196,-0.98762,-0.22667,0.13036,-0.01096,0.96515,0.09664,-0.09749,-0.00951,-0.99049,-0.22872,0.10367,-0.00980,0.96791,0.00000,0.00000,1.00,1.00
29058,Saccade,19056,0.00,15.00,0.13461,-0.00526,0.00655,-0.99086,0.09546,-0.12409,-0.01199,-0.98760,-0.22665,0.13040,-0.01079,0.96515,0.09695,-0.09747,-0.00954,-0.99046,-0.22870,0.10371,-0.00965,0.96791,0.00000,0.00000,1.00,1.00
29069,Saccade,19068,0.00,15.00,0.13450,-0.00527,0.00648,-0.99088,0.09556,-0.12409,-0.01201,-0.98759,-0.22665,0.13039,-0.01069,0.96515,0.09703,-0.09746,-0.00955,-0.99045,-0.22868,0.10370,-0.00955,0.96792,0.00000,0.00000,1.00,1.00
29079,Saccade,19078,0.00,15.00,0.13464,-0.00529,0.00634,-0.99086,0.09539,-0.12410,-0.01199,-0.98760,-0.22664,0.13042,-0.01059,0.96515,0.09686,-0.09748,-0.00953,-0.99047,-0.22867,0.10373,-0.00944,0.96792,0.00000,0.00000,1.00,1.00
29091,Saccade,19089,0.00,15.00,0.13468,-0.00526,0.00639,-0.99085,0.09537,-0.12412,-0.01199,-0.98760,-0.22665,0.13040,-0.01065,0.96515,0.09684,-0.09749,-0.00953,-0.99047,-0.22867,0.10371,-0.00950,0.96792,0.00000,0.00000,1.00,1.00
29103,Saccade,19102,0.00,15.00,0.13463,-0.00539,0.00653,-0.99086,0.09530,-0.12394,-0.01196,-0.98763,-0.22651,0.13036,-0.01077,0.96518,0.09674,-0.09731,-0.00950,-0.99050,-0.22851,0.10367,-0.00963,0.96796,0.00000,0.00000,1.00,1.00
29113,Saccade,19111,0.00,15.00,0.13469,-0.00542,0.00679,-0.99085,0.09530,-0.12382,-0.01195,-0.98765,-0.22655,0.13030,-0.01103,0.96518,0.09672,-0.09720,-0.00949,-0.99051,-0.22854,0.10361,-0.00989,0.96796,0.00000,0.00000,1.00,1.00
29124,Saccade,19123,0.00,15.00,0.13480,-0.00545,0.00696,-0.99083,0.09524,-0.12374,-0.01193,-0.98766,-0.22657,0.13026,-0.01121,0.96518,0.09665,-0.09711,-0.00947,-0.99052,-0.22856,0.10357,-0.01007,0.96795,0.00000,0.00000,1.00,1.00
29136,Saccade,19135,0.00,15.00,0.13486,-0.00548,0.00698,-0.99082,0.09831,-0.12404,-0.01235,-0.98732,-0.22962,0.13066,-0.01085,0.96441,0.09977,-0.09739,-0.00981,-0.99018,-0.23166,0.10394,-0.00978,0.96718,0.00000,0.00000,1.00,1.00
29147,Saccade,19145,0.00,15.00,0.13499,-0.00548,0.00682,-0.99081,0.09814,-0.12409,-0.01233,-0.98733,-0.22961,0.13069,-0.01072,0.96441,0.09961,-0.09744,-0.00980,-0.99020,-0.23164,0.10397,-0.00965,0.96718,0.00000,0.00000,1.00,1.00
29158,Saccade,19157,0.00,15.00,0.13510,-0.00546,0.00650,-0.99080,0.09796,-0.12420,-0.01232,-0.98733,-0.22957,0.13076,-0.01045,0.96441,0.09944,-0.09756,-0.00980,-0.99020,-0.23161,0.10404,-0.00937,0.96718,0.00000,0.00000,1.00,1.00
29169,Saccade,19168,0.00,15.00,0.13526,-0.00549,0.00597,-0.99078,0.09774,-0.12454,-0.01233,-0.98731,-0.22957,0.13107,-0.00999,0.96438,0.09925,-0.09790,-0.00981,-0.99019,-0.23163,0.10435,-0.00889,0.96715,0.00000,0.00000,1.00,1.00
29180,Saccade,19179,0.00,15.00,0.13531,-0.00552,0.00585,-0.99077,0.09766,-0.12455,-0.01232,-0.98732,-0.22956,0.13109,-0.00989,0.96438,0.09918,-0.09791,-0.00981,-0.99019,-0.23162,0.10438,-0.00878,0.96715,0.00000,0.00000,1.00,1.00
29191,Saccade,19190,0.00,15.00,0.13541,-0.00547,0.00576,-0.99076,0.09754,-0.12463,-0.01231,-0.98732,-0.22955,0.13110,-0.00983,0.96438,0.09906,-0.09799,-0.00980,-0.99020,-0.23161,0.10439,-0.00871,0.96715,0.00000,0.00000,1.00,1.00
29203,Saccade,19202,0.00,15.00,0.13539,-0.00547,0.00571,-0.99076,0.09398,-0.12664,-0.01205,-0.98741,-0.22601,0.13304,-0.01032,0.96494,0.09545,-0.10006,-0.00964,-0.99035,-0.22803,0.10640,-0.00912,0.96778,0.00000,0.00000,1.00,1.00
29213,Saccade,19212,0.00,15.00,0.13538,-0.00541,0.00564,-0.99076,0.09397,-0.12672,-0.01206,-0.98740,-0.22600,0.13305,-0.01027,0.96494,0.09545,-0.10014,-0.00965,-0.99034,-0.22802,0.10642,-0.00906,0.96778,0.00000,0.00000,1.00,1.00
29225,Saccade,19223,0.00,15.00,0.13548,-0.00540,0.00555,-0.99075,0.09386,-0.12675,-0.01205,-0.98741,-0.22599,0.13307,-0.01021,0.96494,0.09534,-0.10018,-0.00964,-0.99034,-0.22802,0.10643,-0.00900,0.96778,0.00000,0.00000,1.00,1.00
29237,Saccade,19235,0.00,15.00,0.13563,-0.00540,0.00547,-0.99073,0.09394,-0.12660,-0.01205,-0.98742,-0.22625,0.13291,-0.01013,0.96491,0.09541,-0.10002,-0.00964,-0.99035,-0.22825,0.10627,-0.00892,0.96774,0.00000,0.00000,1.00,1.00
29246,Saccade,19245,0.00,15.00,0.13576,-0.00536,0.00543,-0.99071,0.09381,-0.12665,-0.01203,-0.98743,-0.22624,0.13291,-0.01013,0.96491,0.09527,-0.10007,-0.00963,-0.99036,-0.22825,0.10627,-0.00891,0.96774,0.00000,0.00000,1.00,1.00
29258,Saccade,19257,0.00,15.00,0.13591,-0.00530,0.00544,-0.99069,0.09367,-0.12669,-0.01202,-0.98744,-0.22625,0.13289,-0.01019,0.96491,0.09513,-0.10011,-0.00962,-0.99037,-0.22825,0.10626,-0.00896,0.96774,0.00000,0.00000,1.00,1.00
29270,Saccade,19268,0.00,15.00,0.13610,-0.00529,0.00544,-0.99067,0.09482,-0.12657,-0.01215,-0.98734,-0.22756,0.13278,-0.01005,0.96462,0.09628,-0.09998,-0.00972,-0.99027,-0.22957,0.10613,-0.00885,0.96745,0.00000,0.00000,1.00,1.00
29280,Saccade,19279,0.00,15.00,0.13619,-0.00533,0.00545,-0.99065,0.09473,-0.12652,-0.01214,-0.98735,-0.22757,0.13277,-0.01008,0.96462,0.09619,-0.09994,-0.00971,-0.99029,-0.22957,0.10613,-0.00887,0.96745,0.00000,0.00000,1.00,1.00
29291,Saccade,19290,0.00,15.00,0.13638,-0.00537,0.00552,-0.99063,0.09457,-0.12645,-0.01211,-0.98738,-0.22758,0.13275,-0.01019,0.96461,0.09603,-0.09986,-0.00968,-0.99031,-0.22958,0.10610,-0.00898,0.96745,0.00000,0.00000,1.00,1.00
29303,Saccade,19302,0.00,15.00,0.13661,-0.00542,0.00560,-0.99059,0.09478,-0.12570,-0.01207,-0.98746,-0.22802,0.13205,-0.01023,0.96461,0.09622,-0.09910,-0.00963,-0.99037,-0.23000,0.10540,-0.00902,0.96742,0.00000,0.00000,1.00,1.00
29313,Saccade,19312,0.00,15.00,0.13678,-0.00552,0.00565,-0.99057,0.09462,-0.12559,-0.01203,-0.98749,-0.22803,0.13203,-0.01031,0.96461,0.09606,-0.09899,-0.00960,-0.99039,-0.23001,0.10538,-0.00909,0.96742,0.00000,0.00000,1.00,1.00
29324,Saccade,19323,0.00,15.00,0.13695,-0.00566,0.00558,-0.99055,0.09444,-0.12547,-0.01200,-0.98752,-0.22802,0.13204,-0.01028,0.96461,0.09588,-0.09887,-0.00957,-0.99042,-0.23000,0.10539,-0.00905,0.96742,0.00000,0.00000,1.00,1.00
29337,Saccade,19335,0.00,15.00,0.13709,-0.00579,0.00552,-0.99053,0.09272,-0.12571,-0.01180,-0.98765,-0.22648,0.13236,-0.01046,0.96492,0.09414,-0.09913,-0.00942,-0.99057,-0.22844,0.10573,-0.00918,0.96775,0.00000,0.00000,1.00,1.00
29347,Saccade,19346,0.00,15.00,0.13717,-0.00592,0.00527,-0.99052,0.09258,-0.12565,-0.01178,-0.98768,-0.22645,0.13242,-0.01023,0.96493,0.09401,-0.09908,-0.00940,-0.99058,-0.22842,0.10579,-0.00894,0.96776,0.00000,0.00000,1.00,1.00
29358,Saccade,19357,0.00,15.00,0.13719,-0.00604,0.00508,-0.99051,0.09251,-0.12560,-0.01176,-0.98769,-0.22642,0.13246,-0.01004,0.96493,0.09395,-0.09903,-0.00939,-0.99060,-0.22840,0.10584,-0.00875,0.96776,0.00000,0.00000,1.00,1.00
29370,Saccade,19368,0.00,15.00,0.13712,-0.00631,0.00497,-0.99052,0.09300,-0.12561,-0.01183,-0.98764,-0.22685,0.13273,-0.00983,0.96479,0.09445,-0.09903,-0.00944,-0.99055,-0.22883,0.10611,-0.00855,0.96763,0.00000,0.00000,1.00,1.00
29381,Saccade,19379,0.00,15.00,0.13705,-0.00656,0.00495,-0.99053,0.09306,-0.12538,-0.01181,-0.98766,-0.22684,0.13275,-0.00976,0.96479,0.09451,-0.09880,-0.00943,-0.99056,-0.22882,0.10612,-0.00848,0.96763,0.00000,0.00000,1.00,1.00
29392,Saccade,19391,0.00,15.00,0.13686,-0.00680,0.00489,-0.99056,0.09322,-0.12517,-0.01181,-0.98767,-0.22682,0.13278,-0.00962,0.96479,0.09469,-0.09859,-0.00942,-0.99057,-0.22881,0.10615,-0.00836,0.96763,0.00000,0.00000,1.00,1.00
29404,Saccade,19402,0.00,15.00,0.13663,-0.00704,0.00470,-0.99059,0.09395,-0.12650,-0.01204,-0.98743,-0.22730,0.13434,-0.00934,0.96447,0.09543,-0.09993,-0.00963,-0.99036,-0.22931,0.10772,-0.00809,0.96734,0.00000,0.00000,1.00,1.00
29414,Saccade,19412,0.00,15.00,0.13654,-0.00728,0.00463,-0.99060,0.09401,-0.12629,-0.01202,-0.98746,-0.22729,0.13437,-0.00922,0.96447,0.09550,-0.09972,-0.00962,-0.99038,-0.22930,0.10775,-0.00798,0.96734,0.00000,0.00000,1.00,1.00
29425,Saccade,19424,0.00,15.00,0.13631,-0.00751,0.00470,-0.99063,0.09424,-0.12606,-0.01203,-0.98746,-0.22728,0.13438,-0.00919,0.96447,0.09573,-0.09949,-0.00962,-0.99038,-0.22930,0.10775,-0.00797,0.96734,0.00000,0.00000,1.00,1.00
29437,Saccade,19435,0.00,15.00,0.13634,-0.00763,0.00473,-0.99062,0.09450,-0.12641,-0.01210,-0.98739,-0.22755,0.13486,-0.00920,0.96434,0.09597,-0.09984,-0.00968,-0.99032,-0.22955,0.10823,-0.00798,0.96723,0.00000,0.00000,1.00,1.00
29447,Saccade,19445,0.00,15.00,0.13630,-0.00769,0.00479,-0.99063,0.09456,-0.12634,-0.01210,-0.98740,-0.22755,0.13485,-0.00923,0.96434,0.09603,-0.09977,-0.00967,-0.99032,-0.22956,0.10823,-0.00802,0.96723,0.00000,0.00000,1.00,1.00
29458,Saccade,19457,0.00,15.00,0.13622,-0.00774,0.00492,-0.99064,0.09466,-0.12626,-0.01210,-0.98740,-0.22757,0.13483,-0.00933,0.96434,0.09613,-0.09968,-0.00968,-0.99032,-0.22957,0.10820,-0.00812,0.96723,0.00000,0.00000,1.00,1.00
29470,Saccade,19469,0.00,15.00,0.13609,-0.00769,0.00510,-0.99065,0.09464,-0.12336,-0.01182,-0.98777,-0.22746,0.13189,-0.00939,0.96477,0.09604,-0.09673,-0.00938,-0.99062,-0.22939,0.10521,-0.00818,0.96760,0.00000,0.00000,1.00,1.00
29481,Saccade,19479,0.00,15.00,0.13615,-0.00766,0.00521,-0.99065,0.09461,-0.12335,-0.01181,-0.98777,-0.22748,0.13186,-0.00951,0.96477,0.09601,-0.09672,-0.00937,-0.99063,-0.22940,0.10518,-0.00831,0.96760,0.00000,0.00000,1.00,1.00
29492,Saccade,19491,0.00,15.00,0.13624,-0.00764,0.00531,-0.99063,0.09455,-0.12332,-0.01180,-0.98778,-0.22749,0.13183,-0.00963,0.96477,0.09594,-0.09670,-0.00936,-0.99064,-0.22942,0.10515,-0.00843,0.96760,0.00000,0.00000,1.00,1.00
29504,Saccade,19503,0.00,15.00,0.13648,-0.00751,0.00559,-0.99060,0.09416,-0.12331,-0.01175,-0.98782,-0.22732,0.13171,-0.01000,0.96482,0.09553,-0.09669,-0.00932,-0.99068,-0.22923,0.10503,-0.00878,0.96765,0.00000,0.00000,1.00,1.00
29514,Saccade,19513,0.00,15.00,0.13647,-0.00750,0.00582,-0.99060,0.09424,-0.12325,-0.01176,-0.98782,-0.22735,0.13166,-0.01022,0.96482,0.09559,-0.09662,-0.00932,-0.99068,-0.22926,0.10497,-0.00900,0.96765,0.00000,0.00000,1.00,1.00
29525,Saccade,19524,0.00,15.00,0.13633,-0.00744,0.00588,-0.99062,0.09439,-0.12329,-0.01178,-0.98780,-0.22735,0.13165,-0.01024,0.96482,0.09574,-0.09666,-0.00934,-0.99066,-0.22926,0.10497,-0.00903,0.96765,0.00000,0.00000,1.00,1.00
29537,Saccade,19536,0.00,15.00,0.13634,-0.00729,0.00580,-0.99062,0.09606,-0.12278,-0.01194,-0.98770,-0.22903,0.13101,-0.00994,0.96451,0.09746,-0.09612,-0.00946,-0.99054,-0.23097,0.10430,-0.00877,0.96731,0.00000,0.00000,1.00,1.00
29547,Saccade,19546,0.00,15.00,0.13627,-0.00717,0.00568,-0.99063,0.09611,-0.12293,-0.01196,-0.98768,-0.22902,0.13104,-0.00983,0.96451,0.09751,-0.09628,-0.00948,-0.99052,-0.23096,0.10432,-0.00866,0.96731,0.00000,0.00000,1.00,1.00
29559,Saccade,19557,0.00,15.00,0.13613,-0.00695,0.00546,-0.99065,0.09620,-0.12322,-0.01200,-0.98763,-0.22899,0.13109,-0.00961,0.96451,0.09761,-0.09656,-0.00952,-0.99048,-0.23094,0.10438,-0.00845,0.96732,0.00000,0.00000,1.00,1.00
29571,Saccade,19569,0.00,15.00,0.13605,-0.00674,0.00554,-0.99066,0.09724,-0.12418,-0.01223,-0.98741,-0.22990,0.13187,-0.00959,0.96419,0.09870,-0.09752,-0.00972,-0.99028,-0.23189,0.10516,-0.00846,0.96700,0.00000,0.00000,1.00,1.00
29581,Saccade,19580,0.00,15.00,0.13592,-0.00648,0.00565,-0.99068,0.09740,-0.12439,-0.01227,-0.98737,-0.22992,0.13185,-0.00970,0.96419,0.09885,-0.09774,-0.00976,-0.99024,-0.23191,0.10513,-0.00857,0.96700,0.00000,0.00000,1.00,1.00
29593,Saccade,19592,0.00,15.00,0.13580,-0.00615,0.00581,-0.99070,0.09756,-0.12466,-0.01232,-0.98731,-0.22994,0.13181,-0.00986,0.96419,0.09900,-0.09800,-0.00980,-0.99020,-0.23193,0.10509,-0.00874,0.96700,0.00000,0.00000,1.00,1.00
29604,Saccade,19602,0.00,15.00,0.13576,-0.00587,0.00585,-0.99071,0.09756,-0.12245,-0.01210,-0.98759,-0.22994,0.12933,-0.00985,0.96452,0.09897,-0.09577,-0.00957,-0.99043,-0.23189,0.10257,-0.00874,0.96728,0.00000,0.00000,1.00,1.00
29614,Saccade,19613,0.00,15.00,0.13573,-0.00550,0.00580,-0.99071,0.09759,-0.12282,-0.01214,-0.98754,-0.22994,0.12933,-0.00984,0.96452,0.09900,-0.09614,-0.00961,-0.99039,-0.23189,0.10257,-0.00873,0.96728,0.00000,0.00000,1.00,1.00
29626,Saccade,19625,0.00,15.00,0.13556,-0.00517,0.00582,-0.99074,0.09776,-0.12314,-0.01219,-0.98749,-0.22994,0.12932,-0.00985,0.96452,0.09917,-0.09646,-0.00966,-0.99034,-0.23190,0.10257,-0.00875,0.96728,0.00000,0.00000,1.00,1.00
29637,Saccade,19636,0.00,15.00,0.13547,-0.00485,0.00590,-0.99075,0.09610,-0.12161,-0.01183,-0.98784,-0.22826,0.12745,-0.01011,0.96517,0.09747,-0.09492,-0.00934,-0.99066,-0.23017,0.10069,-0.00897,0.96789,0.00000,0.00000,1.00,1.00
29647,Saccade,19646,0.00,15.00,0.13528,-0.00463,0.00595,-0.99078,0.09630,-0.12181,-0.01188,-0.98780,-0.22826,0.12744,-0.01014,0.96517,0.09768,-0.09512,-0.00938,-0.99062,-0.23017,0.10068,-0.00902,0.96789,0.00000,0.00000,1.00,1.00
29659,Saccade,19658,0.00,15.00,0.13502,-0.00433,0.00612,-0.99081,0.09660,-0.12205,-0.01194,-0.98774,-0.22828,0.12741,-0.01028,0.96517,0.09797,-0.09536,-0.00943,-0.99057,-0.23019,0.10064,-0.00917,0.96788,0.00000,0.00000,1.00,1.00
29671,Saccade,19669,0.00,15.00,0.13470,-0.00401,0.00618,-0.99086,0.09660,-0.12134,-0.01187,-0.98783,-0.22798,0.12638,-0.01031,0.96537,0.09797,-0.09465,-0.00936,-0.99063,-0.22989,0.09962,-0.00921,0.96806,0.00000,0.00000,1.00,1.00
29681,Saccade,19680,0.00,15.00,0.13453,-0.00376,0.00612,-0.99088,0.09675,-0.12160,-0.01191,-0.98778,-0.22797,0.12640,-0.01024,0.96537,0.09813,-0.09490,-0.00940,-0.99059,-0.22989,0.09963,-0.00915,0.96806,0.00000,0.00000,1.00,1.00
29693,Saccade,19692,0.00,15.00,0.13446,-0.00354,0.00596,-0.99090,0.09679,-0.12186,-0.01194,-0.98774,-0.22795,0.12643,-0.01010,0.96538,0.09818,-0.09517,-0.00943,-0.99056,-0.22987,0.09966,-0.00901,0.96806,0.00000,0.00000,1.00,1.00
29704,Saccade,19703,0.00,15.00,0.13415,-0.00331,0.00593,-0.99094,0.09711,-0.12132,-0.01193,-0.98778,-0.22798,0.12567,-0.00999,0.96547,0.09851,-0.09462,-0.00941,-0.99058,-0.22991,0.09889,-0.00892,0.96813,0.00000,0.00000,1.00,1.00
29714,Saccade,19713,0.00,15.00,0.13374,-0.00314,0.00612,-0.99099,0.09756,-0.12144,-0.01200,-0.98772,-0.22799,0.12565,-0.01009,0.96547,0.09896,-0.09474,-0.00947,-0.99053,-0.22993,0.09887,-0.00904,0.96813,0.00000,0.00000,1.00,1.00
29726,Saccade,19724,0.00,15.00,0.13332,-0.00287,0.00639,-0.99105,0.09803,-0.12162,-0.01207,-0.98765,-0.22802,0.12560,-0.01028,0.96547,0.09942,-0.09491,-0.00953,-0.99046,-0.22995,0.09881,-0.00925,0.96813,0.00000,0.00000,1.00,1.00
29737,Saccade,19736,0.00,15.00,0.13293,-0.00250,0.00642,-0.99110,0.09821,-0.12134,-0.01207,-0.98767,-0.22782,0.12496,-0.01027,0.96560,0.09961,-0.09464,-0.00952,-0.99047,-0.22976,0.09817,-0.00926,0.96824,0.00000,0.00000,1.00,1.00
29748,Saccade,19746,0.00,15.00,0.13257,-0.00208,0.00635,-0.99115,0.09856,-0.12177,-0.01215,-0.98758,-0.22781,0.12499,-0.01016,0.96560,0.09996,-0.09507,-0.00959,-0.99039,-0.22975,0.09819,-0.00917,0.96824,0.00000,0.00000,1.00,1.00
29760,Saccade,19758,0.00,15.00,0.13226,-0.00166,0.00648,-0.99119,0.09890,-0.12214,-0.01223,-0.98750,-0.22782,0.12497,-0.01026,0.96560,0.10030,-0.09543,-0.00967,-0.99032,-0.22976,0.09817,-0.00929,0.96824,0.00000,0.00000,1.00,1.00
29771,Saccade,19769,0.00,15.00,0.13188,-0.00126,0.00665,-0.99124,0.09998,-0.12255,-0.01241,-0.98734,-0.22849,0.12502,-0.01030,0.96543,0.10141,-0.09584,-0.00982,-0.99017,-0.23046,0.09822,-0.00936,0.96807,0.00000,0.00000,1.00,1.00
29781,Saccade,19780,0.00,15.00,0.13158,-0.00085,0.00679,-0.99128,0.10032,-0.12290,-0.01249,-0.98726,-0.22850,0.12499,-0.01041,0.96543,0.10175,-0.09619,-0.00988,-0.99010,-0.23047,0.09819,-0.00949,0.96807,0.00000,0.00000,1.00,1.00
29793,Saccade,19792,0.00,15.00,0.13127,-0.00036,0.00678,-0.99132,0.10063,-0.12338,-0.01258,-0.98716,-0.22850,0.12500,-0.01038,0.96543,0.10206,-0.09667,-0.00997,-0.99002,-0.23047,0.09819,-0.00948,0.96807,0.00000,0.00000,1.00,1.00
29804,Saccade,19803,0.00,15.00,0.13099,0.00014,0.00674,-0.99136,0.09975,-0.12450,-0.01258,-0.98711,-0.22735,0.12561,-0.01050,0.96562,0.10120,-0.09782,-0.01000,-0.98999,-0.22935,0.09883,-0.00959,0.96827,0.00000,0.00000,1.00,1.00
29814,Saccade,19813,0.00,15.00,0.13054,0.00054,0.00673,-0.99142,0.10020,-0.12490,-0.01268,-0.98702,-0.22734,0.12562,-0.01043,0.96562,0.10166,-0.09822,-0.01009,-0.98991,-0.22935,0.09884,-0.00954,0.96827,0.00000,0.00000,1.00,1.00
29826,Saccade,19825,0.00,15.00,0.13017,0.00097,0.00677,-0.99147,0.10056,-0.12530,-0.01277,-0.98693,-0.22734,0.12562,-0.01043,0.96562,0.10202,-0.09862,-0.01016,-0.98983,-0.22935,0.09883,-0.00956,0.96827,0.00000,0.00000,1.00,1.00
29837,Saccade,19836,0.00,15.00,0.12995,0.00134,0.00679,-0.99150,0.10057,-0.12531,-0.01277,-0.98692,-0.22713,0.12527,-0.01046,0.96572,0.10205,-0.09863,-0.01017,-0.98982,-0.22915,0.09848,-0.00959,0.96835,0.00000,0.00000,1.00,1.00
29848,Saccade,19847,0.00,15.00,0.12972,0.00170,0.00674,-0.99153,0.10078,-0.12568,-0.01283,-0.98686,-0.22712,0.12528,-0.01040,0.96572,0.10227,-0.09900,-0.01023,-0.98977,-0.22915,0.09849,-0.00955,0.96835,0.00000,0.00000,1.00,1.00
29860,Saccade,19859,0.00,15.00,0.12961,0.00195,0.00665,-0.99154,0.10087,-0.12595,-0.01287,-0.98681,-0.22711,0.12530,-0.01031,0.96572,0.10237,-0.09927,-0.01027,-0.98973,-0.22914,0.09851,-0.00946,0.96835,0.00000,0.00000,1.00,1.00
29871,Saccade,19870,0.00,15.00,0.12940,0.00225,0.00656,-0.99157,0.10202,-0.12580,-0.01301,-0.98671,-0.22804,0.12488,-0.01008,0.96556,0.10356,-0.09913,-0.01037,-0.98962,-0.23011,0.09808,-0.00927,0.96816,0.00000,0.00000,1.00,1.00
29881,Saccade,19880,0.00,15.00,0.12922,0.00254,0.00657,-0.99159,0.10221,-0.12608,-0.01306,-0.98665,-0.22804,0.12488,-0.01008,0.96556,0.10374,-0.09940,-0.01042,-0.98957,-0.23011,0.09808,-0.00927,0.96816,0.00000,0.00000,1.00,1.00
29893,Saccade,19892,0.00,15.00,0.12888,0.00279,0.00660,-0.99164,0.10255,-0.12633,-0.01313,-0.98659,-0.22804,0.12488,-0.01006,0.96556,0.10409,-0.09964,-0.01048,-0.98951,-0.23011,0.09808,-0.00927,0.96816,0.00000,0.00000,1.00,1.00
29905,Saccade,19903,0.00,15.00,0.12869,0.00298,0.00675,-0.99166,0.10221,-0.12739,-0.01320,-0.98648,-0.22748,0.12578,-0.01027,0.96557,0.10376,-0.10074,-0.01056,-0.98943,-0.22957,0.09901,-0.00947,0.96820,0.00000,0.00000,1.00,1.00
29915,Saccade,19913,0.00,15.00,0.12847,0.00322,0.00686,-0.99168,0.10244,-0.12759,-0.01325,-0.98643,-0.22749,0.12576,-0.01035,0.96557,0.10399,-0.10093,-0.01061,-0.98939,-0.22958,0.09899,-0.00957,0.96820,0.00000,0.00000,1.00,1.00
29927,Saccade,19925,0.00,15.00,0.12835,0.00342,0.00696,-0.99170,0.10260,-0.12775,-0.01329,-0.98640,-0.22750,0.12573,-0.01044,0.96557,0.10414,-0.10110,-0.01064,-0.98935,-0.22959,0.09896,-0.00967,0.96820,0.00000,0.00000,1.00,1.00
29938,Saccade,19936,0.00,15.00,0.12820,0.00359,0.00703,-0.99172,0.10209,-0.12746,-0.01319,-0.98649,-0.22687,0.12527,-0.01056,0.96578,0.10363,-0.10081,-0.01056,-0.98944,-0.22895,0.09850,-0.00978,0.96839,0.00000,0.00000,1.00,1.00
29948,Saccade,19947,0.00,15.00,0.12814,0.00374,0.00716,-0.99172,0.10218,-0.12756,-0.01321,-0.98647,-0.22688,0.12523,-0.01069,0.96578,0.10372,-0.10091,-0.01058,-0.98942,-0.22897,0.09847,-0.00991,0.96839,0.00000,0.00000,1.00,1.00
29960,Saccade,19959,0.00,15.00,0.12814,0.00380,0.00723,-0.99172,0.10220,-0.12759,-0.01322,-0.98646,-0.22689,0.12522,-0.01076,0.96578,0.10373,-0.10095,-0.01058,-0.98941,-0.22897,0.09845,-0.00998,0.96839,0.00000,0.00000,1.00,1.00
29971,Saccade,19970,0.00,15.00,0.12816,0.00386,0.00739,-0.99172,0.10269,-0.12845,-0.01337,-0.98630,-0.22735,0.12605,-0.01088,0.96556,0.10425,-0.10182,-0.01073,-0.98927,-0.22946,0.09930,-0.01012,0.96819,0.00000,0.00000,1.00,1.00
29982,Saccade,19980,0.00,15.00,0.12797,0.00388,0.00740,-0.99174,0.10287,-0.12847,-0.01340,-0.98627,-0.22734,0.12606,-0.01085,0.96556,0.10444,-0.10183,-0.01075,-0.98925,-0.22946,0.09931,-0.01009,0.96819,0.00000,0.00000,1.00,1.00
29994,Saccade,19992,0.00,15.00,0.12762,0.00392,0.00740,-0.99179,0.10321,-0.12852,-0.01345,-0.98623,-0.22733,0.12608,-0.01076,0.96556,0.10478,-0.10189,-0.01079,-0.98920,-0.22945,0.09932,-0.01003,0.96819,0.00000,0.00000,1.00,1.00
30004,Saccade,20003,0.00,15.00,0.12728,0.00394,0.00738,-0.99183,0.10587,-0.12870,-0.01382,-0.98592,-0.22960,0.12631,-0.01037,0.96500,0.10751,-0.10205,-0.01109,-0.98889,-0.23179,0.09953,-0.00971,0.96761,0.00000,0.00000,1.00,1.00
30015,Blink,11,0.00,0.00,0.12702,0.00396,0.00734,-0.99187,0.10611,-0.12874,-0.01386,-0.98589,-0.22958,0.12633,-0.01027,0.96500,0.10776,-0.10209,-0.01112,-0.98886,-0.23178,0.09955,-0.00962,0.96761,0.00000,0.00000,1.00,1.00
30026,Blink,22,0.00,0.00,0.12684,0.00396,0.00739,-0.99189,0.10630,-0.12874,-0.01388,-0.98587,-0.22958,0.12633,-0.01027,0.96500,0.10794,-0.10208,-0.01114,-0.98884,-0.23178,0.09955,-0.00963,0.96761,0.00000,0.00000,1.00,1.00
30038,Blink,34,0.00,0.00,0.12664,0.00393,0.00731,-0.99191,0.10597,-0.12847,-0.01381,-0.98594,-0.22909,0.12608,-0.01020,0.96515,0.10762,-0.10182,-0.01108,-0.98890,-0.23128,0.09930,-0.00956,0.96776,0.00000,0.00000,1.00,1.00
30049,Blink,45,0.00,0.00,0.12645,0.00398,0.00740,-0.99194,0.10617,-0.12849,-0.01384,-0.98591,-0.22909,0.12607,-0.01024,0.96515,0.10782,-0.10184,-0.01110,-0.98888,-0.23129,0.09929,-0.00961,0.96776,0.00000,0.00000,1.00,1.00
30061,Blink,57,0.00,0.00,0.12616,0.00395,0.00741,-0.99197,0.10646,-0.12848,-0.01387,-0.98588,-0.22908,0.12609,-0.01017,0.96515,0.10811,-0.10182,-0.01113,-0.98885,-0.23128,0.09930,-0.00955,0.96776,0.00000,0.00000,1.00,1.00
30071,Blink,67,0.00,0.00,0.12576,0.00392,0.00743,-0.99203,0.10673,-0.13064,-0.01415,-0.98557,-0.22891,0.12832,-0.01014,0.96490,0.10842,-0.10402,-0.01141,-0.98858,-0.23115,0.10156,-0.00954,0.96756,0.00000,0.00000,1.00,1.00
30082,Blink,78,0.00,0.00,0.12539,0.00383,0.00745,-0.99207,0.10709,-0.13057,-0.01419,-0.98554,-0.22890,0.12834,-0.01005,0.96490,0.10879,-0.10394,-0.01144,-0.98855,-0.23115,0.10157,-0.00947,0.96756,0.00000,0.00000,1.00,1.00
30094,Blink,90,0.00,0.00,0.12529,0.00373,0.00733,-0.99209,0.10715,-0.13052,-0.01419,-0.98554,-0.22888,0.12837,-0.00990,0.96490,0.10885,-0.10389,-0.01144,-0.98855,-0.23113,0.10161,-0.00932,0.96756,0.00000,0.00000,1.00,1.00
30105,Blink,101,0.00,0.00,0.12516,0.00361,0.00731,-0.99210,0.10593,-0.13525,-0.01454,-0.98503,-0.22745,0.13322,-0.01008,0.96458,0.10769,-0.10871,-0.01185,-0.98815,-0.22976,0.10655,-0.00947,0.96735,0.00000,0.00000,1.00,1.00
30116,Blink,111,0.00,0.00,0.12490,0.00334,0.00744,-0.99214,0.10621,-0.13496,-0.01455,-0.98504,-0.22745,0.13321,-0.01010,0.96458,0.10797,-0.10841,-0.01185,-0.98815,-0.22977,0.10654,-0.00950,0.96735,0.00000,0.00000,1.00,1.00
30127,Blink,123,0.00,0.00,0.12442,0.00304,0.00757,-0.99220,0.10670,-0.13465,-0.01458,-0.98502,-0.22744,0.13322,-0.01007,0.96458,0.10845,-0.10810,-0.01186,-0.98814,-0.22977,0.10655,-0.00949,0.96735,0.00000,0.00000,1.00,1.00
30139,Blink,134,0.00,0.00,0.12377,0.00289,0.00748,-0.99228,0.10738,-0.14197,-0.01549,-0.98391,-0.22731,0.14074,-0.00987,0.96355,0.10926,-0.11553,-0.01279,-0.98719,-0.22977,0.11419,-0.00931,0.96648,0.00000,0.00000,1.00,1.00
30149,Blink,145,0.00,0.00,0.12335,0.00271,0.00725,-0.99233,0.10771,-0.14189,-0.01553,-0.98388,-0.22726,0.14083,-0.00951,0.96355,0.10961,-0.11545,-0.01282,-0.98716,-0.22973,0.11427,-0.00897,0.96648,0.00000,0.00000,1.00,1.00
30161,Blink,157,0.00,0.00,0.12303,0.00257,0.00664,-0.99238,0.10784,-0.14197,-0.01556,-0.98386,-0.22716,0.14099,-0.00884,0.96356,0.10977,-0.11553,-0.01285,-0.98714,-0.22965,0.11443,-0.00830,0.96649,0.00000,0.00000,1.00,1.00
30172,Blink,167,0.00,0.00,0.12273,0.00237,0.00628,-0.99242,0.10698,-0.14389,-0.01565,-0.98367,-0.22602,0.14306,-0.00856,0.96352,0.10894,-0.11749,-0.01297,-0.98700,-0.22854,0.11654,-0.00801,0.96650,0.00000,0.00000,1.00,1.00
30182,Blink,178,0.00,0.00,0.12229,0.00228,0.00597,-0.99247,0.10730,-0.14393,-0.01570,-0.98363,-0.22596,0.14316,-0.00814,0.96352,0.10929,-0.11753,-0.01301,-0.98695,-0.22849,0.11664,-0.00760,0.96650,0.00000,0.00000,1.00,1.00
30195,Blink,191,0.00,0.00,0.12195,0.00217,0.00583,-0.99252,0.10759,-0.14388,-0.01574,-0.98360,-0.22593,0.14322,-0.00790,0.96353,0.10958,-0.11748,-0.01304,-0.98692,-0.22846,0.11669,-0.00738,0.96651,0.00000,0.00000,1.00,1.00
30205,Blink,201,0.00,0.00,0.12167,0.00214,0.00569,-0.99255,0.11317,-0.14436,-0.01662,-0.98289,-0.23112,0.14385,-0.00690,0.96221,0.11524,-0.11791,-0.01378,-0.98622,-0.23373,0.11725,-0.00653,0.96518,0.00000,0.00000,1.00,1.00
30216,Blink,212,0.00,0.00,0.12135,0.00203,0.00565,-0.99259,0.11345,-0.14428,-0.01665,-0.98287,-0.23110,0.14388,-0.00676,0.96221,0.11553,-0.11783,-0.01380,-0.98619,-0.23371,0.11728,-0.00640,0.96519,0.00000,0.00000,1.00,1.00
30228,Blink,224,0.00,0.00,0.12106,0.00195,0.00551,-0.99263,0.11369,-0.14427,-0.01669,-0.98284,-0.23107,0.14394,-0.00654,0.96221,0.11578,-0.11781,-0.01383,-0.98617,-0.23369,0.11733,-0.00619,0.96519,0.00000,0.00000,1.00,1.00
30238,Blink,234,0.00,0.00,0.12086,0.00183,0.00535,-0.99265,0.11373,-0.14429,-0.01670,-0.98284,-0.23095,0.14406,-0.00633,0.96222,0.11580,-0.11783,-0.01384,-0.98616,-0.23353,0.11745,-0.00600,0.96521,0.00000,0.00000,1.00,1.00
30249,Blink,245,0.00,0.00,0.12078,0.00164,0.00520,-0.99266,0.11376,-0.14417,-0.01669,-0.98285,-0.23092,0.14410,-0.00615,0.96222,0.11583,-0.11771,-0.01383,-0.98617,-0.23351,0.11750,-0.00581,0.96521,0.00000,0.00000,1.00,1.00
30262,Blink,257,0.00,0.00,0.12071,0.00142,0.00525,-0.99267,0.11384,-0.14394,-0.01667,-0.98288,-0.23092,0.14410,-0.00615,0.96222,0.11591,-0.11748,-0.01381,-0.98619,-0.23351,0.11750,-0.00582,0.96521,0.00000,0.00000,1.00,1.00
30272,Blink,268,0.00,0.00,0.12061,0.00119,0.00532,-0.99269,0.11377,-0.13052,-0.01508,-0.98478,-0.23104,0.13082,-0.00615,0.96409,0.11561,-0.10384,-0.01215,-0.98778,-0.23336,0.10398,-0.00586,0.96680,0.00000,0.00000,1.00,1.00
30282,Blink,278,0.00,0.00,0.12047,0.00089,0.00529,-0.99270,0.11389,-0.13026,-0.01506,-0.98480,-0.23102,0.13084,-0.00605,0.96409,0.11573,-0.10357,-0.01213,-0.98779,-0.23335,0.10401,-0.00576,0.96680,0.00000,0.00000,1.00,1.00
30295,Blink,291,0.00,0.00,0.12055,0.00061,0.00526,-0.99269,0.11380,-0.12999,-0.01502,-0.98485,-0.23102,0.13085,-0.00601,0.96409,0.11564,-0.10331,-0.01209,-0.98783,-0.23334,0.10402,-0.00572,0.96680,0.00000,0.00000,1.00,1.00
30305,Blink,301,0.00,0.00,0.12053,0.00022,0.00524,-0.99270,0.11652,-0.03650,-0.00428,-0.99251,-0.23511,0.03713,-0.00537,0.97125,0.11691,-0.00889,-0.00105,-0.99310,-0.23571,0.00934,-0.00526,0.97176,0.00000,0.00000,1.00,1.00
30316,Blink,312,0.00,0.00,0.12046,-0.00014,0.00531,-0.99270,0.11659,-0.03612,-0.00424,-0.99251,-0.23511,0.03713,-0.00539,0.97125,0.11698,-0.00852,-0.00100,-0.99310,-0.23571,0.00934,-0.00529,0.97176,0.00000,0.00000,1.00,1.00
30328,Blink,324,0.00,0.00,0.12030,-0.00051,0.00557,-0.99272,0.11677,-0.03568,-0.00420,-0.99251,-0.23512,0.03708,-0.00560,0.97124,0.11715,-0.00807,-0.00095,-0.99308,-0.23571,0.00928,-0.00550,0.97176,0.00000,0.00000,1.00,1.00
30339,Blink,335,0.00,0.00,0.12027,-0.00088,0.00559,-0.99273,0.11713,-0.02936,-0.00346,-0.99268,-0.23550,0.03110,-0.00554,0.97136,0.11740,-0.00173,-0.00021,-0.99308,-0.23597,0.00328,-0.00545,0.97174,0.00000,0.00000,1.00,1.00
30350,Blink,345,0.00,0.00,0.12022,-0.00115,0.00540,-0.99273,0.11716,-0.02918,-0.00344,-0.99268,-0.23549,0.03115,-0.00531,0.97136,0.11744,-0.00155,-0.00018,-0.99308,-0.23597,0.00333,-0.00523,0.97174,0.00000,0.00000,1.00,1.00
30362,Blink,357,0.00,0.00,0.12029,-0.00136,0.00522,-0.99272,0.11708,-0.02903,-0.00342,-0.99269,-0.23549,0.03120,-0.00511,0.97136,0.11737,-0.00140,-0.00017,-0.99309,-0.23597,0.00338,-0.00502,0.97174,0.00000,0.00000,1.00,1.00
30372,Blink,368,0.00,0.00,0.12045,-0.00162,0.00520,-0.99270,0.11671,-0.02870,-0.00337,-0.99275,-0.23529,0.03112,-0.00508,0.97141,0.11699,-0.00107,-0.00013,-0.99313,-0.23575,0.00330,-0.00497,0.97179,0.00000,0.00000,1.00,1.00
30383,Blink,379,0.00,0.00,0.12054,-0.00187,0.00522,-0.99269,0.11663,-0.02846,-0.00334,-0.99276,-0.23529,0.03112,-0.00508,0.97141,0.11690,-0.00083,-0.00010,-0.99314,-0.23575,0.00330,-0.00497,0.97179,0.00000,0.00000,1.00,1.00
30395,Blink,391,0.00,0.00,0.12076,-0.00210,0.00537,-0.99267,0.11641,-0.02818,-0.00330,-0.99280,-0.23529,0.03108,-0.00521,0.97141,0.11668,-0.00056,-0.00007,-0.99317,-0.23575,0.00327,-0.00509,0.97179,0.00000,0.00000,1.00,1.00
30406,Blink,401,0.00,0.00,0.12096,-0.00228,0.00537,-0.99264,0.11497,-0.02797,-0.00324,-0.99297,-0.23408,0.03104,-0.00524,0.97171,0.11521,-0.00036,-0.00004,-0.99334,-0.23452,0.00324,-0.00507,0.97209,0.00000,0.00000,1.00,1.00
30416,Blink,412,0.00,0.00,0.12118,-0.00242,0.00540,-0.99261,0.11476,-0.02782,-0.00322,-0.99300,-0.23408,0.03103,-0.00526,0.97171,0.11500,-0.00021,-0.00002,-0.99337,-0.23452,0.00324,-0.00508,0.97209,0.00000,0.00000,1.00,1.00
30429,Blink,424,0.00,0.00,0.12144,-0.00259,0.00538,-0.99258,0.11449,-0.02767,-0.00319,-0.99303,-0.23408,0.03104,-0.00524,0.97171,0.11473,-0.00006,-0.00001,-0.99340,-0.23452,0.00325,-0.00504,0.97209,0.00000,0.00000,1.00,1.00
30439,Blink,435,0.00,0.00,0.12170,-0.00265,0.00529,-0.99255,0.11383,-0.02697,-0.00309,-0.99313,-0.23369,0.03038,-0.00517,0.97182,0.11405,0.00063,0.00007,-0.99347,-0.23411,0.00260,-0.00495,0.97219,0.00000,0.00000,1.00,1.00
30450,Blink,445,0.00,0.00,0.12186,-0.00275,0.00532,-0.99253,0.11367,-0.02687,-0.00307,-0.99315,-0.23370,0.03037,-0.00519,0.97182,0.11389,0.00074,0.00008,-0.99349,-0.23411,0.00259,-0.00497,0.97219,0.00000,0.00000,1.00,1.00
30462,Blink,458,0.00,0.00,0.12192,-0.00277,0.00527,-0.99252,0.11361,-0.02686,-0.00307,-0.99316,-0.23369,0.03038,-0.00515,0.97182,0.11383,0.00074,0.00008,-0.99350,-0.23411,0.00261,-0.00492,0.97219,0.00000,0.00000,1.00,1.00
30472,Blink,468,0.00,0.00,0.12202,-0.00287,0.00520,-0.99251,0.11240,-0.01004,-0.00114,-0.99361,-0.23274,0.01355,-0.00494,0.97243,0.11236,0.01756,0.00199,-0.99351,-0.23284,-0.01423,-0.00467,0.97240,0.00000,0.00000,1.00,1.00
30483,Blink,479,0.00,0.00,0.12210,-0.00288,0.00509,-0.99250,0.11232,-0.01008,-0.00114,-0.99362,-0.23274,0.01357,-0.00483,0.97243,0.11228,0.01752,0.00198,-0.99352,-0.23285,-0.01420,-0.00456,0.97240,0.00000,0.00000,1.00,1.00
30496,Blink,492,0.00,0.00,0.12212,-0.00299,0.00496,-0.99250,0.11229,-0.01001,-0.00113,-0.99362,-0.23274,0.01360,-0.00469,0.97243,0.11227,0.01759,0.00199,-0.99352,-0.23285,-0.01417,-0.00442,0.97240,0.00000,0.00000,1.00,1.00
30506,Blink,502,0.00,0.00,0.12210,-0.00295,0.00485,-0.99250,0.11201,-0.00736,-0.00083,-0.99368,-0.23246,0.01088,-0.00457,0.97254,0.11193,0.02024,0.00228,-0.99351,-0.23251,-0.01689,-0.00428,0.97244,0.00000,0.00000,1.00,1.00
30516,Blink,512,0.00,0.00,0.12209,-0.00300,0.00482,-0.99250,0.11201,-0.00732,-0.00082,-0.99368,-0.23246,0.01089,-0.00453,0.97254,0.11194,0.02028,0.00229,-0.99351,-0.23251,-0.01688,-0.00424,0.97244,0.00000,0.00000,1.00,1.00
30528,Blink,524,0.00,0.00,0.12186,-0.00299,0.00488,-0.99253,0.11224,-0.00731,-0.00083,-0.99365,-0.23246,0.01087,-0.00458,0.97254,0.11217,0.02029,0.00229,-0.99348,-0.23251,-0.01690,-0.00431,0.97244,0.00000,0.00000,1.00,1.00
30539,Blink,535,0.00,0.00,0.12165,-0.00294,0.00498,-0.99256,0.10986,-0.00742,-0.00082,-0.99392,-0.22991,0.01093,-0.00471,0.97314,0.10977,0.02016,0.00223,-0.99375,-0.22995,-0.01681,-0.00438,0.97305,0.00000,0.00000,1.00,1.00
30551,Blink,546,0.00,0.00,0.12130,-0.00282,0.00516,-0.99260,0.11021,-0.00747,-0.00083,-0.99388,-0.22991,0.01089,-0.00490,0.97314,0.11011,0.02011,0.00223,-0.99371,-0.22994,-0.01686,-0.00459,0.97305,0.00000,0.00000,1.00,1.00
30563,Blink,558,0.00,0.00,0.12117,-0.00286,0.00527,-0.99261,0.11034,-0.00740,-0.00082,-0.99387,-0.22991,0.01087,-0.00500,0.97314,0.11023,0.02018,0.00224,-0.99370,-0.22994,-0.01688,-0.00469,0.97305,0.00000,0.00000,1.00,1.00
30573,Blink,569,0.00,0.00,0.12108,-0.00288,0.00535,-0.99262,0.11022,-0.00440,-0.00049,-0.99390,-0.22972,0.00787,-0.00504,0.97321,0.11007,0.02318,0.00257,-0.99365,-0.22969,-0.01987,-0.00474,0.97305,0.00000,0.00000,1.00,1.00
30584,Blink,579,0.00,0.00,0.12095,-0.00293,0.00540,-0.99264,0.11035,-0.00433,-0.00048,-0.99388,-0.22972,0.00786,-0.00509,0.97321,0.11019,0.02325,0.00258,-0.99364,-0.22969,-0.01988,-0.00479,0.97305,0.00000,0.00000,1.00,1.00
30596,Blink,591,0.00,0.00,0.12081,-0.00298,0.00558,-0.99266,0.11050,-0.00422,-0.00047,-0.99387,-0.22972,0.00782,-0.00526,0.97321,0.11033,0.02336,0.00259,-0.99362,-0.22969,-0.01992,-0.00497,0.97305,0.00000,0.00000,1.00,1.00
30606,Blink,602,0.00,0.00,0.12066,-0.00301,0.00557,-0.99267,0.11085,-0.00392,-0.00044,-0.99383,-0.22993,0.00755,-0.00524,0.97316,0.11069,0.02366,0.00264,-0.99357,-0.22990,-0.02020,-0.00497,0.97299,0.00000,0.00000,1.00,1.00
30617,Blink,613,0.00,0.00,0.12064,-0.00311,0.00570,-0.99268,0.11088,-0.00377,-0.00042,-0.99383,-0.22993,0.00752,-0.00536,0.97316,0.11071,0.02381,0.00265,-0.99356,-0.22990,-0.02023,-0.00508,0.97299,0.00000,0.00000,1.00,1.00
30629,Blink,624,0.00,0.00,0.12065,-0.00308,0.00574,-0.99267,0.11087,-0.00379,-0.00042,-0.99383,-0.22993,0.00751,-0.00540,0.97316,0.11069,0.02379,0.00265,-0.99357,-0.22990,-0.02024,-0.00512,0.97299,0.00000,0.00000,1.00,1.00
30640,Blink,635,0.00,0.00,0.12088,-0.00322,0.00596,-0.99264,0.11024,-0.00372,-0.00041,-0.99390,-0.22955,0.00760,-0.00561,0.97325,0.11007,0.02385,0.00264,-0.99363,-0.22952,-0.02014,-0.00531,0.97308,0.00000,0.00000,1.00,1.00
30651,Blink,647,0.00,0.00,0.12114,-0.00321,0.00604,-0.99261,0.10998,-0.00371,-0.00041,-0.99393,-0.22955,0.00759,-0.00569,0.97325,0.10981,0.02386,0.00264,-0.99366,-0.22952,-0.02015,-0.00538,0.97308,0.00000,0.00000,1.00,1.00
30662,Blink,658,0.00,0.00,0.12148,-0.00323,0.00629,-0.99257,0.10965,-0.00361,-0.00040,-0.99396,-0.22955,0.00753,-0.00595,0.97325,0.10946,0.02396,0.00264,-0.99370,-0.22952,-0.02021,-0.00561,0.97308,0.00000,0.00000,1.00,1.00
30673,Blink,669,0.00,0.00,0.12167,-0.00318,0.00642,-0.99254,0.11023,-0.00458,-0.00051,-0.99390,-0.23031,0.00848,-0.00608,0.97306,0.11006,0.02300,0.00255,-0.99366,-0.23029,-0.01926,-0.00576,0.97291,0.00000,0.00000,1.00,1.00
30685,Blink,680,0.00,0.00,0.12175,-0.00309,0.00657,-0.99253,0.11016,-0.00462,-0.00051,-0.99390,-0.23031,0.00844,-0.00624,0.97306,0.10998,0.02295,0.00254,-0.99367,-0.23029,-0.01930,-0.00591,0.97291,0.00000,0.00000,1.00,1.00
30697,Blink,693,0.00,0.00,0.12193,-0.00299,0.00660,-0.99251,0.10997,-0.00470,-0.00052,-0.99392,-0.23031,0.00843,-0.00629,0.97306,0.10979,0.02287,0.00253,-0.99369,-0.23029,-0.01931,-0.00595,0.97291,0.00000,0.00000,1.00,1.00
30707,Blink,703,0.00,0.00,0.12231,-0.00292,0.00663,-0.99247,0.10873,-0.00497,-0.00054,-0.99406,-0.22945,0.00862,-0.00634,0.97326,0.10857,0.02259,0.00247,-0.99383,-0.22946,-0.01911,-0.00595,0.97311,0.00000,0.00000,1.00,1.00
30718,Blink,713,0.00,0.00,0.12270,-0.00276,0.00675,-0.99242,0.10833,-0.00507,-0.00055,-0.99410,-0.22945,0.00858,-0.00649,0.97326,0.10816,0.02248,0.00245,-0.99388,-0.22945,-0.01914,-0.00608,0.97311,0.00000,0.00000,1.00,1.00
30730,Blink,725,0.00,0.00,0.12294,-0.00270,0.00709,-0.99238,0.10809,-0.00502,-0.00055,-0.99413,-0.22946,0.00850,-0.00683,0.97326,0.10791,0.02253,0.00245,-0.99390,-0.22945,-0.01921,-0.00641,0.97311,0.00000,0.00000,1.00,1.00
30740,Blink,736,0.00,0.00,0.12307,-0.00263,0.00754,-0.99237,0.10985,-0.00592,-0.00065,-0.99393,-0.23129,0.00940,-0.00728,0.97281,0.10968,0.02165,0.00239,-0.99373,-0.23130,-0.01834,-0.00691,0.97268,0.00000,0.00000,1.00,1.00
30751,Blink,746,0.00,0.00,0.12308,-0.00244,0.00774,-0.99236,0.10984,-0.00604,-0.00067,-0.99393,-0.23129,0.00935,-0.00750,0.97281,0.10965,0.02154,0.00238,-0.99373,-0.23130,-0.01839,-0.00713,0.97268,0.00000,0.00000,1.00,1.00
30763,Blink,759,0.00,0.00,0.12318,-0.00222,0.00783,-0.99235,0.10975,-0.00622,-0.00069,-0.99394,-0.23129,0.00932,-0.00763,0.97281,0.10956,0.02136,0.00235,-0.99375,-0.23130,-0.01842,-0.00725,0.97268,0.00000,0.00000,1.00,1.00
30773,Blink,769,0.00,0.00,0.12334,-0.00202,0.00757,-0.99233,0.10899,-0.00580,-0.00064,-0.99403,-0.23071,0.00866,-0.00739,0.97296,0.10883,0.02176,0.00238,-0.99382,-0.23074,-0.01906,-0.00699,0.97280,0.00000,0.00000,1.00,1.00
30784,Blink,780,0.00,0.00,0.12353,-0.00184,0.00751,-0.99231,0.10880,-0.00599,-0.00066,-0.99405,-0.23071,0.00867,-0.00736,0.97296,0.10864,0.02157,0.00236,-0.99384,-0.23074,-0.01905,-0.00694,0.97280,0.00000,0.00000,1.00,1.00
30796,Blink,792,0.00,0.00,0.12366,-0.00160,0.00747,-0.99230,0.10867,-0.00623,-0.00068,-0.99406,-0.23071,0.00868,-0.00734,0.97296,0.10852,0.02133,0.00233,-0.99386,-0.23074,-0.01905,-0.00692,0.97280,0.00000,0.00000,1.00,1.00
30807,Blink,802,0.00,0.00,0.12371,-0.00134,0.00752,-0.99229,0.10826,-0.00618,-0.00067,-0.99410,-0.23036,0.00837,-0.00742,0.97304,0.10812,0.02138,0.00233,-0.99390,-0.23041,-0.01935,-0.00699,0.97288,0.00000,0.00000,1.00,1.00
30817,Blink,813,0.00,0.00,0.12378,-0.00115,0.00765,-0.99228,0.10820,-0.00632,-0.00069,-0.99411,-0.23036,0.00833,-0.00758,0.97304,0.10806,0.02124,0.00231,-0.99392,-0.23041,-0.01939,-0.00715,0.97287,0.00000,0.00000,1.00,1.00
30829,Blink,825,0.00,0.00,0.12384,-0.00090,0.00765,-0.99227,0.10814,-0.00656,-0.00071,-0.99411,-0.23036,0.00832,-0.00761,0.97304,0.10800,0.02100,0.00228,-0.99393,-0.23041,-0.01939,-0.00717,0.97287,0.00000,0.00000,1.00,1.00
30840,Blink,836,0.00,0.00,0.12394,-0.00069,0.00762,-0.99226,0.10792,-0.00624,-0.00068,-0.99414,-0.23025,0.00779,-0.00761,0.97307,0.10778,0.02131,0.00231,-0.99394,-0.23030,-0.01993,-0.00716,0.97289,0.00000,0.00000,1.00,1.00
30850,Blink,846,0.00,0.00,0.12397,-0.00052,0.00750,-0.99226,0.10789,-0.00645,-0.00070,-0.99414,-0.23025,0.00781,-0.00750,0.97307,0.10776,0.02111,0.00229,-0.99395,-0.23030,-0.01990,-0.00705,0.97289,0.00000,0.00000,1.00,1.00
30863,Blink,859,0.00,0.00,0.12414,-0.00039,0.00760,-0.99224,0.10772,-0.00653,-0.00071,-0.99416,-0.23025,0.00778,-0.00762,0.97307,0.10758,0.02102,0.00228,-0.99397,-0.23030,-0.01993,-0.00716,0.97289,0.00000,0.00000,1.00,1.00
30873,Blink,869,0.00,0.00,0.12425,-0.00025,0.00770,-0.99222,0.10790,-0.00652,-0.00071,-0.99414,-0.23053,0.00763,-0.00773,0.97300,0.10777,0.02104,0.00228,-0.99395,-0.23059,-0.02008,-0.00727,0.97282,0.00000,0.00000,1.00,1.00
30884,Blink,880,0.00,0.00,0.12425,-0.00023,0.00794,-0.99222,0.10790,-0.00645,-0.00070,-0.99414,-0.23053,0.00758,-0.00798,0.97300,0.10776,0.02110,0.00229,-0.99395,-0.23059,-0.02014,-0.00752,0.97281,0.00000,0.00000,1.00,1.00
30896,Blink,892,0.00,0.00,0.12431,-0.00024,0.00811,-0.99221,0.10784,-0.00639,-0.00069,-0.99415,-0.23053,0.00754,-0.00814,0.97300,0.10769,0.02117,0.00229,-0.99396,-0.23058,-0.02018,-0.00768,0.97281,0.00000,0.00000,1.00,1.00
30907,Blink,903,0.00,0.00,0.12459,-0.00025,0.00827,-0.99217,0.10738,-0.00626,-0.00068,-0.99420,-0.23036,0.00744,-0.00830,0.97304,0.10724,0.02129,0.00230,-0.99400,-0.23041,-0.02027,-0.00782,0.97285,0.00000,0.00000,1.00,1.00
30917,Blink,913,0.00,0.00,0.12479,-0.00032,0.00839,-0.99215,0.10718,-0.00617,-0.00066,-0.99422,-0.23036,0.00741,-0.00842,0.97304,0.10703,0.02138,0.00230,-0.99402,-0.23041,-0.02029,-0.00792,0.97285,0.00000,0.00000,1.00,1.00
30930,Blink,925,0.00,0.00,0.12498,-0.00046,0.00879,-0.99212,0.10700,-0.00589,-0.00063,-0.99424,-0.23036,0.00732,-0.00880,0.97304,0.10682,0.02165,0.00233,-0.99404,-0.23040,-0.02038,-0.00829,0.97285,0.00000,0.00000,1.00,1.00
30940,Blink,936,0.00,0.00,0.12518,-0.00057,0.00917,-0.99209,0.10831,-0.00604,-0.00066,-0.99410,-0.23184,0.00763,-0.00916,0.97268,0.10814,0.02152,0.00234,-0.99390,-0.23190,-0.02008,-0.00868,0.97249,0.00000,0.00000,1.00,1.00
30951,Blink,946,0.00,0.00,0.12538,-0.00064,0.00944,-0.99206,0.10812,-0.00588,-0.00064,-0.99412,-0.23184,0.00757,-0.00942,0.97268,0.10793,0.02167,0.00235,-0.99392,-0.23190,-0.02014,-0.00893,0.97249,0.00000,0.00000,1.00,1.00
30963,Blink,959,0.00,0.00,0.12571,-0.00076,0.00959,-0.99202,0.10778,-0.00572,-0.00062,-0.99416,-0.23185,0.00754,-0.00956,0.97268,0.10759,0.02184,0.00236,-0.99395,-0.23190,-0.02017,-0.00905,0.97249,0.00000,0.00000,1.00,1.00
30973,Blink,969,0.00,0.00,0.12602,-0.00086,0.00971,-0.99198,0.10757,-0.00665,-0.00072,-0.99418,-0.23192,0.00860,-0.00969,0.97265,0.10742,0.02090,0.00226,-0.99399,-0.23202,-0.01911,-0.00917,0.97248,0.00000,0.00000,1.00,1.00
30984,Blink,980,0.00,0.00,0.12638,-0.00098,0.00980,-0.99193,0.10721,-0.00652,-0.00070,-0.99422,-0.23193,0.00858,-0.00976,0.97265,0.10705,0.02103,0.00226,-0.99403,-0.23202,-0.01913,-0.00922,0.97248,0.00000,0.00000,1.00,1.00
30996,Blink,992,0.00,0.00,0.12664,-0.00101,0.00983,-0.99190,0.10695,-0.00648,-0.00070,-0.99424,-0.23193,0.00857,-0.00979,0.97265,0.10679,0.02106,0.00226,-0.99406,-0.23202,-0.01913,-0.00924,0.97248,0.00000,0.00000,1.00,1.00
31007,Blink,1002,0.00,0.00,0.12690,-0.00107,0.00997,-0.99186,0.10738,-0.00681,-0.00074,-0.99419,-0.23260,0.00899,-0.00993,0.97248,0.10725,0.02074,0.00224,-0.99401,-0.23273,-0.01872,-0.00938,0.97232,0.00000,0.00000,1.00,1.00
31018,Blink,1013,0.00,0.00,0.12702,-0.00098,0.00996,-0.99185,0.10725,-0.00690,-0.00074,-0.99421,-0.23260,0.00898,-0.00994,0.97248,0.10712,0.02065,0.00223,-0.99403,-0.23273,-0.01872,-0.00938,0.97232,0.00000,0.00000,1.00,1.00
31030,Blink,1026,0.00,0.00,0.12717,-0.00090,0.00988,-0.99183,0.10711,-0.00701,-0.00076,-0.99422,-0.23260,0.00900,-0.00986,0.97248,0.10699,0.02054,0.00221,-0.99405,-0.23273,-0.01870,-0.00930,0.97232,0.00000,0.00000,1.00,1.00
31040,Blink,1036,0.00,0.00,0.12715,-0.00078,0.00967,-0.99184,0.10716,-0.00752,-0.00081,-0.99421,-0.23262,0.00937,-0.00969,0.97247,0.10706,0.02003,0.00216,-0.99405,-0.23278,-0.01833,-0.00912,0.97231,0.00000,0.00000,1.00,1.00
31051,Blink,1047,0.00,0.00,0.12722,-0.00066,0.00950,-0.99183,0.10709,-0.00770,-0.00083,-0.99422,-0.23262,0.00941,-0.00953,0.97248,0.10700,0.01985,0.00214,-0.99406,-0.23278,-0.01829,-0.00897,0.97232,0.00000,0.00000,1.00,1.00
31063,Blink,1059,0.00,0.00,0.12717,-0.00060,0.00940,-0.99184,0.10714,-0.00779,-0.00084,-0.99421,-0.23262,0.00943,-0.00944,0.97248,0.10706,0.01976,0.00213,-0.99405,-0.23278,-0.01827,-0.00888,0.97232,0.00000,0.00000,1.00,1.00
31074,Blink,1070,0.00,0.00,0.12720,-0.00053,0.00947,-0.99183,0.10562,-0.00556,-0.00059,-0.99439,-0.23119,0.00712,-0.00948,0.97284,0.10551,0.02198,0.00233,-0.99417,-0.23132,-0.02057,-0.00888,0.97262,0.00000,0.00000,1.00,1.00
31084,Blink,1080,0.00,0.00,0.12727,-0.00052,0.00957,-0.99182,0.10555,-0.00554,-0.00059,-0.99440,-0.23119,0.00709,-0.00959,0.97283,0.10544,0.02200,0.00233,-0.99418,-0.23132,-0.02059,-0.00898,0.97262,0.00000,0.00000,1.00,1.00
31097,Blink,1092,0.00,0.00,0.12731,-0.00061,0.00973,-0.99181,0.10551,-0.00539,-0.00057,-0.99440,-0.23119,0.00706,-0.00973,0.97283,0.10539,0.02214,0.00235,-0.99418,-0.23131,-0.02062,-0.00912,0.97262,0.00000,0.00000,1.00,1.00
31107,Blink,1103,0.00,0.00,0.12737,-0.00070,0.00991,-0.99181,0.10567,-0.00648,-0.00069,-0.99438,-0.23139,0.00825,-0.00992,0.97278,0.10555,0.02106,0.00224,-0.99419,-0.23152,-0.01943,-0.00931,0.97259,0.00000,0.00000,1.00,1.00
31118,Blink,1113,0.00,0.00,0.12737,-0.00087,0.00994,-0.99180,0.10566,-0.00630,-0.00067,-0.99438,-0.23139,0.00825,-0.00993,0.97278,0.10554,0.02124,0.00225,-0.99419,-0.23152,-0.01943,-0.00933,0.97259,0.00000,0.00000,1.00,1.00
31130,Blink,1125,0.00,0.00,0.12746,-0.00118,0.01003,-0.99179,0.10558,-0.00597,-0.00063,-0.99439,-0.23139,0.00824,-0.00998,0.97277,0.10545,0.02156,0.00229,-0.99419,-0.23152,-0.01944,-0.00936,0.97259,0.00000,0.00000,1.00,1.00
31141,Blink,1136,0.00,0.00,0.12767,-0.00139,0.01005,-0.99177,0.10589,-0.00388,-0.00041,-0.99437,-0.23193,0.00635,-0.00994,0.97266,0.10575,0.02365,0.00252,-0.99411,-0.23203,-0.02133,-0.00932,0.97243,0.00000,0.00000,1.00,1.00
31151,Blink,1147,0.00,0.00,0.12781,-0.00157,0.01013,-0.99175,0.10575,-0.00369,-0.00039,-0.99439,-0.23193,0.00634,-0.00999,0.97266,0.10560,0.02385,0.00253,-0.99412,-0.23203,-0.02134,-0.00937,0.97243,0.00000,0.00000,1.00,1.00
31164,Blink,1159,0.00,0.00,0.12784,-0.00178,0.01034,-0.99174,0.10571,-0.00341,-0.00036,-0.99439,-0.23193,0.00630,-0.01017,0.97266,0.10555,0.02412,0.00256,-0.99412,-0.23203,-0.02138,-0.00955,0.97243,0.00000,0.00000,1.00,1.00
31175,Blink,1170,0.00,0.00,0.12786,-0.00195,0.01047,-0.99174,0.10592,-0.00212,-0.00023,-0.99437,-0.23216,0.00517,-0.01025,0.97261,0.10574,0.02542,0.00270,-0.99407,-0.23224,-0.02251,-0.00964,0.97235,0.00000,0.00000,1.00,1.00
31185,Blink,1181,0.00,0.00,0.12797,-0.00209,0.01047,-0.99172,0.10580,-0.00198,-0.00021,-0.99439,-0.23216,0.00518,-0.01024,0.97261,0.10562,0.02555,0.00271,-0.99407,-0.23224,-0.02250,-0.00961,0.97235,0.00000,0.00000,1.00,1.00
31203,Blink,1198,0.00,0.00,0.12813,-0.00219,0.01031,-0.99170,0.10380,-0.00251,-0.00026,-0.99459,-0.23035,0.00577,-0.01009,0.97304,0.10365,0.02501,0.00261,-0.99430,-0.23045,-0.02188,-0.00941,0.97279,0.00000,0.00000,1.00,1.00
31209,Blink,1204,0.00,0.00,0.12821,-0.00230,0.01028,-0.99169,0.10372,-0.00241,-0.00025,-0.99460,-0.23035,0.00578,-0.01005,0.97304,0.10357,0.02510,0.00261,-0.99430,-0.23045,-0.02187,-0.00936,0.97279,0.00000,0.00000,1.00,1.00
31219,Blink,1214,0.00,0.00,0.12822,-0.00237,0.01032,-0.99169,0.10371,-0.00234,-0.00024,-0.99461,-0.23035,0.00577,-0.01008,0.97304,0.10355,0.02518,0.00262,-0.99430,-0.23045,-0.02188,-0.00939,0.97279,0.00000,0.00000,1.00,1.00
31229,Blink,1225,0.00,0.00,0.12823,-0.00248,0.01058,-0.99168,0.10370,-0.00215,-0.00022,-0.99461,-0.23035,0.00572,-0.01032,0.97304,0.10353,0.02537,0.00264,-0.99430,-0.23045,-0.02194,-0.00963,0.97279,0.00000,0.00000,1.00,1.00
31239,Blink,1235,0.00,0.00,0.12817,-0.00247,0.01075,-0.99169,0.10404,-0.00264,-0.00028,-0.99457,-0.23062,0.00623,-0.01050,0.97297,0.10387,0.02488,0.00260,-0.99428,-0.23072,-0.02143,-0.00982,0.97274,0.00000,0.00000,1.00,1.00
31250,Blink,1246,0.00,0.00,0.12822,-0.00244,0.01094,-0.99168,0.10400,-0.00261,-0.00027,-0.99457,-0.23062,0.00619,-0.01069,0.97296,0.10381,0.02490,0.00260,-0.99428,-0.23071,-0.02147,-0.01001,0.97273,0.00000,0.00000,1.00,1.00
31262,Blink,1258,0.00,0.00,0.12837,-0.00226,0.01112,-0.99166,0.10385,-0.00272,-0.00028,-0.99459,-0.23063,0.00614,-0.01089,0.97296,0.10366,0.02480,0.00259,-0.99430,-0.23071,-0.02152,-0.01020,0.97273,0.00000,0.00000,1.00,1.00
31273,Blink,1269,0.00,0.00,0.12840,-0.00204,0.01129,-0.99166,0.10369,-0.00322,-0.00034,-0.99460,-0.23050,0.00643,-0.01109,0.97299,0.10350,0.02430,0.00253,-0.99433,-0.23059,-0.02122,-0.01040,0.97276,0.00000,0.00000,1.00,1.00
31284,Blink,1280,0.00,0.00,0.12834,-0.00179,0.01162,-0.99166,0.10376,-0.00334,-0.00035,-0.99460,-0.23050,0.00635,-0.01145,0.97298,0.10355,0.02417,0.00252,-0.99433,-0.23059,-0.02131,-0.01076,0.97276,0.00000,0.00000,1.00,1.00
31297,Blink,1292,0.00,0.00,0.12866,-0.00159,0.01191,-0.99162,0.10344,-0.00344,-0.00036,-0.99463,-0.23050,0.00628,-0.01177,0.97298,0.10322,0.02407,0.00250,-0.99436,-0.23058,-0.02138,-0.01106,0.97276,0.00000,0.00000,1.00,1.00
31308,Blink,1303,0.00,0.00,0.12893,-0.00123,0.01223,-0.99158,0.10330,-0.00222,-0.00023,-0.99465,-0.23065,0.00471,-0.01210,0.97295,0.10306,0.02529,0.00262,-0.99435,-0.23071,-0.02293,-0.01137,0.97269,0.00000,0.00000,1.00,1.00
31318,Blink,1314,0.00,0.00,0.12911,-0.00092,0.01251,-0.99155,0.10312,-0.00243,-0.00025,-0.99467,-0.23065,0.00464,-0.01241,0.97295,0.10287,0.02508,0.00259,-0.99438,-0.23070,-0.02300,-0.01167,0.97268,0.00000,0.00000,1.00,1.00
31330,Blink,1326,0.00,0.00,0.12924,-0.00056,0.01296,-0.99153,0.10300,-0.00262,-0.00027,-0.99468,-0.23065,0.00452,-0.01290,0.97294,0.10272,0.02489,0.00257,-0.99440,-0.23069,-0.02312,-0.01216,0.97268,0.00000,0.00000,1.00,1.00
31341,Blink,1337,0.00,0.00,0.12924,-0.00016,0.01323,-0.99152,0.09908,0.00151,0.00015,-0.99508,-0.22687,-0.00004,-0.01311,0.97384,0.09877,0.02897,0.00288,-0.99468,-0.22688,-0.02763,-0.01226,0.97345,0.00000,0.00000,1.00,1.00
31352,Blink,1348,0.00,0.00,0.12927,0.00026,0.01341,-0.99152,0.09906,0.00116,0.00012,-0.99508,-0.22687,-0.00010,-0.01334,0.97383,0.09874,0.02862,0.00284,-0.99470,-0.22687,-0.02768,-0.01249,0.97345,0.00000,0.00000,1.00,1.00
31363,Blink,1359,0.00,0.00,0.12950,0.00073,0.01332,-0.99149,0.09884,0.00067,0.00007,-0.99510,-0.22687,-0.00009,-0.01331,0.97383,0.09852,0.02814,0.00279,-0.99473,-0.22687,-0.02767,-0.01244,0.97345,0.00000,0.00000,1.00,1.00
31375,Blink,1370,0.00,0.00,0.12973,0.00106,0.01330,-0.99146,0.09898,0.00624,0.00062,-0.99507,-0.22730,-0.00601,-0.01314,0.97372,0.09864,0.03369,0.00334,-0.99455,-0.22726,-0.03358,-0.01227,0.97318,0.00000,0.00000,1.00,1.00
31385,Blink,1381,0.00,0.00,0.12991,0.00145,0.01339,-0.99143,0.09880,0.00589,0.00059,-0.99509,-0.22730,-0.00604,-0.01328,0.97372,0.09845,0.03334,0.00330,-0.99458,-0.22726,-0.03361,-0.01240,0.97318,0.00000,0.00000,1.00,1.00
31397,Blink,1393,0.00,0.00,0.12999,0.00181,0.01361,-0.99142,0.09872,0.00562,0.00056,-0.99510,-0.22730,-0.00610,-0.01354,0.97371,0.09837,0.03306,0.00327,-0.99460,-0.22725,-0.03367,-0.01265,0.97317,0.00000,0.00000,1.00,1.00
31408,Blink,1404,0.00,0.00,0.13005,0.00222,0.01376,-0.99141,0.09938,0.00617,0.00062,-0.99503,-0.22801,-0.00704,-0.01372,0.97354,0.09904,0.03362,0.00335,-0.99451,-0.22798,-0.03462,-0.01285,0.97296,0.00000,0.00000,1.00,1.00
31419,Blink,1415,0.00,0.00,0.13013,0.00259,0.01381,-0.99140,0.09930,0.00583,0.00058,-0.99504,-0.22801,-0.00706,-0.01382,0.97353,0.09896,0.03328,0.00331,-0.99453,-0.22798,-0.03464,-0.01295,0.97296,0.00000,0.00000,1.00,1.00
31431,Blink,1426,0.00,0.00,0.13015,0.00303,0.01378,-0.99139,0.09929,0.00540,0.00054,-0.99504,-0.22801,-0.00707,-0.01385,0.97353,0.09895,0.03285,0.00327,-0.99454,-0.22798,-0.03464,-0.01297,0.97296,0.00000,0.00000,1.00,1.00
31441,Blink,1437,0.00,0.00,0.13025,0.00340,0.01370,-0.99138,0.09959,0.00460,0.00046,-0.99502,-0.22840,-0.00664,-0.01383,0.97345,0.09930,0.03206,0.00320,-0.99454,-0.22841,-0.03422,-0.01296,0.97288,0.00000,0.00000,1.00,1.00
31452,Blink,1448,0.00,0.00,0.13037,0.00374,0.01382,-0.99136,0.09948,0.00431,0.00043,-0.99503,-0.22839,-0.00667,-0.01399,0.97345,0.09917,0.03176,0.00317,-0.99456,-0.22840,-0.03425,-0.01311,0.97288,0.00000,0.00000,1.00,1.00
31464,Blink,1460,0.00,0.00,0.13045,0.00404,0.01393,-0.99135,0.09939,0.00406,0.00041,-0.99504,-0.22839,-0.00671,-0.01413,0.97344,0.09909,0.03152,0.00314,-0.99457,-0.22840,-0.03429,-0.01325,0.97287,0.00000,0.00000,1.00,1.00
31475,Blink,1470,0.00,0.00,0.13031,0.00431,0.01414,-0.99136,0.09888,0.00453,0.00045,-0.99509,-0.22776,-0.00743,-0.01435,0.97358,0.09858,0.03198,0.00317,-0.99461,-0.22778,-0.03501,-0.01346,0.97299,0.00000,0.00000,1.00,1.00
31485,Blink,1481,0.00,0.00,0.13029,0.00455,0.01417,-0.99136,0.09890,0.00430,0.00043,-0.99509,-0.22776,-0.00745,-0.01441,0.97358,0.09860,0.03176,0.00315,-0.99462,-0.22777,-0.03502,-0.01353,0.97299,0.00000,0.00000,1.00,1.00
31497,Blink,1493,0.00,0.00,0.13050,0.00469,0.01434,-0.99133,0.09869,0.00422,0.00042,-0.99511,-0.22776,-0.00749,-0.01460,0.97358,0.09838,0.03167,0.00313,-0.99464,-0.22777,-0.03506,-0.01370,0.97299,0.00000,0.00000,1.00,1.00
31508,Blink,1504,0.00,0.00,0.13066,0.00484,0.01438,-0.99131,0.09743,0.00408,0.00040,-0.99523,-0.22668,-0.00752,-0.01465,0.97383,0.09715,0.03152,0.00308,-0.99477,-0.22672,-0.03507,-0.01371,0.97323,0.00000,0.00000,1.00,1.00
31519,Blink,1515,0.00,0.00,0.13076,0.00492,0.01467,-0.99129,0.09733,0.00410,0.00040,-0.99524,-0.22668,-0.00758,-0.01495,0.97383,0.09703,0.03154,0.00308,-0.99478,-0.22671,-0.03514,-0.01400,0.97323,0.00000,0.00000,1.00,1.00
31531,Blink,1527,0.00,0.00,0.13084,0.00500,0.01495,-0.99128,0.09725,0.00411,0.00040,-0.99525,-0.22667,-0.00765,-0.01523,0.97382,0.09693,0.03155,0.00307,-0.99479,-0.22670,-0.03521,-0.01428,0.97322,0.00000,0.00000,1.00,1.00
31542,Blink,1537,0.00,0.00,0.13095,0.00508,0.01530,-0.99126,0.09859,-0.00012,-0.00001,-0.99513,-0.22803,-0.00342,-0.01573,0.97352,0.09834,0.02734,0.00270,-0.99477,-0.22815,-0.03100,-0.01482,0.97302,0.00000,0.00000,1.00,1.00
31552,Blink,1548,0.00,0.00,0.13101,0.00518,0.01560,-0.99124,0.09852,-0.00012,-0.00001,-0.99514,-0.22803,-0.00350,-0.01604,0.97352,0.09825,0.02734,0.00270,-0.99478,-0.22814,-0.03108,-0.01512,0.97302,0.00000,0.00000,1.00,1.00
31564,Blink,1560,0.00,0.00,0.13109,0.00527,0.01582,-0.99123,0.09913,-0.00363,-0.00036,-0.99507,-0.22865,-0.00004,-0.01638,0.97337,0.09894,0.02385,0.00237,-0.99481,-0.22884,-0.02763,-0.01548,0.97295,0.00000,0.00000,1.00,1.00
31575,Blink,1571,0.00,0.00,0.13122,0.00536,0.01594,-0.99121,0.09900,-0.00367,-0.00036,-0.99508,-0.22865,-0.00007,-0.01651,0.97337,0.09880,0.02381,0.00236,-0.99482,-0.22884,-0.02766,-0.01561,0.97295,0.00000,0.00000,1.00,1.00
31586,Blink,1581,0.00,0.00,0.13126,0.00552,0.01594,-0.99120,0.09896,-0.00383,-0.00038,-0.99508,-0.22865,-0.00007,-0.01653,0.97337,0.09875,0.02365,0.00235,-0.99483,-0.22883,-0.02766,-0.01562,0.97295,0.00000,0.00000,1.00,1.00
31598,Blink,1593,0.00,0.00,0.13140,0.00564,0.01611,-0.99118,0.09882,-0.00389,-0.00039,-0.99510,-0.22865,-0.00011,-0.01672,0.97337,0.09861,0.02358,0.00234,-0.99484,-0.22883,-0.02770,-0.01580,0.97294,0.00000,0.00000,1.00,1.00
31608,Blink,1604,0.00,0.00,0.13146,0.00573,0.01612,-0.99117,0.09903,-0.00542,-0.00054,-0.99507,-0.22888,0.00134,-0.01679,0.97331,0.09887,0.02205,0.00219,-0.99485,-0.22912,-0.02626,-0.01588,0.97291,0.00000,0.00000,1.00,1.00
31619,Blink,1615,0.00,0.00,0.13160,0.00589,0.01618,-0.99115,0.09889,-0.00556,-0.00055,-0.99508,-0.22888,0.00132,-0.01687,0.97331,0.09873,0.02192,0.00217,-0.99487,-0.22912,-0.02627,-0.01595,0.97291,0.00000,0.00000,1.00,1.00
31631,Blink,1627,0.00,0.00,0.13160,0.00598,0.01617,-0.99115,0.09889,-0.00565,-0.00056,-0.99508,-0.22888,0.00132,-0.01687,0.97331,0.09873,0.02183,0.00217,-0.99487,-0.22912,-0.02627,-0.01595,0.97291,0.00000,0.00000,1.00,1.00
31642,Blink,1637,0.00,0.00,0.13162,0.00609,0.01636,-0.99115,0.10010,-0.00394,-0.00040,-0.99497,-0.23011,-0.00047,-0.01702,0.97302,0.09993,0.02355,0.00237,-0.99471,-0.23034,-0.02807,-0.01613,0.97257,0.00000,0.00000,1.00,1.00
31652,Blink,1648,0.00,0.00,0.13172,0.00624,0.01641,-0.99113,0.10000,-0.00406,-0.00041,-0.99498,-0.23011,-0.00048,-0.01708,0.97301,0.09983,0.02342,0.00235,-0.99473,-0.23034,-0.02809,-0.01619,0.97257,0.00000,0.00000,1.00,1.00
31664,Blink,1660,0.00,0.00,0.13179,0.00637,0.01661,-0.99112,0.09993,-0.00412,-0.00041,-0.99499,-0.23011,-0.00053,-0.01729,0.97301,0.09975,0.02336,0.00234,-0.99474,-0.23034,-0.02814,-0.01640,0.97257,0.00000,0.00000,1.00,1.00
31675,Blink,1671,0.00,0.00,0.13180,0.00654,0.01697,-0.99111,0.09825,-0.00536,-0.00053,-0.99515,-0.22845,0.00054,-0.01771,0.97340,0.09808,0.02211,0.00218,-0.99493,-0.22870,-0.02704,-0.01677,0.97298,0.00000,0.00000,1.00,1.00
31686,Blink,1682,0.00,0.00,0.13174,0.00658,0.01715,-0.99111,0.09831,-0.00534,-0.00053,-0.99514,-0.22845,0.00050,-0.01789,0.97339,0.09813,0.02213,0.00218,-0.99492,-0.22870,-0.02708,-0.01696,0.97297,0.00000,0.00000,1.00,1.00
31698,Blink,1694,0.00,0.00,0.13173,0.00664,0.01734,-0.99111,0.09832,-0.00533,-0.00053,-0.99514,-0.22845,0.00045,-0.01809,0.97339,0.09814,0.02214,0.00218,-0.99492,-0.22869,-0.02713,-0.01715,0.97297,0.00000,0.00000,1.00,1.00
31709,Blink,1705,0.00,0.00,0.13173,0.00670,0.01749,-0.99111,0.09699,-0.00514,-0.00050,-0.99527,-0.22714,0.00019,-0.01824,0.97369,0.09682,0.02232,0.00217,-0.99505,-0.22741,-0.02738,-0.01726,0.97326,0.00000,0.00000,1.00,1.00
31719,Blink,1715,0.00,0.00,0.13174,0.00663,0.01770,-0.99110,0.09697,-0.00501,-0.00049,-0.99527,-0.22714,0.00014,-0.01843,0.97369,0.09679,0.02245,0.00218,-0.99505,-0.22740,-0.02743,-0.01746,0.97326,0.00000,0.00000,1.00,1.00
31731,Blink,1727,0.00,0.00,0.13180,0.00661,0.01770,-0.99110,0.09695,-0.00680,-0.00066,-0.99527,-0.22714,0.00197,-0.01850,0.97368,0.09682,0.02066,0.00201,-0.99508,-0.22747,-0.02560,-0.01752,0.97329,0.00000,0.00000,1.00,1.00
31742,Blink,1738,0.00,0.00,0.13199,0.00642,0.01778,-0.99107,0.09675,-0.00659,-0.00064,-0.99529,-0.22714,0.00195,-0.01855,0.97368,0.09662,0.02087,0.00203,-0.99510,-0.22747,-0.02561,-0.01757,0.97329,0.00000,0.00000,1.00,1.00
31753,Blink,1748,0.00,0.00,0.13212,0.00626,0.01770,-0.99106,0.09662,-0.00647,-0.00063,-0.99530,-0.22714,0.00198,-0.01845,0.97368,0.09650,0.02099,0.00204,-0.99511,-0.22747,-0.02559,-0.01746,0.97329,0.00000,0.00000,1.00,1.00
31764,Blink,1760,0.00,0.00,0.13226,0.00597,0.01773,-0.99104,0.09648,-0.00618,-0.00060,-0.99532,-0.22714,0.00198,-0.01845,0.97368,0.09636,0.02127,0.00206,-0.99512,-0.22747,-0.02559,-0.01745,0.97329,0.00000,0.00000,1.00,1.00
31775,Blink,1771,0.00,0.00,0.13239,0.00567,0.01787,-0.99102,0.09786,-0.00599,-0.00059,-0.99518,-0.22863,0.00213,-0.01854,0.97333,0.09776,0.02148,0.00211,-0.99498,-0.22898,-0.02545,-0.01758,0.97294,0.00000,0.00000,1.00,1.00
31786,Blink,1782,0.00,0.00,0.13249,0.00539,0.01794,-0.99101,0.09776,-0.00570,-0.00056,-0.99519,-0.22863,0.00212,-0.01858,0.97333,0.09765,0.02176,0.00214,-0.99498,-0.22898,-0.02546,-0.01761,0.97294,0.00000,0.00000,1.00,1.00
31798,Blink,1794,0.00,0.00,0.13254,0.00506,0.01806,-0.99100,0.09804,-0.00178,-0.00018,-0.99518,-0.22903,-0.00147,-0.01854,0.97324,0.09788,0.02568,0.00253,-0.99486,-0.22932,-0.02905,-0.01757,0.97276,0.00000,0.00000,1.00,1.00
31809,Blink,1805,0.00,0.00,0.13255,0.00484,0.01823,-0.99100,0.09804,-0.00152,-0.00015,-0.99518,-0.22903,-0.00150,-0.01867,0.97324,0.09787,0.02595,0.00255,-0.99486,-0.22931,-0.02908,-0.01770,0.97276,0.00000,0.00000,1.00,1.00
31820,Blink,1815,0.00,0.00,0.13245,0.00458,0.01847,-0.99101,0.09813,-0.00119,-0.00012,-0.99517,-0.22903,-0.00155,-0.01887,0.97323,0.09795,0.02628,0.00259,-0.99484,-0.22931,-0.02913,-0.01790,0.97275,0.00000,0.00000,1.00,1.00
31832,Blink,1827,0.00,0.00,0.13241,0.00439,0.01870,-0.99101,0.09886,-0.00169,-0.00017,-0.99510,-0.22970,-0.00082,-0.01910,0.97307,0.09868,0.02578,0.00256,-0.99478,-0.22998,-0.02841,-0.01816,0.97261,0.00000,0.00000,1.00,1.00
31842,Blink,1838,0.00,0.00,0.13234,0.00427,0.01891,-0.99101,0.09893,-0.00150,-0.00015,-0.99509,-0.22970,-0.00087,-0.01929,0.97307,0.09874,0.02597,0.00258,-0.99477,-0.22998,-0.02845,-0.01835,0.97261,0.00000,0.00000,1.00,1.00
31853,Blink,1849,0.00,0.00,0.13234,0.00421,0.01901,-0.99101,0.09893,-0.00142,-0.00014,-0.99509,-0.22970,-0.00089,-0.01938,0.97307,0.09873,0.02605,0.00259,-0.99477,-0.22997,-0.02847,-0.01844,0.97261,0.00000,0.00000,1.00,1.00
31865,Blink,1861,0.00,0.00,0.13223,0.00415,0.01914,-0.99103,0.09903,-0.00131,-0.00013,-0.99508,-0.22970,-0.00091,-0.01950,0.97307,0.09883,0.02616,0.00260,-0.99476,-0.22997,-0.02850,-0.01857,0.97260,0.00000,0.00000,1.00,1.00
31876,Blink,1872,0.00,0.00,0.13235,0.00420,0.01921,-0.99101,0.09850,-0.00276,-0.00027,-0.99513,-0.22927,0.00049,-0.01963,0.97317,0.09833,0.02471,0.00244,-0.99484,-0.22957,-0.02710,-0.01868,0.97274,0.00000,0.00000,1.00,1.00
31886,Blink,1882,0.00,0.00,0.13257,0.00415,0.01929,-0.99098,0.09827,-0.00270,-0.00027,-0.99516,-0.22927,0.00047,-0.01970,0.97316,0.09809,0.02477,0.00244,-0.99487,-0.22957,-0.02711,-0.01874,0.97273,0.00000,0.00000,1.00,1.00
31898,Blink,1894,0.00,0.00,0.13277,0.00407,0.01948,-0.99095,0.09808,-0.00256,-0.00025,-0.99518,-0.22927,0.00043,-0.01987,0.97316,0.09789,0.02491,0.00245,-0.99488,-0.22957,-0.02715,-0.01890,0.97273,0.00000,0.00000,1.00,1.00
31909,Blink,1905,0.00,0.00,0.13284,0.00396,0.01972,-0.99093,0.09655,-0.00287,-0.00028,-0.99532,-0.22783,0.00085,-0.02012,0.97349,0.09637,0.02458,0.00238,-0.99504,-0.22815,-0.02671,-0.01910,0.97307,0.00000,0.00000,1.00,1.00
31920,Blink,1916,0.00,0.00,0.13287,0.00390,0.02015,-0.99092,0.09651,-0.00268,-0.00026,-0.99533,-0.22783,0.00075,-0.02053,0.97348,0.09631,0.02478,0.00240,-0.99504,-0.22814,-0.02681,-0.01951,0.97306,0.00000,0.00000,1.00,1.00
31932,Blink,1927,0.00,0.00,0.13294,0.00382,0.02040,-0.99091,0.09644,-0.00253,-0.00024,-0.99534,-0.22783,0.00070,-0.02076,0.97348,0.09623,0.02492,0.00241,-0.99504,-0.22813,-0.02686,-0.01974,0.97306,0.00000,0.00000,1.00,1.00
31942,Blink,1938,0.00,0.00,0.13306,0.00379,0.02036,-0.99089,0.09485,-0.00156,-0.00015,-0.99549,-0.22642,-0.00028,-0.02068,0.97381,0.09465,0.02588,0.00246,-0.99517,-0.22673,-0.02782,-0.01961,0.97336,0.00000,0.00000,1.00,1.00
31953,Blink,1949,0.00,0.00,0.13315,0.00376,0.02007,-0.99089,0.09477,-0.00162,-0.00015,-0.99550,-0.22642,-0.00021,-0.02040,0.97382,0.09459,0.02581,0.00245,-0.99518,-0.22674,-0.02775,-0.01932,0.97337,0.00000,0.00000,1.00,1.00
31965,Blink,1960,0.00,0.00,0.13322,0.00368,0.01996,-0.99088,0.09469,-0.00159,-0.00015,-0.99551,-0.22642,-0.00018,-0.02028,0.97382,0.09452,0.02585,0.00245,-0.99518,-0.22674,-0.02772,-0.01920,0.97337,0.00000,0.00000,1.00,1.00
31976,Blink,1971,0.00,0.00,0.13317,0.00362,0.01938,-0.99090,0.09646,-0.00128,-0.00012,-0.99534,-0.22811,-0.00045,-0.01969,0.97344,0.09633,0.02617,0.00253,-0.99500,-0.22846,-0.02800,-0.01866,0.97297,0.00000,0.00000,1.00,1.00
31987,Blink,1983,0.00,0.00,0.13306,0.00352,0.01916,-0.99092,0.09657,-0.00125,-0.00012,-0.99533,-0.22811,-0.00039,-0.01945,0.97344,0.09646,0.02620,0.00254,-0.99499,-0.22846,-0.02795,-0.01843,0.97298,0.00000,0.00000,1.00,1.00
31999,Blink,1994,0.00,0.00,0.13286,0.00349,0.01908,-0.99095,0.09550,-0.00129,-0.00012,-0.99543,-0.22687,-0.00036,-0.01938,0.97373,0.09538,0.02615,0.00251,-0.99509,-0.22722,-0.02790,-0.01833,0.97327,0.00000,0.00000,1.00,1.00
32010,Blink,2005,0.00,0.00,0.13264,0.00352,0.01897,-0.99098,0.09572,-0.00134,-0.00013,-0.99541,-0.22687,-0.00034,-0.01927,0.97374,0.09561,0.02610,0.00251,-0.99507,-0.22722,-0.02788,-0.01824,0.97327,0.00000,0.00000,1.00,1.00
32020,Blink,2016,0.00,0.00,0.13244,0.00352,0.01878,-0.99101,0.09593,-0.00141,-0.00014,-0.99539,-0.22687,-0.00029,-0.01909,0.97374,0.09582,0.02604,0.00251,-0.99505,-0.22722,-0.02784,-0.01806,0.97328,0.00000,0.00000,1.00,1.00
32032,Blink,2028,0.00,0.00,0.13227,0.00368,0.01848,-0.99103,0.09557,-0.00174,-0.00017,-0.99542,-0.22635,-0.00015,-0.01881,0.97387,0.09545,0.02570,0.00247,-0.99510,-0.22669,-0.02769,-0.01778,0.97341,0.00000,0.00000,1.00,1.00
32043,Blink,2039,0.00,0.00,0.13220,0.00377,0.01823,-0.99105,0.09565,-0.00190,-0.00018,-0.99541,-0.22635,-0.00009,-0.01857,0.97387,0.09554,0.02554,0.00245,-0.99509,-0.22669,-0.02764,-0.01755,0.97342,0.00000,0.00000,1.00,1.00
32054,Blink,2050,0.00,0.00,0.13212,0.00382,0.01822,-0.99106,0.09572,-0.00196,-0.00019,-0.99541,-0.22635,-0.00009,-0.01857,0.97387,0.09562,0.02549,0.00245,-0.99509,-0.22669,-0.02764,-0.01755,0.97342,0.00000,0.00000,1.00,1.00
32066,Blink,2061,0.00,0.00,0.13205,0.00389,0.01820,-0.99107,0.09541,-0.00180,-0.00017,-0.99544,-0.22598,-0.00033,-0.01856,0.97396,0.09528,0.02564,0.00246,-0.99512,-0.22629,-0.02787,-0.01753,0.97350,0.00000,0.00000,1.00,1.00
32076,Blink,2072,0.00,0.00,0.13194,0.00387,0.01807,-0.99109,0.09552,-0.00182,-0.00018,-0.99543,-0.22598,-0.00030,-0.01843,0.97396,0.09540,0.02562,0.00246,-0.99511,-0.22630,-0.02784,-0.01741,0.97350,0.00000,0.00000,1.00,1.00
32087,Blink,2083,0.00,0.00,0.13212,0.00386,0.01788,-0.99106,0.09534,-0.00188,-0.00018,-0.99544,-0.22598,-0.00025,-0.01824,0.97396,0.09523,0.02556,0.00245,-0.99512,-0.22630,-0.02780,-0.01721,0.97351,0.00000,0.00000,1.00,1.00
32099,Blink,2095,0.00,0.00,0.13226,0.00375,0.01766,-0.99105,0.09520,-0.00185,-0.00018,-0.99546,-0.22598,-0.00020,-0.01800,0.97397,0.09510,0.02559,0.00245,-0.99514,-0.22631,-0.02774,-0.01697,0.97351,0.00000,0.00000,1.00,1.00
32109,Blink,2105,0.00,0.00,0.13229,0.00349,0.01767,-0.99105,0.09488,0.00071,0.00007,-0.99549,-0.22574,-0.00251,-0.01790,0.97402,0.09474,0.02814,0.00268,-0.99510,-0.22602,-0.03004,-0.01685,0.97351,0.00000,0.00000,1.00,1.00
32120,Blink,2116,0.00,0.00,0.13231,0.00319,0.01781,-0.99104,0.09486,0.00104,0.00010,-0.99549,-0.22574,-0.00253,-0.01800,0.97402,0.09471,0.02848,0.00271,-0.99509,-0.22602,-0.03007,-0.01695,0.97351,0.00000,0.00000,1.00,1.00
32132,Blink,2128,0.00,0.00,0.13243,0.00281,0.01780,-0.99103,0.09557,0.00141,0.00014,-0.99542,-0.22656,-0.00251,-0.01793,0.97383,0.09539,0.02885,0.00277,-0.99502,-0.22681,-0.03005,-0.01690,0.97333,0.00000,0.00000,1.00,1.00
32143,Blink,2139,0.00,0.00,0.13259,0.00248,0.01772,-0.99101,0.09541,0.00169,0.00016,-0.99544,-0.22656,-0.00248,-0.01781,0.97383,0.09524,0.02913,0.00279,-0.99502,-0.22682,-0.03002,-0.01677,0.97333,0.00000,0.00000,1.00,1.00
32154,Blink,2149,0.00,0.00,0.13271,0.00205,0.01766,-0.99099,0.09527,0.00208,0.00020,-0.99545,-0.22656,-0.00245,-0.01770,0.97383,0.09511,0.02952,0.00282,-0.99503,-0.22682,-0.02999,-0.01665,0.97333,0.00000,0.00000,1.00,1.00
32165,Blink,2161,0.00,0.00,0.13276,0.00158,0.01772,-0.99099,0.09637,0.00083,0.00008,-0.99535,-0.22765,-0.00070,-0.01776,0.97358,0.09621,0.02828,0.00273,-0.99496,-0.22793,-0.02825,-0.01674,0.97312,0.00000,0.00000,1.00,1.00
32176,Blink,2172,0.00,0.00,0.13269,0.00114,0.01765,-0.99100,0.09643,0.00123,0.00012,-0.99534,-0.22765,-0.00067,-0.01764,0.97358,0.09627,0.02868,0.00278,-0.99494,-0.22793,-0.02823,-0.01662,0.97313,0.00000,0.00000,1.00,1.00
32187,Blink,2183,0.00,0.00,0.13263,0.00067,0.01765,-0.99101,0.09648,0.00168,0.00016,-0.99533,-0.22765,-0.00066,-0.01757,0.97358,0.09633,0.02913,0.00282,-0.99492,-0.22793,-0.02821,-0.01656,0.97313,0.00000,0.00000,1.00,1.00
32199,Blink,2195,0.00,0.00,0.13253,0.00029,0.01748,-0.99103,0.09583,0.00061,0.00006,-0.99540,-0.22689,0.00078,-0.01740,0.97376,0.09568,0.02805,0.00270,-0.99501,-0.22718,-0.02677,-0.01637,0.97335,0.00000,0.00000,1.00,1.00
32210,Blink,2206,0.00,0.00,0.13243,-0.00017,0.01727,-0.99104,0.09592,0.00098,0.00009,-0.99539,-0.22689,0.00084,-0.01713,0.97377,0.09579,0.02843,0.00274,-0.99499,-0.22719,-0.02671,-0.01611,0.97335,0.00000,0.00000,1.00,1.00
32221,Blink,2217,0.00,0.00,0.13231,-0.00048,0.01710,-0.99106,0.09603,0.00123,0.00012,-0.99538,-0.22689,0.00089,-0.01693,0.97377,0.09591,0.02867,0.00276,-0.99497,-0.22719,-0.02666,-0.01591,0.97335,0.00000,0.00000,1.00,1.00
32232,Blink,2228,0.00,0.00,0.13220,-0.00083,0.01695,-0.99108,0.09614,0.00152,0.00015,-0.99537,-0.22689,0.00093,-0.01673,0.97378,0.09603,0.02897,0.00280,-0.99495,-0.22720,-0.02662,-0.01572,0.97336,0.00000,0.00000,1.00,1.00
32243,Blink,2239,0.00,0.00,0.13224,-0.00112,0.01683,-0.99107,0.09558,0.00066,0.00006,-0.99542,-0.22637,0.00206,-0.01662,0.97390,0.09546,0.02810,0.00270,-0.99503,-0.22667,-0.02548,-0.01559,0.97351,0.00000,0.00000,1.00,1.00
32255,Blink,2250,0.00,0.00,0.13231,-0.00138,0.01667,-0.99107,0.09551,0.00085,0.00008,-0.99543,-0.22637,0.00211,-0.01643,0.97390,0.09540,0.02829,0.00271,-0.99503,-0.22667,-0.02544,-0.01540,0.97352,0.00000,0.00000,1.00,1.00
32266,Blink,2262,0.00,0.00,0.13232,-0.00164,0.01646,-0.99107,0.09549,0.00104,0.00010,-0.99543,-0.22637,0.00216,-0.01619,0.97390,0.09539,0.02848,0.00273,-0.99503,-0.22668,-0.02538,-0.01516,0.97352,0.00000,0.00000,1.00,1.00
32277,Blink,2272,0.00,0.00,0.13227,-0.00188,0.01625,-0.99108,0.09538,0.00148,0.00014,-0.99544,-0.22622,0.00194,-0.01594,0.97394,0.09526,0.02892,0.00277,-0.99503,-0.22649,-0.02560,-0.01490,0.97356,0.00000,0.00000,1.00,1.00
32288,Blink,2283,0.00,0.00,0.13217,-0.00209,0.01619,-0.99109,0.09548,0.00166,0.00016,-0.99543,-0.22622,0.00196,-0.01585,0.97395,0.09535,0.02910,0.00279,-0.99501,-0.22650,-0.02559,-0.01482,0.97356,0.00000,0.00000,1.00,1.00
32300,Blink,2295,0.00,0.00,0.13197,-0.00226,0.01607,-0.99112,0.09568,0.00179,0.00017,-0.99541,-0.22622,0.00199,-0.01571,0.97395,0.09556,0.02923,0.00281,-0.99499,-0.22650,-0.02556,-0.01470,0.97357,0.00000,0.00000,1.00,1.00
32310,Blink,2306,0.00,0.00,0.13175,-0.00258,0.01609,-0.99115,0.09586,0.00305,0.00029,-0.99539,-0.22621,0.00105,-0.01566,0.97395,0.09570,0.03048,0.00293,-0.99494,-0.22643,-0.02650,-0.01466,0.97356,0.00000,0.00000,1.00,1.00
32321,Blink,2317,0.00,0.00,0.13160,-0.00286,0.01594,-0.99117,0.09601,0.00327,0.00032,-0.99538,-0.22621,0.00109,-0.01547,0.97396,0.09585,0.03071,0.00296,-0.99492,-0.22643,-0.02646,-0.01448,0.97356,0.00000,0.00000,1.00,1.00
32333,Blink,2328,0.00,0.00,0.13149,-0.00323,0.01581,-0.99119,0.09587,0.00465,0.00045,-0.99538,-0.22599,0.00006,-0.01526,0.97401,0.09568,0.03208,0.00309,-0.99489,-0.22618,-0.02748,-0.01426,0.97359,0.00000,0.00000,1.00,1.00
32343,Blink,2339,0.00,0.00,0.13142,-0.00366,0.01561,-0.99120,0.09594,0.00501,0.00048,-0.99537,-0.22599,0.00012,-0.01501,0.97401,0.09576,0.03244,0.00312,-0.99487,-0.22618,-0.02743,-0.01401,0.97360,0.00000,0.00000,1.00,1.00
32354,Blink,2350,0.00,0.00,0.13130,-0.00421,0.01547,-0.99121,0.09606,0.00549,0.00053,-0.99536,-0.22599,0.00017,-0.01480,0.97402,0.09589,0.03292,0.00317,-0.99484,-0.22619,-0.02738,-0.01381,0.97360,0.00000,0.00000,1.00,1.00
32366,Blink,2362,0.00,0.00,0.13129,-0.00474,0.01534,-0.99121,0.09534,0.00519,0.00050,-0.99543,-0.22527,0.00097,-0.01463,0.97419,0.09516,0.03262,0.00312,-0.99492,-0.22546,-0.02657,-0.01362,0.97380,0.00000,0.00000,1.00,1.00
32377,Blink,2373,0.00,0.00,0.13141,-0.00532,0.01513,-0.99120,0.09521,0.00568,0.00054,-0.99544,-0.22527,0.00104,-0.01434,0.97419,0.09504,0.03311,0.00316,-0.99492,-0.22546,-0.02650,-0.01333,0.97380,0.00000,0.00000,1.00,1.00
32388,Blink,2384,0.00,0.00,0.13147,-0.00583,0.01499,-0.99119,0.09514,0.00612,0.00058,-0.99544,-0.22527,0.00108,-0.01414,0.97419,0.09498,0.03355,0.00320,-0.99491,-0.22547,-0.02645,-0.01312,0.97380,0.00000,0.00000,1.00,1.00
32400,Blink,2395,0.00,0.00,0.13153,-0.00638,0.01490,-0.99118,0.09489,0.00552,0.00053,-0.99547,-0.22507,0.00223,-0.01402,0.97424,0.09471,0.03294,0.00314,-0.99495,-0.22525,-0.02530,-0.01300,0.97389,0.00000,0.00000,1.00,1.00
32410,Blink,2406,0.00,0.00,0.13152,-0.00689,0.01491,-0.99118,0.09489,0.00600,0.00057,-0.99547,-0.22507,0.00224,-0.01396,0.97424,0.09471,0.03343,0.00318,-0.99494,-0.22525,-0.02529,-0.01294,0.97389,0.00000,0.00000,1.00,1.00
32421,Blink,2417,0.00,0.00,0.13143,-0.00739,0.01496,-0.99119,0.09497,0.00651,0.00062,-0.99546,-0.22507,0.00225,-0.01395,0.97424,0.09479,0.03394,0.00323,-0.99491,-0.22525,-0.02529,-0.01293,0.97389,0.00000,0.00000,1.00,1.00
32433,Blink,2429,0.00,0.00,0.13136,-0.00781,0.01503,-0.99119,0.09487,0.00924,0.00088,-0.99545,-0.22494,-0.00008,-0.01388,0.97427,0.09461,0.03666,0.00349,-0.99483,-0.22504,-0.02760,-0.01286,0.97387,0.00000,0.00000,1.00,1.00
32444,Blink,2439,0.00,0.00,0.13135,-0.00816,0.01497,-0.99119,0.09487,0.00956,0.00091,-0.99544,-0.22494,-0.00005,-0.01378,0.97428,0.09462,0.03698,0.00352,-0.99482,-0.22504,-0.02758,-0.01275,0.97387,0.00000,0.00000,1.00,1.00
32455,Blink,2451,0.00,0.00,0.13126,-0.00848,0.01495,-0.99120,0.09496,0.00986,0.00094,-0.99543,-0.22494,-0.00004,-0.01372,0.97428,0.09471,0.03728,0.00355,-0.99480,-0.22505,-0.02757,-0.01270,0.97388,0.00000,0.00000,1.00,1.00
32467,Blink,2462,0.00,0.00,0.13117,-0.00867,0.01502,-0.99121,0.09521,0.00960,0.00092,-0.99541,-0.22509,0.00043,-0.01378,0.97424,0.09493,0.03701,0.00353,-0.99479,-0.22517,-0.02710,-0.01276,0.97386,0.00000,0.00000,1.00,1.00
32477,Blink,2473,0.00,0.00,0.13109,-0.00888,0.01505,-0.99122,0.09528,0.00981,0.00094,-0.99540,-0.22509,0.00043,-0.01378,0.97424,0.09500,0.03723,0.00356,-0.99477,-0.22517,-0.02710,-0.01277,0.97386,0.00000,0.00000,1.00,1.00
32488,Blink,2484,0.00,0.00,0.13124,-0.00897,0.01505,-0.99120,0.09513,0.00989,0.00095,-0.99542,-0.22509,0.00043,-0.01376,0.97424,0.09486,0.03731,0.00356,-0.99479,-0.22517,-0.02709,-0.01275,0.97386,0.00000,0.00000,1.00,1.00
32500,Blink,2496,0.00,0.00,0.13125,-0.00906,0.01512,-0.99119,0.09479,0.01006,0.00096,-0.99545,-0.22477,0.00035,-0.01382,0.97431,0.09449,0.03747,0.00356,-0.99481,-0.22483,-0.02717,-0.01279,0.97394,0.00000,0.00000,1.00,1.00
32511,Blink,2506,0.00,0.00,0.13121,-0.00899,0.01536,-0.99120,0.09483,0.01007,0.00096,-0.99544,-0.22477,0.00030,-0.01406,0.97431,0.09452,0.03748,0.00356,-0.99481,-0.22482,-0.02722,-0.01304,0.97393,0.00000,0.00000,1.00,1.00
32521,Blink,2517,0.00,0.00,0.13105,-0.00891,0.01562,-0.99121,0.09498,0.01008,0.00096,-0.99543,-0.22477,0.00023,-0.01434,0.97431,0.09466,0.03749,0.00357,-0.99480,-0.22481,-0.02729,-0.01332,0.97393,0.00000,0.00000,1.00,1.00
32533,Blink,2529,0.00,0.00,0.13100,-0.00864,0.01562,-0.99122,0.09395,0.01081,0.00102,-0.99552,-0.22372,-0.00077,-0.01434,0.97455,0.09362,0.03820,0.00360,-0.99487,-0.22375,-0.02828,-0.01329,0.97415,0.00000,0.00000,1.00,1.00
32544,Blink,2540,0.00,0.00,0.13103,-0.00842,0.01554,-0.99122,0.09393,0.01056,0.00100,-0.99552,-0.22372,-0.00076,-0.01428,0.97455,0.09360,0.03796,0.00357,-0.99488,-0.22375,-0.02826,-0.01324,0.97415,0.00000,0.00000,1.00,1.00
32555,Blink,2551,0.00,0.00,0.13123,-0.00802,0.01526,-0.99120,0.09374,0.01009,0.00095,-0.99555,-0.22372,-0.00071,-0.01405,0.97455,0.09342,0.03748,0.00352,-0.99491,-0.22376,-0.02821,-0.01300,0.97415,0.00000,0.00000,1.00,1.00
32566,Blink,2562,0.00,0.00,0.13129,-0.00761,0.01519,-0.99120,0.09359,0.00972,0.00091,-0.99556,-0.22363,-0.00075,-0.01404,0.97457,0.09329,0.03711,0.00348,-0.99494,-0.22369,-0.02825,-0.01298,0.97416,0.00000,0.00000,1.00,1.00
32577,Blink,2573,0.00,0.00,0.13132,-0.00725,0.01529,-0.99120,0.09357,0.00940,0.00088,-0.99557,-0.22363,-0.00079,-0.01419,0.97457,0.09326,0.03680,0.00345,-0.99496,-0.22368,-0.02829,-0.01312,0.97416,0.00000,0.00000,1.00,1.00
32588,Blink,2584,0.00,0.00,0.13128,-0.00685,0.01542,-0.99120,0.09362,0.00906,0.00085,-0.99557,-0.22363,-0.00083,-0.01437,0.97457,0.09330,0.03646,0.00342,-0.99496,-0.22368,-0.02833,-0.01331,0.97416,0.00000,0.00000,1.00,1.00
32600,Blink,2596,0.00,0.00,0.13124,-0.00639,0.01537,-0.99121,0.09408,0.01054,0.00100,-0.99551,-0.22407,-0.00278,-0.01430,0.97446,0.09375,0.03794,0.00358,-0.99487,-0.22409,-0.03028,-0.01325,0.97401,0.00000,0.00000,1.00,1.00
32610,Blink,2606,0.00,0.00,0.13124,-0.00593,0.01524,-0.99122,0.09409,0.01006,0.00095,-0.99551,-0.22407,-0.00276,-0.01424,0.97446,0.09376,0.03746,0.00353,-0.99488,-0.22410,-0.03027,-0.01319,0.97401,0.00000,0.00000,1.00,1.00
32622,Blink,2617,0.00,0.00,0.13124,-0.00553,0.01496,-0.99122,0.09410,0.00959,0.00091,-0.99552,-0.22407,-0.00271,-0.01401,0.97447,0.09378,0.03698,0.00349,-0.99490,-0.22410,-0.03022,-0.01297,0.97401,0.00000,0.00000,1.00,1.00
32634,Blink,2630,0.00,0.00,0.13111,-0.00517,0.01485,-0.99124,0.09424,0.00869,0.00082,-0.99551,-0.22407,-0.00217,-0.01397,0.97447,0.09395,0.03609,0.00341,-0.99492,-0.22412,-0.02968,-0.01293,0.97402,0.00000,0.00000,1.00,1.00
32644,Blink,2640,0.00,0.00,0.13078,-0.00485,0.01482,-0.99129,0.09458,0.00837,0.00080,-0.99548,-0.22407,-0.00218,-0.01399,0.97447,0.09429,0.03578,0.00339,-0.99490,-0.22412,-0.02969,-0.01297,0.97402,0.00000,0.00000,1.00,1.00
32655,Blink,2651,0.00,0.00,0.13050,-0.00448,0.01499,-0.99132,0.09486,0.00808,0.00077,-0.99546,-0.22407,-0.00223,-0.01420,0.97447,0.09456,0.03549,0.00337,-0.99488,-0.22412,-0.02974,-0.01320,0.97402,0.00000,0.00000,1.00,1.00
32667,Blink,2663,0.00,0.00,0.13003,-0.00419,0.01506,-0.99139,0.09533,0.00783,0.00075,-0.99541,-0.22407,-0.00225,-0.01432,0.97447,0.09502,0.03524,0.00337,-0.99485,-0.22411,-0.02978,-0.01334,0.97402,0.00000,0.00000,1.00,1.00
32677,Blink,2673,0.00,0.00,0.12969,-0.00388,0.01510,-0.99143,0.09673,0.00696,0.00068,-0.99529,-0.22509,-0.00167,-0.01442,0.97423,0.09643,0.03438,0.00333,-0.99474,-0.22514,-0.02921,-0.01349,0.97379,0.00000,0.00000,1.00,1.00
32689,Blink,2685,0.00,0.00,0.12952,-0.00365,0.01509,-0.99146,0.09691,0.00674,0.00066,-0.99527,-0.22509,-0.00167,-0.01444,0.97423,0.09661,0.03417,0.00332,-0.99473,-0.22514,-0.02922,-0.01352,0.97379,0.00000,0.00000,1.00,1.00
32701,Blink,2696,0.00,0.00,0.12935,-0.00342,0.01510,-0.99148,0.09708,0.00652,0.00064,-0.99526,-0.22509,-0.00168,-0.01448,0.97423,0.09677,0.03395,0.00330,-0.99472,-0.22514,-0.02923,-0.01357,0.97379,0.00000,0.00000,1.00,1.00
32711,Blink,2706,0.00,0.00,0.12923,-0.00320,0.01530,-0.99149,0.09396,0.00695,0.00066,-0.99555,-0.22192,-0.00235,-0.01468,0.97495,0.09366,0.03436,0.00323,-0.99501,-0.22198,-0.02987,-0.01369,0.97450,0.59537,0.22599,1.00,1.00
32722,Blink,2717,0.00,0.00,0.12910,-0.00302,0.01565,-0.99150,0.09408,0.00689,0.00065,-0.99554,-0.22192,-0.00244,-0.01505,0.97495,0.09376,0.03430,0.00323,-0.99500,-0.22197,-0.02995,-0.01406,0.97449,0.59537,0.22599,1.00,1.00
32734,Blink,2729,0.00,0.00,0.12893,-0.00269,0.01591,-0.99152,0.02163,0.00763,0.00017,-0.99974,-0.15046,-0.00455,-0.01502,0.98849,0.02152,0.03469,0.00075,-0.99917,-0.15070,-0.03146,-0.01210,0.98800,0.59537,0.22599,1.00,1.00
32744,Blink,2740,0.00,0.00,0.12893,-0.00232,0.01607,-0.99152,0.02163,0.00729,0.00016,-0.99974,-0.15046,-0.00458,-0.01523,0.98849,0.02151,0.03435,0.00074,-0.99918,-0.15070,-0.03149,-0.01231,0.98800,0.95555,0.89772,1.00,1.00
32755,Blink,2751,0.00,0.00,0.12899,-0.00196,0.01608,-0.99151,0.02157,0.00694,0.00015,-0.99974,-0.15046,-0.00459,-0.01528,0.98849,0.02144,0.03400,0.00073,-0.99919,-0.15070,-0.03150,-0.01236,0.98800,0.95555,0.89772,1.00,1.00
32768,Blink,2763,0.00,0.00,0.12916,-0.00156,0.01600,-0.99149,-0.03256,-0.00115,0.00004,-0.99947,-0.09679,0.00217,-0.01623,0.99517,-0.03253,0.02596,-0.00085,-0.99913,-0.09720,-0.02459,-0.01185,0.99489,0.95555,0.89772,1.00,1.00
32778,Blink,2773,0.00,0.00,0.12949,-0.00111,0.01601,-0.99145,-0.03289,-0.00161,0.00005,-0.99946,-0.09679,0.00216,-0.01630,0.99517,-0.03286,0.02550,-0.00084,-0.99913,-0.09720,-0.02460,-0.01190,0.99489,0.95122,0.90979,1.00,1.00
32788,Blink,2784,0.00,0.00,0.12959,-0.00072,0.01609,-0.99144,-0.03299,-0.00199,0.00007,-0.99945,-0.09679,0.00215,-0.01643,0.99517,-0.03297,0.02512,-0.00083,-0.99914,-0.09720,-0.02461,-0.01202,0.99489,0.95122,0.90979,1.00,1.00
32800,Blink,2796,0.00,0.00,0.12942,-0.00042,0.01612,-0.99146,-0.07085,-0.00716,0.00051,-0.99746,-0.05873,0.00631,-0.01754,0.99810,-0.07080,0.02012,-0.00143,-0.99729,-0.05920,-0.02048,-0.01209,0.99796,0.95122,0.90979,1.00,1.00
32811,Blink,2806,0.00,0.00,0.12920,-0.00008,0.01619,-0.99149,-0.07062,-0.00750,0.00053,-0.99748,-0.05873,0.00630,-0.01765,0.99810,-0.07057,0.01977,-0.00140,-0.99731,-0.05919,-0.02049,-0.01221,0.99796,0.99869,0.98892,1.00,1.00
32822,Blink,2818,0.00,0.00,0.12901,0.00027,0.01625,-0.99151,-0.07042,-0.00785,0.00055,-0.99749,-0.05873,0.00630,-0.01776,0.99810,-0.07038,0.01942,-0.00137,-0.99733,-0.05919,-0.02050,-0.01233,0.99796,0.99869,0.98892,1.00,1.00
32834,Blink,2830,0.00,0.00,0.12905,0.00074,0.01627,-0.99150,-0.07051,-0.01121,0.00079,-0.99745,-0.05863,0.00914,-0.01841,0.99807,-0.07050,0.01607,-0.00114,-0.99738,-0.05908,-0.01766,-0.01297,0.99801,0.99869,0.98892,1.00,1.00
32844,Blink,2840,0.00,0.00,0.12923,0.00110,0.01615,-0.99148,-0.07068,-0.01158,0.00082,-0.99743,-0.05863,0.00914,-0.01834,0.99807,-0.07067,0.01570,-0.00111,-0.99738,-0.05908,-0.01766,-0.01290,0.99801,0.99091,0.99960,1.00,1.00
32856,Blink,2851,0.00,0.00,0.12942,0.00149,0.01608,-0.99146,-0.07087,-0.01198,0.00085,-0.99741,-0.05863,0.00914,-0.01833,0.99807,-0.07086,0.01530,-0.00109,-0.99737,-0.05908,-0.01766,-0.01287,0.99801,0.99091,0.99960,1.00,1.00
32867,Blink,2863,0.00,0.00,0.12945,0.00185,0.01586,-0.99146,-0.06614,-0.03444,0.00228,-0.99721,-0.06297,0.03096,-0.02242,0.99728,-0.06631,-0.00721,0.00048,-0.99777,-0.06331,0.00419,-0.01711,0.99784,0.99091,0.99960,1.00,1.00
32878,Blink,2873,0.00,0.00,0.12946,0.00211,0.01572,-0.99146,-0.06614,-0.03471,0.00230,-0.99720,-0.06297,0.03096,-0.02231,0.99729,-0.06631,-0.00748,0.00050,-0.99777,-0.06331,0.00420,-0.01701,0.99784,0.99958,0.99095,1.00,1.00
32889,Blink,2885,0.00,0.00,0.12945,0.00232,0.01559,-0.99146,-0.06614,-0.03491,0.00232,-0.99720,-0.06296,0.03097,-0.02221,0.99729,-0.06630,-0.00768,0.00051,-0.99777,-0.06331,0.00420,-0.01690,0.99784,0.99958,0.99095,1.00,1.00
32901,Blink,2897,0.00,0.00,0.12945,0.00252,0.01545,-0.99146,-0.01923,-0.05167,0.00100,-0.99848,-0.10939,0.04829,-0.02305,0.99256,-0.01931,-0.02468,0.00048,-0.99951,-0.10987,0.02159,-0.01906,0.99353,0.99958,0.99095,1.00,1.00
32911,Blink,2907,0.00,0.00,0.12946,0.00272,0.01533,-0.99146,-0.01924,-0.05188,0.00100,-0.99847,-0.10939,0.04830,-0.02296,0.99256,-0.01932,-0.02488,0.00048,-0.99950,-0.10986,0.02160,-0.01897,0.99353,0.82103,0.91088,1.00,1.00
32922,Blink,2918,0.00,0.00,0.12958,0.00285,0.01513,-0.99145,-0.01938,-0.05204,0.00101,-0.99846,-0.10938,0.04832,-0.02279,0.99256,-0.01945,-0.02504,0.00049,-0.99950,-0.10986,0.02162,-0.01879,0.99353,0.82103,0.91088,1.00,1.00
32934,Blink,2930,0.00,0.00,0.12956,0.00297,0.01489,-0.99146,0.05233,-0.03405,-0.00179,-0.99805,-0.18069,0.03181,-0.01766,0.98287,0.05250,-0.00689,-0.00036,-0.99860,-0.18133,0.00469,-0.01556,0.98329,0.82103,0.91088,1.00,1.00
32944,Blink,2940,0.00,0.00,0.12957,0.00312,0.01469,-0.99146,0.05231,-0.03424,-0.00179,-0.99804,-0.18068,0.03184,-0.01748,0.98287,0.05249,-0.00708,-0.00037,-0.99860,-0.18133,0.00473,-0.01538,0.98329,0.07414,0.16544,1.00,1.00
32956,Blink,2951,0.00,0.00,0.12960,0.00313,0.01455,-0.99146,0.05228,-0.03429,-0.00180,-0.99804,-0.18068,0.03186,-0.01735,0.98287,0.05247,-0.00713,-0.00037,-0.99860,-0.18133,0.00475,-0.01525,0.98329,0.07414,0.16544,1.00,1.00
32968,Blink,2963,0.00,0.00,0.12957,0.00312,0.01452,-0.99146,0.09994,-0.01757,-0.00177,-0.99484,-0.22773,0.01600,-0.01528,0.97347,0.10001,0.00991,0.00100,-0.99494,-0.22821,-0.01161,-0.01446,0.97344,0.07414,0.16544,1.00,1.00
32978,Blink,2974,0.00,0.00,0.12953,0.00312,0.01452,-0.99146,0.09998,-0.01757,-0.00177,-0.99483,-0.22773,0.01600,-0.01528,0.97347,0.10005,0.00992,0.00100,-0.99493,-0.22821,-0.01161,-0.01447,0.97344,0.00178,0.00393,1.00,1.00
32990,Blink,2985,0.00,0.00,0.12943,0.00309,0.01442,-0.99148,0.10007,-0.01757,-0.00177,-0.99482,-0.22773,0.01602,-0.01518,0.97347,0.10015,0.00992,0.00100,-0.99492,-0.22821,-0.01159,-0.01437,0.97344,0.00178,0.00393,1.00,1.00
33001,Blink,2997,0.00,0.00,0.12938,0.00312,0.01432,-0.99149,0.09958,-0.01721,-0.00172,-0.99488,-0.22721,0.01561,-0.01508,0.97360,0.09965,0.01028,0.00103,-0.99497,-0.22767,-0.01200,-0.01425,0.97356,0.00178,0.00393,1.00,1.00
33011,Blink,3007,0.00,0.00,0.12927,0.00304,0.01424,-0.99150,0.09968,-0.01716,-0.00172,-0.99487,-0.22721,0.01563,-0.01498,0.97361,0.09975,0.01033,0.00104,-0.99496,-0.22767,-0.01198,-0.01416,0.97356,0.00005,0.00011,1.00,1.00
33022,Blink,3018,0.00,0.00,0.12912,0.00282,0.01418,-0.99152,0.09984,-0.01697,-0.00170,-0.99486,-0.22721,0.01565,-0.01489,0.97361,0.09991,0.01052,0.00106,-0.99494,-0.22767,-0.01196,-0.01408,0.97356,0.00005,0.00011,1.00,1.00
33034,Blink,3030,0.00,0.00,0.12895,0.00276,0.01413,-0.99155,0.09988,-0.01696,-0.00170,-0.99485,-0.22708,0.01570,-0.01484,0.97364,0.09994,0.01053,0.00106,-0.99494,-0.22754,-0.01191,-0.01403,0.97360,0.00005,0.00011,1.00,1.00
33044,Blink,3040,0.00,0.00,0.12870,0.00257,0.01415,-0.99158,0.10012,-0.01677,-0.00169,-0.99483,-0.22708,0.01571,-0.01482,0.97364,0.10019,0.01072,0.00108,-0.99491,-0.22754,-0.01191,-0.01403,0.97360,0.00000,0.00000,1.00,1.00
33056,Blink,3052,0.00,0.00,0.12869,0.00235,0.01419,-0.99158,0.10013,-0.01655,-0.00167,-0.99484,-0.22708,0.01571,-0.01483,0.97364,0.10020,0.01094,0.00110,-0.99491,-0.22754,-0.01191,-0.01403,0.97360,0.00000,0.00000,1.00,1.00
33068,Blink,3064,0.00,0.00,0.12870,0.00214,0.01398,-0.99158,0.10011,-0.01641,-0.00165,-0.99484,-0.22708,0.01576,-0.01460,0.97364,0.10019,0.01108,0.00112,-0.99491,-0.22754,-0.01186,-0.01381,0.97360,0.00000,0.00000,1.00,1.00
33078,Blink,3074,0.00,0.00,0.12874,0.00192,0.01383,-0.99158,0.09761,-0.01638,-0.00161,-0.99509,-0.22467,0.01589,-0.01447,0.97420,0.09768,0.01109,0.00109,-0.99516,-0.22513,-0.01170,-0.01361,0.97416,0.00000,0.00000,1.00,1.00
33089,Blink,3085,0.00,0.00,0.12887,0.00162,0.01351,-0.99157,0.09747,-0.01619,-0.00159,-0.99511,-0.22467,0.01597,-0.01412,0.97420,0.09756,0.01127,0.00111,-0.99517,-0.22513,-0.01161,-0.01325,0.97417,0.00000,0.00000,1.00,1.00
33101,Blink,3097,0.00,0.00,0.12923,0.00133,0.01340,-0.99152,0.09932,-0.01564,-0.00156,-0.99493,-0.22684,0.01571,-0.01394,0.97371,0.09940,0.01184,0.00118,-0.99498,-0.22729,-0.01189,-0.01311,0.97367,0.00000,0.00000,1.00,1.00
33111,Blink,3107,0.00,0.00,0.12958,0.00097,0.01327,-0.99148,0.09896,-0.01533,-0.00153,-0.99497,-0.22684,0.01575,-0.01377,0.97371,0.09904,0.01215,0.00121,-0.99501,-0.22729,-0.01185,-0.01292,0.97367,0.00000,0.00000,1.00,1.00
33122,Blink,3118,0.00,0.00,0.12970,0.00062,0.01330,-0.99146,0.09883,-0.01499,-0.00149,-0.99499,-0.22684,0.01576,-0.01376,0.97371,0.09892,0.01249,0.00124,-0.99502,-0.22729,-0.01184,-0.01290,0.97367,0.00000,0.00000,1.00,1.00
33135,Blink,3130,0.00,0.00,0.12959,0.00032,0.01340,-0.99148,0.10112,-0.01484,-0.00151,-0.99476,-0.22897,0.01594,-0.01379,0.97321,0.10117,0.01266,0.00129,-0.99479,-0.22939,-0.01169,-0.01300,0.97318,0.00000,0.00000,1.00,1.00
33145,Blink,3141,0.00,0.00,0.12945,0.00010,0.01330,-0.99150,0.10126,-0.01465,-0.00149,-0.99475,-0.22897,0.01597,-0.01366,0.97321,0.10131,0.01285,0.00131,-0.99477,-0.22939,-0.01166,-0.01288,0.97318,0.00000,0.00000,1.00,1.00
33156,Blink,3152,0.00,0.00,0.12945,-0.00009,0.01301,-0.99150,0.10124,-0.01456,-0.00148,-0.99475,-0.22896,0.01604,-0.01334,0.97321,0.10131,0.01294,0.00132,-0.99477,-0.22940,-0.01159,-0.01256,0.97318,0.00000,0.00000,1.00,1.00
33168,Blink,3164,0.00,0.00,0.12946,-0.00028,0.01264,-0.99150,0.10161,-0.00233,-0.00024,-0.99482,-0.22950,0.00390,-0.01261,0.97322,0.10151,0.02517,0.00257,-0.99451,-0.22971,-0.02373,-0.01183,0.97290,0.00000,0.00000,1.00,1.00
33178,Blink,3174,0.00,0.00,0.12946,-0.00049,0.01227,-0.99151,0.10160,-0.00224,-0.00023,-0.99482,-0.22950,0.00399,-0.01222,0.97322,0.10152,0.02525,0.00258,-0.99451,-0.22972,-0.02364,-0.01144,0.97290,0.00000,0.00000,1.00,1.00
33190,Blink,3185,0.00,0.00,0.12932,-0.00069,0.01201,-0.99153,0.10174,-0.00214,-0.00022,-0.99481,-0.22950,0.00406,-0.01194,0.97323,0.10168,0.02536,0.00259,-0.99449,-0.22973,-0.02357,-0.01117,0.97291,0.00000,0.00000,1.00,1.00
33202,Blink,3198,0.00,0.00,0.12928,-0.00088,0.01178,-0.99154,0.09868,-0.00137,-0.00014,-0.99512,-0.22647,0.00342,-0.01167,0.97394,0.09859,0.02610,0.00259,-0.99478,-0.22666,-0.02417,-0.01082,0.97361,0.00000,0.00000,1.00,1.00
33212,Blink,3208,0.00,0.00,0.12924,-0.00117,0.01150,-0.99155,0.09871,-0.00118,-0.00012,-0.99512,-0.22647,0.00349,-0.01137,0.97395,0.09864,0.02628,0.00261,-0.99477,-0.22667,-0.02410,-0.01051,0.97362,0.00000,0.00000,1.00,1.00
33223,Blink,3219,0.00,0.00,0.12933,-0.00135,0.01120,-0.99154,0.09862,-0.00111,-0.00011,-0.99512,-0.22647,0.00357,-0.01105,0.97395,0.09856,0.02636,0.00261,-0.99478,-0.22668,-0.02402,-0.01019,0.97362,0.00000,0.00000,1.00,1.00
33235,Blink,3231,0.00,0.00,0.12926,-0.00157,0.01078,-0.99155,0.09777,-0.00143,-0.00014,-0.99521,-0.22557,0.00405,-0.01062,0.97416,0.09770,0.02603,0.00256,-0.99487,-0.22575,-0.02353,-0.00974,0.97385,0.00000,0.00000,1.00,1.00
33245,Blink,3241,0.00,0.00,0.12924,-0.00181,0.01045,-0.99156,0.09779,-0.00130,-0.00013,-0.99521,-0.22557,0.00413,-0.01026,0.97416,0.09773,0.02616,0.00257,-0.99487,-0.22576,-0.02345,-0.00938,0.97386,0.00000,0.00000,1.00,1.00
33257,Blink,3252,0.00,0.00,0.12917,-0.00201,0.01024,-0.99157,0.09786,-0.00118,-0.00012,-0.99520,-0.22557,0.00419,-0.01003,0.97417,0.09781,0.02628,0.00258,-0.99485,-0.22577,-0.02339,-0.00915,0.97386,0.00000,0.00000,1.00,1.00
33269,Blink,3264,0.00,0.00,0.12904,-0.00225,0.01018,-0.99158,0.09794,-0.00131,-0.00013,-0.99519,-0.22552,0.00456,-0.00995,0.97418,0.09784,0.02615,0.00257,-0.99485,-0.22567,-0.02302,-0.00908,0.97389,0.00000,0.00000,1.00,1.00
33279,Blink,3274,0.00,0.00,0.12870,-0.00259,0.01015,-0.99163,0.09828,-0.00099,-0.00010,-0.99516,-0.22552,0.00458,-0.00988,0.97418,0.09819,0.02647,0.00261,-0.99481,-0.22567,-0.02301,-0.00903,0.97389,0.00000,0.00000,1.00,1.00
33290,Blink,3286,0.00,0.00,0.12846,-0.00291,0.01008,-0.99166,0.09851,-0.00071,-0.00007,-0.99514,-0.22552,0.00460,-0.00976,0.97418,0.09842,0.02675,0.00265,-0.99478,-0.22567,-0.02299,-0.00893,0.97389,0.00000,0.00000,1.00,1.00
33302,Blink,3298,0.00,0.00,0.12842,-0.00337,0.00997,-0.99166,0.10075,-0.00012,-0.00001,-0.99491,-0.22768,0.00448,-0.00959,0.97368,0.10062,0.02737,0.00277,-0.99454,-0.22778,-0.02314,-0.00881,0.97340,0.00000,0.00000,1.00,1.00
33312,Blink,3307,0.00,0.00,0.12812,-0.00384,0.00980,-0.99170,0.10105,0.00028,0.00003,-0.99488,-0.22768,0.00453,-0.00935,0.97368,0.10093,0.02777,0.00282,-0.99450,-0.22779,-0.02309,-0.00859,0.97340,0.00000,0.00000,1.00,1.00
33323,Blink,3319,0.00,0.00,0.12789,-0.00438,0.00990,-0.99173,0.10128,0.00084,0.00009,-0.99486,-0.22768,0.00452,-0.00939,0.97368,0.10115,0.02832,0.00288,-0.99446,-0.22779,-0.02310,-0.00864,0.97340,0.00000,0.00000,1.00,1.00
33335,Blink,3331,0.00,0.00,0.12759,-0.00496,0.00992,-0.99176,0.10110,0.00081,0.00008,-0.99488,-0.22721,0.00512,-0.00934,0.97379,0.10095,0.02830,0.00287,-0.99449,-0.22730,-0.02250,-0.00860,0.97353,0.00000,0.00000,1.00,1.00
33345,Blink,3341,0.00,0.00,0.12744,-0.00545,0.00989,-0.99178,0.10125,0.00128,0.00013,-0.99486,-0.22721,0.00514,-0.00926,0.97379,0.10110,0.02876,0.00292,-0.99446,-0.22730,-0.02248,-0.00852,0.97353,0.00000,0.00000,1.00,1.00
33356,Blink,3352,0.00,0.00,0.12741,-0.00596,0.00971,-0.99178,0.10127,0.00171,0.00017,-0.99486,-0.22721,0.00520,-0.00901,0.97379,0.10114,0.02920,0.00297,-0.99444,-0.22731,-0.02243,-0.00828,0.97353,0.00000,0.00000,1.00,1.00
33369,Blink,3365,0.00,0.00,0.12734,-0.00643,0.00957,-0.99179,0.09977,0.00145,0.00015,-0.99501,-0.22567,0.00590,-0.00884,0.97415,0.09963,0.02892,0.00290,-0.99460,-0.22576,-0.02170,-0.00806,0.97391,0.00000,0.00000,1.00,1.00
33379,Blink,3375,0.00,0.00,0.12726,-0.00686,0.00937,-0.99180,0.09985,0.00180,0.00018,-0.99500,-0.22567,0.00596,-0.00859,0.97415,0.09971,0.02927,0.00293,-0.99458,-0.22576,-0.02165,-0.00782,0.97391,0.00000,0.00000,1.00,1.00
33390,Blink,3386,0.00,0.00,0.12720,-0.00724,0.00926,-0.99181,0.09990,0.00213,0.00021,-0.99499,-0.22567,0.00599,-0.00843,0.97415,0.09978,0.02960,0.00297,-0.99457,-0.22576,-0.02161,-0.00767,0.97391,0.00000,0.00000,1.00,1.00
33402,Blink,3398,0.00,0.00,0.12719,-0.00751,0.00920,-0.99181,0.09950,0.00235,0.00024,-0.99503,-0.22526,0.00603,-0.00834,0.97424,0.09934,0.02982,0.00298,-0.99460,-0.22532,-0.02157,-0.00757,0.97402,0.00000,0.00000,1.00,1.00
33412,Blink,3407,0.00,0.00,0.12718,-0.00779,0.00904,-0.99181,0.09950,0.00256,0.00026,-0.99503,-0.22526,0.00607,-0.00814,0.97425,0.09935,0.03003,0.00300,-0.99459,-0.22533,-0.02153,-0.00737,0.97402,0.00000,0.00000,1.00,1.00
33423,Blink,3419,0.00,0.00,0.12730,-0.00805,0.00897,-0.99179,0.09938,0.00279,0.00028,-0.99505,-0.22526,0.00610,-0.00804,0.97425,0.09924,0.03026,0.00302,-0.99460,-0.22533,-0.02150,-0.00726,0.97402,0.00000,0.00000,1.00,1.00
33435,Blink,3431,0.00,0.00,0.12732,-0.00818,0.00884,-0.99179,0.10034,0.00242,0.00024,-0.99495,-0.22622,0.00659,-0.00791,0.97402,0.10017,0.02990,0.00301,-0.99452,-0.22626,-0.02101,-0.00715,0.97381,0.00000,0.00000,1.00,1.00
33445,Blink,3441,0.00,0.00,0.12736,-0.00836,0.00882,-0.99178,0.10031,0.00258,0.00026,-0.99495,-0.22622,0.00660,-0.00786,0.97402,0.10014,0.03006,0.00303,-0.99451,-0.22626,-0.02100,-0.00711,0.97381,0.00000,0.00000,1.00,1.00
33457,Blink,3453,0.00,0.00,0.12728,-0.00850,0.00881,-0.99179,0.10038,0.00272,0.00027,-0.99495,-0.22622,0.00661,-0.00784,0.97402,0.10021,0.03019,0.00304,-0.99450,-0.22626,-0.02100,-0.00708,0.97381,0.00000,0.00000,1.00,1.00
33469,Blink,3465,0.00,0.00,0.12731,-0.00866,0.00895,-0.99178,0.10051,0.00448,0.00045,-0.99493,-0.22639,0.00501,-0.00791,0.97399,0.10028,0.03196,0.00322,-0.99444,-0.22637,-0.02260,-0.00716,0.97375,0.00000,0.00000,1.00,1.00
33479,Blink,3474,0.00,0.00,0.12722,-0.00880,0.00891,-0.99180,0.10059,0.00461,0.00047,-0.99492,-0.22639,0.00502,-0.00785,0.97399,0.10037,0.03208,0.00324,-0.99443,-0.22637,-0.02258,-0.00711,0.97375,0.00000,0.00000,1.00,1.00
33490,Blink,3486,0.00,0.00,0.12725,-0.00892,0.00869,-0.99179,0.10057,0.00465,0.00047,-0.99492,-0.22639,0.00508,-0.00762,0.97399,0.10036,0.03212,0.00324,-0.99443,-0.22638,-0.02253,-0.00687,0.97375,0.00000,0.00000,1.00,1.00
33502,Blink,3498,0.00,0.00,0.12722,-0.00912,0.00842,-0.99180,0.10057,0.00421,0.00043,-0.99492,-0.22637,0.00569,-0.00734,0.97400,0.10037,0.03169,0.00320,-0.99444,-0.22636,-0.02192,-0.00660,0.97377,0.00000,0.00000,1.00,1.00
33512,Blink,3508,0.00,0.00,0.12706,-0.00937,0.00821,-0.99182,0.10074,0.00439,0.00044,-0.99490,-0.22637,0.00574,-0.00711,0.97400,0.10055,0.03186,0.00322,-0.99442,-0.22636,-0.02187,-0.00637,0.97378,0.00000,0.00000,1.00,1.00
33523,Blink,3519,0.00,0.00,0.12685,-0.00959,0.00810,-0.99184,0.10094,0.00456,0.00046,-0.99488,-0.22636,0.00577,-0.00697,0.97400,0.10076,0.03204,0.00325,-0.99439,-0.22637,-0.02184,-0.00625,0.97378,0.00000,0.00000,1.00,1.00
33535,Blink,3531,0.00,0.00,0.12667,-0.00984,0.00794,-0.99186,0.10184,0.00351,0.00036,-0.99479,-0.22705,0.00708,-0.00681,0.97383,0.10165,0.03099,0.00317,-0.99433,-0.22705,-0.02055,-0.00611,0.97365,0.00000,0.00000,1.00,1.00
33546,Blink,3542,0.00,0.00,0.12649,-0.01013,0.00797,-0.99188,0.10201,0.00379,0.00039,-0.99478,-0.22705,0.00708,-0.00681,0.97383,0.10183,0.03128,0.00320,-0.99431,-0.22705,-0.02055,-0.00612,0.97365,0.00000,0.00000,1.00,1.00
33557,Blink,3553,0.00,0.00,0.12628,-0.01035,0.00801,-0.99191,0.10222,0.00402,0.00041,-0.99475,-0.22705,0.00708,-0.00681,0.97383,0.10203,0.03150,0.00323,-0.99428,-0.22705,-0.02055,-0.00614,0.97365,0.00000,0.00000,1.00,1.00
33569,Blink,3565,0.00,0.00,0.12613,-0.01063,0.00819,-0.99192,0.10368,0.00386,0.00040,-0.99460,-0.22832,0.00755,-0.00695,0.97353,0.10345,0.03136,0.00326,-0.99413,-0.22830,-0.02010,-0.00632,0.97336,0.00000,0.00000,1.00,1.00
33579,Blink,3575,0.00,0.00,0.12592,-0.01089,0.00828,-0.99195,0.10388,0.00414,0.00043,-0.99458,-0.22832,0.00753,-0.00701,0.97353,0.10365,0.03165,0.00330,-0.99410,-0.22830,-0.02012,-0.00639,0.97336,0.00000,0.00000,1.00,1.00
33591,Blink,3586,0.00,0.00,0.12574,-0.01114,0.00859,-0.99196,0.10406,0.00448,0.00047,-0.99456,-0.22833,0.00747,-0.00728,0.97353,0.10382,0.03198,0.00334,-0.99408,-0.22829,-0.02018,-0.00667,0.97336,0.00000,0.00000,1.00,1.00
33602,Blink,3598,0.00,0.00,0.12555,-0.01141,0.00880,-0.99198,0.10383,0.00606,0.00063,-0.99458,-0.22792,0.00617,-0.00744,0.97363,0.10354,0.03356,0.00350,-0.99405,-0.22784,-0.02148,-0.00683,0.97344,0.00000,0.00000,1.00,1.00
33612,Blink,3608,0.00,0.00,0.12543,-0.01155,0.00894,-0.99199,0.10394,0.00624,0.00065,-0.99456,-0.22792,0.00614,-0.00756,0.97363,0.10364,0.03374,0.00352,-0.99404,-0.22784,-0.02151,-0.00695,0.97344,0.00000,0.00000,1.00,1.00
33624,Blink,3619,0.00,0.00,0.12537,-0.01177,0.00906,-0.99200,0.10401,0.00650,0.00068,-0.99456,-0.22792,0.00612,-0.00764,0.97363,0.10370,0.03400,0.00355,-0.99402,-0.22784,-0.02153,-0.00704,0.97344,0.00000,0.00000,1.00,1.00
33636,Blink,3632,0.00,0.00,0.12526,-0.01186,0.00913,-0.99201,0.10437,0.00623,0.00065,-0.99452,-0.22817,0.00648,-0.00771,0.97357,0.10408,0.03373,0.00353,-0.99399,-0.22810,-0.02117,-0.00712,0.97338,0.00000,0.00000,1.00,1.00
33646,Blink,3641,0.00,0.00,0.12512,-0.01195,0.00931,-0.99203,0.10451,0.00638,0.00067,-0.99450,-0.22817,0.00644,-0.00788,0.97357,0.10420,0.03389,0.00355,-0.99397,-0.22810,-0.02121,-0.00729,0.97338,0.00000,0.00000,1.00,1.00
33657,Blink,3653,0.00,0.00,0.12499,-0.01192,0.00939,-0.99204,0.10464,0.00638,0.00067,-0.99449,-0.22818,0.00643,-0.00796,0.97357,0.10433,0.03388,0.00356,-0.99396,-0.22809,-0.02123,-0.00738,0.97338,0.00000,0.00000,1.00,1.00
33669,Blink,3665,0.00,0.00,0.12502,-0.01189,0.00939,-0.99204,0.10421,0.00535,0.00056,-0.99454,-0.22778,0.00744,-0.00799,0.97365,0.10393,0.03285,0.00343,-0.99404,-0.22772,-0.02021,-0.00740,0.97349,0.00000,0.00000,1.00,1.00
33679,Blink,3675,0.00,0.00,0.12489,-0.01185,0.00934,-0.99206,0.10434,0.00529,0.00056,-0.99453,-0.22778,0.00745,-0.00794,0.97365,0.10406,0.03279,0.00343,-0.99402,-0.22773,-0.02021,-0.00736,0.97349,0.00000,0.00000,1.00,1.00
33691,Blink,3686,0.00,0.00,0.12482,-0.01174,0.00922,-0.99207,0.10442,0.00514,0.00054,-0.99452,-0.22778,0.00747,-0.00784,0.97365,0.10414,0.03264,0.00342,-0.99402,-0.22773,-0.02018,-0.00727,0.97349,0.00000,0.00000,1.00,1.00
33703,Blink,3699,0.00,0.00,0.12473,-0.01160,0.00912,-0.99208,0.10445,0.00501,0.00053,-0.99452,-0.22771,0.00745,-0.00776,0.97367,0.10418,0.03251,0.00341,-0.99402,-0.22767,-0.02021,-0.00718,0.97350,0.00000,0.00000,1.00,1.00
33712,Blink,3708,0.00,0.00,0.12481,-0.01146,0.00906,-0.99207,0.10436,0.00486,0.00051,-0.99453,-0.22771,0.00746,-0.00771,0.97367,0.10410,0.03236,0.00339,-0.99403,-0.22767,-0.02019,-0.00714,0.97350,0.00000,0.00000,1.00,1.00
33723,Blink,3719,0.00,0.00,0.12499,-0.01130,0.00904,-0.99205,0.10419,0.00469,0.00049,-0.99455,-0.22771,0.00746,-0.00771,0.97367,0.10393,0.03220,0.00337,-0.99406,-0.22767,-0.02019,-0.00713,0.97350,0.00000,0.00000,1.00,1.00
33736,Blink,3732,0.00,0.00,0.12510,-0.01116,0.00916,-0.99204,0.10193,0.00442,0.00045,-0.99478,-0.22561,0.00760,-0.00787,0.97416,0.10167,0.03190,0.00326,-0.99430,-0.22558,-0.02003,-0.00722,0.97399,0.00000,0.00000,1.00,1.00
33746,Blink,3742,0.00,0.00,0.12512,-0.01105,0.00957,-0.99203,0.10191,0.00445,0.00046,-0.99478,-0.22562,0.00750,-0.00829,0.97415,0.10163,0.03193,0.00326,-0.99430,-0.22557,-0.02012,-0.00764,0.97399,0.00000,0.00000,1.00,1.00
33757,Blink,3753,0.00,0.00,0.12497,-0.01086,0.00978,-0.99205,0.10206,0.00433,0.00044,-0.99477,-0.22562,0.00745,-0.00852,0.97415,0.10177,0.03182,0.00326,-0.99429,-0.22556,-0.02018,-0.00787,0.97399,0.00000,0.00000,1.00,1.00
33769,Blink,3765,0.00,0.00,0.12487,-0.01082,0.00980,-0.99207,0.10383,0.00573,0.00060,-0.99458,-0.22726,0.00602,-0.00850,0.97378,0.10352,0.03322,0.00346,-0.99407,-0.22719,-0.02163,-0.00791,0.97358,0.00000,0.00000,1.00,1.00
33779,Blink,3775,0.00,0.00,0.12483,-0.01068,0.00972,-0.99207,0.10387,0.00557,0.00058,-0.99457,-0.22726,0.00603,-0.00844,0.97378,0.10357,0.03307,0.00345,-0.99407,-0.22719,-0.02161,-0.00785,0.97358,0.00000,0.00000,1.00,1.00
33791,Blink,3787,0.00,0.00,0.12480,-0.01060,0.00976,-0.99208,0.10390,0.00551,0.00058,-0.99457,-0.22726,0.00602,-0.00848,0.97378,0.10359,0.03300,0.00344,-0.99407,-0.22719,-0.02162,-0.00789,0.97358,0.00000,0.00000,1.00,1.00
33803,Blink,3798,0.00,0.00,0.12475,-0.01052,0.00968,-0.99209,0.10361,0.00563,0.00059,-0.99460,-0.22693,0.00581,-0.00841,0.97386,0.10332,0.03312,0.00344,-0.99409,-0.22687,-0.02183,-0.00782,0.97365,0.00000,0.00000,1.00,1.00
33813,Blink,3809,0.00,0.00,0.12470,-0.01045,0.00975,-0.99209,0.10366,0.00559,0.00058,-0.99460,-0.22693,0.00579,-0.00850,0.97386,0.10337,0.03308,0.00344,-0.99409,-0.22687,-0.02185,-0.00790,0.97365,0.00000,0.00000,1.00,1.00
33824,Blink,3820,0.00,0.00,0.12467,-0.01036,0.00975,-0.99210,0.10369,0.00551,0.00057,-0.99459,-0.22693,0.00578,-0.00851,0.97386,0.10340,0.03300,0.00343,-0.99409,-0.22687,-0.02186,-0.00792,0.97365,0.00000,0.00000,1.00,1.00
33836,Blink,3832,0.00,0.00,0.12466,-0.01015,0.00965,-0.99210,0.10365,0.00551,0.00057,-0.99460,-0.22688,0.00556,-0.00843,0.97387,0.10338,0.03300,0.00343,-0.99409,-0.22683,-0.02208,-0.00783,0.97365,0.00000,0.00000,1.00,1.00
33846,Blink,3842,0.00,0.00,0.12464,-0.01004,0.00944,-0.99211,0.10368,0.00533,0.00056,-0.99460,-0.22688,0.00561,-0.00823,0.97387,0.10341,0.03283,0.00341,-0.99409,-0.22684,-0.02203,-0.00764,0.97365,0.00000,0.00000,1.00,1.00
33858,Blink,3854,0.00,0.00,0.12463,-0.00977,0.00930,-0.99211,0.10369,0.00503,0.00052,-0.99460,-0.22688,0.00563,-0.00813,0.97387,0.10343,0.03252,0.00338,-0.99410,-0.22684,-0.02201,-0.00754,0.97365,0.00000,0.00000,1.00,1.00
33870,Blink,3865,0.00,0.00,0.12460,-0.00954,0.00922,-0.99212,0.10361,0.00404,0.00042,-0.99461,-0.22677,0.00639,-0.00809,0.97389,0.10337,0.03153,0.00328,-0.99414,-0.22675,-0.02126,-0.00750,0.97369,0.00000,0.00000,1.00,1.00
33880,Blink,3875,0.00,0.00,0.12449,-0.00919,0.00921,-0.99214,0.10373,0.00370,0.00039,-0.99460,-0.22677,0.00638,-0.00813,0.97389,0.10348,0.03120,0.00325,-0.99414,-0.22675,-0.02127,-0.00755,0.97369,0.00000,0.00000,1.00,1.00
33891,Blink,3886,0.00,0.00,0.12420,-0.00888,0.00924,-0.99217,0.10402,0.00341,0.00036,-0.99457,-0.22677,0.00636,-0.00819,0.97389,0.10378,0.03091,0.00323,-0.99412,-0.22674,-0.02128,-0.00762,0.97369,0.00000,0.00000,1.00,1.00
33903,Blink,3899,0.00,0.00,0.12395,-0.00854,0.00921,-0.99221,0.10416,0.00368,0.00039,-0.99455,-0.22666,0.00576,-0.00820,0.97392,0.10390,0.03118,0.00326,-0.99409,-0.22662,-0.02189,-0.00764,0.97371,0.00000,0.00000,1.00,1.00
33913,Blink,3908,0.00,0.00,0.12384,-0.00818,0.00923,-0.99223,0.10427,0.00334,0.00035,-0.99454,-0.22666,0.00574,-0.00826,0.97392,0.10401,0.03084,0.00323,-0.99409,-0.22662,-0.02191,-0.00771,0.97371,0.00000,0.00000,1.00,1.00
33924,Blink,3920,0.00,0.00,0.12387,-0.00781,0.00914,-0.99223,0.10424,0.00295,0.00031,-0.99455,-0.22666,0.00575,-0.00822,0.97392,0.10398,0.03046,0.00319,-0.99411,-0.22662,-0.02190,-0.00766,0.97371,0.00000,0.00000,1.00,1.00
33936,Blink,3932,0.00,0.00,0.12378,-0.00763,0.00936,-0.99224,0.10085,0.00084,0.00008,-0.99490,-0.22322,0.00769,-0.00853,0.97470,0.10062,0.02832,0.00286,-0.99452,-0.22323,-0.01992,-0.00788,0.97453,0.00000,0.00000,1.00,1.00
33946,Blink,3942,0.00,0.00,0.12362,-0.00734,0.00955,-0.99226,0.10102,0.00062,0.00006,-0.99488,-0.22322,0.00764,-0.00875,0.97470,0.10078,0.02810,0.00285,-0.99451,-0.22322,-0.01997,-0.00811,0.97453,0.97693,0.96519,1.00,1.00
33957,Blink,3953,0.00,0.00,0.12363,-0.00706,0.00983,-0.99225,0.10100,0.00044,0.00004,-0.99489,-0.22323,0.00757,-0.00905,0.97470,0.10075,0.02792,0.00283,-0.99452,-0.22322,-0.02004,-0.00842,0.97453,0.97693,0.96519,1.00,1.00
33969,Blink,3965,0.00,0.00,0.12350,-0.00675,0.00985,-0.99227,-0.00467,-0.00141,0.00001,-0.99999,-0.11885,0.00811,-0.01007,0.99283,-0.00470,0.02565,-0.00012,-0.99966,-0.11905,-0.01874,-0.00660,0.99269,0.97693,0.96519,1.00,1.00
33980,Blink,3976,0.00,0.00,0.12350,-0.00649,0.00981,-0.99228,-0.00466,-0.00168,0.00001,-0.99999,-0.11885,0.00811,-0.01005,0.99283,-0.00469,0.02539,-0.00012,-0.99967,-0.11905,-0.01873,-0.00658,0.99269,0.99022,0.97847,1.00,1.00
33991,Blink,3987,0.00,0.00,0.12351,-0.00625,0.00977,-0.99228,-0.00467,-0.00192,0.00001,-0.99999,-0.11885,0.00811,-0.01004,0.99283,-0.00470,0.02514,-0.00012,-0.99967,-0.11905,-0.01873,-0.00657,0.99269,0.99022,0.97847,1.00,1.00
34003,Blink,3999,0.00,0.00,0.12336,-0.00606,0.00965,-0.99230,-0.07107,-0.00731,0.00052,-0.99744,-0.05246,0.01255,-0.01148,0.99848,-0.07101,0.01996,-0.00142,-0.99727,-0.05275,-0.01428,-0.00618,0.99849,0.99022,0.97847,1.00,1.00
34014,Blink,4010,0.00,0.00,0.12326,-0.00600,0.00969,-0.99231,-0.07097,-0.00738,0.00052,-0.99745,-0.05246,0.01255,-0.01152,0.99848,-0.07091,0.01990,-0.00142,-0.99728,-0.05275,-0.01428,-0.00623,0.99849,0.99971,0.99947,1.00,1.00
34025,Blink,4021,0.00,0.00,0.12316,-0.00583,0.00968,-0.99232,-0.07086,-0.00755,0.00054,-0.99746,-0.05246,0.01255,-0.01153,0.99848,-0.07080,0.01973,-0.00140,-0.99729,-0.05275,-0.01428,-0.00625,0.99849,0.99971,0.99947,1.00,1.00
34037,Blink,4033,0.00,0.00,0.12317,-0.00566,0.00961,-0.99232,-0.07602,-0.00699,0.00053,-0.99708,-0.04731,0.01179,-0.01140,0.99875,-0.07594,0.02032,-0.00155,-0.99690,-0.04761,-0.01506,-0.00597,0.99873,0.99971,0.99947,1.00,1.00
34047,Blink,4042,0.00,0.00,0.12313,-0.00545,0.00954,-0.99233,-0.07598,-0.00721,0.00055,-0.99708,-0.04731,0.01179,-0.01136,0.99875,-0.07591,0.02010,-0.00153,-0.99691,-0.04761,-0.01505,-0.00593,0.99873,0.99999,0.99999,1.00,1.00
34058,Blink,4054,0.00,0.00,0.12319,-0.00523,0.00944,-0.99232,-0.07604,-0.00742,0.00057,-0.99708,-0.04731,0.01179,-0.01129,0.99875,-0.07596,0.01989,-0.00152,-0.99691,-0.04761,-0.01505,-0.00585,0.99874,0.99999,0.99999,1.00,1.00
34070,Blink,4066,0.00,0.00,0.12331,-0.00505,0.00913,-0.99231,-0.07601,-0.04700,0.00359,-0.99599,-0.04698,0.05053,-0.01883,0.99744,-0.07632,-0.01976,0.00151,-0.99689,-0.04701,0.02376,-0.01342,0.99852,0.99999,0.99999,1.00,1.00
34080,Blink,4076,0.00,0.00,0.12340,-0.00484,0.00883,-0.99231,-0.07612,-0.04721,0.00361,-0.99597,-0.04697,0.05055,-0.01857,0.99744,-0.07643,-0.01997,0.00153,-0.99687,-0.04701,0.02377,-0.01315,0.99853,0.99109,1.00000,1.00,1.00
34092,Blink,4087,0.00,0.00,0.12337,-0.00464,0.00865,-0.99231,-0.07611,-0.04740,0.00362,-0.99597,-0.04696,0.05055,-0.01841,0.99745,-0.07640,-0.02016,0.00155,-0.99687,-0.04700,0.02378,-0.01300,0.99853,0.99109,1.00000,1.00,1.00
34104,Blink,4100,0.00,0.00,0.12324,-0.00440,0.00863,-0.99233,-0.06413,-0.04973,0.00320,-0.99670,-0.05878,0.05279,-0.01819,0.99671,-0.06441,-0.02257,0.00146,-0.99767,-0.05885,0.02606,-0.01312,0.99784,0.99109,1.00000,1.00,1.00
34114,Blink,4110,0.00,0.00,0.12297,-0.00418,0.00871,-0.99236,-0.06385,-0.04995,0.00320,-0.99670,-0.05878,0.05279,-0.01826,0.99671,-0.06414,-0.02279,0.00147,-0.99768,-0.05885,0.02605,-0.01321,0.99784,0.98643,0.98675,1.00,1.00
34125,Blink,4121,0.00,0.00,0.12261,-0.00397,0.00872,-0.99241,-0.06348,-0.05016,0.00319,-0.99672,-0.05878,0.05279,-0.01827,0.99671,-0.06376,-0.02300,0.00147,-0.99770,-0.05885,0.02605,-0.01324,0.99784,0.98643,0.98675,1.00,1.00
34137,Blink,4133,0.00,0.00,0.12233,-0.00374,0.00875,-0.99244,0.00971,-0.07449,-0.00073,-0.99717,-0.13096,0.07783,-0.01708,0.98818,0.00979,-0.04766,-0.00047,-0.99882,-0.13148,0.05117,-0.01407,0.98990,0.98643,0.98675,1.00,1.00
34148,Blink,4143,0.00,0.00,0.12216,-0.00354,0.00871,-0.99247,0.00988,-0.07469,-0.00074,-0.99716,-0.13096,0.07783,-0.01704,0.98818,0.00996,-0.04786,-0.00048,-0.99880,-0.13148,0.05118,-0.01404,0.98990,0.88633,0.86019,1.00,1.00
34159,Blink,4155,0.00,0.00,0.12208,-0.00335,0.00870,-0.99248,0.00996,-0.07488,-0.00075,-0.99714,-0.13096,0.07783,-0.01705,0.98818,0.01004,-0.04805,-0.00048,-0.99879,-0.13148,0.05118,-0.01405,0.98990,0.88633,0.86019,1.00,1.00
34170,Blink,4166,0.00,0.00,0.12204,-0.00317,0.00867,-0.99248,0.03489,-0.07448,-0.00261,-0.99661,-0.15560,0.07770,-0.01503,0.98464,0.03517,-0.04760,-0.00168,-0.99825,-0.15632,0.05091,-0.01269,0.98631,0.88633,0.86019,1.00,1.00
34181,Blink,4176,0.00,0.00,0.12191,-0.00301,0.00871,-0.99250,0.03503,-0.07463,-0.00262,-0.99659,-0.15560,0.07769,-0.01507,0.98464,0.03531,-0.04775,-0.00169,-0.99823,-0.15632,0.05091,-0.01273,0.98631,0.17475,0.18609,1.00,1.00
34195,Blink,4191,0.00,0.00,0.12174,-0.00281,0.00867,-0.99252,0.03520,-0.07483,-0.00264,-0.99657,-0.15560,0.07770,-0.01503,0.98465,0.03549,-0.04795,-0.00170,-0.99822,-0.15632,0.05091,-0.01270,0.98631,0.17475,0.18609,1.00,1.00
34203,Blink,4199,0.00,0.00,0.12144,-0.00264,0.00873,-0.99256,0.10135,-0.01997,-0.00203,-0.99465,-0.22121,0.02358,-0.00882,0.97490,0.10142,0.00753,0.00077,-0.99481,-0.22155,-0.00406,-0.00827,0.97511,0.17475,0.18609,1.00,1.00
34214,Blink,4209,0.00,0.00,0.12122,-0.00251,0.00867,-0.99258,0.10157,-0.02011,-0.00205,-0.99462,-0.22121,0.02359,-0.00877,0.97490,0.10165,0.00739,0.00076,-0.99479,-0.22155,-0.00405,-0.00822,0.97511,0.00389,0.00415,1.00,1.00
34226,Blink,4221,0.00,0.00,0.12095,-0.00230,0.00857,-0.99262,0.10184,-0.02035,-0.00208,-0.99459,-0.22121,0.02361,-0.00868,0.97490,0.10192,0.00715,0.00073,-0.99477,-0.22155,-0.00403,-0.00815,0.97511,0.00389,0.00415,1.00,1.00
34237,Blink,4232,0.00,0.00,0.12081,-0.00214,0.00849,-0.99264,0.10146,-0.01999,-0.00204,-0.99464,-0.22071,0.02307,-0.00862,0.97503,0.10155,0.00751,0.00077,-0.99480,-0.22105,-0.00456,-0.00808,0.97522,0.00389,0.00415,1.00,1.00
34247,Blink,4243,0.00,0.00,0.12070,-0.00199,0.00823,-0.99265,0.10157,-0.02022,-0.00206,-0.99462,-0.22070,0.02313,-0.00838,0.97503,0.10166,0.00728,0.00074,-0.99479,-0.22105,-0.00451,-0.00785,0.97522,0.00010,0.00011,1.00,1.00
34259,Blink,4255,0.00,0.00,0.12064,-0.00186,0.00811,-0.99266,0.10163,-0.02037,-0.00208,-0.99461,-0.22070,0.02315,-0.00827,0.97503,0.10173,0.00713,0.00073,-0.99479,-0.22105,-0.00448,-0.00774,0.97522,0.00010,0.00011,1.00,1.00
34270,Blink,4266,0.00,0.00,0.12061,-0.00174,0.00801,-0.99267,0.09673,-0.01994,-0.00194,-0.99511,-0.21588,0.02253,-0.00828,0.97613,0.09683,0.00752,0.00073,-0.99527,-0.21622,-0.00505,-0.00762,0.97630,0.00010,0.00011,1.00,1.00
34281,Blink,4276,0.00,0.00,0.12064,-0.00166,0.00798,-0.99266,0.09670,-0.02002,-0.00195,-0.99511,-0.21588,0.02254,-0.00827,0.97613,0.09680,0.00744,0.00072,-0.99528,-0.21622,-0.00504,-0.00760,0.97630,0.00000,0.00000,1.00,1.00
34293,Blink,4288,0.00,0.00,0.12064,-0.00153,0.00795,-0.99266,0.09670,-0.02016,-0.00196,-0.99511,-0.21588,0.02254,-0.00825,0.97613,0.09680,0.00730,0.00071,-0.99528,-0.21622,-0.00504,-0.00759,0.97630,0.00000,0.00000,1.00,1.00
34304,Blink,4300,0.00,0.00,0.12056,-0.00143,0.00792,-0.99267,0.09645,-0.01785,-0.00173,-0.99518,-0.21558,0.02011,-0.00818,0.97624,0.09651,0.00961,0.00093,-0.99528,-0.21588,-0.00747,-0.00751,0.97636,0.00000,0.00000,1.00,1.00
34314,Blink,4310,0.00,0.00,0.12050,-0.00132,0.00781,-0.99268,0.09652,-0.01798,-0.00174,-0.99517,-0.21558,0.02013,-0.00808,0.97624,0.09658,0.00948,0.00092,-0.99528,-0.21588,-0.00745,-0.00742,0.97636,0.00000,0.00000,1.00,1.00
34326,Blink,4321,0.00,0.00,0.12058,-0.00111,0.00773,-0.99267,0.09643,-0.01821,-0.00176,-0.99517,-0.21558,0.02014,-0.00803,0.97625,0.09650,0.00925,0.00090,-0.99529,-0.21588,-0.00744,-0.00736,0.97636,0.00000,0.00000,1.00,1.00
34337,Blink,4333,0.00,0.00,0.12087,-0.00095,0.00770,-0.99264,0.09793,-0.01656,-0.00163,-0.99505,-0.21735,0.01834,-0.00795,0.97589,0.09797,0.01091,0.00107,-0.99513,-0.21762,-0.00926,-0.00732,0.97596,0.00000,0.00000,1.00,1.00
34348,Blink,4343,0.00,0.00,0.12127,-0.00082,0.00769,-0.99259,0.09753,-0.01669,-0.00164,-0.99509,-0.21735,0.01833,-0.00798,0.97589,0.09757,0.01078,0.00106,-0.99517,-0.21762,-0.00926,-0.00732,0.97596,0.00000,0.00000,1.00,1.00
34359,Blink,4355,0.00,0.00,0.12146,-0.00076,0.00802,-0.99256,0.09736,-0.01665,-0.00163,-0.99511,-0.21736,0.01826,-0.00831,0.97589,0.09738,0.01082,0.00106,-0.99519,-0.21761,-0.00933,-0.00764,0.97596,0.00000,0.00000,1.00,1.00
34370,Blink,4366,0.00,0.00,0.12156,-0.00064,0.00836,-0.99255,0.09742,-0.01620,-0.00159,-0.99511,-0.21753,0.01772,-0.00865,0.97585,0.09742,0.01127,0.00110,-0.99518,-0.21776,-0.00987,-0.00798,0.97592,0.00000,0.00000,1.00,1.00
34381,Blink,4377,0.00,0.00,0.12163,-0.00051,0.00853,-0.99254,0.09736,-0.01627,-0.00159,-0.99512,-0.21753,0.01767,-0.00884,0.97585,0.09734,0.01120,0.00110,-0.99519,-0.21776,-0.00991,-0.00817,0.97592,0.00000,0.00000,1.00,1.00
34393,Blink,4388,0.00,0.00,0.12178,-0.00032,0.00842,-0.99252,0.09721,-0.01649,-0.00161,-0.99513,-0.21753,0.01769,-0.00875,0.97585,0.09720,0.01098,0.00107,-0.99520,-0.21776,-0.00989,-0.00807,0.97592,0.00000,0.00000,1.00,1.00
34404,Blink,4400,0.00,0.00,0.12181,-0.00029,0.00819,-0.99252,0.10052,-0.01617,-0.00163,-0.99480,-0.22082,0.01736,-0.00846,0.97512,0.10054,0.01132,0.00114,-0.99487,-0.22107,-0.01027,-0.00787,0.97517,0.00000,0.00000,1.00,1.00
34415,Blink,4410,0.00,0.00,0.12185,-0.00015,0.00796,-0.99252,0.10048,-0.01638,-0.00165,-0.99480,-0.22081,0.01740,-0.00826,0.97513,0.10051,0.01112,0.00112,-0.99487,-0.22107,-0.01022,-0.00767,0.97517,0.00000,0.00000,1.00,1.00
34427,Blink,4422,0.00,0.00,0.12172,-0.00012,0.00779,-0.99253,0.10061,-0.01646,-0.00166,-0.99479,-0.22081,0.01744,-0.00809,0.97513,0.10065,0.01103,0.00112,-0.99486,-0.22107,-0.01019,-0.00750,0.97518,0.00000,0.00000,1.00,1.00
34437,Blink,4433,0.00,0.00,0.12153,-0.00002,0.00760,-0.99256,0.10382,-0.00124,-0.00013,-0.99460,-0.22392,0.00205,-0.00758,0.97458,0.10367,0.02627,0.00274,-0.99426,-0.22393,-0.02560,-0.00708,0.97424,0.00000,0.00000,1.00,1.00
34448,Blink,4443,0.00,0.00,0.12149,0.00014,0.00742,-0.99256,0.10386,-0.00145,-0.00015,-0.99459,-0.22392,0.00209,-0.00742,0.97458,0.10372,0.02607,0.00272,-0.99426,-0.22393,-0.02557,-0.00692,0.97424,0.00000,0.00000,1.00,1.00
34460,Blink,4456,0.00,0.00,0.12151,0.00029,0.00720,-0.99256,0.10385,-0.00166,-0.00017,-0.99459,-0.22392,0.00213,-0.00722,0.97458,0.10371,0.02585,0.00270,-0.99427,-0.22394,-0.02552,-0.00672,0.97425,0.00000,0.00000,1.00,1.00
34471,Blink,4466,0.00,0.00,0.12166,0.00049,0.00680,-0.99255,0.10371,-0.00158,-0.00016,-0.99461,-0.22393,0.00180,-0.00684,0.97458,0.10358,0.02593,0.00270,-0.99428,-0.22394,-0.02585,-0.00634,0.97424,0.00000,0.00000,1.00,1.00
34481,Blink,4477,0.00,0.00,0.12177,0.00069,0.00659,-0.99254,0.10360,-0.00184,-0.00019,-0.99462,-0.22393,0.00184,-0.00666,0.97458,0.10348,0.02567,0.00267,-0.99430,-0.22395,-0.02581,-0.00615,0.97424,0.00000,0.00000,1.00,1.00
34493,Blink,4488,0.00,0.00,0.12182,0.00086,0.00641,-0.99253,0.10355,-0.00206,-0.00021,-0.99462,-0.22393,0.00188,-0.00650,0.97458,0.10344,0.02545,0.00265,-0.99431,-0.22395,-0.02577,-0.00599,0.97424,0.00000,0.00000,1.00,1.00
34504,Blink,4500,0.00,0.00,0.12180,0.00106,0.00646,-0.99253,0.10358,-0.00366,-0.00038,-0.99461,-0.22393,0.00329,-0.00660,0.97458,0.10347,0.02386,0.00248,-0.99434,-0.22396,-0.02437,-0.00609,0.97428,0.00000,0.00000,1.00,1.00
34514,Blink,4510,0.00,0.00,0.12171,0.00123,0.00653,-0.99254,0.10367,-0.00379,-0.00039,-0.99460,-0.22393,0.00327,-0.00669,0.97458,0.10355,0.02373,0.00247,-0.99434,-0.22395,-0.02439,-0.00619,0.97427,0.00000,0.00000,1.00,1.00
34526,Blink,4522,0.00,0.00,0.12172,0.00139,0.00662,-0.99254,0.10367,-0.00392,-0.00041,-0.99460,-0.22393,0.00324,-0.00680,0.97458,0.10354,0.02360,0.00246,-0.99434,-0.22395,-0.02442,-0.00630,0.97427,0.00000,0.00000,1.00,1.00
34538,Blink,4533,0.00,0.00,0.12189,0.00154,0.00665,-0.99252,0.10408,-0.00437,-0.00046,-0.99456,-0.22450,0.00355,-0.00685,0.97444,0.10394,0.02315,0.00242,-0.99431,-0.22451,-0.02412,-0.00635,0.97415,0.00000,0.00000,1.00,1.00
34548,Blink,4544,0.00,0.00,0.12206,0.00165,0.00661,-0.99250,0.10392,-0.00449,-0.00047,-0.99458,-0.22450,0.00355,-0.00683,0.97444,0.10378,0.02303,0.00240,-0.99433,-0.22451,-0.02411,-0.00632,0.97415,0.00000,0.00000,1.00,1.00
34559,Blink,4555,0.00,0.00,0.12221,0.00166,0.00675,-0.99248,0.10377,-0.00445,-0.00046,-0.99459,-0.22450,0.00352,-0.00697,0.97444,0.10362,0.02306,0.00240,-0.99435,-0.22451,-0.02414,-0.00645,0.97415,0.00000,0.00000,1.00,1.00
34571,Blink,4566,0.00,0.00,0.12232,0.00166,0.00707,-0.99246,0.10377,-0.00477,-0.00050,-0.99459,-0.22461,0.00388,-0.00729,0.97441,0.10362,0.02275,0.00237,-0.99435,-0.22462,-0.02378,-0.00677,0.97413,0.00000,0.00000,1.00,1.00
34582,Blink,4577,0.00,0.00,0.12240,0.00168,0.00725,-0.99245,0.10369,-0.00473,-0.00049,-0.99460,-0.22461,0.00383,-0.00748,0.97441,0.10352,0.02279,0.00237,-0.99436,-0.22461,-0.02383,-0.00695,0.97413,0.00000,0.00000,1.00,1.00
34594,Blink,4590,0.00,0.00,0.12262,0.00173,0.00720,-0.99243,0.10347,-0.00479,-0.00050,-0.99462,-0.22461,0.00384,-0.00743,0.97441,0.10331,0.02272,0.00236,-0.99439,-0.22461,-0.02381,-0.00689,0.97413,0.00000,0.00000,1.00,1.00
34605,Blink,4600,0.00,0.00,0.12283,0.00165,0.00722,-0.99240,0.10249,-0.00572,-0.00059,-0.99472,-0.22384,0.00485,-0.00747,0.97458,0.10236,0.02178,0.00224,-0.99451,-0.22388,-0.02280,-0.00690,0.97433,0.00000,0.00000,1.00,1.00
34615,Blink,4611,0.00,0.00,0.12303,0.00172,0.00724,-0.99237,0.10228,-0.00578,-0.00059,-0.99474,-0.22385,0.00484,-0.00750,0.97458,0.10215,0.02172,0.00223,-0.99453,-0.22388,-0.02280,-0.00691,0.97433,0.00000,0.00000,1.00,1.00
34627,Blink,4623,0.00,0.00,0.12329,0.00163,0.00736,-0.99234,0.10202,-0.00566,-0.00058,-0.99477,-0.22385,0.00482,-0.00761,0.97458,0.10188,0.02184,0.00224,-0.99455,-0.22388,-0.02282,-0.00701,0.97432,0.00000,0.00000,1.00,1.00
34638,Blink,4634,0.00,0.00,0.12346,0.00167,0.00756,-0.99232,0.10228,-0.00560,-0.00058,-0.99474,-0.22426,0.00474,-0.00781,0.97449,0.10214,0.02190,0.00225,-0.99453,-0.22430,-0.02290,-0.00721,0.97422,0.00000,0.00000,1.00,1.00
34648,Blink,4644,0.00,0.00,0.12368,0.00164,0.00769,-0.99229,0.10205,-0.00553,-0.00057,-0.99476,-0.22426,0.00471,-0.00794,0.97449,0.10191,0.02197,0.00225,-0.99455,-0.22430,-0.02293,-0.00733,0.97422,0.00000,0.00000,1.00,1.00
34661,Blink,4656,0.00,0.00,0.12385,0.00174,0.00777,-0.99227,0.10189,-0.00560,-0.00057,-0.99478,-0.22426,0.00469,-0.00803,0.97448,0.10174,0.02190,0.00224,-0.99457,-0.22430,-0.02295,-0.00741,0.97422,0.00000,0.00000,1.00,1.00
34671,Blink,4667,0.00,0.00,0.12395,0.00171,0.00783,-0.99226,0.10236,-0.00398,-0.00041,-0.99474,-0.22484,0.00310,-0.00805,0.97436,0.10220,0.02352,0.00242,-0.99448,-0.22486,-0.02454,-0.00744,0.97405,0.00000,0.00000,1.00,1.00
34682,Blink,4678,0.00,0.00,0.12412,0.00180,0.00786,-0.99223,0.10219,-0.00406,-0.00042,-0.99476,-0.22484,0.00309,-0.00809,0.97436,0.10203,0.02344,0.00240,-0.99450,-0.22485,-0.02455,-0.00748,0.97405,0.00000,0.00000,1.00,1.00
34694,Blink,4690,0.00,0.00,0.12421,0.00178,0.00802,-0.99222,0.10210,-0.00399,-0.00041,-0.99477,-0.22484,0.00305,-0.00825,0.97436,0.10193,0.02351,0.00241,-0.99451,-0.22485,-0.02458,-0.00763,0.97405,0.00000,0.00000,1.00,1.00
34705,Blink,4701,0.00,0.00,0.12430,0.00179,0.00829,-0.99221,0.10211,-0.00393,-0.00040,-0.99477,-0.22493,0.00302,-0.00852,0.97433,0.10194,0.02357,0.00242,-0.99451,-0.22495,-0.02461,-0.00790,0.97403,0.00000,0.00000,1.00,1.00
34715,Blink,4711,0.00,0.00,0.12434,0.00177,0.00849,-0.99220,0.10206,-0.00385,-0.00040,-0.99477,-0.22493,0.00298,-0.00871,0.97433,0.10188,0.02365,0.00242,-0.99451,-0.22494,-0.02466,-0.00808,0.97403,0.00000,0.00000,1.00,1.00
34727,Blink,4723,0.00,0.00,0.12430,0.00175,0.00872,-0.99220,0.10210,-0.00376,-0.00039,-0.99477,-0.22493,0.00293,-0.00893,0.97433,0.10191,0.02374,0.00243,-0.99451,-0.22494,-0.02471,-0.00831,0.97402,0.00000,0.00000,1.00,1.00
34738,Blink,4734,0.00,0.00,0.12426,0.00165,0.00884,-0.99221,0.10111,-0.00706,-0.00072,-0.99485,-0.22388,0.00634,-0.00913,0.97455,0.10098,0.02044,0.00207,-0.99468,-0.22397,-0.02129,-0.00848,0.97433,0.00000,0.00000,1.00,1.00
34748,Blink,4744,0.00,0.00,0.12422,0.00153,0.00900,-0.99221,0.10115,-0.00689,-0.00070,-0.99485,-0.22388,0.00631,-0.00927,0.97455,0.10101,0.02061,0.00209,-0.99467,-0.22396,-0.02132,-0.00862,0.97433,0.00000,0.00000,1.00,1.00
34760,Blink,4756,0.00,0.00,0.12430,0.00136,0.00900,-0.99220,0.10106,-0.00672,-0.00068,-0.99486,-0.22388,0.00631,-0.00925,0.97455,0.10092,0.02077,0.00211,-0.99468,-0.22396,-0.02132,-0.00860,0.97433,0.00000,0.00000,1.00,1.00
34771,Blink,4767,0.00,0.00,0.12442,0.00111,0.00907,-0.99219,0.10060,-0.00669,-0.00068,-0.99490,-0.22354,0.00654,-0.00930,0.97463,0.10048,0.02080,0.00210,-0.99472,-0.22365,-0.02109,-0.00863,0.97440,0.00000,0.00000,1.00,1.00
34782,Blink,4778,0.00,0.00,0.12457,0.00077,0.00918,-0.99217,0.10045,-0.00634,-0.00064,-0.99492,-0.22354,0.00652,-0.00937,0.97463,0.10033,0.02115,0.00213,-0.99473,-0.22365,-0.02110,-0.00869,0.97440,0.00000,0.00000,1.00,1.00
34794,Blink,4790,0.00,0.00,0.12475,0.00036,0.00926,-0.99214,0.10026,-0.00591,-0.00060,-0.99494,-0.22354,0.00651,-0.00940,0.97463,0.10014,0.02157,0.00217,-0.99474,-0.22365,-0.02111,-0.00871,0.97440,0.00000,0.00000,1.00,1.00
34805,Blink,4801,0.00,0.00,0.12488,-0.00003,0.00930,-0.99213,0.09888,-0.00267,-0.00026,-0.99510,-0.22235,0.00363,-0.00932,0.97492,0.09874,0.02481,0.00246,-0.99480,-0.22242,-0.02397,-0.00859,0.97462,0.00000,0.00000,1.00,1.00
34816,Blink,4811,0.00,0.00,0.12505,-0.00038,0.00942,-0.99211,0.09871,-0.00230,-0.00023,-0.99511,-0.22235,0.00361,-0.00940,0.97491,0.09856,0.02517,0.00249,-0.99481,-0.22242,-0.02398,-0.00866,0.97462,0.00000,0.00000,1.00,1.00
34828,Blink,4823,0.00,0.00,0.12513,-0.00077,0.00955,-0.99209,0.09863,-0.00187,-0.00019,-0.99512,-0.22235,0.00359,-0.00948,0.97491,0.09847,0.02560,0.00253,-0.99481,-0.22242,-0.02400,-0.00874,0.97462,0.00000,0.00000,1.00,1.00
34838,Blink,4834,0.00,0.00,0.12515,-0.00105,0.00965,-0.99209,0.09892,-0.00173,-0.00017,-0.99509,-0.22266,0.00374,-0.00954,0.97484,0.09876,0.02574,0.00256,-0.99478,-0.22273,-0.02386,-0.00881,0.97455,0.00000,0.00000,1.00,1.00
34849,Blink,4844,0.00,0.00,0.12508,-0.00136,0.00969,-0.99210,0.09899,-0.00141,-0.00014,-0.99509,-0.22266,0.00374,-0.00954,0.97484,0.09883,0.02606,0.00259,-0.99476,-0.22273,-0.02386,-0.00881,0.97455,0.00000,0.00000,1.00,1.00
34861,Blink,4857,0.00,0.00,0.12500,-0.00154,0.00963,-0.99211,0.09907,-0.00126,-0.00013,-0.99508,-0.22266,0.00375,-0.00946,0.97484,0.09891,0.02621,0.00261,-0.99475,-0.22273,-0.02385,-0.00874,0.97455,0.00000,0.00000,1.00,1.00
34871,Blink,4867,0.00,0.00,0.12494,-0.00168,0.00964,-0.99212,0.09618,-0.00114,-0.00011,-0.99536,-0.21976,0.00374,-0.00947,0.97550,0.09602,0.02630,0.00254,-0.99503,-0.21984,-0.02382,-0.00866,0.97521,0.00000,0.00000,1.00,1.00
34882,Blink,4878,0.00,0.00,0.12490,-0.00174,0.00963,-0.99212,0.09622,-0.00108,-0.00010,-0.99536,-0.21976,0.00375,-0.00945,0.97550,0.09606,0.02637,0.00255,-0.99502,-0.21984,-0.02382,-0.00865,0.97521,0.00000,0.00000,1.00,1.00
34894,Blink,4890,0.00,0.00,0.12483,-0.00175,0.00972,-0.99213,0.09628,-0.00105,-0.00010,-0.99535,-0.21976,0.00373,-0.00954,0.97550,0.09612,0.02640,0.00255,-0.99502,-0.21984,-0.02384,-0.00874,0.97521,0.00000,0.00000,1.00,1.00
34905,Blink,4901,0.00,0.00,0.12485,-0.00171,0.00984,-0.99213,0.09628,-0.00108,-0.00010,-0.99535,-0.21978,0.00374,-0.00966,0.97550,0.09611,0.02636,0.00255,-0.99502,-0.21984,-0.02383,-0.00886,0.97520,0.00000,0.00000,1.00,1.00
34916,Blink,4911,0.00,0.00,0.12486,-0.00173,0.00993,-0.99212,0.09627,-0.00103,-0.00010,-0.99536,-0.21978,0.00371,-0.00975,0.97549,0.09609,0.02642,0.00255,-0.99502,-0.21984,-0.02385,-0.00895,0.97520,0.00000,0.00000,1.00,1.00
34928,Blink,4923,0.00,0.00,0.12478,-0.00163,0.01007,-0.99213,0.09635,-0.00109,-0.00011,-0.99535,-0.21978,0.00368,-0.00989,0.97549,0.09617,0.02636,0.00255,-0.99501,-0.21983,-0.02388,-0.00910,0.97520,0.00000,0.00000,1.00,1.00
34939,Blink,4935,0.00,0.00,0.12453,-0.00147,0.01021,-0.99216,0.09577,0.00089,0.00009,-0.99540,-0.21898,0.00155,-0.00999,0.97568,0.09555,0.02833,0.00272,-0.99502,-0.21900,-0.02601,-0.00919,0.97533,0.00000,0.00000,1.00,1.00
34949,Blink,4945,0.00,0.00,0.12434,-0.00141,0.01032,-0.99218,0.09595,0.00087,0.00008,-0.99539,-0.21898,0.00152,-0.01012,0.97568,0.09573,0.02831,0.00272,-0.99500,-0.21900,-0.02604,-0.00932,0.97533,0.00000,0.00000,1.00,1.00
34961,Blink,4957,0.00,0.00,0.12442,-0.00139,0.01031,-0.99218,0.09588,0.00085,0.00008,-0.99539,-0.21898,0.00152,-0.01010,0.97568,0.09566,0.02829,0.00272,-0.99501,-0.21900,-0.02603,-0.00930,0.97533,0.00000,0.00000,1.00,1.00
34972,Blink,4968,0.00,0.00,0.12453,-0.00143,0.01033,-0.99216,0.09791,0.00108,0.00011,-0.99519,-0.22109,0.00135,-0.01011,0.97520,0.09770,0.02854,0.00280,-0.99480,-0.22112,-0.02623,-0.00937,0.97485,0.00000,0.00000,1.00,1.00
34982,Blink,4978,0.00,0.00,0.12458,-0.00152,0.01047,-0.99215,0.09786,0.00121,0.00012,-0.99520,-0.22109,0.00132,-0.01024,0.97520,0.09764,0.02867,0.00281,-0.99480,-0.22111,-0.02626,-0.00949,0.97485,0.00000,0.00000,1.00,1.00
34995,Blink,4990,0.00,0.00,0.12448,-0.00184,0.01083,-0.99216,0.09796,0.00163,0.00016,-0.99519,-0.22109,0.00125,-0.01056,0.97520,0.09772,0.02909,0.00286,-0.99479,-0.22110,-0.02633,-0.00981,0.97485,0.00000,0.00000,1.00,1.00
35005,Blink,5001,0.00,0.00,0.12444,-0.00207,0.01098,-0.99216,0.09875,0.00186,0.00018,-0.99511,-0.22183,0.00128,-0.01068,0.97503,0.09851,0.02932,0.00290,-0.99470,-0.22185,-0.02631,-0.00995,0.97467,0.00000,0.00000,1.00,1.00
35016,Blink,5012,0.00,0.00,0.12449,-0.00227,0.01086,-0.99216,0.09870,0.00201,0.00020,-0.99511,-0.22183,0.00131,-0.01053,0.97503,0.09847,0.02947,0.00292,-0.99470,-0.22186,-0.02628,-0.00980,0.97468,0.00000,0.00000,1.00,1.00
35028,Blink,5024,0.00,0.00,0.12459,-0.00252,0.01066,-0.99215,0.09860,0.00218,0.00022,-0.99512,-0.22183,0.00136,-0.01030,0.97503,0.09838,0.02965,0.00293,-0.99470,-0.22186,-0.02622,-0.00957,0.97468,0.00000,0.00000,1.00,1.00
35039,Blink,5035,0.00,0.00,0.12458,-0.00272,0.01044,-0.99215,0.09854,0.00041,0.00004,-0.99513,-0.22175,0.00333,-0.01011,0.97505,0.09838,0.02787,0.00276,-0.99475,-0.22184,-0.02426,-0.00938,0.97474,0.00000,0.00000,1.00,1.00
35050,Blink,5045,0.00,0.00,0.12457,-0.00296,0.01031,-0.99215,0.09855,0.00059,0.00006,-0.99513,-0.22175,0.00337,-0.00996,0.97505,0.09840,0.02805,0.00277,-0.99475,-0.22184,-0.02422,-0.00923,0.97474,0.00000,0.00000,1.00,1.00
35062,Blink,5058,0.00,0.00,0.12448,-0.00311,0.01028,-0.99216,0.09865,0.00073,0.00007,-0.99512,-0.22175,0.00338,-0.00991,0.97505,0.09849,0.02819,0.00279,-0.99473,-0.22184,-0.02421,-0.00918,0.97474,0.00000,0.00000,1.00,1.00
35073,Blink,5068,0.00,0.00,0.12444,-0.00318,0.01030,-0.99217,0.09906,0.00028,0.00003,-0.99508,-0.22211,0.00390,-0.00993,0.97496,0.09890,0.02775,0.00276,-0.99471,-0.22220,-0.02370,-0.00921,0.97467,0.00000,0.00000,1.00,1.00
35083,Blink,5078,0.00,0.00,0.12441,-0.00321,0.01019,-0.99217,0.09909,0.00028,0.00003,-0.99508,-0.22211,0.00392,-0.00982,0.97496,0.09893,0.02775,0.00276,-0.99470,-0.22220,-0.02368,-0.00911,0.97467,0.00000,0.00000,1.00,1.00
35095,Blink,5091,0.00,0.00,0.12445,-0.00319,0.01003,-0.99217,0.09905,0.00021,0.00002,-0.99508,-0.22211,0.00396,-0.00966,0.97497,0.09890,0.02768,0.00275,-0.99471,-0.22221,-0.02364,-0.00895,0.97467,0.00000,0.00000,1.00,1.00
35106,Blink,5102,0.00,0.00,0.12456,-0.00306,0.00983,-0.99216,0.09893,0.00051,0.00005,-0.99509,-0.22211,0.00351,-0.00947,0.97497,0.09877,0.02798,0.00278,-0.99471,-0.22218,-0.02409,-0.00875,0.97467,0.00000,0.00000,1.00,1.00
35116,Blink,5112,0.00,0.00,0.12462,-0.00293,0.00972,-0.99215,0.09887,0.00034,0.00003,-0.99510,-0.22211,0.00353,-0.00937,0.97497,0.09871,0.02781,0.00276,-0.99472,-0.22218,-0.02406,-0.00865,0.97467,0.00000,0.00000,1.00,1.00
35129,Blink,5124,0.00,0.00,0.12476,-0.00270,0.00971,-0.99214,0.09873,0.00012,0.00001,-0.99511,-0.22211,0.00353,-0.00939,0.97497,0.09858,0.02759,0.00273,-0.99474,-0.22218,-0.02407,-0.00866,0.97467,0.00000,0.00000,1.00,1.00
35139,Blink,5135,0.00,0.00,0.12474,-0.00258,0.00969,-0.99214,0.09878,0.00031,0.00003,-0.99511,-0.22214,0.00322,-0.00938,0.97496,0.09861,0.02777,0.00275,-0.99474,-0.22219,-0.02437,-0.00865,0.97466,0.00000,0.00000,1.00,1.00
35150,Blink,5145,0.00,0.00,0.12481,-0.00231,0.00970,-0.99213,0.09872,0.00004,0.00000,-0.99512,-0.22214,0.00321,-0.00942,0.97496,0.09854,0.02751,0.00272,-0.99475,-0.22219,-0.02438,-0.00869,0.97466,0.00000,0.00000,1.00,1.00
35162,Blink,5157,0.00,0.00,0.12499,-0.00212,0.00963,-0.99211,0.09854,-0.00016,-0.00002,-0.99513,-0.22214,0.00322,-0.00938,0.97496,0.09837,0.02730,0.00270,-0.99477,-0.22219,-0.02437,-0.00864,0.97466,0.00000,0.00000,1.00,1.00
35172,Blink,5168,0.00,0.00,0.12524,-0.00194,0.00958,-0.99208,0.09692,-0.00002,0.00000,-0.99529,-0.22080,0.00288,-0.00935,0.97527,0.09674,0.02743,0.00267,-0.99493,-0.22084,-0.02469,-0.00855,0.97496,0.00000,0.00000,1.00,1.00
35183,Blink,5179,0.00,0.00,0.12533,-0.00176,0.00953,-0.99207,0.09683,-0.00021,-0.00002,-0.99530,-0.22080,0.00289,-0.00932,0.97527,0.09665,0.02724,0.00265,-0.99494,-0.22085,-0.02468,-0.00852,0.97496,0.00000,0.00000,1.00,1.00
35196,Blink,5191,0.00,0.00,0.12551,-0.00174,0.00968,-0.99204,0.09665,-0.00019,-0.00002,-0.99532,-0.22080,0.00285,-0.00948,0.97527,0.09647,0.02726,0.00264,-0.99496,-0.22084,-0.02471,-0.00867,0.97496,0.00000,0.00000,1.00,1.00
35206,Blink,5202,0.00,0.00,0.12568,-0.00161,0.00978,-0.99202,0.09582,-0.00097,-0.00009,-0.99540,-0.22015,0.00352,-0.00961,0.97541,0.09564,0.02647,0.00254,-0.99506,-0.22020,-0.02404,-0.00878,0.97512,0.94758,0.93584,1.00,1.00
35217,Blink,5212,0.00,0.00,0.12583,-0.00149,0.00978,-0.99200,0.09567,-0.00110,-0.00011,-0.99541,-0.22015,0.00352,-0.00962,0.97541,0.09549,0.02635,0.00253,-0.99508,-0.22020,-0.02404,-0.00878,0.97512,0.94758,0.93584,1.00,1.00
35229,Blink,5224,0.00,0.00,0.12600,-0.00132,0.00968,-0.99198,0.09550,-0.00129,-0.00012,-0.99543,-0.22015,0.00353,-0.00954,0.97541,0.09532,0.02615,0.00251,-0.99510,-0.22020,-0.02402,-0.00869,0.97512,0.94758,0.93584,1.00,1.00
35239,Blink,5235,0.00,0.00,0.12613,-0.00120,0.00963,-0.99197,0.03188,-0.00919,-0.00029,-0.99945,-0.15759,0.01066,-0.01046,0.98739,0.03186,0.01792,0.00057,-0.99933,-0.15782,-0.01634,-0.00790,0.98730,0.99010,0.93793,1.00,1.00
35250,Blink,5246,0.00,0.00,0.12625,-0.00104,0.00965,-0.99195,0.03176,-0.00935,-0.00030,-0.99945,-0.15759,0.01066,-0.01049,0.98739,0.03173,0.01776,0.00056,-0.99934,-0.15782,-0.01635,-0.00792,0.98730,0.99010,0.93793,1.00,1.00
35262,Blink,5258,0.00,0.00,0.12631,-0.00096,0.00974,-0.99194,0.03170,-0.00941,-0.00030,-0.99945,-0.15760,0.01064,-0.01060,0.98739,0.03167,0.01771,0.00056,-0.99934,-0.15782,-0.01636,-0.00802,0.98730,0.99010,0.93793,1.00,1.00
35273,Blink,5269,0.00,0.00,0.12617,-0.00090,0.00986,-0.99196,-0.07415,-0.00919,0.00068,-0.99720,-0.05217,0.00920,-0.01174,0.99853,-0.07412,0.01811,-0.00135,-0.99708,-0.05246,-0.01763,-0.00628,0.99845,0.99969,0.97813,1.00,1.00
35283,Blink,5279,0.00,0.00,0.12611,-0.00081,0.00986,-0.99197,-0.07409,-0.00928,0.00069,-0.99721,-0.05217,0.00920,-0.01174,0.99853,-0.07405,0.01802,-0.00134,-0.99709,-0.05246,-0.01763,-0.00629,0.99845,0.99969,0.97813,1.00,1.00
35296,Blink,5292,0.00,0.00,0.12607,-0.00069,0.00993,-0.99197,-0.07405,-0.00940,0.00070,-0.99721,-0.05217,0.00919,-0.01183,0.99853,-0.07402,0.01790,-0.00133,-0.99710,-0.05245,-0.01763,-0.00638,0.99845,0.99969,0.97813,1.00,1.00
35306,Blink,5302,0.00,0.00,0.12610,-0.00053,0.00999,-0.99197,-0.07384,-0.00921,0.00068,-0.99723,-0.05241,0.00883,-0.01184,0.99852,-0.07381,0.01809,-0.00134,-0.99711,-0.05270,-0.01799,-0.00640,0.99843,0.99969,0.97813,1.00,1.00
35317,Blink,5312,0.00,0.00,0.12611,-0.00034,0.01018,-0.99196,-0.07384,-0.00940,0.00070,-0.99723,-0.05241,0.00882,-0.01205,0.99851,-0.07382,0.01790,-0.00133,-0.99711,-0.05270,-0.01800,-0.00660,0.99843,0.99999,0.99949,1.00,1.00
35329,Blink,5325,0.00,0.00,0.12616,-0.00014,0.01035,-0.99196,-0.07389,-0.00960,0.00071,-0.99722,-0.05241,0.00881,-0.01225,0.99851,-0.07388,0.01769,-0.00131,-0.99711,-0.05269,-0.01801,-0.00680,0.99843,0.99999,0.99949,1.00,1.00
35339,Blink,5335,0.00,0.00,0.12624,0.00011,0.01046,-0.99194,-0.06947,-0.03653,0.00255,-0.99691,-0.05656,0.03507,-0.01756,0.99763,-0.06971,-0.00929,0.00065,-0.99752,-0.05668,0.00829,-0.01225,0.99828,0.98633,0.98631,1.00,1.00
35350,Blink,5346,0.00,0.00,0.12640,0.00029,0.01055,-0.99192,-0.06961,-0.03671,0.00256,-0.99690,-0.05657,0.03507,-0.01768,0.99763,-0.06986,-0.00947,0.00066,-0.99751,-0.05668,0.00828,-0.01236,0.99828,0.98633,0.98631,1.00,1.00
35362,Blink,5357,0.00,0.00,0.12653,0.00051,0.01054,-0.99191,-0.06974,-0.03694,0.00258,-0.99688,-0.05657,0.03507,-0.01771,0.99763,-0.06999,-0.00970,0.00068,-0.99750,-0.05668,0.00828,-0.01238,0.99828,0.98633,0.98631,1.00,1.00
35373,Blink,5369,0.00,0.00,0.12661,0.00064,0.01066,-0.99189,-0.06364,-0.04811,0.00307,-0.99681,-0.06257,0.04601,-0.01972,0.99678,-0.06396,-0.02094,0.00134,-0.99773,-0.06266,0.01928,-0.01458,0.99774,0.98633,0.98631,1.00,1.00
35384,Blink,5380,0.00,0.00,0.12666,0.00070,0.01076,-0.99189,-0.06367,-0.04817,0.00308,-0.99680,-0.06258,0.04601,-0.01983,0.99678,-0.06400,-0.02101,0.00135,-0.99773,-0.06266,0.01928,-0.01468,0.99774,0.98633,0.98631,1.00,1.00
35397,Blink,5392,0.00,0.00,0.12662,0.00080,0.01089,-0.99189,-0.06362,-0.04827,0.00308,-0.99680,-0.06258,0.04600,-0.01997,0.99678,-0.06395,-0.02110,0.00135,-0.99773,-0.06266,0.01927,-0.01483,0.99774,0.98633,0.98631,1.00,1.00
35407,Blink,5402,0.00,0.00,0.12653,0.00090,0.01102,-0.99190,0.01898,-0.05372,-0.00102,-0.99838,-0.14456,0.05273,-0.01680,0.98795,0.01906,-0.02674,-0.00051,-0.99946,-0.14507,0.02590,-0.01391,0.98899,0.72068,0.70684,1.00,1.00
35418,Blink,5413,0.00,0.00,0.12640,0.00093,0.01117,-0.99192,0.01913,-0.05373,-0.00103,-0.99837,-0.14457,0.05271,-0.01694,0.98794,0.01919,-0.02674,-0.00051,-0.99946,-0.14507,0.02588,-0.01405,0.98898,0.72068,0.70684,1.00,1.00
35430,Blink,5425,0.00,0.00,0.12630,0.00101,0.01116,-0.99193,0.01923,-0.05380,-0.00104,-0.99837,-0.14457,0.05271,-0.01693,0.98794,0.01929,-0.02682,-0.00052,-0.99945,-0.14507,0.02588,-0.01405,0.98898,0.72068,0.70684,1.00,1.00
35440,Blink,5436,0.00,0.00,0.12623,0.00101,0.01122,-0.99194,0.02305,-0.05347,-0.00123,-0.99830,-0.14828,0.05245,-0.01675,0.98741,0.02315,-0.02648,-0.00061,-0.99938,-0.14881,0.02560,-0.01397,0.98844,0.06088,0.08441,1.00,1.00
35450,Blink,5446,0.00,0.00,0.12604,0.00105,0.01127,-0.99196,0.02325,-0.05350,-0.00125,-0.99830,-0.14828,0.05244,-0.01679,0.98741,0.02334,-0.02651,-0.00062,-0.99938,-0.14881,0.02559,-0.01402,0.98843,0.06088,0.08441,1.00,1.00
35463,Blink,5458,0.00,0.00,0.12584,0.00097,0.01138,-0.99198,0.02345,-0.05341,-0.00125,-0.99830,-0.14828,0.05243,-0.01686,0.98741,0.02354,-0.02642,-0.00062,-0.99937,-0.14882,0.02558,-0.01410,0.98843,0.06088,0.08441,1.00,1.00
35473,Blink,5469,0.00,0.00,0.12567,0.00099,0.01143,-0.99201,0.09959,-0.02047,-0.00205,-0.99482,-0.22358,0.02072,-0.01200,0.97439,0.09966,0.00702,0.00070,-0.99500,-0.22399,-0.00689,-0.01128,0.97450,0.00156,0.00218,1.00,1.00
35484,Blink,5480,0.00,0.00,0.12547,0.00103,0.01142,-0.99203,0.09979,-0.02051,-0.00206,-0.99479,-0.22358,0.02072,-0.01199,0.97439,0.09986,0.00698,0.00070,-0.99498,-0.22399,-0.00689,-0.01128,0.97450,0.00156,0.00218,1.00,1.00
35496,Blink,5492,0.00,0.00,0.12531,0.00107,0.01144,-0.99205,0.09996,-0.02054,-0.00206,-0.99478,-0.22358,0.02071,-0.01201,0.97439,0.10003,0.00695,0.00070,-0.99496,-0.22399,-0.00690,-0.01131,0.97450,0.00156,0.00218,1.00,1.00
35507,Blink,5503,0.00,0.00,0.12509,0.00109,0.01138,-0.99208,0.10123,-0.01939,-0.00197,-0.99467,-0.22463,0.01955,-0.01189,0.97417,0.10130,0.00811,0.00083,-0.99482,-0.22503,-0.00808,-0.01123,0.97425,0.00005,0.00007,1.00,1.00
35517,Blink,5513,0.00,0.00,0.12486,0.00114,0.01148,-0.99211,0.10146,-0.01940,-0.00198,-0.99465,-0.22463,0.01953,-0.01199,0.97417,0.10153,0.00810,0.00083,-0.99480,-0.22503,-0.00810,-0.01134,0.97425,0.00005,0.00007,1.00,1.00
35530,Blink,5525,0.00,0.00,0.12459,0.00115,0.01165,-0.99214,0.10174,-0.01935,-0.00198,-0.99462,-0.22464,0.01949,-0.01215,0.97417,0.10179,0.00815,0.00083,-0.99477,-0.22503,-0.00815,-0.01152,0.97425,0.00005,0.00007,1.00,1.00
35540,Blink,5536,0.00,0.00,0.12443,0.00134,0.01179,-0.99216,0.10139,-0.02063,-0.00210,-0.99463,-0.22412,0.02060,-0.01234,0.97427,0.10146,0.00687,0.00070,-0.99482,-0.22453,-0.00703,-0.01170,0.97437,0.00000,0.00000,1.00,1.00
35551,Blink,5546,0.00,0.00,0.12427,0.00134,0.01175,-0.99218,0.10155,-0.02064,-0.00211,-0.99461,-0.22412,0.02061,-0.01230,0.97427,0.10162,0.00686,0.00070,-0.99480,-0.22453,-0.00703,-0.01167,0.97437,0.00000,0.00000,1.00,1.00
35563,Blink,5558,0.00,0.00,0.12419,0.00143,0.01169,-0.99219,0.10163,-0.02076,-0.00212,-0.99460,-0.22412,0.02062,-0.01224,0.97427,0.10170,0.00675,0.00069,-0.99479,-0.22453,-0.00701,-0.01162,0.97437,0.00000,0.00000,1.00,1.00
35573,Blink,5569,0.00,0.00,0.12397,0.00144,0.01159,-0.99222,0.10168,-0.02118,-0.00217,-0.99459,-0.22395,0.02103,-0.01215,0.97430,0.10178,0.00632,0.00065,-0.99479,-0.22439,-0.00660,-0.01153,0.97441,0.00000,0.00000,1.00,1.00
35584,Blink,5580,0.00,0.00,0.12392,0.00146,0.01154,-0.99222,0.10173,-0.02122,-0.00217,-0.99458,-0.22395,0.02104,-0.01211,0.97430,0.10183,0.00628,0.00064,-0.99478,-0.22439,-0.00659,-0.01149,0.97441,0.00000,0.00000,1.00,1.00
35596,Blink,5592,0.00,0.00,0.12397,0.00142,0.01150,-0.99222,0.10168,-0.02119,-0.00217,-0.99459,-0.22395,0.02105,-0.01206,0.97430,0.10178,0.00631,0.00065,-0.99479,-0.22439,-0.00658,-0.01145,0.97441,0.00000,0.00000,1.00,1.00
35607,Blink,5603,0.00,0.00,0.12394,0.00137,0.01157,-0.99222,0.10286,-0.02101,-0.00217,-0.99447,-0.22507,0.02093,-0.01210,0.97404,0.10296,0.00651,0.00067,-0.99466,-0.22551,-0.00671,-0.01152,0.97415,0.00000,0.00000,1.00,1.00
35618,Blink,5613,0.00,0.00,0.12381,0.00128,0.01178,-0.99223,0.10299,-0.02084,-0.00216,-0.99446,-0.22508,0.02089,-0.01229,0.97404,0.10308,0.00667,0.00069,-0.99465,-0.22551,-0.00676,-0.01171,0.97415,0.00000,0.00000,1.00,1.00
35630,Blink,5626,0.00,0.00,0.12337,0.00112,0.01217,-0.99229,0.10345,-0.02056,-0.00214,-0.99442,-0.22508,0.02081,-0.01264,0.97404,0.10352,0.00695,0.00072,-0.99460,-0.22551,-0.00685,-0.01208,0.97414,0.00000,0.00000,1.00,1.00
35640,Blink,5636,0.00,0.00,0.12315,0.00103,0.01222,-0.99231,0.10541,-0.01916,-0.00203,-0.99424,-0.22681,0.01953,-0.01260,0.97366,0.10547,0.00838,0.00089,-0.99439,-0.22721,-0.00816,-0.01211,0.97374,0.00000,0.00000,1.00,1.00
35651,Blink,5647,0.00,0.00,0.12308,0.00085,0.01216,-0.99232,0.10548,-0.01900,-0.00202,-0.99424,-0.22681,0.01955,-0.01251,0.97366,0.10554,0.00853,0.00091,-0.99438,-0.22721,-0.00814,-0.01203,0.97374,0.00000,0.00000,1.00,1.00
35663,Blink,5659,0.00,0.00,0.12302,0.00074,0.01210,-0.99233,0.10553,-0.01892,-0.00201,-0.99423,-0.22681,0.01956,-0.01244,0.97366,0.10560,0.00862,0.00092,-0.99437,-0.22722,-0.00812,-0.01196,0.97374,0.00000,0.00000,1.00,1.00
35674,Blink,5669,0.00,0.00,0.12296,0.00055,0.01206,-0.99234,0.10862,-0.00255,-0.00028,-0.99408,-0.22999,0.00333,-0.01208,0.97311,0.10846,0.02501,0.00273,-0.99378,-0.23012,-0.02439,-0.01167,0.97279,0.00000,0.00000,1.00,1.00
35684,Blink,5680,0.00,0.00,0.12288,0.00048,0.01214,-0.99235,0.10870,-0.00245,-0.00027,-0.99407,-0.22999,0.00331,-0.01215,0.97311,0.10854,0.02511,0.00274,-0.99377,-0.23012,-0.02441,-0.01175,0.97278,0.00000,0.00000,1.00,1.00
35697,Blink,5692,0.00,0.00,0.12277,0.00049,0.01220,-0.99236,0.10881,-0.00244,-0.00027,-0.99406,-0.22999,0.00329,-0.01222,0.97311,0.10864,0.02512,0.00275,-0.99376,-0.23012,-0.02443,-0.01182,0.97278,0.00000,0.00000,1.00,1.00
35707,Blink,5703,0.00,0.00,0.12268,0.00043,0.01239,-0.99237,0.10850,-0.00204,-0.00022,-0.99409,-0.22961,0.00297,-0.01239,0.97320,0.10832,0.02552,0.00278,-0.99378,-0.22973,-0.02475,-0.01199,0.97287,0.00000,0.00000,1.00,1.00
35718,Blink,5714,0.00,0.00,0.12262,0.00042,0.01256,-0.99237,0.10857,-0.00197,-0.00022,-0.99409,-0.22961,0.00293,-0.01256,0.97320,0.10837,0.02559,0.00279,-0.99378,-0.22973,-0.02479,-0.01216,0.97286,0.00000,0.00000,1.00,1.00
35730,Blink,5726,0.00,0.00,0.12244,0.00038,0.01266,-0.99240,0.10875,-0.00189,-0.00021,-0.99407,-0.22961,0.00290,-0.01266,0.97320,0.10855,0.02567,0.00280,-0.99376,-0.22972,-0.02482,-0.01227,0.97286,0.00000,0.00000,1.00,1.00
35741,Blink,5736,0.00,0.00,0.12230,0.00042,0.01273,-0.99241,0.10864,-0.00100,-0.00011,-0.99408,-0.22938,0.00197,-0.01271,0.97325,0.10843,0.02655,0.00290,-0.99375,-0.22948,-0.02574,-0.01232,0.97289,0.00000,0.00000,1.00,1.00
35751,Blink,5747,0.00,0.00,0.12207,0.00051,0.01279,-0.99244,0.10888,-0.00106,-0.00012,-0.99405,-0.22938,0.00195,-0.01279,0.97325,0.10866,0.02650,0.00290,-0.99372,-0.22948,-0.02577,-0.01241,0.97289,0.00000,0.00000,1.00,1.00
35763,Blink,5759,0.00,0.00,0.12185,0.00064,0.01288,-0.99246,0.10910,-0.00115,-0.00013,-0.99403,-0.22938,0.00193,-0.01289,0.97325,0.10888,0.02641,0.00289,-0.99370,-0.22948,-0.02579,-0.01253,0.97289,0.00000,0.00000,1.00,1.00
35774,Blink,5770,0.00,0.00,0.12138,0.00076,0.01291,-0.99252,0.10923,-0.00193,-0.00021,-0.99401,-0.22904,0.00260,-0.01294,0.97333,0.10903,0.02563,0.00281,-0.99370,-0.22916,-0.02512,-0.01259,0.97298,0.00000,0.00000,1.00,1.00
35785,Blink,5781,0.00,0.00,0.12128,0.00093,0.01293,-0.99253,0.10933,-0.00209,-0.00023,-0.99400,-0.22904,0.00260,-0.01298,0.97333,0.10913,0.02547,0.00280,-0.99370,-0.22916,-0.02513,-0.01263,0.97298,0.00000,0.00000,1.00,1.00
35797,Blink,5792,0.00,0.00,0.12126,0.00100,0.01287,-0.99254,0.10936,-0.00218,-0.00024,-0.99400,-0.22904,0.00261,-0.01293,0.97333,0.10916,0.02538,0.00279,-0.99370,-0.22916,-0.02512,-0.01259,0.97298,0.00000,0.00000,1.00,1.00
35808,Blink,5803,0.00,0.00,0.12112,0.00114,0.01296,-0.99255,0.10957,-0.00175,-0.00019,-0.99398,-0.22913,0.00205,-0.01303,0.97331,0.10938,0.02581,0.00284,-0.99366,-0.22925,-0.02568,-0.01270,0.97295,0.00000,0.00000,1.00,1.00
35818,Blink,5814,0.00,0.00,0.12091,0.00110,0.01319,-0.99258,0.10979,-0.00163,-0.00018,-0.99395,-0.22913,0.00199,-0.01325,0.97330,0.10958,0.02594,0.00286,-0.99364,-0.22924,-0.02574,-0.01293,0.97294,0.00000,0.00000,1.00,1.00
35830,Blink,5826,0.00,0.00,0.12064,0.00117,0.01342,-0.99261,0.11006,-0.00161,-0.00018,-0.99392,-0.22913,0.00194,-0.01348,0.97330,0.10984,0.02596,0.00287,-0.99361,-0.22924,-0.02580,-0.01318,0.97294,0.00000,0.00000,1.00,1.00
35841,Blink,5837,0.00,0.00,0.12032,0.00124,0.01348,-0.99264,0.10985,-0.00194,-0.00021,-0.99395,-0.22861,0.00219,-0.01356,0.97342,0.10964,0.02563,0.00283,-0.99364,-0.22873,-0.02554,-0.01326,0.97306,0.00000,0.00000,1.00,1.00
35852,Blink,5847,0.00,0.00,0.12000,0.00130,0.01350,-0.99268,0.11018,-0.00198,-0.00022,-0.99391,-0.22861,0.00219,-0.01358,0.97342,0.10996,0.02559,0.00283,-0.99360,-0.22873,-0.02555,-0.01330,0.97306,0.00000,0.00000,1.00,1.00
35864,Blink,5859,0.00,0.00,0.11967,0.00134,0.01352,-0.99272,0.11050,-0.00201,-0.00022,-0.99387,-0.22861,0.00219,-0.01360,0.97342,0.11029,0.02557,0.00284,-0.99357,-0.22873,-0.02556,-0.01333,0.97306,0.00000,0.00000,1.00,1.00
35874,Blink,5870,0.00,0.00,0.11934,0.00129,0.01356,-0.99276,0.11019,-0.00159,-0.00018,-0.99391,-0.22799,0.00182,-0.01364,0.97357,0.10999,0.02598,0.00288,-0.99359,-0.22812,-0.02592,-0.01337,0.97320,0.00000,0.00000,1.00,1.00
35885,Blink,5881,0.00,0.00,0.11911,0.00127,0.01373,-0.99279,0.11042,-0.00152,-0.00017,-0.99388,-0.22799,0.00178,-0.01380,0.97356,0.11021,0.02605,0.00289,-0.99356,-0.22812,-0.02596,-0.01354,0.97319,0.00000,0.00000,1.00,1.00
35897,Blink,5893,0.00,0.00,0.11882,0.00120,0.01383,-0.99282,0.11071,-0.00141,-0.00016,-0.99385,-0.22799,0.00176,-0.01389,0.97356,0.11050,0.02616,0.00291,-0.99353,-0.22811,-0.02599,-0.01365,0.97319,0.00000,0.00000,1.00,1.00
35908,Blink,5904,0.00,0.00,0.11861,0.00118,0.01391,-0.99284,0.11072,-0.00178,-0.00020,-0.99385,-0.22778,0.00215,-0.01397,0.97361,0.11052,0.02580,0.00287,-0.99354,-0.22793,-0.02559,-0.01374,0.97325,0.00000,0.00000,1.00,1.00
35918,Blink,5914,0.00,0.00,0.11837,0.00115,0.01400,-0.99287,0.11096,-0.00171,-0.00019,-0.99382,-0.22778,0.00214,-0.01405,0.97361,0.11075,0.02587,0.00288,-0.99351,-0.22792,-0.02561,-0.01384,0.97324,0.00000,0.00000,1.00,1.00
35930,Blink,5926,0.00,0.00,0.11821,0.00108,0.01411,-0.99289,0.11112,-0.00161,-0.00018,-0.99381,-0.22778,0.00211,-0.01416,0.97361,0.11091,0.02597,0.00290,-0.99349,-0.22792,-0.02564,-0.01395,0.97324,0.00000,0.00000,1.00,1.00
35941,Blink,5937,0.00,0.00,0.11801,0.00099,0.01424,-0.99291,0.11049,-0.00185,-0.00021,-0.99388,-0.22697,0.00244,-0.01428,0.97379,0.11029,0.02573,0.00286,-0.99356,-0.22713,-0.02530,-0.01406,0.97344,0.00000,0.00000,1.00,1.00
35952,Blink,5947,0.00,0.00,0.11787,0.00102,0.01435,-0.99292,0.11064,-0.00183,-0.00020,-0.99386,-0.22697,0.00241,-0.01439,0.97379,0.11043,0.02574,0.00286,-0.99355,-0.22712,-0.02533,-0.01418,0.97343,0.00000,0.00000,1.00,1.00
35963,Blink,5959,0.00,0.00,0.11777,0.00105,0.01441,-0.99294,0.11074,-0.00184,-0.00021,-0.99385,-0.22697,0.00240,-0.01445,0.97379,0.11053,0.02574,0.00286,-0.99354,-0.22712,-0.02535,-0.01425,0.97343,0.00000,0.00000,1.00,1.00
35975,Blink,5970,0.00,0.00,0.11773,0.00118,0.01450,-0.99294,0.10954,-0.00214,-0.00024,-0.99398,-0.22576,0.00256,-0.01456,0.97407,0.10935,0.02543,0.00280,-0.99367,-0.22593,-0.02517,-0.01432,0.97371,0.00000,0.00000,1.00,1.00
35985,Blink,5981,0.00,0.00,0.11775,0.00124,0.01463,-0.99293,0.10953,-0.00214,-0.00024,-0.99398,-0.22576,0.00253,-0.01470,0.97407,0.10932,0.02542,0.00280,-0.99368,-0.22592,-0.02520,-0.01446,0.97371,0.00000,0.00000,1.00,1.00
35997,Blink,5993,0.00,0.00,0.11780,0.00136,0.01474,-0.99293,0.10948,-0.00222,-0.00024,-0.99399,-0.22576,0.00250,-0.01482,0.97407,0.10927,0.02534,0.00279,-0.99368,-0.22592,-0.02523,-0.01458,0.97371,0.00000,0.00000,1.00,1.00
36008,Blink,6004,0.00,0.00,0.11793,0.00154,0.01489,-0.99291,0.10890,-0.00073,-0.00008,-0.99405,-0.22535,0.00083,-0.01497,0.97416,0.10867,0.02683,0.00293,-0.99371,-0.22549,-0.02689,-0.01471,0.97376,0.00000,0.00000,1.00,1.00
36019,Blink,6015,0.00,0.00,0.11806,0.00175,0.01493,-0.99289,0.10877,-0.00092,-0.00010,-0.99407,-0.22535,0.00081,-0.01504,0.97416,0.10854,0.02664,0.00291,-0.99373,-0.22548,-0.02691,-0.01477,0.97376,0.00000,0.00000,1.00,1.00
36031,Blink,6026,0.00,0.00,0.11826,0.00197,0.01501,-0.99287,0.10858,-0.00111,-0.00012,-0.99409,-0.22535,0.00079,-0.01515,0.97416,0.10834,0.02644,0.00288,-0.99376,-0.22548,-0.02693,-0.01487,0.97376,0.00000,0.00000,1.00,1.00
36041,Blink,6037,0.00,0.00,0.11845,0.00216,0.01503,-0.99284,0.10924,-0.00117,-0.00013,-0.99401,-0.22619,0.00068,-0.01519,0.97397,0.10902,0.02639,0.00289,-0.99369,-0.22633,-0.02704,-0.01492,0.97356,0.00000,0.00000,1.00,1.00
36052,Blink,6048,0.00,0.00,0.11871,0.00244,0.01514,-0.99281,0.10899,-0.00141,-0.00015,-0.99404,-0.22619,0.00065,-0.01533,0.97396,0.10876,0.02615,0.00286,-0.99372,-0.22633,-0.02707,-0.01505,0.97356,0.00000,0.00000,1.00,1.00
36064,Blink,6060,0.00,0.00,0.11895,0.00269,0.01526,-0.99278,0.10875,-0.00162,-0.00018,-0.99407,-0.22619,0.00061,-0.01548,0.97396,0.10852,0.02594,0.00283,-0.99375,-0.22633,-0.02711,-0.01518,0.97356,0.00000,0.00000,1.00,1.00
36075,Blink,6070,0.00,0.00,0.11916,0.00293,0.01528,-0.99275,0.10897,-0.00148,-0.00016,-0.99404,-0.22661,0.00023,-0.01553,0.97386,0.10875,0.02608,0.00285,-0.99372,-0.22676,-0.02748,-0.01523,0.97344,0.00000,0.00000,1.00,1.00
36086,Blink,6081,0.00,0.00,0.11940,0.00312,0.01535,-0.99272,0.10873,-0.00164,-0.00018,-0.99407,-0.22661,0.00021,-0.01562,0.97386,0.10851,0.02592,0.00283,-0.99375,-0.22676,-0.02750,-0.01531,0.97344,0.00000,0.00000,1.00,1.00
36098,Blink,6093,0.00,0.00,0.11970,0.00327,0.01535,-0.99269,0.10843,-0.00179,-0.00020,-0.99410,-0.22661,0.00021,-0.01563,0.97386,0.10821,0.02576,0.00280,-0.99379,-0.22676,-0.02750,-0.01531,0.97344,0.00000,0.00000,1.00,1.00
36108,Blink,6104,0.00,0.00,0.11993,0.00332,0.01532,-0.99266,0.10899,-0.00200,-0.00022,-0.99404,-0.22738,0.00038,-0.01561,0.97368,0.10879,0.02556,0.00280,-0.99373,-0.22756,-0.02734,-0.01530,0.97326,0.00000,0.00000,1.00,1.00
36119,Blink,6115,0.00,0.00,0.12026,0.00338,0.01525,-0.99262,0.10867,-0.00208,-0.00023,-0.99408,-0.22738,0.00040,-0.01555,0.97368,0.10847,0.02547,0.00278,-0.99377,-0.22756,-0.02732,-0.01522,0.97326,0.00000,0.00000,1.00,1.00
36131,Blink,6127,0.00,0.00,0.12058,0.00328,0.01531,-0.99258,0.10835,-0.00198,-0.00022,-0.99411,-0.22738,0.00039,-0.01560,0.97368,0.10815,0.02558,0.00278,-0.99380,-0.22756,-0.02732,-0.01524,0.97326,0.00000,0.00000,1.00,1.00
36142,Blink,6138,0.00,0.00,0.12088,0.00321,0.01539,-0.99254,0.10873,-0.00102,-0.00011,-0.99407,-0.22806,-0.00049,-0.01566,0.97352,0.10853,0.02653,0.00290,-0.99374,-0.22824,-0.02820,-0.01531,0.97308,0.00000,0.00000,1.00,1.00
36153,Blink,6148,0.00,0.00,0.12125,0.00308,0.01554,-0.99250,0.10835,-0.00086,-0.00009,-0.99411,-0.22806,-0.00052,-0.01579,0.97352,0.10815,0.02669,0.00290,-0.99377,-0.22823,-0.02823,-0.01542,0.97307,0.00000,0.00000,1.00,1.00
36164,Blink,6160,0.00,0.00,0.12155,0.00301,0.01562,-0.99246,0.10898,-0.00267,-0.00029,-0.99404,-0.22894,0.00140,-0.01588,0.97331,0.10881,0.02489,0.00273,-0.99375,-0.22916,-0.02633,-0.01552,0.97291,0.00000,0.00000,1.00,1.00
36175,Blink,6171,0.00,0.00,0.12168,0.00294,0.01566,-0.99244,0.10885,-0.00259,-0.00028,-0.99406,-0.22894,0.00139,-0.01592,0.97331,0.10867,0.02497,0.00273,-0.99376,-0.22916,-0.02633,-0.01555,0.97291,0.00000,0.00000,1.00,1.00
36186,Blink,6182,0.00,0.00,0.12177,0.00289,0.01571,-0.99243,0.10876,-0.00252,-0.00028,-0.99407,-0.22894,0.00138,-0.01597,0.97331,0.10858,0.02504,0.00274,-0.99377,-0.22915,-0.02634,-0.01560,0.97291,0.00000,0.00000,1.00,1.00
36198,Blink,6194,0.00,0.00,0.12212,0.00282,0.01578,-0.99239,0.10841,-0.00244,-0.00027,-0.99410,-0.22895,0.00136,-0.01603,0.97331,0.10823,0.02512,0.00274,-0.99381,-0.22915,-0.02635,-0.01564,0.97291,0.00000,0.00000,1.00,1.00
36209,Blink,6204,0.00,0.00,0.12254,0.00276,0.01589,-0.99233,0.10736,-0.00109,-0.00012,-0.99422,-0.22835,0.00005,-0.01612,0.97345,0.10716,0.02646,0.00285,-0.99389,-0.22854,-0.02765,-0.01568,0.97302,0.00000,0.00000,1.00,1.00
36219,Blink,6215,0.00,0.00,0.12290,0.00259,0.01616,-0.99228,0.10700,-0.00083,-0.00009,-0.99426,-0.22835,0.00000,-0.01636,0.97344,0.10678,0.02671,0.00287,-0.99392,-0.22854,-0.02770,-0.01590,0.97301,0.00000,0.00000,1.00,1.00
36231,Blink,6227,0.00,0.00,0.12304,0.00251,0.01658,-0.99226,0.10600,-0.00086,-0.00009,-0.99437,-0.22752,0.00013,-0.01676,0.97363,0.10578,0.02667,0.00284,-0.99403,-0.22770,-0.02755,-0.01628,0.97320,0.00000,0.00000,1.00,1.00
36242,Blink,6238,0.00,0.00,0.12299,0.00244,0.01680,-0.99226,0.10605,-0.00072,-0.00008,-0.99436,-0.22752,0.00008,-0.01698,0.97363,0.10582,0.02681,0.00285,-0.99402,-0.22770,-0.02760,-0.01649,0.97320,0.00000,0.00000,1.00,1.00
36253,Blink,6248,0.00,0.00,0.12300,0.00242,0.01688,-0.99226,0.10604,-0.00068,-0.00007,-0.99436,-0.22752,0.00006,-0.01705,0.97363,0.10581,0.02685,0.00286,-0.99402,-0.22769,-0.02762,-0.01656,0.97320,0.00000,0.00000,1.00,1.00
36265,Blink,6260,0.00,0.00,0.12291,0.00246,0.01674,-0.99227,0.10613,-0.00076,-0.00008,-0.99435,-0.22752,0.00009,-0.01692,0.97363,0.10590,0.02677,0.00285,-0.99401,-0.22770,-0.02759,-0.01644,0.97320,0.00000,0.00000,1.00,1.00
36275,Blink,6271,0.00,0.00,0.12294,0.00241,0.01671,-0.99227,0.10680,-0.00059,-0.00006,-0.99428,-0.22820,-0.00002,-0.01689,0.97347,0.10659,0.02695,0.00289,-0.99393,-0.22840,-0.02771,-0.01642,0.97303,0.00000,0.00000,1.00,1.00
36286,Blink,6282,0.00,0.00,0.12280,0.00245,0.01656,-0.99229,0.10694,-0.00068,-0.00007,-0.99427,-0.22820,0.00002,-0.01674,0.97347,0.10674,0.02686,0.00288,-0.99392,-0.22841,-0.02768,-0.01628,0.97304,0.00000,0.00000,1.00,1.00
36298,Blink,6294,0.00,0.00,0.12260,0.00248,0.01653,-0.99232,0.10714,-0.00072,-0.00008,-0.99424,-0.22820,0.00002,-0.01671,0.97347,0.10694,0.02682,0.00289,-0.99390,-0.22841,-0.02767,-0.01627,0.97304,0.00000,0.00000,1.00,1.00
36309,Blink,6305,0.00,0.00,0.12239,0.00243,0.01658,-0.99234,0.10730,0.00011,0.00001,-0.99423,-0.22816,-0.00075,-0.01674,0.97348,0.10710,0.02765,0.00298,-0.99386,-0.22837,-0.02845,-0.01631,0.97302,0.00000,0.00000,1.00,1.00
36320,Blink,6315,0.00,0.00,0.12215,0.00246,0.01671,-0.99237,0.10753,0.00013,0.00001,-0.99420,-0.22816,-0.00078,-0.01688,0.97348,0.10732,0.02768,0.00299,-0.99383,-0.22836,-0.02848,-0.01646,0.97302,0.00000,0.00000,1.00,1.00
36331,Blink,6327,0.00,0.00,0.12201,0.00241,0.01681,-0.99238,0.10711,-0.00078,-0.00008,-0.99425,-0.22759,0.00019,-0.01698,0.97361,0.10691,0.02676,0.00288,-0.99390,-0.22781,-0.02750,-0.01656,0.97318,0.00000,0.00000,1.00,1.00
36342,Blink,6338,0.00,0.00,0.12192,0.00240,0.01679,-0.99240,0.10720,-0.00078,-0.00008,-0.99424,-0.22759,0.00020,-0.01696,0.97361,0.10700,0.02676,0.00288,-0.99389,-0.22781,-0.02750,-0.01654,0.97318,0.00000,0.00000,1.00,1.00
36353,Blink,6349,0.00,0.00,0.12190,0.00233,0.01679,-0.99240,0.10722,-0.00071,-0.00008,-0.99424,-0.22759,0.00020,-0.01695,0.97361,0.10702,0.02683,0.00289,-0.99389,-0.22781,-0.02750,-0.01653,0.97318,0.00000,0.00000,1.00,1.00
36365,Blink,6361,0.00,0.00,0.12185,0.00224,0.01688,-0.99240,0.10667,0.00103,0.00011,-0.99429,-0.22703,-0.00146,-0.01701,0.97374,0.10645,0.02856,0.00306,-0.99390,-0.22723,-0.02914,-0.01657,0.97326,0.00000,0.00000,1.00,1.00
36376,Blink,6372,0.00,0.00,0.12187,0.00209,0.01717,-0.99239,0.10664,0.00127,0.00014,-0.99430,-0.22703,-0.00152,-0.01727,0.97373,0.10641,0.02880,0.00308,-0.99390,-0.22722,-0.02920,-0.01684,0.97326,0.00000,0.00000,1.00,1.00
36387,Blink,6382,0.00,0.00,0.12181,0.00197,0.01740,-0.99240,0.10670,0.00146,0.00016,-0.99429,-0.22703,-0.00157,-0.01749,0.97373,0.10646,0.02899,0.00311,-0.99389,-0.22721,-0.02925,-0.01705,0.97326,0.00000,0.00000,1.00,1.00
36398,Blink,6394,0.00,0.00,0.12194,0.00179,0.01763,-0.99238,0.10657,0.00171,0.00018,-0.99430,-0.22703,-0.00162,-0.01770,0.97373,0.10631,0.02924,0.00313,-0.99390,-0.22721,-0.02930,-0.01725,0.97325,0.00000,0.00000,1.00,1.00
36409,Blink,6404,0.00,0.00,0.12195,0.00157,0.01767,-0.99238,0.10616,0.00013,0.00001,-0.99435,-0.22661,0.00018,-0.01773,0.97382,0.10594,0.02767,0.00295,-0.99398,-0.22683,-0.02750,-0.01728,0.97339,0.00000,0.00000,1.00,1.00
36420,Blink,6416,0.00,0.00,0.12202,0.00138,0.01782,-0.99237,0.10609,0.00036,0.00004,-0.99436,-0.22661,0.00015,-0.01786,0.97382,0.10585,0.02789,0.00297,-0.99399,-0.22682,-0.02753,-0.01740,0.97339,0.00000,0.00000,1.00,1.00
36432,Blink,6427,0.00,0.00,0.12209,0.00109,0.01814,-0.99235,0.10591,0.00313,0.00033,-0.99437,-0.22655,-0.00231,-0.01810,0.97383,0.10564,0.03065,0.00326,-0.99393,-0.22673,-0.02998,-0.01763,0.97334,0.00000,0.00000,1.00,1.00
36442,Blink,6438,0.00,0.00,0.12223,0.00079,0.01839,-0.99233,0.10576,0.00350,0.00037,-0.99439,-0.22655,-0.00236,-0.01831,0.97382,0.10548,0.03102,0.00329,-0.99393,-0.22672,-0.03003,-0.01784,0.97333,0.00000,0.00000,1.00,1.00
36453,Blink,6449,0.00,0.00,0.12247,0.00047,0.01843,-0.99230,0.10551,0.00381,0.00040,-0.99441,-0.22655,-0.00236,-0.01831,0.97382,0.10523,0.03133,0.00332,-0.99395,-0.22672,-0.03003,-0.01783,0.97333,0.00000,0.00000,1.00,1.00
36465,Blink,6461,0.00,0.00,0.12269,0.00017,0.01850,-0.99227,0.10528,0.00412,0.00044,-0.99443,-0.22655,-0.00236,-0.01834,0.97382,0.10500,0.03164,0.00334,-0.99396,-0.22672,-0.03003,-0.01784,0.97333,0.00000,0.00000,1.00,1.00
36476,Blink,6471,0.00,0.00,0.12293,-0.00021,0.01865,-0.99224,0.10465,0.00477,0.00050,-0.99450,-0.22619,-0.00263,-0.01843,0.97391,0.10438,0.03228,0.00339,-0.99401,-0.22637,-0.03029,-0.01791,0.97341,0.00000,0.00000,1.00,1.00
36487,Blink,6482,0.00,0.00,0.12320,-0.00052,0.01883,-0.99220,0.10438,0.00512,0.00054,-0.99452,-0.22618,-0.00266,-0.01857,0.97390,0.10410,0.03263,0.00342,-0.99403,-0.22636,-0.03031,-0.01803,0.97340,0.00000,0.00000,1.00,1.00
36498,Blink,6494,0.00,0.00,0.12357,-0.00081,0.01900,-0.99215,0.10400,0.00545,0.00057,-0.99456,-0.22618,-0.00269,-0.01870,0.97390,0.10371,0.03295,0.00344,-0.99406,-0.22636,-0.03034,-0.01814,0.97340,0.00000,0.00000,1.00,1.00
36509,Blink,6505,0.00,0.00,0.12386,-0.00114,0.01904,-0.99212,0.10417,0.00483,0.00051,-0.99455,-0.22663,-0.00174,-0.01872,0.97380,0.10390,0.03234,0.00338,-0.99406,-0.22683,-0.02939,-0.01816,0.97332,0.00000,0.00000,1.00,1.00
36520,Blink,6516,0.00,0.00,0.12425,-0.00137,0.01912,-0.99207,0.10378,0.00508,0.00053,-0.99459,-0.22663,-0.00175,-0.01877,0.97380,0.10351,0.03258,0.00339,-0.99409,-0.22683,-0.02940,-0.01818,0.97332,0.00000,0.00000,1.00,1.00
36532,Blink,6528,0.00,0.00,0.12450,-0.00151,0.01914,-0.99203,0.10352,0.00521,0.00054,-0.99461,-0.22663,-0.00175,-0.01877,0.97380,0.10325,0.03271,0.00340,-0.99411,-0.22683,-0.02939,-0.01817,0.97332,0.00000,0.00000,1.00,1.00
36543,Blink,6538,0.00,0.00,0.12473,-0.00164,0.01915,-0.99200,0.10405,0.00467,0.00049,-0.99456,-0.22737,-0.00107,-0.01878,0.97363,0.10380,0.03217,0.00336,-0.99407,-0.22758,-0.02872,-0.01819,0.97317,0.00000,0.00000,1.00,1.00
36553,Blink,6549,0.00,0.00,0.12491,-0.00171,0.01903,-0.99198,0.10388,0.00469,0.00049,-0.99458,-0.22737,-0.00104,-0.01865,0.97363,0.10363,0.03219,0.00336,-0.99409,-0.22759,-0.02869,-0.01805,0.97317,0.00000,0.00000,1.00,1.00
36565,Blink,6561,0.00,0.00,0.12496,-0.00173,0.01898,-0.99198,0.10382,0.00469,0.00049,-0.99458,-0.22737,-0.00103,-0.01860,0.97363,0.10358,0.03219,0.00335,-0.99409,-0.22759,-0.02867,-0.01799,0.97317,0.00000,0.00000,1.00,1.00
36576,Blink,6572,0.00,0.00,0.12497,-0.00183,0.01908,-0.99198,0.10257,0.00491,0.00051,-0.99471,-0.22615,-0.00115,-0.01868,0.97391,0.10232,0.03240,0.00333,-0.99422,-0.22637,-0.02878,-0.01804,0.97345,0.00000,0.00000,1.00,1.00
36587,Blink,6583,0.00,0.00,0.12499,-0.00189,0.01926,-0.99197,0.10255,0.00502,0.00052,-0.99472,-0.22615,-0.00119,-0.01885,0.97391,0.10229,0.03251,0.00334,-0.99422,-0.22636,-0.02881,-0.01820,0.97345,0.00000,0.00000,1.00,1.00
36599,Blink,6595,0.00,0.00,0.12498,-0.00196,0.01942,-0.99197,0.10256,0.00514,0.00053,-0.99471,-0.22615,-0.00122,-0.01900,0.97391,0.10229,0.03263,0.00336,-0.99421,-0.22636,-0.02885,-0.01836,0.97344,0.00000,0.00000,1.00,1.00
36609,Blink,6605,0.00,0.00,0.12503,-0.00210,0.01949,-0.99196,0.10306,0.00489,0.00051,-0.99466,-0.22669,-0.00082,-0.01906,0.97378,0.10279,0.03239,0.00335,-0.99417,-0.22690,-0.02846,-0.01843,0.97333,0.00000,0.00000,1.00,1.00
36620,Blink,6616,0.00,0.00,0.12518,-0.00222,0.01948,-0.99194,0.10291,0.00501,0.00052,-0.99468,-0.22669,-0.00082,-0.01903,0.97378,0.10264,0.03250,0.00336,-0.99418,-0.22690,-0.02845,-0.01840,0.97333,0.00000,0.00000,1.00,1.00
36632,Blink,6628,0.00,0.00,0.12529,-0.00236,0.01947,-0.99193,0.10279,0.00514,0.00053,-0.99469,-0.22669,-0.00081,-0.01901,0.97378,0.10252,0.03263,0.00336,-0.99419,-0.22690,-0.02844,-0.01837,0.97333,0.00000,0.00000,1.00,1.00
36643,Blink,6639,0.00,0.00,0.12551,-0.00250,0.01947,-0.99190,0.10255,0.00801,0.00083,-0.99469,-0.22672,-0.00356,-0.01892,0.97377,0.10225,0.03549,0.00365,-0.99412,-0.22689,-0.03118,-0.01826,0.97325,0.00000,0.00000,1.00,1.00
36654,Blink,6650,0.00,0.00,0.12571,-0.00270,0.01941,-0.99187,0.10235,0.00817,0.00084,-0.99471,-0.22672,-0.00354,-0.01883,0.97377,0.10205,0.03565,0.00366,-0.99413,-0.22690,-0.03116,-0.01816,0.97325,0.00000,0.00000,1.00,1.00
36666,Blink,6661,0.00,0.00,0.12591,-0.00297,0.01940,-0.99185,0.10214,0.00843,0.00087,-0.99473,-0.22672,-0.00353,-0.01880,0.97377,0.10185,0.03590,0.00368,-0.99415,-0.22690,-0.03115,-0.01812,0.97325,0.00000,0.00000,1.00,1.00
36676,Blink,6672,0.00,0.00,0.12607,-0.00321,0.01930,-0.99183,0.10308,0.00653,0.00068,-0.99465,-0.22776,-0.00138,-0.01871,0.97354,0.10282,0.03402,0.00352,-0.99411,-0.22797,-0.02901,-0.01806,0.97307,0.00000,0.00000,1.00,1.00
36687,Blink,6683,0.00,0.00,0.12628,-0.00345,0.01927,-0.99180,0.10287,0.00675,0.00070,-0.99467,-0.22776,-0.00137,-0.01865,0.97354,0.10261,0.03424,0.00353,-0.99413,-0.22798,-0.02900,-0.01799,0.97307,0.00000,0.00000,1.00,1.00
36699,Blink,6695,0.00,0.00,0.12648,-0.00371,0.01923,-0.99178,0.10266,0.00698,0.00072,-0.99469,-0.22776,-0.00135,-0.01857,0.97354,0.10241,0.03447,0.00355,-0.99414,-0.22798,-0.02898,-0.01790,0.97307,0.00000,0.00000,1.00,1.00
36710,Blink,6705,0.00,0.00,0.12654,-0.00390,0.01896,-0.99177,0.10232,0.00829,0.00085,-0.99472,-0.22750,-0.00252,-0.01825,0.97360,0.10205,0.03577,0.00367,-0.99413,-0.22770,-0.03013,-0.01756,0.97311,0.98613,0.96522,1.00,1.00
36721,Blink,6716,0.00,0.00,0.12657,-0.00403,0.01882,-0.99177,0.10228,0.00838,0.00086,-0.99472,-0.22750,-0.00248,-0.01810,0.97361,0.10202,0.03585,0.00368,-0.99413,-0.22770,-0.03010,-0.01741,0.97311,0.98613,0.96522,1.00,1.00
36732,Blink,6728,0.00,0.00,0.12675,-0.00403,0.01849,-0.99175,-0.01965,0.00629,-0.00012,-0.99979,-0.10734,-0.00256,-0.01764,0.99406,-0.01956,0.03336,-0.00065,-0.99925,-0.10787,-0.02934,-0.01367,0.99364,0.98613,0.96522,1.00,1.00
36743,Blink,6739,0.00,0.00,0.12685,-0.00420,0.01833,-0.99174,-0.01976,0.00644,-0.00013,-0.99978,-0.10734,-0.00254,-0.01746,0.99407,-0.01965,0.03351,-0.00066,-0.99924,-0.10787,-0.02932,-0.01349,0.99364,0.99973,0.99036,1.00,1.00
36754,Blink,6750,0.00,0.00,0.12682,-0.00427,0.01819,-0.99175,-0.01973,0.00651,-0.00013,-0.99978,-0.10734,-0.00252,-0.01732,0.99407,-0.01962,0.03357,-0.00066,-0.99924,-0.10787,-0.02930,-0.01335,0.99364,0.99973,0.99036,1.00,1.00
36766,Blink,6761,0.00,0.00,0.12673,-0.00440,0.01813,-0.99176,-0.07227,-0.01615,0.00117,-0.99725,-0.05442,0.01894,-0.02161,0.99810,-0.07227,0.01114,-0.00081,-0.99732,-0.05492,-0.00787,-0.01619,0.99833,0.99973,0.99036,1.00,1.00
36777,Blink,6772,0.00,0.00,0.12661,-0.00446,0.01811,-0.99178,-0.07216,-0.01609,0.00116,-0.99726,-0.05442,0.01895,-0.02157,0.99811,-0.07215,0.01120,-0.00081,-0.99733,-0.05492,-0.00787,-0.01616,0.99833,0.99999,0.99981,1.00,1.00
36787,Blink,6783,0.00,0.00,0.12663,-0.00450,0.01806,-0.99178,-0.07217,-0.01605,0.00116,-0.99726,-0.05442,0.01895,-0.02152,0.99811,-0.07216,0.01124,-0.00081,-0.99733,-0.05492,-0.00786,-0.01611,0.99833,0.99999,0.99981,1.00,1.00
36799,Blink,6795,0.00,0.00,0.12668,-0.00459,0.01802,-0.99177,-0.07309,-0.04692,0.00344,-0.99621,-0.05288,0.04936,-0.02765,0.99700,-0.07341,-0.01971,0.00145,-0.99711,-0.05317,0.02262,-0.02224,0.99808,0.99999,0.99981,1.00,1.00
36810,Blink,6806,0.00,0.00,0.12683,-0.00475,0.01807,-0.99175,-0.07324,-0.04677,0.00344,-0.99621,-0.05289,0.04936,-0.02769,0.99700,-0.07356,-0.01955,0.00144,-0.99710,-0.05317,0.02262,-0.02228,0.99808,1.00000,0.99104,1.00,1.00
36821,Blink,6817,0.00,0.00,0.12693,-0.00494,0.01815,-0.99173,-0.07334,-0.04659,0.00343,-0.99621,-0.05289,0.04936,-0.02776,0.99699,-0.07366,-0.01937,0.00143,-0.99709,-0.05317,0.02261,-0.02233,0.99808,1.00000,0.99104,1.00,1.00
36833,Blink,6828,0.00,0.00,0.12682,-0.00512,0.01831,-0.99174,-0.08024,-0.04673,0.00377,-0.99567,-0.04586,0.04950,-0.02830,0.99732,-0.08061,-0.01947,0.00157,-0.99655,-0.04609,0.02273,-0.02269,0.99842,1.00000,0.99104,1.00,1.00
36843,Blink,6839,0.00,0.00,0.12671,-0.00536,0.01848,-0.99175,-0.08012,-0.04649,0.00374,-0.99569,-0.04587,0.04949,-0.02843,0.99732,-0.08050,-0.01923,0.00155,-0.99657,-0.04610,0.02272,-0.02283,0.99842,1.00000,0.99974,1.00,1.00
36854,Blink,6850,0.00,0.00,0.12658,-0.00547,0.01832,-0.99177,-0.08001,-0.04637,0.00373,-0.99571,-0.04586,0.04950,-0.02825,0.99732,-0.08037,-0.01911,0.00154,-0.99658,-0.04609,0.02273,-0.02265,0.99842,1.00000,0.99974,1.00,1.00
36866,Blink,6862,0.00,0.00,0.12652,-0.00553,0.01815,-0.99178,-0.08004,-0.04677,0.00376,-0.99569,-0.04576,0.04997,-0.02817,0.99730,-0.08040,-0.01951,0.00157,-0.99657,-0.04601,0.02320,-0.02257,0.99842,1.00000,0.99974,1.00,1.00
36877,Blink,6872,0.00,0.00,0.12646,-0.00566,0.01788,-0.99180,-0.08001,-0.04663,0.00375,-0.99570,-0.04575,0.04998,-0.02787,0.99731,-0.08035,-0.01937,0.00156,-0.99658,-0.04600,0.02321,-0.02227,0.99842,0.92785,0.96717,1.00,1.00
36887,Blink,6883,0.00,0.00,0.12632,-0.00570,0.01781,-0.99181,-0.07988,-0.04659,0.00374,-0.99571,-0.04574,0.04998,-0.02778,0.99732,-0.08022,-0.01932,0.00156,-0.99659,-0.04600,0.02322,-0.02219,0.99843,0.92785,0.96717,1.00,1.00
36899,Blink,6895,0.00,0.00,0.12614,-0.00572,0.01779,-0.99184,0.02676,-0.01827,-0.00049,-0.99947,-0.15229,0.02438,-0.01945,0.98784,0.02680,0.00883,0.00024,-0.99960,-0.15283,-0.00259,-0.01675,0.98811,0.92785,0.96717,1.00,1.00
36910,Blink,6906,0.00,0.00,0.12593,-0.00571,0.01782,-0.99186,0.02698,-0.01828,-0.00049,-0.99947,-0.15229,0.02438,-0.01947,0.98784,0.02701,0.00883,0.00024,-0.99960,-0.15283,-0.00260,-0.01679,0.98811,0.27897,0.36442,1.00,1.00
36921,Blink,6917,0.00,0.00,0.12575,-0.00565,0.01786,-0.99189,0.02716,-0.01832,-0.00050,-0.99946,-0.15229,0.02437,-0.01951,0.98784,0.02719,0.00878,0.00024,-0.99959,-0.15283,-0.00261,-0.01684,0.98811,0.27897,0.36442,1.00,1.00
36933,Blink,6929,0.00,0.00,0.12549,-0.00550,0.01782,-0.99192,0.04982,-0.01980,-0.00099,-0.99856,-0.17437,0.02615,-0.01902,0.98415,0.04987,0.00737,0.00037,-0.99873,-0.17493,-0.00098,-0.01696,0.98443,0.27897,0.36442,1.00,1.00
36944,Blink,6939,0.00,0.00,0.12535,-0.00543,0.01776,-0.99194,0.04997,-0.01988,-0.00099,-0.99855,-0.17437,0.02616,-0.01897,0.98415,0.05002,0.00729,0.00037,-0.99872,-0.17493,-0.00097,-0.01692,0.98443,0.00638,0.02380,1.00,1.00
36955,Blink,6950,0.00,0.00,0.12518,-0.00519,0.01764,-0.99196,0.05014,-0.02014,-0.00101,-0.99854,-0.17437,0.02617,-0.01887,0.98415,0.05019,0.00704,0.00035,-0.99871,-0.17493,-0.00095,-0.01683,0.98444,0.00638,0.02380,1.00,1.00
36966,Blink,6962,0.00,0.00,0.12519,-0.00500,0.01757,-0.99196,0.08990,-0.01490,-0.00134,-0.99584,-0.21358,0.02150,-0.01758,0.97653,0.08992,0.01251,0.00113,-0.99587,-0.21409,-0.00600,-0.01660,0.97665,0.00638,0.02380,1.00,1.00
36977,Blink,6973,0.00,0.00,0.12510,-0.00479,0.01757,-0.99198,0.08999,-0.01509,-0.00136,-0.99583,-0.21358,0.02150,-0.01761,0.97653,0.09001,0.01232,0.00111,-0.99586,-0.21409,-0.00600,-0.01663,0.97665,0.00018,0.00063,1.00,1.00
36988,Blink,6984,0.00,0.00,0.12498,-0.00457,0.01769,-0.99199,0.09012,-0.01527,-0.00138,-0.99581,-0.21358,0.02147,-0.01774,0.97653,0.09013,0.01214,0.00110,-0.99586,-0.21409,-0.00604,-0.01678,0.97665,0.00018,0.00063,1.00,1.00
37000,Blink,6995,0.00,0.00,0.12505,-0.00433,0.01757,-0.99199,0.09260,-0.01514,-0.00141,-0.99559,-0.21608,0.02114,-0.01759,0.97599,0.09261,0.01229,0.00114,-0.99563,-0.21659,-0.00639,-0.01669,0.97610,0.00018,0.00063,1.00,1.00
37010,Blink,7006,0.00,0.00,0.12527,-0.00412,0.01747,-0.99196,0.09238,-0.01538,-0.00143,-0.99560,-0.21608,0.02115,-0.01752,0.97599,0.09239,0.01205,0.00112,-0.99565,-0.21659,-0.00637,-0.01661,0.97610,0.00001,0.00002,1.00,1.00
37021,Blink,7017,0.00,0.00,0.12532,-0.00405,0.01730,-0.99196,0.09232,-0.01550,-0.00144,-0.99561,-0.21608,0.02119,-0.01737,0.97599,0.09235,0.01192,0.00111,-0.99565,-0.21659,-0.00634,-0.01646,0.97610,0.00001,0.00002,1.00,1.00
37033,Blink,7029,0.00,0.00,0.12533,-0.00393,0.01738,-0.99195,0.09217,-0.01505,-0.00139,-0.99563,-0.21594,0.02061,-0.01745,0.97603,0.09218,0.01238,0.00115,-0.99566,-0.21645,-0.00691,-0.01653,0.97613,0.00001,0.00002,1.00,1.00
37044,Blink,7040,0.00,0.00,0.12530,-0.00390,0.01754,-0.99196,0.09221,-0.01503,-0.00139,-0.99563,-0.21595,0.02058,-0.01761,0.97603,0.09221,0.01240,0.00115,-0.99566,-0.21645,-0.00695,-0.01669,0.97613,0.00000,0.00000,1.00,1.00
37055,Blink,7051,0.00,0.00,0.12531,-0.00375,0.01750,-0.99196,0.09220,-0.01518,-0.00141,-0.99562,-0.21595,0.02058,-0.01759,0.97603,0.09221,0.01224,0.00113,-0.99566,-0.21645,-0.00694,-0.01667,0.97613,0.00000,0.00000,1.00,1.00
37067,Blink,7063,0.00,0.00,0.12545,-0.00361,0.01738,-0.99194,0.09210,-0.01708,-0.00158,-0.99560,-0.21594,0.02234,-0.01755,0.97599,0.09213,0.01035,0.00096,-0.99569,-0.21648,-0.00519,-0.01663,0.97613,0.00000,0.00000,1.00,1.00
37077,Blink,7073,0.00,0.00,0.12545,-0.00347,0.01722,-0.99194,0.09209,-0.01727,-0.00160,-0.99560,-0.21594,0.02237,-0.01740,0.97600,0.09213,0.01016,0.00094,-0.99569,-0.21648,-0.00515,-0.01648,0.97613,0.00000,0.00000,1.00,1.00
37088,Blink,7084,0.00,0.00,0.12554,-0.00336,0.01727,-0.99193,0.09201,-0.01735,-0.00160,-0.99561,-0.21594,0.02235,-0.01747,0.97599,0.09205,0.01007,0.00093,-0.99570,-0.21648,-0.00517,-0.01655,0.97613,0.00000,0.00000,1.00,1.00
37100,Blink,7096,0.00,0.00,0.12559,-0.00324,0.01721,-0.99193,0.09211,-0.01710,-0.00158,-0.99560,-0.21610,0.02197,-0.01741,0.97597,0.09215,0.01033,0.00096,-0.99569,-0.21663,-0.00555,-0.01649,0.97610,0.00000,0.00000,1.00,1.00
37110,Blink,7106,0.00,0.00,0.12566,-0.00307,0.01725,-0.99192,0.09204,-0.01725,-0.00159,-0.99561,-0.21610,0.02195,-0.01747,0.97597,0.09208,0.01018,0.00094,-0.99570,-0.21663,-0.00557,-0.01654,0.97610,0.00000,0.00000,1.00,1.00
37121,Blink,7117,0.00,0.00,0.12580,-0.00284,0.01719,-0.99190,0.09190,-0.01749,-0.00161,-0.99561,-0.21610,0.02196,-0.01745,0.97597,0.09194,0.00994,0.00092,-0.99571,-0.21663,-0.00556,-0.01651,0.97610,0.00000,0.00000,1.00,1.00
37133,Blink,7129,0.00,0.00,0.12601,-0.00259,0.01713,-0.99188,0.09379,0.00136,0.00013,-0.99559,-0.21850,0.00283,-0.01677,0.97569,0.09359,0.02878,0.00271,-0.99519,-0.21873,-0.02470,-0.01587,0.97534,0.00000,0.00000,1.00,1.00
37144,Blink,7140,0.00,0.00,0.12615,-0.00231,0.01708,-0.99186,0.09365,0.00106,0.00010,-0.99560,-0.21850,0.00283,-0.01675,0.97569,0.09345,0.02848,0.00267,-0.99521,-0.21873,-0.02470,-0.01584,0.97534,0.00000,0.00000,1.00,1.00
37155,Blink,7151,0.00,0.00,0.12626,-0.00196,0.01705,-0.99185,0.09355,0.00071,0.00007,-0.99561,-0.21850,0.00283,-0.01677,0.97569,0.09335,0.02813,0.00264,-0.99523,-0.21873,-0.02470,-0.01585,0.97534,0.00000,0.00000,1.00,1.00
37167,Blink,7163,0.00,0.00,0.12636,-0.00157,0.01699,-0.99184,0.09376,0.00240,0.00023,-0.99559,-0.21884,0.00074,-0.01669,0.97562,0.09355,0.02982,0.00280,-0.99516,-0.21904,-0.02678,-0.01577,0.97522,0.00000,0.00000,1.00,1.00
37178,Blink,7173,0.00,0.00,0.12647,-0.00120,0.01683,-0.99183,0.09366,0.00199,0.00019,-0.99560,-0.21884,0.00077,-0.01658,0.97562,0.09345,0.02941,0.00276,-0.99519,-0.21905,-0.02676,-0.01566,0.97522,0.00000,0.00000,1.00,1.00
37189,Blink,7184,0.00,0.00,0.12663,-0.00087,0.01679,-0.99181,0.09351,0.00166,0.00016,-0.99562,-0.21884,0.00077,-0.01658,0.97562,0.09330,0.02908,0.00273,-0.99521,-0.21905,-0.02675,-0.01565,0.97522,0.00000,0.00000,1.00,1.00
37200,Blink,7196,0.00,0.00,0.12677,-0.00049,0.01673,-0.99179,0.09543,0.00364,0.00035,-0.99543,-0.22090,-0.00157,-0.01649,0.97516,0.09520,0.03107,0.00297,-0.99497,-0.22107,-0.02911,-0.01561,0.97470,0.00000,0.00000,1.00,1.00
37211,Blink,7206,0.00,0.00,0.12689,-0.00021,0.01684,-0.99177,0.09532,0.00340,0.00033,-0.99544,-0.22090,-0.00160,-0.01663,0.97515,0.09507,0.03083,0.00295,-0.99499,-0.22106,-0.02913,-0.01574,0.97470,0.00000,0.00000,1.00,1.00
37222,Blink,7217,0.00,0.00,0.12697,0.00014,0.01694,-0.99176,0.09524,0.00310,0.00030,-0.99545,-0.22090,-0.00163,-0.01678,0.97515,0.09499,0.03052,0.00291,-0.99501,-0.22106,-0.02917,-0.01588,0.97469,0.00000,0.00000,1.00,1.00
37234,Blink,7229,0.00,0.00,0.12706,0.00044,0.01711,-0.99175,0.09515,0.00285,0.00027,-0.99546,-0.22090,-0.00168,-0.01698,0.97515,0.09489,0.03028,0.00289,-0.99502,-0.22105,-0.02921,-0.01608,0.97469,0.00000,0.00000,1.00,1.00
37244,Blink,7240,0.00,0.00,0.12717,0.00082,0.01712,-0.99173,0.09366,0.00201,0.00019,-0.99560,-0.21953,-0.00123,-0.01705,0.97546,0.09341,0.02943,0.00276,-0.99519,-0.21971,-0.02875,-0.01611,0.97501,0.00000,0.00000,1.00,1.00
37255,Blink,7251,0.00,0.00,0.12737,0.00113,0.01717,-0.99171,0.09347,0.00172,0.00016,-0.99562,-0.21953,-0.00125,-0.01715,0.97545,0.09322,0.02913,0.00273,-0.99522,-0.21970,-0.02877,-0.01619,0.97501,0.00000,0.00000,1.00,1.00
37267,Blink,7263,0.00,0.00,0.12756,0.00149,0.01716,-0.99168,0.09322,0.00341,0.00032,-0.99564,-0.21951,-0.00331,-0.01711,0.97546,0.09298,0.03082,0.00288,-0.99519,-0.21967,-0.03082,-0.01614,0.97495,0.00000,0.00000,1.00,1.00
37278,Blink,7273,0.00,0.00,0.12771,0.00193,0.01715,-0.99166,0.09308,0.00299,0.00028,-0.99565,-0.21951,-0.00332,-0.01715,0.97545,0.09283,0.03040,0.00284,-0.99521,-0.21967,-0.03083,-0.01617,0.97495,0.00000,0.00000,1.00,1.00
37289,Blink,7284,0.00,0.00,0.12779,0.00227,0.01705,-0.99165,0.09300,0.00263,0.00025,-0.99566,-0.21951,-0.00331,-0.01710,0.97546,0.09276,0.03004,0.00280,-0.99523,-0.21967,-0.03082,-0.01612,0.97495,0.00000,0.00000,1.00,1.00
37301,Blink,7296,0.00,0.00,0.12790,0.00267,0.01685,-0.99164,0.09330,0.00027,0.00003,-0.99564,-0.21986,-0.00136,-0.01701,0.97538,0.09311,0.02769,0.00259,-0.99527,-0.22008,-0.02888,-0.01604,0.97492,0.00000,0.00000,1.00,1.00
37311,Blink,7307,0.00,0.00,0.12808,0.00306,0.01662,-0.99162,0.09313,-0.00018,-0.00002,-0.99565,-0.21986,-0.00132,-0.01684,0.97538,0.09295,0.02724,0.00254,-0.99530,-0.22009,-0.02884,-0.01586,0.97493,0.00000,0.00000,1.00,1.00
37322,Blink,7318,0.00,0.00,0.12816,0.00349,0.01638,-0.99161,0.09305,-0.00067,-0.00006,-0.99566,-0.21986,-0.00128,-0.01666,0.97539,0.09288,0.02675,0.00250,-0.99531,-0.22009,-0.02879,-0.01568,0.97493,0.00000,0.00000,1.00,1.00
37334,Blink,7330,0.00,0.00,0.12832,0.00385,0.01631,-0.99159,0.09329,0.00227,0.00021,-0.99564,-0.22030,-0.00459,-0.01651,0.97528,0.09309,0.02969,0.00278,-0.99521,-0.22049,-0.03211,-0.01553,0.97474,0.00000,0.00000,1.00,1.00
37345,Blink,7340,0.00,0.00,0.12841,0.00420,0.01627,-0.99158,0.09320,0.00192,0.00018,-0.99565,-0.22030,-0.00460,-0.01653,0.97528,0.09301,0.02934,0.00274,-0.99523,-0.22049,-0.03211,-0.01554,0.97474,0.00000,0.00000,1.00,1.00
37356,Blink,7351,0.00,0.00,0.12853,0.00452,0.01642,-0.99156,0.09309,0.00167,0.00016,-0.99566,-0.22030,-0.00464,-0.01671,0.97528,0.09288,0.02908,0.00271,-0.99525,-0.22048,-0.03215,-0.01572,0.97473,0.00000,0.00000,1.00,1.00
37367,Blink,7363,0.00,0.00,0.12870,0.00484,0.01646,-0.99153,0.09319,0.00040,0.00004,-0.99565,-0.22055,-0.00369,-0.01682,0.97522,0.09299,0.02781,0.00260,-0.99528,-0.22074,-0.03120,-0.01583,0.97470,0.00000,0.00000,1.00,1.00
37378,Blink,7374,0.00,0.00,0.12882,0.00515,0.01645,-0.99152,0.09308,0.00010,0.00001,-0.99566,-0.22055,-0.00369,-0.01685,0.97522,0.09288,0.02752,0.00257,-0.99529,-0.22074,-0.03121,-0.01585,0.97470,0.00000,0.00000,1.00,1.00
37389,Blink,7385,0.00,0.00,0.12887,0.00543,0.01650,-0.99151,0.09304,-0.00015,-0.00001,-0.99566,-0.22055,-0.00371,-0.01694,0.97522,0.09283,0.02726,0.00254,-0.99531,-0.22074,-0.03123,-0.01594,0.97470,0.00000,0.00000,1.00,1.00
37401,Blink,7397,0.00,0.00,0.12902,0.00571,0.01655,-0.99149,0.09193,0.00010,0.00001,-0.99577,-0.21962,-0.00426,-0.01700,0.97543,0.09174,0.02751,0.00253,-0.99540,-0.21982,-0.03176,-0.01596,0.97489,0.00000,0.00000,1.00,1.00
37411,Blink,7407,0.00,0.00,0.12945,0.00596,0.01657,-0.99143,0.09150,-0.00015,-0.00001,-0.99580,-0.21962,-0.00427,-0.01705,0.97543,0.09130,0.02725,0.00250,-0.99545,-0.21982,-0.03177,-0.01599,0.97489,0.00000,0.00000,1.00,1.00
37422,Blink,7418,0.00,0.00,0.12988,0.00617,0.01652,-0.99137,0.09107,-0.00037,-0.00003,-0.99584,-0.21962,-0.00426,-0.01703,0.97543,0.09087,0.02703,0.00247,-0.99549,-0.21982,-0.03176,-0.01594,0.97489,0.00000,0.00000,1.00,1.00
37434,Blink,7430,0.00,0.00,0.13016,0.00631,0.01667,-0.99133,0.09089,-0.00244,-0.00022,-0.99586,-0.21968,-0.00232,-0.01727,0.97542,0.09072,0.02497,0.00228,-0.99556,-0.21992,-0.02981,-0.01618,0.97493,0.00000,0.00000,1.00,1.00
37445,Blink,7440,0.00,0.00,0.13028,0.00651,0.01683,-0.99131,0.09076,-0.00259,-0.00024,-0.99587,-0.21968,-0.00236,-0.01745,0.97541,0.09059,0.02482,0.00226,-0.99558,-0.21991,-0.02985,-0.01635,0.97493,0.00000,0.00000,1.00,1.00
37456,Blink,7452,0.00,0.00,0.13036,0.00667,0.01697,-0.99130,0.09069,-0.00270,-0.00025,-0.99588,-0.21968,-0.00239,-0.01761,0.97541,0.09051,0.02470,0.00225,-0.99559,-0.21991,-0.02988,-0.01650,0.97492,0.00000,0.00000,1.00,1.00
37468,Blink,7464,0.00,0.00,0.13040,0.00696,0.01681,-0.99129,0.09137,-0.00378,-0.00035,-0.99581,-0.22037,-0.00161,-0.01753,0.97526,0.09123,0.02363,0.00217,-0.99555,-0.22063,-0.02911,-0.01644,0.97478,0.00000,0.00000,1.00,1.00
37477,Blink,7473,0.00,0.00,0.13040,0.00721,0.01665,-0.99130,0.09138,-0.00407,-0.00037,-0.99581,-0.22037,-0.00158,-0.01740,0.97526,0.09124,0.02334,0.00214,-0.99555,-0.22064,-0.02908,-0.01631,0.97479,0.00000,0.00000,1.00,1.00
37489,Blink,7484,0.00,0.00,0.13024,0.00742,0.01657,-0.99132,0.09154,-0.00430,-0.00039,-0.99579,-0.22037,-0.00157,-0.01735,0.97526,0.09141,0.02312,0.00212,-0.99554,-0.22064,-0.02907,-0.01627,0.97479,0.00000,0.00000,1.00,1.00
37501,Blink,7496,0.00,0.00,0.13007,0.00771,0.01657,-0.99134,0.09046,-0.00509,-0.00046,-0.99589,-0.21913,-0.00107,-0.01741,0.97554,0.09035,0.02232,0.00202,-0.99566,-0.21942,-0.02856,-0.01630,0.97508,0.00000,0.00000,1.00,1.00
37511,Blink,7507,0.00,0.00,0.12984,0.00804,0.01659,-0.99136,0.09070,-0.00540,-0.00049,-0.99586,-0.21913,-0.00108,-0.01747,0.97554,0.09058,0.02200,0.00200,-0.99564,-0.21942,-0.02858,-0.01638,0.97507,0.00000,0.00000,1.00,1.00
37523,Blink,7518,0.00,0.00,0.12967,0.00841,0.01664,-0.99138,0.09087,-0.00574,-0.00052,-0.99585,-0.21913,-0.00110,-0.01756,0.97554,0.09075,0.02167,0.00198,-0.99564,-0.21942,-0.02860,-0.01647,0.97507,0.00000,0.00000,1.00,1.00
37535,Blink,7530,0.00,0.00,0.12956,0.00879,0.01659,-0.99139,0.09048,-0.00632,-0.00057,-0.99588,-0.21863,-0.00091,-0.01757,0.97565,0.09037,0.02108,0.00191,-0.99568,-0.21893,-0.02840,-0.01648,0.97519,0.00000,0.00000,1.00,1.00
37545,Blink,7541,0.00,0.00,0.12946,0.00918,0.01652,-0.99140,0.09059,-0.00672,-0.00061,-0.99587,-0.21863,-0.00091,-0.01755,0.97565,0.09048,0.02069,0.00188,-0.99568,-0.21893,-0.02840,-0.01646,0.97519,0.00000,0.00000,1.00,1.00
37556,Blink,7552,0.00,0.00,0.12934,0.00951,0.01647,-0.99142,0.09072,-0.00705,-0.00064,-0.99585,-0.21863,-0.00090,-0.01754,0.97565,0.09061,0.02036,0.00185,-0.99568,-0.21893,-0.02840,-0.01646,0.97519,0.00000,0.00000,1.00,1.00
37568,Blink,7564,0.00,0.00,0.12914,0.00985,0.01641,-0.99144,0.09057,-0.00773,-0.00070,-0.99586,-0.21829,-0.00057,-0.01754,0.97573,0.09049,0.01968,0.00179,-0.99570,-0.21860,-0.02807,-0.01646,0.97527,0.00000,0.00000,1.00,1.00
37578,Blink,7574,0.00,0.00,0.12885,0.01015,0.01656,-0.99147,0.09088,-0.00796,-0.00073,-0.99583,-0.21829,-0.00061,-0.01772,0.97572,0.09078,0.01945,0.00177,-0.99568,-0.21860,-0.02811,-0.01666,0.97527,0.00000,0.00000,1.00,1.00
37588,Blink,7584,0.00,0.00,0.12831,0.01052,0.01656,-0.99154,0.09142,-0.00831,-0.00076,-0.99578,-0.21829,-0.00062,-0.01777,0.97572,0.09132,0.01911,0.00175,-0.99564,-0.21859,-0.02813,-0.01674,0.97527,0.00000,0.00000,1.00,1.00
37600,Blink,7596,0.00,0.00,0.12801,0.01083,0.01655,-0.99158,0.09130,-0.00838,-0.00077,-0.99579,-0.21787,-0.00086,-0.01778,0.97582,0.09121,0.01903,0.00174,-0.99565,-0.21819,-0.02837,-0.01676,0.97535,0.00000,0.00000,1.00,1.00
37611,Blink,7606,0.00,0.00,0.12779,0.01112,0.01654,-0.99160,0.09152,-0.00866,-0.00080,-0.99576,-0.21787,-0.00087,-0.01780,0.97582,0.09143,0.01876,0.00172,-0.99563,-0.21819,-0.02838,-0.01679,0.97535,0.00000,0.00000,1.00,1.00
37622,Blink,7618,0.00,0.00,0.12763,0.01143,0.01648,-0.99162,0.09169,-0.00898,-0.00083,-0.99575,-0.21787,-0.00087,-0.01779,0.97582,0.09159,0.01844,0.00170,-0.99562,-0.21819,-0.02838,-0.01679,0.97535,0.00000,0.00000,1.00,1.00
37634,Blink,7630,0.00,0.00,0.12725,0.01162,0.01677,-0.99166,0.09272,-0.01062,-0.00099,-0.99564,-0.21848,0.00065,-0.01814,0.97567,0.09265,0.01681,0.00156,-0.99556,-0.21883,-0.02688,-0.01718,0.97524,0.00000,0.00000,1.00,1.00
37644,Blink,7640,0.00,0.00,0.12693,0.01187,0.01700,-0.99169,0.09304,-0.01079,-0.00101,-0.99560,-0.21848,0.00059,-0.01840,0.97567,0.09296,0.01664,0.00155,-0.99553,-0.21882,-0.02694,-0.01745,0.97524,0.00000,0.00000,1.00,1.00
37656,Blink,7651,0.00,0.00,0.12665,0.01206,0.01708,-0.99173,0.09334,-0.01094,-0.00103,-0.99557,-0.21848,0.00057,-0.01850,0.97567,0.09324,0.01650,0.00155,-0.99551,-0.21882,-0.02697,-0.01757,0.97524,0.00000,0.00000,1.00,1.00
37668,Blink,7664,0.00,0.00,0.12639,0.01220,0.01688,-0.99176,0.09668,-0.01173,-0.00114,-0.99525,-0.22149,0.00126,-0.01834,0.97499,0.09663,0.01573,0.00153,-0.99520,-0.22186,-0.02631,-0.01751,0.97457,0.00000,0.00000,1.00,1.00
37678,Blink,7674,0.00,0.00,0.12623,0.01223,0.01670,-0.99179,0.09684,-0.01181,-0.00115,-0.99523,-0.22148,0.00130,-0.01816,0.97499,0.09679,0.01566,0.00152,-0.99518,-0.22186,-0.02627,-0.01734,0.97457,0.00000,0.00000,1.00,1.00
37690,Blink,7685,0.00,0.00,0.12597,0.01225,0.01658,-0.99182,0.09709,-0.01187,-0.00116,-0.99520,-0.22148,0.00133,-0.01803,0.97500,0.09706,0.01560,0.00152,-0.99516,-0.22187,-0.02625,-0.01723,0.97457,0.00000,0.00000,1.00,1.00
37702,Blink,7697,0.00,0.00,0.12556,0.01219,0.01677,-0.99187,0.09751,-0.01174,-0.00115,-0.99516,-0.22149,0.00129,-0.01821,0.97499,0.09746,0.01573,0.00154,-0.99511,-0.22186,-0.02629,-0.01742,0.97457,0.00000,0.00000,1.00,1.00
37711,Blink,7707,0.00,0.00,0.12518,0.01225,0.01694,-0.99191,0.09706,-0.01124,-0.00110,-0.99522,-0.22068,0.00074,-0.01837,0.97517,0.09701,0.01623,0.00158,-0.99515,-0.22105,-0.02684,-0.01759,0.97473,0.00000,0.00000,1.00,1.00
37722,Blink,7718,0.00,0.00,0.12485,0.01232,0.01720,-0.99195,0.09740,-0.01123,-0.00110,-0.99518,-0.22068,0.00068,-0.01863,0.97517,0.09733,0.01624,0.00159,-0.99512,-0.22105,-0.02690,-0.01786,0.97473,0.00000,0.00000,1.00,1.00
37734,Blink,7730,0.00,0.00,0.12467,0.01250,0.01733,-0.99197,0.09607,-0.01103,-0.00106,-0.99531,-0.21920,0.00030,-0.01877,0.97550,0.09600,0.01643,0.00158,-0.99524,-0.21957,-0.02727,-0.01797,0.97505,0.00000,0.00000,1.00,1.00
37745,Blink,7740,0.00,0.00,0.12458,0.01263,0.01740,-0.99198,0.09617,-0.01113,-0.00108,-0.99530,-0.21920,0.00028,-0.01885,0.97550,0.09609,0.01633,0.00158,-0.99524,-0.21957,-0.02729,-0.01806,0.97505,0.00000,0.00000,1.00,1.00
37756,Blink,7752,0.00,0.00,0.12450,0.01295,0.01748,-0.99198,0.09625,-0.01141,-0.00110,-0.99529,-0.21920,0.00025,-0.01897,0.97549,0.09617,0.01605,0.00155,-0.99523,-0.21957,-0.02732,-0.01819,0.97505,0.00000,0.00000,1.00,1.00
37768,Blink,7764,0.00,0.00,0.12444,0.01324,0.01755,-0.99198,0.09548,-0.01152,-0.00111,-0.99536,-0.21839,0.00006,-0.01907,0.97568,0.09541,0.01593,0.00153,-0.99531,-0.21876,-0.02750,-0.01827,0.97522,0.00000,0.00000,1.00,1.00
37779,Blink,7774,0.00,0.00,0.12437,0.01354,0.01769,-0.99199,0.09555,-0.01177,-0.00113,-0.99535,-0.21839,0.00003,-0.01925,0.97567,0.09548,0.01569,0.00150,-0.99531,-0.21876,-0.02754,-0.01845,0.97522,0.00000,0.00000,1.00,1.00
37790,Blink,7785,0.00,0.00,0.12434,0.01390,0.01777,-0.99198,0.09559,-0.01209,-0.00116,-0.99535,-0.21839,0.00000,-0.01937,0.97567,0.09551,0.01537,0.00147,-0.99531,-0.21875,-0.02756,-0.01857,0.97521,0.00000,0.00000,1.00,1.00
37802,Blink,7797,0.00,0.00,0.12434,0.01417,0.01780,-0.99198,0.09750,-0.01313,-0.00129,-0.99515,-0.22025,0.00081,-0.01945,0.97525,0.09746,0.01434,0.00140,-0.99514,-0.22065,-0.02677,-0.01870,0.97481,0.00000,0.00000,1.00,1.00
37812,Blink,7807,0.00,0.00,0.12451,0.01445,0.01773,-0.99195,0.09734,-0.01342,-0.00131,-0.99516,-0.22025,0.00082,-0.01941,0.97525,0.09730,0.01405,0.00137,-0.99516,-0.22065,-0.02676,-0.01866,0.97481,0.00000,0.00000,1.00,1.00
37823,Blink,7819,0.00,0.00,0.12468,0.01465,0.01775,-0.99193,0.09718,-0.01361,-0.00133,-0.99517,-0.22025,0.00081,-0.01946,0.97525,0.09713,0.01386,0.00135,-0.99517,-0.22065,-0.02677,-0.01870,0.97481,0.00000,0.00000,1.00,1.00
37835,Blink,7831,0.00,0.00,0.12486,0.01487,0.01764,-0.99191,0.09840,-0.01317,-0.00130,-0.99506,-0.22164,0.00017,-0.01937,0.97494,0.09838,0.01430,0.00141,-0.99505,-0.22206,-0.02743,-0.01863,0.97447,0.00000,0.00000,1.00,1.00
37845,Blink,7841,0.00,0.00,0.12507,0.01501,0.01758,-0.99188,0.09819,-0.01332,-0.00131,-0.99508,-0.22164,0.00017,-0.01933,0.97494,0.09817,0.01415,0.00140,-0.99507,-0.22206,-0.02742,-0.01859,0.97447,0.00000,0.00000,1.00,1.00
37856,Blink,7852,0.00,0.00,0.12516,0.01514,0.01760,-0.99187,0.09811,-0.01345,-0.00133,-0.99508,-0.22164,0.00017,-0.01937,0.97494,0.09809,0.01402,0.00138,-0.99508,-0.22206,-0.02742,-0.01861,0.97447,0.00000,0.00000,1.00,1.00
37868,Blink,7864,0.00,0.00,0.12527,0.01514,0.01767,-0.99185,0.09822,-0.01437,-0.00142,-0.99506,-0.22183,0.00110,-0.01946,0.97489,0.09821,0.01311,0.00129,-0.99508,-0.22227,-0.02650,-0.01871,0.97444,0.00000,0.00000,1.00,1.00
37879,Blink,7874,0.00,0.00,0.12550,0.01514,0.01761,-0.99182,0.09798,-0.01438,-0.00142,-0.99508,-0.22183,0.00111,-0.01941,0.97489,0.09798,0.01309,0.00129,-0.99510,-0.22228,-0.02648,-0.01865,0.97445,0.00000,0.00000,1.00,1.00
37890,Blink,7886,0.00,0.00,0.12590,0.01515,0.01743,-0.99177,0.09758,-0.01447,-0.00142,-0.99512,-0.22183,0.00115,-0.01924,0.97489,0.09759,0.01300,0.00128,-0.99514,-0.22228,-0.02644,-0.01845,0.97445,0.00000,0.00000,1.00,1.00
37902,Blink,7898,0.00,0.00,0.12610,0.01518,0.01723,-0.99175,0.09900,-0.01413,-0.00141,-0.99499,-0.22343,0.00080,-0.01904,0.97453,0.09902,0.01335,0.00133,-0.99499,-0.22389,-0.02680,-0.01829,0.97407,0.00000,0.00000,1.00,1.00
37912,Blink,7907,0.00,0.00,0.12611,0.01520,0.01714,-0.99175,0.09900,-0.01419,-0.00141,-0.99499,-0.22343,0.00082,-0.01895,0.97453,0.09902,0.01329,0.00132,-0.99500,-0.22389,-0.02678,-0.01820,0.97408,0.00000,0.00000,1.00,1.00
37923,Blink,7919,0.00,0.00,0.12600,0.01520,0.01728,-0.99176,0.09911,-0.01414,-0.00141,-0.99498,-0.22343,0.00079,-0.01908,0.97453,0.09913,0.01334,0.00133,-0.99498,-0.22389,-0.02681,-0.01833,0.97407,0.00000,0.00000,1.00,1.00
37935,Blink,7931,0.00,0.00,0.12597,0.01528,0.01728,-0.99177,0.09804,-0.01396,-0.00138,-0.99508,-0.22236,0.00050,-0.01909,0.97478,0.09804,0.01352,0.00133,-0.99509,-0.22280,-0.02709,-0.01831,0.97432,0.00000,0.00000,1.00,1.00
37946,Blink,7941,0.00,0.00,0.12580,0.01536,0.01734,-0.99179,0.09821,-0.01401,-0.00138,-0.99507,-0.22236,0.00049,-0.01915,0.97478,0.09822,0.01347,0.00133,-0.99507,-0.22280,-0.02710,-0.01839,0.97431,0.00000,0.00000,1.00,1.00
37957,Blink,7952,0.00,0.00,0.12575,0.01540,0.01733,-0.99179,0.09826,-0.01405,-0.00139,-0.99506,-0.22236,0.00049,-0.01915,0.97478,0.09826,0.01343,0.00133,-0.99507,-0.22280,-0.02710,-0.01839,0.97431,0.00000,0.00000,1.00,1.00
37969,Blink,7965,0.00,0.00,0.12571,0.01540,0.01721,-0.99180,0.09738,-0.01335,-0.00131,-0.99516,-0.22147,-0.00024,-0.01901,0.97498,0.09738,0.01411,0.00138,-0.99515,-0.22190,-0.02782,-0.01822,0.97450,0.00000,0.00000,1.00,1.00
37979,Blink,7975,0.00,0.00,0.12566,0.01537,0.01719,-0.99181,0.09743,-0.01333,-0.00131,-0.99515,-0.22147,-0.00023,-0.01898,0.97498,0.09743,0.01414,0.00138,-0.99514,-0.22190,-0.02781,-0.01820,0.97450,0.00000,0.00000,1.00,1.00
37990,Blink,7986,0.00,0.00,0.12555,0.01522,0.01728,-0.99182,0.09754,-0.01316,-0.00129,-0.99514,-0.22147,-0.00025,-0.01905,0.97498,0.09753,0.01431,0.00140,-0.99513,-0.22190,-0.02783,-0.01827,0.97450,0.00000,0.00000,1.00,1.00
38002,Blink,7998,0.00,0.00,0.12553,0.01486,0.01762,-0.99182,0.09747,-0.01260,-0.00123,-0.99516,-0.22139,-0.00042,-0.01934,0.97499,0.09745,0.01487,0.00146,-0.99513,-0.22180,-0.02800,-0.01856,0.97451,0.00000,0.00000,1.00,1.00
38012,Blink,8008,0.00,0.00,0.12546,0.01455,0.01779,-0.99183,0.09753,-0.01225,-0.00120,-0.99516,-0.22139,-0.00044,-0.01947,0.97499,0.09750,0.01522,0.00149,-0.99512,-0.22180,-0.02803,-0.01869,0.97451,0.00000,0.00000,1.00,1.00
38023,Blink,8019,0.00,0.00,0.12522,0.01412,0.01804,-0.99186,0.09776,-0.01175,-0.00115,-0.99514,-0.22139,-0.00049,-0.01966,0.97499,0.09772,0.01572,0.00154,-0.99509,-0.22179,-0.02807,-0.01889,0.97451,0.00000,0.00000,1.00,1.00
38035,Blink,8031,0.00,0.00,0.12493,0.01376,0.01831,-0.99190,0.09851,-0.01170,-0.00116,-0.99507,-0.22182,-0.00014,-0.01989,0.97488,0.09846,0.01578,0.00156,-0.99501,-0.22223,-0.02773,-0.01915,0.97441,0.00000,0.00000,1.00,1.00
38045,Blink,8041,0.00,0.00,0.12463,0.01331,0.01839,-0.99194,0.09879,-0.01123,-0.00112,-0.99504,-0.22182,-0.00014,-0.01991,0.97488,0.09874,0.01625,0.00161,-0.99498,-0.22223,-0.02774,-0.01919,0.97441,0.00000,0.00000,1.00,1.00
38057,Blink,8053,0.00,0.00,0.12447,0.01295,0.01824,-0.99197,0.09895,-0.01094,-0.00109,-0.99503,-0.22182,-0.00009,-0.01971,0.97489,0.09891,0.01654,0.00164,-0.99496,-0.22224,-0.02769,-0.01900,0.97441,0.00000,0.00000,1.00,1.00
38069,Blink,8065,0.00,0.00,0.12446,0.01245,0.01805,-0.99198,0.09907,-0.01194,-0.00119,-0.99501,-0.22191,0.00139,-0.01950,0.97487,0.09907,0.01554,0.00155,-0.99496,-0.22237,-0.02621,-0.01880,0.97443,0.00000,0.00000,1.00,1.00
38079,Blink,8074,0.00,0.00,0.12434,0.01206,0.01789,-0.99200,0.09918,-0.01161,-0.00116,-0.99500,-0.22191,0.00144,-0.01929,0.97487,0.09919,0.01587,0.00158,-0.99494,-0.22238,-0.02616,-0.01859,0.97443,0.00000,0.00000,1.00,1.00
38090,Blink,8086,0.00,0.00,0.12420,0.01161,0.01784,-0.99203,0.09931,-0.01120,-0.00112,-0.99499,-0.22191,0.00147,-0.01918,0.97488,0.09933,0.01629,0.00163,-0.99492,-0.22238,-0.02614,-0.01849,0.97443,0.00000,0.00000,1.00,1.00
38102,Blink,8098,0.00,0.00,0.12406,0.01125,0.01777,-0.99205,0.09957,-0.01097,-0.00110,-0.99497,-0.22204,0.00159,-0.01907,0.97485,0.09958,0.01652,0.00165,-0.99489,-0.22249,-0.02602,-0.01839,0.97441,0.00000,0.00000,1.00,1.00
38112,Blink,8108,0.00,0.00,0.12392,0.01089,0.01769,-0.99207,0.09971,-0.01064,-0.00107,-0.99496,-0.22204,0.00162,-0.01895,0.97485,0.09972,0.01684,0.00169,-0.99487,-0.22249,-0.02599,-0.01827,0.97442,0.00000,0.00000,1.00,1.00
38123,Blink,8119,0.00,0.00,0.12372,0.01055,0.01764,-0.99210,0.09990,-0.01033,-0.00104,-0.99494,-0.22204,0.00164,-0.01886,0.97485,0.09992,0.01716,0.00172,-0.99485,-0.22250,-0.02597,-0.01819,0.97442,0.00000,0.00000,1.00,1.00
38135,Blink,8131,0.00,0.00,0.12351,0.01028,0.01745,-0.99214,0.09973,-0.01051,-0.00105,-0.99496,-0.22166,0.00207,-0.01864,0.97494,0.09973,0.01697,0.00170,-0.99487,-0.22210,-0.02554,-0.01798,0.97452,0.00000,0.00000,1.00,1.00
38146,Blink,8142,0.00,0.00,0.12345,0.01001,0.01725,-0.99215,0.09978,-0.01032,-0.00103,-0.99496,-0.22166,0.00212,-0.01841,0.97495,0.09980,0.01717,0.00172,-0.99486,-0.22211,-0.02549,-0.01775,0.97453,0.00000,0.00000,1.00,1.00
38157,Blink,8153,0.00,0.00,0.12339,0.00980,0.01696,-0.99216,0.09983,-0.01021,-0.00102,-0.99495,-0.22166,0.00220,-0.01810,0.97495,0.09987,0.01728,0.00173,-0.99485,-0.22212,-0.02542,-0.01744,0.97453,0.00000,0.00000,1.00,1.00
38169,Blink,8165,0.00,0.00,0.12340,0.00962,0.01675,-0.99217,0.09939,-0.01102,-0.00110,-0.99499,-0.22122,0.00316,-0.01789,0.97505,0.09941,0.01647,0.00165,-0.99491,-0.22167,-0.02445,-0.01722,0.97466,0.00000,0.00000,1.00,1.00
38179,Blink,8175,0.00,0.00,0.12321,0.00938,0.01657,-0.99220,0.09958,-0.01084,-0.00109,-0.99497,-0.22122,0.00321,-0.01768,0.97506,0.09962,0.01664,0.00167,-0.99489,-0.22168,-0.02440,-0.01702,0.97467,0.00000,0.00000,1.00,1.00
38191,Blink,8186,0.00,0.00,0.12327,0.00916,0.01649,-0.99219,0.09952,-0.01066,-0.00107,-0.99498,-0.22122,0.00323,-0.01757,0.97506,0.09956,0.01683,0.00168,-0.99489,-0.22168,-0.02438,-0.01691,0.97467,0.00000,0.00000,1.00,1.00
38202,Blink,8198,0.00,0.00,0.12335,0.00886,0.01637,-0.99219,0.09831,-0.01102,-0.00109,-0.99509,-0.22012,0.00387,-0.01744,0.97531,0.09833,0.01645,0.00163,-0.99502,-0.22056,-0.02373,-0.01674,0.97494,0.00000,0.00000,1.00,1.00
38213,Blink,8208,0.00,0.00,0.12346,0.00854,0.01630,-0.99218,0.09820,-0.01075,-0.00106,-0.99511,-0.22012,0.00389,-0.01733,0.97531,0.09822,0.01673,0.00165,-0.99502,-0.22056,-0.02370,-0.01663,0.97494,0.00000,0.00000,1.00,1.00
38224,Blink,8220,0.00,0.00,0.12342,0.00809,0.01648,-0.99218,0.09824,-0.01025,-0.00101,-0.99511,-0.22012,0.00386,-0.01745,0.97531,0.09825,0.01722,0.00170,-0.99501,-0.22056,-0.02373,-0.01675,0.97494,0.00000,0.00000,1.00,1.00
38236,Blink,8232,0.00,0.00,0.12345,0.00754,0.01641,-0.99219,0.09763,-0.01103,-0.00108,-0.99516,-0.21955,0.00517,-0.01735,0.97543,0.09764,0.01644,0.00161,-0.99509,-0.21998,-0.02241,-0.01663,0.97511,0.00000,0.00000,1.00,1.00
38246,Blink,8242,0.00,0.00,0.12364,0.00709,0.01633,-0.99217,0.09744,-0.01062,-0.00104,-0.99518,-0.21955,0.00520,-0.01722,0.97544,0.09745,0.01685,0.00165,-0.99510,-0.21998,-0.02238,-0.01650,0.97511,0.89476,0.83605,1.00,1.00
38257,Blink,8253,0.00,0.00,0.12358,0.00659,0.01617,-0.99218,0.09749,-0.01019,-0.00100,-0.99518,-0.21955,0.00525,-0.01700,0.97544,0.09751,0.01728,0.00169,-0.99508,-0.21999,-0.02233,-0.01627,0.97511,0.89476,0.83605,1.00,1.00
38269,Blink,8265,0.00,0.00,0.12356,0.00609,0.01608,-0.99219,0.04623,-0.00940,-0.00043,-0.99889,-0.16914,0.00404,-0.01707,0.98544,0.04625,0.01776,0.00082,-0.99877,-0.16958,-0.02307,-0.01496,0.98513,0.89476,0.83605,1.00,1.00
38279,Blink,8275,0.00,0.00,0.12354,0.00567,0.01590,-0.99220,0.04625,-0.00902,-0.00042,-0.99889,-0.16914,0.00408,-0.01684,0.98544,0.04628,0.01814,0.00084,-0.99876,-0.16958,-0.02303,-0.01473,0.98514,0.98923,0.95933,1.00,1.00
38290,Blink,8286,0.00,0.00,0.12352,0.00519,0.01570,-0.99220,0.04625,-0.00860,-0.00040,-0.99889,-0.16914,0.00412,-0.01659,0.98544,0.04629,0.01856,0.00086,-0.99876,-0.16959,-0.02298,-0.01448,0.98514,0.98923,0.95933,1.00,1.00
38303,Blink,8298,0.00,0.00,0.12358,0.00479,0.01548,-0.99220,-0.07183,-0.00934,0.00067,-0.99737,-0.05183,0.00329,-0.01692,0.99851,-0.07175,0.01795,-0.00129,-0.99726,-0.05233,-0.02354,-0.01160,0.99829,0.98923,0.95933,1.00,1.00
38313,Blink,8308,0.00,0.00,0.12348,0.00436,0.01533,-0.99222,-0.07175,-0.00890,0.00064,-0.99738,-0.05183,0.00330,-0.01671,0.99851,-0.07166,0.01839,-0.00132,-0.99726,-0.05233,-0.02353,-0.01140,0.99829,0.98570,0.90462,1.00,1.00
38323,Blink,8319,0.00,0.00,0.12331,0.00394,0.01521,-0.99224,-0.07158,-0.00847,0.00061,-0.99740,-0.05183,0.00331,-0.01654,0.99851,-0.07148,0.01882,-0.00135,-0.99726,-0.05234,-0.02352,-0.01123,0.99829,0.98570,0.90462,1.00,1.00
38336,Blink,8331,0.00,0.00,0.12321,0.00355,0.01506,-0.99226,-0.08058,-0.00944,0.00076,-0.99670,-0.04270,0.00452,-0.01664,0.99894,-0.08051,0.01790,-0.00145,-0.99659,-0.04319,-0.02234,-0.01108,0.99876,0.98570,0.90462,1.00,1.00
38346,Blink,8342,0.00,0.00,0.12324,0.00332,0.01493,-0.99226,-0.08062,-0.00920,0.00074,-0.99670,-0.04270,0.00453,-0.01649,0.99894,-0.08053,0.01814,-0.00147,-0.99659,-0.04319,-0.02233,-0.01092,0.99876,0.98956,0.99669,1.00,1.00
38357,Blink,8353,0.00,0.00,0.12338,0.00305,0.01479,-0.99224,-0.08076,-0.00892,0.00072,-0.99669,-0.04270,0.00453,-0.01632,0.99894,-0.08067,0.01842,-0.00149,-0.99657,-0.04319,-0.02232,-0.01074,0.99876,0.98956,0.99669,1.00,1.00
38369,Blink,8365,0.00,0.00,0.12345,0.00275,0.01475,-0.99224,-0.07185,-0.01193,0.00086,-0.99734,-0.05164,0.00793,-0.01684,0.99849,-0.07181,0.01535,-0.00111,-0.99730,-0.05209,-0.01890,-0.01152,0.99840,0.98956,0.99669,1.00,1.00
38379,Blink,8375,0.00,0.00,0.12349,0.00253,0.01459,-0.99224,-0.07190,-0.01171,0.00084,-0.99734,-0.05164,0.00794,-0.01665,0.99850,-0.07185,0.01557,-0.00112,-0.99729,-0.05210,-0.01889,-0.01133,0.99840,0.99971,0.99991,1.00,1.00
38391,Blink,8386,0.00,0.00,0.12347,0.00220,0.01456,-0.99224,-0.07189,-0.01138,0.00082,-0.99735,-0.05164,0.00795,-0.01658,0.99850,-0.07183,0.01591,-0.00115,-0.99729,-0.05210,-0.01888,-0.01126,0.99840,0.99971,0.99991,1.00,1.00
38402,Blink,8398,0.00,0.00,0.12347,0.00191,0.01436,-0.99224,-0.04894,-0.04450,0.00218,-0.99781,-0.07400,0.04128,-0.02189,0.99616,-0.04911,-0.01740,0.00086,-0.99864,-0.07433,0.01454,-0.01724,0.99698,0.99971,0.99991,1.00,1.00
38413,Blink,8409,0.00,0.00,0.12344,0.00162,0.01421,-0.99225,-0.04892,-0.04421,0.00217,-0.99782,-0.07400,0.04129,-0.02171,0.99617,-0.04908,-0.01710,0.00084,-0.99865,-0.07432,0.01456,-0.01705,0.99698,0.95953,0.98777,1.00,1.00
38424,Blink,8420,0.00,0.00,0.12344,0.00126,0.01404,-0.99225,-0.04895,-0.04386,0.00215,-0.99784,-0.07399,0.04131,-0.02150,0.99617,-0.04910,-0.01675,0.00082,-0.99865,-0.07432,0.01457,-0.01684,0.99699,0.95953,0.98777,1.00,1.00
38436,Blink,8432,0.00,0.00,0.12337,0.00073,0.01396,-0.99226,-0.00110,-0.04620,0.00005,-0.99893,-0.12150,0.04509,-0.01970,0.99137,-0.00106,-0.01920,0.00002,-0.99982,-0.12202,0.01831,-0.01635,0.99222,0.95953,0.98777,1.00,1.00
38446,Blink,8442,0.00,0.00,0.12336,0.00017,0.01396,-0.99226,-0.00110,-0.04564,0.00005,-0.99896,-0.12150,0.04510,-0.01962,0.99137,-0.00106,-0.01865,0.00002,-0.99983,-0.12202,0.01832,-0.01627,0.99223,0.77048,0.82826,1.00,1.00
38458,Blink,8453,0.00,0.00,0.12322,-0.00049,0.01396,-0.99228,-0.00098,-0.04499,0.00004,-0.99899,-0.12149,0.04511,-0.01954,0.99137,-0.00093,-0.01800,0.00002,-0.99984,-0.12202,0.01833,-0.01619,0.99223,0.77048,0.82826,1.00,1.00
38469,Blink,8465,0.00,0.00,0.12313,-0.00113,0.01392,-0.99229,0.00369,-0.04541,-0.00017,-0.99896,-0.12603,0.04626,-0.01933,0.99076,0.00374,-0.01841,-0.00007,-0.99982,-0.12656,0.01946,-0.01612,0.99164,0.77048,0.82826,1.00,1.00
38480,Blink,8475,0.00,0.00,0.12296,-0.00188,0.01381,-0.99231,0.00383,-0.04468,-0.00017,-0.99899,-0.12602,0.04629,-0.01911,0.99076,0.00389,-0.01768,-0.00007,-0.99984,-0.12656,0.01949,-0.01591,0.99164,0.04331,0.08645,1.00,1.00
38491,Blink,8487,0.00,0.00,0.12290,-0.00256,0.01375,-0.99232,0.00387,-0.04401,-0.00017,-0.99902,-0.12601,0.04631,-0.01896,0.99077,0.00393,-0.01701,-0.00007,-0.99985,-0.12655,0.01950,-0.01576,0.99164,0.04331,0.08645,1.00,1.00
38503,Blink,8499,0.00,0.00,0.12277,-0.00325,0.01370,-0.99234,0.08730,-0.00641,-0.00056,-0.99616,-0.20884,0.01086,-0.01359,0.97780,0.08727,0.02098,0.00184,-0.99596,-0.20917,-0.01661,-0.01261,0.97766,0.04331,0.08645,1.00,1.00
38513,Blink,8509,0.00,0.00,0.12270,-0.00396,0.01375,-0.99234,0.08736,-0.00570,-0.00050,-0.99616,-0.20884,0.01087,-0.01355,0.97780,0.08733,0.02168,0.00190,-0.99594,-0.20917,-0.01660,-0.01257,0.97766,0.00105,0.00213,1.00,1.00
38524,Blink,8520,0.00,0.00,0.12269,-0.00456,0.01370,-0.99234,0.08735,-0.00514,-0.00045,-0.99616,-0.20883,0.01090,-0.01344,0.97780,0.08733,0.02225,0.00195,-0.99593,-0.20917,-0.01658,-0.01246,0.97766,0.00105,0.00213,1.00,1.00
38536,Blink,8532,0.00,0.00,0.12263,-0.00514,0.01358,-0.99235,0.08717,-0.00628,-0.00055,-0.99617,-0.20858,0.01261,-0.01330,0.97783,0.08714,0.02111,0.00185,-0.99597,-0.20891,-0.01486,-0.01232,0.97775,0.00105,0.00213,1.00,1.00
38547,Blink,8542,0.00,0.00,0.12250,-0.00564,0.01333,-0.99236,0.08729,-0.00587,-0.00051,-0.99617,-0.20857,0.01268,-0.01299,0.97784,0.08728,0.02151,0.00189,-0.99595,-0.20891,-0.01480,-0.01202,0.97775,0.00003,0.00006,1.00,1.00
38558,Blink,8553,0.00,0.00,0.12224,-0.00613,0.01315,-0.99240,0.08754,-0.00545,-0.00048,-0.99615,-0.20857,0.01273,-0.01275,0.97784,0.08754,0.02194,0.00193,-0.99592,-0.20891,-0.01475,-0.01179,0.97775,0.00003,0.00006,1.00,1.00
38570,Blink,8565,0.00,0.00,0.12225,-0.00657,0.01290,-0.99239,0.08730,-0.00685,-0.00060,-0.99616,-0.20833,0.01455,-0.01252,0.97787,0.08730,0.02054,0.00180,-0.99597,-0.20867,-0.01293,-0.01155,0.97783,0.00003,0.00006,1.00,1.00
38580,Blink,8576,0.00,0.00,0.12237,-0.00699,0.01271,-0.99238,0.08718,-0.00651,-0.00057,-0.99617,-0.20833,0.01460,-0.01228,0.97787,0.08719,0.02088,0.00183,-0.99597,-0.20867,-0.01287,-0.01130,0.97784,0.00000,0.00000,1.00,1.00
38592,Blink,8588,0.00,0.00,0.12255,-0.00742,0.01262,-0.99235,0.08699,-0.00612,-0.00053,-0.99619,-0.20832,0.01463,-0.01215,0.97788,0.08700,0.02127,0.00186,-0.99598,-0.20868,-0.01284,-0.01116,0.97784,0.00000,0.00000,1.00,1.00
38603,Blink,8599,0.00,0.00,0.12257,-0.00791,0.01268,-0.99235,0.08730,-0.00284,-0.00025,-0.99618,-0.20869,0.01184,-0.01204,0.97784,0.08723,0.02454,0.00215,-0.99588,-0.20896,-0.01564,-0.01106,0.97774,0.00000,0.00000,1.00,1.00
38614,Blink,8609,0.00,0.00,0.12252,-0.00836,0.01284,-0.99235,0.08734,-0.00235,-0.00021,-0.99618,-0.20869,0.01181,-0.01215,0.97783,0.08726,0.02503,0.00219,-0.99587,-0.20895,-0.01566,-0.01117,0.97774,0.00000,0.00000,1.00,1.00
38625,Blink,8621,0.00,0.00,0.12245,-0.00875,0.01279,-0.99235,0.08741,-0.00200,-0.00018,-0.99617,-0.20869,0.01184,-0.01204,0.97784,0.08734,0.02539,0.00223,-0.99585,-0.20896,-0.01564,-0.01107,0.97774,0.00000,0.00000,1.00,1.00
38636,Blink,8632,0.00,0.00,0.12247,-0.00909,0.01265,-0.99235,0.08747,-0.00092,-0.00008,-0.99617,-0.20879,0.01109,-0.01184,0.97783,0.08737,0.02646,0.00232,-0.99582,-0.20901,-0.01639,-0.01086,0.97772,0.00000,0.00000,1.00,1.00
38647,Blink,8643,0.00,0.00,0.12247,-0.00937,0.01243,-0.99235,0.08747,-0.00072,-0.00006,-0.99617,-0.20879,0.01114,-0.01159,0.97783,0.08737,0.02666,0.00234,-0.99582,-0.20901,-0.01633,-0.01061,0.97772,0.00000,0.00000,1.00,1.00
38659,Blink,8655,0.00,0.00,0.12242,-0.00970,0.01228,-0.99236,0.08751,-0.00044,-0.00004,-0.99616,-0.20878,0.01118,-0.01140,0.97783,0.08743,0.02695,0.00237,-0.99580,-0.20901,-0.01629,-0.01043,0.97772,0.00000,0.00000,1.00,1.00
38670,Blink,8666,0.00,0.00,0.12233,-0.01003,0.01224,-0.99236,0.09153,0.00840,0.00077,-0.99577,-0.21276,0.00268,-0.01101,0.97704,0.09131,0.03579,0.00328,-0.99517,-0.21283,-0.02482,-0.01015,0.97672,0.00000,0.00000,1.00,1.00
38680,Blink,8676,0.00,0.00,0.12217,-0.01034,0.01225,-0.99238,0.09169,0.00871,0.00080,-0.99575,-0.21276,0.00268,-0.01099,0.97704,0.09147,0.03610,0.00332,-0.99515,-0.21283,-0.02482,-0.01013,0.97672,0.00000,0.00000,1.00,1.00
38692,Blink,8687,0.00,0.00,0.12221,-0.01047,0.01216,-0.99237,0.09165,0.00880,0.00081,-0.99575,-0.21276,0.00271,-0.01087,0.97704,0.09143,0.03619,0.00333,-0.99515,-0.21283,-0.02479,-0.01002,0.97672,0.00000,0.00000,1.00,1.00
38704,Blink,8699,0.00,0.00,0.12216,-0.01078,0.01203,-0.99238,0.09235,0.01274,0.00118,-0.99564,-0.21343,-0.00094,-0.01060,0.97690,0.09206,0.04012,0.00371,-0.99494,-0.21342,-0.02844,-0.00976,0.97650,0.00000,0.00000,1.00,1.00
38714,Blink,8710,0.00,0.00,0.12221,-0.01103,0.01180,-0.99237,0.09229,0.01291,0.00120,-0.99565,-0.21343,-0.00088,-0.01034,0.97690,0.09202,0.04029,0.00373,-0.99493,-0.21342,-0.02838,-0.00950,0.97650,0.00000,0.00000,1.00,1.00
38725,Blink,8721,0.00,0.00,0.12224,-0.01130,0.01167,-0.99237,0.09226,0.01313,0.00122,-0.99565,-0.21343,-0.00085,-0.01018,0.97690,0.09200,0.04051,0.00375,-0.99493,-0.21343,-0.02834,-0.00934,0.97650,0.00000,0.00000,1.00,1.00
38737,Blink,8733,0.00,0.00,0.12223,-0.01162,0.01172,-0.99237,0.09522,0.01297,0.00124,-0.99537,-0.21632,-0.00034,-0.01020,0.97627,0.09492,0.04038,0.00385,-0.99466,-0.21629,-0.02787,-0.00944,0.97589,0.00000,0.00000,1.00,1.00
38747,Blink,8743,0.00,0.00,0.12212,-0.01197,0.01174,-0.99237,0.09532,0.01331,0.00127,-0.99536,-0.21632,-0.00034,-0.01018,0.97627,0.09502,0.04072,0.00389,-0.99463,-0.21629,-0.02787,-0.00943,0.97589,0.00000,0.00000,1.00,1.00
38759,Blink,8755,0.00,0.00,0.12189,-0.01235,0.01177,-0.99240,0.09555,0.01370,0.00132,-0.99533,-0.21632,-0.00034,-0.01017,0.97627,0.09525,0.04111,0.00394,-0.99460,-0.21629,-0.02787,-0.00943,0.97589,0.00000,0.00000,1.00,1.00
38770,Blink,8766,0.00,0.00,0.12187,-0.01270,0.01170,-0.99240,0.09613,0.01471,0.00142,-0.99526,-0.21688,-0.00101,-0.01004,0.97615,0.09580,0.04212,0.00406,-0.99450,-0.21681,-0.02854,-0.00931,0.97575,0.00000,0.00000,1.00,1.00
38781,Blink,8777,0.00,0.00,0.12197,-0.01311,0.01162,-0.99238,0.09603,0.01508,0.00145,-0.99526,-0.21688,-0.00098,-0.00991,0.97615,0.09570,0.04248,0.00409,-0.99449,-0.21682,-0.02851,-0.00918,0.97575,0.00000,0.00000,1.00,1.00
38793,Blink,8788,0.00,0.00,0.12202,-0.01347,0.01156,-0.99237,0.09597,0.01540,0.00149,-0.99526,-0.21688,-0.00095,-0.00981,0.97615,0.09565,0.04281,0.00412,-0.99449,-0.21682,-0.02848,-0.00907,0.97575,0.00000,0.00000,1.00,1.00
38804,Blink,8799,0.00,0.00,0.12197,-0.01388,0.01173,-0.99237,0.09586,0.01515,0.00146,-0.99528,-0.21672,-0.00027,-0.00995,0.97618,0.09551,0.04255,0.00409,-0.99451,-0.21664,-0.02780,-0.00921,0.97581,0.00000,0.00000,1.00,1.00
38814,Blink,8810,0.00,0.00,0.12197,-0.01420,0.01192,-0.99236,0.09585,0.01551,0.00149,-0.99527,-0.21672,-0.00030,-0.01009,0.97618,0.09550,0.04291,0.00412,-0.99450,-0.21664,-0.02783,-0.00935,0.97581,0.00000,0.00000,1.00,1.00
38826,Blink,8821,0.00,0.00,0.12204,-0.01452,0.01196,-0.99235,0.09578,0.01583,0.00152,-0.99528,-0.21672,-0.00030,-0.01009,0.97618,0.09542,0.04323,0.00415,-0.99449,-0.21664,-0.02783,-0.00935,0.97581,0.00000,0.00000,1.00,1.00
38837,Blink,8833,0.00,0.00,0.12228,-0.01470,0.01191,-0.99232,0.09771,0.01497,0.00147,-0.99510,-0.21883,0.00076,-0.01004,0.97571,0.09734,0.04239,0.00415,-0.99434,-0.21875,-0.02679,-0.00935,0.97537,0.00000,0.00000,1.00,1.00
38847,Blink,8843,0.00,0.00,0.12245,-0.01489,0.01176,-0.99229,0.09753,0.01510,0.00148,-0.99512,-0.21883,0.00080,-0.00987,0.97571,0.09718,0.04252,0.00416,-0.99435,-0.21875,-0.02675,-0.00916,0.97537,0.00000,0.00000,1.00,1.00
38860,Blink,8855,0.00,0.00,0.12264,-0.01502,0.01172,-0.99227,0.09735,0.01521,0.00149,-0.99513,-0.21883,0.00081,-0.00981,0.97571,0.09700,0.04263,0.00416,-0.99436,-0.21875,-0.02674,-0.00910,0.97537,0.00000,0.00000,1.00,1.00
38871,Blink,8866,0.00,0.00,0.12281,-0.01510,0.01167,-0.99225,0.10390,0.01047,0.00109,-0.99453,-0.22537,0.00571,-0.00984,0.97421,0.10358,0.03795,0.00396,-0.99389,-0.22534,-0.02192,-0.00930,0.97399,0.00000,0.00000,1.00,1.00
38881,Blink,8876,0.00,0.00,0.12296,-0.01516,0.01170,-0.99223,0.10375,0.01053,0.00110,-0.99455,-0.22537,0.00571,-0.00986,0.97421,0.10343,0.03801,0.00396,-0.99390,-0.22534,-0.02193,-0.00931,0.97399,0.00000,0.00000,1.00,1.00
38892,Blink,8888,0.00,0.00,0.12311,-0.01518,0.01169,-0.99221,0.10360,0.01055,0.00110,-0.99456,-0.22537,0.00571,-0.00984,0.97421,0.10329,0.03803,0.00395,-0.99392,-0.22534,-0.02192,-0.00929,0.97399,0.00000,0.00000,1.00,1.00
38904,Blink,8899,0.00,0.00,0.12322,-0.01509,0.01164,-0.99220,0.10391,0.00990,0.00103,-0.99454,-0.22577,0.00627,-0.00982,0.97411,0.10359,0.03738,0.00390,-0.99391,-0.22574,-0.02136,-0.00927,0.97391,0.00000,0.00000,1.00,1.00
38914,Blink,8910,0.00,0.00,0.12333,-0.01503,0.01162,-0.99218,0.10380,0.00983,0.00103,-0.99455,-0.22577,0.00628,-0.00980,0.97411,0.10348,0.03731,0.00388,-0.99392,-0.22574,-0.02136,-0.00924,0.97391,0.00000,0.00000,1.00,1.00
38926,Blink,8922,0.00,0.00,0.12345,-0.01493,0.01148,-0.99217,0.10368,0.00968,0.00101,-0.99456,-0.22577,0.00631,-0.00967,0.97411,0.10336,0.03716,0.00386,-0.99394,-0.22574,-0.02132,-0.00911,0.97391,0.00000,0.00000,1.00,1.00
38937,Blink,8933,0.00,0.00,0.12371,-0.01477,0.01141,-0.99214,0.10297,0.01046,0.00108,-0.99463,-0.22534,0.00535,-0.00961,0.97422,0.10264,0.03794,0.00392,-0.99399,-0.22529,-0.02227,-0.00902,0.97400,0.00000,0.00000,1.00,1.00
38948,Blink,8943,0.00,0.00,0.12387,-0.01477,0.01142,-0.99212,0.10280,0.01046,0.00108,-0.99465,-0.22534,0.00535,-0.00961,0.97422,0.10248,0.03793,0.00391,-0.99400,-0.22529,-0.02227,-0.00901,0.97400,0.00000,0.00000,1.00,1.00
38959,Blink,8955,0.00,0.00,0.12397,-0.01471,0.01152,-0.99211,0.10270,0.01044,0.00108,-0.99466,-0.22534,0.00533,-0.00972,0.97422,0.10237,0.03791,0.00390,-0.99402,-0.22529,-0.02229,-0.00911,0.97399,0.00000,0.00000,1.00,1.00
38971,Blink,8966,0.00,0.00,0.12406,-0.01471,0.01167,-0.99210,0.10242,0.01070,0.00110,-0.99468,-0.22515,0.00507,-0.00986,0.97426,0.10207,0.03817,0.00392,-0.99404,-0.22508,-0.02254,-0.00925,0.97404,0.00000,0.00000,1.00,1.00
38981,Blink,8977,0.00,0.00,0.12415,-0.01465,0.01182,-0.99208,0.10232,0.01069,0.00110,-0.99469,-0.22515,0.00504,-0.01002,0.97426,0.10196,0.03816,0.00391,-0.99405,-0.22508,-0.02258,-0.00940,0.97403,0.00000,0.00000,1.00,1.00
38993,Blink,8989,0.00,0.00,0.12427,-0.01470,0.01196,-0.99207,0.10220,0.01078,0.00111,-0.99470,-0.22515,0.00501,-0.01015,0.97426,0.10184,0.03825,0.00392,-0.99406,-0.22508,-0.02260,-0.00952,0.97403,0.00000,0.00000,1.00,1.00
39004,Blink,9000,0.00,0.00,0.12447,-0.01472,0.01206,-0.99204,0.10032,0.01073,0.00108,-0.99490,-0.22350,0.00507,-0.01026,0.97464,0.09997,0.03818,0.00384,-0.99425,-0.22344,-0.02252,-0.00957,0.97441,0.00000,0.00000,1.00,1.00
39015,Blink,9010,0.00,0.00,0.12464,-0.01473,0.01218,-0.99202,0.10015,0.01078,0.00109,-0.99491,-0.22351,0.00504,-0.01038,0.97463,0.09978,0.03823,0.00384,-0.99427,-0.22344,-0.02255,-0.00968,0.97441,0.00000,0.00000,1.00,1.00
39027,Blink,9022,0.00,0.00,0.12487,-0.01475,0.01224,-0.99199,0.09992,0.01082,0.00109,-0.99494,-0.22351,0.00503,-0.01044,0.97463,0.09955,0.03827,0.00383,-0.99429,-0.22344,-0.02256,-0.00973,0.97441,0.00000,0.00000,1.00,1.00
39037,Blink,9033,0.00,0.00,0.12513,-0.01479,0.01229,-0.99195,0.09840,0.01046,0.00103,-0.99509,-0.22226,0.00542,-0.01050,0.97492,0.09805,0.03790,0.00374,-0.99445,-0.22222,-0.02215,-0.00974,0.97470,0.00000,0.00000,1.00,1.00
39048,Blink,9044,0.00,0.00,0.12534,-0.01477,0.01232,-0.99193,0.09819,0.01045,0.00103,-0.99511,-0.22226,0.00541,-0.01052,0.97492,0.09784,0.03789,0.00373,-0.99447,-0.22222,-0.02215,-0.00975,0.97470,0.00000,0.00000,1.00,1.00
39060,Blink,9056,0.00,0.00,0.12558,-0.01478,0.01234,-0.99190,0.09794,0.01046,0.00103,-0.99514,-0.22226,0.00541,-0.01054,0.97491,0.09760,0.03789,0.00372,-0.99450,-0.22222,-0.02215,-0.00976,0.97470,0.00000,0.00000,1.00,1.00
39071,Blink,9067,0.00,0.00,0.12580,-0.01480,0.01236,-0.99187,0.09827,0.00975,0.00096,-0.99511,-0.22280,0.00615,-0.01057,0.97479,0.09795,0.03718,0.00366,-0.99449,-0.22278,-0.02142,-0.00980,0.97459,0.00000,0.00000,1.00,1.00
39081,Blink,9077,0.00,0.00,0.12601,-0.01479,0.01228,-0.99184,0.09806,0.00971,0.00096,-0.99513,-0.22280,0.00617,-0.01049,0.97479,0.09774,0.03715,0.00365,-0.99451,-0.22278,-0.02140,-0.00970,0.97459,0.00000,0.00000,1.00,1.00
39093,Blink,9089,0.00,0.00,0.12625,-0.01478,0.01228,-0.99181,0.09783,0.00971,0.00095,-0.99516,-0.22280,0.00617,-0.01050,0.97479,0.09751,0.03714,0.00364,-0.99453,-0.22278,-0.02140,-0.00970,0.97459,0.00000,0.00000,1.00,1.00
39104,Blink,9100,0.00,0.00,0.12649,-0.01476,0.01231,-0.99178,0.09843,0.00963,0.00095,-0.99510,-0.22362,0.00622,-0.01052,0.97460,0.09811,0.03707,0.00366,-0.99448,-0.22361,-0.02135,-0.00973,0.97440,0.00000,0.00000,1.00,1.00
39115,Blink,9110,0.00,0.00,0.12673,-0.01472,0.01227,-0.99175,0.09819,0.00958,0.00095,-0.99512,-0.22362,0.00623,-0.01049,0.97460,0.09787,0.03702,0.00364,-0.99450,-0.22361,-0.02134,-0.00968,0.97440,0.00000,0.00000,1.00,1.00
39127,Blink,9122,0.00,0.00,0.12695,-0.01456,0.01229,-0.99173,0.09797,0.00944,0.00093,-0.99514,-0.22362,0.00622,-0.01053,0.97460,0.09766,0.03687,0.00362,-0.99453,-0.22361,-0.02134,-0.00972,0.97440,0.00000,0.00000,1.00,1.00
39138,Blink,9134,0.00,0.00,0.12722,-0.01446,0.01223,-0.99169,0.09837,0.00934,0.00092,-0.99511,-0.22428,0.00621,-0.01048,0.97445,0.09805,0.03678,0.00363,-0.99449,-0.22427,-0.02135,-0.00966,0.97425,0.00000,0.00000,1.00,1.00
39148,Blink,9144,0.00,0.00,0.12770,-0.01432,0.01220,-0.99163,0.09789,0.00919,0.00090,-0.99515,-0.22428,0.00622,-0.01046,0.97445,0.09758,0.03663,0.00359,-0.99455,-0.22427,-0.02134,-0.00962,0.97425,0.00000,0.00000,1.00,1.00
39160,Blink,9156,0.00,0.00,0.12830,-0.01422,0.01221,-0.99156,0.09729,0.00909,0.00089,-0.99521,-0.22428,0.00621,-0.01049,0.97445,0.09698,0.03652,0.00356,-0.99461,-0.22427,-0.02134,-0.00962,0.97425,0.00000,0.00000,1.00,1.00
39171,Blink,9167,0.00,0.00,0.12863,-0.01415,0.01235,-0.99151,0.09716,0.00934,0.00091,-0.99522,-0.22448,0.00591,-0.01062,0.97440,0.09684,0.03677,0.00358,-0.99461,-0.22446,-0.02164,-0.00974,0.97419,0.00000,0.00000,1.00,1.00
39182,Blink,9177,0.00,0.00,0.12892,-0.01405,0.01266,-0.99147,0.09687,0.00933,0.00091,-0.99525,-0.22448,0.00584,-0.01093,0.97440,0.09653,0.03675,0.00357,-0.99464,-0.22446,-0.02171,-0.01003,0.97419,0.00000,0.00000,1.00,1.00
39194,Blink,9189,0.00,0.00,0.12922,-0.01389,0.01274,-0.99144,0.09657,0.00920,0.00089,-0.99528,-0.22448,0.00582,-0.01103,0.97440,0.09623,0.03663,0.00354,-0.99468,-0.22446,-0.02173,-0.01011,0.97419,0.00000,0.00000,1.00,1.00
39204,Blink,9200,0.00,0.00,0.12966,-0.01375,0.01269,-0.99138,0.09648,0.00929,0.00090,-0.99529,-0.22482,0.00558,-0.01099,0.97432,0.09615,0.03672,0.00355,-0.99468,-0.22480,-0.02196,-0.01006,0.97410,0.00000,0.00000,1.00,1.00
39215,Blink,9211,0.00,0.00,0.13004,-0.01356,0.01251,-0.99134,0.09610,0.00905,0.00087,-0.99533,-0.22482,0.00562,-0.01084,0.97432,0.09578,0.03647,0.00351,-0.99473,-0.22481,-0.02192,-0.00989,0.97411,0.00000,0.00000,1.00,1.00
39227,Blink,9223,0.00,0.00,0.13038,-0.01345,0.01255,-0.99129,0.09576,0.00895,0.00086,-0.99536,-0.22482,0.00560,-0.01090,0.97432,0.09544,0.03636,0.00349,-0.99477,-0.22481,-0.02193,-0.00992,0.97411,0.00000,0.00000,1.00,1.00
39238,Blink,9234,0.00,0.00,0.13054,-0.01332,0.01266,-0.99127,0.09573,0.00839,0.00081,-0.99537,-0.22494,0.00604,-0.01103,0.97429,0.09542,0.03581,0.00344,-0.99479,-0.22495,-0.02149,-0.01005,0.97408,0.00000,0.00000,1.00,1.00
39248,Blink,9244,0.00,0.00,0.13066,-0.01322,0.01284,-0.99126,0.09560,0.00835,0.00080,-0.99538,-0.22494,0.00600,-0.01122,0.97429,0.09529,0.03577,0.00343,-0.99480,-0.22494,-0.02154,-0.01023,0.97408,0.00000,0.00000,1.00,1.00
39261,Blink,9256,0.00,0.00,0.13083,-0.01304,0.01298,-0.99123,0.09544,0.00823,0.00079,-0.99540,-0.22495,0.00596,-0.01138,0.97429,0.09511,0.03565,0.00341,-0.99482,-0.22494,-0.02157,-0.01039,0.97408,0.00000,0.00000,1.00,1.00
39271,Blink,9267,0.00,0.00,0.13101,-0.01290,0.01311,-0.99121,0.09504,0.00848,0.00081,-0.99544,-0.22474,0.00558,-0.01152,0.97433,0.09472,0.03590,0.00342,-0.99485,-0.22474,-0.02195,-0.01051,0.97412,0.00000,0.00000,1.00,1.00
39282,Blink,9278,0.00,0.00,0.13128,-0.01271,0.01316,-0.99118,0.09477,0.00831,0.00079,-0.99546,-0.22474,0.00556,-0.01158,0.97433,0.09445,0.03572,0.00339,-0.99488,-0.22474,-0.02196,-0.01056,0.97412,0.00000,0.00000,1.00,1.00
39294,Blink,9290,0.00,0.00,0.13151,-0.01261,0.01317,-0.99115,0.09454,0.00821,0.00078,-0.99549,-0.22474,0.00555,-0.01162,0.97433,0.09422,0.03562,0.00337,-0.99491,-0.22474,-0.02197,-0.01058,0.97411,0.00000,0.00000,1.00,1.00
39305,Blink,9301,0.00,0.00,0.13174,-0.01246,0.01332,-0.99112,0.09387,0.00843,0.00079,-0.99555,-0.22431,0.00519,-0.01177,0.97443,0.09355,0.03583,0.00337,-0.99496,-0.22431,-0.02232,-0.01071,0.97420,0.00000,0.00000,1.00,1.00
39315,Blink,9311,0.00,0.00,0.13186,-0.01240,0.01349,-0.99110,0.09374,0.00843,0.00079,-0.99556,-0.22431,0.00515,-0.01194,0.97443,0.09342,0.03583,0.00336,-0.99498,-0.22431,-0.02236,-0.01087,0.97420,0.00000,0.00000,1.00,1.00
39327,Blink,9323,0.00,0.00,0.13183,-0.01228,0.01372,-0.99110,0.09377,0.00839,0.00079,-0.99556,-0.22431,0.00510,-0.01218,0.97443,0.09343,0.03579,0.00336,-0.99498,-0.22430,-0.02241,-0.01111,0.97420,0.00000,0.00000,1.00,1.00
39338,Blink,9334,0.00,0.00,0.13179,-0.01226,0.01384,-0.99110,0.09442,0.00807,0.00076,-0.99550,-0.22490,0.00542,-0.01232,0.97429,0.09410,0.03548,0.00336,-0.99492,-0.22492,-0.02210,-0.01127,0.97406,0.00000,0.00000,1.00,1.00
39349,Blink,9344,0.00,0.00,0.13195,-0.01227,0.01393,-0.99108,0.09427,0.00810,0.00077,-0.99551,-0.22490,0.00540,-0.01240,0.97429,0.09394,0.03551,0.00335,-0.99494,-0.22492,-0.02212,-0.01134,0.97406,0.00000,0.00000,1.00,1.00
39361,Blink,9356,0.00,0.00,0.13214,-0.01229,0.01388,-0.99106,0.09407,0.00810,0.00077,-0.99553,-0.22490,0.00541,-0.01235,0.97429,0.09375,0.03551,0.00335,-0.99496,-0.22492,-0.02211,-0.01129,0.97406,0.00000,0.00000,1.00,1.00
39371,Blink,9367,0.00,0.00,0.13221,-0.01236,0.01399,-0.99105,0.09400,0.00659,0.00062,-0.99555,-0.22488,0.00700,-0.01251,0.97428,0.09372,0.03401,0.00320,-0.99501,-0.22494,-0.02052,-0.01144,0.97409,0.00000,0.00000,1.00,1.00
39382,Blink,9378,0.00,0.00,0.13223,-0.01246,0.01431,-0.99104,0.09397,0.00680,0.00064,-0.99555,-0.22488,0.00693,-0.01281,0.97428,0.09368,0.03421,0.00322,-0.99501,-0.22494,-0.02058,-0.01174,0.97409,0.00000,0.00000,1.00,1.00
39394,Blink,9390,0.00,0.00,0.13239,-0.01243,0.01438,-0.99102,0.09382,0.00679,0.00064,-0.99557,-0.22488,0.00692,-0.01288,0.97428,0.09351,0.03420,0.00321,-0.99503,-0.22493,-0.02060,-0.01180,0.97408,0.00000,0.00000,1.00,1.00
39405,Blink,9401,0.00,0.00,0.13248,-0.01241,0.01447,-0.99100,0.09443,0.00676,0.00064,-0.99551,-0.22558,0.00694,-0.01297,0.97411,0.09414,0.03417,0.00323,-0.99497,-0.22564,-0.02059,-0.01191,0.97392,0.00000,0.00000,1.00,1.00
39415,Blink,9411,0.00,0.00,0.13252,-0.01233,0.01449,-0.99100,0.09440,0.00669,0.00063,-0.99551,-0.22558,0.00693,-0.01301,0.97411,0.09410,0.03410,0.00323,-0.99497,-0.22564,-0.02059,-0.01194,0.97392,0.00000,0.00000,1.00,1.00
39427,Blink,9423,0.00,0.00,0.13250,-0.01224,0.01476,-0.99100,0.09442,0.00669,0.00063,-0.99551,-0.22558,0.00686,-0.01328,0.97411,0.09411,0.03411,0.00323,-0.99497,-0.22564,-0.02066,-0.01221,0.97392,0.00000,0.00000,1.00,1.00
39438,Blink,9434,0.00,0.00,0.13239,-0.01214,0.01499,-0.99101,0.09441,0.00736,0.00070,-0.99551,-0.22548,0.00611,-0.01350,0.97414,0.09410,0.03478,0.00329,-0.99495,-0.22554,-0.02141,-0.01243,0.97392,0.00000,0.00000,1.00,1.00
39449,Blink,9445,0.00,0.00,0.13239,-0.01197,0.01531,-0.99101,0.09441,0.00730,0.00069,-0.99551,-0.22548,0.00603,-0.01383,0.97413,0.09409,0.03471,0.00328,-0.99495,-0.22553,-0.02149,-0.01276,0.97392,0.00000,0.00000,1.00,1.00
39461,Blink,9457,0.00,0.00,0.13233,-0.01182,0.01549,-0.99101,0.09447,0.00722,0.00069,-0.99550,-0.22548,0.00599,-0.01402,0.97413,0.09413,0.03463,0.00328,-0.99495,-0.22553,-0.02153,-0.01296,0.97391,0.00000,0.00000,1.00,1.00
39472,Blink,9468,0.00,0.00,0.13241,-0.01162,0.01568,-0.99100,0.09478,0.00709,0.00067,-0.99547,-0.22585,0.00594,-0.01424,0.97404,0.09446,0.03450,0.00328,-0.99493,-0.22592,-0.02158,-0.01318,0.97382,0.00000,0.00000,1.00,1.00
39482,Blink,9478,0.00,0.00,0.13247,-0.01143,0.01575,-0.99100,0.09472,0.00692,0.00066,-0.99548,-0.22586,0.00592,-0.01433,0.97404,0.09439,0.03434,0.00326,-0.99494,-0.22592,-0.02161,-0.01327,0.97382,0.00000,0.00000,1.00,1.00
39495,Blink,9491,0.00,0.00,0.13262,-0.01125,0.01581,-0.99098,0.09457,0.00677,0.00064,-0.99550,-0.22586,0.00590,-0.01441,0.97404,0.09424,0.03419,0.00324,-0.99496,-0.22592,-0.02162,-0.01334,0.97382,0.00000,0.00000,1.00,1.00
39505,Blink,9501,0.00,0.00,0.13284,-0.01111,0.01593,-0.99095,0.09278,0.00547,0.00051,-0.99567,-0.22430,0.00705,-0.01461,0.97439,0.09249,0.03287,0.00305,-0.99517,-0.22441,-0.02045,-0.01349,0.97419,0.00000,0.00000,1.00,1.00
39516,Blink,9511,0.00,0.00,0.13307,-0.01087,0.01601,-0.99092,0.09255,0.00526,0.00049,-0.99569,-0.22430,0.00703,-0.01472,0.97438,0.09226,0.03266,0.00303,-0.99520,-0.22441,-0.02047,-0.01359,0.97419,0.00000,0.00000,1.00,1.00
39528,Blink,9523,0.00,0.00,0.13340,-0.01062,0.01612,-0.99087,0.09222,0.00505,0.00047,-0.99573,-0.22430,0.00700,-0.01486,0.97438,0.09192,0.03245,0.00300,-0.99523,-0.22440,-0.02050,-0.01371,0.97418,0.00000,0.00000,1.00,1.00
39538,Blink,9534,0.00,0.00,0.13373,-0.01039,0.01611,-0.99083,0.09022,0.00492,0.00045,-0.99591,-0.22265,0.00686,-0.01489,0.97476,0.08995,0.03231,0.00292,-0.99542,-0.22279,-0.02061,-0.01368,0.97455,0.00000,0.00000,1.00,1.00
39549,Blink,9545,0.00,0.00,0.13407,-0.01014,0.01620,-0.99079,0.08988,0.00470,0.00042,-0.99594,-0.22265,0.00684,-0.01501,0.97476,0.08960,0.03208,0.00289,-0.99546,-0.22279,-0.02063,-0.01378,0.97455,0.00000,0.00000,1.00,1.00
39561,Blink,9557,0.00,0.00,0.13438,-0.00987,0.01629,-0.99075,0.08956,0.00447,0.00040,-0.99597,-0.22265,0.00681,-0.01514,0.97476,0.08929,0.03185,0.00286,-0.99549,-0.22278,-0.02066,-0.01389,0.97455,0.00000,0.00000,1.00,1.00
39572,Blink,9568,0.00,0.00,0.13475,-0.00965,0.01654,-0.99070,0.08983,0.00447,0.00040,-0.99595,-0.22328,0.00661,-0.01540,0.97461,0.08956,0.03185,0.00287,-0.99547,-0.22342,-0.02086,-0.01414,0.97440,0.00000,0.00000,1.00,1.00
39585,Blink,9580,0.00,0.00,0.13514,-0.00941,0.01669,-0.99064,0.08945,0.00428,0.00038,-0.99598,-0.22328,0.00657,-0.01558,0.97461,0.08917,0.03166,0.00284,-0.99551,-0.22342,-0.02089,-0.01430,0.97439,0.00000,0.00000,1.00,1.00
39595,Blink,9591,0.00,0.00,0.13555,-0.00913,0.01683,-0.99059,0.08903,0.00406,0.00036,-0.99602,-0.22328,0.00653,-0.01576,0.97461,0.08875,0.03143,0.00280,-0.99555,-0.22341,-0.02093,-0.01446,0.97439,0.00000,0.00000,1.00,1.00
39605,Blink,9601,0.00,0.00,0.13593,-0.00887,0.01693,-0.99053,0.08891,0.00441,0.00039,-0.99603,-0.22354,0.00592,-0.01587,0.97455,0.08864,0.03179,0.00283,-0.99555,-0.22369,-0.02154,-0.01456,0.97431,0.04636,0.04637,1.00,1.00
39616,Blink,9612,0.00,0.00,0.13622,-0.00858,0.01697,-0.99050,0.08862,0.00414,0.00037,-0.99606,-0.22354,0.00590,-0.01594,0.97455,0.08835,0.03151,0.00280,-0.99559,-0.22369,-0.02155,-0.01461,0.97431,0.04636,0.04637,1.00,1.00
39629,Blink,9624,0.00,0.00,0.13647,-0.00829,0.01690,-0.99046,0.08837,0.00383,0.00034,-0.99608,-0.22354,0.00591,-0.01591,0.97455,0.08810,0.03120,0.00276,-0.99562,-0.22369,-0.02154,-0.01457,0.97431,0.04636,0.04637,1.00,1.00
39639,Blink,9635,0.00,0.00,0.13672,-0.00791,0.01675,-0.99044,0.08381,0.00405,0.00034,-0.99647,-0.21931,0.00523,-0.01581,0.97551,0.08358,0.03139,0.00263,-0.99600,-0.21949,-0.02217,-0.01434,0.97526,0.98664,0.97747,1.00,1.00
39649,Blink,9645,0.00,0.00,0.13715,-0.00753,0.01671,-0.99038,0.08338,0.00366,0.00031,-0.99651,-0.21931,0.00523,-0.01582,0.97551,0.08315,0.03100,0.00259,-0.99605,-0.21949,-0.02217,-0.01433,0.97526,0.98664,0.97747,1.00,1.00
39662,Blink,9658,0.00,0.00,0.13757,-0.00703,0.01649,-0.99033,0.08296,0.00311,0.00026,-0.99655,-0.21931,0.00526,-0.01568,0.97552,0.08275,0.03044,0.00253,-0.99610,-0.21950,-0.02213,-0.01416,0.97526,0.98664,0.97747,1.00,1.00
39672,Blink,9668,0.00,0.00,0.13787,-0.00653,0.01642,-0.99029,-0.05445,-0.00894,0.00049,-0.99848,-0.08359,0.01441,-0.01846,0.99623,-0.05441,0.01826,-0.00099,-0.99835,-0.08406,-0.01232,-0.01324,0.99630,0.99968,0.99051,1.00,1.00
39683,Blink,9679,0.00,0.00,0.13808,-0.00610,0.01632,-0.99027,-0.05466,-0.00938,0.00051,-0.99846,-0.08359,0.01441,-0.01843,0.99623,-0.05461,0.01782,-0.00097,-0.99835,-0.08406,-0.01231,-0.01320,0.99630,0.99968,0.99051,1.00,1.00
39695,Blink,9691,0.00,0.00,0.13803,-0.00570,0.01629,-0.99028,-0.05461,-0.00978,0.00053,-0.99846,-0.08359,0.01441,-0.01846,0.99623,-0.05456,0.01742,-0.00095,-0.99836,-0.08406,-0.01232,-0.01323,0.99630,0.99968,0.99051,1.00,1.00
39706,Blink,9702,0.00,0.00,0.13802,-0.00534,0.01621,-0.99028,-0.08370,-0.02386,0.00200,-0.99620,-0.05423,0.02732,-0.02187,0.99791,-0.08379,0.00350,-0.00029,-0.99648,-0.05461,0.00054,-0.01583,0.99838,0.99999,0.99082,1.00,1.00
39716,Blink,9712,0.00,0.00,0.13812,-0.00494,0.01614,-0.99027,-0.08380,-0.02427,0.00204,-0.99619,-0.05423,0.02732,-0.02186,0.99792,-0.08389,0.00309,-0.00026,-0.99647,-0.05461,0.00055,-0.01581,0.99838,0.99999,0.99082,1.00,1.00
39729,Blink,9724,0.00,0.00,0.13849,-0.00458,0.01605,-0.99022,-0.08416,-0.02464,0.00208,-0.99615,-0.05423,0.02732,-0.02185,0.99792,-0.08426,0.00273,-0.00023,-0.99644,-0.05461,0.00055,-0.01577,0.99838,0.99999,0.99082,1.00,1.00
39739,Blink,9735,0.00,0.00,0.13890,-0.00429,0.01607,-0.99017,-0.09147,-0.02375,0.00218,-0.99552,-0.04734,0.02601,-0.02184,0.99830,-0.09157,0.00367,-0.00034,-0.99579,-0.04770,-0.00078,-0.01555,0.99874,1.00000,0.99082,1.00,1.00
39750,Blink,9745,0.00,0.00,0.13904,-0.00408,0.01623,-0.99015,-0.09159,-0.02397,0.00221,-0.99551,-0.04734,0.02600,-0.02204,0.99830,-0.09171,0.00345,-0.00032,-0.99578,-0.04770,-0.00079,-0.01574,0.99874,1.00000,0.99082,1.00,1.00
39762,Blink,9758,0.00,0.00,0.13911,-0.00377,0.01644,-0.99013,-0.09165,-0.02429,0.00224,-0.99549,-0.04735,0.02599,-0.02230,0.99829,-0.09178,0.00312,-0.00029,-0.99577,-0.04770,-0.00080,-0.01600,0.99873,1.00000,0.99082,1.00,1.00
39772,Blink,9768,0.00,0.00,0.13918,-0.00346,0.01658,-0.99012,-0.09111,-0.02350,0.00215,-0.99556,-0.04797,0.02490,-0.02222,0.99829,-0.09125,0.00392,-0.00036,-0.99582,-0.04832,-0.00189,-0.01593,0.99870,1.00000,0.99973,1.00,1.00
39783,Blink,9779,0.00,0.00,0.13911,-0.00309,0.01634,-0.99014,-0.09104,-0.02386,0.00218,-0.99556,-0.04797,0.02491,-0.02203,0.99830,-0.09117,0.00355,-0.00033,-0.99583,-0.04832,-0.00189,-0.01574,0.99871,1.00000,0.99973,1.00,1.00
39795,Blink,9791,0.00,0.00,0.13917,-0.00272,0.01612,-0.99013,-0.09110,-0.02422,0.00222,-0.99554,-0.04796,0.02492,-0.02187,0.99830,-0.09122,0.00319,-0.00029,-0.99583,-0.04832,-0.00188,-0.01557,0.99871,1.00000,0.99973,1.00,1.00
39806,Blink,9802,0.00,0.00,0.13912,-0.00231,0.01581,-0.99015,-0.09067,-0.01638,0.00149,-0.99574,-0.04849,0.01688,-0.01971,0.99849,-0.09068,0.01104,-0.00100,-0.99582,-0.04893,-0.00992,-0.01343,0.99866,1.00000,0.99999,1.00,1.00
39817,Blink,9813,0.00,0.00,0.13913,-0.00191,0.01567,-0.99015,-0.09068,-0.01678,0.00153,-0.99574,-0.04849,0.01688,-0.01963,0.99849,-0.09068,0.01064,-0.00097,-0.99582,-0.04893,-0.00992,-0.01334,0.99866,1.00000,0.99999,1.00,1.00
39829,Blink,9825,0.00,0.00,0.13905,-0.00149,0.01551,-0.99016,-0.09060,-0.01719,0.00156,-0.99574,-0.04849,0.01689,-0.01952,0.99849,-0.09059,0.01022,-0.00093,-0.99584,-0.04893,-0.00991,-0.01324,0.99867,1.00000,0.99999,1.00,1.00
39839,Blink,9835,0.00,0.00,0.13903,-0.00100,0.01543,-0.99017,-0.08629,-0.01663,0.00144,-0.99613,-0.05280,0.01593,-0.01920,0.99829,-0.08629,0.01076,-0.00093,-0.99621,-0.05324,-0.01086,-0.01304,0.99844,0.99122,1.00000,1.00,1.00
39850,Blink,9846,0.00,0.00,0.13902,-0.00047,0.01534,-0.99017,-0.08626,-0.01715,0.00149,-0.99612,-0.05280,0.01593,-0.01918,0.99829,-0.08626,0.01023,-0.00089,-0.99622,-0.05324,-0.01086,-0.01303,0.99844,0.99122,1.00000,1.00,1.00
39862,Blink,9858,0.00,0.00,0.13907,0.00002,0.01513,-0.99017,-0.08631,-0.01765,0.00153,-0.99611,-0.05280,0.01594,-0.01904,0.99830,-0.08630,0.00973,-0.00084,-0.99622,-0.05324,-0.01085,-0.01288,0.99844,0.99122,1.00000,1.00,1.00
39873,Blink,9869,0.00,0.00,0.13925,0.00045,0.01504,-0.99014,-0.07404,-0.03826,0.00284,-0.99652,-0.06487,0.03592,-0.02310,0.99698,-0.07426,-0.01099,0.00082,-0.99718,-0.06516,0.00921,-0.01731,0.99768,0.99931,0.97995,1.00,1.00
39883,Blink,9879,0.00,0.00,0.13950,0.00085,0.01505,-0.99011,-0.07429,-0.03867,0.00288,-0.99648,-0.06488,0.03592,-0.02319,0.99698,-0.07450,-0.01140,0.00085,-0.99716,-0.06517,0.00920,-0.01738,0.99768,0.99931,0.97995,1.00,1.00
39896,Blink,9892,0.00,0.00,0.13974,0.00108,0.01520,-0.99007,-0.07451,-0.03891,0.00291,-0.99646,-0.06488,0.03591,-0.02338,0.99697,-0.07474,-0.01164,0.00087,-0.99713,-0.06517,0.00919,-0.01757,0.99768,0.99931,0.97995,1.00,1.00
39906,Blink,9902,0.00,0.00,0.13976,0.00133,0.01531,-0.99007,-0.06122,-0.05013,0.00308,-0.99686,-0.07794,0.04693,-0.02524,0.99553,-0.06153,-0.02298,0.00142,-0.99784,-0.07819,0.02028,-0.01981,0.99653,0.87387,0.91222,1.00,1.00
39917,Blink,9912,0.00,0.00,0.13988,0.00149,0.01544,-0.99005,-0.06132,-0.05028,0.00309,-0.99685,-0.07795,0.04692,-0.02540,0.99553,-0.06163,-0.02313,0.00143,-0.99783,-0.07820,0.02027,-0.01997,0.99653,0.87387,0.91222,1.00,1.00
39929,Blink,9924,0.00,0.00,0.13992,0.00157,0.01530,-0.99004,-0.06137,-0.05037,0.00310,-0.99684,-0.07794,0.04693,-0.02527,0.99553,-0.06168,-0.02322,0.00144,-0.99782,-0.07819,0.02028,-0.01984,0.99653,0.87387,0.91222,1.00,1.00
39939,Blink,9935,0.00,0.00,0.13993,0.00168,0.01524,-0.99004,0.06184,-0.03723,-0.00231,-0.99739,-0.20023,0.03645,-0.01823,0.97890,0.06203,-0.01004,-0.00062,-0.99802,-0.20091,0.00929,-0.01610,0.97943,0.10204,0.21467,1.00,1.00
39950,Blink,9946,0.00,0.00,0.13984,0.00169,0.01525,-0.99006,0.06193,-0.03724,-0.00231,-0.99738,-0.20023,0.03645,-0.01824,0.97890,0.06212,-0.01004,-0.00063,-0.99802,-0.20091,0.00929,-0.01611,0.97943,0.10204,0.21467,1.00,1.00
39963,Blink,9958,0.00,0.00,0.13982,0.00174,0.01532,-0.99006,0.06196,-0.03728,-0.00232,-0.99738,-0.20023,0.03644,-0.01830,0.97890,0.06214,-0.01008,-0.00063,-0.99802,-0.20091,0.00928,-0.01618,0.97943,0.10204,0.21467,1.00,1.00
39973,Blink,9969,0.00,0.00,0.13991,0.00180,0.01533,-0.99004,0.08946,-0.00959,-0.00086,-0.99594,-0.22776,0.00919,-0.01591,0.97354,0.08940,0.01781,0.00160,-0.99584,-0.22810,-0.01828,-0.01451,0.97336,0.00207,0.00421,1.00,1.00
39984,Blink,9980,0.00,0.00,0.13992,0.00182,0.01534,-0.99004,0.08944,-0.00960,-0.00086,-0.99595,-0.22776,0.00919,-0.01593,0.97354,0.08938,0.01780,0.00160,-0.99584,-0.22810,-0.01829,-0.01453,0.97336,0.00207,0.00421,1.00,1.00
39996,Blink,9992,0.00,0.00,0.14004,0.00183,0.01538,-0.99002,0.08932,-0.00960,-0.00086,-0.99596,-0.22776,0.00918,-0.01598,0.97354,0.08926,0.01780,0.00160,-0.99585,-0.22810,-0.01829,-0.01457,0.97336,0.00207,0.00421,1.00,1.00
40006,Blink,10002,0.00,0.00,0.14021,0.00185,0.01538,-0.99000,0.08862,-0.00926,-0.00082,-0.99602,-0.22725,0.00880,-0.01597,0.97367,0.08856,0.01814,0.00161,-0.99590,-0.22759,-0.01867,-0.01454,0.97347,0.00005,0.00010,1.00,1.00
40017,Blink,10013,0.00,0.00,0.14035,0.00193,0.01540,-0.98998,0.08849,-0.00933,-0.00083,-0.99603,-0.22725,0.00879,-0.01600,0.97367,0.08842,0.01807,0.00160,-0.99592,-0.22759,-0.01868,-0.01456,0.97347,0.00005,0.00010,1.00,1.00
40029,Blink,10025,0.00,0.00,0.14050,0.00206,0.01533,-0.98996,0.08833,-0.00948,-0.00084,-0.99605,-0.22725,0.00880,-0.01595,0.97367,0.08827,0.01792,0.00159,-0.99593,-0.22759,-0.01866,-0.01450,0.97347,0.00005,0.00010,1.00,1.00
40040,Blink,10035,0.00,0.00,0.14068,0.00219,0.01529,-0.98993,0.08388,-0.00946,-0.00080,-0.99643,-0.22307,0.00857,-0.01596,0.97463,0.08383,0.01791,0.00151,-0.99632,-0.22342,-0.01884,-0.01439,0.97443,0.00000,0.00000,1.00,1.00
40050,Blink,10046,0.00,0.00,0.14082,0.00250,0.01514,-0.98992,0.08374,-0.00980,-0.00082,-0.99644,-0.22307,0.00860,-0.01586,0.97464,0.08369,0.01756,0.00148,-0.99634,-0.22342,-0.01881,-0.01428,0.97444,0.00000,0.00000,1.00,1.00
40063,Blink,10058,0.00,0.00,0.14103,0.00277,0.01510,-0.98989,0.08354,-0.01008,-0.00085,-0.99645,-0.22307,0.00860,-0.01586,0.97464,0.08349,0.01728,0.00145,-0.99636,-0.22342,-0.01881,-0.01427,0.97444,0.00000,0.00000,1.00,1.00
40073,Blink,10069,0.00,0.00,0.14118,0.00309,0.01497,-0.98987,0.08374,-0.01011,-0.00085,-0.99644,-0.22342,0.00831,-0.01576,0.97456,0.08370,0.01725,0.00145,-0.99634,-0.22377,-0.01910,-0.01417,0.97435,0.00000,0.00000,1.00,1.00
40084,Blink,10080,0.00,0.00,0.14141,0.00338,0.01480,-0.98984,0.08352,-0.01045,-0.00088,-0.99645,-0.22342,0.00834,-0.01564,0.97456,0.08348,0.01691,0.00142,-0.99636,-0.22377,-0.01907,-0.01404,0.97435,0.00000,0.00000,1.00,1.00
40096,Blink,10092,0.00,0.00,0.14157,0.00366,0.01470,-0.98981,0.08336,-0.01075,-0.00090,-0.99646,-0.22342,0.00835,-0.01559,0.97456,0.08333,0.01661,0.00139,-0.99638,-0.22377,-0.01906,-0.01398,0.97435,0.00000,0.00000,1.00,1.00
40107,Blink,10103,0.00,0.00,0.14185,0.00387,0.01451,-0.98978,0.08426,-0.01037,-0.00088,-0.99639,-0.22459,0.00776,-0.01538,0.97430,0.08423,0.01700,0.00144,-0.99630,-0.22493,-0.01966,-0.01379,0.97408,0.00000,0.00000,1.00,1.00
40117,Blink,10113,0.00,0.00,0.14215,0.00406,0.01429,-0.98973,0.08395,-0.01063,-0.00090,-0.99641,-0.22458,0.00780,-0.01520,0.97431,0.08393,0.01674,0.00141,-0.99633,-0.22494,-0.01961,-0.01359,0.97408,0.00000,0.00000,1.00,1.00
40129,Blink,10125,0.00,0.00,0.14241,0.00422,0.01397,-0.98970,0.08369,-0.01088,-0.00091,-0.99643,-0.22458,0.00786,-0.01492,0.97431,0.08369,0.01649,0.00138,-0.99635,-0.22494,-0.01955,-0.01329,0.97409,0.00000,0.00000,1.00,1.00
40140,Blink,10136,0.00,0.00,0.14271,0.00429,0.01372,-0.98966,0.08455,-0.01048,-0.00089,-0.99636,-0.22573,0.00738,-0.01465,0.97405,0.08456,0.01689,0.00143,-0.99627,-0.22608,-0.02004,-0.01304,0.97382,0.00000,0.00000,1.00,1.00
40151,Blink,10146,0.00,0.00,0.14298,0.00439,0.01356,-0.98962,0.08428,-0.01062,-0.00090,-0.99639,-0.22573,0.00741,-0.01451,0.97405,0.08429,0.01674,0.00142,-0.99630,-0.22608,-0.02000,-0.01288,0.97382,0.00000,0.00000,1.00,1.00
40163,Blink,10159,0.00,0.00,0.14330,0.00445,0.01354,-0.98958,0.08395,-0.01070,-0.00090,-0.99641,-0.22573,0.00741,-0.01450,0.97405,0.08396,0.01667,0.00140,-0.99633,-0.22609,-0.01999,-0.01286,0.97382,0.00000,0.00000,1.00,1.00
40173,Blink,10169,0.00,0.00,0.14360,0.00451,0.01327,-0.98954,0.08438,-0.01138,-0.00096,-0.99637,-0.22644,0.00802,-0.01429,0.97389,0.08439,0.01599,0.00135,-0.99630,-0.22679,-0.01939,-0.01265,0.97367,0.00000,0.00000,1.00,1.00
40184,Blink,10180,0.00,0.00,0.14387,0.00459,0.01303,-0.98950,0.08411,-0.01154,-0.00097,-0.99639,-0.22643,0.00808,-0.01406,0.97389,0.08413,0.01583,0.00134,-0.99633,-0.22679,-0.01933,-0.01241,0.97367,0.00000,0.00000,1.00,1.00
40198,Blink,10194,0.00,0.00,0.14411,0.00464,0.01273,-0.98947,0.08387,-0.01167,-0.00098,-0.99641,-0.22643,0.00814,-0.01379,0.97390,0.08391,0.01569,0.00132,-0.99635,-0.22680,-0.01927,-0.01212,0.97368,0.00000,0.00000,1.00,1.00
40207,Blink,10203,0.00,0.00,0.14446,0.00462,0.01249,-0.98942,0.08140,-0.01437,-0.00117,-0.99658,-0.22433,0.01080,-0.01374,0.97436,0.08147,0.01298,0.00106,-0.99659,-0.22473,-0.01658,-0.01200,0.97421,0.00000,0.00000,1.00,1.00
40217,Blink,10213,0.00,0.00,0.14487,0.00462,0.01222,-0.98936,0.08098,-0.01446,-0.00117,-0.99661,-0.22433,0.01086,-0.01348,0.97436,0.08106,0.01289,0.00105,-0.99663,-0.22473,-0.01651,-0.01172,0.97421,0.00000,0.00000,1.00,1.00
40229,Blink,10225,0.00,0.00,0.14533,0.00455,0.01187,-0.98930,0.08051,-0.01450,-0.00117,-0.99665,-0.22433,0.01094,-0.01314,0.97436,0.08060,0.01284,0.00104,-0.99666,-0.22474,-0.01643,-0.01136,0.97422,0.00000,0.00000,1.00,1.00
40239,Blink,10235,0.00,0.00,0.14580,0.00442,0.01159,-0.98924,0.08092,-0.01407,-0.00114,-0.99662,-0.22520,0.01061,-0.01283,0.97417,0.08100,0.01328,0.00108,-0.99663,-0.22558,-0.01676,-0.01104,0.97402,0.00000,0.00000,1.00,1.00
40251,Blink,10246,0.00,0.00,0.14636,0.00425,0.01127,-0.98916,0.08034,-0.01400,-0.00113,-0.99667,-0.22520,0.01068,-0.01251,0.97417,0.08044,0.01334,0.00108,-0.99667,-0.22559,-0.01668,-0.01069,0.97402,0.00000,0.00000,1.00,1.00
40263,Blink,10259,0.00,0.00,0.14668,0.00398,0.01107,-0.98911,0.08002,-0.01381,-0.00111,-0.99670,-0.22519,0.01074,-0.01228,0.97418,0.08013,0.01353,0.00109,-0.99669,-0.22559,-0.01663,-0.01044,0.97402,0.00000,0.00000,1.00,1.00
40274,Blink,10269,0.00,0.00,0.14681,0.00377,0.01080,-0.98910,0.07929,-0.01422,-0.00113,-0.99675,-0.22461,0.01133,-0.01203,0.97431,0.07938,0.01312,0.00104,-0.99676,-0.22498,-0.01603,-0.01017,0.97418,0.00000,0.00000,1.00,1.00
40284,Blink,10280,0.00,0.00,0.14691,0.00343,0.01056,-0.98909,0.07919,-0.01397,-0.00111,-0.99676,-0.22461,0.01139,-0.01175,0.97431,0.07929,0.01337,0.00106,-0.99676,-0.22499,-0.01596,-0.00989,0.97418,0.00000,0.00000,1.00,1.00
40297,Blink,10292,0.00,0.00,0.14709,0.00303,0.01032,-0.98906,0.07899,-0.01365,-0.00108,-0.99678,-0.22460,0.01146,-0.01146,0.97432,0.07910,0.01368,0.00109,-0.99677,-0.22499,-0.01589,-0.00958,0.97418,0.00000,0.00000,1.00,1.00
40307,Blink,10303,0.00,0.00,0.14739,0.00259,0.01019,-0.98902,0.07786,-0.01524,-0.00119,-0.99685,-0.22378,0.01346,-0.01143,0.97448,0.07796,0.01209,0.00095,-0.99688,-0.22415,-0.01388,-0.00951,0.97441,0.00000,0.00000,1.00,1.00
40318,Blink,10313,0.00,0.00,0.14755,0.00203,0.01014,-0.98900,0.07768,-0.01472,-0.00115,-0.99687,-0.22377,0.01349,-0.01130,0.97448,0.07779,0.01261,0.00098,-0.99689,-0.22415,-0.01385,-0.00938,0.97441,0.00000,0.00000,1.00,1.00
40330,Blink,10326,0.00,0.00,0.14748,0.00141,0.01023,-0.98901,0.07775,-0.01409,-0.00110,-0.99687,-0.22377,0.01349,-0.01130,0.97448,0.07786,0.01323,0.00103,-0.99688,-0.22415,-0.01385,-0.00938,0.97441,0.00000,0.00000,1.00,1.00
40341,Blink,10336,0.00,0.00,0.14741,0.00084,0.01010,-0.98902,0.07632,-0.01455,-0.00111,-0.99698,-0.22230,0.01449,-0.01117,0.97481,0.07639,0.01276,0.00098,-0.99700,-0.22265,-0.01283,-0.00922,0.97477,0.00000,0.00000,1.00,1.00
40351,Blink,10347,0.00,0.00,0.14744,0.00019,0.00983,-0.98902,0.07628,-0.01400,-0.00107,-0.99699,-0.22230,0.01457,-0.01082,0.97481,0.07637,0.01331,0.00102,-0.99699,-0.22266,-0.01275,-0.00886,0.97477,0.00000,0.00000,1.00,1.00
40363,Blink,10359,0.00,0.00,0.14754,-0.00045,0.00964,-0.98901,0.07616,-0.01344,-0.00103,-0.99700,-0.22229,0.01463,-0.01055,0.97481,0.07627,0.01387,0.00106,-0.99699,-0.22266,-0.01269,-0.00858,0.97478,0.00000,0.00000,1.00,1.00
40374,Blink,10370,0.00,0.00,0.14757,-0.00112,0.00935,-0.98901,0.07786,-0.01374,-0.00107,-0.99687,-0.22398,0.01559,-0.01020,0.97442,0.07795,0.01359,0.00106,-0.99686,-0.22433,-0.01175,-0.00828,0.97441,0.00000,0.00000,1.00,1.00
40385,Blink,10380,0.00,0.00,0.14745,-0.00176,0.00929,-0.98902,0.07796,-0.01315,-0.00103,-0.99687,-0.22397,0.01563,-0.01005,0.97442,0.07806,0.01418,0.00111,-0.99685,-0.22433,-0.01171,-0.00813,0.97441,0.00000,0.00000,1.00,1.00
40397,Blink,10392,0.00,0.00,0.14723,-0.00229,0.00927,-0.98906,0.07818,-0.01264,-0.00099,-0.99686,-0.22397,0.01565,-0.00994,0.97442,0.07828,0.01469,0.00115,-0.99682,-0.22433,-0.01169,-0.00803,0.97441,0.00000,0.00000,1.00,1.00
40407,Blink,10403,0.00,0.00,0.14701,-0.00278,0.00919,-0.98909,0.07689,-0.01226,-0.00095,-0.99696,-0.22250,0.01575,-0.00982,0.97476,0.07695,0.01505,0.00116,-0.99692,-0.22281,-0.01158,-0.00789,0.97476,0.00000,0.00000,1.00,1.00
40418,Blink,10414,0.00,0.00,0.14686,-0.00321,0.00891,-0.98911,0.07702,-0.01193,-0.00092,-0.99696,-0.22249,0.01582,-0.00948,0.97476,0.07710,0.01539,0.00119,-0.99690,-0.22281,-0.01151,-0.00756,0.97476,0.00000,0.00000,1.00,1.00
40430,Blink,10426,0.00,0.00,0.14689,-0.00355,0.00855,-0.98911,0.07698,-0.01172,-0.00090,-0.99696,-0.22248,0.01592,-0.00907,0.97476,0.07708,0.01560,0.00121,-0.99690,-0.22282,-0.01141,-0.00715,0.97477,0.00000,0.00000,1.00,1.00
40441,Blink,10437,0.00,0.00,0.14701,-0.00388,0.00829,-0.98909,0.07841,-0.01159,-0.00091,-0.99685,-0.22400,0.01612,-0.00877,0.97442,0.07848,0.01573,0.00124,-0.99679,-0.22429,-0.01123,-0.00687,0.97443,0.00000,0.00000,1.00,1.00
40452,Blink,10447,0.00,0.00,0.14726,-0.00417,0.00820,-0.98906,0.07815,-0.01134,-0.00089,-0.99688,-0.22400,0.01615,-0.00864,0.97442,0.07823,0.01598,0.00125,-0.99681,-0.22430,-0.01120,-0.00674,0.97443,0.00000,0.00000,1.00,1.00
40464,Blink,10459,0.00,0.00,0.14745,-0.00433,0.00838,-0.98903,0.07796,-0.01113,-0.00087,-0.99689,-0.22400,0.01611,-0.00879,0.97442,0.07803,0.01619,0.00127,-0.99682,-0.22429,-0.01123,-0.00688,0.97443,0.00000,0.00000,1.00,1.00
40475,Blink,10470,0.00,0.00,0.14750,-0.00448,0.00855,-0.98901,0.07836,-0.01208,-0.00095,-0.99685,-0.22443,0.01722,-0.00902,0.97430,0.07838,0.01525,0.00120,-0.99681,-0.22468,-0.01012,-0.00711,0.97435,0.00000,0.00000,1.00,1.00
40485,Blink,10481,0.00,0.00,0.14773,-0.00463,0.00875,-0.98898,0.07813,-0.01188,-0.00093,-0.99687,-0.22443,0.01718,-0.00919,0.97430,0.07814,0.01545,0.00121,-0.99682,-0.22468,-0.01016,-0.00728,0.97435,0.00000,0.00000,1.00,1.00
40497,Blink,10493,0.00,0.00,0.14796,-0.00486,0.00892,-0.98894,0.07791,-0.01161,-0.00091,-0.99689,-0.22443,0.01715,-0.00933,0.97429,0.07791,0.01572,0.00123,-0.99684,-0.22468,-0.01019,-0.00740,0.97435,0.00000,0.00000,1.00,1.00
40508,Blink,10504,0.00,0.00,0.14803,-0.00507,0.00939,-0.98892,0.07812,-0.01055,-0.00083,-0.99689,-0.22472,0.01634,-0.00970,0.97424,0.07806,0.01678,0.00131,-0.99681,-0.22492,-0.01100,-0.00778,0.97428,0.00000,0.00000,1.00,1.00
40518,Blink,10514,0.00,0.00,0.14793,-0.00538,0.00993,-0.98893,0.07823,-0.01009,-0.00079,-0.99688,-0.22473,0.01623,-0.01019,0.97423,0.07815,0.01724,0.00135,-0.99679,-0.22492,-0.01111,-0.00826,0.97428,0.00000,0.00000,1.00,1.00
40530,Blink,10526,0.00,0.00,0.14788,-0.00565,0.01043,-0.98893,0.07829,-0.00968,-0.00076,-0.99688,-0.22474,0.01613,-0.01063,0.97423,0.07818,0.01765,0.00138,-0.99678,-0.22491,-0.01121,-0.00871,0.97428,0.00000,0.00000,1.00,1.00
40541,Blink,10537,0.00,0.00,0.14786,-0.00595,0.01063,-0.98893,0.07674,-0.00944,-0.00073,-0.99701,-0.22320,0.01620,-0.01082,0.97458,0.07663,0.01787,0.00137,-0.99690,-0.22338,-0.01113,-0.00886,0.97463,0.00000,0.00000,1.00,1.00
40552,Blink,10548,0.00,0.00,0.14807,-0.00636,0.01066,-0.98890,0.07652,-0.00905,-0.00069,-0.99703,-0.22320,0.01621,-0.01080,0.97458,0.07641,0.01827,0.00140,-0.99691,-0.22338,-0.01112,-0.00882,0.97463,0.00000,0.00000,1.00,1.00
40564,Blink,10560,0.00,0.00,0.14864,-0.00683,0.01068,-0.98881,0.07594,-0.00859,-0.00065,-0.99708,-0.22320,0.01621,-0.01076,0.97458,0.07584,0.01872,0.00142,-0.99694,-0.22338,-0.01110,-0.00876,0.97463,0.00000,0.00000,1.00,1.00
40575,Blink,10570,0.00,0.00,0.14903,-0.00738,0.01088,-0.98875,0.07569,-0.00886,-0.00067,-0.99709,-0.22333,0.01705,-0.01095,0.97453,0.07562,0.01845,0.00140,-0.99697,-0.22355,-0.01026,-0.00892,0.97460,0.00000,0.00000,1.00,1.00
40585,Blink,10581,0.00,0.00,0.14940,-0.00800,0.01118,-0.98868,0.07531,-0.00818,-0.00062,-0.99713,-0.22333,0.01700,-0.01116,0.97453,0.07523,0.01913,0.00144,-0.99698,-0.22355,-0.01031,-0.00912,0.97460,0.00000,0.00000,1.00,1.00
40597,Blink,10593,0.00,0.00,0.14968,-0.00852,0.01154,-0.98863,0.07502,-0.00757,-0.00057,-0.99715,-0.22334,0.01694,-0.01144,0.97453,0.07493,0.01973,0.00148,-0.99699,-0.22355,-0.01037,-0.00938,0.97459,0.00000,0.00000,1.00,1.00
40608,Blink,10604,0.00,0.00,0.15004,-0.00902,0.01178,-0.98857,0.07527,-0.00823,-0.00062,-0.99713,-0.22392,0.01812,-0.01169,0.97437,0.07519,0.01908,0.00144,-0.99699,-0.22416,-0.00919,-0.00963,0.97446,0.00000,0.00000,1.00,1.00
40619,Blink,10615,0.00,0.00,0.15036,-0.00944,0.01189,-0.98851,0.07495,-0.00780,-0.00059,-0.99716,-0.22392,0.01810,-0.01174,0.97437,0.07486,0.01951,0.00146,-0.99700,-0.22416,-0.00920,-0.00966,0.97446,0.00000,0.00000,1.00,1.00
40630,Blink,10626,0.00,0.00,0.15078,-0.00989,0.01195,-0.98845,0.07451,-0.00735,-0.00055,-0.99719,-0.22392,0.01810,-0.01175,0.97437,0.07443,0.01995,0.00149,-0.99703,-0.22416,-0.00920,-0.00964,0.97446,0.00000,0.00000,1.00,1.00
40641,Blink,10637,0.00,0.00,0.15119,-0.01020,0.01192,-0.98838,0.07440,-0.00862,-0.00064,-0.99719,-0.22419,0.01968,-0.01180,0.97428,0.07435,0.01868,0.00139,-0.99706,-0.22447,-0.00762,-0.00968,0.97440,0.00000,0.00000,1.00,1.00
40652,Blink,10648,0.00,0.00,0.15173,-0.01050,0.01197,-0.98829,0.07385,-0.00832,-0.00062,-0.99723,-0.22419,0.01968,-0.01181,0.97427,0.07380,0.01898,0.00140,-0.99709,-0.22447,-0.00761,-0.00966,0.97440,0.00000,0.00000,1.00,1.00
40664,Blink,10660,0.00,0.00,0.15225,-0.01063,0.01210,-0.98821,0.07347,-0.00694,-0.00051,-0.99727,-0.22435,0.01843,-0.01184,0.97426,0.07340,0.02036,0.00150,-0.99709,-0.22461,-0.00886,-0.00966,0.97436,0.00000,0.00000,1.00,1.00
40675,Blink,10671,0.00,0.00,0.15273,-0.01072,0.01217,-0.98814,0.07299,-0.00683,-0.00050,-0.99731,-0.22435,0.01841,-0.01190,0.97426,0.07292,0.02046,0.00150,-0.99713,-0.22461,-0.00886,-0.00970,0.97436,0.00000,0.00000,1.00,1.00
40686,Blink,10681,0.00,0.00,0.15308,-0.01083,0.01216,-0.98808,0.07263,-0.00674,-0.00049,-0.99734,-0.22435,0.01841,-0.01189,0.97426,0.07256,0.02055,0.00150,-0.99715,-0.22461,-0.00886,-0.00967,0.97436,0.00000,0.00000,1.00,1.00
40698,Blink,10693,0.00,0.00,0.15345,-0.01097,0.01209,-0.98802,0.07225,-0.00663,-0.00048,-0.99736,-0.22435,0.01843,-0.01180,0.97426,0.07219,0.02066,0.00150,-0.99718,-0.22461,-0.00883,-0.00957,0.97436,0.00000,0.00000,1.00,1.00
40708,Blink,10704,0.00,0.00,0.15392,-0.01117,0.01213,-0.98795,0.07096,-0.00544,-0.00039,-0.99746,-0.22357,0.01743,-0.01176,0.97446,0.07089,0.02184,0.00155,-0.99724,-0.22381,-0.00982,-0.00948,0.97454,0.00000,0.00000,1.00,1.00
40719,Blink,10715,0.00,0.00,0.15439,-0.01127,0.01208,-0.98787,0.07049,-0.00536,-0.00038,-0.99750,-0.22357,0.01745,-0.01171,0.97446,0.07042,0.02191,0.00155,-0.99728,-0.22381,-0.00980,-0.00940,0.97454,0.00000,0.00000,1.00,1.00
40731,Blink,10726,0.00,0.00,0.15486,-0.01150,0.01221,-0.98779,0.07001,-0.00511,-0.00036,-0.99753,-0.22357,0.01742,-0.01181,0.97446,0.06994,0.02217,0.00155,-0.99730,-0.22381,-0.00982,-0.00948,0.97454,0.00000,0.00000,1.00,1.00
40742,Blink,10738,0.00,0.00,0.15529,-0.01166,0.01234,-0.98772,0.07087,-0.00438,-0.00031,-0.99748,-0.22484,0.01688,-0.01186,0.97418,0.07078,0.02289,0.00162,-0.99723,-0.22507,-0.01037,-0.00953,0.97424,0.00000,0.00000,1.00,1.00
40752,Blink,10748,0.00,0.00,0.15554,-0.01188,0.01253,-0.98768,0.07061,-0.00412,-0.00029,-0.99750,-0.22484,0.01685,-0.01201,0.97418,0.07052,0.02316,0.00164,-0.99724,-0.22507,-0.01040,-0.00967,0.97424,0.00000,0.00000,1.00,1.00
40764,Blink,10760,0.00,0.00,0.15583,-0.01204,0.01272,-0.98763,0.07032,-0.00391,-0.00028,-0.99752,-0.22484,0.01681,-0.01218,0.97417,0.07021,0.02336,0.00164,-0.99726,-0.22507,-0.01043,-0.00983,0.97424,0.00000,0.00000,1.00,1.00
40775,Blink,10771,0.00,0.00,0.15591,-0.01226,0.01280,-0.98761,0.07118,-0.00344,-0.00025,-0.99746,-0.22577,0.01657,-0.01219,0.97396,0.07107,0.02384,0.00170,-0.99719,-0.22599,-0.01067,-0.00986,0.97402,0.00000,0.00000,1.00,1.00
40786,Blink,10782,0.00,0.00,0.15594,-0.01232,0.01288,-0.98761,0.07116,-0.00336,-0.00024,-0.99746,-0.22577,0.01656,-0.01225,0.97396,0.07104,0.02392,0.00170,-0.99719,-0.22599,-0.01069,-0.00992,0.97402,0.00000,0.00000,1.00,1.00
40797,Blink,10793,0.00,0.00,0.15589,-0.01238,0.01292,-0.98761,0.07128,-0.00391,-0.00028,-0.99745,-0.22583,0.01717,-0.01234,0.97394,0.07118,0.02337,0.00167,-0.99719,-0.22607,-0.01008,-0.01001,0.97401,0.00000,0.00000,1.00,1.00
40808,Blink,10804,0.00,0.00,0.15593,-0.01245,0.01288,-0.98761,0.07124,-0.00385,-0.00027,-0.99745,-0.22583,0.01718,-0.01229,0.97394,0.07114,0.02343,0.00167,-0.99719,-0.22607,-0.01007,-0.00996,0.97401,0.00000,0.00000,1.00,1.00
40819,Blink,10815,0.00,0.00,0.15605,-0.01245,0.01270,-0.98759,0.07111,-0.00391,-0.00028,-0.99746,-0.22583,0.01722,-0.01212,0.97394,0.07102,0.02337,0.00166,-0.99720,-0.22607,-0.01002,-0.00978,0.97401,0.00000,0.00000,1.00,1.00
40831,Blink,10827,0.00,0.00,0.15615,-0.01260,0.01249,-0.98757,0.07100,-0.00383,-0.00027,-0.99747,-0.22583,0.01728,-0.01189,0.97394,0.07092,0.02345,0.00167,-0.99720,-0.22607,-0.00997,-0.00955,0.97401,0.00000,0.00000,1.00,1.00
40842,Blink,10838,0.00,0.00,0.15643,-0.01269,0.01230,-0.98753,0.07047,-0.00360,-0.00025,-0.99751,-0.22559,0.01711,-0.01169,0.97400,0.07040,0.02368,0.00167,-0.99724,-0.22584,-0.01013,-0.00932,0.97407,0.00000,0.00000,1.00,1.00
40853,Blink,10848,0.00,0.00,0.15705,-0.01288,0.01222,-0.98743,0.06984,-0.00344,-0.00024,-0.99755,-0.22558,0.01713,-0.01160,0.97400,0.06978,0.02383,0.00167,-0.99728,-0.22584,-0.01010,-0.00920,0.97407,0.00000,0.00000,1.00,1.00
40864,Blink,10860,0.00,0.00,0.15788,-0.01305,0.01209,-0.98730,0.06946,-0.00354,-0.00025,-0.99758,-0.22603,0.01739,-0.01147,0.97390,0.06940,0.02372,0.00165,-0.99731,-0.22628,-0.00983,-0.00904,0.97397,0.00000,0.00000,1.00,1.00
40875,Blink,10871,0.00,0.00,0.15847,-0.01328,0.01222,-0.98720,0.06886,-0.00328,-0.00023,-0.99762,-0.22603,0.01737,-0.01157,0.97390,0.06879,0.02398,0.00165,-0.99734,-0.22627,-0.00985,-0.00911,0.97397,0.00000,0.00000,1.00,1.00
40886,Blink,10882,0.00,0.00,0.15874,-0.01352,0.01239,-0.98715,0.06858,-0.00300,-0.00021,-0.99764,-0.22603,0.01734,-0.01171,0.97390,0.06851,0.02426,0.00167,-0.99735,-0.22627,-0.00987,-0.00923,0.97397,0.00000,0.00000,1.00,1.00
40898,Blink,10894,0.00,0.00,0.15878,-0.01366,0.01259,-0.98714,0.06855,-0.00281,-0.00019,-0.99764,-0.22603,0.01730,-0.01188,0.97389,0.06846,0.02445,0.00168,-0.99735,-0.22627,-0.00991,-0.00939,0.97397,0.00000,0.00000,1.00,1.00
40909,Blink,10904,0.00,0.00,0.15892,-0.01381,0.01251,-0.98712,0.06923,-0.00297,-0.00021,-0.99760,-0.22683,0.01760,-0.01179,0.97370,0.06913,0.02430,0.00168,-0.99731,-0.22706,-0.00962,-0.00932,0.97379,0.00000,0.00000,1.00,1.00
40919,Blink,10915,0.00,0.00,0.15912,-0.01396,0.01212,-0.98709,0.06902,-0.00294,-0.00020,-0.99761,-0.22683,0.01769,-0.01139,0.97371,0.06895,0.02433,0.00168,-0.99732,-0.22706,-0.00952,-0.00891,0.97379,0.00000,0.00000,1.00,1.00
40931,Blink,10927,0.00,0.00,0.15929,-0.01412,0.01173,-0.98706,0.06884,-0.00290,-0.00020,-0.99762,-0.22682,0.01779,-0.01099,0.97371,0.06878,0.02436,0.00168,-0.99733,-0.22707,-0.00943,-0.00850,0.97380,0.00000,0.00000,1.00,1.00
40942,Blink,10938,0.00,0.00,0.15935,-0.01432,0.01134,-0.98705,0.06934,-0.00310,-0.00022,-0.99759,-0.22736,0.01817,-0.01060,0.97358,0.06930,0.02416,0.00168,-0.99730,-0.22762,-0.00905,-0.00813,0.97367,0.00000,0.00000,1.00,1.00
40953,Blink,10949,0.00,0.00,0.15935,-0.01453,0.01117,-0.98705,0.06932,-0.00295,-0.00020,-0.99759,-0.22736,0.01822,-0.01041,0.97359,0.06930,0.02432,0.00169,-0.99730,-0.22762,-0.00900,-0.00793,0.97368,0.00000,0.00000,1.00,1.00
40964,Blink,10960,0.00,0.00,0.15940,-0.01453,0.01117,-0.98704,0.07024,-0.00328,-0.00023,-0.99752,-0.22830,0.01856,-0.01042,0.97336,0.07019,0.02399,0.00169,-0.99724,-0.22853,-0.00867,-0.00797,0.97347,0.00000,0.00000,1.00,1.00
40976,Blink,10971,0.00,0.00,0.15945,-0.01458,0.01131,-0.98703,0.07019,-0.00320,-0.00022,-0.99753,-0.22830,0.01853,-0.01054,0.97336,0.07013,0.02407,0.00169,-0.99725,-0.22853,-0.00870,-0.00808,0.97346,0.00000,0.00000,1.00,1.00
40986,Blink,10982,0.00,0.00,0.15939,-0.01456,0.01137,-0.98704,0.07025,-0.00320,-0.00023,-0.99752,-0.22830,0.01852,-0.01060,0.97336,0.07019,0.02408,0.00169,-0.99724,-0.22853,-0.00871,-0.00815,0.97346,0.00000,0.00000,1.00,1.00
40998,Blink,10994,0.00,0.00,0.15942,-0.01456,0.01136,-0.98704,0.07022,-0.00320,-0.00023,-0.99753,-0.22830,0.01852,-0.01060,0.97336,0.07016,0.02407,0.00169,-0.99724,-0.22853,-0.00871,-0.00814,0.97346,0.00000,0.00000,1.00,1.00
41009,Blink,11005,0.00,0.00,0.15935,-0.01443,0.01148,-0.98705,0.06686,-0.00201,-0.00013,-0.99776,-0.22496,0.01717,-0.01068,0.97416,0.06676,0.02524,0.00169,-0.99745,-0.22515,-0.01003,-0.00814,0.97424,0.00000,0.00000,1.00,1.00
41020,Blink,11016,0.00,0.00,0.15920,-0.01434,0.01166,-0.98707,0.06701,-0.00204,-0.00014,-0.99775,-0.22496,0.01712,-0.01087,0.97416,0.06690,0.02521,0.00169,-0.99744,-0.22514,-0.01007,-0.00833,0.97424,0.00000,0.00000,1.00,1.00
41031,Blink,11027,0.00,0.00,0.15893,-0.01428,0.01209,-0.98711,0.06729,-0.00198,-0.00013,-0.99773,-0.22497,0.01703,-0.01128,0.97415,0.06715,0.02528,0.00170,-0.99742,-0.22514,-0.01017,-0.00876,0.97423,0.00000,0.00000,1.00,1.00
41043,Blink,11038,0.00,0.00,0.15850,-0.01448,0.01226,-0.98718,0.06762,-0.00156,-0.00011,-0.99771,-0.22487,0.01683,-0.01140,0.97418,0.06747,0.02570,0.00174,-0.99739,-0.22504,-0.01038,-0.00890,0.97425,0.00000,0.00000,1.00,1.00
41053,Blink,11049,0.00,0.00,0.15841,-0.01475,0.01246,-0.98719,0.06772,-0.00124,-0.00008,-0.99770,-0.22487,0.01679,-0.01154,0.97417,0.06756,0.02602,0.00176,-0.99737,-0.22503,-0.01041,-0.00905,0.97425,0.00000,0.00000,1.00,1.00
41065,Blink,11061,0.00,0.00,0.15848,-0.01508,0.01240,-0.98717,0.06727,-0.00109,-0.00007,-0.99773,-0.22451,0.01696,-0.01146,0.97426,0.06714,0.02616,0.00176,-0.99740,-0.22470,-0.01024,-0.00895,0.97433,0.00000,0.00000,1.00,1.00
41076,Blink,11071,0.00,0.00,0.15862,-0.01552,0.01246,-0.98714,0.06713,-0.00065,-0.00004,-0.99774,-0.22451,0.01696,-0.01145,0.97426,0.06700,0.02660,0.00179,-0.99740,-0.22470,-0.01023,-0.00893,0.97433,0.00000,0.00000,1.00,1.00
41086,Blink,11082,0.00,0.00,0.15864,-0.01599,0.01266,-0.98713,0.06710,-0.00013,-0.00001,-0.99775,-0.22451,0.01694,-0.01157,0.97425,0.06696,0.02712,0.00182,-0.99739,-0.22470,-0.01026,-0.00905,0.97433,0.00000,0.00000,1.00,1.00
41098,Blink,11094,0.00,0.00,0.15862,-0.01654,0.01296,-0.98712,0.06711,0.00048,0.00003,-0.99775,-0.22452,0.01689,-0.01177,0.97425,0.06696,0.02773,0.00186,-0.99737,-0.22469,-0.01031,-0.00926,0.97433,0.00000,0.00000,1.00,1.00
41109,Blink,11105,0.00,0.00,0.15864,-0.01702,0.01297,-0.98710,0.06779,0.00023,0.00002,-0.99770,-0.22519,0.01764,-0.01177,0.97408,0.06766,0.02748,0.00186,-0.99733,-0.22539,-0.00957,-0.00927,0.97418,0.00000,0.00000,1.00,1.00
41120,Blink,11116,0.00,0.00,0.15864,-0.01749,0.01286,-0.98710,0.06778,0.00065,0.00004,-0.99770,-0.22519,0.01768,-0.01159,0.97409,0.06766,0.02790,0.00189,-0.99732,-0.22539,-0.00953,-0.00909,0.97418,0.00000,0.00000,1.00,1.00
41132,Blink,11127,0.00,0.00,0.15861,-0.01799,0.01251,-0.98710,0.06779,-0.00008,-0.00001,-0.99770,-0.22516,0.01888,-0.01127,0.97407,0.06770,0.02717,0.00184,-0.99733,-0.22539,-0.00832,-0.00877,0.97419,0.00000,0.00000,1.00,1.00
41143,Blink,11138,0.00,0.00,0.15858,-0.01846,0.01231,-0.98710,0.06781,0.00031,0.00002,-0.99770,-0.22515,0.01894,-0.01100,0.97408,0.06773,0.02757,0.00187,-0.99732,-0.22539,-0.00826,-0.00850,0.97420,0.00000,0.00000,1.00,1.00
41153,Blink,11149,0.00,0.00,0.15865,-0.01886,0.01218,-0.98708,0.06773,0.00066,0.00004,-0.99770,-0.22515,0.01899,-0.01081,0.97408,0.06767,0.02791,0.00189,-0.99732,-0.22539,-0.00822,-0.00831,0.97420,0.00000,0.00000,1.00,1.00
41166,Blink,11161,0.00,0.00,0.15880,-0.01922,0.01201,-0.98705,0.06710,0.01523,0.00102,-0.99763,-0.22485,0.00478,-0.00928,0.97434,0.06689,0.04244,0.00285,-0.99685,-0.22489,-0.02238,-0.00675,0.97410,0.00000,0.00000,1.00,1.00
41176,Blink,11172,0.00,0.00,0.15913,-0.01956,0.01181,-0.98699,0.06676,0.01549,0.00104,-0.99765,-0.22485,0.00484,-0.00904,0.97434,0.06657,0.04270,0.00285,-0.99686,-0.22489,-0.02232,-0.00649,0.97411,0.00000,0.00000,1.00,1.00
41187,Blink,11182,0.00,0.00,0.15948,-0.01987,0.01154,-0.98693,0.06640,0.01572,0.00105,-0.99767,-0.22485,0.00491,-0.00872,0.97434,0.06623,0.04292,0.00285,-0.99688,-0.22490,-0.02224,-0.00616,0.97411,0.00000,0.00000,1.00,1.00
41199,Blink,11194,0.00,0.00,0.15974,-0.02013,0.01137,-0.98689,0.06614,0.01591,0.00105,-0.99768,-0.22485,0.00496,-0.00851,0.97434,0.06598,0.04311,0.00285,-0.99689,-0.22490,-0.02219,-0.00593,0.97411,0.00000,0.00000,1.00,1.00
41209,Blink,11205,0.00,0.00,0.15997,-0.02034,0.01126,-0.98685,0.06605,0.01663,0.00110,-0.99768,-0.22498,0.00445,-0.00831,0.97432,0.06585,0.04382,0.00289,-0.99686,-0.22500,-0.02269,-0.00573,0.97408,0.00000,0.00000,1.00,1.00
41220,Blink,11216,0.00,0.00,0.16008,-0.02039,0.01128,-0.98683,0.06594,0.01668,0.00110,-0.99768,-0.22498,0.00445,-0.00832,0.97432,0.06574,0.04387,0.00289,-0.99687,-0.22500,-0.02269,-0.00573,0.97408,0.00000,0.00000,1.00,1.00
41232,Blink,11228,0.00,0.00,0.16029,-0.02024,0.01120,-0.98680,0.06632,0.01750,0.00116,-0.99764,-0.22558,0.00348,-0.00817,0.97418,0.06607,0.04469,0.00296,-0.99681,-0.22554,-0.02366,-0.00558,0.97393,0.00000,0.00000,1.00,1.00
41243,Blink,11238,0.00,0.00,0.16046,-0.02006,0.01108,-0.98678,0.06616,0.01729,0.00115,-0.99766,-0.22558,0.00350,-0.00808,0.97418,0.06592,0.04448,0.00294,-0.99683,-0.22555,-0.02364,-0.00549,0.97393,0.00000,0.00000,1.00,1.00
41253,Blink,11249,0.00,0.00,0.16062,-0.01966,0.01098,-0.98676,0.06600,0.01687,0.00112,-0.99768,-0.22558,0.00351,-0.00805,0.97419,0.06576,0.04406,0.00291,-0.99686,-0.22555,-0.02363,-0.00544,0.97393,0.00000,0.00000,1.00,1.00
41265,Blink,11261,0.00,0.00,0.16069,-0.01916,0.01098,-0.98676,0.06593,0.01640,0.00108,-0.99769,-0.22558,0.00349,-0.00812,0.97418,0.06569,0.04359,0.00287,-0.99688,-0.22554,-0.02365,-0.00551,0.97393,0.00000,0.00000,1.00,1.00
41276,Blink,11272,0.00,0.00,0.16085,-0.01850,0.01096,-0.98674,0.06443,0.01555,0.00100,-0.99780,-0.22427,0.00366,-0.00823,0.97449,0.06418,0.04273,0.00275,-0.99702,-0.22422,-0.02347,-0.00558,0.97424,0.00000,0.00000,1.00,1.00
41287,Blink,11283,0.00,0.00,0.16112,-0.01775,0.01096,-0.98672,0.06417,0.01483,0.00095,-0.99783,-0.22427,0.00363,-0.00835,0.97449,0.06391,0.04201,0.00269,-0.99707,-0.22421,-0.02349,-0.00568,0.97424,0.00000,0.00000,1.00,1.00
41299,Blink,11295,0.00,0.00,0.16148,-0.01698,0.01104,-0.98667,0.06430,0.01001,0.00065,-0.99788,-0.22471,0.00767,-0.00895,0.97435,0.06407,0.03721,0.00239,-0.99725,-0.22470,-0.01946,-0.00627,0.97421,0.00000,0.00000,1.00,1.00
41310,Blink,11306,0.00,0.00,0.16177,-0.01627,0.01111,-0.98663,0.06402,0.00934,0.00060,-0.99790,-0.22471,0.00763,-0.00913,0.97435,0.06377,0.03654,0.00234,-0.99729,-0.22470,-0.01950,-0.00644,0.97421,0.00000,0.00000,1.00,1.00
41321,Blink,11316,0.00,0.00,0.16209,-0.01547,0.01115,-0.98659,0.06370,0.00858,0.00055,-0.99793,-0.22471,0.00759,-0.00929,0.97435,0.06345,0.03578,0.00228,-0.99734,-0.22469,-0.01954,-0.00659,0.97421,0.00000,0.00000,1.00,1.00
41332,Blink,11328,0.00,0.00,0.16240,-0.01467,0.01119,-0.98655,0.06340,0.00782,0.00050,-0.99796,-0.22471,0.00755,-0.00945,0.97435,0.06314,0.03502,0.00222,-0.99739,-0.22469,-0.01957,-0.00673,0.97421,0.00000,0.00000,1.00,1.00
41343,Blink,11339,0.00,0.00,0.16274,-0.01393,0.01115,-0.98651,0.06814,-0.00346,-0.00024,-0.99767,-0.22953,0.01811,-0.01050,0.97308,0.06798,0.02380,0.00162,-0.99740,-0.22966,-0.00908,-0.00790,0.97320,0.00000,0.00000,1.00,1.00
41354,Blink,11350,0.00,0.00,0.16329,-0.01316,0.01122,-0.98643,0.06759,-0.00418,-0.00028,-0.99770,-0.22954,0.01806,-0.01071,0.97307,0.06742,0.02307,0.00156,-0.99746,-0.22966,-0.00913,-0.00808,0.97319,0.00000,0.00000,1.00,1.00
41366,Blink,11361,0.00,0.00,0.16374,-0.01252,0.01134,-0.98636,0.06801,-0.00408,-0.00028,-0.99768,-0.23040,0.01733,-0.01085,0.97288,0.06787,0.02317,0.00158,-0.99742,-0.23054,-0.00986,-0.00822,0.97298,0.00000,0.00000,1.00,1.00
41376,Blink,11372,0.00,0.00,0.16388,-0.01200,0.01149,-0.98634,0.06789,-0.00453,-0.00031,-0.99768,-0.23040,0.01728,-0.01109,0.97288,0.06773,0.02272,0.00154,-0.99744,-0.23054,-0.00991,-0.00844,0.97298,0.00000,0.00000,1.00,1.00
41387,Blink,11383,0.00,0.00,0.16379,-0.01154,0.01157,-0.98636,0.06798,-0.00495,-0.00034,-0.99767,-0.23040,0.01724,-0.01124,0.97288,0.06781,0.02230,0.00152,-0.99745,-0.23054,-0.00995,-0.00860,0.97297,0.00000,0.00000,1.00,1.00
41399,Blink,11395,0.00,0.00,0.16397,-0.01117,0.01156,-0.98633,0.06130,-0.00440,-0.00027,-0.99811,-0.22408,0.01624,-0.01130,0.97437,0.06118,0.02283,0.00140,-0.99786,-0.22425,-0.01089,-0.00849,0.97444,0.00000,0.00000,1.00,1.00
41410,Blink,11406,0.00,0.00,0.16445,-0.01094,0.01131,-0.98626,0.06082,-0.00469,-0.00029,-0.99814,-0.22407,0.01629,-0.01112,0.97437,0.06070,0.02253,0.00137,-0.99790,-0.22425,-0.01084,-0.00827,0.97444,0.90650,0.87715,1.00,1.00
41421,Blink,11417,0.00,0.00,0.16484,-0.01084,0.01111,-0.98620,0.06042,-0.00485,-0.00029,-0.99816,-0.22407,0.01633,-0.01094,0.97438,0.06032,0.02237,0.00135,-0.99793,-0.22425,-0.01079,-0.00808,0.97444,0.90650,0.87715,1.00,1.00
41433,Blink,11428,0.00,0.00,0.16546,-0.01086,0.01102,-0.98610,0.05980,-0.00486,-0.00029,-0.99820,-0.22407,0.01634,-0.01087,0.97438,0.05970,0.02236,0.00134,-0.99797,-0.22425,-0.01077,-0.00797,0.97444,0.90650,0.87715,1.00,1.00
41443,Blink,11439,0.00,0.00,0.16609,-0.01105,0.01123,-0.98598,-0.00870,-0.01896,0.00017,-0.99978,-0.15727,0.02962,-0.01463,0.98700,-0.00871,0.00812,-0.00007,-0.99993,-0.15758,0.00296,-0.00991,0.98745,0.97673,0.93577,1.00,1.00
41454,Blink,11450,0.00,0.00,0.16649,-0.01117,0.01150,-0.98591,-0.00909,-0.01881,0.00017,-0.99978,-0.15727,0.02958,-0.01490,0.98700,-0.00912,0.00827,-0.00008,-0.99992,-0.15758,0.00292,-0.01015,0.98745,0.97673,0.93577,1.00,1.00
41466,Blink,11462,0.00,0.00,0.16661,-0.01155,0.01199,-0.98588,-0.06856,-0.01789,0.00123,-0.99749,-0.09839,0.02812,-0.01694,0.99461,-0.06864,0.00938,-0.00065,-0.99760,-0.09864,0.00155,-0.01055,0.99507,0.97673,0.93577,1.00,1.00
41476,Blink,11472,0.00,0.00,0.16640,-0.01186,0.01221,-0.98591,-0.06835,-0.01756,0.00120,-0.99751,-0.09840,0.02811,-0.01710,0.99460,-0.06844,0.00971,-0.00067,-0.99761,-0.09864,0.00154,-0.01072,0.99506,0.98569,0.94457,1.00,1.00
41487,Blink,11483,0.00,0.00,0.16616,-0.01216,0.01209,-0.98595,-0.06811,-0.01726,0.00118,-0.99753,-0.09839,0.02813,-0.01692,0.99461,-0.06819,0.01001,-0.00068,-0.99762,-0.09864,0.00155,-0.01055,0.99507,0.98569,0.94457,1.00,1.00
41499,Blink,11495,0.00,0.00,0.16601,-0.01239,0.01179,-0.98598,-0.06907,-0.03178,0.00220,-0.99710,-0.09709,0.04250,-0.02006,0.99417,-0.06924,-0.00453,0.00031,-0.99759,-0.09730,0.01595,-0.01368,0.99503,0.98569,0.94457,1.00,1.00
41510,Blink,11505,0.00,0.00,0.16594,-0.01254,0.01138,-0.98599,-0.06902,-0.03164,0.00219,-0.99711,-0.09707,0.04255,-0.01963,0.99417,-0.06917,-0.00439,0.00030,-0.99760,-0.09729,0.01600,-0.01325,0.99504,0.99020,0.99822,1.00,1.00
41521,Blink,11516,0.00,0.00,0.16596,-0.01253,0.01100,-0.98599,-0.06907,-0.03166,0.00219,-0.99711,-0.09705,0.04258,-0.01925,0.99418,-0.06920,-0.00441,0.00031,-0.99759,-0.09728,0.01603,-0.01287,0.99504,0.99020,0.99822,1.00,1.00
41532,Blink,11528,0.00,0.00,0.16602,-0.01238,0.01067,-0.98599,-0.06902,-0.03561,0.00247,-0.99698,-0.09711,0.04631,-0.01983,0.99400,-0.06917,-0.00837,0.00058,-0.99757,-0.09733,0.01977,-0.01346,0.99497,0.99020,0.99822,1.00,1.00
41543,Blink,11539,0.00,0.00,0.16605,-0.01216,0.01030,-0.98599,-0.06908,-0.03584,0.00248,-0.99696,-0.09710,0.04634,-0.01950,0.99400,-0.06921,-0.00860,0.00060,-0.99756,-0.09732,0.01980,-0.01313,0.99497,0.99960,0.97951,1.00,1.00
41554,Blink,11550,0.00,0.00,0.16603,-0.01184,0.00999,-0.98600,-0.06908,-0.03617,0.00251,-0.99695,-0.09708,0.04636,-0.01925,0.99401,-0.06920,-0.00894,0.00062,-0.99756,-0.09731,0.01983,-0.01288,0.99497,0.99960,0.97951,1.00,1.00
41566,Blink,11562,0.00,0.00,0.16603,-0.01127,0.00965,-0.98601,-0.06926,-0.03992,0.00277,-0.99680,-0.09686,0.04947,-0.01976,0.99387,-0.06944,-0.01269,0.00088,-0.99751,-0.09704,0.02294,-0.01339,0.99493,0.99960,0.97951,1.00,1.00
41577,Blink,11572,0.00,0.00,0.16594,-0.01057,0.00939,-0.98604,-0.06916,-0.04062,0.00282,-0.99677,-0.09685,0.04948,-0.01961,0.99387,-0.06934,-0.01340,0.00093,-0.99750,-0.09704,0.02295,-0.01324,0.99493,0.91235,0.96778,1.00,1.00
41588,Blink,11583,0.00,0.00,0.16589,-0.00987,0.00921,-0.98605,-0.06912,-0.04134,0.00287,-0.99675,-0.09685,0.04949,-0.01955,0.99388,-0.06929,-0.01411,0.00098,-0.99750,-0.09704,0.02296,-0.01318,0.99493,0.91235,0.96778,1.00,1.00
41600,Blink,11595,0.00,0.00,0.16591,-0.00917,0.00911,-0.98606,-0.06913,-0.04205,0.00292,-0.99672,-0.09685,0.04949,-0.01956,0.99388,-0.06930,-0.01482,0.00103,-0.99749,-0.09704,0.02296,-0.01319,0.99493,0.91235,0.96778,1.00,1.00
41610,Blink,11606,0.00,0.00,0.16581,-0.00849,0.00883,-0.98608,0.00921,-0.03906,-0.00036,-0.99919,-0.17440,0.04715,-0.01487,0.98343,0.00928,-0.01202,-0.00011,-0.99988,-0.17483,0.02045,-0.01063,0.98433,0.39362,0.40854,1.00,1.00
41621,Blink,11617,0.00,0.00,0.16542,-0.00777,0.00842,-0.98616,0.00958,-0.03985,-0.00038,-0.99916,-0.17439,0.04720,-0.01455,0.98344,0.00967,-0.01281,-0.00012,-0.99987,-0.17482,0.02050,-0.01034,0.98433,0.39362,0.40854,1.00,1.00
41633,Blink,11629,0.00,0.00,0.16513,-0.00691,0.00798,-0.98622,0.00985,-0.04077,-0.00040,-0.99912,-0.17437,0.04726,-0.01425,0.98344,0.00996,-0.01373,-0.00014,-0.99986,-0.17482,0.02055,-0.01005,0.98434,0.39362,0.40854,1.00,1.00
41643,Blink,11639,0.00,0.00,0.16499,-0.00612,0.00779,-0.98625,0.03722,-0.03676,-0.00137,-0.99863,-0.20118,0.04288,-0.01226,0.97854,0.03737,-0.00965,-0.00036,-0.99925,-0.20165,0.01598,-0.00879,0.97929,0.05368,0.09473,1.00,1.00
41655,Blink,11650,0.00,0.00,0.16492,-0.00525,0.00771,-0.98626,0.03731,-0.03762,-0.00141,-0.99859,-0.20118,0.04287,-0.01232,0.97854,0.03746,-0.01052,-0.00039,-0.99924,-0.20165,0.01597,-0.00885,0.97929,0.05368,0.09473,1.00,1.00
41667,Blink,11662,0.00,0.00,0.16481,-0.00451,0.00790,-0.98628,0.05023,-0.02372,-0.00119,-0.99846,-0.21390,0.02849,-0.01040,0.97638,0.05028,0.00345,0.00017,-0.99873,-0.21422,0.00147,-0.00727,0.97676,0.05368,0.09473,1.00,1.00
41677,Blink,11673,0.00,0.00,0.16478,-0.00380,0.00813,-0.98629,0.05028,-0.02435,-0.00123,-0.99844,-0.21391,0.02842,-0.01073,0.97638,0.05031,0.00283,0.00014,-0.99873,-0.21422,0.00139,-0.00760,0.97676,0.00143,0.00249,1.00,1.00
41688,Blink,11684,0.00,0.00,0.16483,-0.00323,0.00832,-0.98628,0.05025,-0.02485,-0.00125,-0.99843,-0.21392,0.02836,-0.01100,0.97638,0.05027,0.00232,0.00012,-0.99873,-0.21422,0.00133,-0.00788,0.97675,0.00143,0.00249,1.00,1.00
41700,Blink,11696,0.00,0.00,0.16493,-0.00279,0.00830,-0.98627,0.05015,-0.02528,-0.00127,-0.99842,-0.21392,0.02835,-0.01107,0.97638,0.05017,0.00190,0.00010,-0.99874,-0.21422,0.00132,-0.00793,0.97675,0.00143,0.00249,1.00,1.00
41710,Blink,11706,0.00,0.00,0.16498,-0.00247,0.00820,-0.98626,0.04971,-0.02295,-0.00114,-0.99850,-0.21357,0.02570,-0.01072,0.97653,0.04973,0.00422,0.00021,-0.99875,-0.21385,-0.00132,-0.00758,0.97684,0.00005,0.00008,1.00,1.00
41721,Blink,11717,0.00,0.00,0.16504,-0.00218,0.00816,-0.98625,0.04965,-0.02325,-0.00116,-0.99850,-0.21357,0.02570,-0.01073,0.97653,0.04967,0.00393,0.00020,-0.99876,-0.21385,-0.00132,-0.00758,0.97684,0.00005,0.00008,1.00,1.00
41733,Blink,11729,0.00,0.00,0.16490,-0.00192,0.00832,-0.98627,0.04981,-0.02346,-0.00117,-0.99848,-0.21357,0.02566,-0.01092,0.97653,0.04982,0.00372,0.00019,-0.99875,-0.21385,-0.00136,-0.00778,0.97683,0.00005,0.00008,1.00,1.00
41744,Blink,11739,0.00,0.00,0.16483,-0.00167,0.00853,-0.98628,0.04953,-0.02188,-0.00109,-0.99853,-0.21325,0.02385,-0.01097,0.97665,0.04954,0.00529,0.00026,-0.99876,-0.21353,-0.00317,-0.00783,0.97690,0.00000,0.00000,1.00,1.00
41755,Blink,11751,0.00,0.00,0.16494,-0.00134,0.00863,-0.98626,0.04943,-0.02217,-0.00110,-0.99853,-0.21325,0.02382,-0.01113,0.97664,0.04943,0.00500,0.00025,-0.99877,-0.21353,-0.00321,-0.00798,0.97690,0.00000,0.00000,1.00,1.00
41767,Blink,11763,0.00,0.00,0.16524,-0.00107,0.00864,-0.98622,0.04897,-0.02254,-0.00111,-0.99855,-0.21310,0.02390,-0.01121,0.97667,0.04899,0.00463,0.00023,-0.99879,-0.21339,-0.00311,-0.00804,0.97693,0.00000,0.00000,1.00,1.00
41777,Blink,11773,0.00,0.00,0.16565,-0.00082,0.00855,-0.98615,0.04856,-0.02281,-0.00111,-0.99856,-0.21309,0.02391,-0.01118,0.97668,0.04858,0.00436,0.00021,-0.99881,-0.21339,-0.00310,-0.00799,0.97693,0.00000,0.00000,1.00,1.00
41789,Blink,11784,0.00,0.00,0.16611,-0.00050,0.00847,-0.98607,0.04809,-0.02314,-0.00111,-0.99857,-0.21309,0.02391,-0.01118,0.97668,0.04811,0.00402,0.00019,-0.99883,-0.21339,-0.00310,-0.00796,0.97693,0.00000,0.00000,1.00,1.00
41800,Blink,11796,0.00,0.00,0.16674,-0.00023,0.00845,-0.98596,0.04783,-0.02252,-0.00108,-0.99860,-0.21348,0.02301,-0.01112,0.97661,0.04787,0.00465,0.00022,-0.99884,-0.21379,-0.00399,-0.00788,0.97684,0.00000,0.00000,1.00,1.00
41811,Blink,11806,0.00,0.00,0.16727,0.00015,0.00852,-0.98588,0.04731,-0.02287,-0.00108,-0.99862,-0.21348,0.02298,-0.01128,0.97661,0.04734,0.00429,0.00020,-0.99887,-0.21379,-0.00401,-0.00800,0.97684,0.00000,0.00000,1.00,1.00
41822,Blink,11817,0.00,0.00,0.16748,0.00061,0.00859,-0.98584,0.04710,-0.02330,-0.00110,-0.99862,-0.21348,0.02295,-0.01143,0.97661,0.04713,0.00386,0.00018,-0.99888,-0.21379,-0.00405,-0.00814,0.97684,0.00000,0.00000,1.00,1.00
41834,Blink,11829,0.00,0.00,0.16737,0.00107,0.00878,-0.98585,0.05221,-0.01567,-0.00082,-0.99851,-0.21846,0.01497,-0.01064,0.97567,0.05219,0.01152,0.00060,-0.99857,-0.21868,-0.01207,-0.00749,0.97569,0.00000,0.00000,1.00,1.00
41844,Blink,11840,0.00,0.00,0.16712,0.00160,0.00894,-0.98589,0.05247,-0.01613,-0.00085,-0.99849,-0.21846,0.01492,-0.01087,0.97567,0.05244,0.01106,0.00058,-0.99856,-0.21868,-0.01212,-0.00773,0.97569,0.00000,0.00000,1.00,1.00
41855,Blink,11851,0.00,0.00,0.16673,0.00210,0.00894,-0.98596,0.05288,-0.01661,-0.00088,-0.99846,-0.21846,0.01490,-0.01094,0.97567,0.05284,0.01058,0.00056,-0.99855,-0.21868,-0.01214,-0.00782,0.97569,0.00000,0.00000,1.00,1.00
41867,Blink,11863,0.00,0.00,0.16651,0.00258,0.00895,-0.98600,0.05447,-0.01598,-0.00087,-0.99839,-0.21981,0.01382,-0.01088,0.97539,0.05445,0.01121,0.00061,-0.99845,-0.22003,-0.01325,-0.00782,0.97537,0.00000,0.00000,1.00,1.00
41877,Blink,11873,0.00,0.00,0.16622,0.00298,0.00888,-0.98604,0.05476,-0.01639,-0.00090,-0.99836,-0.21981,0.01382,-0.01087,0.97539,0.05474,0.01081,0.00059,-0.99844,-0.22003,-0.01325,-0.00782,0.97537,0.00000,0.00000,1.00,1.00
41889,Blink,11884,0.00,0.00,0.16597,0.00329,0.00896,-0.98608,0.05502,-0.01666,-0.00092,-0.99835,-0.21981,0.01379,-0.01099,0.97538,0.05499,0.01054,0.00058,-0.99843,-0.22003,-0.01328,-0.00795,0.97537,0.00000,0.00000,1.00,1.00
41901,Blink,11897,0.00,0.00,0.16568,0.00358,0.00903,-0.98613,0.05532,-0.01692,-0.00094,-0.99832,-0.21981,0.01377,-0.01109,0.97538,0.05528,0.01028,0.00057,-0.99842,-0.22003,-0.01331,-0.00807,0.97537,0.00000,0.00000,1.00,1.00
41911,Blink,11907,0.00,0.00,0.16550,0.00362,0.00896,-0.98616,0.05445,-0.01901,-0.00104,-0.99834,-0.21875,0.01580,-0.01126,0.97559,0.05446,0.00819,0.00045,-0.99848,-0.21903,-0.01127,-0.00823,0.97562,0.00000,0.00000,1.00,1.00
41922,Blink,11918,0.00,0.00,0.16553,0.00363,0.00876,-0.98616,0.05441,-0.01908,-0.00104,-0.99834,-0.21875,0.01584,-0.01108,0.97559,0.05443,0.00812,0.00044,-0.99848,-0.21903,-0.01123,-0.00804,0.97562,0.00000,0.00000,1.00,1.00
41934,Blink,11930,0.00,0.00,0.16577,0.00349,0.00830,-0.98612,0.05396,-0.02000,-0.00108,-0.99834,-0.21854,0.01686,-0.01073,0.97562,0.05403,0.00720,0.00039,-0.99851,-0.21886,-0.01020,-0.00767,0.97567,0.00000,0.00000,1.00,1.00
41944,Blink,11940,0.00,0.00,0.16618,0.00329,0.00784,-0.98606,0.05351,-0.01993,-0.00107,-0.99837,-0.21853,0.01697,-0.01026,0.97563,0.05361,0.00726,0.00039,-0.99854,-0.21886,-0.01009,-0.00719,0.97568,0.00000,0.00000,1.00,1.00
41955,Blink,11951,0.00,0.00,0.16647,0.00293,0.00740,-0.98601,0.05320,-0.01970,-0.00105,-0.99839,-0.21852,0.01707,-0.00979,0.97563,0.05333,0.00748,0.00040,-0.99855,-0.21887,-0.00998,-0.00669,0.97568,0.00000,0.00000,1.00,1.00
41967,Blink,11963,0.00,0.00,0.16678,0.00259,0.00717,-0.98597,0.05168,-0.01902,-0.00098,-0.99848,-0.21734,0.01670,-0.00949,0.97591,0.05179,0.00817,0.00042,-0.99862,-0.21767,-0.01033,-0.00634,0.97595,0.00000,0.00000,1.00,1.00
41978,Blink,11974,0.00,0.00,0.16700,0.00235,0.00693,-0.98593,0.05144,-0.01886,-0.00097,-0.99850,-0.21734,0.01676,-0.00923,0.97591,0.05157,0.00833,0.00043,-0.99863,-0.21767,-0.01027,-0.00607,0.97595,0.00000,0.00000,1.00,1.00
41989,Blink,11985,0.00,0.00,0.16703,0.00214,0.00678,-0.98593,0.05140,-0.01869,-0.00096,-0.99850,-0.21733,0.01680,-0.00906,0.97591,0.05154,0.00850,0.00044,-0.99863,-0.21767,-0.01023,-0.00590,0.97595,0.00000,0.00000,1.00,1.00
42001,Blink,11997,0.00,0.00,0.16683,0.00185,0.00667,-0.98596,0.05330,-0.01843,-0.00098,-0.99841,-0.21900,0.01684,-0.00886,0.97554,0.05339,0.00876,0.00047,-0.99854,-0.21929,-0.01021,-0.00576,0.97559,0.00000,0.00000,1.00,1.00
42011,Blink,12007,0.00,0.00,0.16678,0.00160,0.00663,-0.98597,0.05335,-0.01820,-0.00097,-0.99841,-0.21899,0.01686,-0.00879,0.97554,0.05345,0.00899,0.00048,-0.99853,-0.21929,-0.01019,-0.00569,0.97559,0.00000,0.00000,1.00,1.00
42022,Blink,12018,0.00,0.00,0.16688,0.00129,0.00662,-0.98595,0.05324,-0.01790,-0.00095,-0.99842,-0.21899,0.01687,-0.00872,0.97554,0.05334,0.00929,0.00050,-0.99853,-0.21929,-0.01018,-0.00561,0.97559,0.00000,0.00000,1.00,1.00
42034,Blink,12030,0.00,0.00,0.16696,0.00097,0.00655,-0.98594,0.05233,-0.01716,-0.00090,-0.99848,-0.21819,0.01645,-0.00857,0.97573,0.05240,0.01003,0.00053,-0.99858,-0.21845,-0.01060,-0.00544,0.97578,0.00000,0.00000,1.00,1.00
42044,Blink,12040,0.00,0.00,0.16690,0.00053,0.00667,-0.98595,0.05239,-0.01670,-0.00088,-0.99849,-0.21819,0.01644,-0.00861,0.97573,0.05245,0.01048,0.00055,-0.99857,-0.21845,-0.01061,-0.00548,0.97578,0.00000,0.00000,1.00,1.00
42056,Blink,12052,0.00,0.00,0.16661,0.00017,0.00688,-0.98600,0.05269,-0.01630,-0.00086,-0.99848,-0.21819,0.01641,-0.00875,0.97573,0.05274,0.01089,0.00058,-0.99855,-0.21845,-0.01064,-0.00564,0.97577,0.00000,0.00000,1.00,1.00
42068,Blink,12063,0.00,0.00,0.16634,-0.00019,0.00704,-0.98604,0.05198,-0.01759,-0.00092,-0.99849,-0.21722,0.01806,-0.00904,0.97591,0.05201,0.00959,0.00050,-0.99860,-0.21746,-0.00898,-0.00592,0.97601,0.00000,0.00000,1.00,1.00
42077,Blink,12073,0.00,0.00,0.16606,-0.00057,0.00700,-0.98609,0.05226,-0.01724,-0.00090,-0.99848,-0.21722,0.01808,-0.00893,0.97592,0.05230,0.00995,0.00052,-0.99858,-0.21746,-0.00896,-0.00582,0.97601,0.00000,0.00000,1.00,1.00
42089,Blink,12084,0.00,0.00,0.16567,-0.00086,0.00677,-0.98616,0.05264,-0.01702,-0.00090,-0.99847,-0.21721,0.01814,-0.00865,0.97592,0.05270,0.01017,0.00054,-0.99856,-0.21746,-0.00890,-0.00556,0.97601,0.00000,0.00000,1.00,1.00
42101,Blink,12097,0.00,0.00,0.16514,-0.00126,0.00668,-0.98625,0.05279,-0.01549,-0.00082,-0.99849,-0.21685,0.01702,-0.00835,0.97602,0.05284,0.01170,0.00062,-0.99853,-0.21709,-0.01003,-0.00528,0.97609,0.00000,0.00000,1.00,1.00
42111,Blink,12107,0.00,0.00,0.16476,-0.00156,0.00676,-0.98631,0.05318,-0.01517,-0.00081,-0.99847,-0.21686,0.01702,-0.00837,0.97602,0.05323,0.01202,0.00064,-0.99851,-0.21709,-0.01004,-0.00532,0.97609,0.00000,0.00000,1.00,1.00
42122,Blink,12118,0.00,0.00,0.16441,-0.00188,0.00681,-0.98637,0.05353,-0.01485,-0.00080,-0.99846,-0.21685,0.01702,-0.00835,0.97602,0.05357,0.01234,0.00066,-0.99849,-0.21709,-0.01004,-0.00532,0.97609,0.00000,0.00000,1.00,1.00
42134,Blink,12130,0.00,0.00,0.16411,-0.00202,0.00703,-0.98642,0.05297,-0.01506,-0.00080,-0.99848,-0.21600,0.01737,-0.00860,0.97620,0.05299,0.01213,0.00064,-0.99852,-0.21622,-0.00969,-0.00556,0.97628,0.00000,0.00000,1.00,1.00
42145,Blink,12140,0.00,0.00,0.16371,-0.00221,0.00714,-0.98648,0.05337,-0.01484,-0.00079,-0.99846,-0.21600,0.01736,-0.00865,0.97620,0.05339,0.01235,0.00066,-0.99850,-0.21622,-0.00970,-0.00564,0.97628,0.00000,0.00000,1.00,1.00
42156,Blink,12152,0.00,0.00,0.16339,-0.00222,0.00733,-0.98653,0.05370,-0.01477,-0.00079,-0.99845,-0.21600,0.01732,-0.00883,0.97620,0.05371,0.01242,0.00067,-0.99848,-0.21621,-0.00975,-0.00583,0.97628,0.00000,0.00000,1.00,1.00
42168,Blink,12163,0.00,0.00,0.16316,-0.00219,0.00743,-0.98657,0.05375,-0.01282,-0.00069,-0.99847,-0.21584,0.01534,-0.00872,0.97627,0.05373,0.01438,0.00077,-0.99845,-0.21602,-0.01172,-0.00572,0.97630,0.00000,0.00000,1.00,1.00
42178,Blink,12173,0.00,0.00,0.16293,-0.00218,0.00762,-0.98661,0.05398,-0.01278,-0.00069,-0.99846,-0.21585,0.01531,-0.00889,0.97627,0.05395,0.01442,0.00078,-0.99844,-0.21602,-0.01176,-0.00591,0.97630,0.00000,0.00000,1.00,1.00
42189,Blink,12185,0.00,0.00,0.16285,-0.00205,0.00780,-0.98662,0.05408,-0.01286,-0.00070,-0.99845,-0.21585,0.01526,-0.00908,0.97627,0.05403,0.01434,0.00078,-0.99844,-0.21602,-0.01181,-0.00611,0.97630,0.00000,0.00000,1.00,1.00
42201,Blink,12197,0.00,0.00,0.16284,-0.00191,0.00798,-0.98662,0.05394,-0.01342,-0.00072,-0.99845,-0.21570,0.01569,-0.00934,0.97629,0.05390,0.01377,0.00074,-0.99845,-0.21588,-0.01138,-0.00636,0.97633,0.00000,0.00000,1.00,1.00
42211,Blink,12207,0.00,0.00,0.16282,-0.00177,0.00812,-0.98662,0.05397,-0.01351,-0.00073,-0.99845,-0.21570,0.01566,-0.00949,0.97629,0.05392,0.01368,0.00074,-0.99845,-0.21588,-0.01141,-0.00651,0.97633,0.00000,0.00000,1.00,1.00
42222,Blink,12218,0.00,0.00,0.16297,-0.00164,0.00802,-0.98660,0.05381,-0.01367,-0.00074,-0.99846,-0.21570,0.01567,-0.00942,0.97629,0.05377,0.01353,0.00073,-0.99846,-0.21588,-0.01139,-0.00643,0.97633,0.00000,0.00000,1.00,1.00
42234,Blink,12230,0.00,0.00,0.16316,-0.00159,0.00807,-0.98657,0.05444,-0.01376,-0.00075,-0.99842,-0.21650,0.01573,-0.00948,0.97611,0.05442,0.01344,0.00073,-0.99843,-0.21670,-0.01135,-0.00651,0.97615,0.00000,0.00000,1.00,1.00
42245,Blink,12240,0.00,0.00,0.16313,-0.00157,0.00814,-0.98657,0.05447,-0.01376,-0.00075,-0.99842,-0.21650,0.01571,-0.00955,0.97611,0.05445,0.01343,0.00073,-0.99843,-0.21670,-0.01136,-0.00657,0.97615,0.00000,0.00000,1.00,1.00
42256,Blink,12252,0.00,0.00,0.16303,-0.00161,0.00833,-0.98659,0.05458,-0.01367,-0.00075,-0.99842,-0.21650,0.01567,-0.00972,0.97611,0.05455,0.01353,0.00074,-0.99842,-0.21670,-0.01140,-0.00675,0.97615,0.00000,0.00000,1.00,1.00
42268,Blink,12264,0.00,0.00,0.16283,-0.00167,0.00846,-0.98662,0.05825,-0.01174,-0.00069,-0.99823,-0.21992,0.01385,-0.00959,0.97537,0.05821,0.01547,0.00090,-0.99818,-0.22010,-0.01326,-0.00672,0.97536,0.00000,0.00000,1.00,1.00
42278,Blink,12273,0.00,0.00,0.16278,-0.00172,0.00843,-0.98662,0.05830,-0.01170,-0.00068,-0.99823,-0.21992,0.01386,-0.00955,0.97537,0.05826,0.01552,0.00091,-0.99818,-0.22010,-0.01325,-0.00668,0.97536,0.00000,0.00000,1.00,1.00
42289,Blink,12285,0.00,0.00,0.16276,-0.00183,0.00819,-0.98663,0.05831,-0.01166,-0.00068,-0.99823,-0.21991,0.01392,-0.00929,0.97538,0.05829,0.01555,0.00091,-0.99818,-0.22011,-0.01319,-0.00643,0.97537,0.00000,0.00000,1.00,1.00
42301,Blink,12297,0.00,0.00,0.16287,-0.00199,0.00787,-0.98661,0.05700,-0.01133,-0.00065,-0.99831,-0.21874,0.01372,-0.00895,0.97565,0.05700,0.01588,0.00091,-0.99825,-0.21895,-0.01337,-0.00605,0.97563,0.00000,0.00000,1.00,1.00
42311,Blink,12307,0.00,0.00,0.16303,-0.00229,0.00750,-0.98659,0.05683,-0.01114,-0.00063,-0.99832,-0.21873,0.01381,-0.00855,0.97565,0.05685,0.01606,0.00091,-0.99825,-0.21896,-0.01328,-0.00564,0.97563,0.00000,0.00000,1.00,1.00
42322,Blink,12318,0.00,0.00,0.16311,-0.00256,0.00730,-0.98658,0.05674,-0.01095,-0.00062,-0.99833,-0.21873,0.01387,-0.00831,0.97565,0.05677,0.01626,0.00092,-0.99825,-0.21896,-0.01323,-0.00540,0.97563,0.00000,0.00000,1.00,1.00
42335,Blink,12330,0.00,0.00,0.16316,-0.00289,0.00732,-0.98657,0.05670,-0.01079,-0.00061,-0.99833,-0.21874,0.01405,-0.00830,0.97565,0.05672,0.01641,0.00093,-0.99825,-0.21895,-0.01305,-0.00539,0.97563,0.00000,0.00000,1.00,1.00
42345,Blink,12341,0.00,0.00,0.16311,-0.00312,0.00726,-0.98658,0.05674,-0.01059,-0.00060,-0.99833,-0.21874,0.01407,-0.00821,0.97565,0.05677,0.01662,0.00095,-0.99825,-0.21895,-0.01303,-0.00529,0.97563,0.00000,0.00000,1.00,1.00
42356,Blink,12352,0.00,0.00,0.16300,-0.00344,0.00724,-0.98659,0.05685,-0.01028,-0.00059,-0.99833,-0.21874,0.01409,-0.00813,0.97565,0.05688,0.01693,0.00096,-0.99824,-0.21896,-0.01301,-0.00522,0.97563,0.00000,0.00000,1.00,1.00
42368,Blink,12364,0.00,0.00,0.16287,-0.00365,0.00707,-0.98661,0.05708,-0.01102,-0.00063,-0.99831,-0.21884,0.01503,-0.00803,0.97561,0.05710,0.01619,0.00093,-0.99824,-0.21904,-0.01207,-0.00513,0.97563,0.00000,0.00000,1.00,1.00
42378,Blink,12374,0.00,0.00,0.16271,-0.00388,0.00689,-0.98664,0.05724,-0.01085,-0.00062,-0.99830,-0.21884,0.01508,-0.00781,0.97561,0.05727,0.01636,0.00094,-0.99822,-0.21905,-0.01202,-0.00492,0.97563,0.00000,0.00000,1.00,1.00
42390,Blink,12385,0.00,0.00,0.16252,-0.00414,0.00661,-0.98667,0.05742,-0.01068,-0.00061,-0.99829,-0.21883,0.01515,-0.00749,0.97562,0.05747,0.01653,0.00095,-0.99821,-0.21905,-0.01195,-0.00461,0.97563,0.00000,0.00000,1.00,1.00
42401,Blink,12397,0.00,0.00,0.16228,-0.00432,0.00638,-0.98671,0.05754,-0.01116,-0.00064,-0.99828,-0.21870,0.01580,-0.00730,0.97564,0.05758,0.01605,0.00093,-0.99821,-0.21891,-0.01131,-0.00443,0.97567,0.00000,0.00000,1.00,1.00
42412,Blink,12407,0.00,0.00,0.16214,-0.00450,0.00611,-0.98674,0.05767,-0.01107,-0.00064,-0.99827,-0.21870,0.01587,-0.00700,0.97564,0.05772,0.01615,0.00093,-0.99820,-0.21891,-0.01124,-0.00414,0.97567,0.00000,0.00000,1.00,1.00
42423,Blink,12419,0.00,0.00,0.16192,-0.00461,0.00595,-0.98678,0.05789,-0.01100,-0.00064,-0.99826,-0.21869,0.01590,-0.00683,0.97564,0.05795,0.01621,0.00094,-0.99819,-0.21891,-0.01120,-0.00398,0.97567,0.00000,0.00000,1.00,1.00
42435,Blink,12431,0.00,0.00,0.16177,-0.00473,0.00587,-0.98680,0.05899,-0.01008,-0.00060,-0.99821,-0.21963,0.01512,-0.00662,0.97544,0.05901,0.01714,0.00101,-0.99811,-0.21980,-0.01200,-0.00380,0.97546,0.00000,0.00000,1.00,1.00
42445,Blink,12441,0.00,0.00,0.16160,-0.00489,0.00583,-0.98683,0.05915,-0.00994,-0.00059,-0.99820,-0.21963,0.01513,-0.00655,0.97545,0.05918,0.01727,0.00102,-0.99810,-0.21980,-0.01199,-0.00375,0.97546,0.00000,0.00000,1.00,1.00
42456,Blink,12452,0.00,0.00,0.16148,-0.00503,0.00595,-0.98685,0.05928,-0.00977,-0.00058,-0.99819,-0.21963,0.01511,-0.00665,0.97544,0.05930,0.01745,0.00104,-0.99809,-0.21980,-0.01201,-0.00385,0.97546,0.00000,0.00000,1.00,1.00
42468,Blink,12464,0.00,0.00,0.16137,-0.00514,0.00602,-0.98686,0.05906,-0.00974,-0.00058,-0.99821,-0.21931,0.01519,-0.00671,0.97551,0.05905,0.01748,0.00103,-0.99810,-0.21945,-0.01193,-0.00391,0.97554,0.00000,0.00000,1.00,1.00
42478,Blink,12473,0.00,0.00,0.16139,-0.00524,0.00603,-0.98686,0.05904,-0.00965,-0.00057,-0.99821,-0.21931,0.01520,-0.00670,0.97551,0.05903,0.01757,0.00104,-0.99810,-0.21945,-0.01192,-0.00390,0.97554,0.00000,0.00000,1.00,1.00
42489,Blink,12485,0.00,0.00,0.16133,-0.00535,0.00599,-0.98687,0.05910,-0.00955,-0.00057,-0.99821,-0.21931,0.01521,-0.00665,0.97551,0.05909,0.01767,0.00105,-0.99810,-0.21945,-0.01191,-0.00385,0.97554,0.00000,0.00000,1.00,1.00
42501,Blink,12497,0.00,0.00,0.16115,-0.00548,0.00597,-0.98690,0.05930,-0.00980,-0.00058,-0.99819,-0.21932,0.01560,-0.00664,0.97551,0.05928,0.01741,0.00103,-0.99809,-0.21945,-0.01153,-0.00384,0.97555,0.00000,0.00000,1.00,1.00
42512,Blink,12508,0.00,0.00,0.16099,-0.00562,0.00598,-0.98692,0.05945,-0.00967,-0.00058,-0.99818,-0.21932,0.01560,-0.00663,0.97551,0.05944,0.01755,0.00105,-0.99808,-0.21945,-0.01153,-0.00384,0.97555,0.00000,0.00000,1.00,1.00
42523,Blink,12519,0.00,0.00,0.16092,-0.00576,0.00603,-0.98693,0.05953,-0.00952,-0.00057,-0.99818,-0.21932,0.01560,-0.00664,0.97551,0.05951,0.01770,0.00106,-0.99807,-0.21945,-0.01153,-0.00386,0.97555,0.00000,0.00000,1.00,1.00
42535,Blink,12531,0.00,0.00,0.16088,-0.00588,0.00593,-0.98694,0.06098,-0.00979,-0.00060,-0.99809,-0.22070,0.01598,-0.00654,0.97519,0.06097,0.01744,0.00107,-0.99799,-0.22084,-0.01116,-0.00380,0.97524,0.00000,0.00000,1.00,1.00
42546,Blink,12541,0.00,0.00,0.16093,-0.00608,0.00570,-0.98693,0.06094,-0.00965,-0.00059,-0.99809,-0.22070,0.01604,-0.00629,0.97519,0.06093,0.01757,0.00107,-0.99799,-0.22084,-0.01110,-0.00355,0.97524,0.00000,0.00000,1.00,1.00
42557,Blink,12552,0.00,0.00,0.16108,-0.00637,0.00562,-0.98691,0.06078,-0.00939,-0.00057,-0.99811,-0.22070,0.01606,-0.00617,0.97519,0.06078,0.01783,0.00109,-0.99799,-0.22084,-0.01107,-0.00342,0.97524,0.00000,0.00000,1.00,1.00
42569,Blink,12564,0.00,0.00,0.16123,-0.00669,0.00543,-0.98688,0.06037,-0.00888,-0.00054,-0.99814,-0.22046,0.01585,-0.00592,0.97525,0.06037,0.01835,0.00111,-0.99801,-0.22060,-0.01128,-0.00315,0.97529,0.00000,0.00000,1.00,1.00
42579,Blink,12574,0.00,0.00,0.16155,-0.00693,0.00523,-0.98683,0.06005,-0.00870,-0.00052,-0.99816,-0.22046,0.01590,-0.00569,0.97525,0.06006,0.01852,0.00111,-0.99802,-0.22060,-0.01123,-0.00291,0.97529,0.00000,0.00000,1.00,1.00
42590,Blink,12586,0.00,0.00,0.16181,-0.00713,0.00503,-0.98678,0.05977,-0.00857,-0.00051,-0.99818,-0.22046,0.01595,-0.00548,0.97525,0.05980,0.01865,0.00112,-0.99804,-0.22061,-0.01117,-0.00268,0.97530,0.00000,0.00000,1.00,1.00
42602,Blink,12598,0.00,0.00,0.16217,-0.00727,0.00491,-0.98672,0.05814,-0.00848,-0.00049,-0.99827,-0.21922,0.01600,-0.00537,0.97553,0.05815,0.01873,0.00109,-0.99813,-0.21935,-0.01111,-0.00252,0.97558,0.00000,0.00000,1.00,1.00
42612,Blink,12608,0.00,0.00,0.16245,-0.00734,0.00481,-0.98668,0.05786,-0.00844,-0.00049,-0.99829,-0.21921,0.01602,-0.00527,0.97553,0.05787,0.01877,0.00109,-0.99815,-0.21935,-0.01109,-0.00240,0.97558,0.00000,0.00000,1.00,1.00
42623,Blink,12619,0.00,0.00,0.16292,-0.00740,0.00484,-0.98660,0.05738,-0.00838,-0.00048,-0.99832,-0.21921,0.01601,-0.00530,0.97553,0.05739,0.01883,0.00108,-0.99817,-0.21935,-0.01109,-0.00241,0.97558,0.00000,0.00000,1.00,1.00
42635,Blink,12631,0.00,0.00,0.16329,-0.00742,0.00495,-0.98654,0.05765,-0.00846,-0.00049,-0.99830,-0.21985,0.01613,-0.00542,0.97539,0.05763,0.01875,0.00108,-0.99816,-0.21995,-0.01098,-0.00252,0.97545,0.00000,0.00000,1.00,1.00
42645,Blink,12641,0.00,0.00,0.16352,-0.00742,0.00501,-0.98650,0.05742,-0.00845,-0.00049,-0.99831,-0.21985,0.01611,-0.00547,0.97539,0.05740,0.01876,0.00108,-0.99817,-0.21995,-0.01098,-0.00257,0.97545,0.00000,0.00000,1.00,1.00
42657,Blink,12652,0.00,0.00,0.16343,-0.00747,0.00510,-0.98651,0.05752,-0.00838,-0.00048,-0.99831,-0.21985,0.01610,-0.00555,0.97538,0.05749,0.01883,0.00108,-0.99817,-0.21995,-0.01100,-0.00265,0.97545,0.00000,0.00000,1.00,1.00
42668,Blink,12664,0.00,0.00,0.16327,-0.00745,0.00496,-0.98654,0.05818,-0.00871,-0.00051,-0.99827,-0.22033,0.01640,-0.00544,0.97527,0.05814,0.01850,0.00108,-0.99814,-0.22042,-0.01071,-0.00256,0.97534,0.00000,0.00000,1.00,1.00
42679,Blink,12675,0.00,0.00,0.16332,-0.00743,0.00486,-0.98653,0.05812,-0.00876,-0.00051,-0.99827,-0.22033,0.01642,-0.00534,0.97527,0.05809,0.01846,0.00107,-0.99814,-0.22043,-0.01068,-0.00246,0.97534,0.00000,0.00000,1.00,1.00
42690,Blink,12686,0.00,0.00,0.16324,-0.00731,0.00460,-0.98655,0.05820,-0.00894,-0.00052,-0.99826,-0.22033,0.01647,-0.00511,0.97527,0.05819,0.01827,0.00106,-0.99814,-0.22043,-0.01063,-0.00224,0.97534,0.00000,0.00000,1.00,1.00
42702,Blink,12698,0.00,0.00,0.16298,-0.00724,0.00443,-0.98659,0.05707,-0.00914,-0.00052,-0.99833,-0.21898,0.01658,-0.00499,0.97558,0.05706,0.01807,0.00103,-0.99821,-0.21908,-0.01052,-0.00209,0.97565,0.00000,0.00000,1.00,1.00
42712,Blink,12708,0.00,0.00,0.16269,-0.00712,0.00441,-0.98664,0.05737,-0.00925,-0.00053,-0.99831,-0.21898,0.01658,-0.00497,0.97558,0.05736,0.01795,0.00103,-0.99819,-0.21908,-0.01052,-0.00209,0.97565,0.00000,0.00000,1.00,1.00
42723,Blink,12719,0.00,0.00,0.16232,-0.00705,0.00451,-0.98670,0.05775,-0.00930,-0.00054,-0.99829,-0.21898,0.01656,-0.00508,0.97558,0.05773,0.01791,0.00104,-0.99817,-0.21908,-0.01055,-0.00221,0.97565,0.00000,0.00000,1.00,1.00
42736,Blink,12731,0.00,0.00,0.16176,-0.00693,0.00462,-0.98679,0.05799,-0.00958,-0.00056,-0.99827,-0.21865,0.01674,-0.00521,0.97565,0.05795,0.01763,0.00102,-0.99816,-0.21874,-0.01037,-0.00237,0.97573,0.00000,0.00000,1.00,1.00
42746,Blink,12742,0.00,0.00,0.16114,-0.00685,0.00472,-0.98690,0.05861,-0.00963,-0.00057,-0.99823,-0.21866,0.01672,-0.00530,0.97564,0.05857,0.01758,0.00103,-0.99813,-0.21874,-0.01040,-0.00249,0.97573,0.00000,0.00000,1.00,1.00
42756,Blink,12752,0.00,0.00,0.16062,-0.00676,0.00476,-0.98698,0.05915,-0.00971,-0.00058,-0.99820,-0.21866,0.01671,-0.00534,0.97564,0.05911,0.01751,0.00104,-0.99810,-0.21874,-0.01041,-0.00256,0.97573,0.00000,0.00000,1.00,1.00
42768,Blink,12764,0.00,0.00,0.16013,-0.00665,0.00466,-0.98706,0.05901,-0.00965,-0.00057,-0.99821,-0.21805,0.01653,-0.00524,0.97578,0.05897,0.01757,0.00104,-0.99810,-0.21813,-0.01060,-0.00247,0.97586,0.00000,0.00000,1.00,1.00
42779,Blink,12775,0.00,0.00,0.15978,-0.00657,0.00469,-0.98712,0.05937,-0.00972,-0.00058,-0.99819,-0.21805,0.01652,-0.00528,0.97578,0.05932,0.01750,0.00104,-0.99808,-0.21813,-0.01061,-0.00253,0.97586,0.00000,0.00000,1.00,1.00
42791,Blink,12787,0.00,0.00,0.15959,-0.00649,0.00477,-0.98715,0.05956,-0.00977,-0.00058,-0.99818,-0.21805,0.01650,-0.00536,0.97578,0.05952,0.01745,0.00104,-0.99807,-0.21813,-0.01063,-0.00262,0.97586,0.00000,0.00000,1.00,1.00
42802,Blink,12798,0.00,0.00,0.15938,-0.00641,0.00512,-0.98718,0.05901,-0.00875,-0.00052,-0.99822,-0.21730,0.01542,-0.00562,0.97597,0.05894,0.01846,0.00109,-0.99809,-0.21736,-0.01170,-0.00287,0.97602,0.00000,0.00000,1.00,1.00
42812,Blink,12808,0.00,0.00,0.15899,-0.00629,0.00532,-0.98725,0.05940,-0.00881,-0.00052,-0.99820,-0.21730,0.01538,-0.00582,0.97597,0.05933,0.01841,0.00109,-0.99807,-0.21736,-0.01175,-0.00309,0.97602,0.00000,0.00000,1.00,1.00
42824,Blink,12819,0.00,0.00,0.15879,-0.00605,0.00567,-0.98728,0.05962,-0.00894,-0.00053,-0.99818,-0.21731,0.01529,-0.00619,0.97596,0.05952,0.01828,0.00109,-0.99806,-0.21735,-0.01184,-0.00347,0.97601,0.00000,0.00000,1.00,1.00
42836,Blink,12832,0.00,0.00,0.15859,-0.00597,0.00591,-0.98731,0.06089,-0.00877,-0.00053,-0.99811,-0.21835,0.01506,-0.00640,0.97573,0.06079,0.01846,0.00112,-0.99798,-0.21840,-0.01209,-0.00372,0.97578,0.00000,0.00000,1.00,1.00
42846,Blink,12841,0.00,0.00,0.15846,-0.00585,0.00622,-0.98733,0.06102,-0.00879,-0.00054,-0.99810,-0.21835,0.01499,-0.00672,0.97573,0.06091,0.01843,0.00113,-0.99797,-0.21840,-0.01216,-0.00404,0.97578,0.00000,0.00000,1.00,1.00
42857,Blink,12853,0.00,0.00,0.15820,-0.00571,0.00656,-0.98737,0.06130,-0.00883,-0.00054,-0.99808,-0.21836,0.01491,-0.00706,0.97573,0.06116,0.01839,0.00113,-0.99796,-0.21839,-0.01224,-0.00440,0.97577,0.00000,0.00000,1.00,1.00
42869,Blink,12865,0.00,0.00,0.15810,-0.00563,0.00673,-0.98738,0.06195,-0.00903,-0.00056,-0.99804,-0.21890,0.01505,-0.00725,0.97561,0.06185,0.01820,0.00113,-0.99792,-0.21897,-0.01211,-0.00461,0.97565,0.00000,0.00000,1.00,1.00
42879,Blink,12874,0.00,0.00,0.15791,-0.00549,0.00683,-0.98741,0.06214,-0.00915,-0.00057,-0.99803,-0.21890,0.01502,-0.00736,0.97560,0.06203,0.01809,0.00112,-0.99791,-0.21896,-0.01214,-0.00473,0.97565,0.00000,0.00000,1.00,1.00
42890,Blink,12886,0.00,0.00,0.15775,-0.00544,0.00676,-0.98744,0.06230,-0.00921,-0.00057,-0.99801,-0.21890,0.01504,-0.00730,0.97561,0.06219,0.01803,0.00112,-0.99790,-0.21896,-0.01212,-0.00468,0.97565,0.00000,0.00000,1.00,1.00
42902,Blink,12898,0.00,0.00,0.15746,-0.00545,0.00689,-0.98749,0.06194,-0.00901,-0.00056,-0.99804,-0.21825,0.01485,-0.00741,0.97575,0.06186,0.01822,0.00113,-0.99792,-0.21836,-0.01230,-0.00479,0.97578,0.00000,0.00000,1.00,1.00
42912,Blink,12908,0.00,0.00,0.15717,-0.00543,0.00694,-0.98753,0.06224,-0.00901,-0.00056,-0.99802,-0.21825,0.01484,-0.00745,0.97575,0.06216,0.01822,0.00114,-0.99790,-0.21836,-0.01232,-0.00485,0.97578,0.00953,0.03536,1.00,1.00
42923,Blink,12919,0.00,0.00,0.15719,-0.00543,0.00707,-0.98753,0.06222,-0.00898,-0.00056,-0.99802,-0.21826,0.01482,-0.00758,0.97575,0.06213,0.01825,0.00114,-0.99790,-0.21835,-0.01235,-0.00497,0.97578,0.00953,0.03536,1.00,1.00
42936,Blink,12931,0.00,0.00,0.15714,-0.00524,0.00711,-0.98754,0.06177,-0.00131,-0.00008,-0.99809,-0.21783,0.00698,-0.00689,0.97594,0.06164,0.02591,0.00160,-0.99776,-0.21785,-0.02017,-0.00428,0.97576,0.00953,0.03536,1.00,1.00
42946,Blink,12942,0.00,0.00,0.15735,-0.00503,0.00721,-0.98750,0.06157,-0.00149,-0.00009,-0.99810,-0.21783,0.00695,-0.00703,0.97594,0.06143,0.02573,0.00158,-0.99778,-0.21785,-0.02020,-0.00440,0.97576,0.94770,0.87758,1.00,1.00
42957,Blink,12953,0.00,0.00,0.15762,-0.00471,0.00725,-0.98746,0.06129,-0.00179,-0.00011,-0.99812,-0.21783,0.00693,-0.00712,0.97594,0.06115,0.02543,0.00156,-0.99780,-0.21785,-0.02022,-0.00448,0.97576,0.94770,0.87758,1.00,1.00
42969,Blink,12965,0.00,0.00,0.15810,-0.00446,0.00742,-0.98739,-0.08057,-0.00202,0.00016,-0.99675,-0.07802,0.00582,-0.00823,0.99690,-0.08046,0.02531,-0.00204,-0.99643,-0.07826,-0.02082,-0.00173,0.99671,0.94770,0.87758,1.00,1.00
42979,Blink,12975,0.00,0.00,0.15839,-0.00416,0.00747,-0.98734,-0.08086,-0.00233,0.00019,-0.99672,-0.07802,0.00581,-0.00833,0.99690,-0.08077,0.02501,-0.00203,-0.99642,-0.07826,-0.02083,-0.00181,0.99671,0.89828,0.83934,1.00,1.00
42991,Blink,12986,0.00,0.00,0.15852,-0.00386,0.00762,-0.98732,-0.08098,-0.00263,0.00021,-0.99671,-0.07802,0.00579,-0.00854,0.99690,-0.08090,0.02471,-0.00201,-0.99641,-0.07826,-0.02085,-0.00201,0.99671,0.89828,0.83934,1.00,1.00
43003,Blink,12998,0.00,0.00,0.15851,-0.00361,0.00791,-0.98732,-0.08059,-0.00794,0.00064,-0.99672,-0.07836,0.01070,-0.01007,0.99682,-0.08056,0.01940,-0.00157,-0.99656,-0.07857,-0.01594,-0.00355,0.99678,0.89828,0.83934,1.00,1.00
43012,Blink,13008,0.00,0.00,0.15850,-0.00330,0.00823,-0.98732,-0.08058,-0.00826,0.00067,-0.99671,-0.07836,0.01067,-0.01044,0.99681,-0.08057,0.01908,-0.00154,-0.99656,-0.07856,-0.01597,-0.00392,0.99677,0.98347,0.98234,1.00,1.00
43024,Blink,13020,0.00,0.00,0.15856,-0.00312,0.00859,-0.98731,-0.08062,-0.00844,0.00068,-0.99671,-0.07837,0.01064,-0.01083,0.99681,-0.08064,0.01890,-0.00153,-0.99656,-0.07856,-0.01600,-0.00431,0.99677,0.98347,0.98234,1.00,1.00
43036,Blink,13031,0.00,0.00,0.15873,-0.00289,0.00880,-0.98728,-0.07553,-0.02741,0.00208,-0.99676,-0.08341,0.02895,-0.01539,0.99598,-0.07573,-0.00011,0.00001,-0.99713,-0.08350,0.00233,-0.00902,0.99646,0.98347,0.98234,1.00,1.00
43046,Blink,13042,0.00,0.00,0.15874,-0.00271,0.00913,-0.98727,-0.07552,-0.02759,0.00209,-0.99676,-0.08342,0.02892,-0.01575,0.99597,-0.07574,-0.00029,0.00002,-0.99713,-0.08350,0.00230,-0.00938,0.99646,0.99962,0.99960,1.00,1.00
43058,Blink,13054,0.00,0.00,0.15875,-0.00262,0.00927,-0.98727,-0.07552,-0.02768,0.00210,-0.99676,-0.08342,0.02891,-0.01590,0.99597,-0.07575,-0.00038,0.00003,-0.99713,-0.08350,0.00228,-0.00953,0.99646,0.99962,0.99960,1.00,1.00
43070,Blink,13065,0.00,0.00,0.15879,-0.00264,0.00939,-0.98726,-0.07008,-0.05325,0.00375,-0.99611,-0.08850,0.05395,-0.02169,0.99438,-0.07051,-0.02607,0.00184,-0.99717,-0.08849,0.02742,-0.01551,0.99558,0.99962,0.99960,1.00,1.00
43080,Blink,13075,0.00,0.00,0.15884,-0.00271,0.00938,-0.98726,-0.07013,-0.05317,0.00374,-0.99611,-0.08850,0.05395,-0.02168,0.99438,-0.07056,-0.02600,0.00184,-0.99717,-0.08849,0.02742,-0.01549,0.99558,0.99999,0.99999,1.00,1.00
43091,Blink,13087,0.00,0.00,0.15884,-0.00288,0.00934,-0.98726,-0.07015,-0.05301,0.00373,-0.99612,-0.08849,0.05395,-0.02161,0.99438,-0.07057,-0.02584,0.00183,-0.99717,-0.08849,0.02743,-0.01542,0.99558,0.99999,0.99999,1.00,1.00
43103,Blink,13099,0.00,0.00,0.15884,-0.00299,0.00930,-0.98726,-0.05510,-0.06886,0.00381,-0.99610,-0.10320,0.06984,-0.02413,0.99191,-0.05552,-0.04187,0.00233,-0.99758,-0.10326,0.04343,-0.01839,0.99354,0.99999,0.99999,1.00,1.00
43113,Blink,13109,0.00,0.00,0.15880,-0.00319,0.00914,-0.98726,-0.05508,-0.06866,0.00380,-0.99611,-0.10319,0.06986,-0.02393,0.99192,-0.05550,-0.04167,0.00232,-0.99759,-0.10325,0.04345,-0.01820,0.99354,0.89100,0.93002,1.00,1.00
43124,Blink,13120,0.00,0.00,0.15870,-0.00355,0.00911,-0.98728,-0.05500,-0.06831,0.00377,-0.99614,-0.10318,0.06988,-0.02383,0.99192,-0.05541,-0.04132,0.00229,-0.99761,-0.10325,0.04346,-0.01811,0.99354,0.89100,0.93002,1.00,1.00
43136,Blink,13132,0.00,0.00,0.15866,-0.00386,0.00915,-0.98728,0.05913,-0.06805,-0.00404,-0.99592,-0.21575,0.07221,-0.01569,0.97365,0.05958,-0.04104,-0.00245,-0.99738,-0.21668,0.04530,-0.01299,0.97510,0.89100,0.93002,1.00,1.00
43147,Blink,13143,0.00,0.00,0.15852,-0.00407,0.00919,-0.98730,0.05927,-0.06783,-0.00404,-0.99593,-0.21575,0.07221,-0.01568,0.97365,0.05972,-0.04082,-0.00244,-0.99738,-0.21668,0.04530,-0.01298,0.97510,0.24883,0.29208,1.00,1.00
43158,Blink,13154,0.00,0.00,0.15844,-0.00428,0.00921,-0.98732,0.05934,-0.06763,-0.00403,-0.99594,-0.21575,0.07222,-0.01565,0.97365,0.05979,-0.04062,-0.00243,-0.99738,-0.21668,0.04530,-0.01296,0.97511,0.24883,0.29208,1.00,1.00
43170,Blink,13165,0.00,0.00,0.15843,-0.00444,0.00920,-0.98732,0.06168,-0.00929,-0.00057,-0.99805,-0.21893,0.01426,-0.00981,0.97559,0.06166,0.01794,0.00111,-0.99794,-0.21915,-0.01290,-0.00716,0.97558,0.24883,0.29208,1.00,1.00
43180,Blink,13176,0.00,0.00,0.15844,-0.00458,0.00920,-0.98732,0.06167,-0.00915,-0.00057,-0.99805,-0.21893,0.01426,-0.00979,0.97559,0.06165,0.01808,0.00112,-0.99793,-0.21915,-0.01289,-0.00714,0.97558,0.02147,0.03403,1.00,1.00
43192,Blink,13187,0.00,0.00,0.15853,-0.00463,0.00920,-0.98730,0.06158,-0.00910,-0.00056,-0.99806,-0.21893,0.01426,-0.00979,0.97559,0.06156,0.01813,0.00112,-0.99794,-0.21915,-0.01289,-0.00713,0.97558,0.02147,0.03403,1.00,1.00
43203,Blink,13199,0.00,0.00,0.15874,-0.00460,0.00901,-0.98727,0.06236,-0.00072,-0.00005,-0.99805,-0.21999,0.00587,-0.00878,0.97544,0.06227,0.02650,0.00165,-0.99771,-0.22010,-0.02128,-0.00613,0.97523,0.02147,0.03403,1.00,1.00
43213,Blink,13209,0.00,0.00,0.15892,-0.00466,0.00884,-0.98724,0.06218,-0.00071,-0.00004,-0.99806,-0.21999,0.00591,-0.00860,0.97545,0.06210,0.02651,0.00165,-0.99772,-0.22010,-0.02124,-0.00594,0.97523,0.00060,0.00094,1.00,1.00
43225,Blink,13221,0.00,0.00,0.15908,-0.00452,0.00855,-0.98722,0.06202,-0.00093,-0.00006,-0.99807,-0.21999,0.00597,-0.00834,0.97545,0.06195,0.02629,0.00163,-0.99773,-0.22011,-0.02118,-0.00568,0.97523,0.00060,0.00094,1.00,1.00
43237,Blink,13232,0.00,0.00,0.15932,-0.00455,0.00837,-0.98718,0.06190,-0.00118,-0.00007,-0.99808,-0.22011,0.00623,-0.00819,0.97542,0.06183,0.02604,0.00161,-0.99775,-0.22023,-0.02091,-0.00551,0.97521,0.00060,0.00094,1.00,1.00
43247,Blink,13242,0.00,0.00,0.15967,-0.00453,0.00827,-0.98713,0.06155,-0.00122,-0.00008,-0.99810,-0.22011,0.00625,-0.00809,0.97542,0.06149,0.02600,0.00160,-0.99777,-0.22023,-0.02089,-0.00540,0.97521,0.00002,0.00003,1.00,1.00
43258,Blink,13254,0.00,0.00,0.15996,-0.00462,0.00827,-0.98708,0.06126,-0.00115,-0.00007,-0.99812,-0.22011,0.00625,-0.00808,0.97542,0.06120,0.02607,0.00160,-0.99778,-0.22023,-0.02088,-0.00538,0.97521,0.00002,0.00003,1.00,1.00
43270,Blink,13266,0.00,0.00,0.16008,-0.00483,0.00842,-0.98706,0.06158,0.00252,0.00016,-0.99810,-0.22059,0.00283,-0.00786,0.97533,0.06146,0.02973,0.00183,-0.99766,-0.22064,-0.02430,-0.00515,0.97504,0.00002,0.00003,1.00,1.00
43280,Blink,13276,0.00,0.00,0.16002,-0.00500,0.00848,-0.98707,0.06165,0.00270,0.00017,-0.99809,-0.22059,0.00282,-0.00789,0.97533,0.06153,0.02991,0.00184,-0.99766,-0.22064,-0.02431,-0.00519,0.97504,0.00000,0.00000,1.00,1.00
43292,Blink,13288,0.00,0.00,0.15994,-0.00518,0.00836,-0.98708,0.06173,0.00284,0.00018,-0.99809,-0.22059,0.00286,-0.00774,0.97533,0.06161,0.03005,0.00186,-0.99765,-0.22064,-0.02428,-0.00505,0.97504,0.00000,0.00000,1.00,1.00
43304,Blink,13299,0.00,0.00,0.15990,-0.00539,0.00814,-0.98709,0.06175,0.00285,0.00018,-0.99809,-0.22057,0.00304,-0.00751,0.97534,0.06164,0.03007,0.00186,-0.99764,-0.22062,-0.02409,-0.00482,0.97505,0.00000,0.00000,1.00,1.00
43314,Blink,13309,0.00,0.00,0.15978,-0.00561,0.00796,-0.98711,0.06188,0.00301,0.00019,-0.99808,-0.22057,0.00309,-0.00730,0.97534,0.06178,0.03022,0.00187,-0.99763,-0.22063,-0.02405,-0.00461,0.97505,0.00000,0.00000,1.00,1.00
43325,Blink,13321,0.00,0.00,0.15954,-0.00590,0.00793,-0.98714,0.06211,0.00329,0.00020,-0.99806,-0.22057,0.00311,-0.00722,0.97534,0.06201,0.03051,0.00190,-0.99761,-0.22063,-0.02403,-0.00455,0.97505,0.00000,0.00000,1.00,1.00
43337,Blink,13333,0.00,0.00,0.15922,-0.00614,0.00788,-0.98719,0.06288,0.00090,0.00006,-0.99802,-0.22099,0.00573,-0.00739,0.97523,0.06279,0.02813,0.00177,-0.99763,-0.22107,-0.02142,-0.00474,0.97501,0.00000,0.00000,1.00,1.00
43347,Blink,13343,0.00,0.00,0.15884,-0.00639,0.00779,-0.98725,0.06327,0.00111,0.00007,-0.99800,-0.22099,0.00576,-0.00726,0.97523,0.06319,0.02834,0.00180,-0.99760,-0.22107,-0.02140,-0.00464,0.97501,0.00000,0.00000,1.00,1.00
43358,Blink,13354,0.00,0.00,0.15848,-0.00660,0.00775,-0.98731,0.06363,0.00131,0.00008,-0.99797,-0.22099,0.00577,-0.00719,0.97523,0.06355,0.02854,0.00182,-0.99757,-0.22107,-0.02139,-0.00459,0.97501,0.00000,0.00000,1.00,1.00
43370,Blink,13366,0.00,0.00,0.15814,-0.00678,0.00775,-0.98736,0.06321,-0.01762,-0.00112,-0.99784,-0.22007,0.02483,-0.00899,0.97513,0.06327,0.00962,0.00061,-0.99795,-0.22037,-0.00233,-0.00639,0.97539,0.00000,0.00000,1.00,1.00
43381,Blink,13377,0.00,0.00,0.15793,-0.00699,0.00774,-0.98739,0.06342,-0.01742,-0.00111,-0.99783,-0.22007,0.02484,-0.00894,0.97513,0.06348,0.00982,0.00062,-0.99793,-0.22037,-0.00232,-0.00635,0.97539,0.00000,0.00000,1.00,1.00
43392,Blink,13388,0.00,0.00,0.15798,-0.00716,0.00785,-0.98739,0.06338,-0.01722,-0.00109,-0.99784,-0.22007,0.02483,-0.00902,0.97513,0.06344,0.01002,0.00064,-0.99794,-0.22037,-0.00234,-0.00643,0.97539,0.00000,0.00000,1.00,1.00
43404,Blink,13400,0.00,0.00,0.15811,-0.00736,0.00789,-0.98736,0.06274,-0.01903,-0.00120,-0.99785,-0.21956,0.02682,-0.00924,0.97519,0.06280,0.00820,0.00052,-0.99799,-0.21987,-0.00034,-0.00663,0.97551,0.00000,0.00000,1.00,1.00
43414,Blink,13410,0.00,0.00,0.15818,-0.00759,0.00801,-0.98735,0.06267,-0.01878,-0.00118,-0.99786,-0.21956,0.02680,-0.00933,0.97519,0.06272,0.00845,0.00053,-0.99800,-0.21987,-0.00036,-0.00671,0.97551,0.00000,0.00000,1.00,1.00
43426,Blink,13422,0.00,0.00,0.15820,-0.00772,0.00812,-0.98734,0.06266,-0.01862,-0.00117,-0.99786,-0.21956,0.02678,-0.00941,0.97519,0.06271,0.00861,0.00054,-0.99799,-0.21987,-0.00037,-0.00679,0.97551,0.00000,0.00000,1.00,1.00
43437,Blink,13433,0.00,0.00,0.15817,-0.00788,0.00817,-0.98735,0.06230,-0.01991,-0.00124,-0.99786,-0.21917,0.02823,-0.00958,0.97523,0.06235,0.00732,0.00046,-0.99803,-0.21948,0.00108,-0.00695,0.97559,0.00000,0.00000,1.00,1.00
43447,Blink,13443,0.00,0.00,0.15821,-0.00790,0.00798,-0.98734,0.06225,-0.01995,-0.00124,-0.99786,-0.21917,0.02827,-0.00940,0.97523,0.06231,0.00728,0.00045,-0.99803,-0.21948,0.00112,-0.00677,0.97559,0.00000,0.00000,1.00,1.00
43459,Blink,13455,0.00,0.00,0.15836,-0.00797,0.00780,-0.98732,0.06209,-0.01993,-0.00124,-0.99787,-0.21916,0.02831,-0.00922,0.97523,0.06216,0.00730,0.00045,-0.99804,-0.21948,0.00116,-0.00658,0.97559,0.00000,0.00000,1.00,1.00
43470,Blink,13466,0.00,0.00,0.15834,-0.00800,0.00774,-0.98732,0.06206,-0.01958,-0.00122,-0.99788,-0.21911,0.02799,-0.00913,0.97526,0.06213,0.00765,0.00048,-0.99804,-0.21943,0.00084,-0.00649,0.97561,0.00000,0.00000,1.00,1.00
43481,Blink,13476,0.00,0.00,0.15829,-0.00795,0.00779,-0.98733,0.06210,-0.01961,-0.00122,-0.99788,-0.21911,0.02798,-0.00918,0.97526,0.06217,0.00762,0.00047,-0.99804,-0.21943,0.00082,-0.00655,0.97561,0.00000,0.00000,1.00,1.00
43492,Blink,13488,0.00,0.00,0.15824,-0.00779,0.00802,-0.98734,0.06217,-0.01971,-0.00123,-0.99787,-0.21912,0.02792,-0.00942,0.97525,0.06223,0.00752,0.00047,-0.99803,-0.21943,0.00077,-0.00679,0.97560,0.00000,0.00000,1.00,1.00
43504,Blink,13500,0.00,0.00,0.15822,-0.00756,0.00820,-0.98734,0.06133,-0.02094,-0.00129,-0.99790,-0.21826,0.02892,-0.00976,0.97541,0.06137,0.00629,0.00039,-0.99810,-0.21856,0.00178,-0.00710,0.97580,0.00000,0.00000,1.00,1.00
43514,Blink,13510,0.00,0.00,0.15823,-0.00722,0.00828,-0.98734,0.06133,-0.02124,-0.00131,-0.99789,-0.21826,0.02889,-0.00989,0.97541,0.06136,0.00598,0.00037,-0.99810,-0.21856,0.00175,-0.00724,0.97579,0.00000,0.00000,1.00,1.00
43526,Blink,13521,0.00,0.00,0.15817,-0.00704,0.00831,-0.98735,0.06139,-0.02140,-0.00132,-0.99788,-0.21826,0.02888,-0.00995,0.97541,0.06142,0.00582,0.00036,-0.99809,-0.21856,0.00174,-0.00730,0.97579,0.00000,0.00000,1.00,1.00
43538,Blink,13533,0.00,0.00,0.15800,-0.00693,0.00853,-0.98738,0.06154,-0.02170,-0.00134,-0.99787,-0.21823,0.02908,-0.01019,0.97541,0.06157,0.00553,0.00034,-0.99809,-0.21854,0.00193,-0.00755,0.97580,0.00000,0.00000,1.00,1.00
43547,Blink,13543,0.00,0.00,0.15789,-0.00671,0.00868,-0.98740,0.06166,-0.02187,-0.00135,-0.99786,-0.21823,0.02904,-0.01037,0.97541,0.06168,0.00536,0.00033,-0.99808,-0.21854,0.00189,-0.00773,0.97580,0.00000,0.00000,1.00,1.00
43559,Blink,13555,0.00,0.00,0.15794,-0.00655,0.00892,-0.98739,0.06162,-0.02196,-0.00136,-0.99786,-0.21824,0.02898,-0.01063,0.97541,0.06163,0.00527,0.00033,-0.99808,-0.21854,0.00183,-0.00799,0.97579,0.00000,0.00000,1.00,1.00
43571,Blink,13566,0.00,0.00,0.15801,-0.00637,0.00898,-0.98738,0.06207,-0.02177,-0.00135,-0.99783,-0.21875,0.02862,-0.01067,0.97530,0.06209,0.00546,0.00034,-0.99806,-0.21906,0.00147,-0.00804,0.97568,0.00000,0.00000,1.00,1.00
43581,Blink,13577,0.00,0.00,0.15816,-0.00621,0.00900,-0.98735,0.06192,-0.02192,-0.00136,-0.99784,-0.21875,0.02861,-0.01072,0.97530,0.06194,0.00531,0.00033,-0.99807,-0.21906,0.00146,-0.00808,0.97568,0.00000,0.00000,1.00,1.00
43593,Blink,13589,0.00,0.00,0.15828,-0.00610,0.00878,-0.98734,0.06179,-0.02208,-0.00137,-0.99784,-0.21874,0.02865,-0.01053,0.97530,0.06182,0.00515,0.00032,-0.99807,-0.21906,0.00150,-0.00789,0.97568,0.00000,0.00000,1.00,1.00
43604,Blink,13599,0.00,0.00,0.15840,-0.00604,0.00862,-0.98732,0.06179,-0.02101,-0.00130,-0.99787,-0.21888,0.02751,-0.01027,0.97531,0.06184,0.00622,0.00039,-0.99807,-0.21921,0.00036,-0.00763,0.97565,0.00000,0.00000,1.00,1.00
43615,Blink,13610,0.00,0.00,0.15847,-0.00587,0.00850,-0.98731,0.06172,-0.02121,-0.00131,-0.99787,-0.21888,0.02753,-0.01018,0.97531,0.06178,0.00602,0.00037,-0.99807,-0.21921,0.00038,-0.00753,0.97565,0.00000,0.00000,1.00,1.00
43626,Blink,13622,0.00,0.00,0.15864,-0.00571,0.00832,-0.98729,0.06154,-0.02142,-0.00132,-0.99787,-0.21887,0.02756,-0.01004,0.97531,0.06161,0.00581,0.00036,-0.99808,-0.21921,0.00041,-0.00738,0.97565,0.00000,0.00000,1.00,1.00
43637,Blink,13633,0.00,0.00,0.15873,-0.00544,0.00821,-0.98727,0.06405,-0.01929,-0.00124,-0.99776,-0.22145,0.02520,-0.00968,0.97480,0.06411,0.00795,0.00051,-0.99791,-0.22176,-0.00197,-0.00709,0.97507,0.00000,0.00000,1.00,1.00
43648,Blink,13643,0.00,0.00,0.15873,-0.00519,0.00809,-0.98728,0.06406,-0.01957,-0.00126,-0.99775,-0.22144,0.02522,-0.00961,0.97480,0.06412,0.00767,0.00049,-0.99791,-0.22177,-0.00195,-0.00701,0.97507,0.00000,0.00000,1.00,1.00
43660,Blink,13656,0.00,0.00,0.15864,-0.00494,0.00814,-0.98729,0.06415,-0.01980,-0.00127,-0.99774,-0.22145,0.02520,-0.00969,0.97480,0.06421,0.00745,0.00048,-0.99791,-0.22177,-0.00197,-0.00710,0.97507,0.00000,0.00000,1.00,1.00
43671,Blink,13666,0.00,0.00,0.15854,-0.00463,0.00810,-0.98731,0.06970,-0.00822,-0.00057,-0.99753,-0.22689,0.01339,-0.00850,0.97379,0.06965,0.01905,0.00133,-0.99739,-0.22705,-0.01384,-0.00605,0.97377,0.00000,0.00000,1.00,1.00
43681,Blink,13677,0.00,0.00,0.15847,-0.00445,0.00818,-0.98732,0.06977,-0.00837,-0.00059,-0.99753,-0.22689,0.01336,-0.00860,0.97379,0.06971,0.01890,0.00132,-0.99739,-0.22705,-0.01387,-0.00616,0.97377,0.00000,0.00000,1.00,1.00
43693,Blink,13689,0.00,0.00,0.15845,-0.00418,0.00822,-0.98732,0.06979,-0.00862,-0.00060,-0.99752,-0.22689,0.01335,-0.00868,0.97379,0.06973,0.01866,0.00130,-0.99739,-0.22704,-0.01388,-0.00624,0.97377,0.00000,0.00000,1.00,1.00
43704,Blink,13700,0.00,0.00,0.15839,-0.00405,0.00811,-0.98734,0.06989,-0.00759,-0.00053,-0.99753,-0.22693,0.01219,-0.00849,0.97380,0.06982,0.01968,0.00138,-0.99736,-0.22707,-0.01504,-0.00605,0.97374,0.00000,0.00000,1.00,1.00
43715,Blink,13710,0.00,0.00,0.15830,-0.00380,0.00795,-0.98735,0.06997,-0.00789,-0.00055,-0.99752,-0.22693,0.01222,-0.00836,0.97380,0.06991,0.01939,0.00136,-0.99736,-0.22707,-0.01501,-0.00593,0.97374,0.00000,0.00000,1.00,1.00
43726,Blink,13722,0.00,0.00,0.15824,-0.00363,0.00779,-0.98736,0.07004,-0.00809,-0.00057,-0.99751,-0.22693,0.01225,-0.00824,0.97380,0.06998,0.01918,0.00135,-0.99736,-0.22707,-0.01499,-0.00581,0.97374,0.00000,0.00000,1.00,1.00
43738,Blink,13733,0.00,0.00,0.15815,-0.00357,0.00773,-0.98738,0.07001,-0.00750,-0.00053,-0.99752,-0.22683,0.01159,-0.00812,0.97383,0.06996,0.01978,0.00139,-0.99735,-0.22697,-0.01565,-0.00570,0.97376,0.00000,0.00000,1.00,1.00
43748,Blink,13744,0.00,0.00,0.15815,-0.00343,0.00757,-0.98738,0.07002,-0.00768,-0.00054,-0.99752,-0.22683,0.01162,-0.00799,0.97383,0.06998,0.01960,0.00137,-0.99736,-0.22697,-0.01562,-0.00556,0.97376,0.00000,0.00000,1.00,1.00
43760,Blink,13756,0.00,0.00,0.15813,-0.00338,0.00744,-0.98738,0.07003,-0.00776,-0.00055,-0.99751,-0.22683,0.01164,-0.00787,0.97383,0.06999,0.01951,0.00137,-0.99736,-0.22697,-0.01559,-0.00545,0.97376,0.00000,0.00000,1.00,1.00
43771,Blink,13767,0.00,0.00,0.15806,-0.00332,0.00729,-0.98740,0.06827,-0.00727,-0.00050,-0.99764,-0.22504,0.01107,-0.00771,0.97426,0.06823,0.01999,0.00137,-0.99747,-0.22518,-0.01615,-0.00524,0.97417,0.00000,0.00000,1.00,1.00
43782,Blink,13777,0.00,0.00,0.15808,-0.00323,0.00722,-0.98739,0.06825,-0.00738,-0.00050,-0.99764,-0.22504,0.01108,-0.00765,0.97426,0.06821,0.01988,0.00136,-0.99747,-0.22518,-0.01613,-0.00518,0.97417,0.00000,0.00000,1.00,1.00
43794,Blink,13789,0.00,0.00,0.15809,-0.00315,0.00710,-0.98739,0.06824,-0.00750,-0.00051,-0.99764,-0.22504,0.01111,-0.00755,0.97426,0.06821,0.01977,0.00135,-0.99747,-0.22518,-0.01611,-0.00508,0.97417,0.00000,0.00000,1.00,1.00
43804,Blink,13800,0.00,0.00,0.15803,-0.00306,0.00710,-0.98740,0.06854,-0.00852,-0.00059,-0.99761,-0.22527,0.01204,-0.00765,0.97419,0.06851,0.01875,0.00129,-0.99747,-0.22541,-0.01518,-0.00519,0.97413,0.00000,0.00000,1.00,1.00
43815,Blink,13811,0.00,0.00,0.15803,-0.00293,0.00714,-0.98740,0.06854,-0.00863,-0.00059,-0.99761,-0.22527,0.01203,-0.00770,0.97419,0.06850,0.01863,0.00128,-0.99748,-0.22541,-0.01519,-0.00524,0.97413,0.00000,0.00000,1.00,1.00
43827,Blink,13823,0.00,0.00,0.15804,-0.00280,0.00708,-0.98740,0.06853,-0.00877,-0.00060,-0.99761,-0.22527,0.01204,-0.00766,0.97419,0.06850,0.01850,0.00127,-0.99748,-0.22541,-0.01518,-0.00520,0.97413,0.00000,0.00000,1.00,1.00
43838,Blink,13834,0.00,0.00,0.15816,-0.00272,0.00704,-0.98738,0.06834,-0.00869,-0.00060,-0.99762,-0.22519,0.01188,-0.00763,0.97421,0.06829,0.01857,0.00127,-0.99749,-0.22533,-0.01534,-0.00516,0.97415,0.00000,0.00000,1.00,1.00
43848,Blink,13844,0.00,0.00,0.15823,-0.00265,0.00685,-0.98738,0.06826,-0.00882,-0.00060,-0.99763,-0.22519,0.01192,-0.00745,0.97421,0.06823,0.01845,0.00126,-0.99750,-0.22533,-0.01530,-0.00498,0.97415,0.00000,0.00000,1.00,1.00
43861,Blink,13856,0.00,0.00,0.15830,-0.00250,0.00666,-0.98737,0.06819,-0.00902,-0.00062,-0.99763,-0.22519,0.01196,-0.00729,0.97421,0.06817,0.01824,0.00125,-0.99751,-0.22533,-0.01526,-0.00481,0.97415,0.00000,0.00000,1.00,1.00
43871,Blink,13867,0.00,0.00,0.15819,-0.00235,0.00658,-0.98738,0.06833,-0.00864,-0.00059,-0.99763,-0.22522,0.01142,-0.00719,0.97421,0.06830,0.01863,0.00128,-0.99749,-0.22536,-0.01579,-0.00472,0.97414,0.00000,0.00000,1.00,1.00
43882,Blink,13877,0.00,0.00,0.15817,-0.00212,0.00662,-0.98739,0.06835,-0.00886,-0.00061,-0.99762,-0.22522,0.01141,-0.00727,0.97421,0.06832,0.01841,0.00126,-0.99749,-0.22535,-0.01581,-0.00480,0.97414,0.00000,0.00000,1.00,1.00
43894,Blink,13889,0.00,0.00,0.15820,-0.00189,0.00667,-0.98738,0.06833,-0.00907,-0.00062,-0.99762,-0.22522,0.01139,-0.00734,0.97421,0.06829,0.01820,0.00125,-0.99750,-0.22535,-0.01583,-0.00487,0.97414,0.00000,0.00000,1.00,1.00
43904,Blink,13900,0.00,0.00,0.15846,-0.00165,0.00696,-0.98734,0.06875,-0.00857,-0.00059,-0.99760,-0.22589,0.01068,-0.00760,0.97406,0.06868,0.01870,0.00129,-0.99746,-0.22600,-0.01654,-0.00514,0.97397,0.00000,0.00000,1.00,1.00
43915,Blink,13911,0.00,0.00,0.15854,-0.00135,0.00723,-0.98732,0.06867,-0.00879,-0.00060,-0.99760,-0.22590,0.01061,-0.00791,0.97406,0.06859,0.01848,0.00127,-0.99747,-0.22599,-0.01661,-0.00544,0.97397,0.00000,0.00000,1.00,1.00
43927,Blink,13923,0.00,0.00,0.15862,-0.00117,0.00779,-0.98731,0.06860,-0.00879,-0.00060,-0.99761,-0.22590,0.01048,-0.00848,0.97406,0.06849,0.01847,0.00127,-0.99748,-0.22598,-0.01674,-0.00601,0.97397,0.00000,0.00000,1.00,1.00
43938,Blink,13934,0.00,0.00,0.15874,-0.00092,0.00807,-0.98729,0.06948,-0.00798,-0.00056,-0.99755,-0.22688,0.00945,-0.00870,0.97384,0.06934,0.01929,0.00134,-0.99741,-0.22695,-0.01778,-0.00625,0.97372,0.00000,0.00000,1.00,1.00
43949,Blink,13944,0.00,0.00,0.15901,-0.00072,0.00825,-0.98724,0.06921,-0.00813,-0.00056,-0.99757,-0.22688,0.00940,-0.00891,0.97384,0.06907,0.01914,0.00133,-0.99743,-0.22694,-0.01782,-0.00644,0.97372,0.00000,0.00000,1.00,1.00
43960,Blink,13956,0.00,0.00,0.15932,-0.00057,0.00832,-0.98719,0.06890,-0.00825,-0.00057,-0.99759,-0.22688,0.00938,-0.00901,0.97384,0.06875,0.01902,0.00131,-0.99745,-0.22694,-0.01784,-0.00652,0.97372,0.00000,0.00000,1.00,1.00
43971,Blink,13967,0.00,0.00,0.15961,-0.00051,0.00833,-0.98715,0.06889,-0.00833,-0.00058,-0.99759,-0.22716,0.00940,-0.00904,0.97377,0.06879,0.01894,0.00131,-0.99745,-0.22727,-0.01782,-0.00654,0.97365,0.00000,0.00000,1.00,1.00
43982,Blink,13978,0.00,0.00,0.15981,-0.00044,0.00829,-0.98711,0.06870,-0.00841,-0.00058,-0.99760,-0.22716,0.00940,-0.00902,0.97377,0.06860,0.01886,0.00130,-0.99747,-0.22727,-0.01782,-0.00651,0.97365,0.00000,0.00000,1.00,1.00
43994,Blink,13990,0.00,0.00,0.15998,-0.00034,0.00816,-0.98709,0.06851,-0.00855,-0.00059,-0.99761,-0.22716,0.00943,-0.00890,0.97377,0.06842,0.01872,0.00128,-0.99748,-0.22727,-0.01779,-0.00639,0.97365,0.00000,0.00000,1.00,1.00
44005,Blink,14001,0.00,0.00,0.16019,-0.00034,0.00819,-0.98705,0.06655,-0.01025,-0.00068,-0.99773,-0.22543,0.01111,-0.00912,0.97415,0.06651,0.01701,0.00113,-0.99764,-0.22560,-0.01609,-0.00654,0.97407,0.00000,0.00000,1.00,1.00
44015,Blink,14011,0.00,0.00,0.16029,-0.00028,0.00814,-0.98704,0.06645,-0.01032,-0.00069,-0.99774,-0.22543,0.01112,-0.00907,0.97415,0.06641,0.01694,0.00113,-0.99765,-0.22560,-0.01608,-0.00650,0.97407,0.00000,0.00000,1.00,1.00
44027,Blink,14023,0.00,0.00,0.16026,-0.00036,0.00806,-0.98704,0.06648,-0.01027,-0.00068,-0.99773,-0.22543,0.01114,-0.00899,0.97415,0.06644,0.01699,0.00113,-0.99765,-0.22560,-0.01606,-0.00641,0.97407,0.00000,0.00000,1.00,1.00
44038,Blink,14034,0.00,0.00,0.16025,-0.00033,0.00791,-0.98705,0.06595,-0.01056,-0.00070,-0.99777,-0.22490,0.01139,-0.00887,0.97428,0.06593,0.01670,0.00110,-0.99768,-0.22508,-0.01580,-0.00628,0.97419,0.00000,0.00000,1.00,1.00
44049,Blink,14044,0.00,0.00,0.16010,-0.00037,0.00786,-0.98707,0.06610,-0.01054,-0.00070,-0.99776,-0.22490,0.01140,-0.00881,0.97428,0.06609,0.01672,0.00111,-0.99767,-0.22509,-0.01579,-0.00623,0.97419,0.00000,0.00000,1.00,1.00
44061,Blink,14057,0.00,0.00,0.15980,-0.00046,0.00791,-0.98712,0.06640,-0.01044,-0.00069,-0.99774,-0.22490,0.01139,-0.00884,0.97428,0.06638,0.01682,0.00112,-0.99765,-0.22508,-0.01580,-0.00628,0.97419,0.00000,0.00000,1.00,1.00
44072,Blink,14067,0.00,0.00,0.15931,-0.00059,0.00813,-0.98719,0.06826,-0.01011,-0.00069,-0.99762,-0.22623,0.01124,-0.00899,0.97397,0.06822,0.01715,0.00117,-0.99752,-0.22640,-0.01597,-0.00649,0.97388,0.00000,0.00000,1.00,1.00
44082,Blink,14078,0.00,0.00,0.15904,-0.00064,0.00818,-0.98724,0.06853,-0.01005,-0.00069,-0.99760,-0.22623,0.01123,-0.00903,0.97397,0.06849,0.01722,0.00118,-0.99750,-0.22640,-0.01599,-0.00655,0.97388,0.00000,0.00000,1.00,1.00
44094,Blink,14090,0.00,0.00,0.15887,-0.00068,0.00807,-0.98727,0.06870,-0.01004,-0.00069,-0.99759,-0.22623,0.01126,-0.00892,0.97397,0.06867,0.01723,0.00119,-0.99749,-0.22641,-0.01596,-0.00644,0.97388,0.00000,0.00000,1.00,1.00
44105,Blink,14101,0.00,0.00,0.15885,-0.00073,0.00799,-0.98727,0.07025,-0.01013,-0.00071,-0.99748,-0.22772,0.01141,-0.00882,0.97362,0.07022,0.01715,0.00121,-0.99738,-0.22790,-0.01583,-0.00638,0.97354,0.00000,0.00000,1.00,1.00
44116,Blink,14111,0.00,0.00,0.15881,-0.00080,0.00795,-0.98728,0.07029,-0.01008,-0.00071,-0.99748,-0.22772,0.01142,-0.00877,0.97362,0.07026,0.01720,0.00121,-0.99738,-0.22790,-0.01582,-0.00634,0.97354,0.00000,0.00000,1.00,1.00
44128,Blink,14123,0.00,0.00,0.15860,-0.00087,0.00818,-0.98731,0.07050,-0.00994,-0.00070,-0.99746,-0.22772,0.01137,-0.00898,0.97362,0.07046,0.01734,0.00123,-0.99736,-0.22789,-0.01587,-0.00656,0.97353,0.00000,0.00000,1.00,1.00
44139,Blink,14134,0.00,0.00,0.15823,-0.00084,0.00864,-0.98736,0.07069,-0.00712,-0.00050,-0.99747,-0.22756,0.00856,-0.00919,0.97368,0.07060,0.02016,0.00143,-0.99730,-0.22768,-0.01868,-0.00678,0.97353,0.00000,0.00000,1.00,1.00
44149,Blink,14145,0.00,0.00,0.15797,-0.00084,0.00903,-0.98740,0.07096,-0.00700,-0.00050,-0.99745,-0.22757,0.00847,-0.00956,0.97368,0.07084,0.02028,0.00144,-0.99728,-0.22768,-0.01877,-0.00716,0.97353,0.00000,0.00000,1.00,1.00
44161,Blink,14156,0.00,0.00,0.15777,-0.00068,0.00911,-0.98743,0.07116,-0.00713,-0.00051,-0.99744,-0.22757,0.00845,-0.00966,0.97368,0.07104,0.02015,0.00144,-0.99727,-0.22767,-0.01880,-0.00727,0.97353,0.00000,0.00000,1.00,1.00
44172,Blink,14167,0.00,0.00,0.15765,-0.00052,0.00900,-0.98745,0.07043,-0.00753,-0.00053,-0.99749,-0.22674,0.00868,-0.00960,0.97387,0.07034,0.01975,0.00139,-0.99733,-0.22686,-0.01856,-0.00720,0.97372,0.00000,0.00000,1.00,1.00
44183,Blink,14179,0.00,0.00,0.15743,-0.00042,0.00903,-0.98749,0.07066,-0.00762,-0.00054,-0.99747,-0.22674,0.00867,-0.00965,0.97387,0.07057,0.01966,0.00139,-0.99731,-0.22686,-0.01858,-0.00726,0.97372,0.00000,0.00000,1.00,1.00
44195,Blink,14191,0.00,0.00,0.15721,-0.00020,0.00917,-0.98752,0.07089,-0.00779,-0.00055,-0.99745,-0.22674,0.00863,-0.00981,0.97387,0.07078,0.01949,0.00138,-0.99730,-0.22686,-0.01862,-0.00743,0.97372,0.00000,0.00000,1.00,1.00
44205,Blink,14201,0.00,0.00,0.15695,0.00007,0.00942,-0.98756,0.07043,-0.00898,-0.00063,-0.99748,-0.22602,0.00956,-0.01019,0.97402,0.07034,0.01830,0.00129,-0.99735,-0.22617,-0.01768,-0.00780,0.97390,0.00000,0.00000,1.00,1.00
44216,Blink,14212,0.00,0.00,0.15671,0.00043,0.00964,-0.98760,0.07067,-0.00926,-0.00066,-0.99746,-0.22602,0.00950,-0.01045,0.97402,0.07057,0.01802,0.00128,-0.99734,-0.22617,-0.01774,-0.00808,0.97389,0.00000,0.00000,1.00,1.00
44228,Blink,14224,0.00,0.00,0.15660,0.00075,0.01001,-0.98761,0.07080,-0.00945,-0.00067,-0.99745,-0.22603,0.00940,-0.01086,0.97402,0.07067,0.01783,0.00126,-0.99734,-0.22616,-0.01784,-0.00850,0.97389,0.00000,0.00000,1.00,1.00
44239,Blink,14235,0.00,0.00,0.15648,0.00106,0.01015,-0.98763,0.07009,-0.01067,-0.00075,-0.99748,-0.22520,0.01030,-0.01113,0.97419,0.06999,0.01661,0.00117,-0.99741,-0.22537,-0.01694,-0.00875,0.97409,0.00000,0.00000,1.00,1.00
44250,Blink,14245,0.00,0.00,0.15641,0.00142,0.01030,-0.98764,0.07017,-0.01096,-0.00077,-0.99747,-0.22520,0.01026,-0.01133,0.97419,0.07006,0.01631,0.00115,-0.99741,-0.22536,-0.01698,-0.00896,0.97409,0.00000,0.00000,1.00,1.00
44262,Blink,14258,0.00,0.00,0.15642,0.00179,0.01041,-0.98763,0.07017,-0.01130,-0.00079,-0.99747,-0.22521,0.01022,-0.01149,0.97419,0.07005,0.01598,0.00112,-0.99742,-0.22536,-0.01702,-0.00912,0.97408,0.00000,0.00000,1.00,1.00
44272,Blink,14268,0.00,0.00,0.15651,0.00218,0.01062,-0.98762,0.06969,-0.01104,-0.00077,-0.99751,-0.22483,0.00959,-0.01171,0.97428,0.06960,0.01623,0.00113,-0.99744,-0.22501,-0.01764,-0.00932,0.97415,0.00000,0.00000,1.00,1.00
44283,Blink,14279,0.00,0.00,0.15661,0.00256,0.01088,-0.98760,0.06960,-0.01133,-0.00079,-0.99751,-0.22483,0.00952,-0.01202,0.97428,0.06949,0.01594,0.00111,-0.99745,-0.22501,-0.01771,-0.00963,0.97415,0.00000,0.00000,1.00,1.00
44295,Blink,14291,0.00,0.00,0.15662,0.00290,0.01129,-0.98759,0.06960,-0.01154,-0.00081,-0.99751,-0.22484,0.00942,-0.01248,0.97427,0.06947,0.01573,0.00110,-0.99746,-0.22500,-0.01782,-0.01008,0.97414,0.00000,0.00000,1.00,1.00
44306,Blink,14302,0.00,0.00,0.15677,0.00331,0.01149,-0.98756,0.06940,-0.01111,-0.00077,-0.99753,-0.22479,0.00858,-0.01267,0.97429,0.06929,0.01617,0.00112,-0.99747,-0.22498,-0.01865,-0.01026,0.97413,0.00000,0.00000,1.00,1.00
44316,Blink,14312,0.00,0.00,0.15692,0.00373,0.01162,-0.98754,0.06926,-0.01147,-0.00080,-0.99753,-0.22479,0.00854,-0.01286,0.97428,0.06913,0.01580,0.00110,-0.99748,-0.22498,-0.01869,-0.01045,0.97413,0.00000,0.00000,1.00,1.00
44329,Blink,14324,0.00,0.00,0.15718,0.00406,0.01154,-0.98749,0.06899,-0.01182,-0.00082,-0.99755,-0.22479,0.00854,-0.01284,0.97428,0.06887,0.01545,0.00107,-0.99751,-0.22498,-0.01868,-0.01041,0.97413,0.00000,0.00000,1.00,1.00
44339,Blink,14335,0.00,0.00,0.15746,0.00435,0.01144,-0.98745,0.06878,-0.01206,-0.00083,-0.99756,-0.22486,0.00849,-0.01279,0.97427,0.06871,0.01521,0.00105,-0.99752,-0.22509,-0.01873,-0.01035,0.97410,0.00000,0.00000,1.00,1.00
44349,Blink,14345,0.00,0.00,0.15790,0.00465,0.01133,-0.98738,0.06834,-0.01239,-0.00085,-0.99758,-0.22486,0.00850,-0.01274,0.97427,0.06828,0.01488,0.00102,-0.99755,-0.22510,-0.01871,-0.01028,0.97410,0.00000,0.00000,1.00,1.00
44362,Blink,14358,0.00,0.00,0.15831,0.00499,0.01117,-0.98731,0.06793,-0.01277,-0.00087,-0.99761,-0.22486,0.00853,-0.01264,0.97427,0.06787,0.01449,0.00099,-0.99759,-0.22510,-0.01869,-0.01016,0.97410,0.00000,0.00000,1.00,1.00
44372,Blink,14368,0.00,0.00,0.15860,0.00537,0.01112,-0.98727,0.06795,-0.01222,-0.00083,-0.99761,-0.22517,0.00759,-0.01258,0.97421,0.06792,0.01504,0.00102,-0.99758,-0.22543,-0.01962,-0.01008,0.97401,0.00000,0.00000,1.00,1.00
44383,Blink,14379,0.00,0.00,0.15887,0.00578,0.01107,-0.98722,0.06768,-0.01263,-0.00086,-0.99763,-0.22517,0.00759,-0.01260,0.97421,0.06765,0.01463,0.00099,-0.99760,-0.22543,-0.01962,-0.01009,0.97401,0.00000,0.00000,1.00,1.00
44395,Blink,14391,0.00,0.00,0.15908,0.00625,0.01104,-0.98718,0.06747,-0.01310,-0.00089,-0.99763,-0.22517,0.00758,-0.01264,0.97421,0.06744,0.01417,0.00096,-0.99762,-0.22543,-0.01963,-0.01012,0.97401,0.00000,0.00000,1.00,1.00
44406,Blink,14401,0.00,0.00,0.15922,0.00675,0.01089,-0.98716,0.06742,-0.01258,-0.00085,-0.99764,-0.22528,0.00655,-0.01248,0.97419,0.06740,0.01468,0.00099,-0.99762,-0.22553,-0.02065,-0.00996,0.97397,0.00000,0.00000,1.00,1.00
44416,Blink,14412,0.00,0.00,0.15943,0.00724,0.01080,-0.98712,0.06722,-0.01308,-0.00088,-0.99765,-0.22528,0.00656,-0.01248,0.97419,0.06720,0.01418,0.00095,-0.99764,-0.22553,-0.02065,-0.00994,0.97397,0.00000,0.00000,1.00,1.00
44429,Blink,14425,0.00,0.00,0.15949,0.00769,0.01071,-0.98711,0.06716,-0.01354,-0.00091,-0.99765,-0.22528,0.00656,-0.01246,0.97419,0.06714,0.01372,0.00092,-0.99765,-0.22553,-0.02064,-0.00992,0.97397,0.00000,0.00000,1.00,1.00
44439,Blink,14435,0.00,0.00,0.15940,0.00813,0.01066,-0.98712,0.06313,-0.01610,-0.00102,-0.99787,-0.22122,0.00862,-0.01271,0.97510,0.06314,0.01114,0.00070,-0.99794,-0.22151,-0.01854,-0.01007,0.97493,0.79495,0.53667,1.00,1.00
44449,Blink,14445,0.00,0.00,0.15954,0.00865,0.01080,-0.98709,0.06300,-0.01657,-0.00105,-0.99788,-0.22122,0.00857,-0.01293,0.97510,0.06300,0.01067,0.00067,-0.99796,-0.22151,-0.01859,-0.01029,0.97493,0.79495,0.53667,1.00,1.00
44462,Blink,14458,0.00,0.00,0.15959,0.00923,0.01097,-0.98708,0.06296,-0.01708,-0.00108,-0.99787,-0.22122,0.00851,-0.01319,0.97510,0.06294,0.01016,0.00064,-0.99797,-0.22150,-0.01865,-0.01054,0.97492,0.79495,0.53667,1.00,1.00
44472,Blink,14468,0.00,0.00,0.15946,0.00988,0.01118,-0.98709,-0.00084,-0.02401,0.00002,-0.99971,-0.15832,0.01380,-0.01501,0.98718,-0.00088,0.00307,0.00000,-0.99999,-0.15863,-0.01292,-0.01068,0.98720,0.98758,0.97209,1.00,1.00
44483,Blink,14479,0.00,0.00,0.15945,0.01052,0.01125,-0.98709,-0.00081,-0.02462,0.00002,-0.99970,-0.15832,0.01377,-0.01518,0.98718,-0.00086,0.00245,0.00000,-1.00000,-0.15862,-0.01295,-0.01085,0.98719,0.98758,0.97209,1.00,1.00
44495,Blink,14491,0.00,0.00,0.15943,0.01121,0.01124,-0.98708,-0.00078,-0.02530,0.00002,-0.99968,-0.15832,0.01376,-0.01528,0.98717,-0.00083,0.00177,0.00000,-1.00000,-0.15862,-0.01296,-0.01095,0.98719,0.98758,0.97209,1.00,1.00
44506,Blink,14502,0.00,0.00,0.15933,0.01189,0.01110,-0.98709,-0.06462,-0.02510,0.00163,-0.99759,-0.09486,0.01194,-0.01591,0.99529,-0.06474,0.00214,-0.00014,-0.99790,-0.09512,-0.01467,-0.00983,0.99531,0.98758,0.97209,1.00,1.00
44517,Blink,14513,0.00,0.00,0.15912,0.01260,0.01094,-0.98712,-0.06441,-0.02582,0.00167,-0.99759,-0.09486,0.01195,-0.01585,0.99529,-0.06452,0.00142,-0.00009,-0.99792,-0.09512,-0.01467,-0.00978,0.99531,0.98758,0.97209,1.00,1.00
44529,Blink,14525,0.00,0.00,0.15892,0.01333,0.01086,-0.98714,-0.06419,-0.02655,0.00171,-0.99758,-0.09486,0.01195,-0.01588,0.99529,-0.06431,0.00068,-0.00004,-0.99793,-0.09512,-0.01467,-0.00983,0.99531,0.98758,0.97209,1.00,1.00
44540,Blink,14536,0.00,0.00,0.15875,0.01405,0.01095,-0.98716,-0.06616,-0.03323,0.00220,-0.99725,-0.09261,0.01771,-0.01745,0.99539,-0.06633,-0.00599,0.00040,-0.99778,-0.09285,-0.00890,-0.01134,0.99558,0.99979,0.99963,1.00,1.00
44550,Blink,14546,0.00,0.00,0.15875,0.01474,0.01102,-0.98715,-0.06614,-0.03392,0.00225,-0.99723,-0.09262,0.01769,-0.01762,0.99539,-0.06632,-0.00668,0.00044,-0.99778,-0.09285,-0.00891,-0.01151,0.99557,0.99979,0.99963,1.00,1.00
44563,Blink,14558,0.00,0.00,0.15888,0.01536,0.01113,-0.98712,-0.06625,-0.03454,0.00229,-0.99720,-0.09262,0.01767,-0.01783,0.99539,-0.06645,-0.00731,0.00049,-0.99776,-0.09284,-0.00893,-0.01172,0.99557,0.99979,0.99963,1.00,1.00
44573,Blink,14569,0.00,0.00,0.15898,0.01597,0.01127,-0.98709,-0.06662,-0.03826,0.00256,-0.99704,-0.09228,0.02068,-0.01878,0.99534,-0.06686,-0.01103,0.00074,-0.99770,-0.09248,-0.00591,-0.01266,0.99562,0.99999,0.99999,1.00,1.00
44584,Blink,14580,0.00,0.00,0.15899,0.01653,0.01151,-0.98708,-0.06660,-0.03881,0.00259,-0.99702,-0.09229,0.02065,-0.01910,0.99533,-0.06686,-0.01159,0.00078,-0.99769,-0.09248,-0.00594,-0.01298,0.99561,0.99999,0.99999,1.00,1.00
44595,Blink,14591,0.00,0.00,0.15877,0.01700,0.01175,-0.98710,-0.06635,-0.03928,0.00261,-0.99702,-0.09229,0.02063,-0.01940,0.99533,-0.06663,-0.01205,0.00080,-0.99770,-0.09248,-0.00597,-0.01330,0.99561,0.99999,0.99999,1.00,1.00
44606,Blink,14602,0.00,0.00,0.15854,0.01755,0.01165,-0.98713,-0.06677,-0.03270,0.00219,-0.99723,-0.09177,0.01366,-0.01779,0.99553,-0.06697,-0.00547,0.00037,-0.99774,-0.09200,-0.01296,-0.01168,0.99561,0.99999,0.99999,1.00,1.00
44618,Blink,14614,0.00,0.00,0.15836,0.01800,0.01138,-0.98715,-0.06659,-0.03316,0.00221,-0.99723,-0.09177,0.01367,-0.01759,0.99553,-0.06679,-0.00592,0.00040,-0.99775,-0.09200,-0.01294,-0.01148,0.99561,0.99999,0.99999,1.00,1.00
44630,Blink,14626,0.00,0.00,0.15814,0.01848,0.01107,-0.98718,-0.06637,-0.03364,0.00224,-0.99723,-0.09177,0.01370,-0.01734,0.99554,-0.06655,-0.00640,0.00043,-0.99776,-0.09201,-0.01292,-0.01125,0.99561,0.99999,0.99999,1.00,1.00
44640,Blink,14636,0.00,0.00,0.15786,0.01887,0.01099,-0.98722,-0.06643,-0.07024,0.00469,-0.99530,-0.09067,0.04908,-0.02540,0.99435,-0.06693,-0.04318,0.00290,-0.99682,-0.09075,0.02262,-0.01937,0.99543,0.92850,0.96862,1.00,1.00
44651,Blink,14646,0.00,0.00,0.15764,0.01931,0.01104,-0.98725,-0.06620,-0.07067,0.00470,-0.99529,-0.09067,0.04908,-0.02549,0.99434,-0.06670,-0.04362,0.00292,-0.99682,-0.09076,0.02261,-0.01948,0.99543,0.92850,0.96862,1.00,1.00
44663,Blink,14659,0.00,0.00,0.15741,0.01968,0.01109,-0.98728,-0.06594,-0.07103,0.00471,-0.99528,-0.09068,0.04907,-0.02557,0.99434,-0.06645,-0.04398,0.00293,-0.99682,-0.09076,0.02261,-0.01956,0.99542,0.92850,0.96862,1.00,1.00
44673,Blink,14669,0.00,0.00,0.15729,0.02016,0.01133,-0.98728,0.01765,-0.03056,-0.00054,-0.99938,-0.17427,0.01031,-0.01595,0.98451,0.01766,-0.00349,-0.00006,-0.99984,-0.17465,-0.01650,-0.01217,0.98442,0.42220,0.45505,1.00,1.00
44684,Blink,14679,0.00,0.00,0.15726,0.02051,0.01158,-0.98728,0.01768,-0.03085,-0.00055,-0.99937,-0.17428,0.01025,-0.01625,0.98451,0.01768,-0.00378,-0.00007,-0.99984,-0.17465,-0.01656,-0.01247,0.98441,0.42220,0.45505,1.00,1.00
44696,Blink,14692,0.00,0.00,0.15749,0.02075,0.01179,-0.98723,0.01746,-0.03105,-0.00054,-0.99937,-0.17428,0.01021,-0.01650,0.98451,0.01744,-0.00398,-0.00007,-0.99984,-0.17464,-0.01660,-0.01271,0.98441,0.42220,0.45505,1.00,1.00
44706,Blink,14702,0.00,0.00,0.15772,0.02091,0.01182,-0.98719,0.01810,-0.04390,-0.00080,-0.99887,-0.17490,0.02280,-0.01832,0.98415,0.01813,-0.01687,-0.00031,-0.99969,-0.17537,-0.00398,-0.01456,0.98439,0.02479,0.06629,1.00,1.00
44717,Blink,14712,0.00,0.00,0.15796,0.02109,0.01192,-0.98715,0.01786,-0.04407,-0.00079,-0.99887,-0.17491,0.02277,-0.01846,0.98415,0.01788,-0.01704,-0.00030,-0.99969,-0.17537,-0.00401,-0.01468,0.98439,0.02479,0.06629,1.00,1.00
44729,Blink,14725,0.00,0.00,0.15817,0.02129,0.01201,-0.98711,0.01766,-0.04424,-0.00078,-0.99886,-0.17491,0.02275,-0.01860,0.98415,0.01768,-0.01721,-0.00030,-0.99970,-0.17537,-0.00403,-0.01481,0.98438,0.02479,0.06629,1.00,1.00
44739,Blink,14735,0.00,0.00,0.15831,0.02155,0.01222,-0.98708,0.07050,-0.04025,-0.00285,-0.99670,-0.22695,0.01956,-0.01726,0.97356,0.07071,-0.01301,-0.00092,-0.99741,-0.22756,-0.00764,-0.01486,0.97362,0.00064,0.00168,1.00,1.00
44750,Blink,14746,0.00,0.00,0.15835,0.02191,0.01219,-0.98706,0.07046,-0.04060,-0.00287,-0.99668,-0.22695,0.01955,-0.01729,0.97356,0.07067,-0.01337,-0.00095,-0.99741,-0.22756,-0.00765,-0.01489,0.97362,0.00064,0.00168,1.00,1.00
44762,Blink,14758,0.00,0.00,0.15847,0.02223,0.01214,-0.98704,0.07035,-0.04092,-0.00289,-0.99668,-0.22695,0.01955,-0.01730,0.97356,0.07055,-0.01368,-0.00097,-0.99741,-0.22755,-0.00765,-0.01489,0.97362,0.00064,0.00168,1.00,1.00
44773,Blink,14769,0.00,0.00,0.15885,0.02248,0.01206,-0.98697,0.07030,-0.04052,-0.00286,-0.99670,-0.22728,0.01890,-0.01721,0.97349,0.07053,-0.01329,-0.00094,-0.99742,-0.22790,-0.00830,-0.01479,0.97354,0.00002,0.00005,1.00,1.00
44784,Blink,14780,0.00,0.00,0.15918,0.02267,0.01198,-0.98692,0.06996,-0.04073,-0.00286,-0.99671,-0.22728,0.01890,-0.01719,0.97349,0.07019,-0.01350,-0.00095,-0.99744,-0.22791,-0.00829,-0.01475,0.97354,0.00002,0.00005,1.00,1.00
44796,Blink,14792,0.00,0.00,0.15934,0.02261,0.01206,-0.98689,0.06980,-0.04066,-0.00285,-0.99673,-0.22728,0.01888,-0.01727,0.97349,0.07003,-0.01342,-0.00094,-0.99745,-0.22790,-0.00831,-0.01483,0.97354,0.00002,0.00005,1.00,1.00
44807,Blink,14802,0.00,0.00,0.15944,0.02265,0.01199,-0.98687,0.07016,-0.03996,-0.00281,-0.99673,-0.22775,0.01815,-0.01714,0.97340,0.07041,-0.01273,-0.00090,-0.99744,-0.22839,-0.00905,-0.01470,0.97342,0.00000,0.00000,1.00,1.00
44817,Blink,14813,0.00,0.00,0.15948,0.02265,0.01178,-0.98687,0.07012,-0.04002,-0.00282,-0.99673,-0.22775,0.01819,-0.01693,0.97340,0.07037,-0.01278,-0.00090,-0.99744,-0.22839,-0.00900,-0.01449,0.97342,0.00000,0.00000,1.00,1.00
44829,Blink,14825,0.00,0.00,0.15960,0.02264,0.01135,-0.98686,0.06997,-0.04014,-0.00282,-0.99674,-0.22774,0.01829,-0.01652,0.97341,0.07025,-0.01290,-0.00091,-0.99745,-0.22839,-0.00890,-0.01408,0.97343,0.00000,0.00000,1.00,1.00
44840,Blink,14836,0.00,0.00,0.15981,0.02255,0.01106,-0.98683,0.07091,-0.04290,-0.00305,-0.99656,-0.22884,0.02114,-0.01646,0.97310,0.07124,-0.01567,-0.00112,-0.99734,-0.22954,-0.00605,-0.01403,0.97318,0.00000,0.00000,1.00,1.00
44850,Blink,14846,0.00,0.00,0.15990,0.02246,0.01085,-0.98682,0.07082,-0.04288,-0.00305,-0.99656,-0.22883,0.02119,-0.01625,0.97310,0.07116,-0.01565,-0.00112,-0.99734,-0.22954,-0.00600,-0.01382,0.97318,0.00000,0.00000,1.00,1.00
44863,Blink,14858,0.00,0.00,0.15984,0.02233,0.01071,-0.98683,0.07086,-0.04279,-0.00304,-0.99656,-0.22883,0.02122,-0.01609,0.97310,0.07121,-0.01556,-0.00111,-0.99734,-0.22954,-0.00597,-0.01366,0.97318,0.00000,0.00000,1.00,1.00
44873,Blink,14869,0.00,0.00,0.15968,0.02226,0.01050,-0.98686,0.07146,-0.04253,-0.00305,-0.99653,-0.22928,0.02103,-0.01584,0.97301,0.07180,-0.01530,-0.00110,-0.99730,-0.22997,-0.00617,-0.01343,0.97308,0.00000,0.00000,1.00,1.00
44884,Blink,14880,0.00,0.00,0.15942,0.02217,0.01043,-0.98691,0.07172,-0.04246,-0.00306,-0.99652,-0.22928,0.02105,-0.01574,0.97301,0.07206,-0.01523,-0.00110,-0.99728,-0.22997,-0.00615,-0.01334,0.97309,0.00000,0.00000,1.00,1.00
44896,Blink,14892,0.00,0.00,0.15922,0.02208,0.01045,-0.98694,0.07193,-0.04237,-0.00306,-0.99650,-0.22927,0.02105,-0.01573,0.97301,0.07227,-0.01514,-0.00110,-0.99727,-0.22997,-0.00615,-0.01335,0.97309,0.00000,0.00000,1.00,1.00
44907,Blink,14903,0.00,0.00,0.15914,0.02196,0.01040,-0.98696,0.07079,-0.03396,-0.00241,-0.99691,-0.22821,0.01274,-0.01494,0.97341,0.07102,-0.00670,-0.00048,-0.99745,-0.22876,-0.01448,-0.01252,0.97329,0.00000,0.00000,1.00,1.00
44917,Blink,14913,0.00,0.00,0.15907,0.02176,0.01023,-0.98697,0.07084,-0.03381,-0.00240,-0.99691,-0.22821,0.01278,-0.01475,0.97342,0.07108,-0.00655,-0.00047,-0.99745,-0.22877,-0.01443,-0.01234,0.97330,0.00000,0.00000,1.00,1.00
44929,Blink,14925,0.00,0.00,0.15901,0.02151,0.01009,-0.98699,0.07090,-0.03362,-0.00239,-0.99691,-0.22821,0.01283,-0.01457,0.97342,0.07114,-0.00636,-0.00045,-0.99745,-0.22877,-0.01439,-0.01216,0.97330,0.00000,0.00000,1.00,1.00
44940,Blink,14936,0.00,0.00,0.15901,0.02123,0.01018,-0.98700,0.06936,-0.03134,-0.00218,-0.99710,-0.22673,0.01083,-0.01445,0.97379,0.06956,-0.00409,-0.00029,-0.99757,-0.22724,-0.01638,-0.01200,0.97363,0.00000,0.00000,1.00,1.00
44951,Blink,14946,0.00,0.00,0.15897,0.02085,0.01011,-0.98701,0.06939,-0.03100,-0.00216,-0.99711,-0.22673,0.01085,-0.01433,0.97379,0.06960,-0.00375,-0.00026,-0.99757,-0.22724,-0.01635,-0.01188,0.97363,0.00000,0.00000,1.00,1.00
44962,Blink,14958,0.00,0.00,0.15889,0.02054,0.01009,-0.98703,0.06946,-0.03070,-0.00214,-0.99711,-0.22673,0.01087,-0.01426,0.97379,0.06967,-0.00345,-0.00024,-0.99756,-0.22724,-0.01634,-0.01181,0.97363,0.00000,0.00000,1.00,1.00
44975,Blink,14971,0.00,0.00,0.15873,0.02022,0.00992,-0.98706,0.06940,-0.02974,-0.00207,-0.99714,-0.22653,0.01021,-0.01398,0.97385,0.06959,-0.00249,-0.00017,-0.99757,-0.22702,-0.01700,-0.01153,0.97367,0.00000,0.00000,1.00,1.00
44984,Blink,14980,0.00,0.00,0.15865,0.01996,0.00985,-0.98708,0.06948,-0.02950,-0.00206,-0.99714,-0.22653,0.01023,-0.01386,0.97385,0.06968,-0.00225,-0.00016,-0.99757,-0.22702,-0.01698,-0.01141,0.97367,0.00000,0.00000,1.00,1.00
44996,Blink,14992,0.00,0.00,0.15863,0.01972,0.00980,-0.98709,0.06950,-0.02929,-0.00204,-0.99715,-0.22653,0.01025,-0.01377,0.97385,0.06970,-0.00204,-0.00014,-0.99757,-0.22702,-0.01696,-0.01133,0.97368,0.00000,0.00000,1.00,1.00
45007,Blink,15003,0.00,0.00,0.15866,0.01942,0.00981,-0.98709,0.06926,-0.02971,-0.00206,-0.99715,-0.22632,0.01097,-0.01380,0.97389,0.06945,-0.00245,-0.00017,-0.99758,-0.22680,-0.01624,-0.01135,0.97374,0.00000,0.00000,1.00,1.00
