Time_ms,TargetRotX,TargetRotY,HeadRotX,HeadRotY,HeadRotZ,HeadRotW,LeftLocalRotX,LeftLocalRotY,LeftLocalRotZ,LeftLocalRotW,LeftWorldRotX,LeftWorldRotY,LeftWorldRotZ,LeftWorldRotW,LeftConfidence,RightLocalRotX,RightLocalRotY,RightLocalRotZ,RightLocalRotW,RightWorldRotX,RightWorldRotY,RightWorldRotZ,RightWorldRotW,RightConfidence
0,0.00,0.00,0.01644,0.02651,-0.02758,0.99913,-0.08036,-0.01905,-0.00154,0.99658,-0.06448,0.00963,-0.02721,0.99750,1.00,-0.07999,-0.04632,-0.00372,0.99571,-0.06493,-0.01762,-0.02982,0.99729,1.00
12,0.00,0.00,0.01630,0.02641,-0.02785,0.99913,-0.08022,-0.01898,-0.00153,0.99659,-0.06448,0.00961,-0.02748,0.99749,1.00,-0.07984,-0.04625,-0.00371,0.99573,-0.06493,-0.01763,-0.03008,0.99728,1.00
22,0.00,0.00,0.01614,0.02634,-0.02798,0.99913,-0.08126,-0.01739,-0.00142,0.99654,-0.06562,0.01117,-0.02744,0.99740,1.00,-0.08088,-0.04467,-0.00363,0.99572,-0.06609,-0.01608,-0.03008,0.99723,1.00
33,0.00,0.00,0.01596,0.02626,-0.02802,0.99914,-0.08107,-0.01730,-0.00141,0.99656,-0.06562,0.01117,-0.02748,0.99740,1.00,-0.08070,-0.04458,-0.00361,0.99573,-0.06609,-0.01608,-0.03010,0.99723,1.00
45,0.00,0.00,0.01586,0.02613,-0.02801,0.99914,-0.08098,-0.01717,-0.00140,0.99657,-0.06562,0.01117,-0.02746,0.99740,1.00,-0.08061,-0.04445,-0.00360,0.99575,-0.06609,-0.01608,-0.03008,0.99723,1.00
56,0.00,0.00,0.01594,0.02608,-0.02803,0.99914,-0.08122,-0.01876,-0.00153,0.99652,-0.06583,0.00955,-0.02764,0.99740,1.00,-0.08085,-0.04604,-0.00374,0.99566,-0.06629,-0.01770,-0.03027,0.99718,1.00
67,0.00,0.00,0.01604,0.02601,-0.02815,0.99914,-0.08132,-0.01872,-0.00153,0.99651,-0.06583,0.00954,-0.02777,0.99740,1.00,-0.08094,-0.04599,-0.00374,0.99565,-0.06629,-0.01771,-0.03040,0.99718,1.00
79,0.00,0.00,0.01641,0.02610,-0.02839,0.99912,-0.08168,-0.01885,-0.00154,0.99648,-0.06583,0.00952,-0.02801,0.99739,1.00,-0.08129,-0.04612,-0.00377,0.99562,-0.06629,-0.01773,-0.03066,0.99717,1.00
89,0.00,0.00,0.01680,0.02614,-0.02867,0.99911,-0.08425,-0.01910,-0.00161,0.99626,-0.06803,0.00941,-0.02829,0.99724,1.00,-0.08384,-0.04639,-0.00391,0.99539,-0.06848,-0.01786,-0.03103,0.99701,1.00
100,0.00,0.00,0.01707,0.02624,-0.02905,0.99909,-0.08451,-0.01926,-0.00163,0.99624,-0.06803,0.00938,-0.02869,0.99723,1.00,-0.08408,-0.04655,-0.00393,0.99536,-0.06847,-0.01788,-0.03143,0.99700,1.00
112,0.00,0.00,0.01728,0.02634,-0.02930,0.99907,-0.08471,-0.01940,-0.00165,0.99622,-0.06803,0.00936,-0.02894,0.99722,1.00,-0.08427,-0.04670,-0.00395,0.99534,-0.06846,-0.01790,-0.03170,0.99699,1.00
123,0.00,0.00,0.01739,0.02648,-0.02951,0.99906,-0.08465,-0.01952,-0.00166,0.99622,-0.06786,0.00940,-0.02916,0.99722,1.00,-0.08422,-0.04682,-0.00396,0.99534,-0.06831,-0.01787,-0.03192,0.99699,1.00
134,0.00,0.00,0.01738,0.02656,-0.02981,0.99905,-0.08463,-0.01965,-0.00167,0.99622,-0.06787,0.00938,-0.02946,0.99722,1.00,-0.08418,-0.04695,-0.00397,0.99534,-0.06831,-0.01789,-0.03221,0.99698,1.00
146,0.00,0.00,0.01732,0.02663,-0.02998,0.99905,-0.08457,-0.01974,-0.00168,0.99622,-0.06787,0.00937,-0.02963,0.99721,1.00,-0.08411,-0.04704,-0.00398,0.99534,-0.06831,-0.01790,-0.03238,0.99698,1.00
156,0.00,0.00,0.01718,0.02668,-0.03026,0.99904,-0.08389,-0.01830,-0.00154,0.99631,-0.06729,0.01086,-0.02976,0.99723,1.00,-0.08347,-0.04560,-0.00382,0.99546,-0.06777,-0.01641,-0.03250,0.99704,1.00
167,0.00,0.00,0.01708,0.02673,-0.03051,0.99903,-0.08379,-0.01839,-0.00155,0.99631,-0.06729,0.01084,-0.03002,0.99722,1.00,-0.08336,-0.04569,-0.00383,0.99546,-0.06777,-0.01643,-0.03275,0.99703,1.00
179,0.00,0.00,0.01702,0.02678,-0.03085,0.99902,-0.08372,-0.01849,-0.00155,0.99632,-0.06730,0.01082,-0.03036,0.99721,1.00,-0.08327,-0.04578,-0.00383,0.99547,-0.06776,-0.01645,-0.03308,0.99702,1.00
190,0.00,0.00,0.01697,0.02682,-0.03115,0.99901,-0.08370,-0.01817,-0.00153,0.99632,-0.06732,0.01120,-0.03062,0.99720,1.00,-0.08328,-0.04547,-0.00380,0.99548,-0.06782,-0.01607,-0.03335,0.99701,1.00
201,0.00,0.00,0.01694,0.02687,-0.03160,0.99900,-0.08367,-0.01830,-0.00154,0.99632,-0.06732,0.01117,-0.03108,0.99718,1.00,-0.08322,-0.04559,-0.00381,0.99548,-0.06781,-0.01610,-0.03380,0.99700,1.00
213,0.00,0.00,0.01682,0.02698,-0.03208,0.99898,-0.08354,-0.01848,-0.00155,0.99633,-0.06733,0.01113,-0.03157,0.99717,1.00,-0.08306,-0.04577,-0.00382,0.99549,-0.06780,-0.01613,-0.03428,0.99698,1.00
223,0.00,0.00,0.01661,0.02705,-0.03242,0.99897,-0.08378,-0.01836,-0.00154,0.99631,-0.06778,0.01135,-0.03188,0.99713,1.00,-0.08333,-0.04565,-0.00382,0.99547,-0.06829,-0.01591,-0.03460,0.99694,1.00
234,0.00,0.00,0.01635,0.02717,-0.03285,0.99896,-0.08351,-0.01853,-0.00155,0.99633,-0.06779,0.01132,-0.03232,0.99711,1.00,-0.08304,-0.04583,-0.00382,0.99548,-0.06829,-0.01594,-0.03502,0.99692,1.00
246,0.00,0.00,0.01614,0.02727,-0.03339,0.99894,-0.08330,-0.01871,-0.00156,0.99635,-0.06779,0.01129,-0.03286,0.99709,1.00,-0.08280,-0.04600,-0.00383,0.99550,-0.06828,-0.01598,-0.03555,0.99690,1.00
257,0.00,0.00,0.01589,0.02737,-0.03390,0.99892,-0.08348,-0.02051,-0.00172,0.99630,-0.06830,0.00964,-0.03353,0.99705,1.00,-0.08299,-0.04780,-0.00398,0.99540,-0.06881,-0.01762,-0.03621,0.99682,1.00
268,0.00,0.00,0.01557,0.02756,-0.03421,0.99891,-0.08315,-0.02074,-0.00173,0.99632,-0.06830,0.00962,-0.03384,0.99704,1.00,-0.08264,-0.04802,-0.00399,0.99541,-0.06880,-0.01764,-0.03650,0.99681,1.00
279,0.00,0.00,0.01524,0.02765,-0.03445,0.99891,-0.08282,-0.02086,-0.00173,0.99635,-0.06830,0.00960,-0.03408,0.99704,1.00,-0.08230,-0.04813,-0.00398,0.99544,-0.06880,-0.01766,-0.03672,0.99680,1.00
290,0.00,0.00,0.01498,0.02774,-0.03463,0.99890,-0.08888,-0.02624,-0.00234,0.99569,-0.07483,0.00453,-0.03474,0.99658,1.00,-0.08832,-0.05353,-0.00475,0.99464,-0.07531,-0.02275,-0.03754,0.99619,1.00
301,0.00,0.00,0.01470,0.02789,-0.03486,0.99889,-0.08858,-0.02641,-0.00235,0.99572,-0.07483,0.00451,-0.03498,0.99657,1.00,-0.08802,-0.05371,-0.00475,0.99466,-0.07530,-0.02277,-0.03776,0.99619,1.00
313,0.00,0.00,0.01450,0.02795,-0.03518,0.99888,-0.08838,-0.02652,-0.00235,0.99573,-0.07484,0.00449,-0.03530,0.99656,1.00,-0.08779,-0.05381,-0.00475,0.99467,-0.07530,-0.02279,-0.03806,0.99617,1.00
323,0.00,0.00,0.01426,0.02802,-0.03557,0.99887,-0.11168,-0.03201,-0.00360,0.99322,-0.09862,-0.00011,-0.03625,0.99446,1.00,-0.11092,-0.05946,-0.00665,0.99203,-0.09894,-0.02755,-0.03966,0.99392,1.00
334,0.00,0.00,0.01399,0.02799,-0.03591,0.99887,-0.11140,-0.03204,-0.00359,0.99325,-0.09862,-0.00015,-0.03658,0.99445,1.00,-0.11062,-0.05949,-0.00663,0.99206,-0.09893,-0.02758,-0.03998,0.99391,1.00
346,0.00,0.00,0.01379,0.02794,-0.03613,0.99886,-0.11119,-0.03202,-0.00358,0.99328,-0.09862,-0.00017,-0.03680,0.99444,1.00,-0.11040,-0.05947,-0.00662,0.99208,-0.09893,-0.02760,-0.04019,0.99390,1.00
357,0.00,0.00,0.01375,0.02786,-0.03624,0.99886,-0.11240,-0.03680,-0.00417,0.99297,-0.10008,-0.00496,-0.03752,0.99426,1.00,-0.11158,-0.06422,-0.00723,0.99165,-0.10035,-0.03238,-0.04093,0.99358,1.00
368,0.00,0.00,0.01375,0.02776,-0.03631,0.99886,-0.11240,-0.03671,-0.00416,0.99298,-0.10008,-0.00497,-0.03759,0.99426,1.00,-0.11157,-0.06414,-0.00722,0.99166,-0.10034,-0.03239,-0.04100,0.99358,1.00
380,0.00,0.00,0.01386,0.02763,-0.03644,0.99886,-0.11252,-0.03661,-0.00415,0.99297,-0.10008,-0.00498,-0.03772,0.99425,1.00,-0.11168,-0.06404,-0.00721,0.99165,-0.10034,-0.03240,-0.04114,0.99357,1.00
390,0.00,0.00,0.01406,0.02749,-0.03639,0.99886,-0.11333,-0.03656,-0.00417,0.99288,-0.10068,-0.00504,-0.03770,0.99419,1.00,-0.11253,-0.06399,-0.00726,0.99156,-0.10099,-0.03247,-0.04115,0.99351,1.00
401,0.00,0.00,0.01438,0.02736,-0.03644,0.99886,-0.11364,-0.03646,-0.00417,0.99284,-0.10068,-0.00505,-0.03776,0.99419,1.00,-0.11284,-0.06390,-0.00727,0.99153,-0.10098,-0.03247,-0.04122,0.99350,1.00
413,0.00,0.00,0.01467,0.02723,-0.03630,0.99886,-0.11395,-0.03630,-0.00417,0.99281,-0.10068,-0.00504,-0.03763,0.99419,1.00,-0.11315,-0.06374,-0.00727,0.99150,-0.10099,-0.03246,-0.04112,0.99351,1.00
424,0.00,0.00,0.01512,0.02717,-0.03612,0.99886,-0.11556,-0.03636,-0.00423,0.99263,-0.10185,-0.00511,-0.03749,0.99408,1.00,-0.11478,-0.06381,-0.00739,0.99131,-0.10217,-0.03255,-0.04104,0.99339,1.00
435,0.00,0.00,0.01554,0.02709,-0.03581,0.99887,-0.11599,-0.03623,-0.00423,0.99258,-0.10185,-0.00508,-0.03719,0.99409,1.00,-0.11523,-0.06369,-0.00740,0.99127,-0.10218,-0.03252,-0.04076,0.99340,1.00
446,0.00,0.00,0.01599,0.02704,-0.03537,0.99888,-0.11646,-0.03610,-0.00424,0.99253,-0.10185,-0.00504,-0.03676,0.99411,1.00,-0.11572,-0.06356,-0.00742,0.99122,-0.10219,-0.03248,-0.04036,0.99342,1.00
457,0.00,0.00,0.01627,0.02704,-0.03500,0.99889,-0.11747,-0.03491,-0.00413,0.99245,-0.10253,-0.00386,-0.03626,0.99406,1.00,-0.11676,-0.06239,-0.00735,0.99117,-0.10289,-0.03132,-0.03989,0.99340,1.00
468,0.00,0.00,0.01653,0.02702,-0.03469,0.99890,-0.11774,-0.03483,-0.00413,0.99242,-0.10253,-0.00383,-0.03595,0.99407,1.00,-0.11705,-0.06232,-0.00736,0.99114,-0.10290,-0.03129,-0.03961,0.99341,1.00
480,0.00,0.00,0.01683,0.02715,-0.03478,0.99888,-0.11804,-0.03500,-0.00416,0.99238,-0.10253,-0.00384,-0.03605,0.99407,1.00,-0.11733,-0.06249,-0.00740,0.99110,-0.10289,-0.03130,-0.03972,0.99341,1.00
491,0.00,0.00,0.01725,0.02733,-0.03486,0.99887,-0.11742,-0.03404,-0.00403,0.99249,-0.10146,-0.00272,-0.03600,0.99418,1.00,-0.11670,-0.06153,-0.00724,0.99123,-0.10181,-0.03018,-0.03966,0.99355,1.00
502,0.00,0.00,0.01765,0.02747,-0.03468,0.99887,-0.11782,-0.03416,-0.00406,0.99244,-0.10147,-0.00270,-0.03583,0.99419,1.00,-0.11711,-0.06166,-0.00728,0.99118,-0.10182,-0.03017,-0.03952,0.99356,1.00
513,0.00,0.00,0.01812,0.02752,-0.03440,0.99887,-0.11829,-0.03416,-0.00407,0.99238,-0.10147,-0.00267,-0.03557,0.99420,1.00,-0.11759,-0.06166,-0.00732,0.99112,-0.10182,-0.03014,-0.03928,0.99357,1.00
524,0.00,0.00,0.01855,0.02766,-0.03400,0.99887,-0.11913,-0.03420,-0.00411,0.99228,-0.10187,-0.00259,-0.03517,0.99417,1.00,-0.11842,-0.06171,-0.00737,0.99102,-0.10220,-0.03007,-0.03893,0.99355,1.00
535,0.00,0.00,0.01892,0.02772,-0.03348,0.99888,-0.11951,-0.03416,-0.00411,0.99224,-0.10187,-0.00254,-0.03467,0.99419,1.00,-0.11883,-0.06168,-0.00740,0.99097,-0.10222,-0.03002,-0.03844,0.99357,1.00
547,0.00,0.00,0.01928,0.02775,-0.03307,0.99888,-0.11989,-0.03412,-0.00412,0.99219,-0.10187,-0.00250,-0.03426,0.99420,1.00,-0.11923,-0.06164,-0.00742,0.99092,-0.10223,-0.02998,-0.03805,0.99358,1.00
557,0.00,0.00,0.01952,0.02776,-0.03282,0.99888,-0.11897,-0.03296,-0.00395,0.99234,-0.10066,-0.00139,-0.03386,0.99434,1.00,-0.11830,-0.06048,-0.00722,0.99111,-0.10101,-0.02887,-0.03764,0.99375,1.00
568,0.00,0.00,0.01972,0.02778,-0.03270,0.99888,-0.11917,-0.03295,-0.00396,0.99232,-0.10066,-0.00138,-0.03374,0.99435,1.00,-0.11851,-0.06047,-0.00723,0.99108,-0.10101,-0.02886,-0.03753,0.99376,1.00
580,0.00,0.00,0.01978,0.02772,-0.03260,0.99889,-0.11923,-0.03288,-0.00395,0.99231,-0.10066,-0.00137,-0.03364,0.99435,1.00,-0.11858,-0.06040,-0.00723,0.99108,-0.10102,-0.02885,-0.03743,0.99376,1.00
591,0.00,0.00,0.01989,0.02762,-0.03236,0.99890,-0.11894,-0.03342,-0.00401,0.99233,-0.10026,-0.00204,-0.03349,0.99440,1.00,-0.11824,-0.06093,-0.00727,0.99109,-0.10056,-0.02951,-0.03728,0.99379,1.00
602,0.00,0.00,0.01983,0.02760,-0.03228,0.99890,-0.11888,-0.03337,-0.00400,0.99234,-0.10026,-0.00203,-0.03341,0.99440,1.00,-0.11818,-0.06088,-0.00726,0.99110,-0.10057,-0.02950,-0.03719,0.99380,1.00
614,0.00,0.00,0.01971,0.02757,-0.03218,0.99891,-0.11877,-0.03332,-0.00399,0.99235,-0.10026,-0.00202,-0.03330,0.99440,1.00,-0.11808,-0.06083,-0.00725,0.99111,-0.10057,-0.02949,-0.03708,0.99380,1.00
624,0.00,0.00,0.01956,0.02754,-0.03221,0.99891,-0.11889,-0.03272,-0.00392,0.99236,-0.10051,-0.00145,-0.03325,0.99438,1.00,-0.11817,-0.06024,-0.00718,0.99114,-0.10079,-0.02892,-0.03702,0.99380,1.00
635,0.00,0.00,0.01919,0.02749,-0.03213,0.99892,-0.11853,-0.03264,-0.00390,0.99241,-0.10051,-0.00144,-0.03315,0.99438,1.00,-0.11781,-0.06015,-0.00715,0.99119,-0.10079,-0.02891,-0.03691,0.99380,1.00
647,0.00,0.00,0.01869,0.02738,-0.03207,0.99894,-0.11804,-0.03249,-0.00386,0.99247,-0.10051,-0.00143,-0.03307,0.99439,1.00,-0.11733,-0.06000,-0.00710,0.99125,-0.10080,-0.02890,-0.03680,0.99381,1.00
657,0.00,0.00,0.01823,0.02728,-0.03200,0.99895,-0.11669,-0.03323,-0.00391,0.99260,-0.09965,-0.00231,-0.03309,0.99447,1.00,-0.11596,-0.06072,-0.00710,0.99137,-0.09991,-0.02977,-0.03676,0.99387,1.00
669,0.00,0.00,0.01780,0.02718,-0.03193,0.99896,-0.11628,-0.03310,-0.00388,0.99266,-0.09965,-0.00231,-0.03300,0.99447,1.00,-0.11555,-0.06059,-0.00706,0.99143,-0.09991,-0.02976,-0.03665,0.99388,1.00
680,0.00,0.00,0.01741,0.02704,-0.03186,0.99897,-0.11590,-0.03293,-0.00384,0.99271,-0.09965,-0.00230,-0.03291,0.99448,1.00,-0.11518,-0.06041,-0.00702,0.99148,-0.09992,-0.02975,-0.03654,0.99388,1.00
691,0.00,0.00,0.01721,0.02695,-0.03189,0.99898,-0.11909,-0.03306,-0.00397,0.99232,-0.10305,-0.00241,-0.03297,0.99413,1.00,-0.11834,-0.06058,-0.00723,0.99110,-0.10329,-0.02990,-0.03669,0.99352,1.00
702,0.00,0.00,0.01713,0.02687,-0.03197,0.99898,-0.11901,-0.03299,-0.00396,0.99234,-0.10305,-0.00242,-0.03305,0.99412,1.00,-0.11826,-0.06050,-0.00722,0.99111,-0.10329,-0.02991,-0.03676,0.99352,1.00
714,0.00,0.00,0.01724,0.02678,-0.03215,0.99898,-0.11912,-0.03294,-0.00395,0.99233,-0.10305,-0.00244,-0.03323,0.99412,1.00,-0.11835,-0.06046,-0.00722,0.99110,-0.10328,-0.02993,-0.03695,0.99351,1.00
724,0.00,0.00,0.01743,0.02676,-0.03249,0.99896,-0.11700,-0.03358,-0.00396,0.99256,-0.10078,-0.00311,-0.03366,0.99433,1.00,-0.11622,-0.06107,-0.00716,0.99132,-0.10100,-0.03058,-0.03732,0.99372,1.00
736,0.00,0.00,0.01779,0.02684,-0.03277,0.99894,-0.11735,-0.03374,-0.00399,0.99251,-0.10078,-0.00314,-0.03396,0.99432,1.00,-0.11655,-0.06123,-0.00720,0.99127,-0.10099,-0.03061,-0.03763,0.99370,1.00
747,0.00,0.00,0.01836,0.02698,-0.03315,0.99892,-0.11788,-0.03398,-0.00404,0.99244,-0.10077,-0.00319,-0.03438,0.99431,1.00,-0.11706,-0.06148,-0.00726,0.99119,-0.10098,-0.03066,-0.03808,0.99369,1.00
758,0.00,0.00,0.01894,0.02714,-0.03346,0.99889,-0.11908,-0.03413,-0.00410,0.99229,-0.10141,-0.00310,-0.03471,0.99423,1.00,-0.11826,-0.06164,-0.00736,0.99104,-0.10162,-0.03058,-0.03846,0.99361,1.00
769,0.00,0.00,0.01960,0.02728,-0.03363,0.99887,-0.11972,-0.03433,-0.00414,0.99221,-0.10141,-0.00312,-0.03492,0.99423,1.00,-0.11888,-0.06185,-0.00742,0.99095,-0.10161,-0.03060,-0.03871,0.99360,1.00
781,0.00,0.00,0.02016,0.02753,-0.03378,0.99885,-0.12026,-0.03464,-0.00420,0.99213,-0.10141,-0.00314,-0.03510,0.99422,1.00,-0.11941,-0.06216,-0.00749,0.99087,-0.10160,-0.03062,-0.03892,0.99359,1.00
791,0.00,0.00,0.02067,0.02773,-0.03394,0.99883,-0.11851,-0.03494,-0.00417,0.99233,-0.09916,-0.00327,-0.03528,0.99444,1.00,-0.11769,-0.06244,-0.00741,0.99106,-0.09940,-0.03073,-0.03907,0.99381,1.00
802,0.00,0.00,0.02102,0.02798,-0.03404,0.99881,-0.11885,-0.03521,-0.00422,0.99228,-0.09916,-0.00328,-0.03540,0.99444,1.00,-0.11802,-0.06272,-0.00747,0.99100,-0.09939,-0.03075,-0.03921,0.99380,1.00
814,0.00,0.00,0.02133,0.02819,-0.03398,0.99880,-0.11915,-0.03543,-0.00425,0.99224,-0.09916,-0.00327,-0.03536,0.99444,1.00,-0.11832,-0.06294,-0.00752,0.99095,-0.09939,-0.03074,-0.03919,0.99380,1.00
825,0.00,0.00,0.02155,0.02834,-0.03398,0.99879,-0.11858,-0.03495,-0.00418,0.99232,-0.09836,-0.00266,-0.03528,0.99452,1.00,-0.11779,-0.06245,-0.00742,0.99104,-0.09863,-0.03013,-0.03910,0.99390,1.00
836,0.00,0.00,0.02166,0.02839,-0.03375,0.99879,-0.11869,-0.03495,-0.00418,0.99231,-0.09836,-0.00264,-0.03505,0.99453,1.00,-0.11792,-0.06246,-0.00743,0.99103,-0.09863,-0.03010,-0.03887,0.99391,1.00
847,0.00,0.00,0.02151,0.02838,-0.03337,0.99881,-0.11857,-0.03485,-0.00416,0.99233,-0.09836,-0.00260,-0.03466,0.99454,1.00,-0.11781,-0.06236,-0.00741,0.99105,-0.09865,-0.03006,-0.03848,0.99392,1.00
858,0.00,0.00,0.02123,0.02828,-0.03285,0.99883,-0.11721,-0.03484,-0.00411,0.99249,-0.09726,-0.00279,-0.03414,0.99467,1.00,-0.11650,-0.06232,-0.00732,0.99121,-0.09757,-0.03024,-0.03791,0.99405,1.00
869,0.00,0.00,0.02086,0.02803,-0.03239,0.99886,-0.11686,-0.03447,-0.00406,0.99254,-0.09726,-0.00274,-0.03364,0.99469,1.00,-0.11618,-0.06195,-0.00726,0.99127,-0.09758,-0.03019,-0.03739,0.99407,1.00
881,0.00,0.00,0.02040,0.02767,-0.03192,0.99890,-0.11644,-0.03399,-0.00399,0.99261,-0.09726,-0.00269,-0.03314,0.99470,1.00,-0.11578,-0.06147,-0.00718,0.99134,-0.09760,-0.03013,-0.03686,0.99409,1.00
891,0.00,0.00,0.01989,0.02721,-0.03139,0.99894,-0.11607,-0.03333,-0.00390,0.99267,-0.09735,-0.00257,-0.03256,0.99471,1.00,-0.11542,-0.06081,-0.00708,0.99143,-0.09767,-0.03001,-0.03626,0.99410,1.00
903,0.00,0.00,0.01928,0.02660,-0.03093,0.99898,-0.11550,-0.03261,-0.00379,0.99276,-0.09735,-0.00252,-0.03205,0.99473,1.00,-0.11488,-0.06008,-0.00696,0.99154,-0.09769,-0.02996,-0.03572,0.99412,1.00
914,0.00,0.00,0.01870,0.02600,-0.03056,0.99902,-0.11496,-0.03190,-0.00369,0.99285,-0.09735,-0.00248,-0.03164,0.99474,1.00,-0.11437,-0.05937,-0.00685,0.99164,-0.09770,-0.02991,-0.03528,0.99414,1.00
925,0.00,0.00,0.01805,0.02532,-0.03029,0.99906,-0.11506,-0.02745,-0.00318,0.99297,-0.09794,0.00127,-0.03083,0.99471,1.00,-0.11449,-0.05494,-0.00634,0.99188,-0.09830,-0.02619,-0.03447,0.99421,1.00
936,0.00,0.00,0.01740,0.02462,-0.03005,0.99909,-0.11445,-0.02667,-0.00307,0.99307,-0.09794,0.00130,-0.03056,0.99472,1.00,-0.11389,-0.05416,-0.00622,0.99200,-0.09831,-0.02616,-0.03416,0.99423,1.00
947,0.00,0.00,0.01681,0.02390,-0.02989,0.99913,-0.11389,-0.02589,-0.00297,0.99315,-0.09794,0.00132,-0.03036,0.99473,1.00,-0.11335,-0.05338,-0.00610,0.99210,-0.09831,-0.02614,-0.03393,0.99423,1.00
958,0.00,0.00,0.01630,0.02318,-0.02976,0.99916,-0.10817,-0.02347,-0.00255,0.99385,-0.09264,0.00285,-0.03001,0.99524,1.00,-0.10765,-0.05093,-0.00552,0.99287,-0.09302,-0.02457,-0.03340,0.99480,1.00
970,0.00,0.00,0.01590,0.02248,-0.02983,0.99918,-0.10779,-0.02278,-0.00247,0.99391,-0.09264,0.00284,-0.03006,0.99524,1.00,-0.10727,-0.05023,-0.00543,0.99295,-0.09302,-0.02458,-0.03343,0.99480,1.00
981,0.00,0.00,0.01557,0.02191,-0.02999,0.99919,-0.10748,-0.02223,-0.00240,0.99396,-0.09264,0.00283,-0.03020,0.99524,1.00,-0.10696,-0.04968,-0.00535,0.99301,-0.09302,-0.02459,-0.03355,0.99480,1.00
992,0.00,0.00,0.01539,0.02141,-0.02999,0.99920,-0.10728,-0.02329,-0.00251,0.99395,-0.09264,0.00127,-0.03039,0.99523,1.00,-0.10672,-0.05073,-0.00545,0.99298,-0.09298,-0.02615,-0.03373,0.99475,1.00
1003,0.00,0.00,0.01530,0.02097,-0.02997,0.99921,-0.10720,-0.02283,-0.00246,0.99397,-0.09264,0.00127,-0.03035,0.99524,1.00,-0.10664,-0.05028,-0.00540,0.99301,-0.09299,-0.02614,-0.03368,0.99475,1.00
1015,0.00,0.00,0.01535,0.02058,-0.02983,0.99923,-0.10726,-0.02242,-0.00242,0.99398,-0.09264,0.00129,-0.03021,0.99524,1.00,-0.10671,-0.04987,-0.00536,0.99302,-0.09299,-0.02613,-0.03355,0.99476,1.00
1025,0.00,0.00,0.01551,0.02027,-0.02965,0.99923,-0.10534,-0.02297,-0.00243,0.99417,-0.09057,0.00036,-0.03013,0.99543,1.00,-0.10481,-0.05041,-0.00532,0.99320,-0.09093,-0.02705,-0.03342,0.99493,1.00
1036,0.00,0.00,0.01566,0.02009,-0.02938,0.99924,-0.10550,-0.02275,-0.00241,0.99416,-0.09057,0.00038,-0.02986,0.99544,1.00,-0.10499,-0.05018,-0.00530,0.99319,-0.09094,-0.02702,-0.03316,0.99494,1.00
1048,0.00,0.00,0.01581,0.02001,-0.02922,0.99925,-0.10566,-0.02264,-0.00241,0.99414,-0.09057,0.00040,-0.02970,0.99545,1.00,-0.10516,-0.05007,-0.00530,0.99318,-0.09094,-0.02701,-0.03301,0.99494,1.00
1059,0.00,0.00,0.01587,0.01993,-0.02900,0.99925,-0.10548,-0.02296,-0.00244,0.99415,-0.09034,-0.00002,-0.02953,0.99547,1.00,-0.10499,-0.05040,-0.00533,0.99318,-0.09071,-0.02743,-0.03284,0.99496,1.00
1070,0.00,0.00,0.01590,0.01997,-0.02885,0.99926,-0.10551,-0.02296,-0.00244,0.99415,-0.09034,-0.00001,-0.02937,0.99548,1.00,-0.10503,-0.05040,-0.00533,0.99318,-0.09072,-0.02742,-0.03268,0.99496,1.00
1081,0.00,0.00,0.01590,0.02005,-0.02866,0.99926,-0.10551,-0.02300,-0.00244,0.99415,-0.09034,0.00001,-0.02918,0.99548,1.00,-0.10504,-0.05044,-0.00533,0.99317,-0.09072,-0.02740,-0.03249,0.99497,1.00
1092,0.00,0.00,0.01591,0.02019,-0.02844,0.99926,-0.10419,-0.02360,-0.00247,0.99427,-0.08902,-0.00050,-0.02902,0.99561,1.00,-0.10371,-0.05103,-0.00533,0.99328,-0.08939,-0.02790,-0.03229,0.99508,1.00
1103,0.00,0.00,0.01588,0.02025,-0.02818,0.99927,-0.10417,-0.02361,-0.00247,0.99428,-0.08902,-0.00048,-0.02875,0.99561,1.00,-0.10371,-0.05104,-0.00533,0.99328,-0.08940,-0.02788,-0.03202,0.99509,1.00
1114,0.00,0.00,0.01575,0.02030,-0.02805,0.99928,-0.10404,-0.02363,-0.00247,0.99429,-0.08902,-0.00047,-0.02862,0.99562,1.00,-0.10358,-0.05106,-0.00532,0.99330,-0.08940,-0.02786,-0.03189,0.99509,1.00
1125,0.00,0.00,0.01569,0.02042,-0.02800,0.99928,-0.10347,-0.02197,-0.00229,0.99439,-0.08846,0.00128,-0.02836,0.99568,1.00,-0.10301,-0.04941,-0.00512,0.99344,-0.08884,-0.02612,-0.03160,0.99520,1.00
1137,0.00,0.00,0.01562,0.02052,-0.02801,0.99928,-0.10340,-0.02207,-0.00229,0.99439,-0.08846,0.00128,-0.02837,0.99568,1.00,-0.10294,-0.04950,-0.00513,0.99344,-0.08884,-0.02612,-0.03161,0.99520,1.00
1148,0.00,0.00,0.01551,0.02057,-0.02810,0.99927,-0.10328,-0.02214,-0.00230,0.99440,-0.08846,0.00127,-0.02846,0.99567,1.00,-0.10282,-0.04957,-0.00513,0.99345,-0.08884,-0.02613,-0.03169,0.99520,1.00
1159,0.00,0.00,0.01536,0.02057,-0.02808,0.99928,-0.10278,-0.02196,-0.00227,0.99446,-0.08809,0.00143,-0.02842,0.99571,1.00,-0.10229,-0.04939,-0.00509,0.99351,-0.08845,-0.02597,-0.03164,0.99524,1.00
1170,0.00,0.00,0.01505,0.02056,-0.02819,0.99928,-0.10247,-0.02196,-0.00226,0.99449,-0.08809,0.00142,-0.02852,0.99570,1.00,-0.10198,-0.04939,-0.00507,0.99355,-0.08845,-0.02598,-0.03172,0.99524,1.00
1181,0.00,0.00,0.01450,0.02046,-0.02818,0.99929,-0.10193,-0.02185,-0.00224,0.99455,-0.08809,0.00142,-0.02849,0.99570,1.00,-0.10144,-0.04926,-0.00503,0.99361,-0.08845,-0.02597,-0.03166,0.99524,1.00
1192,0.00,0.00,0.01373,0.02042,-0.02813,0.99930,-0.09977,-0.01998,-0.00200,0.99481,-0.08664,0.00318,-0.02823,0.99583,1.00,-0.09931,-0.04738,-0.00473,0.99392,-0.08702,-0.02420,-0.03132,0.99542,1.00
1203,0.00,0.00,0.01293,0.02036,-0.02818,0.99931,-0.09897,-0.01990,-0.00198,0.99489,-0.08664,0.00318,-0.02826,0.99583,1.00,-0.09852,-0.04730,-0.00469,0.99400,-0.08702,-0.02420,-0.03130,0.99542,1.00
1215,0.00,0.00,0.01224,0.02034,-0.02845,0.99931,-0.09828,-0.01991,-0.00197,0.99496,-0.08664,0.00316,-0.02852,0.99583,1.00,-0.09781,-0.04731,-0.00465,0.99407,-0.08702,-0.02422,-0.03152,0.99541,1.00
1226,0.00,0.00,0.01145,0.02032,-0.02871,0.99932,-0.09850,-0.01996,-0.00198,0.99493,-0.08765,0.00312,-0.02877,0.99573,1.00,-0.09802,-0.04736,-0.00467,0.99405,-0.08802,-0.02426,-0.03176,0.99532,1.00
1237,0.00,0.00,0.01072,0.02031,-0.02879,0.99932,-0.09777,-0.01994,-0.00196,0.99501,-0.08765,0.00312,-0.02883,0.99573,1.00,-0.09729,-0.04733,-0.00463,0.99412,-0.08802,-0.02426,-0.03178,0.99532,1.00
1248,0.00,0.00,0.00999,0.02030,-0.02887,0.99933,-0.09704,-0.01992,-0.00194,0.99508,-0.08765,0.00311,-0.02890,0.99573,1.00,-0.09656,-0.04731,-0.00459,0.99419,-0.08802,-0.02426,-0.03180,0.99532,1.00
1259,0.00,0.00,0.00934,0.02035,-0.02879,0.99933,-0.09804,-0.02041,-0.00201,0.99497,-0.08931,0.00270,-0.02885,0.99558,1.00,-0.09756,-0.04780,-0.00469,0.99407,-0.08969,-0.02468,-0.03177,0.99516,1.00
1270,0.00,0.00,0.00875,0.02037,-0.02873,0.99934,-0.09746,-0.02040,-0.00200,0.99503,-0.08931,0.00270,-0.02878,0.99558,1.00,-0.09699,-0.04779,-0.00466,0.99413,-0.08969,-0.02468,-0.03166,0.99516,1.00
1281,0.00,0.00,0.00825,0.02040,-0.02863,0.99935,-0.09696,-0.02039,-0.00199,0.99508,-0.08931,0.00271,-0.02867,0.99559,1.00,-0.09649,-0.04778,-0.00464,0.99418,-0.08969,-0.02466,-0.03153,0.99517,1.00
1292,0.00,0.00,0.00774,0.02039,-0.02865,0.99935,-0.09679,-0.02092,-0.00203,0.99508,-0.08967,0.00217,-0.02873,0.99556,1.00,-0.09634,-0.04830,-0.00468,0.99417,-0.09006,-0.02520,-0.03157,0.99512,1.00
1304,0.00,0.00,0.00724,0.02040,-0.02864,0.99936,-0.09630,-0.02091,-0.00202,0.99513,-0.08967,0.00218,-0.02871,0.99556,1.00,-0.09585,-0.04828,-0.00465,0.99421,-0.09006,-0.02519,-0.03152,0.99512,1.00
1315,0.00,0.00,0.00682,0.02039,-0.02857,0.99936,-0.09588,-0.02088,-0.00201,0.99517,-0.08967,0.00218,-0.02863,0.99556,1.00,-0.09544,-0.04825,-0.00463,0.99425,-0.09006,-0.02519,-0.03142,0.99512,1.00
1326,0.00,0.00,0.00631,0.02032,-0.02849,0.99937,-0.09714,-0.02088,-0.00204,0.99505,-0.09144,0.00213,-0.02854,0.99540,1.00,-0.09669,-0.04826,-0.00469,0.99413,-0.09183,-0.02525,-0.03135,0.99496,1.00
1337,0.00,0.00,0.00586,0.02030,-0.02831,0.99938,-0.09670,-0.02082,-0.00202,0.99509,-0.09144,0.00215,-0.02835,0.99540,1.00,-0.09626,-0.04820,-0.00467,0.99418,-0.09184,-0.02523,-0.03114,0.99497,1.00
1348,0.00,0.00,0.00501,0.02024,-0.02814,0.99939,-0.09586,-0.02070,-0.00199,0.99518,-0.09144,0.00216,-0.02816,0.99541,1.00,-0.09544,-0.04807,-0.00461,0.99426,-0.09185,-0.02521,-0.03090,0.99497,1.00
1359,0.00,0.00,0.00375,0.02018,-0.02782,0.99940,-0.09518,-0.02081,-0.00199,0.99524,-0.09201,0.00194,-0.02784,0.99537,1.00,-0.09477,-0.04818,-0.00459,0.99432,-0.09242,-0.02543,-0.03052,0.99493,1.00
1370,0.00,0.00,0.00245,0.02011,-0.02756,0.99941,-0.09390,-0.02066,-0.00195,0.99537,-0.09201,0.00197,-0.02754,0.99538,1.00,-0.09351,-0.04801,-0.00451,0.99445,-0.09243,-0.02540,-0.03015,0.99494,1.00
1382,0.00,0.00,0.00145,0.02007,-0.02719,0.99943,-0.09291,-0.02051,-0.00191,0.99546,-0.09201,0.00200,-0.02715,0.99539,1.00,-0.09254,-0.04786,-0.00445,0.99455,-0.09244,-0.02535,-0.02971,0.99495,1.00
1393,0.00,0.00,0.00058,0.02007,-0.02697,0.99943,-0.09386,-0.02063,-0.00194,0.99537,-0.09383,0.00190,-0.02692,0.99522,1.00,-0.09348,-0.04798,-0.00451,0.99445,-0.09423,-0.02547,-0.02948,0.99479,1.00
1404,0.00,0.00,-0.00018,0.02006,-0.02679,0.99944,-0.09311,-0.02055,-0.00192,0.99544,-0.09383,0.00192,-0.02672,0.99523,1.00,-0.09274,-0.04790,-0.00447,0.99453,-0.09424,-0.02545,-0.02924,0.99479,1.00
1415,0.00,0.00,-0.00097,0.02005,-0.02663,0.99944,-0.09233,-0.02049,-0.00190,0.99552,-0.09382,0.00194,-0.02653,0.99523,1.00,-0.09197,-0.04784,-0.00442,0.99460,-0.09425,-0.02542,-0.02901,0.99480,1.00
1426,0.00,0.00,-0.00174,0.01997,-0.02649,0.99945,-0.09407,-0.01995,-0.00189,0.99536,-0.09632,0.00242,-0.02634,0.99500,1.00,-0.09368,-0.04732,-0.00446,0.99447,-0.09671,-0.02496,-0.02885,0.99458,1.00
1437,0.00,0.00,-0.00249,0.01986,-0.02636,0.99945,-0.09333,-0.01980,-0.00186,0.99544,-0.09632,0.00243,-0.02619,0.99500,1.00,-0.09295,-0.04716,-0.00441,0.99454,-0.09671,-0.02494,-0.02866,0.99459,1.00
1448,0.00,0.00,-0.00316,0.01965,-0.02624,0.99946,-0.09267,-0.01955,-0.00182,0.99550,-0.09632,0.00245,-0.02605,0.99501,1.00,-0.09230,-0.04691,-0.00435,0.99462,-0.09671,-0.02492,-0.02848,0.99459,1.00
1459,0.00,0.00,-0.00379,0.01949,-0.02610,0.99946,-0.09457,-0.01867,-0.00177,0.99534,-0.09882,0.00320,-0.02584,0.99476,1.00,-0.09418,-0.04604,-0.00436,0.99448,-0.09919,-0.02419,-0.02830,0.99437,1.00
1471,0.00,0.00,-0.00439,0.01929,-0.02599,0.99947,-0.09399,-0.01843,-0.00174,0.99540,-0.09882,0.00322,-0.02572,0.99477,1.00,-0.09361,-0.04580,-0.00431,0.99455,-0.09920,-0.02417,-0.02815,0.99438,1.00
1482,0.00,0.00,-0.00499,0.01912,-0.02592,0.99947,-0.09339,-0.01823,-0.00171,0.99546,-0.09882,0.00322,-0.02564,0.99477,1.00,-0.09302,-0.04559,-0.00426,0.99461,-0.09920,-0.02416,-0.02804,0.99438,1.00
1493,0.00,0.00,-0.00567,0.01900,-0.02586,0.99947,-0.09494,-0.01735,-0.00165,0.99533,-0.10101,0.00402,-0.02549,0.99455,1.00,-0.09456,-0.04473,-0.00425,0.99451,-0.10138,-0.02339,-0.02791,0.99418,1.00
1504,0.00,0.00,-0.00634,0.01878,-0.02576,0.99947,-0.09428,-0.01709,-0.00162,0.99540,-0.10101,0.00403,-0.02538,0.99455,1.00,-0.09391,-0.04447,-0.00420,0.99458,-0.10139,-0.02337,-0.02777,0.99419,1.00
1515,0.00,0.00,-0.00702,0.01869,-0.02573,0.99947,-0.09360,-0.01698,-0.00160,0.99546,-0.10101,0.00403,-0.02534,0.99455,1.00,-0.09323,-0.04435,-0.00416,0.99465,-0.10139,-0.02337,-0.02769,0.99419,1.00
1526,0.00,0.00,-0.00791,0.01860,-0.02567,0.99947,-0.09013,-0.01702,-0.00154,0.99578,-0.09842,0.00381,-0.02529,0.99482,1.00,-0.08977,-0.04436,-0.00400,0.99497,-0.09880,-0.02356,-0.02752,0.99445,1.00
1538,0.00,0.00,-0.00894,0.01850,-0.02549,0.99946,-0.08911,-0.01686,-0.00151,0.99588,-0.09842,0.00383,-0.02510,0.99482,1.00,-0.08876,-0.04419,-0.00394,0.99506,-0.09881,-0.02353,-0.02727,0.99445,1.00
1549,0.00,0.00,-0.00993,0.01832,-0.02527,0.99946,-0.08813,-0.01661,-0.00147,0.99597,-0.09842,0.00386,-0.02486,0.99483,1.00,-0.08780,-0.04394,-0.00388,0.99516,-0.09881,-0.02351,-0.02698,0.99446,1.00
1560,0.00,0.00,-0.01073,0.01820,-0.02507,0.99946,-0.08696,-0.01694,-0.00148,0.99607,-0.09805,0.00335,-0.02469,0.99487,1.00,-0.08662,-0.04426,-0.00385,0.99525,-0.09844,-0.02400,-0.02675,0.99449,1.00
1571,0.00,0.00,-0.01149,0.01806,-0.02495,0.99946,-0.08621,-0.01677,-0.00145,0.99613,-0.09805,0.00337,-0.02455,0.99487,1.00,-0.08589,-0.04408,-0.00380,0.99532,-0.09844,-0.02398,-0.02658,0.99450,1.00
1582,0.00,0.00,-0.01216,0.01808,-0.02475,0.99946,-0.08554,-0.01673,-0.00144,0.99619,-0.09805,0.00339,-0.02434,0.99488,1.00,-0.08523,-0.04404,-0.00377,0.99538,-0.09845,-0.02396,-0.02633,0.99451,1.00
1593,0.00,0.00,-0.01277,0.01792,-0.02456,0.99946,-0.08727,-0.01706,-0.00150,0.99604,-0.10039,0.00292,-0.02417,0.99465,1.00,-0.08694,-0.04439,-0.00388,0.99522,-0.10077,-0.02444,-0.02619,0.99427,1.00
1604,0.00,0.00,-0.01326,0.01795,-0.02442,0.99945,-0.08679,-0.01705,-0.00149,0.99608,-0.10039,0.00294,-0.02402,0.99465,1.00,-0.08647,-0.04437,-0.00386,0.99526,-0.10077,-0.02442,-0.02601,0.99427,1.00
1614,0.00,0.00,-0.01374,0.01796,-0.02430,0.99945,-0.08631,-0.01703,-0.00148,0.99612,-0.10039,0.00295,-0.02389,0.99466,1.00,-0.08600,-0.04434,-0.00383,0.99530,-0.10077,-0.02441,-0.02586,0.99427,1.00
1625,0.00,0.00,-0.01411,0.01797,-0.02425,0.99944,-0.08348,-0.01709,-0.00143,0.99636,-0.09793,0.00283,-0.02385,0.99490,1.00,-0.08316,-0.04439,-0.00371,0.99554,-0.09831,-0.02451,-0.02573,0.99452,1.00
1635,0.00,0.00,-0.01438,0.01806,-0.02418,0.99944,-0.08321,-0.01716,-0.00143,0.99638,-0.09793,0.00283,-0.02377,0.99491,1.00,-0.08289,-0.04446,-0.00370,0.99556,-0.09831,-0.02450,-0.02563,0.99452,1.00
1647,0.00,0.00,-0.01468,0.01817,-0.02420,0.99943,-0.08291,-0.01726,-0.00144,0.99641,-0.09793,0.00283,-0.02379,0.99490,1.00,-0.08260,-0.04456,-0.00370,0.99558,-0.09831,-0.02450,-0.02563,0.99452,1.00
1658,0.00,0.00,-0.01488,0.01824,-0.02409,0.99943,-0.08291,-0.01529,-0.00127,0.99644,-0.09808,0.00487,-0.02354,0.99489,1.00,-0.08260,-0.04259,-0.00353,0.99567,-0.09847,-0.02247,-0.02538,0.99456,1.00
1669,0.00,0.00,-0.01505,0.01837,-0.02425,0.99942,-0.08274,-0.01544,-0.00128,0.99645,-0.09808,0.00486,-0.02369,0.99488,1.00,-0.08242,-0.04274,-0.00354,0.99567,-0.09846,-0.02248,-0.02552,0.99456,1.00
1676,0.00,0.00,-0.01512,0.01845,-0.02446,0.99942,-0.08266,-0.01556,-0.00129,0.99646,-0.09809,0.00484,-0.02390,0.99488,1.00,-0.08234,-0.04286,-0.00354,0.99568,-0.09846,-0.02250,-0.02573,0.99455,1.00
1686,0.00,0.00,-0.01514,0.01868,-0.02472,0.99941,-0.08303,-0.01576,-0.00131,0.99642,-0.09848,0.00489,-0.02416,0.99483,1.00,-0.08268,-0.04307,-0.00358,0.99564,-0.09884,-0.02245,-0.02599,0.99451,1.00
1697,0.00,0.00,-0.01534,0.01881,-0.02499,0.99939,-0.08283,-0.01594,-0.00132,0.99644,-0.09848,0.00486,-0.02442,0.99483,1.00,-0.08247,-0.04323,-0.00358,0.99565,-0.09883,-0.02248,-0.02625,0.99450,1.00
1708,0.00,0.00,-0.01538,0.01896,-0.02506,0.99939,-0.08278,-0.01610,-0.00134,0.99644,-0.09848,0.00486,-0.02449,0.99483,1.00,-0.08241,-0.04340,-0.00359,0.99565,-0.09883,-0.02249,-0.02631,0.99450,1.00
1719,0.00,0.00,-0.01555,0.01919,-0.02512,0.99938,-0.08302,-0.01608,-0.00134,0.99642,-0.09890,0.00512,-0.02453,0.99478,1.00,-0.08267,-0.04338,-0.00360,0.99563,-0.09926,-0.02223,-0.02635,0.99446,1.00
1731,0.00,0.00,-0.01557,0.01931,-0.02500,0.99938,-0.08300,-0.01618,-0.00135,0.99642,-0.09890,0.00513,-0.02440,0.99479,1.00,-0.08265,-0.04348,-0.00361,0.99562,-0.09926,-0.02222,-0.02622,0.99447,1.00
1742,0.00,0.00,-0.01568,0.01945,-0.02496,0.99938,-0.08289,-0.01631,-0.00136,0.99642,-0.09890,0.00513,-0.02436,0.99479,1.00,-0.08254,-0.04361,-0.00362,0.99563,-0.09926,-0.02221,-0.02618,0.99447,1.00
1754,0.00,0.00,-0.01585,0.01966,-0.02497,0.99937,-0.08057,-0.01890,-0.00153,0.99657,-0.09682,0.00270,-0.02453,0.99500,1.00,-0.08022,-0.04617,-0.00372,0.99570,-0.09718,-0.02462,-0.02628,0.99462,1.00
1765,0.00,0.00,-0.01597,0.01982,-0.02514,0.99936,-0.08045,-0.01909,-0.00154,0.99657,-0.09682,0.00268,-0.02470,0.99499,1.00,-0.08009,-0.04636,-0.00373,0.99570,-0.09717,-0.02463,-0.02643,0.99461,1.00
1777,0.00,0.00,-0.01610,0.01991,-0.02517,0.99936,-0.08032,-0.01918,-0.00155,0.99658,-0.09682,0.00268,-0.02472,0.99499,1.00,-0.07995,-0.04645,-0.00373,0.99571,-0.09717,-0.02464,-0.02645,0.99461,1.00
1788,0.00,0.00,-0.01619,0.02009,-0.02525,0.99935,-0.08059,-0.01888,-0.00153,0.99657,-0.09718,0.00316,-0.02476,0.99495,1.00,-0.08023,-0.04615,-0.00372,0.99570,-0.09754,-0.02415,-0.02649,0.99459,1.00
1800,0.00,0.00,-0.01626,0.02023,-0.02525,0.99934,-0.08052,-0.01902,-0.00154,0.99657,-0.09718,0.00316,-0.02476,0.99495,1.00,-0.08016,-0.04629,-0.00373,0.99570,-0.09754,-0.02415,-0.02649,0.99459,1.00
1812,0.00,0.00,-0.01636,0.02029,-0.02516,0.99934,-0.08042,-0.01906,-0.00154,0.99658,-0.09718,0.00317,-0.02467,0.99496,1.00,-0.08006,-0.04633,-0.00373,0.99571,-0.09754,-0.02414,-0.02639,0.99459,1.00
1823,0.00,0.00,-0.01645,0.02036,-0.02511,0.99934,-0.08042,-0.01867,-0.00151,0.99659,-0.09726,0.00363,-0.02459,0.99495,1.00,-0.08007,-0.04594,-0.00369,0.99572,-0.09763,-0.02369,-0.02631,0.99459,1.00
1834,0.00,0.00,-0.01641,0.02046,-0.02516,0.99934,-0.08045,-0.01878,-0.00152,0.99658,-0.09726,0.00362,-0.02464,0.99495,1.00,-0.08010,-0.04605,-0.00370,0.99572,-0.09762,-0.02369,-0.02636,0.99459,1.00
1846,0.00,0.00,-0.01647,0.02049,-0.02525,0.99934,-0.08039,-0.01882,-0.00152,0.99658,-0.09726,0.00361,-0.02473,0.99495,1.00,-0.08004,-0.04609,-0.00370,0.99572,-0.09762,-0.02370,-0.02645,0.99459,1.00
1857,0.00,0.00,-0.01639,0.02051,-0.02540,0.99933,-0.08046,-0.02351,-0.00190,0.99648,-0.09737,-0.00105,-0.02518,0.99493,1.00,-0.08004,-0.05076,-0.00408,0.99549,-0.09768,-0.02834,-0.02689,0.99445,1.00
1869,0.00,0.00,-0.01628,0.02047,-0.02551,0.99933,-0.08057,-0.02349,-0.00190,0.99647,-0.09737,-0.00106,-0.02529,0.99493,1.00,-0.08015,-0.05074,-0.00409,0.99548,-0.09768,-0.02836,-0.02702,0.99445,1.00
1880,0.00,0.00,-0.01615,0.02045,-0.02560,0.99933,-0.08070,-0.02349,-0.00190,0.99646,-0.09737,-0.00107,-0.02538,0.99492,1.00,-0.08027,-0.05074,-0.00409,0.99547,-0.09768,-0.02837,-0.02711,0.99444,1.00
1891,0.00,0.00,-0.01625,0.02036,-0.02561,0.99933,-0.08031,-0.02352,-0.00190,0.99649,-0.09709,-0.00119,-0.02540,0.99495,1.00,-0.07989,-0.05077,-0.00407,0.99550,-0.09739,-0.02849,-0.02712,0.99447,1.00
1902,0.00,0.00,-0.01648,0.02037,-0.02552,0.99933,-0.08008,-0.02351,-0.00189,0.99651,-0.09709,-0.00118,-0.02530,0.99495,1.00,-0.07967,-0.05075,-0.00406,0.99552,-0.09740,-0.02848,-0.02701,0.99447,1.00
1914,0.00,0.00,-0.01666,0.02041,-0.02541,0.99933,-0.07990,-0.02353,-0.00189,0.99652,-0.09709,-0.00117,-0.02518,0.99496,1.00,-0.07949,-0.05077,-0.00405,0.99553,-0.09740,-0.02846,-0.02688,0.99448,1.00
1925,0.00,0.00,-0.01680,0.02048,-0.02553,0.99932,-0.07794,-0.02518,-0.00197,0.99664,-0.09531,-0.00280,-0.02539,0.99512,1.00,-0.07753,-0.05240,-0.00408,0.99560,-0.09562,-0.03007,-0.02702,0.99460,1.00
1936,0.00,0.00,-0.01690,0.02062,-0.02591,0.99931,-0.07783,-0.02538,-0.00198,0.99664,-0.09531,-0.00284,-0.02577,0.99511,1.00,-0.07739,-0.05260,-0.00409,0.99560,-0.09561,-0.03011,-0.02740,0.99459,1.00
1947,0.00,0.00,-0.01700,0.02062,-0.02602,0.99930,-0.07772,-0.02540,-0.00198,0.99665,-0.09531,-0.00285,-0.02588,0.99511,1.00,-0.07729,-0.05262,-0.00408,0.99561,-0.09561,-0.03012,-0.02750,0.99458,1.00
1958,0.00,0.00,-0.01697,0.02070,-0.02608,0.99930,-0.07793,-0.02378,-0.00186,0.99667,-0.09545,-0.00113,-0.02583,0.99510,1.00,-0.07751,-0.05101,-0.00397,0.99568,-0.09577,-0.02841,-0.02746,0.99462,1.00
1969,0.00,0.00,-0.01703,0.02075,-0.02604,0.99930,-0.07787,-0.02382,-0.00186,0.99668,-0.09545,-0.00113,-0.02579,0.99510,1.00,-0.07746,-0.05105,-0.00397,0.99568,-0.09577,-0.02841,-0.02742,0.99462,1.00
1981,0.00,0.00,-0.01705,0.02079,-0.02593,0.99930,-0.07785,-0.02384,-0.00186,0.99668,-0.09545,-0.00112,-0.02568,0.99510,1.00,-0.07744,-0.05107,-0.00397,0.99568,-0.09577,-0.02840,-0.02730,0.99462,1.00
1992,0.00,0.00,-0.01706,0.02080,-0.02574,0.99931,-0.07812,-0.02241,-0.00176,0.99669,-0.09569,0.00032,-0.02540,0.99509,1.00,-0.07775,-0.04965,-0.00388,0.99573,-0.09605,-0.02697,-0.02704,0.99464,1.00
2003,0.00,0.00,-0.01711,0.02083,-0.02556,0.99931,-0.07808,-0.02240,-0.00175,0.99669,-0.09569,0.00034,-0.02522,0.99509,1.00,-0.07772,-0.04964,-0.00387,0.99573,-0.09605,-0.02695,-0.02685,0.99465,1.00
2014,0.00,15.00,-0.01715,0.02084,-0.02547,0.99931,-0.07804,-0.02240,-0.00175,0.99670,-0.09569,0.00034,-0.02513,0.99509,1.00,-0.07768,-0.04964,-0.00387,0.99573,-0.09605,-0.02694,-0.02676,0.99465,1.00
2025,0.00,15.00,-0.01717,0.02087,-0.02542,0.99931,-0.07942,-0.02223,-0.00177,0.99659,-0.09707,0.00057,-0.02506,0.99496,1.00,-0.07905,-0.04948,-0.00393,0.99563,-0.09743,-0.02673,-0.02673,0.99452,1.00
2036,0.00,15.00,-0.01713,0.02085,-0.02540,0.99931,-0.07946,-0.02221,-0.00177,0.99659,-0.09707,0.00057,-0.02504,0.99496,1.00,-0.07909,-0.04946,-0.00393,0.99563,-0.09743,-0.02673,-0.02672,0.99452,1.00
2047,0.00,15.00,-0.01709,0.02076,-0.02540,0.99932,-0.07950,-0.02213,-0.00177,0.99659,-0.09707,0.00057,-0.02505,0.99496,1.00,-0.07914,-0.04937,-0.00392,0.99563,-0.09743,-0.02673,-0.02672,0.99452,1.00
2058,0.00,15.00,-0.01698,0.02067,-0.02535,0.99932,-0.07969,-0.02211,-0.00177,0.99657,-0.09715,0.00049,-0.02501,0.99496,1.00,-0.07931,-0.04936,-0.00393,0.99562,-0.09749,-0.02680,-0.02669,0.99452,1.00
2069,0.00,15.00,-0.01687,0.02056,-0.02534,0.99933,-0.07980,-0.02200,-0.00176,0.99657,-0.09715,0.00050,-0.02500,0.99496,1.00,-0.07942,-0.04925,-0.00393,0.99562,-0.09749,-0.02680,-0.02669,0.99452,1.00
2080,0.00,15.00,-0.01674,0.02041,-0.02532,0.99933,-0.07994,-0.02185,-0.00175,0.99656,-0.09715,0.00050,-0.02499,0.99496,1.00,-0.07956,-0.04910,-0.00392,0.99561,-0.09749,-0.02680,-0.02668,0.99452,1.00
2091,0.00,15.00,-0.01667,0.02029,-0.02526,0.99934,-0.07992,-0.02281,-0.00183,0.99654,-0.09709,-0.00058,-0.02499,0.99496,1.00,-0.07954,-0.05006,-0.00400,0.99557,-0.09742,-0.02788,-0.02669,0.99449,1.00
2102,0.00,15.00,-0.01664,0.02018,-0.02517,0.99934,-0.07995,-0.02268,-0.00182,0.99654,-0.09709,-0.00058,-0.02491,0.99496,1.00,-0.07957,-0.04993,-0.00399,0.99557,-0.09743,-0.02787,-0.02661,0.99450,1.00
2113,0.00,15.00,-0.01660,0.02012,-0.02504,0.99935,-0.08000,-0.02260,-0.00181,0.99654,-0.09709,-0.00056,-0.02478,0.99497,1.00,-0.07962,-0.04984,-0.00399,0.99557,-0.09743,-0.02786,-0.02649,0.99450,1.00
2124,0.00,15.00,-0.01659,0.02008,-0.02494,0.99935,-0.08195,-0.02282,-0.00188,0.99637,-0.09904,-0.00079,-0.02471,0.99478,1.00,-0.08157,-0.05008,-0.00410,0.99540,-0.09936,-0.02810,-0.02646,0.99430,1.00
2135,0.00,15.00,-0.01651,0.02002,-0.02482,0.99936,-0.08204,-0.02274,-0.00187,0.99637,-0.09904,-0.00078,-0.02458,0.99478,1.00,-0.08166,-0.05000,-0.00410,0.99540,-0.09937,-0.02809,-0.02634,0.99431,1.00
2147,0.00,15.00,-0.01650,0.02000,-0.02473,0.99936,-0.08205,-0.02271,-0.00187,0.99637,-0.09904,-0.00077,-0.02449,0.99478,1.00,-0.08168,-0.04997,-0.00410,0.99540,-0.09937,-0.02808,-0.02625,0.99431,1.00
2158,0.00,15.00,-0.01644,0.01994,-0.02457,0.99936,-0.08196,-0.02182,-0.00179,0.99640,-0.09886,0.00005,-0.02428,0.99481,1.00,-0.08159,-0.04908,-0.00402,0.99545,-0.09919,-0.02726,-0.02605,0.99435,1.00
2169,0.00,15.00,-0.01640,0.01994,-0.02454,0.99937,-0.08200,-0.02181,-0.00180,0.99639,-0.09886,0.00005,-0.02425,0.99481,1.00,-0.08164,-0.04908,-0.00402,0.99544,-0.09919,-0.02726,-0.02601,0.99435,1.00
2180,0.00,15.00,-0.01638,0.01996,-0.02445,0.99937,-0.08202,-0.02181,-0.00180,0.99639,-0.09886,0.00006,-0.02416,0.99481,1.00,-0.08166,-0.04908,-0.00403,0.99544,-0.09919,-0.02725,-0.02592,0.99436,1.00
2191,0.00,15.00,-0.01638,0.01999,-0.02441,0.99937,-0.08117,-0.02203,-0.00179,0.99646,-0.09801,-0.00014,-0.02414,0.99489,1.00,-0.08080,-0.04929,-0.00400,0.99550,-0.09833,-0.02745,-0.02588,0.99444,1.00
2202,0.00,15.00,-0.01628,0.02003,-0.02434,0.99937,-0.08127,-0.02206,-0.00180,0.99645,-0.09801,-0.00014,-0.02406,0.99489,1.00,-0.08090,-0.04932,-0.00401,0.99549,-0.09833,-0.02744,-0.02581,0.99444,1.00
2214,0.00,15.00,-0.01618,0.02007,-0.02428,0.99937,-0.08137,-0.02209,-0.00180,0.99644,-0.09801,-0.00013,-0.02401,0.99490,1.00,-0.08100,-0.04935,-0.00402,0.99548,-0.09834,-0.02744,-0.02576,0.99444,1.00
2225,0.00,15.00,-0.01607,0.02008,-0.02417,0.99938,-0.07834,-0.02168,-0.00170,0.99669,-0.09487,0.00022,-0.02387,0.99520,1.00,-0.07799,-0.04892,-0.00383,0.99575,-0.09520,-0.02707,-0.02555,0.99476,1.00
2235,0.00,15.00,-0.01590,0.02008,-0.02399,0.99938,-0.07851,-0.02165,-0.00171,0.99668,-0.09487,0.00024,-0.02370,0.99521,1.00,-0.07817,-0.04889,-0.00384,0.99573,-0.09521,-0.02705,-0.02538,0.99477,1.00
2247,0.00,15.00,-0.01585,0.02000,-0.02387,0.99939,-0.07857,-0.02154,-0.00170,0.99667,-0.09487,0.00025,-0.02357,0.99521,1.00,-0.07823,-0.04879,-0.00383,0.99573,-0.09521,-0.02704,-0.02526,0.99477,1.00
2258,0.00,15.00,-0.01568,0.02000,-0.02374,0.99940,-0.07853,-0.02153,-0.00170,0.99668,-0.09466,0.00026,-0.02345,0.99523,1.00,-0.07819,-0.04877,-0.00383,0.99574,-0.09499,-0.02703,-0.02514,0.99479,1.00
2269,0.00,15.00,-0.01558,0.01991,-0.02377,0.99940,-0.07864,-0.02144,-0.00169,0.99667,-0.09466,0.00025,-0.02348,0.99523,1.00,-0.07829,-0.04869,-0.00383,0.99573,-0.09499,-0.02704,-0.02517,0.99479,1.00
2280,0.00,15.00,-0.01545,0.01983,-0.02376,0.99940,-0.07876,-0.02137,-0.00169,0.99666,-0.09466,0.00025,-0.02348,0.99523,1.00,-0.07842,-0.04862,-0.00383,0.99573,-0.09499,-0.02704,-0.02518,0.99479,1.00
2291,0.00,15.00,-0.01550,0.01975,-0.02378,0.99940,-0.08049,0.07433,0.00602,0.99396,-0.09395,0.09593,-0.01718,0.99080,1.00,-0.08116,0.04724,0.00385,0.99557,-0.09534,0.06886,-0.01895,0.99288,1.00
2303,0.00,15.00,-0.01544,0.01966,-0.02371,0.99941,-0.08053,0.07444,0.00603,0.99395,-0.09395,0.09594,-0.01710,0.99080,1.00,-0.08121,0.04734,0.00386,0.99556,-0.09533,0.06887,-0.01888,0.99288,1.00
2314,0.00,15.00,-0.01548,0.01963,-0.02366,0.99941,-0.08048,0.07448,0.00603,0.99395,-0.09394,0.09594,-0.01706,0.99080,1.00,-0.08116,0.04738,0.00386,0.99557,-0.09533,0.06887,-0.01883,0.99288,1.00
2325,0.00,15.00,-0.01551,0.01953,-0.02364,0.99941,-0.08347,0.09396,0.00791,0.99204,-0.09643,0.11538,-0.01538,0.98851,1.00,-0.08439,0.06703,0.00569,0.99416,-0.09806,0.08849,-0.01721,0.99109,1.00
2336,0.00,15.00,-0.01555,0.01953,-0.02363,0.99941,-0.08342,0.09396,0.00790,0.99204,-0.09643,0.11538,-0.01538,0.98851,1.00,-0.08434,0.06703,0.00569,0.99416,-0.09806,0.08849,-0.01721,0.99109,1.00
2347,0.00,15.00,-0.01565,0.01948,-0.02369,0.99941,-0.08334,0.09400,0.00790,0.99205,-0.09644,0.11537,-0.01546,0.98851,1.00,-0.08425,0.06707,0.00568,0.99417,-0.09807,0.08848,-0.01728,0.99109,1.00
2358,0.00,15.00,-0.01570,0.01951,-0.02372,0.99941,-0.08316,0.09957,0.00835,0.99151,-0.09615,0.12096,-0.01511,0.98787,1.00,-0.08413,0.07271,0.00615,0.99378,-0.09783,0.09414,-0.01692,0.99060,1.00
2369,0.00,15.00,-0.01572,0.01953,-0.02387,0.99940,-0.08317,0.09952,0.00835,0.99152,-0.09617,0.12094,-0.01526,0.98787,1.00,-0.08413,0.07266,0.00615,0.99378,-0.09785,0.09413,-0.01707,0.99059,1.00
2381,0.00,15.00,-0.01563,0.01961,-0.02400,0.99940,-0.08328,0.09942,0.00835,0.99152,-0.09618,0.12093,-0.01537,0.98787,1.00,-0.08424,0.07255,0.00615,0.99378,-0.09786,0.09412,-0.01719,0.99059,1.00
2392,0.00,15.00,-0.01553,0.01971,-0.02409,0.99940,-0.08359,0.09941,0.00838,0.99149,-0.09637,0.12103,-0.01541,0.98784,1.00,-0.08455,0.07255,0.00617,0.99376,-0.09806,0.09422,-0.01723,0.99056,1.00
2403,0.00,15.00,-0.01536,0.01984,-0.02402,0.99940,-0.08374,0.09930,0.00839,0.99149,-0.09636,0.12105,-0.01530,0.98784,1.00,-0.08470,0.07243,0.00617,0.99375,-0.09805,0.09423,-0.01713,0.99056,1.00
2414,0.00,15.00,-0.01509,0.01991,-0.02382,0.99940,-0.08394,0.09926,0.00840,0.99148,-0.09633,0.12107,-0.01504,0.98784,1.00,-0.08492,0.07239,0.00619,0.99374,-0.09802,0.09425,-0.01689,0.99057,1.00
2425,0.00,15.00,-0.01480,0.01995,-0.02359,0.99941,-0.08384,0.10007,0.00846,0.99141,-0.09594,0.12189,-0.01473,0.98779,1.00,-0.08485,0.07321,0.00625,0.99368,-0.09765,0.09508,-0.01658,0.99053,1.00
2436,0.00,15.00,-0.01456,0.01999,-0.02345,0.99942,-0.08405,0.10005,0.00848,0.99139,-0.09592,0.12191,-0.01455,0.98779,1.00,-0.08506,0.07319,0.00627,0.99366,-0.09764,0.09510,-0.01641,0.99053,1.00
2447,0.00,15.00,-0.01437,0.02001,-0.02345,0.99942,-0.08423,0.10003,0.00850,0.99138,-0.09591,0.12191,-0.01451,0.98779,1.00,-0.08525,0.07317,0.00628,0.99365,-0.09763,0.09510,-0.01637,0.99053,1.00
2458,0.00,15.00,-0.01423,0.01993,-0.02347,0.99942,-0.08417,0.10121,0.00859,0.99126,-0.09567,0.12301,-0.01443,0.98768,1.00,-0.08519,0.07436,0.00638,0.99357,-0.09740,0.09622,-0.01630,0.99045,1.00
2470,0.00,15.00,-0.01416,0.01987,-0.02355,0.99942,-0.08425,0.10126,0.00861,0.99125,-0.09568,0.12300,-0.01450,0.98768,1.00,-0.08526,0.07441,0.00639,0.99356,-0.09741,0.09621,-0.01637,0.99045,1.00
2481,0.00,15.00,-0.01401,0.01973,-0.02342,0.99943,-0.08437,0.10143,0.00863,0.99122,-0.09566,0.12302,-0.01434,0.98768,1.00,-0.08539,0.07458,0.00641,0.99353,-0.09739,0.09622,-0.01622,0.99045,1.00
2492,0.00,15.00,-0.01402,0.01961,-0.02342,0.99944,-0.09087,0.11862,0.01090,0.98871,-0.10169,0.14023,-0.01214,0.98481,1.00,-0.09217,0.09195,0.00855,0.99145,-0.10370,0.11362,-0.01416,0.98800,1.00
2503,0.00,15.00,-0.01405,0.01953,-0.02329,0.99944,-0.09081,0.11873,0.01090,0.98871,-0.10167,0.14024,-0.01203,0.98481,1.00,-0.09211,0.09205,0.00855,0.99145,-0.10369,0.11363,-0.01404,0.98800,1.00
2514,0.00,15.00,-0.01398,0.01947,-0.02333,0.99944,-0.09089,0.11878,0.01092,0.98869,-0.10167,0.14024,-0.01204,0.98481,1.00,-0.09219,0.09211,0.00857,0.99143,-0.10369,0.11363,-0.01406,0.98800,1.00
2525,0.00,15.00,-0.01398,0.01943,-0.02334,0.99944,-0.09103,0.11866,0.01093,0.98869,-0.10182,0.14008,-0.01205,0.98482,1.00,-0.09233,0.09198,0.00857,0.99143,-0.10382,0.11347,-0.01407,0.98800,1.00
2537,0.00,15.00,-0.01385,0.01939,-0.02347,0.99944,-0.09118,0.11868,0.01095,0.98868,-0.10183,0.14007,-0.01214,0.98482,1.00,-0.09248,0.09200,0.00858,0.99142,-0.10384,0.11346,-0.01417,0.98800,1.00
2548,0.00,15.00,-0.01357,0.01940,-0.02376,0.99944,-0.09152,0.11861,0.01098,0.98865,-0.10186,0.14005,-0.01235,0.98481,1.00,-0.09281,0.09193,0.00861,0.99139,-0.10386,0.11343,-0.01440,0.98800,1.00
2559,0.00,15.00,-0.01330,0.01949,-0.02396,0.99943,-0.09184,0.11828,0.01099,0.98866,-0.10189,0.13983,-0.01249,0.98484,1.00,-0.09312,0.09160,0.00860,0.99140,-0.10389,0.11321,-0.01456,0.98802,1.00
2570,0.00,15.00,-0.01304,0.01947,-0.02407,0.99944,-0.09212,0.11828,0.01102,0.98864,-0.10190,0.13983,-0.01253,0.98484,1.00,-0.09340,0.09159,0.00863,0.99137,-0.10390,0.11321,-0.01461,0.98802,1.00
2581,0.00,15.00,-0.01287,0.01954,-0.02398,0.99944,-0.09226,0.11823,0.01103,0.98863,-0.10188,0.13984,-0.01240,0.98484,1.00,-0.09354,0.09154,0.00864,0.99136,-0.10388,0.11322,-0.01449,0.98802,1.00
2592,0.00,15.00,-0.01281,0.01957,-0.02397,0.99944,-0.09227,0.11918,0.01112,0.98851,-0.10181,0.14081,-0.01230,0.98471,1.00,-0.09358,0.09250,0.00873,0.99127,-0.10384,0.11420,-0.01439,0.98791,1.00
2603,0.00,15.00,-0.01269,0.01963,-0.02387,0.99944,-0.09236,0.11914,0.01113,0.98851,-0.10179,0.14082,-0.01217,0.98471,1.00,-0.09367,0.09246,0.00874,0.99126,-0.10382,0.11422,-0.01426,0.98791,1.00
2615,0.00,15.00,-0.01262,0.01987,-0.02423,0.99943,-0.09251,0.11883,0.01112,0.98853,-0.10184,0.14079,-0.01250,0.98471,1.00,-0.09381,0.09216,0.00872,0.99128,-0.10386,0.11418,-0.01460,0.98791,1.00
2626,0.00,15.00,-0.01251,0.02003,-0.02446,0.99942,-0.09280,0.11909,0.01118,0.98847,-0.10197,0.14123,-0.01263,0.98463,1.00,-0.09410,0.09242,0.00877,0.99123,-0.10401,0.11463,-0.01475,0.98784,1.00
2637,0.00,15.00,-0.01242,0.02020,-0.02465,0.99941,-0.09293,0.11889,0.01118,0.98849,-0.10200,0.14121,-0.01280,0.98463,1.00,-0.09422,0.09221,0.00876,0.99123,-0.10403,0.11461,-0.01492,0.98784,1.00
2648,0.00,15.00,-0.01230,0.02031,-0.02465,0.99941,-0.09304,0.11878,0.01118,0.98849,-0.10199,0.14122,-0.01276,0.98463,1.00,-0.09434,0.09211,0.00877,0.99123,-0.10403,0.11461,-0.01489,0.98784,1.00
2659,0.00,15.00,-0.01212,0.02043,-0.02462,0.99941,-0.09277,0.11899,0.01117,0.98849,-0.10154,0.14153,-0.01272,0.98463,1.00,-0.09408,0.09232,0.00876,0.99124,-0.10359,0.11493,-0.01485,0.98785,1.00
2670,0.00,15.00,-0.01193,0.02049,-0.02460,0.99942,-0.09295,0.11894,0.01118,0.98848,-0.10153,0.14154,-0.01265,0.98463,1.00,-0.09426,0.09226,0.00877,0.99122,-0.10358,0.11494,-0.01478,0.98785,1.00
2681,0.00,15.00,-0.01175,0.02053,-0.02451,0.99942,-0.09309,0.11892,0.01120,0.98847,-0.10151,0.14155,-0.01252,0.98463,1.00,-0.09441,0.09224,0.00879,0.99121,-0.10356,0.11495,-0.01466,0.98785,1.00
2693,0.00,15.00,-0.01163,0.02052,-0.02441,0.99942,-0.09459,0.11728,0.01122,0.98852,-0.10294,0.13993,-0.01234,0.98472,1.00,-0.09593,0.09056,0.00876,0.99122,-0.10501,0.11329,-0.01452,0.98789,1.00
2704,0.00,15.00,-0.01144,0.02049,-0.02439,0.99943,-0.09476,0.11731,0.01125,0.98850,-0.10293,0.13994,-0.01227,0.98472,1.00,-0.09611,0.09059,0.00878,0.99120,-0.10500,0.11329,-0.01446,0.98789,1.00
2715,0.00,15.00,-0.01133,0.02042,-0.02432,0.99943,-0.09485,0.11739,0.01126,0.98848,-0.10291,0.13995,-0.01217,0.98472,1.00,-0.09620,0.09067,0.00880,0.99118,-0.10499,0.11330,-0.01437,0.98789,1.00
2726,0.00,15.00,-0.01112,0.02032,-0.02426,0.99944,-0.09269,0.11690,0.01096,0.98875,-0.10057,0.13929,-0.01245,0.98505,1.00,-0.09400,0.09018,0.00855,0.99144,-0.10261,0.11266,-0.01459,0.98821,1.00
2737,0.00,15.00,-0.01109,0.02016,-0.02423,0.99944,-0.09270,0.11706,0.01098,0.98873,-0.10056,0.13930,-0.01241,0.98505,1.00,-0.09402,0.09035,0.00857,0.99143,-0.10260,0.11266,-0.01456,0.98821,1.00
2748,0.00,15.00,-0.01106,0.01999,-0.02413,0.99945,-0.09272,0.11725,0.01100,0.98870,-0.10055,0.13931,-0.01232,0.98505,1.00,-0.09404,0.09054,0.00859,0.99141,-0.10259,0.11267,-0.01447,0.98822,1.00
2759,0.00,15.00,-0.01101,0.01979,-0.02405,0.99945,-0.09391,0.11753,0.01117,0.98856,-0.10170,0.13941,-0.01205,0.98493,1.00,-0.09525,0.09081,0.00873,0.99126,-0.10375,0.11276,-0.01423,0.98809,1.00
2770,0.00,15.00,-0.01106,0.01974,-0.02398,0.99946,-0.09385,0.11759,0.01116,0.98856,-0.10169,0.13941,-0.01200,0.98493,1.00,-0.09518,0.09087,0.00873,0.99127,-0.10375,0.11277,-0.01418,0.98809,1.00
2782,0.00,15.00,-0.01102,0.01955,-0.02389,0.99946,-0.09387,0.11780,0.01119,0.98853,-0.10168,0.13942,-0.01190,0.98493,1.00,-0.09521,0.09108,0.00875,0.99124,-0.10374,0.11278,-0.01408,0.98809,1.00
2793,0.00,15.00,-0.01104,0.01942,-0.02386,0.99947,-0.09352,0.11937,0.01129,0.98837,-0.10132,0.14085,-0.01179,0.98476,1.00,-0.09487,0.09268,0.00887,0.99113,-0.10338,0.11424,-0.01396,0.98796,1.00
2804,0.00,15.00,-0.01100,0.01931,-0.02379,0.99947,-0.09354,0.11949,0.01131,0.98835,-0.10131,0.14086,-0.01172,0.98476,1.00,-0.09490,0.09280,0.00889,0.99111,-0.10337,0.11424,-0.01389,0.98796,1.00
2815,0.00,15.00,-0.01095,0.01927,-0.02384,0.99947,-0.09360,0.11953,0.01132,0.98834,-0.10131,0.14086,-0.01175,0.98476,1.00,-0.09496,0.09283,0.00889,0.99110,-0.10338,0.11424,-0.01393,0.98796,1.00
2826,0.00,15.00,-0.01092,0.01921,-0.02381,0.99947,-0.09357,0.11917,0.01128,0.98839,-0.10127,0.14045,-0.01176,0.98483,1.00,-0.09492,0.09248,0.00886,0.99114,-0.10332,0.11383,-0.01394,0.98801,1.00
2837,0.00,15.00,-0.01097,0.01918,-0.02378,0.99947,-0.09352,0.11921,0.01128,0.98839,-0.10126,0.14045,-0.01174,0.98483,1.00,-0.09486,0.09251,0.00885,0.99114,-0.10332,0.11383,-0.01391,0.98802,1.00
2848,0.00,15.00,-0.01097,0.01919,-0.02375,0.99947,-0.09351,0.11920,0.01128,0.98839,-0.10126,0.14045,-0.01171,0.98483,1.00,-0.09486,0.09251,0.00885,0.99114,-0.10332,0.11384,-0.01388,0.98802,1.00
2859,0.00,15.00,-0.01096,0.01927,-0.02378,0.99947,-0.09318,0.11673,0.01100,0.98872,-0.10098,0.13805,-0.01201,0.98519,1.00,-0.09448,0.09001,0.00858,0.99141,-0.10300,0.11140,-0.01417,0.98832,1.00
2871,0.00,15.00,-0.01102,0.01931,-0.02379,0.99947,-0.09312,0.11668,0.01099,0.98873,-0.10098,0.13805,-0.01202,0.98519,1.00,-0.09443,0.08997,0.00857,0.99142,-0.10300,0.11140,-0.01419,0.98832,1.00
2882,0.00,15.00,-0.01105,0.01937,-0.02376,0.99947,-0.09308,0.11662,0.01098,0.98874,-0.10098,0.13805,-0.01201,0.98519,1.00,-0.09439,0.08991,0.00856,0.99143,-0.10300,0.11140,-0.01417,0.98832,1.00
2893,0.00,15.00,-0.01114,0.01945,-0.02374,0.99947,-0.09300,0.11646,0.01095,0.98877,-0.10098,0.13796,-0.01201,0.98520,1.00,-0.09430,0.08974,0.00854,0.99145,-0.10300,0.11131,-0.01417,0.98833,1.00
2904,0.00,15.00,-0.01124,0.01949,-0.02364,0.99947,-0.09288,0.11643,0.01094,0.98879,-0.10097,0.13797,-0.01194,0.98520,1.00,-0.09418,0.08972,0.00852,0.99147,-0.10299,0.11132,-0.01409,0.98833,1.00
2915,0.00,15.00,-0.01136,0.01953,-0.02358,0.99947,-0.09274,0.11641,0.01092,0.98880,-0.10097,0.13797,-0.01192,0.98520,1.00,-0.09405,0.08970,0.00851,0.99148,-0.10299,0.11132,-0.01406,0.98833,1.00
2926,0.00,15.00,-0.01156,0.01955,-0.02345,0.99947,-0.09262,0.11839,0.01109,0.98858,-0.10101,0.13996,-0.01165,0.98492,1.00,-0.09396,0.09170,0.00869,0.99131,-0.10305,0.11334,-0.01378,0.98810,1.00
2937,0.00,15.00,-0.01167,0.01959,-0.02354,0.99946,-0.09254,0.11834,0.01108,0.98859,-0.10103,0.13994,-0.01177,0.98492,1.00,-0.09387,0.09165,0.00868,0.99132,-0.10306,0.11333,-0.01389,0.98810,1.00
2949,0.00,15.00,-0.01175,0.01969,-0.02354,0.99946,-0.09186,0.11889,0.01105,0.98859,-0.10041,0.14058,-0.01182,0.98489,1.00,-0.09317,0.09221,0.00867,0.99133,-0.10244,0.11398,-0.01392,0.98809,1.00
2960,0.00,15.00,-0.01190,0.01964,-0.02357,0.99946,-0.09173,0.11893,0.01103,0.98860,-0.10042,0.14057,-0.01189,0.98489,1.00,-0.09304,0.09225,0.00866,0.99134,-0.10244,0.11397,-0.01398,0.98809,1.00
2971,0.00,15.00,-0.01198,0.01973,-0.02355,0.99946,-0.09164,0.11884,0.01102,0.98861,-0.10042,0.14057,-0.01188,0.98489,1.00,-0.09296,0.09217,0.00864,0.99136,-0.10244,0.11397,-0.01397,0.98809,1.00
2982,0.00,15.00,-0.01202,0.01974,-0.02343,0.99946,-0.09158,0.11886,0.01101,0.98862,-0.10041,0.14058,-0.01178,0.98489,1.00,-0.09290,0.09218,0.00864,0.99136,-0.10243,0.11398,-0.01387,0.98809,1.00
2993,0.00,15.00,-0.01205,0.01968,-0.02335,0.99946,-0.09094,0.12032,0.01107,0.98850,-0.09977,0.14196,-0.01168,0.98476,1.00,-0.09227,0.09368,0.00872,0.99128,-0.10180,0.11539,-0.01374,0.98799,1.00
3004,0.00,15.00,-0.01205,0.01968,-0.02325,0.99946,-0.09091,0.12034,0.01107,0.98850,-0.09976,0.14197,-0.01158,0.98476,1.00,-0.09225,0.09369,0.00872,0.99128,-0.10179,0.11540,-0.01365,0.98800,1.00
3016,0.00,15.00,-0.01212,0.01964,-0.02317,0.99947,-0.09083,0.12039,0.01106,0.98850,-0.09975,0.14198,-0.01153,0.98476,1.00,-0.09217,0.09374,0.00872,0.99128,-0.10179,0.11540,-0.01359,0.98800,1.00
3027,0.00,15.00,-0.01216,0.01960,-0.02312,0.99947,-0.09188,0.12027,0.01118,0.98842,-0.10085,0.14184,-0.01134,0.98467,1.00,-0.09322,0.09361,0.00880,0.99120,-0.10289,0.11525,-0.01343,0.98790,1.00
3037,0.00,15.00,-0.01208,0.01957,-0.02320,0.99947,-0.09197,0.12028,0.01119,0.98841,-0.10085,0.14183,-0.01140,0.98467,1.00,-0.09331,0.09363,0.00881,0.99119,-0.10290,0.11524,-0.01349,0.98790,1.00
3049,0.00,15.00,-0.01193,0.01959,-0.02341,0.99946,-0.09217,0.12023,0.01121,0.98839,-0.10088,0.14181,-0.01156,0.98467,1.00,-0.09351,0.09356,0.00883,0.99117,-0.10292,0.11522,-0.01367,0.98790,1.00
3060,0.00,15.00,-0.01189,0.01958,-0.02358,0.99946,-0.09503,0.12035,0.01157,0.98810,-0.10366,0.14202,-0.01130,0.98436,1.00,-0.09639,0.09367,0.00911,0.99088,-0.10573,0.11541,-0.01348,0.98758,1.00
3071,0.00,15.00,-0.01195,0.01968,-0.02351,0.99946,-0.09495,0.12027,0.01156,0.98812,-0.10365,0.14202,-0.01125,0.98436,1.00,-0.09631,0.09359,0.00910,0.99090,-0.10572,0.11541,-0.01343,0.98758,1.00
3082,0.00,15.00,-0.01197,0.01981,-0.02332,0.99946,-0.09488,0.12018,0.01154,0.98814,-0.10363,0.14204,-0.01107,0.98436,1.00,-0.09625,0.09350,0.00908,0.99091,-0.10570,0.11543,-0.01325,0.98759,1.00
3093,0.00,15.00,-0.01192,0.01995,-0.02313,0.99946,-0.09480,0.11998,0.01151,0.98817,-0.10352,0.14197,-0.01089,0.98438,1.00,-0.09619,0.09330,0.00906,0.99094,-0.10561,0.11536,-0.01306,0.98761,1.00
3105,0.00,15.00,-0.01160,0.02008,-0.02297,0.99947,-0.09506,0.11990,0.01153,0.98816,-0.10349,0.14199,-0.01065,0.98439,1.00,-0.09646,0.09321,0.00907,0.99092,-0.10558,0.11538,-0.01283,0.98761,1.00
3116,0.00,15.00,-0.01145,0.02014,-0.02303,0.99947,-0.09522,0.11982,0.01155,0.98815,-0.10349,0.14199,-0.01067,0.98439,1.00,-0.09662,0.09314,0.00908,0.99091,-0.10558,0.11538,-0.01287,0.98761,1.00
3127,0.00,15.00,-0.01122,0.02019,-0.02307,0.99947,-0.09548,0.11899,0.01150,0.98823,-0.10354,0.14122,-0.01072,0.98449,1.00,-0.09686,0.09229,0.00902,0.99097,-0.10562,0.11459,-0.01293,0.98770,1.00
3138,0.00,15.00,-0.01111,0.02014,-0.02307,0.99947,-0.09558,0.11905,0.01151,0.98821,-0.10354,0.14122,-0.01068,0.98449,1.00,-0.09696,0.09235,0.00904,0.99095,-0.10561,0.11459,-0.01290,0.98770,1.00
3149,0.00,15.00,-0.01092,0.02002,-0.02291,0.99948,-0.09537,0.11939,0.01152,0.98819,-0.10314,0.14142,-0.01052,0.98451,1.00,-0.09675,0.09269,0.00905,0.99094,-0.10521,0.11480,-0.01273,0.98772,1.00
3160,0.00,15.00,-0.01088,0.01995,-0.02288,0.99948,-0.09540,0.11947,0.01153,0.98818,-0.10313,0.14143,-0.01048,0.98451,1.00,-0.09678,0.09277,0.00906,0.99093,-0.10520,0.11480,-0.01269,0.98772,1.00
3171,0.00,15.00,-0.01085,0.01983,-0.02290,0.99948,-0.09543,0.11958,0.01155,0.98816,-0.10313,0.14143,-0.01049,0.98451,1.00,-0.09682,0.09288,0.00908,0.99092,-0.10521,0.11480,-0.01271,0.98772,1.00
3183,0.00,15.00,-0.01080,0.01977,-0.02290,0.99948,-0.09548,0.11964,0.01156,0.98815,-0.10313,0.14143,-0.01048,0.98451,1.00,-0.09686,0.09295,0.00909,0.99091,-0.10521,0.11480,-0.01270,0.98772,1.00
3194,0.00,15.00,-0.01091,0.01968,-0.02300,0.99948,-0.09507,0.12105,0.01165,0.98802,-0.10278,0.14274,-0.01053,0.98435,1.00,-0.09645,0.09437,0.00919,0.99081,-0.10486,0.11614,-0.01274,0.98760,1.00
3205,0.00,15.00,-0.01100,0.01962,-0.02306,0.99948,-0.09500,0.12109,0.01164,0.98802,-0.10279,0.14273,-0.01061,0.98435,1.00,-0.09638,0.09441,0.00918,0.99081,-0.10486,0.11613,-0.01282,0.98760,1.00
3216,0.00,15.00,-0.01121,0.01967,-0.02318,0.99948,-0.09419,0.12084,0.01152,0.98813,-0.10219,0.14252,-0.01089,0.98444,1.00,-0.09555,0.09417,0.00908,0.99092,-0.10424,0.11593,-0.01307,0.98769,1.00
3227,0.00,15.00,-0.01129,0.01965,-0.02330,0.99947,-0.09414,0.12083,0.01151,0.98813,-0.10221,0.14251,-0.01103,0.98444,1.00,-0.09550,0.09417,0.00907,0.99092,-0.10426,0.11591,-0.01320,0.98768,1.00
3238,0.00,15.00,-0.01139,0.01975,-0.02333,0.99947,-0.09405,0.12072,0.01149,0.98815,-0.10221,0.14250,-0.01109,0.98444,1.00,-0.09540,0.09405,0.00905,0.99094,-0.10426,0.11591,-0.01326,0.98768,1.00
3250,0.00,15.00,-0.01156,0.01988,-0.02333,0.99946,-0.09403,0.11860,0.01128,0.98842,-0.10241,0.14051,-0.01129,0.98470,1.00,-0.09536,0.09190,0.00884,0.99115,-0.10444,0.11388,-0.01345,0.98790,1.00
3260,0.00,15.00,-0.01160,0.02004,-0.02330,0.99946,-0.09398,0.11845,0.01126,0.98844,-0.10241,0.14051,-0.01126,0.98470,1.00,-0.09531,0.09175,0.00882,0.99117,-0.10444,0.11389,-0.01343,0.98790,1.00
3272,0.00,15.00,-0.01149,0.02028,-0.02335,0.99946,-0.09409,0.11820,0.01125,0.98846,-0.10241,0.14051,-0.01128,0.98470,1.00,-0.09542,0.09150,0.00881,0.99118,-0.10444,0.11388,-0.01345,0.98790,1.00
3282,0.00,15.00,-0.01135,0.02055,-0.02363,0.99945,-0.09429,0.11788,0.01124,0.98848,-0.10244,0.14048,-0.01152,0.98470,1.00,-0.09561,0.09118,0.00879,0.99120,-0.10447,0.11386,-0.01370,0.98789,1.00
3294,0.00,15.00,-0.01123,0.02071,-0.02376,0.99944,-0.09582,0.11667,0.01131,0.98847,-0.10386,0.13948,-0.01150,0.98470,1.00,-0.09714,0.08994,0.00882,0.99116,-0.10590,0.11282,-0.01373,0.98786,1.00
3305,0.00,15.00,-0.01106,0.02093,-0.02381,0.99944,-0.09599,0.11645,0.01131,0.98848,-0.10386,0.13948,-0.01151,0.98470,1.00,-0.09732,0.08971,0.00881,0.99116,-0.10590,0.11282,-0.01375,0.98786,1.00
3316,0.00,15.00,-0.01103,0.02108,-0.02381,0.99943,-0.09594,0.11610,0.01127,0.98853,-0.10379,0.13928,-0.01153,0.98473,1.00,-0.09727,0.08936,0.00877,0.99120,-0.10583,0.11262,-0.01377,0.98789,1.00
3327,0.00,15.00,-0.01097,0.02120,-0.02367,0.99943,-0.09595,0.11601,0.01126,0.98854,-0.10376,0.13930,-0.01138,0.98473,1.00,-0.09729,0.08927,0.00876,0.99121,-0.10581,0.11263,-0.01362,0.98789,1.00
3338,0.00,15.00,-0.01080,0.02132,-0.02359,0.99944,-0.09610,0.11591,0.01127,0.98854,-0.10375,0.13931,-0.01126,0.98473,1.00,-0.09744,0.08917,0.00877,0.99120,-0.10580,0.11264,-0.01350,0.98789,1.00
3350,0.00,15.00,-0.01071,0.02130,-0.02355,0.99944,-0.09393,0.11640,0.01106,0.98869,-0.10149,0.13972,-0.01148,0.98491,1.00,-0.09525,0.08968,0.00862,0.99137,-0.10352,0.11308,-0.01367,0.98808,1.00
3361,0.00,15.00,-0.01053,0.02133,-0.02374,0.99944,-0.09415,0.11634,0.01108,0.98868,-0.10151,0.13971,-0.01162,0.98491,1.00,-0.09546,0.08961,0.00863,0.99135,-0.10354,0.11306,-0.01382,0.98808,1.00
3372,0.00,15.00,-0.01040,0.02128,-0.02381,0.99944,-0.09429,0.11637,0.01110,0.98866,-0.10151,0.13971,-0.01165,0.98491,1.00,-0.09561,0.08965,0.00865,0.99134,-0.10354,0.11306,-0.01386,0.98808,1.00
3383,0.00,15.00,-0.01028,0.02120,-0.02386,0.99944,-0.09405,0.11780,0.01121,0.98851,-0.10112,0.14105,-0.01161,0.98476,1.00,-0.09537,0.09109,0.00876,0.99123,-0.10315,0.11442,-0.01381,0.98797,1.00
3394,0.00,15.00,-0.01019,0.02113,-0.02376,0.99944,-0.09411,0.11789,0.01122,0.98849,-0.10110,0.14107,-0.01148,0.98476,1.00,-0.09544,0.09119,0.00878,0.99121,-0.10314,0.11444,-0.01369,0.98797,1.00
3405,0.00,15.00,-0.01004,0.02108,-0.02369,0.99945,-0.09425,0.11795,0.01125,0.98847,-0.10108,0.14108,-0.01138,0.98476,1.00,-0.09558,0.09125,0.00880,0.99119,-0.10313,0.11445,-0.01359,0.98797,1.00
3417,0.00,15.00,-0.00998,0.02113,-0.02374,0.99945,-0.09355,0.11794,0.01116,0.98854,-0.10033,0.14109,-0.01152,0.98483,1.00,-0.09488,0.09123,0.00873,0.99126,-0.10237,0.11446,-0.01372,0.98804,1.00
3427,0.00,15.00,-0.00987,0.02108,-0.02372,0.99945,-0.09365,0.11799,0.01118,0.98853,-0.10032,0.14109,-0.01147,0.98483,1.00,-0.09497,0.09128,0.00875,0.99125,-0.10236,0.11447,-0.01367,0.98804,1.00
3438,0.00,15.00,-0.00978,0.02106,-0.02380,0.99945,-0.09375,0.11800,0.01119,0.98851,-0.10033,0.14109,-0.01152,0.98483,1.00,-0.09508,0.09129,0.00876,0.99124,-0.10237,0.11446,-0.01373,0.98804,1.00
3450,0.00,15.00,-0.00970,0.02103,-0.02390,0.99945,-0.09622,0.11804,0.01149,0.98827,-0.10269,0.14116,-0.01126,0.98458,1.00,-0.09757,0.09131,0.00899,0.99099,-0.10476,0.11452,-0.01354,0.98779,1.00
3461,0.00,15.00,-0.00967,0.02101,-0.02400,0.99944,-0.09627,0.11804,0.01150,0.98826,-0.10270,0.14115,-0.01134,0.98458,1.00,-0.09763,0.09131,0.00900,0.99098,-0.10477,0.11451,-0.01363,0.98779,1.00
3472,0.00,15.00,-0.00960,0.02101,-0.02403,0.99944,-0.09634,0.11803,0.01151,0.98826,-0.10270,0.14115,-0.01136,0.98458,1.00,-0.09769,0.09130,0.00900,0.99098,-0.10477,0.11451,-0.01364,0.98779,1.00
3483,0.00,15.00,-0.00960,0.02100,-0.02411,0.99944,-0.09706,0.12182,0.01197,0.98772,-0.10331,0.14495,-0.01098,0.98397,1.00,-0.09847,0.09514,0.00946,0.99054,-0.10544,0.11835,-0.01328,0.98727,1.00
3495,0.00,15.00,-0.00952,0.02105,-0.02417,0.99944,-0.09715,0.12176,0.01198,0.98772,-0.10331,0.14494,-0.01102,0.98397,1.00,-0.09857,0.09508,0.00946,0.99053,-0.10545,0.11835,-0.01331,0.98727,1.00
3506,0.00,15.00,-0.00950,0.02111,-0.02422,0.99944,-0.09718,0.12169,0.01197,0.98773,-0.10332,0.14494,-0.01106,0.98397,1.00,-0.09859,0.09501,0.00946,0.99054,-0.10545,0.11834,-0.01336,0.98727,1.00
3517,0.00,15.00,-0.00945,0.02123,-0.02429,0.99943,-0.09885,0.12162,0.01217,0.98757,-0.10491,0.14503,-0.01087,0.98379,1.00,-0.10029,0.09493,0.00961,0.99037,-0.10708,0.11843,-0.01322,0.98708,1.00
3527,0.00,15.00,-0.00940,0.02141,-0.02427,0.99943,-0.09889,0.12145,0.01216,0.98758,-0.10491,0.14504,-0.01083,0.98379,1.00,-0.10033,0.09476,0.00960,0.99039,-0.10707,0.11843,-0.01318,0.98708,1.00
3539,0.00,15.00,-0.00939,0.02155,-0.02422,0.99943,-0.09888,0.12132,0.01215,0.98760,-0.10490,0.14504,-0.01079,0.98379,1.00,-0.10032,0.09463,0.00959,0.99040,-0.10707,0.11844,-0.01314,0.98709,1.00
3550,0.00,15.00,-0.00943,0.02175,-0.02405,0.99943,-0.09863,0.12126,0.01211,0.98763,-0.10471,0.14516,-0.01065,0.98379,1.00,-0.10009,0.09457,0.00956,0.99043,-0.10688,0.11856,-0.01299,0.98709,1.00
3561,0.00,15.00,-0.00951,0.02198,-0.02399,0.99943,-0.09854,0.12104,0.01208,0.98767,-0.10470,0.14517,-0.01061,0.98379,1.00,-0.09999,0.09435,0.00953,0.99046,-0.10688,0.11856,-0.01294,0.98709,1.00
3572,0.00,15.00,-0.00953,0.02203,-0.02397,0.99942,-0.09851,0.12100,0.01207,0.98768,-0.10470,0.14517,-0.01060,0.98379,1.00,-0.09996,0.09431,0.00952,0.99047,-0.10688,0.11856,-0.01292,0.98709,1.00
3584,0.00,15.00,-0.00957,0.02222,-0.02411,0.99942,-0.09851,0.12079,0.01205,0.98770,-0.10472,0.14515,-0.01074,0.98379,1.00,-0.09996,0.09410,0.00950,0.99049,-0.10689,0.11855,-0.01307,0.98709,1.00
3594,0.00,15.00,-0.00959,0.02231,-0.02419,0.99941,-0.09900,0.12105,0.01213,0.98762,-0.10521,0.14552,-0.01071,0.98369,1.00,-0.10044,0.09435,0.00957,0.99041,-0.10739,0.11891,-0.01305,0.98699,1.00
3605,0.00,15.00,-0.00969,0.02242,-0.02420,0.99941,-0.09891,0.12093,0.01211,0.98765,-0.10522,0.14551,-0.01075,0.98369,1.00,-0.10035,0.09424,0.00955,0.99043,-0.10739,0.11891,-0.01308,0.98699,1.00
3617,0.00,15.00,-0.00972,0.02247,-0.02414,0.99941,-0.09629,0.12172,0.01186,0.98781,-0.10263,0.14629,-0.01101,0.98384,1.00,-0.09770,0.09506,0.00938,0.99062,-0.10477,0.11971,-0.01327,0.98718,1.00
3628,0.00,15.00,-0.00975,0.02247,-0.02405,0.99941,-0.09624,0.12174,0.01186,0.98781,-0.10261,0.14630,-0.01093,0.98384,1.00,-0.09766,0.09507,0.00937,0.99062,-0.10476,0.11972,-0.01319,0.98718,1.00
3639,0.00,15.00,-0.00978,0.02249,-0.02396,0.99941,-0.09618,0.12174,0.01185,0.98782,-0.10260,0.14631,-0.01085,0.98384,1.00,-0.09761,0.09508,0.00937,0.99063,-0.10475,0.11973,-0.01311,0.98718,1.00
3650,0.00,15.00,-0.00980,0.02245,-0.02392,0.99941,-0.09628,0.12204,0.01190,0.98777,-0.10271,0.14657,-0.01077,0.98379,1.00,-0.09771,0.09538,0.00941,0.99059,-0.10486,0.11999,-0.01303,0.98714,1.00
3661,0.00,15.00,-0.00982,0.02244,-0.02394,0.99941,-0.09626,0.12205,0.01189,0.98777,-0.10272,0.14657,-0.01080,0.98379,1.00,-0.09769,0.09539,0.00941,0.99059,-0.10487,0.11999,-0.01306,0.98713,1.00
3672,0.00,15.00,-0.00982,0.02243,-0.02397,0.99941,-0.09627,0.12206,0.01190,0.98777,-0.10272,0.14656,-0.01083,0.98379,1.00,-0.09770,0.09539,0.00941,0.99059,-0.10487,0.11999,-0.01309,0.98713,1.00
3684,0.00,15.00,-0.00980,0.02244,-0.02405,0.99941,-0.09621,0.12181,0.01186,0.98781,-0.10264,0.14634,-0.01094,0.98383,1.00,-0.09762,0.09515,0.00938,0.99062,-0.10478,0.11976,-0.01320,0.98717,1.00
3695,0.00,15.00,-0.00975,0.02249,-0.02412,0.99941,-0.09628,0.12175,0.01187,0.98781,-0.10265,0.14633,-0.01099,0.98383,1.00,-0.09769,0.09508,0.00938,0.99062,-0.10479,0.11975,-0.01326,0.98717,1.00
3706,0.00,15.00,-0.00968,0.02257,-0.02415,0.99941,-0.09635,0.12166,0.01187,0.98781,-0.10265,0.14633,-0.01100,0.98383,1.00,-0.09776,0.09499,0.00937,0.99062,-0.10479,0.11975,-0.01327,0.98717,1.00
3717,0.00,15.00,-0.00961,0.02267,-0.02409,0.99941,-0.09600,0.12093,0.01175,0.98794,-0.10225,0.14567,-0.01104,0.98397,1.00,-0.09740,0.09425,0.00927,0.99073,-0.10438,0.11908,-0.01330,0.98729,1.00
3728,0.00,15.00,-0.00947,0.02274,-0.02399,0.99941,-0.09610,0.12088,0.01176,0.98793,-0.10224,0.14569,-0.01091,0.98397,1.00,-0.09751,0.09420,0.00927,0.99072,-0.10436,0.11910,-0.01318,0.98729,1.00
3740,0.00,15.00,-0.00929,0.02281,-0.02383,0.99941,-0.09623,0.12084,0.01177,0.98793,-0.10220,0.14571,-0.01071,0.98398,1.00,-0.09765,0.09416,0.00928,0.99071,-0.10434,0.11912,-0.01298,0.98730,1.00
3751,0.00,15.00,-0.00909,0.02284,-0.02363,0.99942,-0.09574,0.11996,0.01162,0.98808,-0.10157,0.14483,-0.01063,0.98417,1.00,-0.09714,0.09327,0.00914,0.99085,-0.10368,0.11823,-0.01290,0.98747,1.00
3761,0.00,15.00,-0.00893,0.02279,-0.02348,0.99942,-0.09586,0.12004,0.01165,0.98806,-0.10154,0.14485,-0.01045,0.98417,1.00,-0.09728,0.09335,0.00916,0.99083,-0.10366,0.11825,-0.01273,0.98748,1.00
3772,0.00,15.00,-0.00882,0.02272,-0.02335,0.99943,-0.09593,0.12014,0.01166,0.98804,-0.10152,0.14486,-0.01029,0.98418,1.00,-0.09735,0.09345,0.00918,0.99081,-0.10364,0.11826,-0.01257,0.98748,1.00
3784,0.00,15.00,-0.00869,0.02268,-0.02325,0.99943,-0.09576,0.12027,0.01166,0.98804,-0.10123,0.14493,-0.01020,0.98420,1.00,-0.09717,0.09358,0.00918,0.99082,-0.10334,0.11833,-0.01248,0.98750,1.00
3795,0.00,15.00,-0.00859,0.02251,-0.02316,0.99944,-0.09583,0.12046,0.01168,0.98801,-0.10121,0.14495,-0.01008,0.98420,1.00,-0.09725,0.09377,0.00920,0.99079,-0.10333,0.11835,-0.01237,0.98750,1.00
3806,0.00,15.00,-0.00840,0.02235,-0.02304,0.99945,-0.09599,0.12064,0.01172,0.98798,-0.10119,0.14496,-0.00991,0.98420,1.00,-0.09742,0.09395,0.00924,0.99076,-0.10331,0.11836,-0.01220,0.98751,1.00
3818,0.00,15.00,-0.00819,0.02217,-0.02299,0.99946,-0.09622,0.12073,0.01176,0.98794,-0.10122,0.14488,-0.00982,0.98421,1.00,-0.09763,0.09404,0.00927,0.99073,-0.10333,0.11828,-0.01212,0.98752,1.00
3828,0.00,15.00,-0.00807,0.02194,-0.02302,0.99946,-0.09634,0.12096,0.01180,0.98790,-0.10122,0.14488,-0.00982,0.98421,1.00,-0.09776,0.09427,0.00930,0.99069,-0.10333,0.11828,-0.01213,0.98752,1.00
3840,0.00,15.00,-0.00789,0.02176,-0.02296,0.99947,-0.09650,0.12115,0.01184,0.98786,-0.10121,0.14489,-0.00971,0.98421,1.00,-0.09793,0.09446,0.00934,0.99066,-0.10332,0.11829,-0.01203,0.98752,1.00
3851,0.00,15.00,-0.00768,0.02154,-0.02298,0.99947,-0.09841,0.12136,0.01209,0.98764,-0.10289,0.14492,-0.00942,0.98404,1.00,-0.09985,0.09465,0.00954,0.99044,-0.10502,0.11830,-0.01180,0.98734,1.00
3862,0.00,15.00,-0.00764,0.02144,-0.02303,0.99948,-0.09846,0.12144,0.01211,0.98763,-0.10289,0.14491,-0.00946,0.98403,1.00,-0.09990,0.09474,0.00956,0.99043,-0.10502,0.11830,-0.01184,0.98734,1.00
3873,0.00,15.00,-0.00760,0.02132,-0.02300,0.99948,-0.09849,0.12157,0.01212,0.98761,-0.10289,0.14492,-0.00942,0.98404,1.00,-0.09993,0.09487,0.00957,0.99042,-0.10502,0.11830,-0.01180,0.98734,1.00
3884,0.00,15.00,-0.00769,0.02130,-0.02294,0.99948,-0.09791,0.12104,0.01200,0.98773,-0.10243,0.14435,-0.00951,0.98417,1.00,-0.09934,0.09434,0.00946,0.99053,-0.10454,0.11774,-0.01187,0.98746,1.00
3895,0.00,15.00,-0.00774,0.02123,-0.02287,0.99948,-0.09785,0.12112,0.01200,0.98773,-0.10242,0.14436,-0.00946,0.98417,1.00,-0.09928,0.09442,0.00946,0.99052,-0.10454,0.11774,-0.01182,0.98746,1.00
3907,0.00,15.00,-0.00783,0.02127,-0.02277,0.99948,-0.09773,0.12110,0.01198,0.98774,-0.10241,0.14437,-0.00938,0.98417,1.00,-0.09917,0.09440,0.00945,0.99054,-0.10453,0.11775,-0.01174,0.98746,1.00
3918,0.00,15.00,-0.00790,0.02137,-0.02279,0.99948,-0.09560,0.12078,0.01169,0.98800,-0.10035,0.14410,-0.00975,0.98441,1.00,-0.09699,0.09410,0.00921,0.99078,-0.10243,0.11751,-0.01205,0.98770,1.00
3929,0.00,15.00,-0.00792,0.02149,-0.02297,0.99947,-0.09562,0.12062,0.01167,0.98801,-0.10037,0.14408,-0.00992,0.98441,1.00,-0.09701,0.09394,0.00920,0.99080,-0.10245,0.11749,-0.01222,0.98770,1.00
3940,0.00,15.00,-0.00795,0.02167,-0.02314,0.99947,-0.09563,0.12041,0.01165,0.98804,-0.10040,0.14407,-0.01010,0.98441,1.00,-0.09701,0.09373,0.00918,0.99082,-0.10247,0.11747,-0.01240,0.98770,1.00
3951,0.00,15.00,-0.00791,0.02189,-0.02329,0.99946,-0.09573,0.12011,0.01164,0.98807,-0.10044,0.14400,-0.01024,0.98441,1.00,-0.09710,0.09342,0.00916,0.99084,-0.10251,0.11740,-0.01254,0.98770,1.00
3962,0.00,15.00,-0.00791,0.02203,-0.02321,0.99946,-0.09570,0.11999,0.01162,0.98808,-0.10043,0.14401,-0.01016,0.98442,1.00,-0.09708,0.09330,0.00914,0.99085,-0.10250,0.11741,-0.01246,0.98770,1.00
3974,0.00,15.00,-0.00787,0.02219,-0.02301,0.99946,-0.09569,0.11988,0.01161,0.98810,-0.10040,0.14403,-0.00995,0.98442,1.00,-0.09708,0.09319,0.00913,0.99086,-0.10247,0.11743,-0.01225,0.98770,1.00
3985,0.00,15.00,-0.00781,0.02227,-0.02284,0.99946,-0.09701,0.12112,0.01190,0.98781,-0.10165,0.14536,-0.00946,0.98410,1.00,-0.09845,0.09444,0.00939,0.99061,-0.10377,0.11877,-0.01179,0.98741,1.00
3995,0.00,15.00,-0.00777,0.02241,-0.02284,0.99946,-0.09706,0.12098,0.01189,0.98783,-0.10165,0.14536,-0.00945,0.98410,1.00,-0.09849,0.09430,0.00938,0.99062,-0.10377,0.11877,-0.01178,0.98741,1.00
4006,0.00,15.00,-0.00770,0.02250,-0.02293,0.99945,-0.09715,0.12087,0.01189,0.98783,-0.10166,0.14536,-0.00952,0.98410,1.00,-0.09858,0.09419,0.00937,0.99062,-0.10378,0.11876,-0.01186,0.98741,1.00
4018,0.00,0.00,-0.00761,0.02256,-0.02299,0.99945,-0.09729,0.11997,0.01181,0.98793,-0.10173,0.14452,-0.00962,0.98421,1.00,-0.09870,0.09327,0.00929,0.99069,-0.10383,0.11791,-0.01197,0.98751,1.00
4029,0.00,0.00,-0.00759,0.02259,-0.02301,0.99945,-0.09731,0.11994,0.01181,0.98793,-0.10173,0.14452,-0.00964,0.98421,1.00,-0.09872,0.09324,0.00929,0.99069,-0.10383,0.11791,-0.01199,0.98751,1.00
4040,0.00,0.00,-0.00751,0.02256,-0.02307,0.99945,-0.09741,0.11995,0.01183,0.98792,-0.10174,0.14452,-0.00968,0.98421,1.00,-0.09882,0.09325,0.00930,0.99068,-0.10384,0.11791,-0.01203,0.98751,1.00
4052,0.00,0.00,-0.00742,0.02248,-0.02301,0.99945,-0.09734,0.12031,0.01185,0.98788,-0.10158,0.14478,-0.00959,0.98419,1.00,-0.09875,0.09361,0.00933,0.99066,-0.10368,0.11817,-0.01194,0.98749,1.00
4062,0.00,0.00,-0.00734,0.02244,-0.02295,0.99946,-0.09740,0.12036,0.01187,0.98787,-0.10157,0.14479,-0.00951,0.98419,1.00,-0.09881,0.09366,0.00934,0.99064,-0.10367,0.11818,-0.01187,0.98749,1.00
4073,0.00,0.00,-0.00723,0.02237,-0.02286,0.99946,-0.09748,0.12046,0.01189,0.98785,-0.10155,0.14480,-0.00939,0.98419,1.00,-0.09890,0.09376,0.00936,0.99063,-0.10366,0.11819,-0.01175,0.98750,1.00
4085,0.00,0.00,-0.00703,0.02226,-0.02281,0.99947,-0.09803,0.11731,0.01164,0.98818,-0.10198,0.14155,-0.00955,0.98462,1.00,-0.09941,0.09056,0.00909,0.99088,-0.10406,0.11489,-0.01194,0.98784,1.00
4096,0.00,0.00,-0.00692,0.02220,-0.02263,0.99947,-0.09808,0.11740,0.01165,0.98816,-0.10195,0.14158,-0.00935,0.98462,1.00,-0.09948,0.09065,0.00910,0.99086,-0.10403,0.11491,-0.01175,0.98784,1.00
4107,0.00,0.00,-0.00683,0.02215,-0.02268,0.99947,-0.09818,0.11744,0.01167,0.98815,-0.10196,0.14157,-0.00938,0.98462,1.00,-0.09958,0.09069,0.00911,0.99085,-0.10404,0.11491,-0.01178,0.98784,1.00
4118,0.00,0.00,-0.00663,0.02208,-0.02271,0.99948,-0.09818,0.11623,0.01155,0.98829,-0.10179,0.14030,-0.00951,0.98482,1.00,-0.09955,0.08947,0.00899,0.99096,-0.10384,0.11362,-0.01192,0.98801,1.00
4129,0.00,0.00,-0.00647,0.02216,-0.02273,0.99948,-0.09833,0.11615,0.01156,0.98828,-0.10178,0.14031,-0.00949,0.98482,1.00,-0.09971,0.08938,0.00899,0.99095,-0.10384,0.11363,-0.01191,0.98801,1.00
4140,0.00,0.00,-0.00636,0.02217,-0.02266,0.99948,-0.09843,0.11616,0.01157,0.98827,-0.10177,0.14032,-0.00939,0.98482,1.00,-0.09981,0.08939,0.00900,0.99094,-0.10383,0.11364,-0.01182,0.98801,1.00
4152,0.00,0.00,-0.00628,0.02212,-0.02260,0.99948,-0.10032,0.11611,0.01179,0.98809,-0.10359,0.14025,-0.00906,0.98464,1.00,-0.10173,0.08932,0.00917,0.99075,-0.10567,0.11355,-0.01154,0.98783,1.00
4163,0.00,0.00,-0.00614,0.02214,-0.02251,0.99948,-0.10043,0.11611,0.01180,0.98808,-0.10357,0.14026,-0.00894,0.98464,1.00,-0.10184,0.08933,0.00918,0.99074,-0.10566,0.11356,-0.01142,0.98783,1.00
4174,0.00,0.00,-0.00606,0.02211,-0.02243,0.99949,-0.10049,0.11616,0.01181,0.98806,-0.10355,0.14027,-0.00884,0.98464,1.00,-0.10190,0.08937,0.00919,0.99073,-0.10564,0.11357,-0.01132,0.98783,1.00
4185,0.00,0.00,-0.00601,0.02207,-0.02244,0.99949,-0.10024,0.11518,0.01168,0.98820,-0.10329,0.13925,-0.00898,0.98482,1.00,-0.10164,0.08838,0.00907,0.99085,-0.10536,0.11254,-0.01147,0.98798,1.00
4196,0.00,0.00,-0.00595,0.02204,-0.02236,0.99949,-0.10029,0.11523,0.01169,0.98819,-0.10328,0.13926,-0.00889,0.98482,1.00,-0.10168,0.08843,0.00907,0.99084,-0.10535,0.11255,-0.01137,0.98798,1.00
4207,0.00,0.00,-0.00591,0.02204,-0.02235,0.99949,-0.10032,0.11523,0.01170,0.98819,-0.10327,0.13926,-0.00887,0.98482,1.00,-0.10172,0.08843,0.00908,0.99083,-0.10534,0.11255,-0.01136,0.98798,1.00
4218,0.00,0.00,-0.00590,0.02199,-0.02236,0.99949,-0.09740,0.11515,0.01135,0.98850,-0.10036,0.13907,-0.00930,0.98514,1.00,-0.09875,0.08838,0.00880,0.99114,-0.10238,0.11239,-0.01171,0.98831,1.00
4229,0.00,0.00,-0.00587,0.02202,-0.02233,0.99949,-0.09742,0.11512,0.01135,0.98850,-0.10035,0.13908,-0.00927,0.98514,1.00,-0.09877,0.08835,0.00880,0.99114,-0.10237,0.11239,-0.01168,0.98831,1.00
4240,0.00,0.00,-0.00588,0.02200,-0.02228,0.99949,-0.09740,0.11515,0.01135,0.98850,-0.10035,0.13908,-0.00921,0.98514,1.00,-0.09875,0.08838,0.00881,0.99114,-0.10237,0.11240,-0.01162,0.98831,1.00
4252,0.00,0.00,-0.00591,0.02199,-0.02221,0.99949,-0.09721,0.10806,0.01062,0.98932,-0.10038,0.13198,-0.00986,0.98611,1.00,-0.09847,0.08119,0.00806,0.99179,-0.10230,0.10519,-0.01228,0.98910,1.00
4263,0.00,0.00,-0.00597,0.02200,-0.02209,0.99950,-0.09712,0.10807,0.01061,0.98933,-0.10036,0.13199,-0.00976,0.98611,1.00,-0.09838,0.08121,0.00806,0.99180,-0.10229,0.10520,-0.01218,0.98910,1.00
4274,0.00,0.00,-0.00604,0.02201,-0.02197,0.99950,-0.09702,0.10809,0.01060,0.98934,-0.10035,0.13200,-0.00966,0.98611,1.00,-0.09829,0.08122,0.00805,0.99181,-0.10228,0.10522,-0.01207,0.98910,1.00
4285,0.00,0.00,-0.00611,0.02207,-0.02195,0.99950,-0.08873,-0.00137,-0.00012,0.99605,-0.09481,0.02256,-0.02002,0.99504,1.00,-0.08857,-0.02876,-0.00256,0.99565,-0.09530,-0.00484,-0.02228,0.99519,1.00
4296,0.00,0.00,-0.00616,0.02210,-0.02202,0.99949,-0.08869,-0.00141,-0.00013,0.99606,-0.09481,0.02255,-0.02009,0.99504,1.00,-0.08852,-0.02880,-0.00256,0.99566,-0.09529,-0.00484,-0.02235,0.99519,1.00
4308,0.00,0.00,-0.00623,0.02215,-0.02203,0.99949,-0.08861,-0.00147,-0.00013,0.99607,-0.09481,0.02255,-0.02010,0.99504,1.00,-0.08844,-0.02885,-0.00256,0.99566,-0.09529,-0.00485,-0.02236,0.99519,1.00
4319,0.00,0.00,-0.00631,0.02215,-0.02204,0.99949,-0.08722,-0.01043,-0.00091,0.99613,-0.09371,0.01356,-0.02087,0.99529,1.00,-0.08694,-0.03778,-0.00330,0.99549,-0.09408,-0.01382,-0.02308,0.99520,1.00
4330,0.00,0.00,-0.00627,0.02224,-0.02208,0.99949,-0.08726,-0.01053,-0.00092,0.99613,-0.09371,0.01355,-0.02091,0.99529,1.00,-0.08698,-0.03787,-0.00331,0.99548,-0.09408,-0.01382,-0.02312,0.99520,1.00
4341,0.00,0.00,-0.00616,0.02226,-0.02229,0.99948,-0.08737,-0.01059,-0.00093,0.99612,-0.09372,0.01353,-0.02113,0.99528,1.00,-0.08707,-0.03794,-0.00332,0.99547,-0.09408,-0.01384,-0.02334,0.99520,1.00
4352,0.00,0.00,-0.00607,0.02236,-0.02246,0.99948,-0.08754,-0.01419,-0.00125,0.99606,-0.09389,0.01005,-0.02158,0.99530,1.00,-0.08719,-0.04153,-0.00364,0.99532,-0.09421,-0.01732,-0.02379,0.99512,1.00
4363,0.00,0.00,-0.00604,0.02241,-0.02254,0.99948,-0.08757,-0.01425,-0.00125,0.99606,-0.09389,0.01004,-0.02166,0.99530,1.00,-0.08722,-0.04159,-0.00364,0.99531,-0.09421,-0.01732,-0.02387,0.99512,1.00
4375,0.00,0.00,-0.00605,0.02244,-0.02241,0.99948,-0.08757,-0.01426,-0.00125,0.99606,-0.09389,0.01005,-0.02152,0.99530,1.00,-0.08722,-0.04160,-0.00365,0.99531,-0.09421,-0.01731,-0.02374,0.99512,1.00
4386,0.00,0.00,-0.00598,0.02247,-0.02222,0.99948,-0.08756,-0.01753,-0.00154,0.99600,-0.09390,0.00680,-0.02160,0.99532,1.00,-0.08720,-0.04485,-0.00393,0.99517,-0.09419,-0.02055,-0.02381,0.99506,1.00
4397,0.00,0.00,-0.00592,0.02247,-0.02200,0.99949,-0.08763,-0.01749,-0.00154,0.99600,-0.09389,0.00682,-0.02138,0.99533,1.00,-0.08727,-0.04482,-0.00393,0.99517,-0.09419,-0.02053,-0.02360,0.99506,1.00
4408,0.00,0.00,-0.00585,0.02245,-0.02188,0.99949,-0.08769,-0.01745,-0.00154,0.99599,-0.09389,0.00683,-0.02126,0.99533,1.00,-0.08735,-0.04478,-0.00393,0.99516,-0.09420,-0.02052,-0.02348,0.99507,1.00
4419,0.00,0.00,-0.00577,0.02241,-0.02189,0.99949,-0.08729,-0.01733,-0.00152,0.99603,-0.09340,0.00690,-0.02126,0.99538,1.00,-0.08694,-0.04466,-0.00390,0.99520,-0.09370,-0.02045,-0.02348,0.99511,1.00
4430,0.00,0.00,-0.00570,0.02235,-0.02194,0.99949,-0.08736,-0.01729,-0.00152,0.99603,-0.09340,0.00689,-0.02132,0.99538,1.00,-0.08700,-0.04461,-0.00390,0.99520,-0.09370,-0.02046,-0.02353,0.99511,1.00
4442,0.00,0.00,-0.00571,0.02227,-0.02196,0.99949,-0.08734,-0.01721,-0.00151,0.99603,-0.09340,0.00689,-0.02134,0.99538,1.00,-0.08699,-0.04453,-0.00389,0.99521,-0.09370,-0.02046,-0.02356,0.99511,1.00
4453,0.00,0.00,-0.00577,0.02217,-0.02185,0.99950,-0.08677,-0.01550,-0.00135,0.99611,-0.09284,0.00848,-0.02111,0.99542,1.00,-0.08644,-0.04283,-0.00372,0.99533,-0.09315,-0.01887,-0.02331,0.99520,1.00
4464,0.00,0.00,-0.00590,0.02209,-0.02170,0.99950,-0.08664,-0.01539,-0.00134,0.99612,-0.09284,0.00850,-0.02095,0.99542,1.00,-0.08631,-0.04272,-0.00370,0.99534,-0.09316,-0.01885,-0.02314,0.99520,1.00
4474,0.00,0.00,-0.00610,0.02205,-0.02156,0.99951,-0.08645,-0.01532,-0.00133,0.99614,-0.09284,0.00851,-0.02081,0.99543,1.00,-0.08613,-0.04265,-0.00369,0.99536,-0.09316,-0.01884,-0.02299,0.99521,1.00
4486,0.00,0.00,-0.00607,0.02205,-0.02156,0.99951,-0.08614,-0.01550,-0.00134,0.99616,-0.09250,0.00832,-0.02082,0.99546,1.00,-0.08581,-0.04282,-0.00369,0.99538,-0.09282,-0.01902,-0.02300,0.99524,1.00
4497,0.00,0.00,-0.00604,0.02205,-0.02159,0.99951,-0.08617,-0.01550,-0.00134,0.99616,-0.09251,0.00832,-0.02085,0.99546,1.00,-0.08584,-0.04282,-0.00369,0.99538,-0.09282,-0.01903,-0.02303,0.99524,1.00
4508,0.00,0.00,-0.00597,0.02205,-0.02164,0.99950,-0.08624,-0.01552,-0.00134,0.99615,-0.09251,0.00831,-0.02091,0.99546,1.00,-0.08591,-0.04284,-0.00370,0.99537,-0.09281,-0.01903,-0.02309,0.99523,1.00
4519,0.00,0.00,-0.00589,0.02205,-0.02168,0.99950,-0.08511,-0.02114,-0.00181,0.99615,-0.09143,0.00267,-0.02140,0.99558,1.00,-0.08471,-0.04843,-0.00412,0.99522,-0.09167,-0.02465,-0.02354,0.99521,1.00
4530,0.00,0.00,-0.00577,0.02206,-0.02162,0.99951,-0.08523,-0.02114,-0.00181,0.99614,-0.09143,0.00267,-0.02135,0.99558,1.00,-0.08484,-0.04844,-0.00413,0.99521,-0.09167,-0.02465,-0.02350,0.99521,1.00
4542,0.00,0.00,-0.00571,0.02205,-0.02156,0.99951,-0.08529,-0.02113,-0.00181,0.99613,-0.09143,0.00268,-0.02128,0.99558,1.00,-0.08490,-0.04842,-0.00413,0.99520,-0.09167,-0.02464,-0.02344,0.99521,1.00
4553,0.00,0.00,-0.00567,0.02205,-0.02145,0.99951,-0.08524,-0.02280,-0.00195,0.99610,-0.09138,0.00099,-0.02130,0.99559,1.00,-0.08484,-0.05009,-0.00427,0.99513,-0.09160,-0.02632,-0.02345,0.99517,1.00
4564,0.00,0.00,-0.00567,0.02205,-0.02137,0.99951,-0.08524,-0.02279,-0.00195,0.99610,-0.09138,0.00100,-0.02122,0.99559,1.00,-0.08484,-0.05007,-0.00427,0.99513,-0.09160,-0.02632,-0.02338,0.99517,1.00
4575,0.00,0.00,-0.00569,0.02205,-0.02141,0.99951,-0.08522,-0.02279,-0.00195,0.99610,-0.09138,0.00099,-0.02126,0.99559,1.00,-0.08482,-0.05008,-0.00427,0.99513,-0.09160,-0.02632,-0.02341,0.99517,1.00
4586,0.00,0.00,-0.00571,0.02206,-0.02167,0.99951,-0.08509,-0.02169,-0.00185,0.99614,-0.09125,0.00213,-0.02144,0.99560,1.00,-0.08468,-0.04898,-0.00417,0.99520,-0.09147,-0.02519,-0.02359,0.99521,1.00
4597,0.00,0.00,-0.00575,0.02207,-0.02187,0.99950,-0.08505,-0.02173,-0.00186,0.99614,-0.09125,0.00211,-0.02163,0.99559,1.00,-0.08462,-0.04902,-0.00417,0.99520,-0.09146,-0.02521,-0.02378,0.99521,1.00
4608,0.00,0.00,-0.00578,0.02208,-0.02193,0.99950,-0.08501,-0.02176,-0.00186,0.99614,-0.09125,0.00210,-0.02170,0.99559,1.00,-0.08459,-0.04905,-0.00417,0.99520,-0.09146,-0.02521,-0.02384,0.99520,1.00
4620,0.00,0.00,-0.00582,0.02209,-0.02183,0.99950,-0.08579,-0.02172,-0.00187,0.99607,-0.09207,0.00215,-0.02160,0.99552,1.00,-0.08537,-0.04901,-0.00421,0.99513,-0.09229,-0.02517,-0.02376,0.99513,1.00
4631,0.00,0.00,-0.00584,0.02215,-0.02165,0.99950,-0.08578,-0.02175,-0.00187,0.99607,-0.09207,0.00217,-0.02141,0.99552,1.00,-0.08537,-0.04904,-0.00421,0.99513,-0.09230,-0.02515,-0.02357,0.99513,1.00
4642,0.00,0.00,-0.00587,0.02224,-0.02149,0.99950,-0.08576,-0.02181,-0.00188,0.99608,-0.09207,0.00219,-0.02124,0.99552,1.00,-0.08536,-0.04910,-0.00421,0.99513,-0.09230,-0.02514,-0.02340,0.99514,1.00
4653,0.00,0.00,-0.00585,0.02233,-0.02141,0.99950,-0.08583,-0.02154,-0.00186,0.99608,-0.09211,0.00254,-0.02113,0.99552,1.00,-0.08544,-0.04883,-0.00419,0.99514,-0.09235,-0.02478,-0.02330,0.99515,1.00
4664,0.00,0.00,-0.00585,0.02244,-0.02140,0.99950,-0.08582,-0.02165,-0.00186,0.99607,-0.09211,0.00254,-0.02113,0.99552,1.00,-0.08543,-0.04894,-0.00420,0.99513,-0.09235,-0.02478,-0.02330,0.99515,1.00
4675,0.00,0.00,-0.00572,0.02250,-0.02145,0.99950,-0.08595,-0.02172,-0.00187,0.99606,-0.09211,0.00254,-0.02118,0.99552,1.00,-0.08555,-0.04901,-0.00421,0.99512,-0.09235,-0.02479,-0.02335,0.99514,1.00
4686,0.00,0.00,-0.00560,0.02253,-0.02149,0.99950,-0.08608,-0.02161,-0.00187,0.99605,-0.09213,0.00268,-0.02121,0.99552,1.00,-0.08568,-0.04891,-0.00421,0.99511,-0.09236,-0.02465,-0.02339,0.99515,1.00
4697,0.00,0.00,-0.00547,0.02248,-0.02144,0.99950,-0.08621,-0.02156,-0.00187,0.99604,-0.09213,0.00268,-0.02116,0.99552,1.00,-0.08581,-0.04885,-0.00421,0.99510,-0.09236,-0.02464,-0.02335,0.99515,1.00
4709,0.00,0.00,-0.00533,0.02244,-0.02141,0.99950,-0.08636,-0.02152,-0.00187,0.99603,-0.09213,0.00268,-0.02114,0.99552,1.00,-0.08595,-0.04881,-0.00422,0.99509,-0.09236,-0.02464,-0.02333,0.99515,1.00
4720,0.00,0.00,-0.00522,0.02234,-0.02141,0.99951,-0.08650,-0.02128,-0.00185,0.99602,-0.09215,0.00283,-0.02113,0.99552,1.00,-0.08610,-0.04858,-0.00420,0.99509,-0.09238,-0.02450,-0.02333,0.99515,1.00
4731,0.00,0.00,-0.00508,0.02213,-0.02137,0.99951,-0.08664,-0.02106,-0.00183,0.99602,-0.09215,0.00283,-0.02109,0.99552,1.00,-0.08624,-0.04836,-0.00419,0.99509,-0.09238,-0.02450,-0.02330,0.99515,1.00
4742,0.00,0.00,-0.00507,0.02202,-0.02134,0.99952,-0.08665,-0.02095,-0.00182,0.99602,-0.09215,0.00283,-0.02107,0.99552,1.00,-0.08625,-0.04825,-0.00418,0.99510,-0.09238,-0.02450,-0.02328,0.99515,1.00
4753,0.00,0.00,-0.00497,0.02192,-0.02135,0.99952,-0.08644,-0.02108,-0.00183,0.99603,-0.09183,0.00259,-0.02109,0.99555,1.00,-0.08603,-0.04838,-0.00418,0.99511,-0.09206,-0.02473,-0.02330,0.99517,1.00
4764,0.00,0.00,-0.00487,0.02186,-0.02143,0.99952,-0.08653,-0.02104,-0.00183,0.99603,-0.09183,0.00259,-0.02117,0.99555,1.00,-0.08612,-0.04834,-0.00418,0.99510,-0.09206,-0.02474,-0.02339,0.99517,1.00
4776,0.00,0.00,-0.00471,0.02182,-0.02145,0.99952,-0.08669,-0.02101,-0.00183,0.99601,-0.09183,0.00258,-0.02120,0.99555,1.00,-0.08628,-0.04831,-0.00419,0.99509,-0.09206,-0.02474,-0.02342,0.99517,1.00
4787,0.00,0.00,-0.00466,0.02175,-0.02147,0.99952,-0.08646,-0.02119,-0.00184,0.99603,-0.09156,0.00233,-0.02125,0.99557,1.00,-0.08605,-0.04849,-0.00419,0.99510,-0.09178,-0.02499,-0.02346,0.99519,1.00
4798,0.00,0.00,-0.00456,0.02171,-0.02140,0.99952,-0.08657,-0.02114,-0.00184,0.99602,-0.09156,0.00234,-0.02118,0.99557,1.00,-0.08616,-0.04844,-0.00419,0.99509,-0.09178,-0.02499,-0.02340,0.99519,1.00
4809,0.00,0.00,-0.00445,0.02171,-0.02143,0.99952,-0.08668,-0.02115,-0.00184,0.99601,-0.09156,0.00234,-0.02121,0.99557,1.00,-0.08627,-0.04845,-0.00420,0.99508,-0.09178,-0.02499,-0.02343,0.99519,1.00
4820,0.00,0.00,-0.00437,0.02170,-0.02141,0.99953,-0.08578,-0.02367,-0.00204,0.99603,-0.09064,-0.00022,-0.02140,0.99565,1.00,-0.08535,-0.05095,-0.00437,0.99504,-0.09084,-0.02753,-0.02360,0.99521,1.00
4831,0.00,0.00,-0.00433,0.02173,-0.02144,0.99952,-0.08582,-0.02371,-0.00204,0.99603,-0.09064,-0.00022,-0.02143,0.99565,1.00,-0.08539,-0.05099,-0.00438,0.99503,-0.09084,-0.02753,-0.02363,0.99520,1.00
4842,0.00,0.00,-0.00432,0.02173,-0.02137,0.99953,-0.08583,-0.02369,-0.00204,0.99603,-0.09064,-0.00021,-0.02136,0.99565,1.00,-0.08540,-0.05098,-0.00438,0.99503,-0.09084,-0.02753,-0.02356,0.99521,1.00
4854,0.00,0.00,-0.00432,0.02177,-0.02126,0.99953,-0.08559,-0.02380,-0.00204,0.99604,-0.09040,-0.00029,-0.02125,0.99568,1.00,-0.08517,-0.05108,-0.00437,0.99505,-0.09061,-0.02760,-0.02345,0.99523,1.00
4864,0.00,0.00,-0.00438,0.02178,-0.02120,0.99953,-0.08553,-0.02379,-0.00204,0.99605,-0.09040,-0.00028,-0.02119,0.99568,1.00,-0.08511,-0.05107,-0.00437,0.99505,-0.09061,-0.02759,-0.02338,0.99523,1.00
4876,0.00,0.00,-0.00440,0.02181,-0.02111,0.99953,-0.08551,-0.02381,-0.00204,0.99605,-0.09040,-0.00027,-0.02110,0.99568,1.00,-0.08510,-0.05109,-0.00437,0.99505,-0.09061,-0.02758,-0.02329,0.99523,1.00
4887,0.00,0.00,-0.00449,0.02183,-0.02114,0.99953,-0.08532,-0.02239,-0.00192,0.99610,-0.09027,0.00116,-0.02101,0.99570,1.00,-0.08492,-0.04967,-0.00424,0.99514,-0.09049,-0.02615,-0.02320,0.99528,1.00
4898,0.00,0.00,-0.00449,0.02182,-0.02118,0.99953,-0.08532,-0.02239,-0.00192,0.99610,-0.09027,0.00116,-0.02105,0.99569,1.00,-0.08491,-0.04967,-0.00424,0.99514,-0.09048,-0.02616,-0.02324,0.99528,1.00
4909,0.00,0.00,-0.00452,0.02182,-0.02125,0.99953,-0.08529,-0.02240,-0.00192,0.99610,-0.09027,0.00115,-0.02113,0.99569,1.00,-0.08487,-0.04969,-0.00424,0.99514,-0.09048,-0.02616,-0.02331,0.99528,1.00
4920,0.00,0.00,-0.00453,0.02177,-0.02127,0.99953,-0.08748,-0.02223,-0.00195,0.99592,-0.09247,0.00131,-0.02113,0.99549,1.00,-0.08706,-0.04953,-0.00433,0.99496,-0.09268,-0.02602,-0.02337,0.99508,1.00
4932,0.00,0.00,-0.00453,0.02173,-0.02130,0.99953,-0.08749,-0.02220,-0.00195,0.99592,-0.09247,0.00130,-0.02116,0.99549,1.00,-0.08706,-0.04951,-0.00433,0.99496,-0.09268,-0.02603,-0.02341,0.99508,1.00
4943,0.00,0.00,-0.00454,0.02163,-0.02136,0.99953,-0.08748,-0.02211,-0.00194,0.99592,-0.09248,0.00130,-0.02122,0.99549,1.00,-0.08704,-0.04941,-0.00432,0.99497,-0.09267,-0.02603,-0.02347,0.99508,1.00
4954,0.00,0.00,-0.00454,0.02158,-0.02141,0.99953,-0.08844,-0.02214,-0.00197,0.99583,-0.09344,0.00124,-0.02128,0.99540,1.00,-0.08800,-0.04945,-0.00437,0.99488,-0.09363,-0.02609,-0.02355,0.99499,1.00
4965,0.00,0.00,-0.00471,0.02160,-0.02148,0.99953,-0.08828,-0.02217,-0.00196,0.99585,-0.09344,0.00124,-0.02134,0.99540,1.00,-0.08783,-0.04947,-0.00437,0.99490,-0.09363,-0.02610,-0.02360,0.99498,1.00
4976,0.00,0.00,-0.00483,0.02165,-0.02155,0.99952,-0.08815,-0.02223,-0.00197,0.99586,-0.09344,0.00123,-0.02141,0.99539,1.00,-0.08770,-0.04954,-0.00437,0.99490,-0.09363,-0.02611,-0.02366,0.99498,1.00
4987,0.00,0.00,-0.00484,0.02180,-0.02169,0.99952,-0.08823,-0.02210,-0.00196,0.99585,-0.09353,0.00153,-0.02153,0.99538,1.00,-0.08779,-0.04941,-0.00436,0.99490,-0.09373,-0.02581,-0.02379,0.99498,1.00
4998,0.00,0.00,-0.00473,0.02201,-0.02197,0.99951,-0.08833,-0.02236,-0.00198,0.99584,-0.09353,0.00150,-0.02182,0.99538,1.00,-0.08787,-0.04967,-0.00439,0.99488,-0.09372,-0.02584,-0.02408,0.99497,1.00
5010,0.00,0.00,-0.00464,0.02224,-0.02215,0.99950,-0.08841,-0.02263,-0.00201,0.99583,-0.09353,0.00148,-0.02200,0.99537,1.00,-0.08794,-0.04994,-0.00441,0.99486,-0.09372,-0.02586,-0.02426,0.99497,1.00
5021,0.00,0.00,-0.00457,0.02242,-0.02202,0.99950,-0.08678,-0.02229,-0.00194,0.99598,-0.09182,0.00196,-0.02183,0.99553,1.00,-0.08634,-0.04959,-0.00430,0.99502,-0.09203,-0.02537,-0.02405,0.99514,1.00
5032,0.00,0.00,-0.00452,0.02257,-0.02189,0.99950,-0.08682,-0.02241,-0.00195,0.99597,-0.09182,0.00197,-0.02170,0.99554,1.00,-0.08640,-0.04971,-0.00432,0.99501,-0.09203,-0.02536,-0.02392,0.99515,1.00
5043,0.00,0.00,-0.00448,0.02273,-0.02166,0.99950,-0.08686,-0.02253,-0.00196,0.99596,-0.09182,0.00199,-0.02146,0.99554,1.00,-0.08645,-0.04983,-0.00433,0.99500,-0.09204,-0.02534,-0.02369,0.99515,1.00
5054,0.00,0.00,-0.00446,0.02285,-0.02154,0.99950,-0.08672,-0.02220,-0.00193,0.99598,-0.09165,0.00242,-0.02131,0.99556,1.00,-0.08633,-0.04950,-0.00429,0.99503,-0.09189,-0.02490,-0.02353,0.99518,1.00
5065,0.00,0.00,-0.00450,0.02290,-0.02155,0.99950,-0.08668,-0.02225,-0.00194,0.99599,-0.09165,0.00242,-0.02131,0.99556,1.00,-0.08629,-0.04955,-0.00430,0.99503,-0.09189,-0.02490,-0.02354,0.99518,1.00
5076,0.00,0.00,-0.00445,0.02291,-0.02157,0.99950,-0.08673,-0.02227,-0.00194,0.99598,-0.09165,0.00242,-0.02134,0.99556,1.00,-0.08633,-0.04957,-0.00430,0.99502,-0.09189,-0.02491,-0.02356,0.99518,1.00
5088,0.00,0.00,-0.00444,0.02297,-0.02162,0.99949,-0.08664,-0.02246,-0.00195,0.99598,-0.09155,0.00229,-0.02140,0.99557,1.00,-0.08622,-0.04976,-0.00431,0.99502,-0.09177,-0.02503,-0.02362,0.99519,1.00
5098,0.00,0.00,-0.00441,0.02287,-0.02173,0.99949,-0.08666,-0.02238,-0.00195,0.99598,-0.09155,0.00228,-0.02151,0.99557,1.00,-0.08624,-0.04968,-0.00431,0.99503,-0.09177,-0.02504,-0.02373,0.99518,1.00
5110,0.00,0.00,-0.00438,0.02272,-0.02176,0.99950,-0.08670,-0.02224,-0.00194,0.99598,-0.09155,0.00228,-0.02154,0.99557,1.00,-0.08628,-0.04954,-0.00430,0.99503,-0.09177,-0.02505,-0.02377,0.99518,1.00
5121,0.00,0.00,-0.00435,0.02250,-0.02172,0.99950,-0.08673,-0.02251,-0.00196,0.99598,-0.09155,0.00179,-0.02154,0.99557,1.00,-0.08630,-0.04981,-0.00432,0.99501,-0.09176,-0.02554,-0.02377,0.99517,1.00
5132,0.00,0.00,-0.00429,0.02217,-0.02171,0.99951,-0.08680,-0.02218,-0.00193,0.99598,-0.09155,0.00179,-0.02154,0.99557,1.00,-0.08637,-0.04948,-0.00429,0.99502,-0.09176,-0.02554,-0.02377,0.99517,1.00
5143,0.00,0.00,-0.00431,0.02195,-0.02178,0.99951,-0.08678,-0.02198,-0.00191,0.99598,-0.09155,0.00178,-0.02161,0.99556,1.00,-0.08635,-0.04927,-0.00428,0.99504,-0.09176,-0.02554,-0.02384,0.99517,1.00
5155,0.00,0.00,-0.00427,0.02184,-0.02192,0.99951,-0.08809,-0.02212,-0.00196,0.99587,-0.09282,0.00156,-0.02177,0.99544,1.00,-0.08765,-0.04942,-0.00435,0.99492,-0.09303,-0.02577,-0.02404,0.99504,1.00
5166,0.00,0.00,-0.00428,0.02172,-0.02199,0.99951,-0.08808,-0.02201,-0.00195,0.99587,-0.09282,0.00156,-0.02184,0.99544,1.00,-0.08763,-0.04932,-0.00434,0.99492,-0.09302,-0.02578,-0.02411,0.99504,1.00
5177,0.00,0.00,-0.00426,0.02176,-0.02209,0.99951,-0.08809,-0.02207,-0.00195,0.99587,-0.09282,0.00155,-0.02194,0.99544,1.00,-0.08764,-0.04938,-0.00435,0.99492,-0.09302,-0.02579,-0.02421,0.99504,1.00
5188,0.00,0.00,-0.00427,0.02175,-0.02209,0.99951,-0.08801,-0.02193,-0.00194,0.99588,-0.09274,0.00168,-0.02193,0.99545,1.00,-0.08757,-0.04923,-0.00433,0.99493,-0.09295,-0.02566,-0.02420,0.99505,1.00
5199,0.00,0.00,-0.00429,0.02186,-0.02204,0.99951,-0.08799,-0.02203,-0.00195,0.99588,-0.09274,0.00168,-0.02188,0.99545,1.00,-0.08755,-0.04934,-0.00434,0.99493,-0.09296,-0.02565,-0.02414,0.99505,1.00
5210,0.00,0.00,-0.00434,0.02202,-0.02201,0.99951,-0.08794,-0.02218,-0.00196,0.99588,-0.09274,0.00168,-0.02184,0.99545,1.00,-0.08750,-0.04949,-0.00435,0.99492,-0.09296,-0.02565,-0.02410,0.99505,1.00
5221,0.00,0.00,-0.00432,0.02220,-0.02200,0.99950,-0.08862,-0.02238,-0.00199,0.99581,-0.09342,0.00168,-0.02184,0.99539,1.00,-0.08819,-0.04970,-0.00441,0.99485,-0.09364,-0.02566,-0.02412,0.99498,1.00
5232,0.00,0.00,-0.00423,0.02252,-0.02224,0.99949,-0.08870,-0.02274,-0.00203,0.99580,-0.09342,0.00165,-0.02208,0.99538,1.00,-0.08826,-0.05006,-0.00444,0.99483,-0.09363,-0.02569,-0.02436,0.99498,1.00
5244,0.00,0.00,-0.00419,0.02268,-0.02245,0.99948,-0.08873,-0.02294,-0.00204,0.99579,-0.09342,0.00163,-0.02229,0.99538,1.00,-0.08827,-0.05026,-0.00446,0.99482,-0.09363,-0.02571,-0.02458,0.99497,1.00
5255,0.00,0.00,-0.00437,0.02283,-0.02256,0.99948,-0.08621,-0.02268,-0.00196,0.99602,-0.09107,0.00201,-0.02236,0.99559,1.00,-0.08577,-0.04997,-0.00431,0.99505,-0.09129,-0.02531,-0.02457,0.99520,1.00
5266,0.00,0.00,-0.00460,0.02308,-0.02253,0.99947,-0.08598,-0.02291,-0.00198,0.99603,-0.09107,0.00202,-0.02233,0.99559,1.00,-0.08553,-0.05020,-0.00432,0.99506,-0.09130,-0.02530,-0.02453,0.99520,1.00
5277,0.00,0.00,-0.00515,0.02339,-0.02246,0.99946,-0.08542,-0.02319,-0.00199,0.99607,-0.09107,0.00203,-0.02224,0.99559,1.00,-0.08499,-0.05048,-0.00431,0.99509,-0.09130,-0.02529,-0.02441,0.99520,1.00
5288,0.00,0.00,-0.00568,0.02380,-0.02239,0.99945,-0.08748,-0.02310,-0.00203,0.99590,-0.09365,0.00256,-0.02211,0.99536,1.00,-0.08705,-0.05040,-0.00441,0.99492,-0.09388,-0.02477,-0.02432,0.99498,1.00
5299,0.00,0.00,-0.00579,0.02422,-0.02228,0.99944,-0.08735,-0.02349,-0.00206,0.99590,-0.09365,0.00257,-0.02200,0.99536,1.00,-0.08693,-0.05080,-0.00444,0.99491,-0.09388,-0.02476,-0.02421,0.99498,1.00
5311,0.00,0.00,-0.00577,0.02452,-0.02228,0.99943,-0.08736,-0.02380,-0.00209,0.99589,-0.09365,0.00257,-0.02200,0.99536,1.00,-0.08694,-0.05110,-0.00447,0.99489,-0.09388,-0.02476,-0.02421,0.99498,1.00
5322,0.00,0.00,-0.00553,0.02476,-0.02231,0.99943,-0.08829,-0.02885,-0.00256,0.99567,-0.09445,-0.00222,-0.02243,0.99527,1.00,-0.08780,-0.05613,-0.00496,0.99454,-0.09462,-0.02954,-0.02466,0.99477,1.00
5333,0.00,0.00,-0.00520,0.02487,-0.02246,0.99942,-0.08861,-0.02900,-0.00258,0.99564,-0.09445,-0.00224,-0.02259,0.99527,1.00,-0.08811,-0.05628,-0.00499,0.99451,-0.09462,-0.02956,-0.02484,0.99476,1.00
5344,0.00,0.00,-0.00486,0.02487,-0.02258,0.99942,-0.08895,-0.02902,-0.00259,0.99561,-0.09445,-0.00225,-0.02272,0.99527,1.00,-0.08844,-0.05630,-0.00501,0.99448,-0.09461,-0.02957,-0.02499,0.99476,1.00
5355,0.00,0.00,-0.00455,0.02487,-0.02274,0.99942,-0.09005,-0.02943,-0.00266,0.99550,-0.09526,-0.00262,-0.02292,0.99519,1.00,-0.08951,-0.05672,-0.00511,0.99436,-0.09540,-0.02994,-0.02523,0.99467,1.00
5366,0.00,0.00,-0.00424,0.02489,-0.02283,0.99942,-0.09035,-0.02948,-0.00268,0.99547,-0.09526,-0.00263,-0.02302,0.99518,1.00,-0.08981,-0.05677,-0.00513,0.99433,-0.09540,-0.02996,-0.02535,0.99467,1.00
5377,0.00,0.00,-0.00398,0.02483,-0.02290,0.99942,-0.09060,-0.02943,-0.00268,0.99545,-0.09526,-0.00264,-0.02310,0.99518,1.00,-0.09006,-0.05672,-0.00514,0.99431,-0.09539,-0.02997,-0.02544,0.99466,1.00
5388,0.00,0.00,-0.00386,0.02467,-0.02298,0.99942,-0.09110,-0.02884,-0.00264,0.99542,-0.09561,-0.00218,-0.02316,0.99515,1.00,-0.09055,-0.05614,-0.00511,0.99430,-0.09575,-0.02951,-0.02551,0.99464,1.00
5399,0.00,0.00,-0.00377,0.02439,-0.02302,0.99943,-0.09118,-0.02857,-0.00262,0.99542,-0.09561,-0.00219,-0.02320,0.99515,1.00,-0.09064,-0.05587,-0.00509,0.99430,-0.09575,-0.02952,-0.02556,0.99464,1.00
5411,0.00,0.00,-0.00376,0.02407,-0.02311,0.99944,-0.09120,-0.02827,-0.00259,0.99543,-0.09561,-0.00220,-0.02329,0.99514,1.00,-0.09065,-0.05557,-0.00507,0.99432,-0.09575,-0.02952,-0.02565,0.99464,1.00
5422,0.00,0.00,-0.00381,0.02375,-0.02300,0.99945,-0.09051,-0.03060,-0.00278,0.99542,-0.09503,-0.00488,-0.02341,0.99519,1.00,-0.08995,-0.05788,-0.00524,0.99425,-0.09515,-0.03219,-0.02574,0.99461,1.00
5433,0.00,0.00,-0.00390,0.02351,-0.02295,0.99945,-0.09043,-0.03035,-0.00276,0.99544,-0.09503,-0.00487,-0.02336,0.99519,1.00,-0.08988,-0.05763,-0.00521,0.99427,-0.09515,-0.03218,-0.02569,0.99461,1.00
5444,0.00,0.00,-0.00390,0.02336,-0.02280,0.99946,-0.09045,-0.03018,-0.00274,0.99544,-0.09503,-0.00486,-0.02321,0.99519,1.00,-0.08990,-0.05745,-0.00519,0.99428,-0.09516,-0.03217,-0.02554,0.99461,1.00
5455,0.00,0.00,-0.00382,0.02323,-0.02275,0.99946,-0.09024,-0.03057,-0.00277,0.99545,-0.09476,-0.00538,-0.02320,0.99521,1.00,-0.08971,-0.05784,-0.00522,0.99427,-0.09490,-0.03269,-0.02553,0.99462,1.00
5466,0.00,0.00,-0.00366,0.02322,-0.02269,0.99947,-0.09041,-0.03055,-0.00277,0.99543,-0.09476,-0.00538,-0.02315,0.99522,1.00,-0.08987,-0.05782,-0.00523,0.99426,-0.09490,-0.03269,-0.02549,0.99462,1.00
5477,0.00,0.00,-0.00357,0.02312,-0.02256,0.99947,-0.09051,-0.03043,-0.00277,0.99543,-0.09476,-0.00537,-0.02302,0.99522,1.00,-0.08998,-0.05770,-0.00522,0.99426,-0.09490,-0.03268,-0.02536,0.99463,1.00
5489,0.00,0.00,-0.00351,0.02309,-0.02244,0.99948,-0.09075,-0.02849,-0.00260,0.99546,-0.09489,-0.00346,-0.02274,0.99522,1.00,-0.09025,-0.05578,-0.00506,0.99434,-0.09505,-0.03079,-0.02510,0.99468,1.00
5500,0.00,0.00,-0.00343,0.02303,-0.02230,0.99948,-0.09083,-0.02841,-0.00259,0.99546,-0.09489,-0.00345,-0.02260,0.99523,1.00,-0.09034,-0.05570,-0.00506,0.99434,-0.09506,-0.03077,-0.02496,0.99468,1.00
5511,0.00,0.00,-0.00341,0.02301,-0.02215,0.99948,-0.09086,-0.02836,-0.00259,0.99546,-0.09489,-0.00344,-0.02245,0.99523,1.00,-0.09037,-0.05565,-0.00506,0.99434,-0.09506,-0.03076,-0.02481,0.99469,1.00
5522,0.00,0.00,-0.00354,0.02296,-0.02204,0.99949,-0.09054,-0.02756,-0.00251,0.99551,-0.09469,-0.00270,-0.02227,0.99525,1.00,-0.09006,-0.05486,-0.00497,0.99441,-0.09486,-0.03003,-0.02462,0.99473,1.00
5533,0.00,0.00,-0.00367,0.02293,-0.02195,0.99949,-0.09042,-0.02751,-0.00250,0.99552,-0.09469,-0.00269,-0.02217,0.99526,1.00,-0.08995,-0.05480,-0.00496,0.99443,-0.09487,-0.03002,-0.02452,0.99474,1.00
5544,0.00,0.00,-0.00365,0.02294,-0.02191,0.99949,-0.09044,-0.02751,-0.00250,0.99552,-0.09469,-0.00269,-0.02213,0.99526,1.00,-0.08996,-0.05481,-0.00496,0.99442,-0.09487,-0.03001,-0.02448,0.99474,1.00
5555,0.00,0.00,-0.00373,0.02293,-0.02196,0.99949,-0.09027,-0.02709,-0.00246,0.99555,-0.09459,-0.00227,-0.02214,0.99527,1.00,-0.08978,-0.05439,-0.00491,0.99446,-0.09476,-0.02960,-0.02448,0.99476,1.00
5566,0.00,0.00,-0.00383,0.02291,-0.02208,0.99949,-0.09016,-0.02709,-0.00245,0.99556,-0.09459,-0.00229,-0.02227,0.99526,1.00,-0.08968,-0.05439,-0.00490,0.99447,-0.09476,-0.02961,-0.02460,0.99476,1.00
5578,0.00,0.00,-0.00396,0.02292,-0.02217,0.99948,-0.09003,-0.02711,-0.00245,0.99557,-0.09459,-0.00229,-0.02235,0.99526,1.00,-0.08954,-0.05441,-0.00490,0.99448,-0.09475,-0.02962,-0.02467,0.99475,1.00
5589,0.00,0.00,-0.00405,0.02296,-0.02224,0.99948,-0.09006,-0.02793,-0.00253,0.99554,-0.09472,-0.00307,-0.02248,0.99525,1.00,-0.08955,-0.05522,-0.00497,0.99444,-0.09487,-0.03039,-0.02480,0.99472,1.00
5600,0.00,0.00,-0.00410,0.02291,-0.02231,0.99948,-0.09001,-0.02789,-0.00252,0.99555,-0.09472,-0.00307,-0.02255,0.99524,1.00,-0.08949,-0.05518,-0.00497,0.99445,-0.09487,-0.03040,-0.02487,0.99471,1.00
5611,0.00,0.00,-0.00409,0.02295,-0.02246,0.99948,-0.09001,-0.02796,-0.00253,0.99555,-0.09472,-0.00309,-0.02270,0.99524,1.00,-0.08949,-0.05525,-0.00497,0.99444,-0.09486,-0.03041,-0.02502,0.99471,1.00
5622,0.00,0.00,-0.00418,0.02297,-0.02254,0.99947,-0.09090,-0.02828,-0.00258,0.99546,-0.09570,-0.00335,-0.02282,0.99514,1.00,-0.09036,-0.05557,-0.00505,0.99434,-0.09584,-0.03068,-0.02516,0.99461,1.00
5633,0.00,0.00,-0.00431,0.02303,-0.02259,0.99947,-0.09076,-0.02834,-0.00258,0.99547,-0.09570,-0.00336,-0.02286,0.99514,1.00,-0.09023,-0.05563,-0.00505,0.99435,-0.09584,-0.03069,-0.02519,0.99460,1.00
5645,0.00,0.00,-0.00452,0.02314,-0.02272,0.99946,-0.09055,-0.02847,-0.00259,0.99548,-0.09570,-0.00337,-0.02298,0.99514,1.00,-0.09001,-0.05576,-0.00505,0.99437,-0.09584,-0.03070,-0.02530,0.99460,1.00
5656,0.00,0.00,-0.00448,0.02339,-0.02297,0.99945,-0.09161,-0.02978,-0.00274,0.99535,-0.09677,-0.00439,-0.02333,0.99502,1.00,-0.09105,-0.05707,-0.00523,0.99420,-0.09689,-0.03172,-0.02568,0.99446,1.00
5667,0.00,0.00,-0.00443,0.02353,-0.02314,0.99945,-0.09166,-0.02995,-0.00276,0.99534,-0.09677,-0.00440,-0.02350,0.99502,1.00,-0.09109,-0.05724,-0.00524,0.99418,-0.09688,-0.03173,-0.02585,0.99445,1.00
5678,0.00,0.00,-0.00445,0.02369,-0.02321,0.99944,-0.09163,-0.03012,-0.00277,0.99533,-0.09677,-0.00441,-0.02357,0.99502,1.00,-0.09105,-0.05741,-0.00526,0.99418,-0.09688,-0.03174,-0.02592,0.99445,1.00
5689,0.00,0.00,-0.00431,0.02385,-0.02321,0.99944,-0.09115,-0.02998,-0.00275,0.99538,-0.09615,-0.00412,-0.02354,0.99508,1.00,-0.09060,-0.05727,-0.00522,0.99423,-0.09629,-0.03144,-0.02588,0.99452,1.00
5700,0.00,0.00,-0.00416,0.02389,-0.02305,0.99944,-0.09130,-0.02999,-0.00275,0.99537,-0.09615,-0.00410,-0.02339,0.99508,1.00,-0.09076,-0.05728,-0.00523,0.99421,-0.09629,-0.03143,-0.02573,0.99452,1.00
5712,0.00,0.00,-0.00406,0.02396,-0.02285,0.99944,-0.09141,-0.03003,-0.00276,0.99536,-0.09616,-0.00408,-0.02319,0.99509,1.00,-0.09087,-0.05732,-0.00524,0.99420,-0.09630,-0.03141,-0.02555,0.99453,1.00
5722,0.00,0.00,-0.00394,0.02397,-0.02279,0.99945,-0.09240,-0.02815,-0.00261,0.99532,-0.09697,-0.00218,-0.02297,0.99502,1.00,-0.09190,-0.05546,-0.00513,0.99421,-0.09715,-0.02953,-0.02536,0.99451,1.00
5734,0.00,0.00,-0.00385,0.02394,-0.02284,0.99945,-0.09249,-0.02814,-0.00261,0.99531,-0.09697,-0.00219,-0.02302,0.99502,1.00,-0.09198,-0.05545,-0.00513,0.99420,-0.09715,-0.02953,-0.02542,0.99451,1.00
5745,0.00,0.00,-0.00375,0.02383,-0.02287,0.99945,-0.09259,-0.02803,-0.00261,0.99531,-0.09697,-0.00219,-0.02306,0.99502,1.00,-0.09208,-0.05534,-0.00513,0.99420,-0.09714,-0.02954,-0.02546,0.99451,1.00
5756,0.00,0.00,-0.00370,0.02368,-0.02288,0.99945,-0.09122,-0.02770,-0.00254,0.99544,-0.09555,-0.00203,-0.02305,0.99516,1.00,-0.09071,-0.05500,-0.00502,0.99434,-0.09572,-0.02936,-0.02541,0.99465,1.00
5767,0.00,0.00,-0.00369,0.02345,-0.02288,0.99946,-0.09124,-0.02747,-0.00252,0.99545,-0.09555,-0.00203,-0.02305,0.99516,1.00,-0.09074,-0.05477,-0.00500,0.99436,-0.09572,-0.02936,-0.02541,0.99465,1.00
5779,0.00,0.00,-0.00376,0.02312,-0.02287,0.99946,-0.09118,-0.02714,-0.00249,0.99546,-0.09555,-0.00203,-0.02304,0.99516,1.00,-0.09067,-0.05444,-0.00496,0.99438,-0.09572,-0.02936,-0.02540,0.99465,1.00
5789,0.00,0.00,-0.00392,0.02284,-0.02288,0.99947,-0.09115,-0.03019,-0.00276,0.99538,-0.09575,-0.00537,-0.02334,0.99512,1.00,-0.09061,-0.05747,-0.00524,0.99421,-0.09588,-0.03268,-0.02569,0.99452,1.00
5800,0.00,0.00,-0.00398,0.02264,-0.02285,0.99947,-0.09109,-0.02998,-0.00274,0.99539,-0.09575,-0.00536,-0.02330,0.99512,1.00,-0.09055,-0.05726,-0.00522,0.99423,-0.09589,-0.03268,-0.02565,0.99453,1.00
5812,0.00,0.00,-0.00407,0.02253,-0.02304,0.99947,-0.09099,-0.02991,-0.00273,0.99540,-0.09575,-0.00538,-0.02349,0.99511,1.00,-0.09044,-0.05719,-0.00520,0.99424,-0.09588,-0.03270,-0.02583,0.99452,1.00
5823,0.00,0.00,-0.00407,0.02239,-0.02309,0.99947,-0.09099,-0.03026,-0.00277,0.99539,-0.09576,-0.00587,-0.02358,0.99511,1.00,-0.09043,-0.05754,-0.00523,0.99422,-0.09588,-0.03319,-0.02593,0.99450,1.00
5834,0.00,0.00,-0.00412,0.02237,-0.02312,0.99947,-0.09094,-0.03024,-0.00276,0.99539,-0.09576,-0.00587,-0.02362,0.99511,1.00,-0.09038,-0.05752,-0.00523,0.99423,-0.09588,-0.03319,-0.02595,0.99450,1.00
5845,0.00,0.00,-0.00420,0.02228,-0.02297,0.99948,-0.09087,-0.03013,-0.00275,0.99540,-0.09576,-0.00586,-0.02346,0.99511,1.00,-0.09032,-0.05741,-0.00521,0.99424,-0.09588,-0.03317,-0.02580,0.99450,1.00
5856,0.00,0.00,-0.00448,0.02228,-0.02288,0.99948,-0.09072,-0.02848,-0.00260,0.99547,-0.09584,-0.00422,-0.02322,0.99512,1.00,-0.09020,-0.05577,-0.00506,0.99435,-0.09600,-0.03155,-0.02554,0.99455,1.00
5867,0.00,0.00,-0.00461,0.02229,-0.02284,0.99948,-0.09060,-0.02847,-0.00259,0.99548,-0.09584,-0.00422,-0.02318,0.99512,1.00,-0.09008,-0.05577,-0.00505,0.99436,-0.09600,-0.03154,-0.02550,0.99455,1.00
5879,0.00,0.00,-0.00466,0.02229,-0.02296,0.99948,-0.09054,-0.02850,-0.00259,0.99548,-0.09584,-0.00423,-0.02329,0.99512,1.00,-0.09002,-0.05579,-0.00505,0.99436,-0.09600,-0.03155,-0.02561,0.99455,1.00
5890,0.00,0.00,-0.00469,0.02246,-0.02335,0.99946,-0.09016,-0.02902,-0.00263,0.99550,-0.09552,-0.00455,-0.02371,0.99513,1.00,-0.08962,-0.05631,-0.00508,0.99437,-0.09567,-0.03188,-0.02602,0.99456,1.00
5901,0.00,0.00,-0.00475,0.02259,-0.02358,0.99946,-0.09009,-0.02920,-0.00264,0.99550,-0.09552,-0.00458,-0.02394,0.99513,1.00,-0.08954,-0.05648,-0.00509,0.99437,-0.09566,-0.03190,-0.02623,0.99456,1.00
5913,0.00,0.00,-0.00481,0.02265,-0.02372,0.99945,-0.09002,-0.02928,-0.00265,0.99551,-0.09552,-0.00459,-0.02408,0.99513,1.00,-0.08946,-0.05656,-0.00509,0.99437,-0.09565,-0.03191,-0.02637,0.99455,1.00
5923,0.00,0.00,-0.00487,0.02275,-0.02366,0.99945,-0.08995,-0.02938,-0.00265,0.99551,-0.09551,-0.00460,-0.02402,0.99513,1.00,-0.08940,-0.05667,-0.00509,0.99437,-0.09566,-0.03192,-0.02631,0.99455,1.00
5934,0.00,0.00,-0.00485,0.02284,-0.02369,0.99945,-0.08997,-0.02947,-0.00266,0.99550,-0.09551,-0.00460,-0.02404,0.99513,1.00,-0.08942,-0.05676,-0.00510,0.99436,-0.09566,-0.03192,-0.02634,0.99455,1.00
5946,0.00,0.00,-0.00484,0.02292,-0.02368,0.99945,-0.08997,-0.02956,-0.00267,0.99550,-0.09551,-0.00460,-0.02404,0.99513,1.00,-0.08943,-0.05684,-0.00511,0.99436,-0.09566,-0.03192,-0.02633,0.99455,1.00
5956,0.00,0.00,-0.00487,0.02302,-0.02371,0.99944,-0.09013,-0.02941,-0.00266,0.99549,-0.09569,-0.00435,-0.02405,0.99511,1.00,-0.08960,-0.05670,-0.00511,0.99435,-0.09586,-0.03167,-0.02634,0.99454,1.00
5967,0.00,0.00,-0.00484,0.02309,-0.02383,0.99944,-0.09016,-0.02950,-0.00267,0.99549,-0.09569,-0.00436,-0.02417,0.99511,1.00,-0.08962,-0.05678,-0.00512,0.99434,-0.09585,-0.03168,-0.02647,0.99454,1.00
5979,0.00,0.00,-0.00478,0.02316,-0.02392,0.99943,-0.09021,-0.02959,-0.00268,0.99548,-0.09569,-0.00437,-0.02426,0.99511,1.00,-0.08967,-0.05687,-0.00513,0.99433,-0.09585,-0.03169,-0.02657,0.99454,1.00
5990,0.00,0.00,-0.00470,0.02315,-0.02399,0.99943,-0.09040,-0.02737,-0.00248,0.99553,-0.09574,-0.00215,-0.02414,0.99511,1.00,-0.08988,-0.05466,-0.00494,0.99444,-0.09593,-0.02948,-0.02645,0.99460,1.00
6001,0.00,0.00,-0.00470,0.02313,-0.02402,0.99943,-0.09040,-0.02736,-0.00248,0.99553,-0.09574,-0.00215,-0.02417,0.99511,1.00,-0.08988,-0.05466,-0.00494,0.99444,-0.09593,-0.02949,-0.02649,0.99460,1.00
6012,0.00,0.00,-0.00475,0.02307,-0.02401,0.99943,-0.09035,-0.02729,-0.00248,0.99553,-0.09574,-0.00215,-0.02417,0.99511,1.00,-0.08984,-0.05459,-0.00493,0.99445,-0.09593,-0.02948,-0.02648,0.99460,1.00
6023,0.00,345.00,-0.00484,0.02305,-0.02394,0.99944,-0.09063,-0.01987,-0.00181,0.99568,-0.09592,0.00525,-0.02346,0.99510,1.00,-0.09022,-0.04721,-0.00428,0.99479,-0.09621,-0.02211,-0.02578,0.99478,1.00
6034,0.00,345.00,-0.00494,0.02307,-0.02392,0.99944,-0.09053,-0.01988,-0.00181,0.99569,-0.09592,0.00526,-0.02344,0.99510,1.00,-0.09011,-0.04722,-0.00428,0.99480,-0.09621,-0.02211,-0.02576,0.99478,1.00
6047,0.00,345.00,-0.00493,0.02306,-0.02399,0.99943,-0.09054,-0.01989,-0.00181,0.99569,-0.09592,0.00525,-0.02351,0.99510,1.00,-0.09012,-0.04722,-0.00428,0.99480,-0.09621,-0.02211,-0.02583,0.99478,1.00
6057,0.00,345.00,-0.00486,0.02305,-0.02405,0.99943,-0.09190,-0.01869,-0.00173,0.99559,-0.09718,0.00647,-0.02346,0.99497,1.00,-0.09149,-0.04604,-0.00423,0.99473,-0.09748,-0.02091,-0.02583,0.99468,1.00
6068,0.00,345.00,-0.00482,0.02304,-0.02408,0.99943,-0.09194,-0.01869,-0.00173,0.99559,-0.09718,0.00647,-0.02349,0.99497,1.00,-0.09153,-0.04604,-0.00424,0.99473,-0.09748,-0.02091,-0.02585,0.99468,1.00
6080,0.00,345.00,-0.00478,0.02306,-0.02407,0.99943,-0.09198,-0.01871,-0.00173,0.99558,-0.09718,0.00647,-0.02348,0.99497,1.00,-0.09157,-0.04606,-0.00424,0.99472,-0.09748,-0.02091,-0.02585,0.99468,1.00
6090,0.00,345.00,-0.00475,0.02305,-0.02403,0.99943,-0.09145,-0.01565,-0.00144,0.99569,-0.09654,0.00950,-0.02318,0.99501,1.00,-0.09109,-0.04301,-0.00394,0.99491,-0.09688,-0.01789,-0.02554,0.99481,1.00
6101,0.00,345.00,-0.00468,0.02299,-0.02405,0.99944,-0.09152,-0.01559,-0.00143,0.99568,-0.09654,0.00949,-0.02320,0.99501,1.00,-0.09115,-0.04296,-0.00394,0.99490,-0.09688,-0.01789,-0.02556,0.99481,1.00
6113,0.00,345.00,-0.00460,0.02299,-0.02410,0.99943,-0.09160,-0.01561,-0.00144,0.99567,-0.09654,0.00949,-0.02325,0.99501,1.00,-0.09123,-0.04297,-0.00394,0.99489,-0.09688,-0.01790,-0.02562,0.99481,1.00
6124,0.00,345.00,-0.00454,0.02294,-0.02408,0.99944,-0.09220,-0.01524,-0.00141,0.99562,-0.09706,0.00982,-0.02320,0.99496,1.00,-0.09183,-0.04261,-0.00393,0.99485,-0.09741,-0.01757,-0.02559,0.99476,1.00
6135,0.00,345.00,-0.00450,0.02288,-0.02409,0.99944,-0.09223,-0.01519,-0.00141,0.99562,-0.09706,0.00982,-0.02321,0.99496,1.00,-0.09187,-0.04256,-0.00393,0.99485,-0.09741,-0.01757,-0.02560,0.99476,1.00
6147,0.00,345.00,-0.00454,0.02286,-0.02404,0.99944,-0.09220,-0.01516,-0.00140,0.99562,-0.09706,0.00982,-0.02316,0.99496,1.00,-0.09183,-0.04252,-0.00393,0.99486,-0.09741,-0.01757,-0.02554,0.99476,1.00
6157,0.00,345.00,-0.00458,0.02290,-0.02395,0.99944,-0.09214,-0.01556,-0.00144,0.99562,-0.09705,0.00945,-0.02311,0.99497,1.00,-0.09178,-0.04293,-0.00396,0.99485,-0.09740,-0.01794,-0.02549,0.99476,1.00
6168,0.00,345.00,-0.00464,0.02297,-0.02386,0.99944,-0.09208,-0.01561,-0.00144,0.99563,-0.09705,0.00945,-0.02301,0.99497,1.00,-0.09172,-0.04298,-0.00396,0.99485,-0.09740,-0.01793,-0.02539,0.99476,1.00
6180,0.00,345.00,-0.00465,0.02300,-0.02378,0.99944,-0.09207,-0.01563,-0.00145,0.99563,-0.09705,0.00946,-0.02293,0.99497,1.00,-0.09172,-0.04300,-0.00396,0.99485,-0.09740,-0.01793,-0.02531,0.99476,1.00
6190,0.00,345.00,-0.00465,0.02311,-0.02386,0.99944,-0.09203,-0.01619,-0.00150,0.99562,-0.09703,0.00901,-0.02305,0.99497,1.00,-0.09167,-0.04356,-0.00401,0.99483,-0.09737,-0.01838,-0.02543,0.99475,1.00
6201,0.00,345.00,-0.00466,0.02320,-0.02399,0.99943,-0.09201,-0.01631,-0.00151,0.99562,-0.09703,0.00900,-0.02318,0.99497,1.00,-0.09164,-0.04367,-0.00402,0.99483,-0.09737,-0.01839,-0.02556,0.99475,1.00
6213,0.00,345.00,-0.00471,0.02331,-0.02411,0.99943,-0.09197,-0.01643,-0.00152,0.99563,-0.09703,0.00899,-0.02330,0.99497,1.00,-0.09159,-0.04380,-0.00403,0.99483,-0.09737,-0.01840,-0.02567,0.99475,1.00
6224,0.00,345.00,-0.00475,0.02331,-0.02412,0.99943,-0.09196,-0.01700,-0.00157,0.99562,-0.09708,0.00843,-0.02336,0.99497,1.00,-0.09157,-0.04436,-0.00408,0.99480,-0.09740,-0.01896,-0.02573,0.99473,1.00
6235,0.00,345.00,-0.00475,0.02334,-0.02407,0.99943,-0.09195,-0.01702,-0.00157,0.99562,-0.09708,0.00843,-0.02331,0.99497,1.00,-0.09157,-0.04438,-0.00409,0.99480,-0.09741,-0.01895,-0.02568,0.99473,1.00
6247,0.00,345.00,-0.00473,0.02331,-0.02411,0.99943,-0.09198,-0.01700,-0.00157,0.99561,-0.09708,0.00843,-0.02335,0.99497,1.00,-0.09159,-0.04436,-0.00408,0.99480,-0.09741,-0.01896,-0.02572,0.99473,1.00
6257,0.00,345.00,-0.00474,0.02335,-0.02425,0.99942,-0.09088,-0.05956,-0.00545,0.99406,-0.09711,-0.03414,-0.02714,0.99432,1.00,-0.08998,-0.08661,-0.00785,0.99214,-0.09691,-0.06125,-0.02940,0.99297,1.00
6268,0.00,345.00,-0.00476,0.02335,-0.02438,0.99942,-0.09085,-0.05959,-0.00545,0.99407,-0.09710,-0.03415,-0.02728,0.99431,1.00,-0.08994,-0.08664,-0.00785,0.99214,-0.09690,-0.06126,-0.02953,0.99297,1.00
6280,0.00,345.00,-0.00474,0.02337,-0.02448,0.99942,-0.09085,-0.05962,-0.00545,0.99406,-0.09710,-0.03416,-0.02738,0.99431,1.00,-0.08994,-0.08667,-0.00786,0.99214,-0.09689,-0.06127,-0.02963,0.99297,1.00
6291,0.00,345.00,-0.00465,0.02343,-0.02461,0.99941,-0.09042,-0.15223,-0.01399,0.98410,-0.09902,-0.12692,-0.03537,0.98632,1.00,-0.08844,-0.17781,-0.01605,0.97995,-0.09769,-0.15264,-0.03726,0.98273,1.00
6302,0.00,345.00,-0.00437,0.02351,-0.02478,0.99941,-0.09063,-0.15236,-0.01403,0.98406,-0.09899,-0.12695,-0.03561,0.98632,1.00,-0.08864,-0.17794,-0.01610,0.97991,-0.09766,-0.15267,-0.03750,0.98273,1.00
6314,0.00,345.00,-0.00422,0.02366,-0.02485,0.99940,-0.09075,-0.15252,-0.01407,0.98402,-0.09897,-0.12696,-0.03572,0.98631,1.00,-0.08875,-0.17810,-0.01613,0.97987,-0.09764,-0.15268,-0.03762,0.98272,1.00
6324,0.00,345.00,-0.00406,0.02368,-0.02476,0.99940,-0.09105,-0.15272,-0.01413,0.98396,-0.09911,-0.12713,-0.03571,0.98628,1.00,-0.08906,-0.17829,-0.01621,0.97980,-0.09779,-0.15284,-0.03763,0.98268,1.00
6335,0.00,345.00,-0.00382,0.02381,-0.02468,0.99940,-0.09130,-0.15284,-0.01418,0.98392,-0.09912,-0.12712,-0.03570,0.98628,1.00,-0.08931,-0.17842,-0.01626,0.97976,-0.09779,-0.15284,-0.03762,0.98268,1.00
6347,0.00,345.00,-0.00366,0.02384,-0.02438,0.99941,-0.09153,-0.15283,-0.01422,0.98390,-0.09915,-0.12710,-0.03546,0.98629,1.00,-0.08955,-0.17841,-0.01631,0.97974,-0.09782,-0.15282,-0.03739,0.98269,1.00
6357,0.00,345.00,-0.00350,0.02387,-0.02415,0.99942,-0.09161,-0.15367,-0.01431,0.98376,-0.09905,-0.12794,-0.03533,0.98619,1.00,-0.08964,-0.17923,-0.01640,0.97958,-0.09773,-0.15363,-0.03728,0.98258,1.00
6368,0.00,345.00,-0.00335,0.02386,-0.02405,0.99942,-0.09178,-0.15365,-0.01433,0.98375,-0.09906,-0.12793,-0.03528,0.98619,1.00,-0.08981,-0.17921,-0.01643,0.97957,-0.09774,-0.15363,-0.03724,0.98258,1.00
6380,0.00,345.00,-0.00320,0.02388,-0.02409,0.99942,-0.09191,-0.15369,-0.01436,0.98373,-0.09905,-0.12794,-0.03536,0.98619,1.00,-0.08993,-0.17925,-0.01646,0.97955,-0.09772,-0.15364,-0.03732,0.98257,1.00
6391,0.00,345.00,-0.00314,0.02379,-0.02420,0.99942,-0.09135,-0.15236,-0.01414,0.98399,-0.09842,-0.12670,-0.03530,0.98642,1.00,-0.08938,-0.17794,-0.01623,0.97984,-0.09710,-0.15242,-0.03725,0.98283,1.00
6402,0.00,345.00,-0.00317,0.02362,-0.02419,0.99942,-0.09134,-0.15219,-0.01413,0.98402,-0.09842,-0.12670,-0.03528,0.98642,1.00,-0.08937,-0.17778,-0.01621,0.97987,-0.09710,-0.15241,-0.03723,0.98283,1.00
6414,0.00,345.00,-0.00313,0.02355,-0.02413,0.99943,-0.09140,-0.15211,-0.01413,0.98403,-0.09842,-0.12669,-0.03524,0.98642,1.00,-0.08943,-0.17770,-0.01622,0.97988,-0.09711,-0.15241,-0.03719,0.98283,1.00
6424,0.00,345.00,-0.00318,0.02338,-0.02406,0.99943,-0.09377,-0.15195,-0.01448,0.98382,-0.10084,-0.12665,-0.03547,0.98617,1.00,-0.09174,-0.17755,-0.01663,0.97968,-0.09947,-0.15239,-0.03748,0.98259,1.00
6435,0.00,345.00,-0.00323,0.02328,-0.02404,0.99943,-0.09373,-0.15185,-0.01447,0.98384,-0.10084,-0.12665,-0.03544,0.98617,1.00,-0.09170,-0.17745,-0.01661,0.97971,-0.09947,-0.15239,-0.03744,0.98259,1.00
6447,0.00,345.00,-0.00321,0.02311,-0.02409,0.99944,-0.09374,-0.15169,-0.01445,0.98387,-0.10084,-0.12666,-0.03549,0.98617,1.00,-0.09172,-0.17729,-0.01660,0.97974,-0.09946,-0.15239,-0.03750,0.98259,1.00
6458,0.00,345.00,-0.00317,0.02306,-0.02416,0.99944,-0.09064,-0.15120,-0.01392,0.98424,-0.09768,-0.12628,-0.03513,0.98655,1.00,-0.08868,-0.17679,-0.01600,0.98011,-0.09638,-0.15201,-0.03707,0.98297,1.00
6469,0.00,345.00,-0.00314,0.02306,-0.02427,0.99943,-0.09064,-0.15123,-0.01393,0.98424,-0.09767,-0.12629,-0.03524,0.98654,1.00,-0.08867,-0.17682,-0.01600,0.98011,-0.09636,-0.15202,-0.03717,0.98297,1.00
6481,0.00,345.00,-0.00314,0.02306,-0.02434,0.99943,-0.09062,-0.15124,-0.01393,0.98424,-0.09766,-0.12630,-0.03530,0.98654,1.00,-0.08865,-0.17684,-0.01599,0.98011,-0.09635,-0.15202,-0.03724,0.98296,1.00
6491,0.00,345.00,-0.00333,0.02312,-0.02434,0.99943,-0.09170,-0.15125,-0.01409,0.98413,-0.09893,-0.12622,-0.03542,0.98642,1.00,-0.08971,-0.17686,-0.01619,0.98001,-0.09760,-0.15196,-0.03737,0.98284,1.00
6502,0.00,345.00,-0.00345,0.02321,-0.02425,0.99943,-0.09161,-0.15131,-0.01408,0.98413,-0.09895,-0.12621,-0.03529,0.98643,1.00,-0.08962,-0.17691,-0.01618,0.98000,-0.09762,-0.15195,-0.03724,0.98285,1.00
6514,0.00,345.00,-0.00354,0.02329,-0.02420,0.99943,-0.09153,-0.15138,-0.01408,0.98413,-0.09896,-0.12620,-0.03522,0.98643,1.00,-0.08955,-0.17698,-0.01617,0.98000,-0.09763,-0.15194,-0.03717,0.98285,1.00
6524,0.00,345.00,-0.00363,0.02342,-0.02435,0.99942,-0.08985,-0.15162,-0.01384,0.98425,-0.09739,-0.12634,-0.03515,0.98657,1.00,-0.08790,-0.17721,-0.01589,0.98011,-0.09610,-0.15207,-0.03705,0.98299,1.00
6536,0.00,345.00,-0.00375,0.02359,-0.02464,0.99941,-0.08965,-0.15183,-0.01383,0.98424,-0.09736,-0.12637,-0.03539,0.98656,1.00,-0.08769,-0.17742,-0.01587,0.98009,-0.09606,-0.15209,-0.03728,0.98298,1.00
6548,0.00,345.00,-0.00387,0.02375,-0.02471,0.99940,-0.08951,-0.15200,-0.01382,0.98422,-0.09735,-0.12637,-0.03542,0.98656,1.00,-0.08755,-0.17758,-0.01586,0.98008,-0.09606,-0.15209,-0.03731,0.98298,1.00
6558,0.00,345.00,-0.00397,0.02391,-0.02468,0.99940,-0.08826,-0.15956,-0.01432,0.98313,-0.09639,-0.13383,-0.03583,0.98565,1.00,-0.08625,-0.18496,-0.01630,0.97882,-0.09504,-0.15938,-0.03764,0.98191,1.00
6569,0.00,345.00,-0.00403,0.02403,-0.02458,0.99940,-0.08823,-0.15965,-0.01433,0.98312,-0.09641,-0.13382,-0.03572,0.98566,1.00,-0.08622,-0.18506,-0.01630,0.97880,-0.09506,-0.15937,-0.03753,0.98191,1.00
6581,0.00,345.00,-0.00406,0.02413,-0.02444,0.99940,-0.08823,-0.15972,-0.01433,0.98311,-0.09643,-0.13380,-0.03557,0.98566,1.00,-0.08624,-0.18513,-0.01631,0.97879,-0.09508,-0.15936,-0.03738,0.98192,1.00
6591,0.00,345.00,-0.00407,0.02420,-0.02438,0.99940,-0.08728,-0.16164,-0.01435,0.98288,-0.09551,-0.13568,-0.03554,0.98550,1.00,-0.08529,-0.18699,-0.01630,0.97852,-0.09418,-0.16118,-0.03732,0.98171,1.00
6602,0.00,345.00,-0.00412,0.02425,-0.02443,0.99940,-0.08722,-0.16169,-0.01435,0.98288,-0.09551,-0.13569,-0.03557,0.98550,1.00,-0.08524,-0.18704,-0.01629,0.97851,-0.09418,-0.16119,-0.03735,0.98171,1.00
6614,0.00,345.00,-0.00421,0.02427,-0.02450,0.99940,-0.08711,-0.16171,-0.01433,0.98288,-0.09550,-0.13569,-0.03560,0.98549,1.00,-0.08512,-0.18706,-0.01627,0.97852,-0.09417,-0.16119,-0.03738,0.98171,1.00
6625,0.00,345.00,-0.00432,0.02421,-0.02453,0.99940,-0.08681,-0.16021,-0.01415,0.98316,-0.09528,-0.13424,-0.03546,0.98572,1.00,-0.08484,-0.18558,-0.01608,0.97883,-0.09396,-0.15976,-0.03723,0.98197,1.00
6636,0.00,345.00,-0.00435,0.02414,-0.02449,0.99940,-0.08679,-0.16013,-0.01414,0.98317,-0.09528,-0.13423,-0.03541,0.98572,1.00,-0.08483,-0.18550,-0.01608,0.97884,-0.09397,-0.15976,-0.03718,0.98197,1.00
6648,0.00,345.00,-0.00434,0.02399,-0.02443,0.99940,-0.08683,-0.15997,-0.01413,0.98319,-0.09529,-0.13423,-0.03536,0.98572,1.00,-0.08486,-0.18535,-0.01607,0.97887,-0.09398,-0.15975,-0.03713,0.98197,1.00
6658,0.00,345.00,-0.00432,0.02387,-0.02439,0.99941,-0.08697,-0.16088,-0.01423,0.98303,-0.09543,-0.13526,-0.03543,0.98557,1.00,-0.08499,-0.18624,-0.01617,0.97869,-0.09410,-0.16076,-0.03720,0.98179,1.00
6669,0.00,345.00,-0.00429,0.02372,-0.02433,0.99941,-0.08702,-0.16072,-0.01423,0.98305,-0.09544,-0.13526,-0.03538,0.98557,1.00,-0.08505,-0.18608,-0.01617,0.97871,-0.09411,-0.16076,-0.03716,0.98179,1.00
6681,0.00,345.00,-0.00430,0.02360,-0.02425,0.99942,-0.08704,-0.16059,-0.01422,0.98307,-0.09545,-0.13525,-0.03531,0.98557,1.00,-0.08507,-0.18595,-0.01616,0.97874,-0.09412,-0.16075,-0.03708,0.98180,1.00
6692,0.00,345.00,-0.00427,0.02347,-0.02424,0.99942,-0.08327,-0.15952,-0.01350,0.98358,-0.09161,-0.13438,-0.03470,0.98608,1.00,-0.08139,-0.18487,-0.01537,0.97927,-0.09037,-0.15987,-0.03639,0.98232,1.00
6702,0.00,345.00,-0.00429,0.02339,-0.02426,0.99942,-0.08325,-0.15943,-0.01349,0.98360,-0.09161,-0.13438,-0.03471,0.98608,1.00,-0.08137,-0.18479,-0.01536,0.97928,-0.09037,-0.15987,-0.03640,0.98232,1.00
6714,0.00,345.00,-0.00430,0.02339,-0.02433,0.99942,-0.08322,-0.15945,-0.01349,0.98360,-0.09160,-0.13438,-0.03478,0.98607,1.00,-0.08134,-0.18481,-0.01535,0.97928,-0.09036,-0.15988,-0.03647,0.98232,1.00
6725,0.00,345.00,-0.00422,0.02338,-0.02434,0.99942,-0.08320,-0.16044,-0.01357,0.98344,-0.09153,-0.13538,-0.03488,0.98594,1.00,-0.08131,-0.18577,-0.01543,0.97910,-0.09028,-0.16086,-0.03656,0.98216,1.00
6736,0.00,345.00,-0.00410,0.02344,-0.02432,0.99942,-0.08332,-0.16050,-0.01360,0.98342,-0.09153,-0.13538,-0.03489,0.98594,1.00,-0.08143,-0.18584,-0.01546,0.97908,-0.09028,-0.16086,-0.03658,0.98216,1.00
6748,0.00,345.00,-0.00395,0.02352,-0.02423,0.99942,-0.08348,-0.16057,-0.01363,0.98339,-0.09153,-0.13538,-0.03486,0.98594,1.00,-0.08159,-0.18591,-0.01549,0.97905,-0.09028,-0.16086,-0.03656,0.98216,1.00
6759,0.00,345.00,-0.00388,0.02368,-0.02411,0.99942,-0.08440,-0.16085,-0.01381,0.98327,-0.09237,-0.13549,-0.03489,0.98585,1.00,-0.08249,-0.18619,-0.01569,0.97892,-0.09110,-0.16097,-0.03661,0.98206,1.00
6770,0.00,345.00,-0.00398,0.02404,-0.02396,0.99942,-0.08434,-0.16117,-0.01382,0.98322,-0.09239,-0.13547,-0.03470,0.98585,1.00,-0.08244,-0.18651,-0.01571,0.97886,-0.09113,-0.16095,-0.03642,0.98207,1.00
6781,0.00,345.00,-0.00414,0.02444,-0.02376,0.99941,-0.08423,-0.16152,-0.01384,0.98317,-0.09242,-0.13545,-0.03446,0.98586,1.00,-0.08234,-0.18686,-0.01572,0.97880,-0.09117,-0.16093,-0.03618,0.98208,1.00
6792,0.00,345.00,-0.00425,0.02483,-0.02368,0.99940,-0.08556,-0.16179,-0.01408,0.98301,-0.09387,-0.13532,-0.03454,0.98574,1.00,-0.08364,-0.18714,-0.01599,0.97864,-0.09257,-0.16081,-0.03628,0.98196,1.00
6803,0.00,345.00,-0.00428,0.02534,-0.02357,0.99939,-0.08554,-0.16227,-0.01412,0.98293,-0.09388,-0.13530,-0.03442,0.98575,1.00,-0.08363,-0.18762,-0.01603,0.97854,-0.09259,-0.16080,-0.03617,0.98197,1.00
6815,0.00,345.00,-0.00435,0.02572,-0.02354,0.99938,-0.08547,-0.16263,-0.01414,0.98288,-0.09389,-0.13530,-0.03437,0.98575,1.00,-0.08356,-0.18798,-0.01605,0.97848,-0.09260,-0.16080,-0.03611,0.98197,1.00
6826,0.00,345.00,-0.00431,0.02611,-0.02346,0.99937,-0.08552,-0.16362,-0.01424,0.98271,-0.09392,-0.13592,-0.03435,0.98566,1.00,-0.08358,-0.18894,-0.01614,0.97829,-0.09260,-0.16139,-0.03609,0.98187,1.00
6836,0.00,345.00,-0.00426,0.02644,-0.02348,0.99937,-0.08556,-0.16396,-0.01428,0.98265,-0.09391,-0.13592,-0.03438,0.98566,1.00,-0.08361,-0.18927,-0.01618,0.97822,-0.09260,-0.16139,-0.03612,0.98187,1.00
6848,0.00,345.00,-0.00417,0.02660,-0.02348,0.99936,-0.08563,-0.16412,-0.01430,0.98261,-0.09391,-0.13592,-0.03440,0.98566,1.00,-0.08369,-0.18943,-0.01621,0.97819,-0.09259,-0.16140,-0.03614,0.98187,1.00
6859,0.00,345.00,-0.00423,0.02664,-0.02337,0.99936,-0.08582,-0.16152,-0.01410,0.98303,-0.09407,-0.13328,-0.03410,0.98601,1.00,-0.08389,-0.18688,-0.01602,0.97866,-0.09276,-0.15879,-0.03586,0.98229,1.00
6870,0.00,345.00,-0.00430,0.02663,-0.02323,0.99937,-0.08580,-0.16148,-0.01409,0.98304,-0.09409,-0.13327,-0.03394,0.98602,1.00,-0.08387,-0.18684,-0.01601,0.97867,-0.09279,-0.15878,-0.03570,0.98230,1.00
6881,0.00,345.00,-0.00449,0.02649,-0.02298,0.99937,-0.08570,-0.16129,-0.01406,0.98308,-0.09413,-0.13324,-0.03365,0.98603,1.00,-0.08378,-0.18665,-0.01598,0.97872,-0.09284,-0.15875,-0.03541,0.98231,1.00
6892,0.00,345.00,-0.00463,0.02633,-0.02291,0.99938,-0.08461,-0.16039,-0.01380,0.98332,-0.09316,-0.13252,-0.03335,0.98623,1.00,-0.08272,-0.18574,-0.01570,0.97898,-0.09188,-0.15803,-0.03507,0.98253,1.00
6903,0.00,345.00,-0.00479,0.02612,-0.02288,0.99939,-0.08448,-0.16016,-0.01376,0.98337,-0.09317,-0.13251,-0.03327,0.98623,1.00,-0.08259,-0.18552,-0.01565,0.97904,-0.09189,-0.15802,-0.03499,0.98253,1.00
6915,0.00,345.00,-0.00505,0.02589,-0.02285,0.99939,-0.08426,-0.15992,-0.01370,0.98343,-0.09318,-0.13250,-0.03317,0.98624,1.00,-0.08238,-0.18527,-0.01559,0.97910,-0.09191,-0.15801,-0.03488,0.98253,1.00
6926,0.00,345.00,-0.00514,0.02567,-0.02271,0.99940,-0.08336,-0.15963,-0.01353,0.98356,-0.09234,-0.13247,-0.03290,0.98633,1.00,-0.08149,-0.18498,-0.01539,0.97924,-0.09107,-0.15797,-0.03458,0.98263,1.00
6937,0.00,345.00,-0.00516,0.02544,-0.02280,0.99940,-0.08332,-0.15942,-0.01351,0.98360,-0.09232,-0.13247,-0.03298,0.98633,1.00,-0.08145,-0.18477,-0.01537,0.97928,-0.09106,-0.15797,-0.03466,0.98263,1.00
6948,0.00,345.00,-0.00512,0.02533,-0.02292,0.99940,-0.08332,-0.15934,-0.01350,0.98361,-0.09231,-0.13249,-0.03310,0.98632,1.00,-0.08145,-0.18469,-0.01536,0.97930,-0.09104,-0.15798,-0.03478,0.98262,1.00
6959,0.00,345.00,-0.00512,0.02524,-0.02289,0.99941,-0.08361,-0.15962,-0.01357,0.98354,-0.09259,-0.13286,-0.03315,0.98624,1.00,-0.08171,-0.18497,-0.01544,0.97922,-0.09130,-0.15836,-0.03483,0.98253,1.00
6970,0.00,345.00,-0.00503,0.02524,-0.02268,0.99941,-0.08375,-0.15959,-0.01359,0.98353,-0.09261,-0.13284,-0.03297,0.98625,1.00,-0.08186,-0.18495,-0.01546,0.97921,-0.09133,-0.15834,-0.03467,0.98254,1.00
6981,0.00,345.00,-0.00493,0.02527,-0.02245,0.99942,-0.08391,-0.15959,-0.01362,0.98352,-0.09264,-0.13283,-0.03278,0.98626,1.00,-0.08204,-0.18495,-0.01549,0.97920,-0.09136,-0.15833,-0.03448,0.98255,1.00
6993,0.00,345.00,-0.00490,0.02527,-0.02215,0.99942,-0.08413,-0.15878,-0.01358,0.98363,-0.09277,-0.13203,-0.03245,0.98636,1.00,-0.08227,-0.18416,-0.01547,0.97932,-0.09150,-0.15756,-0.03417,0.98267,1.00
7004,0.00,345.00,-0.00486,0.02538,-0.02186,0.99943,-0.08425,-0.15884,-0.01361,0.98361,-0.09280,-0.13201,-0.03219,0.98637,1.00,-0.08241,-0.18422,-0.01550,0.97930,-0.09154,-0.15754,-0.03391,0.98268,1.00
7015,0.00,345.00,-0.00478,0.02559,-0.02160,0.99943,-0.08439,-0.15900,-0.01364,0.98357,-0.09283,-0.13199,-0.03196,0.98638,1.00,-0.08256,-0.18439,-0.01554,0.97926,-0.09158,-0.15752,-0.03369,0.98268,1.00
7026,0.00,345.00,-0.00461,0.02570,-0.02141,0.99943,-0.08349,-0.15934,-0.01353,0.98359,-0.09174,-0.13224,-0.03170,0.98645,1.00,-0.08166,-0.18472,-0.01540,0.97927,-0.09049,-0.15776,-0.03341,0.98275,1.00
7037,0.00,345.00,-0.00440,0.02584,-0.02132,0.99943,-0.08371,-0.15947,-0.01357,0.98355,-0.09175,-0.13224,-0.03167,0.98645,1.00,-0.08189,-0.18484,-0.01546,0.97923,-0.09049,-0.15776,-0.03340,0.98276,1.00
7048,0.00,345.00,-0.00422,0.02588,-0.02119,0.99943,-0.08392,-0.15949,-0.01361,0.98353,-0.09176,-0.13223,-0.03159,0.98646,1.00,-0.08210,-0.18487,-0.01550,0.97921,-0.09050,-0.15775,-0.03333,0.98276,1.00
7059,0.00,345.00,-0.00403,0.02591,-0.02101,0.99944,-0.08380,-0.15943,-0.01358,0.98355,-0.09141,-0.13216,-0.03142,0.98650,1.00,-0.08195,-0.18481,-0.01547,0.97923,-0.09014,-0.15768,-0.03316,0.98281,1.00
7070,0.00,345.00,-0.00380,0.02586,-0.02076,0.99944,-0.08408,-0.15936,-0.01362,0.98354,-0.09144,-0.13214,-0.03125,0.98651,1.00,-0.08225,-0.18474,-0.01552,0.97922,-0.09016,-0.15766,-0.03301,0.98281,1.00
7082,0.00,345.00,-0.00354,0.02574,-0.02068,0.99945,-0.08435,-0.15925,-0.01366,0.98353,-0.09144,-0.13214,-0.03125,0.98651,1.00,-0.08252,-0.18463,-0.01556,0.97922,-0.09016,-0.15767,-0.03302,0.98281,1.00
7093,0.00,345.00,-0.00335,0.02561,-0.02066,0.99945,-0.08401,-0.15765,-0.01346,0.98382,-0.09086,-0.13067,-0.03111,0.98676,1.00,-0.08216,-0.18306,-0.01536,0.97954,-0.08957,-0.15622,-0.03287,0.98310,1.00
7104,0.00,345.00,-0.00317,0.02544,-0.02065,0.99946,-0.08418,-0.15748,-0.01347,0.98384,-0.09085,-0.13068,-0.03115,0.98676,1.00,-0.08233,-0.18289,-0.01537,0.97956,-0.08956,-0.15623,-0.03292,0.98310,1.00
7115,0.00,345.00,-0.00301,0.02520,-0.02072,0.99946,-0.08432,-0.15727,-0.01348,0.98386,-0.09084,-0.13069,-0.03126,0.98676,1.00,-0.08247,-0.18269,-0.01538,0.97959,-0.08955,-0.15624,-0.03304,0.98310,1.00
7126,0.00,345.00,-0.00284,0.02509,-0.02061,0.99947,-0.08484,-0.15711,-0.01355,0.98384,-0.09117,-0.13063,-0.03124,0.98674,1.00,-0.08296,-0.18253,-0.01546,0.97957,-0.08985,-0.15618,-0.03304,0.98308,1.00
7137,0.00,345.00,-0.00272,0.02492,-0.02059,0.99947,-0.08497,-0.15694,-0.01355,0.98385,-0.09117,-0.13063,-0.03125,0.98674,1.00,-0.08309,-0.18236,-0.01547,0.97959,-0.08985,-0.15619,-0.03306,0.98308,1.00
7149,0.00,345.00,-0.00266,0.02479,-0.02048,0.99948,-0.08506,-0.15680,-0.01356,0.98387,-0.09118,-0.13062,-0.03118,0.98674,1.00,-0.08318,-0.18222,-0.01547,0.97961,-0.08986,-0.15618,-0.03298,0.98308,1.00
7160,0.00,345.00,-0.00263,0.02468,-0.02033,0.99949,-0.08468,-0.15700,-0.01351,0.98387,-0.09075,-0.13095,-0.03101,0.98674,1.00,-0.08281,-0.18242,-0.01542,0.97961,-0.08943,-0.15650,-0.03280,0.98307,1.00
7171,0.00,345.00,-0.00247,0.02452,-0.02032,0.99949,-0.08484,-0.15685,-0.01352,0.98388,-0.09074,-0.13095,-0.03104,0.98674,1.00,-0.08297,-0.18227,-0.01544,0.97962,-0.08942,-0.15651,-0.03285,0.98307,1.00
7182,0.00,345.00,-0.00228,0.02457,-0.02049,0.99949,-0.08497,-0.15694,-0.01355,0.98385,-0.09071,-0.13097,-0.03127,0.98673,1.00,-0.08308,-0.18236,-0.01547,0.97959,-0.08938,-0.15653,-0.03308,0.98306,1.00
7193,0.00,345.00,-0.00221,0.02448,-0.02066,0.99948,-0.08481,-0.15618,-0.01346,0.98399,-0.09050,-0.13029,-0.03136,0.98684,1.00,-0.08292,-0.18162,-0.01537,0.97975,-0.08917,-0.15586,-0.03317,0.98319,1.00
7204,0.00,345.00,-0.00219,0.02449,-0.02066,0.99948,-0.08483,-0.15620,-0.01347,0.98398,-0.09050,-0.13029,-0.03137,0.98684,1.00,-0.08294,-0.18164,-0.01538,0.97974,-0.08917,-0.15587,-0.03319,0.98319,1.00
7216,0.00,345.00,-0.00218,0.02452,-0.02060,0.99948,-0.08486,-0.15621,-0.01347,0.98398,-0.09051,-0.13028,-0.03131,0.98684,1.00,-0.08297,-0.18165,-0.01538,0.97974,-0.08918,-0.15586,-0.03313,0.98319,1.00
7226,0.00,345.00,-0.00217,0.02457,-0.02053,0.99949,-0.08429,-0.15650,-0.01341,0.98398,-0.08993,-0.13054,-0.03119,0.98686,1.00,-0.08242,-0.18194,-0.01531,0.97973,-0.08862,-0.15611,-0.03299,0.98320,1.00
7238,0.00,345.00,-0.00213,0.02467,-0.02048,0.99948,-0.08435,-0.15659,-0.01342,0.98396,-0.08994,-0.13054,-0.03115,0.98686,1.00,-0.08248,-0.18203,-0.01532,0.97971,-0.08863,-0.15611,-0.03296,0.98320,1.00
7249,0.00,345.00,-0.00207,0.02475,-0.02043,0.99948,-0.08441,-0.15667,-0.01344,0.98395,-0.08994,-0.13054,-0.03113,0.98686,1.00,-0.08254,-0.18211,-0.01534,0.97969,-0.08863,-0.15611,-0.03294,0.98320,1.00
7260,0.00,345.00,-0.00204,0.02482,-0.02047,0.99948,-0.08452,-0.15645,-0.01344,0.98397,-0.09002,-0.13024,-0.03115,0.98690,1.00,-0.08265,-0.18189,-0.01534,0.97972,-0.08870,-0.15582,-0.03297,0.98324,1.00
7271,0.00,345.00,-0.00197,0.02488,-0.02052,0.99948,-0.08457,-0.15652,-0.01345,0.98396,-0.09001,-0.13024,-0.03123,0.98689,1.00,-0.08269,-0.18196,-0.01536,0.97970,-0.08869,-0.15583,-0.03304,0.98324,1.00
7282,0.00,345.00,-0.00190,0.02490,-0.02054,0.99948,-0.08462,-0.15655,-0.01346,0.98395,-0.09000,-0.13025,-0.03126,0.98689,1.00,-0.08274,-0.18199,-0.01537,0.97969,-0.08869,-0.15583,-0.03308,0.98324,1.00
7293,0.00,345.00,-0.00184,0.02491,-0.02058,0.99948,-0.08772,-0.15542,-0.01386,0.98385,-0.09302,-0.12905,-0.03163,0.98676,1.00,-0.08578,-0.18091,-0.01584,0.97962,-0.09165,-0.15467,-0.03353,0.98313,1.00
7304,0.00,345.00,-0.00180,0.02489,-0.02054,0.99948,-0.08777,-0.15539,-0.01386,0.98385,-0.09303,-0.12904,-0.03160,0.98676,1.00,-0.08583,-0.18088,-0.01585,0.97962,-0.09166,-0.15467,-0.03350,0.98313,1.00
7316,0.00,345.00,-0.00175,0.02488,-0.02056,0.99948,-0.08780,-0.15539,-0.01387,0.98385,-0.09302,-0.12905,-0.03163,0.98676,1.00,-0.08586,-0.18088,-0.01585,0.97962,-0.09165,-0.15467,-0.03354,0.98313,1.00
7327,0.00,345.00,-0.00176,0.02484,-0.02061,0.99948,-0.08758,-0.15510,-0.01380,0.98391,-0.09280,-0.12879,-0.03163,0.98681,1.00,-0.08564,-0.18059,-0.01579,0.97970,-0.09144,-0.15442,-0.03353,0.98319,1.00
7338,0.00,345.00,-0.00180,0.02482,-0.02069,0.99948,-0.08752,-0.15509,-0.01379,0.98392,-0.09280,-0.12880,-0.03170,0.98681,1.00,-0.08558,-0.18058,-0.01577,0.97970,-0.09143,-0.15443,-0.03359,0.98319,1.00
7349,0.00,345.00,-0.00176,0.02484,-0.02073,0.99947,-0.08755,-0.15512,-0.01380,0.98391,-0.09279,-0.12880,-0.03175,0.98681,1.00,-0.08561,-0.18061,-0.01578,0.97969,-0.09142,-0.15443,-0.03364,0.98319,1.00
7360,0.00,345.00,-0.00167,0.02484,-0.02083,0.99947,-0.08648,-0.15521,-0.01364,0.98399,-0.09165,-0.12891,-0.03172,0.98690,1.00,-0.08456,-0.18070,-0.01559,0.97977,-0.09030,-0.15453,-0.03359,0.98328,1.00
7371,0.00,345.00,-0.00158,0.02489,-0.02089,0.99947,-0.08654,-0.15528,-0.01366,0.98398,-0.09163,-0.12892,-0.03180,0.98690,1.00,-0.08462,-0.18076,-0.01561,0.97976,-0.09029,-0.15453,-0.03368,0.98328,1.00
7382,0.00,345.00,-0.00149,0.02493,-0.02101,0.99947,-0.08653,-0.15512,-0.01364,0.98400,-0.09156,-0.12871,-0.03192,0.98693,1.00,-0.08461,-0.18061,-0.01560,0.97978,-0.09021,-0.15433,-0.03379,0.98331,1.00
7393,0.00,345.00,-0.00135,0.02498,-0.02111,0.99946,-0.08664,-0.15520,-0.01366,0.98398,-0.09154,-0.12872,-0.03206,0.98693,1.00,-0.08471,-0.18068,-0.01562,0.97976,-0.09019,-0.15435,-0.03394,0.98331,1.00
7405,0.00,345.00,-0.00119,0.02500,-0.02109,0.99946,-0.08680,-0.15522,-0.01369,0.98396,-0.09153,-0.12873,-0.03209,0.98693,1.00,-0.08486,-0.18071,-0.01565,0.97974,-0.09018,-0.15435,-0.03398,0.98331,1.00
7416,0.00,345.00,-0.00112,0.02501,-0.02111,0.99946,-0.08685,-0.15524,-0.01370,0.98396,-0.09153,-0.12873,-0.03212,0.98692,1.00,-0.08492,-0.18073,-0.01567,0.97973,-0.09018,-0.15435,-0.03401,0.98330,1.00
7427,0.00,345.00,-0.00103,0.02505,-0.02108,0.99946,-0.08822,-0.15502,-0.01390,0.98387,-0.09280,-0.12845,-0.03226,0.98684,1.00,-0.08627,-0.18053,-0.01590,0.97965,-0.09144,-0.15409,-0.03419,0.98322,1.00
7438,0.00,345.00,-0.00103,0.02509,-0.02109,0.99946,-0.08822,-0.15506,-0.01390,0.98386,-0.09280,-0.12845,-0.03227,0.98684,1.00,-0.08627,-0.18056,-0.01590,0.97964,-0.09144,-0.15409,-0.03420,0.98322,1.00
7449,0.00,345.00,-0.00104,0.02511,-0.02109,0.99946,-0.08821,-0.15509,-0.01390,0.98386,-0.09280,-0.12845,-0.03227,0.98684,1.00,-0.08626,-0.18059,-0.01590,0.97964,-0.09144,-0.15409,-0.03420,0.98322,1.00
7460,0.00,345.00,-0.00109,0.02514,-0.02110,0.99946,-0.08797,-0.15433,-0.01380,0.98400,-0.09260,-0.12766,-0.03218,0.98696,1.00,-0.08604,-0.17984,-0.01579,0.97980,-0.09125,-0.15331,-0.03410,0.98336,1.00
7471,0.00,345.00,-0.00114,0.02510,-0.02112,0.99946,-0.08793,-0.15428,-0.01379,0.98401,-0.09260,-0.12766,-0.03218,0.98696,1.00,-0.08599,-0.17980,-0.01578,0.97981,-0.09125,-0.15331,-0.03410,0.98336,1.00
7483,0.00,345.00,-0.00122,0.02510,-0.02106,0.99946,-0.08815,-0.15419,-0.01381,0.98401,-0.09290,-0.12756,-0.03213,0.98695,1.00,-0.08622,-0.17970,-0.01581,0.97981,-0.09155,-0.15321,-0.03405,0.98335,1.00
7494,0.00,345.00,-0.00136,0.02503,-0.02107,0.99946,-0.08802,-0.15411,-0.01378,0.98403,-0.09290,-0.12756,-0.03209,0.98695,1.00,-0.08609,-0.17962,-0.01578,0.97983,-0.09155,-0.15321,-0.03402,0.98336,1.00
7505,0.00,345.00,-0.00151,0.02496,-0.02106,0.99947,-0.08788,-0.15403,-0.01376,0.98405,-0.09291,-0.12755,-0.03204,0.98695,1.00,-0.08596,-0.17955,-0.01575,0.97986,-0.09156,-0.15320,-0.03396,0.98336,1.00
7516,0.00,345.00,-0.00167,0.02493,-0.02105,0.99947,-0.08773,-0.15398,-0.01373,0.98407,-0.09291,-0.12755,-0.03199,0.98695,1.00,-0.08581,-0.17950,-0.01572,0.97988,-0.09157,-0.15320,-0.03390,0.98336,1.00
7527,0.00,345.00,-0.00188,0.02482,-0.02108,0.99947,-0.08718,-0.15391,-0.01363,0.98414,-0.09257,-0.12759,-0.03192,0.98698,1.00,-0.08526,-0.17942,-0.01561,0.97995,-0.09123,-0.15324,-0.03381,0.98339,1.00
7538,0.00,345.00,-0.00199,0.02478,-0.02107,0.99947,-0.08708,-0.15387,-0.01361,0.98415,-0.09257,-0.12759,-0.03188,0.98698,1.00,-0.08517,-0.17938,-0.01559,0.97996,-0.09124,-0.15324,-0.03376,0.98339,1.00
7549,0.00,345.00,-0.00205,0.02474,-0.02103,0.99947,-0.08628,-0.15125,-0.01325,0.98463,-0.09176,-0.12503,-0.03151,0.98740,1.00,-0.08442,-0.17681,-0.01522,0.98050,-0.09048,-0.15072,-0.03338,0.98386,1.00
7561,0.00,345.00,-0.00211,0.02471,-0.02112,0.99947,-0.08620,-0.15124,-0.01324,0.98464,-0.09175,-0.12503,-0.03158,0.98740,1.00,-0.08433,-0.17680,-0.01521,0.98051,-0.09047,-0.15073,-0.03345,0.98386,1.00
7572,0.00,345.00,-0.00216,0.02468,-0.02115,0.99947,-0.08615,-0.15121,-0.01323,0.98465,-0.09175,-0.12503,-0.03160,0.98740,1.00,-0.08428,-0.17678,-0.01520,0.98052,-0.09047,-0.15073,-0.03347,0.98386,1.00
7583,0.00,345.00,-0.00222,0.02467,-0.02120,0.99947,-0.08608,-0.15120,-0.01322,0.98466,-0.09175,-0.12504,-0.03163,0.98739,1.00,-0.08422,-0.17677,-0.01518,0.98053,-0.09046,-0.15073,-0.03349,0.98386,1.00
7594,0.00,345.00,-0.00226,0.02469,-0.02118,0.99947,-0.08634,-0.15264,-0.01339,0.98441,-0.09209,-0.12645,-0.03176,0.98718,1.00,-0.08446,-0.17817,-0.01535,0.98025,-0.09079,-0.15212,-0.03362,0.98361,1.00
7605,0.00,345.00,-0.00223,0.02475,-0.02129,0.99946,-0.08634,-0.15272,-0.01339,0.98440,-0.09207,-0.12646,-0.03187,0.98718,1.00,-0.08445,-0.17825,-0.01536,0.98023,-0.09077,-0.15213,-0.03373,0.98361,1.00
7616,0.00,345.00,-0.00219,0.02489,-0.02148,0.99946,-0.08632,-0.15289,-0.01341,0.98437,-0.09205,-0.12648,-0.03206,0.98717,1.00,-0.08442,-0.17842,-0.01537,0.98020,-0.09074,-0.15215,-0.03392,0.98360,1.00
7627,0.00,345.00,-0.00215,0.02499,-0.02156,0.99945,-0.08625,-0.15291,-0.01340,0.98438,-0.09196,-0.12639,-0.03213,0.98719,1.00,-0.08436,-0.17844,-0.01536,0.98021,-0.09065,-0.15206,-0.03399,0.98362,1.00
7638,0.00,345.00,-0.00215,0.02513,-0.02161,0.99945,-0.08624,-0.15305,-0.01341,0.98436,-0.09195,-0.12640,-0.03218,0.98718,1.00,-0.08434,-0.17859,-0.01537,0.98018,-0.09064,-0.15207,-0.03404,0.98362,1.00
7650,0.00,345.00,-0.00216,0.02524,-0.02142,0.99945,-0.08521,-0.15430,-0.01336,0.98425,-0.09094,-0.12758,-0.03195,0.98713,1.00,-0.08334,-0.17980,-0.01529,0.98005,-0.08965,-0.15322,-0.03378,0.98354,1.00
7661,0.00,345.00,-0.00230,0.02525,-0.02113,0.99946,-0.08516,-0.15426,-0.01335,0.98426,-0.09098,-0.12755,-0.03163,0.98714,1.00,-0.08331,-0.17976,-0.01528,0.98006,-0.08970,-0.15319,-0.03346,0.98355,1.00
7672,0.00,345.00,-0.00255,0.02525,-0.02063,0.99947,-0.08507,-0.15416,-0.01332,0.98429,-0.09105,-0.12750,-0.03108,0.98716,1.00,-0.08324,-0.17966,-0.01526,0.98008,-0.08979,-0.15314,-0.03291,0.98357,1.00
7683,0.00,345.00,-0.00285,0.02518,-0.02044,0.99947,-0.08486,-0.15508,-0.01337,0.98416,-0.09113,-0.12853,-0.03090,0.98703,1.00,-0.08303,-0.18056,-0.01530,0.97993,-0.08986,-0.15414,-0.03271,0.98341,1.00
7694,0.00,345.00,-0.00308,0.02500,-0.02029,0.99948,-0.08469,-0.15487,-0.01333,0.98421,-0.09116,-0.12851,-0.03070,0.98703,1.00,-0.08287,-0.18034,-0.01525,0.97999,-0.08989,-0.15412,-0.03250,0.98342,1.00
7705,0.00,345.00,-0.00318,0.02473,-0.02022,0.99948,-0.08462,-0.15459,-0.01329,0.98426,-0.09117,-0.12850,-0.03060,0.98704,1.00,-0.08281,-0.18006,-0.01521,0.98005,-0.08991,-0.15411,-0.03240,0.98342,1.00
7716,0.00,345.00,-0.00324,0.02444,-0.02023,0.99949,-0.08487,-0.15615,-0.01347,0.98399,-0.09150,-0.13034,-0.03079,0.98676,1.00,-0.08301,-0.18159,-0.01538,0.97974,-0.09019,-0.15592,-0.03258,0.98310,1.00
7727,0.00,345.00,-0.00323,0.02419,-0.02027,0.99950,-0.08488,-0.15590,-0.01345,0.98403,-0.09150,-0.13035,-0.03083,0.98676,1.00,-0.08301,-0.18134,-0.01536,0.97979,-0.09018,-0.15592,-0.03262,0.98310,1.00
7739,0.00,345.00,-0.00330,0.02395,-0.02013,0.99951,-0.08485,-0.15564,-0.01342,0.98407,-0.09152,-0.13033,-0.03068,0.98676,1.00,-0.08299,-0.18108,-0.01534,0.97984,-0.09020,-0.15591,-0.03247,0.98311,1.00
7751,0.00,345.00,-0.00328,0.02369,-0.01997,0.99951,-0.08493,-0.15536,-0.01341,0.98411,-0.09154,-0.13032,-0.03053,0.98677,1.00,-0.08308,-0.18081,-0.01533,0.97988,-0.09023,-0.15589,-0.03233,0.98311,1.00
7761,0.00,345.00,-0.00335,0.02359,-0.01987,0.99952,-0.08509,-0.15636,-0.01352,0.98393,-0.09177,-0.13143,-0.03054,0.98660,1.00,-0.08322,-0.18179,-0.01544,0.97969,-0.09043,-0.15700,-0.03233,0.98292,1.00
7772,0.00,345.00,-0.00336,0.02348,-0.01991,0.99952,-0.08507,-0.15627,-0.01351,0.98395,-0.09176,-0.13144,-0.03057,0.98659,1.00,-0.08320,-0.18170,-0.01543,0.97971,-0.09043,-0.15700,-0.03236,0.98292,1.00
7783,0.00,345.00,-0.00344,0.02343,-0.02008,0.99952,-0.08623,-0.15686,-0.01375,0.98375,-0.09304,-0.13204,-0.03093,0.98638,1.00,-0.08431,-0.18229,-0.01569,0.97950,-0.09166,-0.15761,-0.03274,0.98269,1.00
7794,0.00,345.00,-0.00344,0.02341,-0.02013,0.99952,-0.08622,-0.15684,-0.01375,0.98376,-0.09304,-0.13205,-0.03098,0.98638,1.00,-0.08429,-0.18227,-0.01569,0.97950,-0.09166,-0.15761,-0.03280,0.98269,1.00
7805,0.00,345.00,-0.00349,0.02339,-0.02014,0.99952,-0.08616,-0.15682,-0.01373,0.98377,-0.09304,-0.13205,-0.03098,0.98638,1.00,-0.08424,-0.18225,-0.01567,0.97951,-0.09166,-0.15761,-0.03279,0.98269,1.00
7817,0.00,345.00,-0.00355,0.02341,-0.02014,0.99952,-0.08611,-0.15684,-0.01373,0.98377,-0.09304,-0.13205,-0.03096,0.98638,1.00,-0.08419,-0.18227,-0.01567,0.97951,-0.09166,-0.15761,-0.03277,0.98269,1.00
7828,0.00,345.00,-0.00368,0.02350,-0.02001,0.99952,-0.08565,-0.15562,-0.01355,0.98400,-0.09267,-0.13076,-0.03065,0.98660,1.00,-0.08376,-0.18109,-0.01548,0.97977,-0.09132,-0.15636,-0.03245,0.98293,1.00
7839,0.00,345.00,-0.00375,0.02359,-0.01988,0.99952,-0.08562,-0.15569,-0.01355,0.98399,-0.09269,-0.13075,-0.03050,0.98660,1.00,-0.08374,-0.18116,-0.01548,0.97976,-0.09134,-0.15635,-0.03230,0.98294,1.00
7850,0.00,345.00,-0.00377,0.02372,-0.01984,0.99951,-0.08574,-0.15534,-0.01354,0.98404,-0.09281,-0.13028,-0.03044,0.98666,1.00,-0.08386,-0.18082,-0.01548,0.97981,-0.09147,-0.15589,-0.03224,0.98300,1.00
7861,0.00,345.00,-0.00375,0.02395,-0.01998,0.99951,-0.08571,-0.15559,-0.01355,0.98400,-0.09279,-0.13029,-0.03057,0.98665,1.00,-0.08382,-0.18107,-0.01549,0.97977,-0.09145,-0.15590,-0.03237,0.98300,1.00
7872,0.00,345.00,-0.00371,0.02417,-0.02006,0.99950,-0.08572,-0.15582,-0.01357,0.98396,-0.09278,-0.13030,-0.03065,0.98665,1.00,-0.08383,-0.18130,-0.01551,0.97973,-0.09143,-0.15591,-0.03246,0.98300,1.00
7883,0.00,345.00,-0.00371,0.02428,-0.02003,0.99950,-0.08553,-0.15573,-0.01354,0.98400,-0.09259,-0.13010,-0.03059,0.98669,1.00,-0.08364,-0.18121,-0.01547,0.97976,-0.09124,-0.15571,-0.03239,0.98305,1.00
7895,0.00,345.00,-0.00379,0.02441,-0.01989,0.99950,-0.08550,-0.15583,-0.01354,0.98398,-0.09261,-0.13008,-0.03043,0.98670,1.00,-0.08362,-0.18130,-0.01547,0.97974,-0.09127,-0.15569,-0.03223,0.98305,1.00
7906,0.00,345.00,-0.00391,0.02461,-0.01984,0.99949,-0.08539,-0.15601,-0.01354,0.98397,-0.09263,-0.13007,-0.03034,0.98670,1.00,-0.08351,-0.18148,-0.01547,0.97972,-0.09129,-0.15568,-0.03213,0.98306,1.00
7917,0.00,345.00,-0.00392,0.02465,-0.01975,0.99949,-0.08548,-0.15696,-0.01364,0.98380,-0.09273,-0.13099,-0.03034,0.98657,1.00,-0.08360,-0.18240,-0.01557,0.97954,-0.09138,-0.15657,-0.03213,0.98291,1.00
7928,0.00,345.00,-0.00393,0.02472,-0.01976,0.99949,-0.08547,-0.15703,-0.01364,0.98379,-0.09273,-0.13099,-0.03035,0.98657,1.00,-0.08358,-0.18248,-0.01557,0.97953,-0.09138,-0.15658,-0.03214,0.98290,1.00
7939,0.00,345.00,-0.00394,0.02473,-0.01969,0.99949,-0.08548,-0.15703,-0.01364,0.98379,-0.09274,-0.13098,-0.03027,0.98657,1.00,-0.08360,-0.18247,-0.01557,0.97953,-0.09139,-0.15657,-0.03206,0.98291,1.00
7950,0.00,345.00,-0.00387,0.02467,-0.01958,0.99950,-0.08562,-0.15703,-0.01367,0.98378,-0.09279,-0.13106,-0.03021,0.98656,1.00,-0.08372,-0.18247,-0.01560,0.97952,-0.09143,-0.15664,-0.03200,0.98289,1.00
7961,0.00,345.00,-0.00376,0.02457,-0.01947,0.99950,-0.08576,-0.15692,-0.01368,0.98379,-0.09280,-0.13105,-0.03013,0.98656,1.00,-0.08387,-0.18236,-0.01561,0.97952,-0.09144,-0.15663,-0.03193,0.98290,1.00
7972,0.00,345.00,-0.00363,0.02439,-0.01937,0.99951,-0.08591,-0.15673,-0.01369,0.98380,-0.09281,-0.13105,-0.03007,0.98656,1.00,-0.08402,-0.18218,-0.01563,0.97954,-0.09145,-0.15663,-0.03188,0.98290,1.00
7984,0.00,345.00,-0.00345,0.02414,-0.01925,0.99952,-0.08612,-0.15729,-0.01377,0.98369,-0.09284,-0.13186,-0.03008,0.98645,1.00,-0.08422,-0.18272,-0.01571,0.97943,-0.09146,-0.15742,-0.03189,0.98277,1.00
7995,0.00,345.00,-0.00334,0.02396,-0.01922,0.99952,-0.08624,-0.15712,-0.01377,0.98371,-0.09284,-0.13186,-0.03009,0.98645,1.00,-0.08433,-0.18255,-0.01572,0.97945,-0.09145,-0.15743,-0.03191,0.98277,1.00
8006,0.00,345.00,-0.00318,0.02384,-0.01923,0.99953,-0.08639,-0.15701,-0.01379,0.98371,-0.09283,-0.13187,-0.03014,0.98645,1.00,-0.08449,-0.18244,-0.01574,0.97945,-0.09145,-0.15743,-0.03197,0.98277,1.00
8017,0.00,345.00,-0.00302,0.02370,-0.01920,0.99953,-0.08534,-0.15720,-0.01364,0.98378,-0.09160,-0.13221,-0.03002,0.98652,1.00,-0.08344,-0.18262,-0.01556,0.97951,-0.09023,-0.15776,-0.03183,0.98283,1.00
8028,0.00,0.00,-0.00290,0.02358,-0.01915,0.99953,-0.08546,-0.15707,-0.01365,0.98379,-0.09161,-0.13221,-0.03001,0.98652,1.00,-0.08357,-0.18250,-0.01557,0.97953,-0.09023,-0.15776,-0.03182,0.98283,1.00
8039,0.00,0.00,-0.00280,0.02343,-0.01909,0.99954,-0.08557,-0.15693,-0.01365,0.98380,-0.09161,-0.13221,-0.02998,0.98652,1.00,-0.08368,-0.18235,-0.01558,0.97954,-0.09023,-0.15776,-0.03180,0.98283,1.00
8051,0.00,0.00,-0.00268,0.02333,-0.01896,0.99954,-0.08631,-0.15652,-0.01373,0.98380,-0.09219,-0.13190,-0.02994,0.98651,1.00,-0.08440,-0.18196,-0.01568,0.97955,-0.09080,-0.15747,-0.03178,0.98283,1.00
8062,0.00,0.00,-0.00249,0.02337,-0.01897,0.99954,-0.08648,-0.15657,-0.01376,0.98378,-0.09218,-0.13190,-0.03001,0.98651,1.00,-0.08457,-0.18201,-0.01571,0.97953,-0.09079,-0.15748,-0.03186,0.98282,1.00
8073,0.00,0.00,-0.00236,0.02332,-0.01898,0.99955,-0.08660,-0.15653,-0.01378,0.98377,-0.09217,-0.13191,-0.03006,0.98651,1.00,-0.08468,-0.18198,-0.01573,0.97952,-0.09078,-0.15748,-0.03192,0.98282,1.00
8084,0.00,0.00,-0.00223,0.02344,-0.01898,0.99954,-0.08537,-0.15622,-0.01355,0.98393,-0.09081,-0.13150,-0.02988,0.98670,1.00,-0.08348,-0.18168,-0.01548,0.97969,-0.08944,-0.15708,-0.03171,0.98302,1.00
8095,0.00,0.00,-0.00207,0.02347,-0.01906,0.99954,-0.08550,-0.15627,-0.01358,0.98391,-0.09079,-0.13151,-0.03000,0.98669,1.00,-0.08360,-0.18172,-0.01551,0.97967,-0.08942,-0.15709,-0.03184,0.98301,1.00
8106,0.00,0.00,-0.00193,0.02354,-0.01911,0.99954,-0.08561,-0.15635,-0.01360,0.98389,-0.09078,-0.13152,-0.03008,0.98669,1.00,-0.08371,-0.18181,-0.01554,0.97964,-0.08940,-0.15710,-0.03192,0.98301,1.00
8117,0.00,0.00,-0.00185,0.02361,-0.01912,0.99954,-0.08534,-0.15648,-0.01357,0.98389,-0.09044,-0.13157,-0.03007,0.98671,1.00,-0.08344,-0.18193,-0.01550,0.97964,-0.08906,-0.15715,-0.03191,0.98303,1.00
8128,0.00,0.00,-0.00177,0.02369,-0.01918,0.99953,-0.08540,-0.15657,-0.01359,0.98387,-0.09042,-0.13158,-0.03016,0.98671,1.00,-0.08350,-0.18202,-0.01551,0.97962,-0.08905,-0.15716,-0.03200,0.98303,1.00
8139,0.00,0.00,-0.00170,0.02372,-0.01916,0.99953,-0.08547,-0.15660,-0.01360,0.98386,-0.09042,-0.13158,-0.03015,0.98671,1.00,-0.08356,-0.18205,-0.01553,0.97961,-0.08905,-0.15716,-0.03200,0.98303,1.00
8151,0.00,0.00,-0.00164,0.02378,-0.01918,0.99953,-0.08518,-0.15653,-0.01355,0.98390,-0.09007,-0.13145,-0.03014,0.98676,1.00,-0.08328,-0.18198,-0.01547,0.97965,-0.08871,-0.15703,-0.03198,0.98308,1.00
8161,0.00,0.00,-0.00157,0.02384,-0.01921,0.99953,-0.08523,-0.15660,-0.01357,0.98388,-0.09007,-0.13146,-0.03019,0.98676,1.00,-0.08333,-0.18205,-0.01549,0.97963,-0.08870,-0.15703,-0.03203,0.98308,1.00
8172,0.00,0.00,-0.00162,0.02386,-0.01924,0.99953,-0.08518,-0.15662,-0.01356,0.98389,-0.09007,-0.13146,-0.03019,0.98676,1.00,-0.08328,-0.18207,-0.01548,0.97963,-0.08870,-0.15704,-0.03203,0.98308,1.00
8184,0.00,0.00,-0.00164,0.02386,-0.01928,0.99953,-0.08776,-0.15427,-0.01376,0.98403,-0.09263,-0.12905,-0.03038,0.98683,1.00,-0.08583,-0.17979,-0.01575,0.97983,-0.09124,-0.15469,-0.03229,0.98321,1.00
8195,0.00,0.00,-0.00166,0.02384,-0.01931,0.99953,-0.08773,-0.15425,-0.01375,0.98403,-0.09263,-0.12905,-0.03040,0.98683,1.00,-0.08580,-0.17977,-0.01574,0.97983,-0.09123,-0.15470,-0.03231,0.98321,1.00
8206,0.00,0.00,-0.00167,0.02385,-0.01944,0.99953,-0.08769,-0.15429,-0.01375,0.98403,-0.09261,-0.12906,-0.03052,0.98683,1.00,-0.08575,-0.17980,-0.01573,0.97983,-0.09122,-0.15471,-0.03243,0.98321,1.00
8218,0.00,0.00,-0.00167,0.02379,-0.01954,0.99952,-0.08834,-0.13729,-0.01229,0.98651,-0.09292,-0.11204,-0.02924,0.98892,1.00,-0.08658,-0.16316,-0.01437,0.98269,-0.09171,-0.13803,-0.03124,0.98568,1.00
8228,0.00,0.00,-0.00171,0.02376,-0.01960,0.99952,-0.08829,-0.13726,-0.01228,0.98652,-0.09292,-0.11205,-0.02928,0.98892,1.00,-0.08652,-0.16313,-0.01436,0.98270,-0.09170,-0.13804,-0.03128,0.98568,1.00
8239,0.00,0.00,-0.00169,0.02372,-0.01965,0.99952,-0.08830,-0.13723,-0.01228,0.98652,-0.09291,-0.11205,-0.02934,0.98891,1.00,-0.08653,-0.16310,-0.01436,0.98270,-0.09169,-0.13804,-0.03134,0.98567,1.00
8251,0.00,0.00,-0.00159,0.02370,-0.01975,0.99952,-0.08882,-0.04274,-0.00381,0.99512,-0.09130,-0.01738,-0.02129,0.99544,1.00,-0.08813,-0.06992,-0.00620,0.99363,-0.09120,-0.04461,-0.02362,0.99455,1.00
8262,0.00,0.00,-0.00155,0.02371,-0.01987,0.99952,-0.08885,-0.04276,-0.00382,0.99512,-0.09130,-0.01739,-0.02142,0.99544,1.00,-0.08816,-0.06995,-0.00621,0.99363,-0.09119,-0.04462,-0.02375,0.99455,1.00
8273,0.00,0.00,-0.00153,0.02372,-0.01999,0.99952,-0.08886,-0.04280,-0.00382,0.99512,-0.09129,-0.01740,-0.02154,0.99544,1.00,-0.08816,-0.06998,-0.00621,0.99363,-0.09119,-0.04463,-0.02387,0.99455,1.00
8284,0.00,0.00,-0.00151,0.02373,-0.02014,0.99951,-0.08983,-0.03408,-0.00308,0.99537,-0.09205,-0.00864,-0.02094,0.99550,1.00,-0.08923,-0.06133,-0.00550,0.99411,-0.09205,-0.03592,-0.02331,0.99483,1.00
8295,0.00,0.00,-0.00144,0.02379,-0.02035,0.99951,-0.08989,-0.03418,-0.00309,0.99536,-0.09205,-0.00866,-0.02115,0.99549,1.00,-0.08928,-0.06143,-0.00552,0.99410,-0.09204,-0.03594,-0.02353,0.99483,1.00
8306,0.00,0.00,-0.00140,0.02391,-0.02055,0.99950,-0.08992,-0.03434,-0.00310,0.99535,-0.09205,-0.00868,-0.02136,0.99549,1.00,-0.08929,-0.06159,-0.00553,0.99408,-0.09204,-0.03596,-0.02374,0.99482,1.00
8318,0.00,0.00,-0.00143,0.02400,-0.02054,0.99950,-0.09270,-0.02908,-0.00271,0.99527,-0.09473,-0.00329,-0.02088,0.99528,1.00,-0.09214,-0.05639,-0.00523,0.99413,-0.09480,-0.03062,-0.02335,0.99475,1.00
8328,0.00,0.00,-0.00140,0.02408,-0.02051,0.99950,-0.09273,-0.02916,-0.00272,0.99526,-0.09473,-0.00328,-0.02085,0.99528,1.00,-0.09217,-0.05646,-0.00524,0.99413,-0.09480,-0.03062,-0.02332,0.99475,1.00
8340,0.00,0.00,-0.00138,0.02413,-0.02032,0.99950,-0.09275,-0.02917,-0.00272,0.99526,-0.09474,-0.00327,-0.02066,0.99528,1.00,-0.09220,-0.05648,-0.00524,0.99412,-0.09480,-0.03060,-0.02313,0.99476,1.00
8351,0.00,0.00,-0.00131,0.02418,-0.02007,0.99951,-0.09278,-0.02877,-0.00268,0.99527,-0.09468,-0.00283,-0.02037,0.99530,1.00,-0.09227,-0.05608,-0.00520,0.99414,-0.09477,-0.03017,-0.02285,0.99478,1.00
8362,0.00,0.00,-0.00122,0.02412,-0.01978,0.99951,-0.09288,-0.02866,-0.00267,0.99526,-0.09468,-0.00280,-0.02009,0.99530,1.00,-0.09238,-0.05597,-0.00520,0.99414,-0.09478,-0.03014,-0.02257,0.99479,1.00
8373,0.00,0.00,-0.00120,0.02414,-0.01983,0.99951,-0.09289,-0.02868,-0.00268,0.99526,-0.09468,-0.00281,-0.02014,0.99530,1.00,-0.09239,-0.05599,-0.00520,0.99413,-0.09478,-0.03014,-0.02262,0.99479,1.00
8385,0.00,0.00,-0.00121,0.02410,-0.01991,0.99951,-0.09243,-0.02877,-0.00267,0.99530,-0.09423,-0.00293,-0.02023,0.99534,1.00,-0.09191,-0.05607,-0.00518,0.99417,-0.09432,-0.03026,-0.02269,0.99482,1.00
8395,0.00,0.00,-0.00125,0.02397,-0.02003,0.99951,-0.09240,-0.02866,-0.00266,0.99531,-0.09423,-0.00294,-0.02035,0.99534,1.00,-0.09187,-0.05596,-0.00517,0.99418,-0.09431,-0.03027,-0.02281,0.99482,1.00
8406,0.00,0.00,-0.00131,0.02380,-0.02010,0.99951,-0.09234,-0.02850,-0.00264,0.99532,-0.09423,-0.00294,-0.02042,0.99534,1.00,-0.09181,-0.05580,-0.00515,0.99420,-0.09431,-0.03028,-0.02288,0.99482,1.00
8418,0.00,0.00,-0.00143,0.02352,-0.02015,0.99952,-0.09215,-0.02888,-0.00267,0.99532,-0.09418,-0.00361,-0.02052,0.99534,1.00,-0.09161,-0.05618,-0.00518,0.99420,-0.09425,-0.03093,-0.02297,0.99480,1.00
8429,0.00,0.00,-0.00154,0.02338,-0.02030,0.99952,-0.09204,-0.02877,-0.00266,0.99534,-0.09418,-0.00362,-0.02066,0.99533,1.00,-0.09150,-0.05607,-0.00516,0.99421,-0.09424,-0.03095,-0.02311,0.99480,1.00
8440,0.00,0.00,-0.00162,0.02321,-0.02028,0.99952,-0.09197,-0.02859,-0.00264,0.99535,-0.09418,-0.00362,-0.02064,0.99533,1.00,-0.09142,-0.05589,-0.00514,0.99423,-0.09424,-0.03094,-0.02308,0.99480,1.00
8452,0.00,0.00,-0.00180,0.02309,-0.02037,0.99952,-0.09128,-0.02880,-0.00264,0.99541,-0.09367,-0.00395,-0.02075,0.99538,1.00,-0.09074,-0.05610,-0.00512,0.99428,-0.09374,-0.03128,-0.02317,0.99484,1.00
8462,0.00,0.00,-0.00189,0.02296,-0.02032,0.99953,-0.09119,-0.02867,-0.00263,0.99542,-0.09367,-0.00395,-0.02071,0.99538,1.00,-0.09065,-0.05596,-0.00510,0.99430,-0.09375,-0.03127,-0.02312,0.99484,1.00
8473,0.00,0.00,-0.00202,0.02298,-0.02036,0.99953,-0.09106,-0.02869,-0.00262,0.99543,-0.09367,-0.00395,-0.02074,0.99538,1.00,-0.09052,-0.05598,-0.00510,0.99431,-0.09374,-0.03127,-0.02315,0.99484,1.00
8485,0.00,0.00,-0.00203,0.02304,-0.02050,0.99952,-0.09095,-0.02914,-0.00266,0.99543,-0.09358,-0.00433,-0.02091,0.99538,1.00,-0.09041,-0.05643,-0.00513,0.99429,-0.09365,-0.03165,-0.02331,0.99483,1.00
8496,0.00,0.00,-0.00216,0.02306,-0.02049,0.99952,-0.09081,-0.02915,-0.00266,0.99544,-0.09358,-0.00433,-0.02090,0.99538,1.00,-0.09027,-0.05644,-0.00512,0.99430,-0.09365,-0.03165,-0.02329,0.99483,1.00
8507,0.00,0.00,-0.00230,0.02319,-0.02050,0.99952,-0.09067,-0.02929,-0.00267,0.99545,-0.09358,-0.00433,-0.02090,0.99538,1.00,-0.09014,-0.05658,-0.00513,0.99431,-0.09365,-0.03165,-0.02329,0.99483,1.00
8518,0.00,0.00,-0.00244,0.02338,-0.02037,0.99952,-0.08931,-0.03001,-0.00269,0.99555,-0.09237,-0.00491,-0.02081,0.99550,1.00,-0.08879,-0.05729,-0.00512,0.99439,-0.09246,-0.03221,-0.02316,0.99493,1.00
8529,0.00,0.00,-0.00246,0.02367,-0.02041,0.99951,-0.08929,-0.03030,-0.00272,0.99554,-0.09237,-0.00491,-0.02085,0.99549,1.00,-0.08876,-0.05757,-0.00514,0.99437,-0.09246,-0.03221,-0.02319,0.99493,1.00
8540,0.00,0.00,-0.00253,0.02384,-0.02064,0.99950,-0.08920,-0.03052,-0.00273,0.99554,-0.09237,-0.00493,-0.02108,0.99549,1.00,-0.08866,-0.05779,-0.00515,0.99437,-0.09245,-0.03223,-0.02341,0.99492,1.00
8552,0.00,0.00,-0.00259,0.02406,-0.02078,0.99949,-0.08959,-0.03052,-0.00275,0.99551,-0.09283,-0.00470,-0.02120,0.99545,1.00,-0.08905,-0.05780,-0.00518,0.99434,-0.09291,-0.03201,-0.02354,0.99488,1.00
8562,0.00,0.00,-0.00271,0.02421,-0.02079,0.99949,-0.08948,-0.03067,-0.00276,0.99551,-0.09283,-0.00471,-0.02121,0.99544,1.00,-0.08893,-0.05795,-0.00518,0.99434,-0.09291,-0.03201,-0.02355,0.99488,1.00
8574,0.00,0.00,-0.00268,0.02431,-0.02084,0.99948,-0.08950,-0.03078,-0.00277,0.99551,-0.09283,-0.00471,-0.02125,0.99544,1.00,-0.08895,-0.05806,-0.00519,0.99433,-0.09291,-0.03202,-0.02359,0.99488,1.00
8585,0.00,0.00,-0.00271,0.02435,-0.02083,0.99948,-0.08971,-0.02207,-0.00199,0.99572,-0.09287,0.00405,-0.02049,0.99546,1.00,-0.08927,-0.04939,-0.00443,0.99477,-0.09306,-0.02330,-0.02285,0.99513,1.00
8596,0.00,0.00,-0.00271,0.02439,-0.02086,0.99948,-0.08971,-0.02212,-0.00199,0.99572,-0.09287,0.00404,-0.02052,0.99546,1.00,-0.08927,-0.04944,-0.00444,0.99477,-0.09306,-0.02330,-0.02287,0.99513,1.00
8607,0.00,0.00,-0.00276,0.02434,-0.02095,0.99948,-0.08967,-0.02209,-0.00199,0.99573,-0.09287,0.00403,-0.02060,0.99546,1.00,-0.08922,-0.04941,-0.00443,0.99478,-0.09306,-0.02331,-0.02296,0.99512,1.00
8618,0.00,0.00,-0.00276,0.02421,-0.02107,0.99948,-0.08995,-0.02026,-0.00183,0.99574,-0.09313,0.00574,-0.02057,0.99543,1.00,-0.08952,-0.04759,-0.00428,0.99484,-0.09333,-0.02161,-0.02294,0.99514,1.00
8629,0.00,0.00,-0.00274,0.02411,-0.02121,0.99948,-0.08998,-0.02019,-0.00182,0.99574,-0.09313,0.00573,-0.02072,0.99542,1.00,-0.08954,-0.04752,-0.00428,0.99484,-0.09333,-0.02162,-0.02309,0.99513,1.00
8640,0.00,0.00,-0.00268,0.02387,-0.02134,0.99948,-0.09004,-0.01997,-0.00181,0.99574,-0.09313,0.00572,-0.02085,0.99542,1.00,-0.08960,-0.04730,-0.00426,0.99485,-0.09332,-0.02164,-0.02322,0.99513,1.00
8652,0.00,0.00,-0.00272,0.02367,-0.02135,0.99949,-0.09004,-0.01911,-0.00173,0.99575,-0.09315,0.00639,-0.02080,0.99541,1.00,-0.08962,-0.04644,-0.00418,0.99488,-0.09337,-0.02096,-0.02317,0.99514,1.00
8662,0.00,0.00,-0.00283,0.02352,-0.02133,0.99949,-0.08993,-0.01895,-0.00171,0.99577,-0.09315,0.00639,-0.02078,0.99541,1.00,-0.08951,-0.04628,-0.00416,0.99490,-0.09337,-0.02096,-0.02315,0.99514,1.00
8673,0.00,0.00,-0.00295,0.02345,-0.02127,0.99949,-0.08982,-0.01887,-0.00170,0.99578,-0.09315,0.00640,-0.02072,0.99542,1.00,-0.08941,-0.04620,-0.00415,0.99491,-0.09337,-0.02096,-0.02308,0.99514,1.00
8685,0.00,0.00,-0.00306,0.02343,-0.02118,0.99950,-0.09027,-0.01909,-0.00173,0.99573,-0.09371,0.00615,-0.02064,0.99537,1.00,-0.08986,-0.04643,-0.00419,0.99486,-0.09394,-0.02121,-0.02301,0.99509,1.00
8696,0.00,0.00,-0.00316,0.02341,-0.02117,0.99950,-0.09016,-0.01908,-0.00173,0.99574,-0.09371,0.00615,-0.02064,0.99537,1.00,-0.08976,-0.04642,-0.00419,0.99487,-0.09394,-0.02121,-0.02300,0.99509,1.00
8707,0.00,0.00,-0.00317,0.02344,-0.02115,0.99950,-0.09016,-0.01910,-0.00173,0.99574,-0.09371,0.00615,-0.02061,0.99537,1.00,-0.08976,-0.04643,-0.00419,0.99487,-0.09394,-0.02121,-0.02298,0.99509,1.00
8719,0.00,0.00,-0.00313,0.02354,-0.02116,0.99949,-0.08933,-0.01945,-0.00174,0.99581,-0.09285,0.00589,-0.02065,0.99545,1.00,-0.08893,-0.04678,-0.00418,0.99493,-0.09308,-0.02147,-0.02299,0.99516,1.00
8729,0.00,0.00,-0.00302,0.02361,-0.02122,0.99949,-0.08943,-0.01953,-0.00175,0.99580,-0.09285,0.00588,-0.02071,0.99545,1.00,-0.08902,-0.04686,-0.00419,0.99492,-0.09308,-0.02147,-0.02306,0.99516,1.00
8740,0.00,0.00,-0.00300,0.02368,-0.02125,0.99949,-0.08944,-0.01961,-0.00176,0.99580,-0.09285,0.00588,-0.02075,0.99545,1.00,-0.08904,-0.04694,-0.00420,0.99491,-0.09308,-0.02148,-0.02309,0.99516,1.00
8752,0.00,0.00,-0.00291,0.02374,-0.02128,0.99949,-0.09064,-0.02065,-0.00188,0.99567,-0.09398,0.00491,-0.02086,0.99534,1.00,-0.09022,-0.04799,-0.00435,0.99476,-0.09420,-0.02244,-0.02324,0.99503,1.00
8762,0.00,0.00,-0.00288,0.02378,-0.02131,0.99949,-0.09067,-0.02070,-0.00189,0.99566,-0.09398,0.00491,-0.02089,0.99534,1.00,-0.09025,-0.04803,-0.00436,0.99475,-0.09420,-0.02245,-0.02327,0.99503,1.00
8774,0.00,0.00,-0.00283,0.02377,-0.02134,0.99949,-0.09073,-0.02070,-0.00189,0.99566,-0.09398,0.00491,-0.02091,0.99534,1.00,-0.09030,-0.04804,-0.00436,0.99475,-0.09420,-0.02245,-0.02330,0.99503,1.00
8786,0.00,0.00,-0.00284,0.02378,-0.02138,0.99948,-0.09096,-0.02202,-0.00201,0.99561,-0.09426,0.00360,-0.02107,0.99532,1.00,-0.09052,-0.04935,-0.00449,0.99466,-0.09446,-0.02375,-0.02346,0.99497,1.00
8796,0.00,0.00,-0.00283,0.02375,-0.02143,0.99948,-0.09098,-0.02200,-0.00201,0.99561,-0.09426,0.00360,-0.02113,0.99532,1.00,-0.09053,-0.04933,-0.00449,0.99466,-0.09446,-0.02376,-0.02352,0.99497,1.00
8807,0.00,0.00,-0.00282,0.02372,-0.02149,0.99948,-0.09098,-0.02198,-0.00201,0.99561,-0.09426,0.00359,-0.02118,0.99532,1.00,-0.09053,-0.04931,-0.00449,0.99466,-0.09446,-0.02376,-0.02357,0.99497,1.00
8819,0.00,0.00,-0.00280,0.02367,-0.02147,0.99949,-0.09093,-0.02188,-0.00200,0.99562,-0.09419,0.00365,-0.02116,0.99532,1.00,-0.09049,-0.04921,-0.00448,0.99467,-0.09439,-0.02371,-0.02355,0.99497,1.00
8829,0.00,0.00,-0.00273,0.02361,-0.02150,0.99949,-0.09100,-0.02182,-0.00199,0.99561,-0.09419,0.00364,-0.02119,0.99532,1.00,-0.09055,-0.04915,-0.00447,0.99467,-0.09439,-0.02371,-0.02358,0.99497,1.00
8841,0.00,0.00,-0.00268,0.02356,-0.02148,0.99949,-0.09105,-0.02177,-0.00199,0.99561,-0.09419,0.00364,-0.02117,0.99532,1.00,-0.09061,-0.04911,-0.00447,0.99467,-0.09439,-0.02371,-0.02357,0.99497,1.00
8852,0.00,0.00,-0.00258,0.02346,-0.02151,0.99949,-0.08928,-0.02079,-0.00186,0.99579,-0.09229,0.00450,-0.02113,0.99550,1.00,-0.08885,-0.04811,-0.00430,0.99487,-0.09251,-0.02285,-0.02349,0.99517,1.00
8863,0.00,0.00,-0.00254,0.02337,-0.02148,0.99949,-0.08931,-0.02069,-0.00186,0.99579,-0.09229,0.00450,-0.02111,0.99550,1.00,-0.08889,-0.04801,-0.00429,0.99487,-0.09251,-0.02284,-0.02346,0.99517,1.00
8874,0.00,0.00,-0.00252,0.02327,-0.02147,0.99950,-0.08933,-0.02059,-0.00185,0.99579,-0.09229,0.00450,-0.02110,0.99550,1.00,-0.08891,-0.04791,-0.00428,0.99488,-0.09251,-0.02284,-0.02345,0.99517,1.00
8886,0.00,0.00,-0.00255,0.02316,-0.02147,0.99950,-0.08753,-0.02040,-0.00179,0.99595,-0.09051,0.00455,-0.02110,0.99566,1.00,-0.08713,-0.04771,-0.00418,0.99505,-0.09074,-0.02278,-0.02340,0.99534,1.00
8896,0.00,0.00,-0.00261,0.02309,-0.02141,0.99950,-0.08748,-0.02032,-0.00178,0.99596,-0.09051,0.00456,-0.02104,0.99566,1.00,-0.08708,-0.04763,-0.00417,0.99505,-0.09075,-0.02277,-0.02334,0.99534,1.00
8908,0.00,0.00,-0.00272,0.02298,-0.02133,0.99950,-0.08738,-0.02019,-0.00177,0.99597,-0.09051,0.00457,-0.02095,0.99566,1.00,-0.08698,-0.04750,-0.00415,0.99507,-0.09075,-0.02276,-0.02325,0.99534,1.00
8919,0.00,0.00,-0.00278,0.02290,-0.02122,0.99951,-0.08728,-0.02059,-0.00180,0.99597,-0.09049,0.00407,-0.02088,0.99567,1.00,-0.08689,-0.04790,-0.00418,0.99506,-0.09072,-0.02326,-0.02317,0.99533,1.00
8930,0.00,0.00,-0.00277,0.02287,-0.02118,0.99951,-0.08730,-0.02056,-0.00180,0.99597,-0.09049,0.00408,-0.02084,0.99567,1.00,-0.08691,-0.04787,-0.00418,0.99506,-0.09072,-0.02325,-0.02313,0.99534,1.00
8941,0.00,0.00,-0.00275,0.02291,-0.02115,0.99951,-0.08731,-0.02059,-0.00180,0.99597,-0.09049,0.00408,-0.02081,0.99567,1.00,-0.08692,-0.04790,-0.00418,0.99505,-0.09072,-0.02325,-0.02310,0.99534,1.00
8952,0.00,0.00,-0.00274,0.02296,-0.02112,0.99951,-0.09012,-0.02068,-0.00187,0.99571,-0.09329,0.00410,-0.02077,0.99541,1.00,-0.08971,-0.04801,-0.00433,0.99480,-0.09351,-0.02326,-0.02314,0.99508,1.00
8963,0.00,0.00,-0.00271,0.02304,-0.02100,0.99951,-0.09016,-0.02073,-0.00188,0.99571,-0.09329,0.00411,-0.02065,0.99542,1.00,-0.08975,-0.04806,-0.00434,0.99479,-0.09351,-0.02324,-0.02302,0.99508,1.00
8975,0.00,0.00,-0.00260,0.02317,-0.02100,0.99951,-0.09026,-0.02086,-0.00189,0.99570,-0.09329,0.00411,-0.02065,0.99542,1.00,-0.08986,-0.04819,-0.00435,0.99478,-0.09351,-0.02325,-0.02303,0.99508,1.00
8986,0.00,0.00,-0.00251,0.02333,-0.02113,0.99950,-0.09035,-0.01914,-0.00174,0.99572,-0.09325,0.00600,-0.02062,0.99541,1.00,-0.08995,-0.04648,-0.00420,0.99485,-0.09348,-0.02136,-0.02300,0.99513,1.00
8997,0.00,0.00,-0.00237,0.02354,-0.02123,0.99949,-0.09048,-0.01938,-0.00176,0.99571,-0.09325,0.00599,-0.02072,0.99541,1.00,-0.09007,-0.04672,-0.00423,0.99483,-0.09348,-0.02137,-0.02311,0.99512,1.00
9008,0.00,0.00,-0.00238,0.02366,-0.02120,0.99949,-0.09047,-0.01949,-0.00177,0.99571,-0.09325,0.00599,-0.02070,0.99541,1.00,-0.09007,-0.04683,-0.00424,0.99482,-0.09348,-0.02137,-0.02309,0.99512,1.00
9019,0.00,0.00,-0.00228,0.02375,-0.02097,0.99950,-0.09092,-0.01929,-0.00176,0.99567,-0.09359,0.00627,-0.02044,0.99538,1.00,-0.09053,-0.04664,-0.00424,0.99479,-0.09383,-0.02110,-0.02285,0.99510,1.00
9030,0.00,0.00,-0.00221,0.02383,-0.02083,0.99950,-0.09099,-0.01935,-0.00177,0.99566,-0.09359,0.00628,-0.02030,0.99538,1.00,-0.09060,-0.04670,-0.00425,0.99478,-0.09383,-0.02109,-0.02271,0.99511,1.00
9041,0.00,0.00,-0.00209,0.02377,-0.02068,0.99950,-0.09111,-0.01926,-0.00176,0.99565,-0.09359,0.00629,-0.02015,0.99539,1.00,-0.09074,-0.04661,-0.00425,0.99477,-0.09384,-0.02107,-0.02257,0.99511,1.00
9053,0.00,0.00,-0.00197,0.02371,-0.02077,0.99950,-0.09103,-0.02074,-0.00190,0.99563,-0.09343,0.00476,-0.02038,0.99541,1.00,-0.09063,-0.04808,-0.00438,0.99471,-0.09364,-0.02260,-0.02280,0.99509,1.00
9064,0.00,0.00,-0.00191,0.02363,-0.02079,0.99950,-0.09110,-0.02067,-0.00189,0.99563,-0.09343,0.00476,-0.02040,0.99541,1.00,-0.09069,-0.04800,-0.00438,0.99471,-0.09364,-0.02260,-0.02282,0.99509,1.00
9075,0.00,0.00,-0.00186,0.02346,-0.02093,0.99950,-0.09115,-0.02053,-0.00188,0.99562,-0.09343,0.00475,-0.02054,0.99540,1.00,-0.09073,-0.04787,-0.00437,0.99471,-0.09364,-0.02261,-0.02296,0.99508,1.00
9086,0.00,0.00,-0.00188,0.02325,-0.02098,0.99951,-0.09089,-0.02029,-0.00185,0.99565,-0.09318,0.00477,-0.02059,0.99543,1.00,-0.09046,-0.04762,-0.00433,0.99475,-0.09339,-0.02258,-0.02300,0.99511,1.00
9097,0.00,0.00,-0.00199,0.02289,-0.02093,0.99952,-0.09078,-0.01992,-0.00182,0.99567,-0.09318,0.00478,-0.02053,0.99543,1.00,-0.09036,-0.04725,-0.00429,0.99478,-0.09339,-0.02258,-0.02294,0.99511,1.00
9108,0.00,0.00,-0.00222,0.02266,-0.02092,0.99952,-0.09056,-0.01968,-0.00179,0.99569,-0.09318,0.00478,-0.02052,0.99543,1.00,-0.09014,-0.04702,-0.00426,0.99481,-0.09339,-0.02258,-0.02292,0.99511,1.00
9120,0.00,0.00,-0.00242,0.02245,-0.02083,0.99953,-0.08982,-0.01947,-0.00176,0.99577,-0.09263,0.00476,-0.02043,0.99548,1.00,-0.08941,-0.04680,-0.00421,0.99489,-0.09285,-0.02259,-0.02281,0.99516,1.00
9130,0.00,0.00,-0.00265,0.02226,-0.02092,0.99953,-0.08959,-0.01929,-0.00174,0.99579,-0.09263,0.00475,-0.02052,0.99548,1.00,-0.08918,-0.04662,-0.00418,0.99492,-0.09284,-0.02260,-0.02288,0.99516,1.00
9141,0.00,0.00,-0.00277,0.02228,-0.02097,0.99953,-0.08947,-0.01932,-0.00174,0.99580,-0.09263,0.00475,-0.02057,0.99548,1.00,-0.08906,-0.04664,-0.00418,0.99492,-0.09284,-0.02260,-0.02292,0.99516,1.00
9153,0.00,0.00,-0.00282,0.02234,-0.02112,0.99952,-0.08794,-0.01770,-0.00156,0.99597,-0.09111,0.00641,-0.02058,0.99561,1.00,-0.08755,-0.04502,-0.00396,0.99513,-0.09135,-0.02094,-0.02290,0.99534,1.00
9164,0.00,0.00,-0.00287,0.02238,-0.02108,0.99952,-0.08788,-0.01773,-0.00156,0.99597,-0.09111,0.00641,-0.02054,0.99561,1.00,-0.08749,-0.04506,-0.00396,0.99514,-0.09135,-0.02093,-0.02285,0.99534,1.00
9175,0.00,0.00,-0.00300,0.02243,-0.02105,0.99952,-0.08776,-0.01777,-0.00157,0.99598,-0.09111,0.00641,-0.02051,0.99561,1.00,-0.08738,-0.04510,-0.00396,0.99515,-0.09135,-0.02093,-0.02281,0.99534,1.00
9187,0.00,0.00,-0.00319,0.02266,-0.02089,0.99952,-0.08791,-0.01720,-0.00152,0.99598,-0.09143,0.00720,-0.02028,0.99558,1.00,-0.08755,-0.04453,-0.00392,0.99516,-0.09170,-0.02014,-0.02258,0.99533,1.00
9197,0.00,0.00,-0.00326,0.02280,-0.02083,0.99952,-0.08783,-0.01733,-0.00153,0.99598,-0.09143,0.00721,-0.02022,0.99558,1.00,-0.08748,-0.04466,-0.00393,0.99516,-0.09170,-0.02014,-0.02251,0.99533,1.00
9208,0.00,0.00,-0.00326,0.02300,-0.02101,0.99951,-0.08783,-0.01756,-0.00155,0.99598,-0.09143,0.00719,-0.02039,0.99558,1.00,-0.08746,-0.04489,-0.00395,0.99515,-0.09169,-0.02015,-0.02269,0.99532,1.00
9220,0.00,0.00,-0.00330,0.02326,-0.02133,0.99950,-0.08984,-0.01777,-0.00160,0.99580,-0.09350,0.00731,-0.02069,0.99538,1.00,-0.08944,-0.04511,-0.00406,0.99496,-0.09374,-0.02005,-0.02304,0.99513,1.00
9231,0.00,0.00,-0.00334,0.02338,-0.02161,0.99949,-0.08980,-0.01794,-0.00162,0.99580,-0.09350,0.00729,-0.02097,0.99537,1.00,-0.08939,-0.04528,-0.00407,0.99496,-0.09373,-0.02008,-0.02332,0.99512,1.00
9242,0.00,0.00,-0.00339,0.02361,-0.02177,0.99948,-0.08974,-0.01819,-0.00164,0.99580,-0.09350,0.00727,-0.02113,0.99537,1.00,-0.08931,-0.04554,-0.00409,0.99495,-0.09373,-0.02009,-0.02348,0.99512,1.00
9254,0.00,0.00,-0.00339,0.02372,-0.02174,0.99948,-0.08996,-0.01911,-0.00173,0.99576,-0.09374,0.00646,-0.02117,0.99535,1.00,-0.08954,-0.04645,-0.00418,0.99489,-0.09397,-0.02090,-0.02352,0.99508,1.00
9264,0.00,0.00,-0.00338,0.02386,-0.02161,0.99948,-0.08997,-0.01923,-0.00174,0.99576,-0.09374,0.00648,-0.02104,0.99535,1.00,-0.08956,-0.04656,-0.00419,0.99488,-0.09398,-0.02088,-0.02340,0.99508,1.00
9275,0.00,0.00,-0.00333,0.02401,-0.02156,0.99947,-0.09002,-0.01937,-0.00175,0.99575,-0.09374,0.00648,-0.02099,0.99535,1.00,-0.08961,-0.04671,-0.00421,0.99487,-0.09398,-0.02088,-0.02334,0.99508,1.00
9287,0.00,0.00,-0.00327,0.02398,-0.02163,0.99947,-0.08863,-0.02103,-0.00187,0.99584,-0.09234,0.00478,-0.02122,0.99549,1.00,-0.08822,-0.04834,-0.00429,0.99492,-0.09257,-0.02256,-0.02353,0.99517,1.00
9297,0.00,0.00,-0.00320,0.02407,-0.02185,0.99947,-0.08870,-0.02115,-0.00188,0.99583,-0.09234,0.00476,-0.02144,0.99549,1.00,-0.08827,-0.04847,-0.00430,0.99491,-0.09257,-0.02258,-0.02376,0.99517,1.00
9309,0.00,0.00,-0.00312,0.02408,-0.02198,0.99946,-0.08877,-0.02119,-0.00189,0.99582,-0.09234,0.00475,-0.02157,0.99548,1.00,-0.08833,-0.04850,-0.00431,0.99490,-0.09256,-0.02260,-0.02390,0.99516,1.00
9320,0.00,0.00,-0.00311,0.02402,-0.02202,0.99946,-0.08875,-0.02215,-0.00197,0.99581,-0.09233,0.00372,-0.02170,0.99548,1.00,-0.08830,-0.04946,-0.00439,0.99486,-0.09254,-0.02362,-0.02402,0.99514,1.00
9331,0.00,0.00,-0.00302,0.02393,-0.02199,0.99947,-0.08884,-0.02206,-0.00197,0.99580,-0.09233,0.00373,-0.02167,0.99549,1.00,-0.08839,-0.04938,-0.00439,0.99485,-0.09254,-0.02361,-0.02399,0.99514,1.00
9342,0.00,0.00,-0.00297,0.02382,-0.02183,0.99947,-0.08889,-0.02193,-0.00196,0.99580,-0.09233,0.00374,-0.02151,0.99549,1.00,-0.08846,-0.04924,-0.00438,0.99485,-0.09255,-0.02360,-0.02384,0.99514,1.00
9353,0.00,0.00,-0.00291,0.02372,-0.02170,0.99948,-0.09055,-0.02031,-0.00185,0.99568,-0.09388,0.00528,-0.02124,0.99534,1.00,-0.09014,-0.04765,-0.00432,0.99478,-0.09412,-0.02208,-0.02362,0.99504,1.00
9364,0.00,0.00,-0.00277,0.02360,-0.02164,0.99948,-0.09069,-0.02018,-0.00184,0.99567,-0.09388,0.00528,-0.02119,0.99534,1.00,-0.09028,-0.04751,-0.00431,0.99477,-0.09412,-0.02207,-0.02357,0.99504,1.00
9375,0.00,0.00,-0.00252,0.02342,-0.02174,0.99949,-0.09095,-0.02003,-0.00183,0.99565,-0.09388,0.00527,-0.02129,0.99534,1.00,-0.09053,-0.04737,-0.00431,0.99476,-0.09412,-0.02209,-0.02369,0.99503,1.00
9387,0.00,0.00,-0.00232,0.02332,-0.02179,0.99949,-0.09092,-0.02153,-0.00197,0.99562,-0.09370,0.00368,-0.02149,0.99536,1.00,-0.09048,-0.04886,-0.00444,0.99469,-0.09391,-0.02367,-0.02389,0.99501,1.00
9398,0.00,0.00,-0.00209,0.02306,-0.02182,0.99949,-0.09116,-0.02128,-0.00195,0.99561,-0.09370,0.00368,-0.02153,0.99536,1.00,-0.09072,-0.04861,-0.00443,0.99468,-0.09391,-0.02368,-0.02394,0.99501,1.00
9409,0.00,0.00,-0.00213,0.02296,-0.02180,0.99950,-0.09111,-0.02118,-0.00194,0.99561,-0.09370,0.00368,-0.02151,0.99536,1.00,-0.09068,-0.04851,-0.00442,0.99469,-0.09391,-0.02368,-0.02392,0.99501,1.00
9420,0.00,0.00,-0.00224,0.02292,-0.02168,0.99950,-0.09062,-0.01938,-0.00176,0.99570,-0.09326,0.00541,-0.02123,0.99540,1.00,-0.09021,-0.04672,-0.00424,0.99482,-0.09351,-0.02195,-0.02363,0.99510,1.00
9431,0.00,0.00,-0.00239,0.02288,-0.02154,0.99950,-0.09048,-0.01931,-0.00176,0.99571,-0.09326,0.00542,-0.02108,0.99540,1.00,-0.09008,-0.04665,-0.00422,0.99483,-0.09351,-0.02193,-0.02348,0.99510,1.00
9442,0.00,0.00,-0.00285,0.02306,-0.02110,0.99951,-0.09001,-0.01940,-0.00175,0.99575,-0.09326,0.00547,-0.02063,0.99541,1.00,-0.08964,-0.04673,-0.00421,0.99487,-0.09352,-0.02189,-0.02300,0.99511,1.00
9454,0.00,0.00,-0.00303,0.02329,-0.02090,0.99951,-0.09133,-0.02398,-0.00220,0.99553,-0.09485,0.00112,-0.02081,0.99527,1.00,-0.09090,-0.05130,-0.00469,0.99453,-0.09505,-0.02623,-0.02320,0.99486,1.00
9464,0.00,0.00,-0.00294,0.02359,-0.02084,0.99950,-0.09141,-0.02427,-0.00223,0.99552,-0.09485,0.00112,-0.02075,0.99527,1.00,-0.09098,-0.05159,-0.00472,0.99450,-0.09505,-0.02623,-0.02315,0.99486,1.00
9476,0.00,0.00,-0.00267,0.02381,-0.02101,0.99949,-0.09167,-0.02453,-0.00226,0.99548,-0.09485,0.00110,-0.02092,0.99527,1.00,-0.09124,-0.05185,-0.00476,0.99447,-0.09505,-0.02625,-0.02333,0.99485,1.00
9487,0.00,0.00,-0.00239,0.02396,-0.02103,0.99949,-0.09310,-0.02562,-0.00240,0.99532,-0.09603,0.00019,-0.02104,0.99516,1.00,-0.09263,-0.05295,-0.00493,0.99428,-0.09619,-0.02716,-0.02350,0.99472,1.00
9498,0.00,0.00,-0.00205,0.02400,-0.02084,0.99949,-0.09345,-0.02563,-0.00241,0.99529,-0.09603,0.00021,-0.02085,0.99516,1.00,-0.09298,-0.05297,-0.00495,0.99425,-0.09619,-0.02715,-0.02333,0.99472,1.00
9509,0.00,0.00,-0.00176,0.02402,-0.02051,0.99950,-0.09374,-0.02560,-0.00241,0.99527,-0.09603,0.00024,-0.02053,0.99517,1.00,-0.09329,-0.05293,-0.00497,0.99422,-0.09620,-0.02712,-0.02302,0.99473,1.00
9521,0.00,0.00,-0.00147,0.02400,-0.02024,0.99951,-0.09381,-0.02515,-0.00237,0.99527,-0.09579,0.00065,-0.02022,0.99520,1.00,-0.09336,-0.05249,-0.00493,0.99424,-0.09596,-0.02671,-0.02273,0.99477,1.00
9531,0.00,0.00,-0.00130,0.02388,-0.02009,0.99951,-0.09398,-0.02500,-0.00236,0.99526,-0.09579,0.00066,-0.02008,0.99520,1.00,-0.09354,-0.05234,-0.00492,0.99423,-0.09596,-0.02670,-0.02260,0.99477,1.00
9543,0.00,0.00,-0.00116,0.02371,-0.01997,0.99952,-0.09413,-0.02481,-0.00235,0.99525,-0.09579,0.00067,-0.01996,0.99520,1.00,-0.09370,-0.05215,-0.00492,0.99422,-0.09597,-0.02669,-0.02249,0.99477,1.00
9554,0.00,0.00,-0.00107,0.02344,-0.02006,0.99952,-0.09360,-0.02493,-0.00234,0.99530,-0.09518,0.00028,-0.02009,0.99526,1.00,-0.09313,-0.05227,-0.00490,0.99427,-0.09532,-0.02707,-0.02260,0.99482,1.00
9565,0.00,0.00,-0.00094,0.02325,-0.02008,0.99953,-0.09374,-0.02475,-0.00233,0.99529,-0.09518,0.00028,-0.02012,0.99526,1.00,-0.09327,-0.05209,-0.00489,0.99427,-0.09532,-0.02708,-0.02264,0.99482,1.00
9576,0.00,0.00,-0.00083,0.02302,-0.02009,0.99953,-0.09385,-0.02452,-0.00231,0.99528,-0.09518,0.00028,-0.02012,0.99526,1.00,-0.09338,-0.05186,-0.00487,0.99427,-0.09532,-0.02708,-0.02265,0.99482,1.00
9588,0.00,0.00,-0.00080,0.02276,-0.01991,0.99954,-0.09354,-0.02455,-0.00231,0.99531,-0.09484,-0.00002,-0.01997,0.99529,1.00,-0.09307,-0.05188,-0.00486,0.99430,-0.09496,-0.02737,-0.02249,0.99485,1.00
9598,0.00,0.00,-0.00073,0.02260,-0.01971,0.99955,-0.09362,-0.02434,-0.00229,0.99531,-0.09484,0.00000,-0.01977,0.99530,1.00,-0.09315,-0.05168,-0.00484,0.99430,-0.09497,-0.02735,-0.02229,0.99485,1.00
9610,0.00,0.00,-0.00054,0.02251,-0.01955,0.99956,-0.09382,-0.02423,-0.00228,0.99529,-0.09484,0.00002,-0.01962,0.99530,1.00,-0.09336,-0.05156,-0.00484,0.99428,-0.09497,-0.02734,-0.02215,0.99486,1.00
9621,0.00,0.00,-0.00037,0.02246,-0.01943,0.99956,-0.09794,-0.02536,-0.00250,0.99487,-0.09881,-0.00110,-0.01962,0.99491,1.00,-0.09744,-0.05272,-0.00517,0.99383,-0.09891,-0.02849,-0.02227,0.99444,1.00
9632,0.00,0.00,-0.00023,0.02246,-0.01934,0.99956,-0.09808,-0.02534,-0.00250,0.99485,-0.09881,-0.00109,-0.01953,0.99491,1.00,-0.09759,-0.05271,-0.00518,0.99382,-0.09891,-0.02848,-0.02219,0.99444,1.00
9643,0.00,0.00,0.00003,0.02252,-0.01926,0.99956,-0.09834,-0.02540,-0.00251,0.99483,-0.09881,-0.00108,-0.01946,0.99492,1.00,-0.09786,-0.05276,-0.00520,0.99379,-0.09891,-0.02847,-0.02214,0.99444,1.00
9655,0.00,0.00,0.00029,0.02263,-0.01944,0.99955,-0.09819,-0.02599,-0.00257,0.99483,-0.09842,-0.00156,-0.01969,0.99495,1.00,-0.09767,-0.05336,-0.00524,0.99377,-0.09850,-0.02894,-0.02237,0.99447,1.00
9665,0.00,0.00,0.00054,0.02283,-0.01953,0.99955,-0.09843,-0.02621,-0.00259,0.99480,-0.09842,-0.00157,-0.01979,0.99495,1.00,-0.09791,-0.05358,-0.00528,0.99374,-0.09849,-0.02896,-0.02248,0.99446,1.00
9676,0.00,0.00,0.00076,0.02292,-0.01955,0.99955,-0.09864,-0.02631,-0.00261,0.99477,-0.09842,-0.00157,-0.01981,0.99495,1.00,-0.09812,-0.05368,-0.00530,0.99371,-0.09849,-0.02896,-0.02252,0.99446,1.00
9688,0.00,0.00,0.00088,0.02315,-0.01941,0.99954,-0.09730,-0.02695,-0.00264,0.99489,-0.09697,-0.00202,-0.01972,0.99509,1.00,-0.09678,-0.05431,-0.00529,0.99381,-0.09704,-0.02940,-0.02239,0.99459,1.00
9699,0.00,0.00,0.00111,0.02329,-0.01927,0.99954,-0.09754,-0.02708,-0.00265,0.99486,-0.09697,-0.00201,-0.01958,0.99509,1.00,-0.09702,-0.05444,-0.00531,0.99378,-0.09704,-0.02939,-0.02226,0.99460,1.00
9710,0.00,0.00,0.00134,0.02337,-0.01913,0.99954,-0.09776,-0.02713,-0.00267,0.99484,-0.09697,-0.00200,-0.01945,0.99510,1.00,-0.09725,-0.05449,-0.00533,0.99375,-0.09704,-0.02938,-0.02214,0.99460,1.00
9721,0.00,0.00,0.00157,0.02348,-0.01897,0.99954,-0.09578,-0.02787,-0.00268,0.99501,-0.09477,-0.00268,-0.01935,0.99531,1.00,-0.09527,-0.05521,-0.00529,0.99390,-0.09484,-0.03004,-0.02200,0.99480,1.00
9732,0.00,0.00,0.00176,0.02358,-0.01885,0.99954,-0.09597,-0.02795,-0.00270,0.99499,-0.09477,-0.00267,-0.01923,0.99531,1.00,-0.09547,-0.05529,-0.00531,0.99388,-0.09485,-0.03003,-0.02189,0.99480,1.00
9743,0.00,0.00,0.00196,0.02363,-0.01881,0.99954,-0.09617,-0.02800,-0.00271,0.99497,-0.09477,-0.00266,-0.01921,0.99531,1.00,-0.09567,-0.05534,-0.00533,0.99386,-0.09485,-0.03002,-0.02187,0.99480,1.00
9755,0.00,0.00,0.00214,0.02363,-0.01883,0.99954,-0.09529,-0.02786,-0.00267,0.99506,-0.09370,-0.00253,-0.01921,0.99541,1.00,-0.09478,-0.05519,-0.00526,0.99395,-0.09376,-0.02988,-0.02185,0.99491,1.00
9765,0.00,0.00,0.00232,0.02361,-0.01878,0.99954,-0.09547,-0.02783,-0.00267,0.99504,-0.09370,-0.00253,-0.01916,0.99541,1.00,-0.09496,-0.05517,-0.00527,0.99394,-0.09377,-0.02988,-0.02182,0.99491,1.00
9777,0.00,0.00,0.00243,0.02354,-0.01872,0.99954,-0.09558,-0.02776,-0.00267,0.99503,-0.09370,-0.00252,-0.01911,0.99541,1.00,-0.09507,-0.05509,-0.00527,0.99393,-0.09377,-0.02988,-0.02177,0.99491,1.00
9788,0.00,0.00,0.00251,0.02343,-0.01856,0.99955,-0.09507,-0.02744,-0.00262,0.99509,-0.09310,-0.00234,-0.01893,0.99547,1.00,-0.09456,-0.05477,-0.00521,0.99400,-0.09316,-0.02969,-0.02158,0.99497,1.00
9799,0.00,0.00,0.00262,0.02329,-0.01852,0.99955,-0.09518,-0.02729,-0.00261,0.99508,-0.09310,-0.00234,-0.01890,0.99547,1.00,-0.09468,-0.05463,-0.00520,0.99399,-0.09317,-0.02969,-0.02155,0.99497,1.00
9810,0.00,0.00,0.00268,0.02314,-0.01848,0.99956,-0.09525,-0.02714,-0.00260,0.99508,-0.09310,-0.00234,-0.01885,0.99548,1.00,-0.09474,-0.05448,-0.00519,0.99400,-0.09317,-0.02969,-0.02151,0.99498,1.00
9822,0.00,0.00,0.00276,0.02302,-0.01854,0.99956,-0.09856,-0.02713,-0.00269,0.99476,-0.09634,-0.00238,-0.01893,0.99517,1.00,-0.09802,-0.05449,-0.00538,0.99368,-0.09637,-0.02976,-0.02169,0.99466,1.00
9834,0.00,0.00,0.00282,0.02291,-0.01851,0.99956,-0.09863,-0.02701,-0.00268,0.99475,-0.09634,-0.00238,-0.01891,0.99517,1.00,-0.09809,-0.05437,-0.00537,0.99368,-0.09637,-0.02976,-0.02167,0.99466,1.00
9846,0.00,0.00,0.00286,0.02278,-0.01846,0.99957,-0.09867,-0.02688,-0.00267,0.99475,-0.09634,-0.00237,-0.01885,0.99517,1.00,-0.09813,-0.05424,-0.00536,0.99368,-0.09637,-0.02975,-0.02161,0.99467,1.00
9857,0.00,0.00,0.00276,0.02263,-0.01834,0.99957,-0.09830,-0.02367,-0.00234,0.99487,-0.09600,0.00066,-0.01842,0.99521,1.00,-0.09781,-0.05105,-0.00502,0.99388,-0.09608,-0.02673,-0.02118,0.99479,1.00
9868,0.00,0.00,0.00264,0.02255,-0.01823,0.99958,-0.09819,-0.02357,-0.00233,0.99489,-0.09600,0.00067,-0.01831,0.99521,1.00,-0.09771,-0.05095,-0.00501,0.99390,-0.09608,-0.02672,-0.02106,0.99479,1.00
9880,0.00,0.00,0.00258,0.02247,-0.01810,0.99958,-0.09813,-0.02347,-0.00231,0.99489,-0.09600,0.00068,-0.01818,0.99522,1.00,-0.09765,-0.05084,-0.00500,0.99391,-0.09608,-0.02671,-0.02092,0.99480,1.00
9890,0.00,0.00,0.00260,0.02244,-0.01819,0.99958,-0.09842,-0.02383,-0.00236,0.99486,-0.09627,0.00030,-0.01830,0.99519,1.00,-0.09793,-0.05121,-0.00505,0.99386,-0.09634,-0.02709,-0.02105,0.99476,1.00
9901,0.00,0.00,0.00253,0.02249,-0.01838,0.99957,-0.09834,-0.02392,-0.00236,0.99486,-0.09627,0.00028,-0.01850,0.99518,1.00,-0.09784,-0.05129,-0.00505,0.99387,-0.09634,-0.02711,-0.02125,0.99475,1.00
9913,0.00,0.00,0.00247,0.02253,-0.01857,0.99957,-0.09828,-0.02399,-0.00237,0.99487,-0.09627,0.00026,-0.01869,0.99518,1.00,-0.09777,-0.05137,-0.00505,0.99387,-0.09633,-0.02713,-0.02143,0.99475,1.00
9924,0.00,0.00,0.00237,0.02263,-0.01871,0.99957,-0.09731,-0.02436,-0.00238,0.99495,-0.09542,-0.00001,-0.01885,0.99526,1.00,-0.09679,-0.05173,-0.00504,0.99395,-0.09547,-0.02739,-0.02156,0.99482,1.00
9935,0.00,0.00,0.00236,0.02272,-0.01871,0.99956,-0.09729,-0.02446,-0.00239,0.99495,-0.09542,-0.00001,-0.01885,0.99526,1.00,-0.09677,-0.05182,-0.00505,0.99394,-0.09547,-0.02739,-0.02156,0.99482,1.00
9947,0.00,0.00,0.00233,0.02285,-0.01863,0.99956,-0.09727,-0.02457,-0.00240,0.99495,-0.09542,0.00000,-0.01877,0.99526,1.00,-0.09676,-0.05194,-0.00506,0.99394,-0.09548,-0.02738,-0.02148,0.99482,1.00
9957,0.00,0.00,0.00232,0.02296,-0.01849,0.99956,-0.09741,-0.02624,-0.00257,0.99490,-0.09560,-0.00158,-0.01878,0.99524,1.00,-0.09689,-0.05360,-0.00523,0.99384,-0.09565,-0.02896,-0.02150,0.99476,1.00
9969,0.00,0.00,0.00232,0.02312,-0.01842,0.99956,-0.09741,-0.02639,-0.00258,0.99489,-0.09560,-0.00158,-0.01872,0.99524,1.00,-0.09689,-0.05375,-0.00524,0.99383,-0.09565,-0.02895,-0.02143,0.99476,1.00
9980,0.00,0.00,0.00235,0.02328,-0.01849,0.99956,-0.09743,-0.02657,-0.00260,0.99488,-0.09560,-0.00158,-0.01879,0.99524,1.00,-0.09691,-0.05393,-0.00526,0.99382,-0.09565,-0.02896,-0.02150,0.99476,1.00
9991,0.00,0.00,0.00243,0.02339,-0.01850,0.99955,-0.09760,-0.02645,-0.00260,0.99487,-0.09569,-0.00136,-0.01878,0.99523,1.00,-0.09707,-0.05382,-0.00526,0.99381,-0.09573,-0.02874,-0.02150,0.99476,1.00
10002,0.00,0.00,0.00247,0.02344,-0.01851,0.99955,-0.09764,-0.02651,-0.00260,0.99487,-0.09569,-0.00136,-0.01879,0.99523,1.00,-0.09712,-0.05387,-0.00526,0.99380,-0.09573,-0.02874,-0.02151,0.99476,1.00
10014,0.00,0.00,0.00260,0.02351,-0.01854,0.99955,-0.09776,-0.02658,-0.00261,0.99485,-0.09569,-0.00137,-0.01883,0.99523,1.00,-0.09723,-0.05395,-0.00528,0.99378,-0.09573,-0.02874,-0.02155,0.99476,1.00
10024,0.00,0.00,0.00268,0.02352,-0.01857,0.99955,-0.09783,-0.02461,-0.00242,0.99490,-0.09563,0.00063,-0.01866,0.99524,1.00,-0.09732,-0.05198,-0.00509,0.99388,-0.09570,-0.02676,-0.02139,0.99482,1.00
10035,350.00,0.00,0.00280,0.02350,-0.01856,0.99955,-0.09795,-0.02458,-0.00242,0.99489,-0.09563,0.00063,-0.01866,0.99524,1.00,-0.09744,-0.05195,-0.00509,0.99387,-0.09570,-0.02676,-0.02140,0.99482,1.00
10047,350.00,0.00,0.00285,0.02344,-0.01859,0.99955,-0.09800,-0.02453,-0.00242,0.99488,-0.09563,0.00063,-0.01869,0.99524,1.00,-0.09749,-0.05191,-0.00509,0.99387,-0.09570,-0.02676,-0.02143,0.99482,1.00
10058,350.00,0.00,0.00288,0.02337,-0.01857,0.99955,-0.09991,-0.02426,-0.00244,0.99470,-0.09751,0.00086,-0.01864,0.99506,1.00,-0.09940,-0.05165,-0.00517,0.99369,-0.09758,-0.02655,-0.02145,0.99464,1.00
10069,350.00,0.00,0.00289,0.02328,-0.01855,0.99955,-0.09993,-0.02417,-0.00243,0.99470,-0.09751,0.00086,-0.01862,0.99506,1.00,-0.09941,-0.05156,-0.00516,0.99370,-0.09758,-0.02654,-0.02142,0.99464,1.00
10080,350.00,0.00,0.00289,0.02321,-0.01859,0.99955,-0.09993,-0.02411,-0.00242,0.99470,-0.09751,0.00085,-0.01866,0.99506,1.00,-0.09942,-0.05150,-0.00515,0.99370,-0.09758,-0.02655,-0.02146,0.99464,1.00
10091,350.00,0.00,0.00294,0.02312,-0.01862,0.99955,-0.09774,-0.02413,-0.00237,0.99492,-0.09527,0.00071,-0.01871,0.99528,1.00,-0.09723,-0.05150,-0.00504,0.99392,-0.09534,-0.02668,-0.02145,0.99486,1.00
10102,350.00,0.00,0.00295,0.02301,-0.01862,0.99956,-0.09775,-0.02402,-0.00236,0.99492,-0.09527,0.00071,-0.01870,0.99528,1.00,-0.09725,-0.05139,-0.00503,0.99392,-0.09534,-0.02667,-0.02144,0.99486,1.00
10114,350.00,0.00,0.00294,0.02291,-0.01859,0.99956,-0.09775,-0.02392,-0.00235,0.99492,-0.09527,0.00071,-0.01867,0.99528,1.00,-0.09724,-0.05129,-0.00502,0.99393,-0.09534,-0.02667,-0.02141,0.99486,1.00
10125,350.00,0.00,0.00296,0.02287,-0.01850,0.99956,-0.09876,-0.02402,-0.00238,0.99482,-0.09627,0.00058,-0.01860,0.99518,1.00,-0.09826,-0.05140,-0.00508,0.99382,-0.09634,-0.02682,-0.02137,0.99476,1.00
10136,350.00,0.00,0.00289,0.02278,-0.01831,0.99957,-0.09870,-0.02389,-0.00237,0.99483,-0.09627,0.00060,-0.01840,0.99518,1.00,-0.09821,-0.05127,-0.00507,0.99383,-0.09635,-0.02680,-0.02117,0.99476,1.00
10147,350.00,0.00,0.00290,0.02274,-0.01818,0.99957,-0.09872,-0.02383,-0.00236,0.99483,-0.09627,0.00061,-0.01827,0.99519,1.00,-0.09823,-0.05121,-0.00506,0.99383,-0.09635,-0.02678,-0.02104,0.99476,1.00
10158,350.00,0.00,0.00292,0.02271,-0.01805,0.99957,-0.09870,-0.02402,-0.00238,0.99482,-0.09624,0.00037,-0.01816,0.99519,1.00,-0.09821,-0.05140,-0.00508,0.99382,-0.09631,-0.02702,-0.02093,0.99476,1.00
10169,350.00,0.00,0.00293,0.02271,-0.01799,0.99958,-0.09871,-0.02400,-0.00238,0.99482,-0.09624,0.00038,-0.01810,0.99519,1.00,-0.09823,-0.05138,-0.00508,0.99382,-0.09632,-0.02701,-0.02087,0.99477,1.00
10181,350.00,0.00,0.00294,0.02268,-0.01788,0.99958,-0.09872,-0.02396,-0.00238,0.99482,-0.09624,0.00039,-0.01800,0.99520,1.00,-0.09825,-0.05134,-0.00508,0.99382,-0.09632,-0.02700,-0.02077,0.99477,1.00
10191,350.00,0.00,0.00297,0.02267,-0.01776,0.99958,-0.09872,-0.02574,-0.00255,0.99478,-0.09624,-0.00142,-0.01806,0.99519,1.00,-0.09821,-0.05311,-0.00525,0.99373,-0.09628,-0.02881,-0.02083,0.99472,1.00
10203,350.00,0.00,0.00294,0.02259,-0.01774,0.99958,-0.09869,-0.02566,-0.00255,0.99478,-0.09624,-0.00142,-0.01804,0.99519,1.00,-0.09819,-0.05303,-0.00524,0.99374,-0.09628,-0.02881,-0.02080,0.99472,1.00
10214,350.00,0.00,0.00295,0.02255,-0.01768,0.99959,-0.09870,-0.02561,-0.00254,0.99478,-0.09624,-0.00142,-0.01798,0.99520,1.00,-0.09820,-0.05298,-0.00524,0.99374,-0.09629,-0.02880,-0.02075,0.99472,1.00
10225,350.00,0.00,0.00290,0.02248,-0.01765,0.99959,-0.10057,-0.02574,-0.00260,0.99459,-0.09815,-0.00159,-0.01797,0.99501,1.00,-0.10004,-0.05312,-0.00535,0.99355,-0.09818,-0.02899,-0.02079,0.99453,1.00
10236,350.00,0.00,0.00282,0.02240,-0.01759,0.99959,-0.10049,-0.02565,-0.00259,0.99460,-0.09815,-0.00158,-0.01791,0.99501,1.00,-0.09997,-0.05303,-0.00534,0.99356,-0.09818,-0.02898,-0.02072,0.99453,1.00
10247,350.00,0.00,0.00268,0.02237,-0.01750,0.99959,-0.10036,-0.02560,-0.00258,0.99462,-0.09815,-0.00157,-0.01781,0.99501,1.00,-0.09985,-0.05298,-0.00532,0.99358,-0.09818,-0.02897,-0.02062,0.99453,1.00
10258,350.00,0.00,0.00261,0.02231,-0.01747,0.99960,-0.10280,-0.02534,-0.00262,0.99438,-0.10066,-0.00134,-0.01777,0.99476,1.00,-0.10226,-0.05274,-0.00543,0.99334,-0.10067,-0.02876,-0.02064,0.99429,1.00
10270,350.00,0.00,0.00256,0.02233,-0.01752,0.99959,-0.10275,-0.02536,-0.00262,0.99438,-0.10066,-0.00134,-0.01781,0.99476,1.00,-0.10221,-0.05277,-0.00543,0.99335,-0.10067,-0.02876,-0.02068,0.99429,1.00
10281,350.00,0.00,0.00259,0.02236,-0.01760,0.99959,-0.10277,-0.02541,-0.00263,0.99438,-0.10066,-0.00135,-0.01789,0.99476,1.00,-0.10223,-0.05282,-0.00544,0.99334,-0.10067,-0.02877,-0.02076,0.99429,1.00
10292,350.00,0.00,0.00260,0.02233,-0.01755,0.99959,-0.15725,-0.02475,-0.00394,0.98724,-0.15514,0.00007,-0.01782,0.98773,1.00,-0.15642,-0.05277,-0.00837,0.98624,-0.15491,-0.02797,-0.02232,0.98728,1.00
10303,350.00,0.00,0.00259,0.02236,-0.01748,0.99959,-0.15724,-0.02476,-0.00394,0.98724,-0.15514,0.00008,-0.01775,0.98773,1.00,-0.15642,-0.05278,-0.00837,0.98624,-0.15491,-0.02795,-0.02225,0.98728,1.00
10314,350.00,0.00,0.00260,0.02236,-0.01744,0.99959,-0.15725,-0.02475,-0.00394,0.98724,-0.15514,0.00009,-0.01770,0.98773,1.00,-0.15644,-0.05278,-0.00837,0.98624,-0.15491,-0.02795,-0.02220,0.98728,1.00
10325,350.00,0.00,0.00257,0.02235,-0.01746,0.99959,-0.15747,-0.02445,-0.00390,0.98721,-0.15539,0.00038,-0.01768,0.98770,1.00,-0.15665,-0.05247,-0.00834,0.98622,-0.15516,-0.02766,-0.02218,0.98725,1.00
10336,350.00,0.00,0.00254,0.02234,-0.01746,0.99959,-0.15745,-0.02444,-0.00390,0.98722,-0.15539,0.00038,-0.01768,0.98770,1.00,-0.15663,-0.05247,-0.00833,0.98623,-0.15516,-0.02766,-0.02218,0.98725,1.00
10348,350.00,0.00,0.00256,0.02232,-0.01759,0.99959,-0.15746,-0.02446,-0.00390,0.98721,-0.15539,0.00036,-0.01782,0.98769,1.00,-0.15664,-0.05249,-0.00834,0.98623,-0.15516,-0.02768,-0.02232,0.98725,1.00
10359,350.00,0.00,0.00267,0.02237,-0.01781,0.99959,-0.15849,-0.02395,-0.00385,0.98706,-0.15631,0.00098,-0.01794,0.98755,1.00,-0.15766,-0.05199,-0.00831,0.98609,-0.15608,-0.02708,-0.02248,0.98712,1.00
10370,350.00,0.00,0.00281,0.02247,-0.01811,0.99958,-0.15862,-0.02415,-0.00388,0.98704,-0.15631,0.00093,-0.01826,0.98754,1.00,-0.15778,-0.05219,-0.00835,0.98606,-0.15607,-0.02713,-0.02281,0.98711,1.00
10381,350.00,0.00,0.00286,0.02253,-0.01814,0.99958,-0.15867,-0.02422,-0.00389,0.98703,-0.15631,0.00092,-0.01830,0.98754,1.00,-0.15782,-0.05226,-0.00836,0.98605,-0.15607,-0.02714,-0.02285,0.98711,1.00
10392,350.00,0.00,0.00286,0.02261,-0.01808,0.99958,-0.15925,-0.02488,-0.00401,0.98692,-0.15690,0.00033,-0.01833,0.98744,1.00,-0.15840,-0.05293,-0.00850,0.98592,-0.15666,-0.02773,-0.02290,0.98700,1.00
10403,350.00,0.00,0.00284,0.02269,-0.01791,0.99958,-0.15923,-0.02490,-0.00402,0.98692,-0.15690,0.00036,-0.01815,0.98745,1.00,-0.15839,-0.05295,-0.00851,0.98592,-0.15667,-0.02770,-0.02271,0.98700,1.00
10415,350.00,0.00,0.00288,0.02275,-0.01764,0.99958,-0.15928,-0.02488,-0.00401,0.98691,-0.15690,0.00041,-0.01787,0.98745,1.00,-0.15845,-0.05293,-0.00851,0.98591,-0.15667,-0.02766,-0.02244,0.98701,1.00
10425,350.00,0.00,0.00302,0.02282,-0.01752,0.99958,-0.15951,-0.02559,-0.00414,0.98686,-0.15700,-0.00025,-0.01786,0.98744,1.00,-0.15868,-0.05364,-0.00863,0.98583,-0.15677,-0.02831,-0.02244,0.98698,1.00
10437,350.00,0.00,0.00306,0.02288,-0.01756,0.99958,-0.15954,-0.02566,-0.00415,0.98685,-0.15700,-0.00026,-0.01791,0.98744,1.00,-0.15871,-0.05371,-0.00865,0.98583,-0.15676,-0.02832,-0.02249,0.98697,1.00
10448,350.00,0.00,0.00311,0.02291,-0.01766,0.99958,-0.15959,-0.02573,-0.00416,0.98684,-0.15700,-0.00027,-0.01801,0.98743,1.00,-0.15875,-0.05378,-0.00866,0.98582,-0.15676,-0.02834,-0.02260,0.98697,1.00
10459,350.00,0.00,0.00310,0.02286,-0.01760,0.99958,-0.16720,-0.02586,-0.00439,0.98557,-0.16464,-0.00036,-0.01799,0.98619,1.00,-0.16631,-0.05402,-0.00912,0.98455,-0.16435,-0.02853,-0.02282,0.98573,1.00
10470,350.00,0.00,0.00305,0.02283,-0.01750,0.99958,-0.16717,-0.02579,-0.00437,0.98558,-0.16464,-0.00034,-0.01788,0.98619,1.00,-0.16628,-0.05395,-0.00911,0.98456,-0.16435,-0.02851,-0.02271,0.98573,1.00
10481,350.00,0.00,0.00299,0.02272,-0.01738,0.99959,-0.16711,-0.02564,-0.00435,0.98560,-0.16464,-0.00032,-0.01775,0.98619,1.00,-0.16623,-0.05380,-0.00908,0.98458,-0.16436,-0.02849,-0.02257,0.98573,1.00
10492,350.00,0.00,0.00294,0.02267,-0.01731,0.99959,-0.16695,-0.02549,-0.00432,0.98563,-0.16452,-0.00024,-0.01766,0.98622,1.00,-0.16607,-0.05365,-0.00905,0.98461,-0.16424,-0.02841,-0.02248,0.98576,1.00
10503,350.00,0.00,0.00291,0.02253,-0.01731,0.99959,-0.16692,-0.02535,-0.00429,0.98564,-0.16452,-0.00024,-0.01767,0.98622,1.00,-0.16604,-0.05351,-0.00902,0.98462,-0.16424,-0.02841,-0.02248,0.98576,1.00
10515,350.00,0.00,0.00288,0.02241,-0.01739,0.99959,-0.16690,-0.02527,-0.00428,0.98564,-0.16452,-0.00025,-0.01774,0.98621,1.00,-0.16601,-0.05342,-0.00901,0.98463,-0.16424,-0.02842,-0.02256,0.98575,1.00
10526,350.00,0.00,0.00290,0.02232,-0.01746,0.99959,-0.16694,-0.02597,-0.00440,0.98561,-0.16457,-0.00103,-0.01795,0.98620,1.00,-0.16603,-0.05413,-0.00913,0.98459,-0.16426,-0.02920,-0.02276,0.98572,1.00
10537,350.00,0.00,0.00297,0.02225,-0.01746,0.99960,-0.16702,-0.02590,-0.00439,0.98560,-0.16457,-0.00104,-0.01796,0.98620,1.00,-0.16610,-0.05406,-0.00912,0.98458,-0.16426,-0.02920,-0.02278,0.98572,1.00
10548,350.00,0.00,0.00304,0.02219,-0.01749,0.99960,-0.16708,-0.02585,-0.00438,0.98559,-0.16457,-0.00104,-0.01799,0.98620,1.00,-0.16617,-0.05401,-0.00912,0.98457,-0.16426,-0.02921,-0.02280,0.98572,1.00
10559,350.00,0.00,0.00306,0.02212,-0.01747,0.99960,-0.16779,-0.02448,-0.00417,0.98551,-0.16523,0.00027,-0.01775,0.98610,1.00,-0.16691,-0.05266,-0.00893,0.98453,-0.16494,-0.02791,-0.02259,0.98565,1.00
10570,350.00,0.00,0.00304,0.02217,-0.01745,0.99960,-0.16777,-0.02452,-0.00417,0.98551,-0.16523,0.00028,-0.01772,0.98610,1.00,-0.16688,-0.05270,-0.00893,0.98453,-0.16495,-0.02791,-0.02257,0.98565,1.00
10582,350.00,0.00,0.00295,0.02218,-0.01738,0.99960,-0.16768,-0.02451,-0.00417,0.98553,-0.16523,0.00029,-0.01764,0.98610,1.00,-0.16680,-0.05268,-0.00892,0.98454,-0.16495,-0.02790,-0.02248,0.98565,1.00
10593,350.00,0.00,0.00289,0.02223,-0.01742,0.99960,-0.16908,-0.02544,-0.00437,0.98526,-0.16671,-0.00057,-0.01784,0.98584,1.00,-0.16818,-0.05363,-0.00916,0.98425,-0.16641,-0.02878,-0.02272,0.98538,1.00
10604,350.00,0.00,0.00287,0.02229,-0.01758,0.99959,-0.16906,-0.02556,-0.00439,0.98526,-0.16671,-0.00060,-0.01801,0.98584,1.00,-0.16815,-0.05375,-0.00918,0.98425,-0.16640,-0.02880,-0.02289,0.98537,1.00
10615,350.00,0.00,0.00276,0.02245,-0.01789,0.99958,-0.16894,-0.02582,-0.00443,0.98528,-0.16671,-0.00065,-0.01833,0.98584,1.00,-0.16800,-0.05400,-0.00922,0.98426,-0.16639,-0.02886,-0.02320,0.98536,1.00
10626,350.00,0.00,0.00270,0.02247,-0.01787,0.99958,-0.17038,-0.02588,-0.00448,0.98503,-0.16821,-0.00068,-0.01832,0.98558,1.00,-0.16944,-0.05409,-0.00931,0.98401,-0.16789,-0.02890,-0.02323,0.98511,1.00
10637,350.00,0.00,0.00263,0.02257,-0.01784,0.99958,-0.17031,-0.02597,-0.00449,0.98504,-0.16821,-0.00067,-0.01828,0.98558,1.00,-0.16937,-0.05418,-0.00933,0.98402,-0.16789,-0.02890,-0.02319,0.98511,1.00
10648,350.00,0.00,0.00258,0.02269,-0.01778,0.99958,-0.17026,-0.02606,-0.00450,0.98504,-0.16821,-0.00066,-0.01822,0.98558,1.00,-0.16933,-0.05427,-0.00934,0.98402,-0.16789,-0.02889,-0.02313,0.98511,1.00
10659,350.00,0.00,0.00256,0.02278,-0.01768,0.99958,-0.17039,-0.02637,-0.00456,0.98501,-0.16837,-0.00090,-0.01816,0.98556,1.00,-0.16947,-0.05458,-0.00940,0.98398,-0.16806,-0.02912,-0.02307,0.98508,1.00
10671,350.00,0.00,0.00253,0.02291,-0.01769,0.99958,-0.17036,-0.02650,-0.00458,0.98502,-0.16837,-0.00090,-0.01818,0.98556,1.00,-0.16943,-0.05471,-0.00942,0.98398,-0.16806,-0.02912,-0.02308,0.98508,1.00
10682,350.00,0.00,0.00255,0.02300,-0.01771,0.99958,-0.17038,-0.02660,-0.00460,0.98501,-0.16837,-0.00090,-0.01820,0.98556,1.00,-0.16945,-0.05481,-0.00944,0.98397,-0.16805,-0.02913,-0.02311,0.98508,1.00
10693,350.00,0.00,0.00260,0.02303,-0.01778,0.99957,-0.16696,-0.02720,-0.00461,0.98558,-0.16492,-0.00150,-0.01835,0.98614,1.00,-0.16603,-0.05535,-0.00933,0.98452,-0.16460,-0.02967,-0.02315,0.98564,1.00
10704,350.00,0.00,0.00272,0.02304,-0.01779,0.99957,-0.16708,-0.02721,-0.00461,0.98556,-0.16492,-0.00151,-0.01837,0.98614,1.00,-0.16614,-0.05537,-0.00934,0.98450,-0.16460,-0.02968,-0.02318,0.98564,1.00
10715,350.00,0.00,0.00279,0.02301,-0.01781,0.99957,-0.16715,-0.02719,-0.00461,0.98555,-0.16492,-0.00151,-0.01839,0.98614,1.00,-0.16621,-0.05534,-0.00934,0.98449,-0.16460,-0.02968,-0.02321,0.98564,1.00
10726,350.00,0.00,0.00280,0.02303,-0.01783,0.99957,-0.16614,-0.02611,-0.00440,0.98575,-0.16388,-0.00043,-0.01822,0.98631,1.00,-0.16523,-0.05426,-0.00910,0.98472,-0.16359,-0.02859,-0.02301,0.98585,1.00
10737,350.00,0.00,0.00285,0.02303,-0.01787,0.99957,-0.16619,-0.02614,-0.00441,0.98574,-0.16388,-0.00044,-0.01827,0.98631,1.00,-0.16528,-0.05428,-0.00911,0.98471,-0.16358,-0.02860,-0.02306,0.98585,1.00
10749,350.00,0.00,0.00291,0.02304,-0.01789,0.99957,-0.16625,-0.02615,-0.00441,0.98573,-0.16388,-0.00044,-0.01829,0.98631,1.00,-0.16534,-0.05430,-0.00912,0.98470,-0.16358,-0.02860,-0.02307,0.98584,1.00
10760,350.00,0.00,0.00308,0.02307,-0.01797,0.99957,-0.16631,-0.02621,-0.00442,0.98572,-0.16377,-0.00045,-0.01838,0.98633,1.00,-0.16539,-0.05435,-0.00913,0.98469,-0.16348,-0.02861,-0.02317,0.98586,1.00
10771,350.00,0.00,0.00321,0.02308,-0.01799,0.99957,-0.16644,-0.02622,-0.00443,0.98569,-0.16377,-0.00045,-0.01840,0.98633,1.00,-0.16552,-0.05436,-0.00914,0.98466,-0.16348,-0.02861,-0.02320,0.98586,1.00
10782,350.00,0.00,0.00333,0.02307,-0.01800,0.99957,-0.16656,-0.02622,-0.00443,0.98567,-0.16377,-0.00045,-0.01841,0.98633,1.00,-0.16564,-0.05437,-0.00915,0.98464,-0.16348,-0.02862,-0.02322,0.98586,1.00
10793,350.00,0.00,0.00342,0.02303,-0.01803,0.99957,-0.16709,-0.02612,-0.00443,0.98558,-0.16422,-0.00038,-0.01844,0.98625,1.00,-0.16618,-0.05428,-0.00916,0.98456,-0.16393,-0.02855,-0.02327,0.98578,1.00
10804,350.00,0.00,0.00348,0.02304,-0.01798,0.99957,-0.16716,-0.02611,-0.00443,0.98557,-0.16422,-0.00038,-0.01839,0.98625,1.00,-0.16624,-0.05427,-0.00916,0.98455,-0.16393,-0.02855,-0.02323,0.98579,1.00
10816,350.00,0.00,0.00351,0.02302,-0.01795,0.99957,-0.16718,-0.02609,-0.00443,0.98557,-0.16422,-0.00037,-0.01835,0.98625,1.00,-0.16627,-0.05425,-0.00916,0.98454,-0.16393,-0.02854,-0.02319,0.98579,1.00
10826,350.00,0.00,0.00351,0.02298,-0.01789,0.99957,-0.16690,-0.02599,-0.00440,0.98562,-0.16394,-0.00033,-0.01829,0.98630,1.00,-0.16600,-0.05414,-0.00913,0.98460,-0.16365,-0.02849,-0.02311,0.98584,1.00
10838,350.00,0.00,0.00349,0.02300,-0.01792,0.99957,-0.16688,-0.02602,-0.00441,0.98562,-0.16394,-0.00033,-0.01832,0.98630,1.00,-0.16597,-0.05417,-0.00913,0.98460,-0.16365,-0.02850,-0.02314,0.98584,1.00
10849,350.00,0.00,0.00346,0.02300,-0.01796,0.99957,-0.16685,-0.02603,-0.00441,0.98563,-0.16394,-0.00034,-0.01836,0.98630,1.00,-0.16594,-0.05418,-0.00913,0.98460,-0.16365,-0.02850,-0.02318,0.98583,1.00
10860,350.00,0.00,0.00347,0.02297,-0.01799,0.99957,-0.17128,-0.02136,-0.00371,0.98498,-0.16826,0.00437,-0.01757,0.98558,1.00,-0.17046,-0.04961,-0.00859,0.98408,-0.16806,-0.02388,-0.02254,0.98523,1.00
10871,350.00,0.00,0.00353,0.02295,-0.01798,0.99957,-0.17134,-0.02134,-0.00371,0.98497,-0.16826,0.00437,-0.01756,0.98558,1.00,-0.17051,-0.04958,-0.00859,0.98407,-0.16806,-0.02388,-0.02254,0.98523,1.00
10882,350.00,0.00,0.00359,0.02291,-0.01796,0.99957,-0.17140,-0.02129,-0.00371,0.98496,-0.16826,0.00437,-0.01754,0.98558,1.00,-0.17057,-0.04954,-0.00859,0.98406,-0.16806,-0.02388,-0.02252,0.98523,1.00
10893,350.00,0.00,0.00363,0.02287,-0.01796,0.99957,-0.16822,-0.02121,-0.00362,0.98552,-0.16503,0.00437,-0.01755,0.98612,1.00,-0.16741,-0.04941,-0.00840,0.98461,-0.16484,-0.02383,-0.02243,0.98578,1.00
10904,350.00,0.00,0.00367,0.02280,-0.01791,0.99957,-0.16826,-0.02112,-0.00361,0.98551,-0.16503,0.00438,-0.01749,0.98612,1.00,-0.16746,-0.04932,-0.00839,0.98461,-0.16484,-0.02383,-0.02238,0.98578,1.00
10916,350.00,0.00,0.00365,0.02276,-0.01789,0.99957,-0.16823,-0.02108,-0.00360,0.98552,-0.16503,0.00438,-0.01747,0.98612,1.00,-0.16743,-0.04928,-0.00838,0.98462,-0.16484,-0.02382,-0.02236,0.98578,1.00
10927,350.00,0.00,0.00362,0.02274,-0.01784,0.99958,-0.16810,-0.02101,-0.00358,0.98554,-0.16492,0.00442,-0.01742,0.98614,1.00,-0.16731,-0.04921,-0.00836,0.98464,-0.16474,-0.02379,-0.02230,0.98580,1.00
10938,350.00,0.00,0.00360,0.02272,-0.01781,0.99958,-0.16809,-0.02099,-0.00358,0.98554,-0.16492,0.00442,-0.01739,0.98614,1.00,-0.16729,-0.04919,-0.00836,0.98464,-0.16474,-0.02378,-0.02227,0.98580,1.00
10949,350.00,0.00,0.00358,0.02272,-0.01779,0.99958,-0.16807,-0.02098,-0.00358,0.98555,-0.16492,0.00443,-0.01737,0.98614,1.00,-0.16727,-0.04918,-0.00835,0.98465,-0.16474,-0.02378,-0.02224,0.98580,1.00
10960,350.00,0.00,0.00364,0.02271,-0.01780,0.99958,-0.16808,-0.02128,-0.00363,0.98554,-0.16488,0.00411,-0.01743,0.98615,1.00,-0.16728,-0.04948,-0.00841,0.98463,-0.16469,-0.02409,-0.02231,0.98580,1.00
10971,350.00,0.00,0.00367,0.02268,-0.01774,0.99958,-0.16811,-0.02124,-0.00362,0.98553,-0.16488,0.00412,-0.01737,0.98615,1.00,-0.16731,-0.04943,-0.00840,0.98463,-0.16470,-0.02408,-0.02225,0.98580,1.00
10982,350.00,0.00,0.00373,0.02263,-0.01769,0.99958,-0.16818,-0.02117,-0.00361,0.98552,-0.16488,0.00413,-0.01732,0.98615,1.00,-0.16738,-0.04937,-0.00839,0.98462,-0.16470,-0.02408,-0.02221,0.98580,1.00
10993,350.00,0.00,0.00381,0.02261,-0.01769,0.99958,-0.16948,-0.02104,-0.00362,0.98530,-0.16611,0.00425,-0.01730,0.98595,1.00,-0.16868,-0.04926,-0.00844,0.98440,-0.16592,-0.02397,-0.02223,0.98560,1.00
11004,350.00,0.00,0.00379,0.02252,-0.01767,0.99958,-0.16946,-0.02095,-0.00360,0.98531,-0.16611,0.00426,-0.01727,0.98595,1.00,-0.16866,-0.04917,-0.00842,0.98441,-0.16592,-0.02397,-0.02220,0.98560,1.00
11016,350.00,0.00,0.00381,0.02245,-0.01773,0.99958,-0.16948,-0.02091,-0.00360,0.98531,-0.16611,0.00424,-0.01734,0.98595,1.00,-0.16867,-0.04913,-0.00842,0.98441,-0.16592,-0.02398,-0.02227,0.98560,1.00
11027,350.00,0.00,0.00371,0.02244,-0.01781,0.99958,-0.16961,-0.02125,-0.00366,0.98527,-0.16635,0.00390,-0.01747,0.98590,1.00,-0.16879,-0.04947,-0.00848,0.98437,-0.16614,-0.02432,-0.02240,0.98555,1.00
11038,350.00,0.00,0.00354,0.02249,-0.01796,0.99958,-0.16944,-0.02134,-0.00367,0.98530,-0.16635,0.00388,-0.01763,0.98590,1.00,-0.16862,-0.04956,-0.00849,0.98440,-0.16614,-0.02435,-0.02255,0.98554,1.00
11049,350.00,0.00,0.00345,0.02255,-0.01807,0.99958,-0.16935,-0.02144,-0.00368,0.98532,-0.16635,0.00386,-0.01775,0.98590,1.00,-0.16852,-0.04966,-0.00850,0.98441,-0.16614,-0.02437,-0.02266,0.98554,1.00
11060,350.00,0.00,0.00346,0.02274,-0.01839,0.99957,-0.17009,-0.02902,-0.00501,0.98499,-0.16726,-0.00347,-0.01936,0.98572,1.00,-0.16907,-0.05721,-0.00983,0.98389,-0.16687,-0.03167,-0.02427,0.98517,1.00
11071,350.00,0.00,0.00352,0.02288,-0.01863,0.99956,-0.17014,-0.02924,-0.00505,0.98497,-0.16726,-0.00351,-0.01960,0.98571,1.00,-0.16911,-0.05743,-0.00987,0.98387,-0.16686,-0.03171,-0.02452,0.98516,1.00
11082,350.00,0.00,0.00356,0.02307,-0.01884,0.99955,-0.17017,-0.02951,-0.00510,0.98496,-0.16726,-0.00355,-0.01983,0.98571,1.00,-0.16912,-0.05770,-0.00992,0.98385,-0.16686,-0.03175,-0.02475,0.98516,1.00
11094,350.00,0.00,0.00363,0.02328,-0.01887,0.99954,-0.17184,-0.03022,-0.00527,0.98465,-0.16888,-0.00402,-0.01996,0.98543,1.00,-0.17078,-0.05843,-0.01015,0.98352,-0.16847,-0.03224,-0.02494,0.98486,1.00
11105,350.00,0.00,0.00371,0.02336,-0.01876,0.99954,-0.17192,-0.03026,-0.00528,0.98463,-0.16888,-0.00400,-0.01985,0.98543,1.00,-0.17087,-0.05847,-0.01016,0.98350,-0.16847,-0.03222,-0.02483,0.98487,1.00
11116,350.00,0.00,0.00374,0.02351,-0.01859,0.99954,-0.17195,-0.03035,-0.00530,0.98462,-0.16888,-0.00397,-0.01968,0.98543,1.00,-0.17091,-0.05856,-0.01018,0.98349,-0.16848,-0.03220,-0.02466,0.98487,1.00
11127,350.00,0.00,0.00378,0.02357,-0.01843,0.99955,-0.17200,-0.02922,-0.00510,0.98465,-0.16886,-0.00280,-0.01931,0.98545,1.00,-0.17101,-0.05743,-0.00999,0.98354,-0.16851,-0.03103,-0.02430,0.98491,1.00
11138,350.00,0.00,0.00383,0.02362,-0.01840,0.99954,-0.17205,-0.02925,-0.00511,0.98464,-0.16886,-0.00280,-0.01928,0.98545,1.00,-0.17106,-0.05747,-0.01000,0.98353,-0.16851,-0.03103,-0.02427,0.98491,1.00
11149,350.00,0.00,0.00387,0.02365,-0.01843,0.99954,-0.17209,-0.02929,-0.00512,0.98463,-0.16886,-0.00280,-0.01931,0.98545,1.00,-0.17110,-0.05751,-0.01001,0.98352,-0.16851,-0.03103,-0.02430,0.98491,1.00
11160,350.00,0.00,0.00384,0.02360,-0.01851,0.99954,-0.17366,-0.02957,-0.00522,0.98435,-0.17048,-0.00310,-0.01945,0.98517,1.00,-0.17264,-0.05781,-0.01015,0.98323,-0.17010,-0.03135,-0.02449,0.98462,1.00
11171,350.00,0.00,0.00380,0.02347,-0.01852,0.99955,-0.17363,-0.02945,-0.00519,0.98436,-0.17048,-0.00310,-0.01945,0.98516,1.00,-0.17261,-0.05769,-0.01013,0.98325,-0.17010,-0.03135,-0.02450,0.98462,1.00
11183,350.00,0.00,0.00366,0.02328,-0.01847,0.99955,-0.17334,-0.02927,-0.00515,0.98441,-0.17032,-0.00312,-0.01941,0.98519,1.00,-0.17232,-0.05750,-0.01008,0.98331,-0.16994,-0.03137,-0.02444,0.98465,1.00
11194,350.00,0.00,0.00339,0.02298,-0.01837,0.99956,-0.17308,-0.02894,-0.00509,0.98447,-0.17032,-0.00310,-0.01929,0.98520,1.00,-0.17207,-0.05717,-0.01000,0.98337,-0.16994,-0.03134,-0.02431,0.98466,1.00
11205,350.00,0.00,0.00320,0.02278,-0.01836,0.99957,-0.17290,-0.02873,-0.00505,0.98451,-0.17032,-0.00310,-0.01927,0.98520,1.00,-0.17189,-0.05696,-0.00996,0.98342,-0.16995,-0.03134,-0.02428,0.98466,1.00
11216,350.00,0.00,0.00307,0.02255,-0.01843,0.99957,-0.17277,-0.02852,-0.00500,0.98454,-0.17032,-0.00311,-0.01934,0.98519,1.00,-0.17176,-0.05674,-0.00991,0.98345,-0.16994,-0.03135,-0.02434,0.98465,1.00
11227,350.00,0.00,0.00303,0.02231,-0.01850,0.99958,-0.17293,-0.02861,-0.00503,0.98451,-0.17052,-0.00342,-0.01947,0.98516,1.00,-0.17191,-0.05684,-0.00994,0.98342,-0.17013,-0.03167,-0.02447,0.98461,1.00
11238,350.00,0.00,0.00301,0.02213,-0.01866,0.99958,-0.17291,-0.02849,-0.00500,0.98451,-0.17052,-0.00345,-0.01964,0.98515,1.00,-0.17188,-0.05672,-0.00991,0.98343,-0.17013,-0.03169,-0.02463,0.98460,1.00
11249,350.00,0.00,0.00308,0.02196,-0.01874,0.99958,-0.17067,-0.02810,-0.00487,0.98492,-0.16820,-0.00325,-0.01967,0.98555,1.00,-0.16967,-0.05630,-0.00971,0.98384,-0.16784,-0.03146,-0.02459,0.98501,1.00
11261,350.00,0.00,0.00305,0.02174,-0.01866,0.99958,-0.17065,-0.02786,-0.00483,0.98493,-0.16820,-0.00324,-0.01958,0.98555,1.00,-0.16966,-0.05605,-0.00967,0.98386,-0.16784,-0.03145,-0.02451,0.98501,1.00
11272,350.00,0.00,0.00300,0.02155,-0.01858,0.99959,-0.17061,-0.02764,-0.00479,0.98494,-0.16820,-0.00322,-0.01949,0.98556,1.00,-0.16962,-0.05583,-0.00963,0.98388,-0.16784,-0.03143,-0.02441,0.98501,1.00
11283,350.00,0.00,0.00295,0.02144,-0.01857,0.99959,-0.17056,-0.02753,-0.00477,0.98495,-0.16820,-0.00322,-0.01948,0.98556,1.00,-0.16958,-0.05573,-0.00960,0.98389,-0.16784,-0.03143,-0.02440,0.98501,1.00
11294,350.00,0.00,0.00299,0.02131,-0.01866,0.99959,-0.17077,-0.02533,-0.00439,0.98498,-0.16833,-0.00113,-0.01921,0.98554,1.00,-0.16984,-0.05354,-0.00924,0.98397,-0.16803,-0.02935,-0.02414,0.98505,1.00
11305,350.00,0.00,0.00300,0.02128,-0.01891,0.99959,-0.17078,-0.02538,-0.00440,0.98497,-0.16833,-0.00117,-0.01946,0.98554,1.00,-0.16984,-0.05359,-0.00925,0.98397,-0.16802,-0.02940,-0.02440,0.98504,1.00
11316,350.00,0.00,0.00292,0.02130,-0.01906,0.99959,-0.17073,-0.02723,-0.00472,0.98493,-0.16840,-0.00297,-0.01993,0.98551,1.00,-0.16975,-0.05543,-0.00956,0.98388,-0.16807,-0.03119,-0.02486,0.98497,1.00
11326,350.00,0.00,0.00276,0.02130,-0.01906,0.99959,-0.17058,-0.02723,-0.00472,0.98496,-0.16840,-0.00297,-0.01993,0.98551,1.00,-0.16960,-0.05544,-0.00956,0.98391,-0.16807,-0.03119,-0.02484,0.98497,1.00
11337,350.00,0.00,0.00271,0.02133,-0.01901,0.99959,-0.17052,-0.02724,-0.00472,0.98497,-0.16840,-0.00296,-0.01988,0.98551,1.00,-0.16955,-0.05544,-0.00955,0.98392,-0.16807,-0.03118,-0.02479,0.98497,1.00
11347,350.00,0.00,0.00263,0.02147,-0.01885,0.99959,-0.17045,-0.02732,-0.00473,0.98498,-0.16840,-0.00293,-0.01970,0.98552,1.00,-0.16948,-0.05552,-0.00956,0.98392,-0.16807,-0.03115,-0.02461,0.98497,1.00
11358,350.00,0.00,0.00260,0.02164,-0.01873,0.99959,-0.16987,-0.02757,-0.00475,0.98507,-0.16786,-0.00304,-0.01960,0.98561,1.00,-0.16892,-0.05576,-0.00957,0.98400,-0.16754,-0.03125,-0.02449,0.98507,1.00
11368,350.00,0.00,0.00264,0.02180,-0.01867,0.99958,-0.16991,-0.02771,-0.00478,0.98506,-0.16786,-0.00303,-0.01954,0.98561,1.00,-0.16896,-0.05590,-0.00960,0.98399,-0.16754,-0.03124,-0.02443,0.98507,1.00
11380,350.00,0.00,0.00271,0.02196,-0.01870,0.99958,-0.16997,-0.02787,-0.00481,0.98504,-0.16786,-0.00303,-0.01957,0.98561,1.00,-0.16902,-0.05607,-0.00963,0.98397,-0.16754,-0.03124,-0.02447,0.98507,1.00
11390,350.00,0.00,0.00276,0.02207,-0.01874,0.99958,-0.17018,-0.02787,-0.00482,0.98501,-0.16801,-0.00292,-0.01960,0.98559,1.00,-0.16922,-0.05607,-0.00964,0.98393,-0.16769,-0.03113,-0.02450,0.98504,1.00
11401,350.00,0.00,0.00285,0.02216,-0.01881,0.99957,-0.17025,-0.02799,-0.00484,0.98499,-0.16801,-0.00293,-0.01967,0.98558,1.00,-0.16929,-0.05618,-0.00967,0.98392,-0.16769,-0.03115,-0.02458,0.98504,1.00
11413,350.00,0.00,0.00297,0.02215,-0.01881,0.99957,-0.17037,-0.02798,-0.00484,0.98497,-0.16801,-0.00293,-0.01968,0.98558,1.00,-0.16941,-0.05618,-0.00967,0.98390,-0.16769,-0.03115,-0.02460,0.98504,1.00
11424,350.00,0.00,0.00304,0.02213,-0.01879,0.99957,-0.17098,-0.02709,-0.00470,0.98489,-0.16853,-0.00206,-0.01951,0.98550,1.00,-0.17003,-0.05530,-0.00956,0.98384,-0.16822,-0.03028,-0.02445,0.98498,1.00
11435,350.00,0.00,0.00312,0.02209,-0.01874,0.99958,-0.17106,-0.02703,-0.00469,0.98488,-0.16853,-0.00205,-0.01945,0.98550,1.00,-0.17011,-0.05524,-0.00955,0.98383,-0.16822,-0.03027,-0.02440,0.98498,1.00
11447,350.00,0.00,0.00317,0.02200,-0.01873,0.99958,-0.17111,-0.02694,-0.00468,0.98487,-0.16853,-0.00205,-0.01945,0.98550,1.00,-0.17016,-0.05516,-0.00954,0.98383,-0.16822,-0.03027,-0.02439,0.98498,1.00
11458,350.00,0.00,0.00326,0.02193,-0.01888,0.99958,-0.17104,-0.02679,-0.00465,0.98489,-0.16837,-0.00194,-0.01959,0.98553,1.00,-0.17009,-0.05500,-0.00951,0.98385,-0.16806,-0.03017,-0.02453,0.98501,1.00
11469,350.00,0.00,0.00334,0.02188,-0.01898,0.99957,-0.17112,-0.02678,-0.00465,0.98487,-0.16837,-0.00196,-0.01969,0.98553,1.00,-0.17016,-0.05499,-0.00951,0.98383,-0.16805,-0.03018,-0.02464,0.98501,1.00
11480,350.00,0.00,0.00347,0.02184,-0.01907,0.99957,-0.17125,-0.02677,-0.00466,0.98485,-0.16837,-0.00197,-0.01978,0.98552,1.00,-0.17028,-0.05499,-0.00952,0.98381,-0.16805,-0.03020,-0.02474,0.98501,1.00
11491,350.00,0.00,0.00361,0.02180,-0.01908,0.99957,-0.17195,-0.02679,-0.00468,0.98473,-0.16893,-0.00201,-0.01981,0.98543,1.00,-0.17098,-0.05501,-0.00956,0.98369,-0.16862,-0.03025,-0.02480,0.98491,1.00
11502,350.00,0.00,0.00360,0.02179,-0.01911,0.99957,-0.17194,-0.02678,-0.00468,0.98473,-0.16893,-0.00201,-0.01984,0.98543,1.00,-0.17097,-0.05501,-0.00956,0.98369,-0.16862,-0.03025,-0.02483,0.98490,1.00
11514,350.00,0.00,0.00359,0.02178,-0.01918,0.99957,-0.17192,-0.02680,-0.00468,0.98473,-0.16893,-0.00203,-0.01992,0.98542,1.00,-0.17095,-0.05503,-0.00956,0.98369,-0.16861,-0.03026,-0.02490,0.98490,1.00
11525,350.00,0.00,0.00364,0.02180,-0.01919,0.99957,-0.17239,-0.02857,-0.00500,0.98460,-0.16940,-0.00377,-0.02024,0.98533,1.00,-0.17139,-0.05680,-0.00990,0.98352,-0.16904,-0.03201,-0.02524,0.98477,1.00
11536,350.00,0.00,0.00369,0.02185,-0.01920,0.99957,-0.17244,-0.02862,-0.00501,0.98459,-0.16940,-0.00377,-0.02026,0.98533,1.00,-0.17143,-0.05685,-0.00991,0.98350,-0.16904,-0.03201,-0.02526,0.98477,1.00
11547,350.00,0.00,0.00378,0.02191,-0.01919,0.99957,-0.17254,-0.02869,-0.00503,0.98457,-0.16940,-0.00377,-0.02025,0.98533,1.00,-0.17153,-0.05692,-0.00993,0.98348,-0.16904,-0.03201,-0.02526,0.98477,1.00
11558,350.00,0.00,0.00386,0.02198,-0.01916,0.99957,-0.17246,-0.02784,-0.00488,0.98461,-0.16923,-0.00287,-0.02006,0.98537,1.00,-0.17148,-0.05607,-0.00978,0.98354,-0.16891,-0.03111,-0.02506,0.98482,1.00
11569,350.00,0.00,0.00395,0.02206,-0.01912,0.99957,-0.17255,-0.02791,-0.00489,0.98459,-0.16923,-0.00286,-0.02002,0.98537,1.00,-0.17157,-0.05614,-0.00979,0.98352,-0.16891,-0.03110,-0.02503,0.98482,1.00
11581,350.00,0.00,0.00402,0.02211,-0.01908,0.99957,-0.17263,-0.02795,-0.00490,0.98458,-0.16923,-0.00285,-0.01998,0.98537,1.00,-0.17165,-0.05618,-0.00981,0.98351,-0.16891,-0.03110,-0.02500,0.98482,1.00
11591,350.00,0.00,0.00411,0.02215,-0.01907,0.99956,-0.17252,-0.02788,-0.00489,0.98460,-0.16904,-0.00275,-0.01996,0.98540,1.00,-0.17155,-0.05611,-0.00979,0.98353,-0.16872,-0.03099,-0.02497,0.98486,1.00
11602,350.00,0.00,0.00413,0.02216,-0.01903,0.99956,-0.17255,-0.02787,-0.00488,0.98460,-0.16904,-0.00274,-0.01991,0.98540,1.00,-0.17157,-0.05610,-0.00979,0.98352,-0.16872,-0.03098,-0.02493,0.98486,1.00
11614,350.00,0.00,0.00421,0.02214,-0.01909,0.99956,-0.17262,-0.02787,-0.00489,0.98458,-0.16904,-0.00275,-0.01997,0.98540,1.00,-0.17165,-0.05611,-0.00979,0.98351,-0.16872,-0.03099,-0.02499,0.98486,1.00
11625,350.00,0.00,0.00426,0.02208,-0.01916,0.99956,-0.17398,-0.02775,-0.00490,0.98435,-0.17035,-0.00265,-0.02004,0.98518,1.00,-0.17299,-0.05601,-0.00985,0.98328,-0.17002,-0.03091,-0.02511,0.98464,1.00
11636,350.00,0.00,0.00431,0.02200,-0.01925,0.99956,-0.17403,-0.02770,-0.00490,0.98434,-0.17035,-0.00267,-0.02014,0.98517,1.00,-0.17303,-0.05596,-0.00985,0.98328,-0.17001,-0.03093,-0.02521,0.98463,1.00
11648,350.00,0.00,0.00436,0.02188,-0.01930,0.99956,-0.17408,-0.02761,-0.00488,0.98433,-0.17035,-0.00268,-0.02019,0.98517,1.00,-0.17308,-0.05586,-0.00983,0.98327,-0.17001,-0.03094,-0.02526,0.98463,1.00
11659,350.00,0.00,0.00435,0.02182,-0.01934,0.99957,-0.17387,-0.02812,-0.00497,0.98436,-0.17016,-0.00324,-0.02033,0.98520,1.00,-0.17286,-0.05637,-0.00991,0.98328,-0.16981,-0.03150,-0.02540,0.98465,1.00
11670,350.00,0.00,0.00433,0.02175,-0.01943,0.99957,-0.17384,-0.02808,-0.00496,0.98436,-0.17016,-0.00326,-0.02042,0.98520,1.00,-0.17283,-0.05633,-0.00990,0.98329,-0.16981,-0.03152,-0.02548,0.98464,1.00
11681,350.00,0.00,0.00432,0.02170,-0.01940,0.99957,-0.17384,-0.02802,-0.00495,0.98436,-0.17016,-0.00325,-0.02039,0.98520,1.00,-0.17283,-0.05627,-0.00989,0.98329,-0.16981,-0.03151,-0.02546,0.98464,1.00
11692,350.00,0.00,0.00431,0.02166,-0.01928,0.99957,-0.17373,-0.02804,-0.00495,0.98438,-0.17006,-0.00333,-0.02028,0.98522,1.00,-0.17273,-0.05628,-0.00989,0.98331,-0.16972,-0.03159,-0.02534,0.98466,1.00
11703,350.00,0.00,0.00432,0.02166,-0.01924,0.99957,-0.17374,-0.02802,-0.00494,0.98438,-0.17006,-0.00332,-0.02024,0.98522,1.00,-0.17274,-0.05626,-0.00988,0.98331,-0.16972,-0.03158,-0.02530,0.98466,1.00
11715,350.00,0.00,0.00427,0.02164,-0.01928,0.99957,-0.17368,-0.02801,-0.00494,0.98439,-0.17006,-0.00333,-0.02028,0.98522,1.00,-0.17269,-0.05626,-0.00988,0.98332,-0.16972,-0.03159,-0.02534,0.98466,1.00
11726,350.00,0.00,0.00419,0.02159,-0.01936,0.99957,-0.17239,-0.02788,-0.00488,0.98462,-0.16884,-0.00325,-0.02034,0.98543,1.00,-0.17140,-0.05611,-0.00978,0.98355,-0.16851,-0.03149,-0.02535,0.98487,1.00
11737,350.00,0.00,0.00412,0.02162,-0.01946,0.99957,-0.17232,-0.02794,-0.00489,0.98463,-0.16884,-0.00327,-0.02043,0.98543,1.00,-0.17133,-0.05617,-0.00978,0.98356,-0.16851,-0.03150,-0.02544,0.98487,1.00
11748,350.00,0.00,0.00413,0.02166,-0.01963,0.99956,-0.17233,-0.02805,-0.00491,0.98463,-0.16884,-0.00330,-0.02062,0.98542,1.00,-0.17133,-0.05627,-0.00980,0.98356,-0.16850,-0.03154,-0.02563,0.98486,1.00
11759,350.00,0.00,0.00407,0.02171,-0.01980,0.99956,-0.17302,-0.02575,-0.00452,0.98457,-0.16954,-0.00092,-0.02036,0.98531,1.00,-0.17206,-0.05400,-0.00945,0.98356,-0.16925,-0.02918,-0.02540,0.98481,1.00
11770,350.00,0.00,0.00402,0.02176,-0.01982,0.99956,-0.17296,-0.02581,-0.00453,0.98458,-0.16954,-0.00092,-0.02038,0.98531,1.00,-0.17201,-0.05406,-0.00945,0.98357,-0.16925,-0.02918,-0.02542,0.98481,1.00
11781,350.00,0.00,0.00396,0.02184,-0.01978,0.99956,-0.17290,-0.02587,-0.00454,0.98459,-0.16954,-0.00092,-0.02034,0.98531,1.00,-0.17195,-0.05412,-0.00946,0.98357,-0.16925,-0.02917,-0.02537,0.98481,1.00
11792,350.00,0.00,0.00393,0.02189,-0.01967,0.99956,-0.17289,-0.02575,-0.00452,0.98459,-0.16955,-0.00077,-0.02020,0.98531,1.00,-0.17196,-0.05400,-0.00944,0.98358,-0.16928,-0.02903,-0.02523,0.98482,1.00
11803,350.00,0.00,0.00391,0.02193,-0.01953,0.99956,-0.17287,-0.02574,-0.00452,0.98460,-0.16955,-0.00074,-0.02005,0.98532,1.00,-0.17195,-0.05399,-0.00944,0.98358,-0.16929,-0.02900,-0.02508,0.98482,1.00
11815,350.00,0.00,0.00386,0.02199,-0.01938,0.99956,-0.17283,-0.02575,-0.00452,0.98460,-0.16955,-0.00072,-0.01990,0.98532,1.00,-0.17191,-0.05399,-0.00944,0.98359,-0.16929,-0.02897,-0.02492,0.98482,1.00
11826,350.00,0.00,0.00377,0.02200,-0.01927,0.99957,-0.17297,-0.02561,-0.00450,0.98458,-0.16977,-0.00059,-0.01977,0.98528,1.00,-0.17206,-0.05387,-0.00942,0.98357,-0.16952,-0.02885,-0.02479,0.98479,1.00
11837,350.00,0.00,0.00371,0.02201,-0.01924,0.99957,-0.17291,-0.02561,-0.00450,0.98459,-0.16977,-0.00059,-0.01973,0.98529,1.00,-0.17200,-0.05386,-0.00942,0.98358,-0.16952,-0.02884,-0.02476,0.98479,1.00
11848,350.00,0.00,0.00364,0.02201,-0.01925,0.99957,-0.17284,-0.02561,-0.00450,0.98461,-0.16977,-0.00059,-0.01974,0.98529,1.00,-0.17194,-0.05386,-0.00942,0.98359,-0.16952,-0.02885,-0.02476,0.98479,1.00
11859,350.00,0.00,0.00352,0.02199,-0.01931,0.99957,-0.17271,-0.02733,-0.00479,0.98458,-0.16980,-0.00231,-0.02010,0.98527,1.00,-0.17174,-0.05556,-0.00970,0.98353,-0.16949,-0.03056,-0.02511,0.98474,1.00
11871,350.00,0.00,0.00341,0.02189,-0.01929,0.99957,-0.17260,-0.02722,-0.00477,0.98460,-0.16980,-0.00231,-0.02008,0.98527,1.00,-0.17164,-0.05545,-0.00968,0.98355,-0.16949,-0.03056,-0.02508,0.98474,1.00
11882,350.00,0.00,0.00327,0.02181,-0.01926,0.99957,-0.17247,-0.02713,-0.00475,0.98463,-0.16980,-0.00230,-0.02004,0.98527,1.00,-0.17151,-0.05537,-0.00965,0.98358,-0.16950,-0.03055,-0.02503,0.98474,1.00
11893,350.00,0.00,0.00320,0.02179,-0.01924,0.99957,-0.17079,-0.02730,-0.00473,0.98492,-0.16819,-0.00252,-0.02005,0.98555,1.00,-0.16984,-0.05550,-0.00958,0.98386,-0.16789,-0.03074,-0.02499,0.98501,1.00
11904,350.00,0.00,0.00316,0.02174,-0.01929,0.99957,-0.17076,-0.02727,-0.00473,0.98492,-0.16819,-0.00253,-0.02010,0.98555,1.00,-0.16980,-0.05547,-0.00957,0.98387,-0.16789,-0.03075,-0.02503,0.98501,1.00
11915,350.00,0.00,0.00320,0.02176,-0.01939,0.99957,-0.17079,-0.02732,-0.00474,0.98492,-0.16819,-0.00255,-0.02021,0.98554,1.00,-0.16982,-0.05553,-0.00958,0.98386,-0.16789,-0.03077,-0.02514,0.98501,1.00
11926,350.00,0.00,0.00323,0.02182,-0.01947,0.99957,-0.17068,-0.02752,-0.00477,0.98493,-0.16807,-0.00268,-0.02031,0.98556,1.00,-0.16971,-0.05573,-0.00961,0.98387,-0.16775,-0.03090,-0.02524,0.98502,1.00
11937,350.00,0.00,0.00321,0.02188,-0.01947,0.99957,-0.17066,-0.02758,-0.00478,0.98493,-0.16807,-0.00268,-0.02030,0.98556,1.00,-0.16969,-0.05579,-0.00962,0.98387,-0.16776,-0.03090,-0.02523,0.98502,1.00
11948,350.00,0.00,0.00312,0.02197,-0.01939,0.99957,-0.17058,-0.02764,-0.00479,0.98495,-0.16807,-0.00267,-0.02022,0.98556,1.00,-0.16961,-0.05584,-0.00963,0.98388,-0.16776,-0.03088,-0.02515,0.98502,1.00
11960,350.00,0.00,0.00300,0.02215,-0.01929,0.99956,-0.17096,-0.02778,-0.00482,0.98488,-0.16857,-0.00264,-0.02011,0.98548,1.00,-0.17000,-0.05599,-0.00967,0.98381,-0.16826,-0.03087,-0.02505,0.98494,1.00
11971,350.00,0.00,0.00300,0.02227,-0.01932,0.99956,-0.17095,-0.02791,-0.00484,0.98487,-0.16857,-0.00265,-0.02014,0.98548,1.00,-0.16999,-0.05611,-0.00970,0.98380,-0.16826,-0.03087,-0.02508,0.98494,1.00
11982,350.00,0.00,0.00307,0.02251,-0.01964,0.99955,-0.17100,-0.02826,-0.00491,0.98485,-0.16857,-0.00270,-0.02048,0.98547,1.00,-0.17002,-0.05647,-0.00976,0.98377,-0.16825,-0.03093,-0.02542,0.98493,1.00
11993,350.00,0.00,0.00303,0.02263,-0.01980,0.99954,-0.17088,-0.02733,-0.00474,0.98490,-0.16846,-0.00163,-0.02046,0.98549,1.00,-0.16991,-0.05554,-0.00959,0.98385,-0.16816,-0.02986,-0.02539,0.98498,1.00
12004,350.00,0.00,0.00294,0.02277,-0.01979,0.99954,-0.17078,-0.02747,-0.00476,0.98491,-0.16846,-0.00163,-0.02045,0.98549,1.00,-0.16981,-0.05568,-0.00961,0.98386,-0.16816,-0.02986,-0.02538,0.98498,1.00
12015,350.00,0.00,0.00295,0.02285,-0.01975,0.99954,-0.17079,-0.02753,-0.00477,0.98491,-0.16846,-0.00162,-0.02040,0.98550,1.00,-0.16983,-0.05574,-0.00962,0.98385,-0.16817,-0.02985,-0.02533,0.98498,1.00
12026,350.00,0.00,0.00294,0.02290,-0.01971,0.99954,-0.17095,-0.02348,-0.00408,0.98499,-0.16854,0.00247,-0.01964,0.98550,1.00,-0.17009,-0.05172,-0.00894,0.98403,-0.16834,-0.02577,-0.02459,0.98509,1.00
12037,0.00,0.00,0.00296,0.02298,-0.01961,0.99954,-0.17098,-0.02352,-0.00408,0.98498,-0.16854,0.00249,-0.01954,0.98550,1.00,-0.17012,-0.05176,-0.00895,0.98402,-0.16834,-0.02576,-0.02448,0.98509,1.00
12048,0.00,0.00,0.00307,0.02297,-0.01952,0.99954,-0.17108,-0.02348,-0.00408,0.98497,-0.16854,0.00250,-0.01945,0.98550,1.00,-0.17023,-0.05171,-0.00895,0.98401,-0.16834,-0.02574,-0.02440,0.98509,1.00
12060,0.00,0.00,0.00313,0.02296,-0.01960,0.99954,-0.17043,-0.02315,-0.00400,0.98509,-0.16781,0.00283,-0.01947,0.98562,1.00,-0.16957,-0.05137,-0.00885,0.98414,-0.16762,-0.02540,-0.02441,0.98522,1.00
12071,0.00,0.00,0.00320,0.02287,-0.01962,0.99954,-0.17050,-0.02307,-0.00399,0.98508,-0.16781,0.00283,-0.01950,0.98562,1.00,-0.16964,-0.05130,-0.00884,0.98413,-0.16762,-0.02541,-0.02444,0.98522,1.00
12082,0.00,0.00,0.00322,0.02285,-0.01965,0.99954,-0.17051,-0.02306,-0.00399,0.98508,-0.16781,0.00282,-0.01953,0.98562,1.00,-0.16965,-0.05129,-0.00884,0.98413,-0.16762,-0.02542,-0.02447,0.98522,1.00
12093,0.00,0.00,0.00324,0.02272,-0.01964,0.99954,-0.17006,-0.02489,-0.00430,0.98511,-0.16738,0.00086,-0.01986,0.98569,1.00,-0.16916,-0.05310,-0.00913,0.98412,-0.16714,-0.02736,-0.02478,0.98524,1.00
12104,0.00,0.00,0.00319,0.02265,-0.01964,0.99955,-0.17002,-0.02482,-0.00428,0.98512,-0.16738,0.00086,-0.01986,0.98569,1.00,-0.16912,-0.05303,-0.00911,0.98413,-0.16714,-0.02736,-0.02478,0.98524,1.00
12115,0.00,0.00,0.00315,0.02257,-0.01962,0.99955,-0.16998,-0.02472,-0.00427,0.98513,-0.16738,0.00087,-0.01984,0.98569,1.00,-0.16908,-0.05293,-0.00909,0.98414,-0.16715,-0.02735,-0.02475,0.98524,1.00
12126,0.00,0.00,0.00320,0.02253,-0.01963,0.99955,-0.16996,-0.02483,-0.00428,0.98513,-0.16731,0.00073,-0.01987,0.98570,1.00,-0.16906,-0.05304,-0.00911,0.98414,-0.16708,-0.02749,-0.02479,0.98525,1.00
12137,0.00,0.00,0.00325,0.02252,-0.01965,0.99955,-0.17000,-0.02483,-0.00428,0.98512,-0.16731,0.00073,-0.01989,0.98570,1.00,-0.16910,-0.05304,-0.00911,0.98413,-0.16708,-0.02749,-0.02481,0.98525,1.00
12149,0.00,0.00,0.00335,0.02249,-0.01964,0.99955,-0.16716,-0.02483,-0.00421,0.98561,-0.16436,0.00065,-0.01989,0.98620,1.00,-0.16627,-0.05299,-0.00895,0.98461,-0.16414,-0.02753,-0.02472,0.98574,1.00
12160,0.00,0.00,0.00341,0.02252,-0.01965,0.99955,-0.16722,-0.02486,-0.00422,0.98560,-0.16436,0.00064,-0.01991,0.98620,1.00,-0.16633,-0.05303,-0.00896,0.98460,-0.16414,-0.02753,-0.02474,0.98574,1.00
12171,0.00,0.00,0.00353,0.02256,-0.01965,0.99955,-0.16733,-0.02490,-0.00423,0.98558,-0.16436,0.00064,-0.01990,0.98620,1.00,-0.16645,-0.05307,-0.00897,0.98458,-0.16414,-0.02753,-0.02474,0.98574,1.00
12183,0.00,0.00,0.00361,0.02260,-0.01967,0.99954,-0.16757,-0.02493,-0.00424,0.98554,-0.16452,0.00067,-0.01992,0.98617,1.00,-0.16668,-0.05310,-0.00899,0.98454,-0.16430,-0.02751,-0.02477,0.98572,1.00
12194,0.00,0.00,0.00370,0.02268,-0.01970,0.99954,-0.16766,-0.02501,-0.00426,0.98552,-0.16452,0.00067,-0.01996,0.98617,1.00,-0.16677,-0.05318,-0.00901,0.98452,-0.16430,-0.02752,-0.02481,0.98571,1.00
12204,0.00,0.00,0.00371,0.02275,-0.01964,0.99954,-0.16766,-0.02506,-0.00426,0.98552,-0.16452,0.00068,-0.01990,0.98617,1.00,-0.16677,-0.05324,-0.00902,0.98452,-0.16430,-0.02751,-0.02476,0.98572,1.00
12216,0.00,0.00,0.00378,0.02287,-0.01962,0.99954,-0.16773,-0.02518,-0.00429,0.98550,-0.16452,0.00068,-0.01988,0.98617,1.00,-0.16685,-0.05335,-0.00904,0.98450,-0.16430,-0.02750,-0.02474,0.98572,1.00
12227,0.00,0.00,0.00385,0.02297,-0.01962,0.99954,-0.16760,-0.02525,-0.00429,0.98552,-0.16431,0.00071,-0.01988,0.98621,1.00,-0.16671,-0.05342,-0.00905,0.98452,-0.16410,-0.02747,-0.02474,0.98575,1.00
12238,0.00,0.00,0.00403,0.02314,-0.01959,0.99953,-0.16777,-0.02541,-0.00433,0.98549,-0.16431,0.00071,-0.01985,0.98621,1.00,-0.16689,-0.05358,-0.00908,0.98448,-0.16410,-0.02747,-0.02472,0.98575,1.00
12249,0.00,0.00,0.00414,0.02316,-0.01955,0.99953,-0.16788,-0.02542,-0.00433,0.98547,-0.16431,0.00072,-0.01982,0.98621,1.00,-0.16699,-0.05360,-0.00909,0.98446,-0.16410,-0.02747,-0.02469,0.98575,1.00
12260,0.00,0.00,0.00423,0.02322,-0.01950,0.99953,-0.16783,-0.02840,-0.00484,0.98540,-0.16424,-0.00222,-0.02027,0.98621,1.00,-0.16687,-0.05656,-0.00959,0.98431,-0.16396,-0.03039,-0.02514,0.98568,1.00
12271,0.00,0.00,0.00431,0.02321,-0.01933,0.99953,-0.16791,-0.02834,-0.00483,0.98538,-0.16424,-0.00219,-0.02010,0.98621,1.00,-0.16697,-0.05649,-0.00958,0.98430,-0.16396,-0.03036,-0.02497,0.98568,1.00
12283,0.00,0.00,0.00432,0.02321,-0.01915,0.99954,-0.16818,-0.02807,-0.00479,0.98534,-0.16450,-0.00195,-0.01988,0.98618,1.00,-0.16725,-0.05624,-0.00956,0.98426,-0.16421,-0.03012,-0.02476,0.98565,1.00
12294,0.00,0.00,0.00434,0.02318,-0.01911,0.99954,-0.16820,-0.02804,-0.00479,0.98534,-0.16450,-0.00195,-0.01984,0.98618,1.00,-0.16727,-0.05620,-0.00955,0.98426,-0.16421,-0.03012,-0.02473,0.98565,1.00
12305,0.00,0.00,0.00435,0.02309,-0.01912,0.99954,-0.16821,-0.02795,-0.00477,0.98534,-0.16450,-0.00195,-0.01984,0.98618,1.00,-0.16728,-0.05611,-0.00954,0.98427,-0.16421,-0.03012,-0.02473,0.98565,1.00
12316,0.00,0.00,0.00433,0.02299,-0.01919,0.99954,-0.16819,-0.02787,-0.00476,0.98535,-0.16450,-0.00196,-0.01992,0.98617,1.00,-0.16725,-0.05604,-0.00952,0.98427,-0.16421,-0.03013,-0.02481,0.98565,1.00
12328,0.00,0.00,0.00429,0.02281,-0.01918,0.99955,-0.16803,-0.02463,-0.00420,0.98547,-0.16429,0.00111,-0.01938,0.98622,1.00,-0.16715,-0.05280,-0.00897,0.98448,-0.16407,-0.02708,-0.02426,0.98578,1.00
12339,0.00,0.00,0.00416,0.02269,-0.01902,0.99955,-0.16791,-0.02445,-0.00417,0.98549,-0.16429,0.00114,-0.01920,0.98622,1.00,-0.16704,-0.05263,-0.00893,0.98450,-0.16407,-0.02705,-0.02408,0.98578,1.00
12351,0.00,0.00,0.00397,0.02261,-0.01879,0.99956,-0.16845,-0.02449,-0.00419,0.98540,-0.16502,0.00098,-0.01899,0.98611,1.00,-0.16759,-0.05267,-0.00897,0.98441,-0.16480,-0.02721,-0.02388,0.98566,1.00
12362,0.00,0.00,0.00393,0.02265,-0.01871,0.99956,-0.16841,-0.02450,-0.00419,0.98540,-0.16502,0.00100,-0.01891,0.98611,1.00,-0.16755,-0.05268,-0.00897,0.98441,-0.16480,-0.02719,-0.02380,0.98566,1.00
12374,0.00,0.00,0.00394,0.02267,-0.01869,0.99956,-0.16843,-0.02452,-0.00419,0.98540,-0.16502,0.00100,-0.01888,0.98611,1.00,-0.16757,-0.05270,-0.00897,0.98441,-0.16480,-0.02719,-0.02377,0.98567,1.00
12385,0.00,0.00,0.00398,0.02278,-0.01874,0.99956,-0.16861,-0.02523,-0.00432,0.98535,-0.16518,0.00041,-0.01904,0.98608,1.00,-0.16772,-0.05341,-0.00910,0.98434,-0.16493,-0.02779,-0.02393,0.98562,1.00
12396,0.00,0.00,0.00406,0.02290,-0.01875,0.99955,-0.16868,-0.02535,-0.00434,0.98533,-0.16518,0.00041,-0.01905,0.98608,1.00,-0.16780,-0.05354,-0.00913,0.98432,-0.16493,-0.02779,-0.02395,0.98562,1.00
12407,0.00,0.00,0.00420,0.02311,-0.01885,0.99955,-0.16881,-0.02560,-0.00439,0.98531,-0.16518,0.00039,-0.01916,0.98608,1.00,-0.16791,-0.05378,-0.00918,0.98429,-0.16493,-0.02781,-0.02407,0.98562,1.00
12418,0.00,0.00,0.00446,0.02334,-0.01899,0.99954,-0.16686,-0.02579,-0.00437,0.98563,-0.16298,0.00042,-0.01931,0.98644,1.00,-0.16596,-0.05395,-0.00909,0.98461,-0.16273,-0.02775,-0.02416,0.98599,1.00
12429,0.00,0.00,0.00470,0.02351,-0.01911,0.99953,-0.16708,-0.02600,-0.00441,0.98559,-0.16298,0.00040,-0.01944,0.98644,1.00,-0.16618,-0.05416,-0.00914,0.98457,-0.16272,-0.02777,-0.02430,0.98598,1.00
12440,0.00,0.00,0.00494,0.02366,-0.01903,0.99953,-0.16732,-0.02613,-0.00444,0.98555,-0.16298,0.00041,-0.01935,0.98644,1.00,-0.16642,-0.05429,-0.00918,0.98452,-0.16272,-0.02776,-0.02424,0.98598,1.00
12452,0.00,0.00,0.00520,0.02372,-0.01893,0.99953,-0.12569,-0.02413,-0.00306,0.99177,-0.12100,0.00180,-0.01898,0.99247,1.00,-0.12506,-0.05177,-0.00653,0.99078,-0.12097,-0.02585,-0.02259,0.99206,1.00
12463,0.00,0.00,0.00541,0.02379,-0.01880,0.99953,-0.12590,-0.02417,-0.00307,0.99174,-0.12100,0.00181,-0.01884,0.99247,1.00,-0.12527,-0.05181,-0.00655,0.99075,-0.12098,-0.02583,-0.02247,0.99206,1.00
12474,0.00,0.00,0.00561,0.02379,-0.01868,0.99953,-0.12610,-0.02415,-0.00307,0.99172,-0.12100,0.00183,-0.01874,0.99247,1.00,-0.12548,-0.05179,-0.00656,0.99072,-0.12098,-0.02582,-0.02237,0.99207,1.00
12485,0.00,0.00,0.00578,0.02377,-0.01867,0.99953,-0.10752,-0.02366,-0.00256,0.99392,-0.10223,0.00200,-0.01870,0.99458,1.00,-0.10699,-0.05112,-0.00551,0.99293,-0.10229,-0.02546,-0.02180,0.99419,1.00
12496,0.00,0.00,0.00595,0.02370,-0.01869,0.99953,-0.10770,-0.02359,-0.00256,0.99390,-0.10223,0.00200,-0.01872,0.99458,1.00,-0.10717,-0.05105,-0.00551,0.99291,-0.10229,-0.02546,-0.02183,0.99419,1.00
12507,0.00,0.00,0.00608,0.02356,-0.01870,0.99953,-0.10782,-0.02346,-0.00255,0.99389,-0.10223,0.00200,-0.01873,0.99458,1.00,-0.10729,-0.05092,-0.00550,0.99291,-0.10229,-0.02546,-0.02185,0.99419,1.00
12519,0.00,0.00,0.00624,0.02340,-0.01861,0.99953,-0.10738,-0.02418,-0.00261,0.99392,-0.10165,0.00110,-0.01875,0.99464,1.00,-0.10684,-0.05164,-0.00556,0.99292,-0.10169,-0.02636,-0.02186,0.99423,1.00
12530,0.00,0.00,0.00634,0.02317,-0.01851,0.99954,-0.10750,-0.02394,-0.00259,0.99391,-0.10165,0.00111,-0.01865,0.99465,1.00,-0.10696,-0.05140,-0.00554,0.99292,-0.10169,-0.02635,-0.02176,0.99423,1.00
12541,0.00,0.00,0.00639,0.02300,-0.01836,0.99955,-0.10755,-0.02374,-0.00257,0.99391,-0.10164,0.00112,-0.01850,0.99465,1.00,-0.10702,-0.05119,-0.00552,0.99292,-0.10169,-0.02634,-0.02161,0.99423,1.00
12552,0.00,0.00,0.00629,0.02279,-0.01823,0.99955,-0.10512,-0.02373,-0.00251,0.99417,-0.09931,0.00087,-0.01839,0.99489,1.00,-0.10460,-0.05116,-0.00539,0.99318,-0.09936,-0.02657,-0.02143,0.99447,1.00
12563,0.00,0.00,0.00632,0.02270,-0.01821,0.99956,-0.10515,-0.02364,-0.00250,0.99417,-0.09931,0.00087,-0.01836,0.99489,1.00,-0.10464,-0.05107,-0.00538,0.99318,-0.09937,-0.02657,-0.02141,0.99447,1.00
12575,0.00,0.00,0.00637,0.02262,-0.01819,0.99956,-0.10520,-0.02356,-0.00249,0.99417,-0.09931,0.00087,-0.01835,0.99489,1.00,-0.10468,-0.05099,-0.00538,0.99318,-0.09937,-0.02656,-0.02140,0.99447,1.00
12586,0.00,0.00,0.00644,0.02257,-0.01819,0.99956,-0.10522,-0.02327,-0.00246,0.99417,-0.09925,0.00111,-0.01832,0.99489,1.00,-0.10470,-0.05071,-0.00535,0.99320,-0.09930,-0.02633,-0.02137,0.99448,1.00
12597,0.00,0.00,0.00653,0.02251,-0.01818,0.99956,-0.10532,-0.02321,-0.00246,0.99416,-0.09925,0.00111,-0.01831,0.99489,1.00,-0.10479,-0.05065,-0.00534,0.99319,-0.09930,-0.02633,-0.02137,0.99448,1.00
12608,0.00,0.00,0.00650,0.02243,-0.01811,0.99956,-0.10529,-0.02311,-0.00245,0.99417,-0.09925,0.00112,-0.01824,0.99489,1.00,-0.10477,-0.05055,-0.00533,0.99320,-0.09930,-0.02632,-0.02129,0.99448,1.00
12619,0.00,0.00,0.00642,0.02240,-0.01798,0.99957,-0.10506,-0.02323,-0.00245,0.99419,-0.09910,0.00096,-0.01813,0.99491,1.00,-0.10455,-0.05067,-0.00533,0.99321,-0.09915,-0.02648,-0.02117,0.99449,1.00
12630,0.00,0.00,0.00641,0.02237,-0.01789,0.99957,-0.10506,-0.02318,-0.00245,0.99419,-0.09910,0.00097,-0.01804,0.99491,1.00,-0.10455,-0.05062,-0.00533,0.99322,-0.09915,-0.02647,-0.02108,0.99450,1.00
12641,0.00,0.00,0.00644,0.02242,-0.01789,0.99957,-0.10508,-0.02323,-0.00246,0.99419,-0.09910,0.00097,-0.01803,0.99491,1.00,-0.10457,-0.05067,-0.00534,0.99321,-0.09915,-0.02647,-0.02108,0.99450,1.00
12652,0.00,0.00,0.00640,0.02253,-0.01803,0.99956,-0.10652,-0.02324,-0.00249,0.99404,-0.10059,0.00110,-0.01816,0.99476,1.00,-0.10599,-0.05069,-0.00541,0.99306,-0.10062,-0.02635,-0.02125,0.99435,1.00
12663,0.00,0.00,0.00640,0.02258,-0.01817,0.99956,-0.10651,-0.02332,-0.00250,0.99404,-0.10059,0.00109,-0.01830,0.99476,1.00,-0.10597,-0.05078,-0.00542,0.99306,-0.10062,-0.02637,-0.02139,0.99435,1.00
12674,0.00,0.00,0.00634,0.02266,-0.01821,0.99956,-0.10645,-0.02341,-0.00251,0.99404,-0.10059,0.00108,-0.01835,0.99476,1.00,-0.10591,-0.05086,-0.00542,0.99306,-0.10062,-0.02637,-0.02143,0.99434,1.00
12686,0.00,0.00,0.00630,0.02280,-0.01817,0.99956,-0.10767,-0.02324,-0.00252,0.99391,-0.10184,0.00141,-0.01827,0.99463,1.00,-0.10713,-0.05070,-0.00547,0.99294,-0.10187,-0.02606,-0.02139,0.99423,1.00
12697,0.00,0.00,0.00627,0.02291,-0.01808,0.99955,-0.10764,-0.02333,-0.00253,0.99391,-0.10184,0.00142,-0.01818,0.99463,1.00,-0.10710,-0.05079,-0.00548,0.99293,-0.10187,-0.02605,-0.02129,0.99423,1.00
12708,0.00,0.00,0.00625,0.02302,-0.01796,0.99955,-0.10762,-0.02341,-0.00254,0.99391,-0.10184,0.00143,-0.01805,0.99464,1.00,-0.10709,-0.05088,-0.00549,0.99293,-0.10188,-0.02604,-0.02117,0.99423,1.00
12719,0.00,0.00,0.00624,0.02315,-0.01792,0.99955,-0.10892,-0.02354,-0.00258,0.99377,-0.10314,0.00145,-0.01802,0.99450,1.00,-0.10838,-0.05101,-0.00557,0.99278,-0.10318,-0.02603,-0.02117,0.99410,1.00
12730,0.00,0.00,0.00625,0.02331,-0.01794,0.99955,-0.10892,-0.02370,-0.00260,0.99376,-0.10314,0.00145,-0.01804,0.99450,1.00,-0.10838,-0.05117,-0.00559,0.99278,-0.10318,-0.02603,-0.02119,0.99410,1.00
12741,0.00,0.00,0.00628,0.02338,-0.01795,0.99955,-0.10895,-0.02377,-0.00261,0.99376,-0.10314,0.00144,-0.01805,0.99450,1.00,-0.10841,-0.05124,-0.00560,0.99277,-0.10317,-0.02603,-0.02121,0.99410,1.00
12752,0.00,0.00,0.00635,0.02343,-0.01791,0.99954,-0.10906,-0.02333,-0.00256,0.99376,-0.10318,0.00193,-0.01795,0.99450,1.00,-0.10853,-0.05081,-0.00555,0.99278,-0.10321,-0.02554,-0.02111,0.99411,1.00
12763,0.00,0.00,0.00638,0.02342,-0.01786,0.99955,-0.10910,-0.02331,-0.00256,0.99375,-0.10318,0.00194,-0.01790,0.99450,1.00,-0.10856,-0.05079,-0.00555,0.99278,-0.10321,-0.02554,-0.02107,0.99411,1.00
12775,0.00,0.00,0.00646,0.02341,-0.01779,0.99955,-0.10917,-0.02329,-0.00256,0.99375,-0.10318,0.00194,-0.01784,0.99450,1.00,-0.10864,-0.05077,-0.00556,0.99277,-0.10322,-0.02553,-0.02100,0.99411,1.00
12786,0.00,0.00,0.00649,0.02335,-0.01774,0.99955,-0.10865,-0.02093,-0.00229,0.99386,-0.10258,0.00423,-0.01752,0.99456,1.00,-0.10815,-0.04841,-0.00527,0.99294,-0.10264,-0.02325,-0.02068,0.99423,1.00
12797,0.00,0.00,0.00655,0.02329,-0.01770,0.99955,-0.10871,-0.02086,-0.00228,0.99385,-0.10258,0.00424,-0.01747,0.99456,1.00,-0.10822,-0.04834,-0.00527,0.99294,-0.10264,-0.02325,-0.02063,0.99423,1.00
12808,0.00,0.00,0.00662,0.02316,-0.01774,0.99955,-0.10878,-0.02074,-0.00227,0.99385,-0.10258,0.00423,-0.01752,0.99456,1.00,-0.10828,-0.04823,-0.00526,0.99294,-0.10264,-0.02325,-0.02069,0.99423,1.00
12819,0.00,0.00,0.00667,0.02303,-0.01775,0.99955,-0.10776,-0.02064,-0.00224,0.99396,-0.10150,0.00419,-0.01753,0.99467,1.00,-0.10726,-0.04811,-0.00520,0.99305,-0.10157,-0.02328,-0.02067,0.99434,1.00
12830,0.00,0.00,0.00675,0.02293,-0.01781,0.99956,-0.10785,-0.02055,-0.00223,0.99395,-0.10150,0.00419,-0.01759,0.99467,1.00,-0.10734,-0.04802,-0.00519,0.99305,-0.10156,-0.02328,-0.02074,0.99434,1.00
12841,0.00,0.00,0.00678,0.02276,-0.01785,0.99956,-0.10788,-0.02039,-0.00221,0.99395,-0.10150,0.00418,-0.01764,0.99467,1.00,-0.10737,-0.04786,-0.00518,0.99305,-0.10156,-0.02329,-0.02078,0.99434,1.00
12853,0.00,0.00,0.00679,0.02266,-0.01788,0.99956,-0.10674,-0.01885,-0.00202,0.99411,-0.10033,0.00561,-0.01751,0.99478,1.00,-0.10626,-0.04633,-0.00496,0.99325,-0.10041,-0.02186,-0.02062,0.99449,1.00
12864,0.00,0.00,0.00674,0.02257,-0.01785,0.99956,-0.10669,-0.01875,-0.00201,0.99411,-0.10033,0.00561,-0.01747,0.99479,1.00,-0.10622,-0.04622,-0.00494,0.99326,-0.10041,-0.02186,-0.02058,0.99449,1.00
12875,0.00,0.00,0.00663,0.02251,-0.01780,0.99957,-0.10658,-0.01869,-0.00200,0.99413,-0.10033,0.00561,-0.01742,0.99479,1.00,-0.10611,-0.04616,-0.00493,0.99327,-0.10042,-0.02185,-0.02052,0.99449,1.00
12886,0.00,0.00,0.00655,0.02256,-0.01773,0.99957,-0.10639,-0.02221,-0.00238,0.99407,-0.10029,0.00213,-0.01775,0.99480,1.00,-0.10588,-0.04966,-0.00529,0.99312,-0.10033,-0.02533,-0.02084,0.99441,1.00
12897,0.00,0.00,0.00648,0.02261,-0.01766,0.99957,-0.10633,-0.02225,-0.00238,0.99408,-0.10028,0.00214,-0.01768,0.99480,1.00,-0.10582,-0.04970,-0.00530,0.99313,-0.10033,-0.02532,-0.02076,0.99442,1.00
12908,0.00,0.00,0.00648,0.02272,-0.01770,0.99956,-0.10633,-0.02236,-0.00239,0.99408,-0.10028,0.00213,-0.01771,0.99480,1.00,-0.10581,-0.04981,-0.00531,0.99312,-0.10033,-0.02532,-0.02080,0.99441,1.00
12919,0.00,0.00,0.00648,0.02283,-0.01767,0.99956,-0.10698,-0.02305,-0.00248,0.99399,-0.10096,0.00155,-0.01775,0.99473,1.00,-0.10646,-0.05051,-0.00542,0.99302,-0.10100,-0.02590,-0.02086,0.99433,1.00
12931,0.00,0.00,0.00642,0.02295,-0.01760,0.99956,-0.10693,-0.02315,-0.00249,0.99399,-0.10096,0.00156,-0.01768,0.99473,1.00,-0.10640,-0.05061,-0.00542,0.99302,-0.10100,-0.02590,-0.02078,0.99433,1.00
12942,0.00,0.00,0.00637,0.02305,-0.01747,0.99956,-0.10688,-0.02323,-0.00250,0.99400,-0.10096,0.00157,-0.01755,0.99473,1.00,-0.10637,-0.05068,-0.00543,0.99302,-0.10100,-0.02588,-0.02065,0.99434,1.00
12953,0.00,0.00,0.00634,0.02311,-0.01739,0.99956,-0.10733,-0.02383,-0.00257,0.99393,-0.10146,0.00104,-0.01752,0.99469,1.00,-0.10680,-0.05129,-0.00552,0.99294,-0.10148,-0.02642,-0.02064,0.99427,1.00
12964,0.00,0.00,0.00631,0.02321,-0.01739,0.99956,-0.10730,-0.02393,-0.00258,0.99394,-0.10146,0.00104,-0.01753,0.99469,1.00,-0.10677,-0.05139,-0.00553,0.99294,-0.10148,-0.02642,-0.02063,0.99427,1.00
12975,0.00,0.00,0.00628,0.02325,-0.01751,0.99956,-0.10726,-0.02399,-0.00259,0.99394,-0.10146,0.00103,-0.01765,0.99468,1.00,-0.10673,-0.05144,-0.00553,0.99294,-0.10148,-0.02643,-0.02076,0.99427,1.00
12986,0.00,0.00,0.00627,0.02322,-0.01759,0.99956,-0.10815,-0.02311,-0.00251,0.99386,-0.10233,0.00190,-0.01763,0.99459,1.00,-0.10761,-0.05058,-0.00548,0.99289,-0.10235,-0.02557,-0.02076,0.99420,1.00
12997,0.00,0.00,0.00625,0.02317,-0.01754,0.99956,-0.10813,-0.02304,-0.00251,0.99387,-0.10233,0.00191,-0.01758,0.99459,1.00,-0.10759,-0.05051,-0.00547,0.99290,-0.10235,-0.02556,-0.02071,0.99420,1.00
13009,0.00,0.00,0.00626,0.02313,-0.01750,0.99956,-0.10814,-0.02300,-0.00250,0.99387,-0.10233,0.00191,-0.01754,0.99459,1.00,-0.10760,-0.05047,-0.00547,0.99290,-0.10235,-0.02556,-0.02067,0.99420,1.00
13020,0.00,0.00,0.00625,0.02299,-0.01744,0.99956,-0.10739,-0.02342,-0.00253,0.99394,-0.10159,0.00134,-0.01754,0.99467,1.00,-0.10685,-0.05087,-0.00547,0.99296,-0.10161,-0.02612,-0.02065,0.99427,1.00
13031,0.00,0.00,0.00625,0.02288,-0.01750,0.99957,-0.10739,-0.02331,-0.00252,0.99394,-0.10159,0.00133,-0.01760,0.99467,1.00,-0.10685,-0.05077,-0.00546,0.99296,-0.10161,-0.02613,-0.02071,0.99427,1.00
13042,0.00,0.00,0.00625,0.02277,-0.01753,0.99957,-0.10739,-0.02321,-0.00251,0.99394,-0.10159,0.00133,-0.01763,0.99467,1.00,-0.10685,-0.05067,-0.00545,0.99297,-0.10161,-0.02613,-0.02074,0.99426,1.00
13053,0.00,0.00,0.00623,0.02270,-0.01762,0.99957,-0.10214,-0.02737,-0.00281,0.99439,-0.09644,-0.00297,-0.01818,0.99517,1.00,-0.10156,-0.05476,-0.00560,0.99331,-0.09642,-0.03037,-0.02113,0.99465,1.00
13064,0.00,0.00,0.00625,0.02265,-0.01773,0.99957,-0.10215,-0.02735,-0.00281,0.99439,-0.09644,-0.00298,-0.01829,0.99517,1.00,-0.10157,-0.05474,-0.00560,0.99331,-0.09642,-0.03038,-0.02125,0.99465,1.00
13075,0.00,0.00,0.00635,0.02265,-0.01788,0.99956,-0.10225,-0.02738,-0.00282,0.99438,-0.09644,-0.00300,-0.01845,0.99516,1.00,-0.10166,-0.05477,-0.00561,0.99329,-0.09641,-0.03039,-0.02141,0.99465,1.00
13086,0.00,0.00,0.00650,0.02271,-0.01805,0.99956,-0.10236,-0.02765,-0.00285,0.99436,-0.09642,-0.00318,-0.01865,0.99516,1.00,-0.10177,-0.05504,-0.00564,0.99327,-0.09639,-0.03058,-0.02161,0.99464,1.00
13098,0.00,0.00,0.00653,0.02279,-0.01810,0.99956,-0.10239,-0.02773,-0.00286,0.99435,-0.09642,-0.00319,-0.01870,0.99516,1.00,-0.10179,-0.05512,-0.00565,0.99326,-0.09639,-0.03059,-0.02166,0.99464,1.00
13109,0.00,0.00,0.00659,0.02285,-0.01803,0.99955,-0.10245,-0.02778,-0.00286,0.99435,-0.09642,-0.00318,-0.01863,0.99516,1.00,-0.10186,-0.05517,-0.00566,0.99325,-0.09639,-0.03058,-0.02160,0.99464,1.00
13120,0.00,0.00,0.00663,0.02295,-0.01787,0.99956,-0.10072,-0.02726,-0.00276,0.99454,-0.09463,-0.00261,-0.01840,0.99534,1.00,-0.10016,-0.05464,-0.00551,0.99345,-0.09464,-0.03000,-0.02133,0.99483,1.00
13131,0.00,0.00,0.00668,0.02298,-0.01768,0.99956,-0.10078,-0.02726,-0.00276,0.99453,-0.09463,-0.00259,-0.01821,0.99534,1.00,-0.10024,-0.05464,-0.00551,0.99345,-0.09464,-0.02998,-0.02114,0.99484,1.00
13142,0.00,0.00,0.00672,0.02303,-0.01754,0.99956,-0.10082,-0.02728,-0.00277,0.99453,-0.09463,-0.00258,-0.01807,0.99535,1.00,-0.10028,-0.05466,-0.00552,0.99344,-0.09465,-0.02996,-0.02099,0.99484,1.00
13153,0.00,0.00,0.00671,0.02306,-0.01756,0.99956,-0.10016,-0.02603,-0.00262,0.99463,-0.09396,-0.00130,-0.01795,0.99541,1.00,-0.09964,-0.05341,-0.00536,0.99357,-0.09399,-0.02869,-0.02086,0.99494,1.00
13165,0.00,0.00,0.00667,0.02307,-0.01763,0.99956,-0.10011,-0.02606,-0.00262,0.99463,-0.09396,-0.00131,-0.01803,0.99541,1.00,-0.09959,-0.05344,-0.00536,0.99358,-0.09398,-0.02870,-0.02093,0.99494,1.00
13176,0.00,0.00,0.00659,0.02308,-0.01768,0.99956,-0.10003,-0.02607,-0.00262,0.99464,-0.09396,-0.00131,-0.01807,0.99541,1.00,-0.09950,-0.05345,-0.00535,0.99359,-0.09398,-0.02870,-0.02098,0.99494,1.00
13187,0.00,0.00,0.00654,0.02302,-0.01770,0.99956,-0.09989,-0.02708,-0.00272,0.99463,-0.09388,-0.00239,-0.01820,0.99541,1.00,-0.09934,-0.05445,-0.00544,0.99355,-0.09389,-0.02976,-0.02110,0.99491,1.00
13198,0.00,0.00,0.00653,0.02298,-0.01762,0.99956,-0.09988,-0.02702,-0.00271,0.99463,-0.09389,-0.00238,-0.01812,0.99542,1.00,-0.09934,-0.05440,-0.00544,0.99355,-0.09389,-0.02976,-0.02101,0.99492,1.00
13209,0.00,0.00,0.00651,0.02291,-0.01761,0.99956,-0.09987,-0.02695,-0.00271,0.99463,-0.09389,-0.00238,-0.01810,0.99542,1.00,-0.09933,-0.05433,-0.00543,0.99356,-0.09389,-0.02976,-0.02100,0.99492,1.00
13220,0.00,0.00,0.00654,0.02285,-0.01762,0.99956,-0.10018,-0.02670,-0.00269,0.99461,-0.09416,-0.00218,-0.01810,0.99539,1.00,-0.09964,-0.05408,-0.00542,0.99354,-0.09417,-0.02956,-0.02100,0.99490,1.00
13231,0.00,0.00,0.00655,0.02275,-0.01768,0.99956,-0.10019,-0.02662,-0.00268,0.99461,-0.09416,-0.00219,-0.01816,0.99539,1.00,-0.09964,-0.05400,-0.00542,0.99354,-0.09417,-0.02957,-0.02107,0.99489,1.00
13242,0.00,0.00,0.00658,0.02269,-0.01778,0.99956,-0.10022,-0.02658,-0.00268,0.99461,-0.09416,-0.00220,-0.01826,0.99539,1.00,-0.09966,-0.05396,-0.00541,0.99354,-0.09416,-0.02958,-0.02117,0.99489,1.00
13254,0.00,0.00,0.00651,0.02265,-0.01783,0.99956,-0.10016,-0.02668,-0.00269,0.99461,-0.09417,-0.00234,-0.01833,0.99538,1.00,-0.09960,-0.05406,-0.00542,0.99354,-0.09417,-0.02972,-0.02123,0.99489,1.00
13265,0.00,0.00,0.00644,0.02269,-0.01780,0.99956,-0.10009,-0.02671,-0.00269,0.99462,-0.09417,-0.00233,-0.01829,0.99539,1.00,-0.09953,-0.05409,-0.00542,0.99355,-0.09417,-0.02971,-0.02119,0.99489,1.00
13276,0.00,0.00,0.00636,0.02272,-0.01775,0.99956,-0.10001,-0.02673,-0.00269,0.99462,-0.09417,-0.00233,-0.01824,0.99539,1.00,-0.09946,-0.05411,-0.00542,0.99355,-0.09418,-0.02971,-0.02113,0.99489,1.00
13287,0.00,0.00,0.00619,0.02280,-0.01770,0.99956,-0.09908,-0.02628,-0.00262,0.99473,-0.09339,-0.00182,-0.01813,0.99546,1.00,-0.09854,-0.05365,-0.00532,0.99367,-0.09342,-0.02919,-0.02100,0.99498,1.00
13298,0.00,0.00,0.00606,0.02293,-0.01761,0.99956,-0.09894,-0.02638,-0.00262,0.99474,-0.09339,-0.00181,-0.01804,0.99546,1.00,-0.09841,-0.05375,-0.00532,0.99368,-0.09342,-0.02918,-0.02089,0.99498,1.00
13310,0.00,0.00,0.00600,0.02304,-0.01765,0.99956,-0.09888,-0.02650,-0.00263,0.99474,-0.09339,-0.00181,-0.01807,0.99546,1.00,-0.09835,-0.05387,-0.00533,0.99368,-0.09342,-0.02919,-0.02093,0.99498,1.00
13321,0.00,0.00,0.00605,0.02326,-0.01791,0.99955,-0.09784,-0.02409,-0.00237,0.99491,-0.09227,0.00083,-0.01806,0.99557,1.00,-0.09734,-0.05147,-0.00504,0.99391,-0.09232,-0.02655,-0.02088,0.99516,1.00
13332,0.00,0.00,0.00605,0.02334,-0.01812,0.99955,-0.09784,-0.02421,-0.00238,0.99490,-0.09227,0.00081,-0.01827,0.99557,1.00,-0.09732,-0.05159,-0.00505,0.99390,-0.09231,-0.02657,-0.02110,0.99515,1.00
13343,0.00,0.00,0.00614,0.02344,-0.01814,0.99954,-0.09792,-0.02431,-0.00239,0.99489,-0.09227,0.00081,-0.01830,0.99557,1.00,-0.09740,-0.05169,-0.00507,0.99389,-0.09231,-0.02657,-0.02113,0.99515,1.00
13354,0.00,0.00,0.00615,0.02347,-0.01817,0.99954,-0.09812,-0.02251,-0.00222,0.99492,-0.09241,0.00265,-0.01813,0.99555,1.00,-0.09762,-0.04989,-0.00490,0.99396,-0.09249,-0.02474,-0.02097,0.99519,1.00
13366,0.00,0.00,0.00614,0.02353,-0.01816,0.99954,-0.09810,-0.02257,-0.00223,0.99492,-0.09241,0.00265,-0.01813,0.99555,1.00,-0.09761,-0.04995,-0.00491,0.99396,-0.09249,-0.02474,-0.02097,0.99519,1.00
13376,0.00,0.00,0.00616,0.02357,-0.01811,0.99954,-0.09812,-0.02260,-0.00223,0.99492,-0.09241,0.00265,-0.01808,0.99555,1.00,-0.09763,-0.04998,-0.00491,0.99395,-0.09249,-0.02474,-0.02092,0.99519,1.00
13387,0.00,0.00,0.00610,0.02357,-0.01811,0.99954,-0.09805,-0.01787,-0.00176,0.99502,-0.09230,0.00738,-0.01758,0.99555,1.00,-0.09763,-0.04527,-0.00445,0.99418,-0.09245,-0.02003,-0.02042,0.99531,1.00
13399,0.00,0.00,0.00612,0.02355,-0.01815,0.99954,-0.09807,-0.01786,-0.00176,0.99502,-0.09230,0.00737,-0.01762,0.99555,1.00,-0.09764,-0.04527,-0.00445,0.99418,-0.09245,-0.02003,-0.02047,0.99531,1.00
13410,0.00,0.00,0.00618,0.02359,-0.01824,0.99954,-0.09813,-0.01792,-0.00177,0.99501,-0.09230,0.00736,-0.01771,0.99555,1.00,-0.09771,-0.04533,-0.00445,0.99417,-0.09244,-0.02004,-0.02056,0.99530,1.00
13421,0.00,0.00,0.00634,0.02358,-0.01824,0.99954,-0.09893,-0.01978,-0.00197,0.99490,-0.09298,0.00551,-0.01791,0.99549,1.00,-0.09848,-0.04718,-0.00467,0.99401,-0.09310,-0.02189,-0.02078,0.99520,1.00
13432,0.00,0.00,0.00646,0.02352,-0.01824,0.99954,-0.09905,-0.01972,-0.00196,0.99489,-0.09298,0.00551,-0.01791,0.99549,1.00,-0.09860,-0.04712,-0.00467,0.99400,-0.09310,-0.02189,-0.02079,0.99520,1.00
13443,0.00,0.00,0.00661,0.02349,-0.01822,0.99954,-0.09920,-0.01969,-0.00196,0.99487,-0.09298,0.00551,-0.01789,0.99549,1.00,-0.09875,-0.04709,-0.00468,0.99399,-0.09310,-0.02189,-0.02078,0.99520,1.00
13455,0.00,0.00,0.00678,0.02342,-0.01817,0.99954,-0.10043,-0.01754,-0.00177,0.99479,-0.09400,0.00760,-0.01761,0.99539,1.00,-0.10001,-0.04497,-0.00452,0.99396,-0.09415,-0.01982,-0.02054,0.99515,1.00
13466,0.00,0.00,0.00682,0.02339,-0.01819,0.99954,-0.10047,-0.01751,-0.00177,0.99478,-0.09400,0.00760,-0.01763,0.99539,1.00,-0.10005,-0.04494,-0.00452,0.99396,-0.09415,-0.01982,-0.02057,0.99515,1.00
13477,0.00,0.00,0.00687,0.02333,-0.01818,0.99954,-0.10053,-0.01745,-0.00176,0.99478,-0.09400,0.00760,-0.01763,0.99539,1.00,-0.10011,-0.04488,-0.00452,0.99395,-0.09415,-0.01982,-0.02056,0.99515,1.00
13488,0.00,0.00,0.00692,0.02327,-0.01813,0.99954,-0.10027,-0.01916,-0.00193,0.99477,-0.09373,0.00583,-0.01776,0.99542,1.00,-0.09982,-0.04658,-0.00468,0.99390,-0.09385,-0.02158,-0.02069,0.99514,1.00
13499,0.00,0.00,0.00697,0.02324,-0.01813,0.99954,-0.10032,-0.01913,-0.00193,0.99477,-0.09373,0.00583,-0.01776,0.99542,1.00,-0.09988,-0.04655,-0.00468,0.99390,-0.09385,-0.02158,-0.02069,0.99514,1.00
13511,0.00,0.00,0.00703,0.02312,-0.01813,0.99954,-0.10038,-0.01901,-0.00192,0.99477,-0.09373,0.00583,-0.01777,0.99542,1.00,-0.09994,-0.04642,-0.00467,0.99390,-0.09385,-0.02158,-0.02070,0.99514,1.00
13521,0.00,0.00,0.00715,0.02307,-0.01814,0.99954,-0.10203,-0.01909,-0.00196,0.99460,-0.09526,0.00573,-0.01779,0.99528,1.00,-0.10157,-0.04652,-0.00476,0.99373,-0.09537,-0.02170,-0.02077,0.99499,1.00
13533,0.00,0.00,0.00731,0.02296,-0.01820,0.99954,-0.10219,-0.01900,-0.00195,0.99458,-0.09526,0.00572,-0.01784,0.99528,1.00,-0.10173,-0.04643,-0.00475,0.99372,-0.09537,-0.02171,-0.02084,0.99499,1.00
13544,0.00,0.00,0.00750,0.02284,-0.01815,0.99955,-0.10238,-0.01888,-0.00194,0.99456,-0.09526,0.00572,-0.01779,0.99528,1.00,-0.10193,-0.04631,-0.00475,0.99370,-0.09537,-0.02170,-0.02080,0.99499,1.00
13555,0.00,0.00,0.00761,0.02270,-0.01818,0.99955,-0.10152,-0.01917,-0.00196,0.99465,-0.09430,0.00527,-0.01788,0.99537,1.00,-0.10106,-0.04660,-0.00474,0.99378,-0.09441,-0.02215,-0.02086,0.99507,1.00
13566,0.00,0.00,0.00771,0.02260,-0.01810,0.99955,-0.10162,-0.01906,-0.00195,0.99464,-0.09430,0.00528,-0.01780,0.99537,1.00,-0.10117,-0.04649,-0.00473,0.99377,-0.09441,-0.02214,-0.02079,0.99507,1.00
13577,0.00,0.00,0.00772,0.02252,-0.01803,0.99955,-0.10163,-0.01897,-0.00194,0.99464,-0.09430,0.00529,-0.01773,0.99537,1.00,-0.10118,-0.04640,-0.00472,0.99377,-0.09441,-0.02213,-0.02072,0.99507,1.00
13588,0.00,0.00,0.00774,0.02248,-0.01798,0.99956,-0.10330,-0.01920,-0.00199,0.99446,-0.09595,0.00503,-0.01770,0.99522,1.00,-0.10285,-0.04664,-0.00483,0.99359,-0.09606,-0.02241,-0.02074,0.99491,1.00
13599,0.00,0.00,0.00772,0.02240,-0.01798,0.99956,-0.10329,-0.01913,-0.00199,0.99447,-0.09595,0.00503,-0.01770,0.99522,1.00,-0.10283,-0.04657,-0.00482,0.99360,-0.09606,-0.02240,-0.02073,0.99491,1.00
13611,0.00,0.00,0.00767,0.02242,-0.01792,0.99956,-0.10323,-0.01913,-0.00199,0.99447,-0.09595,0.00504,-0.01764,0.99522,1.00,-0.10278,-0.04658,-0.00482,0.99360,-0.09606,-0.02240,-0.02068,0.99491,1.00
13622,0.00,0.00,0.00762,0.02247,-0.01791,0.99956,-0.10098,-0.01887,-0.00192,0.99471,-0.09374,0.00532,-0.01760,0.99543,1.00,-0.10055,-0.04629,-0.00468,0.99384,-0.09386,-0.02210,-0.02057,0.99513,1.00
13633,0.00,0.00,0.00759,0.02253,-0.01786,0.99956,-0.10096,-0.01891,-0.00192,0.99471,-0.09374,0.00533,-0.01755,0.99543,1.00,-0.10052,-0.04633,-0.00469,0.99384,-0.09386,-0.02209,-0.02052,0.99513,1.00
13644,0.00,0.00,0.00761,0.02261,-0.01782,0.99956,-0.10097,-0.01899,-0.00193,0.99471,-0.09374,0.00533,-0.01752,0.99543,1.00,-0.10053,-0.04641,-0.00469,0.99384,-0.09386,-0.02209,-0.02049,0.99513,1.00
13655,0.00,0.00,0.00760,0.02266,-0.01784,0.99956,-0.10164,-0.01913,-0.00195,0.99464,-0.09442,0.00525,-0.01754,0.99536,1.00,-0.10119,-0.04656,-0.00474,0.99377,-0.09453,-0.02218,-0.02053,0.99506,1.00
13666,0.00,0.00,0.00760,0.02269,-0.01782,0.99955,-0.10163,-0.01915,-0.00196,0.99464,-0.09442,0.00525,-0.01752,0.99536,1.00,-0.10119,-0.04658,-0.00474,0.99376,-0.09453,-0.02217,-0.02051,0.99506,1.00
13677,0.00,0.00,0.00753,0.02272,-0.01787,0.99955,-0.10157,-0.01919,-0.00196,0.99464,-0.09442,0.00525,-0.01757,0.99536,1.00,-0.10112,-0.04662,-0.00474,0.99377,-0.09453,-0.02218,-0.02055,0.99506,1.00
13688,0.00,0.00,0.00755,0.02268,-0.01794,0.99955,-0.10159,-0.01923,-0.00196,0.99464,-0.09443,0.00518,-0.01765,0.99536,1.00,-0.10114,-0.04666,-0.00475,0.99377,-0.09454,-0.02224,-0.02064,0.99506,1.00
13699,0.00,0.00,0.00751,0.02267,-0.01805,0.99955,-0.10155,-0.01924,-0.00196,0.99464,-0.09443,0.00517,-0.01776,0.99536,1.00,-0.10109,-0.04666,-0.00475,0.99377,-0.09454,-0.02225,-0.02074,0.99506,1.00
13711,0.00,0.00,0.00741,0.02265,-0.01814,0.99955,-0.10145,-0.01923,-0.00196,0.99465,-0.09443,0.00516,-0.01785,0.99536,1.00,-0.10099,-0.04666,-0.00474,0.99378,-0.09453,-0.02226,-0.02082,0.99505,1.00
13722,0.00,0.00,0.00733,0.02267,-0.01820,0.99955,-0.10189,-0.01965,-0.00201,0.99460,-0.09496,0.00478,-0.01795,0.99531,1.00,-0.10142,-0.04708,-0.00480,0.99372,-0.09505,-0.02265,-0.02093,0.99499,1.00
13733,0.00,0.00,0.00729,0.02267,-0.01834,0.99955,-0.10185,-0.01968,-0.00202,0.99460,-0.09496,0.00477,-0.01809,0.99531,1.00,-0.10137,-0.04711,-0.00481,0.99372,-0.09505,-0.02266,-0.02108,0.99499,1.00
13744,0.00,0.00,0.00734,0.02280,-0.01857,0.99954,-0.10189,-0.01985,-0.00203,0.99460,-0.09496,0.00474,-0.01832,0.99530,1.00,-0.10140,-0.04728,-0.00482,0.99371,-0.09505,-0.02268,-0.02131,0.99499,1.00
13755,0.00,0.00,0.00737,0.02292,-0.01871,0.99954,-0.10240,-0.01983,-0.00204,0.99454,-0.09545,0.00490,-0.01845,0.99525,1.00,-0.10191,-0.04727,-0.00485,0.99366,-0.09554,-0.02253,-0.02145,0.99494,1.00
13766,0.00,0.00,0.00736,0.02311,-0.01867,0.99953,-0.10240,-0.02001,-0.00206,0.99454,-0.09545,0.00490,-0.01841,0.99525,1.00,-0.10191,-0.04745,-0.00487,0.99365,-0.09554,-0.02252,-0.02141,0.99494,1.00
13778,0.00,0.00,0.00744,0.02328,-0.01853,0.99953,-0.10247,-0.02015,-0.00208,0.99453,-0.09545,0.00492,-0.01827,0.99525,1.00,-0.10199,-0.04759,-0.00488,0.99363,-0.09555,-0.02251,-0.02127,0.99494,1.00
13788,0.00,0.00,0.00754,0.02339,-0.01828,0.99953,-0.10227,-0.02018,-0.00208,0.99455,-0.09514,0.00498,-0.01801,0.99529,1.00,-0.10182,-0.04761,-0.00488,0.99365,-0.09526,-0.02245,-0.02102,0.99498,1.00
13799,0.00,0.00,0.00760,0.02350,-0.01814,0.99953,-0.10233,-0.02026,-0.00208,0.99454,-0.09514,0.00499,-0.01788,0.99529,1.00,-0.10189,-0.04769,-0.00489,0.99364,-0.09526,-0.02243,-0.02088,0.99498,1.00
13811,0.00,0.00,0.00765,0.02359,-0.01809,0.99953,-0.10238,-0.02034,-0.00209,0.99454,-0.09514,0.00500,-0.01783,0.99529,1.00,-0.10193,-0.04778,-0.00490,0.99363,-0.09527,-0.02243,-0.02084,0.99498,1.00
13822,0.00,0.00,0.00763,0.02362,-0.01814,0.99953,-0.09965,-0.02055,-0.00206,0.99481,-0.09243,0.00478,-0.01790,0.99555,1.00,-0.09920,-0.04796,-0.00479,0.99390,-0.09256,-0.02263,-0.02083,0.99523,1.00
13833,0.00,0.00,0.00758,0.02358,-0.01814,0.99953,-0.09960,-0.02051,-0.00205,0.99481,-0.09243,0.00478,-0.01790,0.99555,1.00,-0.09916,-0.04792,-0.00478,0.99391,-0.09256,-0.02263,-0.02083,0.99523,1.00
13844,0.00,0.00,0.00750,0.02346,-0.01813,0.99953,-0.09953,-0.02039,-0.00204,0.99482,-0.09243,0.00478,-0.01790,0.99555,1.00,-0.09908,-0.04780,-0.00477,0.99392,-0.09256,-0.02263,-0.02082,0.99523,1.00
13856,0.00,0.00,0.00738,0.02330,-0.01813,0.99954,-0.09932,-0.02074,-0.00207,0.99484,-0.09236,0.00426,-0.01795,0.99556,1.00,-0.09886,-0.04815,-0.00479,0.99392,-0.09247,-0.02314,-0.02086,0.99523,1.00
13866,0.00,0.00,0.00731,0.02308,-0.01810,0.99954,-0.09926,-0.02052,-0.00205,0.99485,-0.09236,0.00426,-0.01791,0.99556,1.00,-0.09880,-0.04792,-0.00476,0.99394,-0.09247,-0.02314,-0.02082,0.99523,1.00
13878,0.00,0.00,0.00726,0.02281,-0.01830,0.99955,-0.09921,-0.02029,-0.00202,0.99486,-0.09236,0.00424,-0.01812,0.99555,1.00,-0.09875,-0.04769,-0.00474,0.99396,-0.09246,-0.02316,-0.02102,0.99523,1.00
13889,0.00,0.00,0.00721,0.02261,-0.01839,0.99955,-0.09958,-0.01959,-0.00196,0.99483,-0.09276,0.00475,-0.01814,0.99551,1.00,-0.09911,-0.04700,-0.00469,0.99395,-0.09287,-0.02266,-0.02106,0.99520,1.00
13900,0.00,0.00,0.00715,0.02249,-0.01856,0.99955,-0.09952,-0.01951,-0.00195,0.99484,-0.09277,0.00473,-0.01832,0.99551,1.00,-0.09904,-0.04691,-0.00467,0.99397,-0.09287,-0.02267,-0.02123,0.99519,1.00
13911,0.00,0.00,0.00717,0.02234,-0.01865,0.99955,-0.09954,-0.01938,-0.00194,0.99484,-0.09277,0.00472,-0.01841,0.99551,1.00,-0.09905,-0.04679,-0.00466,0.99397,-0.09286,-0.02268,-0.02132,0.99519,1.00
13922,0.00,0.00,0.00710,0.02239,-0.01879,0.99955,-0.10175,-0.01980,-0.00203,0.99461,-0.09506,0.00441,-0.01858,0.99529,1.00,-0.10126,-0.04723,-0.00481,0.99373,-0.09515,-0.02301,-0.02155,0.99496,1.00
13933,0.00,0.00,0.00700,0.02241,-0.01877,0.99955,-0.10165,-0.01981,-0.00202,0.99462,-0.09506,0.00441,-0.01856,0.99529,1.00,-0.10116,-0.04723,-0.00481,0.99374,-0.09516,-0.02301,-0.02152,0.99496,1.00
13945,0.00,0.00,0.00687,0.02242,-0.01881,0.99955,-0.10152,-0.01982,-0.00202,0.99463,-0.09506,0.00441,-0.01859,0.99529,1.00,-0.10103,-0.04725,-0.00480,0.99375,-0.09515,-0.02301,-0.02155,0.99496,1.00
13955,0.00,0.00,0.00659,0.02269,-0.01873,0.99955,-0.09926,-0.01936,-0.00193,0.99487,-0.09306,0.00510,-0.01844,0.99548,1.00,-0.09881,-0.04677,-0.00465,0.99400,-0.09319,-0.02231,-0.02133,0.99517,1.00
13966,0.00,0.00,0.00652,0.02287,-0.01877,0.99954,-0.09919,-0.01954,-0.00195,0.99487,-0.09306,0.00510,-0.01848,0.99548,1.00,-0.09874,-0.04694,-0.00466,0.99399,-0.09319,-0.02231,-0.02137,0.99517,1.00
13978,0.00,0.00,0.00641,0.02311,-0.01898,0.99953,-0.09907,-0.01982,-0.00197,0.99488,-0.09306,0.00508,-0.01869,0.99547,1.00,-0.09861,-0.04723,-0.00468,0.99399,-0.09319,-0.02233,-0.02157,0.99516,1.00
13989,0.00,0.00,0.00636,0.02335,-0.01922,0.99952,-0.10092,-0.01849,-0.00188,0.99472,-0.09495,0.00670,-0.01875,0.99528,1.00,-0.10047,-0.04591,-0.00464,0.99387,-0.09509,-0.02073,-0.02169,0.99502,1.00
14000,0.00,0.00,0.00624,0.02359,-0.01934,0.99952,-0.10079,-0.01875,-0.00190,0.99473,-0.09495,0.00669,-0.01888,0.99528,1.00,-0.10033,-0.04617,-0.00466,0.99387,-0.09508,-0.02074,-0.02180,0.99501,1.00
14012,0.00,0.00,0.00617,0.02380,-0.01933,0.99951,-0.10072,-0.01895,-0.00192,0.99473,-0.09495,0.00669,-0.01887,0.99528,1.00,-0.10026,-0.04638,-0.00468,0.99387,-0.09508,-0.02074,-0.02179,0.99501,1.00
14022,0.00,0.00,0.00616,0.02389,-0.01936,0.99951,-0.10104,-0.01853,-0.00188,0.99471,-0.09527,0.00722,-0.01884,0.99525,1.00,-0.10059,-0.04596,-0.00465,0.99385,-0.09542,-0.02021,-0.02177,0.99499,1.00
14033,0.00,0.00,0.00615,0.02400,-0.01926,0.99951,-0.10103,-0.01861,-0.00189,0.99471,-0.09527,0.00722,-0.01873,0.99525,1.00,-0.10059,-0.04604,-0.00466,0.99385,-0.09543,-0.02020,-0.02167,0.99500,1.00
14045,10.00,0.00,0.00621,0.02404,-0.01927,0.99951,-0.10109,-0.01865,-0.00190,0.99470,-0.09527,0.00722,-0.01874,0.99525,1.00,-0.10064,-0.04608,-0.00467,0.99384,-0.09543,-0.02020,-0.02168,0.99500,1.00
14056,10.00,0.00,0.00614,0.02407,-0.01933,0.99950,-0.10123,-0.02049,-0.00209,0.99465,-0.09552,0.00543,-0.01900,0.99523,1.00,-0.10076,-0.04791,-0.00486,0.99375,-0.09565,-0.02199,-0.02194,0.99493,1.00
14067,10.00,0.00,0.00619,0.02393,-0.01938,0.99951,-0.10128,-0.02035,-0.00207,0.99465,-0.09552,0.00543,-0.01905,0.99523,1.00,-0.10081,-0.04777,-0.00485,0.99375,-0.09565,-0.02199,-0.02198,0.99493,1.00
14078,10.00,0.00,0.00627,0.02378,-0.01945,0.99951,-0.10136,-0.02023,-0.00206,0.99464,-0.09552,0.00542,-0.01913,0.99523,1.00,-0.10089,-0.04765,-0.00484,0.99374,-0.09565,-0.02200,-0.02207,0.99493,1.00
14089,10.00,0.00,0.00635,0.02360,-0.01947,0.99951,-0.10053,-0.01982,-0.00200,0.99473,-0.09460,0.00563,-0.01912,0.99532,1.00,-0.10006,-0.04724,-0.00476,0.99385,-0.09473,-0.02178,-0.02204,0.99502,1.00
14100,10.00,0.00,0.00641,0.02334,-0.01947,0.99952,-0.10060,-0.01957,-0.00198,0.99473,-0.09460,0.00563,-0.01912,0.99532,1.00,-0.10013,-0.04698,-0.00473,0.99385,-0.09473,-0.02178,-0.02204,0.99502,1.00
14112,10.00,0.00,0.00662,0.02316,-0.01941,0.99952,-0.10081,-0.01938,-0.00196,0.99472,-0.09460,0.00564,-0.01907,0.99532,1.00,-0.10035,-0.04679,-0.00472,0.99384,-0.09473,-0.02178,-0.02200,0.99502,1.00
14122,10.00,0.00,0.00683,0.02293,-0.01933,0.99953,-0.10045,-0.02088,-0.00211,0.99472,-0.09406,0.00390,-0.01917,0.99537,1.00,-0.09998,-0.04829,-0.00486,0.99381,-0.09419,-0.02351,-0.02210,0.99503,1.00
14134,10.00,0.00,0.00699,0.02270,-0.01920,0.99953,-0.10061,-0.02063,-0.00209,0.99471,-0.09406,0.00391,-0.01905,0.99538,1.00,-0.10015,-0.04804,-0.00484,0.99380,-0.09419,-0.02350,-0.02198,0.99503,1.00
14146,10.00,0.00,0.00717,0.02249,-0.01909,0.99954,-0.10080,-0.02040,-0.00207,0.99470,-0.09406,0.00392,-0.01894,0.99538,1.00,-0.10034,-0.04781,-0.00483,0.99379,-0.09419,-0.02349,-0.02189,0.99504,1.00
14156,10.00,0.00,0.00739,0.02231,-0.01910,0.99954,-0.10067,-0.02404,-0.00243,0.99463,-0.09378,0.00010,-0.01936,0.99541,1.00,-0.10016,-0.05143,-0.00518,0.99363,-0.09386,-0.02729,-0.02230,0.99496,1.00
14167,10.00,0.00,0.00755,0.02210,-0.01905,0.99955,-0.10083,-0.02383,-0.00242,0.99462,-0.09378,0.00010,-0.01932,0.99541,1.00,-0.10032,-0.05122,-0.00517,0.99362,-0.09386,-0.02729,-0.02227,0.99496,1.00
14179,10.00,0.00,0.00764,0.02197,-0.01905,0.99955,-0.10091,-0.02370,-0.00240,0.99461,-0.09378,0.00010,-0.01931,0.99541,1.00,-0.10041,-0.05110,-0.00516,0.99362,-0.09386,-0.02729,-0.02227,0.99496,1.00
14189,10.00,0.00,0.00762,0.02187,-0.01892,0.99955,-0.10029,-0.02419,-0.00244,0.99466,-0.09318,-0.00050,-0.01925,0.99546,1.00,-0.09978,-0.05158,-0.00518,0.99366,-0.09326,-0.02789,-0.02219,0.99500,1.00
14200,10.00,0.00,0.00763,0.02187,-0.01892,0.99955,-0.10030,-0.02418,-0.00244,0.99466,-0.09318,-0.00050,-0.01925,0.99546,1.00,-0.09980,-0.05157,-0.00518,0.99366,-0.09326,-0.02789,-0.02219,0.99500,1.00
14213,10.00,0.00,0.00769,0.02191,-0.01890,0.99955,-0.10036,-0.02422,-0.00244,0.99465,-0.09318,-0.00050,-0.01923,0.99546,1.00,-0.09986,-0.05161,-0.00519,0.99365,-0.09326,-0.02789,-0.02217,0.99500,1.00
14223,10.00,0.00,0.00782,0.02193,-0.01891,0.99955,-0.10012,-0.02473,-0.00249,0.99466,-0.09283,-0.00099,-0.01929,0.99549,1.00,-0.09961,-0.05212,-0.00522,0.99365,-0.09290,-0.02838,-0.02223,0.99502,1.00
14234,10.00,0.00,0.00795,0.02208,-0.01889,0.99955,-0.10025,-0.02487,-0.00251,0.99465,-0.09283,-0.00099,-0.01927,0.99550,1.00,-0.09974,-0.05226,-0.00525,0.99363,-0.09290,-0.02838,-0.02222,0.99502,1.00
14246,10.00,0.00,0.00805,0.02228,-0.01886,0.99954,-0.10035,-0.02508,-0.00253,0.99463,-0.09283,-0.00099,-0.01925,0.99550,1.00,-0.09983,-0.05247,-0.00527,0.99361,-0.09290,-0.02837,-0.02220,0.99502,1.00
14256,10.00,0.00,0.00811,0.02234,-0.01880,0.99954,-0.10163,-0.02396,-0.00245,0.99453,-0.09403,0.00020,-0.01907,0.99539,1.00,-0.10113,-0.05137,-0.00523,0.99353,-0.09411,-0.02720,-0.02206,0.99495,1.00
14267,10.00,0.00,0.00815,0.02243,-0.01872,0.99954,-0.10167,-0.02404,-0.00246,0.99452,-0.09403,0.00021,-0.01899,0.99539,1.00,-0.10117,-0.05144,-0.00524,0.99352,-0.09411,-0.02720,-0.02198,0.99495,1.00
14279,10.00,0.00,0.00822,0.02245,-0.01873,0.99954,-0.10174,-0.02406,-0.00246,0.99452,-0.09403,0.00021,-0.01900,0.99539,1.00,-0.10124,-0.05147,-0.00524,0.99352,-0.09411,-0.02720,-0.02200,0.99495,1.00
14290,10.00,0.00,0.00819,0.02250,-0.01871,0.99954,-0.10144,-0.02524,-0.00257,0.99452,-0.09378,-0.00093,-0.01911,0.99541,1.00,-0.10092,-0.05264,-0.00535,0.99349,-0.09384,-0.02833,-0.02210,0.99494,1.00
14301,10.00,0.00,0.00812,0.02252,-0.01883,0.99954,-0.10136,-0.02528,-0.00258,0.99452,-0.09378,-0.00094,-0.01922,0.99541,1.00,-0.10083,-0.05268,-0.00535,0.99349,-0.09383,-0.02834,-0.02221,0.99494,1.00
14313,10.00,0.00,0.00796,0.02250,-0.01893,0.99954,-0.10120,-0.02528,-0.00257,0.99454,-0.09378,-0.00095,-0.01932,0.99541,1.00,-0.10067,-0.05267,-0.00534,0.99351,-0.09383,-0.02835,-0.02230,0.99493,1.00
14323,10.00,0.00,0.00775,0.02247,-0.01901,0.99954,-0.10089,-0.02509,-0.00255,0.99458,-0.09367,-0.00080,-0.01938,0.99541,1.00,-0.10035,-0.05249,-0.00530,0.99355,-0.09372,-0.02819,-0.02234,0.99495,1.00
14334,10.00,0.00,0.00760,0.02238,-0.01903,0.99954,-0.10074,-0.02500,-0.00253,0.99460,-0.09367,-0.00080,-0.01940,0.99541,1.00,-0.10020,-0.05239,-0.00528,0.99357,-0.09372,-0.02819,-0.02235,0.99495,1.00
14346,10.00,0.00,0.00752,0.02228,-0.01899,0.99954,-0.10066,-0.02490,-0.00252,0.99461,-0.09367,-0.00079,-0.01935,0.99542,1.00,-0.10012,-0.05229,-0.00527,0.99359,-0.09372,-0.02819,-0.02230,0.99495,1.00
14356,10.00,0.00,0.00749,0.02219,-0.01898,0.99955,-0.09931,-0.02477,-0.00247,0.99475,-0.09234,-0.00078,-0.01933,0.99554,1.00,-0.09879,-0.05215,-0.00518,0.99373,-0.09240,-0.02816,-0.02224,0.99508,1.00
14368,10.00,0.00,0.00750,0.02208,-0.01897,0.99955,-0.09932,-0.02466,-0.00246,0.99475,-0.09234,-0.00078,-0.01932,0.99554,1.00,-0.09880,-0.05204,-0.00517,0.99373,-0.09240,-0.02816,-0.02223,0.99508,1.00
14380,10.00,0.00,0.00743,0.02199,-0.01897,0.99955,-0.09925,-0.02457,-0.00245,0.99476,-0.09234,-0.00078,-0.01932,0.99554,1.00,-0.09873,-0.05195,-0.00516,0.99374,-0.09240,-0.02816,-0.02222,0.99508,1.00
14390,10.00,0.00,0.00738,0.02196,-0.01897,0.99955,-0.04393,-0.01694,-0.00075,0.99889,-0.03688,0.00584,-0.01885,0.99913,1.00,-0.04375,-0.04404,-0.00193,0.99807,-0.03724,-0.02125,-0.02022,0.99888,1.00
14401,10.00,0.00,0.00734,0.02198,-0.01912,0.99955,-0.04389,-0.01698,-0.00075,0.99889,-0.03688,0.00583,-0.01900,0.99912,1.00,-0.04370,-0.04407,-0.00193,0.99807,-0.03724,-0.02126,-0.02037,0.99887,1.00
14413,10.00,0.00,0.00739,0.02209,-0.01925,0.99954,-0.04394,-0.01709,-0.00075,0.99889,-0.03688,0.00583,-0.01913,0.99912,1.00,-0.04374,-0.04418,-0.00194,0.99806,-0.03723,-0.02126,-0.02051,0.99887,1.00
14423,10.00,0.00,0.00737,0.02218,-0.01939,0.99954,-0.02612,-0.01428,-0.00037,0.99956,-0.01903,0.00841,-0.01928,0.99960,1.00,-0.02600,-0.04133,-0.00108,0.99881,-0.01945,-0.01865,-0.02017,0.99943,1.00
14435,10.00,0.00,0.00738,0.02231,-0.01937,0.99954,-0.02613,-0.01441,-0.00038,0.99955,-0.01903,0.00841,-0.01926,0.99960,1.00,-0.02601,-0.04146,-0.00108,0.99880,-0.01946,-0.01865,-0.02015,0.99943,1.00
14447,10.00,0.00,0.00739,0.02240,-0.01925,0.99954,-0.02614,-0.01449,-0.00038,0.99955,-0.01903,0.00841,-0.01914,0.99960,1.00,-0.02603,-0.04154,-0.00108,0.99880,-0.01946,-0.01864,-0.02003,0.99944,1.00
14457,10.00,0.00,0.00736,0.02244,-0.01910,0.99954,-0.02318,-0.01516,-0.00035,0.99962,-0.01611,0.00772,-0.01903,0.99966,1.00,-0.02310,-0.04220,-0.00098,0.99884,-0.01656,-0.01932,-0.01984,0.99948,1.00
14468,10.00,0.00,0.00735,0.02248,-0.01892,0.99954,-0.02318,-0.01519,-0.00035,0.99962,-0.01611,0.00773,-0.01885,0.99966,1.00,-0.02310,-0.04224,-0.00098,0.99884,-0.01657,-0.01932,-0.01966,0.99948,1.00
14480,10.00,0.00,0.00725,0.02250,-0.01885,0.99954,-0.02307,-0.01521,-0.00035,0.99962,-0.01611,0.00773,-0.01878,0.99966,1.00,-0.02300,-0.04226,-0.00097,0.99884,-0.01657,-0.01932,-0.01959,0.99948,1.00
14490,10.00,0.00,0.00707,0.02245,-0.01891,0.99954,-0.02226,-0.01499,-0.00033,0.99964,-0.01547,0.00788,-0.01884,0.99967,1.00,-0.02219,-0.04203,-0.00093,0.99887,-0.01593,-0.01917,-0.01962,0.99950,1.00
14501,10.00,0.00,0.00674,0.02240,-0.01913,0.99954,-0.02193,-0.01494,-0.00033,0.99965,-0.01548,0.00787,-0.01906,0.99967,1.00,-0.02185,-0.04199,-0.00092,0.99888,-0.01592,-0.01917,-0.01982,0.99949,1.00
14513,10.00,0.00,0.00650,0.02229,-0.01913,0.99955,-0.02169,-0.01483,-0.00032,0.99965,-0.01548,0.00787,-0.01906,0.99967,1.00,-0.02160,-0.04187,-0.00091,0.99889,-0.01593,-0.01917,-0.01980,0.99949,1.00
14524,10.00,0.00,0.00617,0.02224,-0.01906,0.99955,-0.02060,-0.01472,-0.00030,0.99968,-0.01471,0.00791,-0.01898,0.99968,1.00,-0.02051,-0.04176,-0.00086,0.99892,-0.01516,-0.01913,-0.01969,0.99951,1.00
14535,10.00,0.00,0.00597,0.02218,-0.01898,0.99956,-0.02040,-0.01466,-0.00030,0.99968,-0.01471,0.00791,-0.01891,0.99968,1.00,-0.02032,-0.04170,-0.00085,0.99892,-0.01516,-0.01913,-0.01961,0.99951,1.00
14547,10.00,0.00,0.00568,0.02211,-0.01906,0.99956,-0.02011,-0.01459,-0.00029,0.99969,-0.01471,0.00791,-0.01898,0.99968,1.00,-0.02003,-0.04163,-0.00083,0.99893,-0.01516,-0.01913,-0.01966,0.99951,1.00
14557,10.00,0.00,0.00546,0.02220,-0.01911,0.99956,-0.02025,-0.01683,-0.00034,0.99965,-0.01511,0.00576,-0.01908,0.99969,1.00,-0.02016,-0.04386,-0.00089,0.99883,-0.01556,-0.02128,-0.01976,0.99946,1.00
14568,10.00,0.00,0.00535,0.02226,-0.01921,0.99955,-0.02014,-0.01689,-0.00034,0.99965,-0.01511,0.00576,-0.01919,0.99969,1.00,-0.02005,-0.04392,-0.00088,0.99883,-0.01555,-0.02128,-0.01986,0.99946,1.00
14580,10.00,0.00,0.00526,0.02243,-0.01930,0.99955,-0.02004,-0.01706,-0.00034,0.99965,-0.01511,0.00575,-0.01927,0.99968,1.00,-0.01995,-0.04409,-0.00088,0.99883,-0.01555,-0.02128,-0.01994,0.99945,1.00
14588,10.00,0.00,0.00522,0.02256,-0.01926,0.99955,-0.02067,-0.01913,-0.00040,0.99960,-0.01582,0.00383,-0.01928,0.99968,1.00,-0.02057,-0.04616,-0.00095,0.99872,-0.01626,-0.02320,-0.01996,0.99940,1.00
14600,10.00,0.00,0.00504,0.02272,-0.01926,0.99954,-0.02048,-0.01929,-0.00040,0.99960,-0.01582,0.00383,-0.01928,0.99968,1.00,-0.02039,-0.04631,-0.00095,0.99872,-0.01626,-0.02320,-0.01995,0.99940,1.00
14610,10.00,0.00,0.00480,0.02287,-0.01920,0.99954,-0.02024,-0.01943,-0.00039,0.99961,-0.01582,0.00383,-0.01921,0.99968,1.00,-0.02015,-0.04646,-0.00094,0.99872,-0.01626,-0.02320,-0.01987,0.99940,1.00
14622,10.00,0.00,0.00474,0.02302,-0.01922,0.99954,-0.02065,-0.01938,-0.00040,0.99960,-0.01628,0.00403,-0.01923,0.99967,1.00,-0.02056,-0.04640,-0.00096,0.99871,-0.01672,-0.02300,-0.01990,0.99940,1.00
14631,10.00,0.00,0.00469,0.02315,-0.01943,0.99953,-0.02059,-0.01952,-0.00040,0.99960,-0.01628,0.00403,-0.01944,0.99967,1.00,-0.02049,-0.04654,-0.00095,0.99871,-0.01672,-0.02300,-0.02010,0.99939,1.00
14641,10.00,0.00,0.00466,0.02328,-0.01970,0.99952,-0.02055,-0.01966,-0.00040,0.99960,-0.01628,0.00402,-0.01971,0.99967,1.00,-0.02043,-0.04668,-0.00096,0.99870,-0.01671,-0.02301,-0.02037,0.99939,1.00
14652,10.00,0.00,0.00454,0.02339,-0.01997,0.99952,-0.02012,-0.01778,-0.00036,0.99964,-0.01594,0.00601,-0.01993,0.99966,1.00,-0.02000,-0.04481,-0.00090,0.99879,-0.01638,-0.02102,-0.02057,0.99943,1.00
14663,10.00,0.00,0.00442,0.02340,-0.01989,0.99952,-0.02000,-0.01779,-0.00036,0.99964,-0.01594,0.00601,-0.01985,0.99966,1.00,-0.01989,-0.04482,-0.00089,0.99880,-0.01638,-0.02102,-0.02049,0.99943,1.00
14674,10.00,0.00,0.00428,0.02340,-0.01989,0.99952,-0.01986,-0.01778,-0.00035,0.99964,-0.01594,0.00601,-0.01985,0.99966,1.00,-0.01975,-0.04481,-0.00089,0.99880,-0.01638,-0.02102,-0.02048,0.99944,1.00
14685,10.00,0.00,0.00424,0.02341,-0.01974,0.99952,-0.01991,-0.01517,-0.00030,0.99969,-0.01597,0.00864,-0.01963,0.99964,1.00,-0.01982,-0.04221,-0.00084,0.99891,-0.01643,-0.01840,-0.02027,0.99949,1.00
14697,10.00,0.00,0.00420,0.02339,-0.01963,0.99952,-0.01987,-0.01514,-0.00030,0.99969,-0.01596,0.00864,-0.01953,0.99964,1.00,-0.01979,-0.04218,-0.00084,0.99891,-0.01643,-0.01840,-0.02016,0.99949,1.00
14708,10.00,0.00,0.00425,0.02338,-0.01955,0.99953,-0.01991,-0.01513,-0.00030,0.99969,-0.01596,0.00864,-0.01945,0.99965,1.00,-0.01984,-0.04216,-0.00084,0.99891,-0.01643,-0.01840,-0.02009,0.99949,1.00
14719,10.00,0.00,0.00421,0.02330,-0.01960,0.99953,-0.01990,-0.01717,-0.00034,0.99965,-0.01602,0.00651,-0.01954,0.99966,1.00,-0.01982,-0.04420,-0.00088,0.99883,-0.01649,-0.02052,-0.02018,0.99945,1.00
14731,10.00,0.00,0.00419,0.02325,-0.01971,0.99953,-0.01988,-0.01713,-0.00034,0.99966,-0.01602,0.00651,-0.01966,0.99966,1.00,-0.01979,-0.04416,-0.00088,0.99883,-0.01649,-0.02052,-0.02029,0.99945,1.00
14742,10.00,0.00,0.00420,0.02323,-0.01974,0.99953,-0.01989,-0.01711,-0.00034,0.99966,-0.01603,0.00651,-0.01969,0.99966,1.00,-0.01980,-0.04414,-0.00087,0.99883,-0.01649,-0.02052,-0.02032,0.99945,1.00
14753,10.00,0.00,0.00429,0.02320,-0.01973,0.99953,-0.01260,-0.01813,-0.00023,0.99976,-0.00866,0.00532,-0.01974,0.99975,1.00,-0.01254,-0.04515,-0.00057,0.99890,-0.00915,-0.02170,-0.02018,0.99952,1.00
14765,10.00,0.00,0.00438,0.02319,-0.01968,0.99953,-0.01268,-0.01812,-0.00023,0.99976,-0.00866,0.00532,-0.01969,0.99975,1.00,-0.01263,-0.04513,-0.00057,0.99890,-0.00915,-0.02170,-0.02013,0.99952,1.00
14776,10.00,0.00,0.00449,0.02315,-0.01966,0.99953,-0.01280,-0.01808,-0.00023,0.99975,-0.00866,0.00532,-0.01967,0.99976,1.00,-0.01274,-0.04510,-0.00058,0.99890,-0.00915,-0.02170,-0.02012,0.99952,1.00
14788,10.00,0.00,0.00460,0.02313,-0.01965,0.99953,-0.01288,-0.01811,-0.00023,0.99975,-0.00863,0.00527,-0.01966,0.99976,1.00,-0.01282,-0.04513,-0.00058,0.99890,-0.00912,-0.02175,-0.02012,0.99952,1.00
14799,10.00,0.00,0.00476,0.02309,-0.01968,0.99953,-0.01303,-0.01808,-0.00024,0.99975,-0.00863,0.00527,-0.01969,0.99976,1.00,-0.01298,-0.04509,-0.00059,0.99890,-0.00912,-0.02175,-0.02015,0.99952,1.00
14810,10.00,0.00,0.00497,0.02309,-0.01969,0.99953,-0.01325,-0.01808,-0.00024,0.99975,-0.00863,0.00527,-0.01971,0.99975,1.00,-0.01319,-0.04510,-0.00060,0.99890,-0.00912,-0.02175,-0.02018,0.99952,1.00
14821,10.00,0.00,0.00508,0.02313,-0.01974,0.99952,-0.01471,-0.02050,-0.00030,0.99968,-0.01004,0.00293,-0.01980,0.99975,1.00,-0.01464,-0.04751,-0.00070,0.99876,-0.01052,-0.02409,-0.02031,0.99945,1.00
14833,10.00,0.00,0.00525,0.02319,-0.01978,0.99952,-0.01489,-0.02056,-0.00031,0.99968,-0.01004,0.00293,-0.01984,0.99975,1.00,-0.01482,-0.04756,-0.00071,0.99876,-0.01052,-0.02409,-0.02037,0.99945,1.00
14844,10.00,0.00,0.00533,0.02325,-0.01978,0.99952,-0.01497,-0.02062,-0.00031,0.99968,-0.01004,0.00293,-0.01985,0.99975,1.00,-0.01490,-0.04763,-0.00071,0.99875,-0.01052,-0.02409,-0.02038,0.99945,1.00
14856,10.00,0.00,0.00545,0.02335,-0.01978,0.99952,-0.01473,-0.01973,-0.00029,0.99970,-0.00967,0.00391,-0.01983,0.99975,1.00,-0.01466,-0.04674,-0.00069,0.99880,-0.01015,-0.02310,-0.02035,0.99947,1.00
14867,10.00,0.00,0.00559,0.02342,-0.01981,0.99951,-0.01486,-0.01980,-0.00029,0.99969,-0.00967,0.00391,-0.01986,0.99975,1.00,-0.01479,-0.04681,-0.00069,0.99879,-0.01015,-0.02311,-0.02040,0.99947,1.00
14879,10.00,0.00,0.00565,0.02351,-0.01985,0.99951,-0.01492,-0.01990,-0.00030,0.99969,-0.00967,0.00391,-0.01990,0.99975,1.00,-0.01485,-0.04691,-0.00070,0.99879,-0.01015,-0.02311,-0.02044,0.99947,1.00
14889,10.00,0.00,0.00573,0.02360,-0.01979,0.99951,-0.01300,-0.01988,-0.00026,0.99972,-0.00767,0.00399,-0.01985,0.99977,1.00,-0.01294,-0.04689,-0.00061,0.99882,-0.00816,-0.02303,-0.02033,0.99949,1.00
14901,10.00,0.00,0.00583,0.02370,-0.01968,0.99951,-0.01310,-0.01997,-0.00026,0.99971,-0.00767,0.00399,-0.01974,0.99977,1.00,-0.01305,-0.04698,-0.00061,0.99881,-0.00816,-0.02303,-0.02024,0.99950,1.00
14913,10.00,0.00,0.00589,0.02378,-0.01958,0.99951,-0.01316,-0.02005,-0.00026,0.99971,-0.00767,0.00399,-0.01964,0.99977,1.00,-0.01311,-0.04706,-0.00062,0.99881,-0.00816,-0.02303,-0.02014,0.99950,1.00
14923,10.00,0.00,0.00600,0.02383,-0.01947,0.99951,-0.01239,-0.01969,-0.00024,0.99973,-0.00677,0.00439,-0.01953,0.99978,1.00,-0.01235,-0.04670,-0.00058,0.99883,-0.00727,-0.02263,-0.02001,0.99952,1.00
14934,10.00,0.00,0.00613,0.02385,-0.01940,0.99951,-0.01252,-0.01971,-0.00025,0.99973,-0.00677,0.00439,-0.01946,0.99978,1.00,-0.01248,-0.04672,-0.00058,0.99883,-0.00727,-0.02263,-0.01995,0.99952,1.00
14946,10.00,0.00,0.00621,0.02386,-0.01945,0.99951,-0.01260,-0.01972,-0.00025,0.99973,-0.00677,0.00439,-0.01951,0.99978,1.00,-0.01256,-0.04673,-0.00059,0.99883,-0.00727,-0.02263,-0.02000,0.99952,1.00
14957,10.00,0.00,0.00636,0.02384,-0.01946,0.99951,-0.01128,-0.01947,-0.00022,0.99975,-0.00530,0.00459,-0.01953,0.99978,1.00,-0.01124,-0.04648,-0.00052,0.99886,-0.00580,-0.02242,-0.01999,0.99953,1.00
14968,10.00,0.00,0.00644,0.02381,-0.01944,0.99951,-0.01136,-0.01945,-0.00022,0.99975,-0.00530,0.00459,-0.01951,0.99979,1.00,-0.01132,-0.04646,-0.00053,0.99886,-0.00580,-0.02242,-0.01997,0.99953,1.00
14980,10.00,0.00,0.00653,0.02363,-0.01937,0.99951,-0.01145,-0.01926,-0.00022,0.99975,-0.00530,0.00459,-0.01944,0.99979,1.00,-0.01141,-0.04627,-0.00053,0.99886,-0.00580,-0.02242,-0.01991,0.99953,1.00
14990,10.00,0.00,0.00662,0.02342,-0.01928,0.99952,-0.01125,-0.02088,-0.00024,0.99972,-0.00504,0.00276,-0.01938,0.99980,1.00,-0.01121,-0.04788,-0.00054,0.99879,-0.00553,-0.02424,-0.01985,0.99949,1.00
15001,10.00,0.00,0.00668,0.02329,-0.01922,0.99952,-0.01132,-0.02075,-0.00023,0.99972,-0.00504,0.00276,-0.01933,0.99980,1.00,-0.01128,-0.04775,-0.00054,0.99880,-0.00553,-0.02424,-0.01980,0.99949,1.00
15013,10.00,0.00,0.00670,0.02316,-0.01921,0.99952,-0.01134,-0.02062,-0.00023,0.99972,-0.00504,0.00276,-0.01932,0.99980,1.00,-0.01130,-0.04762,-0.00054,0.99880,-0.00553,-0.02424,-0.01979,0.99950,1.00
15024,10.00,0.00,0.00670,0.02304,-0.01923,0.99953,-0.01335,-0.02071,-0.00028,0.99970,-0.00705,0.00260,-0.01933,0.99979,1.00,-0.01330,-0.04771,-0.00064,0.99877,-0.00753,-0.02441,-0.01985,0.99948,1.00
15035,10.00,0.00,0.00666,0.02299,-0.01920,0.99953,-0.01330,-0.02065,-0.00027,0.99970,-0.00705,0.00260,-0.01930,0.99979,1.00,-0.01325,-0.04766,-0.00063,0.99878,-0.00753,-0.02441,-0.01982,0.99948,1.00
15046,10.00,0.00,0.00664,0.02302,-0.01921,0.99953,-0.01329,-0.02068,-0.00027,0.99970,-0.00705,0.00260,-0.01931,0.99979,1.00,-0.01324,-0.04768,-0.00063,0.99877,-0.00753,-0.02441,-0.01983,0.99948,1.00
15057,10.00,0.00,0.00670,0.02311,-0.01932,0.99952,-0.01748,-0.02059,-0.00036,0.99964,-0.01119,0.00287,-0.01941,0.99975,1.00,-0.01740,-0.04760,-0.00083,0.99871,-0.01164,-0.02415,-0.02005,0.99944,1.00
15068,10.00,0.00,0.00680,0.02331,-0.01943,0.99952,-0.01758,-0.02079,-0.00037,0.99963,-0.01119,0.00287,-0.01952,0.99974,1.00,-0.01749,-0.04779,-0.00084,0.99870,-0.01164,-0.02415,-0.02016,0.99944,1.00
15080,10.00,0.00,0.00700,0.02360,-0.01947,0.99951,-0.01778,-0.02109,-0.00038,0.99962,-0.01119,0.00287,-0.01957,0.99974,1.00,-0.01769,-0.04809,-0.00085,0.99869,-0.01164,-0.02415,-0.02022,0.99944,1.00
15091,10.00,0.00,0.00718,0.02374,-0.01936,0.99951,-0.01786,-0.01949,-0.00035,0.99965,-0.01106,0.00460,-0.01942,0.99974,1.00,-0.01778,-0.04650,-0.00083,0.99876,-0.01152,-0.02242,-0.02008,0.99948,1.00
15102,10.00,0.00,0.00741,0.02393,-0.01920,0.99950,-0.01809,-0.01968,-0.00036,0.99964,-0.01106,0.00460,-0.01926,0.99974,1.00,-0.01802,-0.04670,-0.00084,0.99875,-0.01152,-0.02242,-0.01994,0.99948,1.00
15114,10.00,0.00,0.00772,0.02402,-0.01898,0.99950,-0.01840,-0.01976,-0.00036,0.99964,-0.01106,0.00461,-0.01905,0.99975,1.00,-0.01834,-0.04678,-0.00086,0.99874,-0.01153,-0.02242,-0.01973,0.99949,1.00
15124,10.00,0.00,0.00801,0.02419,-0.01891,0.99950,-0.01646,-0.01970,-0.00032,0.99967,-0.00883,0.00480,-0.01898,0.99977,1.00,-0.01641,-0.04672,-0.00077,0.99877,-0.00931,-0.02222,-0.01963,0.99952,1.00
15135,10.00,0.00,0.00823,0.02420,-0.01890,0.99949,-0.01668,-0.01972,-0.00033,0.99967,-0.00883,0.00480,-0.01899,0.99977,1.00,-0.01663,-0.04674,-0.00078,0.99877,-0.00931,-0.02222,-0.01964,0.99952,1.00
15147,10.00,0.00,0.00840,0.02423,-0.01897,0.99949,-0.01685,-0.01975,-0.00033,0.99966,-0.00883,0.00480,-0.01906,0.99977,1.00,-0.01679,-0.04677,-0.00079,0.99876,-0.00930,-0.02222,-0.01972,0.99952,1.00
15157,10.00,0.00,0.00845,0.02413,-0.01890,0.99949,-0.01608,-0.01926,-0.00031,0.99969,-0.00799,0.00518,-0.01898,0.99977,1.00,-0.01602,-0.04627,-0.00074,0.99880,-0.00846,-0.02184,-0.01963,0.99953,1.00
15168,10.00,0.00,0.00853,0.02401,-0.01879,0.99950,-0.01616,-0.01914,-0.00031,0.99969,-0.00799,0.00518,-0.01887,0.99978,1.00,-0.01611,-0.04616,-0.00074,0.99880,-0.00846,-0.02184,-0.01952,0.99954,1.00
15180,10.00,0.00,0.00866,0.02386,-0.01865,0.99950,-0.01629,-0.01899,-0.00031,0.99969,-0.00799,0.00518,-0.01873,0.99978,1.00,-0.01624,-0.04601,-0.00075,0.99881,-0.00847,-0.02184,-0.01938,0.99954,1.00
15191,10.00,0.00,0.00870,0.02375,-0.01860,0.99951,-0.01577,-0.01863,-0.00029,0.99970,-0.00743,0.00541,-0.01868,0.99978,1.00,-0.01572,-0.04565,-0.00072,0.99883,-0.00790,-0.02161,-0.01932,0.99955,1.00
15202,10.00,0.00,0.00869,0.02354,-0.01859,0.99951,-0.01577,-0.01843,-0.00029,0.99971,-0.00743,0.00541,-0.01867,0.99978,1.00,-0.01573,-0.04544,-0.00072,0.99884,-0.00790,-0.02161,-0.01931,0.99955,1.00
15214,10.00,0.00,0.00877,0.02346,-0.01863,0.99951,-0.01585,-0.01835,-0.00029,0.99971,-0.00743,0.00541,-0.01871,0.99978,1.00,-0.01580,-0.04537,-0.00072,0.99885,-0.00790,-0.02161,-0.01936,0.99955,1.00
15224,10.00,0.00,0.00884,0.02333,-0.01874,0.99951,-0.01634,-0.02038,-0.00033,0.99966,-0.00788,0.00327,-0.01887,0.99979,1.00,-0.01627,-0.04738,-0.00077,0.99874,-0.00833,-0.02375,-0.01953,0.99949,1.00
15235,10.00,0.00,0.00894,0.02326,-0.01869,0.99951,-0.01644,-0.02031,-0.00033,0.99966,-0.00788,0.00327,-0.01881,0.99979,1.00,-0.01637,-0.04731,-0.00078,0.99875,-0.00833,-0.02375,-0.01948,0.99949,1.00
15247,10.00,0.00,0.00902,0.02321,-0.01869,0.99952,-0.01652,-0.02026,-0.00033,0.99966,-0.00788,0.00327,-0.01882,0.99979,1.00,-0.01644,-0.04727,-0.00078,0.99875,-0.00833,-0.02375,-0.01949,0.99949,1.00
15258,10.00,0.00,0.00897,0.02311,-0.01854,0.99952,-0.01625,-0.02007,-0.00033,0.99967,-0.00765,0.00334,-0.01867,0.99979,1.00,-0.01618,-0.04708,-0.00076,0.99876,-0.00810,-0.02368,-0.01933,0.99950,1.00
15269,10.00,0.00,0.00897,0.02307,-0.01847,0.99952,-0.01625,-0.02004,-0.00033,0.99967,-0.00765,0.00334,-0.01860,0.99979,1.00,-0.01619,-0.04705,-0.00076,0.99876,-0.00810,-0.02368,-0.01926,0.99950,1.00
15280,10.00,0.00,0.00898,0.02303,-0.01837,0.99953,-0.01626,-0.02000,-0.00033,0.99967,-0.00765,0.00334,-0.01850,0.99979,1.00,-0.01621,-0.04701,-0.00076,0.99876,-0.00811,-0.02367,-0.01916,0.99950,1.00
15291,10.00,0.00,0.00902,0.02307,-0.01848,0.99952,-0.01613,-0.02079,-0.00034,0.99965,-0.00750,0.00258,-0.01862,0.99980,1.00,-0.01606,-0.04780,-0.00077,0.99873,-0.00795,-0.02443,-0.01928,0.99948,1.00
15302,10.00,0.00,0.00907,0.02318,-0.01870,0.99952,-0.01618,-0.02090,-0.00034,0.99965,-0.00750,0.00258,-0.01885,0.99979,1.00,-0.01610,-0.04791,-0.00077,0.99872,-0.00794,-0.02443,-0.01951,0.99948,1.00
15314,10.00,0.00,0.00907,0.02332,-0.01908,0.99950,-0.01617,-0.02106,-0.00034,0.99965,-0.00750,0.00258,-0.01922,0.99978,1.00,-0.01607,-0.04807,-0.00077,0.99871,-0.00794,-0.02443,-0.01989,0.99947,1.00
15325,10.00,0.00,0.00907,0.02339,-0.01908,0.99950,-0.01588,-0.02073,-0.00033,0.99966,-0.00720,0.00296,-0.01922,0.99979,1.00,-0.01578,-0.04774,-0.00075,0.99874,-0.00764,-0.02405,-0.01987,0.99948,1.00
15336,10.00,0.00,0.00913,0.02345,-0.01900,0.99950,-0.01594,-0.02079,-0.00033,0.99966,-0.00720,0.00296,-0.01914,0.99979,1.00,-0.01584,-0.04780,-0.00076,0.99873,-0.00764,-0.02405,-0.01980,0.99949,1.00
15347,10.00,0.00,0.00919,0.02361,-0.01891,0.99950,-0.01599,-0.02096,-0.00034,0.99965,-0.00720,0.00297,-0.01905,0.99979,1.00,-0.01590,-0.04796,-0.00076,0.99872,-0.00764,-0.02405,-0.01971,0.99949,1.00
15358,10.00,0.00,0.00926,0.02371,-0.01883,0.99950,-0.01600,-0.01764,-0.00028,0.99972,-0.00707,0.00637,-0.01889,0.99978,1.00,-0.01593,-0.04467,-0.00071,0.99887,-0.00753,-0.02065,-0.01956,0.99957,1.00
15369,10.00,0.00,0.00928,0.02383,-0.01879,0.99950,-0.01601,-0.01776,-0.00028,0.99971,-0.00707,0.00637,-0.01886,0.99978,1.00,-0.01595,-0.04479,-0.00071,0.99887,-0.00753,-0.02065,-0.01952,0.99957,1.00
15381,10.00,0.00,0.00928,0.02394,-0.01877,0.99949,-0.01601,-0.01787,-0.00029,0.99971,-0.00707,0.00637,-0.01883,0.99978,1.00,-0.01594,-0.04489,-0.00072,0.99886,-0.00753,-0.02065,-0.01950,0.99957,1.00
15391,10.00,0.00,0.00929,0.02408,-0.01869,0.99949,-0.01591,-0.01426,-0.00023,0.99977,-0.00688,0.01012,-0.01866,0.99975,1.00,-0.01586,-0.04130,-0.00066,0.99902,-0.00736,-0.01692,-0.01933,0.99964,1.00
15403,10.00,0.00,0.00933,0.02414,-0.01870,0.99949,-0.01595,-0.01432,-0.00023,0.99977,-0.00688,0.01012,-0.01867,0.99975,1.00,-0.01589,-0.04136,-0.00066,0.99902,-0.00736,-0.01692,-0.01934,0.99964,1.00
15414,10.00,0.00,0.00944,0.02419,-0.01864,0.99949,-0.01606,-0.01437,-0.00023,0.99977,-0.00688,0.01012,-0.01862,0.99975,1.00,-0.01601,-0.04140,-0.00066,0.99901,-0.00736,-0.01692,-0.01929,0.99964,1.00
15425,10.00,0.00,0.00955,0.02422,-0.01864,0.99949,-0.01656,-0.01410,-0.00023,0.99976,-0.00727,0.01043,-0.01861,0.99975,1.00,-0.01650,-0.04114,-0.00068,0.99902,-0.00774,-0.01661,-0.01930,0.99965,1.00
15436,10.00,0.00,0.00967,0.02418,-0.01865,0.99949,-0.01668,-0.01407,-0.00023,0.99976,-0.00727,0.01043,-0.01861,0.99975,1.00,-0.01662,-0.04110,-0.00068,0.99902,-0.00774,-0.01661,-0.01931,0.99965,1.00
15447,10.00,0.00,0.00982,0.02415,-0.01861,0.99949,-0.01683,-0.01403,-0.00024,0.99976,-0.00727,0.01043,-0.01857,0.99975,1.00,-0.01678,-0.04107,-0.00069,0.99902,-0.00774,-0.01661,-0.01928,0.99965,1.00
15458,10.00,0.00,0.00994,0.02405,-0.01859,0.99949,-0.01676,-0.01682,-0.00028,0.99972,-0.00713,0.00755,-0.01863,0.99977,1.00,-0.01670,-0.04385,-0.00073,0.99890,-0.00759,-0.01948,-0.01934,0.99959,1.00
15469,10.00,0.00,0.01005,0.02387,-0.01859,0.99949,-0.01687,-0.01664,-0.00028,0.99972,-0.00713,0.00755,-0.01863,0.99977,1.00,-0.01680,-0.04367,-0.00073,0.99890,-0.00759,-0.01948,-0.01935,0.99959,1.00
15481,10.00,0.00,0.01009,0.02383,-0.01858,0.99949,-0.01692,-0.01660,-0.00028,0.99972,-0.00713,0.00755,-0.01862,0.99977,1.00,-0.01685,-0.04362,-0.00074,0.99891,-0.00759,-0.01948,-0.01933,0.99959,1.00
15492,10.00,0.00,0.01014,0.02372,-0.01861,0.99949,-0.01863,-0.01725,-0.00032,0.99968,-0.00881,0.00682,-0.01866,0.99976,1.00,-0.01856,-0.04427,-0.00082,0.99885,-0.00926,-0.02020,-0.01942,0.99956,1.00
15503,10.00,0.00,0.01013,0.02362,-0.01862,0.99950,-0.01862,-0.01715,-0.00032,0.99968,-0.00881,0.00682,-0.01867,0.99976,1.00,-0.01854,-0.04418,-0.00082,0.99885,-0.00926,-0.02020,-0.01943,0.99956,1.00
15514,10.00,0.00,0.01012,0.02358,-0.01860,0.99950,-0.01861,-0.01711,-0.00032,0.99968,-0.00881,0.00682,-0.01865,0.99976,1.00,-0.01853,-0.04413,-0.00082,0.99885,-0.00926,-0.02020,-0.01941,0.99956,1.00
15525,10.00,0.00,0.01011,0.02358,-0.01856,0.99950,-0.01613,-0.01761,-0.00028,0.99971,-0.00635,0.00627,-0.01864,0.99979,1.00,-0.01607,-0.04463,-0.00072,0.99887,-0.00681,-0.02075,-0.01933,0.99957,1.00
15536,10.00,0.00,0.01010,0.02357,-0.01848,0.99950,-0.01612,-0.01761,-0.00028,0.99972,-0.00635,0.00627,-0.01856,0.99979,1.00,-0.01606,-0.04463,-0.00072,0.99887,-0.00681,-0.02075,-0.01925,0.99958,1.00
15548,10.00,0.00,0.01010,0.02360,-0.01837,0.99950,-0.01612,-0.01763,-0.00028,0.99971,-0.00635,0.00627,-0.01845,0.99979,1.00,-0.01607,-0.04465,-0.00072,0.99887,-0.00681,-0.02075,-0.01914,0.99958,1.00
15558,10.00,0.00,0.01013,0.02361,-0.01826,0.99950,-0.01792,-0.01780,-0.00032,0.99968,-0.00812,0.00614,-0.01833,0.99978,1.00,-0.01786,-0.04482,-0.00080,0.99884,-0.00858,-0.02088,-0.01907,0.99956,1.00
15570,10.00,0.00,0.01013,0.02369,-0.01818,0.99950,-0.01792,-0.01788,-0.00032,0.99968,-0.00812,0.00614,-0.01825,0.99978,1.00,-0.01787,-0.04490,-0.00080,0.99883,-0.00858,-0.02088,-0.01899,0.99956,1.00
15581,10.00,0.00,0.01015,0.02372,-0.01808,0.99950,-0.01794,-0.01790,-0.00032,0.99968,-0.00812,0.00614,-0.01815,0.99978,1.00,-0.01789,-0.04493,-0.00080,0.99883,-0.00858,-0.02088,-0.01890,0.99957,1.00
15592,10.00,0.00,0.01016,0.02375,-0.01802,0.99950,-0.01791,-0.01533,-0.00027,0.99972,-0.00802,0.00875,-0.01802,0.99977,1.00,-0.01786,-0.04236,-0.00076,0.99894,-0.00848,-0.01828,-0.01876,0.99962,1.00
15603,10.00,0.00,0.01011,0.02377,-0.01795,0.99951,-0.01786,-0.01534,-0.00027,0.99972,-0.00802,0.00875,-0.01795,0.99977,1.00,-0.01781,-0.04237,-0.00076,0.99894,-0.00848,-0.01828,-0.01869,0.99962,1.00
15614,10.00,0.00,0.01006,0.02374,-0.01792,0.99951,-0.01781,-0.01530,-0.00027,0.99972,-0.00802,0.00875,-0.01792,0.99977,1.00,-0.01777,-0.04234,-0.00075,0.99895,-0.00848,-0.01828,-0.01866,0.99962,1.00
15625,10.00,0.00,0.01002,0.02368,-0.01786,0.99951,-0.01776,-0.01521,-0.00027,0.99973,-0.00801,0.00880,-0.01785,0.99977,1.00,-0.01770,-0.04224,-0.00075,0.99895,-0.00845,-0.01824,-0.01859,0.99963,1.00
15636,10.00,0.00,0.00998,0.02363,-0.01785,0.99951,-0.01771,-0.01516,-0.00027,0.99973,-0.00801,0.00880,-0.01785,0.99977,1.00,-0.01766,-0.04219,-0.00075,0.99895,-0.00846,-0.01824,-0.01858,0.99963,1.00
15648,10.00,0.00,0.00995,0.02356,-0.01790,0.99951,-0.01769,-0.01508,-0.00027,0.99973,-0.00801,0.00880,-0.01789,0.99977,1.00,-0.01763,-0.04211,-0.00074,0.99896,-0.00845,-0.01824,-0.01863,0.99962,1.00
15659,10.00,0.00,0.00989,0.02347,-0.01788,0.99952,-0.01769,-0.01691,-0.00030,0.99970,-0.00811,0.00687,-0.01792,0.99978,1.00,-0.01762,-0.04394,-0.00078,0.99888,-0.00854,-0.02015,-0.01865,0.99959,1.00
15670,10.00,0.00,0.00988,0.02338,-0.01784,0.99952,-0.01769,-0.01683,-0.00030,0.99970,-0.00811,0.00687,-0.01789,0.99978,1.00,-0.01762,-0.04386,-0.00077,0.99888,-0.00854,-0.02015,-0.01862,0.99959,1.00
15681,10.00,0.00,0.00985,0.02334,-0.01786,0.99952,-0.01766,-0.01678,-0.00030,0.99970,-0.00811,0.00687,-0.01790,0.99978,1.00,-0.01759,-0.04381,-0.00077,0.99888,-0.00854,-0.02015,-0.01863,0.99959,1.00
15692,10.00,0.00,0.00984,0.02332,-0.01791,0.99952,-0.01744,-0.01777,-0.00031,0.99969,-0.00792,0.00586,-0.01798,0.99979,1.00,-0.01736,-0.04479,-0.00078,0.99885,-0.00835,-0.02116,-0.01870,0.99957,1.00
15703,10.00,0.00,0.00971,0.02330,-0.01790,0.99952,-0.01731,-0.01775,-0.00031,0.99969,-0.00792,0.00586,-0.01797,0.99979,1.00,-0.01724,-0.04477,-0.00077,0.99885,-0.00835,-0.02116,-0.01869,0.99957,1.00
15714,10.00,0.00,0.00960,0.02330,-0.01788,0.99952,-0.01720,-0.01775,-0.00031,0.99969,-0.00792,0.00586,-0.01795,0.99979,1.00,-0.01713,-0.04477,-0.00077,0.99885,-0.00835,-0.02116,-0.01866,0.99957,1.00
15725,10.00,0.00,0.00954,0.02337,-0.01795,0.99952,-0.01528,-0.01710,-0.00026,0.99974,-0.00604,0.00655,-0.01801,0.99980,1.00,-0.01521,-0.04412,-0.00067,0.99891,-0.00648,-0.02047,-0.01866,0.99960,1.00
15737,10.00,0.00,0.00953,0.02346,-0.01812,0.99952,-0.01526,-0.01719,-0.00026,0.99974,-0.00605,0.00655,-0.01818,0.99980,1.00,-0.01519,-0.04422,-0.00067,0.99891,-0.00648,-0.02047,-0.01884,0.99959,1.00
15748,10.00,0.00,0.00955,0.02366,-0.01835,0.99951,-0.01528,-0.01739,-0.00027,0.99973,-0.00605,0.00655,-0.01842,0.99979,1.00,-0.01519,-0.04442,-0.00068,0.99890,-0.00647,-0.02048,-0.01907,0.99959,1.00
15759,10.00,0.00,0.00954,0.02374,-0.01836,0.99950,-0.01565,-0.01683,-0.00026,0.99974,-0.00642,0.00721,-0.01841,0.99978,1.00,-0.01556,-0.04385,-0.00068,0.99892,-0.00685,-0.01982,-0.01907,0.99960,1.00
15770,10.00,0.00,0.00951,0.02391,-0.01831,0.99950,-0.01562,-0.01699,-0.00027,0.99973,-0.00642,0.00721,-0.01836,0.99978,1.00,-0.01554,-0.04402,-0.00068,0.99891,-0.00685,-0.01982,-0.01902,0.99960,1.00
15781,10.00,0.00,0.00950,0.02393,-0.01819,0.99950,-0.01561,-0.01701,-0.00027,0.99973,-0.00642,0.00721,-0.01824,0.99979,1.00,-0.01553,-0.04403,-0.00068,0.99891,-0.00685,-0.01982,-0.01890,0.99960,1.00
15792,10.00,0.00,0.00951,0.02400,-0.01806,0.99950,-0.01552,-0.01651,-0.00026,0.99974,-0.00631,0.00777,-0.01810,0.99979,1.00,-0.01547,-0.04354,-0.00067,0.99893,-0.00676,-0.01926,-0.01876,0.99962,1.00
15803,10.00,0.00,0.00947,0.02406,-0.01801,0.99950,-0.01549,-0.01657,-0.00026,0.99974,-0.00631,0.00777,-0.01805,0.99979,1.00,-0.01543,-0.04359,-0.00067,0.99893,-0.00676,-0.01926,-0.01871,0.99962,1.00
15815,10.00,0.00,0.00946,0.02409,-0.01809,0.99950,-0.01547,-0.01660,-0.00026,0.99974,-0.00631,0.00777,-0.01812,0.99979,1.00,-0.01542,-0.04363,-0.00067,0.99893,-0.00676,-0.01926,-0.01878,0.99962,1.00
15825,10.00,0.00,0.00940,0.02406,-0.01820,0.99950,-0.01477,-0.01634,-0.00024,0.99976,-0.00566,0.00799,-0.01824,0.99979,1.00,-0.01470,-0.04336,-0.00064,0.99895,-0.00611,-0.01904,-0.01887,0.99962,1.00
15836,10.00,0.00,0.00932,0.02398,-0.01824,0.99950,-0.01468,-0.01626,-0.00024,0.99976,-0.00566,0.00799,-0.01827,0.99979,1.00,-0.01462,-0.04328,-0.00063,0.99896,-0.00611,-0.01904,-0.01890,0.99962,1.00
15848,10.00,0.00,0.00920,0.02384,-0.01819,0.99951,-0.01457,-0.01612,-0.00023,0.99976,-0.00566,0.00799,-0.01822,0.99979,1.00,-0.01451,-0.04315,-0.00063,0.99896,-0.00611,-0.01904,-0.01885,0.99962,1.00
15859,10.00,0.00,0.00907,0.02369,-0.01814,0.99951,-0.01452,-0.01465,-0.00021,0.99979,-0.00572,0.00931,-0.01814,0.99978,1.00,-0.01447,-0.04168,-0.00060,0.99903,-0.00617,-0.01772,-0.01877,0.99965,1.00
15870,10.00,0.00,0.00891,0.02356,-0.01811,0.99952,-0.01437,-0.01451,-0.00021,0.99979,-0.00572,0.00931,-0.01810,0.99978,1.00,-0.01432,-0.04154,-0.00060,0.99903,-0.00618,-0.01772,-0.01872,0.99965,1.00
15881,10.00,0.00,0.00885,0.02343,-0.01815,0.99952,-0.01431,-0.01439,-0.00021,0.99979,-0.00572,0.00931,-0.01815,0.99978,1.00,-0.01426,-0.04142,-0.00059,0.99904,-0.00617,-0.01772,-0.01876,0.99965,1.00
15893,10.00,0.00,0.00883,0.02341,-0.01818,0.99952,-0.01379,-0.01741,-0.00024,0.99975,-0.00528,0.00626,-0.01824,0.99980,1.00,-0.01373,-0.04442,-0.00061,0.99892,-0.00573,-0.02076,-0.01884,0.99959,1.00
15904,10.00,0.00,0.00884,0.02333,-0.01827,0.99952,-0.01380,-0.01732,-0.00024,0.99975,-0.00528,0.00626,-0.01834,0.99980,1.00,-0.01373,-0.04434,-0.00061,0.99892,-0.00573,-0.02076,-0.01893,0.99959,1.00
15915,10.00,0.00,0.00890,0.02330,-0.01830,0.99952,-0.01386,-0.01730,-0.00024,0.99975,-0.00528,0.00626,-0.01837,0.99980,1.00,-0.01380,-0.04431,-0.00061,0.99892,-0.00573,-0.02076,-0.01897,0.99959,1.00
15926,10.00,0.00,0.00893,0.02328,-0.01832,0.99952,-0.01387,-0.01786,-0.00025,0.99974,-0.00527,0.00568,-0.01840,0.99980,1.00,-0.01380,-0.04487,-0.00062,0.99890,-0.00571,-0.02134,-0.01900,0.99958,1.00
15937,10.00,0.00,0.00895,0.02329,-0.01831,0.99952,-0.01389,-0.01787,-0.00025,0.99974,-0.00527,0.00568,-0.01839,0.99980,1.00,-0.01382,-0.04489,-0.00062,0.99890,-0.00571,-0.02134,-0.01899,0.99958,1.00
15948,10.00,0.00,0.00884,0.02333,-0.01829,0.99952,-0.01378,-0.01791,-0.00025,0.99974,-0.00527,0.00568,-0.01837,0.99980,1.00,-0.01371,-0.04493,-0.00062,0.99890,-0.00571,-0.02134,-0.01897,0.99958,1.00
15959,10.00,0.00,0.00873,0.02336,-0.01818,0.99952,-0.01370,-0.01999,-0.00027,0.99971,-0.00533,0.00362,-0.01830,0.99981,1.00,-0.01364,-0.04700,-0.00064,0.99880,-0.00578,-0.02339,-0.01889,0.99953,1.00
15970,10.00,0.00,0.00866,0.02340,-0.01823,0.99952,-0.01363,-0.02003,-0.00027,0.99971,-0.00533,0.00362,-0.01835,0.99981,1.00,-0.01357,-0.04704,-0.00064,0.99880,-0.00578,-0.02339,-0.01894,0.99953,1.00
15981,10.00,0.00,0.00858,0.02351,-0.01838,0.99952,-0.01354,-0.02015,-0.00027,0.99971,-0.00533,0.00362,-0.01851,0.99981,1.00,-0.01347,-0.04715,-0.00064,0.99880,-0.00578,-0.02339,-0.01909,0.99953,1.00
15992,10.00,0.00,0.00851,0.02361,-0.01868,0.99951,-0.01543,-0.02027,-0.00031,0.99968,-0.00730,0.00363,-0.01880,0.99979,1.00,-0.01534,-0.04728,-0.00073,0.99876,-0.00773,-0.02338,-0.01943,0.99951,1.00
16004,10.00,0.00,0.00843,0.02368,-0.01865,0.99951,-0.01535,-0.02033,-0.00031,0.99968,-0.00730,0.00363,-0.01876,0.99979,1.00,-0.01526,-0.04734,-0.00072,0.99876,-0.00773,-0.02338,-0.01939,0.99951,1.00
16015,10.00,0.00,0.00843,0.02373,-0.01864,0.99951,-0.01535,-0.02039,-0.00031,0.99967,-0.00730,0.00363,-0.01875,0.99979,1.00,-0.01525,-0.04740,-0.00072,0.99876,-0.00773,-0.02338,-0.01938,0.99951,1.00
16026,10.00,0.00,0.00842,0.02382,-0.01857,0.99951,-0.01563,-0.02035,-0.00032,0.99967,-0.00760,0.00376,-0.01868,0.99979,1.00,-0.01555,-0.04736,-0.00074,0.99876,-0.00804,-0.02325,-0.01931,0.99951,1.00
16037,10.00,0.00,0.00843,0.02386,-0.01848,0.99951,-0.01564,-0.02039,-0.00032,0.99967,-0.00760,0.00377,-0.01859,0.99979,1.00,-0.01557,-0.04740,-0.00074,0.99875,-0.00804,-0.02325,-0.01922,0.99951,1.00
16048,0.00,0.00,0.00844,0.02386,-0.01846,0.99951,-0.01565,-0.02039,-0.00032,0.99967,-0.00760,0.00377,-0.01857,0.99979,1.00,-0.01558,-0.04740,-0.00074,0.99875,-0.00804,-0.02325,-0.01920,0.99951,1.00
16059,0.00,0.00,0.00845,0.02386,-0.01845,0.99951,-0.01632,-0.02108,-0.00034,0.99964,-0.00826,0.00309,-0.01858,0.99979,1.00,-0.01625,-0.04808,-0.00078,0.99871,-0.00870,-0.02392,-0.01923,0.99949,1.00
16071,0.00,0.00,0.00854,0.02384,-0.01845,0.99951,-0.01641,-0.02106,-0.00035,0.99964,-0.00826,0.00309,-0.01857,0.99979,1.00,-0.01633,-0.04806,-0.00079,0.99871,-0.00870,-0.02392,-0.01923,0.99949,1.00
16082,0.00,0.00,0.00867,0.02373,-0.01839,0.99951,-0.01654,-0.02095,-0.00035,0.99964,-0.00826,0.00309,-0.01852,0.99979,1.00,-0.01647,-0.04796,-0.00079,0.99871,-0.00871,-0.02392,-0.01918,0.99949,1.00
16093,0.00,0.00,0.00881,0.02364,-0.01832,0.99951,-0.01769,-0.02117,-0.00037,0.99962,-0.00927,0.00281,-0.01846,0.99978,1.00,-0.01762,-0.04817,-0.00085,0.99868,-0.00971,-0.02421,-0.01915,0.99948,1.00
16104,0.00,0.00,0.00901,0.02350,-0.01825,0.99952,-0.01790,-0.02102,-0.00038,0.99962,-0.00927,0.00281,-0.01839,0.99978,1.00,-0.01782,-0.04803,-0.00086,0.99869,-0.00971,-0.02421,-0.01910,0.99948,1.00
16115,0.00,0.00,0.00930,0.02334,-0.01834,0.99952,-0.01819,-0.02087,-0.00038,0.99962,-0.00927,0.00281,-0.01848,0.99978,1.00,-0.01811,-0.04788,-0.00087,0.99869,-0.00971,-0.02421,-0.01920,0.99948,1.00
16126,0.00,0.00,0.00940,0.02328,-0.01830,0.99952,-0.01808,-0.02090,-0.00038,0.99962,-0.00907,0.00272,-0.01844,0.99979,1.00,-0.01800,-0.04791,-0.00086,0.99869,-0.00950,-0.02429,-0.01917,0.99948,1.00
16137,0.00,0.00,0.00954,0.02317,-0.01822,0.99952,-0.01822,-0.02079,-0.00038,0.99962,-0.00907,0.00272,-0.01837,0.99979,1.00,-0.01815,-0.04779,-0.00087,0.99869,-0.00950,-0.02429,-0.01910,0.99948,1.00
16148,0.00,0.00,0.00957,0.02305,-0.01814,0.99952,-0.01826,-0.02067,-0.00038,0.99962,-0.00907,0.00272,-0.01829,0.99979,1.00,-0.01819,-0.04767,-0.00087,0.99870,-0.00950,-0.02429,-0.01902,0.99948,1.00
16161,0.00,0.00,0.00967,0.02297,-0.01799,0.99953,-0.01774,-0.02001,-0.00036,0.99964,-0.00843,0.00328,-0.01812,0.99980,1.00,-0.01768,-0.04702,-0.00083,0.99874,-0.00887,-0.02373,-0.01884,0.99950,1.00
16172,0.00,0.00,0.00979,0.02291,-0.01797,0.99953,-0.01786,-0.01996,-0.00036,0.99964,-0.00843,0.00328,-0.01810,0.99980,1.00,-0.01780,-0.04697,-0.00084,0.99874,-0.00887,-0.02373,-0.01883,0.99950,1.00
16183,0.00,0.00,0.00985,0.02293,-0.01793,0.99953,-0.01740,-0.01982,-0.00034,0.99965,-0.00791,0.00342,-0.01807,0.99980,1.00,-0.01733,-0.04683,-0.00081,0.99875,-0.00835,-0.02359,-0.01879,0.99951,1.00
16194,0.00,0.00,0.00993,0.02293,-0.01787,0.99953,-0.01748,-0.01982,-0.00035,0.99965,-0.00791,0.00342,-0.01801,0.99980,1.00,-0.01742,-0.04684,-0.00082,0.99875,-0.00835,-0.02359,-0.01873,0.99951,1.00
16205,0.00,0.00,0.01000,0.02292,-0.01776,0.99953,-0.01755,-0.01981,-0.00035,0.99965,-0.00791,0.00343,-0.01789,0.99980,1.00,-0.01749,-0.04682,-0.00082,0.99875,-0.00835,-0.02359,-0.01862,0.99951,1.00
16217,0.00,0.00,0.01008,0.02296,-0.01771,0.99953,-0.01734,-0.01930,-0.00033,0.99966,-0.00761,0.00396,-0.01784,0.99980,1.00,-0.01728,-0.04632,-0.00080,0.99878,-0.00804,-0.02306,-0.01856,0.99953,1.00
16227,0.00,0.00,0.01015,0.02302,-0.01766,0.99953,-0.01742,-0.01937,-0.00034,0.99966,-0.00761,0.00396,-0.01779,0.99981,1.00,-0.01736,-0.04639,-0.00081,0.99877,-0.00805,-0.02306,-0.01851,0.99953,1.00
16239,0.00,0.00,0.01025,0.02302,-0.01763,0.99953,-0.01752,-0.01937,-0.00034,0.99966,-0.00761,0.00396,-0.01776,0.99981,1.00,-0.01746,-0.04638,-0.00081,0.99877,-0.00805,-0.02306,-0.01849,0.99953,1.00
16250,0.00,0.00,0.01036,0.02305,-0.01765,0.99952,-0.01951,-0.01779,-0.00035,0.99965,-0.00947,0.00561,-0.01772,0.99978,1.00,-0.01944,-0.04481,-0.00087,0.99881,-0.00989,-0.02141,-0.01851,0.99955,1.00
16261,0.00,0.00,0.01046,0.02307,-0.01768,0.99952,-0.01961,-0.01780,-0.00035,0.99965,-0.00947,0.00561,-0.01776,0.99978,1.00,-0.01954,-0.04483,-0.00088,0.99880,-0.00989,-0.02141,-0.01855,0.99955,1.00
16272,0.00,0.00,0.01053,0.02307,-0.01768,0.99952,-0.01969,-0.01781,-0.00035,0.99965,-0.00947,0.00561,-0.01775,0.99978,1.00,-0.01961,-0.04483,-0.00088,0.99880,-0.00989,-0.02141,-0.01855,0.99955,1.00
16283,0.00,0.00,0.01060,0.02300,-0.01767,0.99952,-0.02015,-0.01933,-0.00039,0.99961,-0.00990,0.00403,-0.01780,0.99978,1.00,-0.02007,-0.04635,-0.00093,0.99872,-0.01031,-0.02299,-0.01861,0.99951,1.00
16295,0.00,0.00,0.01062,0.02296,-0.01767,0.99952,-0.02018,-0.01929,-0.00039,0.99961,-0.00990,0.00403,-0.01779,0.99978,1.00,-0.02009,-0.04631,-0.00093,0.99872,-0.01031,-0.02299,-0.01861,0.99951,1.00
16306,0.00,0.00,0.01061,0.02293,-0.01761,0.99953,-0.02017,-0.01925,-0.00039,0.99961,-0.00990,0.00403,-0.01773,0.99979,1.00,-0.02009,-0.04627,-0.00093,0.99873,-0.01032,-0.02299,-0.01854,0.99951,1.00
16317,0.00,0.00,0.01059,0.02290,-0.01760,0.99953,-0.09037,-0.02282,-0.00207,0.99565,-0.08023,0.00160,-0.01776,0.99662,1.00,-0.08992,-0.05014,-0.00453,0.99468,-0.08033,-0.02571,-0.02050,0.99623,1.00
16328,0.00,0.00,0.01058,0.02284,-0.01755,0.99953,-0.09035,-0.02275,-0.00206,0.99565,-0.08023,0.00161,-0.01771,0.99662,1.00,-0.08991,-0.05007,-0.00453,0.99468,-0.08033,-0.02571,-0.02045,0.99623,1.00
16339,0.00,0.00,0.01060,0.02286,-0.01755,0.99953,-0.09038,-0.02278,-0.00207,0.99565,-0.08023,0.00161,-0.01772,0.99662,1.00,-0.08994,-0.05010,-0.00453,0.99468,-0.08033,-0.02571,-0.02046,0.99623,1.00
16350,0.00,0.00,0.01065,0.02281,-0.01751,0.99953,-0.09074,-0.02285,-0.00208,0.99561,-0.08054,0.00148,-0.01769,0.99659,1.00,-0.09030,-0.05017,-0.00455,0.99464,-0.08065,-0.02583,-0.02044,0.99620,1.00
16361,0.00,0.00,0.01066,0.02278,-0.01747,0.99953,-0.09075,-0.02281,-0.00208,0.99561,-0.08054,0.00149,-0.01765,0.99659,1.00,-0.09031,-0.05014,-0.00455,0.99464,-0.08065,-0.02583,-0.02040,0.99620,1.00
16373,0.00,0.00,0.01068,0.02273,-0.01741,0.99953,-0.09077,-0.02275,-0.00207,0.99561,-0.08054,0.00149,-0.01759,0.99659,1.00,-0.09034,-0.05007,-0.00455,0.99464,-0.08065,-0.02582,-0.02035,0.99620,1.00
16384,0.00,0.00,0.01067,0.02268,-0.01740,0.99953,-0.09331,-0.02280,-0.00214,0.99537,-0.08309,0.00142,-0.01759,0.99639,1.00,-0.09286,-0.05015,-0.00468,0.99440,-0.08318,-0.02591,-0.02042,0.99599,1.00
16395,0.00,0.00,0.01068,0.02264,-0.01746,0.99953,-0.09332,-0.02278,-0.00214,0.99537,-0.08309,0.00142,-0.01764,0.99638,1.00,-0.09287,-0.05012,-0.00468,0.99441,-0.08318,-0.02591,-0.02047,0.99599,1.00
16406,0.00,0.00,0.01064,0.02263,-0.01751,0.99953,-0.09328,-0.02277,-0.00213,0.99538,-0.08309,0.00142,-0.01769,0.99638,1.00,-0.09282,-0.05012,-0.00468,0.99441,-0.08318,-0.02592,-0.02052,0.99599,1.00
16417,0.00,0.00,0.01061,0.02259,-0.01760,0.99953,-0.09321,-0.02288,-0.00214,0.99538,-0.08305,0.00128,-0.01780,0.99639,1.00,-0.09274,-0.05022,-0.00468,0.99441,-0.08314,-0.02605,-0.02062,0.99598,1.00
16428,0.00,0.00,0.01062,0.02260,-0.01769,0.99953,-0.09322,-0.02291,-0.00215,0.99538,-0.08305,0.00127,-0.01789,0.99638,1.00,-0.09275,-0.05025,-0.00469,0.99441,-0.08313,-0.02606,-0.02071,0.99598,1.00
16439,0.00,0.00,0.01066,0.02268,-0.01794,0.99953,-0.09325,-0.02303,-0.00216,0.99537,-0.08305,0.00125,-0.01814,0.99638,1.00,-0.09276,-0.05038,-0.00470,0.99440,-0.08313,-0.02608,-0.02097,0.99598,1.00
16451,0.00,0.00,0.01070,0.02277,-0.01817,0.99952,-0.09334,-0.02293,-0.00215,0.99537,-0.08311,0.00147,-0.01836,0.99637,1.00,-0.09285,-0.05028,-0.00469,0.99440,-0.08319,-0.02587,-0.02119,0.99597,1.00
16461,0.00,0.00,0.01079,0.02292,-0.01823,0.99951,-0.09343,-0.02309,-0.00217,0.99536,-0.08311,0.00146,-0.01842,0.99637,1.00,-0.09294,-0.05043,-0.00471,0.99438,-0.08319,-0.02587,-0.02125,0.99597,1.00
16473,0.00,0.00,0.01080,0.02301,-0.01817,0.99951,-0.09344,-0.02316,-0.00217,0.99535,-0.08311,0.00147,-0.01836,0.99637,1.00,-0.09295,-0.05051,-0.00472,0.99438,-0.08319,-0.02587,-0.02119,0.99597,1.00
16484,0.00,0.00,0.01091,0.02305,-0.01810,0.99951,-0.10314,-0.02285,-0.00237,0.99440,-0.09271,0.00198,-0.01824,0.99552,1.00,-0.10263,-0.05027,-0.00519,0.99344,-0.09277,-0.02544,-0.02136,0.99513,1.00
16495,0.00,0.00,0.01093,0.02313,-0.01795,0.99951,-0.10316,-0.02290,-0.00238,0.99440,-0.09271,0.00199,-0.01809,0.99553,1.00,-0.10265,-0.05032,-0.00520,0.99343,-0.09277,-0.02542,-0.02121,0.99514,1.00
16506,0.00,0.00,0.01096,0.02317,-0.01785,0.99951,-0.10320,-0.02292,-0.00238,0.99439,-0.09271,0.00200,-0.01798,0.99553,1.00,-0.10270,-0.05035,-0.00520,0.99342,-0.09277,-0.02541,-0.02110,0.99514,1.00
16517,0.00,0.00,0.01092,0.02323,-0.01787,0.99951,-0.10581,-0.02280,-0.00243,0.99412,-0.09536,0.00222,-0.01798,0.99528,1.00,-0.10530,-0.05025,-0.00533,0.99316,-0.09542,-0.02522,-0.02117,0.99489,1.00
16528,0.00,0.00,0.01082,0.02322,-0.01787,0.99951,-0.10571,-0.02279,-0.00242,0.99413,-0.09536,0.00222,-0.01798,0.99528,1.00,-0.10520,-0.05024,-0.00532,0.99317,-0.09542,-0.02522,-0.02117,0.99489,1.00
16540,0.00,0.00,0.01071,0.02322,-0.01796,0.99951,-0.10560,-0.02281,-0.00242,0.99414,-0.09537,0.00221,-0.01807,0.99528,1.00,-0.10508,-0.05025,-0.00532,0.99318,-0.09542,-0.02523,-0.02125,0.99489,1.00
16551,0.00,0.00,0.01062,0.02318,-0.01805,0.99951,-0.10550,-0.02441,-0.00259,0.99412,-0.09539,0.00057,-0.01834,0.99527,1.00,-0.10495,-0.05185,-0.00548,0.99311,-0.09541,-0.02685,-0.02152,0.99484,1.00
16561,0.00,0.00,0.01052,0.02310,-0.01807,0.99951,-0.10540,-0.02434,-0.00258,0.99413,-0.09539,0.00057,-0.01836,0.99527,1.00,-0.10485,-0.05178,-0.00547,0.99312,-0.09541,-0.02685,-0.02153,0.99484,1.00
16573,0.00,0.00,0.01040,0.02303,-0.01811,0.99952,-0.10529,-0.02427,-0.00257,0.99414,-0.09539,0.00057,-0.01840,0.99527,1.00,-0.10473,-0.05171,-0.00545,0.99314,-0.09541,-0.02686,-0.02156,0.99484,1.00
16584,0.00,0.00,0.01029,0.02294,-0.01811,0.99952,-0.10677,-0.02421,-0.00260,0.99399,-0.09699,0.00056,-0.01840,0.99512,1.00,-0.10622,-0.05166,-0.00553,0.99299,-0.09701,-0.02687,-0.02160,0.99469,1.00
16595,0.00,0.00,0.01022,0.02284,-0.01816,0.99952,-0.10670,-0.02412,-0.00259,0.99400,-0.09699,0.00056,-0.01845,0.99511,1.00,-0.10614,-0.05157,-0.00551,0.99300,-0.09701,-0.02688,-0.02165,0.99469,1.00
16606,0.00,0.00,0.01024,0.02284,-0.01823,0.99952,-0.10672,-0.02414,-0.00259,0.99399,-0.09699,0.00055,-0.01852,0.99511,1.00,-0.10616,-0.05158,-0.00551,0.99300,-0.09701,-0.02689,-0.02172,0.99468,1.00
16617,0.00,0.00,0.01025,0.02281,-0.01836,0.99952,-0.10734,-0.02002,-0.00216,0.99402,-0.09751,0.00465,-0.01817,0.99506,1.00,-0.10683,-0.04750,-0.00511,0.99313,-0.09759,-0.02281,-0.02139,0.99474,1.00
16628,0.00,0.00,0.01028,0.02279,-0.01841,0.99952,-0.10737,-0.02001,-0.00216,0.99402,-0.09751,0.00465,-0.01822,0.99506,1.00,-0.10686,-0.04749,-0.00511,0.99313,-0.09759,-0.02281,-0.02144,0.99473,1.00
16639,0.00,0.00,0.01023,0.02281,-0.01843,0.99952,-0.10731,-0.02004,-0.00216,0.99402,-0.09751,0.00464,-0.01824,0.99506,1.00,-0.10681,-0.04751,-0.00511,0.99313,-0.09759,-0.02282,-0.02147,0.99473,1.00
16650,0.00,0.00,0.01014,0.02285,-0.01832,0.99952,-0.10733,-0.01873,-0.00202,0.99404,-0.09759,0.00597,-0.01797,0.99505,1.00,-0.10686,-0.04621,-0.00497,0.99319,-0.09770,-0.02149,-0.02119,0.99476,1.00
16662,0.00,0.00,0.01006,0.02285,-0.01823,0.99952,-0.10725,-0.01872,-0.00202,0.99405,-0.09759,0.00598,-0.01788,0.99505,1.00,-0.10678,-0.04620,-0.00497,0.99320,-0.09770,-0.02148,-0.02109,0.99476,1.00
16673,0.00,0.00,0.00999,0.02287,-0.01826,0.99952,-0.10718,-0.01874,-0.00202,0.99406,-0.09759,0.00598,-0.01791,0.99505,1.00,-0.10671,-0.04622,-0.00497,0.99320,-0.09770,-0.02149,-0.02112,0.99476,1.00
16684,0.00,0.00,0.00992,0.02292,-0.01843,0.99952,-0.10374,-0.01883,-0.00196,0.99442,-0.09421,0.00591,-0.01810,0.99537,1.00,-0.10327,-0.04628,-0.00481,0.99356,-0.09432,-0.02153,-0.02121,0.99508,1.00
16695,0.00,0.00,0.00985,0.02296,-0.01859,0.99952,-0.10366,-0.01889,-0.00197,0.99443,-0.09421,0.00589,-0.01826,0.99537,1.00,-0.10318,-0.04634,-0.00481,0.99357,-0.09432,-0.02154,-0.02137,0.99508,1.00
16706,0.00,0.00,0.00978,0.02301,-0.01861,0.99951,-0.10358,-0.01895,-0.00197,0.99444,-0.09421,0.00589,-0.01828,0.99537,1.00,-0.10311,-0.04640,-0.00482,0.99358,-0.09432,-0.02154,-0.02138,0.99508,1.00
16718,0.00,0.00,0.00971,0.02303,-0.01858,0.99952,-0.10284,-0.01986,-0.00205,0.99450,-0.09355,0.00498,-0.01835,0.99543,1.00,-0.10237,-0.04730,-0.00487,0.99361,-0.09366,-0.02244,-0.02143,0.99512,1.00
16729,0.00,0.00,0.00972,0.02307,-0.01852,0.99952,-0.10285,-0.01989,-0.00206,0.99450,-0.09355,0.00499,-0.01829,0.99543,1.00,-0.10238,-0.04733,-0.00488,0.99361,-0.09367,-0.02244,-0.02137,0.99512,1.00
16740,0.00,0.00,0.00969,0.02308,-0.01846,0.99952,-0.10282,-0.01988,-0.00206,0.99450,-0.09355,0.00499,-0.01823,0.99543,1.00,-0.10235,-0.04732,-0.00487,0.99361,-0.09367,-0.02243,-0.02131,0.99512,1.00
16751,0.00,0.00,0.00967,0.02314,-0.01848,0.99951,-0.10295,-0.02229,-0.00231,0.99443,-0.09375,0.00265,-0.01851,0.99542,1.00,-0.10245,-0.04971,-0.00513,0.99348,-0.09383,-0.02476,-0.02159,0.99505,1.00
16762,0.00,0.00,0.00967,0.02314,-0.01848,0.99951,-0.10295,-0.02229,-0.00231,0.99443,-0.09375,0.00265,-0.01852,0.99542,1.00,-0.10245,-0.04972,-0.00513,0.99348,-0.09383,-0.02476,-0.02159,0.99505,1.00
16773,0.00,0.00,0.00973,0.02316,-0.01852,0.99951,-0.10301,-0.02232,-0.00231,0.99443,-0.09375,0.00265,-0.01856,0.99542,1.00,-0.10251,-0.04975,-0.00513,0.99347,-0.09383,-0.02477,-0.02164,0.99504,1.00
16784,0.00,0.00,0.00977,0.02315,-0.01853,0.99951,-0.10313,-0.02224,-0.00231,0.99442,-0.09383,0.00272,-0.01856,0.99541,1.00,-0.10263,-0.04967,-0.00513,0.99347,-0.09391,-0.02469,-0.02165,0.99504,1.00
16795,0.00,0.00,0.00985,0.02310,-0.01853,0.99951,-0.10322,-0.02219,-0.00230,0.99441,-0.09383,0.00272,-0.01856,0.99541,1.00,-0.10271,-0.04962,-0.00513,0.99346,-0.09391,-0.02469,-0.02165,0.99504,1.00
16806,0.00,0.00,0.00993,0.02307,-0.01854,0.99951,-0.10330,-0.02216,-0.00230,0.99440,-0.09383,0.00272,-0.01857,0.99541,1.00,-0.10279,-0.04959,-0.00513,0.99345,-0.09391,-0.02470,-0.02167,0.99504,1.00
16817,0.00,0.00,0.00999,0.02302,-0.01858,0.99951,-0.10264,-0.02209,-0.00228,0.99447,-0.09312,0.00274,-0.01861,0.99548,1.00,-0.10214,-0.04952,-0.00509,0.99352,-0.09320,-0.02467,-0.02169,0.99511,1.00
16828,0.00,0.00,0.01004,0.02296,-0.01858,0.99951,-0.10269,-0.02203,-0.00228,0.99447,-0.09312,0.00274,-0.01862,0.99548,1.00,-0.10219,-0.04946,-0.00509,0.99352,-0.09320,-0.02467,-0.02170,0.99511,1.00
16839,0.00,0.00,0.01007,0.02289,-0.01858,0.99951,-0.10273,-0.02196,-0.00227,0.99446,-0.09312,0.00274,-0.01861,0.99548,1.00,-0.10223,-0.04938,-0.00508,0.99352,-0.09320,-0.02467,-0.02169,0.99511,1.00
16851,0.00,0.00,0.01008,0.02279,-0.01852,0.99952,-0.10188,-0.02167,-0.00222,0.99456,-0.09226,0.00292,-0.01854,0.99556,1.00,-0.10139,-0.04908,-0.00501,0.99362,-0.09236,-0.02449,-0.02159,0.99519,1.00
16862,0.00,0.00,0.01013,0.02276,-0.01851,0.99952,-0.10193,-0.02163,-0.00222,0.99455,-0.09226,0.00292,-0.01852,0.99556,1.00,-0.10145,-0.04905,-0.00501,0.99362,-0.09236,-0.02448,-0.02159,0.99519,1.00
16873,0.00,0.00,0.01020,0.02269,-0.01844,0.99952,-0.10201,-0.02155,-0.00221,0.99455,-0.09226,0.00293,-0.01846,0.99556,1.00,-0.10153,-0.04897,-0.00500,0.99361,-0.09236,-0.02448,-0.02152,0.99519,1.00
16884,0.00,0.00,0.01026,0.02264,-0.01843,0.99952,-0.10193,-0.02167,-0.00222,0.99455,-0.09213,0.00276,-0.01846,0.99557,1.00,-0.10145,-0.04909,-0.00501,0.99362,-0.09222,-0.02464,-0.02153,0.99520,1.00
16895,0.00,0.00,0.01026,0.02262,-0.01839,0.99952,-0.10194,-0.02163,-0.00222,0.99455,-0.09213,0.00277,-0.01842,0.99557,1.00,-0.10145,-0.04905,-0.00501,0.99362,-0.09223,-0.02464,-0.02148,0.99520,1.00
16906,0.00,0.00,0.01030,0.02258,-0.01839,0.99952,-0.10197,-0.02159,-0.00221,0.99455,-0.09213,0.00277,-0.01842,0.99557,1.00,-0.10149,-0.04901,-0.00501,0.99362,-0.09223,-0.02464,-0.02149,0.99520,1.00
16917,0.00,0.00,0.01028,0.02259,-0.01847,0.99952,-0.10221,-0.02037,-0.00209,0.99455,-0.09236,0.00402,-0.01836,0.99555,1.00,-0.10174,-0.04780,-0.00489,0.99365,-0.09247,-0.02339,-0.02143,0.99521,1.00
16929,0.00,0.00,0.01024,0.02257,-0.01843,0.99952,-0.10217,-0.02034,-0.00209,0.99456,-0.09236,0.00402,-0.01832,0.99555,1.00,-0.10170,-0.04777,-0.00489,0.99366,-0.09247,-0.02339,-0.02139,0.99521,1.00
16940,0.00,0.00,0.01013,0.02257,-0.01846,0.99952,-0.10207,-0.02034,-0.00209,0.99457,-0.09236,0.00402,-0.01834,0.99555,1.00,-0.10160,-0.04777,-0.00488,0.99367,-0.09247,-0.02339,-0.02141,0.99521,1.00
16951,0.00,0.00,0.01010,0.02260,-0.01839,0.99952,-0.10201,-0.02037,-0.00209,0.99457,-0.09234,0.00401,-0.01828,0.99555,1.00,-0.10154,-0.04779,-0.00488,0.99367,-0.09245,-0.02340,-0.02135,0.99521,1.00
16962,0.00,0.00,0.01006,0.02261,-0.01839,0.99952,-0.10197,-0.02038,-0.00209,0.99458,-0.09234,0.00401,-0.01828,0.99555,1.00,-0.10150,-0.04781,-0.00488,0.99367,-0.09245,-0.02340,-0.02134,0.99521,1.00
16973,0.00,0.00,0.01001,0.02263,-0.01834,0.99953,-0.10192,-0.02039,-0.00209,0.99458,-0.09234,0.00402,-0.01822,0.99555,1.00,-0.10146,-0.04782,-0.00488,0.99368,-0.09245,-0.02340,-0.02128,0.99522,1.00
16984,0.00,0.00,0.00999,0.02268,-0.01837,0.99952,-0.10199,-0.02053,-0.00211,0.99457,-0.09242,0.00393,-0.01827,0.99554,1.00,-0.10152,-0.04796,-0.00490,0.99367,-0.09253,-0.02348,-0.02133,0.99520,1.00
16995,0.00,0.00,0.00997,0.02274,-0.01837,0.99952,-0.10196,-0.02059,-0.00211,0.99457,-0.09242,0.00393,-0.01827,0.99554,1.00,-0.10149,-0.04802,-0.00490,0.99367,-0.09253,-0.02348,-0.02132,0.99520,1.00
17006,0.00,0.00,0.00993,0.02278,-0.01839,0.99952,-0.10192,-0.02063,-0.00211,0.99458,-0.09242,0.00393,-0.01829,0.99554,1.00,-0.10145,-0.04806,-0.00491,0.99367,-0.09253,-0.02348,-0.02134,0.99520,1.00
17018,0.00,0.00,0.00988,0.02282,-0.01837,0.99952,-0.10363,-0.02087,-0.00218,0.99440,-0.09419,0.00375,-0.01829,0.99538,1.00,-0.10314,-0.04831,-0.00502,0.99348,-0.09428,-0.02367,-0.02139,0.99503,1.00
17029,0.00,0.00,0.00980,0.02281,-0.01833,0.99952,-0.10355,-0.02085,-0.00217,0.99440,-0.09419,0.00376,-0.01824,0.99538,1.00,-0.10307,-0.04829,-0.00501,0.99349,-0.09428,-0.02367,-0.02134,0.99504,1.00
17040,0.00,0.00,0.00971,0.02279,-0.01837,0.99952,-0.10346,-0.02084,-0.00217,0.99441,-0.09419,0.00375,-0.01827,0.99538,1.00,-0.10298,-0.04828,-0.00500,0.99350,-0.09428,-0.02367,-0.02137,0.99503,1.00
17051,0.00,0.00,0.00968,0.02277,-0.01841,0.99952,-0.10436,-0.02175,-0.00228,0.99430,-0.09514,0.00285,-0.01842,0.99529,1.00,-0.10385,-0.04919,-0.00514,0.99336,-0.09521,-0.02458,-0.02154,0.99492,1.00
17062,0.00,0.00,0.00956,0.02271,-0.01849,0.99953,-0.10424,-0.02170,-0.00228,0.99431,-0.09514,0.00284,-0.01850,0.99529,1.00,-0.10374,-0.04914,-0.00513,0.99338,-0.09521,-0.02459,-0.02161,0.99492,1.00
17073,0.00,0.00,0.00944,0.02259,-0.01849,0.99953,-0.10412,-0.02157,-0.00226,0.99433,-0.09514,0.00284,-0.01849,0.99529,1.00,-0.10362,-0.04901,-0.00511,0.99340,-0.09521,-0.02458,-0.02160,0.99492,1.00
17084,0.00,0.00,0.00934,0.02251,-0.01847,0.99953,-0.10343,-0.02053,-0.00214,0.99442,-0.09452,0.00380,-0.01836,0.99535,1.00,-0.10295,-0.04797,-0.00497,0.99352,-0.09462,-0.02363,-0.02145,0.99500,1.00
17096,0.00,0.00,0.00924,0.02243,-0.01841,0.99954,-0.10333,-0.02043,-0.00212,0.99444,-0.09452,0.00380,-0.01830,0.99535,1.00,-0.10285,-0.04787,-0.00496,0.99353,-0.09462,-0.02362,-0.02138,0.99500,1.00
17107,0.00,0.00,0.00911,0.02232,-0.01842,0.99954,-0.10321,-0.02032,-0.00211,0.99445,-0.09452,0.00380,-0.01831,0.99535,1.00,-0.10273,-0.04776,-0.00494,0.99355,-0.09462,-0.02362,-0.02138,0.99500,1.00
17118,0.00,0.00,0.00889,0.02232,-0.01844,0.99954,-0.10406,-0.02061,-0.00216,0.99436,-0.09560,0.00353,-0.01835,0.99524,1.00,-0.10357,-0.04805,-0.00501,0.99345,-0.09569,-0.02390,-0.02144,0.99489,1.00
17129,0.00,0.00,0.00866,0.02234,-0.01853,0.99954,-0.10383,-0.02064,-0.00215,0.99438,-0.09560,0.00353,-0.01844,0.99524,1.00,-0.10334,-0.04808,-0.00500,0.99347,-0.09569,-0.02391,-0.02152,0.99489,1.00
17140,0.00,0.00,0.00866,0.02241,-0.01875,0.99954,-0.10382,-0.02076,-0.00217,0.99438,-0.09560,0.00350,-0.01867,0.99524,1.00,-0.10332,-0.04820,-0.00501,0.99347,-0.09568,-0.02393,-0.02174,0.99489,1.00
17151,0.00,0.00,0.00868,0.02253,-0.01911,0.99953,-0.10253,-0.02091,-0.00216,0.99451,-0.09430,0.00348,-0.01903,0.99536,1.00,-0.10202,-0.04834,-0.00496,0.99359,-0.09438,-0.02394,-0.02207,0.99500,1.00
17162,0.00,0.00,0.00870,0.02274,-0.01932,0.99952,-0.10254,-0.02116,-0.00218,0.99450,-0.09430,0.00346,-0.01924,0.99535,1.00,-0.10202,-0.04859,-0.00499,0.99358,-0.09438,-0.02396,-0.02228,0.99500,1.00
17174,0.00,0.00,0.00872,0.02285,-0.01929,0.99951,-0.10256,-0.02127,-0.00219,0.99450,-0.09430,0.00347,-0.01922,0.99535,1.00,-0.10204,-0.04870,-0.00500,0.99358,-0.09438,-0.02396,-0.02226,0.99500,1.00
17185,0.00,0.00,0.00872,0.02297,-0.01921,0.99951,-0.10281,-0.02142,-0.00221,0.99447,-0.09455,0.00343,-0.01914,0.99533,1.00,-0.10231,-0.04885,-0.00503,0.99354,-0.09465,-0.02399,-0.02219,0.99497,1.00
17196,0.00,0.00,0.00878,0.02306,-0.01914,0.99951,-0.10286,-0.02149,-0.00222,0.99446,-0.09455,0.00344,-0.01908,0.99533,1.00,-0.10237,-0.04892,-0.00504,0.99353,-0.09465,-0.02399,-0.02213,0.99498,1.00
17207,0.00,0.00,0.00884,0.02316,-0.01901,0.99951,-0.10293,-0.02157,-0.00223,0.99445,-0.09455,0.00345,-0.01894,0.99533,1.00,-0.10244,-0.04900,-0.00505,0.99352,-0.09465,-0.02397,-0.02200,0.99498,1.00
17218,0.00,0.00,0.00890,0.02317,-0.01893,0.99951,-0.10236,-0.02205,-0.00227,0.99450,-0.09393,0.00296,-0.01892,0.99539,1.00,-0.10187,-0.04947,-0.00507,0.99355,-0.09404,-0.02446,-0.02196,0.99503,1.00
17229,0.00,0.00,0.00886,0.02316,-0.01893,0.99951,-0.10232,-0.02204,-0.00227,0.99451,-0.09393,0.00296,-0.01891,0.99539,1.00,-0.10183,-0.04946,-0.00507,0.99356,-0.09404,-0.02445,-0.02195,0.99503,1.00
17240,0.00,0.00,0.00884,0.02307,-0.01900,0.99951,-0.10230,-0.02197,-0.00226,0.99451,-0.09393,0.00295,-0.01899,0.99539,1.00,-0.10181,-0.04939,-0.00506,0.99356,-0.09404,-0.02446,-0.02203,0.99502,1.00
17252,0.00,0.00,0.00877,0.02298,-0.01902,0.99952,-0.10219,-0.02170,-0.00223,0.99453,-0.09388,0.00312,-0.01898,0.99540,1.00,-0.10170,-0.04912,-0.00503,0.99359,-0.09398,-0.02429,-0.02201,0.99503,1.00
17263,0.00,0.00,0.00872,0.02283,-0.01899,0.99952,-0.10214,-0.02155,-0.00221,0.99453,-0.09388,0.00313,-0.01896,0.99540,1.00,-0.10165,-0.04897,-0.00501,0.99360,-0.09398,-0.02429,-0.02198,0.99503,1.00
17274,0.00,0.00,0.00870,0.02263,-0.01902,0.99953,-0.10212,-0.02135,-0.00219,0.99454,-0.09388,0.00312,-0.01898,0.99540,1.00,-0.10163,-0.04877,-0.00499,0.99361,-0.09398,-0.02429,-0.02201,0.99503,1.00
17285,0.00,0.00,0.00868,0.02237,-0.01900,0.99953,-0.10191,-0.02062,-0.00211,0.99458,-0.09367,0.00360,-0.01891,0.99542,1.00,-0.10143,-0.04804,-0.00490,0.99367,-0.09378,-0.02381,-0.02193,0.99507,1.00
17295,0.00,0.00,0.00866,0.02222,-0.01897,0.99954,-0.10190,-0.02046,-0.00210,0.99458,-0.09367,0.00360,-0.01888,0.99542,1.00,-0.10142,-0.04788,-0.00489,0.99368,-0.09378,-0.02381,-0.02190,0.99507,1.00
17307,0.00,0.00,0.00873,0.02218,-0.01912,0.99953,-0.10196,-0.02045,-0.00210,0.99458,-0.09367,0.00359,-0.01903,0.99542,1.00,-0.10147,-0.04788,-0.00489,0.99367,-0.09378,-0.02383,-0.02205,0.99506,1.00
17318,0.00,0.00,0.00883,0.02204,-0.01921,0.99953,-0.10206,-0.02067,-0.00212,0.99456,-0.09367,0.00323,-0.01916,0.99541,1.00,-0.10157,-0.04810,-0.00492,0.99365,-0.09378,-0.02418,-0.02219,0.99505,1.00
17329,0.00,0.00,0.00879,0.02201,-0.01926,0.99953,-0.10201,-0.02066,-0.00212,0.99457,-0.09367,0.00323,-0.01921,0.99541,1.00,-0.10152,-0.04808,-0.00491,0.99366,-0.09378,-0.02419,-0.02223,0.99505,1.00
17340,0.00,0.00,0.00877,0.02195,-0.01923,0.99954,-0.10200,-0.02059,-0.00211,0.99457,-0.09367,0.00323,-0.01918,0.99541,1.00,-0.10151,-0.04802,-0.00491,0.99366,-0.09378,-0.02419,-0.02220,0.99505,1.00
17351,0.00,0.00,0.00862,0.02193,-0.01918,0.99954,-0.10181,-0.02053,-0.00210,0.99459,-0.09363,0.00326,-0.01912,0.99542,1.00,-0.10133,-0.04795,-0.00489,0.99368,-0.09375,-0.02415,-0.02214,0.99506,1.00
17362,0.00,0.00,0.00848,0.02200,-0.01912,0.99954,-0.10167,-0.02058,-0.00210,0.99460,-0.09363,0.00327,-0.01906,0.99542,1.00,-0.10119,-0.04800,-0.00489,0.99370,-0.09375,-0.02414,-0.02207,0.99506,1.00
17374,0.00,0.00,0.00838,0.02205,-0.01916,0.99954,-0.10157,-0.02064,-0.00211,0.99461,-0.09363,0.00327,-0.01910,0.99542,1.00,-0.10109,-0.04806,-0.00489,0.99370,-0.09375,-0.02415,-0.02210,0.99506,1.00
17385,0.00,0.00,0.00829,0.02220,-0.01941,0.99953,-0.09970,-0.02087,-0.00209,0.99480,-0.09186,0.00318,-0.01936,0.99558,1.00,-0.09922,-0.04828,-0.00482,0.99388,-0.09198,-0.02422,-0.02231,0.99522,1.00
17396,0.00,0.00,0.00823,0.02235,-0.01960,0.99952,-0.09964,-0.02106,-0.00211,0.99480,-0.09186,0.00316,-0.01955,0.99558,1.00,-0.09915,-0.04846,-0.00483,0.99388,-0.09197,-0.02424,-0.02249,0.99521,1.00
17407,0.00,0.00,0.00812,0.02250,-0.01973,0.99952,-0.09952,-0.02123,-0.00212,0.99481,-0.09186,0.00315,-0.01969,0.99557,1.00,-0.09902,-0.04863,-0.00485,0.99388,-0.09197,-0.02425,-0.02262,0.99521,1.00
17418,0.00,0.00,0.00803,0.02264,-0.01967,0.99952,-0.09943,-0.02135,-0.00213,0.99481,-0.09186,0.00315,-0.01962,0.99557,1.00,-0.09894,-0.04876,-0.00485,0.99389,-0.09197,-0.02425,-0.02256,0.99521,1.00
17429,0.00,0.00,0.00797,0.02276,-0.01959,0.99952,-0.10026,-0.02112,-0.00213,0.99473,-0.09275,0.00351,-0.01950,0.99549,1.00,-0.09978,-0.04853,-0.00487,0.99381,-0.09287,-0.02389,-0.02245,0.99514,1.00
17440,0.00,0.00,0.00796,0.02281,-0.01958,0.99952,-0.10025,-0.02117,-0.00213,0.99474,-0.09275,0.00351,-0.01949,0.99549,1.00,-0.09977,-0.04858,-0.00488,0.99381,-0.09287,-0.02389,-0.02244,0.99514,1.00
17452,0.00,0.00,0.00794,0.02286,-0.01962,0.99951,-0.09974,-0.02016,-0.00202,0.99481,-0.09224,0.00457,-0.01942,0.99554,1.00,-0.09929,-0.04757,-0.00475,0.99391,-0.09239,-0.02284,-0.02236,0.99521,1.00
17463,0.00,0.00,0.00793,0.02292,-0.01971,0.99951,-0.09973,-0.02023,-0.00203,0.99481,-0.09224,0.00456,-0.01951,0.99554,1.00,-0.09927,-0.04764,-0.00476,0.99391,-0.09239,-0.02284,-0.02245,0.99521,1.00
17474,0.00,0.00,0.00795,0.02297,-0.01980,0.99951,-0.09975,-0.02031,-0.00204,0.99480,-0.09224,0.00455,-0.01960,0.99553,1.00,-0.09928,-0.04771,-0.00477,0.99390,-0.09238,-0.02285,-0.02254,0.99521,1.00
17485,0.00,0.00,0.00800,0.02299,-0.01986,0.99951,-0.10054,-0.01878,-0.00190,0.99475,-0.09295,0.00612,-0.01950,0.99546,1.00,-0.10009,-0.04620,-0.00465,0.99389,-0.09312,-0.02130,-0.02246,0.99517,1.00
17496,0.00,0.00,0.00811,0.02301,-0.01983,0.99951,-0.10066,-0.01880,-0.00190,0.99474,-0.09295,0.00612,-0.01947,0.99546,1.00,-0.10021,-0.04622,-0.00466,0.99388,-0.09312,-0.02130,-0.02244,0.99517,1.00
17507,0.00,0.00,0.00824,0.02299,-0.01981,0.99951,-0.10078,-0.01877,-0.00190,0.99473,-0.09295,0.00612,-0.01944,0.99546,1.00,-0.10034,-0.04619,-0.00466,0.99387,-0.09312,-0.02129,-0.02242,0.99517,1.00
17518,0.00,0.00,0.00839,0.02299,-0.01977,0.99951,-0.10088,-0.01859,-0.00188,0.99472,-0.09290,0.00630,-0.01938,0.99547,1.00,-0.10044,-0.04601,-0.00465,0.99387,-0.09307,-0.02112,-0.02237,0.99518,1.00
17530,0.00,0.00,0.00853,0.02292,-0.01978,0.99951,-0.10103,-0.01852,-0.00188,0.99471,-0.09290,0.00630,-0.01940,0.99547,1.00,-0.10059,-0.04595,-0.00465,0.99386,-0.09307,-0.02112,-0.02239,0.99518,1.00
17541,0.00,0.00,0.00867,0.02284,-0.01971,0.99951,-0.10116,-0.01844,-0.00188,0.99470,-0.09290,0.00630,-0.01933,0.99547,1.00,-0.10073,-0.04587,-0.00465,0.99385,-0.09307,-0.02111,-0.02233,0.99518,1.00
17552,0.00,0.00,0.00882,0.02273,-0.01972,0.99951,-0.10139,-0.01948,-0.00199,0.99465,-0.09300,0.00515,-0.01946,0.99546,1.00,-0.10094,-0.04691,-0.00476,0.99378,-0.09316,-0.02227,-0.02247,0.99515,1.00
17563,0.00,0.00,0.00887,0.02266,-0.01969,0.99951,-0.10144,-0.01941,-0.00198,0.99465,-0.09300,0.00515,-0.01944,0.99546,1.00,-0.10099,-0.04684,-0.00476,0.99377,-0.09316,-0.02226,-0.02245,0.99515,1.00
17574,0.00,0.00,0.00892,0.02256,-0.01966,0.99951,-0.10150,-0.01931,-0.00197,0.99465,-0.09300,0.00516,-0.01940,0.99546,1.00,-0.10105,-0.04673,-0.00475,0.99377,-0.09316,-0.02226,-0.02242,0.99515,1.00
17585,0.00,0.00,0.00897,0.02247,-0.01964,0.99951,-0.10218,-0.01972,-0.00203,0.99457,-0.09364,0.00466,-0.01944,0.99541,1.00,-0.10172,-0.04715,-0.00483,0.99368,-0.09379,-0.02276,-0.02248,0.99508,1.00
17596,0.00,0.00,0.00902,0.02239,-0.01961,0.99952,-0.10223,-0.01963,-0.00202,0.99456,-0.09364,0.00466,-0.01941,0.99541,1.00,-0.10177,-0.04706,-0.00482,0.99368,-0.09379,-0.02276,-0.02245,0.99508,1.00
17607,0.00,0.00,0.00906,0.02234,-0.01961,0.99952,-0.10227,-0.01958,-0.00201,0.99456,-0.09364,0.00467,-0.01941,0.99541,1.00,-0.10181,-0.04701,-0.00482,0.99368,-0.09379,-0.02276,-0.02245,0.99508,1.00
17619,0.00,0.00,0.00913,0.02230,-0.01957,0.99952,-0.10116,-0.02147,-0.00218,0.99464,-0.09250,0.00273,-0.01958,0.99552,1.00,-0.10068,-0.04888,-0.00495,0.99371,-0.09263,-0.02468,-0.02259,0.99514,1.00
17630,0.00,0.00,0.00920,0.02232,-0.01956,0.99952,-0.10123,-0.02148,-0.00219,0.99463,-0.09250,0.00273,-0.01958,0.99552,1.00,-0.10075,-0.04889,-0.00496,0.99370,-0.09263,-0.02468,-0.02259,0.99514,1.00
17641,0.00,0.00,0.00931,0.02236,-0.01947,0.99952,-0.10134,-0.02151,-0.00219,0.99462,-0.09250,0.00274,-0.01949,0.99552,1.00,-0.10087,-0.04892,-0.00497,0.99368,-0.09263,-0.02467,-0.02251,0.99514,1.00
17652,0.00,0.00,0.00942,0.02243,-0.01939,0.99952,-0.10222,-0.02001,-0.00206,0.99456,-0.09324,0.00430,-0.01924,0.99545,1.00,-0.10176,-0.04744,-0.00486,0.99367,-0.09338,-0.02312,-0.02229,0.99511,1.00
17663,0.00,0.00,0.00953,0.02249,-0.01929,0.99952,-0.10233,-0.02006,-0.00206,0.99455,-0.09324,0.00431,-0.01914,0.99545,1.00,-0.10188,-0.04749,-0.00487,0.99365,-0.09339,-0.02311,-0.02220,0.99511,1.00
17674,0.00,0.00,0.00970,0.02266,-0.01921,0.99951,-0.10250,-0.02021,-0.00208,0.99453,-0.09323,0.00432,-0.01906,0.99545,1.00,-0.10205,-0.04764,-0.00489,0.99363,-0.09339,-0.02310,-0.02212,0.99512,1.00
17685,0.00,0.00,0.00978,0.02269,-0.01914,0.99951,-0.10441,-0.01991,-0.00209,0.99433,-0.09506,0.00469,-0.01895,0.99528,1.00,-0.10395,-0.04736,-0.00496,0.99344,-0.09520,-0.02275,-0.02208,0.99495,1.00
17697,0.00,0.00,0.00982,0.02281,-0.01901,0.99951,-0.10444,-0.02000,-0.00210,0.99433,-0.09506,0.00470,-0.01882,0.99528,1.00,-0.10399,-0.04745,-0.00497,0.99343,-0.09520,-0.02274,-0.02195,0.99496,1.00
17708,0.00,0.00,0.00986,0.02287,-0.01900,0.99951,-0.10448,-0.02005,-0.00211,0.99432,-0.09506,0.00470,-0.01881,0.99528,1.00,-0.10403,-0.04750,-0.00497,0.99343,-0.09520,-0.02274,-0.02194,0.99496,1.00
17719,0.00,0.00,0.00993,0.02290,-0.01899,0.99951,-0.10429,-0.01994,-0.00209,0.99434,-0.09479,0.00484,-0.01878,0.99531,1.00,-0.10383,-0.04739,-0.00495,0.99345,-0.09493,-0.02260,-0.02191,0.99499,1.00
17730,0.00,0.00,0.00996,0.02299,-0.01906,0.99950,-0.10431,-0.02005,-0.00210,0.99434,-0.09479,0.00483,-0.01885,0.99531,1.00,-0.10385,-0.04749,-0.00496,0.99345,-0.09492,-0.02261,-0.02198,0.99499,1.00
17741,0.00,0.00,0.00997,0.02300,-0.01911,0.99950,-0.10432,-0.02007,-0.00211,0.99434,-0.09479,0.00482,-0.01891,0.99531,1.00,-0.10385,-0.04752,-0.00497,0.99344,-0.09492,-0.02261,-0.02203,0.99498,1.00
17752,0.00,0.00,0.00999,0.02296,-0.01916,0.99950,-0.10407,-0.02167,-0.00227,0.99433,-0.09456,0.00319,-0.01915,0.99533,1.00,-0.10357,-0.04911,-0.00512,0.99340,-0.09466,-0.02424,-0.02227,0.99497,1.00
17763,0.00,0.00,0.01004,0.02294,-0.01912,0.99950,-0.10412,-0.02164,-0.00227,0.99433,-0.09456,0.00319,-0.01911,0.99533,1.00,-0.10362,-0.04908,-0.00512,0.99339,-0.09466,-0.02424,-0.02223,0.99497,1.00
17775,0.00,0.00,0.01004,0.02288,-0.01911,0.99951,-0.10413,-0.02158,-0.00226,0.99433,-0.09456,0.00319,-0.01909,0.99533,1.00,-0.10363,-0.04902,-0.00511,0.99339,-0.09466,-0.02423,-0.02221,0.99497,1.00
17786,0.00,0.00,0.01004,0.02279,-0.01911,0.99951,-0.10364,-0.02143,-0.00223,0.99438,-0.09407,0.00325,-0.01909,0.99538,1.00,-0.10315,-0.04886,-0.00507,0.99345,-0.09417,-0.02417,-0.02220,0.99501,1.00
17797,0.00,0.00,0.01001,0.02277,-0.01908,0.99951,-0.10361,-0.02140,-0.00223,0.99438,-0.09407,0.00325,-0.01906,0.99538,1.00,-0.10312,-0.04884,-0.00507,0.99346,-0.09417,-0.02417,-0.02217,0.99502,1.00
17808,0.00,0.00,0.00992,0.02275,-0.01911,0.99951,-0.10352,-0.02138,-0.00223,0.99439,-0.09407,0.00325,-0.01908,0.99538,1.00,-0.10303,-0.04882,-0.00506,0.99347,-0.09417,-0.02417,-0.02218,0.99502,1.00
17819,0.00,0.00,0.00987,0.02277,-0.01911,0.99951,-0.10281,-0.02145,-0.00222,0.99447,-0.09340,0.00318,-0.01909,0.99544,1.00,-0.10232,-0.04888,-0.00503,0.99354,-0.09351,-0.02423,-0.02217,0.99508,1.00
17830,0.00,0.00,0.00987,0.02289,-0.01922,0.99950,-0.10280,-0.02160,-0.00223,0.99446,-0.09340,0.00317,-0.01921,0.99544,1.00,-0.10230,-0.04903,-0.00505,0.99353,-0.09351,-0.02424,-0.02229,0.99507,1.00
17841,0.00,0.00,0.01003,0.02308,-0.01935,0.99950,-0.10296,-0.02182,-0.00226,0.99444,-0.09340,0.00316,-0.01934,0.99544,1.00,-0.10245,-0.04924,-0.00508,0.99351,-0.09351,-0.02426,-0.02243,0.99507,1.00
17853,0.00,0.00,0.01027,0.02335,-0.01947,0.99949,-0.10252,-0.02254,-0.00232,0.99447,-0.09275,0.00271,-0.01952,0.99549,1.00,-0.10201,-0.04996,-0.00513,0.99351,-0.09284,-0.02470,-0.02260,0.99512,1.00
17864,0.00,0.00,0.01053,0.02345,-0.01938,0.99948,-0.10277,-0.02263,-0.00234,0.99444,-0.09275,0.00272,-0.01944,0.99550,1.00,-0.10226,-0.05006,-0.00515,0.99348,-0.09284,-0.02470,-0.02253,0.99512,1.00
17875,0.00,0.00,0.01076,0.02363,-0.01923,0.99948,-0.10300,-0.02278,-0.00236,0.99442,-0.09274,0.00273,-0.01929,0.99550,1.00,-0.10250,-0.05021,-0.00518,0.99345,-0.09285,-0.02468,-0.02240,0.99512,1.00
17886,0.00,0.00,0.01104,0.02370,-0.01903,0.99948,-0.10306,-0.02247,-0.00233,0.99442,-0.09251,0.00310,-0.01906,0.99552,1.00,-0.10258,-0.04990,-0.00515,0.99346,-0.09263,-0.02432,-0.02218,0.99516,1.00
17897,0.00,0.00,0.01126,0.02381,-0.01891,0.99947,-0.10328,-0.02256,-0.00234,0.99439,-0.09251,0.00311,-0.01894,0.99553,1.00,-0.10280,-0.04999,-0.00517,0.99343,-0.09263,-0.02431,-0.02207,0.99516,1.00
17908,0.00,0.00,0.01144,0.02386,-0.01887,0.99947,-0.10345,-0.02261,-0.00235,0.99437,-0.09251,0.00311,-0.01890,0.99553,1.00,-0.10298,-0.05004,-0.00519,0.99341,-0.09263,-0.02430,-0.02204,0.99516,1.00
17920,0.00,0.00,0.01154,0.02380,-0.01890,0.99947,-0.10545,-0.02193,-0.00233,0.99418,-0.09440,0.00376,-0.01886,0.99535,1.00,-0.10496,-0.04938,-0.00522,0.99324,-0.09450,-0.02368,-0.02206,0.99500,1.00
17931,0.00,0.00,0.01160,0.02372,-0.01892,0.99947,-0.10551,-0.02186,-0.00232,0.99417,-0.09440,0.00376,-0.01888,0.99535,1.00,-0.10502,-0.04931,-0.00521,0.99323,-0.09450,-0.02368,-0.02209,0.99500,1.00
17942,0.00,0.00,0.01160,0.02355,-0.01887,0.99948,-0.10552,-0.02168,-0.00230,0.99418,-0.09440,0.00376,-0.01882,0.99535,1.00,-0.10503,-0.04913,-0.00519,0.99324,-0.09450,-0.02367,-0.02203,0.99500,1.00
17953,0.00,0.00,0.01161,0.02345,-0.01886,0.99948,-0.10502,-0.02145,-0.00227,0.99424,-0.09388,0.00388,-0.01880,0.99540,1.00,-0.10453,-0.04890,-0.00515,0.99331,-0.09398,-0.02355,-0.02199,0.99505,1.00
17964,0.00,0.00,0.01156,0.02319,-0.01880,0.99949,-0.10497,-0.02118,-0.00224,0.99425,-0.09388,0.00389,-0.01874,0.99540,1.00,-0.10448,-0.04862,-0.00511,0.99332,-0.09398,-0.02354,-0.02193,0.99505,1.00
17975,0.00,0.00,0.01155,0.02299,-0.01884,0.99949,-0.10497,-0.02099,-0.00222,0.99425,-0.09388,0.00388,-0.01878,0.99540,1.00,-0.10448,-0.04844,-0.00509,0.99333,-0.09398,-0.02355,-0.02197,0.99505,1.00
17986,0.00,0.00,0.01160,0.02286,-0.01883,0.99949,-0.10414,-0.02196,-0.00230,0.99432,-0.09302,0.00277,-0.01890,0.99548,1.00,-0.10364,-0.04939,-0.00515,0.99337,-0.09311,-0.02464,-0.02206,0.99511,1.00
17997,0.00,0.00,0.01169,0.02270,-0.01893,0.99949,-0.10423,-0.02182,-0.00229,0.99431,-0.09302,0.00277,-0.01899,0.99548,1.00,-0.10372,-0.04925,-0.00514,0.99337,-0.09310,-0.02465,-0.02216,0.99510,1.00
18009,0.00,0.00,0.01180,0.02261,-0.01891,0.99950,-0.10435,-0.02173,-0.00228,0.99430,-0.09302,0.00277,-0.01897,0.99548,1.00,-0.10384,-0.04916,-0.00514,0.99337,-0.09311,-0.02465,-0.02215,0.99510,1.00
18020,0.00,0.00,0.01189,0.02263,-0.01891,0.99949,-0.10431,-0.02216,-0.00232,0.99430,-0.09291,0.00235,-0.01903,0.99549,1.00,-0.10380,-0.04959,-0.00518,0.99335,-0.09299,-0.02507,-0.02221,0.99510,1.00
18031,0.00,0.00,0.01192,0.02260,-0.01881,0.99950,-0.10435,-0.02211,-0.00232,0.99429,-0.09291,0.00236,-0.01893,0.99549,1.00,-0.10384,-0.04955,-0.00518,0.99335,-0.09299,-0.02506,-0.02211,0.99511,1.00
18042,0.00,0.00,0.01191,0.02268,-0.01869,0.99950,-0.10434,-0.02216,-0.00233,0.99429,-0.09291,0.00237,-0.01880,0.99549,1.00,-0.10384,-0.04960,-0.00518,0.99334,-0.09300,-0.02505,-0.02198,0.99511,1.00
18054,0.00,15.00,0.01196,0.02280,-0.01856,0.99950,-0.10421,-0.02158,-0.00226,0.99432,-0.09272,0.00307,-0.01859,0.99551,1.00,-0.10372,-0.04902,-0.00512,0.99338,-0.09282,-0.02435,-0.02177,0.99515,1.00
18064,0.00,15.00,0.01209,0.02294,-0.01858,0.99949,-0.10434,-0.02172,-0.00228,0.99430,-0.09272,0.00306,-0.01862,0.99551,1.00,-0.10385,-0.04916,-0.00514,0.99336,-0.09282,-0.02436,-0.02181,0.99515,1.00
18075,0.00,15.00,0.01223,0.02321,-0.01896,0.99948,-0.10446,-0.02207,-0.00232,0.99428,-0.09272,0.00303,-0.01901,0.99551,1.00,-0.10396,-0.04951,-0.00518,0.99334,-0.09281,-0.02440,-0.02221,0.99514,1.00
18087,0.00,15.00,0.01241,0.02338,-0.01914,0.99947,-0.10617,-0.02222,-0.00237,0.99410,-0.09426,0.00309,-0.01920,0.99536,1.00,-0.10564,-0.04968,-0.00528,0.99315,-0.09433,-0.02435,-0.02244,0.99499,1.00
18098,0.00,15.00,0.01247,0.02352,-0.01917,0.99946,-0.10622,-0.02237,-0.00239,0.99409,-0.09426,0.00308,-0.01923,0.99536,1.00,-0.10569,-0.04983,-0.00530,0.99314,-0.09433,-0.02435,-0.02248,0.99499,1.00
18109,0.00,15.00,0.01259,0.02366,-0.01911,0.99946,-0.10635,-0.02250,-0.00241,0.99407,-0.09426,0.00309,-0.01917,0.99536,1.00,-0.10581,-0.04996,-0.00532,0.99312,-0.09433,-0.02435,-0.02242,0.99499,1.00
18120,0.00,15.00,0.01267,0.02370,-0.01897,0.99946,-0.10561,-0.02222,-0.00236,0.99416,-0.09344,0.00339,-0.01900,0.99544,1.00,-0.10510,-0.04967,-0.00526,0.99321,-0.09353,-0.02404,-0.02224,0.99508,1.00
18131,0.00,15.00,0.01279,0.02374,-0.01883,0.99946,-0.10574,-0.02223,-0.00236,0.99414,-0.09344,0.00340,-0.01886,0.99544,1.00,-0.10524,-0.04968,-0.00526,0.99319,-0.09354,-0.02403,-0.02211,0.99508,1.00
18142,0.00,15.00,0.01284,0.02375,-0.01879,0.99946,-0.10579,-0.02223,-0.00237,0.99414,-0.09344,0.00341,-0.01881,0.99544,1.00,-0.10529,-0.04968,-0.00527,0.99319,-0.09354,-0.02403,-0.02206,0.99508,1.00
18154,0.00,15.00,0.01289,0.02379,-0.01879,0.99946,-0.10551,-0.02265,-0.00240,0.99416,-0.09312,0.00303,-0.01886,0.99547,1.00,-0.10501,-0.05009,-0.00530,0.99320,-0.09321,-0.02440,-0.02210,0.99510,1.00
18165,0.00,15.00,0.01290,0.02375,-0.01873,0.99946,-0.10552,-0.02259,-0.00240,0.99416,-0.09312,0.00303,-0.01880,0.99547,1.00,-0.10502,-0.05004,-0.00529,0.99320,-0.09321,-0.02439,-0.02204,0.99510,1.00
18176,0.00,15.00,0.01295,0.02372,-0.01870,0.99946,-0.10558,-0.02256,-0.00240,0.99415,-0.09312,0.00304,-0.01877,0.99547,1.00,-0.10507,-0.05001,-0.00529,0.99319,-0.09321,-0.02439,-0.02202,0.99510,1.00
18187,0.00,15.00,0.01310,0.02362,-0.01857,0.99946,-0.10415,-0.02232,-0.00234,0.99431,-0.09155,0.00314,-0.01864,0.99562,1.00,-0.10366,-0.04976,-0.00519,0.99335,-0.09164,-0.02428,-0.02184,0.99526,1.00
18198,0.00,15.00,0.01331,0.02353,-0.01849,0.99946,-0.10437,-0.02222,-0.00233,0.99429,-0.09155,0.00315,-0.01855,0.99562,1.00,-0.10388,-0.04966,-0.00519,0.99334,-0.09164,-0.02427,-0.02177,0.99526,1.00
18209,0.00,15.00,0.01349,0.02342,-0.01836,0.99947,-0.10455,-0.02209,-0.00232,0.99427,-0.09155,0.00316,-0.01843,0.99563,1.00,-0.10407,-0.04953,-0.00519,0.99332,-0.09165,-0.02426,-0.02166,0.99526,1.00
18221,0.00,15.00,0.01362,0.02332,-0.01831,0.99947,-0.10442,-0.02207,-0.00232,0.99429,-0.09128,0.00307,-0.01838,0.99565,1.00,-0.10393,-0.04950,-0.00518,0.99334,-0.09137,-0.02434,-0.02161,0.99529,1.00
18231,0.00,15.00,0.01375,0.02323,-0.01822,0.99947,-0.10455,-0.02197,-0.00231,0.99427,-0.09127,0.00308,-0.01830,0.99565,1.00,-0.10407,-0.04941,-0.00518,0.99333,-0.09137,-0.02433,-0.02154,0.99529,1.00
18243,0.00,15.00,0.01391,0.02314,-0.01821,0.99947,-0.10471,-0.02188,-0.00230,0.99426,-0.09127,0.00308,-0.01829,0.99565,1.00,-0.10422,-0.04932,-0.00517,0.99332,-0.09137,-0.02433,-0.02153,0.99529,1.00
18254,0.00,15.00,0.01401,0.02308,-0.01814,0.99947,-0.10904,-0.02121,-0.00233,0.99381,-0.09550,0.00375,-0.01813,0.99526,1.00,-0.10854,-0.04869,-0.00532,0.99288,-0.09558,-0.02371,-0.02151,0.99491,1.00
18265,0.00,15.00,0.01404,0.02302,-0.01808,0.99947,-0.10908,-0.02114,-0.00232,0.99381,-0.09550,0.00375,-0.01808,0.99526,1.00,-0.10858,-0.04863,-0.00532,0.99288,-0.09558,-0.02370,-0.02145,0.99491,1.00
18276,0.00,15.00,0.01409,0.02303,-0.01811,0.99947,-0.10913,-0.02115,-0.00232,0.99380,-0.09550,0.00375,-0.01811,0.99526,1.00,-0.10863,-0.04864,-0.00532,0.99288,-0.09558,-0.02371,-0.02148,0.99491,1.00
18287,0.00,15.00,0.01414,0.02292,-0.01801,0.99948,-0.11090,0.02129,0.00238,0.99360,-0.09636,0.04602,-0.01268,0.99420,1.00,-0.11102,-0.00630,-0.00070,0.99380,-0.09704,0.01850,-0.01615,0.99498,1.00
18299,0.00,15.00,0.01416,0.02291,-0.01800,0.99948,-0.11092,0.02130,0.00238,0.99360,-0.09636,0.04602,-0.01266,0.99420,1.00,-0.11104,-0.00628,-0.00070,0.99380,-0.09704,0.01850,-0.01613,0.99498,1.00
18310,0.00,15.00,0.01421,0.02289,-0.01789,0.99948,-0.11096,0.02135,0.00238,0.99359,-0.09635,0.04603,-0.01255,0.99420,1.00,-0.11109,-0.00623,-0.00070,0.99379,-0.09704,0.01851,-0.01602,0.99498,1.00
18321,0.00,15.00,0.01420,0.02293,-0.01786,0.99948,-0.11516,0.10551,0.01230,0.98765,-0.09890,0.12998,-0.00120,0.98657,1.00,-0.11661,0.07844,0.00924,0.99003,-0.10087,0.10305,-0.00466,0.98954,1.00
18332,0.00,15.00,0.01421,0.02293,-0.01774,0.99948,-0.11513,0.10553,0.01230,0.98765,-0.09889,0.12999,-0.00109,0.98657,1.00,-0.11659,0.07846,0.00924,0.99003,-0.10086,0.10306,-0.00454,0.98954,1.00
18343,0.00,15.00,0.01426,0.02292,-0.01764,0.99948,-0.11516,0.10556,0.01231,0.98765,-0.09887,0.13000,-0.00098,0.98657,1.00,-0.11662,0.07850,0.00925,0.99003,-0.10085,0.10308,-0.00443,0.98954,1.00
18354,0.00,15.00,0.01428,0.02293,-0.01754,0.99948,-0.11506,0.10649,0.01241,0.98756,-0.09875,0.13092,-0.00076,0.98646,1.00,-0.11653,0.07944,0.00935,0.98996,-0.10073,0.10400,-0.00421,0.98945,1.00
18365,0.00,15.00,0.01437,0.02294,-0.01744,0.99948,-0.11512,0.10650,0.01241,0.98755,-0.09873,0.13093,-0.00064,0.98646,1.00,-0.11660,0.07945,0.00936,0.98995,-0.10072,0.10402,-0.00410,0.98945,1.00
18377,0.00,15.00,0.01438,0.02292,-0.01738,0.99948,-0.11513,0.10653,0.01242,0.98754,-0.09873,0.13093,-0.00058,0.98646,1.00,-0.11661,0.07948,0.00936,0.98995,-0.10071,0.10402,-0.00403,0.98945,1.00
18388,0.00,15.00,0.01437,0.02292,-0.01729,0.99948,-0.11497,0.10648,0.01240,0.98757,-0.09860,0.13086,-0.00053,0.98649,1.00,-0.11644,0.07943,0.00934,0.98997,-0.10057,0.10395,-0.00397,0.98948,1.00
18399,0.00,15.00,0.01438,0.02293,-0.01726,0.99948,-0.11498,0.10647,0.01240,0.98757,-0.09860,0.13087,-0.00048,0.98648,1.00,-0.11645,0.07942,0.00934,0.98997,-0.10057,0.10396,-0.00393,0.98948,1.00
18410,0.00,15.00,0.01437,0.02288,-0.01718,0.99949,-0.11495,0.10654,0.01240,0.98756,-0.09859,0.13087,-0.00041,0.98648,1.00,-0.11642,0.07949,0.00935,0.98997,-0.10056,0.10396,-0.00386,0.98948,1.00
18421,0.00,15.00,0.01435,0.02286,-0.01712,0.99949,-0.11490,0.10641,0.01238,0.98758,-0.09857,0.13072,-0.00038,0.98651,1.00,-0.11637,0.07936,0.00933,0.98999,-0.10053,0.10381,-0.00383,0.98950,1.00
18432,0.00,15.00,0.01437,0.02286,-0.01705,0.99949,-0.11490,0.10643,0.01238,0.98758,-0.09856,0.13073,-0.00031,0.98651,1.00,-0.11637,0.07938,0.00933,0.98999,-0.10052,0.10381,-0.00375,0.98950,1.00
18444,0.00,15.00,0.01442,0.02279,-0.01705,0.99949,-0.11495,0.10649,0.01240,0.98757,-0.09855,0.13073,-0.00029,0.98651,1.00,-0.11642,0.07944,0.00934,0.98997,-0.10052,0.10382,-0.00374,0.98950,1.00
18455,0.00,15.00,0.01441,0.02274,-0.01699,0.99949,-0.11502,0.10536,0.01227,0.98768,-0.09866,0.12954,-0.00038,0.98665,1.00,-0.11646,0.07829,0.00921,0.99006,-0.10060,0.10261,-0.00384,0.98961,1.00
18466,0.00,15.00,0.01438,0.02272,-0.01694,0.99950,-0.11498,0.10538,0.01227,0.98769,-0.09865,0.12954,-0.00034,0.98665,1.00,-0.11642,0.07832,0.00921,0.99006,-0.10059,0.10261,-0.00379,0.98962,1.00
18477,0.00,15.00,0.01435,0.02270,-0.01683,0.99950,-0.11492,0.10543,0.01227,0.98769,-0.09864,0.12955,-0.00024,0.98665,1.00,-0.11638,0.07837,0.00921,0.99007,-0.10058,0.10262,-0.00369,0.98962,1.00
18488,0.00,15.00,0.01428,0.02268,-0.01674,0.99950,-0.11499,0.10658,0.01241,0.98755,-0.09877,0.13068,0.00000,0.98649,1.00,-0.11646,0.07953,0.00936,0.98996,-0.10072,0.10376,-0.00344,0.98948,1.00
18499,0.00,15.00,0.01418,0.02272,-0.01671,0.99950,-0.11489,0.10655,0.01240,0.98757,-0.09877,0.13068,0.00001,0.98649,1.00,-0.11635,0.07950,0.00934,0.98998,-0.10072,0.10377,-0.00343,0.98948,1.00
18511,0.00,15.00,0.01407,0.02274,-0.01668,0.99950,-0.11478,0.10653,0.01238,0.98758,-0.09877,0.13068,0.00001,0.98649,1.00,-0.11625,0.07949,0.00933,0.98999,-0.10072,0.10377,-0.00343,0.98948,1.00
18522,0.00,15.00,0.01397,0.02278,-0.01671,0.99950,-0.11457,0.11342,0.01317,0.98683,-0.09853,0.13757,0.00086,0.98558,1.00,-0.11613,0.08646,0.01015,0.98941,-0.10058,0.11076,-0.00254,0.98874,1.00
18533,0.00,15.00,0.01394,0.02288,-0.01678,0.99950,-0.11456,0.11331,0.01315,0.98685,-0.09854,0.13756,0.00079,0.98558,1.00,-0.11611,0.08635,0.01013,0.98942,-0.10058,0.11075,-0.00261,0.98874,1.00
18544,0.00,15.00,0.01399,0.02303,-0.01690,0.99949,-0.11464,0.11313,0.01314,0.98686,-0.09856,0.13755,0.00068,0.98558,1.00,-0.11619,0.08617,0.01012,0.98943,-0.10060,0.11074,-0.00273,0.98874,1.00
18555,0.00,15.00,0.01410,0.02318,-0.01701,0.99949,-0.11503,0.11372,0.01326,0.98674,-0.09882,0.13830,0.00074,0.98545,1.00,-0.11659,0.08677,0.01023,0.98933,-0.10086,0.11150,-0.00268,0.98863,1.00
18566,0.00,15.00,0.01418,0.02335,-0.01701,0.99948,-0.11511,0.11356,0.01325,0.98675,-0.09881,0.13831,0.00076,0.98545,1.00,-0.11667,0.08661,0.01021,0.98934,-0.10086,0.11150,-0.00266,0.98863,1.00
18578,0.00,15.00,0.01425,0.02344,-0.01687,0.99948,-0.11514,0.11350,0.01324,0.98675,-0.09879,0.13832,0.00091,0.98545,1.00,-0.11671,0.08654,0.01021,0.98934,-0.10085,0.11151,-0.00252,0.98863,1.00
18589,0.00,15.00,0.01427,0.02349,-0.01677,0.99948,-0.11390,0.11454,0.01322,0.98678,-0.09753,0.13938,0.00098,0.98542,1.00,-0.11548,0.08761,0.01023,0.98939,-0.09959,0.11259,-0.00240,0.98864,1.00
18599,0.00,15.00,0.01440,0.02359,-0.01664,0.99948,-0.11399,0.11446,0.01322,0.98678,-0.09751,0.13939,0.00113,0.98542,1.00,-0.11557,0.08753,0.01023,0.98938,-0.09957,0.11261,-0.00226,0.98864,1.00
18611,0.00,15.00,0.01440,0.02360,-0.01672,0.99948,-0.11402,0.11444,0.01322,0.98678,-0.09752,0.13938,0.00106,0.98542,1.00,-0.11559,0.08751,0.01022,0.98938,-0.09958,0.11260,-0.00233,0.98864,1.00
18622,0.00,15.00,0.01440,0.02364,-0.01685,0.99947,-0.11531,0.11385,0.01331,0.98669,-0.09880,0.13887,0.00103,0.98537,1.00,-0.11688,0.08690,0.01027,0.98928,-0.10086,0.11206,-0.00240,0.98857,1.00
18633,0.00,15.00,0.01440,0.02360,-0.01699,0.99947,-0.11534,0.11386,0.01331,0.98669,-0.09882,0.13886,0.00090,0.98537,1.00,-0.11691,0.08691,0.01027,0.98928,-0.10087,0.11205,-0.00253,0.98857,1.00
18644,0.00,15.00,0.01436,0.02353,-0.01701,0.99948,-0.11530,0.11392,0.01331,0.98669,-0.09882,0.13885,0.00087,0.98537,1.00,-0.11687,0.08697,0.01027,0.98928,-0.10088,0.11204,-0.00256,0.98857,1.00
18655,0.00,15.00,0.01433,0.02349,-0.01695,0.99948,-0.11523,0.11399,0.01331,0.98669,-0.09879,0.13887,0.00092,0.98537,1.00,-0.11680,0.08704,0.01028,0.98928,-0.10085,0.11206,-0.00251,0.98857,1.00
18666,0.00,15.00,0.01423,0.02339,-0.01687,0.99948,-0.11512,0.11410,0.01331,0.98669,-0.09878,0.13887,0.00097,0.98537,1.00,-0.11668,0.08714,0.01028,0.98929,-0.10084,0.11206,-0.00245,0.98857,1.00
18678,0.00,15.00,0.01411,0.02334,-0.01685,0.99949,-0.11500,0.11415,0.01331,0.98669,-0.09878,0.13887,0.00096,0.98537,1.00,-0.11657,0.08720,0.01028,0.98929,-0.10084,0.11206,-0.00245,0.98857,1.00
18689,0.00,15.00,0.01403,0.02331,-0.01690,0.99949,-0.11575,0.11419,0.01340,0.98660,-0.09960,0.13889,0.00101,0.98529,1.00,-0.11733,0.08723,0.01035,0.98920,-0.10167,0.11208,-0.00242,0.98848,1.00
18700,0.00,15.00,0.01395,0.02333,-0.01700,0.99949,-0.11570,0.11414,0.01339,0.98661,-0.09962,0.13888,0.00089,0.98529,1.00,-0.11727,0.08718,0.01034,0.98921,-0.10169,0.11207,-0.00254,0.98848,1.00
18712,0.00,15.00,0.01399,0.02335,-0.01710,0.99948,-0.11576,0.11410,0.01339,0.98661,-0.09963,0.13887,0.00081,0.98529,1.00,-0.11732,0.08714,0.01034,0.98921,-0.10170,0.11206,-0.00263,0.98848,1.00
18722,0.00,15.00,0.01403,0.02341,-0.01719,0.99948,-0.11517,0.11464,0.01338,0.98662,-0.09898,0.13947,0.00072,0.98527,1.00,-0.11674,0.08770,0.01035,0.98923,-0.10105,0.11267,-0.00270,0.98848,1.00
18733,0.00,15.00,0.01402,0.02342,-0.01725,0.99948,-0.11517,0.11462,0.01338,0.98662,-0.09899,0.13946,0.00066,0.98527,1.00,-0.11673,0.08767,0.01035,0.98923,-0.10105,0.11266,-0.00276,0.98848,1.00
18745,0.00,15.00,0.01399,0.02344,-0.01724,0.99948,-0.11515,0.11460,0.01338,0.98662,-0.09899,0.13946,0.00066,0.98527,1.00,-0.11671,0.08766,0.01034,0.98924,-0.10105,0.11266,-0.00276,0.98848,1.00
18756,0.00,15.00,0.01388,0.02347,-0.01722,0.99948,-0.11451,0.11463,0.01330,0.98670,-0.09847,0.13951,0.00059,0.98531,1.00,-0.11607,0.08769,0.01029,0.98931,-0.10053,0.11272,-0.00281,0.98852,1.00
18767,0.00,15.00,0.01376,0.02346,-0.01724,0.99948,-0.11440,0.11463,0.01329,0.98671,-0.09848,0.13951,0.00054,0.98531,1.00,-0.11596,0.08769,0.01028,0.98932,-0.10054,0.11271,-0.00285,0.98852,1.00
18779,0.00,15.00,0.01369,0.02346,-0.01732,0.99948,-0.11436,0.11461,0.01328,0.98672,-0.09849,0.13950,0.00044,0.98531,1.00,-0.11591,0.08767,0.01027,0.98933,-0.10055,0.11270,-0.00295,0.98852,1.00
18789,0.00,15.00,0.01359,0.02357,-0.01767,0.99947,-0.11387,0.11422,0.01318,0.98682,-0.09807,0.13925,-0.00003,0.98539,1.00,-0.11540,0.08728,0.01018,0.98942,-0.10011,0.11246,-0.00340,0.98859,1.00
18800,0.00,15.00,0.01354,0.02357,-0.01780,0.99947,-0.11386,0.11419,0.01318,0.98683,-0.09809,0.13924,-0.00016,0.98539,1.00,-0.11538,0.08726,0.01018,0.98943,-0.10012,0.11245,-0.00354,0.98859,1.00
18812,0.00,15.00,0.01350,0.02356,-0.01779,0.99947,-0.11381,0.11420,0.01317,0.98683,-0.09809,0.13924,-0.00017,0.98539,1.00,-0.11534,0.08727,0.01017,0.98943,-0.10013,0.11244,-0.00354,0.98859,1.00
18823,0.00,15.00,0.01346,0.02359,-0.01778,0.99947,-0.11314,0.11429,0.01310,0.98690,-0.09746,0.13935,-0.00024,0.98544,1.00,-0.11467,0.08736,0.01012,0.98950,-0.09950,0.11256,-0.00359,0.98864,1.00
18834,0.00,15.00,0.01342,0.02364,-0.01770,0.99947,-0.11309,0.11426,0.01309,0.98691,-0.09745,0.13935,-0.00017,0.98544,1.00,-0.11462,0.08733,0.01012,0.98951,-0.09950,0.11257,-0.00352,0.98864,1.00
18845,0.00,15.00,0.01338,0.02368,-0.01762,0.99947,-0.11303,0.11423,0.01308,0.98692,-0.09744,0.13936,-0.00011,0.98544,1.00,-0.11456,0.08731,0.01011,0.98952,-0.09949,0.11258,-0.00345,0.98864,1.00
18856,0.00,15.00,0.01333,0.02371,-0.01757,0.99948,-0.11305,0.11475,0.01315,0.98685,-0.09751,0.13990,0.00001,0.98535,1.00,-0.11461,0.08783,0.01017,0.98947,-0.09957,0.11312,-0.00332,0.98857,1.00
18867,0.00,15.00,0.01335,0.02367,-0.01756,0.99948,-0.11306,0.11479,0.01315,0.98685,-0.09750,0.13990,0.00003,0.98535,1.00,-0.11462,0.08787,0.01018,0.98946,-0.09957,0.11312,-0.00331,0.98857,1.00
18879,0.00,15.00,0.01336,0.02365,-0.01750,0.99948,-0.11306,0.11482,0.01315,0.98684,-0.09750,0.13991,0.00008,0.98535,1.00,-0.11462,0.08790,0.01018,0.98946,-0.09956,0.11313,-0.00326,0.98857,1.00
18889,0.00,15.00,0.01344,0.02364,-0.01750,0.99948,-0.11363,0.11504,0.01325,0.98675,-0.09798,0.14012,0.00020,0.98527,1.00,-0.11520,0.08812,0.01026,0.98937,-0.10006,0.11334,-0.00315,0.98850,1.00
18900,0.00,15.00,0.01354,0.02357,-0.01746,0.99948,-0.11371,0.11512,0.01327,0.98673,-0.09797,0.14013,0.00027,0.98527,1.00,-0.11529,0.08820,0.01028,0.98936,-0.10005,0.11335,-0.00309,0.98850,1.00
18912,0.00,15.00,0.01363,0.02357,-0.01746,0.99948,-0.11380,0.11512,0.01328,0.98672,-0.09797,0.14013,0.00029,0.98527,1.00,-0.11537,0.08820,0.01029,0.98935,-0.10005,0.11335,-0.00307,0.98850,1.00
18923,0.00,15.00,0.01376,0.02352,-0.01750,0.99948,-0.11393,0.11503,0.01328,0.98672,-0.09797,0.13998,0.00027,0.98530,1.00,-0.11550,0.08810,0.01028,0.98934,-0.10004,0.11320,-0.00310,0.98852,1.00
18934,0.00,15.00,0.01387,0.02351,-0.01753,0.99947,-0.11404,0.11503,0.01330,0.98670,-0.09797,0.13998,0.00026,0.98530,1.00,-0.11561,0.08811,0.01030,0.98933,-0.10004,0.11320,-0.00312,0.98852,1.00
18946,0.00,15.00,0.01395,0.02350,-0.01757,0.99947,-0.11413,0.11504,0.01331,0.98669,-0.09797,0.13998,0.00025,0.98530,1.00,-0.11570,0.08811,0.01030,0.98932,-0.10005,0.11320,-0.00313,0.98852,1.00
18956,0.00,15.00,0.01398,0.02346,-0.01759,0.99947,-0.11330,0.11511,0.01322,0.98678,-0.09711,0.14001,0.00012,0.98538,1.00,-0.11486,0.08819,0.01024,0.98941,-0.09917,0.11324,-0.00324,0.98860,1.00
18967,0.00,15.00,0.01395,0.02349,-0.01761,0.99947,-0.11327,0.11508,0.01321,0.98679,-0.09711,0.14001,0.00009,0.98538,1.00,-0.11483,0.08816,0.01023,0.98941,-0.09918,0.11324,-0.00327,0.98860,1.00
18979,0.00,15.00,0.01393,0.02353,-0.01760,0.99947,-0.11326,0.11504,0.01320,0.98679,-0.09711,0.14001,0.00009,0.98538,1.00,-0.11481,0.08812,0.01023,0.98942,-0.09918,0.11324,-0.00327,0.98860,1.00
18990,0.00,15.00,0.01386,0.02359,-0.01758,0.99947,-0.11301,0.11481,0.01315,0.98685,-0.09695,0.13984,0.00005,0.98542,1.00,-0.11457,0.08789,0.01018,0.98947,-0.09901,0.11306,-0.00330,0.98864,1.00
19001,0.00,15.00,0.01383,0.02363,-0.01754,0.99947,-0.11298,0.11478,0.01314,0.98686,-0.09695,0.13984,0.00008,0.98542,1.00,-0.11453,0.08786,0.01017,0.98947,-0.09901,0.11307,-0.00327,0.98864,1.00
19013,0.00,15.00,0.01380,0.02369,-0.01755,0.99947,-0.11295,0.11472,0.01313,0.98687,-0.09695,0.13984,0.00007,0.98542,1.00,-0.11450,0.08780,0.01016,0.98948,-0.09901,0.11307,-0.00328,0.98864,1.00
19023,0.00,15.00,0.01373,0.02373,-0.01748,0.99947,-0.11451,0.11492,0.01334,0.98666,-0.09858,0.14009,0.00038,0.98522,1.00,-0.11609,0.08799,0.01033,0.98928,-0.10066,0.11331,-0.00301,0.98844,1.00
19034,0.00,15.00,0.01368,0.02378,-0.01741,0.99947,-0.11445,0.11488,0.01333,0.98667,-0.09857,0.14010,0.00043,0.98522,1.00,-0.11603,0.08795,0.01032,0.98929,-0.10066,0.11331,-0.00295,0.98844,1.00
19046,0.00,15.00,0.01366,0.02380,-0.01737,0.99947,-0.11442,0.11487,0.01332,0.98668,-0.09856,0.14010,0.00046,0.98522,1.00,-0.11600,0.08794,0.01031,0.98929,-0.10065,0.11332,-0.00292,0.98844,1.00
19057,0.00,15.00,0.01366,0.02379,-0.01732,0.99947,-0.11449,0.11490,0.01333,0.98667,-0.09865,0.14011,0.00053,0.98521,1.00,-0.11608,0.08797,0.01032,0.98928,-0.10074,0.11332,-0.00285,0.98843,1.00
19067,0.00,15.00,0.01365,0.02376,-0.01732,0.99947,-0.11449,0.11493,0.01334,0.98666,-0.09865,0.14011,0.00053,0.98521,1.00,-0.11608,0.08800,0.01033,0.98928,-0.10074,0.11332,-0.00286,0.98843,1.00
19079,0.00,15.00,0.01367,0.02372,-0.01730,0.99948,-0.11450,0.11497,0.01334,0.98666,-0.09865,0.14011,0.00055,0.98521,1.00,-0.11609,0.08804,0.01033,0.98928,-0.10074,0.11333,-0.00283,0.98843,1.00
19090,0.00,15.00,0.01365,0.02368,-0.01731,0.99948,-0.11414,0.11421,0.01321,0.98679,-0.09832,0.13931,0.00039,0.98536,1.00,-0.11570,0.08727,0.01020,0.98939,-0.10038,0.11252,-0.00299,0.98856,1.00
19101,0.00,15.00,0.01370,0.02362,-0.01728,0.99948,-0.11418,0.11427,0.01322,0.98678,-0.09831,0.13932,0.00043,0.98536,1.00,-0.11574,0.08733,0.01022,0.98938,-0.10038,0.11252,-0.00295,0.98856,1.00
19113,0.00,15.00,0.01378,0.02356,-0.01729,0.99948,-0.11425,0.11434,0.01324,0.98676,-0.09831,0.13932,0.00044,0.98536,1.00,-0.11582,0.08740,0.01023,0.98936,-0.10037,0.11252,-0.00294,0.98856,1.00
19123,0.00,15.00,0.01385,0.02346,-0.01728,0.99948,-0.11185,0.11438,0.01296,0.98704,-0.09584,0.13923,0.00010,0.98561,1.00,-0.11338,0.08747,0.01002,0.98964,-0.09787,0.11246,-0.00322,0.98882,1.00
19135,0.00,15.00,0.01387,0.02340,-0.01730,0.99948,-0.11187,0.11444,0.01297,0.98703,-0.09585,0.13923,0.00009,0.98561,1.00,-0.11340,0.08753,0.01003,0.98964,-0.09787,0.11246,-0.00323,0.98882,1.00
19146,0.00,15.00,0.01394,0.02333,-0.01731,0.99948,-0.11194,0.11451,0.01299,0.98701,-0.09584,0.13923,0.00011,0.98561,1.00,-0.11348,0.08759,0.01004,0.98962,-0.09787,0.11246,-0.00322,0.98882,1.00
19157,0.00,15.00,0.01400,0.02323,-0.01729,0.99948,-0.11181,0.11600,0.01314,0.98685,-0.09563,0.14062,0.00030,0.98543,1.00,-0.11336,0.08911,0.01021,0.98950,-0.09768,0.11387,-0.00302,0.98868,1.00
19168,0.00,15.00,0.01404,0.02315,-0.01727,0.99948,-0.11184,0.11609,0.01316,0.98683,-0.09563,0.14062,0.00032,0.98543,1.00,-0.11340,0.08920,0.01022,0.98948,-0.09767,0.11387,-0.00300,0.98868,1.00
19180,0.00,15.00,0.01403,0.02302,-0.01720,0.99949,-0.11182,0.11623,0.01317,0.98682,-0.09561,0.14063,0.00040,0.98543,1.00,-0.11338,0.08934,0.01024,0.98947,-0.09766,0.11388,-0.00292,0.98868,1.00
19190,0.00,15.00,0.01408,0.02295,-0.01720,0.99949,-0.11452,0.11611,0.01348,0.98652,-0.09826,0.14047,0.00077,0.98520,1.00,-0.11611,0.08919,0.01047,0.98917,-0.10035,0.11369,-0.00263,0.98843,1.00
19201,0.00,15.00,0.01410,0.02288,-0.01724,0.99949,-0.11454,0.11617,0.01349,0.98651,-0.09827,0.14046,0.00073,0.98520,1.00,-0.11614,0.08925,0.01048,0.98916,-0.10035,0.11369,-0.00266,0.98843,1.00
19213,0.00,15.00,0.01403,0.02285,-0.01726,0.99949,-0.11449,0.11619,0.01348,0.98651,-0.09827,0.14046,0.00069,0.98520,1.00,-0.11608,0.08926,0.01048,0.98917,-0.10036,0.11368,-0.00270,0.98843,1.00
19224,0.00,15.00,0.01396,0.02282,-0.01726,0.99949,-0.11444,0.11440,0.01327,0.98673,-0.09833,0.13864,0.00043,0.98545,1.00,-0.11600,0.08745,0.01025,0.98934,-0.10039,0.11184,-0.00296,0.98864,1.00
19235,0.00,15.00,0.01395,0.02287,-0.01737,0.99949,-0.11446,0.11432,0.01326,0.98674,-0.09835,0.13863,0.00033,0.98545,1.00,-0.11602,0.08738,0.01025,0.98934,-0.10040,0.11183,-0.00307,0.98864,1.00
19247,0.00,15.00,0.01401,0.02297,-0.01759,0.99948,-0.11457,0.11418,0.01326,0.98674,-0.09837,0.13861,0.00013,0.98545,1.00,-0.11612,0.08723,0.01024,0.98934,-0.10042,0.11181,-0.00328,0.98864,1.00
19257,0.00,15.00,0.01416,0.02318,-0.01787,0.99947,-0.11407,0.11380,0.01315,0.98685,-0.09769,0.13846,-0.00023,0.98554,1.00,-0.11559,0.08686,0.01015,0.98944,-0.09973,0.11167,-0.00363,0.98872,1.00
19269,0.00,15.00,0.01424,0.02329,-0.01785,0.99947,-0.11414,0.11369,0.01315,0.98685,-0.09769,0.13847,-0.00020,0.98554,1.00,-0.11567,0.08675,0.01014,0.98944,-0.09973,0.11167,-0.00360,0.98872,1.00
19280,0.00,15.00,0.01427,0.02333,-0.01780,0.99947,-0.11415,0.11366,0.01315,0.98685,-0.09768,0.13847,-0.00014,0.98554,1.00,-0.11568,0.08672,0.01014,0.98944,-0.09972,0.11167,-0.00354,0.98872,1.00
19290,0.00,15.00,0.01433,0.02343,-0.01764,0.99947,-0.11350,0.11681,0.01344,0.98656,-0.09693,0.14167,0.00036,0.98516,1.00,-0.11509,0.08992,0.01046,0.98922,-0.09903,0.11492,-0.00301,0.98842,1.00
19301,0.00,15.00,0.01437,0.02349,-0.01746,0.99947,-0.11350,0.11678,0.01344,0.98656,-0.09691,0.14168,0.00055,0.98516,1.00,-0.11510,0.08989,0.01046,0.98922,-0.09901,0.11494,-0.00282,0.98842,1.00
19313,0.00,15.00,0.01432,0.02367,-0.01742,0.99947,-0.11344,0.11662,0.01341,0.98659,-0.09690,0.14169,0.00057,0.98516,1.00,-0.11504,0.08972,0.01043,0.98925,-0.09901,0.11494,-0.00280,0.98842,1.00
19324,0.00,15.00,0.01432,0.02368,-0.01744,0.99946,-0.11304,0.11682,0.01339,0.98661,-0.09650,0.14191,0.00052,0.98517,1.00,-0.11464,0.08994,0.01042,0.98927,-0.09859,0.11517,-0.00284,0.98844,1.00
19335,0.00,15.00,0.01429,0.02374,-0.01759,0.99946,-0.11305,0.11674,0.01338,0.98662,-0.09652,0.14189,0.00037,0.98517,1.00,-0.11464,0.08985,0.01041,0.98928,-0.09861,0.11515,-0.00299,0.98844,1.00
19347,0.00,15.00,0.01430,0.02373,-0.01762,0.99946,-0.11306,0.11674,0.01338,0.98662,-0.09652,0.14189,0.00034,0.98517,1.00,-0.11465,0.08985,0.01041,0.98928,-0.09861,0.11515,-0.00302,0.98844,1.00
19357,0.00,15.00,0.01433,0.02371,-0.01764,0.99946,-0.11306,0.11705,0.01341,0.98658,-0.09648,0.14218,0.00036,0.98513,1.00,-0.11465,0.09016,0.01045,0.98925,-0.09857,0.11544,-0.00300,0.98841,1.00
19368,0.00,15.00,0.01432,0.02361,-0.01762,0.99946,-0.11305,0.11716,0.01342,0.98657,-0.09648,0.14218,0.00038,0.98513,1.00,-0.11464,0.09027,0.01046,0.98924,-0.09857,0.11544,-0.00298,0.98841,1.00
19380,0.00,15.00,0.01435,0.02350,-0.01759,0.99947,-0.11307,0.11727,0.01344,0.98655,-0.09647,0.14219,0.00042,0.98513,1.00,-0.11466,0.09038,0.01048,0.98923,-0.09857,0.11545,-0.00293,0.98841,1.00
19391,0.00,15.00,0.01437,0.02339,-0.01762,0.99947,-0.11309,0.11557,0.01324,0.98675,-0.09651,0.14039,0.00016,0.98538,1.00,-0.11465,0.08865,0.01027,0.98939,-0.09857,0.11362,-0.00321,0.98862,1.00
19402,0.00,15.00,0.01441,0.02328,-0.01770,0.99947,-0.11315,0.11566,0.01326,0.98673,-0.09652,0.14038,0.00009,0.98538,1.00,-0.11471,0.08875,0.01029,0.98937,-0.09858,0.11361,-0.00328,0.98862,1.00
19414,0.00,15.00,0.01443,0.02323,-0.01781,0.99947,-0.11320,0.11569,0.01327,0.98672,-0.09653,0.14037,-0.00001,0.98538,1.00,-0.11476,0.08877,0.01030,0.98937,-0.09859,0.11360,-0.00339,0.98862,1.00
19424,0.00,15.00,0.01448,0.02317,-0.01788,0.99947,-0.11382,0.11608,0.01339,0.98661,-0.09709,0.14073,0.00006,0.98528,1.00,-0.11539,0.08917,0.01040,0.98926,-0.09917,0.11396,-0.00333,0.98852,1.00
19435,0.00,15.00,0.01449,0.02317,-0.01792,0.99947,-0.11384,0.11608,0.01339,0.98660,-0.09710,0.14072,0.00002,0.98528,1.00,-0.11541,0.08917,0.01040,0.98925,-0.09917,0.11396,-0.00337,0.98852,1.00
19447,0.00,15.00,0.01449,0.02312,-0.01785,0.99947,-0.11383,0.11614,0.01340,0.98660,-0.09708,0.14073,0.00010,0.98528,1.00,-0.11540,0.08923,0.01041,0.98925,-0.09916,0.11396,-0.00329,0.98852,1.00
19458,0.00,15.00,0.01436,0.02317,-0.01777,0.99947,-0.11441,0.11547,0.01339,0.98661,-0.09782,0.14012,0.00016,0.98529,1.00,-0.11599,0.08855,0.01038,0.98924,-0.09991,0.11334,-0.00325,0.98852,1.00
19469,0.00,15.00,0.01424,0.02319,-0.01765,0.99947,-0.11426,0.11548,0.01337,0.98662,-0.09780,0.14013,0.00025,0.98529,1.00,-0.11585,0.08856,0.01037,0.98926,-0.09990,0.11335,-0.00314,0.98852,1.00
19480,0.00,15.00,0.01415,0.02323,-0.01767,0.99947,-0.11419,0.11544,0.01336,0.98664,-0.09781,0.14012,0.00020,0.98529,1.00,-0.11577,0.08851,0.01036,0.98927,-0.09990,0.11334,-0.00319,0.98852,1.00
19491,0.00,15.00,0.01409,0.02333,-0.01787,0.99947,-0.11473,0.11570,0.01346,0.98654,-0.09839,0.14052,0.00013,0.98518,1.00,-0.11632,0.08878,0.01044,0.98918,-0.10049,0.11374,-0.00328,0.98841,1.00
19502,0.00,15.00,0.01399,0.02345,-0.01812,0.99946,-0.11470,0.11553,0.01343,0.98657,-0.09843,0.14049,-0.00014,0.98518,1.00,-0.11627,0.08861,0.01041,0.98920,-0.10052,0.11371,-0.00355,0.98841,1.00
19514,0.00,15.00,0.01392,0.02347,-0.01819,0.99946,-0.11465,0.11549,0.01342,0.98658,-0.09845,0.14048,-0.00024,0.98518,1.00,-0.11622,0.08856,0.01041,0.98921,-0.10053,0.11370,-0.00364,0.98841,1.00
19524,0.00,15.00,0.01386,0.02349,-0.01819,0.99946,-0.11434,0.11376,0.01318,0.98682,-0.09823,0.13877,-0.00052,0.98544,1.00,-0.11588,0.08681,0.01017,0.98941,-0.10029,0.11197,-0.00391,0.98863,1.00
19536,0.00,15.00,0.01379,0.02349,-0.01814,0.99946,-0.11426,0.11376,0.01317,0.98683,-0.09823,0.13878,-0.00048,0.98544,1.00,-0.11580,0.08682,0.01016,0.98942,-0.10029,0.11198,-0.00387,0.98863,1.00
19547,0.00,15.00,0.01375,0.02347,-0.01802,0.99947,-0.11420,0.11380,0.01317,0.98683,-0.09821,0.13879,-0.00038,0.98544,1.00,-0.11575,0.08686,0.01016,0.98942,-0.10028,0.11199,-0.00377,0.98863,1.00
19558,0.00,15.00,0.01369,0.02347,-0.01803,0.99947,-0.11399,0.11377,0.01314,0.98686,-0.09807,0.13875,-0.00042,0.98546,1.00,-0.11555,0.08682,0.01014,0.98945,-0.10014,0.11195,-0.00380,0.98865,1.00
19569,0.00,15.00,0.01368,0.02340,-0.01802,0.99947,-0.11398,0.11384,0.01315,0.98685,-0.09807,0.13875,-0.00042,0.98546,1.00,-0.11554,0.08690,0.01015,0.98944,-0.10014,0.11195,-0.00380,0.98865,1.00
19581,0.00,15.00,0.01370,0.02336,-0.01807,0.99947,-0.11402,0.11387,0.01316,0.98684,-0.09807,0.13874,-0.00046,0.98546,1.00,-0.11557,0.08693,0.01015,0.98944,-0.10014,0.11194,-0.00384,0.98865,1.00
19591,0.00,15.00,0.01382,0.02329,-0.01810,0.99947,-0.11336,0.10603,0.01217,0.98781,-0.09745,0.13086,-0.00161,0.98660,1.00,-0.11477,0.07899,0.00916,0.99020,-0.09939,0.10396,-0.00501,0.98959,1.00
19602,0.00,15.00,0.01397,0.02324,-0.01818,0.99947,-0.11353,0.10606,0.01219,0.98778,-0.09745,0.13086,-0.00165,0.98660,1.00,-0.11494,0.07902,0.00917,0.99018,-0.09940,0.10395,-0.00506,0.98959,1.00
19614,0.00,15.00,0.01413,0.02317,-0.01815,0.99947,-0.11367,0.10614,0.01221,0.98776,-0.09744,0.13086,-0.00159,0.98660,1.00,-0.11509,0.07910,0.00919,0.99016,-0.09939,0.10396,-0.00500,0.98959,1.00
19625,0.00,15.00,0.01422,0.02316,-0.01815,0.99947,-0.11318,0.10260,0.01175,0.98819,-0.09693,0.12732,-0.00211,0.98711,1.00,-0.11454,0.07552,0.00873,0.99051,-0.09882,0.10037,-0.00552,0.99002,1.00
19636,0.00,15.00,0.01426,0.02307,-0.01813,0.99947,-0.11320,0.10269,0.01176,0.98818,-0.09692,0.12732,-0.00208,0.98711,1.00,-0.11457,0.07561,0.00875,0.99050,-0.09882,0.10037,-0.00550,0.99002,1.00
19647,0.00,15.00,0.01424,0.02307,-0.01808,0.99947,-0.11318,0.10271,0.01176,0.98818,-0.09692,0.12732,-0.00203,0.98711,1.00,-0.11454,0.07563,0.00875,0.99050,-0.09881,0.10038,-0.00545,0.99002,1.00
19658,0.00,15.00,0.01420,0.02309,-0.01798,0.99947,-0.11298,0.10100,0.01154,0.98838,-0.09680,0.12564,-0.00219,0.98734,1.00,-0.11432,0.07391,0.00853,0.99065,-0.09867,0.09868,-0.00560,0.99020,1.00
19670,0.00,15.00,0.01413,0.02313,-0.01789,0.99947,-0.11289,0.10098,0.01153,0.98840,-0.09679,0.12565,-0.00212,0.98734,1.00,-0.11424,0.07388,0.00852,0.99067,-0.09866,0.09868,-0.00552,0.99020,1.00
19681,0.00,15.00,0.01406,0.02318,-0.01783,0.99947,-0.11281,0.10094,0.01152,0.98841,-0.09678,0.12565,-0.00207,0.98734,1.00,-0.11416,0.07385,0.00851,0.99068,-0.09866,0.09869,-0.00547,0.99020,1.00
19692,0.00,15.00,0.01403,0.02322,-0.01773,0.99947,-0.11264,0.10081,0.01149,0.98844,-0.09666,0.12554,-0.00201,0.98737,1.00,-0.11399,0.07371,0.00848,0.99071,-0.09852,0.09858,-0.00541,0.99023,1.00
19703,0.00,15.00,0.01399,0.02324,-0.01766,0.99948,-0.11258,0.10080,0.01148,0.98845,-0.09665,0.12555,-0.00195,0.98737,1.00,-0.11393,0.07371,0.00848,0.99071,-0.09852,0.09858,-0.00534,0.99023,1.00
19714,0.00,15.00,0.01395,0.02325,-0.01762,0.99948,-0.11253,0.10080,0.01148,0.98846,-0.09664,0.12555,-0.00192,0.98737,1.00,-0.11389,0.07370,0.00847,0.99072,-0.09851,0.09859,-0.00531,0.99023,1.00
19725,0.00,15.00,0.01393,0.02322,-0.01762,0.99948,-0.11451,0.10169,0.01178,0.98813,-0.09863,0.12644,-0.00156,0.98706,1.00,-0.11590,0.07459,0.00873,0.99042,-0.10053,0.09947,-0.00500,0.98994,1.00
19736,0.00,15.00,0.01387,0.02318,-0.01763,0.99948,-0.11446,0.10173,0.01178,0.98814,-0.09863,0.12643,-0.00158,0.98706,1.00,-0.11585,0.07462,0.00873,0.99042,-0.10053,0.09947,-0.00502,0.98994,1.00
19748,0.00,15.00,0.01387,0.02309,-0.01768,0.99948,-0.11447,0.10180,0.01179,0.98813,-0.09864,0.12643,-0.00163,0.98706,1.00,-0.11585,0.07470,0.00874,0.99042,-0.10053,0.09946,-0.00507,0.98994,1.00
19758,0.00,15.00,0.01387,0.02302,-0.01774,0.99948,-0.11272,0.10664,0.01217,0.98781,-0.09679,0.13115,-0.00129,0.98662,1.00,-0.11414,0.07961,0.00918,0.99023,-0.09872,0.10426,-0.00467,0.98963,1.00
19770,0.00,15.00,0.01388,0.02291,-0.01778,0.99948,-0.11274,0.10674,0.01218,0.98780,-0.09679,0.13115,-0.00132,0.98663,1.00,-0.11416,0.07971,0.00919,0.99022,-0.09873,0.10426,-0.00470,0.98963,1.00
19781,0.00,15.00,0.01387,0.02281,-0.01782,0.99948,-0.11274,0.10683,0.01219,0.98779,-0.09680,0.13115,-0.00137,0.98662,1.00,-0.11416,0.07980,0.00920,0.99021,-0.09873,0.10426,-0.00474,0.98963,1.00
19792,0.00,15.00,0.01391,0.02270,-0.01783,0.99949,-0.11495,0.11692,0.01363,0.98637,-0.09878,0.14111,0.00026,0.98505,1.00,-0.11655,0.09000,0.01061,0.98904,-0.10089,0.11434,-0.00314,0.98830,1.00
19803,0.00,15.00,0.01389,0.02259,-0.01782,0.99949,-0.11493,0.11703,0.01364,0.98636,-0.09878,0.14111,0.00027,0.98505,1.00,-0.11653,0.09011,0.01062,0.98903,-0.10089,0.11434,-0.00313,0.98830,1.00
19815,0.00,15.00,0.01383,0.02253,-0.01776,0.99949,-0.11486,0.11710,0.01364,0.98636,-0.09877,0.14111,0.00031,0.98505,1.00,-0.11646,0.09019,0.01062,0.98904,-0.10089,0.11434,-0.00308,0.98830,1.00
19825,0.00,15.00,0.01375,0.02256,-0.01778,0.99949,-0.11552,0.11698,0.01370,0.98630,-0.09951,0.14104,0.00037,0.98499,1.00,-0.11714,0.09006,0.01067,0.98897,-0.10163,0.11426,-0.00304,0.98823,1.00
19836,0.00,15.00,0.01372,0.02260,-0.01777,0.99949,-0.11548,0.11694,0.01369,0.98631,-0.09951,0.14104,0.00038,0.98499,1.00,-0.11710,0.09002,0.01066,0.98897,-0.10163,0.11426,-0.00304,0.98823,1.00
19848,0.00,15.00,0.01368,0.02265,-0.01778,0.99949,-0.11545,0.11689,0.01368,0.98632,-0.09951,0.14104,0.00036,0.98499,1.00,-0.11707,0.08997,0.01065,0.98898,-0.10164,0.11426,-0.00305,0.98823,1.00
19859,0.00,15.00,0.01366,0.02276,-0.01781,0.99949,-0.11575,0.11510,0.01351,0.98649,-0.09986,0.13937,0.00013,0.98519,1.00,-0.11735,0.08816,0.01046,0.98912,-0.10197,0.11257,-0.00329,0.98839,1.00
19870,0.00,15.00,0.01360,0.02287,-0.01776,0.99949,-0.11568,0.11500,0.01348,0.98651,-0.09986,0.13937,0.00017,0.98519,1.00,-0.11728,0.08805,0.01044,0.98913,-0.10197,0.11257,-0.00325,0.98839,1.00
19881,0.00,15.00,0.01360,0.02300,-0.01775,0.99949,-0.11568,0.11487,0.01347,0.98653,-0.09986,0.13937,0.00018,0.98519,1.00,-0.11728,0.08793,0.01043,0.98914,-0.10196,0.11257,-0.00324,0.98839,1.00
19892,0.00,15.00,0.01367,0.02313,-0.01779,0.99948,-0.11587,0.11437,0.01343,0.98657,-0.09998,0.13901,0.00012,0.98523,1.00,-0.11746,0.08742,0.01038,0.98917,-0.10208,0.11221,-0.00331,0.98842,1.00
19903,0.00,15.00,0.01375,0.02329,-0.01802,0.99947,-0.11601,0.11417,0.01342,0.98657,-0.10001,0.13899,-0.00008,0.98523,1.00,-0.11758,0.08722,0.01037,0.98917,-0.10211,0.11218,-0.00352,0.98842,1.00
19915,0.00,15.00,0.01371,0.02332,-0.01808,0.99947,-0.11598,0.11412,0.01342,0.98658,-0.10002,0.13898,-0.00016,0.98523,1.00,-0.11756,0.08717,0.01036,0.98918,-0.10211,0.11218,-0.00359,0.98842,1.00
19925,0.00,15.00,0.01376,0.02337,-0.01816,0.99947,-0.11602,0.11430,0.01344,0.98656,-0.10000,0.13922,-0.00020,0.98520,1.00,-0.11760,0.08735,0.01038,0.98916,-0.10210,0.11241,-0.00364,0.98840,1.00
19937,0.00,15.00,0.01386,0.02339,-0.01847,0.99946,-0.11619,0.11422,0.01345,0.98655,-0.10004,0.13919,-0.00048,0.98520,1.00,-0.11775,0.08727,0.01039,0.98915,-0.10213,0.11238,-0.00392,0.98839,1.00
19948,0.00,15.00,0.01396,0.02340,-0.01874,0.99945,-0.11636,0.11415,0.01346,0.98653,-0.10007,0.13917,-0.00071,0.98520,1.00,-0.11790,0.08719,0.01039,0.98914,-0.10216,0.11236,-0.00417,0.98839,1.00
19959,0.00,15.00,0.01403,0.02336,-0.01893,0.99945,-0.11562,0.11477,0.01345,0.98655,-0.09923,0.13975,-0.00093,0.98520,1.00,-0.11717,0.08782,0.01040,0.98917,-0.10132,0.11295,-0.00436,0.98841,1.00
19970,0.00,15.00,0.01407,0.02333,-0.01893,0.99945,-0.11566,0.11480,0.01346,0.98654,-0.09923,0.13975,-0.00091,0.98520,1.00,-0.11720,0.08785,0.01041,0.98916,-0.10131,0.11295,-0.00435,0.98841,1.00
19982,0.00,15.00,0.01414,0.02330,-0.01887,0.99945,-0.11571,0.11484,0.01347,0.98653,-0.09922,0.13976,-0.00084,0.98520,1.00,-0.11726,0.08790,0.01042,0.98915,-0.10131,0.11296,-0.00428,0.98841,1.00
19992,0.00,15.00,0.01420,0.02323,-0.01879,0.99945,-0.11455,0.11512,0.01337,0.98663,-0.09801,0.13994,-0.00088,0.98530,1.00,-0.11612,0.08818,0.01035,0.98926,-0.10012,0.11315,-0.00429,0.98851,1.00
20004,0.00,15.00,0.01423,0.02315,-0.01866,0.99946,-0.11456,0.11522,0.01338,0.98662,-0.09799,0.13995,-0.00075,0.98530,1.00,-0.11613,0.08829,0.01037,0.98925,-0.10010,0.11317,-0.00416,0.98851,1.00
