Time_ms,HeadRotX,HeadRotY,HeadRotZ,HeadRotW,LeftLocalRotX,LeftLocalRotY,LeftLocalRotZ,LeftLocalRotW,LeftWorldRotX,LeftWorldRotY,LeftWorldRotZ,LeftWorldRotW,LeftConfidence,RightLocalRotX,RightLocalRotY,RightLocalRotZ,RightLocalRotW,RightWorldRotX,RightWorldRotY,RightWorldRotZ,RightWorldRotW,RightConfidence
0,0.01604,0.01835,-0.02918,0.99928,0.06069,0.00528,-0.00032,0.99814,0.07681,0.02182,-0.03048,0.99634,1.00,0.06063,-0.02194,0.00133,0.99792,0.07598,-0.00541,-0.02925,0.99667,1.00
12,0.01627,0.01821,-0.02937,0.99927,0.06046,0.00543,-0.00033,0.99816,0.07681,0.02184,-0.03065,0.99634,1.00,0.06040,-0.02179,0.00132,0.99794,0.07598,-0.00539,-0.02944,0.99666,1.00
22,0.01645,0.01804,-0.02952,0.99927,0.06080,0.00554,-0.00034,0.99813,0.07733,0.02176,-0.03080,0.99629,1.00,0.06075,-0.02168,0.00132,0.99792,0.07651,-0.00547,-0.02959,0.99662,1.00
33,0.01635,0.01784,-0.02965,0.99927,0.06122,0.00551,-0.00034,0.99811,0.07765,0.02150,-0.03094,0.99627,1.00,0.06117,-0.02172,0.00133,0.99789,0.07683,-0.00573,-0.02971,0.99659,1.00
45,0.01589,0.01757,-0.02970,0.99928,0.06167,0.00580,-0.00036,0.99808,0.07765,0.02151,-0.03099,0.99627,1.00,0.06163,-0.02143,0.00132,0.99787,0.07683,-0.00573,-0.02974,0.99658,1.00
56,0.01510,0.01725,-0.02962,0.99930,0.06258,0.00542,-0.00034,0.99803,0.07776,0.02079,-0.03090,0.99628,1.00,0.06252,-0.02181,0.00137,0.99780,0.07692,-0.00645,-0.02959,0.99658,1.00
67,0.01429,0.01695,-0.02948,0.99932,0.03797,0.00005,0.00000,0.99928,0.05223,0.01587,-0.03011,0.99806,1.00,0.03790,-0.02707,0.00103,0.99891,0.05137,-0.01125,-0.02946,0.99818,1.00
78,0.01348,0.01663,-0.02927,0.99934,0.03877,0.00037,-0.00001,0.99925,0.05223,0.01586,-0.02990,0.99806,1.00,0.03869,-0.02675,0.00104,0.99889,0.05136,-0.01127,-0.02921,0.99819,1.00
90,0.01308,0.01634,-0.02936,0.99935,0.02050,-0.00497,0.00010,0.99978,0.03343,0.01076,-0.02966,0.99894,1.00,0.02044,-0.03204,0.00066,0.99928,0.03257,-0.01630,-0.02944,0.99890,1.00
101,0.01305,0.01608,-0.02980,0.99934,0.01428,-0.00638,0.00009,0.99988,0.02714,0.00928,-0.03002,0.99914,1.00,0.01426,-0.03343,0.00048,0.99934,0.02631,-0.01777,-0.02997,0.99905,1.00
111,0.01321,0.01578,-0.03052,0.99932,0.01412,-0.00606,0.00009,0.99988,0.02713,0.00930,-0.03073,0.99912,1.00,0.01414,-0.03311,0.00047,0.99935,0.02632,-0.01775,-0.03069,0.99902,1.00
123,0.01352,0.01541,-0.03135,0.99930,0.01312,-0.00609,0.00008,0.99990,0.02644,0.00890,-0.03155,0.99911,1.00,0.01318,-0.03315,0.00044,0.99936,0.02565,-0.01814,-0.03154,0.99901,1.00
135,0.01382,0.01504,-0.03229,0.99927,0.01242,-0.00452,0.00006,0.99991,0.02608,0.01012,-0.03248,0.99908,1.00,0.01251,-0.03158,0.00040,0.99942,0.02530,-0.01693,-0.03250,0.99901,1.00
145,0.01401,0.01476,-0.03291,0.99925,0.01221,-0.00422,0.00005,0.99992,0.02608,0.01014,-0.03310,0.99906,1.00,0.01234,-0.03128,0.00039,0.99943,0.02531,-0.01692,-0.03313,0.99899,1.00
157,0.01376,0.01438,-0.03345,0.99924,0.01274,-0.00402,0.00005,0.99991,0.02636,0.00994,-0.03364,0.99904,1.00,0.01286,-0.03107,0.00040,0.99943,0.02557,-0.01711,-0.03364,0.99896,1.00
168,0.01314,0.01411,-0.03367,0.99925,0.01348,-0.00356,0.00005,0.99990,0.02650,0.01009,-0.03386,0.99902,1.00,0.01356,-0.03062,0.00042,0.99944,0.02566,-0.01696,-0.03383,0.99895,1.00
179,0.01238,0.01375,-0.03362,0.99926,0.01424,-0.00318,0.00005,0.99989,0.02650,0.01009,-0.03380,0.99903,1.00,0.01432,-0.03024,0.00043,0.99944,0.02566,-0.01696,-0.03374,0.99896,1.00
189,0.01170,0.01349,-0.03357,0.99928,0.01674,-0.00225,0.00004,0.99986,0.02835,0.01068,-0.03378,0.99897,1.00,0.01677,-0.02932,0.00049,0.99943,0.02747,-0.01638,-0.03363,0.99892,1.00
201,0.01145,0.01329,-0.03366,0.99928,0.01642,-0.00255,0.00004,0.99986,0.02778,0.01018,-0.03386,0.99899,1.00,0.01642,-0.02962,0.00049,0.99943,0.02687,-0.01688,-0.03371,0.99893,1.00
212,0.01150,0.01310,-0.03400,0.99927,0.01637,-0.00235,0.00004,0.99986,0.02777,0.01019,-0.03420,0.99898,1.00,0.01638,-0.02942,0.00048,0.99943,0.02687,-0.01687,-0.03406,0.99892,1.00
224,0.01172,0.01291,-0.03437,0.99926,0.01722,-0.00253,0.00004,0.99985,0.02884,0.00979,-0.03457,0.99894,1.00,0.01724,-0.02960,0.00051,0.99941,0.02792,-0.01727,-0.03441,0.99887,1.00
234,0.01182,0.01278,-0.03472,0.99925,0.01662,-0.00280,0.00005,0.99986,0.02833,0.00941,-0.03492,0.99894,1.00,0.01664,-0.02987,0.00050,0.99942,0.02741,-0.01765,-0.03477,0.99886,1.00
246,0.01182,0.01269,-0.03489,0.99924,0.01662,-0.00270,0.00004,0.99986,0.02833,0.00941,-0.03508,0.99894,1.00,0.01665,-0.02976,0.00050,0.99942,0.02741,-0.01765,-0.03494,0.99886,1.00
257,0.01171,0.01265,-0.03469,0.99925,0.01655,-0.00301,0.00005,0.99986,0.02814,0.00906,-0.03488,0.99895,1.00,0.01655,-0.03008,0.00050,0.99941,0.02720,-0.01799,-0.03473,0.99886,1.00
268,0.01149,0.01267,-0.03444,0.99926,0.01672,-0.00262,0.00004,0.99986,0.02811,0.00948,-0.03464,0.99896,1.00,0.01669,-0.02969,0.00050,0.99942,0.02714,-0.01758,-0.03448,0.99888,1.00
278,0.01124,0.01270,-0.03428,0.99927,0.01698,-0.00264,0.00004,0.99985,0.02811,0.00947,-0.03448,0.99897,1.00,0.01693,-0.02971,0.00050,0.99941,0.02714,-0.01759,-0.03431,0.99889,1.00
290,0.01100,0.01263,-0.03420,0.99927,0.01766,-0.00128,0.00002,0.99984,0.02860,0.01074,-0.03441,0.99894,1.00,0.01761,-0.02836,0.00050,0.99944,0.02763,-0.01632,-0.03421,0.99890,1.00
301,0.01090,0.01263,-0.03412,0.99928,0.01757,0.00006,0.00000,0.99985,0.02847,0.01208,-0.03434,0.99893,1.00,0.01752,-0.02702,0.00047,0.99948,0.02749,-0.01498,-0.03415,0.99893,1.00
312,0.01097,0.01257,-0.03412,0.99928,0.01751,0.00011,0.00000,0.99985,0.02847,0.01208,-0.03434,0.99893,1.00,0.01746,-0.02697,0.00047,0.99948,0.02749,-0.01498,-0.03415,0.99893,1.00
324,0.01108,0.01245,-0.03392,0.99929,0.01716,0.00059,-0.00001,0.99985,0.02824,0.01246,-0.03413,0.99894,1.00,0.01711,-0.02649,0.00045,0.99950,0.02727,-0.01461,-0.03395,0.99894,1.00
335,0.01114,0.01233,-0.03376,0.99929,0.01584,0.00021,0.00000,0.99987,0.02697,0.01200,-0.03395,0.99899,1.00,0.01579,-0.02686,0.00042,0.99951,0.02601,-0.01506,-0.03381,0.99898,1.00
346,0.01124,0.01223,-0.03368,0.99929,0.01574,0.00031,0.00000,0.99988,0.02698,0.01200,-0.03387,0.99899,1.00,0.01568,-0.02677,0.00042,0.99952,0.02601,-0.01506,-0.03374,0.99898,1.00
357,0.01140,0.01218,-0.03382,0.99929,0.01780,-0.00066,0.00001,0.99984,0.02916,0.01092,-0.03402,0.99894,1.00,0.01775,-0.02773,0.00049,0.99946,0.02820,-0.01614,-0.03384,0.99890,1.00
368,0.01158,0.01217,-0.03402,0.99928,0.01758,-0.00075,0.00001,0.99985,0.02913,0.01082,-0.03423,0.99893,1.00,0.01756,-0.02783,0.00049,0.99946,0.02818,-0.01625,-0.03405,0.99889,1.00
379,0.01192,0.01204,-0.03426,0.99927,0.01724,-0.00062,0.00001,0.99985,0.02912,0.01083,-0.03446,0.99892,1.00,0.01722,-0.02770,0.00048,0.99947,0.02818,-0.01624,-0.03430,0.99888,1.00
390,0.01244,0.01178,-0.03482,0.99925,0.01685,0.00025,0.00000,0.99986,0.02929,0.01144,-0.03501,0.99889,1.00,0.01687,-0.02682,0.00045,0.99950,0.02836,-0.01562,-0.03488,0.99887,1.00
401,0.01296,0.01102,-0.03569,0.99922,0.01654,0.00228,-0.00004,0.99986,0.02957,0.01270,-0.03587,0.99884,1.00,0.01660,-0.02480,0.00041,0.99955,0.02866,-0.01437,-0.03576,0.99885,1.00
413,0.01307,0.01034,-0.03698,0.99918,0.01638,0.00300,-0.00005,0.99986,0.02955,0.01274,-0.03715,0.99879,1.00,0.01651,-0.02407,0.00040,0.99957,0.02868,-0.01433,-0.03705,0.99880,1.00
424,0.01282,0.00979,-0.03804,0.99915,0.01154,0.00529,-0.00006,0.99992,0.02455,0.01463,-0.03814,0.99886,1.00,0.01171,-0.02179,0.00026,0.99969,0.02369,-0.01243,-0.03816,0.99891,1.00
435,0.01232,0.00922,-0.03824,0.99915,0.01173,0.00738,-0.00009,0.99990,0.02432,0.01614,-0.03834,0.99884,1.00,0.01186,-0.01970,0.00023,0.99974,0.02342,-0.01092,-0.03835,0.99893,1.00
446,0.01216,0.00872,-0.03771,0.99918,0.01188,0.00786,-0.00009,0.99990,0.02432,0.01613,-0.03781,0.99886,1.00,0.01199,-0.01922,0.00023,0.99974,0.02341,-0.01094,-0.03781,0.99895,1.00
457,0.01231,0.00849,-0.03734,0.99919,0.01107,0.00731,-0.00008,0.99991,0.02364,0.01538,-0.03742,0.99890,1.00,0.01110,-0.01977,0.00022,0.99974,0.02266,-0.01169,-0.03745,0.99897,1.00
469,0.01277,0.00856,-0.03741,0.99918,0.01056,0.00872,-0.00009,0.99991,0.02364,0.01688,-0.03748,0.99888,1.00,0.01056,-0.01836,0.00019,0.99978,0.02263,-0.01019,-0.03753,0.99899,1.00
479,0.01318,0.00862,-0.03756,0.99917,0.01015,0.00865,-0.00009,0.99991,0.02364,0.01688,-0.03762,0.99887,1.00,0.01016,-0.01843,0.00019,0.99978,0.02263,-0.01018,-0.03770,0.99898,1.00
491,0.01349,0.00871,-0.03756,0.99917,0.01104,0.00946,-0.00010,0.99989,0.02487,0.01774,-0.03763,0.99882,1.00,0.01104,-0.01762,0.00019,0.99978,0.02386,-0.00932,-0.03769,0.99896,1.00
502,0.01356,0.00889,-0.03765,0.99916,0.01180,0.00933,-0.00011,0.99989,0.02570,0.01777,-0.03773,0.99880,1.00,0.01181,-0.01775,0.00021,0.99977,0.02468,-0.00929,-0.03777,0.99894,1.00
513,0.01351,0.00905,-0.03775,0.99915,0.01185,0.00918,-0.00011,0.99989,0.02570,0.01777,-0.03784,0.99880,1.00,0.01186,-0.01790,0.00021,0.99977,0.02468,-0.00929,-0.03788,0.99893,1.00
524,0.01338,0.00930,-0.03796,0.99915,0.01231,0.00916,-0.00011,0.99988,0.02603,0.01799,-0.03806,0.99877,1.00,0.01233,-0.01792,0.00022,0.99976,0.02502,-0.00907,-0.03809,0.99892,1.00
535,0.01303,0.00960,-0.03812,0.99914,0.01248,0.00984,-0.00012,0.99987,0.02588,0.01895,-0.03823,0.99875,1.00,0.01250,-0.01724,0.00022,0.99977,0.02487,-0.00811,-0.03824,0.99893,1.00
546,0.01266,0.00987,-0.03812,0.99914,0.01286,0.00958,-0.00012,0.99987,0.02588,0.01895,-0.03824,0.99875,1.00,0.01289,-0.01751,0.00023,0.99976,0.02487,-0.00811,-0.03823,0.99893,1.00
558,0.01232,0.01032,-0.03808,0.99915,0.01244,0.00895,-0.00011,0.99988,0.02509,0.01879,-0.03821,0.99878,1.00,0.01246,-0.01813,0.00023,0.99976,0.02408,-0.00828,-0.03820,0.99895,1.00
569,0.01225,0.01073,-0.03777,0.99915,0.01232,0.00923,-0.00011,0.99988,0.02491,0.01949,-0.03790,0.99878,1.00,0.01231,-0.01785,0.00022,0.99976,0.02387,-0.00757,-0.03789,0.99897,1.00
580,0.01250,0.01119,-0.03730,0.99916,0.01210,0.00874,-0.00011,0.99989,0.02492,0.01948,-0.03742,0.99880,1.00,0.01206,-0.01834,0.00022,0.99976,0.02387,-0.00759,-0.03743,0.99899,1.00
591,0.01294,0.01167,-0.03701,0.99916,0.01136,0.00827,-0.00009,0.99990,0.02459,0.01952,-0.03713,0.99882,1.00,0.01130,-0.01881,0.00021,0.99976,0.02353,-0.00754,-0.03716,0.99900,1.00
603,0.01330,0.01217,-0.03712,0.99915,0.01066,0.00804,-0.00009,0.99991,0.02425,0.01981,-0.03722,0.99882,1.00,0.01062,-0.01904,0.00020,0.99976,0.02320,-0.00725,-0.03729,0.99901,1.00
614,0.01337,0.01267,-0.03737,0.99913,0.01081,0.00650,-0.00007,0.99992,0.02441,0.01875,-0.03749,0.99882,1.00,0.01080,-0.02058,0.00022,0.99973,0.02339,-0.00831,-0.03755,0.99899,1.00
625,0.01326,0.01315,-0.03760,0.99912,0.01093,0.00603,-0.00007,0.99992,0.02441,0.01876,-0.03772,0.99881,1.00,0.01093,-0.02105,0.00023,0.99972,0.02339,-0.00830,-0.03778,0.99898,1.00
636,0.01273,0.01359,-0.03765,0.99912,0.01159,0.00630,-0.00007,0.99991,0.02454,0.01945,-0.03780,0.99879,1.00,0.01159,-0.02078,0.00024,0.99972,0.02353,-0.00761,-0.03782,0.99898,1.00
648,0.01181,0.01396,-0.03763,0.99912,0.01055,0.00633,-0.00007,0.99992,0.02259,0.01988,-0.03777,0.99883,1.00,0.01056,-0.02075,0.00022,0.99973,0.02158,-0.00718,-0.03780,0.99903,1.00
658,0.01073,0.01441,-0.03761,0.99913,0.01165,0.00592,-0.00007,0.99991,0.02259,0.01988,-0.03778,0.99883,1.00,0.01165,-0.02116,0.00025,0.99971,0.02158,-0.00718,-0.03775,0.99903,1.00
669,0.00963,0.01480,-0.03741,0.99914,0.01236,0.00506,-0.00006,0.99991,0.02216,0.01939,-0.03760,0.99886,1.00,0.01234,-0.02202,0.00027,0.99968,0.02114,-0.00767,-0.03752,0.99904,1.00
680,0.00881,0.01516,-0.03720,0.99915,0.01258,0.00289,-0.00004,0.99992,0.02149,0.01759,-0.03740,0.99891,1.00,0.01255,-0.02418,0.00030,0.99963,0.02045,-0.00947,-0.03729,0.99905,1.00
692,0.00825,0.01544,-0.03686,0.99917,0.01315,0.00263,-0.00003,0.99991,0.02149,0.01758,-0.03707,0.99893,1.00,0.01310,-0.02445,0.00032,0.99962,0.02045,-0.00948,-0.03693,0.99906,1.00
703,0.00799,0.01579,-0.03659,0.99917,0.01679,0.00269,-0.00005,0.99986,0.02487,0.01787,-0.03687,0.99885,1.00,0.01673,-0.02439,0.00041,0.99956,0.02382,-0.00920,-0.03662,0.99900,1.00
715,0.00799,0.01609,-0.03647,0.99917,0.01604,0.00135,-0.00002,0.99987,0.02406,0.01685,-0.03673,0.99889,1.00,0.01598,-0.02572,0.00041,0.99954,0.02301,-0.01021,-0.03650,0.99902,1.00
726,0.00813,0.01648,-0.03646,0.99917,0.01590,0.00096,-0.00002,0.99987,0.02406,0.01685,-0.03673,0.99889,1.00,0.01584,-0.02612,0.00041,0.99953,0.02301,-0.01021,-0.03651,0.99902,1.00
736,0.00828,0.01688,-0.03659,0.99915,0.01547,0.00106,-0.00002,0.99988,0.02378,0.01737,-0.03685,0.99889,1.00,0.01543,-0.02602,0.00040,0.99954,0.02275,-0.00969,-0.03665,0.99902,1.00
748,0.00822,0.01723,-0.03654,0.99915,0.01703,0.00053,-0.00001,0.99985,0.02526,0.01713,-0.03684,0.99886,1.00,0.01700,-0.02655,0.00045,0.99950,0.02424,-0.00993,-0.03658,0.99899,1.00
758,0.00786,0.01752,-0.03643,0.99915,0.01741,0.00025,0.00000,0.99985,0.02526,0.01713,-0.03674,0.99886,1.00,0.01737,-0.02683,0.00047,0.99949,0.02424,-0.00993,-0.03646,0.99899,1.00
771,0.00721,0.01766,-0.03621,0.99916,0.01604,-0.00003,0.00000,0.99987,0.02324,0.01704,-0.03649,0.99892,1.00,0.01600,-0.02711,0.00043,0.99950,0.02222,-0.01002,-0.03624,0.99905,1.00
781,0.00647,0.01775,-0.03597,0.99917,0.01883,0.00024,0.00000,0.99982,0.02529,0.01731,-0.03630,0.99887,1.00,0.01877,-0.02684,0.00050,0.99946,0.02426,-0.00976,-0.03596,0.99901,1.00
793,0.00601,0.01773,-0.03570,0.99919,0.01930,0.00026,-0.00001,0.99981,0.02530,0.01730,-0.03604,0.99888,1.00,0.01922,-0.02682,0.00052,0.99946,0.02426,-0.00976,-0.03567,0.99902,1.00
804,0.00571,0.01763,-0.03542,0.99920,0.01715,0.00030,-0.00001,0.99985,0.02286,0.01732,-0.03572,0.99895,1.00,0.01707,-0.02678,0.00046,0.99950,0.02183,-0.00974,-0.03540,0.99909,1.00
815,0.00550,0.01742,-0.03504,0.99922,0.01774,-0.00085,0.00002,0.99984,0.02319,0.01594,-0.03533,0.99898,1.00,0.01765,-0.02793,0.00049,0.99945,0.02217,-0.01112,-0.03499,0.99908,1.00
827,0.00517,0.01717,-0.03459,0.99924,0.01806,-0.00061,0.00001,0.99984,0.02320,0.01593,-0.03488,0.99900,1.00,0.01795,-0.02769,0.00050,0.99946,0.02216,-0.01113,-0.03452,0.99910,1.00
837,0.00492,0.01683,-0.03415,0.99926,0.01772,-0.00027,0.00000,0.99984,0.02262,0.01595,-0.03444,0.99902,1.00,0.01760,-0.02734,0.00048,0.99947,0.02159,-0.01111,-0.03408,0.99912,1.00
848,0.00484,0.01649,-0.03391,0.99928,0.01812,-0.00015,0.00000,0.99984,0.02294,0.01572,-0.03420,0.99903,1.00,0.01801,-0.02722,0.00049,0.99947,0.02193,-0.01134,-0.03383,0.99912,1.00
859,0.00470,0.01603,-0.03354,0.99930,0.01824,0.00030,-0.00001,0.99983,0.02294,0.01571,-0.03383,0.99904,1.00,0.01812,-0.02678,0.00049,0.99948,0.02192,-0.01135,-0.03345,0.99914,1.00
871,0.00472,0.01551,-0.03324,0.99932,0.01901,0.00067,-0.00001,0.99982,0.02373,0.01554,-0.03354,0.99904,1.00,0.01890,-0.02641,0.00050,0.99947,0.02273,-0.01153,-0.03314,0.99913,1.00
881,0.00478,0.01511,-0.03318,0.99932,0.02002,0.00130,-0.00003,0.99980,0.02483,0.01574,-0.03350,0.99901,1.00,0.01993,-0.02578,0.00051,0.99947,0.02385,-0.01132,-0.03307,0.99910,1.00
893,0.00492,0.01466,-0.03330,0.99933,0.01987,0.00175,-0.00003,0.99980,0.02483,0.01575,-0.03361,0.99900,1.00,0.01979,-0.02533,0.00050,0.99948,0.02385,-0.01132,-0.03319,0.99910,1.00
903,0.00505,0.01429,-0.03357,0.99932,0.01926,0.00164,-0.00003,0.99981,0.02436,0.01529,-0.03386,0.99901,1.00,0.01922,-0.02543,0.00049,0.99949,0.02341,-0.01178,-0.03346,0.99910,1.00
914,0.00523,0.01389,-0.03367,0.99932,0.01940,0.00219,-0.00004,0.99981,0.02470,0.01542,-0.03396,0.99900,1.00,0.01938,-0.02489,0.00048,0.99950,0.02376,-0.01165,-0.03357,0.99909,1.00
926,0.00538,0.01350,-0.03350,0.99933,0.01925,0.00257,-0.00005,0.99981,0.02470,0.01542,-0.03379,0.99900,1.00,0.01922,-0.02452,0.00047,0.99951,0.02376,-0.01165,-0.03341,0.99909,1.00
936,0.00554,0.01316,-0.03327,0.99934,0.01889,0.00229,-0.00004,0.99982,0.02450,0.01482,-0.03355,0.99903,1.00,0.01885,-0.02479,0.00047,0.99952,0.02355,-0.01225,-0.03318,0.99910,1.00
948,0.00587,0.01284,-0.03313,0.99935,0.01879,0.00155,-0.00003,0.99982,0.02470,0.01377,-0.03339,0.99904,1.00,0.01874,-0.02553,0.00048,0.99950,0.02376,-0.01330,-0.03303,0.99908,1.00
960,0.00631,0.01254,-0.03327,0.99935,0.01834,0.00184,-0.00003,0.99983,0.02470,0.01377,-0.03351,0.99904,1.00,0.01829,-0.02524,0.00046,0.99951,0.02376,-0.01329,-0.03318,0.99908,1.00
970,0.00695,0.01219,-0.03345,0.99934,0.01686,0.00163,-0.00003,0.99986,0.02386,0.01326,-0.03366,0.99906,1.00,0.01684,-0.02544,0.00043,0.99953,0.02293,-0.01381,-0.03338,0.99908,1.00
982,0.00766,0.01183,-0.03378,0.99933,0.01711,0.00263,-0.00004,0.99985,0.02484,0.01388,-0.03400,0.99902,1.00,0.01710,-0.02445,0.00042,0.99955,0.02393,-0.01319,-0.03374,0.99906,1.00
993,0.00803,0.01133,-0.03394,0.99933,0.01672,0.00312,-0.00005,0.99986,0.02484,0.01388,-0.03415,0.99901,1.00,0.01672,-0.02395,0.00040,0.99957,0.02393,-0.01318,-0.03391,0.99905,1.00
1003,0.00827,0.01078,-0.03388,0.99933,0.01513,0.00454,-0.00007,0.99988,0.02355,0.01480,-0.03407,0.99903,1.00,0.01513,-0.02253,0.00034,0.99963,0.02263,-0.01226,-0.03388,0.99909,1.00
1015,0.00814,0.01021,-0.03373,0.99935,0.01595,0.00588,-0.00009,0.99986,0.02428,0.01555,-0.03393,0.99901,1.00,0.01593,-0.02120,0.00034,0.99965,0.02335,-0.01152,-0.03371,0.99909,1.00
1027,0.00773,0.00974,-0.03359,0.99936,0.01635,0.00636,-0.00010,0.99985,0.02428,0.01554,-0.03380,0.99901,1.00,0.01633,-0.02072,0.00034,0.99965,0.02335,-0.01153,-0.03356,0.99910,1.00
1038,0.00735,0.00932,-0.03334,0.99937,0.01720,0.00779,-0.00013,0.99982,0.02480,0.01654,-0.03357,0.99899,1.00,0.01716,-0.01929,0.00033,0.99967,0.02386,-0.01053,-0.03330,0.99911,1.00
1049,0.00724,0.00917,-0.03343,0.99937,0.01771,0.00879,-0.00016,0.99980,0.02523,0.01737,-0.03368,0.99896,1.00,0.01769,-0.01830,0.00032,0.99968,0.02430,-0.00971,-0.03339,0.99910,1.00
1060,0.00693,0.00914,-0.03367,0.99937,0.01801,0.00884,-0.00016,0.99980,0.02523,0.01737,-0.03393,0.99896,1.00,0.01800,-0.01824,0.00033,0.99967,0.02430,-0.00970,-0.03362,0.99909,1.00
1071,0.00628,0.00928,-0.03415,0.99935,0.01881,0.00931,-0.00018,0.99978,0.02539,0.01794,-0.03443,0.99892,1.00,0.01884,-0.01778,0.00033,0.99966,0.02449,-0.00914,-0.03409,0.99908,1.00
1081,0.00546,0.00971,-0.03442,0.99935,0.01932,0.00853,-0.00016,0.99978,0.02506,0.01756,-0.03472,0.99893,1.00,0.01935,-0.01856,0.00036,0.99964,0.02416,-0.00951,-0.03434,0.99907,1.00
1092,0.00482,0.01015,-0.03445,0.99934,0.01997,0.00811,-0.00016,0.99977,0.02506,0.01757,-0.03477,0.99893,1.00,0.02000,-0.01898,0.00038,0.99962,0.02416,-0.00951,-0.03435,0.99907,1.00
1104,0.00425,0.01077,-0.03407,0.99935,0.01996,0.00973,-0.00019,0.99975,0.02452,0.01981,-0.03443,0.99891,1.00,0.01996,-0.01736,0.00035,0.99965,0.02361,-0.00726,-0.03400,0.99912,1.00
1114,0.00389,0.01143,-0.03351,0.99937,0.02034,0.00815,-0.00017,0.99976,0.02449,0.01889,-0.03387,0.99895,1.00,0.02030,-0.01894,0.00038,0.99961,0.02355,-0.00818,-0.03342,0.99913,1.00
1127,0.00381,0.01227,-0.03300,0.99937,0.02047,0.00729,-0.00015,0.99976,0.02450,0.01888,-0.03337,0.99896,1.00,0.02040,-0.01980,0.00040,0.99960,0.02355,-0.00819,-0.03291,0.99915,1.00
1137,0.00394,0.01317,-0.03274,0.99937,0.02048,0.00694,-0.00014,0.99977,0.02463,0.01944,-0.03311,0.99896,1.00,0.02040,-0.02015,0.00041,0.99959,0.02367,-0.00764,-0.03266,0.99916,1.00
1148,0.00388,0.01421,-0.03284,0.99935,0.01999,0.00663,-0.00013,0.99978,0.02407,0.02018,-0.03323,0.99895,1.00,0.01994,-0.02046,0.00041,0.99959,0.02313,-0.00690,-0.03278,0.99917,1.00
1160,0.00362,0.01520,-0.03295,0.99933,0.02027,0.00566,-0.00011,0.99978,0.02406,0.02018,-0.03334,0.99895,1.00,0.02023,-0.02144,0.00043,0.99957,0.02313,-0.00689,-0.03289,0.99917,1.00
1170,0.00310,0.01608,-0.03307,0.99932,0.02236,0.00430,-0.00010,0.99974,0.02559,0.01964,-0.03350,0.99892,1.00,0.02234,-0.02279,0.00051,0.99949,0.02468,-0.00744,-0.03297,0.99912,1.00
1182,0.00284,0.01678,-0.03288,0.99931,0.02295,0.00431,-0.00010,0.99973,0.02591,0.02033,-0.03334,0.99890,1.00,0.02292,-0.02279,0.00052,0.99948,0.02500,-0.00675,-0.03279,0.99913,1.00
1193,0.00289,0.01744,-0.03256,0.99931,0.02293,0.00364,-0.00008,0.99973,0.02592,0.02032,-0.03302,0.99891,1.00,0.02288,-0.02346,0.00054,0.99946,0.02500,-0.00676,-0.03247,0.99914,1.00
1204,0.00370,0.01801,-0.03222,0.99931,0.02221,-0.00038,0.00001,0.99975,0.02588,0.01691,-0.03260,0.99899,1.00,0.02213,-0.02746,0.00061,0.99938,0.02494,-0.01016,-0.03209,0.99912,1.00
1214,0.00490,0.01851,-0.03186,0.99931,0.02120,-0.00064,0.00001,0.99978,0.02607,0.01718,-0.03224,0.99899,1.00,0.02111,-0.02773,0.00059,0.99939,0.02513,-0.00989,-0.03178,0.99913,1.00
1226,0.00623,0.01893,-0.03169,0.99930,0.01989,-0.00112,0.00002,0.99980,0.02607,0.01718,-0.03205,0.99900,1.00,0.01980,-0.02820,0.00056,0.99941,0.02513,-0.00989,-0.03167,0.99913,1.00
1236,0.00703,0.01926,-0.03145,0.99930,0.02102,-0.00126,0.00003,0.99978,0.02800,0.01733,-0.03183,0.99895,1.00,0.02093,-0.02835,0.00059,0.99938,0.02706,-0.00974,-0.03144,0.99909,1.00
1249,0.00733,0.01949,-0.03120,0.99930,0.02172,-0.00155,0.00003,0.99976,0.02899,0.01725,-0.03160,0.99893,1.00,0.02163,-0.02863,0.00062,0.99936,0.02806,-0.00982,-0.03120,0.99907,1.00
1261,0.00714,0.01961,-0.03086,0.99931,0.02193,-0.00169,0.00004,0.99976,0.02899,0.01724,-0.03125,0.99894,1.00,0.02182,-0.02877,0.00063,0.99935,0.02806,-0.00983,-0.03084,0.99908,1.00
1270,0.00661,0.01962,-0.03048,0.99932,0.02132,-0.00400,0.00009,0.99976,0.02779,0.01496,-0.03083,0.99903,1.00,0.02120,-0.03108,0.00066,0.99929,0.02686,-0.01210,-0.03042,0.99910,1.00
1282,0.00599,0.01962,-0.03014,0.99934,0.01959,-0.00350,0.00007,0.99980,0.02546,0.01553,-0.03048,0.99909,1.00,0.01948,-0.03057,0.00060,0.99934,0.02455,-0.01153,-0.03009,0.99918,1.00
1293,0.00547,0.01966,-0.02998,0.99934,0.02011,-0.00352,0.00007,0.99979,0.02546,0.01553,-0.03031,0.99910,1.00,0.01999,-0.03060,0.00061,0.99933,0.02454,-0.01154,-0.02991,0.99918,1.00
1304,0.00538,0.01973,-0.03008,0.99934,0.02019,-0.00260,0.00005,0.99979,0.02548,0.01652,-0.03043,0.99908,1.00,0.02011,-0.02967,0.00060,0.99936,0.02459,-0.01055,-0.03002,0.99919,1.00
1315,0.00570,0.01995,-0.03014,0.99933,0.01953,-0.00266,0.00005,0.99981,0.02514,0.01670,-0.03048,0.99908,1.00,0.01947,-0.02974,0.00058,0.99937,0.02427,-0.01037,-0.03010,0.99920,1.00
1327,0.00608,0.02023,-0.03024,0.99932,0.01916,-0.00295,0.00006,0.99981,0.02513,0.01670,-0.03058,0.99908,1.00,0.01910,-0.03002,0.00057,0.99937,0.02427,-0.01037,-0.03021,0.99920,1.00
1337,0.00644,0.02065,-0.03010,0.99931,0.01862,-0.00387,0.00007,0.99982,0.02493,0.01622,-0.03044,0.99909,1.00,0.01857,-0.03094,0.00057,0.99935,0.02407,-0.01085,-0.03009,0.99920,1.00
1348,0.00674,0.02120,-0.02997,0.99930,0.01953,-0.00415,0.00008,0.99980,0.02613,0.01646,-0.03033,0.99906,1.00,0.01947,-0.03122,0.00061,0.99932,0.02527,-0.01061,-0.02997,0.99918,1.00
1360,0.00693,0.02177,-0.02983,0.99929,0.01935,-0.00473,0.00009,0.99980,0.02613,0.01645,-0.03019,0.99907,1.00,0.01929,-0.03180,0.00061,0.99931,0.02527,-0.01061,-0.02984,0.99918,1.00
1371,0.00700,0.02234,-0.02964,0.99929,0.01958,-0.00445,0.00009,0.99980,0.02643,0.01731,-0.03001,0.99905,1.00,0.01951,-0.03152,0.00062,0.99931,0.02557,-0.00976,-0.02966,0.99919,1.00
1382,0.00694,0.02288,-0.02951,0.99928,0.01994,-0.00436,0.00009,0.99979,0.02674,0.01793,-0.02990,0.99903,1.00,0.01987,-0.03143,0.00063,0.99931,0.02588,-0.00913,-0.02953,0.99919,1.00
1394,0.00677,0.02336,-0.02944,0.99927,0.02013,-0.00483,0.00010,0.99979,0.02674,0.01793,-0.02984,0.99904,1.00,0.02006,-0.03191,0.00064,0.99929,0.02588,-0.00914,-0.02946,0.99919,1.00
1404,0.00642,0.02368,-0.02943,0.99927,0.02000,-0.00513,0.00010,0.99979,0.02625,0.01796,-0.02983,0.99905,1.00,0.01993,-0.03220,0.00064,0.99928,0.02540,-0.00911,-0.02945,0.99920,1.00
1415,0.00575,0.02379,-0.02934,0.99927,0.02067,-0.00477,0.00010,0.99978,0.02626,0.01841,-0.02975,0.99904,1.00,0.02060,-0.03184,0.00066,0.99928,0.02541,-0.00865,-0.02933,0.99921,1.00
1427,0.00524,0.02384,-0.02917,0.99928,0.02118,-0.00481,0.00010,0.99976,0.02626,0.01841,-0.02959,0.99905,1.00,0.02110,-0.03188,0.00067,0.99927,0.02541,-0.00866,-0.02914,0.99921,1.00
1438,0.00518,0.02377,-0.02909,0.99928,0.02213,-0.00459,0.00010,0.99974,0.02716,0.01853,-0.02953,0.99902,1.00,0.02206,-0.03166,0.00070,0.99926,0.02631,-0.00853,-0.02906,0.99920,1.00
1449,0.00534,0.02366,-0.02905,0.99928,0.02303,-0.00565,0.00013,0.99972,0.02820,0.01733,-0.02949,0.99902,1.00,0.02296,-0.03273,0.00075,0.99920,0.02735,-0.00973,-0.02899,0.99916,1.00
1460,0.00551,0.02365,-0.02907,0.99928,0.02286,-0.00564,0.00013,0.99972,0.02820,0.01733,-0.02951,0.99902,1.00,0.02279,-0.03272,0.00075,0.99920,0.02735,-0.00973,-0.02902,0.99916,1.00
1471,0.00621,0.02337,-0.02939,0.99928,0.02195,-0.00613,0.00013,0.99974,0.02797,0.01659,-0.02980,0.99903,1.00,0.02190,-0.03320,0.00073,0.99921,0.02714,-0.01047,-0.02936,0.99915,1.00
1481,0.00650,0.02312,-0.02954,0.99928,0.02155,-0.00498,0.00011,0.99976,0.02789,0.01750,-0.02995,0.99901,1.00,0.02151,-0.03205,0.00069,0.99925,0.02706,-0.00956,-0.02953,0.99915,1.00
1493,0.00660,0.02293,-0.02966,0.99928,0.02145,-0.00478,0.00010,0.99976,0.02789,0.01751,-0.03007,0.99901,1.00,0.02141,-0.03185,0.00068,0.99926,0.02707,-0.00956,-0.02966,0.99915,1.00
1505,0.00662,0.02263,-0.02961,0.99928,0.02111,-0.00552,0.00012,0.99976,0.02755,0.01648,-0.03000,0.99903,1.00,0.02107,-0.03259,0.00069,0.99925,0.02672,-0.01058,-0.02959,0.99915,1.00
1515,0.00671,0.02240,-0.02951,0.99929,0.01901,-0.00335,0.00006,0.99981,0.02561,0.01849,-0.02989,0.99905,1.00,0.01897,-0.03042,0.00058,0.99936,0.02477,-0.00858,-0.02954,0.99922,1.00
1527,0.00709,0.02220,-0.02950,0.99929,0.01862,-0.00317,0.00006,0.99982,0.02561,0.01849,-0.02987,0.99905,1.00,0.01858,-0.03024,0.00056,0.99937,0.02477,-0.00858,-0.02954,0.99922,1.00
1537,0.00767,0.02204,-0.02960,0.99929,0.02024,-0.00576,0.00012,0.99978,0.02772,0.01568,-0.02997,0.99904,1.00,0.02019,-0.03282,0.00066,0.99926,0.02688,-0.01138,-0.02962,0.99914,1.00
1549,0.00803,0.02194,-0.02975,0.99928,0.01938,-0.00365,0.00007,0.99981,0.02728,0.01771,-0.03012,0.99902,1.00,0.01935,-0.03072,0.00059,0.99934,0.02645,-0.00935,-0.02980,0.99916,1.00
1561,0.00848,0.02185,-0.02977,0.99928,0.01893,-0.00358,0.00007,0.99981,0.02728,0.01771,-0.03014,0.99902,1.00,0.01889,-0.03064,0.00058,0.99935,0.02645,-0.00935,-0.02985,0.99916,1.00
1572,0.00832,0.02194,-0.02967,0.99928,0.01957,-0.00393,0.00008,0.99980,0.02776,0.01743,-0.03005,0.99901,1.00,0.01953,-0.03100,0.00061,0.99933,0.02692,-0.00963,-0.02973,0.99915,1.00
1582,0.00804,0.02194,-0.02941,0.99929,0.02036,-0.00323,0.00007,0.99979,0.02829,0.01811,-0.02981,0.99899,1.00,0.02030,-0.03030,0.00062,0.99933,0.02744,-0.00895,-0.02946,0.99915,1.00
1594,0.00693,0.02233,-0.02844,0.99932,0.02149,-0.00363,0.00008,0.99976,0.02831,0.01809,-0.02886,0.99902,1.00,0.02138,-0.03070,0.00066,0.99930,0.02744,-0.00898,-0.02845,0.99918,1.00
1605,0.00694,0.02282,-0.02773,0.99933,0.02098,-0.00149,0.00003,0.99978,0.02786,0.02075,-0.02818,0.99900,1.00,0.02084,-0.02857,0.00060,0.99937,0.02698,-0.00632,-0.02779,0.99923,1.00
1616,0.00746,0.02326,-0.02739,0.99933,0.02016,-0.00182,0.00004,0.99980,0.02756,0.02089,-0.02783,0.99901,1.00,0.02003,-0.02890,0.00058,0.99938,0.02670,-0.00618,-0.02747,0.99925,1.00
1627,0.00808,0.02372,-0.02727,0.99931,0.01956,-0.00229,0.00004,0.99981,0.02756,0.02089,-0.02770,0.99902,1.00,0.01942,-0.02937,0.00057,0.99938,0.02670,-0.00618,-0.02738,0.99925,1.00
1638,0.00857,0.02419,-0.02756,0.99929,0.01842,-0.00480,0.00009,0.99982,0.02684,0.01889,-0.02795,0.99907,1.00,0.01832,-0.03187,0.00058,0.99932,0.02601,-0.00818,-0.02767,0.99925,1.00
1649,0.00877,0.02459,-0.02778,0.99927,0.01787,-0.00504,0.00009,0.99983,0.02648,0.01906,-0.02816,0.99907,1.00,0.01782,-0.03211,0.00057,0.99933,0.02569,-0.00801,-0.02790,0.99925,1.00
1661,0.00889,0.02504,-0.02786,0.99926,0.01776,-0.00548,0.00010,0.99983,0.02648,0.01906,-0.02825,0.99907,1.00,0.01771,-0.03255,0.00058,0.99931,0.02569,-0.00800,-0.02799,0.99925,1.00
1672,0.00896,0.02539,-0.02786,0.99925,0.01866,-0.00521,0.00010,0.99981,0.02746,0.01965,-0.02827,0.99903,1.00,0.01862,-0.03228,0.00060,0.99931,0.02668,-0.00741,-0.02800,0.99922,1.00
1682,0.00897,0.02569,-0.02792,0.99924,0.01785,-0.00509,0.00009,0.99983,0.02667,0.02010,-0.02833,0.99904,1.00,0.01782,-0.03216,0.00057,0.99932,0.02589,-0.00696,-0.02808,0.99925,1.00
1694,0.00893,0.02597,-0.02821,0.99922,0.01789,-0.00535,0.00010,0.99983,0.02666,0.02011,-0.02862,0.99903,1.00,0.01788,-0.03242,0.00058,0.99931,0.02589,-0.00695,-0.02837,0.99924,1.00
1705,0.00898,0.02605,-0.02847,0.99922,0.01898,-0.00641,0.00012,0.99980,0.02776,0.01911,-0.02889,0.99901,1.00,0.01897,-0.03347,0.00064,0.99926,0.02698,-0.00796,-0.02860,0.99920,1.00
1715,0.00913,0.02602,-0.02869,0.99921,0.01843,-0.00587,0.00011,0.99981,0.02737,0.01962,-0.02911,0.99901,1.00,0.01842,-0.03293,0.00061,0.99929,0.02659,-0.00744,-0.02884,0.99920,1.00
1728,0.00943,0.02584,-0.02880,0.99921,0.01811,-0.00570,0.00010,0.99982,0.02737,0.01962,-0.02921,0.99901,1.00,0.01811,-0.03276,0.00059,0.99930,0.02659,-0.00744,-0.02896,0.99920,1.00
1738,0.00972,0.02548,-0.02883,0.99921,0.01793,-0.00479,0.00009,0.99983,0.02750,0.02018,-0.02924,0.99899,1.00,0.01792,-0.03185,0.00057,0.99933,0.02671,-0.00688,-0.02901,0.99920,1.00
1749,0.00995,0.02497,-0.02871,0.99923,0.01689,-0.00350,0.00006,0.99985,0.02672,0.02098,-0.02911,0.99900,1.00,0.01686,-0.03057,0.00052,0.99939,0.02592,-0.00608,-0.02891,0.99923,1.00
1761,0.00996,0.02445,-0.02864,0.99924,0.01686,-0.00298,0.00005,0.99985,0.02672,0.02098,-0.02903,0.99900,1.00,0.01682,-0.03005,0.00051,0.99941,0.02592,-0.00608,-0.02883,0.99923,1.00
1772,0.00968,0.02382,-0.02848,0.99926,0.01742,-0.00255,0.00004,0.99985,0.02701,0.02077,-0.02887,0.99900,1.00,0.01737,-0.02962,0.00051,0.99941,0.02620,-0.00629,-0.02865,0.99923,1.00
1783,0.00939,0.02322,-0.02831,0.99929,0.01618,-0.00241,0.00004,0.99987,0.02548,0.02035,-0.02866,0.99906,1.00,0.01612,-0.02947,0.00048,0.99944,0.02467,-0.00671,-0.02847,0.99927,1.00
1794,0.00928,0.02253,-0.02816,0.99931,0.01627,-0.00172,0.00003,0.99987,0.02549,0.02035,-0.02851,0.99906,1.00,0.01620,-0.02878,0.00047,0.99945,0.02467,-0.00671,-0.02831,0.99927,1.00
1806,0.00934,0.02181,-0.02808,0.99932,0.01893,-0.00122,0.00002,0.99982,0.02822,0.02005,-0.02848,0.99899,1.00,0.01886,-0.02829,0.00053,0.99942,0.02740,-0.00701,-0.02821,0.99920,1.00
1817,0.00934,0.02114,-0.02804,0.99934,0.01790,0.00097,-0.00002,0.99984,0.02725,0.02161,-0.02842,0.99899,1.00,0.01784,-0.02610,0.00047,0.99950,0.02644,-0.00546,-0.02818,0.99924,1.00
1828,0.00928,0.02045,-0.02799,0.99936,0.01793,0.00166,-0.00003,0.99984,0.02725,0.02161,-0.02837,0.99899,1.00,0.01787,-0.02541,0.00045,0.99952,0.02644,-0.00546,-0.02813,0.99924,1.00
1838,0.00915,0.01986,-0.02797,0.99937,0.01799,0.00139,-0.00002,0.99984,0.02716,0.02074,-0.02834,0.99901,1.00,0.01794,-0.02569,0.00046,0.99951,0.02636,-0.00633,-0.02809,0.99924,1.00
1850,0.00906,0.01931,-0.02788,0.99938,0.01722,0.00101,-0.00002,0.99985,0.02630,0.01983,-0.02821,0.99906,1.00,0.01717,-0.02607,0.00045,0.99951,0.02550,-0.00724,-0.02798,0.99926,1.00
1861,0.00889,0.01881,-0.02784,0.99940,0.01738,0.00150,-0.00003,0.99985,0.02630,0.01983,-0.02818,0.99906,1.00,0.01733,-0.02557,0.00044,0.99952,0.02550,-0.00724,-0.02794,0.99926,1.00
1872,0.00894,0.01839,-0.02782,0.99940,0.01695,0.00170,-0.00003,0.99986,0.02592,0.01961,-0.02814,0.99908,1.00,0.01690,-0.02538,0.00043,0.99954,0.02513,-0.00745,-0.02791,0.99927,1.00
1883,0.00891,0.01809,-0.02793,0.99941,0.01685,0.00184,-0.00003,0.99986,0.02581,0.01945,-0.02824,0.99908,1.00,0.01682,-0.02524,0.00042,0.99954,0.02502,-0.00762,-0.02802,0.99927,1.00
1894,0.00890,0.01778,-0.02798,0.99941,0.01686,0.00214,-0.00004,0.99986,0.02581,0.01945,-0.02829,0.99908,1.00,0.01683,-0.02493,0.00042,0.99955,0.02502,-0.00762,-0.02807,0.99926,1.00
1906,0.00892,0.01754,-0.02799,0.99941,0.01662,0.00164,-0.00003,0.99986,0.02557,0.01871,-0.02829,0.99910,1.00,0.01659,-0.02544,0.00042,0.99954,0.02479,-0.00836,-0.02808,0.99926,1.00
1916,0.00895,0.01728,-0.02810,0.99942,0.01561,0.00299,-0.00005,0.99987,0.02464,0.01983,-0.02838,0.99910,1.00,0.01560,-0.02409,0.00038,0.99959,0.02387,-0.00724,-0.02819,0.99929,1.00
1929,0.00895,0.01710,-0.02829,0.99941,0.01560,0.00317,-0.00005,0.99987,0.02463,0.01983,-0.02857,0.99909,1.00,0.01560,-0.02390,0.00037,0.99959,0.02387,-0.00724,-0.02838,0.99929,1.00
1939,0.00871,0.01704,-0.02864,0.99941,0.01675,0.00369,-0.00006,0.99985,0.02555,0.02025,-0.02895,0.99905,1.00,0.01676,-0.02339,0.00039,0.99959,0.02479,-0.00682,-0.02872,0.99926,1.00
1949,0.00846,0.01691,-0.02887,0.99940,0.01739,0.00364,-0.00006,0.99984,0.02595,0.02004,-0.02919,0.99904,1.00,0.01741,-0.02344,0.00041,0.99957,0.02519,-0.00703,-0.02894,0.99924,1.00
1961,0.00840,0.01692,-0.02919,0.99940,0.01745,0.00364,-0.00006,0.99984,0.02595,0.02005,-0.02952,0.99903,1.00,0.01748,-0.02344,0.00041,0.99957,0.02519,-0.00702,-0.02926,0.99923,1.00
1972,0.00858,0.01692,-0.02949,0.99939,0.01766,0.00432,-0.00008,0.99983,0.02635,0.02071,-0.02982,0.99899,1.00,0.01770,-0.02277,0.00040,0.99958,0.02560,-0.00636,-0.02957,0.99921,1.00
1984,0.00879,0.01693,-0.02973,0.99938,0.01732,0.00410,-0.00007,0.99984,0.02621,0.02051,-0.03006,0.99899,1.00,0.01735,-0.02298,0.00040,0.99959,0.02545,-0.00656,-0.02982,0.99921,1.00
1995,0.00884,0.01690,-0.02983,0.99937,0.01726,0.00414,-0.00007,0.99984,0.02621,0.02052,-0.03015,0.99899,1.00,0.01730,-0.02294,0.00040,0.99959,0.02545,-0.00656,-0.02991,0.99921,1.00
2006,0.00858,0.01690,-0.02990,0.99937,0.01753,0.00403,-0.00007,0.99984,0.02622,0.02040,-0.03023,0.99899,1.00,0.01755,-0.02305,0.00040,0.99958,0.02543,-0.00667,-0.02998,0.99920,1.00
2016,0.00815,0.01696,-0.03008,0.99937,0.01636,0.00368,-0.00006,0.99986,0.02461,0.02014,-0.03038,0.99903,1.00,0.01637,-0.02340,0.00038,0.99959,0.02381,-0.00693,-0.03015,0.99924,1.00
2028,0.00776,0.01710,-0.03014,0.99937,0.01676,0.00356,-0.00006,0.99985,0.02461,0.02014,-0.03045,0.99903,1.00,0.01677,-0.02352,0.00039,0.99958,0.02381,-0.00693,-0.03020,0.99924,1.00
2039,0.00764,0.01727,-0.03023,0.99936,0.01675,0.00487,-0.00008,0.99985,0.02453,0.02163,-0.03056,0.99900,1.00,0.01676,-0.02221,0.00037,0.99961,0.02373,-0.00544,-0.03031,0.99924,1.00
2050,0.00765,0.01742,-0.03032,0.99936,0.01812,0.00325,-0.00006,0.99983,0.02585,0.02011,-0.03066,0.99899,1.00,0.01812,-0.02383,0.00043,0.99955,0.02504,-0.00696,-0.03037,0.99920,1.00
2061,0.00768,0.01766,-0.03046,0.99935,0.01809,0.00301,-0.00005,0.99983,0.02585,0.02012,-0.03081,0.99899,1.00,0.01810,-0.02407,0.00044,0.99955,0.02504,-0.00696,-0.03052,0.99920,1.00
2072,0.00770,0.01781,-0.03042,0.99935,0.01830,0.00419,-0.00008,0.99982,0.02611,0.02144,-0.03079,0.99896,1.00,0.01830,-0.02289,0.00042,0.99957,0.02529,-0.00564,-0.03049,0.99920,1.00
2084,0.00765,0.01795,-0.03037,0.99935,0.01820,0.00425,-0.00008,0.99983,0.02597,0.02163,-0.03073,0.99896,1.00,0.01819,-0.02284,0.00042,0.99957,0.02514,-0.00544,-0.03044,0.99921,1.00
2095,0.00758,0.01813,-0.03027,0.99935,0.01828,0.00406,-0.00007,0.99982,0.02597,0.02163,-0.03063,0.99896,1.00,0.01826,-0.02303,0.00042,0.99957,0.02514,-0.00544,-0.03034,0.99921,1.00
2106,0.00756,0.01831,-0.03021,0.99935,0.02012,0.00431,-0.00009,0.99979,0.02780,0.02200,-0.03063,0.99890,1.00,0.02010,-0.02277,0.00046,0.99954,0.02696,-0.00507,-0.03028,0.99916,1.00
2117,0.00765,0.01845,-0.03015,0.99935,0.02035,0.00440,-0.00009,0.99978,0.02811,0.02223,-0.03058,0.99889,1.00,0.02031,-0.02269,0.00046,0.99954,0.02727,-0.00485,-0.03023,0.99916,1.00
2129,0.00768,0.01852,-0.03026,0.99934,0.02032,0.00434,-0.00009,0.99978,0.02811,0.02223,-0.03068,0.99889,1.00,0.02029,-0.02275,0.00046,0.99954,0.02727,-0.00484,-0.03033,0.99916,1.00
2139,0.00774,0.01871,-0.03046,0.99933,0.02020,0.00236,-0.00005,0.99979,0.02800,0.02045,-0.03086,0.99892,1.00,0.02018,-0.02472,0.00050,0.99949,0.02716,-0.00662,-0.03051,0.99914,1.00
2151,0.00795,0.01872,-0.03058,0.99933,0.01902,0.00147,-0.00003,0.99982,0.02700,0.01961,-0.03094,0.99896,1.00,0.01901,-0.02561,0.00049,0.99949,0.02616,-0.00746,-0.03063,0.99916,1.00
2162,0.00823,0.01885,-0.03072,0.99932,0.01874,0.00135,-0.00003,0.99982,0.02700,0.01961,-0.03108,0.99896,1.00,0.01874,-0.02574,0.00048,0.99949,0.02617,-0.00746,-0.03079,0.99916,1.00
2173,0.00841,0.01895,-0.03083,0.99931,0.01823,0.00144,-0.00003,0.99983,0.02667,0.01982,-0.03118,0.99896,1.00,0.01822,-0.02564,0.00047,0.99950,0.02584,-0.00725,-0.03090,0.99916,1.00
2184,0.00837,0.01906,-0.03087,0.99931,0.01886,0.00329,-0.00006,0.99982,0.02732,0.02176,-0.03126,0.99890,1.00,0.01885,-0.02380,0.00045,0.99954,0.02648,-0.00531,-0.03097,0.99916,1.00
2195,0.00814,0.01910,-0.03081,0.99931,0.01909,0.00326,-0.00006,0.99981,0.02732,0.02176,-0.03121,0.99890,1.00,0.01908,-0.02382,0.00045,0.99953,0.02648,-0.00531,-0.03090,0.99916,1.00
2207,0.00782,0.01921,-0.03076,0.99931,0.01921,0.00331,-0.00006,0.99981,0.02712,0.02192,-0.03116,0.99891,1.00,0.01919,-0.02378,0.00046,0.99953,0.02628,-0.00516,-0.03084,0.99917,1.00
2217,0.00768,0.01928,-0.03062,0.99932,0.01987,0.00208,-0.00004,0.99980,0.02760,0.02075,-0.03102,0.99892,1.00,0.01984,-0.02501,0.00050,0.99949,0.02675,-0.00633,-0.03068,0.99915,1.00
2229,0.00773,0.01945,-0.03062,0.99931,0.01983,0.00191,-0.00004,0.99980,0.02760,0.02075,-0.03102,0.99892,1.00,0.01980,-0.02518,0.00050,0.99949,0.02675,-0.00633,-0.03069,0.99915,1.00
2240,0.00775,0.01967,-0.03059,0.99931,0.01920,0.00182,-0.00003,0.99981,0.02699,0.02090,-0.03099,0.99894,1.00,0.01916,-0.02526,0.00048,0.99950,0.02613,-0.00617,-0.03067,0.99917,1.00
2251,0.00767,0.01985,-0.03049,0.99931,0.01884,0.00110,-0.00002,0.99982,0.02652,0.02037,-0.03087,0.99896,1.00,0.01880,-0.02598,0.00049,0.99949,0.02566,-0.00670,-0.03056,0.99918,1.00
2261,0.00748,0.02004,-0.03030,0.99931,0.01904,0.00091,-0.00002,0.99982,0.02653,0.02037,-0.03069,0.99897,1.00,0.01898,-0.02617,0.00050,0.99948,0.02566,-0.00670,-0.03036,0.99919,1.00
2273,0.00729,0.02019,-0.03013,0.99932,0.01796,0.00064,-0.00001,0.99984,0.02525,0.02029,-0.03049,0.99901,1.00,0.01790,-0.02644,0.00047,0.99949,0.02439,-0.00678,-0.03019,0.99922,1.00
2285,0.00710,0.02027,-0.03004,0.99932,0.01802,0.00081,-0.00001,0.99984,0.02512,0.02053,-0.03041,0.99901,1.00,0.01796,-0.02627,0.00047,0.99949,0.02426,-0.00654,-0.03010,0.99923,1.00
2296,0.00694,0.02029,-0.03000,0.99932,0.01817,0.00079,-0.00001,0.99983,0.02512,0.02053,-0.03037,0.99901,1.00,0.01811,-0.02629,0.00048,0.99949,0.02426,-0.00654,-0.03005,0.99923,1.00
2306,0.00684,0.02030,-0.02998,0.99932,0.02026,0.00013,0.00000,0.99979,0.02708,0.01982,-0.03039,0.99897,1.00,0.02020,-0.02695,0.00054,0.99943,0.02622,-0.00726,-0.03001,0.99918,1.00
2317,0.00672,0.02023,-0.02996,0.99932,0.02073,0.00049,-0.00001,0.99979,0.02745,0.02009,-0.03038,0.99896,1.00,0.02068,-0.02659,0.00055,0.99943,0.02660,-0.00698,-0.02999,0.99917,1.00
2329,0.00662,0.02016,-0.03000,0.99932,0.02083,0.00056,-0.00001,0.99978,0.02745,0.02009,-0.03042,0.99896,1.00,0.02079,-0.02652,0.00055,0.99943,0.02660,-0.00698,-0.03002,0.99917,1.00
2340,0.00654,0.02004,-0.02991,0.99933,0.02115,-0.00050,0.00001,0.99978,0.02766,0.01891,-0.03032,0.99898,1.00,0.02110,-0.02758,0.00058,0.99940,0.02681,-0.00816,-0.02991,0.99916,1.00
2351,0.00655,0.02004,-0.02987,0.99933,0.02152,0.00043,-0.00001,0.99977,0.02807,0.01983,-0.03030,0.99895,1.00,0.02148,-0.02665,0.00057,0.99941,0.02722,-0.00725,-0.02989,0.99916,1.00
2362,0.00665,0.02001,-0.02982,0.99933,0.02143,0.00046,-0.00001,0.99977,0.02807,0.01983,-0.03025,0.99895,1.00,0.02138,-0.02662,0.00057,0.99942,0.02722,-0.00725,-0.02984,0.99916,1.00
2373,0.00676,0.01995,-0.02980,0.99933,0.02118,0.00047,-0.00001,0.99978,0.02794,0.01978,-0.03022,0.99896,1.00,0.02113,-0.02662,0.00056,0.99942,0.02709,-0.00730,-0.02982,0.99916,1.00
2385,0.00682,0.01998,-0.02983,0.99933,0.02110,0.00037,-0.00001,0.99978,0.02791,0.01972,-0.03025,0.99896,1.00,0.02106,-0.02671,0.00056,0.99942,0.02707,-0.00736,-0.02985,0.99916,1.00
2396,0.00688,0.01999,-0.02988,0.99933,0.02104,0.00036,-0.00001,0.99978,0.02791,0.01972,-0.03030,0.99896,1.00,0.02100,-0.02672,0.00056,0.99942,0.02707,-0.00736,-0.02991,0.99916,1.00
2407,0.00694,0.02002,-0.02995,0.99933,0.02006,0.00068,-0.00001,0.99980,0.02700,0.02010,-0.03035,0.99897,1.00,0.02003,-0.02640,0.00053,0.99945,0.02617,-0.00698,-0.02999,0.99918,1.00
2419,0.00696,0.02001,-0.02998,0.99933,0.02002,-0.00165,0.00003,0.99980,0.02691,0.01776,-0.03035,0.99902,1.00,0.01998,-0.02872,0.00057,0.99939,0.02607,-0.00931,-0.02999,0.99917,1.00
2429,0.00698,0.02000,-0.03000,0.99933,0.02000,-0.00164,0.00003,0.99980,0.02691,0.01776,-0.03037,0.99902,1.00,0.01997,-0.02871,0.00057,0.99939,0.02607,-0.00931,-0.03001,0.99917,1.00
2440,0.00699,0.02000,-0.03002,0.99932,0.01949,0.00069,-0.00001,0.99981,0.02649,0.02010,-0.03041,0.99898,1.00,0.01946,-0.02639,0.00051,0.99946,0.02565,-0.00697,-0.03006,0.99919,1.00
2452,0.00695,0.01993,-0.02995,0.99933,0.02013,0.00119,-0.00002,0.99980,0.02711,0.02051,-0.03037,0.99896,1.00,0.02010,-0.02589,0.00052,0.99946,0.02627,-0.00656,-0.03000,0.99918,1.00
2462,0.00701,0.01983,-0.02982,0.99933,0.02008,0.00128,-0.00003,0.99980,0.02711,0.02051,-0.03023,0.99896,1.00,0.02003,-0.02580,0.00052,0.99947,0.02627,-0.00656,-0.02986,0.99919,1.00
2473,0.00715,0.01973,-0.02971,0.99934,0.01941,0.00135,-0.00003,0.99981,0.02658,0.02050,-0.03011,0.99898,1.00,0.01936,-0.02573,0.00050,0.99948,0.02574,-0.00657,-0.02977,0.99920,1.00
2485,0.00737,0.01959,-0.02981,0.99934,0.01892,0.00239,-0.00005,0.99982,0.02634,0.02141,-0.03021,0.99897,1.00,0.01888,-0.02469,0.00047,0.99952,0.02551,-0.00566,-0.02988,0.99921,1.00
2496,0.00747,0.01945,-0.03002,0.99933,0.01881,0.00253,-0.00005,0.99982,0.02634,0.02142,-0.03041,0.99896,1.00,0.01879,-0.02455,0.00046,0.99952,0.02551,-0.00565,-0.03009,0.99921,1.00
2507,0.00748,0.01931,-0.03017,0.99933,0.01891,0.00019,0.00000,0.99982,0.02638,0.01893,-0.03053,0.99901,1.00,0.01889,-0.02688,0.00051,0.99946,0.02555,-0.00814,-0.03021,0.99918,1.00
2519,0.00745,0.01915,-0.03024,0.99933,0.02199,0.00397,-0.00009,0.99975,0.02953,0.02244,-0.03071,0.99884,1.00,0.02197,-0.02312,0.00051,0.99949,0.02871,-0.00464,-0.03031,0.99912,1.00
2530,0.00738,0.01904,-0.03040,0.99933,0.02205,0.00409,-0.00009,0.99975,0.02953,0.02245,-0.03087,0.99884,1.00,0.02204,-0.02300,0.00051,0.99949,0.02871,-0.00463,-0.03046,0.99911,1.00
2541,0.00728,0.01896,-0.03063,0.99932,0.02224,0.00230,-0.00005,0.99975,0.02958,0.02057,-0.03108,0.99887,1.00,0.02224,-0.02479,0.00055,0.99945,0.02876,-0.00650,-0.03067,0.99909,1.00
2552,0.00721,0.01892,-0.03079,0.99932,0.02111,0.00385,-0.00008,0.99977,0.02842,0.02211,-0.03123,0.99886,1.00,0.02111,-0.02323,0.00049,0.99951,0.02760,-0.00497,-0.03085,0.99913,1.00
2563,0.00717,0.01890,-0.03081,0.99932,0.02115,0.00387,-0.00008,0.99977,0.02842,0.02211,-0.03126,0.99886,1.00,0.02116,-0.02321,0.00049,0.99951,0.02760,-0.00496,-0.03087,0.99913,1.00
2574,0.00724,0.01891,-0.03097,0.99932,0.02105,0.00200,-0.00004,0.99978,0.02834,0.02025,-0.03139,0.99890,1.00,0.02105,-0.02508,0.00053,0.99946,0.02751,-0.00682,-0.03100,0.99912,1.00
2585,0.00745,0.01899,-0.03108,0.99931,0.02135,0.00088,-0.00002,0.99977,0.02881,0.01920,-0.03149,0.99890,1.00,0.02134,-0.02621,0.00056,0.99943,0.02797,-0.00787,-0.03110,0.99909,1.00
2597,0.00773,0.01910,-0.03124,0.99930,0.02108,0.00072,-0.00002,0.99978,0.02882,0.01916,-0.03165,0.99890,1.00,0.02107,-0.02636,0.00056,0.99943,0.02797,-0.00792,-0.03128,0.99909,1.00
2608,0.00787,0.01925,-0.03142,0.99929,0.02095,0.00058,-0.00001,0.99978,0.02882,0.01916,-0.03182,0.99889,1.00,0.02094,-0.02650,0.00056,0.99943,0.02797,-0.00791,-0.03146,0.99908,1.00
2619,0.00787,0.01940,-0.03152,0.99928,0.01931,0.00113,-0.00002,0.99981,0.02721,0.01991,-0.03190,0.99892,1.00,0.01931,-0.02595,0.00050,0.99948,0.02636,-0.00716,-0.03158,0.99913,1.00
2630,0.00765,0.01948,-0.03160,0.99928,0.01953,0.00106,-0.00002,0.99981,0.02720,0.01992,-0.03199,0.99892,1.00,0.01954,-0.02603,0.00051,0.99947,0.02636,-0.00716,-0.03165,0.99913,1.00
2641,0.00743,0.01956,-0.03163,0.99928,0.01994,0.00109,-0.00002,0.99980,0.02739,0.02001,-0.03202,0.99891,1.00,0.01993,-0.02599,0.00052,0.99946,0.02654,-0.00706,-0.03167,0.99912,1.00
2652,0.00741,0.01964,-0.03176,0.99928,0.01960,0.00115,-0.00002,0.99981,0.02703,0.02017,-0.03215,0.99891,1.00,0.01959,-0.02593,0.00051,0.99947,0.02617,-0.00690,-0.03181,0.99913,1.00
2663,0.00753,0.01964,-0.03183,0.99927,0.01948,0.00116,-0.00002,0.99981,0.02703,0.02017,-0.03222,0.99891,1.00,0.01947,-0.02592,0.00051,0.99947,0.02617,-0.00690,-0.03189,0.99913,1.00
2674,0.00775,0.01967,-0.03200,0.99926,0.01980,0.00140,-0.00003,0.99980,0.02758,0.02044,-0.03240,0.99889,1.00,0.01980,-0.02568,0.00051,0.99947,0.02671,-0.00664,-0.03207,0.99911,1.00
2686,0.00802,0.01960,-0.03203,0.99926,0.01887,0.00232,-0.00004,0.99982,0.02695,0.02131,-0.03242,0.99888,1.00,0.01886,-0.02476,0.00047,0.99952,0.02608,-0.00576,-0.03212,0.99913,1.00
2696,0.00819,0.01960,-0.03209,0.99926,0.01870,0.00232,-0.00004,0.99982,0.02695,0.02131,-0.03248,0.99888,1.00,0.01870,-0.02477,0.00046,0.99952,0.02608,-0.00576,-0.03218,0.99913,1.00
2709,0.00814,0.01956,-0.03216,0.99926,0.01895,0.00167,-0.00003,0.99982,0.02713,0.02062,-0.03254,0.99889,1.00,0.01894,-0.02541,0.00048,0.99950,0.02625,-0.00645,-0.03224,0.99911,1.00
2719,0.00804,0.01951,-0.03223,0.99926,0.01923,0.00179,-0.00003,0.99981,0.02732,0.02067,-0.03262,0.99888,1.00,0.01922,-0.02529,0.00049,0.99950,0.02644,-0.00640,-0.03231,0.99911,1.00
2730,0.00772,0.01944,-0.03256,0.99925,0.01955,0.00189,-0.00004,0.99981,0.02731,0.02068,-0.03296,0.99887,1.00,0.01955,-0.02519,0.00049,0.99949,0.02644,-0.00639,-0.03263,0.99910,1.00
2741,0.00760,0.01940,-0.03285,0.99924,0.01977,0.00191,-0.00004,0.99980,0.02741,0.02066,-0.03325,0.99886,1.00,0.01978,-0.02517,0.00050,0.99949,0.02654,-0.00641,-0.03291,0.99909,1.00
2752,0.00752,0.01935,-0.03303,0.99924,0.02375,0.00193,-0.00005,0.99972,0.03131,0.02048,-0.03351,0.99874,1.00,0.02375,-0.02516,0.00060,0.99940,0.03043,-0.00660,-0.03306,0.99897,1.00
2763,0.00753,0.01930,-0.03308,0.99924,0.02245,0.00152,-0.00003,0.99975,0.03001,0.02007,-0.03353,0.99879,1.00,0.02245,-0.02557,0.00057,0.99942,0.02912,-0.00700,-0.03312,0.99900,1.00
2775,0.00741,0.01931,-0.03306,0.99924,0.02257,0.00151,-0.00003,0.99974,0.03001,0.02007,-0.03351,0.99879,1.00,0.02256,-0.02558,0.00058,0.99942,0.02912,-0.00700,-0.03308,0.99900,1.00
2786,0.00716,0.01925,-0.03290,0.99925,0.02272,0.00116,-0.00003,0.99974,0.02989,0.01966,-0.03335,0.99880,1.00,0.02269,-0.02592,0.00059,0.99941,0.02898,-0.00742,-0.03292,0.99901,1.00
2798,0.00667,0.01919,-0.03288,0.99925,0.02165,-0.00002,0.00000,0.99977,0.02831,0.01846,-0.03329,0.99887,1.00,0.02161,-0.02710,0.00059,0.99940,0.02739,-0.00861,-0.03287,0.99905,1.00
2809,0.00638,0.01911,-0.03294,0.99925,0.02194,0.00008,0.00000,0.99976,0.02831,0.01846,-0.03336,0.99887,1.00,0.02190,-0.02700,0.00059,0.99940,0.02739,-0.00861,-0.03292,0.99905,1.00
2820,0.00622,0.01898,-0.03310,0.99925,0.02180,0.00014,0.00000,0.99976,0.02801,0.01840,-0.03351,0.99888,1.00,0.02177,-0.02694,0.00059,0.99940,0.02710,-0.00867,-0.03308,0.99905,1.00
2831,0.00615,0.01896,-0.03322,0.99925,0.02162,0.00188,-0.00004,0.99976,0.02782,0.02011,-0.03365,0.99884,1.00,0.02160,-0.02521,0.00054,0.99945,0.02691,-0.00696,-0.03322,0.99906,1.00
2843,0.00605,0.01887,-0.03321,0.99925,0.02172,0.00197,-0.00004,0.99976,0.02782,0.02011,-0.03365,0.99884,1.00,0.02170,-0.02511,0.00055,0.99945,0.02691,-0.00696,-0.03321,0.99906,1.00
2854,0.00599,0.01885,-0.03313,0.99926,0.02146,0.00188,-0.00004,0.99977,0.02750,0.02001,-0.03355,0.99886,1.00,0.02143,-0.02521,0.00054,0.99945,0.02658,-0.00707,-0.03313,0.99907,1.00
2865,0.00595,0.01883,-0.03303,0.99926,0.02129,0.00095,-0.00002,0.99977,0.02725,0.01906,-0.03343,0.99889,1.00,0.02124,-0.02614,0.00056,0.99943,0.02632,-0.00801,-0.03301,0.99908,1.00
2877,0.00570,0.01890,-0.03314,0.99926,0.02153,0.00089,-0.00002,0.99977,0.02724,0.01907,-0.03355,0.99888,1.00,0.02150,-0.02620,0.00056,0.99943,0.02632,-0.00800,-0.03311,0.99907,1.00
2887,0.00548,0.01902,-0.03330,0.99925,0.02031,0.00070,-0.00001,0.99979,0.02580,0.01904,-0.03369,0.99892,1.00,0.02028,-0.02638,0.00054,0.99945,0.02488,-0.00803,-0.03327,0.99910,1.00
2898,0.00531,0.01921,-0.03352,0.99924,0.02102,0.00051,-0.00001,0.99978,0.02633,0.01900,-0.03392,0.99890,1.00,0.02101,-0.02657,0.00056,0.99943,0.02542,-0.00807,-0.03349,0.99908,1.00
2909,0.00528,0.01941,-0.03362,0.99923,0.02106,0.00031,-0.00001,0.99978,0.02633,0.01901,-0.03403,0.99889,1.00,0.02105,-0.02677,0.00056,0.99942,0.02542,-0.00806,-0.03359,0.99908,1.00
2920,0.00526,0.01964,-0.03378,0.99922,0.02085,0.00082,-0.00002,0.99978,0.02611,0.01975,-0.03419,0.99888,1.00,0.02084,-0.02627,0.00055,0.99944,0.02520,-0.00732,-0.03376,0.99909,1.00
2932,0.00544,0.01992,-0.03377,0.99922,0.02175,0.00070,-0.00002,0.99976,0.02719,0.01988,-0.03421,0.99885,1.00,0.02173,-0.02639,0.00057,0.99942,0.02627,-0.00719,-0.03376,0.99906,1.00
2943,0.00561,0.02018,-0.03379,0.99921,0.02158,0.00044,-0.00001,0.99977,0.02719,0.01988,-0.03422,0.99885,1.00,0.02156,-0.02665,0.00057,0.99941,0.02627,-0.00719,-0.03378,0.99906,1.00
2954,0.00574,0.02045,-0.03371,0.99921,0.02139,0.00043,-0.00001,0.99977,0.02712,0.02015,-0.03415,0.99885,1.00,0.02136,-0.02666,0.00057,0.99942,0.02619,-0.00693,-0.03372,0.99906,1.00
2965,0.00576,0.02071,-0.03370,0.99920,0.02144,-0.00146,0.00003,0.99977,0.02714,0.01852,-0.03412,0.99888,1.00,0.02140,-0.02854,0.00061,0.99936,0.02619,-0.00855,-0.03368,0.99905,1.00
2977,0.00565,0.02092,-0.03356,0.99920,0.02156,-0.00167,0.00004,0.99977,0.02714,0.01852,-0.03397,0.99888,1.00,0.02151,-0.02875,0.00062,0.99935,0.02619,-0.00855,-0.03353,0.99906,1.00
2987,0.00562,0.02110,-0.03348,0.99920,0.02163,-0.00170,0.00004,0.99976,0.02717,0.01867,-0.03390,0.99888,1.00,0.02157,-0.02878,0.00062,0.99935,0.02622,-0.00840,-0.03346,0.99906,1.00
2998,0.00567,0.02121,-0.03342,0.99920,0.02443,-0.00146,0.00004,0.99970,0.03004,0.01893,-0.03390,0.99879,1.00,0.02438,-0.02854,0.00070,0.99930,0.02909,-0.00815,-0.03338,0.99899,1.00
3010,0.00575,0.02130,-0.03332,0.99920,0.02436,-0.00156,0.00004,0.99970,0.03004,0.01892,-0.03380,0.99880,1.00,0.02430,-0.02864,0.00070,0.99929,0.02909,-0.00815,-0.03328,0.99899,1.00
3020,0.00590,0.02131,-0.03338,0.99920,0.02157,-0.00127,0.00003,0.99977,0.02741,0.01932,-0.03382,0.99887,1.00,0.02152,-0.02835,0.00061,0.99937,0.02647,-0.00775,-0.03338,0.99906,1.00
3031,0.00595,0.02136,-0.03332,0.99920,0.02157,-0.00219,0.00005,0.99976,0.02743,0.01845,-0.03374,0.99888,1.00,0.02152,-0.02927,0.00063,0.99934,0.02648,-0.00862,-0.03330,0.99906,1.00
3043,0.00615,0.02120,-0.03321,0.99920,0.02137,-0.00204,0.00004,0.99977,0.02743,0.01844,-0.03363,0.99889,1.00,0.02131,-0.02912,0.00062,0.99935,0.02648,-0.00862,-0.03320,0.99906,1.00
3054,0.00639,0.02110,-0.03305,0.99921,0.02122,-0.00058,0.00001,0.99977,0.02757,0.01982,-0.03348,0.99886,1.00,0.02116,-0.02766,0.00059,0.99939,0.02662,-0.00725,-0.03306,0.99907,1.00
3065,0.00661,0.02101,-0.03290,0.99922,0.02143,-0.00206,0.00004,0.99977,0.02795,0.01825,-0.03331,0.99889,1.00,0.02136,-0.02913,0.00062,0.99935,0.02700,-0.00882,-0.03290,0.99906,1.00
3077,0.00680,0.02090,-0.03284,0.99922,0.02123,-0.00196,0.00004,0.99977,0.02795,0.01824,-0.03325,0.99889,1.00,0.02116,-0.02904,0.00061,0.99935,0.02700,-0.00882,-0.03284,0.99906,1.00
3088,0.00681,0.02081,-0.03295,0.99922,0.02146,-0.00037,0.00001,0.99977,0.02823,0.01973,-0.03338,0.99885,1.00,0.02140,-0.02745,0.00059,0.99939,0.02730,-0.00734,-0.03297,0.99906,1.00
3099,0.00681,0.02069,-0.03308,0.99922,0.02179,-0.00188,0.00004,0.99976,0.02852,0.01809,-0.03349,0.99887,1.00,0.02175,-0.02896,0.00063,0.99934,0.02759,-0.00898,-0.03307,0.99903,1.00
3110,0.00689,0.02057,-0.03325,0.99921,0.02171,-0.00175,0.00004,0.99976,0.02852,0.01809,-0.03367,0.99886,1.00,0.02167,-0.02883,0.00063,0.99935,0.02759,-0.00898,-0.03325,0.99903,1.00
3121,0.00696,0.02043,-0.03347,0.99921,0.02148,-0.00025,0.00001,0.99977,0.02841,0.01946,-0.03390,0.99883,1.00,0.02146,-0.02733,0.00059,0.99940,0.02750,-0.00761,-0.03349,0.99903,1.00
3132,0.00704,0.02027,-0.03346,0.99921,0.02048,-0.00022,0.00000,0.99979,0.02750,0.01936,-0.03386,0.99886,1.00,0.02046,-0.02730,0.00056,0.99942,0.02658,-0.00771,-0.03348,0.99906,1.00
3143,0.00701,0.02008,-0.03334,0.99922,0.02051,-0.00003,0.00000,0.99979,0.02750,0.01936,-0.03375,0.99886,1.00,0.02048,-0.02711,0.00056,0.99942,0.02658,-0.00771,-0.03337,0.99906,1.00
3154,0.00695,0.01995,-0.03311,0.99923,0.02027,-0.00010,0.00000,0.99979,0.02721,0.01917,-0.03351,0.99888,1.00,0.02023,-0.02718,0.00055,0.99943,0.02627,-0.00790,-0.03314,0.99907,1.00
3165,0.00664,0.01985,-0.03296,0.99924,0.02065,-0.00116,0.00002,0.99979,0.02724,0.01800,-0.03335,0.99891,1.00,0.02059,-0.02824,0.00058,0.99939,0.02629,-0.00907,-0.03295,0.99907,1.00
3177,0.00643,0.01981,-0.03290,0.99924,0.02086,-0.00112,0.00002,0.99978,0.02724,0.01800,-0.03329,0.99891,1.00,0.02080,-0.02819,0.00059,0.99939,0.02629,-0.00907,-0.03289,0.99907,1.00
3188,0.00623,0.01977,-0.03296,0.99924,0.02212,-0.00127,0.00003,0.99975,0.02829,0.01776,-0.03337,0.99888,1.00,0.02206,-0.02835,0.00063,0.99935,0.02735,-0.00931,-0.03292,0.99904,1.00
3199,0.00603,0.01976,-0.03294,0.99924,0.02212,-0.00253,0.00006,0.99975,0.02806,0.01650,-0.03332,0.99891,1.00,0.02207,-0.02961,0.00065,0.99932,0.02712,-0.01057,-0.03288,0.99904,1.00
3210,0.00588,0.01964,-0.03285,0.99925,0.02227,-0.00242,0.00005,0.99975,0.02806,0.01649,-0.03324,0.99892,1.00,0.02221,-0.02949,0.00066,0.99932,0.02712,-0.01057,-0.03278,0.99904,1.00
3221,0.00580,0.01961,-0.03277,0.99925,0.02100,-0.00250,0.00005,0.99978,0.02671,0.01642,-0.03314,0.99896,1.00,0.02094,-0.02957,0.00062,0.99934,0.02577,-0.01064,-0.03271,0.99908,1.00
3232,0.00572,0.01955,-0.03272,0.99926,0.02084,-0.00254,0.00005,0.99978,0.02646,0.01633,-0.03308,0.99897,1.00,0.02079,-0.02962,0.00062,0.99935,0.02553,-0.01074,-0.03266,0.99908,1.00
3244,0.00567,0.01951,-0.03275,0.99926,0.02089,-0.00249,0.00005,0.99978,0.02646,0.01633,-0.03311,0.99897,1.00,0.02084,-0.02957,0.00062,0.99935,0.02553,-0.01074,-0.03268,0.99908,1.00
3255,0.00558,0.01946,-0.03277,0.99926,0.02187,-0.00100,0.00002,0.99976,0.02740,0.01774,-0.03317,0.99892,1.00,0.02182,-0.02808,0.00061,0.99937,0.02648,-0.00933,-0.03272,0.99907,1.00
3266,0.00555,0.01938,-0.03277,0.99926,0.02175,-0.00100,0.00002,0.99976,0.02724,0.01766,-0.03317,0.99892,1.00,0.02170,-0.02808,0.00061,0.99937,0.02632,-0.00941,-0.03272,0.99907,1.00
3277,0.00554,0.01930,-0.03277,0.99926,0.02175,-0.00092,0.00002,0.99976,0.02724,0.01766,-0.03317,0.99892,1.00,0.02171,-0.02801,0.00061,0.99937,0.02632,-0.00941,-0.03271,0.99907,1.00
3288,0.00546,0.01923,-0.03284,0.99926,0.02156,-0.00261,0.00006,0.99976,0.02692,0.01591,-0.03321,0.99896,1.00,0.02152,-0.02969,0.00064,0.99933,0.02600,-0.01116,-0.03276,0.99906,1.00
3299,0.00534,0.01905,-0.03290,0.99926,0.02159,-0.00297,0.00006,0.99976,0.02682,0.01537,-0.03325,0.99897,1.00,0.02155,-0.03004,0.00065,0.99932,0.02590,-0.01170,-0.03280,0.99906,1.00
3311,0.00526,0.01894,-0.03315,0.99926,0.02167,-0.00285,0.00006,0.99976,0.02682,0.01538,-0.03351,0.99896,1.00,0.02164,-0.02992,0.00065,0.99932,0.02590,-0.01169,-0.03305,0.99905,1.00
3321,0.00517,0.01885,-0.03344,0.99925,0.02165,-0.00244,0.00005,0.99976,0.02672,0.01569,-0.03380,0.99895,1.00,0.02164,-0.02951,0.00064,0.99933,0.02581,-0.01138,-0.03334,0.99905,1.00
3332,0.00505,0.01876,-0.03358,0.99925,0.02224,-0.00166,0.00004,0.99975,0.02722,0.01635,-0.03396,0.99892,1.00,0.02222,-0.02874,0.00064,0.99934,0.02630,-0.01072,-0.03348,0.99904,1.00
3344,0.00491,0.01873,-0.03355,0.99925,0.02237,-0.00163,0.00004,0.99975,0.02722,0.01635,-0.03393,0.99892,1.00,0.02236,-0.02871,0.00064,0.99934,0.02630,-0.01072,-0.03344,0.99904,1.00
3354,0.00483,0.01870,-0.03352,0.99925,0.02259,-0.00176,0.00004,0.99974,0.02735,0.01618,-0.03390,0.99892,1.00,0.02256,-0.02884,0.00065,0.99933,0.02642,-0.01089,-0.03340,0.99903,1.00
3365,0.00476,0.01872,-0.03352,0.99925,0.02411,-0.00191,0.00005,0.99971,0.02879,0.01600,-0.03392,0.99888,1.00,0.02407,-0.02899,0.00070,0.99929,0.02785,-0.01107,-0.03338,0.99899,1.00
3377,0.00475,0.01875,-0.03341,0.99925,0.02413,-0.00194,0.00005,0.99971,0.02879,0.01600,-0.03382,0.99889,1.00,0.02408,-0.02902,0.00070,0.99929,0.02785,-0.01108,-0.03328,0.99900,1.00
3387,0.00476,0.01882,-0.03341,0.99925,0.02398,-0.00121,0.00003,0.99971,0.02868,0.01681,-0.03383,0.99887,1.00,0.02393,-0.02829,0.00068,0.99931,0.02774,-0.01027,-0.03330,0.99901,1.00
3399,0.00483,0.01886,-0.03341,0.99925,0.02261,-0.00115,0.00003,0.99974,0.02739,0.01695,-0.03381,0.99891,1.00,0.02257,-0.02823,0.00064,0.99935,0.02645,-0.01012,-0.03332,0.99904,1.00
3410,0.00488,0.01887,-0.03341,0.99925,0.02256,-0.00116,0.00003,0.99974,0.02739,0.01695,-0.03381,0.99891,1.00,0.02252,-0.02824,0.00064,0.99935,0.02645,-0.01012,-0.03332,0.99904,1.00
3421,0.00494,0.01884,-0.03331,0.99926,0.02181,-0.00129,0.00003,0.99976,0.02670,0.01682,-0.03369,0.99893,1.00,0.02176,-0.02837,0.00062,0.99936,0.02575,-0.01025,-0.03322,0.99906,1.00
3431,0.00490,0.01880,-0.03316,0.99926,0.02114,-0.00196,0.00004,0.99977,0.02596,0.01614,-0.03352,0.99897,1.00,0.02108,-0.02903,0.00061,0.99936,0.02501,-0.01093,-0.03306,0.99908,1.00
3443,0.00481,0.01871,-0.03303,0.99927,0.02123,-0.00187,0.00004,0.99977,0.02596,0.01613,-0.03339,0.99898,1.00,0.02116,-0.02895,0.00061,0.99936,0.02501,-0.01093,-0.03293,0.99908,1.00
3454,0.00469,0.01858,-0.03293,0.99927,0.02209,-0.00237,0.00005,0.99975,0.02669,0.01548,-0.03329,0.99897,1.00,0.02203,-0.02944,0.00065,0.99932,0.02574,-0.01158,-0.03280,0.99906,1.00
3464,0.00465,0.01847,-0.03293,0.99928,0.02235,-0.00232,0.00005,0.99975,0.02691,0.01542,-0.03330,0.99896,1.00,0.02229,-0.02939,0.00066,0.99932,0.02597,-0.01165,-0.03281,0.99906,1.00
3476,0.00474,0.01838,-0.03297,0.99928,0.02227,-0.00222,0.00005,0.99975,0.02691,0.01542,-0.03333,0.99896,1.00,0.02221,-0.02930,0.00065,0.99932,0.02597,-0.01165,-0.03284,0.99906,1.00
3487,0.00483,0.01824,-0.03310,0.99927,0.02210,-0.00218,0.00005,0.99975,0.02684,0.01532,-0.03346,0.99896,1.00,0.02206,-0.02926,0.00065,0.99933,0.02591,-0.01175,-0.03298,0.99905,1.00
3498,0.00500,0.01816,-0.03333,0.99927,0.02207,-0.00252,0.00006,0.99975,0.02697,0.01490,-0.03368,0.99896,1.00,0.02204,-0.02960,0.00065,0.99932,0.02604,-0.01217,-0.03320,0.99904,1.00
3509,0.00500,0.01813,-0.03347,0.99926,0.02206,-0.00249,0.00005,0.99975,0.02696,0.01490,-0.03382,0.99895,1.00,0.02203,-0.02957,0.00065,0.99932,0.02604,-0.01217,-0.03335,0.99903,1.00
3520,0.00494,0.01812,-0.03353,0.99926,0.02191,-0.00125,0.00003,0.99976,0.02680,0.01613,-0.03390,0.99894,1.00,0.02189,-0.02833,0.00062,0.99936,0.02587,-0.01094,-0.03343,0.99905,1.00
3532,0.00494,0.01812,-0.03363,0.99926,0.01970,-0.00201,0.00004,0.99980,0.02456,0.01545,-0.03395,0.99900,1.00,0.01968,-0.02908,0.00057,0.99938,0.02363,-0.01162,-0.03353,0.99909,1.00
3543,0.00495,0.01821,-0.03372,0.99925,0.01970,-0.00210,0.00004,0.99980,0.02456,0.01545,-0.03405,0.99900,1.00,0.01968,-0.02917,0.00057,0.99938,0.02364,-0.01162,-0.03363,0.99909,1.00
3554,0.00507,0.01831,-0.03377,0.99925,0.01960,0.00162,-0.00003,0.99981,0.02470,0.01926,-0.03415,0.99893,1.00,0.01958,-0.02547,0.00050,0.99948,0.02378,-0.00781,-0.03375,0.99912,1.00
3565,0.00529,0.01846,-0.03371,0.99925,0.01925,0.00023,0.00000,0.99981,0.02454,0.01804,-0.03406,0.99896,1.00,0.01922,-0.02685,0.00052,0.99945,0.02360,-0.00903,-0.03367,0.99911,1.00
3576,0.00552,0.01860,-0.03363,0.99925,0.01902,0.00008,0.00000,0.99982,0.02454,0.01804,-0.03398,0.99896,1.00,0.01900,-0.02700,0.00051,0.99945,0.02360,-0.00903,-0.03360,0.99912,1.00
3587,0.00565,0.01876,-0.03350,0.99925,0.01890,0.00000,0.00000,0.99982,0.02454,0.01812,-0.03385,0.99896,1.00,0.01886,-0.02708,0.00051,0.99946,0.02360,-0.00895,-0.03348,0.99912,1.00
3598,0.00579,0.01891,-0.03337,0.99925,0.01896,-0.00154,0.00003,0.99982,0.02468,0.01673,-0.03371,0.99899,1.00,0.01891,-0.02862,0.00054,0.99941,0.02374,-0.01033,-0.03334,0.99911,1.00
3610,0.00588,0.01910,-0.03341,0.99924,0.01888,-0.00173,0.00003,0.99982,0.02468,0.01673,-0.03374,0.99899,1.00,0.01883,-0.02881,0.00054,0.99941,0.02374,-0.01033,-0.03338,0.99911,1.00
3621,0.00590,0.01918,-0.03337,0.99924,0.01918,-0.00164,0.00003,0.99981,0.02501,0.01690,-0.03371,0.99898,1.00,0.01913,-0.02871,0.00055,0.99940,0.02406,-0.01016,-0.03334,0.99910,1.00
3632,0.00591,0.01927,-0.03334,0.99924,0.01953,0.00033,-0.00001,0.99981,0.02544,0.01895,-0.03371,0.99893,1.00,0.01949,-0.02675,0.00052,0.99945,0.02450,-0.00812,-0.03333,0.99911,1.00
3643,0.00599,0.01930,-0.03321,0.99924,0.01946,0.00029,-0.00001,0.99981,0.02544,0.01894,-0.03359,0.99893,1.00,0.01941,-0.02679,0.00052,0.99945,0.02450,-0.00813,-0.03321,0.99912,1.00
3655,0.00610,0.01939,-0.03311,0.99924,0.01928,0.00038,-0.00001,0.99981,0.02538,0.01913,-0.03349,0.99893,1.00,0.01922,-0.02670,0.00051,0.99946,0.02444,-0.00794,-0.03312,0.99912,1.00
3665,0.00616,0.01943,-0.03309,0.99924,0.01884,0.00050,-0.00001,0.99982,0.02501,0.01930,-0.03345,0.99894,1.00,0.01880,-0.02658,0.00050,0.99947,0.02407,-0.00777,-0.03310,0.99913,1.00
3677,0.00613,0.01951,-0.03308,0.99924,0.01888,0.00042,-0.00001,0.99982,0.02501,0.01930,-0.03345,0.99894,1.00,0.01883,-0.02666,0.00050,0.99947,0.02407,-0.00777,-0.03309,0.99913,1.00
3688,0.00594,0.01959,-0.03321,0.99924,0.01911,-0.00006,0.00000,0.99982,0.02503,0.01890,-0.03357,0.99894,1.00,0.01907,-0.02713,0.00052,0.99945,0.02411,-0.00817,-0.03320,0.99912,1.00
3698,0.00569,0.01964,-0.03346,0.99923,0.01936,0.00049,-0.00001,0.99981,0.02505,0.01949,-0.03384,0.99892,1.00,0.01934,-0.02659,0.00051,0.99946,0.02414,-0.00758,-0.03346,0.99912,1.00
3710,0.00561,0.01973,-0.03371,0.99922,0.01944,0.00043,-0.00001,0.99981,0.02505,0.01949,-0.03409,0.99891,1.00,0.01943,-0.02665,0.00052,0.99946,0.02414,-0.00758,-0.03370,0.99911,1.00
3721,0.00566,0.01974,-0.03376,0.99922,0.01839,-0.00043,0.00001,0.99983,0.02402,0.01868,-0.03411,0.99895,1.00,0.01838,-0.02751,0.00051,0.99945,0.02311,-0.00838,-0.03375,0.99913,1.00
3732,0.00564,0.01980,-0.03376,0.99922,0.01829,-0.00008,0.00000,0.99983,0.02392,0.01910,-0.03411,0.99895,1.00,0.01827,-0.02715,0.00050,0.99946,0.02299,-0.00797,-0.03376,0.99913,1.00
3743,0.00571,0.01978,-0.03359,0.99922,0.01822,-0.00007,0.00000,0.99983,0.02392,0.01909,-0.03395,0.99896,1.00,0.01820,-0.02715,0.00049,0.99947,0.02299,-0.00797,-0.03360,0.99914,1.00
3754,0.00577,0.01978,-0.03336,0.99923,0.01972,-0.00001,0.00000,0.99981,0.02547,0.01910,-0.03374,0.99892,1.00,0.01967,-0.02709,0.00053,0.99944,0.02453,-0.00797,-0.03335,0.99911,1.00
3765,0.00590,0.01983,-0.03306,0.99924,0.01959,-0.00004,0.00000,0.99981,0.02547,0.01914,-0.03345,0.99893,1.00,0.01953,-0.02712,0.00053,0.99944,0.02453,-0.00793,-0.03306,0.99912,1.00
3776,0.00597,0.01981,-0.03309,0.99924,0.01952,-0.00002,0.00000,0.99981,0.02547,0.01914,-0.03347,0.99893,1.00,0.01946,-0.02710,0.00053,0.99944,0.02453,-0.00793,-0.03309,0.99912,1.00
3788,0.00593,0.01980,-0.03303,0.99924,0.01960,0.00070,-0.00001,0.99981,0.02554,0.01985,-0.03342,0.99892,1.00,0.01955,-0.02638,0.00052,0.99946,0.02460,-0.00722,-0.03304,0.99913,1.00
3799,0.00594,0.01969,-0.03291,0.99925,0.01956,0.00084,-0.00002,0.99981,0.02551,0.01988,-0.03330,0.99892,1.00,0.01950,-0.02624,0.00051,0.99947,0.02458,-0.00718,-0.03292,0.99913,1.00
3810,0.00609,0.01953,-0.03273,0.99925,0.01941,0.00099,-0.00002,0.99981,0.02552,0.01988,-0.03312,0.99893,1.00,0.01935,-0.02609,0.00051,0.99947,0.02457,-0.00719,-0.03275,0.99914,1.00
3820,0.00637,0.01936,-0.03255,0.99926,0.01917,0.00127,-0.00002,0.99982,0.02557,0.02000,-0.03293,0.99893,1.00,0.01911,-0.02581,0.00049,0.99948,0.02463,-0.00707,-0.03257,0.99914,1.00
3831,0.00665,0.01920,-0.03253,0.99926,0.01820,0.00348,-0.00006,0.99983,0.02495,0.02208,-0.03291,0.99890,1.00,0.01816,-0.02361,0.00043,0.99956,0.02403,-0.00499,-0.03259,0.99917,1.00
3844,0.00690,0.01902,-0.03242,0.99927,0.01795,0.00364,-0.00007,0.99983,0.02495,0.02208,-0.03279,0.99891,1.00,0.01790,-0.02344,0.00042,0.99956,0.02403,-0.00499,-0.03249,0.99917,1.00
3855,0.00705,0.01894,-0.03238,0.99927,0.01792,0.00357,-0.00006,0.99983,0.02507,0.02193,-0.03275,0.99891,1.00,0.01787,-0.02351,0.00042,0.99956,0.02415,-0.00514,-0.03245,0.99917,1.00
3865,0.00707,0.01883,-0.03234,0.99927,0.01715,0.00350,-0.00006,0.99985,0.02431,0.02177,-0.03270,0.99893,1.00,0.01711,-0.02358,0.00040,0.99958,0.02341,-0.00530,-0.03242,0.99919,1.00
3877,0.00686,0.01881,-0.03233,0.99928,0.01735,0.00353,-0.00006,0.99984,0.02431,0.02177,-0.03269,0.99893,1.00,0.01731,-0.02356,0.00041,0.99957,0.02341,-0.00530,-0.03240,0.99919,1.00
3887,0.00654,0.01880,-0.03232,0.99928,0.01895,0.00194,-0.00004,0.99982,0.02554,0.02012,-0.03270,0.99894,1.00,0.01891,-0.02515,0.00048,0.99950,0.02463,-0.00695,-0.03235,0.99915,1.00
3900,0.00640,0.01889,-0.03246,0.99927,0.01857,0.00174,-0.00003,0.99983,0.02501,0.02002,-0.03282,0.99895,1.00,0.01854,-0.02534,0.00047,0.99951,0.02411,-0.00705,-0.03248,0.99916,1.00
3911,0.00641,0.01900,-0.03265,0.99927,0.01856,0.00163,-0.00003,0.99983,0.02501,0.02002,-0.03302,0.99894,1.00,0.01854,-0.02545,0.00047,0.99950,0.02411,-0.00705,-0.03268,0.99915,1.00
3921,0.00648,0.01910,-0.03278,0.99926,0.01836,0.00033,-0.00001,0.99983,0.02484,0.01883,-0.03312,0.99897,1.00,0.01835,-0.02675,0.00049,0.99947,0.02395,-0.00824,-0.03279,0.99914,1.00
3932,0.00648,0.01923,-0.03283,0.99925,0.01798,-0.00017,0.00000,0.99984,0.02444,0.01847,-0.03317,0.99898,1.00,0.01796,-0.02725,0.00049,0.99947,0.02354,-0.00860,-0.03285,0.99915,1.00
3944,0.00646,0.01934,-0.03280,0.99925,0.01801,-0.00028,0.00001,0.99984,0.02444,0.01846,-0.03314,0.99898,1.00,0.01799,-0.02736,0.00049,0.99946,0.02354,-0.00860,-0.03282,0.99915,1.00
3955,0.00647,0.01956,-0.03273,0.99925,0.01780,-0.00042,0.00001,0.99984,0.02424,0.01855,-0.03307,0.99899,1.00,0.01777,-0.02750,0.00049,0.99946,0.02333,-0.00851,-0.03275,0.99915,1.00
3966,0.00648,0.01969,-0.03268,0.99925,0.01795,-0.00020,0.00000,0.99984,0.02441,0.01891,-0.03303,0.99898,1.00,0.01791,-0.02727,0.00049,0.99947,0.02350,-0.00816,-0.03271,0.99916,1.00
3978,0.00649,0.01994,-0.03275,0.99924,0.01795,-0.00044,0.00001,0.99984,0.02441,0.01891,-0.03310,0.99898,1.00,0.01792,-0.02752,0.00049,0.99946,0.02350,-0.00816,-0.03278,0.99915,1.00
3988,0.00649,0.02009,-0.03285,0.99924,0.01724,0.00089,-0.00002,0.99985,0.02375,0.02042,-0.03320,0.99896,1.00,0.01722,-0.02619,0.00045,0.99951,0.02285,-0.00665,-0.03290,0.99918,1.00
3999,0.00647,0.02023,-0.03293,0.99923,0.01849,0.00099,-0.00002,0.99983,0.02497,0.02061,-0.03331,0.99892,1.00,0.01847,-0.02609,0.00048,0.99949,0.02407,-0.00646,-0.03297,0.99915,1.00
4011,0.00639,0.02020,-0.03286,0.99924,0.01856,0.00102,-0.00002,0.99983,0.02497,0.02060,-0.03324,0.99892,1.00,0.01854,-0.02606,0.00048,0.99949,0.02407,-0.00646,-0.03290,0.99915,1.00
4022,0.00635,0.02019,-0.03286,0.99924,0.01829,-0.00026,0.00000,0.99983,0.02462,0.01933,-0.03322,0.99896,1.00,0.01826,-0.02733,0.00050,0.99946,0.02370,-0.00773,-0.03288,0.99915,1.00
4033,0.00633,0.02008,-0.03283,0.99924,0.01865,0.00001,0.00000,0.99983,0.02497,0.01947,-0.03319,0.99895,1.00,0.01862,-0.02707,0.00050,0.99946,0.02405,-0.00759,-0.03285,0.99914,1.00
4045,0.00637,0.01992,-0.03276,0.99924,0.01861,0.00017,0.00000,0.99983,0.02497,0.01947,-0.03313,0.99895,1.00,0.01857,-0.02691,0.00050,0.99947,0.02405,-0.00759,-0.03279,0.99914,1.00
4055,0.00643,0.01971,-0.03271,0.99925,0.01811,0.00043,-0.00001,0.99984,0.02454,0.01954,-0.03307,0.99896,1.00,0.01807,-0.02664,0.00048,0.99948,0.02362,-0.00752,-0.03274,0.99916,1.00
4066,0.00654,0.01948,-0.03260,0.99926,0.01904,0.00236,-0.00004,0.99982,0.02565,0.02122,-0.03299,0.99890,1.00,0.01900,-0.02472,0.00047,0.99951,0.02473,-0.00585,-0.03264,0.99914,1.00
4077,0.00656,0.01934,-0.03261,0.99926,0.01902,0.00251,-0.00005,0.99982,0.02565,0.02122,-0.03300,0.99890,1.00,0.01898,-0.02457,0.00047,0.99952,0.02473,-0.00585,-0.03266,0.99914,1.00
4089,0.00645,0.01924,-0.03257,0.99926,0.01928,0.00248,-0.00005,0.99981,0.02580,0.02108,-0.03296,0.99890,1.00,0.01924,-0.02460,0.00047,0.99951,0.02488,-0.00599,-0.03261,0.99914,1.00
4100,0.00643,0.01912,-0.03255,0.99927,0.01954,0.00240,-0.00005,0.99981,0.02604,0.02088,-0.03295,0.99890,1.00,0.01950,-0.02468,0.00048,0.99950,0.02513,-0.00619,-0.03259,0.99913,1.00
4111,0.00643,0.01907,-0.03249,0.99927,0.01954,0.00245,-0.00005,0.99981,0.02604,0.02088,-0.03288,0.99890,1.00,0.01950,-0.02464,0.00048,0.99951,0.02513,-0.00619,-0.03252,0.99914,1.00
4121,0.00648,0.01907,-0.03247,0.99927,0.01953,0.00029,-0.00001,0.99981,0.02600,0.01872,-0.03284,0.99895,1.00,0.01948,-0.02679,0.00052,0.99945,0.02508,-0.00835,-0.03248,0.99912,1.00
4133,0.00659,0.01911,-0.03247,0.99927,0.01941,-0.00038,0.00001,0.99981,0.02597,0.01810,-0.03283,0.99896,1.00,0.01937,-0.02746,0.00053,0.99944,0.02506,-0.00897,-0.03247,0.99912,1.00
4144,0.00670,0.01913,-0.03241,0.99927,0.01930,-0.00041,0.00001,0.99981,0.02597,0.01809,-0.03277,0.99896,1.00,0.01926,-0.02749,0.00053,0.99944,0.02506,-0.00897,-0.03242,0.99912,1.00
4156,0.00669,0.01920,-0.03228,0.99927,0.02277,-0.00055,0.00001,0.99974,0.02942,0.01791,-0.03270,0.99887,1.00,0.02271,-0.02763,0.00063,0.99936,0.02850,-0.00916,-0.03225,0.99903,1.00
4167,0.00667,0.01927,-0.03212,0.99928,0.02225,-0.00007,0.00000,0.99975,0.02889,0.01848,-0.03254,0.99888,1.00,0.02219,-0.02715,0.00060,0.99938,0.02797,-0.00859,-0.03210,0.99906,1.00
4178,0.00654,0.01937,-0.03194,0.99928,0.02238,-0.00017,0.00000,0.99975,0.02890,0.01847,-0.03236,0.99889,1.00,0.02231,-0.02726,0.00061,0.99938,0.02797,-0.00860,-0.03192,0.99906,1.00
4189,0.00666,0.01940,-0.03184,0.99928,0.02230,-0.00017,0.00000,0.99975,0.02894,0.01851,-0.03226,0.99889,1.00,0.02223,-0.02726,0.00061,0.99938,0.02802,-0.00856,-0.03183,0.99906,1.00
4200,0.00671,0.01943,-0.03177,0.99928,0.02082,-0.00111,0.00002,0.99978,0.02748,0.01766,-0.03215,0.99895,1.00,0.02076,-0.02819,0.00059,0.99939,0.02656,-0.00941,-0.03176,0.99910,1.00
4211,0.00678,0.01943,-0.03169,0.99929,0.02075,-0.00111,0.00002,0.99978,0.02748,0.01765,-0.03208,0.99895,1.00,0.02069,-0.02819,0.00058,0.99939,0.02656,-0.00942,-0.03169,0.99910,1.00
4222,0.00694,0.01943,-0.03171,0.99928,0.02049,-0.00134,0.00003,0.99979,0.02736,0.01744,-0.03208,0.99896,1.00,0.02043,-0.02841,0.00058,0.99939,0.02646,-0.00963,-0.03170,0.99910,1.00
4233,0.00705,0.01937,-0.03166,0.99929,0.02044,-0.00124,0.00003,0.99979,0.02744,0.01748,-0.03203,0.99896,1.00,0.02039,-0.02832,0.00058,0.99939,0.02654,-0.00959,-0.03166,0.99910,1.00
4245,0.00720,0.01931,-0.03158,0.99929,0.02029,-0.00119,0.00002,0.99979,0.02744,0.01748,-0.03195,0.99896,1.00,0.02023,-0.02827,0.00057,0.99940,0.02654,-0.00959,-0.03158,0.99910,1.00
4256,0.00726,0.01929,-0.03149,0.99929,0.02036,-0.00116,0.00002,0.99979,0.02757,0.01748,-0.03186,0.99896,1.00,0.02030,-0.02824,0.00057,0.99940,0.02667,-0.00959,-0.03149,0.99910,1.00
4267,0.00730,0.01929,-0.03146,0.99929,0.02022,-0.00097,0.00002,0.99980,0.02747,0.01768,-0.03183,0.99896,1.00,0.02017,-0.02804,0.00057,0.99940,0.02658,-0.00939,-0.03147,0.99911,1.00
4278,0.00713,0.01935,-0.03149,0.99929,0.02039,-0.00102,0.00002,0.99979,0.02747,0.01768,-0.03186,0.99896,1.00,0.02034,-0.02810,0.00057,0.99940,0.02658,-0.00939,-0.03149,0.99911,1.00
4289,0.00685,0.01947,-0.03153,0.99929,0.02080,-0.00115,0.00002,0.99978,0.02759,0.01766,-0.03192,0.99895,1.00,0.02076,-0.02823,0.00059,0.99939,0.02670,-0.00941,-0.03153,0.99910,1.00
4300,0.00629,0.01968,-0.03167,0.99928,0.02032,-0.00161,0.00003,0.99979,0.02655,0.01742,-0.03204,0.99898,1.00,0.02029,-0.02869,0.00058,0.99938,0.02566,-0.00964,-0.03165,0.99912,1.00
4311,0.00628,0.01988,-0.03182,0.99928,0.02034,-0.00180,0.00004,0.99979,0.02654,0.01743,-0.03219,0.99898,1.00,0.02031,-0.02888,0.00059,0.99938,0.02566,-0.00964,-0.03180,0.99912,1.00
4323,0.00636,0.02014,-0.03208,0.99926,0.01911,-0.00196,0.00004,0.99982,0.02539,0.01756,-0.03243,0.99900,1.00,0.01910,-0.02904,0.00055,0.99940,0.02452,-0.00951,-0.03207,0.99914,1.00
4334,0.00642,0.02033,-0.03205,0.99926,0.01861,-0.00040,0.00001,0.99983,0.02500,0.01933,-0.03242,0.99897,1.00,0.01860,-0.02747,0.00051,0.99945,0.02413,-0.00774,-0.03208,0.99916,1.00
4345,0.00635,0.02054,-0.03197,0.99926,0.01869,-0.00062,0.00001,0.99983,0.02501,0.01933,-0.03234,0.99898,1.00,0.01867,-0.02769,0.00052,0.99944,0.02413,-0.00774,-0.03200,0.99917,1.00
4356,0.00631,0.02074,-0.03181,0.99926,0.01880,-0.00052,0.00001,0.99982,0.02508,0.01962,-0.03218,0.99897,1.00,0.01876,-0.02760,0.00052,0.99944,0.02419,-0.00745,-0.03183,0.99917,1.00
4368,0.00626,0.02094,-0.03179,0.99926,0.02153,-0.00048,0.00001,0.99977,0.02776,0.01978,-0.03223,0.99890,1.00,0.02148,-0.02756,0.00059,0.99939,0.02686,-0.00730,-0.03180,0.99911,1.00
4378,0.00632,0.02110,-0.03175,0.99925,0.02148,-0.00064,0.00001,0.99977,0.02776,0.01978,-0.03219,0.99890,1.00,0.02143,-0.02772,0.00059,0.99939,0.02686,-0.00730,-0.03177,0.99911,1.00
4389,0.00645,0.02120,-0.03178,0.99925,0.02219,-0.00028,0.00001,0.99975,0.02861,0.02020,-0.03224,0.99887,1.00,0.02214,-0.02737,0.00061,0.99938,0.02772,-0.00687,-0.03180,0.99909,1.00
4400,0.00651,0.02126,-0.03185,0.99925,0.02181,-0.00130,0.00003,0.99976,0.02827,0.01926,-0.03229,0.99889,1.00,0.02177,-0.02838,0.00062,0.99936,0.02737,-0.00781,-0.03186,0.99909,1.00
4412,0.00659,0.02124,-0.03179,0.99925,0.02174,-0.00129,0.00003,0.99976,0.02827,0.01926,-0.03223,0.99890,1.00,0.02169,-0.02837,0.00062,0.99936,0.02737,-0.00781,-0.03180,0.99909,1.00
4423,0.00674,0.02118,-0.03173,0.99925,0.02162,-0.00232,0.00005,0.99976,0.02828,0.01817,-0.03215,0.99892,1.00,0.02157,-0.02940,0.00063,0.99933,0.02738,-0.00890,-0.03173,0.99908,1.00
4434,0.00694,0.02094,-0.03158,0.99926,0.02038,-0.00198,0.00004,0.99979,0.02724,0.01831,-0.03197,0.99895,1.00,0.02032,-0.02906,0.00059,0.99937,0.02634,-0.00875,-0.03160,0.99912,1.00
4445,0.00710,0.02086,-0.03161,0.99926,0.02021,-0.00191,0.00004,0.99979,0.02724,0.01832,-0.03200,0.99895,1.00,0.02016,-0.02898,0.00058,0.99938,0.02634,-0.00875,-0.03164,0.99911,1.00
4457,0.00722,0.02069,-0.03159,0.99926,0.01926,-0.00173,0.00003,0.99981,0.02640,0.01835,-0.03196,0.99897,1.00,0.01921,-0.02880,0.00055,0.99940,0.02551,-0.00871,-0.03163,0.99914,1.00
4468,0.00747,0.02058,-0.03165,0.99926,0.02019,-0.00195,0.00004,0.99979,0.02757,0.01799,-0.03203,0.99894,1.00,0.02014,-0.02902,0.00058,0.99938,0.02668,-0.00908,-0.03167,0.99910,1.00
4479,0.00756,0.02046,-0.03159,0.99926,0.02009,-0.00184,0.00004,0.99980,0.02757,0.01798,-0.03197,0.99895,1.00,0.02004,-0.02891,0.00058,0.99938,0.02668,-0.00908,-0.03162,0.99910,1.00
4490,0.00758,0.02036,-0.03156,0.99927,0.01903,-0.00187,0.00004,0.99982,0.02654,0.01789,-0.03192,0.99898,1.00,0.01899,-0.02894,0.00055,0.99940,0.02565,-0.00918,-0.03159,0.99913,1.00
4501,0.00762,0.02023,-0.03155,0.99927,0.01922,-0.00097,0.00002,0.99981,0.02679,0.01865,-0.03192,0.99896,1.00,0.01917,-0.02804,0.00054,0.99942,0.02590,-0.00842,-0.03159,0.99913,1.00
4512,0.00777,0.02027,-0.03180,0.99926,0.01906,-0.00101,0.00002,0.99982,0.02678,0.01866,-0.03217,0.99895,1.00,0.01903,-0.02808,0.00053,0.99942,0.02590,-0.00841,-0.03185,0.99912,1.00
4523,0.00799,0.02028,-0.03199,0.99925,0.01900,-0.00118,0.00002,0.99982,0.02694,0.01849,-0.03236,0.99894,1.00,0.01899,-0.02826,0.00054,0.99942,0.02606,-0.00858,-0.03204,0.99911,1.00
4535,0.00818,0.02027,-0.03211,0.99925,0.01739,-0.00343,0.00006,0.99984,0.02544,0.01628,-0.03243,0.99902,1.00,0.01737,-0.03050,0.00053,0.99938,0.02456,-0.01078,-0.03217,0.99912,1.00
4546,0.00835,0.02030,-0.03213,0.99924,0.01722,-0.00346,0.00006,0.99985,0.02544,0.01628,-0.03245,0.99902,1.00,0.01720,-0.03053,0.00053,0.99939,0.02456,-0.01078,-0.03219,0.99912,1.00
4557,0.00851,0.02038,-0.03210,0.99924,0.01727,-0.00361,0.00006,0.99984,0.02565,0.01621,-0.03241,0.99901,1.00,0.01725,-0.03068,0.00053,0.99938,0.02476,-0.01085,-0.03216,0.99912,1.00
4569,0.00856,0.02049,-0.03216,0.99924,0.01645,-0.00289,0.00005,0.99986,0.02491,0.01706,-0.03247,0.99902,1.00,0.01643,-0.02996,0.00049,0.99942,0.02402,-0.01000,-0.03224,0.99914,1.00
4579,0.00862,0.02058,-0.03224,0.99923,0.01639,-0.00299,0.00005,0.99986,0.02491,0.01706,-0.03255,0.99901,1.00,0.01637,-0.03006,0.00049,0.99941,0.02402,-0.01000,-0.03232,0.99914,1.00
4591,0.00863,0.02073,-0.03236,0.99922,0.01661,-0.00246,0.00004,0.99986,0.02515,0.01773,-0.03268,0.99899,1.00,0.01659,-0.02953,0.00049,0.99943,0.02426,-0.00933,-0.03245,0.99914,1.00
4602,0.00863,0.02080,-0.03241,0.99922,0.01859,-0.00061,0.00001,0.99983,0.02719,0.01958,-0.03278,0.99890,1.00,0.01857,-0.02769,0.00051,0.99944,0.02630,-0.00749,-0.03250,0.99910,1.00
4613,0.00858,0.02086,-0.03240,0.99922,0.01864,-0.00067,0.00001,0.99983,0.02719,0.01958,-0.03278,0.99890,1.00,0.01862,-0.02775,0.00052,0.99944,0.02630,-0.00749,-0.03250,0.99910,1.00
4624,0.00843,0.02091,-0.03232,0.99922,0.01889,-0.00231,0.00004,0.99982,0.02724,0.01799,-0.03268,0.99893,1.00,0.01886,-0.02938,0.00055,0.99939,0.02633,-0.00908,-0.03239,0.99909,1.00
4636,0.00833,0.02097,-0.03224,0.99923,0.01839,-0.00103,0.00002,0.99983,0.02668,0.01934,-0.03261,0.99892,1.00,0.01835,-0.02811,0.00052,0.99944,0.02577,-0.00773,-0.03232,0.99912,1.00
4647,0.00825,0.02097,-0.03221,0.99923,0.01847,-0.00103,0.00002,0.99983,0.02668,0.01934,-0.03258,0.99893,1.00,0.01843,-0.02811,0.00052,0.99943,0.02577,-0.00773,-0.03229,0.99912,1.00
4658,0.00820,0.02094,-0.03221,0.99923,0.01747,-0.00211,0.00004,0.99985,0.02559,0.01826,-0.03255,0.99898,1.00,0.01743,-0.02918,0.00051,0.99942,0.02468,-0.00880,-0.03229,0.99914,1.00
4669,0.00809,0.02091,-0.03223,0.99923,0.01748,-0.00169,0.00003,0.99985,0.02551,0.01865,-0.03257,0.99897,1.00,0.01745,-0.02876,0.00050,0.99943,0.02460,-0.00841,-0.03230,0.99914,1.00
4681,0.00791,0.02084,-0.03230,0.99923,0.01767,-0.00160,0.00003,0.99984,0.02551,0.01867,-0.03264,0.99897,1.00,0.01763,-0.02867,0.00051,0.99943,0.02461,-0.00839,-0.03237,0.99914,1.00
4693,0.00771,0.02078,-0.03231,0.99923,0.01786,-0.00153,0.00003,0.99984,0.02551,0.01867,-0.03266,0.99897,1.00,0.01783,-0.02860,0.00051,0.99943,0.02461,-0.00839,-0.03237,0.99914,1.00
4703,0.00760,0.02081,-0.03224,0.99923,0.01834,-0.00158,0.00003,0.99983,0.02588,0.01864,-0.03260,0.99896,1.00,0.01830,-0.02865,0.00052,0.99942,0.02497,-0.00843,-0.03229,0.99913,1.00
4714,0.00759,0.02079,-0.03229,0.99923,0.01835,-0.00156,0.00003,0.99983,0.02588,0.01864,-0.03265,0.99896,1.00,0.01831,-0.02863,0.00052,0.99942,0.02497,-0.00843,-0.03234,0.99913,1.00
4726,0.00761,0.02082,-0.03228,0.99923,0.01847,-0.00148,0.00003,0.99983,0.02602,0.01873,-0.03264,0.99895,1.00,0.01843,-0.02856,0.00053,0.99942,0.02511,-0.00833,-0.03233,0.99913,1.00
4737,0.00762,0.02086,-0.03232,0.99923,0.02000,-0.00182,0.00004,0.99980,0.02755,0.01839,-0.03271,0.99892,1.00,0.01996,-0.02890,0.00058,0.99938,0.02664,-0.00868,-0.03236,0.99908,1.00
4747,0.00766,0.02088,-0.03233,0.99923,0.01989,-0.00184,0.00004,0.99980,0.02747,0.01840,-0.03272,0.99892,1.00,0.01985,-0.02892,0.00057,0.99938,0.02656,-0.00867,-0.03237,0.99909,1.00
4758,0.00770,0.02092,-0.03237,0.99923,0.01985,-0.00188,0.00004,0.99980,0.02747,0.01840,-0.03276,0.99892,1.00,0.01981,-0.02895,0.00057,0.99938,0.02656,-0.00867,-0.03242,0.99908,1.00
4769,0.00774,0.02096,-0.03236,0.99923,0.01991,-0.00189,0.00004,0.99980,0.02757,0.01842,-0.03275,0.99891,1.00,0.01987,-0.02897,0.00058,0.99938,0.02667,-0.00865,-0.03241,0.99908,1.00
4781,0.00774,0.02097,-0.03231,0.99923,0.01553,-0.00169,0.00003,0.99988,0.02320,0.01877,-0.03262,0.99902,1.00,0.01550,-0.02876,0.00045,0.99947,0.02230,-0.00829,-0.03239,0.99919,1.00
4793,0.00779,0.02101,-0.03220,0.99923,0.01549,-0.00174,0.00003,0.99988,0.02320,0.01877,-0.03250,0.99903,1.00,0.01545,-0.02881,0.00045,0.99947,0.02230,-0.00829,-0.03228,0.99920,1.00
4803,0.00786,0.02101,-0.03208,0.99923,0.01710,-0.00082,0.00001,0.99985,0.02493,0.01964,-0.03242,0.99897,1.00,0.01706,-0.02789,0.00048,0.99947,0.02402,-0.00742,-0.03216,0.99917,1.00
4814,0.00792,0.02100,-0.03200,0.99924,0.01709,-0.00149,0.00003,0.99985,0.02495,0.01896,-0.03234,0.99899,1.00,0.01704,-0.02856,0.00049,0.99945,0.02404,-0.00810,-0.03208,0.99916,1.00
4826,0.00802,0.02094,-0.03191,0.99924,0.01699,-0.00144,0.00002,0.99985,0.02495,0.01896,-0.03225,0.99899,1.00,0.01693,-0.02851,0.00048,0.99945,0.02404,-0.00811,-0.03199,0.99917,1.00
4837,0.00811,0.02092,-0.03191,0.99924,0.01715,-0.00136,0.00002,0.99985,0.02520,0.01901,-0.03225,0.99898,1.00,0.01710,-0.02843,0.00049,0.99945,0.02430,-0.00805,-0.03199,0.99916,1.00
4848,0.00810,0.02087,-0.03186,0.99924,0.01725,-0.00138,0.00002,0.99985,0.02529,0.01894,-0.03220,0.99898,1.00,0.01720,-0.02846,0.00049,0.99945,0.02439,-0.00812,-0.03194,0.99916,1.00
4861,0.00806,0.02082,-0.03176,0.99925,0.01729,-0.00133,0.00002,0.99985,0.02529,0.01894,-0.03210,0.99899,1.00,0.01724,-0.02841,0.00049,0.99945,0.02439,-0.00813,-0.03184,0.99916,1.00
4870,0.00804,0.02080,-0.03161,0.99925,0.01722,-0.00130,0.00002,0.99985,0.02520,0.01895,-0.03195,0.99899,1.00,0.01717,-0.02838,0.00049,0.99945,0.02430,-0.00811,-0.03169,0.99917,1.00
4881,0.00804,0.02080,-0.03151,0.99925,0.01723,-0.00129,0.00002,0.99985,0.02522,0.01896,-0.03186,0.99899,1.00,0.01718,-0.02837,0.00049,0.99945,0.02432,-0.00811,-0.03160,0.99917,1.00
4892,0.00800,0.02085,-0.03150,0.99925,0.01728,-0.00135,0.00002,0.99985,0.02522,0.01896,-0.03184,0.99899,1.00,0.01723,-0.02842,0.00049,0.99945,0.02432,-0.00811,-0.03158,0.99917,1.00
4904,0.00789,0.02087,-0.03148,0.99926,0.01671,-0.00138,0.00002,0.99986,0.02454,0.01896,-0.03182,0.99901,1.00,0.01667,-0.02845,0.00047,0.99946,0.02365,-0.00810,-0.03156,0.99919,1.00
4914,0.00781,0.02089,-0.03149,0.99926,0.01783,-0.00166,0.00003,0.99984,0.02557,0.01867,-0.03184,0.99899,1.00,0.01779,-0.02873,0.00051,0.99943,0.02468,-0.00839,-0.03156,0.99916,1.00
4926,0.00781,0.02100,-0.03160,0.99925,0.01783,-0.00176,0.00003,0.99984,0.02557,0.01867,-0.03195,0.99899,1.00,0.01779,-0.02883,0.00051,0.99943,0.02468,-0.00839,-0.03166,0.99916,1.00
4936,0.00794,0.02110,-0.03182,0.99924,0.01806,-0.00184,0.00003,0.99984,0.02593,0.01869,-0.03218,0.99897,1.00,0.01803,-0.02891,0.00052,0.99942,0.02505,-0.00838,-0.03189,0.99914,1.00
4947,0.00819,0.02128,-0.03200,0.99923,0.01781,-0.00201,0.00004,0.99984,0.02592,0.01869,-0.03235,0.99897,1.00,0.01780,-0.02908,0.00052,0.99942,0.02505,-0.00837,-0.03208,0.99914,1.00
4960,0.00832,0.02142,-0.03202,0.99922,0.01817,-0.00261,0.00005,0.99983,0.02639,0.01823,-0.03238,0.99896,1.00,0.01815,-0.02968,0.00054,0.99939,0.02552,-0.00883,-0.03209,0.99912,1.00
4971,0.00849,0.02161,-0.03202,0.99922,0.01810,-0.00268,0.00005,0.99983,0.02649,0.01835,-0.03238,0.99896,1.00,0.01807,-0.02975,0.00054,0.99939,0.02561,-0.00871,-0.03211,0.99912,1.00
4982,0.00860,0.02185,-0.03214,0.99921,0.01815,-0.00275,0.00005,0.99983,0.02665,0.01852,-0.03251,0.99894,1.00,0.01813,-0.02982,0.00054,0.99939,0.02576,-0.00854,-0.03223,0.99911,1.00
4994,0.00871,0.02203,-0.03226,0.99920,0.01805,-0.00292,0.00005,0.99983,0.02665,0.01852,-0.03263,0.99894,1.00,0.01803,-0.02999,0.00054,0.99939,0.02577,-0.00854,-0.03236,0.99911,1.00
5005,0.00884,0.02221,-0.03229,0.99919,0.01723,-0.00311,0.00005,0.99985,0.02596,0.01854,-0.03264,0.99896,1.00,0.01721,-0.03018,0.00052,0.99940,0.02507,-0.00852,-0.03240,0.99912,1.00
5015,0.00903,0.02236,-0.03226,0.99919,0.01705,-0.00326,0.00006,0.99985,0.02596,0.01854,-0.03261,0.99896,1.00,0.01703,-0.03033,0.00052,0.99939,0.02507,-0.00852,-0.03237,0.99913,1.00
5027,0.00921,0.02247,-0.03224,0.99919,0.01705,-0.00315,0.00005,0.99985,0.02615,0.01877,-0.03260,0.99895,1.00,0.01702,-0.03022,0.00051,0.99940,0.02525,-0.00829,-0.03237,0.99912,1.00
5037,0.00924,0.02254,-0.03221,0.99918,0.01760,-0.00300,0.00005,0.99984,0.02672,0.01897,-0.03258,0.99893,1.00,0.01756,-0.03008,0.00053,0.99939,0.02582,-0.00810,-0.03234,0.99911,1.00
5048,0.00929,0.02256,-0.03209,0.99919,0.01775,-0.00333,0.00006,0.99984,0.02692,0.01866,-0.03245,0.99894,1.00,0.01770,-0.03040,0.00054,0.99938,0.02601,-0.00840,-0.03221,0.99911,1.00
5060,0.00931,0.02260,-0.03207,0.99919,0.01773,-0.00336,0.00006,0.99984,0.02692,0.01866,-0.03244,0.99894,1.00,0.01768,-0.03043,0.00054,0.99938,0.02601,-0.00840,-0.03220,0.99911,1.00
5071,0.00929,0.02257,-0.03200,0.99919,0.01690,-0.00300,0.00005,0.99985,0.02608,0.01902,-0.03235,0.99896,1.00,0.01686,-0.03007,0.00051,0.99941,0.02517,-0.00804,-0.03213,0.99913,1.00
5081,0.00940,0.02249,-0.03197,0.99919,0.01687,-0.00284,0.00005,0.99985,0.02616,0.01911,-0.03232,0.99895,1.00,0.01682,-0.02991,0.00050,0.99941,0.02526,-0.00795,-0.03211,0.99913,1.00
5093,0.00951,0.02237,-0.03192,0.99919,0.01676,-0.00272,0.00005,0.99986,0.02617,0.01911,-0.03227,0.99895,1.00,0.01671,-0.02979,0.00050,0.99942,0.02526,-0.00795,-0.03206,0.99914,1.00
5104,0.00956,0.02226,-0.03192,0.99920,0.01523,-0.00266,0.00004,0.99988,0.02470,0.01911,-0.03224,0.99899,1.00,0.01519,-0.02973,0.00045,0.99944,0.02380,-0.00794,-0.03207,0.99917,1.00
5115,0.00954,0.02212,-0.03199,0.99920,0.01709,-0.00448,0.00008,0.99984,0.02647,0.01710,-0.03233,0.99898,1.00,0.01704,-0.03154,0.00054,0.99936,0.02557,-0.00996,-0.03211,0.99911,1.00
5127,0.00955,0.02209,-0.03217,0.99919,0.01708,-0.00444,0.00008,0.99984,0.02647,0.01710,-0.03251,0.99897,1.00,0.01704,-0.03150,0.00054,0.99936,0.02557,-0.00996,-0.03229,0.99910,1.00
5138,0.00948,0.02210,-0.03244,0.99918,0.01722,-0.00455,0.00008,0.99984,0.02654,0.01700,-0.03278,0.99897,1.00,0.01720,-0.03161,0.00054,0.99935,0.02565,-0.01006,-0.03256,0.99909,1.00
5148,0.00945,0.02210,-0.03249,0.99918,0.01751,-0.00246,0.00004,0.99984,0.02686,0.01906,-0.03285,0.99892,1.00,0.01749,-0.02953,0.00052,0.99941,0.02597,-0.00800,-0.03262,0.99910,1.00
5160,0.00935,0.02217,-0.03252,0.99918,0.01761,-0.00253,0.00004,0.99984,0.02686,0.01906,-0.03289,0.99892,1.00,0.01760,-0.02960,0.00052,0.99941,0.02597,-0.00800,-0.03265,0.99910,1.00
5171,0.00927,0.02233,-0.03253,0.99918,0.01816,-0.00274,0.00005,0.99983,0.02733,0.01899,-0.03291,0.99890,1.00,0.01814,-0.02982,0.00054,0.99939,0.02643,-0.00807,-0.03265,0.99908,1.00
5181,0.00931,0.02248,-0.03259,0.99917,0.01758,-0.00429,0.00008,0.99984,0.02673,0.01761,-0.03294,0.99894,1.00,0.01755,-0.03136,0.00055,0.99935,0.02583,-0.00945,-0.03270,0.99909,1.00
5193,0.00944,0.02275,-0.03262,0.99916,0.01746,-0.00456,0.00008,0.99984,0.02673,0.01761,-0.03297,0.99894,1.00,0.01743,-0.03163,0.00055,0.99935,0.02583,-0.00945,-0.03274,0.99909,1.00
5204,0.00949,0.02295,-0.03275,0.99915,0.01785,-0.00465,0.00008,0.99983,0.02717,0.01772,-0.03312,0.99892,1.00,0.01782,-0.03171,0.00057,0.99934,0.02626,-0.00934,-0.03288,0.99907,1.00
5215,0.00946,0.02310,-0.03285,0.99915,0.01794,-0.00438,0.00008,0.99983,0.02724,0.01813,-0.03322,0.99891,1.00,0.01792,-0.03145,0.00056,0.99934,0.02633,-0.00893,-0.03297,0.99907,1.00
5227,0.00922,0.02319,-0.03290,0.99915,0.01819,-0.00445,0.00008,0.99982,0.02724,0.01813,-0.03328,0.99891,1.00,0.01816,-0.03152,0.00057,0.99934,0.02633,-0.00893,-0.03302,0.99907,1.00
5238,0.00879,0.02326,-0.03293,0.99915,0.01863,-0.00428,0.00008,0.99982,0.02726,0.01836,-0.03331,0.99890,1.00,0.01861,-0.03135,0.00058,0.99934,0.02635,-0.00870,-0.03303,0.99907,1.00
5249,0.00843,0.02337,-0.03300,0.99915,0.01877,-0.00419,0.00008,0.99982,0.02705,0.01856,-0.03339,0.99890,1.00,0.01874,-0.03126,0.00059,0.99934,0.02613,-0.00850,-0.03309,0.99907,1.00
5261,0.00817,0.02345,-0.03296,0.99915,0.01903,-0.00426,0.00008,0.99981,0.02705,0.01856,-0.03335,0.99891,1.00,0.01900,-0.03133,0.00060,0.99933,0.02613,-0.00850,-0.03304,0.99908,1.00
5271,0.00809,0.02359,-0.03307,0.99914,0.01847,-0.00429,0.00008,0.99982,0.02639,0.01869,-0.03346,0.99892,1.00,0.01843,-0.03136,0.00058,0.99934,0.02548,-0.00837,-0.03316,0.99909,1.00
5282,0.00793,0.02361,-0.03313,0.99914,0.01826,-0.00405,0.00007,0.99983,0.02604,0.01895,-0.03351,0.99892,1.00,0.01822,-0.03112,0.00057,0.99935,0.02512,-0.00811,-0.03322,0.99910,1.00
5294,0.00776,0.02371,-0.03319,0.99914,0.01843,-0.00414,0.00008,0.99982,0.02604,0.01895,-0.03357,0.99892,1.00,0.01840,-0.03121,0.00057,0.99934,0.02512,-0.00811,-0.03327,0.99910,1.00
5304,0.00757,0.02369,-0.03317,0.99914,0.02078,-0.00404,0.00008,0.99978,0.02820,0.01896,-0.03360,0.99886,1.00,0.02074,-0.03112,0.00065,0.99930,0.02727,-0.00811,-0.03323,0.99904,1.00
5315,0.00736,0.02365,-0.03318,0.99914,0.02070,-0.00338,0.00007,0.99978,0.02794,0.01958,-0.03362,0.99885,1.00,0.02066,-0.03045,0.00063,0.99932,0.02701,-0.00748,-0.03324,0.99905,1.00
5328,0.00712,0.02364,-0.03325,0.99914,0.02094,-0.00336,0.00007,0.99978,0.02794,0.01958,-0.03369,0.99885,1.00,0.02091,-0.03044,0.00064,0.99932,0.02701,-0.00748,-0.03331,0.99905,1.00
5338,0.00684,0.02365,-0.03329,0.99914,0.02095,-0.00435,0.00009,0.99977,0.02762,0.01860,-0.03371,0.99888,1.00,0.02091,-0.03143,0.00066,0.99929,0.02669,-0.00847,-0.03331,0.99905,1.00
5349,0.00661,0.02362,-0.03336,0.99914,0.02006,-0.00484,0.00010,0.99979,0.02650,0.01811,-0.03377,0.99891,1.00,0.02002,-0.03191,0.00064,0.99929,0.02556,-0.00895,-0.03339,0.99908,1.00
5360,0.00645,0.02358,-0.03340,0.99914,0.02022,-0.00479,0.00010,0.99978,0.02650,0.01811,-0.03381,0.99891,1.00,0.02018,-0.03186,0.00064,0.99929,0.02556,-0.00895,-0.03342,0.99907,1.00
5372,0.00646,0.02355,-0.03338,0.99914,0.02097,-0.00478,0.00010,0.99977,0.02725,0.01807,-0.03380,0.99889,1.00,0.02093,-0.03185,0.00067,0.99927,0.02631,-0.00899,-0.03339,0.99906,1.00
5382,0.00649,0.02344,-0.03334,0.99915,0.01954,-0.00171,0.00003,0.99981,0.02596,0.02107,-0.03377,0.99887,1.00,0.01950,-0.02879,0.00056,0.99940,0.02503,-0.00599,-0.03341,0.99911,1.00
5394,0.00647,0.02343,-0.03332,0.99915,0.01956,-0.00170,0.00003,0.99981,0.02596,0.02107,-0.03375,0.99887,1.00,0.01952,-0.02878,0.00056,0.99940,0.02503,-0.00599,-0.03338,0.99911,1.00
5405,0.00657,0.02336,-0.03331,0.99915,0.01722,0.00224,-0.00004,0.99985,0.02385,0.02503,-0.03373,0.99883,1.00,0.01719,-0.02483,0.00043,0.99954,0.02293,-0.00204,-0.03343,0.99918,1.00
5416,0.00663,0.02334,-0.03331,0.99915,0.01598,0.00232,-0.00004,0.99987,0.02267,0.02512,-0.03370,0.99886,1.00,0.01595,-0.02475,0.00040,0.99957,0.02175,-0.00194,-0.03344,0.99920,1.00
5427,0.00658,0.02335,-0.03340,0.99915,0.01602,0.00232,-0.00004,0.99987,0.02267,0.02512,-0.03379,0.99886,1.00,0.01600,-0.02476,0.00040,0.99957,0.02175,-0.00194,-0.03352,0.99920,1.00
5438,0.00646,0.02340,-0.03351,0.99914,0.01616,0.00221,-0.00004,0.99987,0.02267,0.02507,-0.03390,0.99885,1.00,0.01614,-0.02486,0.00040,0.99956,0.02176,-0.00200,-0.03363,0.99920,1.00
5449,0.00645,0.02343,-0.03350,0.99914,0.01615,0.00240,-0.00004,0.99987,0.02266,0.02529,-0.03390,0.99885,1.00,0.01613,-0.02467,0.00040,0.99957,0.02174,-0.00178,-0.03363,0.99920,1.00
5461,0.00656,0.02342,-0.03340,0.99915,0.01604,0.00240,-0.00004,0.99987,0.02266,0.02529,-0.03379,0.99885,1.00,0.01601,-0.02468,0.00040,0.99957,0.02174,-0.00178,-0.03353,0.99920,1.00
5471,0.00672,0.02344,-0.03333,0.99915,0.01665,0.00238,-0.00004,0.99986,0.02343,0.02526,-0.03374,0.99884,1.00,0.01662,-0.02470,0.00041,0.99956,0.02251,-0.00181,-0.03346,0.99919,1.00
5482,0.00687,0.02347,-0.03331,0.99915,0.01712,0.00150,-0.00003,0.99985,0.02402,0.02440,-0.03372,0.99884,1.00,0.01709,-0.02558,0.00044,0.99953,0.02310,-0.00267,-0.03343,0.99917,1.00
5494,0.00695,0.02347,-0.03333,0.99914,0.01704,0.00150,-0.00003,0.99985,0.02402,0.02440,-0.03374,0.99884,1.00,0.01701,-0.02558,0.00044,0.99953,0.02310,-0.00267,-0.03346,0.99917,1.00
5504,0.00692,0.02345,-0.03339,0.99914,0.01661,0.00154,-0.00003,0.99986,0.02357,0.02443,-0.03379,0.99885,1.00,0.01658,-0.02554,0.00042,0.99954,0.02264,-0.00263,-0.03351,0.99918,1.00
5515,0.00680,0.02340,-0.03348,0.99914,0.01506,0.00186,-0.00003,0.99988,0.02191,0.02476,-0.03385,0.99888,1.00,0.01504,-0.02521,0.00038,0.99957,0.02100,-0.00231,-0.03361,0.99921,1.00
5527,0.00669,0.02339,-0.03361,0.99914,0.01517,0.00188,-0.00003,0.99988,0.02191,0.02476,-0.03398,0.99888,1.00,0.01516,-0.02520,0.00038,0.99957,0.02100,-0.00230,-0.03374,0.99921,1.00
5538,0.00669,0.02335,-0.03377,0.99913,0.01517,0.00210,-0.00003,0.99988,0.02192,0.02493,-0.03414,0.99887,1.00,0.01517,-0.02497,0.00038,0.99957,0.02101,-0.00213,-0.03390,0.99920,1.00
5549,0.00679,0.02333,-0.03389,0.99913,0.01498,0.00254,-0.00004,0.99988,0.02185,0.02536,-0.03425,0.99885,1.00,0.01498,-0.02454,0.00037,0.99959,0.02093,-0.00171,-0.03402,0.99920,1.00
5560,0.00696,0.02328,-0.03388,0.99913,0.01482,0.00259,-0.00004,0.99989,0.02185,0.02536,-0.03424,0.99885,1.00,0.01482,-0.02449,0.00036,0.99959,0.02093,-0.00171,-0.03402,0.99920,1.00
5571,0.00708,0.02327,-0.03381,0.99913,0.01659,0.00255,-0.00004,0.99986,0.02375,0.02525,-0.03422,0.99881,1.00,0.01658,-0.02453,0.00041,0.99956,0.02282,-0.00181,-0.03395,0.99916,1.00
5582,0.00722,0.02320,-0.03371,0.99914,0.01700,0.00257,-0.00004,0.99985,0.02429,0.02519,-0.03412,0.99880,1.00,0.01697,-0.02451,0.00042,0.99956,0.02336,-0.00187,-0.03385,0.99915,1.00
5594,0.00730,0.02319,-0.03366,0.99914,0.01692,0.00257,-0.00004,0.99985,0.02429,0.02519,-0.03408,0.99881,1.00,0.01689,-0.02451,0.00041,0.99956,0.02336,-0.00187,-0.03381,0.99915,1.00
5605,0.00729,0.02311,-0.03370,0.99914,0.01707,0.00085,-0.00001,0.99985,0.02437,0.02337,-0.03410,0.99885,1.00,0.01704,-0.02623,0.00045,0.99951,0.02344,-0.00369,-0.03382,0.99915,1.00
5616,0.00717,0.02303,-0.03370,0.99914,0.01635,0.00279,-0.00005,0.99986,0.02359,0.02526,-0.03409,0.99882,1.00,0.01632,-0.02429,0.00040,0.99957,0.02266,-0.00180,-0.03384,0.99917,1.00
5628,0.00705,0.02290,-0.03363,0.99915,0.01646,0.00293,-0.00005,0.99986,0.02359,0.02526,-0.03403,0.99882,1.00,0.01643,-0.02415,0.00040,0.99957,0.02266,-0.00180,-0.03377,0.99917,1.00
5638,0.00701,0.02266,-0.03351,0.99916,0.01652,0.00325,-0.00005,0.99986,0.02363,0.02535,-0.03391,0.99882,1.00,0.01649,-0.02383,0.00039,0.99958,0.02269,-0.00172,-0.03364,0.99917,1.00
5649,0.00715,0.02251,-0.03349,0.99916,0.01663,0.00325,-0.00005,0.99986,0.02386,0.02520,-0.03389,0.99882,1.00,0.01659,-0.02383,0.00040,0.99958,0.02293,-0.00186,-0.03363,0.99917,1.00
5661,0.00721,0.02232,-0.03348,0.99916,0.01655,0.00344,-0.00006,0.99986,0.02386,0.02520,-0.03388,0.99882,1.00,0.01652,-0.02364,0.00039,0.99958,0.02293,-0.00186,-0.03361,0.99917,1.00
5672,0.00725,0.02215,-0.03355,0.99917,0.01656,0.00182,-0.00003,0.99986,0.02386,0.02341,-0.03393,0.99887,1.00,0.01653,-0.02526,0.00042,0.99954,0.02293,-0.00366,-0.03367,0.99916,1.00
5682,0.00733,0.02200,-0.03352,0.99917,0.01709,0.00174,-0.00003,0.99985,0.02446,0.02316,-0.03391,0.99886,1.00,0.01706,-0.02534,0.00043,0.99953,0.02353,-0.00390,-0.03364,0.99915,1.00
5694,0.00731,0.02181,-0.03355,0.99917,0.01710,0.00193,-0.00003,0.99985,0.02446,0.02316,-0.03394,0.99886,1.00,0.01707,-0.02514,0.00043,0.99954,0.02353,-0.00390,-0.03367,0.99915,1.00
5705,0.00716,0.02168,-0.03358,0.99918,0.01732,0.00314,-0.00005,0.99985,0.02457,0.02422,-0.03398,0.99883,1.00,0.01729,-0.02394,0.00041,0.99956,0.02364,-0.00284,-0.03369,0.99915,1.00
5716,0.00700,0.02159,-0.03374,0.99917,0.01751,0.00338,-0.00006,0.99984,0.02461,0.02437,-0.03415,0.99882,1.00,0.01750,-0.02370,0.00041,0.99957,0.02369,-0.00270,-0.03386,0.99914,1.00
5728,0.00680,0.02156,-0.03404,0.99916,0.01770,0.00343,-0.00006,0.99984,0.02460,0.02438,-0.03446,0.99881,1.00,0.01770,-0.02365,0.00042,0.99956,0.02369,-0.00269,-0.03415,0.99913,1.00
5738,0.00679,0.02160,-0.03427,0.99916,0.01573,0.00277,-0.00004,0.99987,0.02259,0.02383,-0.03463,0.99886,1.00,0.01574,-0.02430,0.00038,0.99958,0.02168,-0.00323,-0.03438,0.99917,1.00
5749,0.00677,0.02155,-0.03445,0.99915,0.01676,0.00332,-0.00006,0.99985,0.02363,0.02428,-0.03484,0.99882,1.00,0.01677,-0.02376,0.00040,0.99958,0.02272,-0.00278,-0.03456,0.99914,1.00
5761,0.00683,0.02160,-0.03460,0.99914,0.01670,0.00327,-0.00005,0.99986,0.02363,0.02429,-0.03499,0.99881,1.00,0.01672,-0.02381,0.00040,0.99958,0.02272,-0.00278,-0.03471,0.99914,1.00
5771,0.00689,0.02172,-0.03470,0.99914,0.01654,0.00284,-0.00005,0.99986,0.02351,0.02398,-0.03508,0.99882,1.00,0.01655,-0.02424,0.00040,0.99957,0.02259,-0.00308,-0.03481,0.99913,1.00
5782,0.00680,0.02180,-0.03483,0.99913,0.01717,0.00296,-0.00005,0.99985,0.02405,0.02416,-0.03523,0.99880,1.00,0.01717,-0.02412,0.00041,0.99956,0.02312,-0.00291,-0.03494,0.99912,1.00
5794,0.00667,0.02198,-0.03504,0.99912,0.01730,0.00279,-0.00005,0.99985,0.02405,0.02416,-0.03544,0.99879,1.00,0.01732,-0.02429,0.00042,0.99955,0.02312,-0.00291,-0.03514,0.99911,1.00
5804,0.00656,0.02206,-0.03516,0.99912,0.01738,0.00427,-0.00007,0.99984,0.02408,0.02571,-0.03559,0.99875,1.00,0.01740,-0.02281,0.00040,0.99959,0.02315,-0.00136,-0.03529,0.99911,1.00
5816,0.00655,0.02219,-0.03529,0.99911,0.01665,0.00516,-0.00009,0.99985,0.02336,0.02675,-0.03570,0.99873,1.00,0.01666,-0.02193,0.00037,0.99962,0.02243,-0.00032,-0.03542,0.99912,1.00
5828,0.00655,0.02219,-0.03535,0.99911,0.01665,0.00516,-0.00009,0.99985,0.02336,0.02675,-0.03577,0.99873,1.00,0.01667,-0.02193,0.00037,0.99962,0.02243,-0.00032,-0.03548,0.99912,1.00
5838,0.00660,0.02218,-0.03537,0.99911,0.01465,0.00439,-0.00006,0.99988,0.02140,0.02605,-0.03573,0.99879,1.00,0.01466,-0.02269,0.00033,0.99964,0.02045,-0.00102,-0.03550,0.99916,1.00
5849,0.00662,0.02217,-0.03543,0.99910,0.01458,0.00424,-0.00006,0.99988,0.02134,0.02589,-0.03578,0.99880,1.00,0.01458,-0.02284,0.00033,0.99963,0.02038,-0.00118,-0.03555,0.99916,1.00
5861,0.00668,0.02212,-0.03540,0.99911,0.01452,0.00429,-0.00006,0.99989,0.02134,0.02589,-0.03576,0.99880,1.00,0.01451,-0.02279,0.00033,0.99963,0.02038,-0.00118,-0.03553,0.99916,1.00
5871,0.00672,0.02198,-0.03543,0.99911,0.03327,0.00448,-0.00015,0.99944,0.04010,0.02526,-0.03626,0.99822,1.00,0.03323,-0.02263,0.00075,0.99919,0.03913,-0.00184,-0.03553,0.99860,1.00
5883,0.00676,0.02181,-0.03547,0.99911,0.04336,0.01642,-0.00071,0.99892,0.05064,0.03666,-0.03698,0.99736,1.00,0.04338,-0.01073,0.00047,0.99900,0.04973,0.00952,-0.03599,0.99807,1.00
5894,0.00680,0.02158,-0.03553,0.99911,0.04331,0.01665,-0.00072,0.99892,0.05064,0.03666,-0.03704,0.99736,1.00,0.04333,-0.01050,0.00046,0.99901,0.04973,0.00952,-0.03605,0.99807,1.00
5905,0.00681,0.02142,-0.03564,0.99911,0.04491,0.01671,-0.00075,0.99885,0.05226,0.03650,-0.03720,0.99727,1.00,0.04494,-0.01045,0.00047,0.99893,0.05135,0.00936,-0.03617,0.99798,1.00
5916,0.00675,0.02127,-0.03561,0.99912,0.04507,0.00027,-0.00001,0.99898,0.05178,0.01991,-0.03654,0.99779,1.00,0.04499,-0.02687,0.00121,0.99863,0.05076,-0.00722,-0.03549,0.99805,1.00
5928,0.00661,0.02112,-0.03565,0.99912,0.04520,0.00042,-0.00002,0.99898,0.05178,0.01991,-0.03658,0.99779,1.00,0.04512,-0.02672,0.00121,0.99862,0.05076,-0.00722,-0.03552,0.99805,1.00
5938,0.00650,0.02107,-0.03570,0.99912,0.02435,0.00025,-0.00001,0.99970,0.03083,0.02045,-0.03620,0.99866,1.00,0.02431,-0.02684,0.00065,0.99934,0.02984,-0.00663,-0.03571,0.99889,1.00
5950,0.00636,0.02094,-0.03572,0.99912,0.02363,-0.00347,0.00008,0.99971,0.02984,0.01662,-0.03615,0.99876,1.00,0.02358,-0.03055,0.00072,0.99925,0.02884,-0.01045,-0.03566,0.99889,1.00
5960,0.00639,0.02092,-0.03578,0.99912,0.02359,-0.00345,0.00008,0.99972,0.02984,0.01662,-0.03620,0.99876,1.00,0.02355,-0.03053,0.00072,0.99926,0.02884,-0.01045,-0.03572,0.99889,1.00
5971,0.00643,0.02086,-0.03579,0.99912,0.01625,-0.00052,0.00001,0.99987,0.02264,0.01975,-0.03612,0.99890,1.00,0.01622,-0.02760,0.00045,0.99949,0.02166,-0.00731,-0.03584,0.99910,1.00
5983,0.00651,0.02091,-0.03579,0.99912,0.01610,-0.00072,0.00001,0.99987,0.02256,0.01961,-0.03612,0.99890,1.00,0.01607,-0.02779,0.00045,0.99948,0.02157,-0.00745,-0.03584,0.99910,1.00
5994,0.00657,0.02101,-0.03572,0.99912,0.01604,-0.00083,0.00001,0.99987,0.02256,0.01961,-0.03605,0.99890,1.00,0.01601,-0.02790,0.00045,0.99948,0.02157,-0.00745,-0.03578,0.99910,1.00
6004,0.00659,0.02112,-0.03565,0.99912,0.01677,0.00018,0.00000,0.99986,0.02334,0.02069,-0.03600,0.99886,1.00,0.01673,-0.02690,0.00045,0.99950,0.02235,-0.00637,-0.03571,0.99909,1.00
6016,0.00645,0.02123,-0.03562,0.99912,0.01796,0.00008,0.00000,0.99984,0.02440,0.02067,-0.03600,0.99884,1.00,0.01792,-0.02699,0.00048,0.99947,0.02340,-0.00639,-0.03568,0.99907,1.00
6028,0.00634,0.02137,-0.03565,0.99912,0.01808,-0.00005,0.00000,0.99984,0.02440,0.02067,-0.03603,0.99884,1.00,0.01804,-0.02712,0.00049,0.99947,0.02340,-0.00639,-0.03570,0.99907,1.00
6037,0.00631,0.02150,-0.03564,0.99911,0.01809,-0.00029,0.00001,0.99984,0.02437,0.02057,-0.03602,0.99884,1.00,0.01805,-0.02736,0.00049,0.99946,0.02338,-0.00649,-0.03569,0.99907,1.00
6049,0.00635,0.02161,-0.03553,0.99911,0.01864,-0.00070,0.00001,0.99983,0.02494,0.02025,-0.03592,0.99884,1.00,0.01859,-0.02777,0.00052,0.99944,0.02394,-0.00682,-0.03557,0.99906,1.00
6061,0.00664,0.02166,-0.03526,0.99912,0.01835,-0.00077,0.00001,0.99983,0.02495,0.02024,-0.03565,0.99885,1.00,0.01830,-0.02784,0.00051,0.99944,0.02394,-0.00682,-0.03532,0.99907,1.00
6071,0.00687,0.02166,-0.03517,0.99912,0.01900,-0.00098,0.00002,0.99982,0.02581,0.02001,-0.03556,0.99883,1.00,0.01893,-0.02806,0.00053,0.99943,0.02481,-0.00706,-0.03522,0.99905,1.00
6082,0.00700,0.02175,-0.03516,0.99912,0.01887,-0.00108,0.00002,0.99982,0.02581,0.02000,-0.03555,0.99883,1.00,0.01881,-0.02816,0.00053,0.99943,0.02481,-0.00706,-0.03522,0.99905,1.00
6094,0.00692,0.02171,-0.03522,0.99912,0.01894,-0.00104,0.00002,0.99982,0.02581,0.02000,-0.03561,0.99883,1.00,0.01889,-0.02812,0.00053,0.99943,0.02481,-0.00706,-0.03528,0.99904,1.00
6105,0.00679,0.02173,-0.03524,0.99912,0.01925,-0.00146,0.00003,0.99981,0.02597,0.01959,-0.03564,0.99884,1.00,0.01920,-0.02854,0.00055,0.99941,0.02498,-0.00748,-0.03529,0.99904,1.00
6115,0.00660,0.02171,-0.03529,0.99912,0.01729,-0.00137,0.00002,0.99985,0.02383,0.01973,-0.03565,0.99889,1.00,0.01726,-0.02845,0.00049,0.99945,0.02285,-0.00733,-0.03535,0.99909,1.00
6127,0.00645,0.02175,-0.03547,0.99911,0.01744,-0.00140,0.00002,0.99985,0.02383,0.01973,-0.03583,0.99888,1.00,0.01742,-0.02847,0.00050,0.99944,0.02285,-0.00733,-0.03551,0.99908,1.00
6138,0.00641,0.02180,-0.03550,0.99911,0.01742,0.00099,-0.00002,0.99985,0.02385,0.02216,-0.03588,0.99883,1.00,0.01740,-0.02609,0.00045,0.99951,0.02288,-0.00490,-0.03557,0.99909,1.00
6149,0.00642,0.02186,-0.03545,0.99911,0.01709,0.00121,-0.00002,0.99985,0.02354,0.02246,-0.03583,0.99883,1.00,0.01707,-0.02587,0.00044,0.99952,0.02256,-0.00461,-0.03553,0.99910,1.00
6161,0.00656,0.02191,-0.03532,0.99911,0.01695,0.00115,-0.00002,0.99986,0.02354,0.02245,-0.03570,0.99883,1.00,0.01692,-0.02593,0.00044,0.99952,0.02256,-0.00461,-0.03541,0.99911,1.00
6172,0.00675,0.02200,-0.03517,0.99912,0.01747,0.00083,-0.00001,0.99985,0.02424,0.02221,-0.03555,0.99883,1.00,0.01743,-0.02625,0.00046,0.99950,0.02325,-0.00485,-0.03525,0.99910,1.00
6182,0.00697,0.02207,-0.03501,0.99912,0.01653,0.00102,-0.00002,0.99986,0.02352,0.02251,-0.03538,0.99884,1.00,0.01648,-0.02605,0.00043,0.99952,0.02253,-0.00455,-0.03511,0.99912,1.00
6193,0.00705,0.02219,-0.03493,0.99912,0.01646,0.00090,-0.00001,0.99986,0.02352,0.02251,-0.03530,0.99885,1.00,0.01641,-0.02618,0.00043,0.99952,0.02253,-0.00455,-0.03503,0.99912,1.00
6205,0.00698,0.02225,-0.03483,0.99912,0.01742,0.00051,-0.00001,0.99985,0.02440,0.02215,-0.03522,0.99884,1.00,0.01737,-0.02657,0.00046,0.99950,0.02341,-0.00491,-0.03493,0.99910,1.00
6216,0.00690,0.02232,-0.03464,0.99913,0.01674,0.00056,-0.00001,0.99986,0.02364,0.02230,-0.03502,0.99886,1.00,0.01668,-0.02652,0.00044,0.99951,0.02266,-0.00476,-0.03474,0.99913,1.00
6228,0.00684,0.02239,-0.03446,0.99913,0.01681,0.00049,-0.00001,0.99986,0.02365,0.02229,-0.03483,0.99886,1.00,0.01675,-0.02659,0.00045,0.99951,0.02266,-0.00477,-0.03455,0.99913,1.00
6238,0.00690,0.02242,-0.03431,0.99914,0.01758,0.00053,-0.00001,0.99985,0.02448,0.02234,-0.03471,0.99885,1.00,0.01752,-0.02655,0.00047,0.99949,0.02349,-0.00472,-0.03440,0.99912,1.00
6249,0.00702,0.02243,-0.03420,0.99914,0.01744,0.00022,0.00000,0.99985,0.02446,0.02205,-0.03459,0.99886,1.00,0.01738,-0.02685,0.00047,0.99949,0.02348,-0.00501,-0.03429,0.99912,1.00
6261,0.00714,0.02242,-0.03414,0.99914,0.01733,0.00022,0.00000,0.99985,0.02446,0.02205,-0.03453,0.99886,1.00,0.01727,-0.02685,0.00046,0.99949,0.02348,-0.00501,-0.03424,0.99913,1.00
6272,0.00724,0.02239,-0.03406,0.99914,0.01725,0.00084,-0.00001,0.99985,0.02450,0.02263,-0.03445,0.99885,1.00,0.01720,-0.02624,0.00045,0.99951,0.02354,-0.00443,-0.03417,0.99913,1.00
6283,0.00728,0.02232,-0.03396,0.99915,0.01774,0.00045,-0.00001,0.99984,0.02502,0.02217,-0.03435,0.99885,1.00,0.01769,-0.02662,0.00047,0.99949,0.02406,-0.00489,-0.03406,0.99912,1.00
6294,0.00724,0.02230,-0.03388,0.99915,0.01778,0.00047,-0.00001,0.99984,0.02502,0.02217,-0.03427,0.99885,1.00,0.01772,-0.02661,0.00047,0.99949,0.02406,-0.00490,-0.03397,0.99912,1.00
6305,0.00710,0.02220,-0.03382,0.99916,0.01805,0.00081,-0.00001,0.99984,0.02516,0.02240,-0.03422,0.99885,1.00,0.01800,-0.02626,0.00047,0.99949,0.02420,-0.00467,-0.03391,0.99912,1.00
6316,0.00699,0.02214,-0.03389,0.99916,0.01915,-0.00016,0.00000,0.99982,0.02612,0.02132,-0.03431,0.99884,1.00,0.01910,-0.02724,0.00052,0.99945,0.02516,-0.00574,-0.03397,0.99909,1.00
6328,0.00691,0.02212,-0.03409,0.99915,0.01922,-0.00013,0.00000,0.99982,0.02611,0.02133,-0.03451,0.99884,1.00,0.01919,-0.02721,0.00052,0.99945,0.02516,-0.00574,-0.03416,0.99908,1.00
6338,0.00689,0.02207,-0.03423,0.99915,0.01919,-0.00015,0.00000,0.99982,0.02605,0.02126,-0.03464,0.99883,1.00,0.01916,-0.02722,0.00052,0.99945,0.02511,-0.00581,-0.03430,0.99908,1.00
6349,0.00685,0.02204,-0.03427,0.99915,0.01882,-0.00019,0.00000,0.99982,0.02564,0.02120,-0.03468,0.99884,1.00,0.01880,-0.02727,0.00051,0.99945,0.02470,-0.00586,-0.03434,0.99909,1.00
6361,0.00687,0.02205,-0.03420,0.99915,0.01880,-0.00021,0.00000,0.99982,0.02565,0.02120,-0.03460,0.99885,1.00,0.01877,-0.02729,0.00051,0.99945,0.02470,-0.00587,-0.03427,0.99909,1.00
6371,0.00692,0.02206,-0.03414,0.99915,0.01870,-0.00060,0.00001,0.99983,0.02557,0.02081,-0.03454,0.99886,1.00,0.01866,-0.02768,0.00052,0.99944,0.02462,-0.00625,-0.03420,0.99909,1.00
6383,0.00699,0.02212,-0.03412,0.99915,0.01941,-0.00117,0.00002,0.99981,0.02635,0.02029,-0.03453,0.99885,1.00,0.01937,-0.02824,0.00055,0.99941,0.02539,-0.00677,-0.03418,0.99907,1.00
6394,0.00692,0.02219,-0.03412,0.99915,0.01949,-0.00123,0.00002,0.99981,0.02635,0.02029,-0.03453,0.99885,1.00,0.01945,-0.02830,0.00055,0.99941,0.02539,-0.00677,-0.03418,0.99907,1.00
6406,0.00679,0.02224,-0.03413,0.99915,0.02168,-0.00310,0.00007,0.99976,0.02834,0.01839,-0.03456,0.99883,1.00,0.02163,-0.03018,0.00065,0.99931,0.02738,-0.00867,-0.03414,0.99900,1.00
6416,0.00665,0.02229,-0.03407,0.99915,0.02179,-0.00527,0.00011,0.99975,0.02824,0.01628,-0.03447,0.99887,1.00,0.02173,-0.03234,0.00070,0.99924,0.02727,-0.01079,-0.03404,0.99899,1.00
6428,0.00652,0.02229,-0.03397,0.99915,0.02192,-0.00527,0.00012,0.99975,0.02824,0.01627,-0.03437,0.99888,1.00,0.02186,-0.03234,0.00071,0.99924,0.02727,-0.01079,-0.03394,0.99899,1.00
6439,0.00639,0.02227,-0.03383,0.99916,0.01946,-0.00536,0.00010,0.99980,0.02566,0.01625,-0.03419,0.99895,1.00,0.01940,-0.03243,0.00063,0.99929,0.02469,-0.01081,-0.03382,0.99906,1.00
6450,0.00632,0.02227,-0.03376,0.99916,0.01800,-0.00532,0.00010,0.99982,0.02412,0.01635,-0.03409,0.99899,1.00,0.01794,-0.03238,0.00058,0.99931,0.02316,-0.01071,-0.03376,0.99910,1.00
6461,0.00618,0.02217,-0.03371,0.99917,0.01814,-0.00521,0.00009,0.99982,0.02413,0.01634,-0.03404,0.99900,1.00,0.01807,-0.03227,0.00058,0.99932,0.02316,-0.01071,-0.03370,0.99911,1.00
6472,0.00616,0.02209,-0.03372,0.99917,0.01941,-0.00478,0.00009,0.99980,0.02539,0.01666,-0.03408,0.99896,1.00,0.01935,-0.03185,0.00062,0.99931,0.02442,-0.01040,-0.03371,0.99908,1.00
6483,0.00611,0.02195,-0.03374,0.99917,0.01994,-0.00467,0.00009,0.99979,0.02588,0.01660,-0.03411,0.99895,1.00,0.01989,-0.03174,0.00063,0.99930,0.02492,-0.01045,-0.03372,0.99907,1.00
6494,0.00620,0.02173,-0.03382,0.99917,0.01985,-0.00445,0.00009,0.99979,0.02588,0.01661,-0.03419,0.99894,1.00,0.01979,-0.03152,0.00062,0.99931,0.02492,-0.01045,-0.03380,0.99906,1.00
6505,0.00613,0.02158,-0.03381,0.99918,0.01981,-0.00451,0.00009,0.99979,0.02577,0.01640,-0.03417,0.99895,1.00,0.01976,-0.03157,0.00062,0.99931,0.02481,-0.01066,-0.03378,0.99906,1.00
6517,0.00592,0.02142,-0.03385,0.99918,0.01854,-0.00450,0.00008,0.99982,0.02429,0.01629,-0.03419,0.99899,1.00,0.01849,-0.03156,0.00058,0.99933,0.02333,-0.01077,-0.03383,0.99910,1.00
6528,0.00573,0.02134,-0.03387,0.99918,0.01872,-0.00441,0.00008,0.99982,0.02429,0.01629,-0.03420,0.99899,1.00,0.01867,-0.03148,0.00059,0.99933,0.02333,-0.01077,-0.03384,0.99910,1.00
6539,0.00570,0.02124,-0.03381,0.99919,0.01866,-0.00370,0.00007,0.99982,0.02422,0.01691,-0.03415,0.99898,1.00,0.01861,-0.03077,0.00057,0.99935,0.02327,-0.01015,-0.03378,0.99911,1.00
6550,0.00569,0.02123,-0.03386,0.99918,0.01962,-0.00297,0.00006,0.99980,0.02519,0.01759,-0.03423,0.99894,1.00,0.01958,-0.03005,0.00059,0.99936,0.02424,-0.00947,-0.03384,0.99909,1.00
6561,0.00573,0.02115,-0.03382,0.99919,0.01957,-0.00290,0.00006,0.99980,0.02519,0.01759,-0.03419,0.99894,1.00,0.01953,-0.02997,0.00059,0.99936,0.02424,-0.00947,-0.03380,0.99909,1.00
6572,0.00579,0.02114,-0.03382,0.99919,0.01940,-0.00311,0.00006,0.99981,0.02506,0.01738,-0.03418,0.99895,1.00,0.01935,-0.03018,0.00058,0.99936,0.02411,-0.00968,-0.03379,0.99909,1.00
6584,0.00577,0.02110,-0.03380,0.99919,0.01954,-0.00318,0.00006,0.99980,0.02519,0.01726,-0.03416,0.99895,1.00,0.01949,-0.03025,0.00059,0.99935,0.02423,-0.00980,-0.03378,0.99909,1.00
6595,0.00573,0.02107,-0.03381,0.99919,0.01958,-0.00315,0.00006,0.99980,0.02519,0.01726,-0.03417,0.99895,1.00,0.01953,-0.03023,0.00059,0.99935,0.02423,-0.00980,-0.03378,0.99909,1.00
6606,0.00573,0.02107,-0.03383,0.99919,0.01996,-0.00322,0.00006,0.99980,0.02557,0.01717,-0.03420,0.99894,1.00,0.01991,-0.03030,0.00060,0.99934,0.02462,-0.00990,-0.03380,0.99908,1.00
6617,0.00578,0.02105,-0.03383,0.99919,0.01990,-0.00283,0.00006,0.99980,0.02556,0.01754,-0.03421,0.99893,1.00,0.01985,-0.02990,0.00059,0.99936,0.02461,-0.00952,-0.03381,0.99908,1.00
6628,0.00581,0.02099,-0.03380,0.99919,0.01986,-0.00278,0.00006,0.99980,0.02556,0.01754,-0.03417,0.99894,1.00,0.01981,-0.02985,0.00059,0.99936,0.02461,-0.00952,-0.03378,0.99908,1.00
6640,0.00588,0.02094,-0.03369,0.99920,0.01984,-0.00279,0.00006,0.99980,0.02561,0.01749,-0.03406,0.99894,1.00,0.01979,-0.02986,0.00059,0.99936,0.02466,-0.00958,-0.03367,0.99908,1.00
6650,0.00599,0.02090,-0.03362,0.99920,0.01895,-0.00251,0.00005,0.99982,0.02484,0.01775,-0.03398,0.99896,1.00,0.01890,-0.02958,0.00056,0.99938,0.02389,-0.00931,-0.03361,0.99911,1.00
6661,0.00614,0.02084,-0.03361,0.99920,0.01880,-0.00246,0.00005,0.99982,0.02484,0.01775,-0.03397,0.99896,1.00,0.01875,-0.02953,0.00055,0.99939,0.02389,-0.00931,-0.03361,0.99911,1.00
6673,0.00624,0.02079,-0.03368,0.99920,0.01804,-0.00246,0.00004,0.99983,0.02418,0.01772,-0.03403,0.99897,1.00,0.01799,-0.02953,0.00053,0.99940,0.02323,-0.00934,-0.03369,0.99912,1.00
6685,0.00623,0.02073,-0.03378,0.99920,0.01817,-0.00180,0.00003,0.99983,0.02432,0.01832,-0.03413,0.99895,1.00,0.01813,-0.02887,0.00052,0.99942,0.02338,-0.00874,-0.03379,0.99912,1.00
6696,0.00619,0.02061,-0.03394,0.99919,0.01820,-0.00166,0.00003,0.99983,0.02432,0.01832,-0.03429,0.99895,1.00,0.01818,-0.02874,0.00052,0.99942,0.02338,-0.00874,-0.03395,0.99911,1.00
6707,0.00618,0.02052,-0.03416,0.99919,0.01960,-0.00164,0.00003,0.99981,0.02570,0.01820,-0.03453,0.99891,1.00,0.01958,-0.02872,0.00056,0.99940,0.02477,-0.00886,-0.03416,0.99907,1.00
6718,0.00624,0.02050,-0.03440,0.99918,0.01959,-0.00367,0.00007,0.99980,0.02568,0.01616,-0.03475,0.99894,1.00,0.01957,-0.03074,0.00060,0.99934,0.02474,-0.01090,-0.03437,0.99904,1.00
6729,0.00622,0.02041,-0.03449,0.99918,0.01960,-0.00357,0.00007,0.99980,0.02568,0.01616,-0.03484,0.99893,1.00,0.01959,-0.03064,0.00060,0.99934,0.02475,-0.01090,-0.03446,0.99904,1.00
6740,0.00618,0.02048,-0.03454,0.99917,0.01968,-0.00384,0.00008,0.99980,0.02571,0.01595,-0.03489,0.99893,1.00,0.01966,-0.03091,0.00061,0.99933,0.02477,-0.01111,-0.03451,0.99904,1.00
6751,0.00620,0.02046,-0.03466,0.99917,0.01993,-0.00417,0.00008,0.99979,0.02597,0.01560,-0.03500,0.99893,1.00,0.01990,-0.03124,0.00062,0.99931,0.02501,-0.01146,-0.03461,0.99902,1.00
6761,0.00628,0.02051,-0.03475,0.99917,0.01985,-0.00422,0.00008,0.99979,0.02596,0.01561,-0.03510,0.99892,1.00,0.01983,-0.03129,0.00062,0.99931,0.02501,-0.01145,-0.03471,0.99902,1.00
6773,0.00646,0.02065,-0.03483,0.99916,0.01981,-0.00510,0.00010,0.99979,0.02607,0.01486,-0.03516,0.99893,1.00,0.01978,-0.03216,0.00064,0.99929,0.02511,-0.01220,-0.03478,0.99900,1.00
6785,0.00654,0.02076,-0.03493,0.99915,0.02023,-0.00519,0.00011,0.99978,0.02657,0.01486,-0.03527,0.99891,1.00,0.02020,-0.03226,0.00065,0.99928,0.02561,-0.01220,-0.03489,0.99899,1.00
6796,0.00647,0.02090,-0.03502,0.99915,0.02031,-0.00532,0.00011,0.99978,0.02657,0.01486,-0.03536,0.99891,1.00,0.02028,-0.03239,0.00066,0.99927,0.02561,-0.01220,-0.03497,0.99899,1.00
6808,0.00630,0.02095,-0.03504,0.99915,0.02057,-0.00346,0.00007,0.99978,0.02673,0.01676,-0.03542,0.99887,1.00,0.02054,-0.03054,0.00063,0.99932,0.02577,-0.01030,-0.03501,0.99900,1.00
6818,0.00614,0.02105,-0.03510,0.99914,0.02099,-0.00345,0.00007,0.99977,0.02699,0.01686,-0.03549,0.99886,1.00,0.02096,-0.03053,0.00064,0.99931,0.02602,-0.01020,-0.03507,0.99899,1.00
6829,0.00610,0.02109,-0.03513,0.99914,0.02103,-0.00349,0.00007,0.99977,0.02699,0.01686,-0.03552,0.99886,1.00,0.02100,-0.03057,0.00064,0.99931,0.02602,-0.01020,-0.03510,0.99899,1.00
6840,0.00604,0.02113,-0.03530,0.99914,0.02153,-0.00507,0.00011,0.99976,0.02737,0.01530,-0.03566,0.99887,1.00,0.02149,-0.03214,0.00069,0.99925,0.02639,-0.01176,-0.03523,0.99896,1.00
6851,0.00600,0.02112,-0.03546,0.99913,0.02189,-0.00493,0.00011,0.99975,0.02769,0.01541,-0.03583,0.99886,1.00,0.02186,-0.03201,0.00070,0.99925,0.02671,-0.01165,-0.03538,0.99895,1.00
6862,0.00593,0.02107,-0.03554,0.99913,0.02195,-0.00488,0.00011,0.99975,0.02769,0.01541,-0.03592,0.99885,1.00,0.02192,-0.03195,0.00070,0.99925,0.02671,-0.01165,-0.03547,0.99895,1.00
6873,0.00576,0.02104,-0.03560,0.99913,0.02158,-0.00313,0.00007,0.99976,0.02722,0.01714,-0.03600,0.99883,1.00,0.02156,-0.03021,0.00065,0.99931,0.02624,-0.00993,-0.03555,0.99897,1.00
6885,0.00553,0.02094,-0.03555,0.99913,0.02099,-0.00301,0.00006,0.99978,0.02640,0.01718,-0.03594,0.99886,1.00,0.02096,-0.03008,0.00063,0.99933,0.02541,-0.00988,-0.03550,0.99900,1.00
6896,0.00532,0.02074,-0.03553,0.99914,0.02119,-0.00280,0.00006,0.99977,0.02640,0.01718,-0.03592,0.99886,1.00,0.02116,-0.02988,0.00063,0.99933,0.02541,-0.00988,-0.03547,0.99900,1.00
6907,0.00506,0.02057,-0.03569,0.99914,0.01988,-0.00432,0.00009,0.99979,0.02477,0.01554,-0.03603,0.99892,1.00,0.01985,-0.03139,0.00062,0.99931,0.02378,-0.01152,-0.03561,0.99902,1.00
6918,0.00479,0.02038,-0.03600,0.99913,0.02132,-0.00423,0.00009,0.99976,0.02594,0.01538,-0.03635,0.99888,1.00,0.02129,-0.03130,0.00067,0.99928,0.02495,-0.01168,-0.03589,0.99898,1.00
6930,0.00458,0.02023,-0.03625,0.99913,0.02153,-0.00405,0.00009,0.99976,0.02594,0.01539,-0.03661,0.99887,1.00,0.02152,-0.03113,0.00067,0.99928,0.02496,-0.01167,-0.03614,0.99897,1.00
6940,0.00449,0.02011,-0.03639,0.99913,0.02245,-0.00380,0.00009,0.99974,0.02678,0.01549,-0.03676,0.99885,1.00,0.02243,-0.03088,0.00069,0.99927,0.02579,-0.01158,-0.03626,0.99894,1.00
6952,0.00455,0.02006,-0.03640,0.99913,0.02207,-0.00400,0.00009,0.99975,0.02646,0.01525,-0.03676,0.99886,1.00,0.02205,-0.03108,0.00069,0.99927,0.02546,-0.01181,-0.03627,0.99895,1.00
6963,0.00467,0.02007,-0.03637,0.99913,0.02196,-0.00401,0.00009,0.99975,0.02646,0.01525,-0.03673,0.99886,1.00,0.02193,-0.03109,0.00068,0.99928,0.02546,-0.01181,-0.03625,0.99895,1.00
6974,0.00468,0.02012,-0.03646,0.99912,0.02274,-0.00428,0.00010,0.99973,0.02725,0.01501,-0.03683,0.99884,1.00,0.02271,-0.03136,0.00071,0.99925,0.02624,-0.01206,-0.03632,0.99892,1.00
6986,0.00480,0.02030,-0.03659,0.99911,0.02256,-0.00291,0.00007,0.99974,0.02723,0.01655,-0.03699,0.99881,1.00,0.02253,-0.02999,0.00068,0.99930,0.02622,-0.01051,-0.03649,0.99893,1.00
6997,0.00490,0.02048,-0.03676,0.99910,0.02246,-0.00309,0.00007,0.99974,0.02723,0.01656,-0.03715,0.99880,1.00,0.02244,-0.03017,0.00068,0.99929,0.02622,-0.01051,-0.03666,0.99893,1.00
7008,0.00507,0.02061,-0.03691,0.99909,0.02232,-0.00322,0.00007,0.99975,0.02725,0.01656,-0.03731,0.99880,1.00,0.02230,-0.03030,0.00068,0.99929,0.02624,-0.01050,-0.03682,0.99892,1.00
7019,0.00514,0.02076,-0.03704,0.99908,0.02285,-0.00431,0.00010,0.99973,0.02782,0.01560,-0.03743,0.99879,1.00,0.02283,-0.03139,0.00072,0.99925,0.02680,-0.01147,-0.03693,0.99889,1.00
7030,0.00515,0.02085,-0.03721,0.99908,0.02285,-0.00440,0.00010,0.99973,0.02781,0.01560,-0.03760,0.99878,1.00,0.02283,-0.03147,0.00072,0.99924,0.02680,-0.01146,-0.03710,0.99889,1.00
7043,0.00514,0.02099,-0.03734,0.99907,0.02211,-0.00555,0.00012,0.99974,0.02702,0.01462,-0.03770,0.99882,1.00,0.02208,-0.03262,0.00072,0.99922,0.02600,-0.01244,-0.03722,0.99889,1.00
7053,0.00521,0.02100,-0.03743,0.99906,0.02213,-0.00423,0.00009,0.99975,0.02717,0.01594,-0.03781,0.99879,1.00,0.02211,-0.03131,0.00069,0.99927,0.02614,-0.01112,-0.03734,0.99890,1.00
7064,0.00533,0.02106,-0.03753,0.99906,0.02209,-0.00395,0.00009,0.99975,0.02725,0.01628,-0.03792,0.99878,1.00,0.02206,-0.03103,0.00068,0.99927,0.02621,-0.01079,-0.03745,0.99890,1.00
7076,0.00547,0.02105,-0.03761,0.99906,0.02194,-0.00394,0.00009,0.99975,0.02724,0.01628,-0.03800,0.99877,1.00,0.02191,-0.03102,0.00068,0.99928,0.02621,-0.01078,-0.03753,0.99889,1.00
7087,0.00539,0.02106,-0.03775,0.99905,0.02284,-0.00329,0.00008,0.99973,0.02809,0.01691,-0.03817,0.99873,1.00,0.02282,-0.03036,0.00069,0.99928,0.02705,-0.01016,-0.03768,0.99887,1.00
7097,0.00531,0.02096,-0.03786,0.99905,0.02315,-0.00365,0.00008,0.99973,0.02829,0.01643,-0.03827,0.99873,1.00,0.02311,-0.03072,0.00071,0.99926,0.02724,-0.01063,-0.03777,0.99886,1.00
7108,0.00531,0.02095,-0.03790,0.99905,0.02314,-0.00364,0.00008,0.99973,0.02829,0.01643,-0.03831,0.99873,1.00,0.02311,-0.03072,0.00071,0.99926,0.02725,-0.01063,-0.03781,0.99886,1.00
7119,0.00539,0.02089,-0.03796,0.99905,0.02310,-0.00409,0.00009,0.99972,0.02831,0.01592,-0.03836,0.99874,1.00,0.02306,-0.03116,0.00072,0.99925,0.02725,-0.01114,-0.03786,0.99885,1.00
7131,0.00545,0.02080,-0.03807,0.99904,0.02265,-0.00418,0.00009,0.99973,0.02791,0.01575,-0.03846,0.99875,1.00,0.02261,-0.03126,0.00071,0.99926,0.02685,-0.01131,-0.03797,0.99885,1.00
7143,0.00541,0.02074,-0.03820,0.99904,0.02268,-0.00411,0.00009,0.99973,0.02791,0.01576,-0.03859,0.99874,1.00,0.02264,-0.03119,0.00071,0.99926,0.02685,-0.01130,-0.03810,0.99885,1.00
7153,0.00542,0.02068,-0.03822,0.99904,0.02083,-0.00413,0.00009,0.99977,0.02607,0.01575,-0.03858,0.99879,1.00,0.02080,-0.03120,0.00065,0.99930,0.02501,-0.01130,-0.03815,0.99890,1.00
7165,0.00536,0.02062,-0.03826,0.99904,0.02279,-0.00327,0.00007,0.99973,0.02801,0.01647,-0.03866,0.99872,1.00,0.02275,-0.03035,0.00069,0.99928,0.02694,-0.01059,-0.03817,0.99885,1.00
7177,0.00526,0.02058,-0.03834,0.99904,0.02289,-0.00322,0.00007,0.99973,0.02801,0.01648,-0.03875,0.99872,1.00,0.02286,-0.03030,0.00069,0.99928,0.02695,-0.01059,-0.03825,0.99885,1.00
7187,0.00513,0.02060,-0.03856,0.99903,0.02306,-0.00332,0.00008,0.99973,0.02804,0.01639,-0.03897,0.99871,1.00,0.02303,-0.03039,0.00070,0.99927,0.02698,-0.01067,-0.03846,0.99884,1.00
7198,0.00507,0.02057,-0.03870,0.99903,0.02331,-0.00311,0.00007,0.99972,0.02824,0.01655,-0.03912,0.99870,1.00,0.02328,-0.03019,0.00070,0.99927,0.02717,-0.01051,-0.03860,0.99883,1.00
7210,0.00497,0.02063,-0.03877,0.99902,0.02341,-0.00316,0.00007,0.99972,0.02823,0.01655,-0.03919,0.99870,1.00,0.02339,-0.03024,0.00071,0.99927,0.02717,-0.01051,-0.03867,0.99883,1.00
7221,0.00482,0.02061,-0.03868,0.99903,0.02320,-0.00456,0.00011,0.99972,0.02782,0.01515,-0.03907,0.99873,1.00,0.02316,-0.03163,0.00073,0.99923,0.02674,-0.01191,-0.03855,0.99883,1.00
7231,0.00473,0.02061,-0.03867,0.99903,0.02342,-0.00373,0.00009,0.99972,0.02799,0.01596,-0.03907,0.99872,1.00,0.02337,-0.03081,0.00072,0.99925,0.02690,-0.01110,-0.03855,0.99883,1.00
7243,0.00472,0.02068,-0.03866,0.99903,0.02344,-0.00381,0.00009,0.99972,0.02799,0.01596,-0.03906,0.99872,1.00,0.02339,-0.03088,0.00072,0.99925,0.02690,-0.01110,-0.03854,0.99883,1.00
7253,0.00468,0.02074,-0.03870,0.99902,0.02318,-0.00405,0.00009,0.99972,0.02767,0.01579,-0.03909,0.99873,1.00,0.02313,-0.03112,0.00072,0.99925,0.02659,-0.01127,-0.03857,0.99884,1.00
7264,0.00454,0.02082,-0.03877,0.99902,0.02321,-0.00408,0.00009,0.99972,0.02757,0.01583,-0.03916,0.99873,1.00,0.02316,-0.03116,0.00072,0.99925,0.02648,-0.01123,-0.03864,0.99884,1.00
7277,0.00428,0.02089,-0.03884,0.99902,0.02347,-0.00415,0.00010,0.99972,0.02757,0.01583,-0.03924,0.99872,1.00,0.02343,-0.03122,0.00073,0.99924,0.02648,-0.01123,-0.03870,0.99884,1.00
7288,0.00419,0.02104,-0.03894,0.99901,0.02247,-0.00419,0.00009,0.99974,0.02647,0.01598,-0.03933,0.99875,1.00,0.02243,-0.03126,0.00070,0.99926,0.02539,-0.01108,-0.03882,0.99886,1.00
7298,0.00427,0.02114,-0.03904,0.99900,0.02239,-0.00428,0.00010,0.99974,0.02647,0.01598,-0.03943,0.99874,1.00,0.02235,-0.03136,0.00070,0.99926,0.02539,-0.01108,-0.03892,0.99886,1.00
7310,0.00449,0.02136,-0.03905,0.99900,0.02198,-0.00297,0.00007,0.99975,0.02633,0.01753,-0.03946,0.99872,1.00,0.02195,-0.03005,0.00066,0.99931,0.02525,-0.00954,-0.03897,0.99888,1.00
7321,0.00465,0.02155,-0.03889,0.99900,0.02296,-0.00305,0.00007,0.99973,0.02748,0.01760,-0.03932,0.99869,1.00,0.02292,-0.03013,0.00069,0.99928,0.02639,-0.00946,-0.03881,0.99885,1.00
7331,0.00469,0.02178,-0.03873,0.99900,0.02296,-0.00593,0.00014,0.99972,0.02740,0.01496,-0.03911,0.99875,1.00,0.02289,-0.03300,0.00076,0.99919,0.02629,-0.01210,-0.03860,0.99884,1.00
7343,0.00468,0.02201,-0.03851,0.99901,0.02298,-0.00617,0.00014,0.99972,0.02740,0.01496,-0.03889,0.99876,1.00,0.02290,-0.03324,0.00076,0.99918,0.02629,-0.01210,-0.03837,0.99884,1.00
7354,0.00459,0.02218,-0.03839,0.99901,0.02318,-0.00608,0.00014,0.99971,0.02751,0.01520,-0.03878,0.99875,1.00,0.02309,-0.03316,0.00077,0.99918,0.02640,-0.01185,-0.03825,0.99885,1.00
7365,0.00436,0.02227,-0.03823,0.99901,0.02294,-0.00588,0.00013,0.99972,0.02705,0.01551,-0.03863,0.99877,1.00,0.02286,-0.03296,0.00075,0.99920,0.02594,-0.01154,-0.03810,0.99887,1.00
7377,0.00432,0.02229,-0.03811,0.99902,0.02298,-0.00590,0.00014,0.99972,0.02705,0.01551,-0.03850,0.99877,1.00,0.02289,-0.03298,0.00076,0.99919,0.02594,-0.01155,-0.03798,0.99888,1.00
7387,0.00421,0.02224,-0.03788,0.99903,0.02257,-0.00666,0.00015,0.99972,0.02651,0.01472,-0.03825,0.99881,1.00,0.02247,-0.03373,0.00076,0.99918,0.02540,-0.01233,-0.03773,0.99889,1.00
7398,0.00405,0.02221,-0.03755,0.99904,0.02227,-0.00701,0.00016,0.99973,0.02604,0.01436,-0.03791,0.99884,1.00,0.02217,-0.03408,0.00076,0.99917,0.02493,-0.01270,-0.03739,0.99891,1.00
7411,0.00390,0.02224,-0.03728,0.99905,0.02242,-0.00705,0.00016,0.99972,0.02604,0.01435,-0.03763,0.99885,1.00,0.02231,-0.03412,0.00076,0.99917,0.02493,-0.01270,-0.03711,0.99892,1.00
7421,0.00374,0.02222,-0.03700,0.99906,0.02196,-0.00698,0.00015,0.99973,0.02542,0.01444,-0.03735,0.99887,1.00,0.02184,-0.03404,0.00074,0.99918,0.02432,-0.01262,-0.03684,0.99895,1.00
7431,0.00372,0.02225,-0.03681,0.99907,0.02126,-0.00677,0.00014,0.99975,0.02471,0.01469,-0.03716,0.99890,1.00,0.02115,-0.03384,0.00072,0.99920,0.02362,-0.01236,-0.03666,0.99897,1.00
7445,0.00385,0.02219,-0.03663,0.99908,0.02113,-0.00673,0.00014,0.99975,0.02471,0.01469,-0.03697,0.99890,1.00,0.02101,-0.03379,0.00071,0.99921,0.02362,-0.01236,-0.03649,0.99898,1.00
7454,0.00384,0.02206,-0.03650,0.99908,0.02096,-0.00653,0.00014,0.99976,0.02454,0.01477,-0.03684,0.99891,1.00,0.02086,-0.03359,0.00070,0.99922,0.02347,-0.01228,-0.03636,0.99899,1.00
7465,0.00376,0.02198,-0.03638,0.99909,0.02120,-0.00407,0.00009,0.99977,0.02479,0.01714,-0.03677,0.99887,1.00,0.02112,-0.03114,0.00066,0.99929,0.02374,-0.00992,-0.03628,0.99901,1.00
7476,0.00364,0.02182,-0.03625,0.99910,0.02132,-0.00391,0.00008,0.99977,0.02480,0.01714,-0.03664,0.99887,1.00,0.02123,-0.03098,0.00066,0.99929,0.02374,-0.00992,-0.03614,0.99902,1.00
7487,0.00353,0.02172,-0.03634,0.99910,0.06082,0.01880,-0.00115,0.99797,0.06494,0.03824,-0.03866,0.99641,1.00,0.06084,-0.00843,0.00051,0.99811,0.06401,0.01104,-0.03711,0.99720,1.00
7499,0.00342,0.02162,-0.03642,0.99910,0.06636,0.02046,-0.00136,0.99759,0.07043,0.03960,-0.03906,0.99596,1.00,0.06641,-0.00680,0.00045,0.99777,0.06953,0.01236,-0.03735,0.99680,1.00
7510,0.00325,0.02158,-0.03644,0.99910,0.06653,0.02051,-0.00137,0.99757,0.07043,0.03960,-0.03909,0.99596,1.00,0.06659,-0.00674,0.00045,0.99776,0.06953,0.01236,-0.03737,0.99680,1.00
7521,0.00306,0.02152,-0.03637,0.99910,0.06103,0.02040,-0.00125,0.99793,0.06474,0.03965,-0.03879,0.99636,1.00,0.06108,-0.00682,0.00042,0.99811,0.06384,0.01244,-0.03722,0.99719,1.00
7532,0.00286,0.02162,-0.03643,0.99910,0.03956,-0.00811,0.00032,0.99918,0.04209,0.01206,-0.03696,0.99836,1.00,0.03944,-0.03522,0.00139,0.99860,0.04101,-0.01504,-0.03594,0.99840,1.00
7544,0.00264,0.02165,-0.03644,0.99910,0.03977,-0.00813,0.00032,0.99918,0.04209,0.01206,-0.03697,0.99836,1.00,0.03966,-0.03524,0.00140,0.99859,0.04101,-0.01504,-0.03594,0.99840,1.00
7554,0.00247,0.02175,-0.03643,0.99910,0.02839,-0.00827,0.00023,0.99956,0.03053,0.01245,-0.03681,0.99878,1.00,0.02831,-0.03534,0.00100,0.99897,0.02948,-0.01461,-0.03609,0.99881,1.00
7565,0.00240,0.02183,-0.03632,0.99910,0.02763,-0.00442,0.00012,0.99961,0.02984,0.01640,-0.03680,0.99874,1.00,0.02756,-0.03151,0.00087,0.99912,0.02880,-0.01067,-0.03610,0.99888,1.00
7577,0.00233,0.02199,-0.03625,0.99910,0.02771,-0.00459,0.00013,0.99961,0.02984,0.01640,-0.03673,0.99874,1.00,0.02763,-0.03167,0.00088,0.99912,0.02880,-0.01067,-0.03603,0.99888,1.00
7588,0.00227,0.02209,-0.03611,0.99910,0.02351,-0.00461,0.00011,0.99971,0.02559,0.01663,-0.03652,0.99887,1.00,0.02343,-0.03169,0.00074,0.99922,0.02456,-0.01044,-0.03593,0.99900,1.00
7599,0.00224,0.02213,-0.03604,0.99910,0.02283,-0.00164,0.00004,0.99974,0.02499,0.01966,-0.03650,0.99883,1.00,0.02277,-0.02872,0.00065,0.99933,0.02397,-0.00741,-0.03593,0.99904,1.00
7611,0.00235,0.02216,-0.03594,0.99911,0.02273,-0.00168,0.00004,0.99974,0.02500,0.01966,-0.03640,0.99883,1.00,0.02266,-0.02877,0.00065,0.99933,0.02397,-0.00741,-0.03583,0.99904,1.00
7621,0.00230,0.02215,-0.03584,0.99911,0.02184,-0.00447,0.00010,0.99975,0.02397,0.01690,-0.03623,0.99891,1.00,0.02177,-0.03154,0.00069,0.99927,0.02293,-0.01016,-0.03568,0.99905,1.00
7632,0.00225,0.02210,-0.03573,0.99911,0.02062,-0.00352,0.00007,0.99978,0.02272,0.01785,-0.03611,0.99893,1.00,0.02055,-0.03059,0.00063,0.99932,0.02170,-0.00921,-0.03560,0.99909,1.00
7644,0.00228,0.02201,-0.03568,0.99912,0.02058,-0.00343,0.00007,0.99978,0.02272,0.01785,-0.03606,0.99893,1.00,0.02051,-0.03050,0.00063,0.99932,0.02170,-0.00921,-0.03555,0.99909,1.00
7655,0.00234,0.02192,-0.03565,0.99912,0.02025,-0.00383,0.00008,0.99979,0.02243,0.01737,-0.03602,0.99895,1.00,0.02019,-0.03090,0.00062,0.99932,0.02141,-0.00968,-0.03552,0.99909,1.00
7665,0.00249,0.02188,-0.03561,0.99912,0.02008,-0.00331,0.00007,0.99979,0.02244,0.01785,-0.03598,0.99894,1.00,0.02003,-0.03038,0.00061,0.99934,0.02143,-0.00921,-0.03549,0.99910,1.00
7677,0.00273,0.02187,-0.03560,0.99912,0.01985,-0.00331,0.00007,0.99980,0.02244,0.01785,-0.03597,0.99894,1.00,0.01979,-0.03039,0.00060,0.99934,0.02143,-0.00921,-0.03549,0.99910,1.00
7688,0.00299,0.02186,-0.03552,0.99913,0.02130,-0.00342,0.00007,0.99977,0.02415,0.01769,-0.03592,0.99891,1.00,0.02124,-0.03049,0.00065,0.99931,0.02314,-0.00937,-0.03541,0.99906,1.00
7698,0.00322,0.02197,-0.03549,0.99912,0.02202,-0.00121,0.00003,0.99976,0.02517,0.01997,-0.03594,0.99884,1.00,0.02196,-0.02829,0.00062,0.99936,0.02417,-0.00709,-0.03542,0.99906,1.00
7711,0.00338,0.02205,-0.03542,0.99912,0.02186,-0.00130,0.00003,0.99976,0.02517,0.01997,-0.03586,0.99884,1.00,0.02180,-0.02838,0.00062,0.99936,0.02417,-0.00709,-0.03535,0.99906,1.00
7721,0.00344,0.02216,-0.03545,0.99912,0.02205,-0.00314,0.00007,0.99975,0.02536,0.01824,-0.03587,0.99887,1.00,0.02200,-0.03022,0.00067,0.99930,0.02436,-0.00883,-0.03535,0.99904,1.00
7732,0.00345,0.02229,-0.03547,0.99912,0.02088,-0.00319,0.00007,0.99978,0.02420,0.01835,-0.03587,0.99889,1.00,0.02083,-0.03026,0.00063,0.99932,0.02320,-0.00871,-0.03538,0.99907,1.00
7744,0.00346,0.02239,-0.03544,0.99912,0.02088,-0.00329,0.00007,0.99978,0.02420,0.01835,-0.03584,0.99890,1.00,0.02082,-0.03037,0.00063,0.99932,0.02320,-0.00871,-0.03535,0.99907,1.00
7755,0.00342,0.02247,-0.03559,0.99911,0.02111,-0.00324,0.00007,0.99977,0.02440,0.01847,-0.03600,0.99888,1.00,0.02107,-0.03032,0.00064,0.99932,0.02340,-0.00859,-0.03551,0.99906,1.00
7766,0.00346,0.02250,-0.03590,0.99910,0.02116,-0.00479,0.00010,0.99976,0.02443,0.01695,-0.03629,0.99890,1.00,0.02113,-0.03187,0.00067,0.99927,0.02344,-0.01011,-0.03579,0.99903,1.00
7777,0.00359,0.02255,-0.03622,0.99908,0.02102,-0.00484,0.00010,0.99977,0.02442,0.01695,-0.03660,0.99889,1.00,0.02101,-0.03191,0.00067,0.99927,0.02344,-0.01010,-0.03611,0.99902,1.00
7788,0.00386,0.02261,-0.03626,0.99908,0.02018,-0.00285,0.00006,0.99979,0.02392,0.01902,-0.03666,0.99886,1.00,0.02017,-0.02993,0.00060,0.99935,0.02294,-0.00804,-0.03621,0.99905,1.00
7798,0.00401,0.02266,-0.03625,0.99908,0.02014,-0.00424,0.00009,0.99979,0.02397,0.01769,-0.03663,0.99888,1.00,0.02011,-0.03132,0.00063,0.99931,0.02298,-0.00937,-0.03618,0.99904,1.00
7810,0.00426,0.02275,-0.03615,0.99908,0.01989,-0.00435,0.00009,0.99979,0.02398,0.01769,-0.03652,0.99889,1.00,0.01986,-0.03142,0.00062,0.99931,0.02298,-0.00937,-0.03608,0.99904,1.00
7821,0.00449,0.02296,-0.03617,0.99907,0.01925,-0.00447,0.00009,0.99980,0.02357,0.01780,-0.03654,0.99890,1.00,0.01921,-0.03154,0.00061,0.99932,0.02256,-0.00926,-0.03612,0.99905,1.00
7832,0.00452,0.02318,-0.03618,0.99907,0.01931,-0.00554,0.00011,0.99980,0.02362,0.01694,-0.03653,0.99891,1.00,0.01927,-0.03260,0.00063,0.99928,0.02260,-0.01011,-0.03612,0.99904,1.00
7844,0.00445,0.02336,-0.03622,0.99906,0.01939,-0.00571,0.00011,0.99980,0.02361,0.01695,-0.03658,0.99891,1.00,0.01935,-0.03278,0.00063,0.99928,0.02260,-0.01011,-0.03616,0.99904,1.00
7854,0.00428,0.02361,-0.03623,0.99906,0.01981,-0.00635,0.00013,0.99978,0.02384,0.01655,-0.03659,0.99891,1.00,0.01976,-0.03341,0.00066,0.99925,0.02282,-0.01050,-0.03615,0.99903,1.00
7865,0.00416,0.02384,-0.03635,0.99905,0.02096,-0.00632,0.00013,0.99976,0.02487,0.01676,-0.03673,0.99888,1.00,0.02092,-0.03339,0.00070,0.99922,0.02386,-0.01030,-0.03626,0.99900,1.00
7877,0.00415,0.02407,-0.03637,0.99904,0.02098,-0.00655,0.00014,0.99976,0.02487,0.01676,-0.03675,0.99887,1.00,0.02093,-0.03362,0.00070,0.99922,0.02386,-0.01030,-0.03628,0.99900,1.00
7887,0.00424,0.02425,-0.03620,0.99904,0.02087,-0.00527,0.00011,0.99977,0.02490,0.01822,-0.03661,0.99885,1.00,0.02082,-0.03234,0.00067,0.99926,0.02388,-0.00884,-0.03614,0.99902,1.00
7899,0.00433,0.02445,-0.03609,0.99904,0.01980,-0.00517,0.00010,0.99979,0.02392,0.01857,-0.03649,0.99888,1.00,0.01974,-0.03224,0.00064,0.99928,0.02289,-0.00849,-0.03605,0.99905,1.00
7911,0.00441,0.02469,-0.03595,0.99904,0.01972,-0.00542,0.00011,0.99979,0.02392,0.01856,-0.03635,0.99888,1.00,0.01965,-0.03249,0.00064,0.99928,0.02289,-0.00849,-0.03592,0.99906,1.00
7921,0.00458,0.02501,-0.03590,0.99903,0.01833,-0.00679,0.00012,0.99981,0.02265,0.01756,-0.03626,0.99893,1.00,0.01827,-0.03386,0.00062,0.99926,0.02162,-0.00949,-0.03587,0.99908,1.00
7932,0.00466,0.02522,-0.03576,0.99903,0.01832,-0.00807,0.00015,0.99980,0.02268,0.01650,-0.03611,0.99895,1.00,0.01825,-0.03513,0.00064,0.99922,0.02165,-0.01055,-0.03572,0.99907,1.00
7944,0.00473,0.02548,-0.03576,0.99902,0.01825,-0.00834,0.00015,0.99980,0.02268,0.01650,-0.03610,0.99895,1.00,0.01818,-0.03540,0.00064,0.99921,0.02165,-0.01055,-0.03572,0.99907,1.00
7954,0.00481,0.02565,-0.03571,0.99902,0.01907,-0.00854,0.00016,0.99978,0.02357,0.01643,-0.03607,0.99894,1.00,0.01900,-0.03560,0.00068,0.99919,0.02254,-0.01062,-0.03566,0.99905,1.00
7966,0.00491,0.02581,-0.03566,0.99902,0.01910,-0.00862,0.00016,0.99978,0.02368,0.01651,-0.03603,0.99893,1.00,0.01903,-0.03568,0.00068,0.99918,0.02266,-0.01054,-0.03562,0.99905,1.00
7976,0.00496,0.02597,-0.03567,0.99901,0.01905,-0.00878,0.00017,0.99978,0.02368,0.01651,-0.03603,0.99893,1.00,0.01898,-0.03584,0.00068,0.99918,0.02266,-0.01054,-0.03563,0.99905,1.00
7988,0.00505,0.02611,-0.03558,0.99901,0.01909,-0.00904,0.00017,0.99978,0.02380,0.01639,-0.03594,0.99894,1.00,0.01902,-0.03610,0.00069,0.99917,0.02278,-0.01066,-0.03554,0.99905,1.00
7998,0.00512,0.02620,-0.03555,0.99901,0.01906,-0.00884,0.00017,0.99978,0.02385,0.01668,-0.03592,0.99893,1.00,0.01900,-0.03590,0.00068,0.99917,0.02283,-0.01037,-0.03552,0.99905,1.00
8010,0.00517,0.02624,-0.03554,0.99901,0.01901,-0.00889,0.00017,0.99978,0.02385,0.01668,-0.03591,0.99893,1.00,0.01895,-0.03595,0.00068,0.99917,0.02283,-0.01037,-0.03551,0.99905,1.00
8020,0.00529,0.02630,-0.03559,0.99901,0.02019,-0.00744,0.00015,0.99977,0.02520,0.01813,-0.03601,0.99887,1.00,0.02013,-0.03451,0.00070,0.99920,0.02419,-0.00892,-0.03558,0.99903,1.00
8031,0.00526,0.02635,-0.03555,0.99901,0.01840,-0.00732,0.00013,0.99980,0.02339,0.01838,-0.03593,0.99891,1.00,0.01835,-0.03438,0.00063,0.99924,0.02238,-0.00867,-0.03556,0.99908,1.00
8043,0.00508,0.02634,-0.03550,0.99901,0.01858,-0.00730,0.00014,0.99980,0.02339,0.01838,-0.03588,0.99891,1.00,0.01852,-0.03436,0.00064,0.99924,0.02238,-0.00867,-0.03550,0.99908,1.00
8054,0.00464,0.02630,-0.03553,0.99901,0.01909,-0.00741,0.00014,0.99979,0.02346,0.01821,-0.03592,0.99891,1.00,0.01904,-0.03447,0.00066,0.99922,0.02245,-0.00884,-0.03551,0.99908,1.00
8065,0.00437,0.02644,-0.03567,0.99900,0.01928,-0.00842,0.00016,0.99978,0.02334,0.01734,-0.03604,0.99893,1.00,0.01923,-0.03548,0.00068,0.99919,0.02234,-0.00971,-0.03562,0.99907,1.00
8076,0.00413,0.02652,-0.03572,0.99900,0.01953,-0.00848,0.00017,0.99977,0.02334,0.01734,-0.03610,0.99893,1.00,0.01948,-0.03554,0.00069,0.99918,0.02234,-0.00971,-0.03566,0.99907,1.00
8088,0.00403,0.02657,-0.03563,0.99900,0.02069,-0.00848,0.00018,0.99975,0.02440,0.01736,-0.03603,0.99890,1.00,0.02063,-0.03554,0.00073,0.99916,0.02339,-0.00969,-0.03556,0.99905,1.00
8097,0.00390,0.02672,-0.03556,0.99900,0.02082,-0.00862,0.00018,0.99975,0.02440,0.01736,-0.03596,0.99890,1.00,0.02076,-0.03568,0.00074,0.99915,0.02339,-0.00969,-0.03549,0.99905,1.00
8109,0.00384,0.02678,-0.03534,0.99901,0.02132,-0.00815,0.00017,0.99974,0.02486,0.01788,-0.03576,0.99889,1.00,0.02125,-0.03521,0.00075,0.99915,0.02384,-0.00918,-0.03527,0.99905,1.00
8121,0.00375,0.02688,-0.03521,0.99901,0.02160,-0.00815,0.00018,0.99973,0.02504,0.01797,-0.03563,0.99889,1.00,0.02151,-0.03522,0.00076,0.99915,0.02402,-0.00909,-0.03513,0.99905,1.00
8132,0.00375,0.02691,-0.03517,0.99901,0.02199,-0.00797,0.00018,0.99973,0.02544,0.01817,-0.03560,0.99888,1.00,0.02191,-0.03503,0.00077,0.99915,0.02442,-0.00889,-0.03509,0.99905,1.00
8144,0.00363,0.02686,-0.03508,0.99902,0.02211,-0.00792,0.00018,0.99972,0.02544,0.01816,-0.03552,0.99888,1.00,0.02203,-0.03499,0.00077,0.99914,0.02442,-0.00889,-0.03500,0.99905,1.00
8154,0.00350,0.02680,-0.03494,0.99902,0.02207,-0.00906,0.00020,0.99972,0.02524,0.01697,-0.03535,0.99891,1.00,0.02198,-0.03612,0.00079,0.99911,0.02422,-0.01008,-0.03483,0.99905,1.00
8165,0.00342,0.02669,-0.03479,0.99903,0.02200,-0.00889,0.00020,0.99972,0.02510,0.01703,-0.03520,0.99892,1.00,0.02191,-0.03596,0.00079,0.99911,0.02408,-0.01002,-0.03468,0.99906,1.00
8176,0.00329,0.02654,-0.03468,0.99904,0.02214,-0.00875,0.00019,0.99972,0.02510,0.01702,-0.03509,0.99892,1.00,0.02204,-0.03581,0.00079,0.99912,0.02408,-0.01003,-0.03456,0.99906,1.00
8187,0.00336,0.02635,-0.03461,0.99905,0.02189,-0.00859,0.00019,0.99972,0.02494,0.01700,-0.03502,0.99893,1.00,0.02180,-0.03565,0.00078,0.99913,0.02392,-0.01005,-0.03450,0.99907,1.00
8197,0.00343,0.02613,-0.03463,0.99905,0.02255,-0.00843,0.00019,0.99971,0.02567,0.01692,-0.03505,0.99891,1.00,0.02247,-0.03549,0.00080,0.99912,0.02467,-0.01014,-0.03451,0.99905,1.00
8210,0.00353,0.02591,-0.03470,0.99906,0.02245,-0.00822,0.00018,0.99971,0.02567,0.01692,-0.03512,0.99891,1.00,0.02237,-0.03528,0.00079,0.99913,0.02467,-0.01013,-0.03459,0.99905,1.00
8221,0.00352,0.02569,-0.03482,0.99906,0.02307,-0.00817,0.00019,0.99970,0.02628,0.01672,-0.03524,0.99889,1.00,0.02300,-0.03524,0.00081,0.99911,0.02529,-0.01034,-0.03470,0.99902,1.00
8232,0.00361,0.02545,-0.03494,0.99906,0.02463,-0.01282,0.00032,0.99961,0.02777,0.01177,-0.03528,0.99892,1.00,0.02455,-0.03987,0.00098,0.99890,0.02676,-0.01527,-0.03469,0.99892,1.00
8244,0.00352,0.02529,-0.03506,0.99906,0.02471,-0.01265,0.00031,0.99961,0.02777,0.01178,-0.03540,0.99892,1.00,0.02464,-0.03970,0.00098,0.99891,0.02677,-0.01527,-0.03480,0.99892,1.00
8255,0.00345,0.02512,-0.03511,0.99906,0.02483,-0.01277,0.00032,0.99961,0.02782,0.01148,-0.03545,0.99892,1.00,0.02476,-0.03983,0.00099,0.99890,0.02681,-0.01557,-0.03484,0.99891,1.00
8265,0.00335,0.02500,-0.03517,0.99906,0.02472,-0.01167,0.00029,0.99963,0.02764,0.01246,-0.03553,0.99891,1.00,0.02465,-0.03873,0.00096,0.99895,0.02663,-0.01459,-0.03493,0.99893,1.00
8277,0.00332,0.02494,-0.03509,0.99907,0.02474,-0.01162,0.00029,0.99963,0.02764,0.01246,-0.03544,0.99891,1.00,0.02467,-0.03868,0.00095,0.99895,0.02663,-0.01459,-0.03484,0.99893,1.00
8288,0.00327,0.02486,-0.03506,0.99907,0.02372,-0.01181,0.00028,0.99965,0.02656,0.01221,-0.03540,0.99895,1.00,0.02364,-0.03886,0.00092,0.99896,0.02554,-0.01483,-0.03482,0.99896,1.00
8298,0.00326,0.02480,-0.03501,0.99907,0.02367,-0.01196,0.00028,0.99965,0.02650,0.01201,-0.03534,0.99895,1.00,0.02359,-0.03902,0.00092,0.99896,0.02548,-0.01504,-0.03477,0.99896,1.00
8310,0.00329,0.02478,-0.03492,0.99908,0.02364,-0.01196,0.00028,0.99965,0.02650,0.01200,-0.03525,0.99896,1.00,0.02355,-0.03901,0.00092,0.99896,0.02548,-0.01504,-0.03468,0.99896,1.00
8320,0.00337,0.02476,-0.03484,0.99908,0.02351,-0.01254,0.00029,0.99965,0.02643,0.01140,-0.03516,0.99897,1.00,0.02341,-0.03959,0.00093,0.99894,0.02540,-0.01564,-0.03459,0.99896,1.00
8332,0.00355,0.02474,-0.03479,0.99908,0.02274,-0.01075,0.00024,0.99968,0.02590,0.01320,-0.03514,0.99896,1.00,0.02266,-0.03781,0.00086,0.99903,0.02489,-0.01385,-0.03460,0.99900,1.00
8344,0.00365,0.02473,-0.03472,0.99908,0.02264,-0.01075,0.00024,0.99969,0.02590,0.01319,-0.03507,0.99896,1.00,0.02256,-0.03781,0.00085,0.99903,0.02488,-0.01385,-0.03453,0.99900,1.00
8354,0.00372,0.02466,-0.03443,0.99910,0.02292,-0.01121,0.00026,0.99967,0.02624,0.01267,-0.03477,0.99897,1.00,0.02282,-0.03826,0.00087,0.99901,0.02522,-0.01438,-0.03423,0.99899,1.00
8365,0.00366,0.02456,-0.03422,0.99911,0.02309,-0.01116,0.00026,0.99967,0.02635,0.01261,-0.03456,0.99898,1.00,0.02298,-0.03821,0.00088,0.99900,0.02533,-0.01444,-0.03402,0.99900,1.00
8377,0.00368,0.02446,-0.03419,0.99911,0.02306,-0.01107,0.00026,0.99967,0.02635,0.01261,-0.03453,0.99898,1.00,0.02295,-0.03812,0.00088,0.99901,0.02533,-0.01444,-0.03398,0.99900,1.00
8388,0.00368,0.02441,-0.03423,0.99911,0.02332,-0.01108,0.00026,0.99967,0.02661,0.01253,-0.03457,0.99897,1.00,0.02322,-0.03814,0.00089,0.99900,0.02560,-0.01451,-0.03401,0.99899,1.00
8399,0.00358,0.02435,-0.03426,0.99911,0.02347,-0.01142,0.00027,0.99966,0.02664,0.01213,-0.03459,0.99897,1.00,0.02338,-0.03847,0.00090,0.99899,0.02564,-0.01492,-0.03403,0.99898,1.00
8411,0.00349,0.02427,-0.03432,0.99911,0.02355,-0.01132,0.00027,0.99966,0.02664,0.01213,-0.03465,0.99897,1.00,0.02347,-0.03838,0.00090,0.99899,0.02564,-0.01491,-0.03409,0.99898,1.00
8421,0.00348,0.02419,-0.03444,0.99911,0.02330,-0.00950,0.00022,0.99968,0.02644,0.01389,-0.03481,0.99895,1.00,0.02323,-0.03657,0.00085,0.99906,0.02545,-0.01317,-0.03425,0.99900,1.00
8432,0.00361,0.02416,-0.03465,0.99910,0.02312,-0.01143,0.00026,0.99967,0.02632,0.01194,-0.03498,0.99897,1.00,0.02306,-0.03848,0.00089,0.99899,0.02533,-0.01511,-0.03442,0.99897,1.00
8444,0.00391,0.02419,-0.03497,0.99909,0.02282,-0.01144,0.00026,0.99967,0.02632,0.01195,-0.03530,0.99896,1.00,0.02278,-0.03850,0.00088,0.99900,0.02534,-0.01510,-0.03476,0.99896,1.00
8454,0.00414,0.02411,-0.03502,0.99909,0.02260,-0.01024,0.00023,0.99969,0.02637,0.01308,-0.03537,0.99894,1.00,0.02256,-0.03729,0.00084,0.99905,0.02539,-0.01397,-0.03485,0.99897,1.00
8465,0.00426,0.02412,-0.03503,0.99909,0.02207,-0.01071,0.00024,0.99970,0.02595,0.01264,-0.03536,0.99896,1.00,0.02202,-0.03777,0.00083,0.99904,0.02496,-0.01441,-0.03486,0.99898,1.00
8477,0.00435,0.02416,-0.03500,0.99909,0.02199,-0.01076,0.00024,0.99970,0.02595,0.01264,-0.03534,0.99896,1.00,0.02194,-0.03781,0.00083,0.99904,0.02496,-0.01441,-0.03484,0.99898,1.00
8489,0.00445,0.02424,-0.03512,0.99908,0.02308,-0.01049,0.00024,0.99968,0.02715,0.01294,-0.03547,0.99892,1.00,0.02303,-0.03755,0.00087,0.99903,0.02615,-0.01411,-0.03495,0.99895,1.00
8499,0.00454,0.02429,-0.03519,0.99908,0.02217,-0.01062,0.00024,0.99970,0.02631,0.01289,-0.03553,0.99894,1.00,0.02211,-0.03767,0.00083,0.99905,0.02531,-0.01416,-0.03503,0.99897,1.00
8510,0.00458,0.02428,-0.03524,0.99907,0.02212,-0.01061,0.00023,0.99970,0.02631,0.01289,-0.03558,0.99894,1.00,0.02206,-0.03767,0.00083,0.99905,0.02531,-0.01416,-0.03508,0.99896,1.00
8521,0.00462,0.02425,-0.03522,0.99907,0.02225,-0.00955,0.00021,0.99971,0.02652,0.01392,-0.03559,0.99892,1.00,0.02219,-0.03661,0.00081,0.99908,0.02552,-0.01313,-0.03509,0.99897,1.00
8532,0.00470,0.02417,-0.03514,0.99908,0.02162,-0.01041,0.00023,0.99971,0.02594,0.01301,-0.03548,0.99895,1.00,0.02156,-0.03746,0.00081,0.99907,0.02493,-0.01404,-0.03500,0.99898,1.00
8544,0.00476,0.02411,-0.03497,0.99909,0.02156,-0.01036,0.00022,0.99971,0.02594,0.01300,-0.03531,0.99896,1.00,0.02148,-0.03741,0.00080,0.99907,0.02493,-0.01404,-0.03483,0.99898,1.00
8555,0.00490,0.02395,-0.03489,0.99909,0.02115,-0.01029,0.00022,0.99972,0.02568,0.01293,-0.03522,0.99897,1.00,0.02107,-0.03735,0.00079,0.99908,0.02467,-0.01412,-0.03476,0.99899,1.00
8566,0.00498,0.02389,-0.03488,0.99909,0.02105,-0.01028,0.00022,0.99973,0.02565,0.01287,-0.03521,0.99897,1.00,0.02097,-0.03734,0.00078,0.99908,0.02464,-0.01417,-0.03476,0.99899,1.00
8577,0.00491,0.02371,-0.03485,0.99910,0.02110,-0.01011,0.00021,0.99973,0.02565,0.01287,-0.03518,0.99897,1.00,0.02102,-0.03716,0.00078,0.99909,0.02463,-0.01417,-0.03472,0.99899,1.00
8588,0.00479,0.02358,-0.03482,0.99910,0.02108,-0.00396,0.00008,0.99977,0.02572,0.01889,-0.03524,0.99887,1.00,0.02102,-0.03103,0.00065,0.99930,0.02472,-0.00817,-0.03479,0.99906,1.00
8600,0.00455,0.02344,-0.03473,0.99911,0.02086,-0.00150,0.00003,0.99978,0.02535,0.02122,-0.03519,0.99883,1.00,0.02081,-0.02858,0.00059,0.99937,0.02436,-0.00585,-0.03473,0.99908,1.00
8611,0.00428,0.02334,-0.03468,0.99912,0.02113,-0.00139,0.00003,0.99978,0.02535,0.02121,-0.03514,0.99884,1.00,0.02108,-0.02847,0.00060,0.99937,0.02436,-0.00585,-0.03467,0.99908,1.00
8622,0.00424,0.02332,-0.03469,0.99912,0.02111,-0.00400,0.00008,0.99977,0.02520,0.01859,-0.03511,0.99889,1.00,0.02105,-0.03107,0.00065,0.99930,0.02421,-0.00847,-0.03463,0.99907,1.00
8633,0.00423,0.02331,-0.03489,0.99911,0.02305,-0.00258,0.00006,0.99973,0.02718,0.01993,-0.03537,0.99881,1.00,0.02301,-0.02965,0.00068,0.99930,0.02620,-0.00714,-0.03485,0.99902,1.00
8644,0.00420,0.02325,-0.03489,0.99911,0.02309,-0.00251,0.00006,0.99973,0.02718,0.01993,-0.03537,0.99881,1.00,0.02304,-0.02958,0.00068,0.99930,0.02620,-0.00714,-0.03484,0.99902,1.00
8656,0.00420,0.02321,-0.03488,0.99911,0.02293,-0.00321,0.00007,0.99973,0.02700,0.01920,-0.03535,0.99883,1.00,0.02288,-0.03029,0.00069,0.99928,0.02602,-0.00786,-0.03482,0.99902,1.00
8666,0.00418,0.02319,-0.03483,0.99912,0.02201,-0.00268,0.00006,0.99975,0.02608,0.01974,-0.03528,0.99884,1.00,0.02196,-0.02975,0.00065,0.99932,0.02510,-0.00732,-0.03478,0.99905,1.00
8677,0.00422,0.02315,-0.03472,0.99912,0.02197,-0.00265,0.00006,0.99976,0.02608,0.01974,-0.03517,0.99885,1.00,0.02191,-0.02972,0.00065,0.99932,0.02510,-0.00732,-0.03468,0.99906,1.00
8688,0.00420,0.02316,-0.03468,0.99912,0.02194,-0.00269,0.00006,0.99976,0.02602,0.01970,-0.03513,0.99885,1.00,0.02188,-0.02977,0.00065,0.99932,0.02504,-0.00736,-0.03464,0.99906,1.00
8700,0.00423,0.02312,-0.03470,0.99912,0.02188,-0.00271,0.00006,0.99976,0.02600,0.01965,-0.03515,0.99885,1.00,0.02182,-0.02979,0.00065,0.99932,0.02502,-0.00741,-0.03465,0.99906,1.00
8711,0.00420,0.02313,-0.03473,0.99912,0.02191,-0.00271,0.00006,0.99976,0.02600,0.01965,-0.03518,0.99885,1.00,0.02186,-0.02979,0.00065,0.99932,0.02502,-0.00741,-0.03469,0.99906,1.00
8722,0.00409,0.02308,-0.03476,0.99912,0.02223,-0.00286,0.00006,0.99975,0.02621,0.01944,-0.03521,0.99885,1.00,0.02219,-0.02994,0.00066,0.99931,0.02523,-0.00762,-0.03470,0.99905,1.00
8733,0.00398,0.02304,-0.03487,0.99912,0.02232,-0.00320,0.00007,0.99975,0.02617,0.01906,-0.03531,0.99885,1.00,0.02227,-0.03028,0.00067,0.99929,0.02519,-0.00800,-0.03480,0.99904,1.00
8744,0.00384,0.02300,-0.03492,0.99912,0.02246,-0.00315,0.00007,0.99974,0.02617,0.01906,-0.03537,0.99885,1.00,0.02242,-0.03022,0.00068,0.99929,0.02519,-0.00800,-0.03485,0.99904,1.00
8755,0.00375,0.02298,-0.03502,0.99912,0.02281,-0.00359,0.00008,0.99973,0.02641,0.01859,-0.03547,0.99885,1.00,0.02277,-0.03066,0.00070,0.99927,0.02544,-0.00847,-0.03493,0.99903,1.00
8767,0.00375,0.02298,-0.03517,0.99911,0.02367,-0.00322,0.00008,0.99971,0.02729,0.01892,-0.03564,0.99881,1.00,0.02364,-0.03030,0.00072,0.99926,0.02631,-0.00815,-0.03508,0.99900,1.00
8778,0.00380,0.02299,-0.03544,0.99910,0.02362,-0.00323,0.00008,0.99972,0.02728,0.01893,-0.03591,0.99880,1.00,0.02360,-0.03031,0.00072,0.99926,0.02631,-0.00814,-0.03536,0.99900,1.00
8789,0.00377,0.02295,-0.03560,0.99910,0.02316,-0.00330,0.00008,0.99973,0.02679,0.01881,-0.03606,0.99881,1.00,0.02314,-0.03038,0.00070,0.99927,0.02582,-0.00825,-0.03552,0.99900,1.00
8800,0.00384,0.02299,-0.03568,0.99909,0.02335,-0.00338,0.00008,0.99972,0.02704,0.01877,-0.03614,0.99880,1.00,0.02332,-0.03046,0.00071,0.99926,0.02606,-0.00829,-0.03559,0.99899,1.00
8811,0.00387,0.02303,-0.03584,0.99908,0.02332,-0.00342,0.00008,0.99972,0.02704,0.01878,-0.03630,0.99880,1.00,0.02330,-0.03050,0.00071,0.99926,0.02607,-0.00829,-0.03575,0.99899,1.00
8822,0.00395,0.02308,-0.03594,0.99908,0.02292,-0.00349,0.00008,0.99973,0.02673,0.01876,-0.03640,0.99880,1.00,0.02290,-0.03057,0.00070,0.99927,0.02574,-0.00830,-0.03587,0.99899,1.00
8833,0.00398,0.02318,-0.03610,0.99907,0.02322,-0.00384,0.00009,0.99972,0.02704,0.01851,-0.03656,0.99879,1.00,0.02319,-0.03091,0.00072,0.99925,0.02605,-0.00856,-0.03602,0.99897,1.00
8845,0.00409,0.02326,-0.03612,0.99907,0.02311,-0.00392,0.00009,0.99973,0.02704,0.01851,-0.03658,0.99879,1.00,0.02309,-0.03099,0.00072,0.99925,0.02605,-0.00856,-0.03605,0.99897,1.00
8856,0.00415,0.02337,-0.03625,0.99906,0.02287,-0.00479,0.00011,0.99973,0.02682,0.01776,-0.03668,0.99881,1.00,0.02284,-0.03186,0.00073,0.99923,0.02582,-0.00931,-0.03616,0.99897,1.00
8867,0.00414,0.02345,-0.03632,0.99906,0.02320,-0.00478,0.00011,0.99972,0.02715,0.01783,-0.03676,0.99880,1.00,0.02316,-0.03185,0.00074,0.99922,0.02614,-0.00923,-0.03623,0.99896,1.00
8878,0.00404,0.02346,-0.03644,0.99905,0.02331,-0.00477,0.00011,0.99972,0.02715,0.01783,-0.03689,0.99879,1.00,0.02328,-0.03185,0.00074,0.99922,0.02614,-0.00923,-0.03635,0.99895,1.00
8890,0.00409,0.02346,-0.03648,0.99905,0.02307,-0.00460,0.00011,0.99972,0.02698,0.01802,-0.03692,0.99879,1.00,0.02304,-0.03168,0.00073,0.99923,0.02597,-0.00904,-0.03639,0.99896,1.00
8900,0.00414,0.02341,-0.03648,0.99905,0.02375,-0.00404,0.00010,0.99971,0.02772,0.01851,-0.03695,0.99876,1.00,0.02371,-0.03112,0.00074,0.99923,0.02670,-0.00856,-0.03640,0.99894,1.00
8911,0.00428,0.02329,-0.03637,0.99906,0.02361,-0.00393,0.00009,0.99971,0.02772,0.01850,-0.03684,0.99877,1.00,0.02356,-0.03101,0.00073,0.99924,0.02670,-0.00856,-0.03630,0.99895,1.00
8923,0.00447,0.02307,-0.03608,0.99907,0.02344,-0.00419,0.00010,0.99972,0.02774,0.01804,-0.03653,0.99878,1.00,0.02337,-0.03127,0.00073,0.99924,0.02670,-0.00903,-0.03600,0.99895,1.00
8934,0.00451,0.02277,-0.03592,0.99908,0.02348,-0.00346,0.00008,0.99972,0.02785,0.01846,-0.03638,0.99878,1.00,0.02341,-0.03054,0.00072,0.99926,0.02681,-0.00860,-0.03585,0.99896,1.00
8945,0.00462,0.02248,-0.03586,0.99909,0.02337,-0.00317,0.00007,0.99972,0.02785,0.01846,-0.03632,0.99878,1.00,0.02329,-0.03025,0.00071,0.99927,0.02681,-0.00860,-0.03579,0.99896,1.00
8956,0.00447,0.02215,-0.03589,0.99910,0.02167,-0.00441,0.00010,0.99976,0.02596,0.01696,-0.03628,0.99886,1.00,0.02160,-0.03148,0.00068,0.99927,0.02493,-0.01010,-0.03580,0.99900,1.00
8967,0.00423,0.02176,-0.03597,0.99911,0.02201,-0.00324,0.00007,0.99975,0.02611,0.01772,-0.03638,0.99884,1.00,0.02196,-0.03032,0.00067,0.99930,0.02509,-0.00934,-0.03588,0.99900,1.00
8978,0.00402,0.02151,-0.03611,0.99911,0.02221,-0.00298,0.00007,0.99975,0.02611,0.01772,-0.03652,0.99883,1.00,0.02216,-0.03005,0.00067,0.99930,0.02509,-0.00934,-0.03602,0.99899,1.00
8989,0.00388,0.02121,-0.03631,0.99911,0.02273,-0.00305,0.00007,0.99974,0.02647,0.01733,-0.03672,0.99882,1.00,0.02269,-0.03012,0.00068,0.99929,0.02547,-0.00973,-0.03620,0.99897,1.00
9000,0.00384,0.02101,-0.03647,0.99911,0.02279,-0.00329,0.00007,0.99974,0.02648,0.01689,-0.03688,0.99883,1.00,0.02276,-0.03036,0.00069,0.99928,0.02548,-0.01017,-0.03635,0.99896,1.00
9012,0.00375,0.02082,-0.03649,0.99911,0.02286,-0.00309,0.00007,0.99973,0.02648,0.01689,-0.03690,0.99883,1.00,0.02283,-0.03017,0.00069,0.99928,0.02548,-0.01017,-0.03636,0.99896,1.00
9023,0.00379,0.02073,-0.03648,0.99911,0.02467,-0.00064,0.00002,0.99970,0.02841,0.01918,-0.03697,0.99873,1.00,0.02463,-0.02773,0.00068,0.99931,0.02740,-0.00789,-0.03639,0.99893,1.00
9034,0.00375,0.02068,-0.03652,0.99911,0.02459,-0.00035,0.00001,0.99970,0.02830,0.01943,-0.03701,0.99873,1.00,0.02455,-0.02744,0.00067,0.99932,0.02728,-0.00764,-0.03643,0.99893,1.00
9045,0.00375,0.02061,-0.03661,0.99911,0.02458,-0.00027,0.00001,0.99970,0.02829,0.01943,-0.03710,0.99872,1.00,0.02455,-0.02735,0.00067,0.99932,0.02728,-0.00764,-0.03652,0.99893,1.00
9057,0.00372,0.02062,-0.03674,0.99911,0.02428,-0.00052,0.00001,0.99971,0.02796,0.01920,-0.03722,0.99873,1.00,0.02425,-0.02761,0.00067,0.99932,0.02695,-0.00787,-0.03665,0.99893,1.00
9068,0.00367,0.02064,-0.03687,0.99910,0.02428,-0.00073,0.00002,0.99971,0.02790,0.01900,-0.03735,0.99873,1.00,0.02425,-0.02782,0.00067,0.99932,0.02689,-0.00807,-0.03677,0.99893,1.00
9078,0.00363,0.02062,-0.03695,0.99910,0.02432,-0.00071,0.00002,0.99970,0.02790,0.01901,-0.03742,0.99873,1.00,0.02429,-0.02780,0.00068,0.99932,0.02689,-0.00806,-0.03685,0.99893,1.00
9090,0.00357,0.02058,-0.03701,0.99910,0.02457,-0.00082,0.00002,0.99970,0.02809,0.01885,-0.03748,0.99872,1.00,0.02455,-0.02791,0.00069,0.99931,0.02707,-0.00822,-0.03690,0.99892,1.00
9101,0.00351,0.02055,-0.03707,0.99910,0.02517,-0.00096,0.00002,0.99968,0.02862,0.01865,-0.03755,0.99871,1.00,0.02514,-0.02804,0.00071,0.99929,0.02760,-0.00842,-0.03695,0.99890,1.00
9112,0.00341,0.02047,-0.03712,0.99910,0.02526,-0.00087,0.00002,0.99968,0.02862,0.01865,-0.03761,0.99871,1.00,0.02523,-0.02796,0.00071,0.99929,0.02760,-0.00842,-0.03700,0.99890,1.00
9123,0.00340,0.02033,-0.03729,0.99909,0.02520,-0.00087,0.00002,0.99968,0.02855,0.01852,-0.03777,0.99871,1.00,0.02517,-0.02795,0.00070,0.99929,0.02752,-0.00855,-0.03716,0.99889,1.00
9134,0.00347,0.02020,-0.03739,0.99909,0.02505,-0.00082,0.00002,0.99969,0.02846,0.01843,-0.03787,0.99871,1.00,0.02502,-0.02791,0.00070,0.99930,0.02743,-0.00864,-0.03727,0.99889,1.00
9145,0.00360,0.02007,-0.03740,0.99909,0.02492,-0.00070,0.00002,0.99969,0.02846,0.01843,-0.03787,0.99871,1.00,0.02489,-0.02779,0.00069,0.99930,0.02743,-0.00864,-0.03728,0.99889,1.00
9156,0.00359,0.01995,-0.03741,0.99909,0.02420,-0.00148,0.00004,0.99971,0.02771,0.01756,-0.03785,0.99874,1.00,0.02416,-0.02856,0.00069,0.99930,0.02667,-0.00951,-0.03728,0.99890,1.00
9168,0.00365,0.01973,-0.03739,0.99910,0.02308,-0.00143,0.00003,0.99973,0.02666,0.01744,-0.03780,0.99878,1.00,0.02304,-0.02851,0.00066,0.99933,0.02561,-0.00963,-0.03726,0.99893,1.00
9179,0.00368,0.01966,-0.03751,0.99910,0.02305,-0.00135,0.00003,0.99973,0.02666,0.01744,-0.03793,0.99877,1.00,0.02301,-0.02843,0.00065,0.99933,0.02562,-0.00962,-0.03739,0.99893,1.00
9190,0.00386,0.01959,-0.03767,0.99909,0.02216,-0.00078,0.00002,0.99975,0.02597,0.01797,-0.03808,0.99878,1.00,0.02213,-0.02786,0.00062,0.99937,0.02493,-0.00909,-0.03757,0.99894,1.00
9201,0.00397,0.01946,-0.03770,0.99909,0.01930,0.00069,-0.00001,0.99981,0.02328,0.01942,-0.03808,0.99881,1.00,0.01928,-0.02639,0.00051,0.99947,0.02225,-0.00764,-0.03765,0.99901,1.00
9212,0.00405,0.01930,-0.03754,0.99910,0.01922,0.00084,-0.00002,0.99981,0.02328,0.01942,-0.03792,0.99882,1.00,0.01919,-0.02624,0.00050,0.99947,0.02224,-0.00765,-0.03749,0.99902,1.00
9223,0.00424,0.01924,-0.03742,0.99911,0.01915,0.00072,-0.00001,0.99982,0.02340,0.01924,-0.03779,0.99883,1.00,0.01911,-0.02636,0.00050,0.99947,0.02235,-0.00782,-0.03737,0.99902,1.00
9234,0.00435,0.01921,-0.03739,0.99911,0.02529,0.00031,-0.00001,0.99968,0.02962,0.01857,-0.03787,0.99867,1.00,0.02523,-0.02678,0.00068,0.99932,0.02856,-0.00850,-0.03729,0.99886,1.00
9246,0.00435,0.01922,-0.03752,0.99910,0.02528,0.00031,-0.00001,0.99968,0.02962,0.01857,-0.03800,0.99867,1.00,0.02523,-0.02678,0.00068,0.99932,0.02856,-0.00850,-0.03743,0.99886,1.00
9257,0.00433,0.01923,-0.03772,0.99909,0.02548,0.00017,0.00000,0.99968,0.02979,0.01844,-0.03820,0.99866,1.00,0.02544,-0.02692,0.00069,0.99931,0.02874,-0.00864,-0.03761,0.99884,1.00
9268,0.00430,0.01925,-0.03790,0.99909,0.02427,0.00780,-0.00019,0.99968,0.02884,0.02611,-0.03851,0.99850,1.00,0.02427,-0.01930,0.00047,0.99952,0.02783,-0.00096,-0.03797,0.99889,1.00
9280,0.00429,0.01920,-0.03794,0.99909,0.02428,0.00785,-0.00019,0.99967,0.02884,0.02612,-0.03856,0.99850,1.00,0.02428,-0.01925,0.00047,0.99952,0.02783,-0.00096,-0.03801,0.99889,1.00
9291,0.00430,0.01911,-0.03793,0.99909,0.02433,0.00898,-0.00022,0.99966,0.02894,0.02715,-0.03856,0.99847,1.00,0.02433,-0.01812,0.00044,0.99954,0.02792,0.00008,-0.03802,0.99889,1.00
9301,0.00418,0.01906,-0.03795,0.99909,0.02752,0.00789,-0.00022,0.99959,0.03197,0.02590,-0.03865,0.99841,1.00,0.02751,-0.01921,0.00053,0.99944,0.03095,-0.00118,-0.03801,0.99880,1.00
9313,0.00405,0.01896,-0.03797,0.99909,0.02765,0.00801,-0.00022,0.99959,0.03197,0.02590,-0.03867,0.99840,1.00,0.02764,-0.01910,0.00053,0.99944,0.03095,-0.00118,-0.03803,0.99880,1.00
9324,0.00397,0.01889,-0.03800,0.99909,0.02772,0.00389,-0.00011,0.99961,0.03181,0.02172,-0.03860,0.99851,1.00,0.02769,-0.02321,0.00064,0.99935,0.03077,-0.00536,-0.03795,0.99879,1.00
9335,0.00401,0.01881,-0.03799,0.99909,0.01529,0.00387,-0.00006,0.99988,0.01943,0.02209,-0.03831,0.99883,1.00,0.01527,-0.02321,0.00035,0.99961,0.01839,-0.00497,-0.03800,0.99910,1.00
9346,0.00412,0.01867,-0.03799,0.99910,0.01517,0.00400,-0.00006,0.99988,0.01943,0.02209,-0.03831,0.99883,1.00,0.01516,-0.02308,0.00035,0.99962,0.01839,-0.00497,-0.03800,0.99910,1.00
9358,0.00426,0.01856,-0.03795,0.99910,0.01497,0.00510,-0.00008,0.99987,0.01940,0.02308,-0.03828,0.99881,1.00,0.01495,-0.02198,0.00033,0.99965,0.01837,-0.00398,-0.03798,0.99910,1.00
9369,0.00432,0.01839,-0.03789,0.99910,0.01741,0.00699,-0.00012,0.99982,0.02198,0.02471,-0.03829,0.99872,1.00,0.01739,-0.02010,0.00035,0.99965,0.02094,-0.00236,-0.03793,0.99906,1.00
9380,0.00433,0.01824,-0.03771,0.99911,0.01740,0.00713,-0.00012,0.99982,0.02199,0.02470,-0.03812,0.99873,1.00,0.01737,-0.01995,0.00035,0.99965,0.02094,-0.00236,-0.03776,0.99906,1.00
9392,0.00432,0.01805,-0.03763,0.99912,0.01880,0.00863,-0.00016,0.99979,0.02342,0.02596,-0.03809,0.99866,1.00,0.01877,-0.01846,0.00035,0.99965,0.02238,-0.00111,-0.03769,0.99904,1.00
9403,0.00423,0.01792,-0.03753,0.99913,0.02232,0.00933,-0.00021,0.99971,0.02688,0.02640,-0.03809,0.99856,1.00,0.02229,-0.01776,0.00040,0.99959,0.02584,-0.00067,-0.03760,0.99896,1.00
9414,0.00421,0.01778,-0.03750,0.99913,0.02233,0.00947,-0.00021,0.99971,0.02688,0.02640,-0.03806,0.99857,1.00,0.02230,-0.01763,0.00039,0.99960,0.02584,-0.00067,-0.03757,0.99896,1.00
9425,0.00404,0.01767,-0.03746,0.99913,0.02253,0.00863,-0.00019,0.99971,0.02687,0.02544,-0.03801,0.99859,1.00,0.02250,-0.01847,0.00042,0.99958,0.02583,-0.00164,-0.03750,0.99896,1.00
9436,0.00393,0.01758,-0.03739,0.99914,0.02158,0.00942,-0.00020,0.99972,0.02584,0.02618,-0.03793,0.99860,1.00,0.02155,-0.01767,0.00038,0.99961,0.02481,-0.00089,-0.03744,0.99899,1.00
9447,0.00386,0.01751,-0.03732,0.99914,0.02157,0.00931,-0.00020,0.99972,0.02575,0.02600,-0.03786,0.99861,1.00,0.02154,-0.01779,0.00038,0.99961,0.02473,-0.00107,-0.03737,0.99900,1.00
9459,0.00390,0.01748,-0.03733,0.99914,0.02153,0.00933,-0.00020,0.99972,0.02575,0.02600,-0.03786,0.99861,1.00,0.02150,-0.01776,0.00038,0.99961,0.02473,-0.00107,-0.03738,0.99899,1.00
9469,0.00395,0.01744,-0.03727,0.99915,0.02179,0.00921,-0.00020,0.99972,0.02606,0.02583,-0.03780,0.99861,1.00,0.02176,-0.01788,0.00039,0.99960,0.02503,-0.00125,-0.03731,0.99899,1.00
9480,0.00406,0.01739,-0.03718,0.99915,0.02261,0.00693,-0.00016,0.99972,0.02690,0.02346,-0.03769,0.99865,1.00,0.02257,-0.02017,0.00046,0.99954,0.02587,-0.00361,-0.03718,0.99897,1.00
9492,0.00435,0.01736,-0.03705,0.99915,0.02231,0.00694,-0.00015,0.99973,0.02690,0.02346,-0.03755,0.99866,1.00,0.02228,-0.02015,0.00045,0.99955,0.02587,-0.00361,-0.03706,0.99897,1.00
9503,0.00455,0.01738,-0.03697,0.99916,0.02216,0.00683,-0.00015,0.99973,0.02695,0.02338,-0.03746,0.99866,1.00,0.02212,-0.02026,0.00045,0.99955,0.02592,-0.00369,-0.03698,0.99897,1.00
9514,0.00459,0.01742,-0.03703,0.99915,0.02194,0.00674,-0.00015,0.99974,0.02676,0.02334,-0.03752,0.99866,1.00,0.02191,-0.02035,0.00045,0.99955,0.02574,-0.00374,-0.03704,0.99898,1.00
9526,0.00458,0.01745,-0.03700,0.99915,0.02195,0.00670,-0.00015,0.99974,0.02676,0.02334,-0.03749,0.99867,1.00,0.02192,-0.02039,0.00045,0.99955,0.02574,-0.00374,-0.03701,0.99898,1.00
9537,0.00455,0.01752,-0.03699,0.99915,0.02217,0.00014,0.00000,0.99975,0.02670,0.01684,-0.03737,0.99880,1.00,0.02212,-0.02694,0.00060,0.99939,0.02566,-0.01023,-0.03688,0.99894,1.00
9547,0.00463,0.01761,-0.03701,0.99915,0.02377,-0.00009,0.00000,0.99972,0.02837,0.01663,-0.03742,0.99876,1.00,0.02372,-0.02718,0.00065,0.99935,0.02733,-0.01044,-0.03689,0.99889,1.00
9560,0.00473,0.01767,-0.03702,0.99915,0.02367,-0.00015,0.00000,0.99972,0.02837,0.01663,-0.03742,0.99876,1.00,0.02363,-0.02724,0.00064,0.99935,0.02733,-0.01044,-0.03690,0.99889,1.00
9571,0.00486,0.01771,-0.03695,0.99915,0.02361,0.00003,0.00000,0.99972,0.02845,0.01686,-0.03736,0.99875,1.00,0.02356,-0.02706,0.00064,0.99936,0.02741,-0.01021,-0.03684,0.99889,1.00
9581,0.00500,0.01768,-0.03675,0.99916,0.02347,0.00005,0.00000,0.99972,0.02846,0.01686,-0.03716,0.99876,1.00,0.02341,-0.02704,0.00063,0.99936,0.02741,-0.01021,-0.03665,0.99890,1.00
9592,0.00512,0.01772,-0.03659,0.99916,0.02253,0.00124,-0.00003,0.99975,0.02767,0.01813,-0.03700,0.99877,1.00,0.02247,-0.02585,0.00058,0.99941,0.02663,-0.00894,-0.03652,0.99894,1.00
9604,0.00517,0.01757,-0.03641,0.99917,0.02093,0.00144,-0.00003,0.99978,0.02614,0.01824,-0.03679,0.99881,1.00,0.02087,-0.02564,0.00054,0.99945,0.02510,-0.00882,-0.03635,0.99898,1.00
9615,0.00526,0.01744,-0.03626,0.99918,0.02038,0.00123,-0.00003,0.99979,0.02567,0.01793,-0.03663,0.99884,1.00,0.02032,-0.02585,0.00053,0.99946,0.02463,-0.00914,-0.03620,0.99900,1.00
9627,0.00537,0.01726,-0.03613,0.99918,0.02027,0.00140,-0.00003,0.99979,0.02567,0.01792,-0.03649,0.99884,1.00,0.02020,-0.02568,0.00052,0.99947,0.02463,-0.00914,-0.03608,0.99900,1.00
9637,0.00548,0.01708,-0.03599,0.99919,0.02030,0.00065,-0.00001,0.99979,0.02578,0.01699,-0.03634,0.99886,1.00,0.02023,-0.02643,0.00054,0.99945,0.02474,-0.01008,-0.03592,0.99900,1.00
9648,0.00550,0.01686,-0.03582,0.99920,0.02325,0.00072,-0.00002,0.99973,0.02876,0.01674,-0.03622,0.99879,1.00,0.02318,-0.02637,0.00061,0.99938,0.02773,-0.01033,-0.03573,0.99892,1.00
9660,0.00555,0.01665,-0.03567,0.99921,0.02319,0.00092,-0.00002,0.99973,0.02876,0.01674,-0.03606,0.99880,1.00,0.02311,-0.02616,0.00061,0.99939,0.02772,-0.01033,-0.03558,0.99893,1.00
9670,0.00549,0.01644,-0.03552,0.99922,0.02339,0.00092,-0.00002,0.99973,0.02889,0.01652,-0.03592,0.99880,1.00,0.02331,-0.02617,0.00061,0.99939,0.02786,-0.01055,-0.03542,0.99893,1.00
9681,0.00556,0.01624,-0.03547,0.99922,0.02298,-0.00016,0.00000,0.99974,0.02851,0.01525,-0.03583,0.99883,1.00,0.02291,-0.02725,0.00062,0.99937,0.02749,-0.01182,-0.03534,0.99893,1.00
9693,0.00548,0.01611,-0.03550,0.99923,0.02305,-0.00003,0.00000,0.99973,0.02851,0.01525,-0.03586,0.99883,1.00,0.02298,-0.02711,0.00062,0.99937,0.02749,-0.01182,-0.03537,0.99893,1.00
9704,0.00538,0.01592,-0.03551,0.99923,0.02042,-0.00012,0.00000,0.99979,0.02578,0.01508,-0.03583,0.99891,1.00,0.02037,-0.02719,0.00055,0.99942,0.02478,-0.01199,-0.03541,0.99899,1.00
9715,0.00531,0.01584,-0.03558,0.99923,0.02049,-0.00012,0.00000,0.99979,0.02578,0.01499,-0.03590,0.99891,1.00,0.02045,-0.02720,0.00056,0.99942,0.02478,-0.01207,-0.03547,0.99899,1.00
9728,0.00521,0.01582,-0.03550,0.99923,0.02060,-0.00010,0.00000,0.99979,0.02578,0.01499,-0.03582,0.99891,1.00,0.02055,-0.02718,0.00056,0.99942,0.02478,-0.01208,-0.03539,0.99899,1.00
9738,0.00520,0.01575,-0.03552,0.99923,0.02155,0.00159,-0.00003,0.99977,0.02679,0.01658,-0.03587,0.99886,1.00,0.02151,-0.02549,0.00055,0.99944,0.02580,-0.01049,-0.03542,0.99898,1.00
9749,0.00522,0.01578,-0.03561,0.99923,0.02145,0.00223,-0.00005,0.99977,0.02673,0.01725,-0.03598,0.99885,1.00,0.02142,-0.02485,0.00053,0.99946,0.02574,-0.00983,-0.03553,0.99899,1.00
9760,0.00524,0.01589,-0.03576,0.99922,0.02142,0.00213,-0.00005,0.99977,0.02673,0.01725,-0.03613,0.99884,1.00,0.02140,-0.02496,0.00053,0.99946,0.02574,-0.00982,-0.03568,0.99898,1.00
9771,0.00521,0.01599,-0.03584,0.99922,0.02144,0.00195,-0.00004,0.99977,0.02670,0.01717,-0.03620,0.99884,1.00,0.02142,-0.02514,0.00054,0.99945,0.02572,-0.00990,-0.03575,0.99898,1.00
9782,0.00510,0.01610,-0.03586,0.99921,0.02095,0.00035,-0.00001,0.99978,0.02604,0.01570,-0.03619,0.99888,1.00,0.02092,-0.02673,0.00056,0.99942,0.02505,-0.01137,-0.03575,0.99898,1.00
9794,0.00479,0.01631,-0.03578,0.99922,0.02126,0.00016,0.00000,0.99977,0.02604,0.01570,-0.03612,0.99888,1.00,0.02123,-0.02692,0.00057,0.99941,0.02505,-0.01137,-0.03566,0.99899,1.00
9805,0.00467,0.01645,-0.03573,0.99922,0.02191,0.00010,0.00000,0.99976,0.02656,0.01576,-0.03608,0.99887,1.00,0.02187,-0.02699,0.00059,0.99940,0.02556,-0.01131,-0.03560,0.99898,1.00
9815,0.00469,0.01660,-0.03579,0.99921,0.02114,0.00009,0.00000,0.99978,0.02581,0.01592,-0.03614,0.99889,1.00,0.02110,-0.02700,0.00057,0.99941,0.02481,-0.01114,-0.03568,0.99899,1.00
9827,0.00473,0.01671,-0.03578,0.99921,0.02110,-0.00003,0.00000,0.99978,0.02581,0.01592,-0.03612,0.99889,1.00,0.02106,-0.02711,0.00057,0.99941,0.02481,-0.01114,-0.03567,0.99899,1.00
9837,0.00495,0.01677,-0.03577,0.99921,0.02113,-0.00071,0.00002,0.99978,0.02604,0.01530,-0.03610,0.99889,1.00,0.02109,-0.02779,0.00059,0.99939,0.02504,-0.01177,-0.03565,0.99898,1.00
9848,0.00515,0.01677,-0.03567,0.99921,0.02088,-0.00075,0.00002,0.99978,0.02598,0.01526,-0.03600,0.99890,1.00,0.02083,-0.02783,0.00058,0.99940,0.02498,-0.01180,-0.03556,0.99899,1.00
9860,0.00526,0.01678,-0.03557,0.99921,0.02077,-0.00078,0.00002,0.99978,0.02598,0.01526,-0.03590,0.99890,1.00,0.02072,-0.02786,0.00058,0.99940,0.02498,-0.01181,-0.03547,0.99899,1.00
9871,0.00527,0.01680,-0.03562,0.99921,0.02084,-0.00222,0.00005,0.99978,0.02602,0.01384,-0.03593,0.99892,1.00,0.02079,-0.02929,0.00061,0.99935,0.02501,-0.01323,-0.03549,0.99897,1.00
9882,0.00532,0.01671,-0.03562,0.99921,0.02063,-0.00204,0.00004,0.99979,0.02585,0.01393,-0.03592,0.99892,1.00,0.02058,-0.02912,0.00060,0.99936,0.02485,-0.01314,-0.03549,0.99897,1.00
9893,0.00530,0.01658,-0.03565,0.99921,0.02064,-0.00192,0.00004,0.99979,0.02585,0.01393,-0.03596,0.99892,1.00,0.02060,-0.02900,0.00060,0.99937,0.02485,-0.01314,-0.03553,0.99897,1.00
9904,0.00527,0.01649,-0.03574,0.99921,0.01988,-0.00123,0.00002,0.99980,0.02509,0.01454,-0.03605,0.99893,1.00,0.01984,-0.02831,0.00056,0.99940,0.02410,-0.01252,-0.03564,0.99900,1.00
9915,0.00523,0.01638,-0.03583,0.99921,0.01978,0.00020,0.00000,0.99980,0.02500,0.01587,-0.03615,0.99891,1.00,0.01976,-0.02688,0.00053,0.99944,0.02401,-0.01120,-0.03575,0.99901,1.00
9927,0.00518,0.01628,-0.03592,0.99921,0.01982,0.00031,-0.00001,0.99980,0.02500,0.01587,-0.03624,0.99890,1.00,0.01980,-0.02677,0.00053,0.99945,0.02401,-0.01119,-0.03583,0.99901,1.00
9938,0.00515,0.01621,-0.03601,0.99921,0.01986,0.00027,-0.00001,0.99980,0.02500,0.01577,-0.03633,0.99890,1.00,0.01984,-0.02681,0.00053,0.99944,0.02401,-0.01130,-0.03591,0.99900,1.00
9948,0.00515,0.01619,-0.03611,0.99920,0.02040,-0.00126,0.00003,0.99979,0.02549,0.01419,-0.03641,0.99891,1.00,0.02038,-0.02834,0.00058,0.99939,0.02450,-0.01287,-0.03598,0.99897,1.00
9960,0.00519,0.01623,-0.03622,0.99920,0.02036,-0.00130,0.00003,0.99979,0.02549,0.01419,-0.03652,0.99891,1.00,0.02034,-0.02837,0.00058,0.99939,0.02450,-0.01287,-0.03609,0.99897,1.00
9971,0.00517,0.01629,-0.03636,0.99919,0.02038,-0.00151,0.00003,0.99979,0.02547,0.01403,-0.03666,0.99890,1.00,0.02036,-0.02859,0.00058,0.99938,0.02448,-0.01303,-0.03623,0.99896,1.00
9981,0.00507,0.01647,-0.03645,0.99919,0.02021,-0.00165,0.00003,0.99979,0.02520,0.01407,-0.03675,0.99891,1.00,0.02019,-0.02873,0.00058,0.99938,0.02420,-0.01299,-0.03633,0.99896,1.00
9994,0.00496,0.01658,-0.03647,0.99919,0.02033,-0.00176,0.00004,0.99979,0.02520,0.01407,-0.03677,0.99891,1.00,0.02030,-0.02884,0.00059,0.99938,0.02420,-0.01299,-0.03634,0.99896,1.00
10004,0.00484,0.01673,-0.03645,0.99918,0.01987,0.00124,-0.00002,0.99980,0.02473,0.01724,-0.03679,0.99887,1.00,0.01985,-0.02584,0.00051,0.99947,0.02373,-0.00983,-0.03637,0.99901,1.00
10015,0.00476,0.01687,-0.03646,0.99918,0.01985,0.00121,-0.00002,0.99980,0.02464,0.01735,-0.03680,0.99887,1.00,0.01983,-0.02587,0.00051,0.99947,0.02364,-0.00972,-0.03638,0.99901,1.00
10027,0.00484,0.01703,-0.03644,0.99918,0.01978,0.00104,-0.00002,0.99980,0.02464,0.01735,-0.03679,0.99887,1.00,0.01976,-0.02604,0.00051,0.99947,0.02364,-0.00972,-0.03637,0.99901,1.00
10038,0.00486,0.01715,-0.03641,0.99918,0.01965,-0.00072,0.00001,0.99981,0.02446,0.01571,-0.03673,0.99890,1.00,0.01961,-0.02780,0.00055,0.99942,0.02345,-0.01136,-0.03631,0.99900,1.00
10049,0.00496,0.01721,-0.03627,0.99918,0.01967,-0.00076,0.00001,0.99981,0.02458,0.01574,-0.03659,0.99890,1.00,0.01963,-0.02784,0.00055,0.99942,0.02356,-0.01133,-0.03618,0.99900,1.00
10060,0.00499,0.01725,-0.03620,0.99918,0.01964,-0.00080,0.00002,0.99981,0.02458,0.01574,-0.03652,0.99891,1.00,0.01959,-0.02788,0.00055,0.99942,0.02356,-0.01133,-0.03611,0.99901,1.00
10071,0.00507,0.01716,-0.03608,0.99919,0.02212,-0.00055,0.00001,0.99976,0.02715,0.01581,-0.03644,0.99884,1.00,0.02206,-0.02763,0.00061,0.99937,0.02612,-0.01126,-0.03597,0.99895,1.00
10082,0.00509,0.01706,-0.03606,0.99919,0.02214,-0.00124,0.00003,0.99975,0.02717,0.01502,-0.03641,0.99885,1.00,0.02209,-0.02832,0.00063,0.99935,0.02615,-0.01205,-0.03594,0.99894,1.00
10094,0.00503,0.01688,-0.03608,0.99919,0.02220,-0.00106,0.00002,0.99975,0.02717,0.01502,-0.03643,0.99885,1.00,0.02214,-0.02814,0.00062,0.99936,0.02615,-0.01205,-0.03595,0.99894,1.00
10104,0.00489,0.01658,-0.03616,0.99920,0.02126,-0.00018,0.00000,0.99977,0.02613,0.01563,-0.03650,0.99887,1.00,0.02122,-0.02726,0.00058,0.99940,0.02512,-0.01144,-0.03605,0.99897,1.00
10115,0.00490,0.01637,-0.03631,0.99919,0.02105,-0.00104,0.00002,0.99978,0.02589,0.01456,-0.03663,0.99889,1.00,0.02101,-0.02812,0.00059,0.99938,0.02488,-0.01251,-0.03618,0.99896,1.00
10127,0.00504,0.01621,-0.03657,0.99919,0.02090,-0.00088,0.00002,0.99978,0.02589,0.01456,-0.03689,0.99888,1.00,0.02088,-0.02796,0.00058,0.99939,0.02489,-0.01250,-0.03645,0.99895,1.00
10138,0.00522,0.01609,-0.03675,0.99918,0.01929,-0.00076,0.00001,0.99981,0.02446,0.01462,-0.03704,0.99891,1.00,0.01928,-0.02784,0.00054,0.99943,0.02346,-0.01244,-0.03665,0.99898,1.00
10149,0.00532,0.01604,-0.03676,0.99918,0.01923,-0.00271,0.00005,0.99981,0.02444,0.01262,-0.03703,0.99894,1.00,0.01921,-0.02979,0.00057,0.99937,0.02343,-0.01444,-0.03663,0.99895,1.00
10160,0.00537,0.01608,-0.03675,0.99918,0.01918,-0.00276,0.00005,0.99981,0.02444,0.01262,-0.03701,0.99894,1.00,0.01916,-0.02983,0.00057,0.99937,0.02343,-0.01444,-0.03662,0.99895,1.00
10171,0.00543,0.01615,-0.03670,0.99918,0.01944,-0.00351,0.00007,0.99981,0.02472,0.01192,-0.03696,0.99894,1.00,0.01940,-0.03058,0.00059,0.99934,0.02370,-0.01513,-0.03656,0.99894,1.00
10182,0.00544,0.01629,-0.03667,0.99918,0.02055,-0.00414,0.00009,0.99978,0.02583,0.01140,-0.03694,0.99892,1.00,0.02051,-0.03121,0.00064,0.99930,0.02479,-0.01566,-0.03651,0.99890,1.00
10194,0.00545,0.01654,-0.03660,0.99918,0.02055,-0.00439,0.00009,0.99978,0.02583,0.01140,-0.03687,0.99892,1.00,0.02050,-0.03146,0.00065,0.99929,0.02479,-0.01566,-0.03644,0.99891,1.00
10205,0.00545,0.01680,-0.03655,0.99918,0.02065,-0.00461,0.00010,0.99978,0.02592,0.01143,-0.03682,0.99892,1.00,0.02060,-0.03169,0.00065,0.99929,0.02488,-0.01563,-0.03639,0.99891,1.00
10216,0.00540,0.01698,-0.03647,0.99918,0.02004,-0.00463,0.00009,0.99979,0.02525,0.01162,-0.03674,0.99894,1.00,0.01998,-0.03170,0.00063,0.99930,0.02421,-0.01544,-0.03632,0.99893,1.00
10227,0.00539,0.01713,-0.03633,0.99918,0.02005,-0.00478,0.00010,0.99979,0.02525,0.01162,-0.03660,0.99894,1.00,0.01998,-0.03185,0.00064,0.99929,0.02421,-0.01544,-0.03618,0.99893,1.00
10238,0.00532,0.01720,-0.03620,0.99918,0.01910,-0.00545,0.00010,0.99980,0.02421,0.01106,-0.03645,0.99898,1.00,0.01903,-0.03251,0.00062,0.99929,0.02316,-0.01599,-0.03606,0.99895,1.00
10248,0.00538,0.01726,-0.03617,0.99918,0.01816,-0.00528,0.00010,0.99982,0.02333,0.01132,-0.03641,0.99900,1.00,0.01810,-0.03234,0.00059,0.99931,0.02230,-0.01573,-0.03605,0.99898,1.00
10260,0.00538,0.01731,-0.03614,0.99918,0.01816,-0.00534,0.00010,0.99982,0.02333,0.01132,-0.03638,0.99900,1.00,0.01810,-0.03240,0.00059,0.99931,0.02230,-0.01573,-0.03602,0.99898,1.00
10270,0.00538,0.01729,-0.03610,0.99918,0.01900,-0.00326,0.00006,0.99981,0.02425,0.01334,-0.03638,0.99895,1.00,0.01894,-0.03033,0.00057,0.99936,0.02322,-0.01371,-0.03599,0.99899,1.00
10282,0.00534,0.01725,-0.03604,0.99919,0.01911,-0.00310,0.00006,0.99981,0.02433,0.01346,-0.03632,0.99895,1.00,0.01906,-0.03017,0.00058,0.99936,0.02330,-0.01360,-0.03593,0.99899,1.00
10294,0.00503,0.01720,-0.03585,0.99920,0.01942,-0.00304,0.00006,0.99981,0.02433,0.01346,-0.03613,0.99896,1.00,0.01936,-0.03011,0.00058,0.99936,0.02330,-0.01360,-0.03572,0.99900,1.00
10303,0.00474,0.01717,-0.03577,0.99920,0.01969,-0.00547,0.00011,0.99979,0.02421,0.01099,-0.03602,0.99900,1.00,0.01962,-0.03254,0.00064,0.99928,0.02318,-0.01606,-0.03560,0.99897,1.00
10315,0.00444,0.01721,-0.03584,0.99920,0.01984,-0.00549,0.00011,0.99979,0.02406,0.01100,-0.03609,0.99900,1.00,0.01978,-0.03256,0.00064,0.99927,0.02304,-0.01605,-0.03565,0.99897,1.00
10326,0.00424,0.01718,-0.03589,0.99920,0.02003,-0.00546,0.00011,0.99978,0.02406,0.01101,-0.03614,0.99900,1.00,0.01997,-0.03252,0.00065,0.99927,0.02304,-0.01605,-0.03569,0.99897,1.00
10337,0.00389,0.01717,-0.03587,0.99920,0.02135,-0.00485,0.00010,0.99976,0.02506,0.01155,-0.03614,0.99897,1.00,0.02130,-0.03192,0.00068,0.99926,0.02404,-0.01551,-0.03566,0.99895,1.00
10348,0.00348,0.01715,-0.03586,0.99920,0.02144,-0.00449,0.00010,0.99976,0.02474,0.01189,-0.03614,0.99897,1.00,0.02138,-0.03156,0.00068,0.99927,0.02372,-0.01517,-0.03564,0.99897,1.00
10359,0.00321,0.01722,-0.03580,0.99921,0.02171,-0.00455,0.00010,0.99975,0.02474,0.01189,-0.03608,0.99897,1.00,0.02165,-0.03163,0.00069,0.99927,0.02372,-0.01517,-0.03557,0.99897,1.00
10371,0.00302,0.01715,-0.03569,0.99921,0.02040,-0.00449,0.00009,0.99978,0.02325,0.01192,-0.03595,0.99901,1.00,0.02035,-0.03157,0.00064,0.99929,0.02223,-0.01513,-0.03546,0.99901,1.00
10382,0.00299,0.01710,-0.03564,0.99921,0.02000,-0.00394,0.00008,0.99979,0.02284,0.01244,-0.03591,0.99902,1.00,0.01995,-0.03101,0.00062,0.99932,0.02182,-0.01461,-0.03544,0.99903,1.00
10394,0.00288,0.01709,-0.03567,0.99921,0.02011,-0.00393,0.00008,0.99979,0.02283,0.01244,-0.03594,0.99902,1.00,0.02005,-0.03100,0.00062,0.99932,0.02182,-0.01461,-0.03546,0.99903,1.00
10404,0.00281,0.01709,-0.03560,0.99922,0.02047,-0.00396,0.00008,0.99978,0.02313,0.01240,-0.03587,0.99901,1.00,0.02041,-0.03103,0.00063,0.99931,0.02211,-0.01466,-0.03538,0.99902,1.00
10415,0.00285,0.01704,-0.03532,0.99923,0.02081,-0.00435,0.00009,0.99977,0.02349,0.01195,-0.03559,0.99902,1.00,0.02074,-0.03142,0.00065,0.99929,0.02247,-0.01510,-0.03509,0.99902,1.00
10426,0.00296,0.01702,-0.03515,0.99923,0.02070,-0.00435,0.00009,0.99978,0.02349,0.01195,-0.03542,0.99903,1.00,0.02062,-0.03142,0.00065,0.99929,0.02247,-0.01511,-0.03492,0.99902,1.00
10437,0.00312,0.01701,-0.03496,0.99924,0.02039,-0.00560,0.00011,0.99978,0.02330,0.01070,-0.03520,0.99905,1.00,0.02030,-0.03266,0.00066,0.99926,0.02227,-0.01636,-0.03472,0.99901,1.00
10448,0.00324,0.01695,-0.03485,0.99924,0.02039,-0.00435,0.00009,0.99978,0.02346,0.01188,-0.03511,0.99904,1.00,0.02031,-0.03142,0.00064,0.99930,0.02245,-0.01518,-0.03463,0.99903,1.00
10459,0.00334,0.01689,-0.03480,0.99925,0.02029,-0.00430,0.00009,0.99978,0.02346,0.01188,-0.03506,0.99904,1.00,0.02021,-0.03137,0.00063,0.99930,0.02245,-0.01518,-0.03459,0.99903,1.00
10471,0.00345,0.01679,-0.03471,0.99925,0.02026,-0.00516,0.00010,0.99978,0.02351,0.01092,-0.03496,0.99905,1.00,0.02018,-0.03223,0.00065,0.99928,0.02250,-0.01613,-0.03449,0.99902,1.00
10481,0.00350,0.01671,-0.03467,0.99925,0.02165,-0.00515,0.00011,0.99975,0.02495,0.01081,-0.03493,0.99902,1.00,0.02157,-0.03222,0.00070,0.99925,0.02395,-0.01624,-0.03442,0.99899,1.00
10493,0.00363,0.01658,-0.03463,0.99926,0.02152,-0.00502,0.00011,0.99976,0.02495,0.01081,-0.03489,0.99902,1.00,0.02144,-0.03209,0.00069,0.99925,0.02395,-0.01625,-0.03439,0.99899,1.00
10504,0.00354,0.01643,-0.03464,0.99926,0.02179,-0.00495,0.00011,0.99975,0.02515,0.01072,-0.03490,0.99902,1.00,0.02172,-0.03202,0.00070,0.99925,0.02415,-0.01634,-0.03439,0.99898,1.00
10515,0.00342,0.01630,-0.03458,0.99926,0.02203,-0.00469,0.00010,0.99975,0.02527,0.01084,-0.03485,0.99901,1.00,0.02196,-0.03176,0.00070,0.99925,0.02428,-0.01622,-0.03433,0.99898,1.00
10527,0.00338,0.01626,-0.03458,0.99926,0.02207,-0.00465,0.00010,0.99975,0.02527,0.01084,-0.03485,0.99901,1.00,0.02200,-0.03172,0.00070,0.99925,0.02428,-0.01622,-0.03432,0.99898,1.00
10537,0.00315,0.01615,-0.03456,0.99927,0.02233,-0.00462,0.00010,0.99974,0.02530,0.01076,-0.03482,0.99902,1.00,0.02227,-0.03169,0.00071,0.99925,0.02431,-0.01630,-0.03429,0.99898,1.00
10548,0.00317,0.01613,-0.03459,0.99927,0.02298,-0.00186,0.00004,0.99973,0.02607,0.01347,-0.03492,0.99896,1.00,0.02293,-0.02895,0.00066,0.99932,0.02509,-0.01360,-0.03437,0.99900,1.00
10560,0.00328,0.01604,-0.03460,0.99927,0.02287,-0.00178,0.00004,0.99974,0.02607,0.01347,-0.03492,0.99896,1.00,0.02282,-0.02886,0.00066,0.99932,0.02509,-0.01360,-0.03438,0.99900,1.00
10571,0.00341,0.01600,-0.03464,0.99927,0.02323,0.00752,-0.00017,0.99970,0.02688,0.02271,-0.03515,0.99876,1.00,0.02321,-0.01957,0.00045,0.99954,0.02593,-0.00437,-0.03461,0.99906,1.00
10581,0.00344,0.01597,-0.03465,0.99927,0.02337,0.00745,-0.00017,0.99970,0.02705,0.02260,-0.03516,0.99876,1.00,0.02335,-0.01964,0.00046,0.99953,0.02610,-0.00448,-0.03462,0.99905,1.00
10593,0.00339,0.01591,-0.03467,0.99927,0.02342,0.00751,-0.00018,0.99970,0.02705,0.02260,-0.03518,0.99876,1.00,0.02340,-0.01959,0.00046,0.99953,0.02610,-0.00448,-0.03463,0.99905,1.00
10604,0.00330,0.01589,-0.03469,0.99927,0.02383,0.00682,-0.00016,0.99969,0.02735,0.02188,-0.03520,0.99877,1.00,0.02381,-0.02027,0.00048,0.99951,0.02640,-0.00520,-0.03464,0.99904,1.00
10615,0.00324,0.01592,-0.03478,0.99926,0.02446,0.00672,-0.00016,0.99968,0.02791,0.02178,-0.03530,0.99875,1.00,0.02444,-0.02038,0.00050,0.99949,0.02696,-0.00530,-0.03472,0.99902,1.00
10626,0.00311,0.01595,-0.03482,0.99926,0.02458,0.00670,-0.00016,0.99968,0.02791,0.02178,-0.03534,0.99875,1.00,0.02457,-0.02040,0.00050,0.99949,0.02696,-0.00530,-0.03476,0.99902,1.00
10637,0.00307,0.01600,-0.03473,0.99926,0.02458,0.00682,-0.00017,0.99967,0.02787,0.02196,-0.03526,0.99875,1.00,0.02456,-0.02027,0.00050,0.99949,0.02692,-0.00512,-0.03467,0.99902,1.00
10648,0.00317,0.01608,-0.03459,0.99927,0.02542,0.00673,-0.00017,0.99965,0.02879,0.02192,-0.03514,0.99873,1.00,0.02539,-0.02037,0.00052,0.99947,0.02784,-0.00516,-0.03453,0.99900,1.00
10661,0.00324,0.01622,-0.03452,0.99927,0.02535,0.00658,-0.00017,0.99966,0.02879,0.02192,-0.03507,0.99873,1.00,0.02531,-0.02052,0.00052,0.99947,0.02784,-0.00516,-0.03446,0.99901,1.00
10671,0.00330,0.01634,-0.03453,0.99926,0.02589,0.00641,-0.00017,0.99964,0.02938,0.02185,-0.03508,0.99871,1.00,0.02585,-0.02069,0.00054,0.99945,0.02842,-0.00524,-0.03446,0.99899,1.00
10682,0.00326,0.01646,-0.03451,0.99926,0.02594,0.00540,-0.00014,0.99965,0.02937,0.02096,-0.03505,0.99873,1.00,0.02591,-0.02170,0.00056,0.99943,0.02842,-0.00613,-0.03443,0.99898,1.00
10694,0.00323,0.01650,-0.03450,0.99926,0.02598,0.00536,-0.00014,0.99965,0.02937,0.02095,-0.03504,0.99873,1.00,0.02595,-0.02174,0.00056,0.99943,0.02842,-0.00613,-0.03442,0.99898,1.00
10705,0.00326,0.01661,-0.03452,0.99926,0.02481,0.00538,-0.00013,0.99968,0.02823,0.02113,-0.03503,0.99876,1.00,0.02478,-0.02172,0.00054,0.99946,0.02728,-0.00596,-0.03444,0.99902,1.00
10715,0.00334,0.01670,-0.03458,0.99926,0.02472,0.00312,-0.00008,0.99969,0.02815,0.01895,-0.03505,0.99881,1.00,0.02469,-0.02398,0.00059,0.99941,0.02719,-0.00813,-0.03446,0.99900,1.00
10727,0.00339,0.01674,-0.03455,0.99926,0.02468,0.00307,-0.00008,0.99969,0.02815,0.01895,-0.03502,0.99881,1.00,0.02465,-0.02402,0.00059,0.99941,0.02719,-0.00813,-0.03443,0.99900,1.00
10738,0.00349,0.01677,-0.03449,0.99926,0.02461,0.00316,-0.00008,0.99969,0.02819,0.01907,-0.03496,0.99881,1.00,0.02458,-0.02394,0.00059,0.99941,0.02723,-0.00801,-0.03438,0.99901,1.00
10749,0.00356,0.01686,-0.03442,0.99926,0.02479,0.00540,-0.00013,0.99968,0.02852,0.02139,-0.03494,0.99875,1.00,0.02476,-0.02170,0.00054,0.99946,0.02756,-0.00569,-0.03436,0.99901,1.00
10760,0.00363,0.01686,-0.03439,0.99926,0.02472,0.00539,-0.00013,0.99968,0.02852,0.02139,-0.03491,0.99875,1.00,0.02468,-0.02171,0.00054,0.99946,0.02756,-0.00569,-0.03433,0.99901,1.00
10770,0.00378,0.01689,-0.03439,0.99926,0.02234,0.00609,-0.00014,0.99973,0.02630,0.02220,-0.03487,0.99880,1.00,0.02231,-0.02100,0.00047,0.99953,0.02535,-0.00488,-0.03436,0.99908,1.00
10782,0.00384,0.01687,-0.03442,0.99926,0.02198,0.00618,-0.00014,0.99974,0.02601,0.02229,-0.03489,0.99880,1.00,0.02195,-0.02091,0.00046,0.99954,0.02507,-0.00479,-0.03439,0.99908,1.00
10793,0.00385,0.01675,-0.03438,0.99926,0.02197,0.00630,-0.00014,0.99974,0.02602,0.02228,-0.03485,0.99881,1.00,0.02194,-0.02079,0.00046,0.99954,0.02507,-0.00479,-0.03435,0.99908,1.00
10805,0.00381,0.01662,-0.03431,0.99927,0.02186,0.00609,-0.00013,0.99974,0.02586,0.02195,-0.03478,0.99882,1.00,0.02183,-0.02100,0.00046,0.99954,0.02491,-0.00512,-0.03428,0.99909,1.00
10816,0.00385,0.01656,-0.03420,0.99927,0.02216,0.00599,-0.00013,0.99974,0.02620,0.02178,-0.03467,0.99882,1.00,0.02213,-0.02110,0.00047,0.99953,0.02525,-0.00530,-0.03417,0.99908,1.00
10828,0.00389,0.01652,-0.03411,0.99927,0.02213,0.00602,-0.00013,0.99974,0.02620,0.02178,-0.03458,0.99882,1.00,0.02209,-0.02107,0.00047,0.99953,0.02525,-0.00530,-0.03408,0.99909,1.00
10838,0.00394,0.01655,-0.03418,0.99927,0.02485,0.00598,-0.00015,0.99967,0.02897,0.02167,-0.03470,0.99874,1.00,0.02482,-0.02112,0.00052,0.99947,0.02802,-0.00541,-0.03413,0.99901,1.00
10849,0.00388,0.01660,-0.03428,0.99927,0.02496,0.00569,-0.00014,0.99967,0.02901,0.02143,-0.03481,0.99874,1.00,0.02494,-0.02140,0.00053,0.99946,0.02807,-0.00565,-0.03423,0.99900,1.00
10861,0.00381,0.01660,-0.03440,0.99926,0.02503,0.00570,-0.00014,0.99967,0.02901,0.02144,-0.03492,0.99874,1.00,0.02501,-0.02139,0.00054,0.99946,0.02807,-0.00565,-0.03434,0.99900,1.00
10871,0.00383,0.01659,-0.03445,0.99926,0.02494,0.00604,-0.00015,0.99967,0.02895,0.02176,-0.03498,0.99873,1.00,0.02492,-0.02106,0.00053,0.99947,0.02802,-0.00532,-0.03441,0.99900,1.00
10882,0.00374,0.01659,-0.03444,0.99926,0.02492,0.00923,-0.00023,0.99965,0.02896,0.02495,-0.03504,0.99865,1.00,0.02491,-0.01787,0.00045,0.99953,0.02803,-0.00213,-0.03446,0.99901,1.00
10894,0.00374,0.01656,-0.03447,0.99926,0.02492,0.00926,-0.00023,0.99965,0.02896,0.02495,-0.03506,0.99865,1.00,0.02491,-0.01784,0.00044,0.99953,0.02803,-0.00213,-0.03449,0.99901,1.00
10905,0.00381,0.01653,-0.03467,0.99925,0.02416,0.00928,-0.00022,0.99967,0.02827,0.02497,-0.03525,0.99867,1.00,0.02416,-0.01781,0.00043,0.99955,0.02734,-0.00211,-0.03469,0.99902,1.00
10915,0.00377,0.01651,-0.03497,0.99924,0.02340,0.00857,-0.00020,0.99969,0.02745,0.02425,-0.03552,0.99870,1.00,0.02342,-0.01853,0.00043,0.99955,0.02652,-0.00283,-0.03498,0.99903,1.00
10928,0.00357,0.01636,-0.03498,0.99925,0.02359,0.00872,-0.00021,0.99968,0.02745,0.02425,-0.03553,0.99870,1.00,0.02361,-0.01838,0.00043,0.99955,0.02652,-0.00283,-0.03499,0.99903,1.00
10938,0.00313,0.01633,-0.03487,0.99925,0.02405,0.00754,-0.00018,0.99968,0.02742,0.02303,-0.03541,0.99873,1.00,0.02404,-0.01955,0.00047,0.99952,0.02648,-0.00405,-0.03484,0.99903,1.00
10950,0.00277,0.01637,-0.03467,0.99926,0.02608,0.00564,-0.00015,0.99964,0.02902,0.02110,-0.03522,0.99874,1.00,0.02605,-0.02146,0.00056,0.99943,0.02806,-0.00598,-0.03458,0.99899,1.00
10961,0.00244,0.01646,-0.03433,0.99927,0.02642,0.00555,-0.00015,0.99964,0.02903,0.02109,-0.03489,0.99875,1.00,0.02637,-0.02155,0.00057,0.99942,0.02806,-0.00599,-0.03423,0.99900,1.00
10971,0.00220,0.01653,-0.03393,0.99929,0.02638,0.00591,-0.00016,0.99963,0.02876,0.02154,-0.03450,0.99876,1.00,0.02631,-0.02119,0.00056,0.99943,0.02778,-0.00555,-0.03384,0.99903,1.00
10983,0.00185,0.01651,-0.03360,0.99930,0.02676,0.00500,-0.00013,0.99963,0.02876,0.02059,-0.03415,0.99879,1.00,0.02668,-0.02210,0.00059,0.99940,0.02778,-0.00649,-0.03347,0.99903,1.00
10994,0.00152,0.01644,-0.03332,0.99931,0.02710,0.00506,-0.00014,0.99962,0.02876,0.02059,-0.03388,0.99880,1.00,0.02700,-0.02204,0.00060,0.99939,0.02777,-0.00650,-0.03318,0.99904,1.00
11006,0.00133,0.01637,-0.03288,0.99932,0.02686,0.00406,-0.00011,0.99963,0.02831,0.01953,-0.03341,0.99885,1.00,0.02675,-0.02304,0.00062,0.99938,0.02732,-0.00755,-0.03271,0.99906,1.00
11016,0.00120,0.01627,-0.03232,0.99934,0.02654,0.00384,-0.00010,0.99964,0.02785,0.01924,-0.03284,0.99889,1.00,0.02643,-0.02326,0.00062,0.99938,0.02687,-0.00784,-0.03215,0.99909,1.00
11028,0.00098,0.01635,-0.03192,0.99936,0.02678,0.00374,-0.00010,0.99963,0.02786,0.01923,-0.03244,0.99890,1.00,0.02665,-0.02336,0.00062,0.99937,0.02687,-0.00785,-0.03173,0.99910,1.00
11039,0.00062,0.01640,-0.03161,0.99937,0.02573,0.00371,-0.00010,0.99966,0.02646,0.01929,-0.03212,0.99895,1.00,0.02561,-0.02339,0.00060,0.99940,0.02549,-0.00779,-0.03143,0.99915,1.00
11049,0.00031,0.01641,-0.03141,0.99937,0.02568,0.00369,-0.00009,0.99966,0.02609,0.01928,-0.03192,0.99896,1.00,0.02558,-0.02340,0.00060,0.99940,0.02514,-0.00780,-0.03122,0.99917,1.00
11061,0.00000,0.01642,-0.03130,0.99938,0.02599,0.00368,-0.00010,0.99966,0.02609,0.01928,-0.03181,0.99897,1.00,0.02588,-0.02342,0.00061,0.99939,0.02514,-0.00780,-0.03110,0.99917,1.00
11072,-0.00024,0.01635,-0.03141,0.99937,0.02913,0.00641,-0.00019,0.99956,0.02907,0.02184,-0.03206,0.99882,1.00,0.02906,-0.02069,0.00060,0.99936,0.02817,-0.00525,-0.03126,0.99910,1.00
11083,-0.00032,0.01630,-0.03173,0.99936,0.02953,0.00650,-0.00019,0.99954,0.02939,0.02185,-0.03239,0.99880,1.00,0.02950,-0.02061,0.00061,0.99935,0.02851,-0.00525,-0.03158,0.99908,1.00
11094,-0.00035,0.01623,-0.03209,0.99935,0.02955,0.00659,-0.00019,0.99954,0.02938,0.02186,-0.03275,0.99879,1.00,0.02953,-0.02052,0.00061,0.99935,0.02851,-0.00523,-0.03194,0.99907,1.00
11105,-0.00044,0.01614,-0.03226,0.99935,0.02925,0.00491,-0.00014,0.99956,0.02895,0.02009,-0.03286,0.99884,1.00,0.02924,-0.02220,0.00065,0.99933,0.02808,-0.00700,-0.03205,0.99907,1.00
11116,-0.00059,0.01602,-0.03237,0.99935,0.02885,0.00291,-0.00008,0.99958,0.02833,0.01798,-0.03290,0.99890,1.00,0.02884,-0.02420,0.00070,0.99929,0.02746,-0.00911,-0.03210,0.99907,1.00
11128,-0.00062,0.01597,-0.03258,0.99934,0.02888,0.00297,-0.00009,0.99958,0.02833,0.01799,-0.03312,0.99889,1.00,0.02888,-0.02413,0.00070,0.99929,0.02746,-0.00910,-0.03231,0.99906,1.00
11139,-0.00058,0.01592,-0.03291,0.99933,0.02798,0.00170,-0.00005,0.99961,0.02744,0.01669,-0.03339,0.99893,1.00,0.02798,-0.02540,0.00071,0.99929,0.02656,-0.01039,-0.03261,0.99906,1.00
11150,-0.00047,0.01579,-0.03316,0.99933,0.02838,0.00171,-0.00005,0.99960,0.02795,0.01655,-0.03364,0.99891,1.00,0.02838,-0.02539,0.00072,0.99927,0.02706,-0.01053,-0.03285,0.99904,1.00
11161,-0.00026,0.01566,-0.03341,0.99932,0.02816,0.00185,-0.00005,0.99960,0.02794,0.01656,-0.03389,0.99890,1.00,0.02818,-0.02525,0.00071,0.99928,0.02706,-0.01052,-0.03311,0.99903,1.00
11172,-0.00004,0.01554,-0.03351,0.99932,0.02713,0.00148,-0.00004,0.99963,0.02712,0.01611,-0.03396,0.99893,1.00,0.02714,-0.02562,0.00070,0.99930,0.02623,-0.01098,-0.03321,0.99904,1.00
11184,0.00008,0.01543,-0.03357,0.99932,0.02683,0.00104,-0.00003,0.99964,0.02693,0.01556,-0.03400,0.99894,1.00,0.02682,-0.02605,0.00070,0.99930,0.02602,-0.01152,-0.03326,0.99904,1.00
11195,0.00020,0.01525,-0.03373,0.99931,0.02670,0.00123,-0.00003,0.99964,0.02692,0.01557,-0.03416,0.99893,1.00,0.02670,-0.02587,0.00069,0.99931,0.02602,-0.01151,-0.03343,0.99904,1.00
11206,0.00027,0.01512,-0.03391,0.99931,0.02681,0.00119,-0.00003,0.99964,0.02710,0.01540,-0.03434,0.99892,1.00,0.02680,-0.02591,0.00069,0.99931,0.02618,-0.01168,-0.03361,0.99902,1.00
11217,0.00032,0.01497,-0.03406,0.99931,0.02937,0.00142,-0.00004,0.99957,0.02972,0.01538,-0.03452,0.99884,1.00,0.02935,-0.02568,0.00075,0.99924,0.02879,-0.01171,-0.03372,0.99895,1.00
11228,0.00039,0.01477,-0.03414,0.99931,0.02929,0.00162,-0.00005,0.99957,0.02971,0.01538,-0.03461,0.99884,1.00,0.02928,-0.02548,0.00075,0.99925,0.02879,-0.01170,-0.03381,0.99894,1.00
11239,0.00050,0.01464,-0.03418,0.99931,0.02935,0.00185,-0.00005,0.99957,0.02989,0.01547,-0.03465,0.99883,1.00,0.02932,-0.02525,0.00074,0.99925,0.02895,-0.01161,-0.03386,0.99894,1.00
11251,0.00067,0.01445,-0.03421,0.99931,0.02763,0.00188,-0.00005,0.99962,0.02835,0.01538,-0.03464,0.99888,1.00,0.02760,-0.02521,0.00070,0.99930,0.02740,-0.01170,-0.03390,0.99898,1.00
11262,0.00083,0.01437,-0.03425,0.99931,0.02747,0.00196,-0.00005,0.99962,0.02835,0.01539,-0.03468,0.99888,1.00,0.02744,-0.02513,0.00069,0.99931,0.02740,-0.01170,-0.03395,0.99898,1.00
11272,0.00095,0.01429,-0.03438,0.99931,0.02650,0.00194,-0.00005,0.99965,0.02750,0.01530,-0.03480,0.99890,1.00,0.02648,-0.02516,0.00067,0.99933,0.02655,-0.01178,-0.03409,0.99900,1.00
11284,0.00095,0.01416,-0.03440,0.99931,0.02684,0.00185,-0.00005,0.99964,0.02783,0.01508,-0.03482,0.99889,1.00,0.02681,-0.02525,0.00068,0.99932,0.02687,-0.01200,-0.03411,0.99898,1.00
11295,0.00087,0.01401,-0.03453,0.99931,0.02691,0.00201,-0.00005,0.99964,0.02782,0.01508,-0.03495,0.99889,1.00,0.02688,-0.02509,0.00068,0.99932,0.02688,-0.01200,-0.03423,0.99898,1.00
11306,0.00077,0.01396,-0.03473,0.99930,0.02717,0.00188,-0.00005,0.99963,0.02798,0.01489,-0.03514,0.99888,1.00,0.02715,-0.02522,0.00069,0.99931,0.02703,-0.01219,-0.03442,0.99897,1.00
11317,0.00078,0.01392,-0.03494,0.99929,0.02726,0.00298,-0.00008,0.99962,0.02812,0.01594,-0.03539,0.99885,1.00,0.02725,-0.02412,0.00066,0.99934,0.02718,-0.01114,-0.03466,0.99897,1.00
11329,0.00076,0.01393,-0.03507,0.99929,0.02728,0.00297,-0.00008,0.99962,0.02812,0.01594,-0.03551,0.99885,1.00,0.02727,-0.02413,0.00066,0.99934,0.02718,-0.01114,-0.03478,0.99896,1.00
11339,0.00077,0.01388,-0.03503,0.99929,0.02842,0.00355,-0.00010,0.99959,0.02930,0.01643,-0.03551,0.99880,1.00,0.02841,-0.02355,0.00067,0.99932,0.02834,-0.01066,-0.03475,0.99894,1.00
11350,0.00077,0.01387,-0.03509,0.99929,0.02727,0.00346,-0.00009,0.99962,0.02814,0.01636,-0.03554,0.99884,1.00,0.02725,-0.02364,0.00064,0.99935,0.02718,-0.01072,-0.03482,0.99897,1.00
11361,0.00080,0.01389,-0.03508,0.99929,0.02725,0.00344,-0.00009,0.99962,0.02814,0.01636,-0.03554,0.99884,1.00,0.02723,-0.02366,0.00064,0.99935,0.02718,-0.01072,-0.03481,0.99897,1.00
11373,0.00073,0.01388,-0.03509,0.99929,0.02872,0.00183,-0.00005,0.99959,0.02949,0.01469,-0.03552,0.99883,1.00,0.02869,-0.02527,0.00073,0.99927,0.02852,-0.01239,-0.03475,0.99891,1.00
11384,0.00060,0.01391,-0.03514,0.99929,0.02754,0.00177,-0.00005,0.99962,0.02818,0.01470,-0.03556,0.99886,1.00,0.02750,-0.02533,0.00070,0.99930,0.02720,-0.01238,-0.03482,0.99895,1.00
11395,0.00045,0.01390,-0.03522,0.99928,0.02769,0.00178,-0.00005,0.99962,0.02818,0.01471,-0.03564,0.99886,1.00,0.02766,-0.02531,0.00070,0.99930,0.02721,-0.01238,-0.03489,0.99894,1.00
11407,0.00024,0.01380,-0.03522,0.99928,0.02915,0.00246,-0.00007,0.99957,0.02945,0.01523,-0.03568,0.99881,1.00,0.02911,-0.02464,0.00072,0.99927,0.02848,-0.01186,-0.03489,0.99892,1.00
11418,0.00013,0.01369,-0.03518,0.99929,0.02782,0.00270,-0.00008,0.99961,0.02802,0.01541,-0.03562,0.99885,1.00,0.02778,-0.02440,0.00068,0.99932,0.02704,-0.01167,-0.03486,0.99896,1.00
11429,0.00007,0.01354,-0.03513,0.99929,0.02788,0.00285,-0.00008,0.99961,0.02803,0.01541,-0.03557,0.99886,1.00,0.02784,-0.02424,0.00068,0.99932,0.02704,-0.01168,-0.03481,0.99896,1.00
11440,0.00007,0.01338,-0.03508,0.99930,0.02911,0.00294,-0.00009,0.99957,0.02925,0.01529,-0.03554,0.99882,1.00,0.02906,-0.02416,0.00070,0.99929,0.02827,-0.01180,-0.03474,0.99893,1.00
11451,0.00002,0.01323,-0.03515,0.99929,0.02750,0.00265,-0.00007,0.99962,0.02759,0.01491,-0.03557,0.99888,1.00,0.02745,-0.02445,0.00067,0.99932,0.02661,-0.01218,-0.03482,0.99897,1.00
11463,0.00006,0.01305,-0.03512,0.99930,0.02745,0.00282,-0.00008,0.99962,0.02759,0.01491,-0.03554,0.99888,1.00,0.02741,-0.02427,0.00067,0.99933,0.02661,-0.01218,-0.03479,0.99897,1.00
11474,0.00013,0.01280,-0.03507,0.99930,0.02864,0.00217,-0.00006,0.99959,0.02883,0.01397,-0.03548,0.99886,1.00,0.02859,-0.02492,0.00071,0.99928,0.02784,-0.01312,-0.03470,0.99892,1.00
11486,0.00019,0.01265,-0.03503,0.99931,0.02716,0.00211,-0.00006,0.99963,0.02740,0.01380,-0.03542,0.99890,1.00,0.02711,-0.02499,0.00068,0.99932,0.02641,-0.01328,-0.03468,0.99896,1.00
11497,0.00024,0.01238,-0.03511,0.99931,0.02709,0.00238,-0.00006,0.99963,0.02740,0.01380,-0.03550,0.99890,1.00,0.02705,-0.02471,0.00067,0.99933,0.02641,-0.01328,-0.03476,0.99896,1.00
11507,0.00022,0.01226,-0.03539,0.99930,0.02687,0.00309,-0.00008,0.99963,0.02718,0.01439,-0.03579,0.99889,1.00,0.02684,-0.02400,0.00064,0.99935,0.02620,-0.01269,-0.03506,0.99896,1.00
11519,0.00022,0.01209,-0.03570,0.99929,0.02674,0.00300,-0.00008,0.99964,0.02704,0.01412,-0.03609,0.99888,1.00,0.02673,-0.02410,0.00064,0.99935,0.02608,-0.01296,-0.03536,0.99895,1.00
11530,0.00009,0.01190,-0.03585,0.99929,0.02706,0.00431,-0.00012,0.99962,0.02729,0.01523,-0.03628,0.99885,1.00,0.02706,-0.02279,0.00062,0.99937,0.02632,-0.01185,-0.03554,0.99895,1.00
11541,0.00002,0.01174,-0.03590,0.99929,0.02712,0.00448,-0.00012,0.99962,0.02728,0.01524,-0.03632,0.99885,1.00,0.02712,-0.02262,0.00061,0.99938,0.02632,-0.01185,-0.03558,0.99895,1.00
11552,0.00001,0.01160,-0.03593,0.99929,0.02805,0.00364,-0.00010,0.99960,0.02817,0.01423,-0.03634,0.99884,1.00,0.02804,-0.02346,0.00066,0.99933,0.02719,-0.01286,-0.03557,0.99891,1.00
11564,-0.00002,0.01145,-0.03591,0.99929,0.02802,0.00352,-0.00010,0.99960,0.02811,0.01396,-0.03632,0.99885,1.00,0.02799,-0.02358,0.00066,0.99933,0.02712,-0.01313,-0.03555,0.99891,1.00
11575,-0.00004,0.01135,-0.03603,0.99929,0.02804,0.00363,-0.00010,0.99960,0.02811,0.01396,-0.03644,0.99884,1.00,0.02802,-0.02347,0.00066,0.99933,0.02712,-0.01312,-0.03567,0.99891,1.00
11586,-0.00016,0.01121,-0.03604,0.99929,0.02886,0.00352,-0.00010,0.99958,0.02881,0.01369,-0.03645,0.99883,1.00,0.02883,-0.02358,0.00068,0.99931,0.02781,-0.01340,-0.03565,0.99889,1.00
11597,-0.00027,0.01099,-0.03602,0.99929,0.02901,0.00419,-0.00012,0.99957,0.02887,0.01413,-0.03645,0.99882,1.00,0.02897,-0.02291,0.00066,0.99932,0.02787,-0.01296,-0.03564,0.99889,1.00
11609,-0.00035,0.01075,-0.03589,0.99930,0.02908,0.00443,-0.00013,0.99957,0.02887,0.01412,-0.03631,0.99882,1.00,0.02904,-0.02267,0.00066,0.99932,0.02787,-0.01296,-0.03551,0.99890,1.00
11620,-0.00034,0.01052,-0.03583,0.99930,0.02898,0.00540,-0.00016,0.99957,0.02881,0.01487,-0.03627,0.99882,1.00,0.02894,-0.02171,0.00063,0.99935,0.02780,-0.01222,-0.03547,0.99891,1.00
11630,-0.00040,0.01022,-0.03577,0.99931,0.02862,0.00528,-0.00015,0.99958,0.02839,0.01447,-0.03620,0.99884,1.00,0.02858,-0.02182,0.00062,0.99935,0.02738,-0.01261,-0.03541,0.99892,1.00
11642,-0.00037,0.00993,-0.03577,0.99931,0.02858,0.00557,-0.00016,0.99958,0.02839,0.01447,-0.03620,0.99884,1.00,0.02853,-0.02153,0.00061,0.99936,0.02738,-0.01261,-0.03541,0.99892,1.00
11652,-0.00036,0.00962,-0.03575,0.99931,0.02849,0.00576,-0.00016,0.99958,0.02832,0.01435,-0.03618,0.99884,1.00,0.02845,-0.02135,0.00061,0.99937,0.02732,-0.01273,-0.03539,0.99892,1.00
11664,-0.00028,0.00936,-0.03577,0.99932,0.02841,0.00602,-0.00017,0.99958,0.02832,0.01435,-0.03619,0.99884,1.00,0.02837,-0.02108,0.00060,0.99938,0.02732,-0.01273,-0.03541,0.99892,1.00
11676,-0.00021,0.00912,-0.03580,0.99932,0.02830,0.00692,-0.00020,0.99958,0.02832,0.01502,-0.03625,0.99883,1.00,0.02827,-0.02019,0.00057,0.99940,0.02732,-0.01207,-0.03547,0.99892,1.00
11687,-0.00018,0.00888,-0.03582,0.99932,0.02886,0.00708,-0.00020,0.99956,0.02891,0.01492,-0.03626,0.99881,1.00,0.02883,-0.02002,0.00058,0.99938,0.02792,-0.01217,-0.03547,0.99891,1.00
11697,-0.00023,0.00871,-0.03592,0.99932,0.02831,0.00687,-0.00019,0.99958,0.02831,0.01455,-0.03635,0.99883,1.00,0.02829,-0.02024,0.00057,0.99939,0.02732,-0.01254,-0.03557,0.99892,1.00
11709,-0.00036,0.00864,-0.03599,0.99931,0.02843,0.00694,-0.00020,0.99957,0.02830,0.01455,-0.03642,0.99883,1.00,0.02842,-0.02016,0.00057,0.99939,0.02732,-0.01254,-0.03563,0.99891,1.00
11720,-0.00048,0.00863,-0.03604,0.99931,0.02913,0.00370,-0.00011,0.99957,0.02876,0.01127,-0.03638,0.99886,1.00,0.02910,-0.02341,0.00068,0.99930,0.02776,-0.01582,-0.03557,0.99886,1.00
11731,-0.00052,0.00865,-0.03605,0.99931,0.02860,0.00331,-0.00009,0.99959,0.02817,0.01093,-0.03638,0.99888,1.00,0.02856,-0.02379,0.00068,0.99931,0.02717,-0.01616,-0.03558,0.99887,1.00
11743,-0.00054,0.00866,-0.03605,0.99931,0.02862,0.00331,-0.00009,0.99959,0.02817,0.01093,-0.03638,0.99888,1.00,0.02859,-0.02380,0.00068,0.99931,0.02717,-0.01616,-0.03558,0.99887,1.00
11753,-0.00052,0.00878,-0.03602,0.99931,0.02905,0.00236,-0.00007,0.99958,0.02860,0.01009,-0.03633,0.99888,1.00,0.02901,-0.02474,0.00072,0.99927,0.02759,-0.01699,-0.03551,0.99884,1.00
11764,-0.00050,0.00892,-0.03595,0.99931,0.02937,0.00210,-0.00006,0.99957,0.02893,0.00996,-0.03626,0.99887,1.00,0.02933,-0.02500,0.00073,0.99926,0.02792,-0.01712,-0.03544,0.99884,1.00
11777,-0.00037,0.00911,-0.03589,0.99931,0.02926,0.00190,-0.00006,0.99957,0.02893,0.00996,-0.03620,0.99888,1.00,0.02921,-0.02520,0.00074,0.99926,0.02792,-0.01712,-0.03539,0.99884,1.00
11787,-0.00012,0.00928,-0.03579,0.99932,0.02900,0.00192,-0.00006,0.99958,0.02892,0.01016,-0.03610,0.99888,1.00,0.02894,-0.02518,0.00073,0.99926,0.02791,-0.01692,-0.03530,0.99884,1.00
11797,-0.00001,0.00948,-0.03570,0.99932,0.02896,0.00335,-0.00010,0.99958,0.02904,0.01178,-0.03605,0.99886,1.00,0.02891,-0.02376,0.00069,0.99930,0.02803,-0.01530,-0.03526,0.99887,1.00
11809,0.00010,0.00959,-0.03559,0.99932,0.02885,0.00322,-0.00009,0.99958,0.02904,0.01178,-0.03594,0.99886,1.00,0.02879,-0.02388,0.00069,0.99930,0.02803,-0.01530,-0.03516,0.99887,1.00
11819,0.00007,0.00979,-0.03553,0.99932,0.02902,0.00323,-0.00009,0.99957,0.02919,0.01198,-0.03590,0.99886,1.00,0.02896,-0.02387,0.00069,0.99930,0.02818,-0.01510,-0.03510,0.99887,1.00
11831,0.00008,0.00992,-0.03543,0.99932,0.02916,0.00338,-0.00010,0.99957,0.02934,0.01226,-0.03580,0.99885,1.00,0.02911,-0.02372,0.00069,0.99929,0.02833,-0.01482,-0.03500,0.99888,1.00
11844,-0.00002,0.00995,-0.03529,0.99933,0.02926,0.00334,-0.00010,0.99957,0.02934,0.01226,-0.03566,0.99886,1.00,0.02920,-0.02376,0.00069,0.99929,0.02833,-0.01483,-0.03486,0.99888,1.00
11854,-0.00004,0.01006,-0.03512,0.99933,0.02937,0.00291,-0.00009,0.99956,0.02941,0.01193,-0.03548,0.99887,1.00,0.02930,-0.02419,0.00071,0.99928,0.02840,-0.01515,-0.03468,0.99888,1.00
11865,-0.00007,0.01009,-0.03514,0.99933,0.02861,0.00213,-0.00006,0.99959,0.02859,0.01121,-0.03547,0.99890,1.00,0.02855,-0.02497,0.00071,0.99928,0.02759,-0.01587,-0.03469,0.99889,1.00
11876,-0.00005,0.01013,-0.03509,0.99933,0.02859,0.00209,-0.00006,0.99959,0.02860,0.01121,-0.03542,0.99890,1.00,0.02853,-0.02501,0.00071,0.99928,0.02759,-0.01588,-0.03464,0.99889,1.00
11887,-0.00013,0.01015,-0.03515,0.99933,0.02864,0.00168,-0.00005,0.99959,0.02855,0.01082,-0.03547,0.99890,1.00,0.02859,-0.02542,0.00073,0.99927,0.02755,-0.01627,-0.03468,0.99889,1.00
11898,-0.00026,0.01012,-0.03526,0.99933,0.02787,0.00112,-0.00003,0.99961,0.02763,0.01025,-0.03556,0.99893,1.00,0.02783,-0.02598,0.00072,0.99927,0.02664,-0.01683,-0.03479,0.99890,1.00
11909,-0.00038,0.01018,-0.03539,0.99932,0.02799,0.00107,-0.00003,0.99961,0.02763,0.01025,-0.03569,0.99893,1.00,0.02795,-0.02602,0.00073,0.99927,0.02664,-0.01683,-0.03491,0.99889,1.00
11921,-0.00041,0.01029,-0.03571,0.99931,0.02793,0.00102,-0.00003,0.99961,0.02754,0.01031,-0.03602,0.99892,1.00,0.02791,-0.02607,0.00073,0.99927,0.02656,-0.01677,-0.03524,0.99889,1.00
11931,-0.00039,0.01042,-0.03575,0.99931,0.02792,0.00090,-0.00003,0.99961,0.02754,0.01031,-0.03605,0.99892,1.00,0.02790,-0.02620,0.00073,0.99927,0.02656,-0.01677,-0.03527,0.99888,1.00
11944,-0.00036,0.01057,-0.03567,0.99931,0.02911,0.00080,-0.00002,0.99958,0.02875,0.01033,-0.03598,0.99889,1.00,0.02908,-0.02630,0.00077,0.99923,0.02776,-0.01676,-0.03517,0.99886,1.00
11954,-0.00026,0.01076,-0.03549,0.99931,0.02895,0.00062,-0.00002,0.99958,0.02868,0.01035,-0.03580,0.99889,1.00,0.02890,-0.02647,0.00077,0.99923,0.02768,-0.01673,-0.03500,0.99886,1.00
11965,-0.00015,0.01098,-0.03543,0.99931,0.02682,0.00056,-0.00002,0.99964,0.02667,0.01058,-0.03573,0.99895,1.00,0.02677,-0.02653,0.00071,0.99929,0.02566,-0.01650,-0.03499,0.99892,1.00
11977,0.00000,0.01117,-0.03535,0.99931,0.02668,0.00036,-0.00001,0.99964,0.02667,0.01058,-0.03564,0.99895,1.00,0.02662,-0.02674,0.00071,0.99929,0.02566,-0.01650,-0.03491,0.99892,1.00
11987,0.00009,0.01129,-0.03544,0.99931,0.02665,0.00014,0.00000,0.99964,0.02672,0.01048,-0.03573,0.99895,1.00,0.02659,-0.02695,0.00072,0.99928,0.02572,-0.01660,-0.03500,0.99892,1.00
11998,0.00018,0.01137,-0.03542,0.99931,0.02667,0.00026,-0.00001,0.99964,0.02684,0.01068,-0.03571,0.99894,1.00,0.02662,-0.02684,0.00071,0.99929,0.02584,-0.01640,-0.03498,0.99892,1.00
12010,0.00028,0.01134,-0.03542,0.99931,0.02657,0.00028,-0.00001,0.99965,0.02684,0.01068,-0.03572,0.99894,1.00,0.02652,-0.02681,0.00071,0.99929,0.02584,-0.01640,-0.03499,0.99892,1.00
12021,0.00041,0.01125,-0.03531,0.99931,0.02771,0.00059,-0.00002,0.99962,0.02813,0.01085,-0.03563,0.99891,1.00,0.02766,-0.02651,0.00073,0.99927,0.02712,-0.01623,-0.03488,0.99889,1.00
12032,0.00053,0.01116,-0.03530,0.99931,0.02774,0.00051,-0.00001,0.99962,0.02827,0.01068,-0.03561,0.99891,1.00,0.02768,-0.02659,0.00074,0.99926,0.02726,-0.01640,-0.03486,0.99889,1.00
12043,0.00072,0.01107,-0.03545,0.99931,0.02755,0.00060,-0.00002,0.99962,0.02826,0.01069,-0.03576,0.99890,1.00,0.02750,-0.02650,0.00073,0.99927,0.02726,-0.01639,-0.03502,0.99888,1.00
12054,0.00088,0.01095,-0.03567,0.99930,0.02753,0.00073,-0.00002,0.99962,0.02842,0.01070,-0.03597,0.99889,1.00,0.02750,-0.02636,0.00073,0.99927,0.02743,-0.01638,-0.03524,0.99887,1.00
12065,0.00093,0.01081,-0.03589,0.99930,0.02733,0.00045,-0.00001,0.99963,0.02825,0.01028,-0.03619,0.99889,1.00,0.02730,-0.02665,0.00073,0.99927,0.02726,-0.01680,-0.03546,0.99886,1.00
12076,0.00099,0.01065,-0.03594,0.99930,0.02726,0.00061,-0.00002,0.99963,0.02825,0.01028,-0.03624,0.99889,1.00,0.02724,-0.02648,0.00072,0.99928,0.02726,-0.01680,-0.03551,0.99886,1.00
12088,0.00090,0.01051,-0.03591,0.99930,0.02754,-0.00013,0.00000,0.99962,0.02842,0.00938,-0.03619,0.99890,1.00,0.02751,-0.02723,0.00075,0.99925,0.02742,-0.01769,-0.03545,0.99884,1.00
12098,0.00089,0.01026,-0.03576,0.99931,0.02746,-0.00007,0.00000,0.99962,0.02833,0.00920,-0.03602,0.99891,1.00,0.02741,-0.02716,0.00075,0.99925,0.02732,-0.01788,-0.03529,0.99884,1.00
12110,0.00087,0.01001,-0.03579,0.99931,0.02747,0.00017,0.00000,0.99962,0.02833,0.00920,-0.03606,0.99891,1.00,0.02742,-0.02692,0.00074,0.99926,0.02732,-0.01788,-0.03532,0.99884,1.00
12121,0.00082,0.00979,-0.03597,0.99930,0.02731,0.00028,-0.00001,0.99963,0.02813,0.00909,-0.03623,0.99891,1.00,0.02727,-0.02681,0.00073,0.99927,0.02712,-0.01799,-0.03550,0.99884,1.00
12132,0.00070,0.00952,-0.03625,0.99930,0.02743,0.00160,-0.00004,0.99962,0.02817,0.01012,-0.03654,0.99888,1.00,0.02740,-0.02550,0.00070,0.99930,0.02717,-0.01696,-0.03580,0.99885,1.00
12144,0.00052,0.00928,-0.03638,0.99929,0.02760,0.00186,-0.00005,0.99962,0.02817,0.01013,-0.03667,0.99888,1.00,0.02758,-0.02524,0.00070,0.99930,0.02717,-0.01695,-0.03593,0.99884,1.00
12154,0.00033,0.00911,-0.03649,0.99929,0.02774,0.00170,-0.00005,0.99961,0.02812,0.00980,-0.03677,0.99888,1.00,0.02772,-0.02539,0.00070,0.99929,0.02712,-0.01728,-0.03602,0.99883,1.00
12165,0.00013,0.00902,-0.03651,0.99929,0.02769,0.00212,-0.00006,0.99961,0.02788,0.01013,-0.03681,0.99888,1.00,0.02767,-0.02498,0.00069,0.99930,0.02688,-0.01695,-0.03605,0.99884,1.00
12177,0.00001,0.00894,-0.03653,0.99929,0.02781,0.00221,-0.00006,0.99961,0.02788,0.01013,-0.03682,0.99888,1.00,0.02779,-0.02489,0.00069,0.99930,0.02688,-0.01695,-0.03606,0.99884,1.00
12187,-0.00019,0.00895,-0.03660,0.99929,0.02774,0.00128,-0.00004,0.99961,0.02757,0.00921,-0.03687,0.99890,1.00,0.02771,-0.02581,0.00072,0.99928,0.02656,-0.01787,-0.03610,0.99884,1.00
12198,-0.00030,0.00895,-0.03663,0.99929,0.02719,0.00200,-0.00005,0.99963,0.02694,0.00996,-0.03691,0.99891,1.00,0.02715,-0.02509,0.00068,0.99932,0.02592,-0.01712,-0.03616,0.99886,1.00
12210,-0.00046,0.00903,-0.03671,0.99929,0.02735,0.00194,-0.00005,0.99962,0.02694,0.00996,-0.03699,0.99890,1.00,0.02732,-0.02516,0.00069,0.99931,0.02592,-0.01712,-0.03623,0.99886,1.00
12220,-0.00060,0.00905,-0.03671,0.99928,0.02725,0.00114,-0.00003,0.99963,0.02668,0.00919,-0.03698,0.99892,1.00,0.02722,-0.02595,0.00071,0.99929,0.02566,-0.01789,-0.03621,0.99885,1.00
12232,-0.00083,0.00911,-0.03675,0.99928,0.02915,0.00105,-0.00003,0.99957,0.02834,0.00908,-0.03703,0.99887,1.00,0.02911,-0.02605,0.00076,0.99924,0.02731,-0.01800,-0.03620,0.99881,1.00
12244,-0.00095,0.00910,-0.03675,0.99928,0.02928,0.00106,-0.00003,0.99957,0.02834,0.00908,-0.03703,0.99887,1.00,0.02924,-0.02604,0.00076,0.99923,0.02731,-0.01800,-0.03620,0.99881,1.00
12255,-0.00095,0.00914,-0.03680,0.99928,0.02903,0.00102,-0.00003,0.99958,0.02810,0.00909,-0.03708,0.99888,1.00,0.02899,-0.02608,0.00076,0.99924,0.02707,-0.01799,-0.03626,0.99881,1.00
12265,-0.00091,0.00920,-0.03690,0.99928,0.02807,0.00099,-0.00003,0.99961,0.02718,0.00914,-0.03718,0.99890,1.00,0.02803,-0.02611,0.00073,0.99927,0.02615,-0.01793,-0.03638,0.99883,1.00
12277,-0.00083,0.00923,-0.03703,0.99927,0.02799,0.00096,-0.00003,0.99961,0.02718,0.00915,-0.03730,0.99889,1.00,0.02796,-0.02613,0.00073,0.99927,0.02615,-0.01793,-0.03651,0.99883,1.00
12288,-0.00079,0.00928,-0.03724,0.99926,0.02785,0.00178,-0.00005,0.99961,0.02711,0.01002,-0.03753,0.99888,1.00,0.02783,-0.02531,0.00071,0.99929,0.02609,-0.01706,-0.03675,0.99884,1.00
12298,-0.00093,0.00934,-0.03749,0.99925,0.02953,0.00179,-0.00005,0.99956,0.02864,0.01002,-0.03781,0.99882,1.00,0.02951,-0.02532,0.00075,0.99924,0.02762,-0.01707,-0.03697,0.99879,1.00
12310,-0.00111,0.00949,-0.03767,0.99924,0.02971,0.00165,-0.00005,0.99956,0.02864,0.01002,-0.03798,0.99882,1.00,0.02970,-0.02545,0.00076,0.99923,0.02762,-0.01706,-0.03713,0.99878,1.00
12321,-0.00113,0.00961,-0.03774,0.99924,0.03007,0.00227,-0.00007,0.99955,0.02900,0.01074,-0.03808,0.99880,1.00,0.03006,-0.02483,0.00075,0.99924,0.02797,-0.01634,-0.03723,0.99878,1.00
12332,-0.00111,0.00978,-0.03785,0.99923,0.02994,0.00221,-0.00007,0.99955,0.02889,0.01085,-0.03820,0.99879,1.00,0.02992,-0.02490,0.00075,0.99924,0.02785,-0.01624,-0.03734,0.99878,1.00
12344,-0.00110,0.00995,-0.03789,0.99923,0.02994,0.00204,-0.00006,0.99955,0.02889,0.01085,-0.03824,0.99879,1.00,0.02992,-0.02506,0.00075,0.99924,0.02785,-0.01623,-0.03738,0.99878,1.00
12355,-0.00109,0.01013,-0.03797,0.99923,0.03041,0.00201,-0.00006,0.99954,0.02937,0.01098,-0.03833,0.99877,1.00,0.03038,-0.02509,0.00076,0.99922,0.02832,-0.01610,-0.03746,0.99877,1.00
12365,-0.00113,0.01027,-0.03811,0.99922,0.03063,0.00260,-0.00008,0.99953,0.02958,0.01170,-0.03849,0.99875,1.00,0.03061,-0.02450,0.00075,0.99923,0.02854,-0.01539,-0.03762,0.99877,1.00
12377,-0.00115,0.01045,-0.03825,0.99921,0.03067,0.00243,-0.00007,0.99953,0.02958,0.01170,-0.03863,0.99875,1.00,0.03065,-0.02468,0.00076,0.99923,0.02854,-0.01539,-0.03775,0.99876,1.00
12388,-0.00122,0.01054,-0.03831,0.99921,0.03062,0.00256,-0.00008,0.99953,0.02947,0.01192,-0.03869,0.99875,1.00,0.03060,-0.02455,0.00075,0.99923,0.02842,-0.01517,-0.03782,0.99877,1.00
12398,-0.00121,0.01066,-0.03833,0.99921,0.03058,0.00083,-0.00003,0.99953,0.02938,0.01031,-0.03866,0.99877,1.00,0.03054,-0.02628,0.00080,0.99919,0.02831,-0.01677,-0.03779,0.99874,1.00
12411,-0.00133,0.01069,-0.03832,0.99921,0.03069,0.00080,-0.00002,0.99953,0.02938,0.01031,-0.03866,0.99877,1.00,0.03066,-0.02630,0.00081,0.99918,0.02831,-0.01677,-0.03778,0.99874,1.00
12421,-0.00157,0.01066,-0.03827,0.99921,0.03031,0.00103,-0.00003,0.99954,0.02877,0.01052,-0.03860,0.99879,1.00,0.03027,-0.02607,0.00079,0.99920,0.02769,-0.01656,-0.03773,0.99877,1.00
12432,-0.00185,0.01063,-0.03826,0.99921,0.02945,0.00186,-0.00005,0.99956,0.02765,0.01136,-0.03861,0.99881,1.00,0.02940,-0.02524,0.00074,0.99925,0.02658,-0.01572,-0.03775,0.99881,1.00
12443,-0.00184,0.01057,-0.03823,0.99921,0.02944,0.00192,-0.00006,0.99956,0.02765,0.01136,-0.03858,0.99881,1.00,0.02939,-0.02518,0.00074,0.99925,0.02658,-0.01572,-0.03772,0.99881,1.00
12454,-0.00189,0.01054,-0.03827,0.99921,0.03035,0.00239,-0.00007,0.99954,0.02852,0.01176,-0.03865,0.99878,1.00,0.03030,-0.02471,0.00075,0.99924,0.02745,-0.01532,-0.03777,0.99879,1.00
12465,-0.00181,0.01041,-0.03825,0.99921,0.02902,0.00483,-0.00014,0.99957,0.02738,0.01412,-0.03868,0.99878,1.00,0.02899,-0.02227,0.00065,0.99933,0.02631,-0.01296,-0.03784,0.99885,1.00
12477,-0.00159,0.01025,-0.03822,0.99922,0.02881,0.00499,-0.00014,0.99957,0.02738,0.01412,-0.03865,0.99878,1.00,0.02877,-0.02212,0.00064,0.99934,0.02631,-0.01296,-0.03782,0.99885,1.00
12488,-0.00124,0.01006,-0.03815,0.99922,0.02916,0.00937,-0.00027,0.99953,0.02825,0.01830,-0.03871,0.99868,1.00,0.02914,-0.01774,0.00052,0.99942,0.02720,-0.00879,-0.03788,0.99887,1.00
12499,-0.00104,0.00993,-0.03813,0.99922,0.02905,0.00944,-0.00027,0.99953,0.02835,0.01825,-0.03869,0.99868,1.00,0.02903,-0.01767,0.00051,0.99942,0.02730,-0.00884,-0.03787,0.99887,1.00
12511,-0.00110,0.00986,-0.03814,0.99922,0.02911,0.00951,-0.00028,0.99953,0.02835,0.01825,-0.03869,0.99868,1.00,0.02909,-0.01760,0.00051,0.99942,0.02730,-0.00884,-0.03787,0.99887,1.00
12521,-0.00127,0.00980,-0.03819,0.99922,0.02948,0.00993,-0.00029,0.99952,0.02856,0.01860,-0.03877,0.99867,1.00,0.02947,-0.01718,0.00051,0.99942,0.02752,-0.00849,-0.03793,0.99887,1.00
12533,-0.00177,0.00990,-0.03836,0.99921,0.02872,0.00972,-0.00028,0.99954,0.02730,0.01850,-0.03892,0.99870,1.00,0.02872,-0.01739,0.00050,0.99944,0.02627,-0.00859,-0.03809,0.99889,1.00
12544,-0.00197,0.01005,-0.03848,0.99921,0.02893,0.00958,-0.00028,0.99954,0.02730,0.01850,-0.03905,0.99869,1.00,0.02893,-0.01753,0.00051,0.99943,0.02627,-0.00858,-0.03821,0.99889,1.00
12555,-0.00214,0.01027,-0.03842,0.99921,0.02901,0.00773,-0.00022,0.99955,0.02714,0.01687,-0.03894,0.99873,1.00,0.02900,-0.01938,0.00056,0.99939,0.02610,-0.01021,-0.03809,0.99888,1.00
12566,-0.00219,0.01051,-0.03823,0.99921,0.02944,0.00750,-0.00022,0.99954,0.02752,0.01688,-0.03876,0.99873,1.00,0.02941,-0.01961,0.00058,0.99937,0.02646,-0.01021,-0.03790,0.99888,1.00
12577,-0.00228,0.01081,-0.03811,0.99921,0.02955,0.00720,-0.00021,0.99954,0.02752,0.01687,-0.03864,0.99873,1.00,0.02952,-0.01991,0.00059,0.99937,0.02646,-0.01021,-0.03777,0.99888,1.00
12588,-0.00231,0.01111,-0.03788,0.99922,0.02993,0.00795,-0.00024,0.99952,0.02789,0.01792,-0.03845,0.99871,1.00,0.02989,-0.01916,0.00057,0.99937,0.02683,-0.00917,-0.03757,0.99889,1.00
12599,-0.00236,0.01141,-0.03781,0.99922,0.03159,0.00843,-0.00027,0.99947,0.02953,0.01863,-0.03843,0.99865,1.00,0.03155,-0.01868,0.00059,0.99933,0.02847,-0.00846,-0.03751,0.99886,1.00
12611,-0.00252,0.01165,-0.03769,0.99922,0.03176,0.00819,-0.00026,0.99946,0.02953,0.01863,-0.03832,0.99866,1.00,0.03172,-0.01892,0.00060,0.99932,0.02847,-0.00846,-0.03738,0.99886,1.00
12622,-0.00275,0.01181,-0.03765,0.99922,0.03184,0.00921,-0.00029,0.99945,0.02941,0.01981,-0.03832,0.99864,1.00,0.03180,-0.01790,0.00057,0.99933,0.02837,-0.00728,-0.03738,0.99887,1.00
12633,-0.00303,0.01189,-0.03749,0.99922,0.03119,0.00871,-0.00027,0.99948,0.02846,0.01941,-0.03814,0.99868,1.00,0.03115,-0.01840,0.00057,0.99935,0.02741,-0.00768,-0.03721,0.99890,1.00
12644,-0.00320,0.01190,-0.03738,0.99923,0.03136,0.00870,-0.00027,0.99947,0.02846,0.01941,-0.03803,0.99868,1.00,0.03132,-0.01841,0.00058,0.99934,0.02741,-0.00768,-0.03709,0.99891,1.00
12655,-0.00337,0.01188,-0.03727,0.99923,0.03070,0.00714,-0.00022,0.99950,0.02757,0.01787,-0.03786,0.99874,1.00,0.03065,-0.01997,0.00061,0.99933,0.02652,-0.00922,-0.03693,0.99892,1.00
12666,-0.00352,0.01184,-0.03729,0.99923,0.03086,0.00729,-0.00023,0.99950,0.02758,0.01797,-0.03789,0.99874,1.00,0.03082,-0.01982,0.00061,0.99933,0.02654,-0.00912,-0.03695,0.99892,1.00
12677,-0.00368,0.01177,-0.03732,0.99923,0.03101,0.00737,-0.00023,0.99949,0.02758,0.01797,-0.03792,0.99874,1.00,0.03098,-0.01974,0.00061,0.99933,0.02654,-0.00912,-0.03697,0.99892,1.00
12688,-0.00374,0.01170,-0.03728,0.99923,0.02997,0.00764,-0.00023,0.99952,0.02650,0.01822,-0.03787,0.99877,1.00,0.02994,-0.01947,0.00058,0.99936,0.02547,-0.00887,-0.03695,0.99895,1.00
12699,-0.00375,0.01164,-0.03721,0.99923,0.03057,0.00760,-0.00023,0.99950,0.02708,0.01809,-0.03781,0.99875,1.00,0.03054,-0.01951,0.00060,0.99934,0.02605,-0.00900,-0.03688,0.99894,1.00
12711,-0.00377,0.01157,-0.03709,0.99924,0.03059,0.00767,-0.00023,0.99950,0.02708,0.01809,-0.03769,0.99876,1.00,0.03055,-0.01944,0.00059,0.99934,0.02605,-0.00900,-0.03676,0.99894,1.00
12722,-0.00380,0.01148,-0.03693,0.99924,0.03153,0.00861,-0.00027,0.99947,0.02802,0.01892,-0.03757,0.99872,1.00,0.03149,-0.01850,0.00058,0.99933,0.02698,-0.00817,-0.03661,0.99893,1.00
12733,-0.00386,0.01146,-0.03690,0.99925,0.03149,0.00731,-0.00023,0.99948,0.02787,0.01759,-0.03750,0.99875,1.00,0.03144,-0.01981,0.00062,0.99931,0.02684,-0.00950,-0.03654,0.99893,1.00
12744,-0.00384,0.01143,-0.03696,0.99924,0.03146,0.00734,-0.00023,0.99948,0.02787,0.01759,-0.03755,0.99875,1.00,0.03142,-0.01978,0.00062,0.99931,0.02684,-0.00950,-0.03659,0.99892,1.00
12755,-0.00378,0.01131,-0.03697,0.99925,0.03018,0.00759,-0.00023,0.99952,0.02666,0.01777,-0.03755,0.99878,1.00,0.03015,-0.01952,0.00059,0.99935,0.02564,-0.00932,-0.03662,0.99896,1.00
12767,-0.00370,0.01116,-0.03688,0.99925,0.02989,0.00759,-0.00023,0.99952,0.02644,0.01764,-0.03745,0.99879,1.00,0.02985,-0.01952,0.00058,0.99936,0.02542,-0.00945,-0.03654,0.99896,1.00
12777,-0.00370,0.01093,-0.03657,0.99926,0.02989,0.00781,-0.00023,0.99952,0.02644,0.01763,-0.03714,0.99880,1.00,0.02984,-0.01930,0.00058,0.99937,0.02541,-0.00946,-0.03623,0.99898,1.00
12789,-0.00390,0.01076,-0.03620,0.99928,0.03029,0.00784,-0.00024,0.99951,0.02665,0.01749,-0.03678,0.99882,1.00,0.03022,-0.01927,0.00058,0.99936,0.02561,-0.00960,-0.03585,0.99898,1.00
12799,-0.00420,0.01058,-0.03589,0.99929,0.03126,0.00785,-0.00025,0.99948,0.02732,0.01730,-0.03648,0.99881,1.00,0.03119,-0.01926,0.00060,0.99933,0.02628,-0.00979,-0.03551,0.99898,1.00
12811,-0.00440,0.01039,-0.03545,0.99931,0.03147,0.00803,-0.00025,0.99947,0.02733,0.01729,-0.03605,0.99883,1.00,0.03137,-0.01909,0.00060,0.99933,0.02628,-0.00980,-0.03507,0.99899,1.00
12822,-0.00441,0.01023,-0.03518,0.99932,0.03255,0.00650,-0.00021,0.99945,0.02835,0.01557,-0.03573,0.99884,1.00,0.03245,-0.02062,0.00067,0.99926,0.02731,-0.01152,-0.03472,0.99896,1.00
12833,-0.00437,0.01005,-0.03481,0.99933,0.03231,0.01032,-0.00033,0.99942,0.02828,0.01923,-0.03550,0.99878,1.00,0.03223,-0.01680,0.00054,0.99934,0.02726,-0.00787,-0.03450,0.99900,1.00
12844,-0.00439,0.00986,-0.03448,0.99935,0.03233,0.01049,-0.00034,0.99942,0.02828,0.01922,-0.03516,0.99880,1.00,0.03223,-0.01663,0.00054,0.99934,0.02726,-0.00788,-0.03417,0.99901,1.00
12855,-0.00455,0.00958,-0.03407,0.99936,0.03233,0.00947,-0.00031,0.99943,0.02808,0.01794,-0.03471,0.99884,1.00,0.03223,-0.01765,0.00057,0.99932,0.02707,-0.00916,-0.03371,0.99902,1.00
12866,-0.00465,0.00941,-0.03386,0.99937,0.03187,0.01080,-0.00034,0.99943,0.02756,0.01912,-0.03453,0.99884,1.00,0.03179,-0.01631,0.00052,0.99936,0.02657,-0.00797,-0.03354,0.99905,1.00
12878,-0.00481,0.00934,-0.03377,0.99937,0.03203,0.01088,-0.00035,0.99943,0.02756,0.01912,-0.03445,0.99884,1.00,0.03194,-0.01624,0.00052,0.99936,0.02657,-0.00797,-0.03345,0.99906,1.00
12888,-0.00500,0.00933,-0.03365,0.99938,0.03209,0.00933,-0.00030,0.99944,0.02739,0.01757,-0.03428,0.99888,1.00,0.03202,-0.01778,0.00057,0.99933,0.02642,-0.00953,-0.03327,0.99905,1.00
12899,-0.00514,0.00930,-0.03345,0.99938,0.03248,0.00951,-0.00031,0.99943,0.02764,0.01771,-0.03409,0.99888,1.00,0.03242,-0.01760,0.00057,0.99932,0.02668,-0.00938,-0.03307,0.99905,1.00
12911,-0.00505,0.00932,-0.03326,0.99939,0.03239,0.00948,-0.00031,0.99943,0.02764,0.01771,-0.03389,0.99889,1.00,0.03233,-0.01764,0.00057,0.99932,0.02668,-0.00939,-0.03288,0.99906,1.00
12921,-0.00490,0.00935,-0.03323,0.99939,0.03205,0.00930,-0.00030,0.99944,0.02744,0.01757,-0.03385,0.99890,1.00,0.03199,-0.01781,0.00057,0.99933,0.02649,-0.00952,-0.03285,0.99906,1.00
12933,-0.00459,0.00933,-0.03328,0.99939,0.03152,0.00939,-0.00030,0.99946,0.02722,0.01766,-0.03389,0.99890,1.00,0.03149,-0.01773,0.00056,0.99935,0.02630,-0.00944,-0.03291,0.99907,1.00
12944,-0.00430,0.00934,-0.03341,0.99939,0.03123,0.00937,-0.00029,0.99947,0.02722,0.01766,-0.03402,0.99889,1.00,0.03120,-0.01774,0.00055,0.99936,0.02630,-0.00943,-0.03305,0.99906,1.00
12954,-0.00403,0.00935,-0.03347,0.99939,0.02961,0.01071,-0.00032,0.99950,0.02592,0.01906,-0.03409,0.99890,1.00,0.02960,-0.01640,0.00049,0.99943,0.02501,-0.00803,-0.03318,0.99910,1.00
12966,-0.00384,0.00937,-0.03356,0.99939,0.03105,0.01069,-0.00033,0.99946,0.02754,0.01901,-0.03420,0.99885,1.00,0.03104,-0.01642,0.00051,0.99938,0.02664,-0.00808,-0.03325,0.99906,1.00
12977,-0.00375,0.00937,-0.03362,0.99938,0.03095,0.01069,-0.00033,0.99946,0.02754,0.01901,-0.03426,0.99885,1.00,0.03095,-0.01642,0.00051,0.99939,0.02664,-0.00808,-0.03332,0.99906,1.00
12987,-0.00354,0.00945,-0.03369,0.99938,0.03084,0.01063,-0.00033,0.99947,0.02763,0.01903,-0.03433,0.99885,1.00,0.03084,-0.01649,0.00051,0.99939,0.02673,-0.00807,-0.03339,0.99905,1.00
12998,-0.00349,0.00954,-0.03378,0.99938,0.03107,0.00807,-0.00025,0.99948,0.02783,0.01655,-0.03433,0.99889,1.00,0.03106,-0.01904,0.00059,0.99934,0.02692,-0.01055,-0.03339,0.99902,1.00
13011,-0.00358,0.00967,-0.03380,0.99938,0.03117,0.00795,-0.00025,0.99948,0.02783,0.01655,-0.03436,0.99888,1.00,0.03116,-0.01917,0.00060,0.99933,0.02692,-0.01055,-0.03341,0.99902,1.00
13022,-0.00372,0.00987,-0.03379,0.99937,0.03073,0.00780,-0.00024,0.99950,0.02725,0.01662,-0.03435,0.99890,1.00,0.03071,-0.01931,0.00059,0.99934,0.02633,-0.01047,-0.03341,0.99904,1.00
13033,-0.00389,0.01006,-0.03368,0.99937,0.03102,0.00894,-0.00028,0.99948,0.02741,0.01794,-0.03429,0.99887,1.00,0.03100,-0.01818,0.00056,0.99935,0.02649,-0.00915,-0.03334,0.99905,1.00
13044,-0.00407,0.01029,-0.03368,0.99937,0.03120,0.00872,-0.00027,0.99947,0.02741,0.01794,-0.03429,0.99887,1.00,0.03119,-0.01840,0.00057,0.99934,0.02649,-0.00915,-0.03333,0.99905,1.00
13054,-0.00419,0.01055,-0.03369,0.99937,0.03130,0.01082,-0.00034,0.99945,0.02746,0.02030,-0.03438,0.99883,1.00,0.03129,-0.01630,0.00051,0.99938,0.02654,-0.00679,-0.03342,0.99907,1.00
13066,-0.00424,0.01081,-0.03373,0.99936,0.03187,0.00885,-0.00028,0.99945,0.02791,0.01857,-0.03437,0.99885,1.00,0.03185,-0.01826,0.00058,0.99933,0.02699,-0.00852,-0.03339,0.99904,1.00
13077,-0.00435,0.01095,-0.03360,0.99937,0.03199,0.00871,-0.00028,0.99945,0.02791,0.01857,-0.03424,0.99885,1.00,0.03197,-0.01841,0.00059,0.99932,0.02699,-0.00853,-0.03325,0.99905,1.00
13088,-0.00443,0.01109,-0.03340,0.99937,0.03304,0.00909,-0.00030,0.99941,0.02889,0.01906,-0.03409,0.99882,1.00,0.03301,-0.01803,0.00060,0.99929,0.02796,-0.00804,-0.03307,0.99903,1.00
13099,-0.00441,0.01121,-0.03321,0.99938,0.03356,0.00903,-0.00030,0.99940,0.02943,0.01911,-0.03391,0.99881,1.00,0.03352,-0.01809,0.00061,0.99927,0.02850,-0.00799,-0.03288,0.99902,1.00
13110,-0.00427,0.01134,-0.03326,0.99937,0.03343,0.00889,-0.00030,0.99940,0.02943,0.01911,-0.03396,0.99881,1.00,0.03339,-0.01823,0.00061,0.99928,0.02850,-0.00799,-0.03293,0.99902,1.00
13122,-0.00415,0.01139,-0.03325,0.99937,0.03318,0.00890,-0.00030,0.99941,0.02931,0.01918,-0.03394,0.99881,1.00,0.03315,-0.01822,0.00060,0.99928,0.02838,-0.00792,-0.03292,0.99902,1.00
13133,-0.00411,0.01143,-0.03312,0.99938,0.03485,0.00746,-0.00026,0.99936,0.03096,0.01773,-0.03379,0.99879,1.00,0.03481,-0.01966,0.00068,0.99920,0.03003,-0.00937,-0.03273,0.99897,1.00
13143,-0.00410,0.01140,-0.03306,0.99938,0.03484,0.00749,-0.00026,0.99937,0.03096,0.01773,-0.03373,0.99879,1.00,0.03479,-0.01963,0.00068,0.99920,0.03003,-0.00938,-0.03267,0.99897,1.00
13155,-0.00397,0.01132,-0.03306,0.99938,0.03437,0.00774,-0.00027,0.99938,0.03063,0.01790,-0.03372,0.99880,1.00,0.03433,-0.01938,0.00067,0.99922,0.02971,-0.00920,-0.03268,0.99898,1.00
13166,-0.00368,0.01113,-0.03306,0.99938,0.03414,0.00798,-0.00027,0.99939,0.03070,0.01798,-0.03372,0.99880,1.00,0.03411,-0.01914,0.00065,0.99923,0.02978,-0.00913,-0.03269,0.99898,1.00
13177,-0.00342,0.01096,-0.03300,0.99939,0.03387,0.00814,-0.00028,0.99939,0.03071,0.01797,-0.03366,0.99880,1.00,0.03384,-0.01898,0.00064,0.99925,0.02978,-0.00913,-0.03264,0.99898,1.00
13188,-0.00316,0.01084,-0.03302,0.99939,0.02908,0.00687,-0.00020,0.99955,0.02613,0.01674,-0.03354,0.99896,1.00,0.02904,-0.02024,0.00059,0.99937,0.02521,-0.01035,-0.03267,0.99909,1.00
13199,-0.00300,0.01067,-0.03295,0.99940,0.02895,0.00692,-0.00020,0.99956,0.02617,0.01662,-0.03347,0.99896,1.00,0.02892,-0.02019,0.00058,0.99938,0.02525,-0.01047,-0.03260,0.99909,1.00
13211,-0.00285,0.01063,-0.03287,0.99940,0.02881,0.00695,-0.00020,0.99956,0.02617,0.01662,-0.03339,0.99896,1.00,0.02877,-0.02016,0.00058,0.99938,0.02525,-0.01047,-0.03252,0.99910,1.00
13222,-0.00285,0.01052,-0.03276,0.99940,0.02909,0.00702,-0.00020,0.99955,0.02645,0.01658,-0.03327,0.99896,1.00,0.02904,-0.02009,0.00058,0.99938,0.02553,-0.01051,-0.03240,0.99909,1.00
13232,-0.00276,0.01046,-0.03277,0.99940,0.02926,0.00735,-0.00022,0.99954,0.02672,0.01685,-0.03329,0.99895,1.00,0.02923,-0.01975,0.00058,0.99938,0.02581,-0.01024,-0.03242,0.99909,1.00
13244,-0.00264,0.01042,-0.03271,0.99941,0.02914,0.00739,-0.00022,0.99955,0.02673,0.01685,-0.03323,0.99895,1.00,0.02910,-0.01971,0.00057,0.99938,0.02581,-0.01024,-0.03237,0.99909,1.00
13255,-0.00239,0.01039,-0.03276,0.99941,0.02955,0.00760,-0.00022,0.99953,0.02739,0.01702,-0.03330,0.99893,1.00,0.02952,-0.01951,0.00058,0.99937,0.02648,-0.01008,-0.03243,0.99907,1.00
13266,-0.00210,0.01035,-0.03287,0.99940,0.02944,0.00753,-0.00022,0.99954,0.02757,0.01690,-0.03340,0.99892,1.00,0.02942,-0.01958,0.00058,0.99938,0.02667,-0.01019,-0.03254,0.99906,1.00
13278,-0.00186,0.01038,-0.03295,0.99940,0.02921,0.00749,-0.00022,0.99955,0.02757,0.01690,-0.03347,0.99892,1.00,0.02919,-0.01961,0.00057,0.99938,0.02667,-0.01019,-0.03263,0.99906,1.00
13289,-0.00169,0.01038,-0.03301,0.99940,0.02928,0.00742,-0.00022,0.99954,0.02782,0.01682,-0.03353,0.99891,1.00,0.02927,-0.01969,0.00058,0.99938,0.02692,-0.01027,-0.03268,0.99905,1.00
13299,-0.00158,0.01040,-0.03305,0.99940,0.02991,0.00614,-0.00018,0.99953,0.02852,0.01554,-0.03354,0.99891,1.00,0.02989,-0.02097,0.00063,0.99933,0.02761,-0.01155,-0.03268,0.99902,1.00
13311,-0.00160,0.01045,-0.03304,0.99940,0.02994,0.00609,-0.00018,0.99953,0.02852,0.01554,-0.03353,0.99891,1.00,0.02991,-0.02102,0.00063,0.99933,0.02761,-0.01155,-0.03267,0.99902,1.00
13322,-0.00155,0.01049,-0.03303,0.99940,0.03017,0.00829,-0.00025,0.99951,0.02887,0.01777,-0.03359,0.99886,1.00,0.03015,-0.01882,0.00057,0.99937,0.02797,-0.00932,-0.03273,0.99903,1.00
13333,-0.00169,0.01060,-0.03307,0.99940,0.03045,0.00910,-0.00028,0.99949,0.02904,0.01869,-0.03367,0.99884,1.00,0.03044,-0.01801,0.00055,0.99937,0.02814,-0.00841,-0.03279,0.99903,1.00
13344,-0.00189,0.01070,-0.03308,0.99939,0.03065,0.00901,-0.00028,0.99949,0.02904,0.01869,-0.03368,0.99884,1.00,0.03063,-0.01810,0.00055,0.99937,0.02814,-0.00841,-0.03279,0.99903,1.00
13355,-0.00207,0.01090,-0.03330,0.99938,0.03004,0.00890,-0.00027,0.99951,0.02825,0.01879,-0.03389,0.99885,1.00,0.03004,-0.01821,0.00055,0.99938,0.02735,-0.00831,-0.03302,0.99905,1.00
13366,-0.00201,0.01112,-0.03356,0.99937,0.02991,0.00832,-0.00025,0.99952,0.02816,0.01843,-0.03414,0.99885,1.00,0.02991,-0.01879,0.00056,0.99938,0.02726,-0.00867,-0.03327,0.99904,1.00
13377,-0.00209,0.01118,-0.03357,0.99937,0.02999,0.00827,-0.00025,0.99952,0.02816,0.01843,-0.03416,0.99885,1.00,0.03000,-0.01885,0.00057,0.99937,0.02726,-0.00867,-0.03328,0.99904,1.00
13389,-0.00221,0.01124,-0.03342,0.99938,0.03027,0.00664,-0.00020,0.99952,0.02826,0.01686,-0.03396,0.99888,1.00,0.03025,-0.02047,0.00062,0.99933,0.02735,-0.01024,-0.03307,0.99903,1.00
13400,-0.00226,0.01132,-0.03330,0.99938,0.03023,0.00672,-0.00020,0.99952,0.02818,0.01702,-0.03385,0.99888,1.00,0.03021,-0.02039,0.00062,0.99934,0.02726,-0.01007,-0.03296,0.99903,1.00
13411,-0.00237,0.01135,-0.03327,0.99938,0.03035,0.00669,-0.00020,0.99952,0.02818,0.01702,-0.03381,0.99889,1.00,0.03032,-0.02042,0.00062,0.99933,0.02726,-0.01007,-0.03292,0.99904,1.00
13422,-0.00237,0.01144,-0.03333,0.99938,0.02953,0.00642,-0.00019,0.99954,0.02736,0.01686,-0.03386,0.99891,1.00,0.02950,-0.02069,0.00061,0.99935,0.02643,-0.01023,-0.03299,0.99905,1.00
13433,-0.00237,0.01148,-0.03347,0.99937,0.02937,0.00651,-0.00019,0.99955,0.02720,0.01699,-0.03400,0.99891,1.00,0.02935,-0.02060,0.00060,0.99936,0.02628,-0.01010,-0.03313,0.99905,1.00
13445,-0.00239,0.01150,-0.03366,0.99936,0.02938,0.00650,-0.00019,0.99955,0.02719,0.01700,-0.03419,0.99890,1.00,0.02937,-0.02061,0.00061,0.99936,0.02628,-0.01009,-0.03333,0.99905,1.00
13456,-0.00233,0.01144,-0.03392,0.99936,0.02929,0.00564,-0.00017,0.99955,0.02714,0.01608,-0.03442,0.99891,1.00,0.02929,-0.02147,0.00063,0.99934,0.02622,-0.01101,-0.03356,0.99903,1.00
13466,-0.00221,0.01143,-0.03401,0.99935,0.02908,0.00571,-0.00017,0.99956,0.02704,0.01614,-0.03450,0.99891,1.00,0.02907,-0.02139,0.00062,0.99935,0.02613,-0.01095,-0.03365,0.99903,1.00
13477,-0.00220,0.01134,-0.03405,0.99935,0.02906,0.00580,-0.00017,0.99956,0.02704,0.01614,-0.03454,0.99891,1.00,0.02906,-0.02131,0.00062,0.99935,0.02613,-0.01095,-0.03369,0.99903,1.00
13488,-0.00217,0.01128,-0.03410,0.99935,0.02768,0.00591,-0.00016,0.99960,0.02569,0.01623,-0.03458,0.99894,1.00,0.02767,-0.02120,0.00059,0.99939,0.02477,-0.01086,-0.03376,0.99906,1.00
13501,-0.00226,0.01117,-0.03421,0.99935,0.02782,0.00599,-0.00017,0.99960,0.02574,0.01619,-0.03468,0.99894,1.00,0.02781,-0.02112,0.00059,0.99939,0.02481,-0.01090,-0.03386,0.99906,1.00
13512,-0.00250,0.01117,-0.03436,0.99934,0.02805,0.00600,-0.00017,0.99959,0.02574,0.01619,-0.03484,0.99893,1.00,0.02805,-0.02111,0.00059,0.99938,0.02481,-0.01089,-0.03401,0.99905,1.00
13523,-0.00261,0.01112,-0.03444,0.99934,0.02967,0.00589,-0.00017,0.99954,0.02724,0.01598,-0.03495,0.99889,1.00,0.02966,-0.02122,0.00063,0.99933,0.02631,-0.01111,-0.03406,0.99901,1.00
13534,-0.00275,0.01101,-0.03448,0.99934,0.02973,0.00594,-0.00018,0.99954,0.02716,0.01592,-0.03499,0.99889,1.00,0.02972,-0.02117,0.00063,0.99933,0.02622,-0.01117,-0.03410,0.99901,1.00
13544,-0.00282,0.01093,-0.03450,0.99934,0.02980,0.00602,-0.00018,0.99954,0.02716,0.01592,-0.03500,0.99889,1.00,0.02979,-0.02109,0.00063,0.99933,0.02622,-0.01117,-0.03411,0.99901,1.00
13556,-0.00289,0.01076,-0.03457,0.99934,0.02989,0.00703,-0.00021,0.99953,0.02722,0.01675,-0.03510,0.99887,1.00,0.02988,-0.02007,0.00060,0.99935,0.02628,-0.01034,-0.03421,0.99902,1.00
13567,-0.00282,0.01062,-0.03460,0.99934,0.02890,0.00705,-0.00020,0.99956,0.02630,0.01666,-0.03512,0.99890,1.00,0.02889,-0.02006,0.00058,0.99938,0.02536,-0.01043,-0.03425,0.99904,1.00
13578,-0.00275,0.01047,-0.03472,0.99934,0.02882,0.00720,-0.00021,0.99956,0.02630,0.01666,-0.03523,0.99889,1.00,0.02881,-0.01990,0.00057,0.99939,0.02536,-0.01043,-0.03437,0.99903,1.00
13589,-0.00265,0.01029,-0.03476,0.99934,0.02705,0.00090,-0.00002,0.99963,0.02441,0.01025,-0.03505,0.99903,1.00,0.02701,-0.02619,0.00071,0.99929,0.02344,-0.01683,-0.03424,0.99900,1.00
13600,-0.00254,0.01015,-0.03481,0.99934,0.02692,0.00062,-0.00002,0.99964,0.02438,0.00983,-0.03509,0.99904,1.00,0.02688,-0.02647,0.00071,0.99929,0.02341,-0.01725,-0.03428,0.99899,1.00
13611,-0.00250,0.01002,-0.03481,0.99934,0.02687,0.00074,-0.00002,0.99964,0.02438,0.00983,-0.03509,0.99904,1.00,0.02683,-0.02635,0.00071,0.99929,0.02341,-0.01725,-0.03428,0.99899,1.00
13623,-0.00249,0.00993,-0.03480,0.99934,0.02775,0.00063,-0.00002,0.99961,0.02527,0.00958,-0.03508,0.99902,1.00,0.02771,-0.02647,0.00073,0.99927,0.02429,-0.01750,-0.03425,0.99897,1.00
13634,-0.00254,0.00982,-0.03484,0.99934,0.02789,0.00131,-0.00004,0.99961,0.02538,0.01015,-0.03514,0.99901,1.00,0.02785,-0.02579,0.00072,0.99928,0.02440,-0.01693,-0.03430,0.99897,1.00
13646,-0.00255,0.00977,-0.03487,0.99934,0.02790,0.00136,-0.00004,0.99961,0.02538,0.01015,-0.03517,0.99901,1.00,0.02785,-0.02573,0.00072,0.99928,0.02440,-0.01693,-0.03433,0.99897,1.00
13656,-0.00261,0.00975,-0.03492,0.99934,0.02801,0.00244,-0.00007,0.99960,0.02547,0.01121,-0.03525,0.99899,1.00,0.02797,-0.02466,0.00069,0.99930,0.02450,-0.01587,-0.03441,0.99898,1.00
13668,-0.00260,0.00970,-0.03494,0.99934,0.02793,0.00235,-0.00007,0.99961,0.02539,0.01107,-0.03526,0.99899,1.00,0.02789,-0.02475,0.00069,0.99930,0.02442,-0.01601,-0.03443,0.99898,1.00
13678,-0.00246,0.00972,-0.03498,0.99934,0.02779,0.00232,-0.00006,0.99961,0.02539,0.01107,-0.03531,0.99899,1.00,0.02775,-0.02477,0.00069,0.99931,0.02442,-0.01601,-0.03448,0.99898,1.00
13690,-0.00232,0.00967,-0.03499,0.99934,0.02774,0.00174,-0.00005,0.99961,0.02546,0.01044,-0.03530,0.99900,1.00,0.02770,-0.02535,0.00070,0.99929,0.02449,-0.01664,-0.03447,0.99897,1.00
13701,-0.00214,0.00965,-0.03497,0.99934,0.02752,0.00138,-0.00004,0.99962,0.02541,0.01006,-0.03526,0.99900,1.00,0.02748,-0.02572,0.00071,0.99929,0.02443,-0.01702,-0.03445,0.99896,1.00
13712,-0.00194,0.00952,-0.03484,0.99935,0.02732,0.00149,-0.00004,0.99963,0.02541,0.01006,-0.03513,0.99901,1.00,0.02727,-0.02560,0.00070,0.99930,0.02443,-0.01702,-0.03433,0.99897,1.00
13723,-0.00180,0.00950,-0.03487,0.99935,0.02742,0.00137,-0.00004,0.99962,0.02564,0.00991,-0.03516,0.99900,1.00,0.02737,-0.02573,0.00070,0.99929,0.02466,-0.01717,-0.03436,0.99896,1.00
13735,-0.00176,0.00949,-0.03492,0.99934,0.02734,0.00132,-0.00004,0.99963,0.02561,0.00984,-0.03521,0.99900,1.00,0.02729,-0.02578,0.00070,0.99929,0.02463,-0.01724,-0.03441,0.99896,1.00
13746,-0.00172,0.00946,-0.03500,0.99934,0.02730,0.00135,-0.00004,0.99963,0.02561,0.00984,-0.03528,0.99900,1.00,0.02726,-0.02575,0.00070,0.99930,0.02463,-0.01723,-0.03449,0.99895,1.00
13757,-0.00166,0.00945,-0.03516,0.99934,0.02743,0.00085,-0.00002,0.99962,0.02578,0.00934,-0.03543,0.99900,1.00,0.02739,-0.02624,0.00072,0.99928,0.02480,-0.01774,-0.03463,0.99894,1.00
13768,-0.00150,0.00951,-0.03538,0.99933,0.02726,0.00073,-0.00002,0.99963,0.02576,0.00927,-0.03565,0.99899,1.00,0.02723,-0.02636,0.00072,0.99928,0.02479,-0.01781,-0.03486,0.99893,1.00
13779,-0.00128,0.00959,-0.03554,0.99932,0.02704,0.00065,-0.00002,0.99963,0.02576,0.00927,-0.03580,0.99898,1.00,0.02702,-0.02645,0.00072,0.99928,0.02479,-0.01781,-0.03502,0.99892,1.00
13790,-0.00117,0.00963,-0.03542,0.99933,0.02706,0.00037,-0.00001,0.99963,0.02589,0.00904,-0.03567,0.99899,1.00,0.02703,-0.02673,0.00072,0.99928,0.02491,-0.01804,-0.03490,0.99892,1.00
13801,-0.00105,0.00968,-0.03518,0.99933,0.02592,0.00033,-0.00001,0.99966,0.02487,0.00909,-0.03543,0.99902,1.00,0.02587,-0.02677,0.00069,0.99931,0.02387,-0.01799,-0.03469,0.99895,1.00
13813,-0.00096,0.00974,-0.03502,0.99934,0.02584,0.00025,-0.00001,0.99967,0.02487,0.00908,-0.03526,0.99903,1.00,0.02578,-0.02684,0.00069,0.99931,0.02387,-0.01799,-0.03453,0.99896,1.00
13824,-0.00075,0.00986,-0.03488,0.99934,0.02560,0.00036,-0.00001,0.99967,0.02485,0.00932,-0.03513,0.99903,1.00,0.02553,-0.02673,0.00068,0.99932,0.02385,-0.01775,-0.03440,0.99897,1.00
13836,-0.00066,0.00990,-0.03480,0.99935,0.02571,0.00072,-0.00002,0.99967,0.02505,0.00972,-0.03506,0.99902,1.00,0.02564,-0.02637,0.00068,0.99932,0.02405,-0.01736,-0.03434,0.99897,1.00
13847,-0.00062,0.01000,-0.03473,0.99935,0.02586,0.00072,-0.00002,0.99967,0.02525,0.00982,-0.03499,0.99902,1.00,0.02580,-0.02637,0.00068,0.99932,0.02426,-0.01725,-0.03426,0.99897,1.00
13858,-0.00063,0.00995,-0.03457,0.99935,0.02587,0.00076,-0.00002,0.99967,0.02526,0.00982,-0.03483,0.99903,1.00,0.02580,-0.02633,0.00068,0.99932,0.02426,-0.01726,-0.03411,0.99897,1.00
13869,-0.00061,0.00999,-0.03432,0.99936,0.02688,0.00094,-0.00003,0.99964,0.02629,0.01000,-0.03461,0.99901,1.00,0.02680,-0.02615,0.00070,0.99930,0.02529,-0.01707,-0.03385,0.99896,1.00
13880,-0.00051,0.00995,-0.03407,0.99937,0.02543,0.00116,-0.00003,0.99968,0.02494,0.01023,-0.03434,0.99905,1.00,0.02535,-0.02594,0.00066,0.99934,0.02394,-0.01684,-0.03363,0.99901,1.00
13892,-0.00037,0.00994,-0.03391,0.99938,0.02528,0.00116,-0.00003,0.99968,0.02494,0.01023,-0.03418,0.99905,1.00,0.02520,-0.02594,0.00065,0.99935,0.02394,-0.01684,-0.03348,0.99901,1.00
13903,-0.00026,0.00989,-0.03387,0.99938,0.02582,0.00292,-0.00008,0.99966,0.02563,0.01193,-0.03419,0.99902,1.00,0.02575,-0.02417,0.00062,0.99938,0.02465,-0.01515,-0.03348,0.99902,1.00
13914,-0.00019,0.00992,-0.03388,0.99938,0.02587,0.00148,-0.00004,0.99966,0.02571,0.01053,-0.03417,0.99903,1.00,0.02581,-0.02561,0.00066,0.99934,0.02474,-0.01655,-0.03345,0.99900,1.00
13926,-0.00018,0.00992,-0.03389,0.99938,0.02585,0.00148,-0.00004,0.99966,0.02571,0.01053,-0.03417,0.99903,1.00,0.02579,-0.02561,0.00066,0.99934,0.02474,-0.01655,-0.03346,0.99900,1.00
13937,-0.00015,0.00992,-0.03387,0.99938,0.02650,0.00161,-0.00004,0.99965,0.02639,0.01063,-0.03417,0.99901,1.00,0.02645,-0.02549,0.00067,0.99933,0.02543,-0.01645,-0.03344,0.99898,1.00
13948,-0.00019,0.00992,-0.03381,0.99938,0.02663,0.00140,-0.00004,0.99964,0.02648,0.01042,-0.03410,0.99901,1.00,0.02658,-0.02569,0.00068,0.99932,0.02551,-0.01666,-0.03336,0.99898,1.00
13958,-0.00026,0.00995,-0.03372,0.99938,0.02670,0.00138,-0.00004,0.99964,0.02648,0.01042,-0.03401,0.99902,1.00,0.02665,-0.02572,0.00069,0.99931,0.02551,-0.01666,-0.03327,0.99898,1.00
13969,-0.00026,0.00998,-0.03367,0.99938,0.02631,0.00131,-0.00003,0.99965,0.02607,0.01040,-0.03395,0.99903,1.00,0.02625,-0.02578,0.00068,0.99932,0.02511,-0.01668,-0.03322,0.99899,1.00
13980,-0.00018,0.01006,-0.03375,0.99938,0.02622,0.00126,-0.00003,0.99966,0.02606,0.01043,-0.03404,0.99903,1.00,0.02617,-0.02584,0.00068,0.99932,0.02511,-0.01665,-0.03331,0.99899,1.00
13993,-0.00007,0.01012,-0.03385,0.99938,0.02610,0.00119,-0.00003,0.99966,0.02606,0.01043,-0.03414,0.99902,1.00,0.02606,-0.02590,0.00068,0.99932,0.02511,-0.01665,-0.03342,0.99899,1.00
14003,-0.00002,0.01017,-0.03383,0.99938,0.02717,0.00119,-0.00003,0.99963,0.02718,0.01044,-0.03413,0.99899,1.00,0.02713,-0.02590,0.00070,0.99930,0.02623,-0.01664,-0.03338,0.99896,1.00
14014,0.00004,0.01017,-0.03371,0.99938,0.02718,0.00048,-0.00001,0.99963,0.02723,0.00973,-0.03399,0.99900,1.00,0.02713,-0.02662,0.00072,0.99928,0.02627,-0.01735,-0.03324,0.99895,1.00
14026,0.00016,0.01018,-0.03341,0.99939,0.02707,0.00045,-0.00001,0.99963,0.02723,0.00972,-0.03368,0.99901,1.00,0.02700,-0.02664,0.00072,0.99928,0.02626,-0.01736,-0.03294,0.99896,1.00
14037,0.00019,0.01009,-0.03325,0.99940,0.02615,0.00059,-0.00002,0.99966,0.02634,0.00980,-0.03352,0.99904,1.00,0.02607,-0.02651,0.00069,0.99931,0.02538,-0.01728,-0.03280,0.99899,1.00
14048,0.00021,0.01007,-0.03323,0.99940,0.02620,0.00151,-0.00004,0.99966,0.02645,0.01070,-0.03352,0.99903,1.00,0.02614,-0.02559,0.00067,0.99933,0.02549,-0.01638,-0.03281,0.99900,1.00
14059,0.00021,0.00997,-0.03314,0.99940,0.02620,0.00160,-0.00004,0.99966,0.02645,0.01070,-0.03343,0.99903,1.00,0.02613,-0.02550,0.00067,0.99933,0.02549,-0.01638,-0.03272,0.99901,1.00
14070,0.00017,0.00972,-0.03301,0.99941,0.02517,0.00215,-0.00005,0.99968,0.02540,0.01103,-0.03330,0.99906,1.00,0.02511,-0.02495,0.00063,0.99937,0.02445,-0.01605,-0.03262,0.99904,1.00
14080,0.00021,0.00944,-0.03284,0.99942,0.02516,0.00233,-0.00006,0.99968,0.02544,0.01094,-0.03312,0.99907,1.00,0.02510,-0.02477,0.00062,0.99938,0.02449,-0.01614,-0.03244,0.99904,1.00
14092,0.00025,0.00918,-0.03273,0.99942,0.02512,0.00258,-0.00006,0.99968,0.02544,0.01093,-0.03302,0.99907,1.00,0.02505,-0.02452,0.00061,0.99939,0.02449,-0.01614,-0.03233,0.99905,1.00
14103,0.00025,0.00894,-0.03265,0.99943,0.02563,0.00278,-0.00007,0.99967,0.02596,0.01087,-0.03294,0.99906,1.00,0.02557,-0.02432,0.00062,0.99938,0.02502,-0.01620,-0.03224,0.99904,1.00
14114,0.00028,0.00855,-0.03260,0.99943,0.02564,0.00160,-0.00004,0.99967,0.02596,0.00931,-0.03285,0.99908,1.00,0.02558,-0.02549,0.00065,0.99935,0.02502,-0.01777,-0.03215,0.99901,1.00
14126,0.00023,0.00820,-0.03254,0.99944,0.02568,0.00194,-0.00005,0.99967,0.02596,0.00930,-0.03279,0.99908,1.00,0.02561,-0.02515,0.00064,0.99936,0.02502,-0.01777,-0.03209,0.99901,1.00
14137,0.00023,0.00795,-0.03256,0.99944,0.02506,0.00310,-0.00008,0.99968,0.02538,0.01023,-0.03282,0.99909,1.00,0.02501,-0.02399,0.00060,0.99940,0.02445,-0.01685,-0.03214,0.99904,1.00
14147,0.00028,0.00776,-0.03256,0.99944,0.02502,0.00258,-0.00006,0.99968,0.02537,0.00952,-0.03281,0.99909,1.00,0.02498,-0.02452,0.00061,0.99939,0.02445,-0.01756,-0.03213,0.99903,1.00
14160,0.00035,0.00757,-0.03263,0.99944,0.02494,0.00277,-0.00007,0.99969,0.02537,0.00952,-0.03288,0.99909,1.00,0.02490,-0.02432,0.00061,0.99939,0.02445,-0.01756,-0.03221,0.99903,1.00
14171,0.00041,0.00749,-0.03271,0.99944,0.02385,0.00497,-0.00012,0.99970,0.02442,0.01168,-0.03300,0.99909,1.00,0.02383,-0.02212,0.00053,0.99947,0.02351,-0.01540,-0.03236,0.99908,1.00
14182,0.00041,0.00749,-0.03282,0.99943,0.02626,0.00383,-0.00010,0.99965,0.02678,0.01045,-0.03310,0.99904,1.00,0.02623,-0.02327,0.00061,0.99938,0.02587,-0.01663,-0.03239,0.99900,1.00
14193,0.00042,0.00757,-0.03299,0.99943,0.02625,0.00376,-0.00010,0.99965,0.02678,0.01046,-0.03327,0.99903,1.00,0.02623,-0.02334,0.00061,0.99938,0.02587,-0.01663,-0.03256,0.99900,1.00
14204,0.00041,0.00767,-0.03306,0.99942,0.02525,0.00343,-0.00009,0.99968,0.02575,0.01026,-0.03333,0.99906,1.00,0.02523,-0.02366,0.00060,0.99940,0.02485,-0.01682,-0.03265,0.99902,1.00
14215,0.00040,0.00800,-0.03323,0.99942,0.02530,0.00302,-0.00008,0.99968,0.02579,0.01018,-0.03349,0.99905,1.00,0.02529,-0.02407,0.00061,0.99939,0.02488,-0.01690,-0.03281,0.99901,1.00
14226,0.00047,0.00834,-0.03330,0.99941,0.02524,0.00269,-0.00007,0.99968,0.02579,0.01018,-0.03357,0.99905,1.00,0.02523,-0.02441,0.00062,0.99938,0.02488,-0.01690,-0.03289,0.99901,1.00
14237,0.00059,0.00870,-0.03348,0.99940,0.02514,0.00308,-0.00008,0.99968,0.02582,0.01093,-0.03376,0.99904,1.00,0.02514,-0.02402,0.00060,0.99940,0.02491,-0.01615,-0.03309,0.99901,1.00
14248,0.00074,0.00909,-0.03361,0.99939,0.02635,0.00343,-0.00009,0.99965,0.02719,0.01163,-0.03393,0.99899,1.00,0.02635,-0.02366,0.00062,0.99937,0.02628,-0.01545,-0.03322,0.99898,1.00
14260,0.00084,0.00947,-0.03375,0.99939,0.02627,0.00306,-0.00008,0.99965,0.02719,0.01164,-0.03406,0.99898,1.00,0.02627,-0.02404,0.00063,0.99937,0.02628,-0.01545,-0.03336,0.99898,1.00
14271,0.00086,0.00976,-0.03374,0.99938,0.02635,0.00318,-0.00008,0.99965,0.02730,0.01204,-0.03407,0.99897,1.00,0.02634,-0.02392,0.00063,0.99937,0.02638,-0.01504,-0.03337,0.99898,1.00
14282,0.00083,0.01004,-0.03388,0.99938,0.02614,0.00149,-0.00004,0.99966,0.02700,0.01063,-0.03417,0.99899,1.00,0.02612,-0.02561,0.00067,0.99933,0.02607,-0.01645,-0.03347,0.99896,1.00
14293,0.00080,0.01025,-0.03404,0.99937,0.02618,0.00128,-0.00003,0.99966,0.02700,0.01064,-0.03433,0.99899,1.00,0.02617,-0.02581,0.00068,0.99932,0.02608,-0.01645,-0.03363,0.99896,1.00
14304,0.00084,0.01043,-0.03418,0.99936,0.02484,0.00146,-0.00004,0.99969,0.02571,0.01103,-0.03446,0.99901,1.00,0.02483,-0.02563,0.00064,0.99936,0.02478,-0.01605,-0.03380,0.99899,1.00
14315,0.00088,0.01051,-0.03427,0.99936,0.02492,0.00095,-0.00002,0.99969,0.02582,0.01060,-0.03455,0.99901,1.00,0.02491,-0.02614,0.00065,0.99935,0.02488,-0.01647,-0.03389,0.99898,1.00
14326,0.00097,0.01054,-0.03427,0.99936,0.02483,0.00092,-0.00002,0.99969,0.02582,0.01060,-0.03455,0.99901,1.00,0.02482,-0.02617,0.00065,0.99935,0.02488,-0.01647,-0.03389,0.99898,1.00
14337,0.00112,0.01046,-0.03432,0.99936,0.02471,0.00109,-0.00003,0.99969,0.02585,0.01070,-0.03459,0.99901,1.00,0.02468,-0.02600,0.00064,0.99936,0.02490,-0.01638,-0.03394,0.99898,1.00
14348,0.00120,0.01043,-0.03435,0.99935,0.02470,0.00142,-0.00004,0.99969,0.02593,0.01100,-0.03463,0.99900,1.00,0.02467,-0.02567,0.00063,0.99937,0.02498,-0.01607,-0.03399,0.99898,1.00
14360,0.00120,0.01031,-0.03437,0.99936,0.02469,0.00154,-0.00004,0.99969,0.02593,0.01100,-0.03465,0.99900,1.00,0.02466,-0.02555,0.00063,0.99937,0.02498,-0.01607,-0.03400,0.99898,1.00
14371,0.00099,0.01012,-0.03442,0.99936,0.02562,0.00183,-0.00005,0.99967,0.02665,0.01106,-0.03471,0.99898,1.00,0.02558,-0.02526,0.00065,0.99935,0.02569,-0.01602,-0.03403,0.99896,1.00
14381,0.00061,0.00988,-0.03450,0.99936,0.02496,0.00226,-0.00006,0.99969,0.02564,0.01127,-0.03480,0.99900,1.00,0.02494,-0.02483,0.00062,0.99938,0.02468,-0.01581,-0.03413,0.99899,1.00
14393,0.00055,0.00970,-0.03458,0.99935,0.02502,0.00244,-0.00006,0.99968,0.02564,0.01127,-0.03488,0.99900,1.00,0.02499,-0.02465,0.00062,0.99938,0.02468,-0.01580,-0.03420,0.99899,1.00
14404,0.00064,0.00958,-0.03472,0.99935,0.02559,0.00240,-0.00006,0.99967,0.02629,0.01109,-0.03501,0.99898,1.00,0.02556,-0.02469,0.00063,0.99937,0.02533,-0.01599,-0.03433,0.99896,1.00
14415,0.00085,0.00939,-0.03473,0.99935,0.02454,0.00163,-0.00004,0.99970,0.02543,0.01016,-0.03499,0.99901,1.00,0.02451,-0.02546,0.00062,0.99938,0.02447,-0.01691,-0.03433,0.99897,1.00
14426,0.00102,0.00929,-0.03466,0.99936,0.02437,0.00172,-0.00004,0.99970,0.02543,0.01016,-0.03492,0.99902,1.00,0.02434,-0.02537,0.00062,0.99938,0.02447,-0.01691,-0.03427,0.99897,1.00
14437,0.00124,0.00922,-0.03462,0.99936,0.02414,0.00155,-0.00004,0.99971,0.02542,0.00994,-0.03487,0.99902,1.00,0.02410,-0.02554,0.00062,0.99938,0.02444,-0.01714,-0.03424,0.99897,1.00
14449,0.00141,0.00915,-0.03464,0.99936,0.02409,0.00142,-0.00003,0.99971,0.02553,0.00973,-0.03488,0.99902,1.00,0.02405,-0.02567,0.00062,0.99938,0.02456,-0.01735,-0.03425,0.99896,1.00
14460,0.00156,0.00911,-0.03475,0.99935,0.02394,0.00146,-0.00003,0.99971,0.02553,0.00973,-0.03499,0.99901,1.00,0.02390,-0.02563,0.00061,0.99939,0.02456,-0.01734,-0.03437,0.99896,1.00
14471,0.00166,0.00909,-0.03483,0.99935,0.02508,0.00056,-0.00001,0.99969,0.02674,0.00878,-0.03506,0.99899,1.00,0.02504,-0.02653,0.00066,0.99933,0.02577,-0.01830,-0.03441,0.99891,1.00
14482,0.00167,0.00908,-0.03488,0.99935,0.02537,-0.00024,0.00001,0.99968,0.02702,0.00795,-0.03509,0.99899,1.00,0.02534,-0.02733,0.00069,0.99931,0.02604,-0.01912,-0.03444,0.99888,1.00
14493,0.00173,0.00902,-0.03484,0.99935,0.02531,-0.00019,0.00000,0.99968,0.02702,0.00795,-0.03505,0.99899,1.00,0.02527,-0.02728,0.00069,0.99931,0.02604,-0.01913,-0.03440,0.99889,1.00
14504,0.00173,0.00898,-0.03479,0.99935,0.02688,-0.00023,0.00001,0.99964,0.02858,0.00781,-0.03501,0.99895,1.00,0.02683,-0.02732,0.00073,0.99927,0.02760,-0.01926,-0.03432,0.99884,1.00
14515,0.00184,0.00897,-0.03472,0.99936,0.02549,0.00256,-0.00007,0.99967,0.02740,0.01065,-0.03500,0.99895,1.00,0.02545,-0.02453,0.00062,0.99937,0.02643,-0.01643,-0.03435,0.99893,1.00
14527,0.00198,0.00900,-0.03475,0.99935,0.02535,0.00253,-0.00006,0.99968,0.02740,0.01065,-0.03503,0.99895,1.00,0.02531,-0.02456,0.00062,0.99938,0.02643,-0.01643,-0.03438,0.99892,1.00
14538,0.00211,0.00897,-0.03482,0.99935,0.02394,0.00332,-0.00008,0.99971,0.02615,0.01145,-0.03510,0.99898,1.00,0.02391,-0.02377,0.00057,0.99943,0.02518,-0.01562,-0.03450,0.99897,1.00
14548,0.00224,0.00892,-0.03495,0.99935,0.02395,0.00335,-0.00008,0.99971,0.02629,0.01143,-0.03523,0.99897,1.00,0.02392,-0.02374,0.00057,0.99943,0.02532,-0.01565,-0.03463,0.99896,1.00
14560,0.00236,0.00895,-0.03504,0.99934,0.02383,0.00332,-0.00008,0.99971,0.02629,0.01143,-0.03531,0.99897,1.00,0.02381,-0.02377,0.00057,0.99943,0.02532,-0.01564,-0.03472,0.99895,1.00
14571,0.00237,0.00888,-0.03509,0.99934,0.02436,0.00296,-0.00007,0.99970,0.02681,0.01098,-0.03536,0.99895,1.00,0.02434,-0.02413,0.00059,0.99941,0.02585,-0.01610,-0.03475,0.99893,1.00
14581,0.00226,0.00887,-0.03518,0.99934,0.02642,0.00245,-0.00006,0.99965,0.02875,0.01039,-0.03546,0.99890,1.00,0.02639,-0.02465,0.00065,0.99935,0.02778,-0.01669,-0.03480,0.99887,1.00
14594,0.00209,0.00887,-0.03529,0.99934,0.02659,0.00246,-0.00007,0.99964,0.02875,0.01039,-0.03557,0.99890,1.00,0.02657,-0.02464,0.00066,0.99934,0.02778,-0.01669,-0.03490,0.99887,1.00
14604,0.00197,0.00892,-0.03564,0.99932,0.02677,0.00240,-0.00006,0.99964,0.02880,0.01036,-0.03593,0.99889,1.00,0.02676,-0.02469,0.00066,0.99934,0.02783,-0.01672,-0.03524,0.99885,1.00
14615,0.00193,0.00893,-0.03587,0.99931,0.02674,0.00261,-0.00007,0.99964,0.02874,0.01058,-0.03616,0.99888,1.00,0.02673,-0.02449,0.00066,0.99934,0.02777,-0.01651,-0.03548,0.99885,1.00
14627,0.00183,0.00899,-0.03604,0.99931,0.02683,0.00256,-0.00007,0.99964,0.02874,0.01058,-0.03634,0.99887,1.00,0.02684,-0.02453,0.00066,0.99934,0.02778,-0.01650,-0.03565,0.99884,1.00
14637,0.00183,0.00908,-0.03606,0.99931,0.02286,0.00246,-0.00006,0.99974,0.02476,0.01071,-0.03631,0.99898,1.00,0.02286,-0.02463,0.00056,0.99944,0.02379,-0.01636,-0.03573,0.99894,1.00
14649,0.00189,0.00919,-0.03608,0.99931,0.02271,0.00227,-0.00005,0.99974,0.02466,0.01064,-0.03632,0.99898,1.00,0.02270,-0.02482,0.00056,0.99943,0.02368,-0.01644,-0.03575,0.99895,1.00
14660,0.00195,0.00929,-0.03615,0.99930,0.02266,0.00218,-0.00005,0.99974,0.02466,0.01064,-0.03640,0.99898,1.00,0.02265,-0.02491,0.00056,0.99943,0.02368,-0.01643,-0.03582,0.99894,1.00
14671,0.00198,0.00946,-0.03624,0.99930,0.02459,0.00185,-0.00005,0.99970,0.02662,0.01042,-0.03650,0.99892,1.00,0.02457,-0.02524,0.00062,0.99938,0.02563,-0.01666,-0.03588,0.99889,1.00
14682,0.00210,0.00958,-0.03634,0.99929,0.02573,0.00207,-0.00005,0.99967,0.02788,0.01071,-0.03662,0.99888,1.00,0.02570,-0.02502,0.00064,0.99936,0.02688,-0.01637,-0.03597,0.99886,1.00
14694,0.00219,0.00958,-0.03626,0.99929,0.02564,0.00206,-0.00005,0.99967,0.02788,0.01071,-0.03654,0.99889,1.00,0.02561,-0.02503,0.00064,0.99936,0.02688,-0.01637,-0.03589,0.99886,1.00
14704,0.00243,0.00960,-0.03615,0.99930,0.02545,0.00233,-0.00006,0.99967,0.02794,0.01101,-0.03644,0.99888,1.00,0.02541,-0.02476,0.00063,0.99937,0.02693,-0.01607,-0.03580,0.99887,1.00
14715,0.00272,0.00960,-0.03616,0.99930,0.02481,0.00245,-0.00006,0.99969,0.02760,0.01115,-0.03645,0.99889,1.00,0.02477,-0.02464,0.00061,0.99939,0.02659,-0.01593,-0.03584,0.99888,1.00
14727,0.00294,0.00960,-0.03623,0.99929,0.02459,0.00244,-0.00006,0.99969,0.02760,0.01115,-0.03651,0.99889,1.00,0.02456,-0.02465,0.00061,0.99939,0.02659,-0.01593,-0.03591,0.99887,1.00
14738,0.00302,0.00958,-0.03626,0.99929,0.02442,0.00151,-0.00004,0.99970,0.02747,0.01020,-0.03651,0.99890,1.00,0.02438,-0.02558,0.00062,0.99938,0.02646,-0.01688,-0.03592,0.99886,1.00
14749,0.00297,0.00956,-0.03640,0.99929,0.02474,0.00145,-0.00004,0.99969,0.02774,0.01011,-0.03666,0.99889,1.00,0.02471,-0.02564,0.00063,0.99937,0.02673,-0.01696,-0.03606,0.99885,1.00
14760,0.00293,0.00957,-0.03646,0.99929,0.02478,0.00145,-0.00004,0.99969,0.02774,0.01011,-0.03671,0.99889,1.00,0.02476,-0.02564,0.00064,0.99936,0.02673,-0.01696,-0.03611,0.99885,1.00
14771,0.00270,0.00962,-0.03660,0.99928,0.02463,0.00150,-0.00004,0.99970,0.02737,0.01021,-0.03686,0.99889,1.00,0.02461,-0.02560,0.00063,0.99937,0.02636,-0.01687,-0.03625,0.99885,1.00
14782,0.00248,0.00962,-0.03677,0.99927,0.02482,0.00188,-0.00005,0.99969,0.02734,0.01058,-0.03704,0.99888,1.00,0.02480,-0.02521,0.00063,0.99937,0.02634,-0.01649,-0.03642,0.99885,1.00
14794,0.00238,0.00968,-0.03703,0.99926,0.02491,0.00184,-0.00005,0.99969,0.02734,0.01059,-0.03730,0.99887,1.00,0.02491,-0.02525,0.00063,0.99937,0.02634,-0.01649,-0.03668,0.99884,1.00
14805,0.00231,0.00975,-0.03719,0.99926,0.02488,0.00188,-0.00005,0.99969,0.02725,0.01070,-0.03747,0.99887,1.00,0.02488,-0.02521,0.00063,0.99937,0.02624,-0.01638,-0.03684,0.99884,1.00
14816,0.00233,0.00986,-0.03735,0.99925,0.02580,0.00269,-0.00007,0.99966,0.02821,0.01158,-0.03766,0.99883,1.00,0.02580,-0.02440,0.00063,0.99937,0.02720,-0.01550,-0.03701,0.99882,1.00
14827,0.00226,0.01002,-0.03745,0.99925,0.02588,0.00254,-0.00007,0.99966,0.02821,0.01159,-0.03776,0.99882,1.00,0.02588,-0.02456,0.00064,0.99936,0.02721,-0.01549,-0.03711,0.99882,1.00
14838,0.00222,0.01011,-0.03753,0.99924,0.02581,0.00339,-0.00009,0.99966,0.02813,0.01252,-0.03786,0.99881,1.00,0.02581,-0.02371,0.00061,0.99939,0.02712,-0.01456,-0.03721,0.99883,1.00
14849,0.00215,0.01024,-0.03762,0.99924,0.02521,0.00301,-0.00008,0.99968,0.02745,0.01230,-0.03793,0.99883,1.00,0.02520,-0.02408,0.00061,0.99939,0.02642,-0.01478,-0.03730,0.99885,1.00
14861,0.00207,0.01035,-0.03770,0.99923,0.02529,0.00291,-0.00007,0.99968,0.02745,0.01230,-0.03802,0.99882,1.00,0.02528,-0.02419,0.00061,0.99939,0.02643,-0.01478,-0.03738,0.99884,1.00
14871,0.00200,0.01053,-0.03776,0.99923,0.02476,0.00288,-0.00007,0.99969,0.02684,0.01247,-0.03808,0.99884,1.00,0.02474,-0.02421,0.00060,0.99940,0.02581,-0.01461,-0.03745,0.99886,1.00
14882,0.00194,0.01064,-0.03770,0.99923,0.02524,0.00120,-0.00003,0.99968,0.02721,0.01088,-0.03798,0.99885,1.00,0.02521,-0.02589,0.00065,0.99935,0.02617,-0.01619,-0.03734,0.99883,1.00
14894,0.00191,0.01078,-0.03764,0.99923,0.02529,0.00106,-0.00003,0.99968,0.02721,0.01088,-0.03793,0.99885,1.00,0.02525,-0.02604,0.00066,0.99934,0.02617,-0.01619,-0.03728,0.99883,1.00
14904,0.00192,0.01090,-0.03749,0.99924,0.02466,0.00063,-0.00002,0.99970,0.02658,0.01060,-0.03776,0.99888,1.00,0.02461,-0.02646,0.00065,0.99935,0.02552,-0.01648,-0.03713,0.99885,1.00
14915,0.00188,0.01101,-0.03744,0.99924,0.02648,0.00060,-0.00002,0.99965,0.02836,0.01062,-0.03773,0.99883,1.00,0.02642,-0.02649,0.00070,0.99930,0.02729,-0.01646,-0.03705,0.99881,1.00
14927,0.00185,0.01110,-0.03734,0.99924,0.02651,0.00051,-0.00001,0.99965,0.02836,0.01062,-0.03764,0.99883,1.00,0.02645,-0.02658,0.00070,0.99930,0.02729,-0.01646,-0.03696,0.99881,1.00
14937,0.00189,0.01114,-0.03719,0.99924,0.02483,0.00065,-0.00002,0.99969,0.02672,0.01087,-0.03747,0.99888,1.00,0.02477,-0.02644,0.00066,0.99934,0.02566,-0.01621,-0.03684,0.99886,1.00
14948,0.00188,0.01114,-0.03711,0.99925,0.02493,0.00100,-0.00002,0.99969,0.02683,0.01121,-0.03740,0.99888,1.00,0.02487,-0.02609,0.00065,0.99935,0.02577,-0.01586,-0.03677,0.99887,1.00
14960,0.00194,0.01108,-0.03693,0.99925,0.02487,0.00105,-0.00003,0.99969,0.02683,0.01121,-0.03721,0.99888,1.00,0.02480,-0.02604,0.00065,0.99935,0.02576,-0.01586,-0.03658,0.99887,1.00
14971,0.00203,0.01102,-0.03669,0.99926,0.02464,0.00122,-0.00003,0.99970,0.02670,0.01133,-0.03697,0.99890,1.00,0.02457,-0.02587,0.00064,0.99936,0.02563,-0.01575,-0.03635,0.99889,1.00
14981,0.00207,0.01085,-0.03642,0.99928,0.02461,0.00073,-0.00002,0.99970,0.02669,0.01067,-0.03670,0.99891,1.00,0.02453,-0.02636,0.00065,0.99935,0.02563,-0.01640,-0.03607,0.99889,1.00
14993,0.00206,0.01078,-0.03632,0.99928,0.02463,0.00079,-0.00002,0.99970,0.02669,0.01067,-0.03659,0.99892,1.00,0.02454,-0.02630,0.00065,0.99935,0.02563,-0.01640,-0.03597,0.99889,1.00
15004,0.00193,0.01069,-0.03618,0.99929,0.02482,0.00085,-0.00002,0.99969,0.02675,0.01063,-0.03646,0.99892,1.00,0.02473,-0.02624,0.00065,0.99935,0.02570,-0.01644,-0.03582,0.99889,1.00
15015,0.00173,0.01060,-0.03617,0.99929,0.02377,0.00202,-0.00005,0.99972,0.02555,0.01176,-0.03645,0.99894,1.00,0.02371,-0.02507,0.00059,0.99940,0.02452,-0.01531,-0.03585,0.99894,1.00
15026,0.00169,0.01057,-0.03626,0.99929,0.02380,0.00206,-0.00005,0.99971,0.02555,0.01176,-0.03654,0.99894,1.00,0.02375,-0.02503,0.00059,0.99940,0.02452,-0.01531,-0.03594,0.99894,1.00
15037,0.00173,0.01056,-0.03635,0.99928,0.02551,0.00197,-0.00005,0.99967,0.02729,0.01160,-0.03665,0.99889,1.00,0.02546,-0.02512,0.00064,0.99936,0.02627,-0.01548,-0.03600,0.99889,1.00
15048,0.00178,0.01060,-0.03648,0.99928,0.02601,0.00156,-0.00004,0.99966,0.02782,0.01120,-0.03678,0.99887,1.00,0.02597,-0.02553,0.00066,0.99934,0.02680,-0.01587,-0.03611,0.99886,1.00
15059,0.00192,0.01061,-0.03647,0.99928,0.02586,0.00154,-0.00004,0.99966,0.02782,0.01120,-0.03677,0.99887,1.00,0.02583,-0.02555,0.00066,0.99934,0.02680,-0.01587,-0.03611,0.99886,1.00
15071,0.00214,0.01075,-0.03626,0.99928,0.02727,0.00134,-0.00004,0.99963,0.02944,0.01109,-0.03657,0.99884,1.00,0.02722,-0.02576,0.00070,0.99930,0.02841,-0.01599,-0.03588,0.99882,1.00
15082,0.00239,0.01091,-0.03597,0.99929,0.02711,0.00154,-0.00004,0.99963,0.02953,0.01147,-0.03629,0.99884,1.00,0.02704,-0.02555,0.00069,0.99931,0.02850,-0.01561,-0.03561,0.99884,1.00
15093,0.00250,0.01107,-0.03585,0.99929,0.02701,0.00137,-0.00004,0.99963,0.02953,0.01147,-0.03617,0.99884,1.00,0.02694,-0.02573,0.00069,0.99931,0.02850,-0.01561,-0.03549,0.99884,1.00
15104,0.00257,0.01119,-0.03570,0.99930,0.02620,0.00133,-0.00003,0.99966,0.02879,0.01158,-0.03602,0.99887,1.00,0.02612,-0.02576,0.00067,0.99933,0.02776,-0.01550,-0.03536,0.99887,1.00
15114,0.00257,0.01124,-0.03566,0.99930,0.02442,0.00199,-0.00005,0.99970,0.02704,0.01236,-0.03597,0.99891,1.00,0.02436,-0.02510,0.00061,0.99939,0.02602,-0.01472,-0.03537,0.99893,1.00
15126,0.00261,0.01124,-0.03552,0.99930,0.02438,0.00198,-0.00005,0.99970,0.02704,0.01235,-0.03583,0.99892,1.00,0.02431,-0.02511,0.00061,0.99939,0.02602,-0.01472,-0.03523,0.99893,1.00
15137,0.00255,0.01121,-0.03529,0.99931,0.02458,0.00230,-0.00006,0.99970,0.02719,0.01264,-0.03560,0.99892,1.00,0.02451,-0.02479,0.00061,0.99939,0.02617,-0.01444,-0.03500,0.99894,1.00
15148,0.00253,0.01113,-0.03506,0.99932,0.02350,0.00248,-0.00006,0.99972,0.02610,0.01279,-0.03536,0.99895,1.00,0.02343,-0.02461,0.00058,0.99942,0.02508,-0.01429,-0.03478,0.99898,1.00
15160,0.00253,0.01101,-0.03493,0.99933,0.02350,0.00260,-0.00006,0.99972,0.02610,0.01278,-0.03524,0.99896,1.00,0.02342,-0.02449,0.00057,0.99943,0.02508,-0.01429,-0.03466,0.99898,1.00
15171,0.00252,0.01089,-0.03491,0.99933,0.02353,0.00246,-0.00006,0.99972,0.02612,0.01252,-0.03521,0.99896,1.00,0.02346,-0.02463,0.00058,0.99942,0.02511,-0.01455,-0.03463,0.99898,1.00
15182,0.00252,0.01075,-0.03498,0.99933,0.02478,0.00210,-0.00005,0.99969,0.02736,0.01197,-0.03529,0.99893,1.00,0.02473,-0.02500,0.00062,0.99938,0.02636,-0.01510,-0.03467,0.99894,1.00
15193,0.00251,0.01061,-0.03501,0.99933,0.02479,0.00224,-0.00006,0.99969,0.02736,0.01197,-0.03531,0.99893,1.00,0.02474,-0.02485,0.00062,0.99938,0.02636,-0.01510,-0.03470,0.99894,1.00
15204,0.00244,0.01044,-0.03495,0.99933,0.02500,0.00222,-0.00006,0.99968,0.02750,0.01178,-0.03525,0.99893,1.00,0.02496,-0.02487,0.00062,0.99938,0.02651,-0.01530,-0.03463,0.99893,1.00
15216,0.00211,0.01039,-0.03489,0.99934,0.02518,0.00218,-0.00005,0.99968,0.02735,0.01168,-0.03519,0.99894,1.00,0.02513,-0.02491,0.00063,0.99937,0.02636,-0.01539,-0.03455,0.99894,1.00
15227,0.00187,0.01031,-0.03482,0.99934,0.02541,0.00226,-0.00006,0.99967,0.02735,0.01168,-0.03512,0.99894,1.00,0.02536,-0.02483,0.00063,0.99937,0.02636,-0.01539,-0.03448,0.99894,1.00
15238,0.00186,0.01035,-0.03499,0.99933,0.02466,0.00305,-0.00008,0.99969,0.02661,0.01253,-0.03531,0.99894,1.00,0.02462,-0.02404,0.00059,0.99941,0.02563,-0.01455,-0.03468,0.99896,1.00
15248,0.00188,0.01033,-0.03509,0.99933,0.02414,0.00293,-0.00007,0.99970,0.02610,0.01241,-0.03539,0.99896,1.00,0.02411,-0.02416,0.00058,0.99942,0.02513,-0.01467,-0.03478,0.99897,1.00
15260,0.00194,0.01039,-0.03524,0.99932,0.02408,0.00288,-0.00007,0.99971,0.02610,0.01241,-0.03554,0.99895,1.00,0.02406,-0.02422,0.00058,0.99942,0.02513,-0.01467,-0.03493,0.99897,1.00
15270,0.00205,0.01045,-0.03522,0.99932,0.02383,0.00204,-0.00005,0.99971,0.02594,0.01164,-0.03551,0.99896,1.00,0.02381,-0.02505,0.00060,0.99940,0.02497,-0.01544,-0.03491,0.99896,1.00
15282,0.00218,0.01055,-0.03513,0.99932,0.02368,0.00101,-0.00002,0.99972,0.02587,0.01072,-0.03539,0.99898,1.00,0.02364,-0.02608,0.00062,0.99938,0.02489,-0.01636,-0.03479,0.99895,1.00
15294,0.00232,0.01062,-0.03504,0.99933,0.02354,0.00092,-0.00002,0.99972,0.02587,0.01071,-0.03530,0.99898,1.00,0.02349,-0.02616,0.00062,0.99938,0.02489,-0.01636,-0.03471,0.99895,1.00
15305,0.00243,0.01070,-0.03502,0.99933,0.02551,0.00167,-0.00004,0.99967,0.02798,0.01147,-0.03532,0.99892,1.00,0.02546,-0.02542,0.00065,0.99935,0.02699,-0.01561,-0.03468,0.99891,1.00
15315,0.00252,0.01077,-0.03506,0.99932,0.02567,0.00172,-0.00004,0.99967,0.02822,0.01159,-0.03537,0.99891,1.00,0.02563,-0.02538,0.00065,0.99935,0.02724,-0.01549,-0.03473,0.99891,1.00
15327,0.00260,0.01079,-0.03515,0.99932,0.02558,0.00170,-0.00004,0.99967,0.02822,0.01159,-0.03545,0.99891,1.00,0.02554,-0.02539,0.00065,0.99935,0.02724,-0.01549,-0.03482,0.99890,1.00
15337,0.00260,0.01079,-0.03522,0.99932,0.02557,0.00390,-0.00010,0.99967,0.02829,0.01379,-0.03558,0.99887,1.00,0.02555,-0.02319,0.00059,0.99940,0.02731,-0.01329,-0.03495,0.99893,1.00
15348,0.00254,0.01070,-0.03528,0.99932,0.02360,0.00480,-0.00011,0.99971,0.02629,0.01466,-0.03562,0.99891,1.00,0.02358,-0.02229,0.00053,0.99947,0.02532,-0.01242,-0.03504,0.99899,1.00
15360,0.00238,0.01065,-0.03534,0.99932,0.02375,0.00486,-0.00012,0.99971,0.02629,0.01466,-0.03569,0.99891,1.00,0.02374,-0.02224,0.00053,0.99947,0.02532,-0.01242,-0.03510,0.99899,1.00
15371,0.00233,0.01057,-0.03538,0.99932,0.02385,0.00495,-0.00012,0.99970,0.02634,0.01467,-0.03573,0.99891,1.00,0.02383,-0.02214,0.00053,0.99947,0.02537,-0.01241,-0.03514,0.99898,1.00
15382,0.00235,0.01050,-0.03541,0.99931,0.02426,0.00498,-0.00012,0.99969,0.02677,0.01462,-0.03577,0.99889,1.00,0.02424,-0.02211,0.00054,0.99946,0.02579,-0.01246,-0.03517,0.99897,1.00
15394,0.00246,0.01040,-0.03546,0.99931,0.02415,0.00508,-0.00012,0.99970,0.02677,0.01462,-0.03581,0.99889,1.00,0.02413,-0.02201,0.00053,0.99947,0.02580,-0.01246,-0.03522,0.99897,1.00
15404,0.00258,0.01034,-0.03554,0.99931,0.02467,0.00503,-0.00012,0.99968,0.02741,0.01449,-0.03589,0.99887,1.00,0.02465,-0.02207,0.00054,0.99945,0.02644,-0.01259,-0.03529,0.99895,1.00
15416,0.00273,0.01030,-0.03572,0.99931,0.02456,0.00725,-0.00018,0.99967,0.02752,0.01667,-0.03611,0.99883,1.00,0.02455,-0.01985,0.00049,0.99950,0.02656,-0.01041,-0.03552,0.99896,1.00
15428,0.00285,0.01031,-0.03575,0.99930,0.02444,0.00724,-0.00018,0.99968,0.02752,0.01667,-0.03614,0.99883,1.00,0.02443,-0.01985,0.00049,0.99950,0.02656,-0.01041,-0.03555,0.99896,1.00
15438,0.00296,0.01033,-0.03590,0.99930,0.02373,0.00517,-0.00012,0.99971,0.02686,0.01464,-0.03624,0.99887,1.00,0.02372,-0.02193,0.00052,0.99948,0.02589,-0.01244,-0.03567,0.99895,1.00
15449,0.00312,0.01041,-0.03595,0.99929,0.02371,0.00742,-0.00018,0.99969,0.02708,0.01697,-0.03633,0.99883,1.00,0.02371,-0.01967,0.00047,0.99953,0.02611,-0.01011,-0.03577,0.99897,1.00
15461,0.00311,0.01049,-0.03598,0.99929,0.02372,0.00734,-0.00017,0.99969,0.02708,0.01697,-0.03637,0.99883,1.00,0.02372,-0.01976,0.00047,0.99952,0.02611,-0.01011,-0.03580,0.99897,1.00
15472,0.00323,0.01057,-0.03591,0.99929,0.02425,0.00510,-0.00012,0.99969,0.02765,0.01479,-0.03627,0.99885,1.00,0.02424,-0.02199,0.00053,0.99946,0.02666,-0.01229,-0.03569,0.99893,1.00
15482,0.00336,0.01079,-0.03582,0.99929,0.02427,0.00568,-0.00014,0.99969,0.02782,0.01560,-0.03619,0.99884,1.00,0.02424,-0.02141,0.00052,0.99948,0.02682,-0.01148,-0.03561,0.99894,1.00
15494,0.00364,0.01087,-0.03579,0.99929,0.02399,0.00559,-0.00013,0.99970,0.02782,0.01560,-0.03615,0.99884,1.00,0.02396,-0.02151,0.00052,0.99948,0.02682,-0.01148,-0.03559,0.99894,1.00
15505,0.00387,0.01102,-0.03586,0.99929,0.02370,0.00556,-0.00013,0.99970,0.02775,0.01572,-0.03622,0.99883,1.00,0.02367,-0.02153,0.00051,0.99949,0.02676,-0.01135,-0.03567,0.99894,1.00
15515,0.00403,0.01112,-0.03589,0.99929,0.02376,0.00562,-0.00013,0.99970,0.02797,0.01589,-0.03625,0.99883,1.00,0.02373,-0.02147,0.00051,0.99949,0.02698,-0.01119,-0.03571,0.99894,1.00
15528,0.00413,0.01118,-0.03591,0.99928,0.02366,0.00556,-0.00013,0.99970,0.02797,0.01589,-0.03627,0.99882,1.00,0.02364,-0.02153,0.00051,0.99949,0.02698,-0.01119,-0.03573,0.99893,1.00
15538,0.00418,0.01121,-0.03594,0.99928,0.02403,0.00510,-0.00012,0.99970,0.02838,0.01543,-0.03630,0.99882,1.00,0.02401,-0.02200,0.00053,0.99947,0.02739,-0.01165,-0.03575,0.99892,1.00
15549,0.00422,0.01122,-0.03591,0.99928,0.02423,0.00460,-0.00011,0.99970,0.02859,0.01494,-0.03626,0.99882,1.00,0.02420,-0.02249,0.00054,0.99945,0.02760,-0.01214,-0.03571,0.99891,1.00
15561,0.00420,0.01122,-0.03594,0.99928,0.02425,0.00459,-0.00011,0.99970,0.02859,0.01494,-0.03630,0.99882,1.00,0.02422,-0.02250,0.00055,0.99945,0.02760,-0.01214,-0.03575,0.99891,1.00
15572,0.00416,0.01118,-0.03596,0.99928,0.02423,0.00463,-0.00011,0.99970,0.02854,0.01493,-0.03631,0.99882,1.00,0.02421,-0.02247,0.00054,0.99945,0.02754,-0.01215,-0.03576,0.99891,1.00
15583,0.00412,0.01114,-0.03607,0.99928,0.02433,0.00471,-0.00011,0.99969,0.02861,0.01497,-0.03643,0.99881,1.00,0.02431,-0.02238,0.00054,0.99945,0.02762,-0.01211,-0.03587,0.99890,1.00
15594,0.00425,0.01111,-0.03619,0.99927,0.02421,0.00474,-0.00011,0.99970,0.02861,0.01497,-0.03654,0.99881,1.00,0.02419,-0.02235,0.00054,0.99946,0.02762,-0.01211,-0.03599,0.99890,1.00
15605,0.00438,0.01107,-0.03628,0.99927,0.02410,0.00494,-0.00012,0.99970,0.02864,0.01512,-0.03664,0.99880,1.00,0.02409,-0.02216,0.00053,0.99946,0.02765,-0.01196,-0.03609,0.99889,1.00
15616,0.00447,0.01104,-0.03630,0.99927,0.02481,0.00575,-0.00014,0.99968,0.02947,0.01588,-0.03668,0.99877,1.00,0.02479,-0.02135,0.00053,0.99946,0.02847,-0.01121,-0.03612,0.99888,1.00
15628,0.00457,0.01108,-0.03632,0.99927,0.02471,0.00570,-0.00014,0.99968,0.02946,0.01588,-0.03669,0.99877,1.00,0.02469,-0.02139,0.00053,0.99947,0.02847,-0.01121,-0.03614,0.99888,1.00
15639,0.00461,0.01118,-0.03637,0.99927,0.02492,0.00586,-0.00015,0.99967,0.02972,0.01613,-0.03676,0.99875,1.00,0.02490,-0.02123,0.00053,0.99946,0.02873,-0.01096,-0.03620,0.99887,1.00
15650,0.00448,0.01129,-0.03645,0.99926,0.02517,0.00576,-0.00014,0.99967,0.02984,0.01612,-0.03685,0.99875,1.00,0.02516,-0.02134,0.00054,0.99946,0.02885,-0.01096,-0.03628,0.99887,1.00
15661,0.00414,0.01150,-0.03648,0.99926,0.02552,0.00556,-0.00014,0.99966,0.02984,0.01612,-0.03688,0.99874,1.00,0.02551,-0.02154,0.00055,0.99944,0.02885,-0.01096,-0.03629,0.99886,1.00
15672,0.00415,0.01166,-0.03657,0.99925,0.02554,0.00569,-0.00015,0.99966,0.02988,0.01641,-0.03698,0.99873,1.00,0.02553,-0.02141,0.00055,0.99944,0.02889,-0.01067,-0.03639,0.99886,1.00
15683,0.00425,0.01190,-0.03668,0.99925,0.02576,0.00472,-0.00012,0.99966,0.03017,0.01567,-0.03707,0.99873,1.00,0.02575,-0.02237,0.00058,0.99942,0.02917,-0.01142,-0.03648,0.99884,1.00
15694,0.00445,0.01209,-0.03668,0.99924,0.02557,0.00452,-0.00012,0.99966,0.03017,0.01567,-0.03708,0.99873,1.00,0.02556,-0.02257,0.00058,0.99942,0.02917,-0.01141,-0.03650,0.99884,1.00
15706,0.00457,0.01223,-0.03656,0.99925,0.02539,0.00440,-0.00011,0.99967,0.03010,0.01569,-0.03695,0.99874,1.00,0.02537,-0.02270,0.00058,0.99942,0.02909,-0.01139,-0.03637,0.99885,1.00
15716,0.00465,0.01235,-0.03638,0.99925,0.02554,0.00450,-0.00012,0.99966,0.03034,0.01592,-0.03678,0.99874,1.00,0.02551,-0.02260,0.00058,0.99942,0.02932,-0.01117,-0.03620,0.99885,1.00
15728,0.00468,0.01249,-0.03629,0.99925,0.02552,0.00436,-0.00011,0.99966,0.03034,0.01591,-0.03669,0.99874,1.00,0.02548,-0.02274,0.00058,0.99942,0.02932,-0.01117,-0.03612,0.99885,1.00
15739,0.00481,0.01248,-0.03622,0.99925,0.02423,0.00537,-0.00013,0.99969,0.02922,0.01697,-0.03662,0.99876,1.00,0.02419,-0.02172,0.00053,0.99947,0.02820,-0.01011,-0.03609,0.99890,1.00
15750,0.00481,0.01253,-0.03623,0.99925,0.02435,0.00608,-0.00015,0.99969,0.02935,0.01772,-0.03664,0.99874,1.00,0.02431,-0.02102,0.00051,0.99948,0.02834,-0.00936,-0.03610,0.99890,1.00
15761,0.00480,0.01251,-0.03619,0.99926,0.02435,0.00609,-0.00015,0.99969,0.02935,0.01771,-0.03660,0.99874,1.00,0.02431,-0.02101,0.00051,0.99948,0.02834,-0.00937,-0.03607,0.99890,1.00
15772,0.00478,0.01235,-0.03610,0.99926,0.02318,0.00640,-0.00015,0.99971,0.02817,0.01791,-0.03650,0.99878,1.00,0.02314,-0.02069,0.00048,0.99952,0.02716,-0.00917,-0.03599,0.99894,1.00
15784,0.00475,0.01221,-0.03596,0.99927,0.02281,0.00589,-0.00013,0.99972,0.02775,0.01726,-0.03634,0.99881,1.00,0.02277,-0.02121,0.00048,0.99952,0.02674,-0.00981,-0.03584,0.99895,1.00
15795,0.00480,0.01202,-0.03577,0.99928,0.02276,0.00606,-0.00014,0.99972,0.02775,0.01726,-0.03615,0.99881,1.00,0.02271,-0.02103,0.00048,0.99952,0.02674,-0.00982,-0.03565,0.99896,1.00
15806,0.00495,0.01188,-0.03564,0.99928,0.02306,0.00570,-0.00013,0.99972,0.02820,0.01675,-0.03600,0.99881,1.00,0.02301,-0.02139,0.00049,0.99951,0.02719,-0.01032,-0.03551,0.99895,1.00
15817,0.00519,0.01174,-0.03554,0.99929,0.02241,0.00564,-0.00013,0.99973,0.02778,0.01658,-0.03589,0.99883,1.00,0.02236,-0.02145,0.00048,0.99952,0.02677,-0.01050,-0.03541,0.99896,1.00
15828,0.00542,0.01162,-0.03543,0.99929,0.02217,0.00575,-0.00013,0.99974,0.02778,0.01658,-0.03577,0.99884,1.00,0.02211,-0.02134,0.00047,0.99953,0.02677,-0.01050,-0.03531,0.99896,1.00
15840,0.00560,0.01149,-0.03523,0.99930,0.02274,0.00576,-0.00013,0.99972,0.02853,0.01644,-0.03558,0.99882,1.00,0.02269,-0.02133,0.00048,0.99951,0.02753,-0.01063,-0.03511,0.99895,1.00
15851,0.00567,0.01140,-0.03504,0.99930,0.02287,0.00567,-0.00013,0.99972,0.02872,0.01627,-0.03539,0.99883,1.00,0.02281,-0.02142,0.00049,0.99951,0.02772,-0.01081,-0.03492,0.99895,1.00
15862,0.00552,0.01130,-0.03487,0.99931,0.02302,0.00577,-0.00013,0.99972,0.02872,0.01627,-0.03522,0.99883,1.00,0.02295,-0.02132,0.00049,0.99951,0.02772,-0.01081,-0.03474,0.99895,1.00
15873,0.00538,0.01127,-0.03479,0.99932,0.02340,0.00651,-0.00015,0.99971,0.02898,0.01695,-0.03516,0.99882,1.00,0.02334,-0.02059,0.00048,0.99952,0.02799,-0.01013,-0.03467,0.99896,1.00
15884,0.00536,0.01122,-0.03483,0.99932,0.02248,0.00665,-0.00015,0.99973,0.02805,0.01708,-0.03518,0.99884,1.00,0.02244,-0.02045,0.00046,0.99954,0.02707,-0.01000,-0.03471,0.99898,1.00
15895,0.00534,0.01124,-0.03501,0.99931,0.02250,0.00664,-0.00015,0.99972,0.02805,0.01708,-0.03537,0.99883,1.00,0.02247,-0.02046,0.00046,0.99954,0.02707,-0.01000,-0.03490,0.99897,1.00
15905,0.00525,0.01133,-0.03524,0.99930,0.02214,0.00644,-0.00014,0.99973,0.02760,0.01699,-0.03559,0.99884,1.00,0.02213,-0.02065,0.00046,0.99954,0.02665,-0.01009,-0.03512,0.99898,1.00
15917,0.00512,0.01145,-0.03549,0.99929,0.02228,0.00705,-0.00016,0.99973,0.02763,0.01770,-0.03585,0.99882,1.00,0.02229,-0.02005,0.00045,0.99955,0.02668,-0.00938,-0.03538,0.99897,1.00
15929,0.00500,0.01165,-0.03559,0.99929,0.02240,0.00685,-0.00015,0.99973,0.02763,0.01770,-0.03596,0.99881,1.00,0.02242,-0.02024,0.00045,0.99954,0.02668,-0.00938,-0.03548,0.99897,1.00
15940,0.00500,0.01184,-0.03564,0.99928,0.02233,0.00601,-0.00013,0.99973,0.02753,0.01705,-0.03600,0.99883,1.00,0.02233,-0.02108,0.00047,0.99953,0.02657,-0.01003,-0.03552,0.99897,1.00
15951,0.00495,0.01209,-0.03582,0.99927,0.02291,0.00586,-0.00013,0.99972,0.02806,0.01713,-0.03619,0.99880,1.00,0.02292,-0.02123,0.00049,0.99951,0.02710,-0.00995,-0.03570,0.99895,1.00
15962,0.00488,0.01235,-0.03594,0.99927,0.02300,0.00561,-0.00013,0.99972,0.02805,0.01713,-0.03632,0.99880,1.00,0.02301,-0.02148,0.00049,0.99950,0.02710,-0.00995,-0.03582,0.99894,1.00
15974,0.00476,0.01258,-0.03607,0.99926,0.02392,0.00532,-0.00013,0.99970,0.02885,0.01704,-0.03646,0.99877,1.00,0.02392,-0.02177,0.00052,0.99948,0.02788,-0.01004,-0.03594,0.99891,1.00
15985,0.00466,0.01279,-0.03606,0.99926,0.02393,0.00473,-0.00011,0.99970,0.02873,0.01665,-0.03645,0.99878,1.00,0.02392,-0.02236,0.00054,0.99946,0.02776,-0.01043,-0.03592,0.99891,1.00
15996,0.00454,0.01301,-0.03619,0.99925,0.02405,0.00452,-0.00011,0.99970,0.02873,0.01665,-0.03658,0.99878,1.00,0.02405,-0.02258,0.00054,0.99946,0.02776,-0.01043,-0.03604,0.99891,1.00
16007,0.00447,0.01314,-0.03614,0.99925,0.02400,0.00470,-0.00011,0.99970,0.02862,0.01696,-0.03654,0.99878,1.00,0.02399,-0.02240,0.00054,0.99946,0.02764,-0.01012,-0.03600,0.99892,1.00
16018,0.00448,0.01325,-0.03612,0.99925,0.02386,0.00545,-0.00013,0.99970,0.02851,0.01783,-0.03653,0.99877,1.00,0.02384,-0.02165,0.00052,0.99948,0.02753,-0.00925,-0.03599,0.99893,1.00
16028,0.00452,0.01328,-0.03610,0.99925,0.02382,0.00541,-0.00013,0.99970,0.02851,0.01783,-0.03651,0.99877,1.00,0.02380,-0.02168,0.00052,0.99948,0.02753,-0.00925,-0.03598,0.99893,1.00
16039,0.00454,0.01334,-0.03609,0.99925,0.02352,0.00562,-0.00013,0.99971,0.02824,0.01810,-0.03650,0.99877,1.00,0.02350,-0.02147,0.00050,0.99949,0.02725,-0.00898,-0.03598,0.99894,1.00
16051,0.00461,0.01327,-0.03615,0.99925,0.02534,0.00357,-0.00009,0.99967,0.03006,0.01592,-0.03655,0.99875,1.00,0.02531,-0.02353,0.00060,0.99940,0.02906,-0.01116,-0.03598,0.99887,1.00
16062,0.00474,0.01321,-0.03614,0.99925,0.02521,0.00362,-0.00009,0.99968,0.03006,0.01592,-0.03653,0.99875,1.00,0.02518,-0.02347,0.00059,0.99941,0.02906,-0.01116,-0.03597,0.99887,1.00
16073,0.00480,0.01312,-0.03617,0.99925,0.02444,0.00382,-0.00009,0.99969,0.02936,0.01605,-0.03655,0.99877,1.00,0.02441,-0.02328,0.00057,0.99943,0.02836,-0.01103,-0.03601,0.99889,1.00
16084,0.00490,0.01302,-0.03619,0.99925,0.02441,0.00442,-0.00011,0.99969,0.02945,0.01655,-0.03658,0.99876,1.00,0.02439,-0.02268,0.00055,0.99945,0.02845,-0.01053,-0.03605,0.99889,1.00
16095,0.00491,0.01292,-0.03622,0.99925,0.02439,0.00452,-0.00011,0.99969,0.02945,0.01655,-0.03661,0.99876,1.00,0.02437,-0.02257,0.00055,0.99945,0.02845,-0.01053,-0.03608,0.99889,1.00
16106,0.00487,0.01283,-0.03622,0.99925,0.02423,0.00456,-0.00011,0.99970,0.02924,0.01651,-0.03661,0.99877,1.00,0.02420,-0.02254,0.00055,0.99945,0.02824,-0.01057,-0.03608,0.99889,1.00
16117,0.00484,0.01275,-0.03618,0.99925,0.02418,0.00593,-0.00014,0.99969,0.02921,0.01781,-0.03659,0.99874,1.00,0.02415,-0.02116,0.00051,0.99948,0.02821,-0.00927,-0.03606,0.99891,1.00
16129,0.00483,0.01271,-0.03613,0.99925,0.02419,0.00597,-0.00014,0.99969,0.02921,0.01780,-0.03654,0.99875,1.00,0.02416,-0.02112,0.00051,0.99948,0.02821,-0.00928,-0.03601,0.99891,1.00
16140,0.00480,0.01272,-0.03610,0.99926,0.02420,0.00471,-0.00011,0.99970,0.02916,0.01654,-0.03648,0.99877,1.00,0.02417,-0.02239,0.00054,0.99946,0.02815,-0.01054,-0.03595,0.99890,1.00
16151,0.00482,0.01273,-0.03606,0.99926,0.02422,0.00575,-0.00014,0.99969,0.02922,0.01760,-0.03647,0.99875,1.00,0.02419,-0.02134,0.00052,0.99948,0.02822,-0.00948,-0.03593,0.99891,1.00
16162,0.00485,0.01283,-0.03607,0.99926,0.02419,0.00565,-0.00014,0.99969,0.02922,0.01760,-0.03648,0.99875,1.00,0.02416,-0.02144,0.00052,0.99948,0.02822,-0.00948,-0.03594,0.99891,1.00
16173,0.00489,0.01292,-0.03609,0.99925,0.02503,0.00593,-0.00015,0.99967,0.03011,0.01794,-0.03652,0.99872,1.00,0.02500,-0.02116,0.00053,0.99946,0.02911,-0.00914,-0.03597,0.99889,1.00
16184,0.00487,0.01307,-0.03611,0.99925,0.02507,0.00580,-0.00015,0.99967,0.03013,0.01796,-0.03655,0.99872,1.00,0.02504,-0.02129,0.00053,0.99946,0.02913,-0.00912,-0.03599,0.99889,1.00
16195,0.00477,0.01323,-0.03611,0.99925,0.02518,0.00564,-0.00014,0.99967,0.03013,0.01796,-0.03655,0.99872,1.00,0.02516,-0.02145,0.00054,0.99945,0.02913,-0.00912,-0.03599,0.99889,1.00
16207,0.00454,0.01346,-0.03618,0.99924,0.02284,0.00439,-0.00010,0.99973,0.02751,0.01702,-0.03656,0.99881,1.00,0.02281,-0.02270,0.00052,0.99948,0.02652,-0.01005,-0.03605,0.99895,1.00
16218,0.00433,0.01366,-0.03630,0.99924,0.02299,0.00356,-0.00008,0.99973,0.02744,0.01638,-0.03667,0.99882,1.00,0.02298,-0.02353,0.00054,0.99946,0.02644,-0.01070,-0.03615,0.99894,1.00
16229,0.00423,0.01385,-0.03640,0.99923,0.02311,0.00338,-0.00008,0.99973,0.02744,0.01638,-0.03677,0.99881,1.00,0.02309,-0.02371,0.00055,0.99945,0.02644,-0.01069,-0.03625,0.99894,1.00
16240,0.00416,0.01401,-0.03651,0.99923,0.02335,0.00419,-0.00010,0.99972,0.02764,0.01734,-0.03691,0.99879,1.00,0.02334,-0.02290,0.00053,0.99947,0.02666,-0.00974,-0.03638,0.99894,1.00
16252,0.00415,0.01417,-0.03644,0.99923,0.02319,0.00350,-0.00008,0.99973,0.02744,0.01681,-0.03682,0.99880,1.00,0.02317,-0.02359,0.00055,0.99945,0.02644,-0.01026,-0.03630,0.99894,1.00
16262,0.00413,0.01428,-0.03648,0.99922,0.02321,0.00339,-0.00008,0.99973,0.02744,0.01682,-0.03686,0.99880,1.00,0.02319,-0.02370,0.00055,0.99945,0.02644,-0.01026,-0.03634,0.99894,1.00
16273,0.00403,0.01443,-0.03660,0.99922,0.02289,0.00415,-0.00010,0.99973,0.02705,0.01774,-0.03700,0.99879,1.00,0.02288,-0.02294,0.00053,0.99947,0.02605,-0.00934,-0.03648,0.99895,1.00
16286,0.00370,0.01458,-0.03674,0.99921,0.02311,0.00366,-0.00008,0.99973,0.02693,0.01738,-0.03714,0.99880,1.00,0.02310,-0.02343,0.00054,0.99946,0.02593,-0.00969,-0.03660,0.99895,1.00
16296,0.00334,0.01468,-0.03688,0.99921,0.02348,0.00357,-0.00008,0.99972,0.02692,0.01739,-0.03729,0.99879,1.00,0.02347,-0.02352,0.00055,0.99945,0.02593,-0.00969,-0.03673,0.99894,1.00
16307,0.00308,0.01482,-0.03710,0.99920,0.02400,0.00367,-0.00009,0.99971,0.02719,0.01759,-0.03752,0.99877,1.00,0.02400,-0.02342,0.00056,0.99944,0.02620,-0.00948,-0.03694,0.99893,1.00
16318,0.00296,0.01497,-0.03737,0.99919,0.02383,0.00245,-0.00006,0.99971,0.02686,0.01652,-0.03776,0.99879,1.00,0.02384,-0.02464,0.00059,0.99941,0.02586,-0.01056,-0.03719,0.99892,1.00
16329,0.00294,0.01504,-0.03744,0.99918,0.02386,0.00238,-0.00006,0.99971,0.02686,0.01652,-0.03784,0.99879,1.00,0.02387,-0.02471,0.00059,0.99941,0.02587,-0.01056,-0.03726,0.99892,1.00
16340,0.00290,0.01515,-0.03749,0.99918,0.02538,0.00062,-0.00002,0.99968,0.02829,0.01481,-0.03787,0.99877,1.00,0.02537,-0.02647,0.00067,0.99933,0.02727,-0.01226,-0.03725,0.99886,1.00
16352,0.00294,0.01520,-0.03744,0.99918,0.02574,0.00027,-0.00001,0.99967,0.02867,0.01450,-0.03783,0.99877,1.00,0.02571,-0.02682,0.00069,0.99931,0.02764,-0.01258,-0.03720,0.99885,1.00
16362,0.00305,0.01534,-0.03750,0.99917,0.02564,0.00012,0.00000,0.99967,0.02867,0.01450,-0.03788,0.99877,1.00,0.02562,-0.02697,0.00069,0.99931,0.02764,-0.01258,-0.03726,0.99884,1.00
16374,0.00318,0.01544,-0.03756,0.99917,0.02535,0.00017,0.00000,0.99968,0.02852,0.01465,-0.03794,0.99877,1.00,0.02532,-0.02692,0.00068,0.99932,0.02748,-0.01242,-0.03733,0.99885,1.00
16385,0.00332,0.01551,-0.03763,0.99917,0.02501,0.00073,-0.00002,0.99969,0.02833,0.01530,-0.03802,0.99876,1.00,0.02498,-0.02636,0.00066,0.99934,0.02729,-0.01178,-0.03742,0.99886,1.00
16396,0.00339,0.01558,-0.03768,0.99916,0.02494,0.00066,-0.00002,0.99969,0.02833,0.01530,-0.03807,0.99876,1.00,0.02491,-0.02643,0.00066,0.99934,0.02729,-0.01178,-0.03747,0.99886,1.00
16407,0.00349,0.01562,-0.03767,0.99916,0.02420,0.00096,-0.00002,0.99971,0.02771,0.01567,-0.03806,0.99877,1.00,0.02417,-0.02613,0.00063,0.99937,0.02667,-0.01141,-0.03749,0.99888,1.00
16419,0.00357,0.01570,-0.03766,0.99916,0.02424,0.00081,-0.00002,0.99971,0.02782,0.01560,-0.03805,0.99877,1.00,0.02420,-0.02628,0.00064,0.99936,0.02677,-0.01147,-0.03748,0.99887,1.00
16429,0.00368,0.01578,-0.03772,0.99916,0.02413,0.00073,-0.00002,0.99971,0.02782,0.01560,-0.03811,0.99876,1.00,0.02410,-0.02636,0.00064,0.99936,0.02677,-0.01147,-0.03754,0.99887,1.00
16440,0.00369,0.01590,-0.03788,0.99915,0.02425,0.00111,-0.00003,0.99971,0.02796,0.01609,-0.03828,0.99875,1.00,0.02422,-0.02598,0.00063,0.99937,0.02691,-0.01099,-0.03771,0.99887,1.00
16452,0.00377,0.01599,-0.03805,0.99914,0.02430,0.00085,-0.00002,0.99970,0.02807,0.01590,-0.03845,0.99874,1.00,0.02428,-0.02624,0.00064,0.99936,0.02703,-0.01117,-0.03788,0.99885,1.00
16463,0.00387,0.01617,-0.03829,0.99913,0.02420,0.00067,-0.00002,0.99971,0.02807,0.01591,-0.03868,0.99873,1.00,0.02419,-0.02642,0.00064,0.99936,0.02703,-0.01116,-0.03812,0.99885,1.00
16474,0.00410,0.01629,-0.03839,0.99912,0.02231,0.00067,-0.00001,0.99975,0.02641,0.01610,-0.03876,0.99877,1.00,0.02230,-0.02642,0.00059,0.99940,0.02537,-0.01097,-0.03825,0.99889,1.00
16486,0.00420,0.01649,-0.03851,0.99911,0.02233,-0.00085,0.00002,0.99975,0.02648,0.01477,-0.03885,0.99878,1.00,0.02232,-0.02794,0.00062,0.99936,0.02543,-0.01229,-0.03835,0.99887,1.00
16497,0.00412,0.01669,-0.03866,0.99910,0.02255,-0.00086,0.00002,0.99975,0.02662,0.01496,-0.03901,0.99877,1.00,0.02254,-0.02795,0.00063,0.99936,0.02557,-0.01211,-0.03850,0.99886,1.00
16509,0.00402,0.01690,-0.03886,0.99909,0.02266,-0.00106,0.00002,0.99974,0.02662,0.01496,-0.03921,0.99876,1.00,0.02265,-0.02814,0.00064,0.99935,0.02557,-0.01211,-0.03869,0.99885,1.00
16519,0.00394,0.01725,-0.03923,0.99907,0.02369,-0.00077,0.00002,0.99972,0.02758,0.01555,-0.03961,0.99871,1.00,0.02370,-0.02785,0.00066,0.99933,0.02653,-0.01152,-0.03906,0.99882,1.00
16531,0.00391,0.01748,-0.03956,0.99906,0.02400,-0.00070,0.00002,0.99971,0.02786,0.01582,-0.03995,0.99869,1.00,0.02401,-0.02779,0.00067,0.99933,0.02680,-0.01125,-0.03939,0.99880,1.00
16543,0.00385,0.01773,-0.03965,0.99905,0.02407,-0.00095,0.00002,0.99971,0.02786,0.01583,-0.04005,0.99868,1.00,0.02408,-0.02803,0.00068,0.99932,0.02680,-0.01124,-0.03948,0.99880,1.00
16553,0.00404,0.01801,-0.03970,0.99904,0.02391,-0.00135,0.00003,0.99971,0.02788,0.01571,-0.04009,0.99868,1.00,0.02391,-0.02843,0.00068,0.99931,0.02681,-0.01136,-0.03954,0.99879,1.00
16564,0.00433,0.01826,-0.03973,0.99903,0.02460,-0.00321,0.00008,0.99969,0.02878,0.01407,-0.04011,0.99868,1.00,0.02457,-0.03030,0.00074,0.99924,0.02769,-0.01300,-0.03954,0.99875,1.00
16576,0.00474,0.01852,-0.03971,0.99903,0.02420,-0.00349,0.00008,0.99970,0.02878,0.01407,-0.04008,0.99868,1.00,0.02417,-0.03057,0.00074,0.99924,0.02769,-0.01300,-0.03953,0.99875,1.00
16587,0.00516,0.01872,-0.03970,0.99902,0.02434,-0.00137,0.00003,0.99970,0.02942,0.01638,-0.04011,0.99863,1.00,0.02430,-0.02845,0.00069,0.99930,0.02832,-0.01069,-0.03958,0.99876,1.00
16598,0.00560,0.01893,-0.03963,0.99902,0.02376,-0.00318,0.00008,0.99971,0.02921,0.01481,-0.04001,0.99866,1.00,0.02371,-0.03026,0.00072,0.99926,0.02810,-0.01226,-0.03950,0.99875,1.00
16610,0.00587,0.01907,-0.03956,0.99902,0.02351,-0.00333,0.00008,0.99972,0.02922,0.01481,-0.03994,0.99867,1.00,0.02345,-0.03041,0.00071,0.99926,0.02810,-0.01226,-0.03945,0.99875,1.00
16620,0.00611,0.01920,-0.03942,0.99902,0.02263,-0.00479,0.00011,0.99973,0.02854,0.01351,-0.03977,0.99871,1.00,0.02257,-0.03187,0.00072,0.99924,0.02741,-0.01355,-0.03930,0.99876,1.00
16631,0.00626,0.01920,-0.03928,0.99902,0.02296,-0.00455,0.00010,0.99973,0.02902,0.01374,-0.03963,0.99870,1.00,0.02289,-0.03163,0.00072,0.99924,0.02789,-0.01332,-0.03916,0.99875,1.00
16643,0.00627,0.01923,-0.03915,0.99903,0.02296,-0.00459,0.00011,0.99973,0.02902,0.01374,-0.03950,0.99870,1.00,0.02288,-0.03167,0.00073,0.99924,0.02789,-0.01332,-0.03903,0.99876,1.00
16653,0.00623,0.01917,-0.03903,0.99903,0.02339,-0.00459,0.00011,0.99972,0.02942,0.01366,-0.03939,0.99870,1.00,0.02331,-0.03167,0.00074,0.99923,0.02829,-0.01340,-0.03891,0.99875,1.00
16665,0.00625,0.01920,-0.03903,0.99903,0.02331,-0.00416,0.00010,0.99972,0.02938,0.01413,-0.03940,0.99869,1.00,0.02324,-0.03124,0.00073,0.99924,0.02826,-0.01293,-0.03892,0.99876,1.00
16676,0.00638,0.01917,-0.03898,0.99904,0.02318,-0.00414,0.00010,0.99972,0.02938,0.01413,-0.03934,0.99869,1.00,0.02311,-0.03122,0.00072,0.99925,0.02826,-0.01294,-0.03887,0.99876,1.00
16687,0.00645,0.01918,-0.03904,0.99903,0.02313,-0.00278,0.00006,0.99973,0.02946,0.01549,-0.03942,0.99867,1.00,0.02307,-0.02986,0.00069,0.99929,0.02835,-0.01157,-0.03896,0.99877,1.00
16698,0.00657,0.01921,-0.03907,0.99903,0.02142,-0.00279,0.00006,0.99977,0.02785,0.01558,-0.03943,0.99871,1.00,0.02137,-0.02987,0.00064,0.99933,0.02675,-0.01148,-0.03901,0.99881,1.00
16709,0.00665,0.01927,-0.03912,0.99903,0.02133,-0.00286,0.00006,0.99977,0.02785,0.01558,-0.03948,0.99871,1.00,0.02129,-0.02993,0.00064,0.99933,0.02675,-0.01148,-0.03907,0.99881,1.00
16720,0.00674,0.01941,-0.03918,0.99902,0.02201,-0.00332,0.00007,0.99975,0.02861,0.01522,-0.03955,0.99869,1.00,0.02197,-0.03040,0.00067,0.99930,0.02751,-0.01184,-0.03912,0.99879,1.00
16731,0.00677,0.01965,-0.03923,0.99901,0.02200,-0.00356,0.00008,0.99975,0.02860,0.01522,-0.03960,0.99869,1.00,0.02196,-0.03064,0.00067,0.99929,0.02751,-0.01184,-0.03917,0.99878,1.00
16744,0.00676,0.01980,-0.03919,0.99901,0.02152,-0.00368,0.00008,0.99976,0.02812,0.01527,-0.03956,0.99871,1.00,0.02148,-0.03076,0.00066,0.99930,0.02702,-0.01179,-0.03914,0.99880,1.00
16754,0.00670,0.02001,-0.03916,0.99901,0.02170,-0.00376,0.00008,0.99976,0.02823,0.01540,-0.03953,0.99870,1.00,0.02165,-0.03083,0.00067,0.99929,0.02713,-0.01166,-0.03911,0.99880,1.00
16766,0.00669,0.02026,-0.03907,0.99901,0.02178,-0.00373,0.00008,0.99976,0.02830,0.01568,-0.03945,0.99870,1.00,0.02172,-0.03081,0.00067,0.99929,0.02719,-0.01138,-0.03902,0.99880,1.00
16777,0.00669,0.02047,-0.03899,0.99901,0.02178,-0.00394,0.00009,0.99976,0.02830,0.01568,-0.03937,0.99870,1.00,0.02172,-0.03102,0.00067,0.99928,0.02719,-0.01138,-0.03894,0.99881,1.00
16787,0.00665,0.02069,-0.03882,0.99901,0.02196,-0.00469,0.00010,0.99975,0.02841,0.01514,-0.03919,0.99871,1.00,0.02189,-0.03176,0.00070,0.99926,0.02730,-0.01191,-0.03876,0.99880,1.00
16798,0.00669,0.02079,-0.03861,0.99902,0.02199,-0.00460,0.00010,0.99975,0.02848,0.01534,-0.03899,0.99872,1.00,0.02191,-0.03167,0.00069,0.99926,0.02736,-0.01172,-0.03856,0.99881,1.00
16811,0.00668,0.02090,-0.03839,0.99902,0.02200,-0.00472,0.00010,0.99975,0.02848,0.01533,-0.03877,0.99872,1.00,0.02191,-0.03179,0.00070,0.99925,0.02736,-0.01173,-0.03833,0.99882,1.00
16821,0.00669,0.02094,-0.03820,0.99903,0.02197,-0.00449,0.00010,0.99975,0.02848,0.01561,-0.03859,0.99873,1.00,0.02188,-0.03156,0.00069,0.99926,0.02736,-0.01144,-0.03816,0.99883,1.00
16832,0.00667,0.02095,-0.03800,0.99904,0.02199,-0.00379,0.00008,0.99975,0.02850,0.01633,-0.03839,0.99872,1.00,0.02190,-0.03086,0.00068,0.99928,0.02739,-0.01073,-0.03796,0.99885,1.00
16844,0.00669,0.02079,-0.03783,0.99905,0.02197,-0.00364,0.00008,0.99975,0.02850,0.01632,-0.03822,0.99873,1.00,0.02187,-0.03072,0.00067,0.99929,0.02739,-0.01074,-0.03779,0.99885,1.00
16854,0.00674,0.02066,-0.03771,0.99905,0.02249,-0.00336,0.00008,0.99974,0.02908,0.01645,-0.03811,0.99872,1.00,0.02240,-0.03044,0.00068,0.99929,0.02797,-0.01061,-0.03767,0.99884,1.00
16865,0.00681,0.02045,-0.03749,0.99906,0.02241,-0.00316,0.00007,0.99974,0.02908,0.01644,-0.03789,0.99872,1.00,0.02231,-0.03024,0.00068,0.99929,0.02797,-0.01062,-0.03745,0.99885,1.00
16877,0.00691,0.02021,-0.03721,0.99908,0.02133,-0.00287,0.00006,0.99977,0.02811,0.01654,-0.03760,0.99876,1.00,0.02123,-0.02995,0.00064,0.99933,0.02701,-0.01051,-0.03719,0.99889,1.00
16888,0.00695,0.01991,-0.03694,0.99909,0.02120,-0.00269,0.00006,0.99977,0.02803,0.01644,-0.03732,0.99878,1.00,0.02110,-0.02976,0.00063,0.99933,0.02694,-0.01062,-0.03691,0.99890,1.00
16899,0.00706,0.01971,-0.03673,0.99911,0.01574,-0.00271,0.00004,0.99987,0.02268,0.01643,-0.03701,0.99892,1.00,0.01566,-0.02977,0.00047,0.99943,0.02161,-0.01062,-0.03676,0.99903,1.00
16911,0.00705,0.01953,-0.03660,0.99911,0.01574,-0.00253,0.00004,0.99987,0.02268,0.01643,-0.03688,0.99893,1.00,0.01565,-0.02959,0.00046,0.99944,0.02161,-0.01062,-0.03663,0.99904,1.00
16921,0.00701,0.01937,-0.03644,0.99912,0.01587,-0.00472,0.00007,0.99986,0.02270,0.01407,-0.03670,0.99897,1.00,0.01579,-0.03179,0.00050,0.99937,0.02163,-0.01298,-0.03644,0.99902,1.00
16932,0.00714,0.01927,-0.03637,0.99913,0.01574,-0.00464,0.00007,0.99987,0.02270,0.01406,-0.03663,0.99897,1.00,0.01566,-0.03170,0.00050,0.99937,0.02163,-0.01298,-0.03638,0.99902,1.00
16944,0.00743,0.01920,-0.03626,0.99913,0.02010,-0.01013,0.00020,0.99975,0.02715,0.00835,-0.03651,0.99893,1.00,0.02000,-0.03718,0.00074,0.99911,0.02607,-0.01869,-0.03614,0.99883,1.00
16954,0.00780,0.01921,-0.03626,0.99913,0.02175,-0.00515,0.00011,0.99975,0.02934,0.01326,-0.03660,0.99881,1.00,0.02167,-0.03223,0.00070,0.99925,0.02829,-0.01379,-0.03620,0.99885,1.00
16965,0.00808,0.01915,-0.03597,0.99914,0.01972,-0.00099,0.00002,0.99981,0.02774,0.01745,-0.03633,0.99880,1.00,0.01965,-0.02807,0.00055,0.99941,0.02671,-0.00961,-0.03600,0.99895,1.00
16977,0.00833,0.01919,-0.03559,0.99915,0.01947,-0.00105,0.00002,0.99981,0.02775,0.01744,-0.03594,0.99882,1.00,0.01938,-0.02813,0.00055,0.99942,0.02670,-0.00962,-0.03563,0.99896,1.00
16987,0.00857,0.01915,-0.03519,0.99916,0.01750,-0.00114,0.00002,0.99985,0.02602,0.01740,-0.03551,0.99888,1.00,0.01741,-0.02821,0.00049,0.99945,0.02498,-0.00966,-0.03525,0.99902,1.00
16998,0.00884,0.01925,-0.03489,0.99917,0.01496,-0.00129,0.00002,0.99989,0.02375,0.01744,-0.03517,0.99895,1.00,0.01488,-0.02836,0.00042,0.99949,0.02272,-0.00962,-0.03499,0.99908,1.00
17010,0.00906,0.01925,-0.03470,0.99917,0.01475,-0.00131,0.00002,0.99989,0.02375,0.01743,-0.03497,0.99895,1.00,0.01465,-0.02838,0.00042,0.99949,0.02272,-0.00962,-0.03481,0.99909,1.00
17021,0.00932,0.01925,-0.03454,0.99917,0.01487,-0.00142,0.00002,0.99989,0.02413,0.01732,-0.03481,0.99895,1.00,0.01479,-0.02849,0.00042,0.99948,0.02311,-0.00974,-0.03465,0.99908,1.00
17031,0.00955,0.01917,-0.03430,0.99918,0.01632,-0.00134,0.00002,0.99987,0.02581,0.01727,-0.03460,0.99892,1.00,0.01624,-0.02841,0.00046,0.99946,0.02480,-0.00979,-0.03440,0.99905,1.00
17043,0.00986,0.01904,-0.03396,0.99919,0.01601,-0.00124,0.00002,0.99987,0.02581,0.01726,-0.03425,0.99893,1.00,0.01591,-0.02831,0.00045,0.99947,0.02480,-0.00980,-0.03408,0.99906,1.00
17054,0.01018,0.01884,-0.03363,0.99921,0.01696,-0.00233,0.00004,0.99985,0.02704,0.01594,-0.03392,0.99893,1.00,0.01685,-0.02940,0.00050,0.99943,0.02603,-0.01112,-0.03373,0.99903,1.00
17064,0.01049,0.01869,-0.03328,0.99922,0.01889,-0.00251,0.00005,0.99982,0.02929,0.01555,-0.03360,0.99889,1.00,0.01879,-0.02958,0.00056,0.99939,0.02829,-0.01151,-0.03336,0.99898,1.00
17075,0.01070,0.01844,-0.03296,0.99923,0.01868,-0.00228,0.00004,0.99982,0.02929,0.01554,-0.03328,0.99890,1.00,0.01856,-0.02935,0.00054,0.99940,0.02828,-0.01152,-0.03305,0.99899,1.00
17087,0.01089,0.01818,-0.03274,0.99924,0.01891,-0.00192,0.00004,0.99982,0.02972,0.01564,-0.03306,0.99889,1.00,0.01880,-0.02900,0.00055,0.99940,0.02873,-0.01143,-0.03283,0.99898,1.00
17097,0.01106,0.01794,-0.03263,0.99925,0.01873,-0.00170,0.00003,0.99982,0.02972,0.01563,-0.03295,0.99889,1.00,0.01862,-0.02877,0.00054,0.99941,0.02873,-0.01143,-0.03273,0.99899,1.00
17109,0.01135,0.01763,-0.03250,0.99925,0.01692,-0.00208,0.00004,0.99985,0.02820,0.01499,-0.03278,0.99895,1.00,0.01683,-0.02915,0.00049,0.99943,0.02723,-0.01207,-0.03262,0.99902,1.00
17120,0.01155,0.01744,-0.03243,0.99926,0.01603,-0.00112,0.00002,0.99987,0.02753,0.01580,-0.03270,0.99896,1.00,0.01596,-0.02819,0.00045,0.99948,0.02659,-0.01126,-0.03256,0.99905,1.00
17131,0.01159,0.01720,-0.03244,0.99926,0.01603,-0.00120,0.00002,0.99987,0.02756,0.01548,-0.03271,0.99897,1.00,0.01597,-0.02827,0.00045,0.99947,0.02663,-0.01158,-0.03257,0.99905,1.00
17142,0.01170,0.01707,-0.03246,0.99926,0.01591,-0.00107,0.00002,0.99987,0.02756,0.01548,-0.03272,0.99896,1.00,0.01586,-0.02814,0.00045,0.99948,0.02663,-0.01158,-0.03260,0.99905,1.00
17154,0.01177,0.01697,-0.03273,0.99925,0.01612,0.00128,-0.00002,0.99987,0.02792,0.01772,-0.03301,0.99891,1.00,0.01610,-0.02579,0.00042,0.99954,0.02702,-0.00934,-0.03288,0.99905,1.00
17165,0.01177,0.01696,-0.03281,0.99925,0.01398,0.00109,-0.00002,0.99990,0.02577,0.01759,-0.03305,0.99897,1.00,0.01397,-0.02599,0.00036,0.99956,0.02487,-0.00947,-0.03297,0.99910,1.00
17176,0.01167,0.01694,-0.03283,0.99925,0.01407,0.00111,-0.00002,0.99990,0.02577,0.01759,-0.03307,0.99897,1.00,0.01406,-0.02596,0.00037,0.99956,0.02487,-0.00947,-0.03300,0.99910,1.00
17186,0.01168,0.01695,-0.03279,0.99925,0.01423,0.00089,-0.00001,0.99990,0.02592,0.01737,-0.03303,0.99897,1.00,0.01421,-0.02618,0.00037,0.99956,0.02502,-0.00969,-0.03295,0.99910,1.00
17197,0.01164,0.01706,-0.03275,0.99925,0.01724,0.00184,-0.00003,0.99985,0.02892,0.01833,-0.03305,0.99887,1.00,0.01722,-0.02524,0.00043,0.99953,0.02802,-0.00873,-0.03289,0.99903,1.00
17209,0.01172,0.01721,-0.03267,0.99925,0.01717,0.00168,-0.00003,0.99985,0.02893,0.01833,-0.03297,0.99887,1.00,0.01714,-0.02540,0.00044,0.99953,0.02802,-0.00874,-0.03282,0.99903,1.00
17220,0.01191,0.01737,-0.03272,0.99924,0.01699,0.00152,-0.00003,0.99985,0.02893,0.01832,-0.03302,0.99887,1.00,0.01696,-0.02556,0.00043,0.99953,0.02802,-0.00875,-0.03287,0.99903,1.00
17231,0.01225,0.01752,-0.03274,0.99924,0.01332,0.00149,-0.00002,0.99991,0.02560,0.01856,-0.03297,0.99896,1.00,0.01330,-0.02559,0.00034,0.99958,0.02470,-0.00850,-0.03293,0.99912,1.00
17243,0.01259,0.01759,-0.03276,0.99923,0.01298,0.00140,-0.00002,0.99991,0.02560,0.01856,-0.03299,0.99896,1.00,0.01297,-0.02567,0.00033,0.99959,0.02470,-0.00850,-0.03297,0.99912,1.00
17254,0.01292,0.01759,-0.03266,0.99923,0.01282,0.00208,-0.00003,0.99992,0.02580,0.01924,-0.03288,0.99894,1.00,0.01280,-0.02500,0.00032,0.99961,0.02489,-0.00782,-0.03288,0.99912,1.00
17264,0.01321,0.01756,-0.03263,0.99923,0.01318,0.00236,-0.00003,0.99991,0.02645,0.01949,-0.03286,0.99892,1.00,0.01315,-0.02471,0.00033,0.99961,0.02555,-0.00757,-0.03285,0.99911,1.00
17277,0.01340,0.01753,-0.03269,0.99922,0.01298,0.00239,-0.00003,0.99991,0.02645,0.01949,-0.03291,0.99892,1.00,0.01296,-0.02469,0.00032,0.99961,0.02555,-0.00757,-0.03291,0.99910,1.00
17287,0.01346,0.01744,-0.03278,0.99922,0.01398,0.00242,-0.00003,0.99990,0.02751,0.01939,-0.03302,0.99889,1.00,0.01396,-0.02466,0.00034,0.99960,0.02661,-0.00767,-0.03300,0.99907,1.00
17298,0.01339,0.01732,-0.03287,0.99922,0.01403,0.00219,-0.00003,0.99990,0.02748,0.01905,-0.03311,0.99889,1.00,0.01402,-0.02488,0.00035,0.99959,0.02658,-0.00802,-0.03309,0.99907,1.00
17310,0.01333,0.01719,-0.03296,0.99922,0.01408,0.00233,-0.00003,0.99990,0.02748,0.01905,-0.03320,0.99889,1.00,0.01407,-0.02475,0.00035,0.99959,0.02658,-0.00801,-0.03317,0.99906,1.00
17321,0.01331,0.01704,-0.03314,0.99922,0.01468,0.00223,-0.00003,0.99989,0.02804,0.01878,-0.03339,0.99887,1.00,0.01468,-0.02484,0.00036,0.99958,0.02715,-0.00828,-0.03335,0.99904,1.00
17332,0.01330,0.01690,-0.03328,0.99921,0.01442,0.00115,-0.00002,0.99990,0.02775,0.01757,-0.03352,0.99890,1.00,0.01442,-0.02593,0.00037,0.99956,0.02685,-0.00949,-0.03348,0.99903,1.00
17343,0.01340,0.01677,-0.03346,0.99921,0.01432,0.00129,-0.00002,0.99990,0.02775,0.01757,-0.03370,0.99889,1.00,0.01432,-0.02579,0.00037,0.99956,0.02685,-0.00949,-0.03366,0.99903,1.00
17354,0.01353,0.01659,-0.03356,0.99921,0.01457,0.00129,-0.00002,0.99989,0.02813,0.01739,-0.03380,0.99888,1.00,0.01457,-0.02578,0.00038,0.99956,0.02723,-0.00967,-0.03376,0.99901,1.00
17365,0.01373,0.01654,-0.03375,0.99920,0.01282,0.00248,-0.00003,0.99991,0.02662,0.01858,-0.03395,0.99890,1.00,0.01283,-0.02460,0.00032,0.99962,0.02571,-0.00848,-0.03397,0.99906,1.00
17376,0.01386,0.01645,-0.03388,0.99919,0.01268,0.00256,-0.00003,0.99992,0.02661,0.01858,-0.03408,0.99889,1.00,0.01269,-0.02451,0.00031,0.99962,0.02571,-0.00848,-0.03410,0.99905,1.00
17387,0.01392,0.01639,-0.03402,0.99919,0.01386,0.00244,-0.00003,0.99990,0.02784,0.01836,-0.03424,0.99886,1.00,0.01387,-0.02464,0.00034,0.99960,0.02694,-0.00871,-0.03423,0.99901,1.00
17398,0.01390,0.01635,-0.03410,0.99919,0.01403,0.00233,-0.00003,0.99990,0.02800,0.01819,-0.03432,0.99885,1.00,0.01404,-0.02475,0.00035,0.99960,0.02708,-0.00887,-0.03431,0.99901,1.00
17410,0.01387,0.01632,-0.03415,0.99919,0.01406,0.00236,-0.00003,0.99990,0.02800,0.01820,-0.03438,0.99885,1.00,0.01407,-0.02471,0.00035,0.99960,0.02709,-0.00887,-0.03437,0.99900,1.00
17420,0.01393,0.01628,-0.03424,0.99918,0.01413,0.00107,-0.00002,0.99990,0.02809,0.01686,-0.03447,0.99887,1.00,0.01413,-0.02600,0.00037,0.99956,0.02716,-0.01020,-0.03445,0.99899,1.00
17431,0.01400,0.01626,-0.03431,0.99918,0.01406,0.00359,-0.00005,0.99989,0.02817,0.01937,-0.03453,0.99882,1.00,0.01405,-0.02349,0.00033,0.99963,0.02724,-0.00770,-0.03452,0.99900,1.00
17443,0.01411,0.01630,-0.03435,0.99918,0.01395,0.00355,-0.00005,0.99990,0.02817,0.01937,-0.03457,0.99882,1.00,0.01395,-0.02352,0.00033,0.99963,0.02724,-0.00770,-0.03457,0.99900,1.00
17454,0.01427,0.01629,-0.03434,0.99918,0.01374,0.00079,-0.00001,0.99991,0.02803,0.01661,-0.03456,0.99887,1.00,0.01373,-0.02628,0.00036,0.99956,0.02709,-0.01046,-0.03456,0.99898,1.00
17464,0.01444,0.01630,-0.03431,0.99917,0.01338,0.00256,-0.00003,0.99991,0.02789,0.01839,-0.03452,0.99885,1.00,0.01336,-0.02452,0.00033,0.99961,0.02695,-0.00867,-0.03454,0.99900,1.00
17477,0.01458,0.01633,-0.03431,0.99917,0.01324,0.00253,-0.00003,0.99991,0.02789,0.01839,-0.03452,0.99885,1.00,0.01323,-0.02455,0.00032,0.99961,0.02695,-0.00867,-0.03455,0.99900,1.00
17487,0.01461,0.01634,-0.03443,0.99917,0.01271,0.00086,-0.00001,0.99992,0.02734,0.01676,-0.03463,0.99889,1.00,0.01270,-0.02621,0.00033,0.99958,0.02640,-0.01030,-0.03467,0.99900,1.00
17498,0.01468,0.01634,-0.03441,0.99917,0.01282,0.00110,-0.00001,0.99992,0.02753,0.01700,-0.03461,0.99888,1.00,0.01280,-0.02597,0.00033,0.99958,0.02658,-0.01006,-0.03465,0.99900,1.00
17510,0.01479,0.01632,-0.03435,0.99917,0.01271,0.00111,-0.00001,0.99992,0.02753,0.01700,-0.03455,0.99888,1.00,0.01269,-0.02596,0.00033,0.99958,0.02658,-0.01006,-0.03460,0.99900,1.00
17521,0.01491,0.01630,-0.03432,0.99917,0.01369,0.00114,-0.00002,0.99991,0.02862,0.01697,-0.03453,0.99885,1.00,0.01366,-0.02593,0.00035,0.99957,0.02767,-0.01009,-0.03456,0.99897,1.00
17531,0.01501,0.01631,-0.03429,0.99917,0.01359,0.00113,-0.00002,0.99991,0.02862,0.01697,-0.03451,0.99885,1.00,0.01357,-0.02595,0.00035,0.99957,0.02767,-0.01009,-0.03454,0.99897,1.00
17543,0.01495,0.01631,-0.03428,0.99917,0.01504,0.00147,-0.00002,0.99989,0.03003,0.01726,-0.03452,0.99880,1.00,0.01501,-0.02561,0.00038,0.99956,0.02908,-0.00980,-0.03451,0.99893,1.00
17554,0.01486,0.01628,-0.03425,0.99917,0.01403,0.00150,-0.00002,0.99990,0.02893,0.01730,-0.03448,0.99884,1.00,0.01400,-0.02558,0.00036,0.99957,0.02797,-0.00976,-0.03449,0.99897,1.00
17566,0.01482,0.01625,-0.03430,0.99917,0.01359,0.00152,-0.00002,0.99991,0.02844,0.01731,-0.03451,0.99885,1.00,0.01356,-0.02555,0.00035,0.99958,0.02749,-0.00976,-0.03454,0.99898,1.00
17577,0.01488,0.01624,-0.03439,0.99917,0.01352,0.00153,-0.00002,0.99991,0.02844,0.01731,-0.03460,0.99885,1.00,0.01350,-0.02554,0.00035,0.99958,0.02749,-0.00975,-0.03463,0.99897,1.00
17588,0.01499,0.01628,-0.03449,0.99916,0.01249,0.00111,-0.00001,0.99992,0.02751,0.01695,-0.03469,0.99888,1.00,0.01248,-0.02596,0.00032,0.99959,0.02656,-0.01011,-0.03474,0.99899,1.00
17598,0.01513,0.01630,-0.03446,0.99916,0.01238,-0.00026,0.00000,0.99992,0.02750,0.01561,-0.03466,0.99890,1.00,0.01237,-0.02733,0.00034,0.99955,0.02655,-0.01145,-0.03473,0.99898,1.00
17610,0.01539,0.01637,-0.03431,0.99916,0.01213,-0.00035,0.00000,0.99993,0.02750,0.01560,-0.03451,0.99890,1.00,0.01211,-0.02742,0.00033,0.99955,0.02655,-0.01145,-0.03459,0.99898,1.00
17621,0.01562,0.01644,-0.03417,0.99916,0.01020,-0.00180,0.00002,0.99995,0.02575,0.01429,-0.03435,0.99898,1.00,0.01017,-0.02886,0.00029,0.99953,0.02479,-0.01276,-0.03448,0.99902,1.00
17632,0.01582,0.01660,-0.03416,0.99915,0.01019,-0.00348,0.00004,0.99994,0.02588,0.01277,-0.03435,0.99899,1.00,0.01016,-0.03054,0.00031,0.99948,0.02492,-0.01428,-0.03449,0.99899,1.00
17644,0.01593,0.01673,-0.03415,0.99915,0.01008,-0.00362,0.00004,0.99994,0.02588,0.01276,-0.03434,0.99899,1.00,0.01004,-0.03069,0.00031,0.99948,0.02492,-0.01428,-0.03448,0.99899,1.00
17654,0.01597,0.01686,-0.03408,0.99915,0.01205,-0.00366,0.00004,0.99992,0.02788,0.01279,-0.03429,0.99894,1.00,0.01201,-0.03072,0.00037,0.99946,0.02692,-0.01426,-0.03438,0.99894,1.00
17665,0.01597,0.01693,-0.03396,0.99915,0.01228,-0.00189,0.00002,0.99992,0.02817,0.01461,-0.03417,0.99891,1.00,0.01224,-0.02896,0.00035,0.99951,0.02721,-0.01244,-0.03425,0.99897,1.00
17677,0.01603,0.01700,-0.03377,0.99916,0.01222,-0.00198,0.00002,0.99992,0.02818,0.01461,-0.03398,0.99892,1.00,0.01217,-0.02904,0.00035,0.99950,0.02721,-0.01245,-0.03407,0.99897,1.00
17688,0.01614,0.01704,-0.03363,0.99916,0.01202,-0.00187,0.00002,0.99993,0.02809,0.01477,-0.03384,0.99892,1.00,0.01196,-0.02893,0.00035,0.99951,0.02712,-0.01229,-0.03394,0.99898,1.00
17698,0.01639,0.01707,-0.03355,0.99916,0.01153,-0.00211,0.00002,0.99993,0.02784,0.01458,-0.03375,0.99894,1.00,0.01149,-0.02918,0.00034,0.99951,0.02689,-0.01248,-0.03387,0.99899,1.00
17711,0.01664,0.01712,-0.03354,0.99915,0.01128,-0.00216,0.00002,0.99993,0.02784,0.01458,-0.03374,0.99894,1.00,0.01124,-0.02923,0.00033,0.99951,0.02689,-0.01248,-0.03387,0.99899,1.00
17721,0.01698,0.01719,-0.03358,0.99914,0.01070,-0.00361,0.00004,0.99994,0.02755,0.01322,-0.03378,0.99896,1.00,0.01066,-0.03067,0.00033,0.99947,0.02660,-0.01383,-0.03394,0.99897,1.00
17732,0.01734,0.01723,-0.03354,0.99914,0.01034,-0.00366,0.00004,0.99994,0.02755,0.01322,-0.03374,0.99896,1.00,0.01030,-0.03072,0.00032,0.99947,0.02660,-0.01383,-0.03391,0.99898,1.00
17744,0.01745,0.01725,-0.03343,0.99914,0.00892,-0.00362,0.00003,0.99995,0.02624,0.01333,-0.03362,0.99900,1.00,0.00889,-0.03068,0.00027,0.99949,0.02530,-0.01371,-0.03383,0.99901,1.00
17755,0.01743,0.01737,-0.03337,0.99914,0.00930,-0.00365,0.00003,0.99995,0.02660,0.01341,-0.03356,0.99899,1.00,0.00926,-0.03071,0.00028,0.99949,0.02565,-0.01364,-0.03376,0.99901,1.00
17766,0.01741,0.01754,-0.03343,0.99914,0.00896,-0.00326,0.00003,0.99995,0.02626,0.01398,-0.03361,0.99899,1.00,0.00894,-0.03032,0.00027,0.99950,0.02532,-0.01307,-0.03383,0.99902,1.00
17777,0.01742,0.01773,-0.03364,0.99912,0.00896,-0.00345,0.00003,0.99995,0.02626,0.01399,-0.03383,0.99898,1.00,0.00895,-0.03051,0.00027,0.99949,0.02533,-0.01306,-0.03404,0.99901,1.00
17788,0.01747,0.01796,-0.03379,0.99911,0.00914,-0.00354,0.00003,0.99995,0.02648,0.01411,-0.03398,0.99897,1.00,0.00914,-0.03060,0.00028,0.99949,0.02556,-0.01294,-0.03419,0.99900,1.00
17800,0.01742,0.01815,-0.03380,0.99911,0.00928,-0.00467,0.00004,0.99995,0.02653,0.01316,-0.03401,0.99898,1.00,0.00928,-0.03173,0.00029,0.99945,0.02561,-0.01388,-0.03421,0.99899,1.00
17811,0.01738,0.01839,-0.03385,0.99911,0.00932,-0.00491,0.00005,0.99994,0.02653,0.01317,-0.03406,0.99898,1.00,0.00932,-0.03197,0.00030,0.99945,0.02561,-0.01388,-0.03426,0.99899,1.00
17821,0.01727,0.01861,-0.03375,0.99911,0.00901,-0.00533,0.00005,0.99995,0.02609,0.01298,-0.03396,0.99900,1.00,0.00900,-0.03239,0.00029,0.99943,0.02516,-0.01406,-0.03417,0.99900,1.00
17832,0.01710,0.01879,-0.03372,0.99911,0.00917,-0.00526,0.00005,0.99994,0.02609,0.01323,-0.03393,0.99900,1.00,0.00915,-0.03232,0.00030,0.99944,0.02515,-0.01382,-0.03413,0.99901,1.00
17844,0.01693,0.01896,-0.03370,0.99911,0.00934,-0.00542,0.00005,0.99994,0.02609,0.01323,-0.03391,0.99900,1.00,0.00932,-0.03248,0.00030,0.99943,0.02515,-0.01382,-0.03410,0.99901,1.00
17855,0.01675,0.01910,-0.03374,0.99911,0.00972,-0.00526,0.00005,0.99994,0.02628,0.01351,-0.03396,0.99899,1.00,0.00970,-0.03232,0.00031,0.99943,0.02534,-0.01354,-0.03414,0.99900,1.00
17866,0.01660,0.01918,-0.03370,0.99911,0.01067,-0.00552,0.00006,0.99993,0.02708,0.01330,-0.03394,0.99897,1.00,0.01065,-0.03258,0.00035,0.99941,0.02614,-0.01375,-0.03408,0.99898,1.00
17877,0.01641,0.01924,-0.03367,0.99911,0.01087,-0.00558,0.00006,0.99993,0.02708,0.01330,-0.03391,0.99897,1.00,0.01084,-0.03264,0.00035,0.99941,0.02614,-0.01375,-0.03404,0.99898,1.00
17889,0.01616,0.01916,-0.03356,0.99912,0.01091,-0.00525,0.00006,0.99993,0.02688,0.01355,-0.03380,0.99898,1.00,0.01087,-0.03231,0.00035,0.99942,0.02593,-0.01350,-0.03392,0.99900,1.00
17900,0.01596,0.01914,-0.03351,0.99913,0.00960,-0.00354,0.00003,0.99995,0.02543,0.01528,-0.03372,0.99899,1.00,0.00957,-0.03060,0.00029,0.99949,0.02449,-0.01177,-0.03388,0.99906,1.00
17911,0.01572,0.01902,-0.03352,0.99913,0.00983,-0.00341,0.00003,0.99995,0.02543,0.01528,-0.03373,0.99899,1.00,0.00980,-0.03047,0.00030,0.99949,0.02449,-0.01177,-0.03387,0.99906,1.00
17922,0.01547,0.01890,-0.03351,0.99914,0.00850,-0.00321,0.00003,0.99996,0.02385,0.01540,-0.03369,0.99903,1.00,0.00848,-0.03027,0.00026,0.99951,0.02292,-0.01164,-0.03386,0.99910,1.00
17933,0.01537,0.01872,-0.03350,0.99915,0.00958,-0.00439,0.00004,0.99994,0.02479,0.01401,-0.03370,0.99903,1.00,0.00955,-0.03145,0.00030,0.99946,0.02386,-0.01303,-0.03384,0.99906,1.00
17944,0.01526,0.01856,-0.03360,0.99915,0.00968,-0.00422,0.00004,0.99994,0.02479,0.01402,-0.03380,0.99902,1.00,0.00966,-0.03128,0.00030,0.99946,0.02386,-0.01303,-0.03394,0.99905,1.00
17956,0.01526,0.01841,-0.03366,0.99915,0.00926,-0.00465,0.00004,0.99995,0.02435,0.01345,-0.03386,0.99904,1.00,0.00924,-0.03171,0.00029,0.99945,0.02342,-0.01360,-0.03401,0.99905,1.00
17967,0.01528,0.01829,-0.03373,0.99915,0.00954,-0.00596,0.00006,0.99994,0.02461,0.01202,-0.03394,0.99905,1.00,0.00952,-0.03301,0.00031,0.99941,0.02368,-0.01502,-0.03407,0.99903,1.00
17978,0.01532,0.01813,-0.03381,0.99915,0.00949,-0.00579,0.00005,0.99994,0.02461,0.01202,-0.03401,0.99905,1.00,0.00948,-0.03284,0.00031,0.99942,0.02368,-0.01502,-0.03415,0.99902,1.00
17988,0.01533,0.01807,-0.03386,0.99915,0.00941,-0.00594,0.00006,0.99994,0.02453,0.01182,-0.03406,0.99905,1.00,0.00939,-0.03299,0.00031,0.99941,0.02360,-0.01523,-0.03420,0.99902,1.00
18000,0.01525,0.01804,-0.03393,0.99915,0.01004,-0.00454,0.00005,0.99994,0.02513,0.01317,-0.03413,0.99901,1.00,0.01003,-0.03160,0.00032,0.99945,0.02420,-0.01388,-0.03425,0.99902,1.00
18011,0.01521,0.01802,-0.03400,0.99914,0.01008,-0.00451,0.00005,0.99994,0.02513,0.01317,-0.03420,0.99901,1.00,0.01007,-0.03157,0.00032,0.99945,0.02420,-0.01388,-0.03433,0.99902,1.00
18022,0.01514,0.01805,-0.03408,0.99914,0.01026,-0.00406,0.00004,0.99994,0.02525,0.01364,-0.03428,0.99900,1.00,0.01025,-0.03112,0.00032,0.99946,0.02432,-0.01341,-0.03440,0.99902,1.00
18034,0.01504,0.01810,-0.03409,0.99914,0.01128,-0.00421,0.00005,0.99993,0.02617,0.01351,-0.03431,0.99898,1.00,0.01126,-0.03127,0.00035,0.99945,0.02523,-0.01354,-0.03440,0.99900,1.00
18044,0.01496,0.01819,-0.03408,0.99914,0.01136,-0.00430,0.00005,0.99993,0.02617,0.01351,-0.03430,0.99898,1.00,0.01135,-0.03136,0.00036,0.99944,0.02523,-0.01354,-0.03438,0.99900,1.00
18056,0.01487,0.01825,-0.03404,0.99914,0.01256,-0.00447,0.00006,0.99991,0.02726,0.01335,-0.03428,0.99895,1.00,0.01253,-0.03153,0.00040,0.99942,0.02631,-0.01370,-0.03433,0.99897,1.00
18067,0.01478,0.01831,-0.03400,0.99914,0.01136,-0.00571,0.00006,0.99992,0.02594,0.01223,-0.03422,0.99900,1.00,0.01133,-0.03276,0.00037,0.99940,0.02499,-0.01482,-0.03430,0.99899,1.00
18078,0.01476,0.01836,-0.03400,0.99914,0.01138,-0.00575,0.00007,0.99992,0.02594,0.01223,-0.03423,0.99900,1.00,0.01135,-0.03281,0.00037,0.99940,0.02499,-0.01482,-0.03430,0.99899,1.00
18089,0.01482,0.01837,-0.03407,0.99914,0.00916,-0.00450,0.00004,0.99995,0.02381,0.01355,-0.03426,0.99904,1.00,0.00914,-0.03156,0.00029,0.99946,0.02287,-0.01349,-0.03440,0.99906,1.00
18100,0.01487,0.01835,-0.03417,0.99914,0.00901,-0.00522,0.00005,0.99995,0.02370,0.01282,-0.03437,0.99905,1.00,0.00900,-0.03227,0.00029,0.99944,0.02276,-0.01422,-0.03451,0.99904,1.00
18111,0.01493,0.01825,-0.03419,0.99914,0.00895,-0.00512,0.00005,0.99995,0.02370,0.01282,-0.03438,0.99905,1.00,0.00893,-0.03218,0.00029,0.99944,0.02276,-0.01422,-0.03452,0.99904,1.00
18123,0.01497,0.01810,-0.03420,0.99914,0.00987,-0.00456,0.00004,0.99994,0.02468,0.01321,-0.03440,0.99902,1.00,0.00985,-0.03162,0.00031,0.99945,0.02373,-0.01384,-0.03452,0.99903,1.00
18134,0.01504,0.01792,-0.03421,0.99914,0.01093,-0.00465,0.00005,0.99993,0.02580,0.01290,-0.03442,0.99899,1.00,0.01091,-0.03171,0.00035,0.99944,0.02485,-0.01415,-0.03452,0.99900,1.00
18145,0.01509,0.01767,-0.03431,0.99914,0.01087,-0.00439,0.00005,0.99993,0.02580,0.01290,-0.03452,0.99899,1.00,0.01086,-0.03145,0.00034,0.99945,0.02485,-0.01415,-0.03462,0.99899,1.00
18156,0.01507,0.01743,-0.03439,0.99914,0.01166,-0.00405,0.00005,0.99992,0.02658,0.01298,-0.03461,0.99896,1.00,0.01165,-0.03111,0.00036,0.99945,0.02563,-0.01407,-0.03468,0.99897,1.00
18167,0.01503,0.01718,-0.03446,0.99915,0.01176,-0.00428,0.00005,0.99992,0.02663,0.01249,-0.03468,0.99897,1.00,0.01174,-0.03134,0.00037,0.99944,0.02568,-0.01455,-0.03475,0.99896,1.00
18179,0.01519,0.01697,-0.03463,0.99914,0.01159,-0.00407,0.00005,0.99992,0.02663,0.01250,-0.03484,0.99896,1.00,0.01158,-0.03113,0.00036,0.99945,0.02568,-0.01455,-0.03492,0.99895,1.00
18189,0.01543,0.01677,-0.03482,0.99913,0.00993,-0.00272,0.00003,0.99995,0.02526,0.01371,-0.03500,0.99897,1.00,0.00994,-0.02978,0.00030,0.99951,0.02432,-0.01334,-0.03513,0.99900,1.00
18200,0.01572,0.01662,-0.03493,0.99913,0.00950,-0.00475,0.00005,0.99994,0.02505,0.01154,-0.03512,0.99900,1.00,0.00950,-0.03181,0.00030,0.99945,0.02411,-0.01551,-0.03527,0.99897,1.00
18211,0.01602,0.01647,-0.03490,0.99913,0.00920,-0.00461,0.00004,0.99995,0.02505,0.01154,-0.03508,0.99900,1.00,0.00920,-0.03166,0.00029,0.99946,0.02411,-0.01551,-0.03525,0.99897,1.00
18223,0.01630,0.01640,-0.03490,0.99912,0.00932,-0.00298,0.00003,0.99995,0.02550,0.01309,-0.03507,0.99897,1.00,0.00931,-0.03004,0.00028,0.99951,0.02455,-0.01395,-0.03525,0.99898,1.00
18234,0.01649,0.01637,-0.03486,0.99912,0.01103,-0.00217,0.00002,0.99994,0.02744,0.01381,-0.03505,0.99891,1.00,0.01101,-0.02923,0.00032,0.99951,0.02647,-0.01324,-0.03518,0.99894,1.00
18245,0.01666,0.01641,-0.03496,0.99912,0.01086,-0.00221,0.00002,0.99994,0.02744,0.01382,-0.03514,0.99891,1.00,0.01085,-0.02927,0.00032,0.99951,0.02647,-0.01323,-0.03529,0.99894,1.00
18256,0.01686,0.01645,-0.03500,0.99911,0.01102,-0.00245,0.00003,0.99994,0.02779,0.01362,-0.03519,0.99890,1.00,0.01101,-0.02951,0.00032,0.99950,0.02682,-0.01343,-0.03534,0.99893,1.00
18267,0.01700,0.01657,-0.03509,0.99910,0.01037,-0.00350,0.00004,0.99994,0.02723,0.01271,-0.03528,0.99893,1.00,0.01036,-0.03056,0.00032,0.99948,0.02627,-0.01434,-0.03545,0.99892,1.00
18279,0.01719,0.01662,-0.03507,0.99910,0.01018,-0.00355,0.00004,0.99994,0.02723,0.01271,-0.03526,0.99893,1.00,0.01016,-0.03061,0.00031,0.99948,0.02627,-0.01434,-0.03543,0.99892,1.00
18290,0.01738,0.01671,-0.03513,0.99909,0.00891,-0.00366,0.00003,0.99995,0.02616,0.01274,-0.03531,0.99895,1.00,0.00890,-0.03072,0.00027,0.99949,0.02519,-0.01431,-0.03552,0.99895,1.00
18301,0.01758,0.01676,-0.03516,0.99909,0.00899,-0.00053,0.00000,0.99996,0.02654,0.01591,-0.03532,0.99890,1.00,0.00898,-0.02760,0.00025,0.99958,0.02558,-0.01114,-0.03554,0.99898,1.00
18311,0.01774,0.01684,-0.03522,0.99908,0.00883,-0.00061,0.00001,0.99996,0.02654,0.01591,-0.03538,0.99890,1.00,0.00882,-0.02768,0.00024,0.99958,0.02558,-0.01114,-0.03560,0.99898,1.00
18323,0.01782,0.01695,-0.03536,0.99907,0.00840,-0.00063,0.00001,0.99996,0.02618,0.01602,-0.03551,0.99890,1.00,0.00840,-0.02770,0.00023,0.99958,0.02522,-0.01103,-0.03575,0.99898,1.00
18334,0.01786,0.01700,-0.03546,0.99907,0.00945,-0.00157,0.00001,0.99995,0.02725,0.01509,-0.03563,0.99888,1.00,0.00945,-0.02864,0.00027,0.99955,0.02628,-0.01196,-0.03584,0.99894,1.00
18344,0.01793,0.01705,-0.03557,0.99906,0.00939,-0.00162,0.00002,0.99995,0.02725,0.01510,-0.03574,0.99888,1.00,0.00939,-0.02868,0.00027,0.99954,0.02629,-0.01195,-0.03596,0.99894,1.00
18356,0.01781,0.01710,-0.03568,0.99906,0.01015,-0.00329,0.00003,0.99994,0.02783,0.01345,-0.03588,0.99888,1.00,0.01015,-0.03035,0.00031,0.99949,0.02686,-0.01360,-0.03607,0.99890,1.00
18367,0.01759,0.01717,-0.03577,0.99906,0.01052,-0.00324,0.00003,0.99994,0.02798,0.01355,-0.03597,0.99887,1.00,0.01052,-0.03030,0.00032,0.99949,0.02701,-0.01350,-0.03615,0.99889,1.00
18378,0.01743,0.01719,-0.03597,0.99905,0.01067,-0.00325,0.00003,0.99994,0.02798,0.01355,-0.03618,0.99886,1.00,0.01068,-0.03031,0.00032,0.99948,0.02701,-0.01350,-0.03634,0.99888,1.00
18390,0.01733,0.01726,-0.03614,0.99905,0.01078,-0.00309,0.00003,0.99994,0.02799,0.01377,-0.03635,0.99885,1.00,0.01079,-0.03016,0.00033,0.99949,0.02702,-0.01327,-0.03651,0.99888,1.00
18400,0.01724,0.01725,-0.03622,0.99905,0.01057,-0.00221,0.00002,0.99994,0.02772,0.01466,-0.03642,0.99884,1.00,0.01057,-0.02927,0.00031,0.99952,0.02675,-0.01239,-0.03659,0.99890,1.00
18412,0.01711,0.01726,-0.03623,0.99905,0.01070,-0.00221,0.00002,0.99994,0.02772,0.01466,-0.03642,0.99884,1.00,0.01071,-0.02927,0.00031,0.99951,0.02675,-0.01239,-0.03658,0.99890,1.00
18424,0.01702,0.01727,-0.03620,0.99905,0.01128,0.00467,-0.00005,0.99993,0.02846,0.02153,-0.03636,0.99870,1.00,0.01128,-0.02240,0.00025,0.99969,0.02749,-0.00553,-0.03651,0.99894,1.00
18435,0.01697,0.01729,-0.03621,0.99905,0.01065,0.00469,-0.00005,0.99993,0.02777,0.02159,-0.03636,0.99872,1.00,0.01064,-0.02239,0.00024,0.99969,0.02679,-0.00547,-0.03652,0.99896,1.00
18446,0.01692,0.01731,-0.03616,0.99905,0.01069,0.00467,-0.00005,0.99993,0.02777,0.02159,-0.03631,0.99872,1.00,0.01069,-0.02240,0.00024,0.99969,0.02679,-0.00547,-0.03647,0.99896,1.00
18457,0.01685,0.01730,-0.03616,0.99905,0.01098,0.00401,-0.00004,0.99993,0.02796,0.02091,-0.03633,0.99873,1.00,0.01097,-0.02306,0.00025,0.99967,0.02697,-0.00615,-0.03648,0.99895,1.00
18469,0.01679,0.01728,-0.03617,0.99906,0.01056,0.00406,-0.00004,0.99994,0.02749,0.02095,-0.03633,0.99874,1.00,0.01055,-0.02302,0.00024,0.99968,0.02650,-0.00611,-0.03649,0.99896,1.00
18480,0.01670,0.01728,-0.03614,0.99906,0.01066,0.00405,-0.00004,0.99994,0.02749,0.02095,-0.03630,0.99874,1.00,0.01065,-0.02302,0.00025,0.99968,0.02650,-0.00611,-0.03645,0.99897,1.00
18492,0.01665,0.01724,-0.03611,0.99906,0.01025,0.00413,-0.00004,0.99994,0.02704,0.02100,-0.03626,0.99876,1.00,0.01024,-0.02295,0.00023,0.99968,0.02605,-0.00606,-0.03642,0.99898,1.00
18502,0.01665,0.01716,-0.03608,0.99906,0.01015,0.00416,-0.00004,0.99994,0.02693,0.02095,-0.03622,0.99876,1.00,0.01013,-0.02291,0.00023,0.99969,0.02594,-0.00611,-0.03639,0.99898,1.00
18513,0.01668,0.01714,-0.03608,0.99906,0.01002,0.00405,-0.00004,0.99994,0.02684,0.02082,-0.03622,0.99877,1.00,0.01001,-0.02302,0.00023,0.99968,0.02585,-0.00623,-0.03639,0.99898,1.00
18525,0.01671,0.01709,-0.03610,0.99906,0.00999,0.00410,-0.00004,0.99994,0.02684,0.02082,-0.03624,0.99877,1.00,0.00998,-0.02298,0.00023,0.99969,0.02585,-0.00623,-0.03641,0.99898,1.00
18536,0.01678,0.01709,-0.03615,0.99906,0.00943,0.00406,-0.00004,0.99995,0.02634,0.02080,-0.03628,0.99878,1.00,0.00942,-0.02302,0.00022,0.99969,0.02535,-0.00625,-0.03647,0.99899,1.00
18547,0.01693,0.01709,-0.03621,0.99905,0.00928,0.00406,-0.00004,0.99995,0.02634,0.02081,-0.03634,0.99878,1.00,0.00927,-0.02302,0.00021,0.99969,0.02535,-0.00625,-0.03653,0.99899,1.00
18558,0.01708,0.01712,-0.03627,0.99905,0.00913,0.00398,-0.00004,0.99995,0.02635,0.02076,-0.03639,0.99877,1.00,0.00913,-0.02309,0.00021,0.99969,0.02536,-0.00629,-0.03660,0.99899,1.00
18569,0.01737,0.01722,-0.03627,0.99904,0.01993,-0.00064,0.00001,0.99980,0.03726,0.01586,-0.03661,0.99851,1.00,0.01990,-0.02771,0.00055,0.99942,0.03625,-0.01121,-0.03652,0.99861,1.00
18581,0.01753,0.01730,-0.03636,0.99904,0.02195,-0.00070,0.00002,0.99976,0.03943,0.01581,-0.03673,0.99842,1.00,0.02192,-0.02778,0.00061,0.99937,0.03842,-0.01126,-0.03660,0.99853,1.00
18592,0.01770,0.01736,-0.03637,0.99903,0.02178,-0.00076,0.00002,0.99976,0.03943,0.01581,-0.03673,0.99842,1.00,0.02175,-0.02784,0.00061,0.99938,0.03842,-0.01126,-0.03661,0.99853,1.00
18603,0.01777,0.01748,-0.03645,0.99902,0.01993,-0.00082,0.00002,0.99980,0.03765,0.01593,-0.03679,0.99849,1.00,0.01990,-0.02790,0.00056,0.99941,0.03663,-0.01114,-0.03672,0.99859,1.00
18614,0.01777,0.01752,-0.03650,0.99902,0.01992,-0.00086,0.00002,0.99980,0.03764,0.01593,-0.03684,0.99848,1.00,0.01990,-0.02794,0.00056,0.99941,0.03663,-0.01114,-0.03677,0.99859,1.00
18626,0.01790,0.01757,-0.03648,0.99902,0.02204,-0.00796,0.00018,0.99973,0.03963,0.00880,-0.03683,0.99850,1.00,0.02199,-0.03503,0.00077,0.99914,0.03859,-0.01826,-0.03669,0.99841,1.00
18636,0.01811,0.01764,-0.03652,0.99901,0.01982,-0.00793,0.00016,0.99977,0.03761,0.00898,-0.03684,0.99857,1.00,0.01977,-0.03500,0.00069,0.99919,0.03657,-0.01807,-0.03678,0.99849,1.00
18648,0.01838,0.01763,-0.03653,0.99901,0.00715,0.00158,-0.00001,0.99997,0.02558,0.01894,-0.03664,0.99882,1.00,0.00715,-0.02549,0.00018,0.99965,0.02458,-0.00811,-0.03693,0.99898,1.00
18659,0.01856,0.01767,-0.03662,0.99900,0.00697,0.00153,-0.00001,0.99997,0.02558,0.01894,-0.03673,0.99882,1.00,0.00697,-0.02554,0.00018,0.99965,0.02458,-0.00811,-0.03703,0.99898,1.00
18670,0.01869,0.01758,-0.03669,0.99900,0.00287,0.00170,0.00000,0.99999,0.02162,0.01917,-0.03672,0.99891,1.00,0.00288,-0.02536,0.00007,0.99967,0.02063,-0.00788,-0.03713,0.99907,1.00
18681,0.01881,0.01750,-0.03683,0.99899,0.00327,-0.00023,0.00000,0.99999,0.02207,0.01715,-0.03689,0.99893,1.00,0.00327,-0.02729,0.00009,0.99962,0.02107,-0.00989,-0.03730,0.99903,1.00
18693,0.01895,0.01742,-0.03691,0.99899,0.00313,-0.00015,0.00000,1.00000,0.02207,0.01715,-0.03696,0.99893,1.00,0.00314,-0.02721,0.00009,0.99962,0.02107,-0.00989,-0.03738,0.99903,1.00
18703,0.01899,0.01726,-0.03691,0.99899,0.00307,-0.00001,0.00000,1.00000,0.02206,0.01714,-0.03697,0.99893,1.00,0.00308,-0.02707,0.00008,0.99963,0.02106,-0.00991,-0.03738,0.99903,1.00
18714,0.01902,0.01711,-0.03685,0.99899,0.00310,0.00286,-0.00001,0.99999,0.02222,0.01986,-0.03685,0.99888,1.00,0.00310,-0.02421,0.00008,0.99970,0.02122,-0.00719,-0.03728,0.99905,1.00
18727,0.01907,0.01695,-0.03686,0.99899,0.00304,0.00302,-0.00001,0.99999,0.02222,0.01986,-0.03686,0.99888,1.00,0.00304,-0.02405,0.00007,0.99971,0.02122,-0.00719,-0.03729,0.99905,1.00
18737,0.01910,0.01684,-0.03692,0.99899,0.00227,0.00339,-0.00001,0.99999,0.02150,0.02014,-0.03691,0.99888,1.00,0.00227,-0.02368,0.00005,0.99972,0.02049,-0.00690,-0.03735,0.99907,1.00
18747,0.01902,0.01665,-0.03700,0.99900,0.00245,0.00458,-0.00001,0.99999,0.02164,0.02113,-0.03697,0.99886,1.00,0.00246,-0.02249,0.00006,0.99974,0.02064,-0.00591,-0.03741,0.99907,1.00
18759,0.01892,0.01650,-0.03704,0.99900,0.00255,0.00474,-0.00001,0.99999,0.02164,0.02114,-0.03700,0.99886,1.00,0.00256,-0.02233,0.00006,0.99975,0.02064,-0.00591,-0.03743,0.99907,1.00
18770,0.01889,0.01638,-0.03711,0.99900,0.00610,0.00509,-0.00003,0.99997,0.02517,0.02124,-0.03715,0.99877,1.00,0.00611,-0.02198,0.00013,0.99974,0.02417,-0.00581,-0.03748,0.99899,1.00
18781,0.01893,0.01633,-0.03731,0.99899,0.00663,0.00493,-0.00003,0.99997,0.02574,0.02101,-0.03735,0.99875,1.00,0.00664,-0.02214,0.00015,0.99973,0.02474,-0.00605,-0.03768,0.99897,1.00
18793,0.01902,0.01618,-0.03739,0.99899,0.00654,0.00507,-0.00003,0.99997,0.02574,0.02101,-0.03743,0.99875,1.00,0.00655,-0.02200,0.00014,0.99974,0.02474,-0.00605,-0.03776,0.99896,1.00
18804,0.01909,0.01621,-0.03738,0.99899,0.00682,0.00510,-0.00003,0.99996,0.02610,0.02105,-0.03743,0.99874,1.00,0.00683,-0.02197,0.00015,0.99974,0.02509,-0.00600,-0.03775,0.99895,1.00
18815,0.01912,0.01612,-0.03737,0.99899,0.00644,0.00503,-0.00003,0.99997,0.02575,0.02091,-0.03741,0.99875,1.00,0.00644,-0.02204,0.00014,0.99974,0.02473,-0.00615,-0.03775,0.99896,1.00
18826,0.01925,0.01614,-0.03736,0.99899,0.00632,0.00501,-0.00003,0.99997,0.02575,0.02091,-0.03739,0.99875,1.00,0.00632,-0.02207,0.00014,0.99974,0.02473,-0.00615,-0.03774,0.99896,1.00
18837,0.01938,0.01621,-0.03730,0.99898,0.00485,0.00534,-0.00003,0.99997,0.02442,0.02136,-0.03730,0.99878,1.00,0.00485,-0.02174,0.00011,0.99975,0.02341,-0.00569,-0.03769,0.99900,1.00
18848,0.01944,0.01628,-0.03731,0.99898,0.00427,0.00522,-0.00002,0.99998,0.02390,0.02134,-0.03730,0.99879,1.00,0.00426,-0.02185,0.00009,0.99975,0.02288,-0.00571,-0.03771,0.99901,1.00
18859,0.01951,0.01630,-0.03725,0.99898,0.00420,0.00520,-0.00002,0.99998,0.02390,0.02134,-0.03724,0.99879,1.00,0.00419,-0.02187,0.00009,0.99975,0.02288,-0.00571,-0.03764,0.99901,1.00
18870,0.01951,0.01630,-0.03718,0.99899,0.00115,0.00352,0.00000,0.99999,0.02079,0.01977,-0.03714,0.99890,1.00,0.00114,-0.02355,0.00003,0.99972,0.01977,-0.00727,-0.03763,0.99907,1.00
18881,0.01942,0.01629,-0.03710,0.99899,0.00375,0.00248,-0.00001,0.99999,0.02326,0.01864,-0.03712,0.99887,1.00,0.00373,-0.02459,0.00009,0.99969,0.02224,-0.00841,-0.03753,0.99901,1.00
18894,0.01936,0.01623,-0.03694,0.99900,0.00381,0.00255,-0.00001,0.99999,0.02326,0.01863,-0.03696,0.99887,1.00,0.00379,-0.02452,0.00009,0.99969,0.02223,-0.00842,-0.03737,0.99902,1.00
18904,0.01919,0.01610,-0.03678,0.99901,0.00401,0.00231,-0.00001,0.99999,0.02328,0.01826,-0.03681,0.99888,1.00,0.00398,-0.02476,0.00010,0.99969,0.02225,-0.00878,-0.03721,0.99902,1.00
18914,0.01916,0.01601,-0.03664,0.99902,0.00683,0.00237,-0.00002,0.99997,0.02607,0.01812,-0.03672,0.99882,1.00,0.00679,-0.02470,0.00017,0.99967,0.02504,-0.00893,-0.03704,0.99896,1.00
18927,0.01911,0.01590,-0.03662,0.99902,0.00688,0.00247,-0.00002,0.99997,0.02607,0.01812,-0.03670,0.99882,1.00,0.00684,-0.02460,0.00017,0.99967,0.02504,-0.00893,-0.03702,0.99896,1.00
18938,0.01921,0.01575,-0.03651,0.99902,0.00669,0.00204,-0.00001,0.99998,0.02597,0.01754,-0.03659,0.99884,1.00,0.00666,-0.02502,0.00017,0.99966,0.02494,-0.00951,-0.03692,0.99896,1.00
18948,0.01927,0.01563,-0.03644,0.99903,0.00620,0.00203,-0.00001,0.99998,0.02554,0.01743,-0.03651,0.99885,1.00,0.00617,-0.02504,0.00015,0.99967,0.02452,-0.00961,-0.03686,0.99897,1.00
18960,0.01917,0.01548,-0.03630,0.99904,0.00630,0.00219,-0.00001,0.99998,0.02554,0.01743,-0.03637,0.99886,1.00,0.00626,-0.02488,0.00016,0.99967,0.02452,-0.00962,-0.03671,0.99898,1.00
18971,0.01910,0.01538,-0.03625,0.99904,0.00422,0.00253,-0.00001,0.99999,0.02341,0.01775,-0.03628,0.99891,1.00,0.00420,-0.02454,0.00010,0.99969,0.02240,-0.00929,-0.03667,0.99903,1.00
18981,0.01909,0.01533,-0.03630,0.99904,0.00409,0.00241,-0.00001,0.99999,0.02326,0.01758,-0.03633,0.99891,1.00,0.00407,-0.02466,0.00010,0.99969,0.02225,-0.00946,-0.03672,0.99903,1.00
18993,0.01905,0.01529,-0.03639,0.99904,0.00412,0.00245,-0.00001,0.99999,0.02326,0.01759,-0.03642,0.99891,1.00,0.00411,-0.02461,0.00010,0.99969,0.02226,-0.00946,-0.03681,0.99903,1.00
19004,0.01897,0.01530,-0.03642,0.99904,0.00416,0.00371,-0.00002,0.99998,0.02326,0.01885,-0.03643,0.99889,1.00,0.00416,-0.02336,0.00010,0.99972,0.02227,-0.00820,-0.03682,0.99904,1.00
19015,0.01880,0.01529,-0.03638,0.99904,0.00535,0.00331,-0.00002,0.99998,0.02426,0.01840,-0.03642,0.99887,1.00,0.00534,-0.02376,0.00013,0.99970,0.02327,-0.00865,-0.03677,0.99902,1.00
19026,0.01855,0.01535,-0.03633,0.99905,0.00560,0.00325,-0.00002,0.99998,0.02427,0.01840,-0.03637,0.99887,1.00,0.00559,-0.02382,0.00013,0.99970,0.02327,-0.00865,-0.03671,0.99902,1.00
19038,0.01839,0.01540,-0.03627,0.99905,0.00565,0.00314,-0.00002,0.99998,0.02415,0.01834,-0.03632,0.99888,1.00,0.00564,-0.02393,0.00013,0.99970,0.02315,-0.00871,-0.03665,0.99902,1.00
19048,0.01817,0.01543,-0.03634,0.99906,0.00568,0.00209,-0.00001,0.99998,0.02392,0.01731,-0.03640,0.99890,1.00,0.00567,-0.02498,0.00014,0.99967,0.02292,-0.00974,-0.03673,0.99902,1.00
19060,0.01798,0.01546,-0.03636,0.99906,0.00587,0.00206,-0.00001,0.99998,0.02392,0.01731,-0.03643,0.99890,1.00,0.00586,-0.02500,0.00015,0.99967,0.02292,-0.00974,-0.03675,0.99901,1.00
19071,0.01779,0.01545,-0.03637,0.99906,0.00713,0.00210,-0.00001,0.99997,0.02499,0.01728,-0.03646,0.99887,1.00,0.00712,-0.02497,0.00018,0.99966,0.02399,-0.00977,-0.03674,0.99899,1.00
19081,0.01764,0.01538,-0.03628,0.99907,0.00701,0.00357,-0.00003,0.99997,0.02477,0.01868,-0.03635,0.99886,1.00,0.00700,-0.02350,0.00016,0.99970,0.02378,-0.00837,-0.03663,0.99901,1.00
19093,0.01752,0.01530,-0.03619,0.99907,0.00713,0.00364,-0.00003,0.99997,0.02477,0.01868,-0.03626,0.99886,1.00,0.00712,-0.02343,0.00017,0.99970,0.02378,-0.00837,-0.03653,0.99901,1.00
19104,0.01732,0.01522,-0.03612,0.99908,0.00712,0.00426,-0.00003,0.99997,0.02458,0.01922,-0.03618,0.99886,1.00,0.00710,-0.02281,0.00016,0.99971,0.02358,-0.00784,-0.03645,0.99903,1.00
19115,0.01723,0.01519,-0.03609,0.99908,0.01086,0.00397,-0.00004,0.99993,0.02822,0.01876,-0.03623,0.99877,1.00,0.01084,-0.02310,0.00025,0.99967,0.02722,-0.00829,-0.03639,0.99893,1.00
19126,0.01713,0.01511,-0.03616,0.99909,0.01096,0.00406,-0.00004,0.99993,0.02822,0.01877,-0.03630,0.99877,1.00,0.01094,-0.02302,0.00025,0.99968,0.02722,-0.00829,-0.03645,0.99893,1.00
19138,0.01714,0.01502,-0.03622,0.99908,0.01075,0.00434,-0.00005,0.99993,0.02803,0.01897,-0.03635,0.99877,1.00,0.01074,-0.02274,0.00024,0.99968,0.02704,-0.00809,-0.03651,0.99893,1.00
19148,0.01704,0.01500,-0.03626,0.99908,0.01200,0.00553,-0.00007,0.99991,0.02923,0.02009,-0.03641,0.99871,1.00,0.01199,-0.02154,0.00026,0.99970,0.02824,-0.00697,-0.03654,0.99891,1.00
19161,0.01703,0.01496,-0.03632,0.99908,0.01201,0.00557,-0.00007,0.99991,0.02923,0.02009,-0.03646,0.99871,1.00,0.01201,-0.02150,0.00026,0.99970,0.02824,-0.00697,-0.03659,0.99891,1.00
19171,0.01697,0.01494,-0.03635,0.99908,0.01110,0.00551,-0.00006,0.99992,0.02826,0.02004,-0.03648,0.99873,1.00,0.01110,-0.02157,0.00024,0.99971,0.02727,-0.00702,-0.03663,0.99893,1.00
19181,0.01692,0.01494,-0.03638,0.99908,0.01188,0.00496,-0.00006,0.99992,0.02897,0.01946,-0.03653,0.99872,1.00,0.01188,-0.02212,0.00026,0.99968,0.02798,-0.00761,-0.03666,0.99891,1.00
19193,0.01687,0.01495,-0.03640,0.99908,0.01193,0.00495,-0.00006,0.99992,0.02897,0.01946,-0.03655,0.99872,1.00,0.01193,-0.02213,0.00026,0.99968,0.02798,-0.00760,-0.03668,0.99891,1.00
19204,0.01684,0.01501,-0.03642,0.99908,0.01106,0.00484,-0.00005,0.99993,0.02807,0.01943,-0.03656,0.99875,1.00,0.01106,-0.02224,0.00025,0.99969,0.02708,-0.00762,-0.03670,0.99893,1.00
19215,0.01674,0.01505,-0.03642,0.99908,0.00960,0.00409,-0.00004,0.99995,0.02648,0.01878,-0.03653,0.99880,1.00,0.00960,-0.02299,0.00022,0.99969,0.02549,-0.00827,-0.03672,0.99897,1.00
19226,0.01662,0.01513,-0.03640,0.99908,0.00973,0.00401,-0.00004,0.99994,0.02649,0.01878,-0.03651,0.99881,1.00,0.00972,-0.02306,0.00022,0.99969,0.02549,-0.00827,-0.03669,0.99897,1.00
19238,0.01649,0.01520,-0.03632,0.99909,0.00921,0.00396,-0.00004,0.99995,0.02583,0.01883,-0.03643,0.99882,1.00,0.00919,-0.02311,0.00021,0.99969,0.02484,-0.00823,-0.03662,0.99899,1.00
19249,0.01633,0.01531,-0.03622,0.99909,0.00925,0.00393,-0.00004,0.99995,0.02571,0.01890,-0.03633,0.99883,1.00,0.00923,-0.02315,0.00021,0.99969,0.02471,-0.00816,-0.03651,0.99899,1.00
19260,0.01620,0.01537,-0.03620,0.99910,0.00938,0.00387,-0.00004,0.99995,0.02571,0.01890,-0.03631,0.99883,1.00,0.00936,-0.02321,0.00022,0.99969,0.02471,-0.00816,-0.03649,0.99900,1.00
19271,0.01618,0.01545,-0.03619,0.99909,0.01023,0.00514,-0.00005,0.99993,0.02658,0.02022,-0.03631,0.99878,1.00,0.01021,-0.02194,0.00022,0.99971,0.02559,-0.00684,-0.03646,0.99898,1.00
19282,0.01611,0.01547,-0.03616,0.99910,0.01164,0.00529,-0.00006,0.99992,0.02793,0.02034,-0.03631,0.99874,1.00,0.01162,-0.02179,0.00025,0.99970,0.02693,-0.00672,-0.03642,0.99895,1.00
19294,0.01608,0.01549,-0.03609,0.99910,0.01167,0.00527,-0.00006,0.99992,0.02793,0.02033,-0.03625,0.99875,1.00,0.01165,-0.02181,0.00025,0.99969,0.02693,-0.00673,-0.03636,0.99895,1.00
19305,0.01608,0.01546,-0.03599,0.99910,0.01254,0.00521,-0.00007,0.99991,0.02880,0.02021,-0.03617,0.99873,1.00,0.01252,-0.02187,0.00027,0.99968,0.02780,-0.00685,-0.03625,0.99893,1.00
19316,0.01611,0.01539,-0.03590,0.99911,0.01243,0.00344,-0.00004,0.99992,0.02865,0.01838,-0.03607,0.99877,1.00,0.01240,-0.02363,0.00029,0.99964,0.02765,-0.00868,-0.03616,0.99893,1.00
19327,0.01607,0.01536,-0.03583,0.99911,0.01247,0.00346,-0.00004,0.99992,0.02865,0.01838,-0.03601,0.99877,1.00,0.01243,-0.02361,0.00029,0.99964,0.02765,-0.00868,-0.03609,0.99893,1.00
19338,0.01596,0.01534,-0.03589,0.99911,0.01213,0.00350,-0.00004,0.99992,0.02821,0.01840,-0.03606,0.99878,1.00,0.01210,-0.02358,0.00029,0.99965,0.02721,-0.00866,-0.03615,0.99894,1.00
19349,0.01582,0.01531,-0.03596,0.99911,0.01165,0.00391,-0.00005,0.99992,0.02760,0.01880,-0.03612,0.99879,1.00,0.01164,-0.02317,0.00027,0.99966,0.02661,-0.00826,-0.03622,0.99896,1.00
19361,0.01571,0.01534,-0.03616,0.99911,0.01176,0.00389,-0.00005,0.99992,0.02759,0.01880,-0.03632,0.99878,1.00,0.01175,-0.02318,0.00027,0.99966,0.02661,-0.00826,-0.03642,0.99895,1.00
19372,0.01564,0.01545,-0.03650,0.99909,0.01223,0.00515,-0.00006,0.99991,0.02804,0.02015,-0.03667,0.99873,1.00,0.01224,-0.02193,0.00027,0.99968,0.02707,-0.00692,-0.03675,0.99893,1.00
19382,0.01555,0.01555,-0.03653,0.99909,0.01219,0.00542,-0.00007,0.99991,0.02792,0.02052,-0.03670,0.99873,1.00,0.01220,-0.02165,0.00026,0.99969,0.02694,-0.00654,-0.03678,0.99894,1.00
19393,0.01543,0.01571,-0.03648,0.99909,0.01231,0.00527,-0.00006,0.99991,0.02792,0.02052,-0.03665,0.99873,1.00,0.01232,-0.02181,0.00027,0.99969,0.02694,-0.00654,-0.03673,0.99894,1.00
19404,0.01539,0.01586,-0.03645,0.99909,0.01319,0.00479,-0.00006,0.99990,0.02875,0.02016,-0.03665,0.99871,1.00,0.01319,-0.02229,0.00029,0.99966,0.02776,-0.00690,-0.03670,0.99892,1.00
19415,0.01529,0.01613,-0.03646,0.99909,0.01331,0.00406,-0.00005,0.99990,0.02874,0.01970,-0.03667,0.99872,1.00,0.01330,-0.02302,0.00031,0.99965,0.02774,-0.00736,-0.03671,0.99891,1.00
19427,0.01529,0.01637,-0.03648,0.99908,0.01332,0.00383,-0.00005,0.99990,0.02873,0.01971,-0.03669,0.99872,1.00,0.01331,-0.02325,0.00031,0.99964,0.02774,-0.00736,-0.03673,0.99891,1.00
19437,0.01526,0.01655,-0.03656,0.99908,0.01323,0.00385,-0.00005,0.99991,0.02861,0.01991,-0.03677,0.99872,1.00,0.01322,-0.02323,0.00031,0.99964,0.02762,-0.00715,-0.03682,0.99891,1.00
19449,0.01520,0.01672,-0.03645,0.99908,0.01294,0.00324,-0.00004,0.99991,0.02824,0.01948,-0.03666,0.99874,1.00,0.01292,-0.02384,0.00031,0.99963,0.02724,-0.00758,-0.03671,0.99893,1.00
19461,0.01509,0.01678,-0.03647,0.99908,0.01305,0.00318,-0.00004,0.99991,0.02824,0.01948,-0.03668,0.99874,1.00,0.01303,-0.02390,0.00031,0.99963,0.02724,-0.00758,-0.03673,0.99893,1.00
19471,0.01506,0.01685,-0.03634,0.99908,0.01299,0.00278,-0.00004,0.99991,0.02814,0.01916,-0.03655,0.99875,1.00,0.01297,-0.02429,0.00032,0.99962,0.02714,-0.00790,-0.03660,0.99893,1.00
19483,0.01501,0.01693,-0.03625,0.99909,0.01217,0.00066,-0.00001,0.99993,0.02719,0.01715,-0.03645,0.99882,1.00,0.01214,-0.02641,0.00032,0.99958,0.02618,-0.00991,-0.03652,0.99894,1.00
19494,0.01494,0.01692,-0.03620,0.99909,0.01224,0.00067,-0.00001,0.99992,0.02719,0.01715,-0.03640,0.99882,1.00,0.01221,-0.02640,0.00032,0.99958,0.02618,-0.00991,-0.03646,0.99894,1.00
19505,0.01492,0.01688,-0.03616,0.99909,0.01217,0.00089,-0.00001,0.99993,0.02711,0.01732,-0.03636,0.99882,1.00,0.01213,-0.02618,0.00032,0.99958,0.02610,-0.00974,-0.03643,0.99895,1.00
19516,0.01488,0.01679,-0.03620,0.99909,0.01212,0.00294,-0.00004,0.99992,0.02710,0.01929,-0.03639,0.99878,1.00,0.01210,-0.02413,0.00029,0.99964,0.02609,-0.00776,-0.03646,0.99896,1.00
19527,0.01489,0.01672,-0.03624,0.99909,0.01211,0.00302,-0.00004,0.99992,0.02709,0.01930,-0.03643,0.99878,1.00,0.01208,-0.02406,0.00029,0.99964,0.02609,-0.00776,-0.03650,0.99896,1.00
19538,0.01481,0.01657,-0.03619,0.99910,0.01214,0.00318,-0.00004,0.99992,0.02705,0.01930,-0.03638,0.99879,1.00,0.01211,-0.02390,0.00029,0.99964,0.02605,-0.00776,-0.03645,0.99897,1.00
19549,0.01457,0.01645,-0.03607,0.99911,0.01348,0.00285,-0.00004,0.99991,0.02814,0.01881,-0.03629,0.99877,1.00,0.01345,-0.02423,0.00033,0.99962,0.02713,-0.00825,-0.03631,0.99894,1.00
19560,0.01446,0.01638,-0.03606,0.99911,0.01358,0.00292,-0.00004,0.99990,0.02814,0.01881,-0.03628,0.99877,1.00,0.01355,-0.02416,0.00033,0.99962,0.02713,-0.00825,-0.03629,0.99894,1.00
19570,0.01433,0.01640,-0.03626,0.99911,0.01360,0.00178,-0.00002,0.99991,0.02799,0.01769,-0.03647,0.99879,1.00,0.01358,-0.02529,0.00034,0.99959,0.02699,-0.00937,-0.03648,0.99893,1.00
19582,0.01425,0.01644,-0.03638,0.99910,0.01136,0.00163,-0.00002,0.99993,0.02567,0.01766,-0.03656,0.99885,1.00,0.01136,-0.02544,0.00029,0.99961,0.02468,-0.00939,-0.03663,0.99898,1.00
19593,0.01418,0.01647,-0.03636,0.99910,0.01144,0.00161,-0.00002,0.99993,0.02567,0.01766,-0.03654,0.99885,1.00,0.01143,-0.02546,0.00029,0.99961,0.02468,-0.00939,-0.03660,0.99898,1.00
19604,0.01415,0.01654,-0.03635,0.99910,0.00995,0.00383,-0.00004,0.99994,0.02422,0.02001,-0.03650,0.99884,1.00,0.00994,-0.02324,0.00023,0.99968,0.02323,-0.00705,-0.03660,0.99904,1.00
19615,0.01408,0.01665,-0.03633,0.99910,0.00988,0.00449,-0.00004,0.99994,0.02412,0.02078,-0.03647,0.99883,1.00,0.00987,-0.02258,0.00022,0.99970,0.02312,-0.00628,-0.03658,0.99904,1.00
19627,0.01401,0.01682,-0.03632,0.99910,0.00996,0.00433,-0.00004,0.99994,0.02412,0.02078,-0.03647,0.99883,1.00,0.00995,-0.02274,0.00023,0.99969,0.02312,-0.00628,-0.03657,0.99904,1.00
19637,0.01386,0.01698,-0.03634,0.99910,0.00721,0.00348,-0.00003,0.99997,0.02119,0.02019,-0.03644,0.99891,1.00,0.00720,-0.02359,0.00017,0.99970,0.02020,-0.00686,-0.03661,0.99910,1.00
19648,0.01370,0.01708,-0.03635,0.99910,0.00636,0.00140,-0.00001,0.99998,0.02011,0.01825,-0.03645,0.99897,1.00,0.00635,-0.02567,0.00016,0.99965,0.01912,-0.00880,-0.03664,0.99911,1.00
19660,0.01349,0.01715,-0.03635,0.99910,0.00657,0.00134,-0.00001,0.99998,0.02011,0.01825,-0.03646,0.99897,1.00,0.00657,-0.02572,0.00017,0.99965,0.01912,-0.00880,-0.03663,0.99911,1.00
19671,0.01331,0.01722,-0.03638,0.99910,0.00659,-0.00016,0.00000,0.99998,0.01989,0.01682,-0.03649,0.99899,1.00,0.00659,-0.02723,0.00018,0.99961,0.01890,-0.01023,-0.03666,0.99910,1.00
19681,0.01313,0.01725,-0.03643,0.99910,0.00938,-0.00522,0.00005,0.99994,0.02231,0.01169,-0.03660,0.99901,1.00,0.00936,-0.03228,0.00030,0.99944,0.02130,-0.01535,-0.03669,0.99898,1.00
19693,0.01298,0.01733,-0.03648,0.99910,0.00953,-0.00529,0.00005,0.99994,0.02231,0.01170,-0.03666,0.99901,1.00,0.00952,-0.03235,0.00031,0.99943,0.02130,-0.01535,-0.03673,0.99898,1.00
19704,0.01289,0.01738,-0.03658,0.99910,0.00938,-0.00669,0.00006,0.99993,0.02201,0.01036,-0.03676,0.99903,1.00,0.00936,-0.03374,0.00032,0.99939,0.02100,-0.01668,-0.03684,0.99896,1.00
19715,0.01281,0.01736,-0.03662,0.99910,0.00472,-0.00657,0.00003,0.99997,0.01729,0.01063,-0.03675,0.99912,1.00,0.00472,-0.03362,0.00016,0.99942,0.01630,-0.01641,-0.03695,0.99905,1.00
19726,0.01276,0.01733,-0.03672,0.99909,0.00477,-0.00653,0.00003,0.99997,0.01729,0.01063,-0.03686,0.99911,1.00,0.00478,-0.03358,0.00016,0.99942,0.01630,-0.01641,-0.03705,0.99905,1.00
19737,0.01269,0.01736,-0.03677,0.99909,0.00464,-0.00299,0.00001,0.99998,0.01721,0.01420,-0.03687,0.99907,1.00,0.00464,-0.03005,0.00014,0.99954,0.01621,-0.01284,-0.03707,0.99910,1.00
19748,0.01259,0.01736,-0.03686,0.99909,0.00844,-0.00294,0.00002,0.99996,0.02092,0.01410,-0.03702,0.99900,1.00,0.00844,-0.03001,0.00025,0.99951,0.01991,-0.01294,-0.03711,0.99903,1.00
19760,0.01247,0.01740,-0.03693,0.99909,0.00857,-0.00298,0.00003,0.99996,0.02092,0.01410,-0.03709,0.99899,1.00,0.00857,-0.03004,0.00026,0.99951,0.01991,-0.01294,-0.03718,0.99903,1.00
19771,0.01238,0.01744,-0.03695,0.99909,0.01000,-0.00300,0.00003,0.99995,0.02226,0.01408,-0.03713,0.99896,1.00,0.00999,-0.03006,0.00030,0.99950,0.02125,-0.01297,-0.03717,0.99900,1.00
19782,0.01228,0.01754,-0.03700,0.99909,0.00996,-0.00194,0.00002,0.99995,0.02216,0.01523,-0.03717,0.99895,1.00,0.00995,-0.02900,0.00029,0.99953,0.02115,-0.01182,-0.03722,0.99901,1.00
19794,0.01217,0.01761,-0.03698,0.99909,0.01008,-0.00200,0.00002,0.99995,0.02216,0.01523,-0.03716,0.99895,1.00,0.01006,-0.02907,0.00029,0.99953,0.02115,-0.01182,-0.03720,0.99901,1.00
19805,0.01208,0.01768,-0.03695,0.99909,0.01220,-0.00011,0.00000,0.99993,0.02427,0.01711,-0.03717,0.99887,1.00,0.01218,-0.02718,0.00033,0.99956,0.02325,-0.00994,-0.03715,0.99899,1.00
19815,0.01201,0.01774,-0.03692,0.99909,0.01418,-0.00010,0.00000,0.99990,0.02617,0.01711,-0.03716,0.99882,1.00,0.01416,-0.02717,0.00038,0.99953,0.02515,-0.00994,-0.03709,0.99895,1.00
19827,0.01201,0.01781,-0.03691,0.99909,0.01418,-0.00017,0.00000,0.99990,0.02617,0.01711,-0.03716,0.99882,1.00,0.01415,-0.02724,0.00039,0.99953,0.02515,-0.00994,-0.03709,0.99895,1.00
19838,0.01205,0.01788,-0.03687,0.99909,0.01405,-0.00187,0.00003,0.99990,0.02602,0.01548,-0.03711,0.99885,1.00,0.01402,-0.02894,0.00041,0.99948,0.02499,-0.01157,-0.03704,0.99893,1.00
19848,0.01207,0.01794,-0.03684,0.99909,0.01396,-0.00184,0.00003,0.99990,0.02594,0.01558,-0.03709,0.99885,1.00,0.01393,-0.02891,0.00040,0.99949,0.02492,-0.01147,-0.03702,0.99894,1.00
19860,0.01215,0.01799,-0.03684,0.99909,0.01388,-0.00190,0.00003,0.99990,0.02594,0.01558,-0.03708,0.99885,1.00,0.01384,-0.02896,0.00040,0.99948,0.02492,-0.01147,-0.03702,0.99894,1.00
19871,0.01225,0.01804,-0.03680,0.99908,0.01444,-0.00185,0.00003,0.99989,0.02661,0.01565,-0.03706,0.99884,1.00,0.01441,-0.02892,0.00042,0.99948,0.02558,-0.01140,-0.03698,0.99892,1.00
19882,0.01238,0.01807,-0.03677,0.99908,0.01545,-0.00189,0.00003,0.99988,0.02775,0.01561,-0.03704,0.99881,1.00,0.01542,-0.02896,0.00045,0.99946,0.02672,-0.01145,-0.03695,0.99889,1.00
19894,0.01255,0.01810,-0.03677,0.99908,0.01529,-0.00193,0.00003,0.99988,0.02775,0.01561,-0.03704,0.99881,1.00,0.01525,-0.02900,0.00044,0.99946,0.02672,-0.01145,-0.03695,0.99889,1.00
19905,0.01275,0.01814,-0.03680,0.99908,0.01518,-0.00211,0.00003,0.99988,0.02783,0.01548,-0.03707,0.99881,1.00,0.01514,-0.02917,0.00044,0.99946,0.02680,-0.01158,-0.03698,0.99889,1.00
19915,0.01280,0.01821,-0.03686,0.99907,0.01511,-0.00226,0.00003,0.99988,0.02781,0.01539,-0.03712,0.99881,1.00,0.01508,-0.02933,0.00044,0.99946,0.02678,-0.01167,-0.03705,0.99889,1.00
19927,0.01274,0.01825,-0.03692,0.99907,0.01516,-0.00230,0.00003,0.99988,0.02781,0.01539,-0.03718,0.99880,1.00,0.01514,-0.02936,0.00044,0.99945,0.02678,-0.01167,-0.03710,0.99888,1.00
19938,0.01264,0.01832,-0.03699,0.99907,0.01543,-0.00416,0.00006,0.99987,0.02790,0.01359,-0.03725,0.99882,1.00,0.01540,-0.03123,0.00048,0.99939,0.02687,-0.01347,-0.03716,0.99886,1.00
19949,0.01260,0.01843,-0.03716,0.99906,0.01605,-0.00528,0.00008,0.99986,0.02845,0.01255,-0.03743,0.99882,1.00,0.01603,-0.03234,0.00052,0.99935,0.02742,-0.01450,-0.03732,0.99882,1.00
19960,0.01266,0.01857,-0.03744,0.99905,0.01600,-0.00541,0.00009,0.99986,0.02844,0.01256,-0.03771,0.99880,1.00,0.01599,-0.03247,0.00052,0.99934,0.02742,-0.01449,-0.03760,0.99881,1.00
19970,0.01277,0.01868,-0.03745,0.99904,0.01589,-0.00643,0.00010,0.99985,0.02841,0.01166,-0.03772,0.99882,1.00,0.01587,-0.03349,0.00053,0.99931,0.02738,-0.01538,-0.03761,0.99880,1.00
19981,0.01285,0.01881,-0.03738,0.99904,0.01470,-0.00643,0.00009,0.99987,0.02729,0.01183,-0.03764,0.99885,1.00,0.01467,-0.03349,0.00049,0.99933,0.02625,-0.01522,-0.03757,0.99883,1.00
19993,0.01298,0.01897,-0.03724,0.99904,0.01457,-0.00660,0.00010,0.99987,0.02729,0.01183,-0.03750,0.99885,1.00,0.01454,-0.03366,0.00049,0.99933,0.02625,-0.01522,-0.03744,0.99884,1.00
20004,0.01312,0.01902,-0.03714,0.99904,0.01449,-0.00646,0.00009,0.99987,0.02735,0.01202,-0.03740,0.99885,1.00,0.01444,-0.03352,0.00048,0.99933,0.02630,-0.01502,-0.03735,0.99884,1.00
20016,0.01326,0.01915,-0.03707,0.99904,0.01268,-0.00643,0.00008,0.99990,0.02569,0.01225,-0.03731,0.99890,1.00,0.01264,-0.03348,0.00042,0.99936,0.02464,-0.01479,-0.03730,0.99889,1.00
20027,0.01333,0.01915,-0.03706,0.99904,0.01260,-0.00643,0.00008,0.99990,0.02569,0.01225,-0.03730,0.99890,1.00,0.01256,-0.03349,0.00042,0.99936,0.02464,-0.01479,-0.03730,0.99889,1.00
20038,0.01335,0.01918,-0.03705,0.99904,0.01219,-0.00630,0.00008,0.99991,0.02529,0.01243,-0.03729,0.99891,1.00,0.01215,-0.03336,0.00041,0.99937,0.02425,-0.01461,-0.03730,0.99890,1.00
20049,0.01329,0.01921,-0.03693,0.99904,0.01192,-0.00635,0.00008,0.99991,0.02497,0.01242,-0.03717,0.99892,1.00,0.01188,-0.03341,0.00040,0.99937,0.02393,-0.01462,-0.03719,0.99891,1.00
20061,0.01315,0.01911,-0.03678,0.99905,0.01206,-0.00626,0.00008,0.99991,0.02497,0.01241,-0.03701,0.99893,1.00,0.01201,-0.03332,0.00040,0.99937,0.02392,-0.01463,-0.03702,0.99892,1.00
20071,0.01286,0.01899,-0.03660,0.99907,0.01289,-0.00522,0.00007,0.99990,0.02555,0.01330,-0.03684,0.99891,1.00,0.01284,-0.03228,0.00041,0.99940,0.02450,-0.01375,-0.03682,0.99893,1.00
20082,0.01270,0.01889,-0.03657,0.99907,0.01561,-0.00537,0.00008,0.99986,0.02810,0.01295,-0.03684,0.99884,1.00,0.01555,-0.03243,0.00050,0.99935,0.02705,-0.01409,-0.03675,0.99886,1.00
20094,0.01249,0.01880,-0.03670,0.99907,0.01582,-0.00526,0.00008,0.99986,0.02810,0.01296,-0.03697,0.99884,1.00,0.01577,-0.03232,0.00051,0.99935,0.02706,-0.01409,-0.03686,0.99885,1.00
20104,0.01237,0.01868,-0.03672,0.99907,0.01578,-0.00494,0.00008,0.99986,0.02795,0.01316,-0.03699,0.99884,1.00,0.01574,-0.03200,0.00050,0.99936,0.02692,-0.01389,-0.03688,0.99886,1.00
20115,0.01234,0.01851,-0.03668,0.99908,0.01517,-0.00513,0.00008,0.99987,0.02731,0.01282,-0.03694,0.99886,1.00,0.01513,-0.03219,0.00049,0.99937,0.02628,-0.01422,-0.03685,0.99887,1.00
20128,0.01220,0.01840,-0.03661,0.99909,0.01531,-0.00502,0.00008,0.99987,0.02732,0.01282,-0.03687,0.99886,1.00,0.01527,-0.03208,0.00049,0.99937,0.02628,-0.01423,-0.03677,0.99888,1.00
20139,0.01205,0.01829,-0.03655,0.99909,0.01427,-0.00441,0.00006,0.99989,0.02615,0.01336,-0.03679,0.99889,1.00,0.01423,-0.03147,0.00045,0.99940,0.02512,-0.01369,-0.03672,0.99892,1.00
20149,0.01196,0.01818,-0.03668,0.99909,0.01456,-0.00405,0.00006,0.99989,0.02636,0.01360,-0.03693,0.99888,1.00,0.01452,-0.03111,0.00045,0.99941,0.02533,-0.01345,-0.03684,0.99891,1.00
20161,0.01203,0.01815,-0.03687,0.99908,0.01449,-0.00401,0.00006,0.99989,0.02636,0.01360,-0.03711,0.99887,1.00,0.01446,-0.03108,0.00045,0.99941,0.02534,-0.01345,-0.03703,0.99890,1.00
20172,0.01197,0.01806,-0.03702,0.99908,0.01437,-0.00410,0.00006,0.99989,0.02618,0.01343,-0.03726,0.99887,1.00,0.01436,-0.03116,0.00045,0.99941,0.02516,-0.01362,-0.03718,0.99890,1.00
20182,0.01190,0.01792,-0.03706,0.99908,0.01482,-0.00482,0.00007,0.99988,0.02653,0.01255,-0.03730,0.99887,1.00,0.01480,-0.03188,0.00047,0.99938,0.02551,-0.01450,-0.03721,0.99888,1.00
20194,0.01190,0.01792,-0.03708,0.99908,0.01482,-0.00483,0.00007,0.99988,0.02653,0.01255,-0.03732,0.99887,1.00,0.01480,-0.03189,0.00047,0.99938,0.02551,-0.01450,-0.03723,0.99888,1.00
20206,0.01183,0.01788,-0.03712,0.99908,0.01493,-0.00492,0.00007,0.99988,0.02656,0.01240,-0.03736,0.99887,1.00,0.01491,-0.03199,0.00048,0.99938,0.02554,-0.01464,-0.03726,0.99887,1.00
20216,0.01178,0.01794,-0.03719,0.99908,0.01534,-0.00484,0.00007,0.99987,0.02693,0.01253,-0.03745,0.99886,1.00,0.01531,-0.03190,0.00049,0.99937,0.02590,-0.01452,-0.03733,0.99886,1.00
20228,0.01175,0.01798,-0.03723,0.99908,0.01537,-0.00488,0.00008,0.99987,0.02693,0.01253,-0.03749,0.99886,1.00,0.01535,-0.03194,0.00049,0.99937,0.02590,-0.01452,-0.03737,0.99886,1.00
20239,0.01184,0.01808,-0.03732,0.99907,0.01601,-0.00400,0.00006,0.99986,0.02768,0.01348,-0.03759,0.99882,1.00,0.01598,-0.03107,0.00050,0.99939,0.02665,-0.01358,-0.03746,0.99885,1.00
20250,0.01195,0.01815,-0.03738,0.99906,0.01643,-0.00408,0.00007,0.99986,0.02821,0.01346,-0.03765,0.99880,1.00,0.01640,-0.03114,0.00051,0.99938,0.02718,-0.01360,-0.03751,0.99883,1.00
20261,0.01230,0.01819,-0.03738,0.99906,0.01608,-0.00413,0.00007,0.99986,0.02821,0.01346,-0.03766,0.99880,1.00,0.01606,-0.03119,0.00050,0.99938,0.02718,-0.01360,-0.03754,0.99883,1.00
20272,0.01260,0.01822,-0.03749,0.99905,0.01582,-0.00412,0.00007,0.99987,0.02825,0.01351,-0.03776,0.99880,1.00,0.01580,-0.03118,0.00049,0.99939,0.02721,-0.01354,-0.03766,0.99883,1.00
20283,0.01289,0.01823,-0.03757,0.99904,0.01507,-0.00386,0.00006,0.99988,0.02780,0.01380,-0.03783,0.99880,1.00,0.01505,-0.03093,0.00047,0.99941,0.02676,-0.01325,-0.03775,0.99884,1.00
20295,0.01318,0.01825,-0.03762,0.99904,0.01478,-0.00389,0.00006,0.99988,0.02780,0.01381,-0.03788,0.99880,1.00,0.01476,-0.03096,0.00046,0.99941,0.02676,-0.01325,-0.03782,0.99884,1.00
20306,0.01340,0.01822,-0.03773,0.99903,0.01484,-0.00420,0.00006,0.99988,0.02807,0.01346,-0.03799,0.99879,1.00,0.01482,-0.03126,0.00046,0.99940,0.02703,-0.01359,-0.03794,0.99882,1.00
20317,0.01365,0.01822,-0.03781,0.99903,0.01494,-0.00376,0.00006,0.99988,0.02843,0.01389,-0.03807,0.99877,1.00,0.01492,-0.03083,0.00046,0.99941,0.02739,-0.01316,-0.03802,0.99881,1.00
20328,0.01391,0.01821,-0.03781,0.99902,0.01468,-0.00376,0.00006,0.99989,0.02843,0.01389,-0.03807,0.99877,1.00,0.01466,-0.03082,0.00045,0.99942,0.02739,-0.01316,-0.03803,0.99881,1.00
20339,0.01414,0.01827,-0.03790,0.99901,0.01222,-0.00267,0.00003,0.99992,0.02625,0.01514,-0.03812,0.99881,1.00,0.01221,-0.02973,0.00036,0.99948,0.02522,-0.01191,-0.03816,0.99888,1.00
20350,0.01432,0.01828,-0.03790,0.99901,0.01242,-0.00070,0.00001,0.99992,0.02670,0.01711,-0.03812,0.99877,1.00,0.01240,-0.02777,0.00034,0.99954,0.02566,-0.00994,-0.03816,0.99889,1.00
20361,0.01442,0.01837,-0.03794,0.99901,0.01233,-0.00079,0.00001,0.99992,0.02670,0.01711,-0.03817,0.99877,1.00,0.01231,-0.02786,0.00034,0.99954,0.02566,-0.00994,-0.03821,0.99889,1.00
20372,0.01447,0.01847,-0.03795,0.99900,0.01088,-0.00087,0.00001,0.99994,0.02531,0.01719,-0.03815,0.99880,1.00,0.01087,-0.02794,0.00030,0.99955,0.02426,-0.00986,-0.03823,0.99893,1.00
20383,0.01446,0.01858,-0.03800,0.99900,0.01297,-0.00192,0.00002,0.99991,0.02734,0.01616,-0.03824,0.99876,1.00,0.01296,-0.02899,0.00038,0.99950,0.02630,-0.01089,-0.03827,0.99886,1.00
20395,0.01450,0.01874,-0.03794,0.99900,0.01294,-0.00209,0.00003,0.99991,0.02734,0.01616,-0.03818,0.99877,1.00,0.01292,-0.02916,0.00038,0.99949,0.02630,-0.01089,-0.03821,0.99886,1.00
20407,0.01450,0.01884,-0.03791,0.99900,0.01222,-0.00377,0.00005,0.99992,0.02656,0.01461,-0.03815,0.99881,1.00,0.01219,-0.03083,0.00038,0.99945,0.02551,-0.01244,-0.03819,0.99887,1.00
20416,0.01440,0.01896,-0.03781,0.99900,0.01243,-0.00421,0.00005,0.99991,0.02666,0.01428,-0.03805,0.99882,1.00,0.01240,-0.03127,0.00039,0.99943,0.02560,-0.01276,-0.03809,0.99887,1.00
20428,0.01436,0.01905,-0.03778,0.99900,0.01248,-0.00430,0.00005,0.99991,0.02666,0.01428,-0.03802,0.99882,1.00,0.01244,-0.03136,0.00039,0.99943,0.02560,-0.01276,-0.03805,0.99887,1.00
20439,0.01437,0.01916,-0.03777,0.99900,0.01096,-0.00511,0.00006,0.99993,0.02512,0.01363,-0.03800,0.99887,1.00,0.01092,-0.03217,0.00035,0.99942,0.02406,-0.01341,-0.03807,0.99890,1.00
20451,0.01434,0.01924,-0.03776,0.99900,0.01096,-0.00502,0.00006,0.99993,0.02511,0.01381,-0.03799,0.99887,1.00,0.01093,-0.03208,0.00035,0.99943,0.02405,-0.01324,-0.03806,0.99890,1.00
20462,0.01437,0.01921,-0.03773,0.99900,0.01093,-0.00500,0.00005,0.99993,0.02511,0.01381,-0.03795,0.99887,1.00,0.01090,-0.03206,0.00035,0.99943,0.02405,-0.01324,-0.03803,0.99890,1.00
20473,0.01445,0.01914,-0.03761,0.99900,0.01128,-0.00420,0.00005,0.99993,0.02556,0.01452,-0.03783,0.99885,1.00,0.01124,-0.03126,0.00035,0.99945,0.02451,-0.01252,-0.03790,0.99890,1.00
20485,0.01456,0.01903,-0.03756,0.99901,0.01116,-0.00341,0.00004,0.99993,0.02559,0.01520,-0.03778,0.99884,1.00,0.01112,-0.03047,0.00034,0.99947,0.02453,-0.01184,-0.03786,0.99891,1.00
20495,0.01462,0.01892,-0.03758,0.99901,0.01110,-0.00330,0.00004,0.99993,0.02559,0.01520,-0.03780,0.99884,1.00,0.01107,-0.03036,0.00034,0.99948,0.02453,-0.01184,-0.03788,0.99891,1.00
20506,0.01449,0.01879,-0.03767,0.99901,0.01127,-0.00316,0.00004,0.99993,0.02564,0.01520,-0.03789,0.99884,1.00,0.01125,-0.03022,0.00034,0.99948,0.02459,-0.01184,-0.03796,0.99891,1.00
20517,0.01406,0.01860,-0.03779,0.99901,0.01092,-0.00392,0.00004,0.99993,0.02482,0.01427,-0.03801,0.99887,1.00,0.01090,-0.03098,0.00034,0.99946,0.02377,-0.01277,-0.03808,0.99891,1.00
20529,0.01378,0.01846,-0.03800,0.99901,0.01119,-0.00376,0.00004,0.99993,0.02481,0.01428,-0.03821,0.99886,1.00,0.01118,-0.03082,0.00034,0.99946,0.02378,-0.01277,-0.03826,0.99890,1.00
20539,0.01364,0.01835,-0.03815,0.99901,0.01224,-0.00378,0.00005,0.99992,0.02573,0.01411,-0.03838,0.99883,1.00,0.01224,-0.03084,0.00038,0.99945,0.02469,-0.01293,-0.03840,0.99887,1.00
20551,0.01346,0.01826,-0.03823,0.99901,0.01294,-0.00312,0.00004,0.99991,0.02626,0.01465,-0.03846,0.99881,1.00,0.01293,-0.03018,0.00039,0.99946,0.02522,-0.01240,-0.03846,0.99886,1.00
20561,0.01326,0.01817,-0.03821,0.99902,0.01313,-0.00302,0.00004,0.99991,0.02626,0.01465,-0.03844,0.99881,1.00,0.01312,-0.03009,0.00039,0.99946,0.02522,-0.01240,-0.03843,0.99887,1.00
20573,0.01316,0.01808,-0.03805,0.99903,0.01333,-0.00312,0.00004,0.99991,0.02635,0.01445,-0.03828,0.99881,1.00,0.01330,-0.03019,0.00040,0.99946,0.02530,-0.01260,-0.03826,0.99887,1.00
20585,0.01308,0.01807,-0.03797,0.99903,0.01314,-0.00339,0.00004,0.99991,0.02608,0.01418,-0.03820,0.99883,1.00,0.01310,-0.03045,0.00040,0.99945,0.02501,-0.01287,-0.03819,0.99887,1.00
20596,0.01310,0.01805,-0.03789,0.99903,0.01312,-0.00337,0.00004,0.99991,0.02608,0.01418,-0.03812,0.99883,1.00,0.01308,-0.03044,0.00040,0.99945,0.02501,-0.01287,-0.03811,0.99888,1.00
20607,0.01305,0.01799,-0.03792,0.99903,0.01353,-0.00345,0.00005,0.99990,0.02644,0.01402,-0.03816,0.99882,1.00,0.01349,-0.03051,0.00041,0.99944,0.02537,-0.01303,-0.03813,0.99887,1.00
20618,0.01310,0.01794,-0.03788,0.99904,0.01333,-0.00248,0.00003,0.99991,0.02632,0.01496,-0.03811,0.99881,1.00,0.01329,-0.02955,0.00039,0.99947,0.02526,-0.01209,-0.03809,0.99888,1.00
20629,0.01314,0.01784,-0.03783,0.99904,0.01329,-0.00239,0.00003,0.99991,0.02632,0.01495,-0.03807,0.99882,1.00,0.01325,-0.02945,0.00039,0.99948,0.02526,-0.01210,-0.03805,0.99888,1.00
20640,0.01320,0.01768,-0.03765,0.99905,0.01315,-0.00231,0.00003,0.99991,0.02626,0.01487,-0.03788,0.99883,1.00,0.01311,-0.02937,0.00039,0.99948,0.02519,-0.01218,-0.03787,0.99889,1.00
20652,0.01321,0.01761,-0.03766,0.99905,0.01377,-0.00280,0.00004,0.99990,0.02687,0.01428,-0.03790,0.99882,1.00,0.01373,-0.02987,0.00041,0.99946,0.02580,-0.01277,-0.03787,0.99887,1.00
20662,0.01317,0.01743,-0.03763,0.99905,0.01381,-0.00262,0.00004,0.99990,0.02687,0.01428,-0.03786,0.99882,1.00,0.01376,-0.02969,0.00041,0.99946,0.02580,-0.01277,-0.03783,0.99887,1.00
20674,0.01313,0.01726,-0.03761,0.99906,0.01386,-0.00260,0.00004,0.99990,0.02688,0.01415,-0.03785,0.99882,1.00,0.01381,-0.02966,0.00041,0.99946,0.02582,-0.01290,-0.03781,0.99887,1.00
20685,0.01322,0.01709,-0.03759,0.99906,0.01450,-0.00343,0.00005,0.99989,0.02758,0.01311,-0.03783,0.99882,1.00,0.01446,-0.03049,0.00044,0.99943,0.02652,-0.01394,-0.03778,0.99884,1.00
20696,0.01322,0.01687,-0.03750,0.99907,0.01449,-0.00322,0.00005,0.99989,0.02758,0.01311,-0.03773,0.99882,1.00,0.01444,-0.03028,0.00044,0.99944,0.02652,-0.01394,-0.03768,0.99884,1.00
20707,0.01299,0.01663,-0.03739,0.99908,0.01472,-0.00121,0.00002,0.99989,0.02765,0.01487,-0.03763,0.99880,1.00,0.01467,-0.02828,0.00042,0.99949,0.02659,-0.01218,-0.03757,0.99887,1.00
20718,0.01280,0.01640,-0.03728,0.99909,0.01381,-0.00100,0.00001,0.99990,0.02656,0.01489,-0.03750,0.99883,1.00,0.01376,-0.02807,0.00039,0.99951,0.02550,-0.01217,-0.03746,0.99890,1.00
20729,0.01270,0.01629,-0.03735,0.99909,0.01390,-0.00088,0.00001,0.99990,0.02656,0.01489,-0.03757,0.99883,1.00,0.01386,-0.02795,0.00039,0.99951,0.02550,-0.01216,-0.03752,0.99890,1.00
20740,0.01275,0.01620,-0.03739,0.99909,0.01355,-0.00087,0.00001,0.99991,0.02625,0.01483,-0.03761,0.99884,1.00,0.01352,-0.02794,0.00038,0.99952,0.02521,-0.01223,-0.03757,0.99890,1.00
20752,0.01276,0.01626,-0.03748,0.99908,0.01361,0.00019,0.00000,0.99991,0.02636,0.01593,-0.03770,0.99881,1.00,0.01359,-0.02688,0.00037,0.99955,0.02533,-0.01112,-0.03766,0.99891,1.00
20763,0.01274,0.01622,-0.03737,0.99909,0.01363,0.00023,0.00000,0.99991,0.02637,0.01593,-0.03759,0.99882,1.00,0.01360,-0.02685,0.00037,0.99955,0.02533,-0.01112,-0.03755,0.99891,1.00
20774,0.01273,0.01636,-0.03734,0.99909,0.01448,0.00097,-0.00001,0.99989,0.02723,0.01679,-0.03757,0.99878,1.00,0.01445,-0.02610,0.00038,0.99955,0.02620,-0.01026,-0.03751,0.99890,1.00
20785,0.01259,0.01657,-0.03731,0.99909,0.01459,0.00068,-0.00001,0.99989,0.02719,0.01671,-0.03755,0.99879,1.00,0.01456,-0.02639,0.00038,0.99955,0.02615,-0.01035,-0.03748,0.99890,1.00
20797,0.01229,0.01697,-0.03728,0.99909,0.01366,-0.00444,0.00006,0.99990,0.02577,0.01202,-0.03750,0.99889,1.00,0.01362,-0.03150,0.00043,0.99941,0.02472,-0.01502,-0.03745,0.99888,1.00
20808,0.01203,0.01727,-0.03711,0.99909,0.01393,-0.00474,0.00007,0.99989,0.02577,0.01202,-0.03734,0.99890,1.00,0.01388,-0.03180,0.00044,0.99940,0.02472,-0.01503,-0.03727,0.99889,1.00
20819,0.01162,0.01765,-0.03705,0.99909,0.01369,-0.00491,0.00007,0.99989,0.02512,0.01224,-0.03728,0.99891,1.00,0.01365,-0.03197,0.00044,0.99940,0.02407,-0.01481,-0.03720,0.99891,1.00
20830,0.01135,0.01798,-0.03700,0.99909,0.01417,0.00065,-0.00001,0.99990,0.02552,0.01810,-0.03725,0.99882,1.00,0.01413,-0.02643,0.00037,0.99955,0.02449,-0.00896,-0.03716,0.99897,1.00
20843,0.01116,0.01831,-0.03696,0.99909,0.01437,0.00033,0.00000,0.99990,0.02552,0.01810,-0.03722,0.99882,1.00,0.01433,-0.02675,0.00038,0.99954,0.02449,-0.00896,-0.03712,0.99897,1.00
20853,0.01105,0.01861,-0.03697,0.99908,0.01402,0.00319,-0.00004,0.99990,0.02517,0.02128,-0.03724,0.99876,1.00,0.01400,-0.02389,0.00033,0.99962,0.02415,-0.00578,-0.03715,0.99900,1.00
20863,0.01102,0.01882,-0.03706,0.99908,0.01420,0.00175,-0.00002,0.99990,0.02527,0.02004,-0.03733,0.99878,1.00,0.01418,-0.02532,0.00036,0.99958,0.02425,-0.00702,-0.03723,0.99899,1.00
20876,0.01106,0.01910,-0.03720,0.99906,0.01417,0.00147,-0.00002,0.99990,0.02527,0.02004,-0.03747,0.99878,1.00,0.01416,-0.02561,0.00036,0.99957,0.02426,-0.00702,-0.03737,0.99898,1.00
20887,0.01115,0.01929,-0.03734,0.99905,0.01329,0.00172,-0.00002,0.99991,0.02449,0.02051,-0.03760,0.99878,1.00,0.01329,-0.02535,0.00034,0.99959,0.02348,-0.00655,-0.03753,0.99900,1.00
20898,0.01125,0.01941,-0.03748,0.99905,0.01380,0.00178,-0.00002,0.99990,0.02510,0.02067,-0.03775,0.99876,1.00,0.01380,-0.02530,0.00035,0.99958,0.02409,-0.00639,-0.03767,0.99898,1.00
20910,0.01143,0.01955,-0.03752,0.99904,0.01362,0.00163,-0.00002,0.99991,0.02510,0.02067,-0.03779,0.99876,1.00,0.01362,-0.02544,0.00035,0.99958,0.02409,-0.00639,-0.03772,0.99898,1.00
20920,0.01149,0.01965,-0.03764,0.99903,0.01362,0.00152,-0.00002,0.99991,0.02515,0.02066,-0.03791,0.99875,1.00,0.01362,-0.02555,0.00035,0.99958,0.02413,-0.00640,-0.03784,0.99897,1.00
20931,0.01155,0.01970,-0.03774,0.99903,0.01356,0.00147,-0.00002,0.99991,0.02515,0.02066,-0.03801,0.99875,1.00,0.01356,-0.02560,0.00035,0.99958,0.02414,-0.00640,-0.03794,0.99897,1.00
20943,0.01152,0.01970,-0.03779,0.99903,0.01376,0.00174,-0.00002,0.99990,0.02533,0.02092,-0.03806,0.99874,1.00,0.01376,-0.02534,0.00035,0.99958,0.02431,-0.00614,-0.03799,0.99896,1.00
20953,0.01158,0.01974,-0.03781,0.99902,0.01373,0.00092,-0.00001,0.99991,0.02533,0.02014,-0.03808,0.99875,1.00,0.01372,-0.02615,0.00036,0.99956,0.02431,-0.00692,-0.03801,0.99896,1.00
20964,0.01167,0.01971,-0.03780,0.99902,0.01379,-0.00171,0.00002,0.99990,0.02539,0.01747,-0.03806,0.99880,1.00,0.01377,-0.02878,0.00040,0.99949,0.02434,-0.00958,-0.03799,0.99894,1.00
20976,0.01178,0.01968,-0.03777,0.99902,0.01368,-0.00169,0.00002,0.99990,0.02539,0.01747,-0.03804,0.99880,1.00,0.01366,-0.02876,0.00039,0.99949,0.02434,-0.00958,-0.03797,0.99894,1.00
20987,0.01189,0.01959,-0.03770,0.99903,0.01301,-0.00024,0.00000,0.99992,0.02488,0.01886,-0.03795,0.99879,1.00,0.01299,-0.02731,0.00035,0.99954,0.02384,-0.00820,-0.03790,0.99896,1.00
20997,0.01198,0.01954,-0.03761,0.99903,0.01258,-0.00146,0.00002,0.99992,0.02449,0.01761,-0.03785,0.99883,1.00,0.01255,-0.02852,0.00036,0.99951,0.02344,-0.00944,-0.03782,0.99896,1.00
21011,0.01205,0.01945,-0.03753,0.99903,0.01250,-0.00137,0.00002,0.99992,0.02449,0.01761,-0.03777,0.99883,1.00,0.01246,-0.02844,0.00035,0.99952,0.02344,-0.00944,-0.03774,0.99897,1.00
21021,0.01211,0.01938,-0.03741,0.99904,0.01193,-0.00009,0.00000,0.99993,0.02402,0.01885,-0.03764,0.99882,1.00,0.01189,-0.02715,0.00032,0.99956,0.02298,-0.00820,-0.03763,0.99899,1.00
21031,0.01211,0.01925,-0.03721,0.99905,0.01264,-0.00128,0.00002,0.99992,0.02468,0.01750,-0.03745,0.99884,1.00,0.01259,-0.02835,0.00036,0.99952,0.02363,-0.00956,-0.03742,0.99897,1.00
21044,0.01205,0.01922,-0.03710,0.99905,0.01270,-0.00125,0.00002,0.99992,0.02469,0.01749,-0.03734,0.99884,1.00,0.01264,-0.02832,0.00036,0.99952,0.02363,-0.00956,-0.03731,0.99898,1.00
21054,0.01204,0.01906,-0.03692,0.99906,0.01279,0.00188,-0.00002,0.99992,0.02488,0.02046,-0.03716,0.99879,1.00,0.01274,-0.02520,0.00032,0.99960,0.02384,-0.00660,-0.03713,0.99900,1.00
21064,0.01192,0.01901,-0.03692,0.99907,0.01293,0.00039,-0.00001,0.99992,0.02485,0.01892,-0.03716,0.99882,1.00,0.01289,-0.02668,0.00034,0.99956,0.02381,-0.00813,-0.03712,0.99899,1.00
21076,0.01170,0.01892,-0.03690,0.99907,0.01315,0.00048,-0.00001,0.99991,0.02485,0.01892,-0.03714,0.99882,1.00,0.01310,-0.02659,0.00035,0.99956,0.02381,-0.00813,-0.03709,0.99900,1.00
21087,0.01140,0.01878,-0.03691,0.99908,0.01238,0.00052,-0.00001,0.99992,0.02378,0.01884,-0.03714,0.99885,1.00,0.01234,-0.02655,0.00033,0.99957,0.02275,-0.00822,-0.03710,0.99902,1.00
21097,0.01117,0.01867,-0.03691,0.99908,0.01245,-0.00100,0.00001,0.99992,0.02357,0.01721,-0.03714,0.99888,1.00,0.01242,-0.02807,0.00035,0.99953,0.02255,-0.00985,-0.03709,0.99901,1.00
21109,0.01116,0.01859,-0.03705,0.99908,0.01246,-0.00091,0.00001,0.99992,0.02357,0.01721,-0.03728,0.99888,1.00,0.01244,-0.02798,0.00035,0.99953,0.02255,-0.00984,-0.03723,0.99900,1.00
21120,0.01114,0.01852,-0.03718,0.99907,0.01332,-0.00101,0.00001,0.99991,0.02441,0.01702,-0.03742,0.99886,1.00,0.01330,-0.02808,0.00037,0.99952,0.02339,-0.01003,-0.03734,0.99898,1.00
21131,0.01122,0.01843,-0.03717,0.99908,0.01323,-0.00092,0.00001,0.99991,0.02441,0.01702,-0.03741,0.99886,1.00,0.01322,-0.02799,0.00037,0.99952,0.02339,-0.01003,-0.03734,0.99898,1.00
21144,0.01115,0.01844,-0.03721,0.99908,0.01370,0.00092,-0.00001,0.99991,0.02487,0.01885,-0.03746,0.99881,1.00,0.01369,-0.02615,0.00036,0.99956,0.02385,-0.00820,-0.03738,0.99898,1.00
21154,0.01120,0.01843,-0.03719,0.99908,0.01485,0.00162,-0.00002,0.99989,0.02609,0.01949,-0.03746,0.99877,1.00,0.01483,-0.02545,0.00038,0.99957,0.02507,-0.00757,-0.03735,0.99896,1.00
21165,0.01123,0.01849,-0.03720,0.99907,0.01478,0.00339,-0.00005,0.99989,0.02612,0.02132,-0.03748,0.99873,1.00,0.01476,-0.02369,0.00035,0.99961,0.02510,-0.00574,-0.03738,0.99897,1.00
21176,0.01123,0.01854,-0.03722,0.99907,0.01478,0.00334,-0.00005,0.99989,0.02612,0.02132,-0.03751,0.99873,1.00,0.01476,-0.02374,0.00035,0.99961,0.02510,-0.00574,-0.03740,0.99897,1.00
21187,0.01123,0.01862,-0.03723,0.99907,0.01478,0.00323,-0.00005,0.99989,0.02612,0.02129,-0.03751,0.99873,1.00,0.01476,-0.02385,0.00035,0.99961,0.02510,-0.00577,-0.03741,0.99897,1.00
21198,0.01127,0.01864,-0.03721,0.99907,0.01397,-0.00067,0.00001,0.99990,0.02520,0.01744,-0.03746,0.99883,1.00,0.01394,-0.02774,0.00039,0.99952,0.02417,-0.00961,-0.03737,0.99896,1.00
21210,0.01133,0.01861,-0.03717,0.99907,0.01391,-0.00065,0.00001,0.99990,0.02520,0.01744,-0.03742,0.99883,1.00,0.01389,-0.02772,0.00039,0.99952,0.02417,-0.00962,-0.03734,0.99896,1.00
21220,0.01142,0.01858,-0.03714,0.99907,0.01300,-0.00209,0.00003,0.99991,0.02433,0.01601,-0.03737,0.99888,1.00,0.01297,-0.02916,0.00038,0.99949,0.02329,-0.01104,-0.03731,0.99897,1.00
21231,0.01151,0.01852,-0.03712,0.99907,0.01296,-0.00221,0.00003,0.99991,0.02437,0.01582,-0.03735,0.99888,1.00,0.01292,-0.02928,0.00038,0.99949,0.02333,-0.01123,-0.03730,0.99897,1.00
21243,0.01156,0.01839,-0.03711,0.99908,0.01290,-0.00208,0.00003,0.99991,0.02437,0.01582,-0.03735,0.99888,1.00,0.01287,-0.02915,0.00038,0.99949,0.02333,-0.01123,-0.03729,0.99897,1.00
21254,0.01160,0.01823,-0.03714,0.99908,0.00969,-0.00244,0.00002,0.99995,0.02118,0.01544,-0.03732,0.99896,1.00,0.00967,-0.02950,0.00029,0.99952,0.02016,-0.01161,-0.03736,0.99903,1.00
21264,0.01165,0.01800,-0.03711,0.99908,0.01091,-0.00230,0.00003,0.99994,0.02246,0.01530,-0.03730,0.99893,1.00,0.01088,-0.02937,0.00032,0.99951,0.02143,-0.01175,-0.03731,0.99901,1.00
21276,0.01164,0.01775,-0.03702,0.99909,0.01091,-0.00205,0.00002,0.99994,0.02246,0.01530,-0.03722,0.99894,1.00,0.01088,-0.02912,0.00032,0.99952,0.02143,-0.01175,-0.03722,0.99901,1.00
21287,0.01153,0.01751,-0.03707,0.99909,0.00999,-0.00093,0.00001,0.99995,0.02147,0.01621,-0.03725,0.99894,1.00,0.00997,-0.02799,0.00028,0.99956,0.02045,-0.01083,-0.03728,0.99904,1.00
21298,0.01149,0.01728,-0.03713,0.99909,0.01054,-0.00094,0.00001,0.99994,0.02198,0.01595,-0.03731,0.99893,1.00,0.01052,-0.02800,0.00029,0.99955,0.02096,-0.01110,-0.03732,0.99902,1.00
21310,0.01138,0.01715,-0.03744,0.99909,0.01063,-0.00079,0.00001,0.99994,0.02198,0.01596,-0.03762,0.99892,1.00,0.01063,-0.02785,0.00030,0.99956,0.02096,-0.01109,-0.03763,0.99901,1.00
21321,0.01125,0.01698,-0.03759,0.99909,0.01074,-0.00244,0.00003,0.99994,0.02189,0.01413,-0.03777,0.99895,1.00,0.01074,-0.02950,0.00032,0.99951,0.02088,-0.01292,-0.03777,0.99899,1.00
21332,0.01109,0.01683,-0.03760,0.99909,0.01413,-0.00313,0.00004,0.99990,0.02509,0.01317,-0.03782,0.99888,1.00,0.01411,-0.03020,0.00043,0.99944,0.02406,-0.01388,-0.03772,0.99890,1.00
21343,0.01093,0.01671,-0.03756,0.99909,0.01429,-0.00300,0.00004,0.99989,0.02509,0.01317,-0.03779,0.99888,1.00,0.01427,-0.03007,0.00043,0.99945,0.02406,-0.01388,-0.03768,0.99890,1.00
21354,0.01076,0.01664,-0.03759,0.99910,0.01433,-0.00267,0.00004,0.99989,0.02497,0.01344,-0.03781,0.99888,1.00,0.01431,-0.02973,0.00043,0.99946,0.02394,-0.01361,-0.03770,0.99891,1.00
21365,0.01063,0.01661,-0.03757,0.99910,0.01270,-0.00341,0.00004,0.99991,0.02319,0.01272,-0.03777,0.99894,1.00,0.01267,-0.03048,0.00039,0.99946,0.02214,-0.01433,-0.03770,0.99894,1.00
21377,0.01051,0.01660,-0.03766,0.99910,0.01281,-0.00339,0.00004,0.99991,0.02318,0.01273,-0.03787,0.99893,1.00,0.01279,-0.03045,0.00039,0.99945,0.02215,-0.01432,-0.03779,0.99894,1.00
21387,0.01043,0.01656,-0.03776,0.99910,0.01269,-0.00379,0.00005,0.99991,0.02296,0.01229,-0.03796,0.99894,1.00,0.01267,-0.03085,0.00039,0.99944,0.02192,-0.01476,-0.03788,0.99893,1.00
21398,0.01045,0.01653,-0.03780,0.99909,0.01274,-0.00686,0.00009,0.99990,0.02291,0.00919,-0.03799,0.99897,1.00,0.01271,-0.03392,0.00043,0.99934,0.02187,-0.01785,-0.03791,0.99888,1.00
21410,0.01042,0.01647,-0.03782,0.99909,0.01276,-0.00680,0.00009,0.99990,0.02291,0.00919,-0.03801,0.99897,1.00,0.01274,-0.03385,0.00043,0.99935,0.02187,-0.01785,-0.03792,0.99888,1.00
21421,0.01043,0.01638,-0.03781,0.99910,0.01322,-0.00701,0.00009,0.99989,0.02337,0.00887,-0.03800,0.99897,1.00,0.01319,-0.03406,0.00045,0.99933,0.02232,-0.01817,-0.03791,0.99887,1.00
21431,0.01046,0.01630,-0.03785,0.99910,0.01293,-0.00701,0.00009,0.99989,0.02312,0.00880,-0.03804,0.99897,1.00,0.01290,-0.03407,0.00044,0.99934,0.02206,-0.01824,-0.03796,0.99887,1.00
21443,0.01046,0.01622,-0.03787,0.99910,0.01293,-0.00693,0.00009,0.99989,0.02312,0.00880,-0.03806,0.99897,1.00,0.01290,-0.03398,0.00044,0.99934,0.02206,-0.01824,-0.03798,0.99887,1.00
21454,0.01048,0.01613,-0.03800,0.99909,0.01287,-0.00590,0.00008,0.99990,0.02312,0.00974,-0.03819,0.99896,1.00,0.01285,-0.03296,0.00042,0.99937,0.02207,-0.01730,-0.03811,0.99888,1.00
21465,0.01047,0.01601,-0.03815,0.99909,0.01288,-0.00521,0.00007,0.99990,0.02313,0.01031,-0.03834,0.99894,1.00,0.01286,-0.03227,0.00042,0.99940,0.02208,-0.01673,-0.03825,0.99888,1.00
21477,0.01054,0.01597,-0.03826,0.99908,0.01280,-0.00517,0.00007,0.99990,0.02313,0.01031,-0.03845,0.99894,1.00,0.01279,-0.03223,0.00041,0.99940,0.02209,-0.01673,-0.03837,0.99888,1.00
21488,0.01059,0.01589,-0.03832,0.99908,0.01235,-0.00522,0.00006,0.99991,0.02272,0.01020,-0.03851,0.99895,1.00,0.01233,-0.03228,0.00040,0.99940,0.02167,-0.01684,-0.03844,0.99888,1.00
21499,0.01065,0.01581,-0.03840,0.99908,0.01231,-0.00526,0.00006,0.99991,0.02275,0.01008,-0.03858,0.99895,1.00,0.01230,-0.03232,0.00040,0.99940,0.02169,-0.01697,-0.03851,0.99888,1.00
21510,0.01070,0.01578,-0.03847,0.99908,0.01226,-0.00523,0.00006,0.99991,0.02275,0.01008,-0.03865,0.99894,1.00,0.01225,-0.03229,0.00040,0.99940,0.02169,-0.01696,-0.03859,0.99888,1.00
21520,0.01079,0.01573,-0.03849,0.99908,0.01195,-0.00515,0.00006,0.99992,0.02253,0.01012,-0.03867,0.99895,1.00,0.01194,-0.03221,0.00038,0.99941,0.02147,-0.01692,-0.03862,0.99888,1.00
21532,0.01084,0.01575,-0.03856,0.99907,0.01199,-0.00523,0.00006,0.99991,0.02261,0.01006,-0.03874,0.99894,1.00,0.01197,-0.03229,0.00039,0.99941,0.02155,-0.01699,-0.03869,0.99887,1.00
21543,0.01092,0.01576,-0.03855,0.99907,0.01191,-0.00524,0.00006,0.99992,0.02261,0.01006,-0.03873,0.99894,1.00,0.01189,-0.03230,0.00038,0.99941,0.02155,-0.01699,-0.03868,0.99887,1.00
21554,0.01101,0.01580,-0.03851,0.99907,0.01211,-0.00535,0.00006,0.99991,0.02290,0.00999,-0.03869,0.99894,1.00,0.01208,-0.03241,0.00039,0.99940,0.02183,-0.01706,-0.03864,0.99887,1.00
21565,0.01107,0.01585,-0.03847,0.99907,0.01215,-0.00506,0.00006,0.99991,0.02301,0.01032,-0.03866,0.99893,1.00,0.01212,-0.03212,0.00039,0.99941,0.02194,-0.01672,-0.03861,0.99887,1.00
21577,0.01110,0.01591,-0.03845,0.99907,0.01211,-0.00512,0.00006,0.99991,0.02301,0.01032,-0.03863,0.99894,1.00,0.01208,-0.03218,0.00039,0.99941,0.02194,-0.01672,-0.03859,0.99887,1.00
21587,0.01120,0.01598,-0.03846,0.99907,0.01195,-0.00518,0.00006,0.99992,0.02294,0.01035,-0.03864,0.99894,1.00,0.01192,-0.03224,0.00038,0.99941,0.02187,-0.01670,-0.03860,0.99888,1.00
21598,0.01126,0.01599,-0.03844,0.99907,0.01198,-0.00514,0.00006,0.99992,0.02304,0.01039,-0.03862,0.99893,1.00,0.01195,-0.03220,0.00039,0.99941,0.02196,-0.01665,-0.03858,0.99888,1.00
21610,0.01132,0.01602,-0.03835,0.99907,0.01192,-0.00517,0.00006,0.99992,0.02304,0.01039,-0.03853,0.99894,1.00,0.01189,-0.03223,0.00038,0.99941,0.02196,-0.01665,-0.03850,0.99888,1.00
21620,0.01145,0.01602,-0.03824,0.99907,0.01245,-0.00501,0.00006,0.99991,0.02369,0.01053,-0.03844,0.99892,1.00,0.01241,-0.03207,0.00040,0.99941,0.02262,-0.01651,-0.03839,0.99887,1.00
21631,0.01163,0.01608,-0.03821,0.99907,0.01425,-0.00643,0.00009,0.99988,0.02563,0.00911,-0.03842,0.99889,1.00,0.01421,-0.03349,0.00048,0.99934,0.02455,-0.01794,-0.03833,0.99880,1.00
21643,0.01176,0.01609,-0.03823,0.99907,0.01413,-0.00645,0.00009,0.99988,0.02563,0.00911,-0.03843,0.99889,1.00,0.01408,-0.03350,0.00047,0.99934,0.02455,-0.01794,-0.03835,0.99880,1.00
21654,0.01173,0.01613,-0.03829,0.99907,0.01439,-0.00503,0.00007,0.99988,0.02591,0.01056,-0.03850,0.99887,1.00,0.01435,-0.03209,0.00046,0.99938,0.02484,-0.01649,-0.03841,0.99882,1.00
21665,0.01165,0.01617,-0.03838,0.99906,0.01462,-0.00289,0.00004,0.99989,0.02614,0.01272,-0.03861,0.99883,1.00,0.01459,-0.02996,0.00044,0.99944,0.02507,-0.01433,-0.03851,0.99884,1.00
21677,0.01158,0.01622,-0.03852,0.99906,0.01468,-0.00293,0.00004,0.99989,0.02614,0.01272,-0.03875,0.99883,1.00,0.01466,-0.03000,0.00044,0.99944,0.02508,-0.01433,-0.03865,0.99884,1.00
21687,0.01155,0.01626,-0.03859,0.99906,0.01406,-0.00293,0.00004,0.99990,0.02548,0.01279,-0.03880,0.99884,1.00,0.01404,-0.02999,0.00042,0.99945,0.02442,-0.01426,-0.03872,0.99885,1.00
21698,0.01153,0.01631,-0.03863,0.99905,0.01198,-0.00395,0.00005,0.99992,0.02334,0.01189,-0.03882,0.99890,1.00,0.01196,-0.03102,0.00037,0.99945,0.02228,-0.01516,-0.03879,0.99888,1.00
21710,0.01145,0.01634,-0.03847,0.99906,0.01205,-0.00399,0.00005,0.99992,0.02334,0.01189,-0.03867,0.99891,1.00,0.01203,-0.03105,0.00037,0.99945,0.02227,-0.01516,-0.03863,0.99889,1.00
21720,0.01141,0.01635,-0.03826,0.99907,0.01174,-0.00567,0.00007,0.99992,0.02293,0.01024,-0.03845,0.99895,1.00,0.01170,-0.03272,0.00038,0.99940,0.02185,-0.01680,-0.03842,0.99888,1.00
21731,0.01143,0.01639,-0.03803,0.99908,0.01173,-0.00571,0.00007,0.99991,0.02293,0.01023,-0.03822,0.99895,1.00,0.01167,-0.03277,0.00038,0.99939,0.02185,-0.01681,-0.03819,0.99889,1.00
21743,0.01154,0.01640,-0.03789,0.99908,0.01112,-0.00571,0.00006,0.99992,0.02244,0.01027,-0.03808,0.99897,1.00,0.01106,-0.03276,0.00036,0.99940,0.02135,-0.01677,-0.03807,0.99891,1.00
21753,0.01158,0.01637,-0.03778,0.99908,0.01105,-0.00563,0.00006,0.99992,0.02240,0.01032,-0.03796,0.99897,1.00,0.01099,-0.03269,0.00036,0.99941,0.02132,-0.01672,-0.03796,0.99891,1.00
21765,0.01167,0.01623,-0.03760,0.99909,0.01117,-0.00521,0.00006,0.99992,0.02263,0.01061,-0.03779,0.99897,1.00,0.01111,-0.03226,0.00036,0.99942,0.02155,-0.01643,-0.03778,0.99892,1.00
21777,0.01174,0.01609,-0.03738,0.99910,0.01109,-0.00508,0.00006,0.99993,0.02263,0.01060,-0.03756,0.99898,1.00,0.01102,-0.03214,0.00035,0.99942,0.02155,-0.01644,-0.03756,0.99893,1.00
21787,0.01181,0.01590,-0.03710,0.99912,0.01199,-0.00407,0.00005,0.99992,0.02364,0.01139,-0.03729,0.99896,1.00,0.01192,-0.03113,0.00037,0.99944,0.02256,-0.01565,-0.03727,0.99893,1.00
21798,0.01190,0.01569,-0.03697,0.99912,0.01198,-0.00395,0.00005,0.99992,0.02372,0.01129,-0.03716,0.99896,1.00,0.01191,-0.03101,0.00037,0.99945,0.02265,-0.01575,-0.03714,0.99893,1.00
21810,0.01192,0.01549,-0.03684,0.99913,0.01195,-0.00376,0.00004,0.99992,0.02372,0.01129,-0.03702,0.99897,1.00,0.01188,-0.03082,0.00037,0.99945,0.02265,-0.01575,-0.03700,0.99893,1.00
21820,0.01192,0.01529,-0.03685,0.99913,0.01205,-0.00374,0.00005,0.99992,0.02382,0.01111,-0.03703,0.99897,1.00,0.01199,-0.03080,0.00037,0.99945,0.02277,-0.01593,-0.03701,0.99893,1.00
21831,0.01188,0.01502,-0.03679,0.99914,0.01226,0.00579,-0.00007,0.99991,0.02434,0.02035,-0.03698,0.99881,1.00,0.01223,-0.02129,0.00026,0.99970,0.02331,-0.00671,-0.03696,0.99902,1.00
21843,0.01191,0.01479,-0.03671,0.99915,0.01222,0.00601,-0.00007,0.99991,0.02434,0.02035,-0.03689,0.99882,1.00,0.01218,-0.02107,0.00026,0.99970,0.02331,-0.00671,-0.03687,0.99903,1.00
21854,0.01167,0.01466,-0.03662,0.99915,0.01251,0.00587,-0.00007,0.99990,0.02438,0.02006,-0.03681,0.99882,1.00,0.01248,-0.02121,0.00026,0.99970,0.02335,-0.00700,-0.03678,0.99903,1.00
21865,0.01158,0.01446,-0.03664,0.99916,0.01251,0.00615,-0.00008,0.99990,0.02430,0.02015,-0.03682,0.99882,1.00,0.01249,-0.02093,0.00026,0.99970,0.02329,-0.00691,-0.03679,0.99903,1.00
21875,0.01147,0.01437,-0.03680,0.99915,0.01261,0.00625,-0.00008,0.99990,0.02430,0.02015,-0.03699,0.99882,1.00,0.01260,-0.02082,0.00026,0.99970,0.02329,-0.00691,-0.03695,0.99902,1.00
21887,0.01141,0.01437,-0.03698,0.99915,0.01259,0.00561,-0.00007,0.99991,0.02419,0.01951,-0.03717,0.99883,1.00,0.01258,-0.02146,0.00027,0.99969,0.02319,-0.00755,-0.03713,0.99901,1.00
21897,0.01127,0.01430,-0.03701,0.99915,0.01260,0.00610,-0.00008,0.99990,0.02409,0.01993,-0.03720,0.99882,1.00,0.01260,-0.02097,0.00026,0.99970,0.02309,-0.00713,-0.03715,0.99902,1.00
21909,0.01119,0.01431,-0.03690,0.99915,0.01269,0.00610,-0.00008,0.99990,0.02409,0.01993,-0.03708,0.99882,1.00,0.01268,-0.02098,0.00027,0.99970,0.02309,-0.00713,-0.03704,0.99902,1.00
21921,0.01112,0.01429,-0.03689,0.99916,0.01501,0.00588,-0.00009,0.99987,0.02633,0.01961,-0.03712,0.99877,1.00,0.01499,-0.02120,0.00032,0.99966,0.02532,-0.00745,-0.03701,0.99897,1.00
21932,0.01114,0.01431,-0.03678,0.99916,0.01499,0.00586,-0.00009,0.99987,0.02633,0.01961,-0.03701,0.99878,1.00,0.01497,-0.02122,0.00032,0.99966,0.02532,-0.00746,-0.03690,0.99897,1.00
21944,0.01113,0.01439,-0.03674,0.99916,0.01401,0.00567,-0.00008,0.99989,0.02533,0.01954,-0.03695,0.99880,1.00,0.01398,-0.02141,0.00030,0.99967,0.02432,-0.00753,-0.03687,0.99900,1.00
21954,0.01111,0.01445,-0.03672,0.99916,0.01394,0.00557,-0.00008,0.99989,0.02523,0.01950,-0.03693,0.99881,1.00,0.01391,-0.02151,0.00030,0.99967,0.02422,-0.00756,-0.03685,0.99900,1.00
21964,0.01112,0.01447,-0.03668,0.99916,0.01339,0.00630,-0.00008,0.99989,0.02473,0.02028,-0.03688,0.99881,1.00,0.01337,-0.02078,0.00028,0.99969,0.02372,-0.00678,-0.03681,0.99902,1.00
21976,0.01103,0.01444,-0.03657,0.99917,0.01348,0.00633,-0.00009,0.99989,0.02473,0.02028,-0.03678,0.99881,1.00,0.01345,-0.02075,0.00028,0.99969,0.02372,-0.00678,-0.03670,0.99902,1.00
21987,0.01093,0.01441,-0.03644,0.99917,0.01276,0.00640,-0.00008,0.99990,0.02390,0.02034,-0.03663,0.99884,1.00,0.01273,-0.02067,0.00026,0.99971,0.02289,-0.00672,-0.03658,0.99905,1.00
21998,0.01087,0.01437,-0.03635,0.99918,0.01353,0.00646,-0.00009,0.99989,0.02462,0.02033,-0.03656,0.99882,1.00,0.01350,-0.02062,0.00028,0.99970,0.02361,-0.00673,-0.03648,0.99903,1.00
22010,0.01082,0.01427,-0.03627,0.99918,0.01358,0.00656,-0.00009,0.99989,0.02462,0.02033,-0.03648,0.99882,1.00,0.01354,-0.02052,0.00028,0.99970,0.02361,-0.00674,-0.03640,0.99904,1.00
22020,0.01079,0.01408,-0.03624,0.99919,0.01264,0.00512,-0.00006,0.99991,0.02360,0.01874,-0.03642,0.99888,1.00,0.01261,-0.02196,0.00028,0.99968,0.02259,-0.00832,-0.03636,0.99905,1.00
22031,0.01092,0.01391,-0.03620,0.99919,0.01231,0.00520,-0.00006,0.99991,0.02341,0.01866,-0.03637,0.99889,1.00,0.01228,-0.02187,0.00027,0.99969,0.02240,-0.00840,-0.03633,0.99905,1.00
22043,0.01091,0.01373,-0.03626,0.99919,0.01232,0.00538,-0.00007,0.99991,0.02340,0.01866,-0.03643,0.99889,1.00,0.01229,-0.02170,0.00027,0.99969,0.02240,-0.00840,-0.03639,0.99905,1.00
22054,0.01086,0.01350,-0.03618,0.99920,0.01233,0.00547,-0.00007,0.99991,0.02337,0.01851,-0.03635,0.99889,1.00,0.01231,-0.02161,0.00027,0.99969,0.02237,-0.00855,-0.03630,0.99905,1.00
22065,0.01072,0.01330,-0.03626,0.99920,0.01361,0.00762,-0.00010,0.99988,0.02460,0.02042,-0.03646,0.99882,1.00,0.01360,-0.01946,0.00026,0.99972,0.02361,-0.00664,-0.03638,0.99904,1.00
22076,0.01044,0.01303,-0.03626,0.99920,0.01389,0.00790,-0.00011,0.99987,0.02460,0.02042,-0.03647,0.99882,1.00,0.01388,-0.01918,0.00027,0.99972,0.02361,-0.00664,-0.03637,0.99904,1.00
22088,0.01027,0.01282,-0.03634,0.99920,0.01400,0.00787,-0.00011,0.99987,0.02454,0.02017,-0.03654,0.99883,1.00,0.01400,-0.01921,0.00027,0.99972,0.02356,-0.00689,-0.03644,0.99903,1.00
22099,0.01018,0.01258,-0.03639,0.99921,0.01327,0.00787,-0.00010,0.99988,0.02373,0.01996,-0.03658,0.99885,1.00,0.01327,-0.01921,0.00025,0.99973,0.02274,-0.00711,-0.03649,0.99905,1.00
22109,0.01025,0.01242,-0.03643,0.99921,0.01320,0.00802,-0.00011,0.99988,0.02373,0.01996,-0.03662,0.99885,1.00,0.01319,-0.01906,0.00025,0.99973,0.02274,-0.00711,-0.03653,0.99905,1.00
22120,0.01027,0.01227,-0.03637,0.99921,0.01252,0.00846,-0.00011,0.99989,0.02308,0.02026,-0.03654,0.99886,1.00,0.01251,-0.01862,0.00023,0.99975,0.02209,-0.00680,-0.03647,0.99907,1.00
22132,0.01028,0.01225,-0.03633,0.99921,0.01241,0.00815,-0.00010,0.99989,0.02297,0.01995,-0.03649,0.99887,1.00,0.01240,-0.01893,0.00023,0.99974,0.02198,-0.00712,-0.03643,0.99907,1.00
22144,0.01026,0.01223,-0.03634,0.99921,0.01242,0.00817,-0.00010,0.99989,0.02297,0.01995,-0.03650,0.99887,1.00,0.01241,-0.01891,0.00023,0.99974,0.02198,-0.00712,-0.03644,0.99907,1.00
22154,0.01018,0.01237,-0.03639,0.99921,0.01391,0.00720,-0.00010,0.99988,0.02435,0.01906,-0.03658,0.99885,1.00,0.01390,-0.01988,0.00028,0.99971,0.02335,-0.00800,-0.03648,0.99903,1.00
22165,0.00998,0.01255,-0.03637,0.99921,0.01517,0.00692,-0.00010,0.99986,0.02539,0.01891,-0.03659,0.99883,1.00,0.01516,-0.02017,0.00031,0.99968,0.02439,-0.00816,-0.03644,0.99900,1.00
22177,0.00961,0.01274,-0.03609,0.99922,0.01556,0.00673,-0.00010,0.99986,0.02539,0.01890,-0.03632,0.99884,1.00,0.01553,-0.02036,0.00032,0.99967,0.02439,-0.00817,-0.03615,0.99902,1.00
22188,0.00948,0.01291,-0.03575,0.99923,0.01593,0.00685,-0.00011,0.99985,0.02564,0.01918,-0.03600,0.99884,1.00,0.01588,-0.02024,0.00032,0.99967,0.02463,-0.00788,-0.03582,0.99902,1.00
22199,0.00943,0.01308,-0.03571,0.99923,0.01561,0.00883,-0.00014,0.99984,0.02534,0.02134,-0.03596,0.99880,1.00,0.01558,-0.01826,0.00028,0.99971,0.02434,-0.00573,-0.03579,0.99905,1.00
22210,0.00926,0.01330,-0.03576,0.99923,0.01578,0.00862,-0.00014,0.99984,0.02534,0.02134,-0.03603,0.99880,1.00,0.01575,-0.01846,0.00029,0.99971,0.02434,-0.00572,-0.03584,0.99904,1.00
22221,0.00890,0.01346,-0.03577,0.99923,0.01647,0.00718,-0.00012,0.99984,0.02561,0.02005,-0.03604,0.99882,1.00,0.01644,-0.01991,0.00033,0.99967,0.02462,-0.00702,-0.03583,0.99903,1.00
22232,0.00874,0.01359,-0.03578,0.99923,0.01584,0.00728,-0.00012,0.99985,0.02483,0.02030,-0.03604,0.99884,1.00,0.01582,-0.01980,0.00031,0.99968,0.02384,-0.00677,-0.03585,0.99905,1.00
22244,0.00868,0.01369,-0.03581,0.99923,0.01590,0.00718,-0.00011,0.99985,0.02483,0.02030,-0.03607,0.99883,1.00,0.01589,-0.01990,0.00032,0.99968,0.02384,-0.00677,-0.03587,0.99905,1.00
22254,0.00864,0.01391,-0.03580,0.99922,0.01621,0.00720,-0.00012,0.99984,0.02509,0.02052,-0.03608,0.99882,1.00,0.01619,-0.01988,0.00032,0.99967,0.02411,-0.00655,-0.03587,0.99904,1.00
22265,0.00852,0.01400,-0.03578,0.99923,0.01445,0.00598,-0.00009,0.99988,0.02317,0.01946,-0.03601,0.99889,1.00,0.01444,-0.02110,0.00030,0.99967,0.02219,-0.00760,-0.03584,0.99908,1.00
22277,0.00847,0.01413,-0.03564,0.99923,0.01451,0.00585,-0.00008,0.99988,0.02318,0.01946,-0.03588,0.99890,1.00,0.01449,-0.02123,0.00031,0.99967,0.02219,-0.00761,-0.03571,0.99909,1.00
22288,0.00848,0.01432,-0.03565,0.99923,0.01538,0.00419,-0.00006,0.99987,0.02400,0.01795,-0.03590,0.99891,1.00,0.01536,-0.02289,0.00035,0.99962,0.02301,-0.00911,-0.03570,0.99906,1.00
22298,0.00861,0.01447,-0.03562,0.99922,0.01511,0.00424,-0.00006,0.99988,0.02386,0.01817,-0.03587,0.99891,1.00,0.01509,-0.02284,0.00034,0.99963,0.02287,-0.00890,-0.03568,0.99906,1.00
22310,0.00879,0.01464,-0.03564,0.99922,0.01494,0.00406,-0.00006,0.99988,0.02386,0.01817,-0.03588,0.99891,1.00,0.01491,-0.02302,0.00034,0.99962,0.02287,-0.00890,-0.03571,0.99906,1.00
22321,0.00890,0.01481,-0.03564,0.99922,0.01532,0.00420,-0.00006,0.99987,0.02436,0.01846,-0.03589,0.99889,1.00,0.01530,-0.02288,0.00035,0.99962,0.02338,-0.00860,-0.03571,0.99905,1.00
22332,0.00889,0.01494,-0.03559,0.99922,0.01540,0.00476,-0.00007,0.99987,0.02445,0.01915,-0.03585,0.99887,1.00,0.01538,-0.02232,0.00034,0.99963,0.02347,-0.00792,-0.03567,0.99906,1.00
22344,0.00900,0.01515,-0.03549,0.99921,0.01531,0.00455,-0.00007,0.99987,0.02445,0.01915,-0.03574,0.99888,1.00,0.01528,-0.02253,0.00034,0.99963,0.02347,-0.00792,-0.03556,0.99906,1.00
22355,0.00921,0.01530,-0.03534,0.99922,0.01519,0.00419,-0.00006,0.99988,0.02454,0.01895,-0.03559,0.99889,1.00,0.01516,-0.02289,0.00035,0.99962,0.02355,-0.00812,-0.03542,0.99906,1.00
22365,0.00945,0.01555,-0.03531,0.99921,0.01466,0.00402,-0.00006,0.99988,0.02424,0.01905,-0.03555,0.99889,1.00,0.01463,-0.02306,0.00034,0.99963,0.02326,-0.00802,-0.03541,0.99907,1.00
22377,0.00965,0.01577,-0.03526,0.99921,0.01447,0.00379,-0.00005,0.99989,0.02424,0.01905,-0.03551,0.99889,1.00,0.01443,-0.02329,0.00034,0.99962,0.02326,-0.00802,-0.03537,0.99907,1.00
22389,0.00967,0.01605,-0.03520,0.99920,0.01445,0.00074,-0.00001,0.99990,0.02414,0.01628,-0.03544,0.99895,1.00,0.01442,-0.02633,0.00038,0.99955,0.02315,-0.01078,-0.03530,0.99905,1.00
22399,0.00976,0.01631,-0.03509,0.99920,0.01388,0.00078,-0.00001,0.99990,0.02366,0.01661,-0.03532,0.99896,1.00,0.01385,-0.02629,0.00036,0.99956,0.02268,-0.01045,-0.03519,0.99907,1.00
22411,0.00974,0.01673,-0.03502,0.99920,0.01392,0.00036,-0.00001,0.99990,0.02366,0.01660,-0.03525,0.99896,1.00,0.01388,-0.02671,0.00037,0.99955,0.02267,-0.01046,-0.03513,0.99907,1.00
22422,0.00959,0.01693,-0.03482,0.99920,0.01426,0.00206,-0.00003,0.99990,0.02391,0.01849,-0.03507,0.99893,1.00,0.01421,-0.02502,0.00036,0.99959,0.02293,-0.00857,-0.03493,0.99909,1.00
22432,0.00946,0.01717,-0.03480,0.99920,0.01449,0.00262,-0.00004,0.99989,0.02403,0.01928,-0.03506,0.99891,1.00,0.01445,-0.02446,0.00035,0.99960,0.02306,-0.00779,-0.03492,0.99909,1.00
22444,0.00948,0.01733,-0.03498,0.99919,0.01448,0.00246,-0.00004,0.99989,0.02403,0.01928,-0.03524,0.99890,1.00,0.01445,-0.02462,0.00036,0.99959,0.02306,-0.00778,-0.03510,0.99909,1.00
22456,0.00956,0.01732,-0.03514,0.99919,0.01314,0.00249,-0.00003,0.99991,0.02277,0.01935,-0.03538,0.99893,1.00,0.01312,-0.02458,0.00032,0.99961,0.02181,-0.00771,-0.03527,0.99911,1.00
22466,0.00958,0.01727,-0.03495,0.99919,0.01303,0.00264,-0.00003,0.99991,0.02269,0.01946,-0.03518,0.99893,1.00,0.01301,-0.02443,0.00032,0.99962,0.02173,-0.00760,-0.03507,0.99912,1.00
22477,0.00963,0.01702,-0.03467,0.99921,0.01298,0.00289,-0.00004,0.99991,0.02270,0.01945,-0.03490,0.99894,1.00,0.01294,-0.02419,0.00031,0.99962,0.02173,-0.00761,-0.03480,0.99913,1.00
22489,0.00956,0.01664,-0.03413,0.99923,0.01304,-0.00039,0.00001,0.99991,0.02258,0.01581,-0.03435,0.99903,1.00,0.01297,-0.02745,0.00036,0.99954,0.02159,-0.01125,-0.03424,0.99912,1.00
22499,0.00949,0.01639,-0.03373,0.99925,0.01495,-0.00043,0.00001,0.99989,0.02441,0.01546,-0.03397,0.99901,1.00,0.01486,-0.02750,0.00041,0.99951,0.02341,-0.01160,-0.03381,0.99909,1.00
22510,0.00937,0.01617,-0.03344,0.99927,0.01506,-0.00022,0.00000,0.99989,0.02441,0.01545,-0.03367,0.99902,1.00,0.01496,-0.02729,0.00041,0.99952,0.02341,-0.01161,-0.03351,0.99910,1.00
22522,0.00946,0.01600,-0.03331,0.99927,0.01495,-0.00024,0.00000,0.99989,0.02439,0.01526,-0.03354,0.99902,1.00,0.01486,-0.02731,0.00041,0.99952,0.02340,-0.01180,-0.03338,0.99910,1.00
22533,0.00947,0.01583,-0.03332,0.99927,0.01317,0.00147,-0.00002,0.99991,0.02268,0.01686,-0.03353,0.99904,1.00,0.01311,-0.02560,0.00034,0.99959,0.02172,-0.01020,-0.03342,0.99915,1.00
22544,0.00943,0.01568,-0.03324,0.99928,0.01321,0.00162,-0.00002,0.99991,0.02268,0.01686,-0.03345,0.99904,1.00,0.01314,-0.02545,0.00033,0.99959,0.02172,-0.01020,-0.03334,0.99916,1.00
22555,0.00932,0.01561,-0.03313,0.99929,0.01329,0.00264,-0.00004,0.99991,0.02269,0.01780,-0.03334,0.99903,1.00,0.01324,-0.02444,0.00032,0.99961,0.02174,-0.00926,-0.03322,0.99917,1.00
22566,0.00909,0.01559,-0.03302,0.99929,0.01473,0.00241,-0.00004,0.99989,0.02389,0.01752,-0.03326,0.99901,1.00,0.01469,-0.02466,0.00036,0.99959,0.02296,-0.00955,-0.03310,0.99914,1.00
22578,0.00894,0.01562,-0.03300,0.99929,0.01489,0.00239,-0.00004,0.99989,0.02390,0.01751,-0.03324,0.99901,1.00,0.01484,-0.02468,0.00037,0.99959,0.02296,-0.00955,-0.03307,0.99914,1.00
22589,0.00877,0.01569,-0.03298,0.99929,0.01627,0.00240,-0.00004,0.99986,0.02510,0.01756,-0.03325,0.99898,1.00,0.01622,-0.02467,0.00040,0.99956,0.02417,-0.00951,-0.03304,0.99912,1.00
22600,0.00859,0.01582,-0.03309,0.99929,0.01627,0.00303,-0.00005,0.99986,0.02495,0.01830,-0.03336,0.99896,1.00,0.01624,-0.02405,0.00039,0.99958,0.02403,-0.00877,-0.03315,0.99912,1.00
22611,0.00863,0.01601,-0.03321,0.99928,0.01623,0.00283,-0.00005,0.99986,0.02494,0.01830,-0.03349,0.99896,1.00,0.01621,-0.02425,0.00039,0.99957,0.02403,-0.00877,-0.03327,0.99912,1.00
22622,0.00864,0.01618,-0.03330,0.99928,0.01601,0.00266,-0.00004,0.99987,0.02473,0.01830,-0.03358,0.99896,1.00,0.01600,-0.02442,0.00039,0.99957,0.02383,-0.00876,-0.03337,0.99912,1.00
22633,0.00861,0.01637,-0.03339,0.99927,0.01619,0.00316,-0.00005,0.99986,0.02490,0.01899,-0.03367,0.99894,1.00,0.01618,-0.02392,0.00039,0.99958,0.02399,-0.00808,-0.03346,0.99912,1.00
22644,0.00862,0.01655,-0.03338,0.99927,0.01619,0.00298,-0.00005,0.99986,0.02490,0.01899,-0.03367,0.99894,1.00,0.01618,-0.02410,0.00039,0.99958,0.02399,-0.00808,-0.03345,0.99912,1.00
22655,0.00854,0.01672,-0.03340,0.99927,0.01619,0.00342,-0.00006,0.99986,0.02483,0.01960,-0.03370,0.99893,1.00,0.01618,-0.02366,0.00038,0.99959,0.02392,-0.00747,-0.03348,0.99913,1.00
22667,0.00847,0.01686,-0.03339,0.99926,0.01703,0.00352,-0.00006,0.99985,0.02561,0.01980,-0.03370,0.99891,1.00,0.01701,-0.02357,0.00040,0.99958,0.02469,-0.00727,-0.03346,0.99911,1.00
22678,0.00851,0.01699,-0.03336,0.99926,0.01700,0.00339,-0.00006,0.99985,0.02561,0.01980,-0.03368,0.99891,1.00,0.01698,-0.02370,0.00040,0.99957,0.02469,-0.00727,-0.03344,0.99911,1.00
22689,0.00856,0.01711,-0.03330,0.99926,0.01688,0.00161,-0.00003,0.99986,0.02548,0.01815,-0.03359,0.99895,1.00,0.01686,-0.02547,0.00043,0.99953,0.02456,-0.00892,-0.03336,0.99910,1.00
22700,0.00868,0.01726,-0.03327,0.99926,0.01686,0.00168,-0.00003,0.99986,0.02558,0.01837,-0.03357,0.99894,1.00,0.01683,-0.02540,0.00043,0.99954,0.02465,-0.00869,-0.03334,0.99910,1.00
22711,0.00880,0.01727,-0.03317,0.99926,0.01674,0.00166,-0.00003,0.99986,0.02558,0.01837,-0.03347,0.99894,1.00,0.01670,-0.02542,0.00042,0.99954,0.02465,-0.00870,-0.03325,0.99911,1.00
22723,0.00898,0.01729,-0.03303,0.99926,0.01670,0.00183,-0.00003,0.99986,0.02573,0.01857,-0.03333,0.99894,1.00,0.01666,-0.02525,0.00042,0.99954,0.02480,-0.00850,-0.03311,0.99911,1.00
22734,0.00913,0.01734,-0.03289,0.99927,0.01691,0.00176,-0.00003,0.99986,0.02609,0.01854,-0.03320,0.99894,1.00,0.01687,-0.02532,0.00043,0.99954,0.02516,-0.00852,-0.03298,0.99910,1.00
22744,0.00934,0.01738,-0.03281,0.99927,0.01671,0.00171,-0.00003,0.99986,0.02609,0.01854,-0.03311,0.99894,1.00,0.01666,-0.02536,0.00042,0.99954,0.02516,-0.00853,-0.03290,0.99911,1.00
22756,0.00970,0.01739,-0.03277,0.99926,0.01626,0.00151,-0.00002,0.99987,0.02599,0.01836,-0.03306,0.99895,1.00,0.01621,-0.02557,0.00041,0.99954,0.02506,-0.00870,-0.03287,0.99911,1.00
22768,0.01003,0.01745,-0.03274,0.99926,0.01616,-0.00008,0.00000,0.99987,0.02617,0.01684,-0.03302,0.99897,1.00,0.01611,-0.02715,0.00044,0.99950,0.02524,-0.01022,-0.03284,0.99909,1.00
22778,0.01027,0.01743,-0.03274,0.99926,0.01591,-0.00006,0.00000,0.99987,0.02617,0.01684,-0.03301,0.99897,1.00,0.01587,-0.02714,0.00043,0.99951,0.02524,-0.01022,-0.03285,0.99909,1.00
22789,0.01033,0.01745,-0.03267,0.99926,0.01533,0.00040,-0.00001,0.99988,0.02565,0.01735,-0.03294,0.99898,1.00,0.01529,-0.02667,0.00041,0.99953,0.02473,-0.00972,-0.03279,0.99911,1.00
22800,0.01037,0.01741,-0.03273,0.99926,0.01435,0.00050,-0.00001,0.99990,0.02473,0.01744,-0.03298,0.99900,1.00,0.01432,-0.02657,0.00038,0.99954,0.02382,-0.00962,-0.03286,0.99913,1.00
22812,0.01037,0.01748,-0.03287,0.99925,0.01435,0.00044,-0.00001,0.99990,0.02473,0.01744,-0.03312,0.99899,1.00,0.01433,-0.02664,0.00038,0.99954,0.02382,-0.00962,-0.03300,0.99913,1.00
22823,0.01044,0.01754,-0.03297,0.99925,0.01456,0.00040,-0.00001,0.99989,0.02500,0.01746,-0.03322,0.99898,1.00,0.01454,-0.02667,0.00039,0.99954,0.02410,-0.00960,-0.03310,0.99912,1.00
22834,0.01044,0.01758,-0.03300,0.99925,0.01288,0.00138,-0.00002,0.99992,0.02335,0.01853,-0.03322,0.99900,1.00,0.01287,-0.02569,0.00033,0.99959,0.02245,-0.00853,-0.03315,0.99916,1.00
22846,0.01059,0.01765,-0.03302,0.99924,0.01273,0.00131,-0.00002,0.99992,0.02335,0.01853,-0.03325,0.99900,1.00,0.01272,-0.02576,0.00033,0.99959,0.02245,-0.00853,-0.03318,0.99916,1.00
22857,0.01090,0.01775,-0.03295,0.99924,0.01402,0.00202,-0.00003,0.99990,0.02497,0.01931,-0.03320,0.99895,1.00,0.01401,-0.02505,0.00035,0.99959,0.02407,-0.00776,-0.03311,0.99913,1.00
22868,0.01119,0.01776,-0.03285,0.99924,0.01294,0.00207,-0.00003,0.99991,0.02418,0.01941,-0.03308,0.99897,1.00,0.01292,-0.02500,0.00032,0.99960,0.02327,-0.00766,-0.03302,0.99915,1.00
22879,0.01145,0.01773,-0.03270,0.99924,0.01268,0.00209,-0.00003,0.99992,0.02419,0.01940,-0.03293,0.99898,1.00,0.01265,-0.02498,0.00032,0.99961,0.02327,-0.00766,-0.03289,0.99916,1.00
22890,0.01173,0.01763,-0.03272,0.99924,0.01356,0.00195,-0.00003,0.99991,0.02534,0.01913,-0.03296,0.99895,1.00,0.01353,-0.02513,0.00034,0.99959,0.02442,-0.00793,-0.03290,0.99913,1.00
22902,0.01199,0.01743,-0.03273,0.99924,0.01355,0.00194,-0.00003,0.99991,0.02559,0.01893,-0.03296,0.99895,1.00,0.01352,-0.02513,0.00034,0.99959,0.02467,-0.00813,-0.03291,0.99912,1.00
22913,0.01217,0.01724,-0.03270,0.99924,0.01373,-0.00003,0.00000,0.99991,0.02588,0.01676,-0.03294,0.99898,1.00,0.01370,-0.02710,0.00037,0.99954,0.02497,-0.01030,-0.03288,0.99909,1.00
22924,0.01225,0.01705,-0.03269,0.99924,0.01364,0.00015,0.00000,0.99991,0.02588,0.01676,-0.03292,0.99898,1.00,0.01361,-0.02692,0.00037,0.99955,0.02497,-0.01030,-0.03288,0.99909,1.00
22935,0.01233,0.01696,-0.03271,0.99924,0.01384,0.00011,0.00000,0.99990,0.02616,0.01662,-0.03294,0.99898,1.00,0.01381,-0.02696,0.00037,0.99954,0.02525,-0.01044,-0.03289,0.99909,1.00
22946,0.01235,0.01690,-0.03276,0.99924,0.01381,0.00017,0.00000,0.99990,0.02616,0.01662,-0.03299,0.99898,1.00,0.01379,-0.02690,0.00037,0.99954,0.02525,-0.01044,-0.03294,0.99908,1.00
22958,0.01245,0.01690,-0.03279,0.99924,0.01321,-0.00002,0.00000,0.99991,0.02565,0.01645,-0.03301,0.99899,1.00,0.01319,-0.02709,0.00036,0.99955,0.02474,-0.01061,-0.03298,0.99909,1.00
22969,0.01268,0.01689,-0.03284,0.99924,0.01317,0.00035,0.00000,0.99991,0.02585,0.01681,-0.03306,0.99898,1.00,0.01315,-0.02672,0.00035,0.99956,0.02495,-0.01025,-0.03303,0.99909,1.00
22980,0.01284,0.01696,-0.03290,0.99923,0.01320,0.00127,-0.00002,0.99991,0.02607,0.01779,-0.03312,0.99895,1.00,0.01318,-0.02580,0.00034,0.99958,0.02516,-0.00927,-0.03310,0.99909,1.00
22992,0.01298,0.01703,-0.03300,0.99923,0.01305,0.00120,-0.00002,0.99991,0.02607,0.01780,-0.03322,0.99895,1.00,0.01304,-0.02588,0.00034,0.99958,0.02516,-0.00927,-0.03321,0.99909,1.00
23003,0.01309,0.01721,-0.03306,0.99922,0.01272,0.00098,-0.00001,0.99992,0.02583,0.01777,-0.03327,0.99895,1.00,0.01271,-0.02609,0.00033,0.99958,0.02493,-0.00930,-0.03327,0.99909,1.00
23013,0.01317,0.01736,-0.03310,0.99921,0.01250,0.00100,-0.00001,0.99992,0.02569,0.01794,-0.03331,0.99895,1.00,0.01249,-0.02607,0.00033,0.99958,0.02478,-0.00912,-0.03332,0.99910,1.00
23024,0.01322,0.01753,-0.03309,0.99921,0.01246,0.00082,-0.00001,0.99992,0.02569,0.01794,-0.03330,0.99895,1.00,0.01245,-0.02625,0.00033,0.99958,0.02478,-0.00912,-0.03331,0.99910,1.00
23036,0.01319,0.01776,-0.03303,0.99921,0.01267,0.00156,-0.00002,0.99992,0.02590,0.01890,-0.03325,0.99893,1.00,0.01265,-0.02551,0.00032,0.99959,0.02499,-0.00816,-0.03326,0.99910,1.00
23047,0.01316,0.01798,-0.03294,0.99921,0.01271,0.00134,-0.00002,0.99992,0.02590,0.01890,-0.03316,0.99894,1.00,0.01269,-0.02573,0.00033,0.99959,0.02499,-0.00816,-0.03316,0.99910,1.00
23059,0.01300,0.01816,-0.03278,0.99921,0.01175,0.00137,-0.00002,0.99993,0.02478,0.01914,-0.03299,0.99897,1.00,0.01172,-0.02570,0.00030,0.99960,0.02387,-0.00792,-0.03301,0.99914,1.00
23069,0.01291,0.01830,-0.03264,0.99922,0.01124,0.00113,-0.00001,0.99994,0.02418,0.01906,-0.03285,0.99899,1.00,0.01121,-0.02594,0.00029,0.99960,0.02326,-0.00800,-0.03288,0.99916,1.00
23080,0.01279,0.01844,-0.03254,0.99922,0.01196,0.00033,0.00000,0.99993,0.02475,0.01838,-0.03276,0.99899,1.00,0.01192,-0.02675,0.00032,0.99957,0.02383,-0.00868,-0.03277,0.99914,1.00
23091,0.01276,0.01851,-0.03249,0.99922,0.01199,0.00026,0.00000,0.99993,0.02475,0.01838,-0.03271,0.99899,1.00,0.01195,-0.02681,0.00032,0.99957,0.02383,-0.00868,-0.03272,0.99914,1.00
23103,0.01274,0.01845,-0.03234,0.99923,0.01145,-0.00041,0.00000,0.99993,0.02417,0.01767,-0.03255,0.99902,1.00,0.01141,-0.02748,0.00031,0.99956,0.02325,-0.00939,-0.03257,0.99915,1.00
23114,0.01271,0.01842,-0.03221,0.99923,0.01137,-0.00085,0.00001,0.99994,0.02405,0.01720,-0.03241,0.99904,1.00,0.01133,-0.02792,0.00032,0.99955,0.02313,-0.00985,-0.03244,0.99916,1.00
23125,0.01268,0.01837,-0.03214,0.99923,0.01141,-0.00080,0.00001,0.99993,0.02405,0.01720,-0.03235,0.99904,1.00,0.01136,-0.02787,0.00032,0.99955,0.02313,-0.00985,-0.03237,0.99916,1.00
23136,0.01264,0.01830,-0.03210,0.99924,0.01097,-0.00065,0.00001,0.99994,0.02358,0.01729,-0.03230,0.99905,1.00,0.01093,-0.02772,0.00030,0.99956,0.02267,-0.00976,-0.03234,0.99917,1.00
23147,0.01254,0.01816,-0.03208,0.99924,0.01084,-0.00053,0.00001,0.99994,0.02336,0.01728,-0.03228,0.99906,1.00,0.01081,-0.02760,0.00030,0.99956,0.02246,-0.00978,-0.03231,0.99918,1.00
23159,0.01246,0.01805,-0.03210,0.99924,0.01092,-0.00042,0.00000,0.99994,0.02336,0.01728,-0.03230,0.99906,1.00,0.01089,-0.02748,0.00030,0.99956,0.02246,-0.00978,-0.03233,0.99918,1.00
23170,0.01244,0.01793,-0.03214,0.99925,0.01062,0.00049,-0.00001,0.99994,0.02307,0.01808,-0.03233,0.99905,1.00,0.01060,-0.02658,0.00028,0.99959,0.02217,-0.00898,-0.03237,0.99919,1.00
23181,0.01241,0.01783,-0.03220,0.99925,0.01080,-0.00133,0.00001,0.99994,0.02316,0.01615,-0.03240,0.99908,1.00,0.01078,-0.02840,0.00031,0.99954,0.02226,-0.01091,-0.03243,0.99917,1.00
23192,0.01235,0.01776,-0.03226,0.99925,0.01085,-0.00126,0.00001,0.99994,0.02315,0.01615,-0.03246,0.99907,1.00,0.01083,-0.02833,0.00031,0.99954,0.02226,-0.01091,-0.03249,0.99916,1.00
23203,0.01235,0.01768,-0.03228,0.99925,0.00991,0.00203,-0.00002,0.99995,0.02231,0.01939,-0.03245,0.99904,1.00,0.00990,-0.02504,0.00025,0.99964,0.02143,-0.00767,-0.03250,0.99921,1.00
23214,0.01238,0.01761,-0.03227,0.99925,0.01042,0.00109,-0.00001,0.99995,0.02282,0.01836,-0.03245,0.99904,1.00,0.01040,-0.02598,0.00027,0.99961,0.02193,-0.00870,-0.03249,0.99919,1.00
23225,0.01250,0.01756,-0.03220,0.99925,0.01030,0.00113,-0.00001,0.99995,0.02282,0.01836,-0.03237,0.99905,1.00,0.01028,-0.02594,0.00027,0.99961,0.02193,-0.00870,-0.03242,0.99920,1.00
23237,0.01259,0.01754,-0.03215,0.99925,0.01019,0.00186,-0.00002,0.99995,0.02283,0.01907,-0.03232,0.99903,1.00,0.01017,-0.02521,0.00026,0.99963,0.02194,-0.00799,-0.03237,0.99920,1.00
23247,0.01264,0.01757,-0.03202,0.99925,0.01067,0.00090,-0.00001,0.99994,0.02334,0.01813,-0.03221,0.99904,1.00,0.01064,-0.02616,0.00028,0.99960,0.02244,-0.00893,-0.03225,0.99919,1.00
23259,0.01267,0.01762,-0.03195,0.99925,0.01065,0.00085,-0.00001,0.99994,0.02334,0.01813,-0.03213,0.99905,1.00,0.01062,-0.02622,0.00028,0.99960,0.02244,-0.00893,-0.03218,0.99919,1.00
23270,0.01270,0.01764,-0.03182,0.99926,0.01147,0.00130,-0.00001,0.99993,0.02420,0.01857,-0.03202,0.99902,1.00,0.01144,-0.02577,0.00029,0.99960,0.02331,-0.00849,-0.03204,0.99918,1.00
23281,0.01277,0.01770,-0.03177,0.99926,0.01091,0.00017,0.00000,0.99994,0.02367,0.01752,-0.03196,0.99906,1.00,0.01088,-0.02690,0.00029,0.99958,0.02278,-0.00953,-0.03200,0.99918,1.00
23294,0.01286,0.01772,-0.03174,0.99926,0.01082,0.00015,0.00000,0.99994,0.02367,0.01752,-0.03193,0.99906,1.00,0.01078,-0.02692,0.00029,0.99958,0.02278,-0.00953,-0.03197,0.99918,1.00
23303,0.01305,0.01778,-0.03163,0.99926,0.01070,-0.00152,0.00002,0.99994,0.02370,0.01592,-0.03182,0.99909,1.00,0.01067,-0.02858,0.00031,0.99953,0.02280,-0.01113,-0.03187,0.99917,1.00
23315,0.01325,0.01782,-0.03151,0.99926,0.01062,-0.00152,0.00002,0.99994,0.02381,0.01596,-0.03171,0.99909,1.00,0.01058,-0.02858,0.00030,0.99954,0.02291,-0.01109,-0.03176,0.99917,1.00
23326,0.01342,0.01780,-0.03136,0.99926,0.01044,-0.00151,0.00002,0.99994,0.02381,0.01596,-0.03155,0.99909,1.00,0.01039,-0.02857,0.00030,0.99954,0.02291,-0.01109,-0.03162,0.99918,1.00
23337,0.01355,0.01786,-0.03133,0.99926,0.01226,-0.00053,0.00001,0.99992,0.02579,0.01695,-0.03155,0.99903,1.00,0.01222,-0.02759,0.00034,0.99954,0.02490,-0.01011,-0.03157,0.99914,1.00
23348,0.01358,0.01780,-0.03132,0.99926,0.01245,0.00022,0.00000,0.99992,0.02602,0.01763,-0.03154,0.99901,1.00,0.01241,-0.02685,0.00033,0.99956,0.02514,-0.00943,-0.03156,0.99914,1.00
23360,0.01358,0.01782,-0.03131,0.99926,0.01245,0.00021,0.00000,0.99992,0.02602,0.01763,-0.03153,0.99901,1.00,0.01241,-0.02686,0.00033,0.99956,0.02514,-0.00943,-0.03155,0.99914,1.00
23371,0.01356,0.01778,-0.03138,0.99926,0.01314,0.00028,0.00000,0.99991,0.02670,0.01764,-0.03161,0.99899,1.00,0.01311,-0.02679,0.00035,0.99956,0.02582,-0.00942,-0.03161,0.99912,1.00
23381,0.01357,0.01773,-0.03151,0.99925,0.01338,-0.00041,0.00001,0.99991,0.02693,0.01690,-0.03175,0.99899,1.00,0.01337,-0.02748,0.00037,0.99953,0.02606,-0.01016,-0.03174,0.99910,1.00
23393,0.01363,0.01771,-0.03165,0.99925,0.01332,-0.00038,0.00001,0.99991,0.02693,0.01690,-0.03188,0.99899,1.00,0.01331,-0.02745,0.00037,0.99953,0.02606,-0.01016,-0.03188,0.99910,1.00
23404,0.01371,0.01766,-0.03176,0.99925,0.01329,-0.00102,0.00001,0.99991,0.02696,0.01621,-0.03199,0.99899,1.00,0.01328,-0.02809,0.00037,0.99952,0.02609,-0.01085,-0.03199,0.99909,1.00
23414,0.01382,0.01762,-0.03184,0.99924,0.01301,-0.00072,0.00001,0.99992,0.02680,0.01649,-0.03206,0.99899,1.00,0.01300,-0.02778,0.00036,0.99953,0.02593,-0.01057,-0.03207,0.99909,1.00
23426,0.01390,0.01761,-0.03190,0.99924,0.01293,-0.00071,0.00001,0.99992,0.02680,0.01649,-0.03213,0.99899,1.00,0.01293,-0.02778,0.00036,0.99953,0.02593,-0.01057,-0.03214,0.99909,1.00
23437,0.01399,0.01756,-0.03195,0.99924,0.01262,-0.00173,0.00002,0.99992,0.02654,0.01542,-0.03217,0.99901,1.00,0.01261,-0.02880,0.00036,0.99951,0.02567,-0.01164,-0.03219,0.99908,1.00
23448,0.01403,0.01753,-0.03204,0.99923,0.01170,-0.00071,0.00001,0.99993,0.02570,0.01644,-0.03224,0.99901,1.00,0.01170,-0.02778,0.00033,0.99955,0.02483,-0.01062,-0.03229,0.99911,1.00
23460,0.01404,0.01752,-0.03217,0.99923,0.01169,-0.00070,0.00001,0.99993,0.02570,0.01644,-0.03238,0.99901,1.00,0.01169,-0.02777,0.00032,0.99955,0.02483,-0.01062,-0.03243,0.99911,1.00
23471,0.01401,0.01741,-0.03224,0.99923,0.00912,-0.00010,0.00000,0.99996,0.02312,0.01701,-0.03240,0.99906,1.00,0.00912,-0.02717,0.00025,0.99959,0.02225,-0.01004,-0.03252,0.99917,1.00
23481,0.01396,0.01734,-0.03227,0.99923,0.01024,-0.00009,0.00000,0.99995,0.02419,0.01692,-0.03245,0.99904,1.00,0.01023,-0.02716,0.00028,0.99958,0.02331,-0.01013,-0.03254,0.99915,1.00
23493,0.01398,0.01721,-0.03226,0.99923,0.01022,0.00005,0.00000,0.99995,0.02419,0.01692,-0.03244,0.99904,1.00,0.01022,-0.02702,0.00028,0.99958,0.02331,-0.01013,-0.03253,0.99915,1.00
23504,0.01405,0.01708,-0.03229,0.99923,0.00966,0.00066,-0.00001,0.99995,0.02372,0.01742,-0.03245,0.99904,1.00,0.00965,-0.02641,0.00025,0.99960,0.02284,-0.00963,-0.03256,0.99916,1.00
23515,0.01422,0.01698,-0.03238,0.99923,0.00950,0.00015,0.00000,0.99995,0.02372,0.01683,-0.03254,0.99905,1.00,0.00950,-0.02691,0.00026,0.99959,0.02284,-0.01023,-0.03266,0.99915,1.00
23526,0.01425,0.01682,-0.03243,0.99923,0.00946,0.00032,0.00000,0.99996,0.02372,0.01683,-0.03259,0.99905,1.00,0.00946,-0.02675,0.00025,0.99960,0.02284,-0.01023,-0.03271,0.99915,1.00
23537,0.01437,0.01668,-0.03245,0.99923,0.00938,0.00121,-0.00001,0.99996,0.02378,0.01759,-0.03260,0.99903,1.00,0.00937,-0.02585,0.00024,0.99962,0.02290,-0.00946,-0.03272,0.99916,1.00
23548,0.01428,0.01660,-0.03253,0.99923,0.00958,0.00060,-0.00001,0.99995,0.02387,0.01689,-0.03268,0.99904,1.00,0.00957,-0.02646,0.00025,0.99960,0.02298,-0.01017,-0.03280,0.99915,1.00
23560,0.01417,0.01652,-0.03254,0.99923,0.00968,0.00069,-0.00001,0.99995,0.02387,0.01689,-0.03269,0.99904,1.00,0.00968,-0.02638,0.00026,0.99961,0.02298,-0.01017,-0.03280,0.99915,1.00
23571,0.01409,0.01645,-0.03273,0.99923,0.01040,0.00132,-0.00001,0.99995,0.02452,0.01743,-0.03290,0.99901,1.00,0.01040,-0.02575,0.00027,0.99961,0.02363,-0.00963,-0.03299,0.99913,1.00
23581,0.01413,0.01644,-0.03296,0.99922,0.01124,0.00045,-0.00001,0.99994,0.02537,0.01651,-0.03314,0.99899,1.00,0.01124,-0.02662,0.00030,0.99958,0.02448,-0.01055,-0.03321,0.99909,1.00
23593,0.01406,0.01639,-0.03309,0.99922,0.01130,0.00050,-0.00001,0.99994,0.02537,0.01652,-0.03327,0.99899,1.00,0.01132,-0.02657,0.00030,0.99958,0.02448,-0.01054,-0.03333,0.99909,1.00
23604,0.01391,0.01644,-0.03320,0.99922,0.01181,-0.00036,0.00000,0.99993,0.02570,0.01569,-0.03339,0.99899,1.00,0.01181,-0.02743,0.00032,0.99955,0.02481,-0.01137,-0.03344,0.99907,1.00
23614,0.01378,0.01645,-0.03320,0.99922,0.01189,-0.00046,0.00001,0.99993,0.02565,0.01560,-0.03340,0.99899,1.00,0.01189,-0.02752,0.00033,0.99955,0.02474,-0.01146,-0.03344,0.99907,1.00
23626,0.01371,0.01653,-0.03333,0.99921,0.01196,-0.00053,0.00001,0.99993,0.02564,0.01560,-0.03352,0.99899,1.00,0.01196,-0.02760,0.00033,0.99955,0.02474,-0.01145,-0.03356,0.99906,1.00
23637,0.01379,0.01666,-0.03342,0.99921,0.01125,-0.00012,0.00000,0.99994,0.02502,0.01617,-0.03361,0.99899,1.00,0.01125,-0.02719,0.00031,0.99957,0.02412,-0.01089,-0.03367,0.99908,1.00
23648,0.01394,0.01675,-0.03354,0.99920,0.01110,-0.00020,0.00000,0.99994,0.02502,0.01617,-0.03372,0.99899,1.00,0.01111,-0.02727,0.00030,0.99957,0.02412,-0.01089,-0.03379,0.99908,1.00
23660,0.01407,0.01680,-0.03358,0.99920,0.01084,0.00033,0.00000,0.99994,0.02491,0.01676,-0.03376,0.99898,1.00,0.01084,-0.02674,0.00029,0.99958,0.02400,-0.01029,-0.03383,0.99909,1.00
23670,0.01426,0.01685,-0.03361,0.99919,0.01064,0.00036,0.00000,0.99994,0.02490,0.01685,-0.03378,0.99898,1.00,0.01064,-0.02671,0.00028,0.99959,0.02399,-0.01021,-0.03387,0.99909,1.00
23681,0.01436,0.01686,-0.03363,0.99919,0.01053,0.00045,0.00000,0.99994,0.02490,0.01695,-0.03380,0.99897,1.00,0.01052,-0.02662,0.00028,0.99959,0.02398,-0.01010,-0.03389,0.99909,1.00
23694,0.01449,0.01679,-0.03366,0.99919,0.01040,0.00051,-0.00001,0.99995,0.02490,0.01695,-0.03383,0.99897,1.00,0.01039,-0.02656,0.00028,0.99959,0.02398,-0.01010,-0.03393,0.99909,1.00
23704,0.01457,0.01673,-0.03375,0.99918,0.01047,-0.00142,0.00001,0.99994,0.02498,0.01495,-0.03393,0.99900,1.00,0.01046,-0.02848,0.00030,0.99954,0.02406,-0.01210,-0.03403,0.99906,1.00
23714,0.01470,0.01663,-0.03387,0.99918,0.01020,0.00123,-0.00001,0.99995,0.02493,0.01751,-0.03403,0.99896,1.00,0.01020,-0.02584,0.00026,0.99961,0.02401,-0.00954,-0.03414,0.99908,1.00
23727,0.01487,0.01651,-0.03401,0.99917,0.01002,0.00135,-0.00001,0.99995,0.02493,0.01752,-0.03417,0.99895,1.00,0.01003,-0.02572,0.00026,0.99962,0.02402,-0.00954,-0.03429,0.99908,1.00
23737,0.01501,0.01640,-0.03409,0.99917,0.01008,0.00141,-0.00001,0.99995,0.02512,0.01747,-0.03425,0.99895,1.00,0.01008,-0.02566,0.00026,0.99962,0.02420,-0.00959,-0.03437,0.99907,1.00
23748,0.01511,0.01632,-0.03417,0.99917,0.00964,0.00234,-0.00002,0.99995,0.02482,0.01833,-0.03431,0.99893,1.00,0.00964,-0.02473,0.00024,0.99965,0.02390,-0.00873,-0.03445,0.99908,1.00
23760,0.01513,0.01630,-0.03417,0.99917,0.00962,0.00236,-0.00002,0.99995,0.02482,0.01833,-0.03432,0.99893,1.00,0.00962,-0.02471,0.00024,0.99965,0.02390,-0.00873,-0.03445,0.99908,1.00
23771,0.01514,0.01623,-0.03424,0.99917,0.00765,0.00231,-0.00002,0.99997,0.02286,0.01828,-0.03435,0.99898,1.00,0.00765,-0.02476,0.00019,0.99966,0.02194,-0.00878,-0.03454,0.99912,1.00
23781,0.01509,0.01623,-0.03427,0.99917,0.00784,0.00261,-0.00002,0.99997,0.02301,0.01857,-0.03438,0.99897,1.00,0.00784,-0.02446,0.00019,0.99967,0.02208,-0.00849,-0.03456,0.99912,1.00
23793,0.01503,0.01629,-0.03432,0.99917,0.00791,0.00255,-0.00002,0.99997,0.02301,0.01857,-0.03443,0.99897,1.00,0.00791,-0.02452,0.00019,0.99967,0.02208,-0.00849,-0.03461,0.99912,1.00
23804,0.01497,0.01635,-0.03435,0.99916,0.00655,0.00163,-0.00001,0.99998,0.02157,0.01776,-0.03445,0.99902,1.00,0.00655,-0.02544,0.00017,0.99965,0.02064,-0.00930,-0.03466,0.99914,1.00
23815,0.01500,0.01645,-0.03437,0.99916,0.00856,0.00164,-0.00001,0.99996,0.02361,0.01779,-0.03450,0.99897,1.00,0.00855,-0.02543,0.00022,0.99964,0.02267,-0.00926,-0.03466,0.99910,1.00
23827,0.01509,0.01650,-0.03439,0.99916,0.00847,0.00159,-0.00001,0.99996,0.02361,0.01779,-0.03451,0.99897,1.00,0.00846,-0.02548,0.00022,0.99964,0.02267,-0.00926,-0.03468,0.99910,1.00
23837,0.01521,0.01662,-0.03441,0.99915,0.00854,0.00147,-0.00001,0.99996,0.02379,0.01780,-0.03454,0.99896,1.00,0.00853,-0.02560,0.00022,0.99964,0.02285,-0.00926,-0.03471,0.99909,1.00
23848,0.01542,0.01674,-0.03449,0.99915,0.00984,0.00143,-0.00001,0.99995,0.02529,0.01784,-0.03465,0.99892,1.00,0.00983,-0.02564,0.00025,0.99962,0.02435,-0.00922,-0.03479,0.99906,1.00
23860,0.01550,0.01684,-0.03438,0.99915,0.00976,0.00133,-0.00001,0.99995,0.02530,0.01783,-0.03453,0.99892,1.00,0.00974,-0.02574,0.00025,0.99962,0.02435,-0.00922,-0.03468,0.99906,1.00
23871,0.01555,0.01687,-0.03426,0.99915,0.00982,0.00013,0.00000,0.99995,0.02537,0.01666,-0.03442,0.99895,1.00,0.00980,-0.02693,0.00026,0.99959,0.02442,-0.01039,-0.03456,0.99905,1.00
23882,0.01567,0.01692,-0.03409,0.99915,0.00984,0.00020,0.00000,0.99995,0.02551,0.01678,-0.03426,0.99895,1.00,0.00980,-0.02687,0.00026,0.99959,0.02455,-0.01028,-0.03440,0.99905,1.00
23894,0.01582,0.01696,-0.03402,0.99915,0.00969,0.00014,0.00000,0.99995,0.02551,0.01678,-0.03418,0.99895,1.00,0.00966,-0.02692,0.00026,0.99959,0.02455,-0.01028,-0.03434,0.99906,1.00
23904,0.01592,0.01703,-0.03406,0.99915,0.01002,0.00019,0.00000,0.99995,0.02593,0.01687,-0.03422,0.99894,1.00,0.00999,-0.02688,0.00027,0.99959,0.02498,-0.01018,-0.03437,0.99905,1.00
23915,0.01598,0.01705,-0.03407,0.99915,0.01011,-0.00099,0.00001,0.99995,0.02605,0.01571,-0.03425,0.99895,1.00,0.01009,-0.02806,0.00028,0.99956,0.02510,-0.01134,-0.03439,0.99903,1.00
23927,0.01604,0.01707,-0.03404,0.99915,0.01005,-0.00102,0.00001,0.99995,0.02605,0.01571,-0.03421,0.99895,1.00,0.01002,-0.02808,0.00028,0.99956,0.02510,-0.01134,-0.03436,0.99903,1.00
23938,0.01615,0.01705,-0.03406,0.99914,0.00782,-0.00093,0.00001,0.99997,0.02393,0.01586,-0.03420,0.99900,1.00,0.00780,-0.02799,0.00022,0.99958,0.02299,-0.01120,-0.03441,0.99908,1.00
23949,0.01633,0.01709,-0.03419,0.99914,0.00777,0.00109,-0.00001,0.99997,0.02413,0.01791,-0.03431,0.99896,1.00,0.00776,-0.02598,0.00020,0.99963,0.02319,-0.00914,-0.03453,0.99909,1.00
23960,0.01657,0.01711,-0.03425,0.99913,0.00753,0.00106,-0.00001,0.99997,0.02413,0.01792,-0.03437,0.99896,1.00,0.00753,-0.02601,0.00020,0.99963,0.02319,-0.00914,-0.03460,0.99909,1.00
23971,0.01670,0.01719,-0.03428,0.99913,0.00756,0.00103,-0.00001,0.99997,0.02429,0.01796,-0.03440,0.99895,1.00,0.00756,-0.02604,0.00020,0.99963,0.02336,-0.00910,-0.03463,0.99909,1.00
23982,0.01683,0.01722,-0.03421,0.99912,0.00752,-0.00047,0.00000,0.99997,0.02433,0.01649,-0.03434,0.99898,1.00,0.00750,-0.02754,0.00021,0.99959,0.02338,-0.01056,-0.03458,0.99907,1.00
23994,0.01694,0.01731,-0.03414,0.99912,0.00741,-0.00057,0.00000,0.99997,0.02433,0.01649,-0.03427,0.99898,1.00,0.00740,-0.02764,0.00020,0.99959,0.02338,-0.01056,-0.03452,0.99907,1.00
24004,0.01709,0.01744,-0.03411,0.99912,0.00749,-0.00125,0.00001,0.99997,0.02453,0.01593,-0.03425,0.99899,1.00,0.00747,-0.02831,0.00021,0.99957,0.02358,-0.01112,-0.03450,0.99906,1.00
24015,0.01715,0.01752,-0.03412,0.99912,0.00820,-0.00123,0.00001,0.99997,0.02530,0.01602,-0.03427,0.99896,1.00,0.00818,-0.02829,0.00023,0.99957,0.02436,-0.01103,-0.03450,0.99905,1.00
24027,0.01715,0.01756,-0.03407,0.99912,0.00821,-0.00126,0.00001,0.99997,0.02531,0.01602,-0.03423,0.99897,1.00,0.00819,-0.02833,0.00023,0.99957,0.02436,-0.01103,-0.03445,0.99905,1.00
24037,0.01712,0.01761,-0.03399,0.99912,0.00842,-0.00121,0.00001,0.99996,0.02549,0.01612,-0.03415,0.99896,1.00,0.00840,-0.02827,0.00024,0.99956,0.02454,-0.01093,-0.03437,0.99905,1.00
24049,0.01704,0.01761,-0.03388,0.99913,0.00880,-0.00038,0.00000,0.99996,0.02582,0.01693,-0.03403,0.99894,1.00,0.00877,-0.02745,0.00024,0.99958,0.02487,-0.01012,-0.03424,0.99905,1.00
24061,0.01700,0.01763,-0.03379,0.99913,0.00884,-0.00040,0.00000,0.99996,0.02582,0.01693,-0.03395,0.99895,1.00,0.00880,-0.02747,0.00024,0.99958,0.02487,-0.01013,-0.03416,0.99906,1.00
24071,0.01699,0.01758,-0.03375,0.99913,0.00886,0.00004,0.00000,0.99996,0.02584,0.01732,-0.03390,0.99894,1.00,0.00883,-0.02702,0.00024,0.99960,0.02490,-0.00973,-0.03411,0.99906,1.00
24082,0.01695,0.01754,-0.03374,0.99913,0.00889,0.00119,-0.00001,0.99996,0.02587,0.01843,-0.03389,0.99892,1.00,0.00886,-0.02588,0.00023,0.99963,0.02493,-0.00862,-0.03410,0.99907,1.00
24094,0.01690,0.01751,-0.03378,0.99913,0.00893,0.00123,-0.00001,0.99996,0.02587,0.01843,-0.03393,0.99892,1.00,0.00891,-0.02584,0.00023,0.99963,0.02493,-0.00862,-0.03413,0.99907,1.00
24103,0.01688,0.01739,-0.03378,0.99914,0.00782,0.00135,-0.00001,0.99997,0.02473,0.01847,-0.03390,0.99895,1.00,0.00780,-0.02572,0.00020,0.99964,0.02380,-0.00858,-0.03414,0.99910,1.00
24115,0.01672,0.01729,-0.03381,0.99914,0.00770,0.00053,0.00000,0.99997,0.02443,0.01756,-0.03394,0.99897,1.00,0.00769,-0.02654,0.00020,0.99962,0.02349,-0.00950,-0.03417,0.99909,1.00
24127,0.01633,0.01720,-0.03378,0.99915,0.00808,0.00063,-0.00001,0.99997,0.02443,0.01756,-0.03391,0.99897,1.00,0.00806,-0.02644,0.00021,0.99962,0.02349,-0.00950,-0.03412,0.99910,1.00
24137,0.01601,0.01714,-0.03386,0.99915,0.00816,0.00061,0.00000,0.99997,0.02418,0.01748,-0.03399,0.99898,1.00,0.00815,-0.02646,0.00022,0.99962,0.02325,-0.00957,-0.03419,0.99910,1.00
24147,0.01579,0.01715,-0.03397,0.99915,0.00815,0.00053,0.00000,0.99997,0.02395,0.01740,-0.03411,0.99898,1.00,0.00815,-0.02654,0.00022,0.99961,0.02302,-0.00965,-0.03430,0.99910,1.00
24159,0.01565,0.01718,-0.03408,0.99915,0.00829,0.00050,0.00000,0.99997,0.02395,0.01740,-0.03422,0.99898,1.00,0.00829,-0.02656,0.00022,0.99961,0.02302,-0.00965,-0.03440,0.99910,1.00
24171,0.01546,0.01716,-0.03406,0.99915,0.00858,0.00131,-0.00001,0.99996,0.02408,0.01818,-0.03420,0.99896,1.00,0.00858,-0.02576,0.00022,0.99963,0.02315,-0.00888,-0.03437,0.99910,1.00
24182,0.01540,0.01720,-0.03397,0.99916,0.00860,0.00176,-0.00002,0.99996,0.02405,0.01866,-0.03410,0.99895,1.00,0.00858,-0.02531,0.00022,0.99964,0.02312,-0.00839,-0.03428,0.99911,1.00
24193,0.01538,0.01726,-0.03388,0.99916,0.00862,0.00169,-0.00001,0.99996,0.02405,0.01866,-0.03401,0.99896,1.00,0.00860,-0.02538,0.00022,0.99964,0.02312,-0.00840,-0.03419,0.99911,1.00
24204,0.01534,0.01726,-0.03384,0.99916,0.00935,0.00218,-0.00002,0.99995,0.02475,0.01912,-0.03399,0.99893,1.00,0.00932,-0.02489,0.00023,0.99965,0.02381,-0.00794,-0.03414,0.99910,1.00
24214,0.01523,0.01730,-0.03385,0.99916,0.01026,0.00215,-0.00002,0.99995,0.02555,0.01911,-0.03402,0.99891,1.00,0.01024,-0.02492,0.00026,0.99964,0.02462,-0.00795,-0.03414,0.99908,1.00
24226,0.01517,0.01730,-0.03389,0.99916,0.01032,0.00216,-0.00002,0.99994,0.02555,0.01911,-0.03406,0.99891,1.00,0.01030,-0.02491,0.00026,0.99964,0.02462,-0.00795,-0.03418,0.99908,1.00
24236,0.01511,0.01727,-0.03394,0.99916,0.01025,0.00222,-0.00002,0.99995,0.02542,0.01915,-0.03410,0.99891,1.00,0.01023,-0.02485,0.00025,0.99964,0.02449,-0.00791,-0.03422,0.99908,1.00
24247,0.01501,0.01717,-0.03388,0.99917,0.00978,0.00071,-0.00001,0.99995,0.02480,0.01755,-0.03404,0.99896,1.00,0.00976,-0.02636,0.00026,0.99960,0.02386,-0.00950,-0.03417,0.99909,1.00
24260,0.01496,0.01702,-0.03385,0.99917,0.00982,0.00087,-0.00001,0.99995,0.02480,0.01755,-0.03402,0.99896,1.00,0.00980,-0.02620,0.00026,0.99961,0.02386,-0.00950,-0.03414,0.99909,1.00
24270,0.01506,0.01680,-0.03369,0.99918,0.00960,0.00133,-0.00001,0.99995,0.02469,0.01781,-0.03384,0.99896,1.00,0.00957,-0.02574,0.00025,0.99962,0.02375,-0.00925,-0.03398,0.99910,1.00
24282,0.01517,0.01665,-0.03373,0.99918,0.01053,0.00122,-0.00001,0.99994,0.02573,0.01752,-0.03390,0.99894,1.00,0.01051,-0.02585,0.00027,0.99961,0.02479,-0.00954,-0.03401,0.99907,1.00
24293,0.01525,0.01645,-0.03373,0.99918,0.01044,0.00142,-0.00001,0.99994,0.02573,0.01752,-0.03390,0.99894,1.00,0.01041,-0.02564,0.00027,0.99962,0.02479,-0.00954,-0.03402,0.99907,1.00
24303,0.01530,0.01624,-0.03376,0.99918,0.01038,0.00160,-0.00002,0.99994,0.02572,0.01750,-0.03392,0.99894,1.00,0.01036,-0.02547,0.00026,0.99962,0.02479,-0.00956,-0.03405,0.99907,1.00
24314,0.01545,0.01602,-0.03373,0.99918,0.00872,0.00270,-0.00002,0.99996,0.02425,0.01842,-0.03385,0.99896,1.00,0.00870,-0.02437,0.00021,0.99967,0.02332,-0.00863,-0.03402,0.99911,1.00
24325,0.01556,0.01583,-0.03365,0.99919,0.00861,0.00288,-0.00002,0.99996,0.02425,0.01842,-0.03377,0.99897,1.00,0.00859,-0.02419,0.00021,0.99967,0.02332,-0.00863,-0.03395,0.99911,1.00
24337,0.01563,0.01567,-0.03361,0.99919,0.00863,0.00285,-0.00002,0.99996,0.02435,0.01822,-0.03372,0.99897,1.00,0.00861,-0.02422,0.00021,0.99967,0.02342,-0.00883,-0.03390,0.99911,1.00
24348,0.01571,0.01546,-0.03364,0.99919,0.01006,0.00376,-0.00004,0.99994,0.02588,0.01887,-0.03377,0.99892,1.00,0.01004,-0.02332,0.00023,0.99968,0.02495,-0.00818,-0.03392,0.99908,1.00
24360,0.01567,0.01535,-0.03374,0.99919,0.01008,0.00387,-0.00004,0.99994,0.02588,0.01888,-0.03387,0.99891,1.00,0.01007,-0.02320,0.00023,0.99968,0.02495,-0.00818,-0.03401,0.99908,1.00
24371,0.01568,0.01521,-0.03378,0.99919,0.01171,0.00374,-0.00004,0.99992,0.02751,0.01855,-0.03394,0.99887,1.00,0.01170,-0.02333,0.00027,0.99966,0.02658,-0.00851,-0.03404,0.99903,1.00
24381,0.01571,0.01513,-0.03379,0.99919,0.01046,0.00356,-0.00004,0.99994,0.02628,0.01833,-0.03392,0.99891,1.00,0.01045,-0.02351,0.00025,0.99967,0.02536,-0.00873,-0.03406,0.99906,1.00
24393,0.01575,0.01502,-0.03368,0.99920,0.01042,0.00366,-0.00004,0.99994,0.02628,0.01833,-0.03382,0.99891,1.00,0.01040,-0.02341,0.00024,0.99967,0.02536,-0.00873,-0.03395,0.99906,1.00
24404,0.01574,0.01495,-0.03368,0.99920,0.01101,0.00310,-0.00003,0.99993,0.02685,0.01768,-0.03383,0.99891,1.00,0.01099,-0.02397,0.00026,0.99965,0.02592,-0.00938,-0.03395,0.99904,1.00
24414,0.01573,0.01490,-0.03370,0.99920,0.01107,0.00348,-0.00004,0.99993,0.02691,0.01801,-0.03385,0.99890,1.00,0.01106,-0.02360,0.00026,0.99966,0.02598,-0.00906,-0.03397,0.99904,1.00
24426,0.01563,0.01486,-0.03371,0.99920,0.01117,0.00352,-0.00004,0.99993,0.02691,0.01801,-0.03385,0.99890,1.00,0.01115,-0.02355,0.00026,0.99966,0.02598,-0.00906,-0.03397,0.99904,1.00
24436,0.01552,0.01478,-0.03370,0.99920,0.01129,0.00352,-0.00004,0.99993,0.02692,0.01792,-0.03385,0.99890,1.00,0.01127,-0.02355,0.00027,0.99966,0.02599,-0.00914,-0.03396,0.99904,1.00
24448,0.01540,0.01470,-0.03356,0.99921,0.01165,0.00476,-0.00006,0.99992,0.02720,0.01906,-0.03371,0.99888,1.00,0.01163,-0.02232,0.00026,0.99968,0.02627,-0.00800,-0.03381,0.99905,1.00
24460,0.01538,0.01456,-0.03338,0.99922,0.01167,0.00489,-0.00006,0.99992,0.02721,0.01906,-0.03353,0.99889,1.00,0.01164,-0.02218,0.00026,0.99969,0.02627,-0.00800,-0.03362,0.99906,1.00
24470,0.01545,0.01445,-0.03337,0.99922,0.01045,0.00360,-0.00004,0.99994,0.02600,0.01771,-0.03350,0.99894,1.00,0.01042,-0.02347,0.00024,0.99967,0.02507,-0.00935,-0.03363,0.99908,1.00
24481,0.01531,0.01434,-0.03338,0.99922,0.01203,0.00347,-0.00004,0.99992,0.02745,0.01740,-0.03354,0.99891,1.00,0.01201,-0.02360,0.00028,0.99965,0.02652,-0.00966,-0.03362,0.99904,1.00
24494,0.01514,0.01420,-0.03342,0.99923,0.01220,0.00362,-0.00004,0.99992,0.02745,0.01740,-0.03358,0.99891,1.00,0.01218,-0.02346,0.00029,0.99965,0.02652,-0.00966,-0.03365,0.99904,1.00
24504,0.01496,0.01413,-0.03356,0.99922,0.01073,0.00328,-0.00004,0.99994,0.02579,0.01705,-0.03369,0.99895,1.00,0.01072,-0.02379,0.00026,0.99966,0.02487,-0.01001,-0.03380,0.99907,1.00
24515,0.01500,0.01401,-0.03363,0.99922,0.01124,0.00350,-0.00004,0.99993,0.02635,0.01713,-0.03377,0.99894,1.00,0.01123,-0.02357,0.00026,0.99966,0.02543,-0.00993,-0.03386,0.99905,1.00
24527,0.01508,0.01395,-0.03374,0.99922,0.01116,0.00356,-0.00004,0.99993,0.02635,0.01713,-0.03388,0.99893,1.00,0.01116,-0.02351,0.00026,0.99966,0.02543,-0.00993,-0.03398,0.99905,1.00
24538,0.01509,0.01387,-0.03371,0.99922,0.01045,0.00577,-0.00006,0.99993,0.02572,0.01928,-0.03383,0.99891,1.00,0.01045,-0.02131,0.00022,0.99972,0.02481,-0.00778,-0.03394,0.99909,1.00
24548,0.01515,0.01384,-0.03369,0.99922,0.01045,0.00564,-0.00006,0.99993,0.02578,0.01913,-0.03381,0.99891,1.00,0.01045,-0.02143,0.00022,0.99972,0.02486,-0.00793,-0.03393,0.99908,1.00
24560,0.01517,0.01384,-0.03354,0.99923,0.01044,0.00564,-0.00006,0.99993,0.02578,0.01913,-0.03366,0.99892,1.00,0.01042,-0.02144,0.00022,0.99972,0.02486,-0.00793,-0.03378,0.99909,1.00
24571,0.01522,0.01388,-0.03350,0.99923,0.01029,0.00591,-0.00006,0.99993,0.02570,0.01944,-0.03361,0.99892,1.00,0.01027,-0.02117,0.00022,0.99972,0.02477,-0.00763,-0.03374,0.99909,1.00
24581,0.01523,0.01394,-0.03348,0.99923,0.01042,0.00454,-0.00005,0.99994,0.02579,0.01813,-0.03360,0.99894,1.00,0.01040,-0.02254,0.00023,0.99969,0.02486,-0.00893,-0.03372,0.99908,1.00
24593,0.01527,0.01399,-0.03345,0.99923,0.01037,0.00449,-0.00005,0.99994,0.02579,0.01813,-0.03358,0.99894,1.00,0.01035,-0.02258,0.00023,0.99969,0.02486,-0.00893,-0.03370,0.99908,1.00
24604,0.01519,0.01403,-0.03348,0.99923,0.01076,0.00568,-0.00006,0.99993,0.02614,0.01935,-0.03360,0.99891,1.00,0.01075,-0.02139,0.00023,0.99971,0.02522,-0.00771,-0.03371,0.99908,1.00
24616,0.01522,0.01410,-0.03343,0.99923,0.01154,0.00441,-0.00005,0.99992,0.02689,0.01812,-0.03357,0.99891,1.00,0.01152,-0.02267,0.00026,0.99968,0.02596,-0.00895,-0.03366,0.99906,1.00
24628,0.01521,0.01418,-0.03340,0.99923,0.01154,0.00433,-0.00005,0.99992,0.02689,0.01812,-0.03355,0.99891,1.00,0.01152,-0.02275,0.00026,0.99967,0.02596,-0.00895,-0.03364,0.99906,1.00
24637,0.01528,0.01425,-0.03336,0.99923,0.01077,0.00633,-0.00007,0.99992,0.02625,0.02022,-0.03348,0.99889,1.00,0.01075,-0.02074,0.00022,0.99973,0.02533,-0.00684,-0.03360,0.99909,1.00
24649,0.01539,0.01431,-0.03347,0.99922,0.01150,0.00479,-0.00006,0.99992,0.02703,0.01871,-0.03362,0.99889,1.00,0.01149,-0.02229,0.00026,0.99969,0.02612,-0.00835,-0.03371,0.99906,1.00
24661,0.01547,0.01438,-0.03359,0.99921,0.01141,0.00471,-0.00005,0.99992,0.02703,0.01871,-0.03374,0.99889,1.00,0.01141,-0.02236,0.00026,0.99968,0.02612,-0.00835,-0.03384,0.99905,1.00
24671,0.01560,0.01445,-0.03374,0.99920,0.01052,0.00525,-0.00006,0.99993,0.02628,0.01934,-0.03386,0.99889,1.00,0.01052,-0.02183,0.00023,0.99971,0.02538,-0.00772,-0.03399,0.99907,1.00
24682,0.01560,0.01452,-0.03377,0.99920,0.01116,0.00476,-0.00005,0.99993,0.02691,0.01890,-0.03391,0.99888,1.00,0.01116,-0.02232,0.00025,0.99969,0.02600,-0.00816,-0.03402,0.99905,1.00
24694,0.01552,0.01462,-0.03381,0.99920,0.01125,0.00467,-0.00005,0.99993,0.02691,0.01890,-0.03395,0.99888,1.00,0.01125,-0.02241,0.00025,0.99969,0.02600,-0.00816,-0.03406,0.99905,1.00
24705,0.01543,0.01473,-0.03389,0.99920,0.01053,0.00443,-0.00005,0.99993,0.02610,0.01879,-0.03402,0.99890,1.00,0.01054,-0.02265,0.00024,0.99969,0.02519,-0.00827,-0.03415,0.99907,1.00
24716,0.01538,0.01489,-0.03421,0.99919,0.01148,0.00439,-0.00005,0.99992,0.02700,0.01888,-0.03436,0.99887,1.00,0.01150,-0.02269,0.00026,0.99968,0.02609,-0.00818,-0.03446,0.99903,1.00
24728,0.01532,0.01509,-0.03453,0.99917,0.01155,0.00420,-0.00005,0.99992,0.02700,0.01889,-0.03469,0.99885,1.00,0.01158,-0.02287,0.00026,0.99967,0.02610,-0.00817,-0.03478,0.99902,1.00
24738,0.01519,0.01519,-0.03461,0.99917,0.01240,0.00426,-0.00005,0.99991,0.02772,0.01901,-0.03478,0.99883,1.00,0.01243,-0.02282,0.00028,0.99966,0.02681,-0.00805,-0.03485,0.99900,1.00
24749,0.01506,0.01543,-0.03468,0.99917,0.01247,0.00368,-0.00005,0.99992,0.02764,0.01867,-0.03486,0.99884,1.00,0.01249,-0.02340,0.00029,0.99965,0.02672,-0.00839,-0.03492,0.99900,1.00
24761,0.01496,0.01560,-0.03465,0.99917,0.01257,0.00351,-0.00004,0.99991,0.02764,0.01867,-0.03484,0.99884,1.00,0.01259,-0.02357,0.00030,0.99964,0.02672,-0.00840,-0.03489,0.99900,1.00
24772,0.01489,0.01586,-0.03473,0.99916,0.01254,0.00322,-0.00004,0.99992,0.02753,0.01864,-0.03492,0.99884,1.00,0.01255,-0.02386,0.00030,0.99964,0.02660,-0.00842,-0.03497,0.99900,1.00
24783,0.01482,0.01607,-0.03479,0.99916,0.01241,0.00326,-0.00004,0.99992,0.02732,0.01889,-0.03497,0.99884,1.00,0.01240,-0.02382,0.00030,0.99964,0.02638,-0.00817,-0.03503,0.99900,1.00
24794,0.01489,0.01631,-0.03488,0.99915,0.01234,0.00302,-0.00004,0.99992,0.02732,0.01890,-0.03507,0.99883,1.00,0.01234,-0.02405,0.00030,0.99963,0.02638,-0.00817,-0.03513,0.99900,1.00
24805,0.01490,0.01644,-0.03495,0.99914,0.01378,0.00317,-0.00004,0.99990,0.02878,0.01913,-0.03517,0.99878,1.00,0.01378,-0.02390,0.00033,0.99962,0.02783,-0.00793,-0.03519,0.99896,1.00
24816,0.01495,0.01660,-0.03498,0.99914,0.01371,0.00284,-0.00004,0.99990,0.02875,0.01896,-0.03520,0.99879,1.00,0.01371,-0.02424,0.00033,0.99961,0.02780,-0.00811,-0.03523,0.99896,1.00
24827,0.01493,0.01670,-0.03498,0.99914,0.01374,0.00274,-0.00004,0.99990,0.02875,0.01896,-0.03520,0.99879,1.00,0.01374,-0.02434,0.00033,0.99961,0.02780,-0.00811,-0.03522,0.99896,1.00
24839,0.01496,0.01671,-0.03506,0.99913,0.01369,0.00277,-0.00004,0.99990,0.02872,0.01900,-0.03528,0.99878,1.00,0.01368,-0.02431,0.00033,0.99961,0.02777,-0.00806,-0.03531,0.99896,1.00
24849,0.01487,0.01676,-0.03517,0.99913,0.01411,0.00295,-0.00004,0.99990,0.02907,0.01922,-0.03540,0.99877,1.00,0.01411,-0.02412,0.00034,0.99961,0.02812,-0.00785,-0.03542,0.99895,1.00
24861,0.01483,0.01676,-0.03526,0.99913,0.01415,0.00297,-0.00004,0.99990,0.02907,0.01922,-0.03549,0.99876,1.00,0.01415,-0.02411,0.00034,0.99961,0.02812,-0.00784,-0.03550,0.99894,1.00
24872,0.01480,0.01670,-0.03543,0.99912,0.01169,0.00265,-0.00003,0.99993,0.02658,0.01893,-0.03562,0.99883,1.00,0.01170,-0.02443,0.00029,0.99963,0.02562,-0.00813,-0.03569,0.99900,1.00
24883,0.01481,0.01659,-0.03559,0.99912,0.01219,0.00348,-0.00004,0.99992,0.02712,0.01964,-0.03578,0.99880,1.00,0.01220,-0.02359,0.00029,0.99965,0.02616,-0.00742,-0.03584,0.99899,1.00
24894,0.01477,0.01655,-0.03573,0.99912,0.01223,0.00354,-0.00004,0.99992,0.02711,0.01964,-0.03592,0.99879,1.00,0.01225,-0.02354,0.00029,0.99965,0.02616,-0.00742,-0.03598,0.99898,1.00
24906,0.01475,0.01651,-0.03578,0.99911,0.01167,0.00283,-0.00003,0.99993,0.02650,0.01892,-0.03596,0.99882,1.00,0.01168,-0.02424,0.00028,0.99964,0.02555,-0.00814,-0.03604,0.99899,1.00
24917,0.01468,0.01650,-0.03583,0.99911,0.01226,0.00281,-0.00003,0.99992,0.02703,0.01887,-0.03602,0.99881,1.00,0.01226,-0.02427,0.00030,0.99963,0.02606,-0.00819,-0.03608,0.99898,1.00
24928,0.01463,0.01652,-0.03587,0.99911,0.01231,0.00279,-0.00003,0.99992,0.02703,0.01887,-0.03607,0.99881,1.00,0.01231,-0.02428,0.00030,0.99963,0.02606,-0.00819,-0.03612,0.99897,1.00
24939,0.01459,0.01658,-0.03589,0.99911,0.01442,0.00223,-0.00003,0.99989,0.02907,0.01829,-0.03612,0.99876,1.00,0.01441,-0.02484,0.00036,0.99959,0.02810,-0.00877,-0.03612,0.99891,1.00
24950,0.01454,0.01662,-0.03588,0.99911,0.01441,0.00264,-0.00004,0.99989,0.02903,0.01874,-0.03612,0.99875,1.00,0.01440,-0.02444,0.00035,0.99960,0.02805,-0.00833,-0.03611,0.99892,1.00
24961,0.01456,0.01670,-0.03586,0.99911,0.01439,0.00256,-0.00004,0.99989,0.02903,0.01874,-0.03610,0.99875,1.00,0.01438,-0.02452,0.00035,0.99960,0.02805,-0.00833,-0.03609,0.99892,1.00
24972,0.01459,0.01673,-0.03585,0.99911,0.01430,0.00210,-0.00003,0.99990,0.02896,0.01831,-0.03608,0.99876,1.00,0.01428,-0.02498,0.00036,0.99959,0.02797,-0.00875,-0.03608,0.99892,1.00
24983,0.01463,0.01675,-0.03580,0.99911,0.01448,0.00211,-0.00003,0.99989,0.02917,0.01833,-0.03604,0.99876,1.00,0.01446,-0.02497,0.00036,0.99958,0.02818,-0.00873,-0.03603,0.99892,1.00
24994,0.01471,0.01675,-0.03590,0.99911,0.01440,0.00211,-0.00003,0.99989,0.02917,0.01833,-0.03613,0.99875,1.00,0.01438,-0.02497,0.00036,0.99958,0.02818,-0.00873,-0.03613,0.99891,1.00
25006,0.01486,0.01667,-0.03597,0.99910,0.01425,0.00222,-0.00003,0.99990,0.02917,0.01838,-0.03620,0.99875,1.00,0.01423,-0.02485,0.00035,0.99959,0.02819,-0.00868,-0.03621,0.99891,1.00
25017,0.01501,0.01649,-0.03613,0.99910,0.01434,0.00260,-0.00004,0.99989,0.02943,0.01857,-0.03636,0.99873,1.00,0.01433,-0.02447,0.00035,0.99960,0.02845,-0.00849,-0.03637,0.99890,1.00
25028,0.01520,0.01631,-0.03605,0.99910,0.01415,0.00277,-0.00004,0.99990,0.02943,0.01857,-0.03627,0.99874,1.00,0.01413,-0.02430,0.00034,0.99960,0.02845,-0.00849,-0.03629,0.99890,1.00
25039,0.01536,0.01602,-0.03608,0.99910,0.01353,0.00301,-0.00004,0.99990,0.02898,0.01854,-0.03629,0.99875,1.00,0.01351,-0.02407,0.00033,0.99962,0.02799,-0.00852,-0.03633,0.99891,1.00
25050,0.01542,0.01577,-0.03605,0.99911,0.01420,0.00390,-0.00006,0.99989,0.02975,0.01915,-0.03627,0.99872,1.00,0.01419,-0.02318,0.00033,0.99963,0.02876,-0.00791,-0.03629,0.99890,1.00
25061,0.01554,0.01550,-0.03617,0.99910,0.01408,0.00417,-0.00006,0.99989,0.02975,0.01915,-0.03638,0.99871,1.00,0.01407,-0.02291,0.00032,0.99964,0.02876,-0.00791,-0.03641,0.99889,1.00
25072,0.01544,0.01527,-0.03619,0.99911,0.01335,0.00548,-0.00007,0.99990,0.02897,0.02026,-0.03638,0.99871,1.00,0.01334,-0.02160,0.00029,0.99968,0.02798,-0.00680,-0.03642,0.99892,1.00
25083,0.01539,0.01499,-0.03630,0.99911,0.01239,0.00839,-0.00010,0.99989,0.02808,0.02293,-0.03646,0.99868,1.00,0.01239,-0.01869,0.00023,0.99975,0.02710,-0.00413,-0.03654,0.99896,1.00
25094,0.01531,0.01476,-0.03655,0.99911,0.01245,0.00864,-0.00011,0.99989,0.02807,0.02294,-0.03670,0.99867,1.00,0.01247,-0.01844,0.00023,0.99975,0.02710,-0.00413,-0.03678,0.99895,1.00
25106,0.01542,0.01452,-0.03681,0.99910,0.01229,0.00912,-0.00011,0.99988,0.02803,0.02318,-0.03696,0.99866,1.00,0.01231,-0.01796,0.00022,0.99976,0.02706,-0.00388,-0.03704,0.99894,1.00
25117,0.01548,0.01433,-0.03692,0.99910,0.01224,0.00835,-0.00010,0.99989,0.02802,0.02223,-0.03706,0.99867,1.00,0.01226,-0.01873,0.00023,0.99975,0.02704,-0.00484,-0.03715,0.99893,1.00
25128,0.01572,0.01412,-0.03676,0.99910,0.01200,0.00855,-0.00010,0.99989,0.02802,0.02222,-0.03690,0.99868,1.00,0.01201,-0.01853,0.00022,0.99976,0.02704,-0.00484,-0.03699,0.99894,1.00
25139,0.01598,0.01399,-0.03670,0.99910,0.01111,0.00923,-0.00010,0.99990,0.02741,0.02280,-0.03681,0.99869,1.00,0.01111,-0.01785,0.00020,0.99978,0.02642,-0.00426,-0.03694,0.99896,1.00
25150,0.01632,0.01389,-0.03672,0.99910,0.01063,0.00907,-0.00010,0.99990,0.02727,0.02256,-0.03681,0.99870,1.00,0.01063,-0.01801,0.00019,0.99978,0.02627,-0.00450,-0.03696,0.99896,1.00
25162,0.01659,0.01385,-0.03691,0.99909,0.01035,0.00910,-0.00009,0.99991,0.02726,0.02256,-0.03699,0.99869,1.00,0.01036,-0.01797,0.00019,0.99978,0.02627,-0.00450,-0.03716,0.99895,1.00
25173,0.01673,0.01385,-0.03693,0.99908,0.00989,0.00883,-0.00009,0.99991,0.02694,0.02231,-0.03700,0.99870,1.00,0.00990,-0.01825,0.00018,0.99978,0.02594,-0.00475,-0.03718,0.99896,1.00
25184,0.01685,0.01379,-0.03688,0.99908,0.01069,0.00919,-0.00010,0.99990,0.02786,0.02258,-0.03696,0.99867,1.00,0.01068,-0.01789,0.00019,0.99978,0.02686,-0.00448,-0.03713,0.99894,1.00
25195,0.01688,0.01374,-0.03678,0.99909,0.01066,0.00924,-0.00010,0.99990,0.02786,0.02258,-0.03687,0.99868,1.00,0.01065,-0.01784,0.00019,0.99978,0.02686,-0.00448,-0.03703,0.99894,1.00
25206,0.01687,0.01372,-0.03670,0.99909,0.01100,0.00914,-0.00010,0.99990,0.02820,0.02244,-0.03679,0.99867,1.00,0.01099,-0.01794,0.00020,0.99978,0.02719,-0.00462,-0.03695,0.99894,1.00
25217,0.01690,0.01367,-0.03667,0.99909,0.01141,0.00910,-0.00010,0.99989,0.02863,0.02235,-0.03677,0.99866,1.00,0.01140,-0.01798,0.00020,0.99977,0.02763,-0.00472,-0.03691,0.99893,1.00
25228,0.01688,0.01364,-0.03668,0.99909,0.01143,0.00913,-0.00010,0.99989,0.02863,0.02235,-0.03678,0.99866,1.00,0.01142,-0.01795,0.00020,0.99977,0.02763,-0.00472,-0.03693,0.99892,1.00
25240,0.01684,0.01359,-0.03680,0.99909,0.01136,0.00864,-0.00010,0.99990,0.02851,0.02181,-0.03690,0.99867,1.00,0.01135,-0.01844,0.00021,0.99977,0.02751,-0.00526,-0.03705,0.99892,1.00
25252,0.01685,0.01351,-0.03693,0.99908,0.01182,0.00835,-0.00010,0.99990,0.02896,0.02142,-0.03705,0.99866,1.00,0.01182,-0.01873,0.00022,0.99975,0.02797,-0.00564,-0.03718,0.99890,1.00
25261,0.01684,0.01349,-0.03703,0.99908,0.01182,0.00838,-0.00010,0.99990,0.02896,0.02142,-0.03714,0.99866,1.00,0.01183,-0.01870,0.00022,0.99976,0.02797,-0.00564,-0.03727,0.99890,1.00
25272,0.01668,0.01342,-0.03698,0.99909,0.01155,0.00870,-0.00010,0.99990,0.02853,0.02168,-0.03709,0.99867,1.00,0.01155,-0.01838,0.00021,0.99976,0.02753,-0.00538,-0.03722,0.99891,1.00
25285,0.01639,0.01340,-0.03695,0.99909,0.01079,0.00950,-0.00010,0.99990,0.02751,0.02250,-0.03704,0.99868,1.00,0.01078,-0.01757,0.00019,0.99979,0.02651,-0.00457,-0.03719,0.99895,1.00
25296,0.01621,0.01344,-0.03700,0.99909,0.01096,0.00947,-0.00010,0.99990,0.02751,0.02250,-0.03709,0.99868,1.00,0.01096,-0.01761,0.00019,0.99978,0.02651,-0.00456,-0.03723,0.99894,1.00
25307,0.01604,0.01349,-0.03726,0.99909,0.01101,0.00936,-0.00010,0.99990,0.02739,0.02243,-0.03736,0.99867,1.00,0.01103,-0.01772,0.00020,0.99978,0.02640,-0.00463,-0.03749,0.99894,1.00
25319,0.01581,0.01350,-0.03735,0.99909,0.01105,0.00910,-0.00010,0.99990,0.02719,0.02218,-0.03745,0.99868,1.00,0.01107,-0.01798,0.00020,0.99978,0.02619,-0.00488,-0.03757,0.99894,1.00
25330,0.01559,0.01360,-0.03729,0.99909,0.01127,0.00901,-0.00010,0.99990,0.02719,0.02218,-0.03740,0.99868,1.00,0.01128,-0.01807,0.00020,0.99977,0.02619,-0.00488,-0.03752,0.99894,1.00
25341,0.01538,0.01362,-0.03722,0.99910,0.01156,0.00867,-0.00010,0.99990,0.02724,0.02186,-0.03734,0.99869,1.00,0.01156,-0.01840,0.00021,0.99976,0.02624,-0.00520,-0.03744,0.99894,1.00
25352,0.01521,0.01377,-0.03718,0.99910,0.01229,0.00856,-0.00011,0.99989,0.02780,0.02186,-0.03732,0.99868,1.00,0.01229,-0.01852,0.00023,0.99975,0.02679,-0.00520,-0.03739,0.99893,1.00
25363,0.01504,0.01387,-0.03720,0.99910,0.01247,0.00847,-0.00011,0.99989,0.02780,0.02186,-0.03734,0.99868,1.00,0.01246,-0.01861,0.00023,0.99975,0.02679,-0.00520,-0.03741,0.99893,1.00
25375,0.01489,0.01400,-0.03716,0.99910,0.01232,0.00937,-0.00012,0.99988,0.02755,0.02290,-0.03730,0.99866,1.00,0.01231,-0.01771,0.00022,0.99977,0.02654,-0.00416,-0.03737,0.99894,1.00
25386,0.01473,0.01405,-0.03721,0.99910,0.01224,0.00943,-0.00012,0.99988,0.02731,0.02302,-0.03735,0.99866,1.00,0.01224,-0.01765,0.00022,0.99977,0.02630,-0.00404,-0.03741,0.99895,1.00
25397,0.01460,0.01410,-0.03710,0.99911,0.01191,0.00951,-0.00011,0.99988,0.02685,0.02316,-0.03724,0.99868,1.00,0.01190,-0.01757,0.00021,0.99977,0.02584,-0.00390,-0.03731,0.99896,1.00
25409,0.01454,0.01412,-0.03703,0.99911,0.01198,0.00949,-0.00011,0.99988,0.02685,0.02316,-0.03717,0.99868,1.00,0.01197,-0.01759,0.00021,0.99977,0.02584,-0.00390,-0.03724,0.99896,1.00
25420,0.01444,0.01417,-0.03692,0.99911,0.01184,0.00875,-0.00010,0.99989,0.02659,0.02248,-0.03706,0.99871,1.00,0.01182,-0.01833,0.00022,0.99976,0.02557,-0.00459,-0.03713,0.99897,1.00
25430,0.01437,0.01420,-0.03696,0.99911,0.01171,0.00935,-0.00011,0.99989,0.02641,0.02311,-0.03709,0.99870,1.00,0.01170,-0.01773,0.00021,0.99977,0.02540,-0.00395,-0.03716,0.99898,1.00
25442,0.01427,0.01415,-0.03683,0.99912,0.01181,0.00940,-0.00011,0.99989,0.02641,0.02311,-0.03697,0.99870,1.00,0.01179,-0.01768,0.00021,0.99977,0.02540,-0.00395,-0.03703,0.99898,1.00
25453,0.01419,0.01416,-0.03686,0.99912,0.01097,0.00946,-0.00010,0.99990,0.02550,0.02320,-0.03698,0.99872,1.00,0.01096,-0.01762,0.00019,0.99978,0.02449,-0.00386,-0.03707,0.99901,1.00
25464,0.01413,0.01418,-0.03687,0.99912,0.01145,0.00946,-0.00011,0.99989,0.02591,0.02321,-0.03700,0.99871,1.00,0.01144,-0.01762,0.00020,0.99978,0.02491,-0.00385,-0.03707,0.99899,1.00
25474,0.01410,0.01418,-0.03690,0.99912,0.01148,0.00947,-0.00011,0.99989,0.02591,0.02321,-0.03703,0.99871,1.00,0.01147,-0.01761,0.00020,0.99978,0.02491,-0.00385,-0.03710,0.99899,1.00
25486,0.01410,0.01423,-0.03693,0.99912,0.01135,0.00742,-0.00008,0.99991,0.02571,0.02122,-0.03706,0.99876,1.00,0.01134,-0.01966,0.00022,0.99974,0.02471,-0.00584,-0.03713,0.99899,1.00
25497,0.01414,0.01432,-0.03695,0.99911,0.01294,0.00426,-0.00006,0.99991,0.02723,0.01810,-0.03712,0.99878,1.00,0.01293,-0.02281,0.00030,0.99966,0.02622,-0.00896,-0.03715,0.99893,1.00
25510,0.01415,0.01440,-0.03701,0.99911,0.01294,0.00418,-0.00005,0.99991,0.02723,0.01810,-0.03718,0.99877,1.00,0.01293,-0.02289,0.00030,0.99965,0.02622,-0.00896,-0.03721,0.99892,1.00
25520,0.01412,0.01457,-0.03704,0.99911,0.01294,0.00388,-0.00005,0.99991,0.02719,0.01796,-0.03722,0.99878,1.00,0.01293,-0.02320,0.00030,0.99965,0.02618,-0.00910,-0.03724,0.99892,1.00
25531,0.01411,0.01479,-0.03709,0.99910,0.01296,0.00366,-0.00005,0.99991,0.02719,0.01796,-0.03727,0.99877,1.00,0.01295,-0.02342,0.00030,0.99964,0.02618,-0.00910,-0.03729,0.99892,1.00
25543,0.01408,0.01498,-0.03707,0.99910,0.01488,0.00172,-0.00003,0.99989,0.02900,0.01615,-0.03729,0.99875,1.00,0.01486,-0.02535,0.00038,0.99957,0.02799,-0.01091,-0.03726,0.99885,1.00
25554,0.01405,0.01517,-0.03705,0.99910,0.01133,0.00115,-0.00001,0.99994,0.02541,0.01590,-0.03722,0.99886,1.00,0.01132,-0.02592,0.00029,0.99960,0.02440,-0.01115,-0.03728,0.99894,1.00
25564,0.01399,0.01538,-0.03698,0.99910,0.01533,0.00118,-0.00002,0.99988,0.02935,0.01599,-0.03722,0.99875,1.00,0.01531,-0.02590,0.00040,0.99955,0.02833,-0.01107,-0.03717,0.99885,1.00
25576,0.01390,0.01555,-0.03690,0.99910,0.01544,0.00102,-0.00002,0.99988,0.02936,0.01599,-0.03713,0.99875,1.00,0.01541,-0.02606,0.00040,0.99954,0.02833,-0.01107,-0.03708,0.99885,1.00
25586,0.01379,0.01569,-0.03683,0.99910,0.01351,0.00096,-0.00001,0.99991,0.02731,0.01616,-0.03704,0.99881,1.00,0.01347,-0.02611,0.00035,0.99957,0.02629,-0.01090,-0.03703,0.99891,1.00
25598,0.01366,0.01577,-0.03676,0.99911,0.01453,0.00116,-0.00002,0.99989,0.02822,0.01640,-0.03699,0.99878,1.00,0.01449,-0.02591,0.00038,0.99956,0.02719,-0.01066,-0.03695,0.99889,1.00
25610,0.01353,0.01581,-0.03672,0.99911,0.01467,0.00112,-0.00002,0.99989,0.02822,0.01640,-0.03695,0.99878,1.00,0.01463,-0.02595,0.00038,0.99956,0.02719,-0.01066,-0.03691,0.99889,1.00
25620,0.01337,0.01585,-0.03674,0.99911,0.01386,0.00088,-0.00001,0.99990,0.02725,0.01622,-0.03695,0.99881,1.00,0.01383,-0.02619,0.00036,0.99956,0.02622,-0.01084,-0.03693,0.99892,1.00
25631,0.01324,0.01585,-0.03673,0.99911,0.01382,0.00105,-0.00001,0.99990,0.02708,0.01639,-0.03694,0.99882,1.00,0.01379,-0.02602,0.00036,0.99957,0.02606,-0.01067,-0.03691,0.99892,1.00
25643,0.01319,0.01578,-0.03660,0.99912,0.01387,0.00111,-0.00002,0.99990,0.02709,0.01639,-0.03681,0.99882,1.00,0.01384,-0.02596,0.00036,0.99957,0.02606,-0.01067,-0.03678,0.99893,1.00
25654,0.01324,0.01574,-0.03651,0.99912,0.01166,0.00112,-0.00001,0.99993,0.02493,0.01642,-0.03669,0.99888,1.00,0.01163,-0.02595,0.00030,0.99960,0.02391,-0.01063,-0.03672,0.99898,1.00
25665,0.01335,0.01563,-0.03642,0.99913,0.01141,0.00076,-0.00001,0.99993,0.02477,0.01598,-0.03660,0.99890,1.00,0.01138,-0.02631,0.00030,0.99959,0.02375,-0.01108,-0.03664,0.99898,1.00
25676,0.01344,0.01554,-0.03641,0.99913,0.01131,0.00085,-0.00001,0.99994,0.02477,0.01598,-0.03659,0.99890,1.00,0.01128,-0.02622,0.00030,0.99959,0.02375,-0.01108,-0.03663,0.99899,1.00
25687,0.01341,0.01545,-0.03638,0.99913,0.01249,0.00046,-0.00001,0.99992,0.02590,0.01545,-0.03657,0.99888,1.00,0.01245,-0.02661,0.00033,0.99957,0.02488,-0.01161,-0.03658,0.99895,1.00
25697,0.01340,0.01534,-0.03643,0.99913,0.01335,0.00092,-0.00001,0.99991,0.02677,0.01577,-0.03663,0.99885,1.00,0.01332,-0.02616,0.00035,0.99957,0.02575,-0.01129,-0.03662,0.99893,1.00
25709,0.01344,0.01530,-0.03654,0.99912,0.01330,0.00096,-0.00001,0.99991,0.02676,0.01577,-0.03674,0.99884,1.00,0.01328,-0.02611,0.00035,0.99957,0.02575,-0.01129,-0.03673,0.99893,1.00
25720,0.01363,0.01527,-0.03664,0.99912,0.01443,0.00207,-0.00003,0.99989,0.02812,0.01681,-0.03686,0.99878,1.00,0.01442,-0.02501,0.00036,0.99958,0.02712,-0.01025,-0.03683,0.99890,1.00
25732,0.01394,0.01533,-0.03663,0.99911,0.01412,0.00200,-0.00003,0.99990,0.02812,0.01681,-0.03685,0.99878,1.00,0.01410,-0.02507,0.00035,0.99959,0.02712,-0.01025,-0.03683,0.99890,1.00
25743,0.01420,0.01535,-0.03652,0.99911,0.01392,0.00187,-0.00003,0.99990,0.02818,0.01671,-0.03673,0.99879,1.00,0.01390,-0.02521,0.00035,0.99959,0.02717,-0.01035,-0.03673,0.99890,1.00
25754,0.01441,0.01546,-0.03639,0.99911,0.01306,0.00037,0.00000,0.99991,0.02747,0.01535,-0.03659,0.99884,1.00,0.01302,-0.02670,0.00035,0.99956,0.02645,-0.01171,-0.03661,0.99891,1.00
25764,0.01467,0.01555,-0.03629,0.99911,0.01306,0.00028,0.00000,0.99991,0.02773,0.01535,-0.03649,0.99883,1.00,0.01303,-0.02679,0.00035,0.99956,0.02671,-0.01171,-0.03652,0.99891,1.00
25776,0.01484,0.01562,-0.03627,0.99911,0.01289,0.00019,0.00000,0.99992,0.02773,0.01535,-0.03647,0.99883,1.00,0.01286,-0.02688,0.00035,0.99956,0.02671,-0.01171,-0.03651,0.99891,1.00
25787,0.01497,0.01569,-0.03625,0.99911,0.01308,-0.00048,0.00001,0.99991,0.02802,0.01474,-0.03646,0.99883,1.00,0.01304,-0.02755,0.00036,0.99954,0.02700,-0.01232,-0.03650,0.99889,1.00
25798,0.01503,0.01576,-0.03623,0.99911,0.01438,0.00034,0.00000,0.99990,0.02941,0.01557,-0.03646,0.99878,1.00,0.01435,-0.02674,0.00038,0.99954,0.02839,-0.01149,-0.03646,0.99887,1.00
25810,0.01510,0.01572,-0.03612,0.99911,0.01431,0.00036,-0.00001,0.99990,0.02941,0.01556,-0.03634,0.99879,1.00,0.01427,-0.02671,0.00038,0.99954,0.02839,-0.01149,-0.03635,0.99887,1.00
25820,0.01526,0.01573,-0.03597,0.99911,0.01303,-0.00031,0.00000,0.99992,0.02827,0.01494,-0.03617,0.99883,1.00,0.01299,-0.02738,0.00036,0.99954,0.02725,-0.01211,-0.03622,0.99890,1.00
25831,0.01543,0.01572,-0.03600,0.99911,0.01333,0.00190,-0.00003,0.99991,0.02881,0.01714,-0.03620,0.99878,1.00,0.01330,-0.02517,0.00033,0.99959,0.02781,-0.00992,-0.03625,0.99891,1.00
25843,0.01571,0.01568,-0.03606,0.99910,0.01305,0.00193,-0.00003,0.99991,0.02881,0.01714,-0.03626,0.99878,1.00,0.01302,-0.02514,0.00033,0.99960,0.02781,-0.00992,-0.03632,0.99890,1.00
25854,0.01585,0.01565,-0.03625,0.99909,0.01282,0.00008,0.00000,0.99992,0.02866,0.01526,-0.03645,0.99881,1.00,0.01281,-0.02699,0.00035,0.99955,0.02767,-0.01180,-0.03652,0.99888,1.00
25864,0.01615,0.01563,-0.03638,0.99909,0.01185,0.00009,0.00000,0.99993,0.02800,0.01529,-0.03656,0.99882,1.00,0.01185,-0.02698,0.00032,0.99957,0.02701,-0.01176,-0.03667,0.99889,1.00
25876,0.01636,0.01562,-0.03643,0.99908,0.01165,0.00010,0.00000,0.99993,0.02800,0.01529,-0.03661,0.99882,1.00,0.01164,-0.02697,0.00031,0.99957,0.02701,-0.01176,-0.03672,0.99889,1.00
25887,0.01644,0.01561,-0.03639,0.99908,0.01109,0.00006,0.00000,0.99994,0.02752,0.01527,-0.03656,0.99884,1.00,0.01108,-0.02700,0.00030,0.99957,0.02652,-0.01179,-0.03669,0.99891,1.00
25898,0.01642,0.01555,-0.03640,0.99908,0.01218,0.00020,0.00000,0.99993,0.02860,0.01531,-0.03658,0.99880,1.00,0.01216,-0.02687,0.00033,0.99957,0.02759,-0.01175,-0.03668,0.99888,1.00
25910,0.01651,0.01555,-0.03648,0.99908,0.01209,0.00020,0.00000,0.99993,0.02860,0.01531,-0.03667,0.99880,1.00,0.01208,-0.02687,0.00032,0.99957,0.02760,-0.01175,-0.03677,0.99887,1.00
25920,0.01641,0.01554,-0.03659,0.99907,0.01162,0.00245,-0.00003,0.99993,0.02811,0.01757,-0.03675,0.99877,1.00,0.01161,-0.02462,0.00029,0.99963,0.02711,-0.00949,-0.03687,0.99891,1.00
25931,0.01625,0.01550,-0.03660,0.99908,0.01178,0.00250,-0.00003,0.99993,0.02811,0.01757,-0.03677,0.99877,1.00,0.01178,-0.02457,0.00029,0.99963,0.02711,-0.00949,-0.03688,0.99891,1.00
25943,0.01606,0.01541,-0.03649,0.99909,0.01103,0.00314,-0.00003,0.99993,0.02720,0.01815,-0.03665,0.99879,1.00,0.01102,-0.02393,0.00026,0.99965,0.02620,-0.00891,-0.03677,0.99894,1.00
25953,0.01589,0.01532,-0.03623,0.99910,0.01118,0.00319,-0.00004,0.99993,0.02718,0.01810,-0.03638,0.99880,1.00,0.01115,-0.02388,0.00027,0.99965,0.02617,-0.00895,-0.03650,0.99895,1.00
25965,0.01578,0.01526,-0.03619,0.99910,0.01306,0.00210,-0.00003,0.99991,0.02890,0.01689,-0.03638,0.99878,1.00,0.01302,-0.02497,0.00033,0.99960,0.02789,-0.01017,-0.03644,0.99889,1.00
25977,0.01577,0.01515,-0.03612,0.99911,0.01307,0.00222,-0.00003,0.99991,0.02891,0.01689,-0.03631,0.99878,1.00,0.01303,-0.02485,0.00032,0.99961,0.02789,-0.01017,-0.03637,0.99890,1.00
25987,0.01574,0.01498,-0.03613,0.99911,0.01294,0.00210,-0.00003,0.99991,0.02875,0.01661,-0.03631,0.99879,1.00,0.01291,-0.02497,0.00032,0.99960,0.02774,-0.01044,-0.03638,0.99890,1.00
25998,0.01567,0.01479,-0.03605,0.99912,0.01272,0.00217,-0.00003,0.99992,0.02845,0.01650,-0.03622,0.99880,1.00,0.01268,-0.02491,0.00032,0.99961,0.02745,-0.01056,-0.03629,0.99891,1.00
26010,0.01566,0.01461,-0.03594,0.99912,0.01272,0.00234,-0.00003,0.99992,0.02845,0.01649,-0.03612,0.99881,1.00,0.01268,-0.02473,0.00031,0.99961,0.02744,-0.01056,-0.03619,0.99891,1.00
26020,0.01551,0.01436,-0.03587,0.99913,0.01258,0.00296,-0.00004,0.99992,0.02819,0.01686,-0.03604,0.99881,1.00,0.01255,-0.02412,0.00030,0.99963,0.02718,-0.01020,-0.03611,0.99893,1.00
26032,0.01530,0.01416,-0.03578,0.99914,0.01229,0.00294,-0.00004,0.99992,0.02768,0.01666,-0.03595,0.99883,1.00,0.01226,-0.02413,0.00030,0.99963,0.02668,-0.01040,-0.03602,0.99894,1.00
26044,0.01515,0.01394,-0.03571,0.99915,0.01244,0.00317,-0.00004,0.99992,0.02768,0.01666,-0.03587,0.99883,1.00,0.01240,-0.02390,0.00030,0.99964,0.02668,-0.01040,-0.03593,0.99894,1.00
26054,0.01497,0.01369,-0.03567,0.99916,0.01289,0.00307,-0.00004,0.99991,0.02796,0.01630,-0.03583,0.99883,1.00,0.01285,-0.02400,0.00031,0.99963,0.02696,-0.01076,-0.03588,0.99893,1.00
26065,0.01486,0.01347,-0.03563,0.99916,0.01238,0.00306,-0.00004,0.99992,0.02734,0.01609,-0.03579,0.99886,1.00,0.01235,-0.02401,0.00030,0.99964,0.02634,-0.01097,-0.03584,0.99895,1.00
26077,0.01474,0.01326,-0.03560,0.99917,0.01249,0.00327,-0.00004,0.99992,0.02734,0.01609,-0.03576,0.99886,1.00,0.01246,-0.02380,0.00030,0.99964,0.02634,-0.01097,-0.03581,0.99895,1.00
26088,0.01464,0.01306,-0.03561,0.99917,0.01238,0.00291,-0.00004,0.99992,0.02711,0.01553,-0.03576,0.99887,1.00,0.01235,-0.02416,0.00030,0.99963,0.02612,-0.01153,-0.03581,0.99895,1.00
26099,0.01459,0.01289,-0.03557,0.99918,0.01144,0.00303,-0.00003,0.99993,0.02612,0.01552,-0.03570,0.99890,1.00,0.01142,-0.02404,0.00027,0.99965,0.02514,-0.01154,-0.03578,0.99898,1.00
26110,0.01452,0.01282,-0.03558,0.99918,0.01150,0.00311,-0.00004,0.99993,0.02612,0.01552,-0.03572,0.99890,1.00,0.01148,-0.02397,0.00028,0.99965,0.02514,-0.01154,-0.03579,0.99898,1.00
26121,0.01455,0.01271,-0.03555,0.99918,0.01131,0.00528,-0.00006,0.99992,0.02603,0.01758,-0.03567,0.99887,1.00,0.01129,-0.02180,0.00025,0.99970,0.02505,-0.00948,-0.03575,0.99900,1.00
26131,0.01449,0.01267,-0.03555,0.99918,0.01136,0.00532,-0.00006,0.99992,0.02603,0.01758,-0.03567,0.99887,1.00,0.01135,-0.02175,0.00025,0.99970,0.02505,-0.00948,-0.03575,0.99900,1.00
26144,0.01441,0.01261,-0.03551,0.99919,0.01199,0.00802,-0.00010,0.99990,0.02668,0.02019,-0.03564,0.99880,1.00,0.01198,-0.01906,0.00023,0.99975,0.02571,-0.00687,-0.03570,0.99901,1.00
26154,0.01428,0.01262,-0.03550,0.99919,0.01313,0.00782,-0.00010,0.99988,0.02767,0.01997,-0.03565,0.99878,1.00,0.01311,-0.01926,0.00025,0.99973,0.02670,-0.00710,-0.03567,0.99898,1.00
26165,0.01414,0.01267,-0.03549,0.99919,0.01211,-0.00525,0.00006,0.99991,0.02605,0.00699,-0.03565,0.99900,1.00,0.01207,-0.03231,0.00039,0.99940,0.02506,-0.02006,-0.03569,0.99885,1.00
26177,0.01401,0.01273,-0.03549,0.99919,0.01224,-0.00531,0.00007,0.99991,0.02605,0.00699,-0.03565,0.99900,1.00,0.01221,-0.03237,0.00040,0.99940,0.02506,-0.02006,-0.03569,0.99885,1.00
26187,0.01380,0.01279,-0.03545,0.99919,0.00919,-0.00541,0.00005,0.99994,0.02279,0.00706,-0.03559,0.99908,1.00,0.00916,-0.03247,0.00030,0.99943,0.02180,-0.01999,-0.03569,0.99893,1.00
26198,0.01364,0.01280,-0.03540,0.99920,0.00916,0.01038,-0.00010,0.99990,0.02317,0.02285,-0.03546,0.99884,1.00,0.00916,-0.01670,0.00015,0.99982,0.02220,-0.00421,-0.03558,0.99911,1.00
26210,0.01353,0.01284,-0.03546,0.99920,0.00928,0.01036,-0.00010,0.99990,0.02317,0.02286,-0.03553,0.99884,1.00,0.00927,-0.01672,0.00016,0.99982,0.02220,-0.00421,-0.03564,0.99911,1.00
26220,0.01341,0.01283,-0.03537,0.99920,0.01171,0.01040,-0.00012,0.99988,0.02548,0.02280,-0.03549,0.99878,1.00,0.01170,-0.01668,0.00020,0.99979,0.02451,-0.00426,-0.03554,0.99906,1.00
26232,0.01334,0.01279,-0.03534,0.99920,0.01204,0.00448,-0.00005,0.99992,0.02552,0.01684,-0.03548,0.99890,1.00,0.01202,-0.02260,0.00027,0.99967,0.02455,-0.01022,-0.03551,0.99902,1.00
26244,0.01323,0.01273,-0.03531,0.99921,0.01214,0.00454,-0.00006,0.99992,0.02552,0.01684,-0.03546,0.99890,1.00,0.01212,-0.02253,0.00027,0.99967,0.02455,-0.01022,-0.03548,0.99902,1.00
26253,0.01308,0.01263,-0.03532,0.99921,0.01290,0.00447,-0.00006,0.99991,0.02612,0.01664,-0.03548,0.99889,1.00,0.01288,-0.02261,0.00029,0.99966,0.02515,-0.01042,-0.03548,0.99900,1.00
26265,0.01297,0.01248,-0.03525,0.99922,0.01283,0.00463,-0.00006,0.99991,0.02595,0.01665,-0.03540,0.99890,1.00,0.01281,-0.02245,0.00029,0.99967,0.02498,-0.01041,-0.03540,0.99901,1.00
26277,0.01293,0.01238,-0.03519,0.99922,0.01287,0.00473,-0.00006,0.99991,0.02596,0.01665,-0.03535,0.99890,1.00,0.01285,-0.02235,0.00029,0.99967,0.02498,-0.01041,-0.03534,0.99901,1.00
26287,0.01292,0.01219,-0.03504,0.99923,0.01612,0.00527,-0.00008,0.99986,0.02921,0.01689,-0.03525,0.99881,1.00,0.01609,-0.02181,0.00035,0.99963,0.02823,-0.01017,-0.03516,0.99893,1.00
26298,0.01293,0.01205,-0.03504,0.99923,0.01804,0.00570,-0.00010,0.99982,0.03116,0.01712,-0.03528,0.99874,1.00,0.01801,-0.02138,0.00039,0.99961,0.03018,-0.00995,-0.03514,0.99888,1.00
26310,0.01285,0.01195,-0.03505,0.99923,0.01812,0.00581,-0.00011,0.99982,0.03116,0.01712,-0.03529,0.99874,1.00,0.01809,-0.02128,0.00039,0.99961,0.03018,-0.00995,-0.03514,0.99888,1.00
26320,0.01267,0.01183,-0.03507,0.99923,0.01821,0.00746,-0.00014,0.99981,0.03113,0.01864,-0.03532,0.99872,1.00,0.01819,-0.01963,0.00036,0.99964,0.03016,-0.00843,-0.03517,0.99889,1.00
26332,0.01253,0.01175,-0.03518,0.99923,0.01834,0.00755,-0.00014,0.99980,0.03113,0.01865,-0.03543,0.99871,1.00,0.01833,-0.01954,0.00036,0.99964,0.03016,-0.00843,-0.03527,0.99889,1.00
26344,0.01257,0.01175,-0.03534,0.99923,0.01627,0.00588,-0.00010,0.99985,0.02903,0.01705,-0.03555,0.99880,1.00,0.01626,-0.02120,0.00034,0.99964,0.02807,-0.01002,-0.03544,0.99893,1.00
26353,0.01260,0.01176,-0.03549,0.99922,0.01611,0.00672,-0.00011,0.99985,0.02893,0.01790,-0.03570,0.99878,1.00,0.01611,-0.02036,0.00033,0.99966,0.02797,-0.00917,-0.03560,0.99893,1.00
26365,0.01264,0.01175,-0.03552,0.99922,0.01593,0.00559,-0.00009,0.99986,0.02876,0.01677,-0.03572,0.99881,1.00,0.01593,-0.02149,0.00034,0.99964,0.02780,-0.01029,-0.03563,0.99893,1.00
26376,0.01275,0.01184,-0.03551,0.99922,0.01584,0.00550,-0.00009,0.99986,0.02876,0.01677,-0.03571,0.99881,1.00,0.01583,-0.02158,0.00034,0.99964,0.02780,-0.01029,-0.03562,0.99893,1.00
26387,0.01287,0.01192,-0.03548,0.99922,0.01668,0.00580,-0.00010,0.99984,0.02975,0.01712,-0.03569,0.99877,1.00,0.01667,-0.02128,0.00036,0.99963,0.02878,-0.00995,-0.03558,0.99890,1.00
26398,0.01300,0.01208,-0.03544,0.99921,0.01662,0.00565,-0.00009,0.99985,0.02981,0.01714,-0.03566,0.99877,1.00,0.01661,-0.02143,0.00036,0.99963,0.02883,-0.00993,-0.03555,0.99890,1.00
26410,0.01308,0.01226,-0.03546,0.99921,0.01655,0.00548,-0.00009,0.99985,0.02981,0.01714,-0.03567,0.99877,1.00,0.01654,-0.02161,0.00036,0.99963,0.02884,-0.00993,-0.03557,0.99890,1.00
26420,0.01307,0.01237,-0.03554,0.99921,0.01667,0.00624,-0.00010,0.99984,0.02994,0.01802,-0.03577,0.99875,1.00,0.01666,-0.02084,0.00035,0.99964,0.02897,-0.00905,-0.03566,0.99890,1.00
26431,0.01308,0.01242,-0.03553,0.99921,0.01519,0.00644,-0.00010,0.99986,0.02848,0.01831,-0.03573,0.99879,1.00,0.01518,-0.02064,0.00031,0.99967,0.02751,-0.00875,-0.03567,0.99895,1.00
26443,0.01309,0.01250,-0.03548,0.99921,0.01519,0.00636,-0.00010,0.99986,0.02848,0.01831,-0.03568,0.99879,1.00,0.01518,-0.02072,0.00031,0.99967,0.02751,-0.00876,-0.03562,0.99895,1.00
26454,0.01306,0.01251,-0.03541,0.99921,0.01527,0.00627,-0.00010,0.99986,0.02854,0.01824,-0.03561,0.99879,1.00,0.01525,-0.02081,0.00032,0.99967,0.02756,-0.00883,-0.03554,0.99895,1.00
26464,0.01304,0.01248,-0.03534,0.99921,0.01529,0.00630,-0.00010,0.99986,0.02854,0.01824,-0.03554,0.99879,1.00,0.01527,-0.02078,0.00032,0.99967,0.02756,-0.00883,-0.03548,0.99895,1.00
26474,0.01306,0.01246,-0.03539,0.99921,0.01530,0.00546,-0.00008,0.99987,0.02854,0.01737,-0.03558,0.99881,1.00,0.01528,-0.02162,0.00033,0.99965,0.02756,-0.00969,-0.03552,0.99894,1.00
26487,0.01300,0.01237,-0.03545,0.99921,0.01523,0.00562,-0.00009,0.99987,0.02841,0.01744,-0.03564,0.99881,1.00,0.01522,-0.02147,0.00033,0.99965,0.02744,-0.00962,-0.03557,0.99894,1.00
26498,0.01300,0.01224,-0.03554,0.99921,0.01521,0.00721,-0.00011,0.99986,0.02846,0.01891,-0.03573,0.99878,1.00,0.01521,-0.01987,0.00030,0.99969,0.02749,-0.00816,-0.03567,0.99895,1.00
26510,0.01298,0.01207,-0.03557,0.99921,0.01523,0.00739,-0.00011,0.99986,0.02846,0.01891,-0.03576,0.99878,1.00,0.01523,-0.01969,0.00030,0.99969,0.02749,-0.00816,-0.03570,0.99895,1.00
26521,0.01270,0.01187,-0.03561,0.99921,0.01761,0.00753,-0.00013,0.99982,0.03056,0.01877,-0.03585,0.99871,1.00,0.01760,-0.01956,0.00034,0.99965,0.02960,-0.00830,-0.03571,0.99889,1.00
26531,0.01248,0.01167,-0.03565,0.99922,0.01783,0.00774,-0.00014,0.99981,0.03056,0.01877,-0.03589,0.99871,1.00,0.01782,-0.01934,0.00034,0.99965,0.02960,-0.00830,-0.03574,0.99889,1.00
26542,0.01232,0.01156,-0.03593,0.99921,0.01793,0.00663,-0.00012,0.99982,0.03047,0.01754,-0.03616,0.99873,1.00,0.01793,-0.02045,0.00037,0.99963,0.02951,-0.00953,-0.03600,0.99887,1.00
26554,0.01208,0.01148,-0.03613,0.99921,0.01585,0.00653,-0.00010,0.99985,0.02814,0.01743,-0.03633,0.99879,1.00,0.01586,-0.02055,0.00033,0.99966,0.02718,-0.00964,-0.03622,0.99893,1.00
26565,0.01193,0.01134,-0.03619,0.99921,0.01577,0.00646,-0.00010,0.99985,0.02792,0.01723,-0.03639,0.99880,1.00,0.01578,-0.02062,0.00033,0.99966,0.02695,-0.00984,-0.03628,0.99893,1.00
26577,0.01176,0.01124,-0.03620,0.99921,0.01594,0.00657,-0.00010,0.99985,0.02792,0.01723,-0.03640,0.99880,1.00,0.01594,-0.02051,0.00033,0.99966,0.02695,-0.00984,-0.03628,0.99893,1.00
26587,0.01165,0.01123,-0.03614,0.99922,0.01685,0.00811,-0.00014,0.99983,0.02878,0.01872,-0.03637,0.99875,1.00,0.01685,-0.01898,0.00032,0.99968,0.02780,-0.00836,-0.03622,0.99892,1.00
26598,0.01158,0.01120,-0.03617,0.99922,0.01677,0.00709,-0.00012,0.99983,0.02859,0.01768,-0.03639,0.99877,1.00,0.01677,-0.01999,0.00034,0.99966,0.02761,-0.00939,-0.03624,0.99892,1.00
26610,0.01151,0.01116,-0.03623,0.99921,0.01684,0.00714,-0.00012,0.99983,0.02859,0.01768,-0.03645,0.99877,1.00,0.01683,-0.01995,0.00034,0.99966,0.02761,-0.00939,-0.03630,0.99892,1.00
26621,0.01142,0.01113,-0.03637,0.99921,0.01753,0.00806,-0.00014,0.99981,0.02923,0.01854,-0.03660,0.99873,1.00,0.01753,-0.01903,0.00033,0.99967,0.02825,-0.00853,-0.03643,0.99890,1.00
26631,0.01135,0.01108,-0.03634,0.99921,0.01744,0.00801,-0.00014,0.99982,0.02906,0.01846,-0.03657,0.99874,1.00,0.01744,-0.01907,0.00033,0.99967,0.02808,-0.00861,-0.03640,0.99891,1.00
26643,0.01126,0.01104,-0.03639,0.99921,0.01752,0.00807,-0.00014,0.99981,0.02906,0.01846,-0.03662,0.99874,1.00,0.01752,-0.01902,0.00033,0.99967,0.02808,-0.00861,-0.03645,0.99890,1.00
26653,0.01125,0.01095,-0.03635,0.99922,0.01738,0.00823,-0.00014,0.99982,0.02891,0.01854,-0.03659,0.99874,1.00,0.01737,-0.01886,0.00033,0.99967,0.02792,-0.00853,-0.03641,0.99891,1.00
26664,0.01128,0.01086,-0.03637,0.99922,0.01707,0.00836,-0.00014,0.99982,0.02864,0.01860,-0.03660,0.99875,1.00,0.01706,-0.01872,0.00032,0.99968,0.02765,-0.00847,-0.03643,0.99892,1.00
26676,0.01127,0.01072,-0.03642,0.99922,0.01708,0.00851,-0.00015,0.99982,0.02864,0.01860,-0.03665,0.99874,1.00,0.01707,-0.01858,0.00032,0.99968,0.02765,-0.00847,-0.03648,0.99892,1.00
26688,0.01120,0.01060,-0.03657,0.99921,0.01658,0.00851,-0.00014,0.99983,0.02807,0.01849,-0.03678,0.99876,1.00,0.01658,-0.01858,0.00031,0.99969,0.02709,-0.00858,-0.03663,0.99892,1.00
26698,0.01118,0.01042,-0.03668,0.99921,0.01654,0.00945,-0.00016,0.99982,0.02805,0.01925,-0.03690,0.99874,1.00,0.01655,-0.01764,0.00029,0.99971,0.02707,-0.00782,-0.03675,0.99893,1.00
26709,0.01124,0.01025,-0.03672,0.99921,0.01648,0.00962,-0.00016,0.99982,0.02805,0.01925,-0.03694,0.99874,1.00,0.01648,-0.01747,0.00029,0.99971,0.02707,-0.00782,-0.03679,0.99893,1.00
26721,0.01123,0.01009,-0.03686,0.99921,0.01653,0.00961,-0.00016,0.99982,0.02809,0.01908,-0.03707,0.99874,1.00,0.01654,-0.01748,0.00029,0.99971,0.02711,-0.00799,-0.03692,0.99892,1.00
26732,0.01123,0.00997,-0.03684,0.99921,0.01651,0.00952,-0.00016,0.99982,0.02808,0.01888,-0.03705,0.99874,1.00,0.01651,-0.01756,0.00029,0.99971,0.02709,-0.00819,-0.03690,0.99892,1.00
26743,0.01120,0.00987,-0.03691,0.99921,0.01654,0.00963,-0.00016,0.99982,0.02808,0.01888,-0.03712,0.99874,1.00,0.01654,-0.01746,0.00029,0.99971,0.02709,-0.00819,-0.03697,0.99892,1.00
26754,0.01125,0.00973,-0.03686,0.99921,0.01622,0.00923,-0.00015,0.99983,0.02779,0.01835,-0.03706,0.99876,1.00,0.01621,-0.01786,0.00029,0.99971,0.02679,-0.00872,-0.03692,0.99892,1.00
26765,0.01127,0.00965,-0.03692,0.99921,0.01619,0.00909,-0.00015,0.99983,0.02778,0.01814,-0.03711,0.99876,1.00,0.01619,-0.01799,0.00029,0.99971,0.02678,-0.00893,-0.03697,0.99892,1.00
26777,0.01125,0.00953,-0.03688,0.99921,0.01622,0.00922,-0.00015,0.99983,0.02778,0.01814,-0.03708,0.99876,1.00,0.01621,-0.01787,0.00029,0.99971,0.02678,-0.00893,-0.03694,0.99892,1.00
26788,0.01122,0.00947,-0.03685,0.99921,0.01621,0.00948,-0.00015,0.99982,0.02776,0.01834,-0.03704,0.99876,1.00,0.01620,-0.01761,0.00029,0.99971,0.02675,-0.00873,-0.03690,0.99892,1.00
26798,0.01115,0.00939,-0.03680,0.99922,0.01628,0.00939,-0.00015,0.99982,0.02776,0.01818,-0.03700,0.99876,1.00,0.01626,-0.01769,0.00029,0.99971,0.02675,-0.00889,-0.03685,0.99892,1.00
26810,0.01111,0.00931,-0.03674,0.99922,0.01631,0.00947,-0.00015,0.99982,0.02776,0.01817,-0.03693,0.99877,1.00,0.01629,-0.01762,0.00029,0.99971,0.02675,-0.00890,-0.03679,0.99893,1.00
26821,0.01111,0.00928,-0.03673,0.99922,0.01548,0.00936,-0.00015,0.99984,0.02692,0.01806,-0.03691,0.99879,1.00,0.01547,-0.01772,0.00027,0.99972,0.02591,-0.00901,-0.03679,0.99895,1.00
26832,0.01119,0.00917,-0.03671,0.99922,0.01614,0.00833,-0.00013,0.99984,0.02761,0.01690,-0.03689,0.99879,1.00,0.01612,-0.01875,0.00030,0.99969,0.02660,-0.01017,-0.03675,0.99892,1.00
26844,0.01123,0.00911,-0.03668,0.99922,0.01609,0.00839,-0.00013,0.99984,0.02761,0.01690,-0.03686,0.99880,1.00,0.01607,-0.01870,0.00030,0.99970,0.02660,-0.01017,-0.03672,0.99892,1.00
26854,0.01127,0.00904,-0.03660,0.99923,0.01448,0.01171,-0.00017,0.99983,0.02617,0.02021,-0.03676,0.99878,1.00,0.01447,-0.01538,0.00022,0.99978,0.02517,-0.00686,-0.03668,0.99899,1.00
26865,0.01133,0.00893,-0.03657,0.99923,0.01602,0.01171,-0.00019,0.99980,0.02776,0.02004,-0.03676,0.99874,1.00,0.01601,-0.01538,0.00025,0.99975,0.02676,-0.00703,-0.03663,0.99895,1.00
26877,0.01140,0.00883,-0.03655,0.99923,0.01595,0.01180,-0.00019,0.99980,0.02776,0.02004,-0.03674,0.99874,1.00,0.01593,-0.01528,0.00024,0.99976,0.02676,-0.00703,-0.03661,0.99895,1.00
26888,0.01146,0.00874,-0.03657,0.99923,0.01606,0.01178,-0.00019,0.99980,0.02793,0.01992,-0.03676,0.99874,1.00,0.01605,-0.01531,0.00025,0.99975,0.02694,-0.00715,-0.03663,0.99894,1.00
26899,0.01146,0.00864,-0.03656,0.99923,0.01613,0.01099,-0.00018,0.99981,0.02798,0.01903,-0.03675,0.99875,1.00,0.01612,-0.01610,0.00026,0.99974,0.02698,-0.00804,-0.03662,0.99893,1.00
26910,0.01143,0.00852,-0.03650,0.99923,0.01615,0.01111,-0.00018,0.99981,0.02798,0.01903,-0.03668,0.99875,1.00,0.01614,-0.01598,0.00026,0.99974,0.02698,-0.00804,-0.03655,0.99894,1.00
26921,0.01135,0.00840,-0.03631,0.99924,0.01351,0.01108,-0.00015,0.99985,0.02526,0.01899,-0.03644,0.99884,1.00,0.01349,-0.01600,0.00022,0.99978,0.02425,-0.00808,-0.03638,0.99901,1.00
26931,0.01137,0.00837,-0.03625,0.99924,0.01273,0.01097,-0.00014,0.99986,0.02449,0.01887,-0.03636,0.99886,1.00,0.01271,-0.01611,0.00020,0.99979,0.02349,-0.00820,-0.03632,0.99903,1.00
26944,0.01133,0.00835,-0.03626,0.99924,0.01277,0.01099,-0.00014,0.99986,0.02449,0.01887,-0.03638,0.99886,1.00,0.01275,-0.01609,0.00021,0.99979,0.02349,-0.00820,-0.03634,0.99903,1.00
26954,0.01125,0.00839,-0.03626,0.99924,0.01285,0.01027,-0.00013,0.99986,0.02446,0.01819,-0.03638,0.99887,1.00,0.01283,-0.01681,0.00022,0.99978,0.02346,-0.00888,-0.03634,0.99902,1.00
26965,0.01104,0.00845,-0.03629,0.99924,0.01501,0.00969,-0.00015,0.99984,0.02639,0.01759,-0.03645,0.99883,1.00,0.01500,-0.01740,0.00026,0.99974,0.02540,-0.00948,-0.03633,0.99897,1.00
26978,0.01088,0.00854,-0.03635,0.99924,0.01518,0.00961,-0.00015,0.99984,0.02639,0.01759,-0.03651,0.99883,1.00,0.01517,-0.01747,0.00027,0.99973,0.02540,-0.00948,-0.03639,0.99897,1.00
26989,0.01087,0.00866,-0.03650,0.99924,0.01600,0.00933,-0.00015,0.99983,0.02720,0.01740,-0.03668,0.99881,1.00,0.01600,-0.01776,0.00028,0.99971,0.02621,-0.00967,-0.03654,0.99894,1.00
26998,0.01092,0.00877,-0.03661,0.99923,0.01580,0.00799,-0.00013,0.99984,0.02700,0.01618,-0.03678,0.99883,1.00,0.01581,-0.01909,0.00030,0.99969,0.02601,-0.01089,-0.03665,0.99893,1.00
27010,0.01104,0.00897,-0.03668,0.99923,0.01569,0.00779,-0.00012,0.99985,0.02700,0.01618,-0.03685,0.99883,1.00,0.01569,-0.01929,0.00030,0.99969,0.02601,-0.01089,-0.03672,0.99893,1.00
27021,0.01110,0.00907,-0.03661,0.99923,0.01506,0.00904,-0.00014,0.99985,0.02647,0.01756,-0.03678,0.99882,1.00,0.01506,-0.01804,0.00027,0.99972,0.02548,-0.00951,-0.03667,0.99896,1.00
27032,0.01115,0.00930,-0.03658,0.99923,0.01501,0.01019,-0.00015,0.99984,0.02652,0.01892,-0.03675,0.99879,1.00,0.01501,-0.01690,0.00025,0.99974,0.02553,-0.00814,-0.03665,0.99897,1.00
27044,0.01132,0.00944,-0.03653,0.99922,0.01485,0.01004,-0.00015,0.99984,0.02652,0.01892,-0.03670,0.99880,1.00,0.01485,-0.01705,0.00025,0.99974,0.02553,-0.00815,-0.03660,0.99897,1.00
27054,0.01146,0.00968,-0.03653,0.99922,0.01524,0.00999,-0.00015,0.99983,0.02704,0.01910,-0.03671,0.99878,1.00,0.01523,-0.01710,0.00026,0.99974,0.02605,-0.00797,-0.03660,0.99896,1.00
27065,0.01165,0.00975,-0.03645,0.99922,0.01515,0.00879,-0.00013,0.99985,0.02710,0.01798,-0.03662,0.99880,1.00,0.01513,-0.01830,0.00028,0.99972,0.02610,-0.00909,-0.03652,0.99895,1.00
27077,0.01175,0.00987,-0.03641,0.99922,0.01505,0.00866,-0.00013,0.99985,0.02710,0.01798,-0.03659,0.99880,1.00,0.01504,-0.01842,0.00028,0.99972,0.02610,-0.00909,-0.03649,0.99895,1.00
27088,0.01180,0.00987,-0.03629,0.99922,0.01593,0.00866,-0.00014,0.99984,0.02803,0.01795,-0.03648,0.99878,1.00,0.01591,-0.01842,0.00029,0.99970,0.02702,-0.00912,-0.03636,0.99893,1.00
27099,0.01188,0.00988,-0.03619,0.99923,0.01513,0.00885,-0.00013,0.99985,0.02731,0.01817,-0.03636,0.99880,1.00,0.01510,-0.01823,0.00028,0.99972,0.02631,-0.00889,-0.03627,0.99896,1.00
27110,0.01188,0.00992,-0.03621,0.99922,0.01512,0.00881,-0.00013,0.99985,0.02731,0.01818,-0.03638,0.99880,1.00,0.01510,-0.01828,0.00028,0.99972,0.02631,-0.00889,-0.03629,0.99896,1.00
27122,0.01191,0.00993,-0.03622,0.99922,0.01524,0.00958,-0.00015,0.99984,0.02748,0.01895,-0.03639,0.99878,1.00,0.01522,-0.01750,0.00027,0.99973,0.02648,-0.00812,-0.03630,0.99896,1.00
27133,0.01193,0.00995,-0.03635,0.99922,0.01521,0.00957,-0.00015,0.99984,0.02748,0.01896,-0.03653,0.99877,1.00,0.01521,-0.01752,0.00027,0.99973,0.02648,-0.00811,-0.03644,0.99895,1.00
27144,0.01201,0.00996,-0.03644,0.99921,0.01521,0.00965,-0.00015,0.99984,0.02756,0.01904,-0.03661,0.99877,1.00,0.01521,-0.01744,0.00027,0.99973,0.02657,-0.00802,-0.03652,0.99895,1.00
27155,0.01199,0.00994,-0.03648,0.99921,0.01465,0.00779,-0.00011,0.99986,0.02692,0.01718,-0.03664,0.99882,1.00,0.01465,-0.01929,0.00028,0.99971,0.02593,-0.00988,-0.03657,0.99895,1.00
27166,0.01183,0.01001,-0.03648,0.99921,0.01495,0.00776,-0.00012,0.99986,0.02705,0.01721,-0.03665,0.99881,1.00,0.01494,-0.01933,0.00029,0.99970,0.02606,-0.00986,-0.03656,0.99894,1.00
27177,0.01163,0.01003,-0.03646,0.99922,0.01515,0.00774,-0.00012,0.99986,0.02705,0.01721,-0.03664,0.99881,1.00,0.01514,-0.01934,0.00029,0.99970,0.02606,-0.00986,-0.03654,0.99894,1.00
27189,0.01153,0.01017,-0.03665,0.99921,0.01524,0.00847,-0.00013,0.99985,0.02706,0.01807,-0.03683,0.99879,1.00,0.01524,-0.01861,0.00028,0.99971,0.02607,-0.00899,-0.03672,0.99895,1.00
27200,0.01164,0.01027,-0.03690,0.99920,0.01501,0.00875,-0.00013,0.99985,0.02695,0.01845,-0.03708,0.99878,1.00,0.01502,-0.01834,0.00028,0.99972,0.02597,-0.00862,-0.03698,0.99894,1.00
27212,0.01162,0.01034,-0.03703,0.99919,0.01503,0.00868,-0.00013,0.99985,0.02695,0.01846,-0.03721,0.99877,1.00,0.01505,-0.01841,0.00028,0.99972,0.02597,-0.00861,-0.03711,0.99894,1.00
27222,0.01168,0.01040,-0.03702,0.99919,0.01539,0.00843,-0.00013,0.99985,0.02737,0.01825,-0.03720,0.99877,1.00,0.01541,-0.01866,0.00029,0.99971,0.02639,-0.00881,-0.03710,0.99892,1.00
27234,0.01169,0.01044,-0.03704,0.99919,0.01477,0.00700,-0.00010,0.99987,0.02670,0.01689,-0.03722,0.99881,1.00,0.01477,-0.02008,0.00030,0.99969,0.02571,-0.01018,-0.03713,0.99893,1.00
27245,0.01179,0.01046,-0.03699,0.99919,0.01468,0.00698,-0.00010,0.99987,0.02670,0.01689,-0.03716,0.99881,1.00,0.01468,-0.02011,0.00030,0.99969,0.02571,-0.01018,-0.03708,0.99893,1.00
27255,0.01182,0.01048,-0.03701,0.99919,0.01524,0.00705,-0.00011,0.99986,0.02730,0.01696,-0.03719,0.99879,1.00,0.01523,-0.02003,0.00031,0.99968,0.02630,-0.01011,-0.03709,0.99891,1.00
27266,0.01184,0.01049,-0.03708,0.99919,0.01704,0.00796,-0.00014,0.99982,0.02916,0.01781,-0.03730,0.99872,1.00,0.01704,-0.01913,0.00033,0.99967,0.02815,-0.00926,-0.03715,0.99887,1.00
27278,0.01186,0.01046,-0.03716,0.99918,0.01702,0.00799,-0.00014,0.99982,0.02916,0.01781,-0.03738,0.99872,1.00,0.01702,-0.01910,0.00033,0.99967,0.02815,-0.00926,-0.03723,0.99887,1.00
27289,0.01187,0.01040,-0.03717,0.99918,0.01706,0.00930,-0.00016,0.99981,0.02926,0.01905,-0.03739,0.99869,1.00,0.01706,-0.01779,0.00030,0.99970,0.02825,-0.00802,-0.03724,0.99887,1.00
27299,0.01184,0.01031,-0.03714,0.99919,0.01589,0.00820,-0.00013,0.99984,0.02802,0.01791,-0.03733,0.99875,1.00,0.01588,-0.01888,0.00030,0.99970,0.02701,-0.00916,-0.03721,0.99890,1.00
27311,0.01182,0.01023,-0.03705,0.99919,0.01591,0.00828,-0.00013,0.99984,0.02802,0.01791,-0.03725,0.99875,1.00,0.01589,-0.01881,0.00030,0.99970,0.02701,-0.00916,-0.03713,0.99890,1.00
27323,0.01181,0.01014,-0.03703,0.99919,0.01594,0.00952,-0.00015,0.99983,0.02809,0.01906,-0.03722,0.99873,1.00,0.01593,-0.01756,0.00028,0.99972,0.02707,-0.00800,-0.03711,0.99891,1.00
27333,0.01182,0.01003,-0.03698,0.99920,0.01556,0.00774,-0.00012,0.99985,0.02765,0.01719,-0.03716,0.99878,1.00,0.01554,-0.01934,0.00030,0.99969,0.02663,-0.00988,-0.03705,0.99891,1.00
27344,0.01179,0.00992,-0.03699,0.99920,0.01559,0.00785,-0.00012,0.99985,0.02765,0.01719,-0.03717,0.99878,1.00,0.01557,-0.01923,0.00030,0.99969,0.02663,-0.00988,-0.03707,0.99891,1.00
27356,0.01173,0.00987,-0.03704,0.99920,0.01673,0.00723,-0.00012,0.99983,0.02871,0.01647,-0.03724,0.99876,1.00,0.01671,-0.01985,0.00033,0.99966,0.02770,-0.01060,-0.03710,0.99887,1.00
27367,0.01172,0.00975,-0.03707,0.99920,0.01672,0.00722,-0.00012,0.99983,0.02869,0.01635,-0.03726,0.99876,1.00,0.01671,-0.01987,0.00033,0.99966,0.02768,-0.01072,-0.03712,0.99887,1.00
27378,0.01174,0.00971,-0.03709,0.99920,0.01670,0.00726,-0.00012,0.99983,0.02869,0.01635,-0.03728,0.99876,1.00,0.01669,-0.01982,0.00033,0.99966,0.02768,-0.01072,-0.03714,0.99887,1.00
27389,0.01179,0.00968,-0.03711,0.99919,0.01662,0.00931,-0.00015,0.99982,0.02874,0.01836,-0.03731,0.99872,1.00,0.01661,-0.01777,0.00030,0.99970,0.02773,-0.00871,-0.03718,0.99889,1.00
27400,0.01183,0.00966,-0.03718,0.99919,0.01628,0.01026,-0.00017,0.99981,0.02847,0.01931,-0.03737,0.99871,1.00,0.01628,-0.01682,0.00027,0.99973,0.02747,-0.00776,-0.03725,0.99890,1.00
27411,0.01187,0.00967,-0.03720,0.99919,0.01624,0.01025,-0.00017,0.99982,0.02847,0.01931,-0.03739,0.99871,1.00,0.01623,-0.01684,0.00027,0.99973,0.02747,-0.00776,-0.03727,0.99890,1.00
27423,0.01189,0.00974,-0.03720,0.99919,0.01608,0.01026,-0.00016,0.99982,0.02834,0.01939,-0.03740,0.99871,1.00,0.01608,-0.01683,0.00027,0.99973,0.02733,-0.00768,-0.03728,0.99890,1.00
27434,0.01195,0.00979,-0.03716,0.99919,0.01623,0.01017,-0.00017,0.99982,0.02854,0.01935,-0.03736,0.99871,1.00,0.01622,-0.01692,0.00027,0.99973,0.02753,-0.00772,-0.03724,0.99890,1.00
27445,0.01195,0.00988,-0.03707,0.99919,0.01624,0.01007,-0.00016,0.99982,0.02855,0.01934,-0.03727,0.99871,1.00,0.01623,-0.01701,0.00028,0.99972,0.02753,-0.00773,-0.03715,0.99890,1.00
27456,0.01197,0.00997,-0.03699,0.99919,0.01647,0.00860,-0.00014,0.99983,0.02874,0.01796,-0.03718,0.99873,1.00,0.01645,-0.01848,0.00030,0.99969,0.02772,-0.00911,-0.03706,0.99889,1.00
27467,0.01198,0.01006,-0.03688,0.99920,0.01650,0.00751,-0.00012,0.99984,0.02874,0.01695,-0.03707,0.99876,1.00,0.01647,-0.01958,0.00032,0.99967,0.02772,-0.01012,-0.03695,0.99888,1.00
27478,0.01192,0.01015,-0.03678,0.99920,0.01657,0.00742,-0.00012,0.99984,0.02874,0.01695,-0.03697,0.99876,1.00,0.01654,-0.01967,0.00033,0.99967,0.02772,-0.01012,-0.03684,0.99889,1.00
27490,0.01187,0.01014,-0.03657,0.99921,0.01517,0.00751,-0.00011,0.99986,0.02730,0.01709,-0.03675,0.99881,1.00,0.01513,-0.01957,0.00030,0.99969,0.02628,-0.00997,-0.03665,0.99893,1.00
27501,0.01190,0.01017,-0.03648,0.99921,0.01420,0.00758,-0.00011,0.99987,0.02635,0.01723,-0.03664,0.99883,1.00,0.01416,-0.01950,0.00028,0.99971,0.02533,-0.00984,-0.03657,0.99896,1.00
27511,0.01186,0.01016,-0.03637,0.99922,0.01423,0.00759,-0.00011,0.99987,0.02636,0.01723,-0.03652,0.99884,1.00,0.01419,-0.01949,0.00028,0.99971,0.02533,-0.00984,-0.03646,0.99897,1.00
27523,0.01183,0.01010,-0.03628,0.99922,0.01415,0.00987,-0.00014,0.99985,0.02632,0.01945,-0.03644,0.99880,1.00,0.01412,-0.01721,0.00024,0.99975,0.02531,-0.00762,-0.03637,0.99899,1.00
27534,0.01180,0.00999,-0.03629,0.99922,0.01415,0.01002,-0.00014,0.99985,0.02630,0.01949,-0.03645,0.99880,1.00,0.01413,-0.01707,0.00024,0.99975,0.02530,-0.00758,-0.03638,0.99899,1.00
27546,0.01174,0.00990,-0.03633,0.99922,0.01421,0.01011,-0.00014,0.99985,0.02630,0.01949,-0.03649,0.99880,1.00,0.01419,-0.01697,0.00024,0.99976,0.02530,-0.00758,-0.03642,0.99899,1.00
27557,0.01173,0.00982,-0.03637,0.99922,0.01417,0.00120,-0.00002,0.99990,0.02594,0.01050,-0.03651,0.99894,1.00,0.01415,-0.02588,0.00037,0.99957,0.02492,-0.01656,-0.03643,0.99889,1.00
27568,0.01175,0.00976,-0.03640,0.99922,0.01443,0.00115,-0.00002,0.99990,0.02621,0.01038,-0.03654,0.99893,1.00,0.01441,-0.02592,0.00037,0.99956,0.02520,-0.01668,-0.03646,0.99888,1.00
27579,0.01178,0.00971,-0.03643,0.99922,0.01440,0.00120,-0.00002,0.99990,0.02621,0.01038,-0.03657,0.99893,1.00,0.01438,-0.02588,0.00037,0.99956,0.02520,-0.01668,-0.03649,0.99888,1.00
27590,0.01183,0.00971,-0.03651,0.99922,0.05146,0.02070,-0.00107,0.99846,0.06398,0.02851,-0.03777,0.99683,1.00,0.05151,-0.00648,0.00033,0.99865,0.06306,0.00134,-0.03670,0.99733,1.00
27602,0.01178,0.00982,-0.03661,0.99921,0.05139,0.04469,-0.00230,0.99768,0.06471,0.05259,-0.03880,0.99576,1.00,0.05162,0.01757,-0.00091,0.99851,0.06397,0.02548,-0.03776,0.99691,1.00
27613,0.01164,0.00991,-0.03676,0.99921,0.05151,0.04461,-0.00230,0.99767,0.06470,0.05260,-0.03897,0.99576,1.00,0.05175,0.01749,-0.00091,0.99851,0.06397,0.02549,-0.03792,0.99691,1.00
27624,0.01146,0.01012,-0.03700,0.99920,0.04420,0.05283,-0.00234,0.99762,0.05752,0.06128,-0.03909,0.99569,1.00,0.04446,0.02578,-0.00115,0.99868,0.05681,0.03424,-0.03825,0.99706,1.00
27636,0.01146,0.01031,-0.03723,0.99919,0.04423,0.05281,-0.00234,0.99762,0.05757,0.06143,-0.03933,0.99567,1.00,0.04450,0.02576,-0.00115,0.99868,0.05685,0.03439,-0.03849,0.99705,1.00
27647,0.01145,0.01044,-0.03737,0.99918,0.04422,0.05269,-0.00234,0.99763,0.05756,0.06144,-0.03947,0.99567,1.00,0.04450,0.02564,-0.00114,0.99868,0.05685,0.03440,-0.03863,0.99704,1.00
27658,0.01145,0.01060,-0.03737,0.99918,0.03003,0.00700,-0.00021,0.99952,0.04170,0.01647,-0.03781,0.99828,1.00,0.03003,-0.02011,0.00060,0.99935,0.04070,-0.01063,-0.03729,0.99842,1.00
27669,0.01147,0.01081,-0.03734,0.99918,0.02433,-0.01165,0.00028,0.99964,0.03534,-0.00176,-0.03744,0.99867,1.00,0.02426,-0.03871,0.00094,0.99896,0.03427,-0.02880,-0.03707,0.99831,1.00
27680,0.01158,0.01097,-0.03728,0.99918,0.02422,-0.01183,0.00029,0.99964,0.03534,-0.00176,-0.03739,0.99867,1.00,0.02416,-0.03889,0.00094,0.99895,0.03427,-0.02881,-0.03702,0.99831,1.00
27691,0.01171,0.01115,-0.03723,0.99918,0.02032,0.00148,-0.00003,0.99979,0.03207,0.01187,-0.03746,0.99871,1.00,0.02029,-0.02560,0.00052,0.99947,0.03104,-0.01520,-0.03722,0.99871,1.00
27702,0.01188,0.01125,-0.03723,0.99917,0.01522,-0.00189,0.00003,0.99988,0.02701,0.00879,-0.03739,0.99890,1.00,0.01518,-0.02896,0.00044,0.99947,0.02597,-0.01826,-0.03729,0.99880,1.00
27713,0.01205,0.01136,-0.03724,0.99917,0.00981,-0.00173,0.00002,0.99995,0.02179,0.00926,-0.03735,0.99902,1.00,0.00979,-0.02879,0.00028,0.99954,0.02076,-0.01779,-0.03740,0.99893,1.00
27725,0.01217,0.01132,-0.03717,0.99917,0.00970,-0.00170,0.00002,0.99995,0.02179,0.00926,-0.03728,0.99902,1.00,0.00967,-0.02877,0.00028,0.99954,0.02076,-0.01779,-0.03733,0.99893,1.00
27736,0.01230,0.01129,-0.03704,0.99917,0.00972,-0.00146,0.00001,0.99995,0.02196,0.00947,-0.03715,0.99902,1.00,0.00969,-0.02853,0.00028,0.99955,0.02092,-0.01758,-0.03721,0.99893,1.00
27747,0.01244,0.01118,-0.03689,0.99918,0.00958,-0.00136,0.00001,0.99995,0.02196,0.00946,-0.03700,0.99903,1.00,0.00954,-0.02843,0.00027,0.99955,0.02092,-0.01759,-0.03707,0.99894,1.00
27759,0.01255,0.01107,-0.03686,0.99918,0.01299,0.00286,-0.00004,0.99991,0.02563,0.01345,-0.03700,0.99890,1.00,0.01295,-0.02421,0.00031,0.99962,0.02460,-0.01360,-0.03698,0.99892,1.00
27769,0.01259,0.01098,-0.03692,0.99918,0.01314,0.00298,-0.00004,0.99991,0.02583,0.01348,-0.03706,0.99889,1.00,0.01311,-0.02409,0.00032,0.99962,0.02480,-0.01358,-0.03704,0.99891,1.00
27780,0.01269,0.01087,-0.03691,0.99918,0.01322,0.00035,0.00000,0.99991,0.02591,0.01072,-0.03705,0.99892,1.00,0.01319,-0.02672,0.00035,0.99956,0.02488,-0.01633,-0.03702,0.99887,1.00
27792,0.01285,0.01074,-0.03691,0.99918,0.01306,0.00047,-0.00001,0.99991,0.02591,0.01072,-0.03705,0.99892,1.00,0.01303,-0.02660,0.00035,0.99956,0.02488,-0.01633,-0.03703,0.99887,1.00
27803,0.01302,0.01062,-0.03682,0.99918,0.01276,0.00014,0.00000,0.99992,0.02578,0.01029,-0.03695,0.99893,1.00,0.01273,-0.02693,0.00034,0.99956,0.02475,-0.01677,-0.03695,0.99887,1.00
27814,0.01294,0.01058,-0.03679,0.99918,0.01307,0.00037,0.00000,0.99991,0.02601,0.01047,-0.03692,0.99892,1.00,0.01304,-0.02670,0.00035,0.99956,0.02498,-0.01658,-0.03691,0.99887,1.00
27826,0.01297,0.01052,-0.03678,0.99918,0.01303,0.00044,-0.00001,0.99992,0.02601,0.01047,-0.03692,0.99892,1.00,0.01300,-0.02663,0.00035,0.99956,0.02498,-0.01658,-0.03690,0.99887,1.00
27837,0.01300,0.01051,-0.03692,0.99918,0.01315,0.00043,-0.00001,0.99991,0.02615,0.01045,-0.03705,0.99892,1.00,0.01313,-0.02664,0.00035,0.99956,0.02513,-0.01660,-0.03703,0.99886,1.00
27848,0.01302,0.01055,-0.03710,0.99917,0.01313,0.00040,-0.00001,0.99991,0.02615,0.01046,-0.03724,0.99891,1.00,0.01312,-0.02667,0.00035,0.99956,0.02513,-0.01660,-0.03722,0.99885,1.00
27860,0.01303,0.01057,-0.03723,0.99917,0.01421,0.00191,-0.00003,0.99990,0.02730,0.01194,-0.03738,0.99886,1.00,0.01421,-0.02517,0.00036,0.99958,0.02629,-0.01512,-0.03734,0.99884,1.00
27870,0.01300,0.01062,-0.03721,0.99917,0.01430,0.00334,-0.00005,0.99989,0.02741,0.01343,-0.03737,0.99884,1.00,0.01429,-0.02374,0.00034,0.99962,0.02640,-0.01363,-0.03732,0.99886,1.00
27880,0.01302,0.01070,-0.03716,0.99917,0.01393,0.00424,-0.00006,0.99989,0.02709,0.01442,-0.03731,0.99883,1.00,0.01391,-0.02283,0.00032,0.99964,0.02607,-0.01264,-0.03728,0.99888,1.00
27892,0.01298,0.01080,-0.03716,0.99917,0.01397,0.00415,-0.00006,0.99989,0.02709,0.01442,-0.03731,0.99883,1.00,0.01396,-0.02293,0.00032,0.99964,0.02607,-0.01264,-0.03727,0.99889,1.00
27903,0.01301,0.01087,-0.03722,0.99916,0.01328,0.00313,-0.00004,0.99991,0.02639,0.01350,-0.03736,0.99886,1.00,0.01327,-0.02395,0.00032,0.99963,0.02537,-0.01356,-0.03734,0.99889,1.00
27914,0.01299,0.01094,-0.03730,0.99916,0.01330,0.00388,-0.00005,0.99990,0.02642,0.01432,-0.03745,0.99885,1.00,0.01329,-0.02320,0.00031,0.99964,0.02540,-0.01274,-0.03743,0.99890,1.00
27926,0.01296,0.01093,-0.03733,0.99916,0.01333,0.00390,-0.00005,0.99990,0.02642,0.01432,-0.03747,0.99885,1.00,0.01332,-0.02318,0.00031,0.99964,0.02540,-0.01274,-0.03745,0.99889,1.00
27937,0.01291,0.01091,-0.03731,0.99916,0.01575,0.00211,-0.00003,0.99987,0.02873,0.01244,-0.03748,0.99881,1.00,0.01573,-0.02496,0.00039,0.99956,0.02770,-0.01463,-0.03740,0.99881,1.00
27948,0.01288,0.01087,-0.03727,0.99916,0.01576,0.00410,-0.00006,0.99987,0.02877,0.01438,-0.03745,0.99878,1.00,0.01574,-0.02298,0.00036,0.99961,0.02775,-0.01269,-0.03736,0.99884,1.00
27959,0.01289,0.01080,-0.03727,0.99916,0.01575,0.00418,-0.00007,0.99987,0.02877,0.01438,-0.03744,0.99878,1.00,0.01573,-0.02290,0.00036,0.99961,0.02775,-0.01269,-0.03736,0.99884,1.00
27970,0.01286,0.01066,-0.03726,0.99917,0.01492,0.01046,-0.00016,0.99983,0.02815,0.02056,-0.03744,0.99869,1.00,0.01491,-0.01662,0.00025,0.99975,0.02714,-0.00651,-0.03738,0.99891,1.00
27981,0.01290,0.01054,-0.03729,0.99917,0.01346,0.01052,-0.00014,0.99985,0.02673,0.02055,-0.03743,0.99873,1.00,0.01345,-0.01656,0.00022,0.99977,0.02572,-0.00651,-0.03741,0.99895,1.00
27992,0.01284,0.01031,-0.03727,0.99917,0.01350,0.01075,-0.00015,0.99985,0.02673,0.02055,-0.03741,0.99873,1.00,0.01349,-0.01633,0.00022,0.99978,0.02572,-0.00651,-0.03739,0.99895,1.00
28003,0.01283,0.01019,-0.03733,0.99917,0.01350,0.00865,-0.00012,0.99987,0.02664,0.01833,-0.03747,0.99877,1.00,0.01349,-0.01843,0.00025,0.99974,0.02562,-0.00873,-0.03745,0.99893,1.00
28014,0.01281,0.01003,-0.03729,0.99917,0.01310,0.00796,-0.00010,0.99988,0.02619,0.01750,-0.03742,0.99880,1.00,0.01309,-0.01912,0.00025,0.99973,0.02517,-0.00956,-0.03741,0.99894,1.00
28026,0.01284,0.00990,-0.03733,0.99917,0.01306,0.00809,-0.00011,0.99988,0.02619,0.01750,-0.03746,0.99880,1.00,0.01305,-0.01899,0.00025,0.99973,0.02517,-0.00956,-0.03745,0.99894,1.00
28036,0.01284,0.00984,-0.03737,0.99917,0.01405,0.00864,-0.00012,0.99986,0.02720,0.01795,-0.03752,0.99876,1.00,0.01404,-0.01844,0.00026,0.99973,0.02618,-0.00912,-0.03748,0.99891,1.00
28048,0.01283,0.00972,-0.03739,0.99917,0.01338,0.00950,-0.00013,0.99987,0.02655,0.01871,-0.03752,0.99877,1.00,0.01338,-0.01759,0.00024,0.99976,0.02554,-0.00835,-0.03750,0.99894,1.00
28061,0.01284,0.00966,-0.03741,0.99917,0.01336,0.00956,-0.00013,0.99987,0.02655,0.01871,-0.03754,0.99877,1.00,0.01336,-0.01752,0.00023,0.99976,0.02554,-0.00835,-0.03753,0.99893,1.00
28071,0.01291,0.00960,-0.03744,0.99917,0.01329,0.00957,-0.00013,0.99987,0.02654,0.01867,-0.03757,0.99877,1.00,0.01329,-0.01751,0.00023,0.99976,0.02553,-0.00840,-0.03755,0.99893,1.00
28081,0.01300,0.00961,-0.03747,0.99917,0.01322,0.00930,-0.00012,0.99987,0.02655,0.01840,-0.03759,0.99877,1.00,0.01321,-0.01778,0.00024,0.99975,0.02554,-0.00866,-0.03758,0.99893,1.00
28093,0.01309,0.00965,-0.03747,0.99917,0.01313,0.00925,-0.00012,0.99987,0.02655,0.01840,-0.03759,0.99877,1.00,0.01313,-0.01783,0.00023,0.99975,0.02554,-0.00866,-0.03759,0.99893,1.00
28104,0.01313,0.00970,-0.03748,0.99916,0.01315,0.00925,-0.00012,0.99987,0.02662,0.01844,-0.03761,0.99877,1.00,0.01315,-0.01783,0.00023,0.99975,0.02560,-0.00862,-0.03760,0.99893,1.00
28114,0.01318,0.00973,-0.03748,0.99916,0.01599,0.00968,-0.00015,0.99983,0.02952,0.01881,-0.03766,0.99868,1.00,0.01599,-0.01740,0.00028,0.99972,0.02850,-0.00826,-0.03758,0.99885,1.00
28126,0.01326,0.00981,-0.03748,0.99916,0.01591,0.00961,-0.00015,0.99983,0.02952,0.01881,-0.03766,0.99868,1.00,0.01590,-0.01748,0.00028,0.99972,0.02850,-0.00826,-0.03758,0.99885,1.00
28137,0.01340,0.00986,-0.03749,0.99916,0.01527,0.00956,-0.00015,0.99984,0.02902,0.01884,-0.03765,0.99869,1.00,0.01527,-0.01753,0.00027,0.99973,0.02800,-0.00823,-0.03760,0.99887,1.00
28148,0.01358,0.00993,-0.03752,0.99915,0.01549,0.00933,-0.00014,0.99984,0.02940,0.01868,-0.03768,0.99868,1.00,0.01548,-0.01775,0.00027,0.99972,0.02838,-0.00839,-0.03763,0.99885,1.00
28160,0.01366,0.00996,-0.03746,0.99916,0.01541,0.00929,-0.00014,0.99984,0.02940,0.01867,-0.03762,0.99868,1.00,0.01540,-0.01779,0.00027,0.99972,0.02838,-0.00839,-0.03757,0.99886,1.00
28171,0.01381,0.01006,-0.03741,0.99915,0.01513,0.00876,-0.00013,0.99985,0.02925,0.01824,-0.03756,0.99870,1.00,0.01512,-0.01832,0.00028,0.99972,0.02823,-0.00882,-0.03752,0.99886,1.00
28181,0.01393,0.01009,-0.03741,0.99915,0.01370,0.00881,-0.00012,0.99987,0.02794,0.01838,-0.03754,0.99874,1.00,0.01369,-0.01827,0.00025,0.99974,0.02692,-0.00869,-0.03755,0.99889,1.00
28193,0.01411,0.01016,-0.03748,0.99915,0.01352,0.00874,-0.00012,0.99987,0.02794,0.01838,-0.03760,0.99873,1.00,0.01351,-0.01835,0.00025,0.99974,0.02692,-0.00868,-0.03761,0.99889,1.00
28204,0.01433,0.01025,-0.03748,0.99914,0.01301,0.00873,-0.00011,0.99988,0.02766,0.01848,-0.03760,0.99874,1.00,0.01301,-0.01836,0.00024,0.99975,0.02664,-0.00858,-0.03763,0.99890,1.00
28215,0.01451,0.01028,-0.03741,0.99914,0.01221,0.00960,-0.00012,0.99988,0.02707,0.01941,-0.03751,0.99874,1.00,0.01220,-0.01749,0.00021,0.99977,0.02605,-0.00766,-0.03756,0.99893,1.00
28227,0.01468,0.01036,-0.03739,0.99914,0.01205,0.00950,-0.00011,0.99988,0.02707,0.01941,-0.03748,0.99874,1.00,0.01204,-0.01758,0.00021,0.99977,0.02605,-0.00766,-0.03755,0.99893,1.00
28237,0.01488,0.01041,-0.03725,0.99914,0.01048,0.00955,-0.00010,0.99990,0.02570,0.01956,-0.03731,0.99878,1.00,0.01046,-0.01753,0.00018,0.99979,0.02468,-0.00750,-0.03743,0.99897,1.00
28248,0.01498,0.01049,-0.03725,0.99914,0.01064,0.00871,-0.00009,0.99991,0.02593,0.01880,-0.03732,0.99879,1.00,0.01062,-0.01837,0.00020,0.99977,0.02490,-0.00826,-0.03744,0.99895,1.00
28260,0.01488,0.01053,-0.03723,0.99914,0.01073,0.00867,-0.00009,0.99990,0.02593,0.01880,-0.03730,0.99879,1.00,0.01072,-0.01841,0.00020,0.99977,0.02490,-0.00826,-0.03741,0.99896,1.00
28271,0.01484,0.01060,-0.03725,0.99914,0.01093,0.00871,-0.00010,0.99990,0.02608,0.01890,-0.03733,0.99878,1.00,0.01092,-0.01837,0.00020,0.99977,0.02506,-0.00816,-0.03743,0.99895,1.00
28281,0.01474,0.01064,-0.03735,0.99914,0.01114,0.00800,-0.00009,0.99991,0.02617,0.01822,-0.03744,0.99879,1.00,0.01114,-0.01907,0.00021,0.99976,0.02515,-0.00884,-0.03753,0.99894,1.00
28293,0.01478,0.01073,-0.03751,0.99913,0.01110,0.00792,-0.00009,0.99991,0.02617,0.01823,-0.03760,0.99878,1.00,0.01110,-0.01916,0.00021,0.99975,0.02516,-0.00883,-0.03769,0.99893,1.00
28304,0.01490,0.01079,-0.03774,0.99912,0.01098,0.00896,-0.00010,0.99990,0.02621,0.01933,-0.03782,0.99875,1.00,0.01100,-0.01812,0.00020,0.99978,0.02521,-0.00774,-0.03793,0.99893,1.00
28315,0.01495,0.01090,-0.03773,0.99912,0.01055,0.00857,-0.00009,0.99991,0.02581,0.01906,-0.03780,0.99877,1.00,0.01056,-0.01851,0.00020,0.99977,0.02480,-0.00800,-0.03791,0.99894,1.00
28327,0.01497,0.01096,-0.03772,0.99912,0.01053,0.00850,-0.00009,0.99991,0.02581,0.01906,-0.03779,0.99877,1.00,0.01054,-0.01858,0.00020,0.99977,0.02480,-0.00800,-0.03790,0.99894,1.00
28338,0.01502,0.01105,-0.03764,0.99912,0.01067,0.00888,-0.00009,0.99990,0.02602,0.01952,-0.03772,0.99876,1.00,0.01067,-0.01819,0.00019,0.99978,0.02500,-0.00754,-0.03783,0.99894,1.00
28349,0.01502,0.01115,-0.03763,0.99912,0.01075,0.00925,-0.00010,0.99990,0.02610,0.01999,-0.03771,0.99875,1.00,0.01074,-0.01783,0.00019,0.99978,0.02508,-0.00708,-0.03782,0.99894,1.00
28360,0.01499,0.01124,-0.03763,0.99912,0.01077,0.00916,-0.00010,0.99990,0.02610,0.01999,-0.03771,0.99875,1.00,0.01077,-0.01792,0.00019,0.99978,0.02508,-0.00708,-0.03782,0.99894,1.00
28370,0.01497,0.01133,-0.03768,0.99911,0.01255,0.00920,-0.00012,0.99988,0.02786,0.02005,-0.03779,0.99870,1.00,0.01255,-0.01788,0.00022,0.99976,0.02683,-0.00702,-0.03786,0.99890,1.00
28382,0.01497,0.01137,-0.03765,0.99911,0.01257,0.00906,-0.00011,0.99988,0.02787,0.01994,-0.03777,0.99870,1.00,0.01256,-0.01802,0.00023,0.99976,0.02684,-0.00712,-0.03783,0.99890,1.00
28394,0.01500,0.01140,-0.03757,0.99912,0.01254,0.00902,-0.00011,0.99988,0.02787,0.01994,-0.03769,0.99870,1.00,0.01253,-0.01806,0.00023,0.99976,0.02684,-0.00712,-0.03775,0.99890,1.00
28405,0.01505,0.01144,-0.03743,0.99912,0.01222,0.00909,-0.00011,0.99988,0.02760,0.02006,-0.03754,0.99871,1.00,0.01221,-0.01800,0.00022,0.99976,0.02657,-0.00700,-0.03762,0.99891,1.00
28415,0.01511,0.01147,-0.03735,0.99912,0.01219,0.00915,-0.00011,0.99988,0.02762,0.02015,-0.03746,0.99871,1.00,0.01217,-0.01793,0.00022,0.99977,0.02659,-0.00691,-0.03753,0.99892,1.00
28427,0.01513,0.01150,-0.03730,0.99912,0.01216,0.00911,-0.00011,0.99988,0.02762,0.02015,-0.03741,0.99871,1.00,0.01214,-0.01797,0.00022,0.99976,0.02659,-0.00691,-0.03749,0.99892,1.00
28438,0.01519,0.01155,-0.03732,0.99912,0.01214,0.00891,-0.00011,0.99989,0.02765,0.02000,-0.03743,0.99872,1.00,0.01213,-0.01817,0.00022,0.99976,0.02663,-0.00707,-0.03751,0.99892,1.00
28449,0.01530,0.01157,-0.03736,0.99912,0.01149,0.00874,-0.00010,0.99990,0.02710,0.01987,-0.03746,0.99873,1.00,0.01148,-0.01834,0.00021,0.99977,0.02608,-0.00719,-0.03756,0.99893,1.00
28460,0.01543,0.01160,-0.03732,0.99912,0.01136,0.00870,-0.00010,0.99990,0.02710,0.01987,-0.03741,0.99873,1.00,0.01135,-0.01838,0.00021,0.99977,0.02608,-0.00719,-0.03752,0.99893,1.00
28471,0.01551,0.01163,-0.03728,0.99912,0.01136,0.00828,-0.00009,0.99990,0.02716,0.01948,-0.03738,0.99874,1.00,0.01134,-0.01879,0.00021,0.99976,0.02614,-0.00758,-0.03748,0.99893,1.00
28482,0.01555,0.01163,-0.03718,0.99912,0.01144,0.00833,-0.00010,0.99990,0.02729,0.01953,-0.03727,0.99874,1.00,0.01142,-0.01875,0.00021,0.99976,0.02627,-0.00753,-0.03738,0.99893,1.00
28494,0.01561,0.01168,-0.03726,0.99912,0.01139,0.00829,-0.00009,0.99990,0.02729,0.01954,-0.03735,0.99874,1.00,0.01137,-0.01879,0.00021,0.99976,0.02627,-0.00753,-0.03746,0.99892,1.00
28504,0.01565,0.01172,-0.03737,0.99911,0.01100,0.00760,-0.00008,0.99991,0.02692,0.01890,-0.03746,0.99876,1.00,0.01100,-0.01948,0.00021,0.99975,0.02590,-0.00816,-0.03758,0.99892,1.00
28516,0.01563,0.01174,-0.03748,0.99911,0.00894,0.00876,-0.00008,0.99992,0.02489,0.02016,-0.03753,0.99878,1.00,0.00895,-0.01832,0.00016,0.99979,0.02388,-0.00690,-0.03770,0.99898,1.00
28527,0.01555,0.01176,-0.03748,0.99911,0.00902,0.00874,-0.00008,0.99992,0.02489,0.02016,-0.03753,0.99878,1.00,0.00903,-0.01834,0.00017,0.99979,0.02388,-0.00690,-0.03770,0.99898,1.00
28537,0.01541,0.01177,-0.03744,0.99911,0.00874,0.00774,-0.00007,0.99993,0.02443,0.01918,-0.03749,0.99881,1.00,0.00874,-0.01934,0.00017,0.99977,0.02342,-0.00788,-0.03767,0.99898,1.00
28549,0.01527,0.01178,-0.03738,0.99912,0.00934,0.00773,-0.00007,0.99993,0.02489,0.01916,-0.03744,0.99881,1.00,0.00934,-0.01935,0.00018,0.99977,0.02387,-0.00790,-0.03759,0.99898,1.00
28561,0.01518,0.01180,-0.03742,0.99911,0.00944,0.00772,-0.00007,0.99993,0.02489,0.01916,-0.03748,0.99880,1.00,0.00943,-0.01936,0.00018,0.99977,0.02387,-0.00790,-0.03763,0.99898,1.00
28571,0.01508,0.01180,-0.03744,0.99912,0.01039,0.00762,-0.00008,0.99992,0.02574,0.01903,-0.03753,0.99878,1.00,0.01038,-0.01946,0.00020,0.99976,0.02472,-0.00803,-0.03765,0.99895,1.00
28582,0.01497,0.01177,-0.03749,0.99912,0.01059,0.00741,-0.00008,0.99992,0.02582,0.01878,-0.03758,0.99878,1.00,0.01059,-0.01966,0.00021,0.99975,0.02480,-0.00828,-0.03770,0.99895,1.00
28594,0.01485,0.01170,-0.03752,0.99912,0.01070,0.00749,-0.00008,0.99991,0.02582,0.01878,-0.03761,0.99878,1.00,0.01070,-0.01959,0.00021,0.99975,0.02480,-0.00828,-0.03771,0.99895,1.00
28604,0.01473,0.01157,-0.03745,0.99912,0.01047,0.00780,-0.00008,0.99991,0.02548,0.01897,-0.03753,0.99879,1.00,0.01047,-0.01928,0.00020,0.99976,0.02446,-0.00809,-0.03764,0.99896,1.00
28616,0.01465,0.01149,-0.03746,0.99912,0.01075,0.00765,-0.00008,0.99991,0.02567,0.01873,-0.03755,0.99879,1.00,0.01074,-0.01942,0.00021,0.99975,0.02465,-0.00833,-0.03765,0.99895,1.00
28627,0.01453,0.01130,-0.03748,0.99913,0.01085,0.00785,-0.00009,0.99991,0.02567,0.01873,-0.03757,0.99879,1.00,0.01085,-0.01923,0.00021,0.99976,0.02465,-0.00833,-0.03767,0.99895,1.00
28638,0.01440,0.01126,-0.03764,0.99912,0.01266,0.00798,-0.00010,0.99989,0.02735,0.01876,-0.03776,0.99874,1.00,0.01266,-0.01910,0.00024,0.99974,0.02633,-0.00830,-0.03781,0.99890,1.00
28649,0.01431,0.01107,-0.03772,0.99912,0.01481,0.00825,-0.00012,0.99986,0.02942,0.01875,-0.03788,0.99867,1.00,0.01481,-0.01884,0.00028,0.99971,0.02840,-0.00831,-0.03787,0.99884,1.00
28660,0.01418,0.01103,-0.03782,0.99912,0.01493,0.00829,-0.00012,0.99985,0.02942,0.01876,-0.03798,0.99867,1.00,0.01494,-0.01879,0.00028,0.99971,0.02840,-0.00831,-0.03796,0.99884,1.00
28671,0.01414,0.01099,-0.03793,0.99912,0.01481,0.00862,-0.00013,0.99985,0.02927,0.01904,-0.03809,0.99866,1.00,0.01482,-0.01846,0.00027,0.99972,0.02825,-0.00803,-0.03807,0.99884,1.00
28682,0.01412,0.01106,-0.03809,0.99911,0.01385,0.00840,-0.00012,0.99987,0.02827,0.01893,-0.03824,0.99869,1.00,0.01386,-0.01868,0.00026,0.99973,0.02726,-0.00814,-0.03824,0.99886,1.00
28694,0.01411,0.01109,-0.03829,0.99911,0.01385,0.00838,-0.00012,0.99987,0.02827,0.01893,-0.03843,0.99868,1.00,0.01387,-0.01870,0.00026,0.99973,0.02726,-0.00813,-0.03843,0.99886,1.00
28705,0.01417,0.01116,-0.03842,0.99910,0.01258,0.00859,-0.00011,0.99988,0.02706,0.01926,-0.03855,0.99870,1.00,0.01260,-0.01849,0.00023,0.99975,0.02605,-0.00781,-0.03858,0.99889,1.00
28716,0.01428,0.01126,-0.03855,0.99909,0.01249,0.00847,-0.00011,0.99989,0.02709,0.01924,-0.03867,0.99870,1.00,0.01251,-0.01861,0.00023,0.99975,0.02606,-0.00783,-0.03871,0.99888,1.00
28727,0.01445,0.01134,-0.03863,0.99908,0.01233,0.00838,-0.00010,0.99989,0.02708,0.01924,-0.03875,0.99870,1.00,0.01235,-0.01870,0.00023,0.99975,0.02607,-0.00783,-0.03880,0.99888,1.00
28738,0.01457,0.01148,-0.03872,0.99908,0.01212,0.00971,-0.00012,0.99988,0.02705,0.02071,-0.03883,0.99867,1.00,0.01214,-0.01737,0.00021,0.99978,0.02603,-0.00635,-0.03889,0.99888,1.00
28749,0.01468,0.01156,-0.03866,0.99908,0.01221,0.00972,-0.00012,0.99988,0.02725,0.02080,-0.03877,0.99866,1.00,0.01221,-0.01736,0.00021,0.99977,0.02621,-0.00627,-0.03883,0.99888,1.00
28761,0.01464,0.01165,-0.03854,0.99908,0.01226,0.00963,-0.00012,0.99988,0.02725,0.02079,-0.03866,0.99866,1.00,0.01226,-0.01745,0.00021,0.99977,0.02621,-0.00627,-0.03872,0.99889,1.00
28771,0.01460,0.01165,-0.03847,0.99909,0.01278,0.00888,-0.00011,0.99988,0.02771,0.02004,-0.03860,0.99867,1.00,0.01277,-0.01820,0.00023,0.99975,0.02666,-0.00703,-0.03864,0.99887,1.00
28783,0.01448,0.01161,-0.03835,0.99909,0.01419,0.00704,-0.00010,0.99987,0.02893,0.01809,-0.03850,0.99868,1.00,0.01417,-0.02005,0.00028,0.99970,0.02787,-0.00897,-0.03851,0.99883,1.00
28794,0.01431,0.01149,-0.03822,0.99910,0.01436,0.00716,-0.00010,0.99987,0.02893,0.01809,-0.03838,0.99868,1.00,0.01433,-0.01992,0.00029,0.99970,0.02787,-0.00897,-0.03838,0.99883,1.00
28805,0.01420,0.01126,-0.03802,0.99911,0.01445,0.00744,-0.00011,0.99987,0.02892,0.01814,-0.03818,0.99869,1.00,0.01441,-0.01965,0.00028,0.99970,0.02785,-0.00892,-0.03816,0.99884,1.00
28816,0.01426,0.01104,-0.03788,0.99912,0.01465,0.00761,-0.00011,0.99986,0.02918,0.01809,-0.03804,0.99869,1.00,0.01461,-0.01947,0.00028,0.99970,0.02812,-0.00897,-0.03802,0.99884,1.00
28827,0.01432,0.01081,-0.03776,0.99913,0.01458,0.00783,-0.00011,0.99986,0.02918,0.01809,-0.03792,0.99869,1.00,0.01454,-0.01925,0.00028,0.99971,0.02812,-0.00898,-0.03791,0.99885,1.00
28838,0.01445,0.01058,-0.03767,0.99913,0.01390,0.00903,-0.00013,0.99986,0.02868,0.01909,-0.03780,0.99869,1.00,0.01386,-0.01805,0.00025,0.99974,0.02762,-0.00798,-0.03782,0.99887,1.00
28850,0.01465,0.01040,-0.03762,0.99913,0.01392,0.00818,-0.00011,0.99987,0.02886,0.01805,-0.03775,0.99871,1.00,0.01389,-0.01890,0.00026,0.99972,0.02781,-0.00901,-0.03777,0.99886,1.00
28860,0.01478,0.01028,-0.03755,0.99913,0.01379,0.00829,-0.00011,0.99987,0.02886,0.01805,-0.03768,0.99871,1.00,0.01376,-0.01879,0.00026,0.99973,0.02781,-0.00902,-0.03770,0.99886,1.00
28872,0.01506,0.01017,-0.03741,0.99913,0.01360,0.00811,-0.00011,0.99987,0.02895,0.01777,-0.03753,0.99872,1.00,0.01357,-0.01897,0.00026,0.99973,0.02791,-0.00929,-0.03757,0.99886,1.00
28882,0.01527,0.01016,-0.03737,0.99913,0.01357,0.00787,-0.00011,0.99988,0.02912,0.01752,-0.03749,0.99872,1.00,0.01354,-0.01921,0.00026,0.99972,0.02808,-0.00954,-0.03753,0.99886,1.00
28894,0.01539,0.01021,-0.03740,0.99913,0.01345,0.00782,-0.00011,0.99988,0.02912,0.01752,-0.03752,0.99872,1.00,0.01343,-0.01926,0.00026,0.99972,0.02808,-0.00954,-0.03757,0.99885,1.00
28904,0.01533,0.01032,-0.03748,0.99913,0.01221,0.00795,-0.00010,0.99989,0.02782,0.01781,-0.03758,0.99875,1.00,0.01220,-0.01913,0.00023,0.99974,0.02680,-0.00926,-0.03766,0.99889,1.00
28915,0.01521,0.01038,-0.03755,0.99913,0.01257,0.00782,-0.00010,0.99989,0.02806,0.01772,-0.03765,0.99874,1.00,0.01256,-0.01926,0.00024,0.99974,0.02704,-0.00934,-0.03772,0.99888,1.00
28927,0.01476,0.01059,-0.03776,0.99912,0.01302,0.00764,-0.00010,0.99989,0.02805,0.01773,-0.03788,0.99873,1.00,0.01302,-0.01944,0.00025,0.99973,0.02704,-0.00934,-0.03792,0.99887,1.00
28937,0.01458,0.01083,-0.03804,0.99911,0.01269,0.00710,-0.00009,0.99989,0.02753,0.01743,-0.03816,0.99874,1.00,0.01271,-0.01998,0.00025,0.99972,0.02652,-0.00963,-0.03821,0.99887,1.00
28948,0.01441,0.01102,-0.03828,0.99910,0.01295,0.00703,-0.00009,0.99989,0.02762,0.01755,-0.03841,0.99873,1.00,0.01298,-0.02005,0.00026,0.99971,0.02661,-0.00952,-0.03844,0.99886,1.00
28960,0.01422,0.01124,-0.03827,0.99910,0.01315,0.00682,-0.00009,0.99989,0.02762,0.01755,-0.03841,0.99873,1.00,0.01317,-0.02026,0.00027,0.99971,0.02661,-0.00952,-0.03843,0.99886,1.00
28971,0.01410,0.01142,-0.03815,0.99911,0.01299,0.00675,-0.00009,0.99989,0.02733,0.01767,-0.03828,0.99874,1.00,0.01300,-0.02033,0.00026,0.99971,0.02630,-0.00939,-0.03831,0.99888,1.00
28982,0.01396,0.01164,-0.03801,0.99911,0.01288,0.00189,-0.00002,0.99992,0.02690,0.01303,-0.03815,0.99882,1.00,0.01286,-0.02519,0.00032,0.99960,0.02585,-0.01403,-0.03817,0.99884,1.00
28994,0.01384,0.01181,-0.03799,0.99911,0.01301,0.00172,-0.00002,0.99991,0.02690,0.01303,-0.03814,0.99883,1.00,0.01299,-0.02535,0.00033,0.99959,0.02585,-0.01403,-0.03815,0.99884,1.00
29005,0.01373,0.01198,-0.03800,0.99911,0.01288,0.00182,-0.00002,0.99992,0.02667,0.01331,-0.03815,0.99883,1.00,0.01286,-0.02526,0.00032,0.99960,0.02561,-0.01375,-0.03816,0.99885,1.00
29016,0.01363,0.01207,-0.03804,0.99911,0.01481,0.00261,-0.00004,0.99989,0.02853,0.01411,-0.03822,0.99876,1.00,0.01479,-0.02446,0.00036,0.99959,0.02748,-0.01295,-0.03817,0.99881,1.00
29026,0.01353,0.01214,-0.03812,0.99911,0.01492,0.00255,-0.00004,0.99989,0.02853,0.01412,-0.03830,0.99876,1.00,0.01490,-0.02453,0.00037,0.99959,0.02748,-0.01295,-0.03826,0.99881,1.00
29037,0.01350,0.01216,-0.03810,0.99911,0.01475,0.00277,-0.00004,0.99989,0.02834,0.01437,-0.03828,0.99876,1.00,0.01474,-0.02431,0.00036,0.99960,0.02729,-0.01270,-0.03823,0.99882,1.00
29049,0.01331,0.01209,-0.03806,0.99911,0.01352,0.00284,-0.00004,0.99990,0.02692,0.01442,-0.03822,0.99880,1.00,0.01350,-0.02423,0.00033,0.99962,0.02588,-0.01264,-0.03821,0.99886,1.00
29060,0.01322,0.01214,-0.03803,0.99912,0.01361,0.00280,-0.00004,0.99990,0.02692,0.01442,-0.03819,0.99880,1.00,0.01359,-0.02427,0.00033,0.99961,0.02587,-0.01264,-0.03817,0.99886,1.00
29071,0.01315,0.01213,-0.03803,0.99912,0.01352,0.00291,-0.00004,0.99990,0.02676,0.01453,-0.03819,0.99881,1.00,0.01350,-0.02417,0.00033,0.99962,0.02571,-0.01253,-0.03817,0.99886,1.00
29082,0.01319,0.01215,-0.03803,0.99912,0.01276,0.00247,-0.00003,0.99992,0.02603,0.01413,-0.03818,0.99883,1.00,0.01274,-0.02460,0.00031,0.99962,0.02498,-0.01293,-0.03818,0.99888,1.00
29094,0.01330,0.01217,-0.03801,0.99911,0.01265,0.00245,-0.00003,0.99992,0.02603,0.01413,-0.03816,0.99883,1.00,0.01262,-0.02463,0.00031,0.99962,0.02498,-0.01293,-0.03817,0.99888,1.00
29104,0.01348,0.01220,-0.03794,0.99911,0.01295,0.00244,-0.00003,0.99991,0.02651,0.01415,-0.03809,0.99882,1.00,0.01292,-0.02464,0.00032,0.99961,0.02545,-0.01291,-0.03810,0.99887,1.00
29116,0.01361,0.01225,-0.03780,0.99912,0.01281,-0.00006,0.00000,0.99992,0.02640,0.01171,-0.03795,0.99886,1.00,0.01277,-0.02713,0.00035,0.99955,0.02534,-0.01534,-0.03796,0.99884,1.00
29127,0.01359,0.01231,-0.03769,0.99912,0.01283,-0.00012,0.00000,0.99992,0.02640,0.01171,-0.03784,0.99887,1.00,0.01279,-0.02719,0.00035,0.99955,0.02534,-0.01535,-0.03785,0.99884,1.00
29138,0.01352,0.01240,-0.03766,0.99912,0.01304,-0.00015,0.00000,0.99992,0.02654,0.01175,-0.03782,0.99886,1.00,0.01300,-0.02722,0.00035,0.99954,0.02548,-0.01530,-0.03782,0.99884,1.00
29149,0.01351,0.01250,-0.03771,0.99912,0.01306,0.00026,0.00000,0.99991,0.02657,0.01226,-0.03787,0.99885,1.00,0.01303,-0.02681,0.00035,0.99956,0.02552,-0.01479,-0.03787,0.99885,1.00
29161,0.01350,0.01254,-0.03772,0.99912,0.01308,0.00022,0.00000,0.99991,0.02657,0.01226,-0.03788,0.99885,1.00,0.01305,-0.02685,0.00035,0.99955,0.02552,-0.01479,-0.03788,0.99885,1.00
29171,0.01344,0.01258,-0.03767,0.99912,0.01475,0.00133,-0.00002,0.99989,0.02823,0.01336,-0.03785,0.99880,1.00,0.01472,-0.02574,0.00038,0.99956,0.02718,-0.01370,-0.03780,0.99882,1.00
29182,0.01345,0.01260,-0.03755,0.99912,0.01315,0.00139,-0.00002,0.99991,0.02664,0.01350,-0.03771,0.99884,1.00,0.01312,-0.02568,0.00034,0.99958,0.02559,-0.01356,-0.03771,0.99887,1.00
29193,0.01345,0.01262,-0.03748,0.99913,0.01315,0.00137,-0.00002,0.99991,0.02664,0.01350,-0.03764,0.99885,1.00,0.01312,-0.02570,0.00034,0.99958,0.02559,-0.01356,-0.03763,0.99887,1.00
29205,0.01345,0.01263,-0.03743,0.99913,0.01332,-0.00022,0.00000,0.99991,0.02675,0.01191,-0.03760,0.99886,1.00,0.01329,-0.02729,0.00036,0.99954,0.02570,-0.01514,-0.03759,0.99885,1.00
29216,0.01346,0.01262,-0.03746,0.99913,0.01310,-0.00045,0.00001,0.99991,0.02653,0.01168,-0.03763,0.99887,1.00,0.01307,-0.02752,0.00036,0.99954,0.02549,-0.01538,-0.03762,0.99885,1.00
29227,0.01346,0.01261,-0.03750,0.99913,0.01310,-0.00045,0.00001,0.99991,0.02653,0.01168,-0.03766,0.99887,1.00,0.01307,-0.02752,0.00036,0.99954,0.02549,-0.01538,-0.03766,0.99885,1.00
29238,0.01344,0.01256,-0.03750,0.99913,0.01331,-0.00036,0.00000,0.99991,0.02672,0.01171,-0.03766,0.99886,1.00,0.01328,-0.02743,0.00036,0.99954,0.02568,-0.01535,-0.03765,0.99884,1.00
29249,0.01338,0.01251,-0.03751,0.99913,0.01374,-0.00021,0.00000,0.99991,0.02710,0.01179,-0.03768,0.99885,1.00,0.01372,-0.02728,0.00037,0.99953,0.02606,-0.01527,-0.03765,0.99883,1.00
29261,0.01327,0.01245,-0.03752,0.99913,0.01385,-0.00014,0.00000,0.99990,0.02710,0.01179,-0.03769,0.99885,1.00,0.01382,-0.02721,0.00038,0.99953,0.02606,-0.01527,-0.03766,0.99883,1.00
29271,0.01307,0.01237,-0.03752,0.99913,0.01449,0.00022,0.00000,0.99990,0.02756,0.01205,-0.03770,0.99884,1.00,0.01447,-0.02685,0.00039,0.99953,0.02652,-0.01501,-0.03765,0.99883,1.00
29282,0.01283,0.01227,-0.03756,0.99914,0.01465,0.00086,-0.00001,0.99989,0.02749,0.01258,-0.03773,0.99883,1.00,0.01462,-0.02621,0.00038,0.99955,0.02645,-0.01448,-0.03767,0.99884,1.00
29294,0.01261,0.01218,-0.03753,0.99914,0.01486,0.00095,-0.00001,0.99989,0.02749,0.01258,-0.03771,0.99883,1.00,0.01483,-0.02612,0.00039,0.99955,0.02645,-0.01448,-0.03763,0.99884,1.00
29305,0.01253,0.01214,-0.03753,0.99914,0.01477,0.00091,-0.00001,0.99989,0.02732,0.01250,-0.03771,0.99884,1.00,0.01475,-0.02616,0.00039,0.99955,0.02628,-0.01456,-0.03764,0.99884,1.00
29315,0.01248,0.01206,-0.03757,0.99914,0.01440,0.00230,-0.00003,0.99989,0.02696,0.01381,-0.03775,0.99883,1.00,0.01438,-0.02478,0.00036,0.99959,0.02592,-0.01325,-0.03769,0.99887,1.00
29327,0.01246,0.01200,-0.03754,0.99915,0.01442,0.00235,-0.00003,0.99989,0.02696,0.01381,-0.03771,0.99883,1.00,0.01440,-0.02472,0.00036,0.99959,0.02592,-0.01325,-0.03765,0.99887,1.00
29338,0.01247,0.01192,-0.03750,0.99915,0.01653,0.00289,-0.00005,0.99986,0.02908,0.01419,-0.03771,0.99876,1.00,0.01650,-0.02419,0.00040,0.99957,0.02804,-0.01287,-0.03759,0.99882,1.00
29349,0.01250,0.01188,-0.03747,0.99915,0.01391,0.00283,-0.00004,0.99990,0.02650,0.01418,-0.03764,0.99884,1.00,0.01389,-0.02425,0.00034,0.99961,0.02547,-0.01288,-0.03759,0.99889,1.00
29361,0.01257,0.01184,-0.03741,0.99915,0.01384,0.00286,-0.00004,0.99990,0.02650,0.01418,-0.03758,0.99884,1.00,0.01382,-0.02422,0.00033,0.99961,0.02547,-0.01288,-0.03753,0.99889,1.00
29371,0.01255,0.01181,-0.03740,0.99915,0.01491,0.00160,-0.00002,0.99989,0.02751,0.01284,-0.03757,0.99883,1.00,0.01488,-0.02548,0.00038,0.99956,0.02647,-0.01422,-0.03750,0.99885,1.00
29383,0.01255,0.01178,-0.03736,0.99915,0.01490,0.00154,-0.00002,0.99989,0.02750,0.01276,-0.03753,0.99884,1.00,0.01487,-0.02553,0.00038,0.99956,0.02646,-0.01429,-0.03746,0.99885,1.00
29394,0.01256,0.01176,-0.03736,0.99915,0.01490,0.00157,-0.00002,0.99989,0.02750,0.01277,-0.03754,0.99884,1.00,0.01487,-0.02551,0.00038,0.99956,0.02646,-0.01429,-0.03746,0.99885,1.00
29406,0.01257,0.01173,-0.03734,0.99915,0.01488,0.00228,-0.00003,0.99989,0.02752,0.01345,-0.03751,0.99883,1.00,0.01485,-0.02480,0.00037,0.99958,0.02648,-0.01361,-0.03744,0.99886,1.00
29417,0.01258,0.01168,-0.03739,0.99915,0.01642,0.00227,-0.00004,0.99986,0.02907,0.01334,-0.03759,0.99878,1.00,0.01639,-0.02480,0.00041,0.99956,0.02803,-0.01373,-0.03748,0.99881,1.00
29428,0.01253,0.01162,-0.03738,0.99916,0.01646,0.00234,-0.00004,0.99986,0.02907,0.01334,-0.03757,0.99878,1.00,0.01644,-0.02474,0.00041,0.99956,0.02803,-0.01373,-0.03745,0.99881,1.00
29439,0.01243,0.01155,-0.03738,0.99916,0.01514,0.00195,-0.00003,0.99988,0.02763,0.01293,-0.03756,0.99883,1.00,0.01512,-0.02513,0.00038,0.99957,0.02659,-0.01413,-0.03748,0.99884,1.00
29450,0.01238,0.01150,-0.03738,0.99916,0.01641,0.00194,-0.00003,0.99986,0.02885,0.01282,-0.03757,0.99880,1.00,0.01638,-0.02514,0.00041,0.99955,0.02781,-0.01424,-0.03745,0.99881,1.00
29461,0.01241,0.01142,-0.03745,0.99916,0.01637,0.00201,-0.00003,0.99986,0.02885,0.01282,-0.03764,0.99879,1.00,0.01635,-0.02507,0.00041,0.99955,0.02781,-0.01424,-0.03752,0.99881,1.00
29472,0.01256,0.01143,-0.03756,0.99915,0.01491,0.00151,-0.00002,0.99989,0.02751,0.01238,-0.03773,0.99883,1.00,0.01490,-0.02556,0.00038,0.99956,0.02648,-0.01468,-0.03765,0.99883,1.00
29483,0.01272,0.01137,-0.03761,0.99915,0.01491,0.00257,-0.00004,0.99989,0.02772,0.01337,-0.03778,0.99881,1.00,0.01490,-0.02450,0.00037,0.99959,0.02669,-0.01369,-0.03771,0.99884,1.00
29494,0.01283,0.01131,-0.03751,0.99915,0.01481,0.00262,-0.00004,0.99989,0.02772,0.01337,-0.03768,0.99882,1.00,0.01479,-0.02446,0.00036,0.99959,0.02669,-0.01369,-0.03761,0.99884,1.00
29506,0.01298,0.01124,-0.03731,0.99916,0.01335,0.00261,-0.00003,0.99991,0.02641,0.01335,-0.03746,0.99886,1.00,0.01332,-0.02446,0.00033,0.99961,0.02537,-0.01371,-0.03744,0.99888,1.00
29517,0.01309,0.01125,-0.03732,0.99915,0.01392,0.00262,-0.00004,0.99990,0.02710,0.01334,-0.03747,0.99884,1.00,0.01389,-0.02446,0.00034,0.99960,0.02606,-0.01372,-0.03744,0.99887,1.00
29528,0.01316,0.01120,-0.03731,0.99915,0.01386,0.00266,-0.00004,0.99990,0.02710,0.01334,-0.03747,0.99884,1.00,0.01382,-0.02442,0.00034,0.99961,0.02606,-0.01372,-0.03744,0.99886,1.00
29539,0.01316,0.01118,-0.03732,0.99915,0.01297,0.00356,-0.00005,0.99991,0.02625,0.01425,-0.03747,0.99885,1.00,0.01295,-0.02352,0.00030,0.99964,0.02522,-0.01281,-0.03746,0.99890,1.00
29550,0.01312,0.01117,-0.03733,0.99915,0.01315,0.00256,-0.00003,0.99991,0.02636,0.01323,-0.03748,0.99886,1.00,0.01313,-0.02452,0.00032,0.99961,0.02532,-0.01383,-0.03747,0.99888,1.00
29561,0.01313,0.01119,-0.03742,0.99915,0.01314,0.00253,-0.00003,0.99991,0.02636,0.01323,-0.03757,0.99886,1.00,0.01312,-0.02454,0.00032,0.99961,0.02533,-0.01383,-0.03756,0.99888,1.00
29573,0.01321,0.01127,-0.03760,0.99914,0.01160,0.00225,-0.00003,0.99993,0.02489,0.01308,-0.03773,0.99889,1.00,0.01160,-0.02482,0.00029,0.99962,0.02386,-0.01397,-0.03776,0.99890,1.00
29584,0.01340,0.01139,-0.03779,0.99913,0.01146,0.00162,-0.00002,0.99993,0.02491,0.01258,-0.03791,0.99889,1.00,0.01146,-0.02545,0.00029,0.99961,0.02389,-0.01448,-0.03795,0.99889,1.00
29594,0.01345,0.01142,-0.03774,0.99913,0.01142,0.00159,-0.00002,0.99993,0.02491,0.01258,-0.03786,0.99889,1.00,0.01142,-0.02548,0.00029,0.99961,0.02389,-0.01448,-0.03791,0.99889,1.00
29606,0.01351,0.01151,-0.03769,0.99913,0.01256,0.00189,-0.00002,0.99992,0.02613,0.01292,-0.03783,0.99886,1.00,0.01255,-0.02519,0.00032,0.99960,0.02510,-0.01414,-0.03784,0.99887,1.00
29617,0.01360,0.01158,-0.03765,0.99913,0.01259,0.00089,-0.00001,0.99992,0.02621,0.01199,-0.03779,0.99887,1.00,0.01257,-0.02618,0.00033,0.99958,0.02517,-0.01507,-0.03780,0.99885,1.00
29628,0.01369,0.01163,-0.03765,0.99913,0.01249,0.00084,-0.00001,0.99992,0.02621,0.01199,-0.03779,0.99887,1.00,0.01248,-0.02624,0.00033,0.99958,0.02517,-0.01507,-0.03781,0.99885,1.00
29639,0.01374,0.01169,-0.03777,0.99912,0.01257,0.00099,-0.00001,0.99992,0.02633,0.01221,-0.03791,0.99886,1.00,0.01255,-0.02608,0.00033,0.99958,0.02529,-0.01485,-0.03793,0.99885,1.00
29650,0.01370,0.01173,-0.03783,0.99912,0.01404,0.00106,-0.00001,0.99990,0.02776,0.01225,-0.03799,0.99882,1.00,0.01402,-0.02602,0.00037,0.99956,0.02673,-0.01480,-0.03797,0.99881,1.00
29661,0.01366,0.01171,-0.03777,0.99912,0.01408,0.00107,-0.00002,0.99990,0.02777,0.01225,-0.03794,0.99882,1.00,0.01406,-0.02600,0.00037,0.99956,0.02673,-0.01481,-0.03791,0.99881,1.00
29673,0.01364,0.01165,-0.03767,0.99913,0.01417,0.00229,-0.00003,0.99990,0.02789,0.01341,-0.03783,0.99881,1.00,0.01415,-0.02479,0.00035,0.99959,0.02684,-0.01365,-0.03781,0.99883,1.00
29684,0.01376,0.01161,-0.03757,0.99913,0.01335,0.00253,-0.00003,0.99991,0.02719,0.01363,-0.03772,0.99883,1.00,0.01332,-0.02455,0.00033,0.99961,0.02615,-0.01342,-0.03772,0.99886,1.00
29694,0.01388,0.01159,-0.03740,0.99914,0.01323,0.00254,-0.00003,0.99991,0.02719,0.01363,-0.03755,0.99883,1.00,0.01319,-0.02453,0.00032,0.99961,0.02614,-0.01343,-0.03755,0.99886,1.00
29706,0.01404,0.01149,-0.03725,0.99914,0.01240,0.00262,-0.00003,0.99992,0.02653,0.01365,-0.03738,0.99886,1.00,0.01236,-0.02445,0.00030,0.99962,0.02548,-0.01341,-0.03742,0.99889,1.00
29718,0.01406,0.01144,-0.03705,0.99915,0.01218,0.00223,-0.00003,0.99992,0.02630,0.01322,-0.03718,0.99887,1.00,0.01213,-0.02485,0.00030,0.99962,0.02525,-0.01384,-0.03722,0.99889,1.00
29728,0.01398,0.01130,-0.03688,0.99916,0.01225,0.00236,-0.00003,0.99992,0.02630,0.01321,-0.03701,0.99888,1.00,0.01219,-0.02471,0.00030,0.99962,0.02525,-0.01384,-0.03705,0.99890,1.00
29739,0.01383,0.01120,-0.03665,0.99917,0.01252,0.00232,-0.00003,0.99992,0.02642,0.01306,-0.03678,0.99889,1.00,0.01246,-0.02475,0.00031,0.99962,0.02537,-0.01400,-0.03681,0.99890,1.00
29750,0.01370,0.01113,-0.03651,0.99918,0.01371,0.00234,-0.00003,0.99990,0.02749,0.01297,-0.03666,0.99887,1.00,0.01365,-0.02473,0.00034,0.99960,0.02644,-0.01409,-0.03665,0.99888,1.00
29761,0.01368,0.01105,-0.03643,0.99918,0.01373,0.00242,-0.00003,0.99990,0.02749,0.01296,-0.03658,0.99887,1.00,0.01367,-0.02466,0.00034,0.99960,0.02644,-0.01409,-0.03657,0.99888,1.00
29774,0.01371,0.01101,-0.03647,0.99918,0.01378,0.00228,-0.00003,0.99990,0.02755,0.01279,-0.03662,0.99887,1.00,0.01373,-0.02479,0.00034,0.99960,0.02652,-0.01427,-0.03660,0.99888,1.00
29784,0.01373,0.01099,-0.03648,0.99918,0.01565,0.00054,-0.00001,0.99988,0.02939,0.01096,-0.03665,0.99884,1.00,0.01561,-0.02654,0.00041,0.99953,0.02836,-0.01610,-0.03659,0.99880,1.00
29795,0.01374,0.01098,-0.03647,0.99918,0.01564,0.00055,-0.00001,0.99988,0.02939,0.01096,-0.03664,0.99884,1.00,0.01560,-0.02653,0.00041,0.99953,0.02836,-0.01610,-0.03658,0.99880,1.00
29807,0.01363,0.01105,-0.03649,0.99918,0.01387,0.00039,-0.00001,0.99990,0.02749,0.01094,-0.03664,0.99889,1.00,0.01384,-0.02668,0.00037,0.99955,0.02647,-0.01612,-0.03662,0.99885,1.00
29818,0.01353,0.01116,-0.03644,0.99918,0.01394,0.00250,-0.00003,0.99990,0.02755,0.01315,-0.03659,0.99886,1.00,0.01391,-0.02458,0.00034,0.99960,0.02654,-0.01392,-0.03657,0.99888,1.00
29829,0.01341,0.01133,-0.03645,0.99918,0.01407,0.00233,-0.00003,0.99990,0.02755,0.01315,-0.03661,0.99886,1.00,0.01404,-0.02474,0.00035,0.99960,0.02654,-0.01392,-0.03658,0.99888,1.00
29840,0.01327,0.01157,-0.03653,0.99918,0.01346,0.00211,-0.00003,0.99991,0.02679,0.01319,-0.03668,0.99888,1.00,0.01344,-0.02496,0.00034,0.99960,0.02578,-0.01387,-0.03666,0.99890,1.00
29851,0.01315,0.01184,-0.03655,0.99918,0.01347,0.00197,-0.00003,0.99991,0.02668,0.01331,-0.03671,0.99888,1.00,0.01346,-0.02511,0.00034,0.99959,0.02567,-0.01375,-0.03669,0.99890,1.00
29862,0.01303,0.01203,-0.03655,0.99917,0.01360,0.00178,-0.00002,0.99991,0.02668,0.01331,-0.03671,0.99888,1.00,0.01358,-0.02530,0.00034,0.99959,0.02567,-0.01375,-0.03669,0.99890,1.00
29873,0.01307,0.01222,-0.03650,0.99917,0.01429,0.00129,-0.00002,0.99990,0.02739,0.01298,-0.03667,0.99887,1.00,0.01427,-0.02579,0.00037,0.99957,0.02638,-0.01408,-0.03662,0.99888,1.00
29885,0.01309,0.01243,-0.03641,0.99917,0.01492,0.00091,-0.00001,0.99989,0.02803,0.01279,-0.03659,0.99886,1.00,0.01489,-0.02617,0.00039,0.99955,0.02702,-0.01427,-0.03653,0.99887,1.00
29896,0.01316,0.01260,-0.03631,0.99917,0.01486,0.00073,-0.00001,0.99989,0.02803,0.01279,-0.03649,0.99886,1.00,0.01482,-0.02634,0.00039,0.99954,0.02702,-0.01427,-0.03643,0.99887,1.00
29908,0.01323,0.01278,-0.03624,0.99917,0.01389,0.00083,-0.00001,0.99990,0.02713,0.01310,-0.03642,0.99888,1.00,0.01385,-0.02625,0.00036,0.99956,0.02611,-0.01396,-0.03639,0.99890,1.00
29919,0.01334,0.01287,-0.03613,0.99918,0.01478,0.00026,0.00000,0.99989,0.02812,0.01259,-0.03632,0.99887,1.00,0.01474,-0.02682,0.00040,0.99953,0.02710,-0.01447,-0.03627,0.99887,1.00
29930,0.01344,0.01297,-0.03610,0.99917,0.01473,0.00180,-0.00003,0.99989,0.02822,0.01424,-0.03629,0.99884,1.00,0.01469,-0.02527,0.00037,0.99957,0.02720,-0.01283,-0.03625,0.99889,1.00
29941,0.01351,0.01300,-0.03596,0.99918,0.01466,0.00177,-0.00003,0.99989,0.02822,0.01423,-0.03615,0.99885,1.00,0.01462,-0.02531,0.00037,0.99957,0.02720,-0.01283,-0.03611,0.99890,1.00
29953,0.01350,0.01299,-0.03587,0.99918,0.01476,0.00044,-0.00001,0.99989,0.02826,0.01290,-0.03606,0.99887,1.00,0.01471,-0.02663,0.00039,0.99954,0.02724,-0.01416,-0.03601,0.99888,1.00
29964,0.01353,0.01293,-0.03571,0.99919,0.01323,0.00272,-0.00004,0.99991,0.02684,0.01517,-0.03588,0.99888,1.00,0.01319,-0.02436,0.00032,0.99962,0.02584,-0.01189,-0.03587,0.99895,1.00
29976,0.01356,0.01286,-0.03562,0.99919,0.01320,0.00278,-0.00004,0.99991,0.02685,0.01517,-0.03579,0.99888,1.00,0.01316,-0.02429,0.00032,0.99962,0.02584,-0.01189,-0.03579,0.99895,1.00
29986,0.01358,0.01282,-0.03553,0.99919,0.01284,0.00349,-0.00004,0.99991,0.02653,0.01586,-0.03569,0.99888,1.00,0.01280,-0.02358,0.00030,0.99964,0.02553,-0.01120,-0.03570,0.99897,1.00
29997,0.01370,0.01267,-0.03542,0.99920,0.01318,0.01144,-0.00015,0.99985,0.02727,0.02363,-0.03557,0.99872,1.00,0.01315,-0.01564,0.00021,0.99979,0.02629,-0.00343,-0.03559,0.99902,1.00
30008,0.01382,0.01264,-0.03532,0.99920,0.01306,0.01146,-0.00015,0.99985,0.02727,0.02363,-0.03547,0.99872,1.00,0.01303,-0.01562,0.00020,0.99979,0.02629,-0.00343,-0.03549,0.99902,1.00
